# phase-5J component-map matcher oracle — key	u64 bits	repr
# pypy 3.11.15
ref/cpg/Tt2_d	4643741180423569407	286.12499999999994
ref/cpg/mdot_corr_d	4552154909493240776	0.00021746074657816154
ref/cpg/tau_c_d	4611815746991539685	2.0576110555491476
ref/cpg/Tt4_d	4654311885213007872	1500.0
ref/tpg/Tt2_d	4643745586963694955	286.3754828060834
ref/tpg/mdot_corr_d	4552150866390978027	0.0002173511580717402
ref/tpg/tau_c_d	4611770577926475300	2.037551961135039
ref/tpg/Tt4_d	4654311885213007872	1500.0
ref/eq/Tt2_d	4643745586963694955	286.3754828060834
ref/eq/mdot_corr_d	4552150866390978027	0.0002173511580717402
ref/eq/tau_c_d	4611770577926475300	2.037551961135039
ref/eq/Tt4_d	4654311885213007872	1500.0
map/flat/psi/0	4607182418800017408	1.0
map/flat/psi/1	4607182418800017408	1.0
map/flat/psi/2	4607182418800017408	1.0
map/flat/psi/3	4607182418800017408	1.0
map/flat/psi/4	4607182418800017408	1.0
map/flat/psi/5	4607182418800017408	1.0
map/flat/psi/6	4607182418800017408	1.0
map/flat/psi/7	4607182418800017408	1.0
map/flat/psi/8	4607182418800017408	1.0
map/flat/psi/9	4607182418800017408	1.0
map/flat/eta_c/0/0	4606101554889448489	0.88
map/flat/eta_c/0/1	4606101554889448489	0.88
map/flat/eta_c/0/2	4606101554889448489	0.88
map/flat/eta_c/0/3	4606101554889448489	0.88
map/flat/eta_c/0/4	4606101554889448489	0.88
map/flat/eta_c/0/5	4606101554889448489	0.88
map/flat/eta_c/0/6	4606101554889448489	0.88
map/flat/eta_c/0/7	4606101554889448489	0.88
map/flat/eta_c/1/0	4606101554889448489	0.88
map/flat/eta_c/1/1	4606101554889448489	0.88
map/flat/eta_c/1/2	4606101554889448489	0.88
map/flat/eta_c/1/3	4606101554889448489	0.88
map/flat/eta_c/1/4	4606101554889448489	0.88
map/flat/eta_c/1/5	4606101554889448489	0.88
map/flat/eta_c/1/6	4606101554889448489	0.88
map/flat/eta_c/1/7	4606101554889448489	0.88
map/flat/eta_c/2/0	4606101554889448489	0.88
map/flat/eta_c/2/1	4606101554889448489	0.88
map/flat/eta_c/2/2	4606101554889448489	0.88
map/flat/eta_c/2/3	4606101554889448489	0.88
map/flat/eta_c/2/4	4606101554889448489	0.88
map/flat/eta_c/2/5	4606101554889448489	0.88
map/flat/eta_c/2/6	4606101554889448489	0.88
map/flat/eta_c/2/7	4606101554889448489	0.88
map/flat/eta_c/3/0	4606101554889448489	0.88
map/flat/eta_c/3/1	4606101554889448489	0.88
map/flat/eta_c/3/2	4606101554889448489	0.88
map/flat/eta_c/3/3	4606101554889448489	0.88
map/flat/eta_c/3/4	4606101554889448489	0.88
map/flat/eta_c/3/5	4606101554889448489	0.88
map/flat/eta_c/3/6	4606101554889448489	0.88
map/flat/eta_c/3/7	4606101554889448489	0.88
map/flat/eta_c/4/0	4606101554889448489	0.88
map/flat/eta_c/4/1	4606101554889448489	0.88
map/flat/eta_c/4/2	4606101554889448489	0.88
map/flat/eta_c/4/3	4606101554889448489	0.88
map/flat/eta_c/4/4	4606101554889448489	0.88
map/flat/eta_c/4/5	4606101554889448489	0.88
map/flat/eta_c/4/6	4606101554889448489	0.88
map/flat/eta_c/4/7	4606101554889448489	0.88
map/flat/eta_c/5/0	4606101554889448489	0.88
map/flat/eta_c/5/1	4606101554889448489	0.88
map/flat/eta_c/5/2	4606101554889448489	0.88
map/flat/eta_c/5/3	4606101554889448489	0.88
map/flat/eta_c/5/4	4606101554889448489	0.88
map/flat/eta_c/5/5	4606101554889448489	0.88
map/flat/eta_c/5/6	4606101554889448489	0.88
map/flat/eta_c/5/7	4606101554889448489	0.88
map/flat/eta_c/6/0	4606101554889448489	0.88
map/flat/eta_c/6/1	4606101554889448489	0.88
map/flat/eta_c/6/2	4606101554889448489	0.88
map/flat/eta_c/6/3	4606101554889448489	0.88
map/flat/eta_c/6/4	4606101554889448489	0.88
map/flat/eta_c/6/5	4606101554889448489	0.88
map/flat/eta_c/6/6	4606101554889448489	0.88
map/flat/eta_c/6/7	4606101554889448489	0.88
map/flat/eta_c/7/0	4606101554889448489	0.88
map/flat/eta_c/7/1	4606101554889448489	0.88
map/flat/eta_c/7/2	4606101554889448489	0.88
map/flat/eta_c/7/3	4606101554889448489	0.88
map/flat/eta_c/7/4	4606101554889448489	0.88
map/flat/eta_c/7/5	4606101554889448489	0.88
map/flat/eta_c/7/6	4606101554889448489	0.88
map/flat/eta_c/7/7	4606101554889448489	0.88
map/flat/eta_c/8/0	4606101554889448489	0.88
map/flat/eta_c/8/1	4606101554889448489	0.88
map/flat/eta_c/8/2	4606101554889448489	0.88
map/flat/eta_c/8/3	4606101554889448489	0.88
map/flat/eta_c/8/4	4606101554889448489	0.88
map/flat/eta_c/8/5	4606101554889448489	0.88
map/flat/eta_c/8/6	4606101554889448489	0.88
map/flat/eta_c/8/7	4606101554889448489	0.88
map/flat/eta_c/9/0	4606101554889448489	0.88
map/flat/eta_c/9/1	4606101554889448489	0.88
map/flat/eta_c/9/2	4606101554889448489	0.88
map/flat/eta_c/9/3	4606101554889448489	0.88
map/flat/eta_c/9/4	4606101554889448489	0.88
map/flat/eta_c/9/5	4606101554889448489	0.88
map/flat/eta_c/9/6	4606101554889448489	0.88
map/flat/eta_c/9/7	4606101554889448489	0.88
map/flat/eta_t/0	4606281698874543309	0.9
map/flat/eta_t/1	4606281698874543309	0.9
map/flat/eta_t/2	4606281698874543309	0.9
map/flat/eta_t/3	4606281698874543309	0.9
map/flat/eta_t/4	4606281698874543309	0.9
map/flat/eta_t/5	4606281698874543309	0.9
map/flow/psi/0	4605453036543107137	0.8079999999999999
map/flow/psi/1	4606635231445291893	0.93925
map/flow/psi/2	4607074332408960516	0.988
map/flow/psi/3	4607175663400576352	0.99925
map/flow/psi/4	4607182416097857632	0.9999997
map/flow/psi/5	4607182418800017408	1.0
map/flow/psi/6	4607182416097857632	0.9999997
map/flow/psi/7	4607175663400576352	0.99925
map/flow/psi/8	4606939224420139401	0.973
map/flow/psi/9	4604993669381115348	0.7570000000000001
map/flow/eta_c/0/0	4604439726626948776	0.6955
map/flow/eta_c/0/1	4604588345414652002	0.712
map/flow/eta_c/0/2	4604650269909528346	0.7188749999999999
map/flow/eta_c/0/3	4604660222864704835	0.71998
map/flow/eta_c/0/4	4604660403008689930	0.72
map/flow/eta_c/0/5	4604660222864704835	0.71998
map/flow/eta_c/0/6	4604650269909528346	0.7188749999999999
map/flow/eta_c/0/7	4604498273422104592	0.702
map/flow/eta_c/1/0	4605424889045436072	0.804875
map/flow/eta_c/1/1	4605573507833139298	0.821375
map/flow/eta_c/1/2	4605635432328015642	0.8282499999999999
map/flow/eta_c/1/3	4605645385283192131	0.829355
map/flow/eta_c/1/4	4605645565427177226	0.829375
map/flow/eta_c/1/5	4605645385283192131	0.829355
map/flow/eta_c/1/6	4605635432328015642	0.8282499999999999
map/flow/eta_c/1/7	4605483435840591888	0.811375
map/flow/eta_c/2/0	4605790806515159925	0.8455
map/flow/eta_c/2/1	4605939425302863151	0.862
map/flow/eta_c/2/2	4606001349797739495	0.868875
map/flow/eta_c/2/3	4606011302752915984	0.86998
map/flow/eta_c/2/4	4606011482896901079	0.87
map/flow/eta_c/2/5	4606011302752915984	0.86998
map/flow/eta_c/2/6	4606001349797739495	0.868875
map/flow/eta_c/2/7	4605849353310315741	0.852
map/flow/eta_c/3/0	4605875249008173122	0.854875
map/flow/eta_c/3/1	4606023867795876348	0.871375
map/flow/eta_c/3/2	4606085792290752692	0.87825
map/flow/eta_c/3/3	4606095745245929181	0.879355
map/flow/eta_c/3/4	4606095925389914276	0.879375
map/flow/eta_c/3/5	4606095745245929181	0.879355
map/flow/eta_c/3/6	4606085792290752692	0.87825
map/flow/eta_c/3/7	4605933795803328938	0.861375
map/flow/eta_c/4/0	4605880876255907521	0.85549975
map/flow/eta_c/4/1	4606029495043610747	0.87199975
map/flow/eta_c/4/2	4606091419538487091	0.8788747499999999
map/flow/eta_c/4/3	4606101372493663580	0.87997975
map/flow/eta_c/4/4	4606101552637648675	0.87999975
map/flow/eta_c/4/5	4606101372493663580	0.87997975
map/flow/eta_c/4/6	4606091419538487091	0.8788747499999999
map/flow/eta_c/4/7	4605939423051063337	0.86199975
map/flow/eta_c/5/0	4605880878507707335	0.8555
map/flow/eta_c/5/1	4606029497295410561	0.872
map/flow/eta_c/5/2	4606091421790286905	0.878875
map/flow/eta_c/5/3	4606101374745463394	0.87998
map/flow/eta_c/5/4	4606101554889448489	0.88
map/flow/eta_c/5/5	4606101374745463394	0.87998
map/flow/eta_c/5/6	4606091421790286905	0.878875
map/flow/eta_c/5/7	4605939425302863151	0.862
map/flow/eta_c/6/0	4605880876255907521	0.85549975
map/flow/eta_c/6/1	4606029495043610747	0.87199975
map/flow/eta_c/6/2	4606091419538487091	0.8788747499999999
map/flow/eta_c/6/3	4606101372493663580	0.87997975
map/flow/eta_c/6/4	4606101552637648675	0.87999975
map/flow/eta_c/6/5	4606101372493663580	0.87997975
map/flow/eta_c/6/6	4606091419538487091	0.8788747499999999
map/flow/eta_c/6/7	4605939423051063337	0.86199975
map/flow/eta_c/7/0	4605875249008173122	0.854875
map/flow/eta_c/7/1	4606023867795876348	0.871375
map/flow/eta_c/7/2	4606085792290752692	0.87825
map/flow/eta_c/7/3	4606095745245929181	0.879355
map/flow/eta_c/7/4	4606095925389914276	0.879375
map/flow/eta_c/7/5	4606095745245929181	0.879355
map/flow/eta_c/7/6	4606085792290752692	0.87825
map/flow/eta_c/7/7	4605933795803328938	0.861375
map/flow/eta_c/8/0	4605678216524475663	0.8330000000000001
map/flow/eta_c/8/1	4605826835312178889	0.8495
map/flow/eta_c/8/2	4605888759807055233	0.856375
map/flow/eta_c/8/3	4605898712762231722	0.85748
map/flow/eta_c/8/4	4605898892906216817	0.8575
map/flow/eta_c/8/5	4605898712762231722	0.85748
map/flow/eta_c/8/6	4605888759807055233	0.856375
map/flow/eta_c/8/7	4605736763319631479	0.8395
map/flow/eta_c/9/0	4604056920658622284	0.653
map/flow/eta_c/9/1	4604205539446325510	0.6695
map/flow/eta_c/9/2	4604267463941201854	0.676375
map/flow/eta_c/9/3	4604277416896378343	0.67748
map/flow/eta_c/9/4	4604277597040363438	0.6775
map/flow/eta_c/9/5	4604277416896378343	0.67748
map/flow/eta_c/9/6	4604267463941201854	0.676375
map/flow/eta_c/9/7	4604115467453778100	0.6595
map/flow/eta_t/0	4606216847039909174	0.8928
map/flow/eta_t/1	4606270439875474883	0.89875
map/flow/eta_t/2	4606281248514580572	0.89995
map/flow/eta_t/3	4606281698874543309	0.9
map/flow/eta_t/4	4606281248514580572	0.89995
map/flow/eta_t/5	4606252875836928138	0.8968
map/press/psi/0	4605453036543107137	0.8079999999999999
map/press/psi/1	4606635231445291893	0.93925
map/press/psi/2	4607074332408960516	0.988
map/press/psi/3	4607175663400576352	0.99925
map/press/psi/4	4607182416097857632	0.9999997
map/press/psi/5	4607182418800017408	1.0
map/press/psi/6	4607182416097857632	0.9999997
map/press/psi/7	4607175663400576352	0.99925
map/press/psi/8	4606939224420139401	0.973
map/press/psi/9	4604993669381115348	0.7570000000000001
map/press/eta_c/0/0	4604930618986332160	0.75
map/press/eta_c/0/1	4605525094137145065	0.816
map/press/eta_c/0/2	4605772792116650443	0.8435
map/press/eta_c/0/3	4605812603937356398	0.84792
map/press/eta_c/0/4	4605813324513296777	0.848
map/press/eta_c/0/5	4605812603937356398	0.84792
map/press/eta_c/0/6	4605772792116650443	0.8435
map/press/eta_c/0/7	4605164806166955425	0.7759999999999999
map/press/eta_c/1/0	4605127651470029619	0.771875
map/press/eta_c/1/1	4605722126620842524	0.8378749999999999
map/press/eta_c/1/2	4605969824600347902	0.865375
map/press/eta_c/1/3	4606009636421053857	0.869795
map/press/eta_c/1/4	4606010356996994236	0.869875
map/press/eta_c/1/5	4606009636421053857	0.869795
map/press/eta_c/1/6	4605969824600347902	0.865375
map/press/eta_c/1/7	4605361838650652884	0.7978749999999999
map/press/eta_c/2/0	4605200834963974390	0.78
map/press/eta_c/2/1	4605795310114787295	0.846
map/press/eta_c/2/2	4606043008094292673	0.8735
map/press/eta_c/2/3	4606082819914998628	0.87792
map/press/eta_c/2/4	4606083540490939007	0.878
map/press/eta_c/2/5	4606082819914998628	0.87792
map/press/eta_c/2/6	4606043008094292673	0.8735
map/press/eta_c/2/7	4605435022144597655	0.8059999999999999
map/press/eta_c/3/0	4605217723462577029	0.781875
map/press/eta_c/3/1	4605812198613389934	0.8478749999999999
map/press/eta_c/3/2	4606059896592895312	0.875375
map/press/eta_c/3/3	4606099708413601267	0.879795
map/press/eta_c/3/4	4606100428989541646	0.879875
map/press/eta_c/3/5	4606099708413601267	0.879795
map/press/eta_c/3/6	4606059896592895312	0.875375
map/press/eta_c/3/7	4605451910643200294	0.8078749999999999
map/press/eta_c/4/0	4605218848912123909	0.78199995
map/press/eta_c/4/1	4605813324062936814	0.84799995
map/press/eta_c/4/2	4606061022042442192	0.87549995
map/press/eta_c/4/3	4606100833863148147	0.87991995
map/press/eta_c/4/4	4606101554439088526	0.87999995
map/press/eta_c/4/5	4606100833863148147	0.87991995
map/press/eta_c/4/6	4606061022042442192	0.87549995
map/press/eta_c/4/7	4605453036092747174	0.8079999499999999
map/press/eta_c/5/0	4605218849362483872	0.782
map/press/eta_c/5/1	4605813324513296777	0.848
map/press/eta_c/5/2	4606061022492802155	0.8755000000000001
map/press/eta_c/5/3	4606100834313508110	0.87992
map/press/eta_c/5/4	4606101554889448489	0.88
map/press/eta_c/5/5	4606100834313508110	0.87992
map/press/eta_c/5/6	4606061022492802155	0.8755000000000001
map/press/eta_c/5/7	4605453036543107137	0.8079999999999999
map/press/eta_c/6/0	4605218848912123909	0.78199995
map/press/eta_c/6/1	4605813324062936814	0.84799995
map/press/eta_c/6/2	4606061022042442192	0.87549995
map/press/eta_c/6/3	4606100833863148147	0.87991995
map/press/eta_c/6/4	4606101554439088526	0.87999995
map/press/eta_c/6/5	4606100833863148147	0.87991995
map/press/eta_c/6/6	4606061022042442192	0.87549995
map/press/eta_c/6/7	4605453036092747174	0.8079999499999999
map/press/eta_c/7/0	4605217723462577029	0.781875
map/press/eta_c/7/1	4605812198613389934	0.8478749999999999
map/press/eta_c/7/2	4606059896592895312	0.875375
map/press/eta_c/7/3	4606099708413601267	0.879795
map/press/eta_c/7/4	4606100428989541646	0.879875
map/press/eta_c/7/5	4606099708413601267	0.879795
map/press/eta_c/7/6	4606059896592895312	0.875375
map/press/eta_c/7/7	4605451910643200294	0.8078749999999999
map/press/eta_c/8/0	4605178316965837538	0.7775000000000001
map/press/eta_c/8/1	4605772792116650443	0.8435
map/press/eta_c/8/2	4606020490096155821	0.8710000000000001
map/press/eta_c/8/3	4606060301916861776	0.8754200000000001
map/press/eta_c/8/4	4606061022492802155	0.8755000000000001
map/press/eta_c/8/5	4606060301916861776	0.8754200000000001
map/press/eta_c/8/6	4606020490096155821	0.8710000000000001
map/press/eta_c/8/7	4605412504146460803	0.8035
map/press/eta_c/9/0	4604854057792666862	0.7415
map/press/eta_c/9/1	4605448532943479767	0.8075
map/press/eta_c/9/2	4605696230922985145	0.8350000000000001
map/press/eta_c/9/3	4605736042743691100	0.83942
map/press/eta_c/9/4	4605736763319631479	0.8395
map/press/eta_c/9/5	4605736042743691100	0.83942
map/press/eta_c/9/6	4605696230922985145	0.8350000000000001
map/press/eta_c/9/7	4605088244973290127	0.7675
map/press/eta_t/0	4606216847039909174	0.8928
map/press/eta_t/1	4606270439875474883	0.89875
map/press/eta_t/2	4606281248514580572	0.89995
map/press/eta_t/3	4606281698874543309	0.9
map/press/eta_t/4	4606281248514580572	0.89995
map/press/eta_t/5	4606252875836928138	0.8968
map/tilt/psi/0	4603723654286196866	0.6159999999999999
map/tilt/psi/1	4606088044090566378	0.8785000000000001
map/tilt/psi/2	4606966246017903624	0.976
map/tilt/psi/3	4607168908001135296	0.9984999999999999
map/tilt/psi/4	4607182413395697855	0.9999994
map/tilt/psi/5	4607182418800017408	1.0
map/tilt/psi/6	4607182413395697855	0.9999994
map/tilt/psi/7	4607168908001135296	0.9984999999999999
map/tilt/psi/8	4606696030040261394	0.946
map/tilt/psi/9	4602804919962213287	0.5140000000000001
map/tilt/eta_c/0/0	4604476656143893215	0.6996000000000001
map/tilt/eta_c/0/1	4605006279460071985	0.7584000000000001
map/tilt/eta_c/0/2	4605299013435851066	0.7908999999999999
map/tilt/eta_c/0/3	4605397840426074085	0.801872
map/tilt/eta_c/0/4	4605409801986684381	0.8032
map/tilt/eta_c/0/5	4605420898856166221	0.8044319999999999
map/tilt/eta_c/0/6	4605471951661542093	0.8100999999999999
map/tilt/eta_c/0/7	4605366567430261624	0.7984
map/tilt/eta_c/1/0	4605126075210160040	0.7717
map/tilt/eta_c/1/1	4605580038052598986	0.8221
map/tilt/eta_c/1/2	4605809721633594881	0.8476
map/tilt/eta_c/1/3	4605875762418530641	0.8549319999999999
map/tilt/eta_c/1/4	4605882679947558283	0.8557
map/tilt/eta_c/1/5	4605888732785457469	0.856372
map/tilt/eta_c/1/6	4605906999385546083	0.8583999999999999
map/tilt/eta_c/1/7	4605688124443655877	0.8341
map/tilt/eta_c/2/0	4605427816385193863	0.8052
map/tilt/eta_c/2/1	4605827736032104363	0.8496
map/tilt/eta_c/2/2	4606012383616826553	0.8701
map/tilt/eta_c/2/3	4606055005683699987	0.8748319999999999
map/tilt/eta_c/2/4	4606058320333025732	0.8752
map/tilt/eta_c/2/5	4606060770291223021	0.8754719999999999
map/tilt/eta_c/2/6	4606055618173249309	0.8748999999999999
map/tilt/eta_c/2/7	4605755678438066435	0.8416
map/tilt/eta_c/3/0	4605544009255580022	0.8181
map/tilt/eta_c/3/1	4605911502985173454	0.8589
map/tilt/eta_c/3/2	4606069128972131421	0.8764
map/tilt/eta_c/3/3	4606097699808167460	0.879572
map/tilt/eta_c/3/4	4606098852729672067	0.8797
map/tilt/eta_c/3/5	4606099140960048218	0.879732
map/tilt/eta_c/3/6	4606079937611237111	0.8776
map/tilt/eta_c/3/7	4605731359000078634	0.8389
map/tilt/eta_c/4/0	4605571426089247543	0.82114388
map/tilt/eta_c/4/1	4605928327352517399	0.8607678799999999
map/tilt/eta_c/4/2	4606077126284205720	0.8772878799999999
map/tilt/eta_c/4/3	4606101107051501542	0.8799502799999999
map/tilt/eta_c/4/4	4606101553808584578	0.87999988
map/tilt/eta_c/4/5	4606101135874539158	0.87995348
map/tilt/eta_c/4/6	4606077342456987834	0.8773118799999999
map/tilt/eta_c/4/7	4605712875146343995	0.83684788
map/tilt/eta_c/5/0	4605571931573269719	0.8212
map/tilt/eta_c/5/1	4605928616663757462	0.8608
map/tilt/eta_c/5/2	4606077235451460688	0.8773
map/tilt/eta_c/5/3	4606101122543884261	0.879952
map/tilt/eta_c/5/4	4606101554889448489	0.88
map/tilt/eta_c/5/5	4606101122543884261	0.879952
map/tilt/eta_c/5/6	4606077235451460688	0.8773
map/tilt/eta_c/5/7	4605712443881643678	0.8368
map/tilt/eta_c/6/0	4605572434895564073	0.8212558799999999
map/tilt/eta_c/6/1	4605928903813269703	0.86083188
map/tilt/eta_c/6/2	4606077342456987834	0.8773118799999999
map/tilt/eta_c/6/3	4606101135874539158	0.87995348
map/tilt/eta_c/6/4	4606101553808584578	0.87999988
map/tilt/eta_c/6/5	4606101107051501542	0.8799502799999999
map/tilt/eta_c/6/6	4606077126284205720	0.8772878799999999
map/tilt/eta_c/6/7	4605712010455215539	0.8367518799999999
map/tilt/eta_c/7/0	4605594449571406572	0.8237000000000001
map/tilt/eta_c/7/1	4605940326022788626	0.8621000000000001
map/tilt/eta_c/7/2	4606079937611237111	0.8776
map/tilt/eta_c/7/3	4606099140960048218	0.879732
map/tilt/eta_c/7/4	4606098852729672067	0.8797
map/tilt/eta_c/7/5	4606097699808167460	0.879572
map/tilt/eta_c/7/6	4606069128972131421	0.8764
map/tilt/eta_c/7/7	4605688124443655878	0.8341000000000001
map/tilt/eta_c/8/0	4605625974768798165	0.8272
map/tilt/eta_c/8/1	4605917808024651773	0.8596
map/tilt/eta_c/8/2	4606012383616826553	0.8701
map/tilt/eta_c/8/3	4606008168247575334	0.869632
map/tilt/eta_c/8/4	4606004277137497286	0.8692
map/tilt/eta_c/8/5	4605999521336290782	0.8686719999999999
map/tilt/eta_c/8/6	4605947531782192417	0.8628999999999999
map/tilt/eta_c/8/7	4605485462460424205	0.8116
map/tilt/eta_c/9/0	4605150394648147841	0.7744000000000001
map/tilt/eta_c/9/1	4605312524234733179	0.7924000000000001
map/tilt/eta_c/9/2	4605299013435851067	0.7909
map/tilt/eta_c/9/3	4605238593143250264	0.784192
map/tilt/eta_c/9/4	4605226055121887665	0.7828
map/tilt/eta_c/9/5	4605212652409396610	0.781312
map/tilt/eta_c/9/6	4605104457931948661	0.7693
map/tilt/eta_c/9/7	4604447833106278043	0.6964
map/tilt/eta_t/0	4606216847039909174	0.8928
map/tilt/eta_t/1	4606270439875474883	0.89875
map/tilt/eta_t/2	4606281248514580572	0.89995
map/tilt/eta_t/3	4606281698874543309	0.9
map/tilt/eta_t/4	4606281248514580572	0.89995
map/tilt/eta_t/5	4606252875836928138	0.8968
map/gate5/psi/0	4605453036543107137	0.8079999999999999
map/gate5/psi/1	4606635231445291893	0.93925
map/gate5/psi/2	4607074332408960516	0.988
map/gate5/psi/3	4607175663400576352	0.99925
map/gate5/psi/4	4607182416097857632	0.9999997
map/gate5/psi/5	4607182418800017408	1.0
map/gate5/psi/6	4607182416097857632	0.9999997
map/gate5/psi/7	4607175663400576352	0.99925
map/gate5/psi/8	4606939224420139401	0.973
map/gate5/psi/9	4604993669381115348	0.7570000000000001
map/gate5/eta_c/0/0	4604439726626948776	0.6955
map/gate5/eta_c/0/1	4604588345414652002	0.712
map/gate5/eta_c/0/2	4604650269909528346	0.7188749999999999
map/gate5/eta_c/0/3	4604660222864704835	0.71998
map/gate5/eta_c/0/4	4604660403008689930	0.72
map/gate5/eta_c/0/5	4604660222864704835	0.71998
map/gate5/eta_c/0/6	4604650269909528346	0.7188749999999999
map/gate5/eta_c/0/7	4604498273422104592	0.702
map/gate5/eta_c/1/0	4605424889045436072	0.804875
map/gate5/eta_c/1/1	4605573507833139298	0.821375
map/gate5/eta_c/1/2	4605635432328015642	0.8282499999999999
map/gate5/eta_c/1/3	4605645385283192131	0.829355
map/gate5/eta_c/1/4	4605645565427177226	0.829375
map/gate5/eta_c/1/5	4605645385283192131	0.829355
map/gate5/eta_c/1/6	4605635432328015642	0.8282499999999999
map/gate5/eta_c/1/7	4605483435840591888	0.811375
map/gate5/eta_c/2/0	4605790806515159925	0.8455
map/gate5/eta_c/2/1	4605939425302863151	0.862
map/gate5/eta_c/2/2	4606001349797739495	0.868875
map/gate5/eta_c/2/3	4606011302752915984	0.86998
map/gate5/eta_c/2/4	4606011482896901079	0.87
map/gate5/eta_c/2/5	4606011302752915984	0.86998
map/gate5/eta_c/2/6	4606001349797739495	0.868875
map/gate5/eta_c/2/7	4605849353310315741	0.852
map/gate5/eta_c/3/0	4605875249008173122	0.854875
map/gate5/eta_c/3/1	4606023867795876348	0.871375
map/gate5/eta_c/3/2	4606085792290752692	0.87825
map/gate5/eta_c/3/3	4606095745245929181	0.879355
map/gate5/eta_c/3/4	4606095925389914276	0.879375
map/gate5/eta_c/3/5	4606095745245929181	0.879355
map/gate5/eta_c/3/6	4606085792290752692	0.87825
map/gate5/eta_c/3/7	4605933795803328938	0.861375
map/gate5/eta_c/4/0	4605880876255907521	0.85549975
map/gate5/eta_c/4/1	4606029495043610747	0.87199975
map/gate5/eta_c/4/2	4606091419538487091	0.8788747499999999
map/gate5/eta_c/4/3	4606101372493663580	0.87997975
map/gate5/eta_c/4/4	4606101552637648675	0.87999975
map/gate5/eta_c/4/5	4606101372493663580	0.87997975
map/gate5/eta_c/4/6	4606091419538487091	0.8788747499999999
map/gate5/eta_c/4/7	4605939423051063337	0.86199975
map/gate5/eta_c/5/0	4605880878507707335	0.8555
map/gate5/eta_c/5/1	4606029497295410561	0.872
map/gate5/eta_c/5/2	4606091421790286905	0.878875
map/gate5/eta_c/5/3	4606101374745463394	0.87998
map/gate5/eta_c/5/4	4606101554889448489	0.88
map/gate5/eta_c/5/5	4606101374745463394	0.87998
map/gate5/eta_c/5/6	4606091421790286905	0.878875
map/gate5/eta_c/5/7	4605939425302863151	0.862
map/gate5/eta_c/6/0	4605880876255907521	0.85549975
map/gate5/eta_c/6/1	4606029495043610747	0.87199975
map/gate5/eta_c/6/2	4606091419538487091	0.8788747499999999
map/gate5/eta_c/6/3	4606101372493663580	0.87997975
map/gate5/eta_c/6/4	4606101552637648675	0.87999975
map/gate5/eta_c/6/5	4606101372493663580	0.87997975
map/gate5/eta_c/6/6	4606091419538487091	0.8788747499999999
map/gate5/eta_c/6/7	4605939423051063337	0.86199975
map/gate5/eta_c/7/0	4605875249008173122	0.854875
map/gate5/eta_c/7/1	4606023867795876348	0.871375
map/gate5/eta_c/7/2	4606085792290752692	0.87825
map/gate5/eta_c/7/3	4606095745245929181	0.879355
map/gate5/eta_c/7/4	4606095925389914276	0.879375
map/gate5/eta_c/7/5	4606095745245929181	0.879355
map/gate5/eta_c/7/6	4606085792290752692	0.87825
map/gate5/eta_c/7/7	4605933795803328938	0.861375
map/gate5/eta_c/8/0	4605678216524475663	0.8330000000000001
map/gate5/eta_c/8/1	4605826835312178889	0.8495
map/gate5/eta_c/8/2	4605888759807055233	0.856375
map/gate5/eta_c/8/3	4605898712762231722	0.85748
map/gate5/eta_c/8/4	4605898892906216817	0.8575
map/gate5/eta_c/8/5	4605898712762231722	0.85748
map/gate5/eta_c/8/6	4605888759807055233	0.856375
map/gate5/eta_c/8/7	4605736763319631479	0.8395
map/gate5/eta_c/9/0	4604056920658622284	0.653
map/gate5/eta_c/9/1	4604205539446325510	0.6695
map/gate5/eta_c/9/2	4604267463941201854	0.676375
map/gate5/eta_c/9/3	4604277416896378343	0.67748
map/gate5/eta_c/9/4	4604277597040363438	0.6775
map/gate5/eta_c/9/5	4604277416896378343	0.67748
map/gate5/eta_c/9/6	4604267463941201854	0.676375
map/gate5/eta_c/9/7	4604115467453778100	0.6595
map/gate5/eta_t/0	4604660403008689930	0.72
map/gate5/eta_t/1	4606000223897832653	0.86875
map/gate5/eta_t/2	4606270439875474883	0.89875
map/gate5/eta_t/3	4606281698874543309	0.9
map/gate5/eta_t/4	4606270439875474883	0.89875
map/gate5/eta_t/5	4605561122934164030	0.8200000000000001
map/sig1/psi/0	4600156803381319432	0.3599999999999999
map/sig1/psi/1	4605358460950932358	0.7975000000000001
map/sig1/psi/2	4606822130829827768	0.96
map/sig1/psi/3	4607159900801880555	0.9974999999999999
map/sig1/psi/4	4607182409792818153	0.999999
map/sig1/psi/5	4607182418800017408	1.0
map/sig1/psi/6	4607182409792818153	0.999999
map/sig1/psi/7	4607159900801880555	0.9974999999999999
map/sig1/psi/8	4606371770867090718	0.9099999999999999
map/sig1/psi/9	4596013491724138584	0.19000000000000017
map/sig1/eta_c/0/0	4606101554889448489	0.88
map/sig1/eta_c/0/1	4606101554889448489	0.88
map/sig1/eta_c/0/2	4606101554889448489	0.88
map/sig1/eta_c/0/3	4606101554889448489	0.88
map/sig1/eta_c/0/4	4606101554889448489	0.88
map/sig1/eta_c/0/5	4606101554889448489	0.88
map/sig1/eta_c/0/6	4606101554889448489	0.88
map/sig1/eta_c/0/7	4606101554889448489	0.88
map/sig1/eta_c/1/0	4606101554889448489	0.88
map/sig1/eta_c/1/1	4606101554889448489	0.88
map/sig1/eta_c/1/2	4606101554889448489	0.88
map/sig1/eta_c/1/3	4606101554889448489	0.88
map/sig1/eta_c/1/4	4606101554889448489	0.88
map/sig1/eta_c/1/5	4606101554889448489	0.88
map/sig1/eta_c/1/6	4606101554889448489	0.88
map/sig1/eta_c/1/7	4606101554889448489	0.88
map/sig1/eta_c/2/0	4606101554889448489	0.88
map/sig1/eta_c/2/1	4606101554889448489	0.88
map/sig1/eta_c/2/2	4606101554889448489	0.88
map/sig1/eta_c/2/3	4606101554889448489	0.88
map/sig1/eta_c/2/4	4606101554889448489	0.88
map/sig1/eta_c/2/5	4606101554889448489	0.88
map/sig1/eta_c/2/6	4606101554889448489	0.88
map/sig1/eta_c/2/7	4606101554889448489	0.88
map/sig1/eta_c/3/0	4606101554889448489	0.88
map/sig1/eta_c/3/1	4606101554889448489	0.88
map/sig1/eta_c/3/2	4606101554889448489	0.88
map/sig1/eta_c/3/3	4606101554889448489	0.88
map/sig1/eta_c/3/4	4606101554889448489	0.88
map/sig1/eta_c/3/5	4606101554889448489	0.88
map/sig1/eta_c/3/6	4606101554889448489	0.88
map/sig1/eta_c/3/7	4606101554889448489	0.88
map/sig1/eta_c/4/0	4606101554889448489	0.88
map/sig1/eta_c/4/1	4606101554889448489	0.88
map/sig1/eta_c/4/2	4606101554889448489	0.88
map/sig1/eta_c/4/3	4606101554889448489	0.88
map/sig1/eta_c/4/4	4606101554889448489	0.88
map/sig1/eta_c/4/5	4606101554889448489	0.88
map/sig1/eta_c/4/6	4606101554889448489	0.88
map/sig1/eta_c/4/7	4606101554889448489	0.88
map/sig1/eta_c/5/0	4606101554889448489	0.88
map/sig1/eta_c/5/1	4606101554889448489	0.88
map/sig1/eta_c/5/2	4606101554889448489	0.88
map/sig1/eta_c/5/3	4606101554889448489	0.88
map/sig1/eta_c/5/4	4606101554889448489	0.88
map/sig1/eta_c/5/5	4606101554889448489	0.88
map/sig1/eta_c/5/6	4606101554889448489	0.88
map/sig1/eta_c/5/7	4606101554889448489	0.88
map/sig1/eta_c/6/0	4606101554889448489	0.88
map/sig1/eta_c/6/1	4606101554889448489	0.88
map/sig1/eta_c/6/2	4606101554889448489	0.88
map/sig1/eta_c/6/3	4606101554889448489	0.88
map/sig1/eta_c/6/4	4606101554889448489	0.88
map/sig1/eta_c/6/5	4606101554889448489	0.88
map/sig1/eta_c/6/6	4606101554889448489	0.88
map/sig1/eta_c/6/7	4606101554889448489	0.88
map/sig1/eta_c/7/0	4606101554889448489	0.88
map/sig1/eta_c/7/1	4606101554889448489	0.88
map/sig1/eta_c/7/2	4606101554889448489	0.88
map/sig1/eta_c/7/3	4606101554889448489	0.88
map/sig1/eta_c/7/4	4606101554889448489	0.88
map/sig1/eta_c/7/5	4606101554889448489	0.88
map/sig1/eta_c/7/6	4606101554889448489	0.88
map/sig1/eta_c/7/7	4606101554889448489	0.88
map/sig1/eta_c/8/0	4606101554889448489	0.88
map/sig1/eta_c/8/1	4606101554889448489	0.88
map/sig1/eta_c/8/2	4606101554889448489	0.88
map/sig1/eta_c/8/3	4606101554889448489	0.88
map/sig1/eta_c/8/4	4606101554889448489	0.88
map/sig1/eta_c/8/5	4606101554889448489	0.88
map/sig1/eta_c/8/6	4606101554889448489	0.88
map/sig1/eta_c/8/7	4606101554889448489	0.88
map/sig1/eta_c/9/0	4606101554889448489	0.88
map/sig1/eta_c/9/1	4606101554889448489	0.88
map/sig1/eta_c/9/2	4606101554889448489	0.88
map/sig1/eta_c/9/3	4606101554889448489	0.88
map/sig1/eta_c/9/4	4606101554889448489	0.88
map/sig1/eta_c/9/5	4606101554889448489	0.88
map/sig1/eta_c/9/6	4606101554889448489	0.88
map/sig1/eta_c/9/7	4606101554889448489	0.88
map/sig1/eta_t/0	4606281698874543309	0.9
map/sig1/eta_t/1	4606281698874543309	0.9
map/sig1/eta_t/2	4606281698874543309	0.9
map/sig1/eta_t/3	4606281698874543309	0.9
map/sig1/eta_t/4	4606281698874543309	0.9
map/sig1/eta_t/5	4606281698874543309	0.9
solven/flat/0/0/ok	4607182418800017408	1.0
solven/flat/0/0	4603030705141229890	0.5390671904363347
solven/flat/0/1/ok	4607182418800017408	1.0
solven/flat/0/1	4604532542482197728	0.7058046299547662
solven/flat/0/2/ok	4607182418800017408	1.0
solven/flat/0/2	4605961318208050954	0.8644306007415434
solven/flat/0/3/ok	4607182418800017408	1.0
solven/flat/0/3	4607165831863056144	0.9981584800677599
solven/flat/0/4/ok	4607182418800017408	1.0
solven/flat/0/4	4607787802687523523	1.134422226129275
solven/flat/1/0/ok	4607182418800017408	1.0
solven/flat/1/0	4603030705141229890	0.5390671904363347
solven/flat/1/1/ok	4607182418800017408	1.0
solven/flat/1/1	4604532542482197728	0.7058046299547662
solven/flat/1/2/ok	4607182418800017408	1.0
solven/flat/1/2	4605961318208050954	0.8644306007415434
solven/flat/1/3/ok	4607182418800017408	1.0
solven/flat/1/3	4607165831863056144	0.9981584800677599
solven/flat/1/4/ok	4607182418800017408	1.0
solven/flat/1/4	4607787802687523523	1.134422226129275
solven/flat/2/0/ok	4607182418800017408	1.0
solven/flat/2/0	4603030705141229890	0.5390671904363347
solven/flat/2/1/ok	4607182418800017408	1.0
solven/flat/2/1	4604532542482197728	0.7058046299547662
solven/flat/2/2/ok	4607182418800017408	1.0
solven/flat/2/2	4605961318208050954	0.8644306007415434
solven/flat/2/3/ok	4607182418800017408	1.0
solven/flat/2/3	4607165831863056144	0.9981584800677599
solven/flat/2/4/ok	4607182418800017408	1.0
solven/flat/2/4	4607787802687523523	1.134422226129275
solven/flat/3/0/ok	4607182418800017408	1.0
solven/flat/3/0	4603030705141229890	0.5390671904363347
solven/flat/3/1/ok	4607182418800017408	1.0
solven/flat/3/1	4604532542482197728	0.7058046299547662
solven/flat/3/2/ok	4607182418800017408	1.0
solven/flat/3/2	4605961318208050954	0.8644306007415434
solven/flat/3/3/ok	4607182418800017408	1.0
solven/flat/3/3	4607165831863056144	0.9981584800677599
solven/flat/3/4/ok	4607182418800017408	1.0
solven/flat/3/4	4607787802687523523	1.134422226129275
solven/flat/4/0/ok	4607182418800017408	1.0
solven/flat/4/0	4603030705141229890	0.5390671904363347
solven/flat/4/1/ok	4607182418800017408	1.0
solven/flat/4/1	4604532542482197728	0.7058046299547662
solven/flat/4/2/ok	4607182418800017408	1.0
solven/flat/4/2	4605961318208050954	0.8644306007415434
solven/flat/4/3/ok	4607182418800017408	1.0
solven/flat/4/3	4607165831863056144	0.9981584800677599
solven/flat/4/4/ok	4607182418800017408	1.0
solven/flat/4/4	4607787802687523523	1.134422226129275
solven/flat/5/0/ok	4607182418800017408	1.0
solven/flat/5/0	4603030705141229890	0.5390671904363347
solven/flat/5/1/ok	4607182418800017408	1.0
solven/flat/5/1	4604532542482197728	0.7058046299547662
solven/flat/5/2/ok	4607182418800017408	1.0
solven/flat/5/2	4605961318208050954	0.8644306007415434
solven/flat/5/3/ok	4607182418800017408	1.0
solven/flat/5/3	4607165831863056144	0.9981584800677599
solven/flat/5/4/ok	4607182418800017408	1.0
solven/flat/5/4	4607787802687523523	1.134422226129275
solven/flow/0/0/ok	4607182418800017408	1.0
solven/flow/0/0	4603031002895543686	0.5391002478058204
solven/flow/0/1/ok	4607182418800017408	1.0
solven/flow/0/1	4604582161252026300	0.7113134200264919
solven/flow/0/2/ok	4607182418800017408	1.0
solven/flow/0/2	4606133279488924910	0.8835221380785734
solven/flow/0/3/ok	4607182418800017408	1.0
solven/flow/0/3	4607329054593164448	1.032559686757203
solven/flow/0/4/ok	4607182418800017408	1.0
solven/flow/0/4	4608023858141951230	1.1868370662480738
solven/flow/1/0/ok	4607182418800017408	1.0
solven/flow/1/0	4603129868936968686	0.5500765833601784
solven/flow/1/1/ok	4607182418800017408	1.0
solven/flow/1/1	4604536211766681786	0.7062120023665763
solven/flow/1/2/ok	4607182418800017408	1.0
solven/flow/1/2	4605982609479550582	0.8667944067257867
solven/flow/1/3/ok	4607182418800017408	1.0
solven/flow/1/3	4607218993345261843	1.0081211804491133
solven/flow/1/4/ok	4607182418800017408	1.0
solven/flow/1/4	4607885042585366866	1.1560138208288504
solven/flow/2/0/ok	4607182418800017408	1.0
solven/flow/2/0	4603298298976448442	0.5687760741470733
solven/flow/2/1/ok	4607182418800017408	1.0
solven/flow/2/1	4604599003048565948	0.7131832350559288
solven/flow/2/2/ok	4607182418800017408	1.0
solven/flow/2/2	4605963271369021610	0.8646474451695856
solven/flow/2/3/ok	4607182418800017408	1.0
solven/flow/2/3	4607179262869593288	0.9996496213379027
solven/flow/2/4/ok	4607182418800017408	1.0
solven/flow/2/4	4607822601594864733	1.1421491357616766
solven/flow/3/0/ok	4607182418800017408	1.0
solven/flow/3/0	4603444659211422372	0.5850253244228338
solven/flow/3/1/ok	4607182418800017408	1.0
solven/flow/3/1	4604678760599213254	0.7220381019675635
solven/flow/3/2/ok	4607182418800017408	1.0
solven/flow/3/2	4605988721106149296	0.867472933582567
solven/flow/3/3/ok	4607182418800017408	1.0
solven/flow/3/3	4607165836450745374	0.9981589894035812
solven/flow/3/4/ok	4607182418800017408	1.0
solven/flow/3/4	4607798950616213127	1.1368975635508904
solven/flow/4/0/ok	4607182418800017408	1.0
solven/flow/4/0	4603613068312975572	0.6037224906329137
solven/flow/4/1/ok	4607182418800017408	1.0
solven/flow/4/1	4604784320500001860	0.7337576052008292
solven/flow/4/2/ok	4607182418800017408	1.0
solven/flow/4/2	4606041231727034308	0.8733027836169573
solven/flow/4/3/ok	4607182418800017408	1.0
solven/flow/4/3	4607179446752711400	0.9996700364650595
solven/flow/4/4/ok	4607182418800017408	1.0
solven/flow/4/4	4607788514727421986	1.13458033074722
solven/flow/5/0/ok	4607182418800017408	1.0
solven/flow/5/0	4603899383995132014	0.6355099168970477
solven/flow/5/1/ok	4607182418800017408	1.0
solven/flow/5/1	4604983840206871720	0.7559087424441673
solven/flow/5/2/ok	4607182418800017408	1.0
solven/flow/5/2	4606164614163443984	0.8870009857905945
solven/flow/5/3/ok	4607182418800017408	1.0
solven/flow/5/3	4607213914911682912	1.0069935416714415
solven/flow/5/4/ok	4607182418800017408	1.0
solven/flow/5/4	4607795517528979046	1.1361352650523258
solven/press/0/0/ok	4607182418800017408	1.0
solven/press/0/0	4603031002895543686	0.5391002478058204
solven/press/0/1/ok	4607182418800017408	1.0
solven/press/0/1	4604582161252026300	0.7113134200264919
solven/press/0/2/ok	4607182418800017408	1.0
solven/press/0/2	4606133279488924910	0.8835221380785734
solven/press/0/3/ok	4607182418800017408	1.0
solven/press/0/3	4607329054593164448	1.032559686757203
solven/press/0/4/ok	4607182418800017408	1.0
solven/press/0/4	4608023858141951230	1.1868370662480738
solven/press/1/0/ok	4607182418800017408	1.0
solven/press/1/0	4603129868936968686	0.5500765833601784
solven/press/1/1/ok	4607182418800017408	1.0
solven/press/1/1	4604536211766681786	0.7062120023665763
solven/press/1/2/ok	4607182418800017408	1.0
solven/press/1/2	4605982609479550582	0.8667944067257867
solven/press/1/3/ok	4607182418800017408	1.0
solven/press/1/3	4607218993345261843	1.0081211804491133
solven/press/1/4/ok	4607182418800017408	1.0
solven/press/1/4	4607885042585366866	1.1560138208288504
solven/press/2/0/ok	4607182418800017408	1.0
solven/press/2/0	4603298298976448442	0.5687760741470733
solven/press/2/1/ok	4607182418800017408	1.0
solven/press/2/1	4604599003048565948	0.7131832350559288
solven/press/2/2/ok	4607182418800017408	1.0
solven/press/2/2	4605963271369021610	0.8646474451695856
solven/press/2/3/ok	4607182418800017408	1.0
solven/press/2/3	4607179262869593288	0.9996496213379027
solven/press/2/4/ok	4607182418800017408	1.0
solven/press/2/4	4607822601594864733	1.1421491357616766
solven/press/3/0/ok	4607182418800017408	1.0
solven/press/3/0	4603444659211422372	0.5850253244228338
solven/press/3/1/ok	4607182418800017408	1.0
solven/press/3/1	4604678760599213254	0.7220381019675635
solven/press/3/2/ok	4607182418800017408	1.0
solven/press/3/2	4605988721106149296	0.867472933582567
solven/press/3/3/ok	4607182418800017408	1.0
solven/press/3/3	4607165836450745374	0.9981589894035812
solven/press/3/4/ok	4607182418800017408	1.0
solven/press/3/4	4607798950616213127	1.1368975635508904
solven/press/4/0/ok	4607182418800017408	1.0
solven/press/4/0	4603613068312975572	0.6037224906329137
solven/press/4/1/ok	4607182418800017408	1.0
solven/press/4/1	4604784320500001860	0.7337576052008292
solven/press/4/2/ok	4607182418800017408	1.0
solven/press/4/2	4606041231727034308	0.8733027836169573
solven/press/4/3/ok	4607182418800017408	1.0
solven/press/4/3	4607179446752711400	0.9996700364650595
solven/press/4/4/ok	4607182418800017408	1.0
solven/press/4/4	4607788514727421986	1.13458033074722
solven/press/5/0/ok	4607182418800017408	1.0
solven/press/5/0	4603899383995132014	0.6355099168970477
solven/press/5/1/ok	4607182418800017408	1.0
solven/press/5/1	4604983840206871720	0.7559087424441673
solven/press/5/2/ok	4607182418800017408	1.0
solven/press/5/2	4606164614163443984	0.8870009857905945
solven/press/5/3/ok	4607182418800017408	1.0
solven/press/5/3	4607213914911682912	1.0069935416714415
solven/press/5/4/ok	4607182418800017408	1.0
solven/press/5/4	4607795517528979046	1.1361352650523258
solven/tilt/0/0/ok	4607182418800017408	1.0
solven/tilt/0/0	4603031297068537152	0.5391329075688773
solven/tilt/0/1/ok	4607182418800017408	1.0
solven/tilt/0/1	4604639254823184286	0.717652079752259
solven/tilt/0/2/ok	4607182418800017408	1.0
solven/tilt/0/2	4606351642670889196	0.9077653213132897
solven/tilt/0/3/ok	4607182418800017408	1.0
solven/tilt/0/3	4607538155719831976	1.0789894638174733
solven/tilt/0/4/ok	4607182418800017408	1.0
solven/tilt/0/4	4608358142707292967	1.2610631504919156
solven/tilt/1/0/ok	4607182418800017408	1.0
solven/tilt/1/0	4603210250853928410	0.5590007688573977
solven/tilt/1/1/ok	4607182418800017408	1.0
solven/tilt/1/1	4604539748041679768	0.7066046077589929
solven/tilt/1/2/ok	4607182418800017408	1.0
solven/tilt/1/2	4606005726981393570	0.8693609650075766
solven/tilt/1/3/ok	4607182418800017408	1.0
solven/tilt/1/3	4607271599351889472	1.0198020604074287
solven/tilt/1/4/ok	4607182418800017408	1.0
solven/tilt/1/4	4608006377978143232	1.182955690181302
solven/tilt/2/0/ok	4607182418800017408	1.0
solven/tilt/2/0	4603490357564114336	0.5900988607574398
solven/tilt/2/1/ok	4607182418800017408	1.0
solven/tilt/2/1	4604656052152526006	0.7195169579309979
solven/tilt/2/2/ok	4607182418800017408	1.0
solven/tilt/2/2	4605965177432230960	0.8648590606957267
solven/tilt/2/3/ok	4607182418800017408	1.0
solven/tilt/2/3	4607187975816324477	1.001233905490465
solven/tilt/2/4/ok	4607182418800017408	1.0
solven/tilt/2/4	4607862267385215060	1.1509567105090541
solven/tilt/3/0/ok	4607182418800017408	1.0
solven/tilt/3/0	4603721584538885152	0.6157702118879378
solven/tilt/3/1/ok	4607182418800017408	1.0
solven/tilt/3/1	4604795864510180472	0.7350392477905094
solven/tilt/3/2/ok	4607182418800017408	1.0
solven/tilt/3/2	4606013764330381558	0.8702532899979178
solven/tilt/3/3/ok	4607182418800017408	1.0
solven/tilt/3/3	4607165841033361698	0.9981594981761968
solven/tilt/3/4/ok	4607182418800017408	1.0
solven/tilt/3/4	4607810947540260890	1.1395614158113916
solven/tilt/4/0/ok	4607182418800017408	1.0
solven/tilt/4/0	4603978893882421228	0.6443372876524314
solven/tilt/4/1/ok	4607182418800017408	1.0
solven/tilt/4/1	4604973549029193694	0.754766192203302
solven/tilt/4/2/ok	4607182418800017408	1.0
solven/tilt/4/2	4606109920897253412	0.8809288134489219
solven/tilt/4/3/ok	4607182418800017408	1.0
solven/tilt/4/3	4607187346996366917	1.0010942794114197
solven/tilt/4/4/ok	4607182418800017408	1.0
solven/tilt/4/4	4607789239959523233	1.1347413646226203
solven/tilt/5/0/ok	4607182418800017408	1.0
solven/tilt/5/0	4604401831282344854	0.6912927715894621
solven/tilt/5/1/ok	4607182418800017408	1.0
solven/tilt/5/1	4605295216572233468	0.790478463459038
solven/tilt/5/2/ok	4607182418800017408	1.0
solven/tilt/5/2	4606325237393332264	0.9048337466017573
solven/tilt/5/3/ok	4607182418800017408	1.0
solven/tilt/5/3	4607248473491178549	1.0146670878023205
solven/tilt/5/4/ok	4607182418800017408	1.0
solven/tilt/5/4	4607802787335666415	1.137749486406104
solven/gate5/0/0/ok	4607182418800017408	1.0
solven/gate5/0/0	4603031002895543686	0.5391002478058204
solven/gate5/0/1/ok	4607182418800017408	1.0
solven/gate5/0/1	4604582161252026300	0.7113134200264919
solven/gate5/0/2/ok	4607182418800017408	1.0
solven/gate5/0/2	4606133279488924910	0.8835221380785734
solven/gate5/0/3/ok	4607182418800017408	1.0
solven/gate5/0/3	4607329054593164448	1.032559686757203
solven/gate5/0/4/ok	4607182418800017408	1.0
solven/gate5/0/4	4608023858141951230	1.1868370662480738
solven/gate5/1/0/ok	4607182418800017408	1.0
solven/gate5/1/0	4603129868936968686	0.5500765833601784
solven/gate5/1/1/ok	4607182418800017408	1.0
solven/gate5/1/1	4604536211766681786	0.7062120023665763
solven/gate5/1/2/ok	4607182418800017408	1.0
solven/gate5/1/2	4605982609479550582	0.8667944067257867
solven/gate5/1/3/ok	4607182418800017408	1.0
solven/gate5/1/3	4607218993345261843	1.0081211804491133
solven/gate5/1/4/ok	4607182418800017408	1.0
solven/gate5/1/4	4607885042585366866	1.1560138208288504
solven/gate5/2/0/ok	4607182418800017408	1.0
solven/gate5/2/0	4603298298976448442	0.5687760741470733
solven/gate5/2/1/ok	4607182418800017408	1.0
solven/gate5/2/1	4604599003048565948	0.7131832350559288
solven/gate5/2/2/ok	4607182418800017408	1.0
solven/gate5/2/2	4605963271369021610	0.8646474451695856
solven/gate5/2/3/ok	4607182418800017408	1.0
solven/gate5/2/3	4607179262869593288	0.9996496213379027
solven/gate5/2/4/ok	4607182418800017408	1.0
solven/gate5/2/4	4607822601594864733	1.1421491357616766
solven/gate5/3/0/ok	4607182418800017408	1.0
solven/gate5/3/0	4603444659211422372	0.5850253244228338
solven/gate5/3/1/ok	4607182418800017408	1.0
solven/gate5/3/1	4604678760599213254	0.7220381019675635
solven/gate5/3/2/ok	4607182418800017408	1.0
solven/gate5/3/2	4605988721106149296	0.867472933582567
solven/gate5/3/3/ok	4607182418800017408	1.0
solven/gate5/3/3	4607165836450745374	0.9981589894035812
solven/gate5/3/4/ok	4607182418800017408	1.0
solven/gate5/3/4	4607798950616213127	1.1368975635508904
solven/gate5/4/0/ok	4607182418800017408	1.0
solven/gate5/4/0	4603613068312975572	0.6037224906329137
solven/gate5/4/1/ok	4607182418800017408	1.0
solven/gate5/4/1	4604784320500001860	0.7337576052008292
solven/gate5/4/2/ok	4607182418800017408	1.0
solven/gate5/4/2	4606041231727034308	0.8733027836169573
solven/gate5/4/3/ok	4607182418800017408	1.0
solven/gate5/4/3	4607179446752711400	0.9996700364650595
solven/gate5/4/4/ok	4607182418800017408	1.0
solven/gate5/4/4	4607788514727421986	1.13458033074722
solven/gate5/5/0/ok	4607182418800017408	1.0
solven/gate5/5/0	4603899383995132014	0.6355099168970477
solven/gate5/5/1/ok	4607182418800017408	1.0
solven/gate5/5/1	4604983840206871720	0.7559087424441673
solven/gate5/5/2/ok	4607182418800017408	1.0
solven/gate5/5/2	4606164614163443984	0.8870009857905945
solven/gate5/5/3/ok	4607182418800017408	1.0
solven/gate5/5/3	4607213914911682912	1.0069935416714415
solven/gate5/5/4/ok	4607182418800017408	1.0
solven/gate5/5/4	4607795517528979046	1.1361352650523258
solven/sig1/0/0/ok	4607182418800017408	1.0
solven/sig1/0/0	4603031683866161800	0.5391758507317528
solven/sig1/0/1/ok	4607182418800017408	1.0
solven/sig1/0/1	4604731315670327218	0.727872886968717
solven/sig1/0/2/ok	4607182418800017408	1.0
solven/sig1/0/2	4606770873835325692	0.954309330453071
solven/sig1/0/3/ok	4607182418800017408	1.0
solven/sig1/0/3	4607996425400170821	1.1807457739374325
solven/sig1/0/4/ok	4607182418800017408	1.0
solven/sig1/0/4	4609186167663086620	1.4449216246691838
solven/sig1/1/0/ok	4607182418800017408	1.0
solven/sig1/1/0	4603297874584747454	0.5687289572032836
solven/sig1/1/1/ok	4607182418800017408	1.0
solven/sig1/1/1	4604544271241135420	0.7071067837770566
solven/sig1/1/2/ok	4607182418800017408	1.0
solven/sig1/1/2	4606039947228801026	0.8731601756655893
solven/sig1/1/3/ok	4607182418800017408	1.0
solven/sig1/1/3	4607359021008241991	1.0392135675541156
solven/sig1/1/4/ok	4607182418800017408	1.0
solven/sig1/1/4	4608231498667713585	1.2329425247574017
solven/sig1/2/0/ok	4607182418800017408	1.0
solven/sig1/2/0	4603682588642362516	0.6114407976694047
solven/sig1/2/1/ok	4607182418800017408	1.0
solven/sig1/2/1	4604721252522685850	0.7267556531475521
solven/sig1/2/2/ok	4607182418800017408	1.0
solven/sig1/2/2	4605967649179073818	0.8651334797213253
solven/sig1/2/3/ok	4607182418800017408	1.0
solven/sig1/2/3	4607198232317739596	1.0035113062950982
solven/sig1/2/4/ok	4607182418800017408	1.0
solven/sig1/2/4	4607925297033965923	1.164952103964503
solven/sig1/3/0/ok	4607182418800017408	1.0
solven/sig1/3/0	4603987535661854288	0.6452967179024629
solven/sig1/3/1/ok	4607182418800017408	1.0
solven/sig1/3/1	4604922333154145274	0.7490800878327939
solven/sig1/3/2/ok	4607182418800017408	1.0
solven/sig1/3/2	4606044090144894446	0.8736201317491898
solven/sig1/3/3/ok	4607182418800017408	1.0
solven/sig1/3/3	4607165847135643620	0.998160175665586
solven/sig1/3/4/ok	4607182418800017408	1.0
solven/sig1/3/4	4607828491212434195	1.1434568935680474
solven/sig1/4/0/ok	4607182418800017408	1.0
solven/sig1/4/0	4604318921398299786	0.6820879253658785
solven/sig1/4/1/ok	4607182418800017408	1.0
solven/sig1/4/1	4605168737300382462	0.7764364434843569
solven/sig1/4/2/ok	4607182418800017408	1.0
solven/sig1/4/2	4606188516382881698	0.8896546652265338
solven/sig1/4/3/ok	4607182418800017408	1.0
solven/sig1/4/3	4607195357132699203	1.0028728869687178
solven/sig1/4/4/ok	4607182418800017408	1.0
solven/sig1/4/4	4607790228264157105	1.134960812334594
solven/sig1/5/0/ok	4607182418800017408	1.0
solven/sig1/5/0	4604851692270855468	0.7412373743219738
solven/sig1/5/1/ok	4607182418800017408	1.0
solven/sig1/5/1	4605599530264688212	0.8242640702662336
solven/sig1/5/2/ok	4607182418800017408	1.0
solven/sig1/5/2	4606496935857287586	0.9238961053993544
solven/sig1/5/3/ok	4607182418800017408	1.0
solven/sig1/5/3	4607288380124952155	1.0235281405324688
solven/sig1/5/4/ok	4607182418800017408	1.0
solven/sig1/5/4	4607811866720635100	1.1397655148544379
census/solve_n_evals_min	4632233691727265792	50.0
census/solve_n_evals_max	4632233691727265792	50.0
census/solve_n_eval_patterns	4607182418800017408	1.0
census/solve_n_bracket_failures	0	0.0
cell/cpg/flat/0.30/500/abort	0	0.0
cell/cpg/flat/0.30/500/n_outer	4607182418800017408	1.0
cell/cpg/flat/0.30/500/n_solve_turbine	4619567317775286272	7.0
cell/cpg/flat/0.30/500/branch	0	0.0
cell/cpg/flat/0.30/500/nozzle_choked	0	0.0
cell/cpg/flat/0.30/500/eta_c	4606101554889448489	0.88
cell/cpg/flat/0.30/500/eta_t	4606281698874543309	0.9
cell/cpg/flat/0.30/500/n_corr	4603622111444161510	0.6047264798786471
cell/cpg/flat/0.30/500/N_ratio	4603312280827930586	0.5703283714913099
cell/cpg/flat/0.30/500/flowcoef	4605126274691337036	0.7717221468595681
cell/cpg/flat/0.30/500/nu_t	4607072870688428383	0.9878377164209659
cell/cpg/flat/0.30/500/pi_c	4613460028613212283	2.7878187816887112
cell/cpg/flat/0.30/500/tau_c	4608924240627199971	1.3867621394665484
cell/cpg/flat/0.30/500/tau_t	4605740205924975101	0.8398822059717187
cell/cpg/flat/0.30/500/pi_t	4601379591121935493	0.4278783551930661
cell/cpg/flat/0.30/500/mdot_air	4599587721993108027	0.3284096369961024
cell/cpg/flat/0.30/500/mdot_ratio	4599587721993108027	0.3284096369961024
cell/cpg/flat/0.30/500/thrust	4629253859123450998	30.413507947891468
cell/cpg/flat/0.30/500/V0	4636390020038410586	95.06497777835958
cell/cpg/flat/0.30/500/V9	4640765518248856679	186.48909430727073
cell/cpg/flat/0.30/500/M9	4602320582460783835	0.4801138677111802
cell/cpg/flat/0.30/500/T9	4645848395760246893	405.90632401267686
cell/cpg/flat/0.30/500/p9	4677104761256804352	50000.0
cell/cpg/flat/0.30/500/F_over_mdot	4636217157370878300	92.608451524376
cell/cpg/flat/0.30/500/tsfc	4544688420858033340	6.857573954995288e-05
cell/cpg/flat/0.30/500/eta_th	4587043348561226581	0.04775712828969484
cell/cpg/flat/0.30/500/eta_p	4604284046853962961	0.6782160731562731
cell/cpg/flat/0.30/500/s2/Tt	4643158439260848128	254.5
cell/cpg/flat/0.30/500/s2/pt	4677328081534983276	51624.8688784175
cell/cpg/flat/0.30/500/s3/Tt	4644916443379828667	352.93096449423655
cell/cpg/flat/0.30/500/s3/pt	4684185093152216163	143920.77906146934
cell/cpg/flat/0.30/500/s4/Tt	4647503709213818880	500.0
cell/cpg/flat/0.30/500/s4/pt	4683987289939645330	138163.94789901056
cell/cpg/flat/0.30/500/s5/Tt	4646095298203035376	419.9411029858593
cell/cpg/flat/0.30/500/s5/pt	4678357842054888731	59117.36277400908
cell/cpg/flat/0.30/500/s9/Tt	4646095298203035376	419.9411029858593
cell/cpg/flat/0.30/500/s9/pt	4678195341485455043	57935.0155185289
cell/cpg/flat/0.30/500/s4/far	4573971872742329676	0.006350693051860045
cell/cpg/flat/0.30/600/abort	0	0.0
cell/cpg/flat/0.30/600/n_outer	4607182418800017408	1.0
cell/cpg/flat/0.30/600/n_solve_turbine	4619567317775286272	7.0
cell/cpg/flat/0.30/600/branch	0	0.0
cell/cpg/flat/0.30/600/nozzle_choked	0	0.0
cell/cpg/flat/0.30/600/eta_c	4606101554889448489	0.88
cell/cpg/flat/0.30/600/eta_t	4606281698874543309	0.9
cell/cpg/flat/0.30/600/n_corr	4604149436888038258	0.6632713648049118
cell/cpg/flat/0.30/600/N_ratio	4603809610896414623	0.6255431007782483
cell/cpg/flat/0.30/600/flowcoef	4605056099829438799	0.7639311721166367
cell/cpg/flat/0.30/600/nu_t	4607083974494451558	0.9890704865317559
cell/cpg/flat/0.30/600/pi_c	4614667452319983966	3.3240226215831816
cell/cpg/flat/0.30/600/tau_c	4609277825135230995	1.4652736718599086
cell/cpg/flat/0.30/600/tau_t	4605740205924975101	0.8398822059717187
cell/cpg/flat/0.30/600/pi_t	4601379591121935493	0.4278783551930661
cell/cpg/flat/0.30/600/mdot_air	4600094964028365742	0.35656722632614446
cell/cpg/flat/0.30/600/mdot_ratio	4600094964028365742	0.35656722632614446
cell/cpg/flat/0.30/600/thrust	4634898736561950053	73.87256495519757
cell/cpg/flat/0.30/600/V0	4636390020038410586	95.06497777835958
cell/cpg/flat/0.30/600/V9	4643977998401324440	299.5865435032988
cell/cpg/flat/0.30/600/M9	4604647056671667226	0.7185182589342987
cell/cpg/flat/0.30/600/T9	4646935653173056610	467.70975253853805
cell/cpg/flat/0.30/600/p9	4677104761256804352	50000.0
cell/cpg/flat/0.30/600/F_over_mdot	4641493412842525047	207.17710294447508
cell/cpg/flat/0.30/600/tsfc	4541438729776609814	4.278468458506297e-05
cell/cpg/flat/0.30/600/eta_th	4592405267033839823	0.10742582338511684
cell/cpg/flat/0.30/600/eta_p	4602377236225719195	0.4832587834243271
cell/cpg/flat/0.30/600/s2/Tt	4643158439260848128	254.5
cell/cpg/flat/0.30/600/s2/pt	4677328081534983276	51624.8688784175
cell/cpg/flat/0.30/600/s3/Tt	4645267956103632947	372.91214948834676
cell/cpg/flat/0.30/600/s3/pt	4685136220632422172	171602.23198812536
cell/cpg/flat/0.30/600/s4/Tt	4648488871632306176	600.0
cell/cpg/flat/0.30/600/s4/pt	4684900372320643099	164738.14270860035
cell/cpg/flat/0.30/600/s5/Tt	4647572834605320276	503.9293235830312
cell/cpg/flat/0.30/600/s5/pt	4679580303821091225	70487.88553971647
cell/cpg/flat/0.30/600/s9/Tt	4647572834605320276	503.9293235830312
cell/cpg/flat/0.30/600/s9/pt	4679483426008880897	69078.12782892214
cell/cpg/flat/0.30/600/s4/far	4576263373926267965	0.008864007002726488
cell/cpg/flat/0.30/650/abort	0	0.0
cell/cpg/flat/0.30/650/n_outer	4607182418800017408	1.0
cell/cpg/flat/0.30/650/n_solve_turbine	4619567317775286272	7.0
cell/cpg/flat/0.30/650/branch	0	0.0
cell/cpg/flat/0.30/650/nozzle_choked	0	0.0
cell/cpg/flat/0.30/650/eta_c	4606101554889448489	0.88
cell/cpg/flat/0.30/650/eta_t	4606281698874543309	0.9
cell/cpg/flat/0.30/650/n_corr	4604397268135815472	0.6907861605552963
cell/cpg/flat/0.30/650/N_ratio	4604043344983894639	0.6514927973342547
cell/cpg/flat/0.30/650/flowcoef	4605077787248726139	0.7663389593403872
cell/cpg/flat/0.30/650/nu_t	4607089542009287090	0.9896886048477909
cell/cpg/flat/0.30/650/pi_c	4615332022869176834	3.6191512316638645
cell/cpg/flat/0.30/650/tau_c	4609455280512928183	1.504676681092503
cell/cpg/flat/0.30/650/tau_t	4605740205924975101	0.8398822059717187
cell/cpg/flat/0.30/650/pi_t	4601379591121935493	0.4278783551930661
cell/cpg/flat/0.30/650/mdot_air	4600382511797876138	0.3725293340456469
cell/cpg/flat/0.30/650/mdot_ratio	4600382511797876138	0.3725293340456469
cell/cpg/flat/0.30/650/thrust	4636443627349146579	95.82678348290146
cell/cpg/flat/0.30/650/V0	4636390020038410586	95.06497777835958
cell/cpg/flat/0.30/650/V9	4644843180273871811	348.7664390752872
cell/cpg/flat/0.30/650/M9	4605485289567425743	0.8115808050212311
cell/cpg/flat/0.30/650/T9	4647448052024909708	496.8362550982208
cell/cpg/flat/0.30/650/p9	4677104761256804352	50000.0
cell/cpg/flat/0.30/650/F_over_mdot	4643232904401163278	257.2328531614629
cell/cpg/flat/0.30/650/tsfc	4540933732779946006	3.936269182955325e-05
cell/cpg/flat/0.30/650/eta_th	4593899863229240500	0.13133502448650847
cell/cpg/flat/0.30/650/eta_p	4601411445935162764	0.4296466525475686
cell/cpg/flat/0.30/650/s2/Tt	4643158439260848128	254.5
cell/cpg/flat/0.30/650/s2/pt	4677328081534983276	51624.8688784175
cell/cpg/flat/0.30/650/s3/Tt	4645444371703726440	382.940215338042
cell/cpg/flat/0.30/650/s3/pt	4685659724774611804	186838.20778581023
cell/cpg/flat/0.30/650/s4/Tt	4648928676283416576	650.0
cell/cpg/flat/0.30/650/s4/pt	4685402936297145145	179364.6794743778
cell/cpg/flat/0.30/650/s5/Tt	4648013209126407299	545.9234338816171
cell/cpg/flat/0.30/650/s5/pt	4680010376316381194	76746.2640332283
cell/cpg/flat/0.30/650/s9/Tt	4648013209126407299	545.9234338816171
cell/cpg/flat/0.30/650/s9/pt	4679904897054265067	75211.33875256374
cell/cpg/flat/0.30/650/s4/far	4576990504527872715	0.010125377527431386
cell/cpg/flat/0.30/900/abort	0	0.0
cell/cpg/flat/0.30/900/n_outer	4607182418800017408	1.0
cell/cpg/flat/0.30/900/n_solve_turbine	4619567317775286272	7.0
cell/cpg/flat/0.30/900/branch	0	0.0
cell/cpg/flat/0.30/900/nozzle_choked	4607182418800017408	1.0
cell/cpg/flat/0.30/900/eta_c	4606101554889448489	0.88
cell/cpg/flat/0.30/900/eta_t	4606281698874543309	0.9
cell/cpg/flat/0.30/900/n_corr	4605519676986146832	0.815398575423389
cell/cpg/flat/0.30/900/N_ratio	4605101908868653543	0.7690169971238533
cell/cpg/flat/0.30/900/flowcoef	4605540060929265725	0.8176616477217135
cell/cpg/flat/0.30/900/nu_t	4607117537009873860	0.9927966742703735
cell/cpg/flat/0.30/900/pi_c	4617762799933172869	5.397266194671038
cell/cpg/flat/0.30/900/tau_c	4610349255383127186	1.7031789779587467
cell/cpg/flat/0.30/900/tau_t	4605740205924975101	0.8398822059717187
cell/cpg/flat/0.30/900/pi_t	4601379591121935493	0.4278783551930661
cell/cpg/flat/0.30/900/mdot_air	4602123615958118541	0.4691800303942351
cell/cpg/flat/0.30/900/mdot_ratio	4602123615958118541	0.4691800303942351
cell/cpg/flat/0.30/900/thrust	4642097225290356939	224.3384848872141
cell/cpg/flat/0.30/900/V0	4636390020038410586	95.06497777835958
cell/cpg/flat/0.30/900/V9	4647403177359497061	494.2854256959311
cell/cpg/flat/0.30/900/M9	4607182418800017407	0.9999999999999999
cell/cpg/flat/0.30/900/T9	4648992880001835330	657.2991177169972
cell/cpg/flat/0.30/900/p9	4678645530798799685	61210.57388078285
cell/cpg/flat/0.30/900/F_over_mdot	4647119321949296448	478.1501137179912
cell/cpg/flat/0.30/900/tsfc	4540211083382244336	3.446582903621892e-05
cell/cpg/flat/0.30/900/eta_th	4595279952184537856	0.16964018784155854
cell/cpg/flat/0.30/900/eta_p	4600515132558363987	0.37989126513749233
cell/cpg/flat/0.30/900/s2/Tt	4643158439260848128	254.5
cell/cpg/flat/0.30/900/s2/pt	4677328081534983276	51624.8688784175
cell/cpg/flat/0.30/900/s3/Tt	4646333108439920371	433.45904989050103
cell/cpg/flat/0.30/900/s3/pt	4688530493697599490	278633.1596018077
cell/cpg/flat/0.30/900/s4/Tt	4651127699538968576	900.0
cell/cpg/flat/0.30/900/s4/pt	4688339018448308144	267487.8332177354
cell/cpg/flat/0.30/900/s5/Tt	4649860129629263423	755.8939853745468
cell/cpg/flat/0.30/900/s5/pt	4682601512224363335	114452.25411136179
cell/cpg/flat/0.30/900/s9/Tt	4649860129629263423	755.8939853745468
cell/cpg/flat/0.30/900/s9/pt	4682444210244087565	112163.20902913455
cell/cpg/flat/0.30/900/s4/far	4580407211911600032	0.01647984007305292
cell/cpg/flat/0.30/1100/abort	0	0.0
cell/cpg/flat/0.30/1100/n_outer	4607182418800017408	1.0
cell/cpg/flat/0.30/1100/n_solve_turbine	4619567317775286272	7.0
cell/cpg/flat/0.30/1100/branch	0	0.0
cell/cpg/flat/0.30/1100/nozzle_choked	4607182418800017408	1.0
cell/cpg/flat/0.30/1100/eta_c	4606101554889448489	0.88
cell/cpg/flat/0.30/1100/eta_t	4606281698874543309	0.9
cell/cpg/flat/0.30/1100/n_corr	4606315331604404870	0.9037339831073303
cell/cpg/flat/0.30/1100/N_ratio	4605852304986236668	0.8523277018568645
cell/cpg/flat/0.30/1100/flowcoef	4606191304210846102	0.8899641763060113
cell/cpg/flat/0.30/1100/nu_t	4607140123910314450	0.9953043239627795
cell/cpg/flat/0.30/1100/pi_c	4619831362345241430	7.234518688873171
cell/cpg/flat/0.30/1100/tau_c	4611072574493887585	1.8637880841422645
cell/cpg/flat/0.30/1100/tau_t	4605740205924975101	0.8398822059717187
cell/cpg/flat/0.30/1100/pi_t	4601379591121935493	0.4278783551930661
cell/cpg/flat/0.30/1100/mdot_air	4603273208050264869	0.565990421751256
cell/cpg/flat/0.30/1100/mdot_ratio	4603273208050264869	0.565990421751256
cell/cpg/flat/0.30/1100/thrust	4644989871699254443	357.10488121160114
cell/cpg/flat/0.30/1100/V0	4636390020038410586	95.06497777835958
cell/cpg/flat/0.30/1100/V9	4648017868108225219	546.453098791499
cell/cpg/flat/0.30/1100/M9	4607182418800017406	0.9999999999999998
cell/cpg/flat/0.30/1100/T9	4650277694264691766	803.3655883207746
cell/cpg/flat/0.30/1100/p9	4680374634277058588	82046.91499826353
cell/cpg/flat/0.30/1100/F_over_mdot	4648761005414541455	630.9380291395518
cell/cpg/flat/0.30/1100/tsfc	4540181954478170701	3.426844390447669e-05
cell/cpg/flat/0.30/1100/eta_th	4594930781353413303	0.15994875043550902
cell/cpg/flat/0.30/1100/eta_p	4600971593900063014	0.40522995970776987
cell/cpg/flat/0.30/1100/s2/Tt	4643158439260848128	254.5
cell/cpg/flat/0.30/1100/s2/pt	4677328081534983276	51624.8688784175
cell/cpg/flat/0.30/1100/s3/Tt	4647052189352766158	474.3340674142063
cell/cpg/flat/0.30/1100/s3/pt	4690159968540279277	373481.0787115384
cell/cpg/flat/0.30/1100/s4/Tt	4652552666608566272	1100.0
cell/cpg/flat/0.30/1100/s4/pt	4689903314297280739	358541.83556307683
cell/cpg/flat/0.30/1100/s5/Tt	4651337666031548323	923.8704265688906
cell/cpg/flat/0.30/1100/s5/pt	4684511219014627057	153412.29086863206
cell/cpg/flat/0.30/1100/s9/Tt	4651337666031548323	923.8704265688906
cell/cpg/flat/0.30/1100/s9/pt	4684405794891093423	150344.04505125943
cell/cpg/flat/0.30/1100/s4/far	4581889126596250794	0.021621264458769808
cell/cpg/flat/0.30/1500/abort	0	0.0
cell/cpg/flat/0.30/1500/n_outer	4607182418800017408	1.0
cell/cpg/flat/0.30/1500/n_solve_turbine	4619567317775286272	7.0
cell/cpg/flat/0.30/1500/branch	0	0.0
cell/cpg/flat/0.30/1500/nozzle_choked	4607182418800017408	1.0
cell/cpg/flat/0.30/1500/eta_c	4606101554889448489	0.88
cell/cpg/flat/0.30/1500/eta_t	4606281698874543309	0.9
cell/cpg/flat/0.30/1500/n_corr	4607455844594604085	1.0607127225353115
cell/cpg/flat/0.30/1500/N_ratio	4607184117386186615	1.0003771618948727
cell/cpg/flat/0.30/1500/flowcoef	4607590338857486982	1.0905764480018276
cell/cpg/flat/0.30/1500/nu_t	4607184117386186615	1.0003771618948727
cell/cpg/flat/0.30/1500/pi_c	4623099732279461408	12.274828664088147
cell/cpg/flat/0.30/1500/tau_c	4612113703530953382	2.1899303397070353
cell/cpg/flat/0.30/1500/tau_t	4605740205924975101	0.8398822059717187
cell/cpg/flat/0.30/1500/pi_t	4601379591121935493	0.4278783551930661
cell/cpg/flat/0.30/1500/mdot_air	4605507509074787566	0.8140476658881235
cell/cpg/flat/0.30/1500/mdot_ratio	4605507509074787566	0.8140476658881235
cell/cpg/flat/0.30/1500/thrust	4649570811044467632	723.0022703750201
cell/cpg/flat/0.30/1500/V0	4636390020038410586	95.06497777835958
cell/cpg/flat/0.30/1500/V9	4648824176417173223	638.1197406644613
cell/cpg/flat/0.30/1500/M9	4607182418800017402	0.9999999999999993
cell/cpg/flat/0.30/1500/T9	4652532868932063502	1095.498529528329
cell/cpg/flat/0.30/1500/p9	4684023205786757808	139209.23662408208
cell/cpg/flat/0.30/1500/F_over_mdot	4651023528895941012	888.1571690107689
cell/cpg/flat/0.30/1500/tsfc	4540452122835577079	3.609917590470691e-05
cell/cpg/flat/0.30/1500/eta_th	4594566329014802779	0.14983316599291183
cell/cpg/flat/0.30/1500/eta_p	4601069227740841781	0.41064972660852855
cell/cpg/flat/0.30/1500/s2/Tt	4643158439260848128	254.5
cell/cpg/flat/0.30/1500/s2/pt	4677328081534983276	51624.8688784175
cell/cpg/flat/0.30/1500/s3/Tt	4648113606303447022	557.3372714554405
cell/cpg/flat/0.30/1500/s3/pt	4693690536994803957	633686.4202885913
cell/cpg/flat/0.30/1500/s4/Tt	4654311885213007872	1500.0
cell/cpg/flat/0.30/1500/s4/pt	4693472803998719252	608338.9634770476
cell/cpg/flat/0.30/1500/s5/Tt	4653255576954920246	1259.8233089575783
cell/cpg/flat/0.30/1500/s5/pt	4688183683516599603	260295.07509241402
cell/cpg/flat/0.30/1500/s9/Tt	4653255576954920246	1259.8233089575783
cell/cpg/flat/0.30/1500/s9/pt	4688004810103026518	255089.17359056574
cell/cpg/flat/0.30/1500/s4/far	4584781404996170678	0.03206174187514625
cell/cpg/flat/0.85/500/abort	0	0.0
cell/cpg/flat/0.85/500/n_outer	4607182418800017408	1.0
cell/cpg/flat/0.85/500/n_solve_turbine	4619567317775286272	7.0
cell/cpg/flat/0.85/500/branch	0	0.0
cell/cpg/flat/0.85/500/nozzle_choked	0	0.0
cell/cpg/flat/0.85/500/eta_c	4606101554889448489	0.88
cell/cpg/flat/0.85/500/eta_t	4606281698874543309	0.9
cell/cpg/flat/0.85/500/n_corr	4603310344054640186	0.5701133464612618
cell/cpg/flat/0.85/500/N_ratio	4603310344054640186	0.5701133464612618
cell/cpg/flat/0.85/500/flowcoef	4605252594531815728	0.7857464663962102
cell/cpg/flat/0.85/500/nu_t	4607069516098686668	0.9874652821440235
cell/cpg/flat/0.85/500/pi_c	4612861217404730217	2.5218931852645494
cell/cpg/flat/0.85/500/tau_c	4608730551459344886	1.343754504711908
cell/cpg/flat/0.85/500/tau_t	4605740205924975101	0.8398822059717187
cell/cpg/flat/0.85/500/pi_t	4601379591121935493	0.4278783551930661
cell/cpg/flat/0.85/500/mdot_air	4601741431793380230	0.4479645474272548
cell/cpg/flat/0.85/500/mdot_ratio	4601741431793380230	0.4479645474272548
cell/cpg/flat/0.85/500/thrust	4627651551319743161	24.720967096009847
cell/cpg/flat/0.85/500/V0	4643446085055202208	269.3507703720188
cell/cpg/flat/0.85/500/V9	4644385162666699823	322.7311523851849
cell/cpg/flat/0.85/500/M9	4605931271777302941	0.8610947768191185
cell/cpg/flat/0.85/500/T9	4645355862724171011	377.90906234023004
cell/cpg/flat/0.85/500/p9	4677104761256804352	50000.0
cell/cpg/flat/0.85/500/F_over_mdot	4632963429285354728	55.185097209114076
cell/cpg/flat/0.85/500/tsfc	4547105395254445324	0.0001013318506928493
cell/cpg/flat/0.85/500/eta_th	4589509848820453617	0.06724382380486184
cell/cpg/flat/0.85/500/eta_p	4606494118460512061	0.9235833115223852
cell/cpg/flat/0.85/500/s2/Tt	4643741180423569407	286.12499999999994
cell/cpg/flat/0.85/500/s2/pt	4680081772134739219	77785.20992963416
cell/cpg/flat/0.85/500/s3/Tt	4645471490803061886	384.4817576606946
cell/cpg/flat/0.85/500/s3/pt	4685980224959766929	196165.99083591675
cell/cpg/flat/0.85/500/s4/Tt	4647503709213818880	500.0
cell/cpg/flat/0.85/500/s4/pt	4685710616474894065	188319.35120248006
cell/cpg/flat/0.85/500/s5/Tt	4646095298203035377	419.94110298585935
cell/cpg/flat/0.85/500/s5/pt	4680273675693142628	80577.77424354252
cell/cpg/flat/0.85/500/s9/Tt	4646095298203035377	419.94110298585935
cell/cpg/flat/0.85/500/s9/pt	4680162930443491272	78966.21875867166
cell/cpg/flat/0.85/500/s4/far	4573097168466400610	0.005592008030864322
cell/cpg/flat/0.85/600/abort	0	0.0
cell/cpg/flat/0.85/600/n_outer	4607182418800017408	1.0
cell/cpg/flat/0.85/600/n_solve_turbine	4619567317775286272	7.0
cell/cpg/flat/0.85/600/branch	0	0.0
cell/cpg/flat/0.85/600/nozzle_choked	4607182418800017408	1.0
cell/cpg/flat/0.85/600/eta_c	4606101554889448489	0.88
cell/cpg/flat/0.85/600/eta_t	4606281698874543309	0.9
cell/cpg/flat/0.85/600/n_corr	4603807486619892380	0.6253072587076818
cell/cpg/flat/0.85/600/N_ratio	4603807486619892380	0.6253072587076818
cell/cpg/flat/0.85/600/flowcoef	4605079061668954117	0.7664804484084021
cell/cpg/flat/0.85/600/nu_t	4607080615718356403	0.9886975874762157
cell/cpg/flat/0.85/600/pi_c	4613854806524915833	2.9631353925633985
cell/cpg/flat/0.85/600/tau_c	4609044817658202032	1.4135356186784342
cell/cpg/flat/0.85/600/tau_t	4605740205924975101	0.8398822059717187
cell/cpg/flat/0.85/600/pi_t	4601379591121935493	0.4278783551930661
cell/cpg/flat/0.85/600/mdot_air	4602305665103720967	0.47928578804729266
cell/cpg/flat/0.85/600/mdot_ratio	4602305665103720967	0.47928578804729266
cell/cpg/flat/0.85/600/thrust	4634470073827320459	67.78090111155522
cell/cpg/flat/0.85/600/V0	4643446085055202208	269.3507703720188
cell/cpg/flat/0.85/600/V9	4645807512154437851	403.5823600831333
cell/cpg/flat/0.85/600/M9	4607182418800017407	0.9999999999999999
cell/cpg/flat/0.85/600/T9	4646416501768749486	438.1994118113315
cell/cpg/flat/0.85/600/p9	4677191896564023109	50633.99280202253
cell/cpg/flat/0.85/600/F_over_mdot	4639179812852591765	141.4206362924057
cell/cpg/flat/0.85/600/tsfc	4543580838063705011	5.7300174951111815e-05
cell/cpg/flat/0.85/600/eta_th	4593928315146298930	0.13212472382183332
cell/cpg/flat/0.85/600/eta_p	4605662501408257835	0.8312552716140308
cell/cpg/flat/0.85/600/s2/Tt	4643741180423569407	286.12499999999994
cell/cpg/flat/0.85/600/s2/pt	4680081772134739219	77785.20992963416
cell/cpg/flat/0.85/600/s3/Tt	4645822738522390014	404.4478788943669
cell/cpg/flat/0.85/600/s3/pt	4687159523945018374	230488.1085604729
cell/cpg/flat/0.85/600/s4/Tt	4648488871632306176	600.0
cell/cpg/flat/0.85/600/s4/pt	4686842743500735453	221268.584218054
cell/cpg/flat/0.85/600/s5/Tt	4647572834605320276	503.9293235830312
cell/cpg/flat/0.85/600/s5/pt	4681242500992515886	94676.0378711193
cell/cpg/flat/0.85/600/s9/Tt	4647572834605320276	503.9293235830312
cell/cpg/flat/0.85/600/s9/pt	4681112379236877065	92782.51711369691
cell/cpg/flat/0.85/600/s4/far	4575824929521723424	0.0081034272012524
cell/cpg/flat/0.85/650/abort	0	0.0
cell/cpg/flat/0.85/650/n_outer	4607182418800017408	1.0
cell/cpg/flat/0.85/650/n_solve_turbine	4619567317775286272	7.0
cell/cpg/flat/0.85/650/branch	0	0.0
cell/cpg/flat/0.85/650/nozzle_choked	4607182418800017408	1.0
cell/cpg/flat/0.85/650/eta_c	4606101554889448489	0.88
cell/cpg/flat/0.85/650/eta_t	4606281698874543309	0.9
cell/cpg/flat/0.85/650/n_corr	4604041132585017424	0.6512471717169408
cell/cpg/flat/0.85/650/N_ratio	4604041132585017424	0.6512471717169408
cell/cpg/flat/0.85/650/flowcoef	4605053485827254830	0.7636409595755305
cell/cpg/flat/0.85/650/nu_t	4607086181134129119	0.9893154727494639
cell/cpg/flat/0.85/650/pi_c	4614397570978298563	3.2041712298008362
cell/cpg/flat/0.85/650/tau_c	4609202540142499225	1.448557045391999
cell/cpg/flat/0.85/650/tau_t	4605740205924975101	0.8398822059717187
cell/cpg/flat/0.85/650/pi_t	4601379591121935493	0.4278783551930661
cell/cpg/flat/0.85/650/mdot_air	4602630522842814800	0.4973190151307749
cell/cpg/flat/0.85/650/mdot_ratio	4602630522842814800	0.4973190151307749
cell/cpg/flat/0.85/650/thrust	4636103088412386088	90.98743412772876
cell/cpg/flat/0.85/650/V0	4643446085055202208	269.3507703720188
cell/cpg/flat/0.85/650/V9	4646097422204392764	420.0618384846782
cell/cpg/flat/0.85/650/M9	4607182418800017407	0.9999999999999999
cell/cpg/flat/0.85/650/T9	4647058908900177704	474.71602946227586
cell/cpg/flat/0.85/650/p9	4677757982203206593	54752.80791871949
cell/cpg/flat/0.85/650/F_over_mdot	4640641204044224992	182.95587210515714
cell/cpg/flat/0.85/650/tsfc	4542677792946117494	5.118090321148173e-05
cell/cpg/flat/0.85/650/eta_th	4593912602277905722	0.1316886041150072
cell/cpg/flat/0.85/650/eta_p	4606585453617407382	0.9337235509366788
cell/cpg/flat/0.85/650/s2/Tt	4643741180423569407	286.12499999999994
cell/cpg/flat/0.85/650/s2/pt	4680081772134739219	77785.20992963416
cell/cpg/flat/0.85/650/s3/Tt	4645999021123247570	414.4683846127856
cell/cpg/flat/0.85/650/s3/pt	4687803735476828658	249237.13176055212
cell/cpg/flat/0.85/650/s4/Tt	4648928676283416576	650.0
cell/cpg/flat/0.85/650/s4/pt	4687461186571273325	239267.64649013002
cell/cpg/flat/0.85/650/s5/Tt	4648013209126407299	545.9234338816171
cell/cpg/flat/0.85/650/s5/pt	4681771737800120475	102377.44703111278
cell/cpg/flat/0.85/650/s9/Tt	4648013209126407299	545.9234338816171
cell/cpg/flat/0.85/650/s9/pt	4681631031308329562	100329.89809049052
cell/cpg/flat/0.85/650/s4/far	4576551511941566533	0.009363846782186278
cell/cpg/flat/0.85/900/abort	0	0.0
cell/cpg/flat/0.85/900/n_outer	4607182418800017408	1.0
cell/cpg/flat/0.85/900/n_solve_turbine	4619567317775286272	7.0
cell/cpg/flat/0.85/900/branch	0	0.0
cell/cpg/flat/0.85/900/nozzle_choked	4607182418800017408	1.0
cell/cpg/flat/0.85/900/eta_c	4606101554889448489	0.88
cell/cpg/flat/0.85/900/eta_t	4606281698874543309	0.9
cell/cpg/flat/0.85/900/n_corr	4605099297370340762	0.7687270625682914
cell/cpg/flat/0.85/900/N_ratio	4605099297370340762	0.7687270625682914
cell/cpg/flat/0.85/900/flowcoef	4605295511276696586	0.7905111822270794
cell/cpg/flat/0.85/900/nu_t	4607114165580049177	0.9924223703686464
cell/cpg/flat/0.85/900/pi_c	4616905756215380263	4.636058459788081
cell/cpg/flat/0.85/900/tau_c	4609997105735589627	1.6249860485967804
cell/cpg/flat/0.85/900/tau_t	4605740205924975101	0.8398822059717187
cell/cpg/flat/0.85/900/pi_t	4601379591121935493	0.4278783551930661
cell/cpg/flat/0.85/900/mdot_air	4603648780492600336	0.60768733904081
cell/cpg/flat/0.85/900/mdot_ratio	4603648780492600336	0.60768733904081
cell/cpg/flat/0.85/900/thrust	4642225146915942545	227.97423615947312
cell/cpg/flat/0.85/900/V0	4643446085055202208	269.3507703720188
cell/cpg/flat/0.85/900/V9	4647403177359497061	494.2854256959311
cell/cpg/flat/0.85/900/M9	4607182418800017407	0.9999999999999999
cell/cpg/flat/0.85/900/T9	4648992880001835330	657.2991177169972
cell/cpg/flat/0.85/900/p9	4680180429641035975	79220.86559790662
cell/cpg/flat/0.85/900/F_over_mdot	4645307334366061354	375.1505445535755
cell/cpg/flat/0.85/900/tsfc	4541306092788145608	4.18859013910328e-05
cell/cpg/flat/0.85/900/eta_th	4593871780970814098	0.13055558523929683
cell/cpg/flat/0.85/900/eta_p	4607861696212785011	1.1508298847524798
cell/cpg/flat/0.85/900/s2/Tt	4643741180423569407	286.12499999999994
cell/cpg/flat/0.85/900/s2/pt	4680081772134739219	77785.20992963416
cell/cpg/flat/0.85/900/s3/Tt	4646887087843259255	464.9491331547537
cell/cpg/flat/0.85/900/s3/pt	4689938961580559827	360616.7805406723
cell/cpg/flat/0.85/900/s4/Tt	4651127699538968576	900.0
cell/cpg/flat/0.85/900/s4/pt	4689691147615950067	346192.1093190454
cell/cpg/flat/0.85/900/s5/Tt	4649860129629263423	755.8939853745468
cell/cpg/flat/0.85/900/s5/pt	4684329655953357978	148128.11031625123
cell/cpg/flat/0.85/900/s9/Tt	4649860129629263423	755.8939853745468
cell/cpg/flat/0.85/900/s9/pt	4684227863091049725	145165.5481099262
cell/cpg/flat/0.85/900/s4/far	4580186334818593007	0.015713518715963323
cell/cpg/flat/0.85/1100/abort	0	0.0
cell/cpg/flat/0.85/1100/n_outer	4607182418800017408	1.0
cell/cpg/flat/0.85/1100/n_solve_turbine	4619567317775286272	7.0
cell/cpg/flat/0.85/1100/branch	0	0.0
cell/cpg/flat/0.85/1100/nozzle_choked	4607182418800017408	1.0
cell/cpg/flat/0.85/1100/eta_c	4606101554889448489	0.88
cell/cpg/flat/0.85/1100/eta_t	4606281698874543309	0.9
cell/cpg/flat/0.85/1100/n_corr	4605849410573806742	0.852006357524618
cell/cpg/flat/0.85/1100/N_ratio	4605849410573806742	0.852006357524618
cell/cpg/flat/0.85/1100/flowcoef	4605769992900152600	0.8431892245393184
cell/cpg/flat/0.85/1100/nu_t	4607136743964783452	0.9949290746277302
cell/cpg/flat/0.85/1100/pi_c	4618542520699355520	6.0897973525865154
cell/cpg/flat/0.85/1100/tau_c	4610639992350631751	1.7677355530453995
cell/cpg/flat/0.85/1100/tau_t	4605740205924975101	0.8398822059717187
cell/cpg/flat/0.85/1100/pi_t	4601379591121935493	0.4278783551930661
cell/cpg/flat/0.85/1100/mdot_air	4604646014727589497	0.718402579903752
cell/cpg/flat/0.85/1100/mdot_ratio	4604646014727589497	0.718402579903752
cell/cpg/flat/0.85/1100/thrust	4645171192657833752	367.411784408368
cell/cpg/flat/0.85/1100/V0	4643446085055202208	269.3507703720188
cell/cpg/flat/0.85/1100/V9	4648017868108225219	546.453098791499
cell/cpg/flat/0.85/1100/M9	4607182418800017406	0.9999999999999998
cell/cpg/flat/0.85/1100/T9	4650277694264691766	803.3655883207746
cell/cpg/flat/0.85/1100/p9	4681887521664710942	104062.32401344596
cell/cpg/flat/0.85/1100/F_over_mdot	4647704767158258062	511.4288209510495
cell/cpg/flat/0.85/1100/tsfc	4541141447694260768	4.0770222838038906e-05
cell/cpg/flat/0.85/1100/eta_th	4593856948361741564	0.13014389763660705
cell/cpg/flat/0.85/1100/eta_p	4608020369605714036	1.1860624555975194
cell/cpg/flat/0.85/1100/s2/Tt	4643741180423569407	286.12499999999994
cell/cpg/flat/0.85/1100/s2/pt	4680081772134739219	77785.20992963416
cell/cpg/flat/0.85/1100/s3/Tt	4647605626642981629	505.79333511511487
cell/cpg/flat/0.85/1100/s3/pt	4691881650621566063	473696.16549987247
cell/cpg/flat/0.85/1100/s4/Tt	4652552666608566272	1100.0
cell/cpg/flat/0.85/1100/s4/pt	4691556129095316054	454748.31887987757
cell/cpg/flat/0.85/1100/s5/Tt	4651337666031548323	923.8704265688906
cell/cpg/flat/0.85/1100/s5/pt	4685925626369071279	194576.96270913395
cell/cpg/flat/0.85/1100/s9/Tt	4651337666031548323	923.8704265688906
cell/cpg/flat/0.85/1100/s9/pt	4685791914098448760	190685.42345495126
cell/cpg/flat/0.85/1100/s4/far	4581667132291836850	0.020851066995969787
cell/cpg/flat/0.85/1500/abort	0	0.0
cell/cpg/flat/0.85/1500/n_outer	4607182418800017408	1.0
cell/cpg/flat/0.85/1500/n_solve_turbine	4607182418800017408	1.0
cell/cpg/flat/0.85/1500/branch	0	0.0
cell/cpg/flat/0.85/1500/nozzle_choked	4607182418800017408	1.0
cell/cpg/flat/0.85/1500/eta_c	4606101554889448489	0.88
cell/cpg/flat/0.85/1500/eta_t	4606281698874543309	0.9
cell/cpg/flat/0.85/1500/n_corr	4607182418800017418	1.0000000000000022
cell/cpg/flat/0.85/1500/N_ratio	4607182418800017418	1.0000000000000022
cell/cpg/flat/0.85/1500/flowcoef	4607182418800017445	1.0000000000000082
cell/cpg/flat/0.85/1500/nu_t	4607182418800017418	1.0000000000000022
cell/cpg/flat/0.85/1500/pi_c	4621819117588971577	10.000000000000101
cell/cpg/flat/0.85/1500/tau_c	4611815746991539699	2.057611055549154
cell/cpg/flat/0.85/1500/tau_t	4605740205924975101	0.8398822059717187
cell/cpg/flat/0.85/1500/pi_t	4601379591121935493	0.4278783551930661
cell/cpg/flat/0.85/1500/mdot_air	4607182418800017455	1.0000000000000104
cell/cpg/flat/0.85/1500/mdot_ratio	4607182418800017455	1.0000000000000104
cell/cpg/flat/0.85/1500/thrust	4649780385265186447	746.8281007965141
cell/cpg/flat/0.85/1500/V0	4643446085055202208	269.3507703720188
cell/cpg/flat/0.85/1500/V9	4648824176417173227	638.1197406644618
cell/cpg/flat/0.85/1500/M9	4607182418800017409	1.0000000000000002
cell/cpg/flat/0.85/1500/T9	4652532868932063501	1095.4985295283288
cell/cpg/flat/0.85/1500/p9	4685111397417843452	170879.78135963518
cell/cpg/flat/0.85/1500/F_over_mdot	4649780385265186378	746.8281007965063
cell/cpg/flat/0.85/1500/tsfc	4541306508773566647	4.188872021789038e-05
cell/cpg/flat/0.85/1500/eta_th	4593841819363922599	0.12972398359365409
cell/cpg/flat/0.85/1500/eta_p	4607894570279413602	1.1581293938893045
cell/cpg/flat/0.85/1500/s2/Tt	4643741180423569407	286.12499999999994
cell/cpg/flat/0.85/1500/s2/pt	4680081772134739219	77785.20992963416
cell/cpg/flat/0.85/1500/s3/Tt	4648389774525228701	588.7339632690015
cell/cpg/flat/0.85/1500/s3/pt	4694928910747891867	777852.0992963495
cell/cpg/flat/0.85/1500/s4/Tt	4654311885213007872	1500.0
cell/cpg/flat/0.85/1500/s4/pt	4694661642801683646	746738.0153244955
cell/cpg/flat/0.85/1500/s5/Tt	4653255576954920245	1259.823308957578
cell/cpg/flat/0.85/1500/s5/pt	4689232804587847161	319513.03375717957
cell/cpg/flat/0.85/1500/s9/Tt	4653255576954920245	1259.823308957578
cell/cpg/flat/0.85/1500/s9/pt	4689123020745396534	313122.77308203594
cell/cpg/flat/0.85/1500/s4/far	4584669273506512818	0.03128367336512329
cell/cpg/flat/1.60/500/abort	4611686018427387904	2.0
cell/cpg/flat/1.60/600/abort	0	0.0
cell/cpg/flat/1.60/600/n_outer	4607182418800017408	1.0
cell/cpg/flat/1.60/600/n_solve_turbine	4619567317775286272	7.0
cell/cpg/flat/1.60/600/branch	0	0.0
cell/cpg/flat/1.60/600/nozzle_choked	4607182418800017408	1.0
cell/cpg/flat/1.60/600/eta_c	4606101554889448489	0.88
cell/cpg/flat/1.60/600/eta_t	4606281698874543309	0.9
cell/cpg/flat/1.60/600/n_corr	4603070062599888348	0.5434367461156699
cell/cpg/flat/1.60/600/N_ratio	4603801310752963817	0.6246215997415706
cell/cpg/flat/1.60/600/flowcoef	4605399919422581516	0.8021028149790665
cell/cpg/flat/1.60/600/nu_t	4607070850815346219	0.987613465460702
cell/cpg/flat/1.60/600/pi_c	4612450407374838083	2.339456883691271
cell/cpg/flat/1.60/600/tau_c	4608589061377649661	1.3123373954210813
cell/cpg/flat/1.60/600/tau_t	4605740205924975101	0.8398822059717187
cell/cpg/flat/1.60/600/pi_t	4601379591121935493	0.4278783551930661
cell/cpg/flat/1.60/600/mdot_air	4606887215183665385	0.9672258148173373
cell/cpg/flat/1.60/600/mdot_ratio	4606887215183665385	0.9672258148173373
cell/cpg/flat/1.60/600/thrust	4633103712045331855	56.18186616965533
cell/cpg/flat/1.60/600/V0	4647627086993665144	507.01321481791774
cell/cpg/flat/1.60/600/V9	4645807512154437851	403.5823600831333
cell/cpg/flat/1.60/600/M9	4607182418800017407	0.9999999999999999
cell/cpg/flat/1.60/600/T9	4646416501768749486	438.1994118113315
cell/cpg/flat/1.60/600/p9	4681742933816780541	101958.29390731077
cell/cpg/flat/1.60/600/F_over_mdot	4633371635035312156	58.08557351239162
cell/cpg/flat/1.60/600/tsfc	4547115454875067773	0.00010146818397451479
cell/cpg/flat/1.60/600/eta_th	13819197449507802095	-0.18477975712002556
cell/cpg/flat/1.60/600/eta_p	13827238157006140926	-0.6318168883732935
cell/cpg/flat/1.60/600/s2/Tt	4645357462516400128	378.0
cell/cpg/flat/1.60/600/s2/pt	4686056548495755892	198387.29808719794
cell/cpg/flat/1.60/600/s3/Tt	4647434458197435252	496.06353546916876
cell/cpg/flat/1.60/600/s3/pt	4691717108099111786	464118.5301470073
cell/cpg/flat/1.60/600/s4/Tt	4648488871632306176	600.0
cell/cpg/flat/1.60/600/s4/pt	4691398168273759948	445553.788941127
cell/cpg/flat/1.60/600/s5/Tt	4647572834605320276	503.9293235830312
cell/cpg/flat/1.60/600/s5/pt	4685790450336046531	190642.82236216785
cell/cpg/flat/1.60/600/s9/Tt	4647572834605320276	503.9293235830312
cell/cpg/flat/1.60/600/s9/pt	4685659441586084507	186829.96591492448
cell/cpg/flat/1.60/600/s4/far	4573445154335890589	0.005893837659420556
cell/cpg/flat/1.60/650/abort	0	0.0
cell/cpg/flat/1.60/650/n_outer	4607182418800017408	1.0
cell/cpg/flat/1.60/650/n_solve_turbine	4619567317775286272	7.0
cell/cpg/flat/1.60/650/branch	0	0.0
cell/cpg/flat/1.60/650/nozzle_choked	4607182418800017408	1.0
cell/cpg/flat/1.60/650/eta_c	4606101554889448489	0.88
cell/cpg/flat/1.60/650/eta_t	4606281698874543309	0.9
cell/cpg/flat/1.60/650/n_corr	4603273117660040778	0.5659803864204573
cell/cpg/flat/1.60/650/N_ratio	4604034700521717208	0.6505330692397662
cell/cpg/flat/1.60/650/flowcoef	4605266863815293423	0.7873306751023942
cell/cpg/flat/1.60/650/nu_t	4607076410128555564	0.9882306732133137
cell/cpg/flat/1.60/650/pi_c	4612794811401148984	2.4924029956048592
cell/cpg/flat/1.60/650/tau_c	4608708186859759666	1.3387885660327012
cell/cpg/flat/1.60/650/tau_t	4605740205924975101	0.8398822059717187
cell/cpg/flat/1.60/650/pi_t	4601379591121935493	0.4278783551930661
cell/cpg/flat/1.60/650/mdot_air	4607081516292666599	0.9887975713096723
cell/cpg/flat/1.60/650/mdot_ratio	4607081516292666599	0.9887975713096723
cell/cpg/flat/1.60/650/thrust	4636080179004303834	90.66187185786058
cell/cpg/flat/1.60/650/V0	4647627086993665144	507.01321481791774
cell/cpg/flat/1.60/650/V9	4646097422204392764	420.0618384846782
cell/cpg/flat/1.60/650/M9	4607182418800017407	0.9999999999999999
cell/cpg/flat/1.60/650/T9	4647058908900177704	474.71602946227586
cell/cpg/flat/1.60/650/p9	4682200997434978438	108623.99684852557
cell/cpg/flat/1.60/650/F_over_mdot	4636152457528943640	91.689011470546
cell/cpg/flat/1.60/650/tsfc	4545383608738432235	7.799729217762882e-05
cell/cpg/flat/1.60/650/eta_th	13817210071465877994	-0.12961893560056065
cell/cpg/flat/1.60/650/eta_p	13831327858626179286	-1.1717299572292652
cell/cpg/flat/1.60/650/s2/Tt	4645357462516400128	378.0
cell/cpg/flat/1.60/650/s2/pt	4686056548495755892	198387.29808719794
cell/cpg/flat/1.60/650/s3/Tt	4647610354417113306	506.0620779603611
cell/cpg/flat/1.60/650/s3/pt	4692238389411903015	494461.0960424863
cell/cpg/flat/1.60/650/s4/Tt	4648928676283416576	650.0
cell/cpg/flat/1.60/650/s4/pt	4691898598334039528	474682.65220078686
cell/cpg/flat/1.60/650/s5/Tt	4648013209126407299	545.9234338816171
cell/cpg/flat/1.60/650/s5/pt	4686218696718209718	203106.43246235483
cell/cpg/flat/1.60/650/s9/Tt	4648013209126407299	545.9234338816171
cell/cpg/flat/1.60/650/s9/pt	4686079123040604430	199044.30381310772
cell/cpg/flat/1.60/650/s4/far	4574895134087870835	0.007151494617146137
cell/cpg/flat/1.60/900/abort	0	0.0
cell/cpg/flat/1.60/900/n_outer	4607182418800017408	1.0
cell/cpg/flat/1.60/900/n_solve_turbine	4619567317775286272	7.0
cell/cpg/flat/1.60/900/branch	0	0.0
cell/cpg/flat/1.60/900/nozzle_choked	4607182418800017408	1.0
cell/cpg/flat/1.60/900/eta_c	4606101554889448489	0.88
cell/cpg/flat/1.60/900/eta_t	4606281698874543309	0.9
cell/cpg/flat/1.60/900/n_corr	4604192738566055416	0.6680788167988672
cell/cpg/flat/1.60/900/N_ratio	4605091705013180861	0.7678841415952814
cell/cpg/flat/1.60/900/flowcoef	4605042566063489269	0.7624286222599311
cell/cpg/flat/1.60/900/nu_t	4607104363889102925	0.9913341640717676
cell/cpg/flat/1.60/900/pi_c	4614778759713536931	3.373453034036588
cell/cpg/flat/1.60/900/tau_c	4609308310613621947	1.4720428078651782
cell/cpg/flat/1.60/900/tau_t	4605740205924975101	0.8398822059717187
cell/cpg/flat/1.60/900/pi_t	4601379591121935493	0.4278783551930661
cell/cpg/flat/1.60/900/mdot_air	4607769026891818686	1.1302531619898413
cell/cpg/flat/1.60/900/mdot_ratio	4607769026891818686	1.1302531619898413
cell/cpg/flat/1.60/900/thrust	4643643434886044401	280.5688094686912
cell/cpg/flat/1.60/900/V0	4647627086993665144	507.01321481791774
cell/cpg/flat/1.60/900/V9	4647403177359497061	494.2854256959311
cell/cpg/flat/1.60/900/M9	4607182418800017407	0.9999999999999999
cell/cpg/flat/1.60/900/T9	4648992880001835330	657.2991177169972
cell/cpg/flat/1.60/900/p9	4684291648617560685	147021.95125909467
cell/cpg/flat/1.60/900/F_over_mdot	4642938022113481898	248.23536788407847
cell/cpg/flat/1.60/900/tsfc	4543142887156598359	5.433250417031788e-05
cell/cpg/flat/1.60/900/eta_th	13799243733643373388	-0.008184555477006271
cell/cpg/flat/1.60/900/eta_p	13851563514323072143	-26.63917010951678
cell/cpg/flat/1.60/900/s2/Tt	4645357462516400128	378.0
cell/cpg/flat/1.60/900/s2/pt	4686056548495755892	198387.29808719794
cell/cpg/flat/1.60/900/s3/Tt	4648105645046888726	556.4321813730373
cell/cpg/flat/1.60/900/s3/pt	4693996027816801231	669250.2326465788
cell/cpg/flat/1.60/900/s4/Tt	4651127699538968576	900.0
cell/cpg/flat/1.60/900/s4/pt	4693766075187836635	642480.2233407156
cell/cpg/flat/1.60/900/s5/Tt	4649860129629263423	755.8939853745468
cell/cpg/flat/1.60/900/s5/pt	4688466416592693086	274903.38120709907
cell/cpg/flat/1.60/900/s9/Tt	4649860129629263423	755.8939853745468
cell/cpg/flat/1.60/900/s9/pt	4688371960510145541	269405.3135829571
cell/cpg/flat/1.60/900/s4/far	4578928491578781599	0.013487249160782087
cell/cpg/flat/1.60/1100/abort	0	0.0
cell/cpg/flat/1.60/1100/n_outer	4607182418800017408	1.0
cell/cpg/flat/1.60/1100/n_solve_turbine	4619567317775286272	7.0
cell/cpg/flat/1.60/1100/branch	0	0.0
cell/cpg/flat/1.60/1100/nozzle_choked	4607182418800017408	1.0
cell/cpg/flat/1.60/1100/eta_c	4606101554889448489	0.88
cell/cpg/flat/1.60/1100/eta_t	4606281698874543309	0.9
cell/cpg/flat/1.60/1100/n_corr	4604844640607545272	0.7404544824250854
cell/cpg/flat/1.60/1100/N_ratio	4605840995706054837	0.8510721195318839
cell/cpg/flat/1.60/1100/flowcoef	4605173233425199683	0.7769356136137237
cell/cpg/flat/1.60/1100/nu_t	4607126917516293277	0.9938381196913216
cell/cpg/flat/1.60/1100/pi_c	4616452492073212378	4.233479030290676
cell/cpg/flat/1.60/1100/tau_c	4609793873457120256	1.579859417616035
cell/cpg/flat/1.60/1100/tau_t	4605740205924975101	0.8398822059717187
cell/cpg/flat/1.60/1100/pi_t	4601379591121935493	0.4278783551930661
cell/cpg/flat/1.60/1100/mdot_air	4608427815190305036	1.2765335494564765
cell/cpg/flat/1.60/1100/mdot_ratio	4608427815190305036	1.2765335494564765
cell/cpg/flat/1.60/1100/thrust	4646831449267812220	461.78644630579925
cell/cpg/flat/1.60/1100/V0	4647627086993665144	507.01321481791774
cell/cpg/flat/1.60/1100/V9	4648017868108225219	546.453098791499
cell/cpg/flat/1.60/1100/M9	4607182418800017406	0.9999999999999998
cell/cpg/flat/1.60/1100/T9	4650277694264691766	803.3655883207746
cell/cpg/flat/1.60/1100/p9	4685579509468220859	184503.63510857322
cell/cpg/flat/1.60/1100/F_over_mdot	4645071595485112655	361.75034060203046
cell/cpg/flat/1.60/1100/tsfc	4542718109111891450	5.1454096177221785e-05
cell/cpg/flat/1.60/1100/eta_th	4584178811620723183	0.029565205187859375
cell/cpg/flat/1.60/1100/eta_p	4620453491521058487	7.7870803970997065
cell/cpg/flat/1.60/1100/s2/Tt	4645357462516400128	378.0
cell/cpg/flat/1.60/1100/s2/pt	4686056548495755892	198387.29808719794
cell/cpg/flat/1.60/1100/s3/Tt	4648464126989940212	597.1868598588612
cell/cpg/flat/1.60/1100/s3/pt	4695461627284328739	839868.466328178
cell/cpg/flat/1.60/1100/s4/Tt	4652552666608566272	1100.0
cell/cpg/flat/1.60/1100/s4/pt	4695173050676663043	806273.7276750508
cell/cpg/flat/1.60/1100/s5/Tt	4651337666031548323	923.8704265688906
cell/cpg/flat/1.60/1100/s5/pt	4689670445308605095	344987.07643298287
cell/cpg/flat/1.60/1100/s9/Tt	4651337666031548323	923.8704265688906
cell/cpg/flat/1.60/1100/s9/pt	4689551908651739310	338087.3349043232
cell/cpg/flat/1.60/1100/s4/far	4581022208126839821	0.018613536817479615
cell/cpg/flat/1.60/1500/abort	0	0.0
cell/cpg/flat/1.60/1500/n_outer	4607182418800017408	1.0
cell/cpg/flat/1.60/1500/n_solve_turbine	4619567317775286272	7.0
cell/cpg/flat/1.60/1500/branch	0	0.0
cell/cpg/flat/1.60/1500/nozzle_choked	4607182418800017408	1.0
cell/cpg/flat/1.60/1500/eta_c	4606101554889448489	0.88
cell/cpg/flat/1.60/1500/eta_t	4606281698874543309	0.9
cell/cpg/flat/1.60/1500/n_corr	4606003120127668682	0.8690715461048566
cell/cpg/flat/1.60/1500/N_ratio	4607172542268372343	0.998903484716421
cell/cpg/flat/1.60/1500/flowcoef	4605869269494279242	0.8542111405998949
cell/cpg/flat/1.60/1500/nu_t	4607172542268372343	0.998903484716421
cell/cpg/flat/1.60/1500/pi_c	4618942057368389594	6.444657199901451
cell/cpg/flat/1.60/1500/tau_c	4610779885799509060	1.7987981386329617
cell/cpg/flat/1.60/1500/tau_t	4605740205924975101	0.8398822059717187
cell/cpg/flat/1.60/1500/pi_t	4601379591121935493	0.4278783551930661
cell/cpg/flat/1.60/1500/mdot_air	4610097545905669417	1.6472882464807503
cell/cpg/flat/1.60/1500/mdot_ratio	4610097545905669417	1.6472882464807503
cell/cpg/flat/1.60/1500/thrust	4651395239034871631	930.4157192548536
cell/cpg/flat/1.60/1500/V0	4647627086993665144	507.01321481791774
cell/cpg/flat/1.60/1500/V9	4648824176417173227	638.1197406644618
cell/cpg/flat/1.60/1500/M9	4607182418800017409	1.0000000000000002
cell/cpg/flat/1.60/1500/T9	4652532868932063500	1095.4985295283286
cell/cpg/flat/1.60/1500/p9	4688568944338903840	280871.2814927567
cell/cpg/flat/1.60/1500/F_over_mdot	4648179395027067464	564.8165834015899
cell/cpg/flat/1.60/1500/tsfc	4542707958449047101	5.1385312610296715e-05
cell/cpg/flat/1.60/1500/eta_th	4589361711438247856	0.06518800464820518
cell/cpg/flat/1.60/1500/eta_p	4615145820032108072	3.536460560878158
cell/cpg/flat/1.60/1500/s2/Tt	4645357462516400128	378.0
cell/cpg/flat/1.60/1500/s2/pt	4686056548495755892	198387.29808719794
cell/cpg/flat/1.60/1500/s3/Tt	4649192081414594446	679.9456964032595
cell/cpg/flat/1.60/1500/s3/pt	4698242091170743547	1278538.1289866555
cell/cpg/flat/1.60/1500/s4/Tt	4654311885213007872	1500.0
cell/cpg/flat/1.60/1500/s4/pt	4698022439992716078	1227396.6038271892
cell/cpg/flat/1.60/1500/s5/Tt	4653255576954920244	1259.8233089575779
cell/cpg/flat/1.60/1500/s5/pt	4692758443361675739	525176.4400151329
cell/cpg/flat/1.60/1500/s9/Tt	4653255576954920244	1259.8233089575779
cell/cpg/flat/1.60/1500/s9/pt	4692585625752535070	514672.91121483024
cell/cpg/flat/1.60/1500/s4/far	4584022611370425713	0.029023276705570426
cell/cpg/flow/0.30/500/abort	0	0.0
cell/cpg/flow/0.30/500/n_outer	4617315517961601024	5.0
cell/cpg/flow/0.30/500/n_solve_turbine	4630122629401935872	35.0
cell/cpg/flow/0.30/500/branch	0	0.0
cell/cpg/flow/0.30/500/nozzle_choked	0	0.0
cell/cpg/flow/0.30/500/eta_c	4605888111392026122	0.8563030114705168
cell/cpg/flow/0.30/500/eta_t	4606281697776849529	0.8999998781315092
cell/cpg/flow/0.30/500/n_corr	4603675562598199120	0.6106607500691812
cell/cpg/flow/0.30/500/N_ratio	4603362691568407370	0.5759250879678828
cell/cpg/flow/0.30/500/flowcoef	4604895389207139753	0.746088708798813
cell/cpg/flow/0.30/500/nu_t	4607160184652181342	0.997531513713948
cell/cpg/flow/0.30/500/pi_c	4613311069126724495	2.7216674810346784
cell/cpg/flow/0.30/500/tau_c	4608924240365269916	1.3867620813063928
cell/cpg/flow/0.30/500/tau_t	4605740206142360927	0.8398822301063936
cell/cpg/flow/0.30/500/pi_t	4601379591232683231	0.42787836134080054
cell/cpg/flow/0.30/500/mdot_air	4599447340611311582	0.320616904881147
cell/cpg/flow/0.30/500/mdot_ratio	4599447340611311582	0.320616904881147
cell/cpg/flow/0.30/500/thrust	4627630079328845231	24.64468326023569
cell/cpg/flow/0.30/500/V0	4636390020038410586	95.06497777835958
cell/cpg/flow/0.30/500/V9	4640215141081047094	170.846434366658
cell/cpg/flow/0.30/500/M9	4601573184412594001	0.4386249416281674
cell/cpg/flow/0.30/500/T9	4645888079046837435	408.1620576941165
cell/cpg/flow/0.30/500/p9	4677104761256804352	50000.0
cell/cpg/flow/0.30/500/F_over_mdot	4635109412486627188	76.86644991277518
cell/cpg/flow/0.30/500/tsfc	4545724692195090824	8.261983498648016e-05
cell/cpg/flow/0.30/500/eta_th	4585552096332065975	0.037409487287584246
cell/cpg/flow/0.30/500/eta_p	4604648143023583165	0.7186388682252908
cell/cpg/flow/0.30/500/s2/Tt	4643158439260848128	254.5
cell/cpg/flow/0.30/500/s2/pt	4677328081534983276	51624.8688784175
cell/cpg/flow/0.30/500/s3/Tt	4644916443119433359	352.930949692477
cell/cpg/flow/0.30/500/s3/pt	4684067752851341400	140505.7268390681
cell/cpg/flow/0.30/500/s4/Tt	4647503709213818880	500.0
cell/cpg/flow/0.30/500/s4/pt	4683874643250805558	134885.4977655054
cell/cpg/flow/0.30/500/s5/Tt	4646095298415326222	419.94111505319677
cell/cpg/flow/0.30/500/s5/pt	4678165045849103919	57714.585752543404
cell/cpg/flow/0.30/500/s9/Tt	4646095298415326222	419.94111505319677
cell/cpg/flow/0.30/500/s9/pt	4678006401203785928	56560.29403749254
cell/cpg/flow/0.30/500/s4/far	4573971873152689007	0.006350693407790028
cell/cpg/flow/0.30/600/abort	0	0.0
cell/cpg/flow/0.30/600/n_outer	4617315517961601024	5.0
cell/cpg/flow/0.30/600/n_solve_turbine	4630122629401935872	35.0
cell/cpg/flow/0.30/600/branch	0	0.0
cell/cpg/flow/0.30/600/nozzle_choked	0	0.0
cell/cpg/flow/0.30/600/eta_c	4605895841787225964	0.8571612577445484
cell/cpg/flow/0.30/600/eta_t	4606281698840194421	0.8999999961865074
cell/cpg/flow/0.30/600/n_corr	4604212816161529496	0.6703078776763105
cell/cpg/flow/0.30/600/N_ratio	4603869385024122432	0.6321793620640577
cell/cpg/flow/0.30/600/flowcoef	4604805890315503353	0.7361523357814966
cell/cpg/flow/0.30/600/nu_t	4607178485688804786	0.9995633369373336
cell/cpg/flow/0.30/600/pi_c	4614471793710221705	3.2371327441734974
cell/cpg/flow/0.30/600/tau_c	4609277825125375552	1.4652736696715607
cell/cpg/flow/0.30/600/tau_t	4605740205931777544	0.8398822067269416
cell/cpg/flow/0.30/600/pi_t	4601379591125401121	0.4278783553854471
cell/cpg/flow/0.30/600/mdot_air	4599927057956075207	0.34724656695457806
cell/cpg/flow/0.30/600/mdot_ratio	4599927057956075207	0.34724656695457806
cell/cpg/flow/0.30/600/thrust	4634464459178656235	67.70111215511103
cell/cpg/flow/0.30/600/V0	4636390020038410586	95.06497777835958
cell/cpg/flow/0.30/600/V9	4643765057706128762	287.4822663737792
cell/cpg/flow/0.30/600/M9	4604366621700563427	0.6873837227513458
cell/cpg/flow/0.30/600/T9	4646986101462102850	470.5774057636046
cell/cpg/flow/0.30/600/p9	4677104761256804352	50000.0
cell/cpg/flow/0.30/600/F_over_mdot	4641063756436642797	194.96553342157804
cell/cpg/flow/0.30/600/tsfc	4541834198096958009	4.5464482160504885e-05
cell/cpg/flow/0.30/600/eta_th	4591724440610305402	0.09797745874535294
cell/cpg/flow/0.30/600/eta_p	4602654138578618407	0.4986299518124064
cell/cpg/flow/0.30/600/s2/Tt	4643158439260848128	254.5
cell/cpg/flow/0.30/600/s2/pt	4677328081534983276	51624.8688784175
cell/cpg/flow/0.30/600/s3/Tt	4645267956093835251	372.9121489314122
cell/cpg/flow/0.30/600/s3/pt	4684982093891792439	167116.55345998865
cell/cpg/flow/0.30/600/s4/Tt	4648488871632306176	600.0
cell/cpg/flow/0.30/600/s4/pt	4684752410649638555	160431.8913215891
cell/cpg/flow/0.30/600/s5/Tt	4647572834613291889	503.9293240361649
cell/cpg/flow/0.30/600/s5/pt	4679453684630370136	68645.33381005877
cell/cpg/flow/0.30/600/s9/Tt	4647572834613291889	503.9293240361649
cell/cpg/flow/0.30/600/s9/pt	4679359339201974230	67272.42713385759
cell/cpg/flow/0.30/600/s4/far	4576263373934011082	0.008864007016158654
cell/cpg/flow/0.30/650/abort	0	0.0
cell/cpg/flow/0.30/650/n_outer	4617315517961601024	5.0
cell/cpg/flow/0.30/650/n_solve_turbine	4630122629401935872	35.0
cell/cpg/flow/0.30/650/branch	0	0.0
cell/cpg/flow/0.30/650/nozzle_choked	0	0.0
cell/cpg/flow/0.30/650/eta_c	4605906544394427384	0.858349485838402
cell/cpg/flow/0.30/650/eta_t	4606281698874539669	0.8999999999995959
cell/cpg/flow/0.30/650/n_corr	4604462066328466084	0.6979802050987769
cell/cpg/flow/0.30/650/N_ratio	4604104457319669020	0.6582776295607888
cell/cpg/flow/0.30/650/flowcoef	4604827438964053350	0.7385447163584729
cell/cpg/flow/0.30/650/nu_t	4607182378311666816	0.9999955048900944
cell/cpg/flow/0.30/650/pi_c	4615118240077318859	3.524212600548116
cell/cpg/flow/0.30/650/tau_c	4609455280512927165	1.504676681092277
cell/cpg/flow/0.30/650/tau_t	4605740205924975748	0.8398822059717905
cell/cpg/flow/0.30/650/pi_t	4601379591121935493	0.4278783551930661
cell/cpg/flow/0.30/650/mdot_air	4600206469723956701	0.3627570358572408
cell/cpg/flow/0.30/650/mdot_ratio	4600206469723956701	0.3627570358572408
cell/cpg/flow/0.30/650/thrust	4635982191224719348	89.26938175832021
cell/cpg/flow/0.30/650/V0	4636390020038410586	95.06497777835958
cell/cpg/flow/0.30/650/V9	4644649046201087417	337.7311946608493
cell/cpg/flow/0.30/650/M9	4605232314373520390	0.7834949165279574
cell/cpg/flow/0.30/650/T9	4647501834341937992	499.89342587236433
cell/cpg/flow/0.30/650/p9	4677104761256804352	50000.0
cell/cpg/flow/0.30/650/F_over_mdot	4642862393476220647	246.08587273122177
cell/cpg/flow/0.30/650/tsfc	4541196859562794875	4.1145708264577406e-05
cell/cpg/flow/0.30/650/eta_th	4593491910369739087	0.12250602902350248
cell/cpg/flow/0.30/650/eta_p	4601609682943496729	0.44065101709682747
cell/cpg/flow/0.30/650/s2/Tt	4643158439260848128	254.5
cell/cpg/flow/0.30/650/s2/pt	4677328081534983276	51624.8688784175
cell/cpg/flow/0.30/650/s3/Tt	4645444371703725428	382.94021533798445
cell/cpg/flow/0.30/650/s3/pt	4685491321017926471	181937.01340296326
cell/cpg/flow/0.30/650/s4/Tt	4648928676283416576	650.0
cell/cpg/flow/0.30/650/s4/pt	4685241268690727226	174659.53286684473
cell/cpg/flow/0.30/650/s5/Tt	4648013209126407711	545.923433881664
cell/cpg/flow/0.30/650/s5/pt	4679872028177336996	74733.03364185482
cell/cpg/flow/0.30/650/s9/Tt	4648013209126407711	545.923433881664
cell/cpg/flow/0.30/650/s9/pt	4679769315878001753	73238.37296901773
cell/cpg/flow/0.30/650/s4/far	4576990504527873516	0.010125377527432776
cell/cpg/flow/0.30/900/abort	0	0.0
cell/cpg/flow/0.30/900/n_outer	4617315517961601024	5.0
cell/cpg/flow/0.30/900/n_solve_turbine	4630122629401935872	35.0
cell/cpg/flow/0.30/900/branch	0	0.0
cell/cpg/flow/0.30/900/nozzle_choked	4607182418800017408	1.0
cell/cpg/flow/0.30/900/eta_c	4605995303429917640	0.8682037183228823
cell/cpg/flow/0.30/900/eta_t	4606281698664110009	0.8999999766372105
cell/cpg/flow/0.30/900/n_corr	4605564969838147426	0.8204270921375889
cell/cpg/flow/0.30/900/N_ratio	4605144625368395508	0.7737594812783457
cell/cpg/flow/0.30/900/flowcoef	4605364484797116137	0.7981687812730033
cell/cpg/flow/0.30/900/nu_t	4607172683773910162	0.9989191949870408
cell/cpg/flow/0.30/900/pi_c	4617654512621410877	5.301087741236697
cell/cpg/flow/0.30/900/tau_c	4610349255292009188	1.7031789577264869
cell/cpg/flow/0.30/900/tau_t	4605740205966649045	0.8398822105984559
cell/cpg/flow/0.30/900/pi_t	4601379591143166352	0.42787835637161553
cell/cpg/flow/0.30/900/mdot_air	4601973002687661975	0.46081931436048634
cell/cpg/flow/0.30/900/mdot_ratio	4601973002687661975	0.46081931436048634
cell/cpg/flow/0.30/900/thrust	4641863700718427040	217.70131735896302
cell/cpg/flow/0.30/900/V0	4636390020038410586	95.06497777835958
cell/cpg/flow/0.30/900/V9	4647403177383448081	494.285427057389
cell/cpg/flow/0.30/900/M9	4607182418800017403	0.9999999999999994
cell/cpg/flow/0.30/900/T9	4648992880033685322	657.2991213379221
cell/cpg/flow/0.30/900/p9	4678495617494738865	60119.811034634135
cell/cpg/flow/0.30/900/F_over_mdot	4647018557069617020	472.42229345591454
cell/cpg/flow/0.30/900/tsfc	4540272751076758410	3.4883705588495994e-05
cell/cpg/flow/0.30/900/eta_th	4595279952173788257	0.16964018754319724
cell/cpg/flow/0.30/900/eta_p	4600433153221462309	0.37534049776890505
cell/cpg/flow/0.30/900/s2/Tt	4643158439260848128	254.5
cell/cpg/flow/0.30/900/s2/pt	4677328081534983276	51624.8688784175
cell/cpg/flow/0.30/900/s3/Tt	4646333108349336268	433.4590447413909
cell/cpg/flow/0.30/900/s3/pt	4688445192210311448	273667.9595543309
cell/cpg/flow/0.30/900/s4/Tt	4651127699538968576	900.0
cell/cpg/flow/0.30/900/s4/pt	4688257129020511624	262721.2411721577
cell/cpg/flow/0.30/900/s5/Tt	4649860129665890913	755.8939895386103
cell/cpg/flow/0.30/900/s5/pt	4682461357390947942	112412.73285665512
cell/cpg/flow/0.30/900/s9/Tt	4649860129665890913	755.8939895386103
cell/cpg/flow/0.30/900/s9/pt	4682306858507340480	110164.47819952201
cell/cpg/flow/0.30/900/s4/far	4580407211947716814	0.01647984019835818
cell/cpg/flow/0.30/1100/abort	0	0.0
cell/cpg/flow/0.30/1100/n_outer	4617315517961601024	5.0
cell/cpg/flow/0.30/1100/n_solve_turbine	4630122629401935872	35.0
cell/cpg/flow/0.30/1100/branch	0	0.0
cell/cpg/flow/0.30/1100/nozzle_choked	4607182418800017408	1.0
cell/cpg/flow/0.30/1100/eta_c	4606066266957865108	0.8760822525864733
cell/cpg/flow/0.30/1100/eta_t	4606281697642109129	0.8999998631723197
cell/cpg/flow/0.30/1100/n_corr	4606332343506685170	0.9056226836677566
cell/cpg/flow/0.30/1100/N_ratio	4605868349215894744	0.8541089691747414
cell/cpg/flow/0.30/1100/flowcoef	4606120884003953694	0.8821459627969295
cell/cpg/flow/0.30/1100/nu_t	4607158859534087496	0.9973843960521345
cell/cpg/flow/0.30/1100/pi_c	4619776679913659313	7.1859509332052065
cell/cpg/flow/0.30/1100/tau_c	4611072573838996166	1.863787938727158
cell/cpg/flow/0.30/1100/tau_t	4605740206169044657	0.8398822330688828
cell/cpg/flow/0.30/1100/pi_t	4601379591246277077	0.4278783620954106
cell/cpg/flow/0.30/1100/mdot_air	4603238983535373678	0.5621907373073733
cell/cpg/flow/0.30/1100/mdot_ratio	4603238983535373678	0.5621907373073733
cell/cpg/flow/0.30/1100/thrust	4644930203553968790	353.7131398364812
cell/cpg/flow/0.30/1100/V0	4636390020038410586	95.06497777835958
cell/cpg/flow/0.30/1100/V9	4648017868185763855	546.4531076066213
cell/cpg/flow/0.30/1100/M9	4607182418800017402	0.9999999999999993
cell/cpg/flow/0.30/1100/T9	4650277694492677933	803.365614239801
cell/cpg/flow/0.30/1100/p9	4680336783094229484	81496.10779444099
cell/cpg/flow/0.30/1100/F_over_mdot	4648745447307889525	629.1692771933582
cell/cpg/flow/0.30/1100/tsfc	4540196171545120202	3.436478249743307e-05
cell/cpg/flow/0.30/1100/eta_th	4594930781308789765	0.15994874919695704
cell/cpg/flow/0.30/1100/eta_p	4600951129132534661	0.40409393690259093
cell/cpg/flow/0.30/1100/s2/Tt	4643158439260848128	254.5
cell/cpg/flow/0.30/1100/s2/pt	4677328081534983276	51624.8688784175
cell/cpg/flow/0.30/1100/s3/Tt	4647052188701711994	474.33403040606174
cell/cpg/flow/0.30/1100/s3/pt	4690116893385244184	370973.77469346067
cell/cpg/flow/0.30/1100/s4/Tt	4652552666608566272	1100.0
cell/cpg/flow/0.30/1100/s4/pt	4689861962148447050	356134.8237057222
cell/cpg/flow/0.30/1100/s5/Tt	4651337666293732416	923.870456375771
cell/cpg/flow/0.30/1100/s5/pt	4684475831720235654	152382.38505234214
cell/cpg/flow/0.30/1100/s9/Tt	4651337666293732416	923.870456375771
cell/cpg/flow/0.30/1100/s9/pt	4684371115342589848	149334.7373512953
cell/cpg/flow/0.30/1100/s4/far	4581889126857401097	0.02162126536481693
cell/cpg/flow/0.30/1500/abort	0	0.0
cell/cpg/flow/0.30/1500/n_outer	4617315517961601024	5.0
cell/cpg/flow/0.30/1500/n_solve_turbine	4630122629401935872	35.0
cell/cpg/flow/0.30/1500/branch	0	0.0
cell/cpg/flow/0.30/1500/nozzle_choked	4607182418800017408	1.0
cell/cpg/flow/0.30/1500/eta_c	4606083571294127850	0.8780034198409485
cell/cpg/flow/0.30/1500/eta_t	4606281698489262143	0.8999999572251979
cell/cpg/flow/0.30/1500/n_corr	4607461027056350728	1.061863460206384
cell/cpg/flow/0.30/1500/N_ratio	4607189005058657766	1.0014624431977324
cell/cpg/flow/0.30/1500/flowcoef	4607565116218693471	1.0849758971357557
cell/cpg/flow/0.30/1500/nu_t	4607189005058657766	1.0014624431977324
cell/cpg/flow/0.30/1500/pi_c	4623071704144831220	12.225040695442182
cell/cpg/flow/0.30/1500/tau_c	4612113703390217977	2.1899302772079605
cell/cpg/flow/0.30/1500/tau_t	4605740206001275721	0.8398822144427892
cell/cpg/flow/0.30/1500/pi_t	4601379591160807274	0.4278783573508834
cell/cpg/flow/0.30/1500/mdot_air	4605477768550872783	0.8107458044466628
cell/cpg/flow/0.30/1500/mdot_ratio	4605477768550872783	0.8107458044466628
cell/cpg/flow/0.30/1500/thrust	4649539731277758216	719.468909980701
cell/cpg/flow/0.30/1500/V0	4636390020038410586	95.06497777835958
cell/cpg/flow/0.30/1500/V9	4648824176445479447	638.1197438825064
cell/cpg/flow/0.30/1500/M9	4607182418800017405	0.9999999999999997
cell/cpg/flow/0.30/1500/T9	4652532868980658495	1095.4985405775512
cell/cpg/flow/0.30/1500/p9	4684003804687794358	138644.59032917552
cell/cpg/flow/0.30/1500/F_over_mdot	4651017010710631882	887.4161371352905
cell/cpg/flow/0.30/1500/tsfc	4540456571431549395	3.612932076356751e-05
cell/cpg/flow/0.30/1500/eta_th	4594566329006184864	0.14983316575371664
cell/cpg/flow/0.30/1500/eta_p	4601063055484826499	0.4103070975714262
cell/cpg/flow/0.30/1500/s2/Tt	4643158439260848128	254.5
cell/cpg/flow/0.30/1500/s2/pt	4677328081534983276	51624.8688784175
cell/cpg/flow/0.30/1500/s3/Tt	4648113606163536239	557.337255549426
cell/cpg/flow/0.30/1500/s3/pt	4693668458308659089	631116.1229355206
cell/cpg/flow/0.30/1500/s4/Tt	4654311885213007872	1500.0
cell/cpg/flow/0.30/1500/s4/pt	4693451608460020179	605871.4780180998
cell/cpg/flow/0.30/1500/s5/Tt	4653255577010804488	1259.8233216641838
cell/cpg/flow/0.30/1500/s5/pt	4688147407112576186	259239.29278013651
cell/cpg/flow/0.30/1500/s9/Tt	4653255577010804488	1259.8233216641838
cell/cpg/flow/0.30/1500/s9/pt	4687969259227083569	254054.50692453378
cell/cpg/flow/0.30/1500/s4/far	4584781405052978099	0.03206174226932692
cell/cpg/flow/0.85/500/abort	0	0.0
cell/cpg/flow/0.85/500/n_outer	4617315517961601024	5.0
cell/cpg/flow/0.85/500/n_solve_turbine	4630122629401935872	35.0
cell/cpg/flow/0.85/500/branch	0	0.0
cell/cpg/flow/0.85/500/nozzle_choked	0	0.0
cell/cpg/flow/0.85/500/eta_c	4605893252853295871	0.8568738283387062
cell/cpg/flow/0.85/500/eta_t	4606281695880774829	0.8999996676249303
cell/cpg/flow/0.85/500/n_corr	4603354328825519158	0.5749966369975315
cell/cpg/flow/0.85/500/N_ratio	4603354328825519158	0.5749966369975315
cell/cpg/flow/0.85/500/flowcoef	4605043723588494793	0.7625571333512023
cell/cpg/flow/0.85/500/nu_t	4607145699956608324	0.9959233894609629
cell/cpg/flow/0.85/500/pi_c	4612740827997439578	2.468429548506532
cell/cpg/flow/0.85/500/tau_c	4608730550824413821	1.3437543637288905
cell/cpg/flow/0.85/500/tau_t	4605740206517856773	0.839882271794807
cell/cpg/flow/0.85/500/pi_t	4601379591423979517	0.4278783719598776
cell/cpg/flow/0.85/500/mdot_air	4601570353370014948	0.43846778719541946
cell/cpg/flow/0.85/500/mdot_ratio	4601570353370014948	0.43846778719541946
cell/cpg/flow/0.85/500/thrust	4626601289062570270	20.989686008623828
cell/cpg/flow/0.85/500/V0	4643446085055202208	269.3507703720188
cell/cpg/flow/0.85/500/V9	4644257199033787547	315.4572620006017
cell/cpg/flow/0.85/500/M9	4605737740434014402	0.8396084814885614
cell/cpg/flow/0.85/500/T9	4645388819278938830	379.78242558710633
cell/cpg/flow/0.85/500/p9	4677104761256804352	50000.0
cell/cpg/flow/0.85/500/F_over_mdot	4631933995675818264	47.87053147707974
cell/cpg/flow/0.85/500/tsfc	4548247869857392653	0.0001168152687744119
cell/cpg/flow/0.85/500/eta_th	4588446257388142460	0.057491763796519074
cell/cpg/flow/0.85/500/eta_p	4606615540819228602	0.937063901357525
cell/cpg/flow/0.85/500/s2/Tt	4643741180423569407	286.12499999999994
cell/cpg/flow/0.85/500/s2/pt	4680081772134739219	77785.20992963416
cell/cpg/flow/0.85/500/s3/Tt	4645471490093414812	384.4817173219287
cell/cpg/flow/0.85/500/s3/pt	4685837333795835554	192007.31062709267
cell/cpg/flow/0.85/500/s4/Tt	4647503709213818880	500.0
cell/cpg/flow/0.85/500/s4/pt	4685573440957519945	184327.01820200894
cell/cpg/flow/0.85/500/s5/Tt	4646095298782021384	419.94113589740346
cell/cpg/flow/0.85/500/s5/pt	4680156287036031875	78869.54445649502
cell/cpg/flow/0.85/500/s9/Tt	4646095298782021384	419.94113589740346
cell/cpg/flow/0.85/500/s9/pt	4680047889559522734	77292.15356736511
cell/cpg/flow/0.85/500/s4/far	4573097169584739880	0.005592009000869015
cell/cpg/flow/0.85/600/abort	0	0.0
cell/cpg/flow/0.85/600/n_outer	4617315517961601024	5.0
cell/cpg/flow/0.85/600/n_solve_turbine	4630122629401935872	35.0
cell/cpg/flow/0.85/600/branch	0	0.0
cell/cpg/flow/0.85/600/nozzle_choked	0	0.0
cell/cpg/flow/0.85/600/eta_c	4605887948519405829	0.8562849289772038
cell/cpg/flow/0.85/600/eta_t	4606281698656370256	0.8999999757779253
cell/cpg/flow/0.85/600/n_corr	4603865603366425492	0.6317595137194183
cell/cpg/flow/0.85/600/N_ratio	4603865603366425492	0.6317595137194183
cell/cpg/flow/0.85/600/flowcoef	4604838121970776228	0.7397307683620693
cell/cpg/flow/0.85/600/nu_t	4607172506362978067	0.9988994984168776
cell/cpg/flow/0.85/600/pi_c	4613688390911065739	2.889232014101997
cell/cpg/flow/0.85/600/tau_c	4609044817602564608	1.4135356063244444
cell/cpg/flow/0.85/600/tau_t	4605740205968181825	0.8398822107686287
cell/cpg/flow/0.85/600/pi_t	4601379591143947297	0.4278783564149667
cell/cpg/flow/0.85/600/mdot_air	4602090323910493309	0.4673319505037126
cell/cpg/flow/0.85/600/mdot_ratio	4602090323910493309	0.4673319505037126
cell/cpg/flow/0.85/600/thrust	4633978279297225138	62.39604024731979
cell/cpg/flow/0.85/600/V0	4643446085055202208	269.3507703720188
cell/cpg/flow/0.85/600/V9	4645737944112573228	399.62787474009633
cell/cpg/flow/0.85/600/M9	4607081146082028644	0.9887564696722504
cell/cpg/flow/0.85/600/T9	4646439051360642364	439.48120770843866
cell/cpg/flow/0.85/600/p9	4677104761256804352	50000.0
cell/cpg/flow/0.85/600/F_over_mdot	4638901674181198024	133.51545979269417
cell/cpg/flow/0.85/600/tsfc	4544081501360060018	6.0692801411060894e-05
cell/cpg/flow/0.85/600/eta_th	4593762000046213833	0.12750855248540052
cell/cpg/flow/0.85/600/eta_p	4605499883824013384	0.8132010929903197
cell/cpg/flow/0.85/600/s2/Tt	4643741180423569407	286.12499999999994
cell/cpg/flow/0.85/600/s2/pt	4680081772134739219	77785.20992963416
cell/cpg/flow/0.85/600/s3/Tt	4645822738460205413	404.4478753595816
cell/cpg/flow/0.85/600/s3/pt	4686962003903226099	224739.51875234357
cell/cpg/flow/0.85/600/s4/Tt	4648488871632306176	600.0
cell/cpg/flow/0.85/600/s4/pt	4686653124260614869	215749.93800224984
cell/cpg/flow/0.85/600/s5/Tt	4647572834655953156	503.9293264611772
cell/cpg/flow/0.85/600/s5/pt	4681080233073480613	92314.72886903452
cell/cpg/flow/0.85/600/s9/Tt	4647572834655953156	503.9293264611772
cell/cpg/flow/0.85/600/s9/pt	4680953356676222498	90468.43429165383
cell/cpg/flow/0.85/600/s4/far	4575824929570867898	0.008103427286504473
cell/cpg/flow/0.85/650/abort	0	0.0
cell/cpg/flow/0.85/650/n_outer	4617315517961601024	5.0
cell/cpg/flow/0.85/650/n_solve_turbine	4630122629401935872	35.0
cell/cpg/flow/0.85/650/branch	0	0.0
cell/cpg/flow/0.85/650/nozzle_choked	4607182418800017408	1.0
cell/cpg/flow/0.85/650/eta_c	4605892002998646435	0.8567350665977823
cell/cpg/flow/0.85/650/eta_t	4606281698868849404	0.8999999993678496
cell/cpg/flow/0.85/650/n_corr	4604103429837804226	0.6581635561584209
cell/cpg/flow/0.85/650/N_ratio	4604103429837804226	0.6581635561584209
cell/cpg/flow/0.85/650/flowcoef	4604804632448669880	0.7360126845094532
cell/cpg/flow/0.85/650/nu_t	4607180817454666654	0.9998222149521216
cell/cpg/flow/0.85/650/pi_c	4614210383322035979	3.1210432114375
cell/cpg/flow/0.85/650/tau_c	4609202540140924607	1.4485570450423635
cell/cpg/flow/0.85/650/tau_t	4605740205926102711	0.8398822060969086
cell/cpg/flow/0.85/650/pi_t	4601379591122509923	0.4278783552249534
cell/cpg/flow/0.85/650/mdot_air	4602398095861385848	0.4844167258144476
cell/cpg/flow/0.85/650/mdot_ratio	4602398095861385848	0.4844167258144476
cell/cpg/flow/0.85/650/thrust	4635666566354321099	84.78408258058623
cell/cpg/flow/0.85/650/V0	4643446085055202208	269.3507703720188
cell/cpg/flow/0.85/650/V9	4646097422204943512	420.0618385159846
cell/cpg/flow/0.85/650/M9	4607182418800017406	0.9999999999999998
cell/cpg/flow/0.85/650/T9	4647058908901422517	474.7160295330353
cell/cpg/flow/0.85/650/p9	4677562751577682473	53332.318162415475
cell/cpg/flow/0.85/650/F_over_mdot	4640362091935626819	175.0230288560725
cell/cpg/flow/0.85/650/tsfc	4543020127971499094	5.350065557546055e-05
cell/cpg/flow/0.85/650/eta_th	4593912602277893831	0.13168860411467717
cell/cpg/flow/0.85/650/eta_p	4606220791536924189	0.8932379271406635
cell/cpg/flow/0.85/650/s2/Tt	4643741180423569407	286.12499999999994
cell/cpg/flow/0.85/650/s2/pt	4680081772134739219	77785.20992963416
cell/cpg/flow/0.85/650/s3/Tt	4645999021121487658	414.4683845127462
cell/cpg/flow/0.85/650/s3/pt	4687581560929425379	242771.00140112554
cell/cpg/flow/0.85/650/s4/Tt	4648928676283416576	650.0
cell/cpg/flow/0.85/650/s4/pt	4687247899005766177	233060.1613450805
cell/cpg/flow/0.85/650/s5/Tt	4648013209127123067	545.9234339629905
cell/cpg/flow/0.85/650/s5/pt	4681589215535206525	99721.39850479546
cell/cpg/flow/0.85/650/s9/Tt	4648013209127123067	545.9234339629905
cell/cpg/flow/0.85/650/s9/pt	4681452159488713891	97726.97053469955
cell/cpg/flow/0.85/650/s4/far	4576551511942959464	0.009363846784602628
cell/cpg/flow/0.85/900/abort	0	0.0
cell/cpg/flow/0.85/900/n_outer	4617315517961601024	5.0
cell/cpg/flow/0.85/900/n_solve_turbine	4630122629401935872	35.0
cell/cpg/flow/0.85/900/branch	0	0.0
cell/cpg/flow/0.85/900/nozzle_choked	4607182418800017408	1.0
cell/cpg/flow/0.85/900/eta_c	4605955727128601074	0.8638098662277669
cell/cpg/flow/0.85/900/eta_t	4606281698796446370	0.899999991329498
cell/cpg/flow/0.85/900/n_corr	4605156759891806034	0.7751066840066676
cell/cpg/flow/0.85/900/N_ratio	4605156759891806034	0.7751066840066676
cell/cpg/flow/0.85/900/flowcoef	4605076868992140632	0.7662370123800128
cell/cpg/flow/0.85/900/nu_t	4607185384088144307	1.0006584262306262
cell/cpg/flow/0.85/900/pi_c	4616787462233976809	4.530992298325125
cell/cpg/flow/0.85/900/tau_c	4609997105705533772	1.62498604192304
cell/cpg/flow/0.85/900/tau_t	4605740205940441352	0.8398822076888175
cell/cpg/flow/0.85/900/pi_t	4601379591129815111	0.4278783556304728
cell/cpg/flow/0.85/900/mdot_air	4603524734162211790	0.5939154298290477
cell/cpg/flow/0.85/900/mdot_ratio	4603524734162211790	0.5939154298290477
cell/cpg/flow/0.85/900/thrust	4641925257293518864	219.4508604497537
cell/cpg/flow/0.85/900/V0	4643446085055202208	269.3507703720188
cell/cpg/flow/0.85/900/V9	4647403177368385891	494.2854262012026
cell/cpg/flow/0.85/900/M9	4607182418800017408	1.0
cell/cpg/flow/0.85/900/T9	4648992880013655665	657.2991190608137
cell/cpg/flow/0.85/900/p9	4680057052878418477	77425.49740714645
cell/cpg/flow/0.85/900/F_over_mdot	4645207902546775081	369.49850000179373
cell/cpg/flow/0.85/900/tsfc	4541400644752841543	4.252661042563346e-05
cell/cpg/flow/0.85/900/eta_th	4593871780970797570	0.1305555852388381
cell/cpg/flow/0.85/900/eta_p	4607783610606835179	1.1334913972290177
cell/cpg/flow/0.85/900/s2/Tt	4643741180423569407	286.12499999999994
cell/cpg/flow/0.85/900/s2/pt	4680081772134739219	77785.20992963416
cell/cpg/flow/0.85/900/s3/Tt	4646887087809666554	464.94913124522975
cell/cpg/flow/0.85/900/s3/pt	4689798557494608900	352444.1871147754
cell/cpg/flow/0.85/900/s4/Tt	4651127699538968576	900.0
cell/cpg/flow/0.85/900/s4/pt	4689556359693437177	338346.41963018436
cell/cpg/flow/0.85/900/s5/Tt	4649860129642856808	755.8939869199357
cell/cpg/flow/0.85/900/s5/pt	4684214310289273554	144771.1096648188
cell/cpg/flow/0.85/900/s9/Tt	4649860129642856808	755.8939869199357
cell/cpg/flow/0.85/900/s9/pt	4684114824340246990	141875.68747152243
cell/cpg/flow/0.85/900/s4/far	4580186334831986751	0.015713518762432207
cell/cpg/flow/0.85/1100/abort	0	0.0
cell/cpg/flow/0.85/1100/n_outer	4617315517961601024	5.0
cell/cpg/flow/0.85/1100/n_solve_turbine	4630122629401935872	35.0
cell/cpg/flow/0.85/1100/branch	0	0.0
cell/cpg/flow/0.85/1100/nozzle_choked	4607182418800017408	1.0
cell/cpg/flow/0.85/1100/eta_c	4606025700759442978	0.8715784998354972
cell/cpg/flow/0.85/1100/eta_t	4606281698801959820	0.899999991941614
cell/cpg/flow/0.85/1100/n_corr	4605883628074470470	0.8558052632328177
cell/cpg/flow/0.85/1100/N_ratio	4605883628074470470	0.8558052632328177
cell/cpg/flow/0.85/1100/flowcoef	4605634658617341490	0.8281641008595158
cell/cpg/flow/0.85/1100/nu_t	4607176701396991290	0.9993652407519342
cell/cpg/flow/0.85/1100/pi_c	4618450368804350171	6.007950028108293
cell/cpg/flow/0.85/1100/tau_c	4610639992316351087	1.767735545433563
cell/cpg/flow/0.85/1100/tau_t	4605740205939349481	0.8398822075675955
cell/cpg/flow/0.85/1100/pi_t	4601379591129258725	0.42787835559958715
cell/cpg/flow/0.85/1100/mdot_air	4604559046763914233	0.7087471963360478
cell/cpg/flow/0.85/1100/mdot_ratio	4604559046763914233	0.7087471963360478
cell/cpg/flow/0.85/1100/thrust	4645049299983966459	360.4829880916656
cell/cpg/flow/0.85/1100/V0	4643446085055202208	269.3507703720188
cell/cpg/flow/0.85/1100/V9	4648017868112791826	546.4530993106621
cell/cpg/flow/0.85/1100/M9	4607182418800017404	0.9999999999999996
cell/cpg/flow/0.85/1100/T9	4650277694278118920	803.3655898472653
cell/cpg/flow/0.85/1100/p9	4681791410247644339	102663.71881981454
cell/cpg/flow/0.85/1100/F_over_mdot	4647655353586749318	508.61998460836946
cell/cpg/flow/0.85/1100/tsfc	4541174674302597632	4.099537509393361e-05
cell/cpg/flow/0.85/1100/eta_th	4593856948361764496	0.13014389763724354
cell/cpg/flow/0.85/1100/eta_p	4607991033073768912	1.1795484369518938
cell/cpg/flow/0.85/1100/s2/Tt	4643741180423569407	286.12499999999994
cell/cpg/flow/0.85/1100/s2/pt	4680081772134739219	77785.20992963416
cell/cpg/flow/0.85/1100/s3/Tt	4647605626604666960	505.7933329371781
cell/cpg/flow/0.85/1100/s3/pt	4691772274789986402	467329.65418315504
cell/cpg/flow/0.85/1100/s4/Tt	4652552666608566272	1100.0
cell/cpg/flow/0.85/1100/s4/pt	4691451128296999579	448636.4680158288
cell/cpg/flow/0.85/1100/s5/Tt	4651337666046989551	923.870428324355
cell/cpg/flow/0.85/1100/s5/pt	4685835771237582608	191961.83419662016
cell/cpg/flow/0.85/1100/s9/Tt	4651337666046989551	923.870428324355
cell/cpg/flow/0.85/1100/s9/pt	4685703856069589863	188122.59751268776
cell/cpg/flow/0.85/1100/s4/far	4581667132307205599	0.020851067049290847
cell/cpg/flow/0.85/1500/abort	0	0.0
cell/cpg/flow/0.85/1500/n_outer	4607182418800017408	1.0
cell/cpg/flow/0.85/1500/n_solve_turbine	4607182418800017408	1.0
cell/cpg/flow/0.85/1500/branch	0	0.0
cell/cpg/flow/0.85/1500/nozzle_choked	4607182418800017408	1.0
cell/cpg/flow/0.85/1500/eta_c	4606101554889448489	0.88
cell/cpg/flow/0.85/1500/eta_t	4606281698874543309	0.9
cell/cpg/flow/0.85/1500/n_corr	4607182418800017418	1.0000000000000022
cell/cpg/flow/0.85/1500/N_ratio	4607182418800017418	1.0000000000000022
cell/cpg/flow/0.85/1500/flowcoef	4607182418800017445	1.0000000000000082
cell/cpg/flow/0.85/1500/nu_t	4607182418800017418	1.0000000000000022
cell/cpg/flow/0.85/1500/pi_c	4621819117588971577	10.000000000000101
cell/cpg/flow/0.85/1500/tau_c	4611815746991539699	2.057611055549154
cell/cpg/flow/0.85/1500/tau_t	4605740205924975101	0.8398822059717187
cell/cpg/flow/0.85/1500/pi_t	4601379591121935493	0.4278783551930661
cell/cpg/flow/0.85/1500/mdot_air	4607182418800017455	1.0000000000000104
cell/cpg/flow/0.85/1500/mdot_ratio	4607182418800017455	1.0000000000000104
cell/cpg/flow/0.85/1500/thrust	4649780385265186447	746.8281007965141
cell/cpg/flow/0.85/1500/V0	4643446085055202208	269.3507703720188
cell/cpg/flow/0.85/1500/V9	4648824176417173227	638.1197406644618
cell/cpg/flow/0.85/1500/M9	4607182418800017409	1.0000000000000002
cell/cpg/flow/0.85/1500/T9	4652532868932063501	1095.4985295283288
cell/cpg/flow/0.85/1500/p9	4685111397417843452	170879.78135963518
cell/cpg/flow/0.85/1500/F_over_mdot	4649780385265186378	746.8281007965063
cell/cpg/flow/0.85/1500/tsfc	4541306508773566647	4.188872021789038e-05
cell/cpg/flow/0.85/1500/eta_th	4593841819363922599	0.12972398359365409
cell/cpg/flow/0.85/1500/eta_p	4607894570279413602	1.1581293938893045
cell/cpg/flow/0.85/1500/s2/Tt	4643741180423569407	286.12499999999994
cell/cpg/flow/0.85/1500/s2/pt	4680081772134739219	77785.20992963416
cell/cpg/flow/0.85/1500/s3/Tt	4648389774525228701	588.7339632690015
cell/cpg/flow/0.85/1500/s3/pt	4694928910747891867	777852.0992963495
cell/cpg/flow/0.85/1500/s4/Tt	4654311885213007872	1500.0
cell/cpg/flow/0.85/1500/s4/pt	4694661642801683646	746738.0153244955
cell/cpg/flow/0.85/1500/s5/Tt	4653255576954920245	1259.823308957578
cell/cpg/flow/0.85/1500/s5/pt	4689232804587847161	319513.03375717957
cell/cpg/flow/0.85/1500/s9/Tt	4653255576954920245	1259.823308957578
cell/cpg/flow/0.85/1500/s9/pt	4689123020745396534	313122.77308203594
cell/cpg/flow/0.85/1500/s4/far	4584669273506512818	0.03128367336512329
cell/cpg/flow/1.60/500/abort	4611686018427387904	2.0
cell/cpg/flow/1.60/600/abort	0	0.0
cell/cpg/flow/1.60/600/n_outer	4617315517961601024	5.0
cell/cpg/flow/1.60/600/n_solve_turbine	4630122629401935872	35.0
cell/cpg/flow/1.60/600/branch	0	0.0
cell/cpg/flow/1.60/600/nozzle_choked	4607182418800017408	1.0
cell/cpg/flow/1.60/600/eta_c	4605901555354624858	0.8577955911524484
cell/cpg/flow/1.60/600/eta_t	4606281693962402948	0.8999994546428671
cell/cpg/flow/1.60/600/n_corr	4603105572384162250	0.5473791241257058
cell/cpg/flow/1.60/600/N_ratio	4603842125398675908	0.6291529356827188
cell/cpg/flow/1.60/600/flowcoef	4605212239289471725	0.7812661344747461
cell/cpg/flow/1.60/600/nu_t	4607135384436517736	0.9947781366694075
cell/cpg/flow/1.60/600/pi_c	4612350781853229832	2.2952142645193625
cell/cpg/flow/1.60/600/tau_c	4608589060431527387	1.3123371853397348
cell/cpg/flow/1.60/600/tau_t	4605740206897768307	0.8398823139734602
cell/cpg/flow/1.60/600/pi_t	4601379591617525405	0.42787838270383266
cell/cpg/flow/1.60/600/mdot_air	4606722458335178063	0.9489341301518069
cell/cpg/flow/1.60/600/mdot_ratio	4606722458335178063	0.9489341301518069
cell/cpg/flow/1.60/600/thrust	4632559955166957000	52.318241170166914
cell/cpg/flow/1.60/600/V0	4647627086993665144	507.01321481791774
cell/cpg/flow/1.60/600/V9	4645807512610931093	403.5823860317699
cell/cpg/flow/1.60/600/M9	4607182418800017405	0.9999999999999997
cell/cpg/flow/1.60/600/T9	4646416502760046911	438.19946816006626
cell/cpg/flow/1.60/600/p9	4681610430503258856	100030.1169214655
cell/cpg/flow/1.60/600/F_over_mdot	4632956194513351972	55.13369106219969
cell/cpg/flow/1.60/600/tsfc	4547516316395271465	0.00010690087061289835
cell/cpg/flow/1.60/600/eta_th	13819197445817623707	-0.18477965469700028
cell/cpg/flow/1.60/600/eta_p	13826948949262285249	-0.5997083787604468
cell/cpg/flow/1.60/600/s2/Tt	4645357462516400128	378.0
cell/cpg/flow/1.60/600/s2/pt	4686056548495755892	198387.29808719794
cell/cpg/flow/1.60/600/s3/Tt	4647434456800426582	496.0634560584198
cell/cpg/flow/1.60/600/s3/pt	4691566317403521663	455341.35646919155
cell/cpg/flow/1.60/600/s4/Tt	4648488871632306176	600.0
cell/cpg/flow/1.60/600/s4/pt	4691253409205993430	437127.7022104239
cell/cpg/flow/1.60/600/s5/Tt	4647572835745312315	503.92938838407616
cell/cpg/flow/1.60/600/s5/pt	4685666572205616666	187037.4942568399
cell/cpg/flow/1.60/600/s9/Tt	4647572835745312315	503.92938838407616
cell/cpg/flow/1.60/600/s9/pt	4685538041018263239	183296.7443717031
cell/cpg/flow/1.60/600/s4/far	4573445156544001783	0.005893839574651719
cell/cpg/flow/1.60/650/abort	0	0.0
cell/cpg/flow/1.60/650/n_outer	4617315517961601024	5.0
cell/cpg/flow/1.60/650/n_solve_turbine	4630122629401935872	35.0
cell/cpg/flow/1.60/650/branch	0	0.0
cell/cpg/flow/1.60/650/nozzle_choked	4607182418800017408	1.0
cell/cpg/flow/1.60/650/eta_c	4605893588827672273	0.8569111289875427
cell/cpg/flow/1.60/650/eta_t	4606281696745828097	0.8999997636651359
cell/cpg/flow/1.60/650/n_corr	4603316098064681322	0.5707521699044211
cell/cpg/flow/1.60/650/N_ratio	4604084101835294193	0.6560177168177558
cell/cpg/flow/1.60/650/flowcoef	4605060372660029403	0.7644055516068379
cell/cpg/flow/1.60/650/nu_t	4607151456111123151	0.996562450988529
cell/cpg/flow/1.60/650/pi_c	4612677332727475179	2.440231984238826
cell/cpg/flow/1.60/650/tau_c	4608708186415133830	1.3387884673059331
cell/cpg/flow/1.60/650/tau_t	4605740206346542797	0.839882252775135
cell/cpg/flow/1.60/650/pi_t	4601379591336703217	0.4278783671150697
cell/cpg/flow/1.60/650/mdot_air	4606895089567490917	0.9681000470401214
cell/cpg/flow/1.60/650/mdot_ratio	4606895089567490917	0.9681000470401214
cell/cpg/flow/1.60/650/thrust	4635728463138893614	85.6636887934844
cell/cpg/flow/1.60/650/V0	4647627086993665144	507.01321481791774
cell/cpg/flow/1.60/650/V9	4646097422410295545	420.06185018889624
cell/cpg/flow/1.60/650/M9	4607182418800017408	1.0
cell/cpg/flow/1.60/650/T9	4647058909365563237	474.71605591638064
cell/cpg/flow/1.60/650/p9	4682044748866201218	106350.28092112581
cell/cpg/flow/1.60/650/F_over_mdot	4635927093839173460	88.48640081714012
cell/cpg/flow/1.60/650/tsfc	4545591908330791911	8.082027805968139e-05
cell/cpg/flow/1.60/650/eta_th	13817210070285040963	-0.12961890282574914
cell/cpg/flow/1.60/650/eta_p	13831143538550570353	-1.1308026788609278
cell/cpg/flow/1.60/650/s2/Tt	4645357462516400128	378.0
cell/cpg/flow/1.60/650/s2/pt	4686056548495755892	198387.29808719794
cell/cpg/flow/1.60/650/s3/Tt	4647610353760595470	506.06204064164274
cell/cpg/flow/1.60/650/s3/pt	4692060576632262712	484111.03005910246
cell/cpg/flow/1.60/650/s4/Tt	4648928676283416576	650.0
cell/cpg/flow/1.60/650/s4/pt	4691727898065584837	464746.58885673835
cell/cpg/flow/1.60/650/s5/Tt	4648013209394003981	545.9234643038377
cell/cpg/flow/1.60/650/s5/pt	4686072619008392321	198855.01156232136
cell/cpg/flow/1.60/650/s9/Tt	4648013209394003981	545.9234643038377
cell/cpg/flow/1.60/650/s9/pt	4685935966884983381	194877.91133107492
cell/cpg/flow/1.60/650/s4/far	4574895135127109145	0.0071514955185416835
cell/cpg/flow/1.60/900/abort	0	0.0
cell/cpg/flow/1.60/900/n_outer	4617315517961601024	5.0
cell/cpg/flow/1.60/900/n_solve_turbine	4630122629401935872	35.0
cell/cpg/flow/1.60/900/branch	0	0.0
cell/cpg/flow/1.60/900/nozzle_choked	4607182418800017408	1.0
cell/cpg/flow/1.60/900/eta_c	4605895125637898151	0.8570817491972677
cell/cpg/flow/1.60/900/eta_t	4606281698154372818	0.899999920045014
cell/cpg/flow/1.60/900/n_corr	4604257478072183220	0.6752663458294621
cell/cpg/flow/1.60/900/N_ratio	4605166116053974596	0.776145426672834
cell/cpg/flow/1.60/900/flowcoef	4604789441167000246	0.7343261134411339
cell/cpg/flow/1.60/900/nu_t	4607191423464854849	1.001999437246312
cell/cpg/flow/1.60/900/pi_c	4614577477610937422	3.2840658241362126
cell/cpg/flow/1.60/900/tau_c	4609308310404287758	1.4720427613836509
cell/cpg/flow/1.60/900/tau_t	4605740206067596634	0.8398822218058897
cell/cpg/flow/1.60/900/pi_t	4601379591194594398	0.42787835922644557
cell/cpg/flow/1.60/900/mdot_air	4607634150411164647	1.1003045671293366
cell/cpg/flow/1.60/900/mdot_ratio	4607634150411164647	1.1003045671293366
cell/cpg/flow/1.60/900/thrust	4643443603728402383	269.2097232734058
cell/cpg/flow/1.60/900/V0	4647627086993665144	507.01321481791774
cell/cpg/flow/1.60/900/V9	4647403177441465106	494.285430355275
cell/cpg/flow/1.60/900/M9	4607182418800017409	1.0000000000000002
cell/cpg/flow/1.60/900/T9	4648992880110836162	657.2991301089571
cell/cpg/flow/1.60/900/p9	4684157794235468113	143126.2760167816
cell/cpg/flow/1.60/900/F_over_mdot	4642812519479297004	244.66836848252512
cell/cpg/flow/1.60/900/tsfc	4543259782066384669	5.512461488996047e-05
cell/cpg/flow/1.60/900/eta_th	13799243731110742271	-0.008184551083591616
cell/cpg/flow/1.60/900/eta_p	13851455772377339853	-26.25639382513309
cell/cpg/flow/1.60/900/s2/Tt	4645357462516400128	378.0
cell/cpg/flow/1.60/900/s2/pt	4686056548495755892	198387.29808719794
cell/cpg/flow/1.60/900/s3/Tt	4648105644892341219	556.43216380302
cell/cpg/flow/1.60/900/s3/pt	4693843700040891705	651516.9455908901
cell/cpg/flow/1.60/900/s4/Tt	4651127699538968576	900.0
cell/cpg/flow/1.60/900/s4/pt	4693619840522963490	625456.2677672545
cell/cpg/flow/1.60/900/s5/Tt	4649860129754614380	755.8939996253007
cell/cpg/flow/1.60/900/s5/pt	4688341275340276337	267619.2016201383
cell/cpg/flow/1.60/900/s9/Tt	4649860129754614380	755.8939996253007
cell/cpg/flow/1.60/900/s9/pt	4688249322082777127	262266.81758773554
cell/cpg/flow/1.60/900/s4/far	4578928491825260106	0.01348724958835414
cell/cpg/flow/1.60/1100/abort	0	0.0
cell/cpg/flow/1.60/1100/n_outer	4618441417868443648	6.0
cell/cpg/flow/1.60/1100/n_solve_turbine	4631107791820423168	42.0
cell/cpg/flow/1.60/1100/branch	0	0.0
cell/cpg/flow/1.60/1100/nozzle_choked	4607182418800017408	1.0
cell/cpg/flow/1.60/1100/eta_c	4605932559864495645	0.861237783225025
cell/cpg/flow/1.60/1100/eta_t	4606281696963740145	0.8999997878582332
cell/cpg/flow/1.60/1100/n_corr	4604907847576431390	0.7474718656424988
cell/cpg/flow/1.60/1100/N_ratio	4605913645261504772	0.8591378404508139
cell/cpg/flow/1.60/1100/flowcoef	4604934319024427028	0.7504107867484913
cell/cpg/flow/1.60/1100/nu_t	4607197086359814026	1.0032568525202543
cell/cpg/flow/1.60/1100/pi_c	4616333393452415221	4.127698205482592
cell/cpg/flow/1.60/1100/tau_c	4609793872775508568	1.579859266267837
cell/cpg/flow/1.60/1100/tau_t	4605740206303387913	0.8398822479839804
cell/cpg/flow/1.60/1100/pi_t	4601379591314718482	0.42787836589467176
cell/cpg/flow/1.60/1100/mdot_air	4608284166534236411	1.244637140371707
cell/cpg/flow/1.60/1100/mdot_ratio	4608284166534236411	1.244637140371707
cell/cpg/flow/1.60/1100/thrust	4646563352054458343	446.5468841117094
cell/cpg/flow/1.60/1100/V0	4647627086993665144	507.01321481791774
cell/cpg/flow/1.60/1100/V9	4648017868228443466	546.4531124587313
cell/cpg/flow/1.60/1100/M9	4607182418800017408	1.0
cell/cpg/flow/1.60/1100/T9	4650277694618168407	803.3656285064161
cell/cpg/flow/1.60/1100/p9	4685421106291271564	179893.49590283295
cell/cpg/flow/1.60/1100/F_over_mdot	4645019283751604608	358.7767628228976
cell/cpg/flow/1.60/1100/tsfc	4542781043589954161	5.188055678872074e-05
cell/cpg/flow/1.60/1100/eta_th	4584178813807542369	0.029565212774912534
cell/cpg/flow/1.60/1100/eta_p	4620381420249358051	7.723068248895035
cell/cpg/flow/1.60/1100/s2/Tt	4645357462516400128	378.0
cell/cpg/flow/1.60/1100/s2/pt	4686056548495755892	198387.29808719794
cell/cpg/flow/1.60/1100/s3/Tt	4648464126486719083	597.1868026492424
cell/cpg/flow/1.60/1100/s3/pt	4695281362593274511	818882.894305067
cell/cpg/flow/1.60/1100/s4/Tt	4652552666608566272	1100.0
cell/cpg/flow/1.60/1100/s4/pt	4694999996573250984	786127.5785328643
cell/cpg/flow/1.60/1100/s5/Tt	4651337666438046461	923.8704727823784
cell/cpg/flow/1.60/1100/s5/pt	4689522353242881634	336366.9836873767
cell/cpg/flow/1.60/1100/s9/Tt	4651337666438046461	923.8704727823784
cell/cpg/flow/1.60/1100/s9/pt	4689406778427330318	329639.6440136292
cell/cpg/flow/1.60/1100/s4/far	4581022208530543101	0.01861353821810673
cell/cpg/flow/1.60/1500/abort	0	0.0
cell/cpg/flow/1.60/1500/n_outer	4617315517961601024	5.0
cell/cpg/flow/1.60/1500/n_solve_turbine	4630122629401935872	35.0
cell/cpg/flow/1.60/1500/branch	0	0.0
cell/cpg/flow/1.60/1500/nozzle_choked	4607182418800017408	1.0
cell/cpg/flow/1.60/1500/eta_c	4606037326135213021	0.8728691758204793
cell/cpg/flow/1.60/1500/eta_t	4606281697550750665	0.8999998530294927
cell/cpg/flow/1.60/1500/n_corr	4606032956257074398	0.8723840218880488
cell/cpg/flow/1.60/1500/N_ratio	4607194627231591308	1.002710816365581
cell/cpg/flow/1.60/1500/flowcoef	4605750695390231737	0.841046770556111
cell/cpg/flow/1.60/1500/nu_t	4607194627231591308	1.002710816365581
cell/cpg/flow/1.60/1500/pi_c	4618857463778635349	6.369522999036765
cell/cpg/flow/1.60/1500/tau_c	4610779885150291123	1.7987979944776213
cell/cpg/flow/1.60/1500/tau_t	4605740206187137079	0.8398822350775451
cell/cpg/flow/1.60/1500/pi_t	4601379591255494024	0.4278783626070539
cell/cpg/flow/1.60/1500/mdot_air	4610011055631750973	1.6280835477786717
cell/cpg/flow/1.60/1500/mdot_ratio	4610011055631750973	1.6280835477786717
cell/cpg/flow/1.60/1500/thrust	4651284637441713560	917.8417738817398
cell/cpg/flow/1.60/1500/V0	4647627086993665144	507.01321481791774
cell/cpg/flow/1.60/1500/V9	4648824176514430825	638.1197517213706
cell/cpg/flow/1.60/1500/M9	4607182418800017408	1.0
cell/cpg/flow/1.60/1500/T9	4652532869099031471	1095.4985674924499
cell/cpg/flow/1.60/1500/p9	4688512688915158653	277596.7848628534
cell/cpg/flow/1.60/1500/F_over_mdot	4648170065525280182	563.7559418458757
cell/cpg/flow/1.60/1500/tsfc	4542722225590898816	5.148199052398914e-05
cell/cpg/flow/1.60/1500/eta_th	4589361711656806434	0.06518800768131475
cell/cpg/flow/1.60/1500/eta_p	4615130865209095487	3.5298192853430517
cell/cpg/flow/1.60/1500/s2/Tt	4645357462516400128	378.0
cell/cpg/flow/1.60/1500/s2/pt	4686056548495755892	198387.29808719794
cell/cpg/flow/1.60/1500/s3/Tt	4649192080935289016	679.9456419125409
cell/cpg/flow/1.60/1500/s3/pt	4698178071800829143	1263632.4578831696
cell/cpg/flow/1.60/1500/s4/Tt	4654311885213007872	1500.0
cell/cpg/flow/1.60/1500/s4/pt	4697960981397598250	1213087.1595678427
cell/cpg/flow/1.60/1500/s5/Tt	4653255577146933411	1259.8233526163174
cell/cpg/flow/1.60/1500/s5/pt	4692660887947441084	519053.7475355228
cell/cpg/flow/1.60/1500/s9/Tt	4653255577146933411	1259.8233526163174
cell/cpg/flow/1.60/1500/s9/pt	4692482542437798579	508672.67258481233
cell/cpg/flow/1.60/1500/s4/far	4584022611759646686	0.029023278055951944
cell/cpg/press/0.30/500/abort	0	0.0
cell/cpg/press/0.30/500/n_outer	4617315517961601024	5.0
cell/cpg/press/0.30/500/n_solve_turbine	4630122629401935872	35.0
cell/cpg/press/0.30/500/branch	0	0.0
cell/cpg/press/0.30/500/nozzle_choked	0	0.0
cell/cpg/press/0.30/500/eta_c	4605798127662738420	0.8463128106608324
cell/cpg/press/0.30/500/eta_t	4606281698266858435	0.8999999325334261
cell/cpg/press/0.30/500/n_corr	4603679046446268192	0.6110475349032392
cell/cpg/press/0.30/500/N_ratio	4603365977247903587	0.5762898716707067
cell/cpg/press/0.30/500/flowcoef	4604823156540435860	0.7380692718283393
cell/cpg/press/0.30/500/nu_t	4607165875616006177	0.9981633376210121
cell/cpg/press/0.30/500/pi_c	4613249034571710053	2.6941186045149146
cell/cpg/press/0.30/500/tau_c	4608924240482195235	1.386762107269029
cell/cpg/press/0.30/500/tau_t	4605740206045320107	0.8398822193326984
cell/cpg/press/0.30/500/pi_t	4601379591183245141	0.42787835859643525
cell/cpg/press/0.30/500/mdot_air	4599388878431472464	0.31737160197478875
cell/cpg/press/0.30/500/mdot_ratio	4599388878431472464	0.31737160197478875
cell/cpg/press/0.30/500/thrust	4626921092190522967	22.12585495582456
cell/cpg/press/0.30/500/V0	4636390020038410586	95.06497777835958
cell/cpg/press/0.30/500/V9	4639965142037310101	163.74103418768632
cell/cpg/press/0.30/500/M9	4601235678635381264	0.41988960738788794
cell/cpg/press/0.30/500/T9	4645904956786450544	409.12144611636813
cell/cpg/press/0.30/500/p9	4677104761256804352	50000.0
cell/cpg/press/0.30/500/F_over_mdot	4634606239062764440	69.71592548971091
cell/cpg/press/0.30/500/tsfc	4546349965399222084	9.109386706543122e-05
cell/cpg/press/0.30/500/eta_th	4584917843632320210	0.033008475095781656
cell/cpg/press/0.30/500/eta_p	4604828746977030192	0.7386899349708127
cell/cpg/press/0.30/500/s2/Tt	4643158439260848128	254.5
cell/cpg/press/0.30/500/s2/pt	4677328081534983276	51624.8688784175
cell/cpg/press/0.30/500/s3/Tt	4644916443235673568	352.9309562999679
cell/cpg/press/0.30/500/s3/pt	4684018886186171852	139083.5197009876
cell/cpg/press/0.30/500/s4/Tt	4647503709213818880	500.0
cell/cpg/press/0.30/500/s4/pt	4683827731252242792	133520.17891294812
cell/cpg/press/0.30/500/s5/Tt	4646095298320559797	419.9411096663492
cell/cpg/press/0.30/500/s5/pt	4678084755282453277	57130.39499277456
cell/cpg/press/0.30/500/s9/Tt	4646095298320559797	419.9411096663492
cell/cpg/press/0.30/500/s9/pt	4677927716448468298	55987.78709291907
cell/cpg/press/0.30/500/s4/far	4573971872969505005	0.006350693248903233
cell/cpg/press/0.30/600/abort	0	0.0
cell/cpg/press/0.30/600/n_outer	4617315517961601024	5.0
cell/cpg/press/0.30/600/n_solve_turbine	4630122629401935872	35.0
cell/cpg/press/0.30/600/branch	0	0.0
cell/cpg/press/0.30/600/nozzle_choked	0	0.0
cell/cpg/press/0.30/600/eta_c	4605874007896338167	0.8547372089064699
cell/cpg/press/0.30/600/eta_t	4606281698862595171	0.8999999986734902
cell/cpg/press/0.30/600/n_corr	4604213898122735288	0.6704279995005527
cell/cpg/press/0.30/600/N_ratio	4603870405441109364	0.6322926511074187
cell/cpg/press/0.30/600/flowcoef	4604786012722283844	0.7339454796148535
cell/cpg/press/0.30/600/nu_t	4607180099109725702	0.9997424626428149
cell/cpg/press/0.30/600/pi_c	4614451243805756407	3.228006753337009
cell/cpg/press/0.30/600/tau_c	4609277825131802968	1.4652736710987337
cell/cpg/press/0.30/600/tau_t	4605740205927341201	0.8398822062344086
cell/cpg/press/0.30/600/pi_t	4601379591123140492	0.427878355259957
cell/cpg/press/0.30/600/mdot_air	4599909422883759445	0.34626762378828363
cell/cpg/press/0.30/600/mdot_ratio	4599909422883759445	0.34626762378828363
cell/cpg/press/0.30/600/thrust	4634418462220361753	67.04745606344694
cell/cpg/press/0.30/600/V0	4636390020038410586	95.06497777835958
cell/cpg/press/0.30/600/V9	4643741751863447833	286.1574825963631
cell/cpg/press/0.30/600/M9	4604336083101273944	0.6839932571442473
cell/cpg/press/0.30/600/T9	4646991496597236951	470.88408368984295
cell/cpg/press/0.30/600/p9	4677104761256804352	50000.0
cell/cpg/press/0.30/600/F_over_mdot	4641016731584886657	193.6290067489572
cell/cpg/press/0.30/600/tsfc	4541880509624742142	4.5778301279471634e-05
cell/cpg/press/0.30/600/eta_th	4591651630325960562	0.09696701306898861
cell/cpg/press/0.30/600/eta_p	4602682170802267226	0.5003721056374488
cell/cpg/press/0.30/600/s2/Tt	4643158439260848128	254.5
cell/cpg/press/0.30/600/s2/pt	4677328081534983276	51624.8688784175
cell/cpg/press/0.30/600/s3/Tt	4645267956100225006	372.91214929462774
cell/cpg/press/0.30/600/s3/pt	4684965906054214847	166645.42537966926
cell/cpg/press/0.30/600/s4/Tt	4648488871632306176	600.0
cell/cpg/press/0.30/600/s4/pt	4684736870325564067	159979.6083644825
cell/cpg/press/0.30/600/s5/Tt	4647572834608093050	503.92932374064515
cell/cpg/press/0.30/600/s5/pt	4679440385892376200	68451.81170212675
cell/cpg/press/0.30/600/s9/Tt	4647572834608093050	503.92932374064515
cell/cpg/press/0.30/600/s9/pt	4679346306438740173	67082.77546808422
cell/cpg/press/0.30/600/s4/far	4576263373928961260	0.00886400700739861
cell/cpg/press/0.30/650/abort	0	0.0
cell/cpg/press/0.30/650/n_outer	4616189618054758400	4.0
cell/cpg/press/0.30/650/n_solve_turbine	4628574517030027264	28.0
cell/cpg/press/0.30/650/branch	0	0.0
cell/cpg/press/0.30/650/nozzle_choked	0	0.0
cell/cpg/press/0.30/650/eta_c	4605906446905202826	0.8583386623602263
cell/cpg/press/0.30/650/eta_t	4606281698874540900	0.8999999999997326
cell/cpg/press/0.30/650/n_corr	4604462071600220860	0.6979807903811301
cell/cpg/press/0.30/650/N_ratio	4604104462291555346	0.6582781815510563
cell/cpg/press/0.30/650/flowcoef	4604827344648095831	0.7385342451837101
cell/cpg/press/0.30/650/nu_t	4607182385864504333	0.9999963434235056
cell/cpg/press/0.30/650/pi_c	4615118134216688487	3.52416558898442
cell/cpg/press/0.30/650/tau_c	4609455280512927504	1.5046766810923522
cell/cpg/press/0.30/650/tau_t	4605740205924975534	0.8398822059717668
cell/cpg/press/0.30/650/pi_t	4601379591121935493	0.4278783551930661
cell/cpg/press/0.30/650/mdot_air	4600206382551716341	0.362752196825823
cell/cpg/press/0.30/650/mdot_ratio	4600206382551716341	0.362752196825823
cell/cpg/press/0.30/650/thrust	4635981961858905536	89.26612227406349
cell/cpg/press/0.30/650/V0	4636390020038410586	95.06497777835958
cell/cpg/press/0.30/650/V9	4644648946883751920	337.72554912394753
cell/cpg/press/0.30/650/M9	4605232185544609319	0.7834806136456266
cell/cpg/press/0.30/650/T9	4647501861413997459	499.89496474078004
cell/cpg/press/0.30/650/p9	4677104761256804352	50000.0
cell/cpg/press/0.30/650/F_over_mdot	4642862192830298613	246.08017003112732
cell/cpg/press/0.30/650/tsfc	4541197000277072499	4.114666178161178e-05
cell/cpg/press/0.30/650/eta_th	4593491590131756162	0.12250158482872744
cell/cpg/press/0.30/650/eta_p	4601609786965562754	0.44065679148146597
cell/cpg/press/0.30/650/s2/Tt	4643158439260848128	254.5
cell/cpg/press/0.30/650/s2/pt	4677328081534983276	51624.8688784175
cell/cpg/press/0.30/650/s3/Tt	4645444371703725765	382.9402153380036
cell/cpg/press/0.30/650/s3/pt	4685491237628016157	181934.58643715168
cell/cpg/press/0.30/650/s4/Tt	4648928676283416576	650.0
cell/cpg/press/0.30/650/s4/pt	4685241188636413324	174657.2029796656
cell/cpg/press/0.30/650/s5/Tt	4648013209126407574	545.9234338816484
cell/cpg/press/0.30/650/s5/pt	4679871959670320688	74732.03673356096
cell/cpg/press/0.30/650/s9/Tt	4648013209126407574	545.9234338816484
cell/cpg/press/0.30/650/s9/pt	4679769248741125771	73237.39599888974
cell/cpg/press/0.30/650/s4/far	4576990504527873250	0.010125377527432314
cell/cpg/press/0.30/900/abort	0	0.0
cell/cpg/press/0.30/900/n_outer	4617315517961601024	5.0
cell/cpg/press/0.30/900/n_solve_turbine	4630122629401935872	35.0
cell/cpg/press/0.30/900/branch	0	0.0
cell/cpg/press/0.30/900/nozzle_choked	4607182418800017408	1.0
cell/cpg/press/0.30/900/eta_c	4606025760352618274	0.8715851160070296
cell/cpg/press/0.30/900/eta_t	4606281698549240596	0.8999999638841438
cell/cpg/press/0.30/900/n_corr	4605563024283581628	0.8202110921901276
cell/cpg/press/0.30/900/N_ratio	4605142790481047129	0.7735557678601693
cell/cpg/press/0.30/900/flowcoef	4605403605849338864	0.8025120905655267
cell/cpg/press/0.30/900/nu_t	4607170314944529349	0.9986562020950421
cell/cpg/press/0.30/900/pi_c	4617685410814697696	5.328530849721773
cell/cpg/press/0.30/900/tau_c	4610349255242270794	1.7031789466823448
cell/cpg/press/0.30/900/tau_t	4605740205989397515	0.8398822131240434
cell/cpg/press/0.30/900/pi_t	4601379591154755208	0.42787835701492627
cell/cpg/press/0.30/900/mdot_air	4602015977970485125	0.4632049217844883
cell/cpg/press/0.30/900/mdot_ratio	4602015977970485125	0.4632049217844883
cell/cpg/press/0.30/900/thrust	4641930333557197397	219.59513654101707
cell/cpg/press/0.30/900/V0	4636390020038410586	95.06497777835958
cell/cpg/press/0.30/900/V9	4647403177396522180	494.28542780056546
cell/cpg/press/0.30/900/M9	4607182418800017407	0.9999999999999999
cell/cpg/press/0.30/900/T9	4648992880051071211	657.2991233144688
cell/cpg/press/0.30/900/p9	4678538393072393829	60431.044324573864
cell/cpg/press/0.30/900/F_over_mdot	4647047679767783086	474.0777271861251
cell/cpg/press/0.30/900/tsfc	4540254775035533171	3.476189519506416e-05
cell/cpg/press/0.30/900/eta_th	4595279952167920404	0.1696401873803316
cell/cpg/press/0.30/900/eta_p	4600456846557332949	0.37665574211959313
cell/cpg/press/0.30/900/s2/Tt	4643158439260848128	254.5
cell/cpg/press/0.30/900/s2/pt	4677328081534983276	51624.8688784175
cell/cpg/press/0.30/900/s3/Tt	4646333108299889310	433.4590419306568
cell/cpg/press/0.30/900/s3/pt	4688469531736327866	275084.7064314891
cell/cpg/press/0.30/900/s4/Tt	4651127699538968576	900.0
cell/cpg/press/0.30/900/s4/pt	4688280494965487385	264081.3181742295
cell/cpg/press/0.30/900/s5/Tt	4649860129685884686	755.8939918116391
cell/cpg/press/0.30/900/s5/pt	4682501348531147525	112994.68053872518
cell/cpg/press/0.30/900/s9/Tt	4649860129685884686	755.8939918116391
cell/cpg/press/0.30/900/s9/pt	4682346049824736071	110734.78692795067
cell/cpg/press/0.30/900/s4/far	4580407211967431807	0.016479840266758302
cell/cpg/press/0.30/1100/abort	0	0.0
cell/cpg/press/0.30/1100/n_outer	4616189618054758400	4.0
cell/cpg/press/0.30/1100/n_solve_turbine	4628574517030027264	28.0
cell/cpg/press/0.30/1100/branch	0	0.0
cell/cpg/press/0.30/1100/nozzle_choked	4607182418800017408	1.0
cell/cpg/press/0.30/1100/eta_c	4606079470776263339	0.8775481709063419
cell/cpg/press/0.30/1100/eta_t	4606281697564975120	0.8999998546087244
cell/cpg/press/0.30/1100/n_corr	4606331684245438604	0.9055494909662385
cell/cpg/press/0.30/1100/N_ratio	4605867727454808282	0.8540399398273408
cell/cpg/press/0.30/1100/flowcoef	4606141590757085137	0.8844448742061052
cell/cpg/press/0.30/1100/nu_t	4607158133473563499	0.9973037871410332
cell/cpg/press/0.30/1100/pi_c	4619797108942115597	7.204095555415518
cell/cpg/press/0.30/1100/tau_c	4611072573798008227	1.8637879296260074
cell/cpg/press/0.30/1100/tau_t	4605740206184320330	0.8398822347648232
cell/cpg/press/0.30/1100/pi_t	4601379591254059452	0.4278783625274192
cell/cpg/press/0.30/1100/mdot_air	4603251769606889006	0.5636102764064554
cell/cpg/press/0.30/1100/mdot_ratio	4603251769606889006	0.5636102764064554
cell/cpg/press/0.30/1100/thrust	4644952495284683931	354.9802780226543
cell/cpg/press/0.30/1100/V0	4636390020038410586	95.06497777835958
cell/cpg/press/0.30/1100/V9	4648017868190616797	546.4531081583369
cell/cpg/press/0.30/1100/M9	4607182418800017406	0.9999999999999998
cell/cpg/press/0.30/1100/T9	4650277694506946990	803.3656158620049
cell/cpg/press/0.30/1100/p9	4680350924108753450	81701.88663903685
cell/cpg/press/0.30/1100/F_over_mdot	4648751284333070595	629.8328701278955
cell/cpg/press/0.30/1100/tsfc	4540190828379202819	3.4328575796835715e-05
cell/cpg/press/0.30/1100/eta_th	4594930781305996901	0.1599487491194395
cell/cpg/press/0.30/1100/eta_p	4600958806909015297	0.4045201391139273
cell/cpg/press/0.30/1100/s2/Tt	4643158439260848128	254.5
cell/cpg/press/0.30/1100/s2/pt	4677328081534983276	51624.8688784175
cell/cpg/press/0.30/1100/s3/Tt	4647052188660964219	474.3340280898189
cell/cpg/press/0.30/1100/s3/pt	4690132986004802429	371910.4884359164
cell/cpg/press/0.30/1100/s4/Tt	4652552666608566272	1100.0
cell/cpg/press/0.30/1100/s4/pt	4689877411063222965	357034.06889847975
cell/cpg/press/0.30/1100/s5/Tt	4651337666310141831	923.8704582413055
cell/cpg/press/0.30/1100/s5/pt	4684489052238236690	152767.1527667945
cell/cpg/press/0.30/1100/s9/Tt	4651337666310141831	923.8704582413055
cell/cpg/press/0.30/1100/s9/pt	4684384071450230863	149711.8097114586
cell/cpg/press/0.30/1100/s4/far	4581889126873745810	0.021621265421524045
cell/cpg/press/0.30/1500/abort	0	0.0
cell/cpg/press/0.30/1500/n_outer	4616189618054758400	4.0
cell/cpg/press/0.30/1500/n_solve_turbine	4628574517030027264	28.0
cell/cpg/press/0.30/1500/branch	0	0.0
cell/cpg/press/0.30/1500/nozzle_choked	4607182418800017408	1.0
cell/cpg/press/0.30/1500/eta_c	4606091255434909624	0.8788565308429872
cell/cpg/press/0.30/1500/eta_t	4606281698463851841	0.8999999544040876
cell/cpg/press/0.30/1500/n_corr	4607461253669445942	1.0619137784215815
cell/cpg/press/0.30/1500/N_ratio	4607189218781525628	1.0015098992074902
cell/cpg/press/0.30/1500/flowcoef	4607573379997029037	1.0868108245314645
cell/cpg/press/0.30/1500/nu_t	4607189218781525628	1.0015098992074902
cell/cpg/press/0.30/1500/pi_c	4623083669902446388	12.246296150820491
cell/cpg/press/0.30/1500/tau_c	4612113703380936280	2.189930273086059
cell/cpg/press/0.30/1500/tau_t	4605740206006307854	0.8398822150014682
cell/cpg/press/0.30/1500/pi_t	4601379591163370657	0.42787835749317976
cell/cpg/press/0.30/1500/mdot_air	4605490465359509305	0.8121554333754154
cell/cpg/press/0.30/1500/mdot_ratio	4605490465359509305	0.8121554333754154
cell/cpg/press/0.30/1500/thrust	4649552999857516661	720.9773728544957
cell/cpg/press/0.30/1500/V0	4636390020038410586	95.06497777835958
cell/cpg/press/0.30/1500/V9	4648824176447346285	638.1197440947413
cell/cpg/press/0.30/1500/M9	4607182418800017409	1.0000000000000002
cell/cpg/press/0.30/1500/T9	4652532868983863403	1095.498541306263
cell/cpg/press/0.30/1500/p9	4684012087407420299	138885.64919688957
cell/cpg/press/0.30/1500/F_over_mdot	4651019799961770484	887.7332382768495
cell/cpg/press/0.30/1500/tsfc	4540454666918970566	3.611641528434568e-05
cell/cpg/press/0.30/1500/eta_th	4594566329005616504	0.14983316573794148
cell/cpg/press/0.30/1500/eta_p	4601065696667388317	0.41045371265604463
cell/cpg/press/0.30/1500/s2/Tt	4643158439260848128	254.5
cell/cpg/press/0.30/1500/s2/pt	4677328081534983276	51624.8688784175
cell/cpg/press/0.30/1500/s3/Tt	4648113606154308926	557.337254500402
cell/cpg/press/0.30/1500/s3/pt	4693677884130618225	632213.4330323768
cell/cpg/press/0.30/1500/s4/Tt	4654311885213007872	1500.0
cell/cpg/press/0.30/1500/s4/pt	4693460657249100949	606924.8957110817
cell/cpg/press/0.30/1500/s5/Tt	4653255577014490133	1259.8233225022025
cell/cpg/press/0.30/1500/s5/pt	4688162894239574998	259690.02749857184
cell/cpg/press/0.30/1500/s9/Tt	4653255577014490133	1259.8233225022025
cell/cpg/press/0.30/1500/s9/pt	4687984436611542405	254496.2269486004
cell/cpg/press/0.30/1500/s4/far	4584781405056724629	0.03206174229532369
cell/cpg/press/0.85/500/abort	0	0.0
cell/cpg/press/0.85/500/n_outer	4617315517961601024	5.0
cell/cpg/press/0.85/500/n_solve_turbine	4630122629401935872	35.0
cell/cpg/press/0.85/500/branch	0	0.0
cell/cpg/press/0.85/500/nozzle_choked	0	0.0
cell/cpg/press/0.85/500/eta_c	4605748933861230547	0.8408512015505444
cell/cpg/press/0.85/500/eta_t	4606281697041017087	0.8999997964376972
cell/cpg/press/0.85/500/n_corr	4603358937831760968	0.5755083394825613
cell/cpg/press/0.85/500/N_ratio	4603358937831760968	0.5755083394825613
cell/cpg/press/0.85/500/flowcoef	4604935970404796299	0.7505941267993291
cell/cpg/press/0.85/500/nu_t	4607153682989591541	0.9968096841633939
cell/cpg/press/0.85/500/pi_c	4612658496549430535	2.4318670408143848
cell/cpg/press/0.85/500/tau_c	4608730551070483026	1.3437544183672299
cell/cpg/press/0.85/500/tau_t	4605740206288083922	0.839882246284896
cell/cpg/press/0.85/500/pi_t	4601379591306921067	0.4278783654618283
cell/cpg/press/0.85/500/mdot_air	4601453356919541094	0.431973179539645
cell/cpg/press/0.85/500/mdot_ratio	4601453356919541094	0.431973179539645
cell/cpg/press/0.85/500/thrust	4625879399600519127	18.425019442212797
cell/cpg/press/0.85/500/V0	4643446085055202208	269.3507703720188
cell/cpg/press/0.85/500/V9	4644165924405445982	310.26890007041754
cell/cpg/press/0.85/500/M9	4605600562416010655	0.824378662082541
cell/cpg/press/0.85/500/T9	4645411867046030953	381.0925394657302
cell/cpg/press/0.85/500/p9	4677104761256804352	50000.0
cell/cpg/press/0.85/500/F_over_mdot	4631199715364324416	42.653156063643564
cell/cpg/press/0.85/500/tsfc	4548968915889888920	0.00013110421692118647
cell/cpg/press/0.85/500/eta_th	4587463368771311877	0.050671603964973534
cell/cpg/press/0.85/500/eta_p	4606707849483916268	0.94731222184839
cell/cpg/press/0.85/500/s2/Tt	4643741180423569407	286.12499999999994
cell/cpg/press/0.85/500/s2/pt	4680081772134739219	77785.20992963416
cell/cpg/press/0.85/500/s3/Tt	4645471490368440402	384.48173295532354
cell/cpg/press/0.85/500/s3/pt	4685739613932444530	189163.28829070512
cell/cpg/press/0.85/500/s4/Tt	4647503709213818880	500.0
cell/cpg/press/0.85/500/s4/pt	4685479629888664562	181596.7567590769
cell/cpg/press/0.85/500/s5/Tt	4646095298557633835	419.941123142448
cell/cpg/press/0.85/500/s5/pt	4680076007500113825	77701.32345524292
cell/cpg/press/0.85/500/s9/Tt	4646095298557633835	419.941123142448
cell/cpg/press/0.85/500/s9/pt	4679969215614323045	76147.29698613806
cell/cpg/press/0.85/500/s4/far	4573097169151324555	0.005592008624941146
cell/cpg/press/0.85/600/abort	0	0.0
cell/cpg/press/0.85/600/n_outer	4617315517961601024	5.0
cell/cpg/press/0.85/600/n_solve_turbine	4630122629401935872	35.0
cell/cpg/press/0.85/600/branch	0	0.0
cell/cpg/press/0.85/600/nozzle_choked	0	0.0
cell/cpg/press/0.85/600/eta_c	4605825790040581289	0.8493839515405358
cell/cpg/press/0.85/600/eta_t	4606281698802012416	0.8999999919474533
cell/cpg/press/0.85/600/n_corr	4603868257849261368	0.6320542205157045
cell/cpg/press/0.85/600/N_ratio	4603868257849261368	0.6320542205157045
cell/cpg/press/0.85/600/flowcoef	4604786019919638405	0.7339462786817285
cell/cpg/press/0.85/600/nu_t	4607176703468863663	0.9993654707759755
cell/cpg/press/0.85/600/pi_c	4613640527221865818	2.8679762661846953
cell/cpg/press/0.85/600/tau_c	4609044817639705445	1.413535614571367
cell/cpg/press/0.85/600/tau_t	4605740205939339118	0.8398822075664449
cell/cpg/press/0.85/600/pi_t	4601379591129253713	0.4278783555993089
cell/cpg/press/0.85/600/mdot_air	4602028388473110509	0.4638938430725819
cell/cpg/press/0.85/600/mdot_ratio	4602028388473110509	0.4638938430725819
cell/cpg/press/0.85/600/thrust	4633760283260126165	60.84708524146814
cell/cpg/press/0.85/600/V0	4643446085055202208	269.3507703720188
cell/cpg/press/0.85/600/V9	4645696943670418603	397.29726943322265
cell/cpg/press/0.85/600/M9	4607021666811483809	0.9821529441075719
cell/cpg/press/0.85/600/T9	4646452237074733860	440.2307287775204
cell/cpg/press/0.85/600/p9	4677104761256804352	50000.0
cell/cpg/press/0.85/600/F_over_mdot	4638819008807889818	131.16596857257247
cell/cpg/press/0.85/600/tsfc	4544186980235949967	6.177995190201193e-05
cell/cpg/press/0.85/600/eta_th	4593657876206343373	0.12480926768724317
cell/cpg/press/0.85/600/eta_p	4605526615624594142	0.8161689190397643
cell/cpg/press/0.85/600/s2/Tt	4643741180423569407	286.12499999999994
cell/cpg/press/0.85/600/s2/pt	4680081772134739219	77785.20992963416
cell/cpg/press/0.85/600/s3/Tt	4645822738501716827	404.4478777192323
cell/cpg/press/0.85/600/s3/pt	4686905194102316330	223086.13593838486
cell/cpg/press/0.85/600/s4/Tt	4648488871632306176	600.0
cell/cpg/press/0.85/600/s4/pt	4686598586851741490	214162.69050084945
cell/cpg/press/0.85/600/s5/Tt	4647572834622153109	503.92932453986697
cell/cpg/press/0.85/600/s5/pt	4681033562307732644	91635.5798422271
cell/cpg/press/0.85/600/s9/Tt	4647572834622153109	503.92932453986697
cell/cpg/press/0.85/600/s9/pt	4680907619325789488	89802.86824538256
cell/cpg/press/0.85/600/s4/far	4575824929538061438	0.008103427229594336
cell/cpg/press/0.85/650/abort	0	0.0
cell/cpg/press/0.85/650/n_outer	4617315517961601024	5.0
cell/cpg/press/0.85/650/n_solve_turbine	4630122629401935872	35.0
cell/cpg/press/0.85/650/branch	0	0.0
cell/cpg/press/0.85/650/nozzle_choked	4607182418800017408	1.0
cell/cpg/press/0.85/650/eta_c	4605859106612871479	0.8530828341063516
cell/cpg/press/0.85/650/eta_t	4606281698873219362	0.8999999998530124
cell/cpg/press/0.85/650/n_corr	4604104992279520622	0.6583370220352387
cell/cpg/press/0.85/650/N_ratio	4604104992279520622	0.6583370220352387
cell/cpg/press/0.85/650/flowcoef	4604775474104821615	0.7327754580394251
cell/cpg/press/0.85/650/nu_t	4607182804887018257	1.0000857285355702
cell/cpg/press/0.85/650/pi_c	4614181316163171132	3.108134799824624
cell/cpg/press/0.85/650/tau_c	4609202540142133162	1.4485570453107166
cell/cpg/press/0.85/650/tau_t	4605740205925237245	0.8398822060008225
cell/cpg/press/0.85/650/pi_t	4601379591122068823	0.4278783552004674
cell/cpg/press/0.85/650/mdot_air	4602362003780716905	0.48241321286618316
cell/cpg/press/0.85/650/mdot_ratio	4602362003780716905	0.48241321286618316
cell/cpg/press/0.85/650/thrust	4635598781669174049	83.82080426804579
cell/cpg/press/0.85/650/V0	4643446085055202208	269.3507703720188
cell/cpg/press/0.85/650/V9	4646097422204520799	420.06183849195617
cell/cpg/press/0.85/650/M9	4607182418800017406	0.9999999999999998
cell/cpg/press/0.85/650/T9	4647058908900467094	474.7160294787258
cell/cpg/press/0.85/650/p9	4677532435477704544	53111.73950394872
cell/cpg/press/0.85/650/F_over_mdot	4640317411238134102	173.75312705478672
cell/cpg/press/0.85/650/tsfc	4543077832023584869	5.3891673441914386e-05
cell/cpg/press/0.85/650/eta_th	4593912602277902954	0.13168860411493039
cell/cpg/press/0.85/650/eta_p	4606162415869692530	0.8867569261568191
cell/cpg/press/0.85/650/s2/Tt	4643741180423569407	286.12499999999994
cell/cpg/press/0.85/650/s2/pt	4680081772134739219	77785.20992963416
cell/cpg/press/0.85/650/s3/Tt	4645999021122838430	414.4683845895287
cell/cpg/press/0.85/650/s3/pt	4687547060882819541	241766.91789395982
cell/cpg/press/0.85/650/s4/Tt	4648928676283416576	650.0
cell/cpg/press/0.85/650/s4/pt	4687214778961024573	232096.24117820142
cell/cpg/press/0.85/650/s5/Tt	4648013209126573699	545.9234339005346
cell/cpg/press/0.85/650/s5/pt	4681560872834277945	99308.95792353981
cell/cpg/press/0.85/650/s9/Tt	4648013209126573699	545.9234339005346
cell/cpg/press/0.85/650/s9/pt	4681424383641803883	97322.77876506902
cell/cpg/press/0.85/650/s4/far	4576551511941890358	0.009363846782748025
cell/cpg/press/0.85/900/abort	0	0.0
cell/cpg/press/0.85/900/n_outer	4617315517961601024	5.0
cell/cpg/press/0.85/900/n_solve_turbine	4630122629401935872	35.0
cell/cpg/press/0.85/900/branch	0	0.0
cell/cpg/press/0.85/900/nozzle_choked	4607182418800017408	1.0
cell/cpg/press/0.85/900/eta_c	4605986480660772388	0.8672241941782812
cell/cpg/press/0.85/900/eta_t	4606281698848528059	0.8999999971117271
cell/cpg/press/0.85/900/n_corr	4605154817452146076	0.7748910298832246
cell/cpg/press/0.85/900/N_ratio	4605154817452146076	0.7748910298832246
cell/cpg/press/0.85/900/flowcoef	4605112331547779558	0.7701741469582515
cell/cpg/press/0.85/900/nu_t	4607184130248735302	1.0003800179544142
cell/cpg/press/0.85/900/pi_c	4616812248199657726	4.553006658154343
cell/cpg/press/0.85/900/tau_c	4609997105725577669	1.6249860463736792
cell/cpg/press/0.85/900/tau_t	4605740205930127091	0.8398822065437045
cell/cpg/press/0.85/900/pi_t	4601379591124560028	0.42787835533875707
cell/cpg/press/0.85/900/mdot_air	4603550725409311355	0.5968010379259135
cell/cpg/press/0.85/900/mdot_ratio	4603550725409311355	0.5968010379259135
cell/cpg/press/0.85/900/thrust	4641988092720684776	221.23675070259856
cell/cpg/press/0.85/900/V0	4643446085055202208	269.3507703720188
cell/cpg/press/0.85/900/V9	4647403177362458035	494.285425864243
cell/cpg/press/0.85/900/M9	4607182418800017408	1.0
cell/cpg/press/0.85/900/T9	4648992880005772822	657.2991181646382
cell/cpg/press/0.85/900/p9	4680082903829367418	77801.67825392811
cell/cpg/press/0.85/900/F_over_mdot	4645229116374902034	370.7043665196553
cell/cpg/press/0.85/900/tsfc	4541380230086989951	4.2388275268965575e-05
cell/cpg/press/0.85/900/eta_th	4593871780970808591	0.13055558523914398
cell/cpg/press/0.85/900/eta_p	4607800270216546021	1.1371905736854668
cell/cpg/press/0.85/900/s2/Tt	4643741180423569407	286.12499999999994
cell/cpg/press/0.85/900/s2/pt	4680081772134739219	77785.20992963416
cell/cpg/press/0.85/900/s3/Tt	4646887087832069132	464.9491325186689
cell/cpg/press/0.85/900/s3/pt	4689827976158302120	354156.5787155577
cell/cpg/press/0.85/900/s4/Tt	4651127699538968576	900.0
cell/cpg/press/0.85/900/s4/pt	4689584601610582669	339990.3155669354
cell/cpg/press/0.85/900/s5/Tt	4649860129633791539	755.893985889334
cell/cpg/press/0.85/900/s5/pt	4684238478496001947	145474.49705588524
cell/cpg/press/0.85/900/s9/Tt	4649860129633791539	755.893985889334
cell/cpg/press/0.85/900/s9/pt	4684138509182840815	142565.00711476753
cell/cpg/press/0.85/900/s4/far	4580186334823054621	0.015713518731442656
cell/cpg/press/0.85/1100/abort	0	0.0
cell/cpg/press/0.85/1100/n_outer	4617315517961601024	5.0
cell/cpg/press/0.85/1100/n_solve_turbine	4630122629401935872	35.0
cell/cpg/press/0.85/1100/branch	0	0.0
cell/cpg/press/0.85/1100/nozzle_choked	4607182418800017408	1.0
cell/cpg/press/0.85/1100/eta_c	4606051317374020919	0.874422515367235
cell/cpg/press/0.85/1100/eta_t	4606281698747872440	0.8999999859367085
cell/cpg/press/0.85/1100/n_corr	4605882056181351210	0.8556307480394925
cell/cpg/press/0.85/1100/N_ratio	4605882056181351210	0.8556307480394925
cell/cpg/press/0.85/1100/flowcoef	4605670395496534547	0.8321316914703537
cell/cpg/press/0.85/1100/nu_t	4607174865821290772	0.9991614509113185
cell/cpg/press/0.85/1100/pi_c	4618481389644554018	6.035502068938316
cell/cpg/press/0.85/1100/tau_c	4610639992290806258	1.7677355397614716
cell/cpg/press/0.85/1100/tau_t	4605740205950060797	0.8398822087567904
cell/cpg/press/0.85/1100/pi_t	4601379591134715313	0.4278783559024886
cell/cpg/press/0.85/1100/mdot_air	4604588322551139026	0.711997461640147
cell/cpg/press/0.85/1100/mdot_ratio	4604588322551139026	0.711997461640147
cell/cpg/press/0.85/1100/thrust	4645090332394092858	362.815410567349
cell/cpg/press/0.85/1100/V0	4643446085055202208	269.3507703720188
cell/cpg/press/0.85/1100/V9	4648017868116194712	546.4530996975254
cell/cpg/press/0.85/1100/M9	4607182418800017404	0.9999999999999996
cell/cpg/press/0.85/1100/T9	4650277694288124396	803.3655909847562
cell/cpg/press/0.85/1100/p9	4681823763978227121	103134.52756457661
cell/cpg/press/0.85/1100/F_over_mdot	4647672137199563417	509.5740225415589
cell/cpg/press/0.85/1100/tsfc	4541163347626132895	4.0918622548745435e-05
cell/cpg/press/0.85/1100/eta_th	4593856948361781587	0.13014389763771791
cell/cpg/press/0.85/1100/eta_p	4608000997386135871	1.1817609587547648
cell/cpg/press/0.85/1100/s2/Tt	4643741180423569407	286.12499999999994
cell/cpg/press/0.85/1100/s2/pt	4680081772134739219	77785.20992963416
cell/cpg/press/0.85/1100/s3/Tt	4647605626576116124	505.79333131425096
cell/cpg/press/0.85/1100/s3/pt	4691809093676818828	469472.7954631082
cell/cpg/press/0.85/1100/s4/Tt	4652552666608566272	1100.0
cell/cpg/press/0.85/1100/s4/pt	4691486474428358708	450693.88364458387
cell/cpg/press/0.85/1100/s5/Tt	4651337666058495848	923.8704296324695
cell/cpg/press/0.85/1100/s5/pt	4685866018931398737	192842.15794915197
cell/cpg/press/0.85/1100/s9/Tt	4651337666058495848	923.8704296324695
cell/cpg/press/0.85/1100/s9/pt	4685733498809529669	188985.31479016892
cell/cpg/press/0.85/1100/s4/far	4581667132318657886	0.02085106708902395
cell/cpg/press/0.85/1500/abort	0	0.0
cell/cpg/press/0.85/1500/n_outer	4607182418800017408	1.0
cell/cpg/press/0.85/1500/n_solve_turbine	4607182418800017408	1.0
cell/cpg/press/0.85/1500/branch	0	0.0
cell/cpg/press/0.85/1500/nozzle_choked	4607182418800017408	1.0
cell/cpg/press/0.85/1500/eta_c	4606101554889448489	0.88
cell/cpg/press/0.85/1500/eta_t	4606281698874543309	0.9
cell/cpg/press/0.85/1500/n_corr	4607182418800017418	1.0000000000000022
cell/cpg/press/0.85/1500/N_ratio	4607182418800017418	1.0000000000000022
cell/cpg/press/0.85/1500/flowcoef	4607182418800017445	1.0000000000000082
cell/cpg/press/0.85/1500/nu_t	4607182418800017418	1.0000000000000022
cell/cpg/press/0.85/1500/pi_c	4621819117588971577	10.000000000000101
cell/cpg/press/0.85/1500/tau_c	4611815746991539699	2.057611055549154
cell/cpg/press/0.85/1500/tau_t	4605740205924975101	0.8398822059717187
cell/cpg/press/0.85/1500/pi_t	4601379591121935493	0.4278783551930661
cell/cpg/press/0.85/1500/mdot_air	4607182418800017455	1.0000000000000104
cell/cpg/press/0.85/1500/mdot_ratio	4607182418800017455	1.0000000000000104
cell/cpg/press/0.85/1500/thrust	4649780385265186447	746.8281007965141
cell/cpg/press/0.85/1500/V0	4643446085055202208	269.3507703720188
cell/cpg/press/0.85/1500/V9	4648824176417173227	638.1197406644618
cell/cpg/press/0.85/1500/M9	4607182418800017409	1.0000000000000002
cell/cpg/press/0.85/1500/T9	4652532868932063501	1095.4985295283288
cell/cpg/press/0.85/1500/p9	4685111397417843452	170879.78135963518
cell/cpg/press/0.85/1500/F_over_mdot	4649780385265186378	746.8281007965063
cell/cpg/press/0.85/1500/tsfc	4541306508773566647	4.188872021789038e-05
cell/cpg/press/0.85/1500/eta_th	4593841819363922599	0.12972398359365409
cell/cpg/press/0.85/1500/eta_p	4607894570279413602	1.1581293938893045
cell/cpg/press/0.85/1500/s2/Tt	4643741180423569407	286.12499999999994
cell/cpg/press/0.85/1500/s2/pt	4680081772134739219	77785.20992963416
cell/cpg/press/0.85/1500/s3/Tt	4648389774525228701	588.7339632690015
cell/cpg/press/0.85/1500/s3/pt	4694928910747891867	777852.0992963495
cell/cpg/press/0.85/1500/s4/Tt	4654311885213007872	1500.0
cell/cpg/press/0.85/1500/s4/pt	4694661642801683646	746738.0153244955
cell/cpg/press/0.85/1500/s5/Tt	4653255576954920245	1259.823308957578
cell/cpg/press/0.85/1500/s5/pt	4689232804587847161	319513.03375717957
cell/cpg/press/0.85/1500/s9/Tt	4653255576954920245	1259.823308957578
cell/cpg/press/0.85/1500/s9/pt	4689123020745396534	313122.77308203594
cell/cpg/press/0.85/1500/s4/far	4584669273506512818	0.03128367336512329
cell/cpg/press/1.60/500/abort	4611686018427387904	2.0
cell/cpg/press/1.60/600/abort	0	0.0
cell/cpg/press/1.60/600/n_outer	4617315517961601024	5.0
cell/cpg/press/1.60/600/n_solve_turbine	4630122629401935872	35.0
cell/cpg/press/1.60/600/branch	0	0.0
cell/cpg/press/1.60/600/nozzle_choked	4607182418800017408	1.0
cell/cpg/press/1.60/600/eta_c	4605708803325907839	0.836395817119964
cell/cpg/press/1.60/600/eta_t	4606281695720651797	0.8999996498477026
cell/cpg/press/1.60/600/n_corr	4603110715235564348	0.5479500953295893
cell/cpg/press/1.60/600/N_ratio	4603848036548580607	0.6298092051553396
cell/cpg/press/1.60/600/flowcoef	4605076058873352245	0.766147071126858
cell/cpg/press/1.60/600/nu_t	4607144730785162504	0.9958157898155671
cell/cpg/press/1.60/600/pi_c	4612256050471514213	2.2531450800652686
cell/cpg/press/1.60/600/tau_c	4608589060770181774	1.3123372605361143
cell/cpg/press/1.60/600/tau_t	4605740206549567345	0.8398822753153877
cell/cpg/press/1.60/600/pi_t	4601379591440134742	0.42787837285667274
cell/cpg/press/1.60/600/mdot_air	4606565795248136804	0.9315410335176009
cell/cpg/press/1.60/600/mdot_ratio	4606565795248136804	0.9315410335176009
cell/cpg/press/1.60/600/thrust	4632042902227786090	48.64435907085392
cell/cpg/press/1.60/600/V0	4647627086993665144	507.01321481791774
cell/cpg/press/1.60/600/V9	4645807512447534206	403.5823767437322
cell/cpg/press/1.60/600/M9	4607182418800017407	0.9999999999999999
cell/cpg/press/1.60/600/T9	4646416502405222561	438.1994479906371
cell/cpg/press/1.60/600/p9	4681484435879427735	98196.65383624505
cell/cpg/press/1.60/600/F_over_mdot	4632546021125497848	52.21923385078111
cell/cpg/press/1.60/600/tsfc	4547956554052170993	0.00011286720341315331
cell/cpg/press/1.60/600/eta_th	13819197447138483458	-0.18477969135822297
cell/cpg/press/1.60/600/eta_p	13826663406510322093	-0.5680067649860142
cell/cpg/press/1.60/600/s2/Tt	4645357462516400128	378.0
cell/cpg/press/1.60/600/s2/pt	4686056548495755892	198387.29808719794
cell/cpg/press/1.60/600/s3/Tt	4647434457300470949	496.0634844826512
cell/cpg/press/1.60/600/s3/pt	4691422934355558493	446995.3646326119
cell/cpg/press/1.60/600/s4/Tt	4648488871632306176	600.0
cell/cpg/press/1.60/600/s4/pt	4691115761479948787	429115.55004730745
cell/cpg/press/1.60/600/s5/Tt	4647572835337264312	503.9293651892326
cell/cpg/press/1.60/600/s5/pt	4685548779087621472	183609.26332173776
cell/cpg/press/1.60/600/s9/Tt	4647572835337264312	503.9293651892326
cell/cpg/press/1.60/600/s9/pt	4685422603762627949	179937.078055303
cell/cpg/press/1.60/600/s4/far	4573445155753631910	0.005893838889115132
cell/cpg/press/1.60/650/abort	0	0.0
cell/cpg/press/1.60/650/n_outer	4617315517961601024	5.0
cell/cpg/press/1.60/650/n_solve_turbine	4630122629401935872	35.0
cell/cpg/press/1.60/650/branch	0	0.0
cell/cpg/press/1.60/650/nozzle_choked	4607182418800017408	1.0
cell/cpg/press/1.60/650/eta_c	4605742745216615717	0.8401641239762837
cell/cpg/press/1.60/650/eta_t	4606281697725475912	0.8999998724278919
cell/cpg/press/1.60/650/n_corr	4603320802506357656	0.5712744678511283
cell/cpg/press/1.60/650/N_ratio	4604089509080768052	0.6566180416602436
cell/cpg/press/1.60/650/flowcoef	4604948793326380842	0.7520177570779414
cell/cpg/press/1.60/650/nu_t	4607159670306661444	0.9974744098900676
cell/cpg/press/1.60/650/pi_c	4612593230245110378	2.4028829792990125
cell/cpg/press/1.60/650/tau_c	4608708186619753303	1.3387885127405832
cell/cpg/press/1.60/650/tau_t	4605740206152534819	0.8398822312359225
cell/cpg/press/1.60/650/pi_t	4601379591237866136	0.42787836162850956
cell/cpg/press/1.60/650/mdot_air	4606761627477817619	0.9532827785531331
cell/cpg/press/1.60/650/mdot_ratio	4606761627477817619	0.9532827785531331
cell/cpg/press/1.60/650/thrust	4635476669528823561	82.08548638256265
cell/cpg/press/1.60/650/V0	4647627086993665144	507.01321481791774
cell/cpg/press/1.60/650/V9	4646097422315537850	420.0618448025449
cell/cpg/press/1.60/650/M9	4607182418800017404	0.9999999999999996
cell/cpg/press/1.60/650/T9	4647058909151390028	474.7160437420432
cell/cpg/press/1.60/650/p9	4681932890939804249	104722.53385857622
cell/cpg/press/1.60/650/F_over_mdot	4635759744475253318	86.10822331978952
cell/cpg/press/1.60/650/tsfc	4545756610285604531	8.305240577493704e-05
cell/cpg/press/1.60/650/eta_th	13817210070828469205	-0.1296189179089128
cell/cpg/press/1.60/650/eta_p	13831006666348086406	-1.1004109447351609
cell/cpg/press/1.60/650/s2/Tt	4645357462516400128	378.0
cell/cpg/press/1.60/650/s2/pt	4686056548495755892	198387.29808719794
cell/cpg/press/1.60/650/s3/Tt	4647610354062728910	506.0620578159404
cell/cpg/press/1.60/650/s3/pt	4691933281220284722	476701.4618828475
cell/cpg/press/1.60/650/s4/Tt	4648928676283416576	650.0
cell/cpg/press/1.60/650/s4/pt	4691605694470085966	457633.40340753354
cell/cpg/press/1.60/650/s5/Tt	4648013209270854386	545.9234503033497
cell/cpg/press/1.60/650/s5/pt	4685968042372325403	195811.43087649424
cell/cpg/press/1.60/650/s9/Tt	4648013209270854386	545.9234503033497
cell/cpg/press/1.60/650/s9/pt	4685833481781637802	191895.20225896436
cell/cpg/press/1.60/650/s4/far	4574895134648845451	0.007151495103714055
cell/cpg/press/1.60/900/abort	0	0.0
cell/cpg/press/1.60/900/n_outer	4617315517961601024	5.0
cell/cpg/press/1.60/900/n_solve_turbine	4630122629401935872	35.0
cell/cpg/press/1.60/900/branch	0	0.0
cell/cpg/press/1.60/900/nozzle_choked	4607182418800017408	1.0
cell/cpg/press/1.60/900/eta_c	4605879522875969265	0.8553494946431482
cell/cpg/press/1.60/900/eta_t	4606281698057554964	0.8999999092960729
cell/cpg/press/1.60/900/n_corr	4604258268176221834	0.675354064999014
cell/cpg/press/1.60/900/N_ratio	4605167024192874089	0.7762462503444115
cell/cpg/press/1.60/900/flowcoef	4604775116524819675	0.7327357586842952
cell/cpg/press/1.60/900/nu_t	4607192009665993813	1.0021296000466198
cell/cpg/press/1.60/900/pi_c	4614562420444147898	3.2773790988340723
cell/cpg/press/1.60/900/tau_c	4609308310376145533	1.4720427551348216
cell/cpg/press/1.60/900/tau_t	4605740206086770220	0.8398822239345853
cell/cpg/press/1.60/900/pi_t	4601379591204361715	0.4278783597686406
cell/cpg/press/1.60/900/mdot_air	4607624060802286939	1.0980642239122378
cell/cpg/press/1.60/900/mdot_ratio	4607624060802286939	1.0980642239122378
cell/cpg/press/1.60/900/thrust	4643428655110925200	268.3599927487603
cell/cpg/press/1.60/900/V0	4647627086993665144	507.01321481791774
cell/cpg/press/1.60/900/V9	4647403177452484624	494.2854309816621
cell/cpg/press/1.60/900/M9	4607182418800017403	0.9999999999999994
cell/cpg/press/1.60/900/T9	4648992880125489889	657.299131774893
cell/cpg/press/1.60/900/p9	4684147781088765836	142834.85509282013
cell/cpg/press/1.60/900/F_over_mdot	4642802855897142002	244.39371295845882
cell/cpg/press/1.60/900/tsfc	4543268924361484585	5.5186565491265674e-05
cell/cpg/press/1.60/900/eta_th	13799243730770263572	-0.008184550492955224
cell/cpg/press/1.60/900/eta_p	13851447476560772916	-26.226921164138915
cell/cpg/press/1.60/900/s2/Tt	4645357462516400128	378.0
cell/cpg/press/1.60/900/s2/pt	4686056548495755892	198387.29808719794
cell/cpg/press/1.60/900/s3/Tt	4648105644871564342	556.4321614409625
cell/cpg/press/1.60/900/s3/pt	4693832304965527700	650190.3842251473
cell/cpg/press/1.60/900/s4/Tt	4651127699538968576	900.0
cell/cpg/press/1.60/900/s4/pt	4693608901250614045	624182.7688561414
cell/cpg/press/1.60/900/s5/Tt	4649860129771466165	755.8940015411268
cell/cpg/press/1.60/900/s5/pt	4688331913990282659	267074.299334014
cell/cpg/press/1.60/900/s9/Tt	4649860129771466165	755.8940015411268
cell/cpg/press/1.60/900/s9/pt	4688233083826880309	261732.81334733372
cell/cpg/press/1.60/900/s4/far	4578928491858395896	0.013487249645835572
cell/cpg/press/1.60/1100/abort	0	0.0
cell/cpg/press/1.60/1100/n_outer	4617315517961601024	5.0
cell/cpg/press/1.60/1100/n_solve_turbine	4630122629401935872	35.0
cell/cpg/press/1.60/1100/branch	0	0.0
cell/cpg/press/1.60/1100/nozzle_choked	4607182418800017408	1.0
cell/cpg/press/1.60/1100/eta_c	4605959168747547188	0.8641919626873631
cell/cpg/press/1.60/1100/eta_t	4606281697237479945	0.8999998182494561
cell/cpg/press/1.60/1100/n_corr	4604906221556703166	0.7472913411884219
cell/cpg/press/1.60/1100/N_ratio	4605911776328181595	0.8589303471701258
cell/cpg/press/1.60/1100/flowcoef	4604963024409115074	0.7535977246496304
cell/cpg/press/1.60/1100/nu_t	4607195995137849925	1.00301455257035
cell/cpg/press/1.60/1100/pi_c	4616352003332019435	4.144227098940273
cell/cpg/press/1.60/1100/tau_c	4609793872873155905	1.5798592879499014
cell/cpg/press/1.60/1100/tau_t	4605740206249176690	0.8398822419653256
cell/cpg/press/1.60/1100/pi_t	4601379591287099717	0.4278783643615223
cell/cpg/press/1.60/1100/mdot_air	4608306612505161781	1.2496211471179894
cell/cpg/press/1.60/1100/mdot_ratio	4608306612505161781	1.2496211471179894
cell/cpg/press/1.60/1100/thrust	4646605243874147937	448.92815836516644
cell/cpg/press/1.60/1100/V0	4647627086993665144	507.01321481791774
cell/cpg/press/1.60/1100/V9	4648017868211221063	546.4531105007708
cell/cpg/press/1.60/1100/M9	4607182418800017408	1.0
cell/cpg/press/1.60/1100/T9	4650277694567529526	803.3656227494419
cell/cpg/press/1.60/1100/p9	4685445857747960179	180613.85810185559
cell/cpg/press/1.60/1100/F_over_mdot	4645027633823155780	359.25140943759857
cell/cpg/press/1.60/1100/tsfc	4542770928033372439	5.181201111108447e-05
cell/cpg/press/1.60/1100/eta_th	4584178813494259824	0.029565211687995363
cell/cpg/press/1.60/1100/eta_p	4620392924315349809	7.73328591204772
cell/cpg/press/1.60/1100/s2/Tt	4645357462516400128	378.0
cell/cpg/press/1.60/1100/s2/pt	4686056548495755892	198387.29808719794
cell/cpg/press/1.60/1100/s3/Tt	4648464126558810281	597.1868108450627
cell/cpg/press/1.60/1100/s3/pt	4695309530041184119	822162.0168185075
cell/cpg/press/1.60/1100/s4/Tt	4652552666608566272	1100.0
cell/cpg/press/1.60/1100/s4/pt	4695027037323244207	789275.5361457671
cell/cpg/press/1.60/1100/s5/Tt	4651337666379811748	923.8704661618581
cell/cpg/press/1.60/1100/s5/pt	4689545493525931988	337713.9254366134
cell/cpg/press/1.60/1100/s9/Tt	4651337666379811748	923.8704661618581
cell/cpg/press/1.60/1100/s9/pt	4689429455904719665	330959.6469278811
cell/cpg/press/1.60/1100/s4/far	4581022208472708778	0.018613538017453614
cell/cpg/press/1.60/1500/abort	0	0.0
cell/cpg/press/1.60/1500/n_outer	4617315517961601024	5.0
cell/cpg/press/1.60/1500/n_solve_turbine	4630122629401935872	35.0
cell/cpg/press/1.60/1500/branch	0	0.0
cell/cpg/press/1.60/1500/nozzle_choked	4607182418800017408	1.0
cell/cpg/press/1.60/1500/eta_c	4606061309172511891	0.8755318278414442
cell/cpg/press/1.60/1500/eta_t	4606281697723576418	0.8999998722170057
cell/cpg/press/1.60/1500/n_corr	4606031521084625062	0.8722246857382927
cell/cpg/press/1.60/1500/N_ratio	4607193802444053829	1.0025276767426743
cell/cpg/press/1.60/1500/flowcoef	4605785364174471742	0.8448957788060125
cell/cpg/press/1.60/1500/nu_t	4607193802444053829	1.0025276767426743
cell/cpg/press/1.60/1500/pi_c	4618888967716954511	6.397504117187409
cell/cpg/press/1.60/1500/tau_c	4610779885235048688	1.7987980132975814
cell/cpg/press/1.60/1500/tau_t	4605740206152910959	0.8398822312776825
cell/cpg/press/1.60/1500/pi_t	4601379591238057611	0.42787836163913856
cell/cpg/press/1.60/1500/mdot_air	4610043265921711171	1.6352356688874046
cell/cpg/press/1.60/1500/mdot_ratio	4610043265921711171	1.6352356688874046
cell/cpg/press/1.60/1500/thrust	4651325827228886373	922.5245105318432
cell/cpg/press/1.60/1500/V0	4647627086993665144	507.01321481791774
cell/cpg/press/1.60/1500/V9	4648824176501733522	638.1197502778543
cell/cpg/press/1.60/1500/M9	4607182418800017408	1.0
cell/cpg/press/1.60/1500/T9	4652532869077233246	1095.4985625361073
cell/cpg/press/1.60/1500/p9	4688533639310127817	278816.2583492217
cell/cpg/press/1.60/1500/F_over_mdot	4648173565628428772	564.1538575045383
cell/cpg/press/1.60/1500/tsfc	4542716866856341705	5.1445678326185436e-05
cell/cpg/press/1.60/1500/eta_th	4589361711628272889	0.06518800728533226
cell/cpg/press/1.60/1500/eta_p	4615136475554868214	3.5323107793642476
cell/cpg/press/1.60/1500/s2/Tt	4645357462516400128	378.0
cell/cpg/press/1.60/1500/s2/pt	4686056548495755892	198387.29808719794
cell/cpg/press/1.60/1500/s3/Tt	4649192080997863937	679.9456490264857
cell/cpg/press/1.60/1500/s3/pt	4698201913587031552	1269183.5563105345
cell/cpg/press/1.60/1500/s4/Tt	4654311885213007872	1500.0
cell/cpg/press/1.60/1500/s4/pt	4697983869512352563	1218416.214058113
cell/cpg/press/1.60/1500/s5/Tt	4653255577121865452	1259.8233469165234
cell/cpg/press/1.60/1500/s5/pt	4692700061243437528	521333.9334657467
cell/cpg/press/1.60/1500/s9/Tt	4653255577121865452	1259.8233469165234
cell/cpg/press/1.60/1500/s9/pt	4692520932267875094	510907.25479643175
cell/cpg/press/1.60/1500/s4/far	4584022611708832590	0.029023277879655134
cell/cpg/tilt/0.30/500/abort	0	0.0
cell/cpg/tilt/0.30/500/n_outer	4618441417868443648	6.0
cell/cpg/tilt/0.30/500/n_solve_turbine	4631107791820423168	42.0
cell/cpg/tilt/0.30/500/branch	0	0.0
cell/cpg/tilt/0.30/500/nozzle_choked	0	0.0
cell/cpg/tilt/0.30/500/eta_c	4605789934137211301	0.8454031465915263
cell/cpg/tilt/0.30/500/eta_t	4606281679211886618	0.8999978170065817
cell/cpg/tilt/0.30/500/n_corr	4603746780600218804	0.6185675366301866
cell/cpg/tilt/0.30/500/N_ratio	4603429858541351736	0.5833821199536038
cell/cpg/tilt/0.30/500/flowcoef	4604736231514882058	0.7284186553497431
cell/cpg/tilt/0.30/500/nu_t	4607229470030964498	1.010447471986883
cell/cpg/tilt/0.30/500/pi_c	4613243394672209120	2.6916139860019115
cell/cpg/tilt/0.30/500/tau_c	4608924235935329994	1.386761097662133
cell/cpg/tilt/0.30/500/tau_t	4605740209818938435	0.8398826382884937
cell/cpg/tilt/0.30/500/pi_t	4601379593105716682	0.4278784653150437
cell/cpg/tilt/0.30/500/mdot_air	4599383563280916996	0.31707655184848726
cell/cpg/tilt/0.30/500/mdot_ratio	4599383563280916996	0.31707655184848726
cell/cpg/tilt/0.30/500/thrust	4626855514795916612	21.892877248986466
cell/cpg/tilt/0.30/500/V0	4636390020038410586	95.06497777835958
cell/cpg/tilt/0.30/500/V9	4639941720905399153	163.0753655819822
cell/cpg/tilt/0.30/500/M9	4601204117822719907	0.41813763034326196
cell/cpg/tilt/0.30/500/T9	4645906504944992260	409.20944874081783
cell/cpg/tilt/0.30/500/p9	4677104761256804352	50000.0
cell/cpg/tilt/0.30/500/F_over_mdot	4634559099388996090	69.04603043446687
cell/cpg/tilt/0.30/500/tsfc	4546415185412005445	9.197776305979687e-05
cell/cpg/tilt/0.30/500/eta_th	4584859799275921344	0.032605711465009346
cell/cpg/tilt/0.30/500/eta_p	4604846205526456701	0.7406282233257994
cell/cpg/tilt/0.30/500/s2/Tt	4643158439260848128	254.5
cell/cpg/tilt/0.30/500/s2/pt	4677328081534983276	51624.8688784175
cell/cpg/tilt/0.30/500/s3/Tt	4644916438715450116	352.93069935501285
cell/cpg/tilt/0.30/500/s3/pt	4684014443451305166	138954.21909866337
cell/cpg/tilt/0.30/500/s4/Tt	4647503709213818880	500.0
cell/cpg/tilt/0.30/500/s4/pt	4683823466226770773	133396.05033471683
cell/cpg/tilt/0.30/500/s5/Tt	4646095302005733945	419.94131914424685
cell/cpg/tilt/0.30/500/s5/pt	4678077457590618994	57077.29729630695
cell/cpg/tilt/0.30/500/s9/Tt	4646095302005733945	419.94131914424685
cell/cpg/tilt/0.30/500/s9/pt	4677920564710470701	55935.75135038081
cell/cpg/tilt/0.30/500/s4/far	4573971880092966202	0.0063506994275209176
cell/cpg/tilt/0.30/600/abort	0	0.0
cell/cpg/tilt/0.30/600/n_outer	4618441417868443648	6.0
cell/cpg/tilt/0.30/600/n_solve_turbine	4631107791820423168	42.0
cell/cpg/tilt/0.30/600/branch	0	0.0
cell/cpg/tilt/0.30/600/nozzle_choked	0	0.0
cell/cpg/tilt/0.30/600/eta_c	4605842089097388539	0.851193510355244
cell/cpg/tilt/0.30/600/eta_t	4606281668724455497	0.8999966526678317
cell/cpg/tilt/0.30/600/n_corr	4604293596367321282	0.6792762821167104
cell/cpg/tilt/0.30/600/N_ratio	4603945570282666439	0.6406376248813154
cell/cpg/tilt/0.30/600/flowcoef	4604672974163075380	0.7213956785044844
cell/cpg/tilt/0.30/600/nu_t	4607240681979693063	1.012937024712757
cell/cpg/tilt/0.30/600/pi_c	4614421246875087716	3.214685440098423
cell/cpg/tilt/0.30/600/tau_c	4609277816484567756	1.4652717510268074
cell/cpg/tilt/0.30/600/tau_t	4605740211895852723	0.8398828688723
cell/cpg/tilt/0.30/600/pi_t	4601379594163801083	0.4278785240505269
cell/cpg/tilt/0.30/600/mdot_air	4599883680694281197	0.3448386452151329
cell/cpg/tilt/0.30/600/mdot_ratio	4599883680694281197	0.3448386452151329
cell/cpg/tilt/0.30/600/thrust	4634351181472826197	66.09133913508897
cell/cpg/tilt/0.30/600/V0	4636390020038410586	95.06497777835958
cell/cpg/tilt/0.30/600/V9	4643707394988265532	284.20452034962705
cell/cpg/tilt/0.30/600/M9	4604291115501472697	0.6790008506780999
cell/cpg/tilt/0.30/600/T9	4646999411523847868	471.33399517843986
cell/cpg/tilt/0.30/600/p9	4677104761256804352	50000.0
cell/cpg/tilt/0.30/600/F_over_mdot	4640947408873206883	191.658736780667
cell/cpg/tilt/0.30/600/tsfc	4541949967779654664	4.624896804480283e-05
cell/cpg/tilt/0.30/600/eta_th	4591544899511981490	0.09548582548003173
cell/cpg/tilt/0.30/600/eta_p	4602705505319069434	0.5029627574196802
cell/cpg/tilt/0.30/600/s2/Tt	4643158439260848128	254.5
cell/cpg/tilt/0.30/600/s2/pt	4677328081534983276	51624.8688784175
cell/cpg/tilt/0.30/600/s3/Tt	4645267947503657188	372.9116606363225
cell/cpg/tilt/0.30/600/s3/pt	4684942276482490510	165957.71433043893
cell/cpg/tilt/0.30/600/s4/Tt	4648488871632306176	600.0
cell/cpg/tilt/0.30/600/s4/pt	4684714185936708703	159319.40575722136
cell/cpg/tilt/0.30/600/s5/Tt	4647572841602442489	503.92972132337997
cell/cpg/tilt/0.30/600/s5/pt	4679420975422366792	68169.35218800709
cell/cpg/tilt/0.30/600/s9/Tt	4647572841602442489	503.92972132337997
cell/cpg/tilt/0.30/600/s9/pt	4679327284178130953	66805.96514424695
cell/cpg/tilt/0.30/600/s4/far	4576263380722826621	0.008864018792876344
cell/cpg/tilt/0.30/650/abort	0	0.0
cell/cpg/tilt/0.30/650/n_outer	4618441417868443648	6.0
cell/cpg/tilt/0.30/650/n_solve_turbine	4631107791820423168	42.0
cell/cpg/tilt/0.30/650/branch	0	0.0
cell/cpg/tilt/0.30/650/nozzle_choked	0	0.0
cell/cpg/tilt/0.30/650/eta_c	4605869292611525188	0.8542137071297664
cell/cpg/tilt/0.30/650/eta_t	4606281669106851263	0.8999966951222901
cell/cpg/tilt/0.30/650/n_corr	4604542910621499436	0.706955724652294
cell/cpg/tilt/0.30/650/N_ratio	4604180703020038104	0.6667426027686316
cell/cpg/tilt/0.30/650/flowcoef	4604709537572645360	0.7254550324208235
cell/cpg/tilt/0.30/650/nu_t	4607240311322593090	1.0128547223034308
cell/cpg/tilt/0.30/650/pi_c	4615077828950625720	3.506266455225809
cell/cpg/tilt/0.30/650/tau_c	4609455271250888730	1.5046746245066118
cell/cpg/tilt/0.30/650/tau_t	4605740211820123705	0.8398828604646901
cell/cpg/tilt/0.30/650/pi_t	4601379594125221027	0.4278785219089036
cell/cpg/tilt/0.30/650/mdot_air	4600173192602415517	0.36090978453082717
cell/cpg/tilt/0.30/650/mdot_ratio	4600173192602415517	0.36090978453082717
cell/cpg/tilt/0.30/650/thrust	4635894571598083293	88.02423197399499
cell/cpg/tilt/0.30/650/V0	4636390020038410586	95.06497777835958
cell/cpg/tilt/0.30/650/V9	4644610896988803301	335.56266300777344
cell/cpg/tilt/0.30/650/M9	4605182869998303643	0.7780054881475736
cell/cpg/tilt/0.30/650/T9	4647512207294255398	500.48305994576583
cell/cpg/tilt/0.30/650/p9	4677104761256804352	50000.0
cell/cpg/tilt/0.30/650/F_over_mdot	4642785322650560039	243.89538811873464
cell/cpg/tilt/0.30/650/tsfc	4541251401653820612	4.1515299849464944e-05
cell/cpg/tilt/0.30/650/eta_th	4593369285504475488	0.12080426716341242
cell/cpg/tilt/0.30/650/eta_p	4601649841495605225	0.44288026455615054
cell/cpg/tilt/0.30/650/s2/Tt	4643158439260848128	254.5
cell/cpg/tilt/0.30/650/s2/pt	4677328081534983276	51624.8688784175
cell/cpg/tilt/0.30/650/s3/Tt	4645444362495956750	382.9396919369327
cell/cpg/tilt/0.30/650/s3/pt	4685459487840485638	181010.54600382614
cell/cpg/tilt/0.30/650/s4/Tt	4648928676283416576	650.0
cell/cpg/tilt/0.30/650/s4/pt	4685210708840384026	173770.12416367308
cell/cpg/tilt/0.30/650/s5/Tt	4648013212868444987	545.9238593020485
cell/cpg/tilt/0.30/650/s5/pt	4679845878371156594	74352.50387907939
cell/cpg/tilt/0.30/650/s9/Tt	4648013212868444987	545.9238593020485
cell/cpg/tilt/0.30/650/s9/pt	4679743689067944959	72865.4538014978
cell/cpg/tilt/0.30/650/s4/far	4576990511815616086	0.010125390169650899
cell/cpg/tilt/0.30/900/abort	0	0.0
cell/cpg/tilt/0.30/900/n_outer	4617315517961601024	5.0
cell/cpg/tilt/0.30/900/n_solve_turbine	4630122629401935872	35.0
cell/cpg/tilt/0.30/900/branch	0	0.0
cell/cpg/tilt/0.30/900/nozzle_choked	4607182418800017408	1.0
cell/cpg/tilt/0.30/900/eta_c	4605996530609040200	0.8683399625746029
cell/cpg/tilt/0.30/900/eta_t	4606281692753509849	0.8999993204287718
cell/cpg/tilt/0.30/900/n_corr	4605616087657132124	0.8261023100981322
cell/cpg/tilt/0.30/900/N_ratio	4605192835498802863	0.7791118809581884
cell/cpg/tilt/0.30/900/flowcoef	4605316574441906041	0.7928496633257814
cell/cpg/tilt/0.30/900/nu_t	4607208670792328147	1.005829113261133
cell/cpg/tilt/0.30/900/pi_c	4617655748981198375	5.3021858493189375
cell/cpg/tilt/0.30/900/tau_c	4610349252732711743	1.7031783894482968
cell/cpg/tilt/0.30/900/tau_t	4605740207137175414	0.8398823405529885
cell/cpg/tilt/0.30/900/pi_t	4601379591739491073	0.4278783894742873
cell/cpg/tilt/0.30/900/mdot_air	4601974722271180596	0.4609147704212433
cell/cpg/tilt/0.30/900/mdot_ratio	4601974722271180596	0.4609147704212433
cell/cpg/tilt/0.30/900/thrust	4641866368083436159	217.77712843219703
cell/cpg/tilt/0.30/900/V0	4636390020038410586	95.06497777835958
cell/cpg/tilt/0.30/900/V9	4647403178056177862	494.2854652976497
cell/cpg/tilt/0.30/900/M9	4607182418800017406	0.9999999999999998
cell/cpg/tilt/0.30/900/T9	4648992880928279184	657.2992230414693
cell/cpg/tilt/0.30/900/p9	4678497329754865824	60132.269366742345
cell/cpg/tilt/0.30/900/F_over_mdot	4647019729418306708	472.4889337635334
cell/cpg/tilt/0.30/900/tsfc	4540272026107396560	3.48787930050141e-05
cell/cpg/tilt/0.30/900/eta_th	4595279951871856644	0.16964017916291152
cell/cpg/tilt/0.30/900/eta_p	4600434105899175255	0.37539338200550304
cell/cpg/tilt/0.30/900/s2/Tt	4643158439260848128	254.5
cell/cpg/tilt/0.30/900/s2/pt	4677328081534983276	51624.8688784175
cell/cpg/tilt/0.30/900/s3/Tt	4646333105805034706	433.45890011459153
cell/cpg/tilt/0.30/900/s3/pt	4688446166131696887	273724.6492400909
cell/cpg/tilt/0.30/900/s4/Tt	4651127699538968576	900.0
cell/cpg/tilt/0.30/900/s4/pt	4688258063985041645	262775.6632704873
cell/cpg/tilt/0.30/900/s5/Tt	4649860130694673855	755.8941064976897
cell/cpg/tilt/0.30/900/s5/pt	4682462958193053945	112436.02759319906
cell/cpg/tilt/0.30/900/s9/Tt	4649860130694673855	755.8941064976897
cell/cpg/tilt/0.30/900/s9/pt	4682308427293404363	110187.30704133508
cell/cpg/tilt/0.30/900/s4/far	4580407212962155129	0.0164798437178981
cell/cpg/tilt/0.30/1100/abort	0	0.0
cell/cpg/tilt/0.30/1100/n_outer	4617315517961601024	5.0
cell/cpg/tilt/0.30/1100/n_solve_turbine	4630122629401935872	35.0
cell/cpg/tilt/0.30/1100/branch	0	0.0
cell/cpg/tilt/0.30/1100/nozzle_choked	4607182418800017408	1.0
cell/cpg/tilt/0.30/1100/eta_c	4606068994127376688	0.8763850292248545
cell/cpg/tilt/0.30/1100/eta_t	4606281698843376382	0.899999996539776
cell/cpg/tilt/0.30/1100/n_corr	4606350333442551340	0.9076199677687717
cell/cpg/tilt/0.30/1100/N_ratio	4605885315846540461	0.85599264357406
cell/cpg/tilt/0.30/1100/flowcoef	4606107532784213731	0.8806636796407158
cell/cpg/tilt/0.30/1100/nu_t	4607178672290153000	0.9995840538486549
cell/cpg/tilt/0.30/1100/pi_c	4619780898421542385	7.189697720870286
cell/cpg/tilt/0.30/1100/tau_c	4611072574477325893	1.8637880804648301
cell/cpg/tilt/0.30/1100/tau_t	4605740205931147430	0.8398822066569849
cell/cpg/tilt/0.30/1100/pi_t	4601379591125080323	0.42787835536763924
cell/cpg/tilt/0.30/1100/mdot_air	4603241623809445274	0.562483866613934
cell/cpg/tilt/0.30/1100/mdot_ratio	4603241623809445274	0.562483866613934
cell/cpg/tilt/0.30/1100/thrust	4644934806545439367	353.97478960865595
cell/cpg/tilt/0.30/1100/V0	4636390020038410586	95.06497777835958
cell/cpg/tilt/0.30/1100/V9	4648017868110186112	546.4530990144267
cell/cpg/tilt/0.30/1100/M9	4607182418800017408	1.0
cell/cpg/tilt/0.30/1100/T9	4650277694270457357	803.3655889762464
cell/cpg/tilt/0.30/1100/p9	4680339703064583633	81538.59895550391
cell/cpg/tilt/0.30/1100/F_over_mdot	4648746654898607971	629.3065643634003
cell/cpg/tilt/0.30/1100/tsfc	4540195064991947013	3.435728420146843e-05
cell/cpg/tilt/0.30/1100/eta_th	4594930781352284813	0.15994875040418713
cell/cpg/tilt/0.30/1100/eta_p	4600952717792050032	0.40418212522120367
cell/cpg/tilt/0.30/1100/s2/Tt	4643158439260848128	254.5
cell/cpg/tilt/0.30/1100/s2/pt	4677328081534983276	51624.8688784175
cell/cpg/tilt/0.30/1100/s3/Tt	4647052189336301508	474.3340664782993
cell/cpg/tilt/0.30/1100/s3/pt	4690120216443049454	371167.2021153857
cell/cpg/tilt/0.30/1100/s4/Tt	4652552666608566272	1100.0
cell/cpg/tilt/0.30/1100/s4/pt	4689865152283940109	356320.5140307702
cell/cpg/tilt/0.30/1100/s5/Tt	4651337666038178754	923.8704273226833
cell/cpg/tilt/0.30/1100/s5/pt	4684478561617766282	152461.8355272378
cell/cpg/tilt/0.30/1100/s9/Tt	4651337666038178754	923.8704273226833
cell/cpg/tilt/0.30/1100/s9/pt	4684373790642169863	149412.59881669303
cell/cpg/tilt/0.30/1100/s4/far	4581889126602855081	0.02162126448168303
cell/cpg/tilt/0.30/1500/abort	0	0.0
cell/cpg/tilt/0.30/1500/n_outer	4617315517961601024	5.0
cell/cpg/tilt/0.30/1500/n_solve_turbine	4630122629401935872	35.0
cell/cpg/tilt/0.30/1500/branch	0	0.0
cell/cpg/tilt/0.30/1500/nozzle_choked	4607182418800017408	1.0
cell/cpg/tilt/0.30/1500/eta_c	4606085745289127138	0.8782447817713115
cell/cpg/tilt/0.30/1500/eta_t	4606281697730605759	0.8999998729974193
cell/cpg/tilt/0.30/1500/n_corr	4607466076870652094	1.0629847442278755
cell/cpg/tilt/0.30/1500/N_ratio	4607193767628948072	1.002519946236271
cell/cpg/tilt/0.30/1500/flowcoef	4607562361036724573	1.0843641238439752
cell/cpg/tilt/0.30/1500/nu_t	4607193767628948072	1.002519946236271
cell/cpg/tilt/0.30/1500/pi_c	4623075086726081140	12.231049366780304
cell/cpg/tilt/0.30/1500/tau_c	4612113703113096825	2.189930154141447
cell/cpg/tilt/0.30/1500/tau_t	4605740206151518764	0.8398822311231178
cell/cpg/tilt/0.30/1500/pi_t	4601379591237347845	0.42787836159973863
cell/cpg/tilt/0.30/1500/mdot_air	4605481357786346545	0.81114428963304
cell/cpg/tilt/0.30/1500/mdot_ratio	4605481357786346545	0.81114428963304
cell/cpg/tilt/0.30/1500/thrust	4649543482234032363	719.8953443379409
cell/cpg/tilt/0.30/1500/V0	4636390020038410586	95.06497777835958
cell/cpg/tilt/0.30/1500/V9	4648824176501217041	638.1197502191372
cell/cpg/tilt/0.30/1500/M9	4607182418800017406	0.9999999999999998
cell/cpg/tilt/0.30/1500/T9	4652532869076346574	1095.4985623345015
cell/cpg/tilt/0.30/1500/p9	4684006146163691926	138712.73624671687
cell/cpg/tilt/0.30/1500/F_over_mdot	4651017800289810470	887.505901895235
cell/cpg/tilt/0.30/1500/tsfc	4540456032293257345	3.6125667420395566e-05
cell/cpg/tilt/0.30/1500/eta_th	4594566328989215373	0.14983316528271864
cell/cpg/tilt/0.30/1500/eta_p	4601063802994617926	0.41034859270050494
cell/cpg/tilt/0.30/1500/s2/Tt	4643158439260848128	254.5
cell/cpg/tilt/0.30/1500/s2/pt	4677328081534983276	51624.8688784175
cell/cpg/tilt/0.30/1500/s3/Tt	4648113605888038843	557.3372242289983
cell/cpg/tilt/0.30/1500/s3/pt	4693671122879482723	631426.3198054846
cell/cpg/tilt/0.30/1500/s4/Tt	4654311885213007872	1500.0
cell/cpg/tilt/0.30/1500/s4/pt	4693454166448010867	606169.2670132652
cell/cpg/tilt/0.30/1500/s5/Tt	4653255577120845779	1259.8233466846766
cell/cpg/tilt/0.30/1500/s5/pt	4688151785231868879	259366.7128217504
cell/cpg/tilt/0.30/1500/s9/Tt	4653255577120845779	1259.8233466846766
cell/cpg/tilt/0.30/1500/s9/pt	4687973549783990408	254179.3785653154
cell/cpg/tilt/0.30/1500/s4/far	4584781405164837217	0.03206174304550547
cell/cpg/tilt/0.85/500/abort	0	0.0
cell/cpg/tilt/0.85/500/n_outer	4617315517961601024	5.0
cell/cpg/tilt/0.85/500/n_solve_turbine	4630122629401935872	35.0
cell/cpg/tilt/0.85/500/branch	0	0.0
cell/cpg/tilt/0.85/500/nozzle_choked	0	0.0
cell/cpg/tilt/0.85/500/eta_c	4605764247270165919	0.8425513314690994
cell/cpg/tilt/0.85/500/eta_t	4606281688735824226	0.8999988743760634
cell/cpg/tilt/0.85/500/n_corr	4603414541590548324	0.5816815968087039
cell/cpg/tilt/0.85/500/N_ratio	4603414541590548324	0.5816815968087039
cell/cpg/tilt/0.85/500/flowcoef	4604874834362702138	0.7438066626425901
cell/cpg/tilt/0.85/500/nu_t	4607216205162460227	1.0075020795004697
cell/cpg/tilt/0.85/500/pi_c	4612667186164794710	2.435726005235362
cell/cpg/tilt/0.85/500/tau_c	4608730549309083335	1.3437540272579314
cell/cpg/tilt/0.85/500/tau_t	4605740207932831904	0.839882428888604
cell/cpg/tilt/0.85/500/pi_t	4601379592144839305	0.4278784119756343
cell/cpg/tilt/0.85/500/mdot_air	4601465705207912814	0.4326586472428947
cell/cpg/tilt/0.85/500/mdot_ratio	4601465705207912814	0.4326586472428947
cell/cpg/tilt/0.85/500/thrust	4625955756803734887	18.696294722552377
cell/cpg/tilt/0.85/500/V0	4643446085055202208	269.3507703720188
cell/cpg/tilt/0.85/500/V9	4644175711085023551	310.8252083969018
cell/cpg/tilt/0.85/500/M9	4605615236282342816	0.8260077885087647
cell/cpg/tilt/0.85/500/T9	4645409415686521079	380.95319581033203
cell/cpg/tilt/0.85/500/p9	4677104761256804352	50000.0
cell/cpg/tilt/0.85/500/F_over_mdot	4631278446736232656	43.21257610750183
cell/cpg/tilt/0.85/500/tsfc	4548906300900710664	0.00012940703423875593
cell/cpg/tilt/0.85/500/eta_th	4587567972813059173	0.051397440312577904
cell/cpg/tilt/0.85/500/eta_p	4606697677124647748	0.946182863100923
cell/cpg/tilt/0.85/500/s2/Tt	4643741180423569407	286.12499999999994
cell/cpg/tilt/0.85/500/s2/pt	4680081772134739219	77785.20992963416
cell/cpg/tilt/0.85/500/s3/Tt	4645471488399766627	384.48162104917554
cell/cpg/tilt/0.85/500/s3/pt	4685749927707397382	189463.45864830184
cell/cpg/tilt/0.85/500/s4/Tt	4647503709213818880	500.0
cell/cpg/tilt/0.85/500/s4/pt	4685489531112619300	181884.92030236975
cell/cpg/tilt/0.85/500/s5/Tt	4646095300163833036	419.941214444302
cell/cpg/tilt/0.85/500/s5/pt	4680084481120533914	77824.63086127341
cell/cpg/tilt/0.85/500/s9/Tt	4646095300163833036	419.941214444302
cell/cpg/tilt/0.85/500/s9/pt	4679977519762334733	76268.13824404795
cell/cpg/tilt/0.85/500/s4/far	4573097172253775439	0.005592011315888336
cell/cpg/tilt/0.85/600/abort	0	0.0
cell/cpg/tilt/0.85/600/n_outer	4618441417868443648	6.0
cell/cpg/tilt/0.85/600/n_solve_turbine	4631107791820423168	42.0
cell/cpg/tilt/0.85/600/branch	0	0.0
cell/cpg/tilt/0.85/600/nozzle_choked	0	0.0
cell/cpg/tilt/0.85/600/eta_c	4605806860042750275	0.8472822995957262
cell/cpg/tilt/0.85/600/eta_t	4606281671708075296	0.8999969839161714
cell/cpg/tilt/0.85/600/n_corr	4603941828784166804	0.6402222351032258
cell/cpg/tilt/0.85/600/N_ratio	4603941828784166804	0.6402222351032258
cell/cpg/tilt/0.85/600/flowcoef	4604686976429458487	0.7229502423580304
cell/cpg/tilt/0.85/600/nu_t	4607237724065412826	1.0122802358049996
cell/cpg/tilt/0.85/600/pi_c	4613625978978090332	2.8615155481017336
cell/cpg/tilt/0.85/600/tau_c	4609044810730352177	1.4135340803867502
cell/cpg/tilt/0.85/600/tau_t	4605740211304981441	0.8398828032724098
cell/cpg/tilt/0.85/600/pi_t	4601379593862781610	0.4278785073405894
cell/cpg/tilt/0.85/600/mdot_air	4602009563011585647	0.4628488200308771
cell/cpg/tilt/0.85/600/mdot_ratio	4602009563011585647	0.4628488200308771
cell/cpg/tilt/0.85/600/thrust	4633694034041482781	60.37635623089975
cell/cpg/tilt/0.85/600/V0	4643446085055202208	269.3507703720188
cell/cpg/tilt/0.85/600/V9	4645684363716665087	396.58218185276195
cell/cpg/tilt/0.85/600/M9	4607003443903296497	0.9801297948830535
cell/cpg/tilt/0.85/600/T9	4646456273615535039	440.4601795570306
cell/cpg/tilt/0.85/600/p9	4677104761256804352	50000.0
cell/cpg/tilt/0.85/600/F_over_mdot	4638793645166629676	130.4450905305797
cell/cpg/tilt/0.85/600/tsfc	4544212178148624491	6.212144729780967e-05
cell/cpg/tilt/0.85/600/eta_th	4593598414120624152	0.12398406547902174
cell/cpg/tilt/0.85/600/eta_p	4605534863168595424	0.8170845803644475
cell/cpg/tilt/0.85/600/s2/Tt	4643741180423569407	286.12499999999994
cell/cpg/tilt/0.85/600/s2/pt	4680081772134739219	77785.20992963416
cell/cpg/tilt/0.85/600/s3/Tt	4645822730779300015	404.4474387506588
cell/cpg/tilt/0.85/600/s3/pt	4686887926673785696	222583.58762600552
cell/cpg/tilt/0.85/600/s4/Tt	4648488871632306176	600.0
cell/cpg/tilt/0.85/600/s4/pt	4686582010120352082	213680.2441209653
cell/cpg/tilt/0.85/600/s5/Tt	4647572840910015206	503.9296819634459
cell/cpg/tilt/0.85/600/s5/pt	4681019378886764584	91429.18390265165
cell/cpg/tilt/0.85/600/s9/Tt	4647572840910015206	503.9296819634459
cell/cpg/tilt/0.85/600/s9/pt	4680893719573240789	89600.60022459862
cell/cpg/tilt/0.85/600/s4/far	4575824935641085481	0.008103437816653418
cell/cpg/tilt/0.85/650/abort	0	0.0
cell/cpg/tilt/0.85/650/n_outer	4618441417868443648	6.0
cell/cpg/tilt/0.85/650/n_solve_turbine	4631107791820423168	42.0
cell/cpg/tilt/0.85/650/branch	0	0.0
cell/cpg/tilt/0.85/650/nozzle_choked	4607182418800017408	1.0
cell/cpg/tilt/0.85/650/eta_c	4605830307721628301	0.8498855148921663
cell/cpg/tilt/0.85/650/eta_t	4606281666841834305	0.8999964436548923
cell/cpg/tilt/0.85/650/n_corr	4604183549608649712	0.6670586375904559
cell/cpg/tilt/0.85/650/N_ratio	4604183549608649712	0.6670586375904559
cell/cpg/tilt/0.85/650/flowcoef	4604665532148925656	0.7205694489586234
cell/cpg/tilt/0.85/650/nu_t	4607242473461854740	1.0133348136615767
cell/cpg/tilt/0.85/650/pi_c	4614155910578953162	3.0968524540034865
cell/cpg/tilt/0.85/650/tau_c	4609202531284012109	1.448555078412727
cell/cpg/tilt/0.85/650/tau_t	4605740212268683973	0.8398829102648838
cell/cpg/tilt/0.85/650/pi_t	4601379594353739992	0.4278785345942544
cell/cpg/tilt/0.85/650/mdot_air	4602330458083758774	0.4806620749116449
cell/cpg/tilt/0.85/650/mdot_ratio	4602330458083758774	0.4806620749116449
cell/cpg/tilt/0.85/650/thrust	4635539546546800883	82.97902254996352
cell/cpg/tilt/0.85/650/V0	4643446085055202208	269.3507703720188
cell/cpg/tilt/0.85/650/V9	4646097425302796764	420.0620146085546
cell/cpg/tilt/0.85/650/M9	4607182418800017404	0.9999999999999996
cell/cpg/tilt/0.85/650/T9	4647058915903253055	474.71642754102135
cell/cpg/tilt/0.85/650/p9	4677505941330548295	52918.96921221591
cell/cpg/tilt/0.85/650/F_over_mdot	4640278065167933884	172.63484448032784
cell/cpg/tilt/0.85/650/tsfc	4543129361107910004	5.424084809923626e-05
cell/cpg/tilt/0.85/650/eta_th	4593912602211028506	0.1316886022587916
cell/cpg/tilt/0.85/650/eta_p	4606110998523352771	0.8810484539796665
cell/cpg/tilt/0.85/650/s2/Tt	4643741180423569407	286.12499999999994
cell/cpg/tilt/0.85/650/s2/pt	4680081772134739219	77785.20992963416
cell/cpg/tilt/0.85/650/s3/Tt	4645999011222331062	414.46782181084143
cell/cpg/tilt/0.85/650/s3/pt	4687516906788859278	240889.3182557639
cell/cpg/tilt/0.85/650/s4/Tt	4648928676283416576	650.0
cell/cpg/tilt/0.85/650/s4/pt	4687185831030822720	231253.74552553333
cell/cpg/tilt/0.85/650/s5/Tt	4648013213153175626	545.9238916721745
cell/cpg/tilt/0.85/650/s5/pt	4681536103299616361	98948.51375489835
cell/cpg/tilt/0.85/650/s9/Tt	4648013213153175626	545.9238916721745
cell/cpg/tilt/0.85/650/s9/pt	4681400109497835531	96969.54347980038
cell/cpg/tilt/0.85/650/s4/far	4576551519777920078	0.009363860376092738
cell/cpg/tilt/0.85/900/abort	0	0.0
cell/cpg/tilt/0.85/900/n_outer	4618441417868443648	6.0
cell/cpg/tilt/0.85/900/n_solve_turbine	4631107791820423168	42.0
cell/cpg/tilt/0.85/900/branch	0	0.0
cell/cpg/tilt/0.85/900/nozzle_choked	4607182418800017408	1.0
cell/cpg/tilt/0.85/900/eta_c	4605949352696963130	0.8631021621504325
cell/cpg/tilt/0.85/900/eta_t	4606281679736812003	0.8999978752850065
cell/cpg/tilt/0.85/900/n_corr	4605224077983112710	0.7825804935009166
cell/cpg/tilt/0.85/900/N_ratio	4605224077983112710	0.7825804935009166
cell/cpg/tilt/0.85/900/flowcoef	4605004065209091872	0.758154168757958
cell/cpg/tilt/0.85/900/nu_t	4607228837729232511	1.0103070727986105
cell/cpg/tilt/0.85/900/pi_c	4616782319180526578	4.5264243492392655
cell/cpg/tilt/0.85/900/tau_c	4609997098370396616	1.624984413195408
cell/cpg/tilt/0.85/900/tau_t	4605740209714983075	0.8398826267471303
cell/cpg/tilt/0.85/900/pi_t	4601379593052756824	0.427878462375181
cell/cpg/tilt/0.85/900/mdot_air	4603519340954906711	0.5933166635363801
cell/cpg/tilt/0.85/900/mdot_ratio	4603519340954906711	0.5933166635363801
cell/cpg/tilt/0.85/900/thrust	4641912223715665381	219.08042388716345
cell/cpg/tilt/0.85/900/V0	4643446085055202208	269.3507703720188
cell/cpg/tilt/0.85/900/V9	4647403179537706005	494.2855495127745
cell/cpg/tilt/0.85/900/M9	4607182418800017404	0.9999999999999996
cell/cpg/tilt/0.85/900/T9	4648992882898410718	657.2994470194933
cell/cpg/tilt/0.85/900/p9	4680051690167273545	77347.45968917118
cell/cpg/tilt/0.85/900/F_over_mdot	4645203478877719608	369.2470435287719
cell/cpg/tilt/0.85/900/tsfc	4541404923105737511	4.255560167253639e-05
cell/cpg/tilt/0.85/900/eta_th	4593871780966763800	0.13055558512687848
cell/cpg/tilt/0.85/900/eta_p	4607780132942864466	1.1327192007065787
cell/cpg/tilt/0.85/900/s2/Tt	4643741180423569407	286.12499999999994
cell/cpg/tilt/0.85/900/s2/pt	4680081772134739219	77785.20992963416
cell/cpg/tilt/0.85/900/s3/Tt	4646887079611361402	464.94866522553605
cell/cpg/tilt/0.85/900/s3/pt	4689792453162756093	352088.86823618395
cell/cpg/tilt/0.85/900/s4/Tt	4651127699538968576	900.0
cell/cpg/tilt/0.85/900/s4/pt	4689550499534858483	338005.3135067366
cell/cpg/tilt/0.85/900/s5/Tt	4649860132960325119	755.8943640724173
cell/cpg/tilt/0.85/900/s5/pt	4684209296658949805	144625.19381790367
cell/cpg/tilt/0.85/900/s9/Tt	4649860132960325119	755.8943640724173
cell/cpg/tilt/0.85/900/s9/pt	4684109910982529716	141732.6899415456
cell/cpg/tilt/0.85/900/s4/far	4580186338100732482	0.01571353010317212
cell/cpg/tilt/0.85/1100/abort	0	0.0
cell/cpg/tilt/0.85/1100/n_outer	4617315517961601024	5.0
cell/cpg/tilt/0.85/1100/n_solve_turbine	4630122629401935872	35.0
cell/cpg/tilt/0.85/1100/branch	0	0.0
cell/cpg/tilt/0.85/1100/nozzle_choked	4607182418800017408	1.0
cell/cpg/tilt/0.85/1100/eta_c	4606029460965398719	0.8719959665584368
cell/cpg/tilt/0.85/1100/eta_t	4606281695652362748	0.8999996422660952
cell/cpg/tilt/0.85/1100/n_corr	4605921145786850108	0.8599705660443315
cell/cpg/tilt/0.85/1100/N_ratio	4605921145786850108	0.8599705660443315
cell/cpg/tilt/0.85/1100/flowcoef	4605603514124886448	0.8247063675981305
cell/cpg/tilt/0.85/1100/nu_t	4607201465723110527	1.004229266513249
cell/cpg/tilt/0.85/1100/pi_c	4618454911860582503	6.011985072613334
cell/cpg/tilt/0.85/1100/tau_c	4610639990828824214	1.7677352151362462
cell/cpg/tilt/0.85/1100/tau_t	4605740206563091045	0.83988227681682
cell/cpg/tilt/0.85/1100/pi_t	4601379591447023894	0.4278783732390975
cell/cpg/tilt/0.85/1100/mdot_air	4604563334239647695	0.7092232017637289
cell/cpg/tilt/0.85/1100/mdot_ratio	4604563334239647695	0.7092232017637289
cell/cpg/tilt/0.85/1100/thrust	4645055309766072395	360.8246046531755
cell/cpg/tilt/0.85/1100/V0	4643446085055202208	269.3507703720188
cell/cpg/tilt/0.85/1100/V9	4648017868310948743	546.4531218384953
cell/cpg/tilt/0.85/1100/M9	4607182418800017406	0.9999999999999998
cell/cpg/tilt/0.85/1100/T9	4650277694860757949	803.365656085654
cell/cpg/tilt/0.85/1100/p9	4681796148798307103	102732.67380736441
cell/cpg/tilt/0.85/1100/F_over_mdot	4647657821935974261	508.76029401725765
cell/cpg/tilt/0.85/1100/tsfc	4541173006504667462	4.098407365556388e-05
cell/cpg/tilt/0.85/1100/eta_th	4593856948362759706	0.13014389766486617
cell/cpg/tilt/0.85/1100/eta_p	4607992497926001332	1.179873699487115
cell/cpg/tilt/0.85/1100/s2/Tt	4643741180423569407	286.12499999999994
cell/cpg/tilt/0.85/1100/s2/pt	4680081772134739219	77785.20992963416
cell/cpg/tilt/0.85/1100/s3/Tt	4647605624942094201	505.79323843085837
cell/cpg/tilt/0.85/1100/s3/pt	4691777666980275007	467643.52096705505
cell/cpg/tilt/0.85/1100/s4/Tt	4652552666608566272	1100.0
cell/cpg/tilt/0.85/1100/s4/pt	4691456304799676640	448937.78012837283
cell/cpg/tilt/0.85/1100/s5/Tt	4651337666717024435	923.8705044985021
cell/cpg/tilt/0.85/1100/s5/pt	4685840201336585036	192090.76704689336
cell/cpg/tilt/0.85/1100/s9/Tt	4651337666717024435	923.8705044985021
cell/cpg/tilt/0.85/1100/s9/pt	4685708197566612242	188248.9517059555
cell/cpg/tilt/0.85/1100/s4/far	4581667132974095397	0.020851069363029624
cell/cpg/tilt/0.85/1500/abort	0	0.0
cell/cpg/tilt/0.85/1500/n_outer	4607182418800017408	1.0
cell/cpg/tilt/0.85/1500/n_solve_turbine	4607182418800017408	1.0
cell/cpg/tilt/0.85/1500/branch	0	0.0
cell/cpg/tilt/0.85/1500/nozzle_choked	4607182418800017408	1.0
cell/cpg/tilt/0.85/1500/eta_c	4606101554889448489	0.88
cell/cpg/tilt/0.85/1500/eta_t	4606281698874543309	0.9
cell/cpg/tilt/0.85/1500/n_corr	4607182418800017418	1.0000000000000022
cell/cpg/tilt/0.85/1500/N_ratio	4607182418800017418	1.0000000000000022
cell/cpg/tilt/0.85/1500/flowcoef	4607182418800017445	1.0000000000000082
cell/cpg/tilt/0.85/1500/nu_t	4607182418800017418	1.0000000000000022
cell/cpg/tilt/0.85/1500/pi_c	4621819117588971577	10.000000000000101
cell/cpg/tilt/0.85/1500/tau_c	4611815746991539699	2.057611055549154
cell/cpg/tilt/0.85/1500/tau_t	4605740205924975101	0.8398822059717187
cell/cpg/tilt/0.85/1500/pi_t	4601379591121935493	0.4278783551930661
cell/cpg/tilt/0.85/1500/mdot_air	4607182418800017455	1.0000000000000104
cell/cpg/tilt/0.85/1500/mdot_ratio	4607182418800017455	1.0000000000000104
cell/cpg/tilt/0.85/1500/thrust	4649780385265186447	746.8281007965141
cell/cpg/tilt/0.85/1500/V0	4643446085055202208	269.3507703720188
cell/cpg/tilt/0.85/1500/V9	4648824176417173227	638.1197406644618
cell/cpg/tilt/0.85/1500/M9	4607182418800017409	1.0000000000000002
cell/cpg/tilt/0.85/1500/T9	4652532868932063501	1095.4985295283288
cell/cpg/tilt/0.85/1500/p9	4685111397417843452	170879.78135963518
cell/cpg/tilt/0.85/1500/F_over_mdot	4649780385265186378	746.8281007965063
cell/cpg/tilt/0.85/1500/tsfc	4541306508773566647	4.188872021789038e-05
cell/cpg/tilt/0.85/1500/eta_th	4593841819363922599	0.12972398359365409
cell/cpg/tilt/0.85/1500/eta_p	4607894570279413602	1.1581293938893045
cell/cpg/tilt/0.85/1500/s2/Tt	4643741180423569407	286.12499999999994
cell/cpg/tilt/0.85/1500/s2/pt	4680081772134739219	77785.20992963416
cell/cpg/tilt/0.85/1500/s3/Tt	4648389774525228701	588.7339632690015
cell/cpg/tilt/0.85/1500/s3/pt	4694928910747891867	777852.0992963495
cell/cpg/tilt/0.85/1500/s4/Tt	4654311885213007872	1500.0
cell/cpg/tilt/0.85/1500/s4/pt	4694661642801683646	746738.0153244955
cell/cpg/tilt/0.85/1500/s5/Tt	4653255576954920245	1259.823308957578
cell/cpg/tilt/0.85/1500/s5/pt	4689232804587847161	319513.03375717957
cell/cpg/tilt/0.85/1500/s9/Tt	4653255576954920245	1259.823308957578
cell/cpg/tilt/0.85/1500/s9/pt	4689123020745396534	313122.77308203594
cell/cpg/tilt/0.85/1500/s4/far	4584669273506512818	0.03128367336512329
cell/cpg/tilt/1.60/500/abort	4611686018427387904	2.0
cell/cpg/tilt/1.60/600/abort	0	0.0
cell/cpg/tilt/1.60/600/n_outer	4617315517961601024	5.0
cell/cpg/tilt/1.60/600/n_solve_turbine	4630122629401935872	35.0
cell/cpg/tilt/1.60/600/branch	0	0.0
cell/cpg/tilt/1.60/600/nozzle_choked	4607182418800017408	1.0
cell/cpg/tilt/1.60/600/eta_c	4605747703165439856	0.8407145668702309
cell/cpg/tilt/1.60/600/eta_t	4606281694694791438	0.8999995359543236
cell/cpg/tilt/1.60/600/n_corr	4603155326716027254	0.5529029646068426
cell/cpg/tilt/1.60/600/N_ratio	4603899312606912609	0.6355019912125607
cell/cpg/tilt/1.60/600/flowcoef	4605039875549691650	0.7621299152233123
cell/cpg/tilt/1.60/600/nu_t	4607204112076031151	1.0048168749020012
cell/cpg/tilt/1.60/600/pi_c	4612275067407660620	2.2615902962122956
cell/cpg/tilt/1.60/600/tau_c	4608589060572592022	1.312337216662376
cell/cpg/tilt/1.60/600/tau_t	4605740206752727099	0.8398822978706514
cell/cpg/tilt/1.60/600/pi_t	4601379591543634433	0.42787837860205974
cell/cpg/tilt/1.60/600/mdot_air	4606597244717809227	0.9350326260518583
cell/cpg/tilt/1.60/600/mdot_ratio	4606597244717809227	0.9350326260518583
cell/cpg/tilt/1.60/600/thrust	4632146699326821602	49.38188181798047
cell/cpg/tilt/1.60/600/V0	4647627086993665144	507.01321481791774
cell/cpg/tilt/1.60/600/V9	4645807512542869013	403.58238216288856
cell/cpg/tilt/1.60/600/M9	4607182418800017407	0.9999999999999999
cell/cpg/tilt/1.60/600/T9	4646416502612246766	438.1994597586007
cell/cpg/tilt/1.60/600/p9	4681509728842330586	98564.71488828157
cell/cpg/tilt/1.60/600/F_over_mdot	4632629586844684316	52.81300399804624
cell/cpg/tilt/1.60/600/tsfc	4547862922467360283	0.0001115982588173404
cell/cpg/tilt/1.60/600/eta_th	13819197446367820583	-0.18477966996803127
cell/cpg/tilt/1.60/600/eta_p	13826721581054871409	-0.5744654368665875
cell/cpg/tilt/1.60/600/s2/Tt	4645357462516400128	378.0
cell/cpg/tilt/1.60/600/s2/pt	4686056548495755892	198387.29808719794
cell/cpg/tilt/1.60/600/s3/Tt	4647434457008717332	496.0634678983781
cell/cpg/tilt/1.60/600/s3/pt	4691451717914060556	448670.78824578295
cell/cpg/tilt/1.60/600/s4/Tt	4648488871632306176	600.0
cell/cpg/tilt/1.60/600/s4/pt	4691143393696110767	430723.9567159516
cell/cpg/tilt/1.60/600/s5/Tt	4647572835575342149	503.9293787223908
cell/cpg/tilt/1.60/600/s5/pt	4685572425628029875	184297.46822467222
cell/cpg/tilt/1.60/600/s9/Tt	4647572835575342149	503.9293787223908
cell/cpg/tilt/1.60/600/s9/pt	4685445777372228184	180611.51886017877
cell/cpg/tilt/1.60/600/s4/far	4573445156214777529	0.005893839289095198
cell/cpg/tilt/1.60/650/abort	0	0.0
cell/cpg/tilt/1.60/650/n_outer	4617315517961601024	5.0
cell/cpg/tilt/1.60/650/n_solve_turbine	4630122629401935872	35.0
cell/cpg/tilt/1.60/650/branch	0	0.0
cell/cpg/tilt/1.60/650/nozzle_choked	4607182418800017408	1.0
cell/cpg/tilt/1.60/650/eta_c	4605760954910339220	0.8421858061006042
cell/cpg/tilt/1.60/650/eta_t	4606281687338535923	0.8999987192458988
cell/cpg/tilt/1.60/650/n_corr	4603375112091355194	0.5773040430233387
cell/cpg/tilt/1.60/650/N_ratio	4604151932058428165	0.6635483843666355
cell/cpg/tilt/1.60/650/flowcoef	4604890556500087905	0.74555217053479
cell/cpg/tilt/1.60/650/nu_t	4607218458208504661	1.008002356219284
cell/cpg/tilt/1.60/650/pi_c	4612603327961381474	2.4073672661391337
cell/cpg/tilt/1.60/650/tau_c	4608708184450228668	1.3387880310093427
cell/cpg/tilt/1.60/650/tau_t	4605740208209548657	0.839882459610335
cell/cpg/tilt/1.60/650/pi_t	4601379592285812296	0.42787841980120733
cell/cpg/tilt/1.60/650/mdot_air	4606777651489872028	0.9550618012661007
cell/cpg/tilt/1.60/650/mdot_ratio	4606777651489872028	0.9550618012661007
cell/cpg/tilt/1.60/650/thrust	4635506907891841919	82.51519936624207
cell/cpg/tilt/1.60/650/V0	4647627086993665144	507.01321481791774
cell/cpg/tilt/1.60/650/V9	4646097423320227827	420.0619019125581
cell/cpg/tilt/1.60/650/M9	4607182418800017406	0.9999999999999998
cell/cpg/tilt/1.60/650/T9	4647058911422210331	474.71617282323285
cell/cpg/tilt/1.60/650/p9	4681946322066509566	104917.98247581345
cell/cpg/tilt/1.60/650/F_over_mdot	4635780118739700360	86.39775903177554
cell/cpg/tilt/1.60/650/tsfc	4545736077297840628	8.277413190067151e-05
cell/cpg/tilt/1.60/650/eta_th	13817210065066650591	-0.12961875798632058
cell/cpg/tilt/1.60/650/eta_p	13831023333153588019	-1.1041117189781289
cell/cpg/tilt/1.60/650/s2/Tt	4645357462516400128	378.0
cell/cpg/tilt/1.60/650/s2/pt	4686056548495755892	198387.29808719794
cell/cpg/tilt/1.60/650/s3/Tt	4647610350859290192	506.0618757215316
cell/cpg/tilt/1.60/650/s3/pt	4691948564870857490	477591.0874329071
cell/cpg/tilt/1.60/650/s4/Tt	4648928676283416576	650.0
cell/cpg/tilt/1.60/650/s4/pt	4691620366774635824	458487.4439355908
cell/cpg/tilt/1.60/650/s5/Tt	4648013210576576060	545.9235987467177
cell/cpg/tilt/1.60/650/s5/pt	4685980599212011897	196176.88300980235
cell/cpg/tilt/1.60/650/s9/Tt	4648013210576576060	545.9235987467177
cell/cpg/tilt/1.60/650/s9/pt	4685845787484530566	192253.3453496063
cell/cpg/tilt/1.60/650/s4/far	4574895139719745370	0.0071514995020186215
cell/cpg/tilt/1.60/900/abort	0	0.0
cell/cpg/tilt/1.60/900/n_outer	4618441417868443648	6.0
cell/cpg/tilt/1.60/900/n_solve_turbine	4631107791820423168	42.0
cell/cpg/tilt/1.60/900/branch	0	0.0
cell/cpg/tilt/1.60/900/nozzle_choked	4607182418800017408	1.0
cell/cpg/tilt/1.60/900/eta_c	4605845332975359015	0.8515536531564337
cell/cpg/tilt/1.60/900/eta_t	4606281655410341047	0.8999951745041902
cell/cpg/tilt/1.60/900/n_corr	4604339628582192622	0.6843868845991758
cell/cpg/tilt/1.60/900/N_ratio	4605260539155372191	0.7866284967956466
cell/cpg/tilt/1.60/900/flowcoef	4604658920807337087	0.7198354425930943
cell/cpg/tilt/1.60/900/nu_t	4607252373314723206	1.0155330225805712
cell/cpg/tilt/1.60/900/pi_c	4614529459899964357	3.2627416768113755
cell/cpg/tilt/1.60/900/tau_c	4609308297979755100	1.4720400025832054
cell/cpg/tilt/1.60/900/tau_t	4605740214532558085	0.8398831616054002
cell/cpg/tilt/1.60/900/pi_t	4601379595507071540	0.4278785986170164
cell/cpg/tilt/1.60/900/mdot_air	4607601974253963540	1.093160025015611
cell/cpg/tilt/1.60/900/mdot_ratio	4607601974253963540	1.093160025015611
cell/cpg/tilt/1.60/900/thrust	4643395941893401219	266.50046162275993
cell/cpg/tilt/1.60/900/V0	4647627086993665144	507.01321481791774
cell/cpg/tilt/1.60/900/V9	4647403182306481714	494.28570689945184
cell/cpg/tilt/1.60/900/M9	4607182418800017406	0.9999999999999998
cell/cpg/tilt/1.60/900/T9	4648992886580320967	657.2998656042263
cell/cpg/tilt/1.60/900/p9	4684125864754302530	142197.005810367
cell/cpg/tilt/1.60/900/F_over_mdot	4642781581777939790	243.78906612410577
cell/cpg/tilt/1.60/900/tsfc	4543289138724245801	5.532354334139768e-05
cell/cpg/tilt/1.60/900/eta_th	13799243580792742195	-0.008184290323428023
cell/cpg/tilt/1.60/900/eta_p	13851429432703431345	-26.16281650534319
cell/cpg/tilt/1.60/900/s2/Tt	4645357462516400128	378.0
cell/cpg/tilt/1.60/900/s2/pt	4686056548495755892	198387.29808719794
cell/cpg/tilt/1.60/900/s3/Tt	4648105635719541718	556.4311209764517
cell/cpg/tilt/1.60/900/s3/pt	4693807360838238666	647286.5056191024
cell/cpg/tilt/1.60/900/s4/Tt	4651127699538968576	900.0
cell/cpg/tilt/1.60/900/s4/pt	4693584954888416573	621395.0453943383
cell/cpg/tilt/1.60/900/s5/Tt	4649860137194521905	755.8948454448602
cell/cpg/tilt/1.60/900/s5/pt	4688311424279746133	265881.6412108888
cell/cpg/tilt/1.60/900/s9/Tt	4649860137194521905	755.8948454448602
cell/cpg/tilt/1.60/900/s9/pt	4688192923994228718	260564.00838667102
cell/cpg/tilt/1.60/900/s4/far	4578928506454405351	0.01348727496587583
cell/cpg/tilt/1.60/1100/abort	0	0.0
cell/cpg/tilt/1.60/1100/n_outer	4618441417868443648	6.0
cell/cpg/tilt/1.60/1100/n_solve_turbine	4631107791820423168	42.0
cell/cpg/tilt/1.60/1100/branch	0	0.0
cell/cpg/tilt/1.60/1100/nozzle_choked	4607182418800017408	1.0
cell/cpg/tilt/1.60/1100/eta_c	4605918720345394140	0.8597012879494019
cell/cpg/tilt/1.60/1100/eta_t	4606281660792140112	0.8999957720039138
cell/cpg/tilt/1.60/1100/n_corr	4604983563484899822	0.7558780201337052
cell/cpg/tilt/1.60/1100/N_ratio	4606000672486313328	0.8687998033259827
cell/cpg/tilt/1.60/1100/flowcoef	4604845221822198621	0.7405190102141251
cell/cpg/tilt/1.60/1100/nu_t	4607247899311784102	1.0145395943655244
cell/cpg/tilt/1.60/1100/pi_c	4616323708700131061	4.11909641750366
cell/cpg/tilt/1.60/1100/tau_c	4609793859872575499	1.5798564012411613
cell/cpg/tilt/1.60/1100/tau_t	4605740213466755473	0.8398830432775403
cell/cpg/tilt/1.60/1100/pi_t	4601379594964097651	0.4278785684759107
cell/cpg/tilt/1.60/1100/mdot_air	4608272485299769943	1.2420433852795634
cell/cpg/tilt/1.60/1100/mdot_ratio	4608272485299769943	1.2420433852795634
cell/cpg/tilt/1.60/1100/thrust	4646541561601399684	445.3082402613293
cell/cpg/tilt/1.60/1100/V0	4647627086993665144	507.01321481791774
cell/cpg/tilt/1.60/1100/V9	4648017870504178432	546.4533711798431
cell/cpg/tilt/1.60/1100/M9	4607182418800017404	0.9999999999999996
cell/cpg/tilt/1.60/1100/T9	4650277701309493404	803.3663892219952
cell/cpg/tilt/1.60/1100/p9	4685408228314660527	179518.69745491954
cell/cpg/tilt/1.60/1100/F_over_mdot	4645014920350736942	358.52873219971923
cell/cpg/tilt/1.60/1100/tsfc	4542786351085058914	5.191652177448967e-05
cell/cpg/tilt/1.60/1100/eta_th	4584178855204043363	0.02956535639787673
cell/cpg/tilt/1.60/1100/eta_p	4620375354329307851	7.717680629610821
cell/cpg/tilt/1.60/1100/s2/Tt	4645357462516400128	378.0
cell/cpg/tilt/1.60/1100/s2/pt	4686056548495755892	198387.29808719794
cell/cpg/tilt/1.60/1100/s3/Tt	4648464116960725528	597.185719669159
cell/cpg/tilt/1.60/1100/s3/pt	4695266703994654682	817176.4088292078
cell/cpg/tilt/1.60/1100/s4/Tt	4652552666608566272	1100.0
cell/cpg/tilt/1.60/1100/s4/pt	4694985924318575948	784489.3524760394
cell/cpg/tilt/1.60/1100/s5/Tt	4651337674133070207	923.8713476052943
cell/cpg/tilt/1.60/1100/s5/pt	4689510313546485407	335666.18112204404
cell/cpg/tilt/1.60/1100/s9/Tt	4651337674133070207	923.8713476052943
cell/cpg/tilt/1.60/1100/s9/pt	4689394979524862016	328952.8574996032
cell/cpg/tilt/1.60/1100/s4/far	4581022216172660285	0.0186135647320269
cell/cpg/tilt/1.60/1500/abort	0	0.0
cell/cpg/tilt/1.60/1500/n_outer	4617315517961601024	5.0
cell/cpg/tilt/1.60/1500/n_solve_turbine	4630122629401935872	35.0
cell/cpg/tilt/1.60/1500/branch	0	0.0
cell/cpg/tilt/1.60/1500/nozzle_choked	4607182418800017408	1.0
cell/cpg/tilt/1.60/1500/eta_c	4606042239165304398	0.8734146317332916
cell/cpg/tilt/1.60/1500/eta_t	4606281690481527533	0.899999068188064
cell/cpg/tilt/1.60/1500/n_corr	4606065202754568924	0.8759641022862428
cell/cpg/tilt/1.60/1500/N_ratio	4607213159157335253	1.0068257304958952
cell/cpg/tilt/1.60/1500/flowcoef	4605726504718893477	0.8383610665260234
cell/cpg/tilt/1.60/1500/nu_t	4607213159157335253	1.0068257304958952
cell/cpg/tilt/1.60/1500/pi_c	4618863899466505329	6.375239038118807
cell/cpg/tilt/1.60/1500/tau_c	4610779881683383985	1.7987972246695956
cell/cpg/tilt/1.60/1500/tau_t	4605740207587115682	0.839882390506393
cell/cpg/tilt/1.60/1500/pi_t	4601379591968713790	0.4278784021987042
cell/cpg/tilt/1.60/1500/mdot_air	4610017635562867707	1.6295445859839208
cell/cpg/tilt/1.60/1500/mdot_ratio	4610017635562867707	1.6295445859839208
cell/cpg/tilt/1.60/1500/thrust	4651293053373987036	918.7985546083905
cell/cpg/tilt/1.60/1500/V0	4647627086993665144	507.01321481791774
cell/cpg/tilt/1.60/1500/V9	4648824177033798860	638.1198107666801
cell/cpg/tilt/1.60/1500/M9	4607182418800017405	0.9999999999999997
cell/cpg/tilt/1.60/1500/T9	4652532869990661866	1095.49877022573
cell/cpg/tilt/1.60/1500/p9	4688516969147864055	277845.9271968002
cell/cpg/tilt/1.60/1500/F_over_mdot	4648170784047135034	563.8376283233877
cell/cpg/tilt/1.60/1500/tsfc	4542721126798101085	5.147454481437407e-05
cell/cpg/tilt/1.60/1500/eta_th	4589361712823937010	0.06518802387850522
cell/cpg/tilt/1.60/1500/eta_p	4615132012963780306	3.5303289908141346
cell/cpg/tilt/1.60/1500/s2/Tt	4645357462516400128	378.0
cell/cpg/tilt/1.60/1500/s2/pt	4686056548495755892	198387.29808719794
cell/cpg/tilt/1.60/1500/s3/Tt	4649192078375736481	679.9453509251072
cell/cpg/tilt/1.60/1500/s3/pt	4698182942248857166	1264766.447432417
cell/cpg/tilt/1.60/1500/s4/Tt	4654311885213007872	1500.0
cell/cpg/tilt/1.60/1500/s4/pt	4697965657027705152	1214175.7895351201
cell/cpg/tilt/1.60/1500/s5/Tt	4653255578172308365	1259.8235857595894
cell/cpg/tilt/1.60/1500/s5/pt	4692668891177115234	519519.5968146083
cell/cpg/tilt/1.60/1500/s9/Tt	4653255578172308365	1259.8235857595894
cell/cpg/tilt/1.60/1500/s9/pt	4692490385602879246	509129.20487831614
cell/cpg/tilt/1.60/1500/s4/far	4584022613838136649	0.02902328526716261
cell/tpg/flat/0.30/500/abort	0	0.0
cell/tpg/flat/0.30/500/n_outer	4607182418800017408	1.0
cell/tpg/flat/0.30/500/n_solve_turbine	4619567317775286272	7.0
cell/tpg/flat/0.30/500/branch	0	0.0
cell/tpg/flat/0.30/500/nozzle_choked	0	0.0
cell/tpg/flat/0.30/500/eta_c	4606101554889448489	0.88
cell/tpg/flat/0.30/500/eta_t	4606281698874543309	0.9
cell/tpg/flat/0.30/500/n_corr	4603676820279603798	0.6108003807544928
cell/tpg/flat/0.30/500/N_ratio	4603361996443976131	0.5758479136530287
cell/tpg/flat/0.30/500/flowcoef	4605185119328874555	0.7782552140065556
cell/tpg/flat/0.30/500/nu_t	4607158980661348854	0.9973978438795814
cell/tpg/flat/0.30/500/pi_c	4613457846607584433	2.786849776533551
cell/tpg/flat/0.30/500/tau_c	4608925703137922095	1.387086882082041
cell/tpg/flat/0.30/500/tau_t	4605488042576133501	0.8118864503866657
cell/tpg/flat/0.30/500/pi_t	4601261744714999816	0.4213365654755994
cell/tpg/flat/0.30/500/mdot_air	4599695146642084529	0.3343729029314018
cell/tpg/flat/0.30/500/mdot_ratio	4599695146642084529	0.3343729029314018
cell/tpg/flat/0.30/500/thrust	4628134743358329505	26.43761006098305
cell/tpg/flat/0.30/500/V0	4636400701446642247	95.21676971889347
cell/tpg/flat/0.30/500/V9	4640312921628268821	173.62552466773982
cell/tpg/flat/0.30/500/M9	4601618227352914548	0.4411253271002018
cell/tpg/flat/0.30/500/T9	4645595862693235892	391.55148110836603
cell/tpg/flat/0.30/500/p9	4677104761256804352	50000.0
cell/tpg/flat/0.30/500/F_over_mdot	4635264209345705775	79.06624558751058
cell/tpg/flat/0.30/500/tsfc	4542192793094761362	4.789441638338507e-05
cell/tpg/flat/0.30/500/eta_th	4589375687799865892	0.06538196562906556
cell/tpg/flat/0.30/500/eta_p	4604574285499104107	0.7104390358034441
cell/tpg/flat/0.30/500/s2/Tt	4643159780477212197	254.53811966178287
cell/tpg/flat/0.30/500/s2/pt	4677329147359971333	51632.62377585474
cell/tpg/flat/0.30/500/s3/Tt	4644918827512964346	353.0664867726879
cell/tpg/flat/0.30/500/s3/pt	4684184116887942982	143892.3660315817
cell/tpg/flat/0.30/500/s4/Tt	4647503709213818880	500.0
cell/tpg/flat/0.30/500/s4/pt	4683986352725943076	138136.67139031843
cell/tpg/flat/0.30/500/s5/Tt	4645849044932682247	405.9432251933326
cell/tpg/flat/0.30/500/s5/pt	4678232039771159533	58202.03068982796
cell/tpg/flat/0.30/500/s9/Tt	4645849044932682247	405.9432251933326
cell/tpg/flat/0.30/500/s9/pt	4678072055247400429	57037.9900760314
cell/tpg/flat/0.30/500/s4/far	4570878261901246562	0.003786831688039214
cell/tpg/flat/0.30/600/abort	0	0.0
cell/tpg/flat/0.30/600/n_outer	4607182418800017408	1.0
cell/tpg/flat/0.30/600/n_solve_turbine	4619567317775286272	7.0
cell/tpg/flat/0.30/600/branch	0	0.0
cell/tpg/flat/0.30/600/nozzle_choked	0	0.0
cell/tpg/flat/0.30/600/eta_c	4606101554889448489	0.88
cell/tpg/flat/0.30/600/eta_t	4606281698874543309	0.9
cell/tpg/flat/0.30/600/n_corr	4604206687620297452	0.6696274729179925
cell/tpg/flat/0.30/600/N_ratio	4603861542633312842	0.6313086817795661
cell/tpg/flat/0.30/600/flowcoef	4605104298727751594	0.7692823247834799
cell/tpg/flat/0.30/600/nu_t	4607166085780175048	0.9981866705309352
cell/tpg/flat/0.30/600/pi_c	4614666062655735980	3.3234054866853366
cell/tpg/flat/0.30/600/tau_c	4609277670282413500	1.4652392876272264
cell/tpg/flat/0.30/600/tau_t	4605519122217028530	0.81533698367854
cell/tpg/flat/0.30/600/pi_t	4601273649212302531	0.4219973978257025
cell/tpg/flat/0.30/600/mdot_air	4600199144570876165	0.36235040817679504
cell/tpg/flat/0.30/600/mdot_ratio	4600199144570876165	0.36235040817679504
cell/tpg/flat/0.30/600/thrust	4634677553560062214	70.72936544989724
cell/tpg/flat/0.30/600/V0	4636400701446642247	95.21676971889347
cell/tpg/flat/0.30/600/V9	4643786636731238305	288.7088919366889
cell/tpg/flat/0.30/600/M9	4604351456979868811	0.6857001005436286
cell/tpg/flat/0.30/600/T9	4646623307916848737	449.95498031072754
cell/tpg/flat/0.30/600/p9	4677104761256804352	50000.0
cell/tpg/flat/0.30/600/F_over_mdot	4641071866732031450	195.19604188050909
cell/tpg/flat/0.30/600/tsfc	4539545185913472400	3.0235555198437176e-05
cell/tpg/flat/0.30/600/eta_th	4594500926588393874	0.14801788400127386
cell/tpg/flat/0.30/600/eta_p	4602626449007649100	0.49709287185080053
cell/tpg/flat/0.30/600/s2/Tt	4643159780477212197	254.53811966178287
cell/tpg/flat/0.30/600/s2/pt	4677329147359971333	51632.62377585474
cell/tpg/flat/0.30/600/s3/Tt	4645268784759611101	372.9592531272045
cell/tpg/flat/0.30/600/s3/pt	4685136011490209809	171596.1451486354
cell/tpg/flat/0.30/600/s4/Tt	4648488871632306176	600.0
cell/tpg/flat/0.30/600/s4/pt	4684900171544119230	164732.29934268998
cell/tpg/flat/0.30/600/s5/Tt	4647313752135070383	489.2021902071237
cell/tpg/flat/0.30/600/s5/pt	4679513557701146586	69516.60166045968
cell/tpg/flat/0.30/600/s9/Tt	4647313752135070383	489.2021902071237
cell/tpg/flat/0.30/600/s9/pt	4679418014811335151	68126.26962725048
cell/tpg/flat/0.30/600/s4/far	4573454404270517217	0.005901860698794587
cell/tpg/flat/0.30/650/abort	0	0.0
cell/tpg/flat/0.30/650/n_outer	4607182418800017408	1.0
cell/tpg/flat/0.30/650/n_solve_turbine	4619567317775286272	7.0
cell/tpg/flat/0.30/650/branch	0	0.0
cell/tpg/flat/0.30/650/nozzle_choked	0	0.0
cell/tpg/flat/0.30/650/eta_c	4606101554889448489	0.88
cell/tpg/flat/0.30/650/eta_t	4606281698874543309	0.9
cell/tpg/flat/0.30/650/n_corr	4604455534895464834	0.6972550703685985
cell/tpg/flat/0.30/650/N_ratio	4604096149861367233	0.6573553164125131
cell/tpg/flat/0.30/650/flowcoef	4605120935320249901	0.7711293575877726
cell/tpg/flat/0.30/650/nu_t	4607169758376572878	0.9985944106390379
cell/tpg/flat/0.30/650/pi_c	4615331798162491222	3.619051441849403
cell/tpg/flat/0.30/650/tau_c	4609454129336440849	1.504421068564174
cell/tpg/flat/0.30/650/tau_t	4605535583109589491	0.817164509871246
cell/tpg/flat/0.30/650/pi_t	4601279906964151320	0.4223447728349483
cell/tpg/flat/0.30/650/mdot_air	4600484777312309330	0.3782062104830902
cell/tpg/flat/0.30/650/mdot_ratio	4600484777312309330	0.3782062104830902
cell/tpg/flat/0.30/650/thrust	4636231071286140283	92.80618015268367
cell/tpg/flat/0.30/650/V0	4636400701446642247	95.21676971889347
cell/tpg/flat/0.30/650/V9	4644657986932372616	338.2394163942158
cell/tpg/flat/0.30/650/M9	4605205211993972743	0.7804859479483647
cell/tpg/flat/0.30/650/T9	4647110925150003703	477.67281093870355
cell/tpg/flat/0.30/650/p9	4677104761256804352	50000.0
cell/tpg/flat/0.30/650/F_over_mdot	4642837738285690518	245.3851300700232
cell/tpg/flat/0.30/650/tsfc	4539022322380263521	2.8464024640254322e-05
cell/tpg/flat/0.30/650/eta_th	4595563975824977958	0.17752342747042
cell/tpg/flat/0.30/650/eta_p	4601602793583894148	0.4402685808140421
cell/tpg/flat/0.30/650/s2/Tt	4643159780477212197	254.53811966178287
cell/tpg/flat/0.30/650/s2/pt	4677329147359971333	51632.62377585474
cell/tpg/flat/0.30/650/s3/Tt	4645444236149491641	382.93250997189494
cell/tpg/flat/0.30/650/s3/pt	4685660512084608635	186861.1215224749
cell/tpg/flat/0.30/650/s4/Tt	4648928676283416576	650.0
cell/tpg/flat/0.30/650/s4/pt	4685403692114742103	179386.67666157588
cell/tpg/flat/0.30/650/s5/Tt	4647883321597109787	531.1569314163092
cell/tpg/flat/0.30/650/s5/pt	4679942808658547229	75763.02520424915
cell/tpg/flat/0.30/650/s9/Tt	4647883321597109787	531.1569314163092
cell/tpg/flat/0.30/650/s9/pt	4679838680749587781	74247.76470016416
cell/tpg/flat/0.30/650/s4/far	4574702773483092560	0.006984648388665152
cell/tpg/flat/0.30/900/abort	0	0.0
cell/tpg/flat/0.30/900/n_outer	4607182418800017408	1.0
cell/tpg/flat/0.30/900/n_solve_turbine	4619567317775286272	7.0
cell/tpg/flat/0.30/900/branch	0	0.0
cell/tpg/flat/0.30/900/nozzle_choked	4607182418800017408	1.0
cell/tpg/flat/0.30/900/eta_c	4606101554889448489	0.88
cell/tpg/flat/0.30/900/eta_t	4606281698874543309	0.9
cell/tpg/flat/0.30/900/n_corr	4605579138440915798	0.8220001230396103
cell/tpg/flat/0.30/900/N_ratio	4605155456269496586	0.7749619528563312
cell/tpg/flat/0.30/900/flowcoef	4605557224263674533	0.8195671606257134
cell/tpg/flat/0.30/900/nu_t	4607184542603561934	1.0004715791189827
cell/tpg/flat/0.30/900/pi_c	4617768484560580469	5.402315158058504
cell/tpg/flat/0.30/900/tau_c	4610339700956984489	1.7010574691806062
cell/tpg/flat/0.30/900/tau_t	4605622997537484447	0.8268694609245876
cell/tpg/flat/0.30/900/pi_t	4601315705158282831	0.42433197180318855
cell/tpg/flat/0.30/900/mdot_air	4602208239615061483	0.47387758701253685
cell/tpg/flat/0.30/900/mdot_ratio	4602208239615061483	0.47387758701253685
cell/tpg/flat/0.30/900/thrust	4641999723554607051	221.56731888477074
cell/tpg/flat/0.30/900/V0	4636400701446642247	95.21676971889347
cell/tpg/flat/0.30/900/V9	4647435620403286829	496.12959922319243
cell/tpg/flat/0.30/900/M9	4607182418800016898	0.9999999999999434
cell/tpg/flat/0.30/900/T9	4648786689088448032	633.8579248070637
cell/tpg/flat/0.30/900/p9	4678438254991519934	59702.44389256973
cell/tpg/flat/0.30/900/F_over_mdot	4646933060065748384	467.56235145366554
cell/tpg/flat/0.30/900/tsfc	4538626385191891646	2.712253726587748e-05
cell/tpg/flat/0.30/900/eta_th	4597140232141442467	0.22127332885166337
cell/tpg/flat/0.30/900/eta_p	4600349368387950359	0.37068950520493743
cell/tpg/flat/0.30/900/s2/Tt	4643159780477212197	254.53811966178287
cell/tpg/flat/0.30/900/s2/pt	4677329147359971333	51632.62377585474
cell/tpg/flat/0.30/900/s3/Tt	4646324750739800297	432.98396964186264
cell/tpg/flat/0.30/900/s3/pt	4688535691406424692	278935.706074632
cell/tpg/flat/0.30/900/s4/Tt	4651127699538968576	900.0
cell/tpg/flat/0.30/900/s4/pt	4688344008248780338	267778.27783164673
cell/tpg/flat/0.30/900/s5/Tt	4649757114444945463	744.1825148321285
cell/tpg/flat/0.30/900/s5/pt	4682544793266065107	113626.8846383647
cell/tpg/flat/0.30/900/s9/Tt	4649757114444945463	744.1825148321285
cell/tpg/flat/0.30/900/s9/pt	4682388625664955302	111354.34694559741
cell/tpg/flat/0.30/900/s4/far	4578463995726550732	0.012681477301423348
cell/tpg/flat/0.30/1100/abort	0	0.0
cell/tpg/flat/0.30/1100/n_outer	4607182418800017408	1.0
cell/tpg/flat/0.30/1100/n_solve_turbine	4619567317775286272	7.0
cell/tpg/flat/0.30/1100/branch	0	0.0
cell/tpg/flat/0.30/1100/nozzle_choked	4607182418800017408	1.0
cell/tpg/flat/0.30/1100/eta_c	4606101554889448489	0.88
cell/tpg/flat/0.30/1100/eta_t	4606281698874543309	0.9
cell/tpg/flat/0.30/1100/n_corr	4606367152119778206	0.9094872160388723
cell/tpg/flat/0.30/1100/N_ratio	4605898376619910313	0.8574426807055221
cell/tpg/flat/0.30/1100/flowcoef	4606184492449245213	0.8892079188492549
cell/tpg/flat/0.30/1100/nu_t	4607188171393793976	1.0012773324124122
cell/tpg/flat/0.30/1100/pi_c	4619833742975949613	7.236633113693455
cell/tpg/flat/0.30/1100/tau_c	4611047537429308453	1.8582287390293086
cell/tpg/flat/0.30/1100/tau_t	4605684308384888132	0.8336763323692726
cell/tpg/flat/0.30/1100/pi_t	4601348491708468926	0.4261519909489201
cell/tpg/flat/0.30/1100/mdot_air	4603299105186921332	0.568865581490043
cell/tpg/flat/0.30/1100/mdot_ratio	4603299105186921332	0.568865581490043
cell/tpg/flat/0.30/1100/thrust	4644944078502731836	354.5018393606913
cell/tpg/flat/0.30/1100/V0	4636400701446642247	95.21676971889347
cell/tpg/flat/0.30/1100/V9	4648042963486674132	549.3061130087831
cell/tpg/flat/0.30/1100/M9	4607182418800017618	1.0000000000000466
cell/tpg/flat/0.30/1100/T9	4650134257369605617	787.0587013058231
cell/tpg/flat/0.30/1100/p9	4680286562922217415	80765.30810856736
cell/tpg/flat/0.30/1100/F_over_mdot	4648692706098974801	623.1732959342281
cell/tpg/flat/0.30/1100/tsfc	4538944876548769004	2.820162795664088e-05
cell/tpg/flat/0.30/1100/eta_th	4596304288111386553	0.19807122111501288
cell/tpg/flat/0.30/1100/eta_p	4600846156966066684	0.3982668110947143
cell/tpg/flat/0.30/1100/s2/Tt	4643159780477212197	254.53811966178287
cell/tpg/flat/0.30/1100/s2/pt	4677329147359971333	51632.62377585474
cell/tpg/flat/0.30/1100/s3/Tt	4647028545133133779	472.99004913400603
cell/tpg/flat/0.30/1100/s3/pt	4690162807964662499	373646.3549632264
cell/tpg/flat/0.30/1100/s4/Tt	4652552666608566272	1100.0
cell/tpg/flat/0.30/1100/s4/pt	4689906040144688632	358700.5007646973
cell/tpg/flat/0.30/1100/s5/Tt	4651277619845908026	917.0439656062001
cell/tpg/flat/0.30/1100/s5/pt	4684492274487473666	152860.93256227678
cell/tpg/flat/0.30/1100/s9/Tt	4651277619845908026	917.0439656062001
cell/tpg/flat/0.30/1100/s9/pt	4684387229254483099	149803.71391103123
cell/tpg/flat/0.30/1100/s4/far	4580722726570436782	0.017574501444450767
cell/tpg/flat/0.30/1500/abort	0	0.0
cell/tpg/flat/0.30/1500/n_outer	4607182418800017408	1.0
cell/tpg/flat/0.30/1500/n_solve_turbine	4619567317775286272	7.0
cell/tpg/flat/0.30/1500/branch	0	0.0
cell/tpg/flat/0.30/1500/nozzle_choked	4607182418800017408	1.0
cell/tpg/flat/0.30/1500/eta_c	4606101554889448489	0.88
cell/tpg/flat/0.30/1500/eta_t	4606281698874543309	0.9
cell/tpg/flat/0.30/1500/n_corr	4607468122073115329	1.0634388704008162
cell/tpg/flat/0.30/1500/N_ratio	4607194058799184834	1.0025845990164588
cell/tpg/flat/0.30/1500/flowcoef	4607570992737144890	1.0862807463536357
cell/tpg/flat/0.30/1500/nu_t	4607194058799184834	1.0025845990164588
cell/tpg/flat/0.30/1500/pi_c	4623092723414519005	12.262378418911277
cell/tpg/flat/0.30/1500/tau_c	4612076412573120278	2.17336982770838
cell/tpg/flat/0.30/1500/tau_t	4605762360027404901	0.8423418054324655
cell/tpg/flat/0.30/1500/pi_t	4601396903998859342	0.42883941292223404
cell/tpg/flat/0.30/1500/mdot_air	4605494259537052954	0.8125766717022629
cell/tpg/flat/0.30/1500/mdot_ratio	4605494259537052954	0.8125766717022629
cell/tpg/flat/0.30/1500/thrust	4649552874963011396	720.9631739931433
cell/tpg/flat/0.30/1500/V0	4636400701446642247	95.21676971889347
cell/tpg/flat/0.30/1500/V9	4648856401916701137	641.7833557997893
cell/tpg/flat/0.30/1500/M9	4607182418800016357	0.9999999999998833
cell/tpg/flat/0.30/1500/T9	4652536144110130622	1096.2432188031812
cell/tpg/flat/0.30/1500/p9	4684014207841668927	138947.3619557563
cell/tpg/flat/0.30/1500/F_over_mdot	4651015598303584225	887.2555650444666
cell/tpg/flat/0.30/1500/tsfc	4539789081273486943	3.160623151679249e-05
cell/tpg/flat/0.30/1500/eta_th	4595387340745001985	0.1726208191517742
cell/tpg/flat/0.30/1500/eta_p	4601017156913250042	0.4077592150233468
cell/tpg/flat/0.30/1500/s2/Tt	4643159780477212197	254.53811966178287
cell/tpg/flat/0.30/1500/s2/pt	4677329147359971333	51632.62377585474
cell/tpg/flat/0.30/1500/s3/Tt	4648077262587114495	553.205469274544
cell/tpg/flat/0.30/1500/s3/pt	4693685832727537498	633138.7715008066
cell/tpg/flat/0.30/1500/s4/Tt	4654311885213007872	1500.0
cell/tpg/flat/0.30/1500/s4/pt	4693468287902143451	607813.2206407742
cell/tpg/flat/0.30/1500/s5/Tt	4653271803104198716	1263.5127081573146
cell/tpg/flat/0.30/1500/s5/pt	4688196025177745535	260654.26470595968
cell/tpg/flat/0.30/1500/s9/Tt	4653271803104198716	1263.5127081573146
cell/tpg/flat/0.30/1500/s9/pt	4688016904930949531	255441.17941184048
cell/tpg/flat/0.30/1500/s4/far	4583740009585244826	0.028042804803357947
cell/tpg/flat/0.85/500/abort	0	0.0
cell/tpg/flat/0.85/500/n_outer	4607182418800017408	1.0
cell/tpg/flat/0.85/500/n_solve_turbine	4619567317775286272	7.0
cell/tpg/flat/0.85/500/branch	0	0.0
cell/tpg/flat/0.85/500/nozzle_choked	0	0.0
cell/tpg/flat/0.85/500/eta_c	4606101554889448489	0.88
cell/tpg/flat/0.85/500/eta_t	4606281698874543309	0.9
cell/tpg/flat/0.85/500/n_corr	4603351092289211568	0.5746373092846593
cell/tpg/flat/0.85/500/N_ratio	4603351092289211568	0.5746373092846593
cell/tpg/flat/0.85/500/flowcoef	4605328957513219085	0.7942244604145131
cell/tpg/flat/0.85/500/nu_t	4607140094111283036	0.9953010156057007
cell/tpg/flat/0.85/500/pi_c	4612858374222077842	2.520630558526997
cell/tpg/flat/0.85/500/tau_c	4608725388045848986	1.3426079966021462
cell/tpg/flat/0.85/500/tau_t	4605488042576133501	0.8118864503866657
cell/tpg/flat/0.85/500/pi_t	4601261744714999816	0.4213365654755994
cell/tpg/flat/0.85/500/mdot_air	4601893229392358083	0.4563910069006562
cell/tpg/flat/0.85/500/mdot_ratio	4601893229392358083	0.4563910069006562
cell/tpg/flat/0.85/500/thrust	4626170146151028544	19.457958689271663
cell/tpg/flat/0.85/500/V0	4643453651052699634	269.7808475368648
cell/tpg/flat/0.85/500/V9	4644187093632329176	311.4722313010984
cell/tpg/flat/0.85/500/M9	4605605720316437170	0.824951304063765
cell/tpg/flat/0.85/500/T9	4645031813373094364	359.48898934540716
cell/tpg/flat/0.85/500/p9	4677104761256804352	50000.0
cell/tpg/flat/0.85/500/F_over_mdot	4631197076282713368	42.63440426096548
cell/tpg/flat/0.85/500/tsfc	4544868304051870387	7.101361141934985e-05
cell/tpg/flat/0.85/500/eta_th	4591483850915173454	0.09463860600756499
cell/tpg/flat/0.85/500/eta_p	4606623088761782330	0.9379018913186947
cell/tpg/flat/0.85/500/s2/Tt	4643745586963694955	286.3754828060834
cell/tpg/flat/0.85/500/s2/pt	4680086807681088516	77858.48677323764
cell/tpg/flat/0.85/500/s3/Tt	4645471636036858848	384.49001324624805
cell/tpg/flat/0.85/500/s3/pt	4685983196739220655	196252.4810012928
cell/tpg/flat/0.85/500/s4/Tt	4647503709213818880	500.0
cell/tpg/flat/0.85/500/s4/pt	4685713469383169642	188402.38176124106
cell/tpg/flat/0.85/500/s5/Tt	4645849044932682252	405.94322519333286
cell/tpg/flat/0.85/500/s5/pt	4680191421105615530	79380.8124587039
cell/tpg/flat/0.85/500/s9/Tt	4645849044932682252	405.94322519333286
cell/tpg/flat/0.85/500/s9/pt	4680082320947714716	77793.19620952982
cell/tpg/flat/0.85/500/s4/far	4569127645895250483	0.003027623017283676
cell/tpg/flat/0.85/600/abort	0	0.0
cell/tpg/flat/0.85/600/n_outer	4607182418800017408	1.0
cell/tpg/flat/0.85/600/n_solve_turbine	4619567317775286272	7.0
cell/tpg/flat/0.85/600/branch	0	0.0
cell/tpg/flat/0.85/600/nozzle_choked	0	0.0
cell/tpg/flat/0.85/600/eta_c	4606101554889448489	0.88
cell/tpg/flat/0.85/600/eta_t	4606281698874543309	0.9
cell/tpg/flat/0.85/600/n_corr	4603849341624611910	0.6299540977012235
cell/tpg/flat/0.85/600/N_ratio	4603849341624611910	0.6299540977012235
cell/tpg/flat/0.85/600/flowcoef	4605144031856704806	0.7736935882439056
cell/tpg/flat/0.85/600/nu_t	4607146794291551809	0.9960448850460538
cell/tpg/flat/0.85/600/pi_c	4613852819066780222	2.962252783850345
cell/tpg/flat/0.85/600/tau_c	4609036750576798531	1.4117443667752958
cell/tpg/flat/0.85/600/tau_t	4605519122217028530	0.81533698367854
cell/tpg/flat/0.85/600/pi_t	4601273649212302531	0.4219973978257025
cell/tpg/flat/0.85/600/mdot_air	4602451683661296017	0.4873914462794114
cell/tpg/flat/0.85/600/mdot_ratio	4602451683661296017	0.4873914462794114
cell/tpg/flat/0.85/600/thrust	4633988563788409488	62.469115952340076
cell/tpg/flat/0.85/600/V0	4643453651052699634	269.7808475368648
cell/tpg/flat/0.85/600/V9	4645672639557127295	395.9157405413643
cell/tpg/flat/0.85/600/M9	4606981717704929968	0.9777177023166441
cell/tpg/flat/0.85/600/T9	4646010862656803189	415.14149786464196
cell/tpg/flat/0.85/600/p9	4677104761256804352	50000.0
cell/tpg/flat/0.85/600/F_over_mdot	4638713608672402850	128.17031654783665
cell/tpg/flat/0.85/600/tsfc	4541044178278099599	4.0111099636049305e-05
cell/tpg/flat/0.85/600/eta_th	4596108407440815547	0.19263444035133923
cell/tpg/flat/0.85/600/eta_p	4605523041293140181	0.8157720885319814
cell/tpg/flat/0.85/600/s2/Tt	4643745586963694955	286.3754828060834
cell/tpg/flat/0.85/600/s2/pt	4680086807681088516	77858.48677323764
cell/tpg/flat/0.85/600/s3/Tt	4645819943049079160	404.2889746340438
cell/tpg/flat/0.85/600/s3/pt	4687164623295433647	230636.51919039848
cell/tpg/flat/0.85/600/s4/Tt	4648488871632306176	600.0
cell/tpg/flat/0.85/600/s4/pt	4686847638877134115	221411.05842278255
cell/tpg/flat/0.85/600/s5/Tt	4647313752135070389	489.20219020712403
cell/tpg/flat/0.85/600/s5/pt	4681157209994912289	93434.89050424892
cell/tpg/flat/0.85/600/s9/Tt	4647313752135070389	489.20219020712403
cell/tpg/flat/0.85/600/s9/pt	4681028794059225540	91566.19269416394
cell/tpg/flat/0.85/600/s4/far	4572577251949820193	0.005141052337434255
cell/tpg/flat/0.85/650/abort	0	0.0
cell/tpg/flat/0.85/650/n_outer	4607182418800017408	1.0
cell/tpg/flat/0.85/650/n_solve_turbine	4619567317775286272	7.0
cell/tpg/flat/0.85/650/branch	0	0.0
cell/tpg/flat/0.85/650/nozzle_choked	4607182418800017408	1.0
cell/tpg/flat/0.85/650/eta_c	4606101554889448489	0.88
cell/tpg/flat/0.85/650/eta_t	4606281698874543309	0.9
cell/tpg/flat/0.85/650/n_corr	4604083312910802002	0.6559301286041637
cell/tpg/flat/0.85/650/N_ratio	4604083312910802002	0.6559301286041637
cell/tpg/flat/0.85/650/flowcoef	4605113327933551528	0.7702847680007965
cell/tpg/flat/0.85/650/nu_t	4607150257648786803	0.9964293949405331
cell/tpg/flat/0.85/650/pi_c	4614396722225839127	3.203794307991767
cell/tpg/flat/0.85/650/tau_c	4609192829511215319	1.4464008521049914
cell/tpg/flat/0.85/650/tau_t	4605535583109589491	0.817164509871246
cell/tpg/flat/0.85/650/pi_t	4601279906964151320	0.4223447728349483
cell/tpg/flat/0.85/650/mdot_air	4602726133872667338	0.5052529869365909
cell/tpg/flat/0.85/650/mdot_ratio	4602726133872667338	0.5052529869365909
cell/tpg/flat/0.85/650/thrust	4635727296247513074	85.64710626960712
cell/tpg/flat/0.85/650/V0	4643453651052699634	269.7808475368648
cell/tpg/flat/0.85/650/V9	4646101676265642260	420.30365387014285
cell/tpg/flat/0.85/650/M9	4607182418800017566	1.000000000000035
cell/tpg/flat/0.85/650/T9	4646594604312003304	448.32336927768347
cell/tpg/flat/0.85/650/p9	4677490487941488508	52806.531008421414
cell/tpg/flat/0.85/650/F_over_mdot	4640168235941927662	169.51331013181283
cell/tpg/flat/0.85/650/tsfc	4540542427752424807	3.67111058236596e-05
cell/tpg/flat/0.85/650/eta_th	4596267907398615598	0.19706145349074816
cell/tpg/flat/0.85/650/eta_p	4606023200988634336	0.8713009695246932
cell/tpg/flat/0.85/650/s2/Tt	4643745586963694955	286.3754828060834
cell/tpg/flat/0.85/650/s2/pt	4680086807681088516	77858.48677323764
cell/tpg/flat/0.85/650/s3/Tt	4645994541409233327	414.21374235269735
cell/tpg/flat/0.85/650/s3/pt	4687810794513016501	249442.57675295105
cell/tpg/flat/0.85/650/s4/Tt	4648928676283416576	650.0
cell/tpg/flat/0.85/650/s4/pt	4687467963246013654	239464.873682833
cell/tpg/flat/0.85/650/s5/Tt	4647883321597109793	531.1569314163099
cell/tpg/flat/0.85/650/s5/pt	4681686476902560519	101136.73767752583
cell/tpg/flat/0.85/650/s9/Tt	4647883321597109793	531.1569314163099
cell/tpg/flat/0.85/650/s9/pt	4681547475628720805	99114.0029239753
cell/tpg/flat/0.85/650/s4/far	4573824676965180992	0.006223021066767809
cell/tpg/flat/0.85/900/abort	0	0.0
cell/tpg/flat/0.85/900/n_outer	4607182418800017408	1.0
cell/tpg/flat/0.85/900/n_solve_turbine	4619567317775286272	7.0
cell/tpg/flat/0.85/900/branch	0	0.0
cell/tpg/flat/0.85/900/nozzle_choked	4607182418800017408	1.0
cell/tpg/flat/0.85/900/eta_c	4606101554889448489	0.88
cell/tpg/flat/0.85/900/eta_t	4606281698874543309	0.9
cell/tpg/flat/0.85/900/n_corr	4605139504126985946	0.7731909092655898
cell/tpg/flat/0.85/900/N_ratio	4605139504126985946	0.7731909092655898
cell/tpg/flat/0.85/900/flowcoef	4605331497753993782	0.7945064837941291
cell/tpg/flat/0.85/900/nu_t	4607166072279679781	0.9981851716748663
cell/tpg/flat/0.85/900/pi_c	4616911031142739391	4.640743536433944
cell/tpg/flat/0.85/900/tau_c	4609975882990848957	1.6202736526254136
cell/tpg/flat/0.85/900/tau_t	4605622997537484447	0.8268694609245876
cell/tpg/flat/0.85/900/pi_t	4601315705158282831	0.42433197180318855
cell/tpg/flat/0.85/900/mdot_air	4603708388800432122	0.6143051906221892
cell/tpg/flat/0.85/900/mdot_ratio	4603708388800432122	0.6143051906221892
cell/tpg/flat/0.85/900/thrust	4642059406628945411	223.2636138815288
cell/tpg/flat/0.85/900/V0	4643453651052699634	269.7808475368648
cell/tpg/flat/0.85/900/V9	4647435620403286829	496.12959922319243
cell/tpg/flat/0.85/900/M9	4607182418800016897	0.9999999999999433
cell/tpg/flat/0.85/900/T9	4648786689088448034	633.8579248070639
cell/tpg/flat/0.85/900/p9	4680050900455910102	77335.96787635548
cell/tpg/flat/0.85/900/F_over_mdot	4645101335620180920	363.44087155669285
cell/tpg/flat/0.85/900/tsfc	4539963090493434794	3.278536385616729e-05
cell/tpg/flat/0.85/900/eta_th	4595395384086044389	0.17284406671227895
cell/tpg/flat/0.85/900/eta_p	4607688299049752372	1.1123279801917763
cell/tpg/flat/0.85/900/s2/Tt	4643745586963694955	286.3754828060834
cell/tpg/flat/0.85/900/s2/pt	4680086807681088516	77858.48677323764
cell/tpg/flat/0.85/900/s3/Tt	4646870507496315619	464.0066495485791
cell/tpg/flat/0.85/900/s3/pt	4689951064604417895	361321.26924943033
cell/tpg/flat/0.85/900/s4/Tt	4651127699538968576	900.0
cell/tpg/flat/0.85/900/s4/pt	4689702766518853813	346868.41847945313
cell/tpg/flat/0.85/900/s5/Tt	4649757114444945464	744.1825148321286
cell/tpg/flat/0.85/900/s5/pt	4684297332017578808	147187.35996963992
cell/tpg/flat/0.85/900/s9/Tt	4649757114444945464	744.1825148321286
cell/tpg/flat/0.85/900/s9/pt	4684196185633986139	144243.61277024713
cell/tpg/flat/0.85/900/s4/far	4578022463633487126	0.011915541214188734
cell/tpg/flat/0.85/1100/abort	0	0.0
cell/tpg/flat/0.85/1100/n_outer	4607182418800017408	1.0
cell/tpg/flat/0.85/1100/n_solve_turbine	4619567317775286272	7.0
cell/tpg/flat/0.85/1100/branch	0	0.0
cell/tpg/flat/0.85/1100/nozzle_choked	4607182418800017408	1.0
cell/tpg/flat/0.85/1100/eta_c	4606101554889448489	0.88
cell/tpg/flat/0.85/1100/eta_t	4606281698874543309	0.9
cell/tpg/flat/0.85/1100/n_corr	4605879974586451680	0.8553996445809524
cell/tpg/flat/0.85/1100/N_ratio	4605879974586451680	0.8553996445809524
cell/tpg/flat/0.85/1100/flowcoef	4605787093726045237	0.8450877976039296
cell/tpg/flat/0.85/1100/nu_t	4607172435042143587	0.9988915802136201
cell/tpg/flat/0.85/1100/pi_c	4618547015154469666	6.093789230627211
cell/tpg/flat/0.85/1100/tau_c	4610601486979181288	1.75918564305419
cell/tpg/flat/0.85/1100/tau_t	4605684308384888132	0.8336763323692726
cell/tpg/flat/0.85/1100/pi_t	4601348491708468926	0.4261519909489201
cell/tpg/flat/0.85/1100/mdot_air	4604686414014100994	0.7228878017101013
cell/tpg/flat/0.85/1100/mdot_ratio	4604686414014100994	0.7228878017101013
cell/tpg/flat/0.85/1100/thrust	4645105330033332661	363.6679276565804
cell/tpg/flat/0.85/1100/V0	4643453651052699634	269.7808475368648
cell/tpg/flat/0.85/1100/V9	4648042963486674134	549.3061130087833
cell/tpg/flat/0.85/1100/M9	4607182418800017619	1.0000000000000469
cell/tpg/flat/0.85/1100/T9	4650134257369605619	787.0587013058233
cell/tpg/flat/0.85/1100/p9	4681783949742821113	102555.15418606614
cell/tpg/flat/0.85/1100/F_over_mdot	4647557833094686315	503.0765864305201
cell/tpg/flat/0.85/1100/tsfc	4540054412722577197	3.3404187351369865e-05
cell/tpg/flat/0.85/1100/eta_th	4595029474467620068	0.16268803462961678
cell/tpg/flat/0.85/1100/eta_p	4607902427394320744	1.1598740238647114
cell/tpg/flat/0.85/1100/s2/Tt	4643745586963694955	286.3754828060834
cell/tpg/flat/0.85/1100/s2/pt	4680086807681088516	77858.48677323764
cell/tpg/flat/0.85/1100/s3/Tt	4647570342043987817	503.78763787517397
cell/tpg/flat/0.85/1100/s3/pt	4691894656516321732	474453.2082116867
cell/tpg/flat/0.85/1100/s4/Tt	4652552666608566272	1100.0
cell/tpg/flat/0.85/1100/s4/pt	4691568614754281496	455475.0798832192
cell/tpg/flat/0.85/1100/s5/Tt	4651277619845908028	917.0439656062003
cell/tpg/flat/0.85/1100/s5/pt	4685909293447497045	194101.61212877432
cell/tpg/flat/0.85/1100/s9/Tt	4651277619845908028	917.0439656062003
cell/tpg/flat/0.85/1100/s9/pt	4685775907835306011	190219.57988619883
cell/tpg/flat/0.85/1100/s4/far	4580500893837469159	0.016804864545212708
cell/tpg/flat/0.85/1500/abort	0	0.0
cell/tpg/flat/0.85/1500/n_outer	4607182418800017408	1.0
cell/tpg/flat/0.85/1500/n_solve_turbine	4611686018427387904	2.0
cell/tpg/flat/0.85/1500/branch	0	0.0
cell/tpg/flat/0.85/1500/nozzle_choked	4607182418800017408	1.0
cell/tpg/flat/0.85/1500/eta_c	4606101554889448489	0.88
cell/tpg/flat/0.85/1500/eta_t	4606281698874543309	0.9
cell/tpg/flat/0.85/1500/n_corr	4607182418800013962	0.9999999999996174
cell/tpg/flat/0.85/1500/N_ratio	4607182418800013962	0.9999999999996174
cell/tpg/flat/0.85/1500/flowcoef	4607182418800008816	0.9999999999990461
cell/tpg/flat/0.85/1500/nu_t	4607182418800013962	0.9999999999996174
cell/tpg/flat/0.85/1500/pi_c	4621819117588964026	9.999999999986688
cell/tpg/flat/0.85/1500/tau_c	4611770577926473510	2.037551961134244
cell/tpg/flat/0.85/1500/tau_t	4605762360027404901	0.8423418054324655
cell/tpg/flat/0.85/1500/pi_t	4601396903998859342	0.42883941292223404
cell/tpg/flat/0.85/1500/mdot_air	4607182418800005370	0.9999999999986635
cell/tpg/flat/0.85/1500/mdot_ratio	4607182418800005370	0.9999999999986635
cell/tpg/flat/0.85/1500/thrust	4649771419385865844	745.8087983291612
cell/tpg/flat/0.85/1500/V0	4643453651052699634	269.7808475368648
cell/tpg/flat/0.85/1500/V9	4648856401916701128	641.7833557997883
cell/tpg/flat/0.85/1500/M9	4607182418800016339	0.9999999999998813
cell/tpg/flat/0.85/1500/T9	4652536144110130626	1096.2432188031821
cell/tpg/flat/0.85/1500/p9	4685110946909296855	170866.6698352757
cell/tpg/flat/0.85/1500/F_over_mdot	4649771419385874612	745.808798330158
cell/tpg/flat/0.85/1500/tsfc	4540519827822199693	3.655796273960904e-05
cell/tpg/flat/0.85/1500/eta_th	4594576176405421933	0.1501064859878584
cell/tpg/flat/0.85/1500/eta_p	4607851857262118889	1.148645198838944
cell/tpg/flat/0.85/1500/s2/Tt	4643745586963694955	286.3754828060834
cell/tpg/flat/0.85/1500/s2/pt	4680086807681088516	77858.48677323764
cell/tpg/flat/0.85/1500/s3/Tt	4648343779432379830	583.5049266123012
cell/tpg/flat/0.85/1500/s3/pt	4694935205180819518	778584.86773134
cell/tpg/flat/0.85/1500/s4/Tt	4654311885213007872	1500.0
cell/tpg/flat/0.85/1500/s4/pt	4694667685457294190	747441.4730220863
cell/tpg/flat/0.85/1500/s5/Tt	4653271803104198721	1263.5127081573157
cell/tpg/flat/0.85/1500/s5/pt	4689250316522038338	320532.36248451855
cell/tpg/flat/0.85/1500/s9/Tt	4653271803104198721	1263.5127081573157
cell/tpg/flat/0.85/1500/s9/pt	4689140182440903888	314121.7152348282
cell/tpg/flat/0.85/1500/s4/far	4583515894746799579	0.02726525026022651
cell/tpg/flat/1.60/500/abort	4611686018427387904	2.0
cell/tpg/flat/1.60/600/abort	0	0.0
cell/tpg/flat/1.60/600/n_outer	4607182418800017408	1.0
cell/tpg/flat/1.60/600/n_solve_turbine	4619567317775286272	7.0
cell/tpg/flat/1.60/600/branch	0	0.0
cell/tpg/flat/1.60/600/nozzle_choked	4607182418800017408	1.0
cell/tpg/flat/1.60/600/eta_c	4606101554889448489	0.88
cell/tpg/flat/1.60/600/eta_t	4606281698874543309	0.9
cell/tpg/flat/1.60/600/n_corr	4603077493943651742	0.5442617910106724
cell/tpg/flat/1.60/600/N_ratio	4603809360044832681	0.6255152506580447
cell/tpg/flat/1.60/600/flowcoef	4605519390652414884	0.8153667859931955
cell/tpg/flat/1.60/600/nu_t	4607083577863274761	0.9890264516252795
cell/tpg/flat/1.60/600/pi_c	4612455309341865873	2.3416337943553533
cell/tpg/flat/1.60/600/tau_c	4608566575703425301	1.3073445727714603
cell/tpg/flat/1.60/600/tau_t	4605519122217028530	0.81533698367854
cell/tpg/flat/1.60/600/pi_t	4601273649212302531	0.4219973978257025
cell/tpg/flat/1.60/600/mdot_air	4607058108321276153	0.9861987644299283
cell/tpg/flat/1.60/600/mdot_ratio	4607058108321276153	0.9861987644299283
cell/tpg/flat/1.60/600/thrust	4630963744435550243	40.97648177073304
cell/tpg/flat/1.60/600/V0	4647641328871307359	507.82277183409855
cell/tpg/flat/1.60/600/V9	4645807110808372779	403.5595462006483
cell/tpg/flat/1.60/600/M9	4607182418800017848	1.0000000000000977
cell/tpg/flat/1.60/600/T9	4645959683907417680	412.23232277654915
cell/tpg/flat/1.60/600/p9	4681497335908057734	98384.3739593123
cell/tpg/flat/1.60/600/F_over_mdot	4631044448977730512	41.549922032623385
cell/tpg/flat/1.60/600/tsfc	4544833122035518215	7.053680618733178e-05
cell/tpg/flat/1.60/600/eta_th	13823832640402359839	-0.3768642969735953
cell/tpg/flat/1.60/600/eta_p	13825084236847923726	-0.446341856543797
cell/tpg/flat/1.60/600/s2/Tt	4645362121196066384	378.2648152796073
cell/tpg/flat/1.60/600/s2/pt	4686072667236213351	198856.41517664792
cell/tpg/flat/1.60/600/s3/Tt	4647407347193666306	494.5224533261936
cell/tpg/flat/1.60/600/s3/pt	4691743399687383393	465648.9020019975
cell/tpg/flat/1.60/600/s4/Tt	4648488871632306176	600.0
cell/tpg/flat/1.60/600/s4/pt	4691423408198500691	447022.9459219176
cell/tpg/flat/1.60/600/s5/Tt	4647313752135070398	489.20219020712454
cell/tpg/flat/1.60/600/s5/pt	4685721720468419254	188642.51994742983
cell/tpg/flat/1.60/600/s9/Tt	4647313752135070398	489.20219020712454
cell/tpg/flat/1.60/600/s9/pt	4685592086315809776	184869.66954848124
cell/tpg/flat/1.60/600/s4/far	4568904384444971780	0.0029307987975139022
cell/tpg/flat/1.60/650/abort	0	0.0
cell/tpg/flat/1.60/650/n_outer	4607182418800017408	1.0
cell/tpg/flat/1.60/650/n_solve_turbine	4619567317775286272	7.0
cell/tpg/flat/1.60/650/branch	0	0.0
cell/tpg/flat/1.60/650/nozzle_choked	4607182418800017408	1.0
cell/tpg/flat/1.60/650/eta_c	4606101554889448489	0.88
cell/tpg/flat/1.60/650/eta_t	4606281698874543309	0.9
cell/tpg/flat/1.60/650/n_corr	4603279271666367068	0.5666636183721709
cell/tpg/flat/1.60/650/N_ratio	4604041261392467448	0.6512614722166168
cell/tpg/flat/1.60/650/flowcoef	4605380496602993805	0.7999464488281248
cell/tpg/flat/1.60/650/nu_t	4607086376806692238	0.9893371967679501
cell/tpg/flat/1.60/650/pi_c	4612801763340360275	2.495490276796127
cell/tpg/flat/1.60/650/tau_c	4608682864526820469	1.3331658786194371
cell/tpg/flat/1.60/650/tau_t	4605535583109589491	0.817164509871246
cell/tpg/flat/1.60/650/pi_t	4601279906964151320	0.4223447728349483
cell/tpg/flat/1.60/650/mdot_air	4607215618928462235	1.007371909403992
cell/tpg/flat/1.60/650/mdot_ratio	4607215618928462235	1.007371909403992
cell/tpg/flat/1.60/650/thrust	4635036454651285994	75.82965671440584
cell/tpg/flat/1.60/650/V0	4647641328871307359	507.82277183409855
cell/tpg/flat/1.60/650/V9	4646101676265642260	420.30365387014285
cell/tpg/flat/1.60/650/M9	4607182418800017565	1.0000000000000349
cell/tpg/flat/1.60/650/T9	4646594604312003308	448.3233692776837
cell/tpg/flat/1.60/650/p9	4681955668278331777	105053.98775795662
cell/tpg/flat/1.60/650/F_over_mdot	4634997405729790622	75.27473816424978
cell/tpg/flat/1.60/650/tsfc	4542987075394663740	5.3276682602890955e-05
cell/tpg/flat/1.60/650/eta_th	13820990806568928603	-0.2345554146359444
cell/tpg/flat/1.60/650/eta_p	13830099410844163273	-0.9494798774002443
cell/tpg/flat/1.60/650/s2/Tt	4645362121196066384	378.2648152796073
cell/tpg/flat/1.60/650/s2/pt	4686072667236213351	198856.41517664792
cell/tpg/flat/1.60/650/s3/Tt	4647579175202653243	504.28974481305676
cell/tpg/flat/1.60/650/s3/pt	4692269023773108892	496244.2505518587
cell/tpg/flat/1.60/650/s4/Tt	4648928676283416576	650.0
cell/tpg/flat/1.60/650/s4/pt	4691928007320797170	476394.48052978434
cell/tpg/flat/1.60/650/s5/Tt	4647883321597109796	531.1569314163103
cell/tpg/flat/1.60/650/s5/pt	4686153285610004943	201202.718659176
cell/tpg/flat/1.60/650/s9/Tt	4647883321597109796	531.1569314163103
cell/tpg/flat/1.60/650/s9/pt	4686015020154563751	197178.66428599248
cell/tpg/flat/1.60/650/s4/far	4571273685104844938	0.004010388333192458
cell/tpg/flat/1.60/900/abort	0	0.0
cell/tpg/flat/1.60/900/n_outer	4607182418800017408	1.0
cell/tpg/flat/1.60/900/n_solve_turbine	4619567317775286272	7.0
cell/tpg/flat/1.60/900/branch	0	0.0
cell/tpg/flat/1.60/900/nozzle_choked	4607182418800017408	1.0
cell/tpg/flat/1.60/900/eta_c	4606101554889448489	0.88
cell/tpg/flat/1.60/900/eta_t	4606281698874543309	0.9
cell/tpg/flat/1.60/900/n_corr	4604189550020190788	0.6677248170954688
cell/tpg/flat/1.60/900/N_ratio	4605087436233444795	0.767410211840278
cell/tpg/flat/1.60/900/flowcoef	4605134842772160748	0.7726733949203015
cell/tpg/flat/1.60/900/nu_t	4607098852918160788	0.9907223233889675
cell/tpg/flat/1.60/900/pi_c	4614802165593792905	3.3838473329053085
cell/tpg/flat/1.60/900/tau_c	4609265780451176632	1.4625992147476108
cell/tpg/flat/1.60/900/tau_t	4605622997537484447	0.8268694609245876
cell/tpg/flat/1.60/900/pi_t	4601315705158282831	0.42433197180318855
cell/tpg/flat/1.60/900/mdot_air	4607842469703870068	1.1465607421763737
cell/tpg/flat/1.60/900/mdot_ratio	4607842469703870068	1.1465607421763737
cell/tpg/flat/1.60/900/thrust	4643444946874462854	269.2860722875124
cell/tpg/flat/1.60/900/V0	4647641328871307359	507.82277183409855
cell/tpg/flat/1.60/900/V9	4647435620403286837	496.1295992231929
cell/tpg/flat/1.60/900/M9	4607182418800016900	0.9999999999999436
cell/tpg/flat/1.60/900/T9	4648786689088448040	633.8579248070646
cell/tpg/flat/1.60/900/p9	4684188679639190972	144025.15957031946
cell/tpg/flat/1.60/900/F_over_mdot	4642467565992698380	234.86420071941427
cell/tpg/flat/1.60/900/tsfc	4541213659441897129	4.125954867345339e-05
cell/tpg/flat/1.60/900/eta_th	13801026342800951824	-0.011276889431148823
cell/tpg/flat/1.60/900/eta_p	13851243104881645738	-25.500847104144363
cell/tpg/flat/1.60/900/s2/Tt	4645362121196066384	378.2648152796073
cell/tpg/flat/1.60/900/s2/pt	4686072667236213351	198856.41517664792
cell/tpg/flat/1.60/900/s3/Tt	4648077652716006709	553.2498217946037
cell/tpg/flat/1.60/900/s3/pt	4694027376933247066	672899.7501266107
cell/tpg/flat/1.60/900/s4/Tt	4651127699538968576	900.0
cell/tpg/flat/1.60/900/s4/pt	4693796170339624637	645983.7601215463
cell/tpg/flat/1.60/900/s5/Tt	4649757114444945472	744.1825148321295
cell/tpg/flat/1.60/900/s5/pt	4688452813254069644	274111.5626852147
cell/tpg/flat/1.60/900/s9/Tt	4649757114444945472	744.1825148321295
cell/tpg/flat/1.60/900/s9/pt	4688358629238294568	268629.3314315104
cell/tpg/flat/1.60/900/s4/far	4576739751821622487	0.0096903909212344
cell/tpg/flat/1.60/1100/abort	0	0.0
cell/tpg/flat/1.60/1100/n_outer	4607182418800017408	1.0
cell/tpg/flat/1.60/1100/n_solve_turbine	4619567317775286272	7.0
cell/tpg/flat/1.60/1100/branch	0	0.0
cell/tpg/flat/1.60/1100/nozzle_choked	4607182418800017408	1.0
cell/tpg/flat/1.60/1100/eta_c	4606101554889448489	0.88
cell/tpg/flat/1.60/1100/eta_t	4606281698874543309	0.9
cell/tpg/flat/1.60/1100/n_corr	4604827126375132488	0.7385100120167545
cell/tpg/flat/1.60/1100/N_ratio	4605820197085046042	0.8487630087394422
cell/tpg/flat/1.60/1100/flowcoef	4605255737341468975	0.786095388360115
cell/tpg/flat/1.60/1100/nu_t	4607102629959550233	0.9911416592205199
cell/tpg/flat/1.60/1100/pi_c	4616469695481223988	4.248758726031884
cell/tpg/flat/1.60/1100/tau_c	4609730905697091588	1.5658777662174552
cell/tpg/flat/1.60/1100/tau_t	4605684308384888132	0.8336763323692726
cell/tpg/flat/1.60/1100/pi_t	4601348491708468926	0.4261519909489201
cell/tpg/flat/1.60/1100/mdot_air	4608489071610807616	1.2901352071460934
cell/tpg/flat/1.60/1100/mdot_ratio	4608489071610807616	1.2901352071460934
cell/tpg/flat/1.60/1100/thrust	4646708920626886561	454.82149944721647
cell/tpg/flat/1.60/1100/V0	4647641328871307359	507.82277183409855
cell/tpg/flat/1.60/1100/V9	4648042963486674132	549.3061130087831
cell/tpg/flat/1.60/1100/M9	4607182418800017618	1.0000000000000466
cell/tpg/flat/1.60/1100/T9	4650134257369605617	787.0587013058231
cell/tpg/flat/1.60/1100/p9	4685515040260440639	182627.33421565776
cell/tpg/flat/1.60/1100/F_over_mdot	4644909527736196472	352.5378556665596
cell/tpg/flat/1.60/1100/tsfc	4541223459002313346	4.132595307778255e-05
cell/tpg/flat/1.60/1100/eta_th	4585736500453765083	0.03868904792349755
cell/tpg/flat/1.60/1100/eta_p	4620041226409183039	7.420915421536676
cell/tpg/flat/1.60/1100/s2/Tt	4645362121196066384	378.2648152796073
cell/tpg/flat/1.60/1100/s2/pt	4686072667236213351	198856.41517664792
cell/tpg/flat/1.60/1100/s3/Tt	4648421286534811207	592.3164639886899
cell/tpg/flat/1.60/1100/s3/pt	4695504787091836668	844892.9292092021
cell/tpg/flat/1.60/1100/s4/Tt	4652552666608566272	1100.0
cell/tpg/flat/1.60/1100/s4/pt	4695214484091870654	811097.2120408339
cell/tpg/flat/1.60/1100/s5/Tt	4651277619845908025	917.0439656062
cell/tpg/flat/1.60/1100/s5/pt	4689681846133458916	345650.6917802079
cell/tpg/flat/1.60/1100/s9/Tt	4651277619845908025	917.0439656062
cell/tpg/flat/1.60/1100/s9/pt	4689563081460096054	338737.6779446037
cell/tpg/flat/1.60/1100/s4/far	4579552057083956497	0.01456896288141832
cell/tpg/flat/1.60/1500/abort	0	0.0
cell/tpg/flat/1.60/1500/n_outer	4607182418800017408	1.0
cell/tpg/flat/1.60/1500/n_solve_turbine	4619567317775286272	7.0
cell/tpg/flat/1.60/1500/branch	0	0.0
cell/tpg/flat/1.60/1500/nozzle_choked	4607182418800017408	1.0
cell/tpg/flat/1.60/1500/eta_c	4606101554889448489	0.88
cell/tpg/flat/1.60/1500/eta_t	4606281698874543309	0.9
cell/tpg/flat/1.60/1500/n_corr	4605947450263362002	0.8628909495917532
cell/tpg/flat/1.60/1500/N_ratio	4607107775396326648	0.9917129174586128
cell/tpg/flat/1.60/1500/flowcoef	4605961360557224577	0.8644353024443064
cell/tpg/flat/1.60/1500/nu_t	4607107775396326648	0.9917129174586128
cell/tpg/flat/1.60/1500/pi_c	4618977270161828177	6.475932443130959
cell/tpg/flat/1.60/1500/tau_c	4610661635329820005	1.772541259808656
cell/tpg/flat/1.60/1500/tau_t	4605762360027404901	0.8423418054324655
cell/tpg/flat/1.60/1500/pi_t	4601396903998859342	0.42883941292223404
cell/tpg/flat/1.60/1500/mdot_air	4610144196685156089	1.6576468003813132
cell/tpg/flat/1.60/1500/mdot_ratio	4610144196685156089	1.6576468003813132
cell/tpg/flat/1.60/1500/thrust	4651430233930593399	934.3941782858591
cell/tpg/flat/1.60/1500/V0	4647641328871307359	507.82277183409855
cell/tpg/flat/1.60/1500/V9	4648856401916683513	641.7833557977857
cell/tpg/flat/1.60/1500/M9	4607182418800017943	1.0000000000001188
cell/tpg/flat/1.60/1500/T9	4652536144110096480	1096.2432187954182
cell/tpg/flat/1.60/1500/p9	4688598879991979155	282613.7658361878
cell/tpg/flat/1.60/1500/F_over_mdot	4648169460307325563	563.6871365304827
cell/tpg/flat/1.60/1500/tsfc	4541671515629987201	4.4362102884785814e-05
cell/tpg/flat/1.60/1500/eta_th	4590195345023726529	0.07675699465694576
cell/tpg/flat/1.60/1500/eta_p	4615028776353311430	3.484482726043413
cell/tpg/flat/1.60/1500/s2/Tt	4645362121196066384	378.2648152796073
cell/tpg/flat/1.60/1500/s2/pt	4686072667236213351	198856.41517664792
cell/tpg/flat/1.60/1500/s3/Tt	4649108908160981659	670.4899922170038
cell/tpg/flat/1.60/1500/s3/pt	4698281787756362485	1287780.7105671738
cell/tpg/flat/1.60/1500/s4/Tt	4654311885213007872	1500.0
cell/tpg/flat/1.60/1500/s4/pt	4698060548714910259	1236269.4821444869
cell/tpg/flat/1.60/1500/s5/Tt	4653271803104160819	1263.5127081486978
cell/tpg/flat/1.60/1500/s5/pt	4692801261083975118	530161.0789365114
cell/tpg/flat/1.60/1500/s9/Tt	4653271803104160819	1263.5127081486978
cell/tpg/flat/1.60/1500/s9/pt	4692669548488241853	519557.8573577812
cell/tpg/flat/1.60/1500/s4/far	4582864810137087083	0.02500634674559558
cell/tpg/flow/0.30/500/abort	0	0.0
cell/tpg/flow/0.30/500/n_outer	4617315517961601024	5.0
cell/tpg/flow/0.30/500/n_solve_turbine	4630122629401935872	35.0
cell/tpg/flow/0.30/500/branch	0	0.0
cell/tpg/flow/0.30/500/nozzle_choked	0	0.0
cell/tpg/flow/0.30/500/eta_c	4605898755928132875	0.8574847923777339
cell/tpg/flow/0.30/500/eta_t	4606281691040062223	0.8999991301978713
cell/tpg/flow/0.30/500/n_corr	4603727549731939222	0.616432481355434
cell/tpg/flow/0.30/500/N_ratio	4603409822951962307	0.5811577226883958
cell/tpg/flow/0.30/500/flowcoef	4604964451586746350	0.7537561731962776
cell/tpg/flow/0.30/500/nu_t	4607212118701573459	1.0065947029073257
cell/tpg/flow/0.30/500/pi_c	4613316342896671829	2.724009505363521
cell/tpg/flow/0.30/500/tau_c	4608925701233461148	1.3870864592067624
cell/tpg/flow/0.30/500/tau_t	4605488044458758353	0.8118866594000115
cell/tpg/flow/0.30/500/pi_t	4601261745709767576	0.42133662069630295
cell/tpg/flow/0.30/500/mdot_air	4599559322996919558	0.3268331760238684
cell/tpg/flow/0.30/500/mdot_ratio	4599559322996919558	0.3268331760238684
cell/tpg/flow/0.30/500/thrust	4626535360706860550	20.75546143747308
cell/tpg/flow/0.30/500/V0	4636400701446642247	95.21676971889347
cell/tpg/flow/0.30/500/V9	4639767465959485264	158.12274214240688
cell/tpg/flow/0.30/500/M9	4600886704897674530	0.40051767345831213
cell/tpg/flow/0.30/500/T9	4645639107251659518	394.0096496562909
cell/tpg/flow/0.30/500/p9	4677104761256804352	50000.0
cell/tpg/flow/0.30/500/F_over_mdot	4634134317314555498	63.50475704448475
cell/tpg/flow/0.30/500/tsfc	4543924765570468353	5.963071838867643e-05
cell/tpg/flow/0.30/500/eta_th	4587288154354550162	0.04945580971662901
cell/tpg/flow/0.30/500/eta_p	4604969947709930106	0.7543663654467558
cell/tpg/flow/0.30/500/s2/Tt	4643159780477212197	254.53811966178287
cell/tpg/flow/0.30/500/s2/pt	4677329147359971333	51632.62377585474
cell/tpg/flow/0.30/500/s3/Tt	4644918825619378766	353.0663791348096
cell/tpg/flow/0.30/500/s3/pt	4684072633003231712	140647.75795228686
cell/tpg/flow/0.30/500/s4/Tt	4647503709213818880	500.0
cell/tpg/flow/0.30/500/s4/pt	4683879328196620257	135021.84763419538
cell/tpg/flow/0.30/500/s5/Tt	4645849046771183076	405.9433297000053
cell/tpg/flow/0.30/500/s5/pt	4678051667405478028	56889.649002359336
cell/tpg/flow/0.30/500/s9/Tt	4645849046771183076	405.9433297000053
cell/tpg/flow/0.30/500/s9/pt	4677895290329032554	55751.856022312146
cell/tpg/flow/0.30/500/s4/far	4570878267886342878	0.0037868342836609855
cell/tpg/flow/0.30/600/abort	0	0.0
cell/tpg/flow/0.30/600/n_outer	4618441417868443648	6.0
cell/tpg/flow/0.30/600/n_solve_turbine	4631107791820423168	42.0
cell/tpg/flow/0.30/600/branch	0	0.0
cell/tpg/flow/0.30/600/nozzle_choked	0	0.0
cell/tpg/flow/0.30/600/eta_c	4605905178160570163	0.8581978034098711
cell/tpg/flow/0.30/600/eta_t	4606281686590620628	0.8999986362106207
cell/tpg/flow/0.30/600/n_corr	4604267541009018160	0.676383556246412
cell/tpg/flow/0.30/600/N_ratio	4603918913745115769	0.6376781547067615
cell/tpg/flow/0.30/600/flowcoef	4604863816894405354	0.7425834779449734
cell/tpg/flow/0.30/600/nu_t	4607219608136394583	1.008257691503294
cell/tpg/flow/0.30/600/pi_c	4614479218404328216	3.2404299707126363
cell/tpg/flow/0.30/600/tau_c	4609277666705472101	1.4652384933866867
cell/tpg/flow/0.30/600/tau_t	4605519125117939615	0.8153373057443679
cell/tpg/flow/0.30/600/pi_t	4601273650748215626	0.4219974830860066
cell/tpg/flow/0.30/600/mdot_air	4600036171731328893	0.3533035982340989
cell/tpg/flow/0.30/600/mdot_ratio	4600036171731328893	0.3533035982340989
cell/tpg/flow/0.30/600/thrust	4634263622696257987	64.8470540822373
cell/tpg/flow/0.30/600/V0	4636400701446642247	95.21676971889347
cell/tpg/flow/0.30/600/V9	4643582869286603339	277.126053731107
cell/tpg/flow/0.30/600/M9	4604084043763753068	0.6560112695815525
cell/tpg/flow/0.30/600/T9	4646677797678523854	453.0523646572518
cell/tpg/flow/0.30/600/p9	4677104761256804352	50000.0
cell/tpg/flow/0.30/600/F_over_mdot	4640661926676387784	183.54484473512116
cell/tpg/flow/0.30/600/tsfc	4539870050024344981	3.215489711419075e-05
cell/tpg/flow/0.30/600/eta_th	4594030760703671750	0.13496815923597988
cell/tpg/flow/0.30/600/eta_p	4602792444091248633	0.512614900080279
cell/tpg/flow/0.30/600/s2/Tt	4643159780477212197	254.53811966178287
cell/tpg/flow/0.30/600/s2/pt	4677329147359971333	51632.62377585474
cell/tpg/flow/0.30/600/s3/Tt	4645268781203095718	372.9590509627109
cell/tpg/flow/0.30/600/s3/pt	4684988806001049374	167311.90154980955
cell/tpg/flow/0.30/600/s4/Tt	4648488871632306176	600.0
cell/tpg/flow/0.30/600/s4/pt	4684758854274525213	160619.42548781718
cell/tpg/flow/0.30/600/s5/Tt	4647313755534536439	489.2023834443966
cell/tpg/flow/0.30/600/s5/pt	4679394287602060125	67780.99328927459
cell/tpg/flow/0.30/600/s9/Tt	4647313755534536439	489.2023834443966
cell/tpg/flow/0.30/600/s9/pt	4679301130114230419	66425.37342348909
cell/tpg/flow/0.30/600/s4/far	4573454409919259991	0.005901865598297937
cell/tpg/flow/0.30/650/abort	0	0.0
cell/tpg/flow/0.30/650/n_outer	4618441417868443648	6.0
cell/tpg/flow/0.30/650/n_solve_turbine	4631107791820423168	42.0
cell/tpg/flow/0.30/650/branch	0	0.0
cell/tpg/flow/0.30/650/nozzle_choked	0	0.0
cell/tpg/flow/0.30/650/eta_c	4605914983857819594	0.8592864544957532
cell/tpg/flow/0.30/650/eta_t	4606281685769845638	0.8999985450862915
cell/tpg/flow/0.30/650/n_corr	4604518015751016998	0.7041918388118276
cell/tpg/flow/0.30/650/N_ratio	4604155055309770074	0.6638951349217834
cell/tpg/flow/0.30/650/flowcoef	4604879785284525335	0.7443563253827133
cell/tpg/flow/0.30/650/nu_t	4607220830488195097	1.0085291081259184
cell/tpg/flow/0.30/650/pi_c	4615127118570136389	3.5281554434081124
cell/tpg/flow/0.30/650/tau_c	4609454125206231161	1.5044201514733955
cell/tpg/flow/0.30/650/tau_t	4605535586175643301	0.8171648502715995
cell/tpg/flow/0.30/650/pi_t	4601279908589590314	0.4223448630649381
cell/tpg/flow/0.30/650/mdot_air	4600313658197467198	0.36870719142052966
cell/tpg/flow/0.30/650/mdot_ratio	4600313658197467198	0.36870719142052966
cell/tpg/flow/0.30/650/thrust	4635792439602374096	86.57284902119795
cell/tpg/flow/0.30/650/V0	4636400701446642247	95.21676971889347
cell/tpg/flow/0.30/650/V9	4644473081926585862	327.72878370081924
cell/tpg/flow/0.30/650/M9	4604964263726145669	0.753735316479848
cell/tpg/flow/0.30/650/T9	4647168797378486175	480.9624662627411
cell/tpg/flow/0.30/650/p9	4677104761256804352	50000.0
cell/tpg/flow/0.30/650/F_over_mdot	4642465345346618188	234.8010861617753
cell/tpg/flow/0.30/650/tsfc	4539401022741645275	2.9747111373164145e-05
cell/tpg/flow/0.30/650/eta_th	4595139217822183430	0.16573402460551295
cell/tpg/flow/0.30/650/eta_p	4601800542068654627	0.4512458268573331
cell/tpg/flow/0.30/650/s2/Tt	4643159780477212197	254.53811966178287
cell/tpg/flow/0.30/650/s2/pt	4677329147359971333	51632.62377585474
cell/tpg/flow/0.30/650/s3/Tt	4645444232042867392	382.93227653733265
cell/tpg/flow/0.30/650/s3/pt	4685499254998630662	182167.92263222503
cell/tpg/flow/0.30/650/s4/Tt	4648928676283416576	650.0
cell/tpg/flow/0.30/650/s4/pt	4685248885312203249	174881.20572693602
cell/tpg/flow/0.30/650/s5/Tt	4647883323543335355	531.1571526765396
cell/tpg/flow/0.30/650/s5/pt	4679812046055205083	73860.17888537368
cell/tpg/flow/0.30/650/s9/Tt	4647883323543335355	531.1571526765396
cell/tpg/flow/0.30/650/s9/pt	4679710533398312478	72382.9753076662
cell/tpg/flow/0.30/650/s4/far	4574702780022381578	0.0069846540605942396
cell/tpg/flow/0.30/900/abort	0	0.0
cell/tpg/flow/0.30/900/n_outer	4617315517961601024	5.0
cell/tpg/flow/0.30/900/n_solve_turbine	4630122629401935872	35.0
cell/tpg/flow/0.30/900/branch	0	0.0
cell/tpg/flow/0.30/900/nozzle_choked	4607182418800017408	1.0
cell/tpg/flow/0.30/900/eta_c	4605998496831698821	0.868558257141317
cell/tpg/flow/0.30/900/eta_t	4606281691276398112	0.8999991564364258
cell/tpg/flow/0.30/900/n_corr	4605623710439028254	0.8269486088954101
cell/tpg/flow/0.30/900/N_ratio	4605197477677683496	0.7796272663459591
cell/tpg/flow/0.30/900/flowcoef	4605385993601098646	0.8005567382143564
cell/tpg/flow/0.30/900/nu_t	4607211667305910615	1.0064944729357046
cell/tpg/flow/0.30/900/pi_c	4617663165042527201	5.308772634950373
cell/tpg/flow/0.30/900/tau_c	4610339697660529734	1.7010567372206125
cell/tpg/flow/0.30/900/tau_t	4605622999222833934	0.8268696480359681
cell/tpg/flow/0.30/900/pi_t	4601315706058363839	0.4243320217677215
cell/tpg/flow/0.30/900/mdot_air	4602060425737620699	0.4656722685078429
cell/tpg/flow/0.30/900/mdot_ratio	4602060425737620699	0.4656722685078429
cell/tpg/flow/0.30/900/thrust	4641774942232634658	215.1786494662893
cell/tpg/flow/0.30/900/V0	4636400701446642247	95.21676971889347
cell/tpg/flow/0.30/900/V9	4647435621369863342	496.129654166706
cell/tpg/flow/0.30/900/M9	4607182418800017463	1.0000000000000122
cell/tpg/flow/0.30/900/T9	4648786690392031718	633.8580730073706
cell/tpg/flow/0.30/900/p9	4678296176584363253	58668.687424207026
cell/tpg/flow/0.30/900/F_over_mdot	4646836644029851976	462.0817343403073
cell/tpg/flow/0.30/900/tsfc	4538721334999414677	2.7444239727107326e-05
cell/tpg/flow/0.30/900/eta_th	4597140231126254347	0.22127330067453274
cell/tpg/flow/0.30/900/eta_p	4600271092397214466	0.36634431484542074
cell/tpg/flow/0.30/900/s2/Tt	4643159780477212197	254.53811966178287
cell/tpg/flow/0.30/900/s2/pt	4677329147359971333	51632.62377585474
cell/tpg/flow/0.30/900/s3/Tt	4646324747462169849	432.9837833301422
cell/tpg/flow/0.30/900/s3/pt	4688452715285637663	274105.8601719457
cell/tpg/flow/0.30/900/s4/Tt	4651127699538968576	900.0
cell/tpg/flow/0.30/900/s4/pt	4688264351172824790	263141.6257650679
cell/tpg/flow/0.30/900/s5/Tt	4649757115926180257	744.1826832290282
cell/tpg/flow/0.30/900/s5/pt	4682409589992982822	111659.41806987356
cell/tpg/flow/0.30/900/s9/Tt	4649757115926180257	744.1826832290282
cell/tpg/flow/0.30/900/s9/pt	4682256126457334662	109426.22970847608
cell/tpg/flow/0.30/900/s4/far	4578463998372119107	0.012681481890752916
cell/tpg/flow/0.30/1100/abort	0	0.0
cell/tpg/flow/0.30/1100/n_outer	4617315517961601024	5.0
cell/tpg/flow/0.30/1100/n_solve_turbine	4630122629401935872	35.0
cell/tpg/flow/0.30/1100/branch	0	0.0
cell/tpg/flow/0.30/1100/nozzle_choked	4607182418800017408	1.0
cell/tpg/flow/0.30/1100/eta_c	4606066330921432438	0.876089353968992
cell/tpg/flow/0.30/1100/eta_t	4606281696795064938	0.8999997691315234
cell/tpg/flow/0.30/1100/n_corr	4606384498735731114	0.9114130772818971
cell/tpg/flow/0.30/1100/N_ratio	4605914730592370323	0.859258336382441
cell/tpg/flow/0.30/1100/flowcoef	4606113895562939934	0.8813700899849584
cell/tpg/flow/0.30/1100/nu_t	4607197720056513699	1.0033975614535755
cell/tpg/flow/0.30/1100/pi_c	4619779026664184872	7.188035266378428
cell/tpg/flow/0.30/1100/tau_c	4611047536334741286	1.8582284959865745
cell/tpg/flow/0.30/1100/tau_t	4605684308825279199	0.8336763812625029
cell/tpg/flow/0.30/1100/pi_t	4601348491944202853	0.42615200403478176
cell/tpg/flow/0.30/1100/mdot_air	4603264695556921350	0.5650453451405617
cell/tpg/flow/0.30/1100/mdot_ratio	4603264695556921350	0.5650453451405617
cell/tpg/flow/0.30/1100/thrust	4644884784004507498	351.1313373619838
cell/tpg/flow/0.30/1100/V0	4636400701446642247	95.21676971889347
cell/tpg/flow/0.30/1100/V9	4648042963624258782	549.3061286503469
cell/tpg/flow/0.30/1100/M9	4607182418800016748	0.9999999999999267
cell/tpg/flow/0.30/1100/T9	4650134257791229843	787.058749238948
cell/tpg/flow/0.30/1100/p9	4680249290888101892	80222.92862772947
cell/tpg/flow/0.30/1100/F_over_mdot	4648677297316706107	621.4215202049594
cell/tpg/flow/0.30/1100/tsfc	4538968341500011086	2.8281130303871916e-05
cell/tpg/flow/0.30/1100/eta_th	4596304287915127872	0.19807121566774022
cell/tpg/flow/0.30/1100/eta_p	4600825988501617049	0.39714723641454835
cell/tpg/flow/0.30/1100/s2/Tt	4643159780477212197	254.53811966178287
cell/tpg/flow/0.30/1100/s2/pt	4677329147359971333	51632.62377585474
cell/tpg/flow/0.30/1100/s3/Tt	4647028544044817106	472.98998727036553
cell/tpg/flow/0.30/1100/s3/pt	4690119699646490025	371137.1205964932
cell/tpg/flow/0.30/1100/s4/Tt	4652552666608566272	1100.0
cell/tpg/flow/0.30/1100/s4/pt	4689864656159243057	356291.6357726334
cell/tpg/flow/0.30/1100/s5/Tt	4651277620318984369	917.0440193887536
cell/tpg/flow/0.30/1100/s5/pt	4684457002911848456	151834.3946053388
cell/tpg/flow/0.30/1100/s9/Tt	4651277620318984369	917.0440193887536
cell/tpg/flow/0.30/1100/s9/pt	4684352663110370394	148797.70671323204
cell/tpg/flow/0.30/1100/s4/far	4580722727014915653	0.01757450298654663
cell/tpg/flow/0.30/1500/abort	0	0.0
cell/tpg/flow/0.30/1500/n_outer	4617315517961601024	5.0
cell/tpg/flow/0.30/1500/n_solve_turbine	4630122629401935872	35.0
cell/tpg/flow/0.30/1500/branch	0	0.0
cell/tpg/flow/0.30/1500/nozzle_choked	4607182418800017408	1.0
cell/tpg/flow/0.30/1500/eta_c	4606084868915904992	0.8781474847983723
cell/tpg/flow/0.30/1500/eta_t	4606281696571928743	0.8999997443584292
cell/tpg/flow/0.30/1500/n_corr	4607472854146507624	1.0644896017676846
cell/tpg/flow/0.30/1500/N_ratio	4607198520084207020	1.003575203286668
cell/tpg/flow/0.30/1500/flowcoef	4607547690411441972	1.0811065906490969
cell/tpg/flow/0.30/1500/nu_t	4607198520084207020	1.003575203286668
cell/tpg/flow/0.30/1500/pi_c	4623066630794469249	12.216028614828021
cell/tpg/flow/0.30/1500/tau_c	4612076411759090323	2.1733694662064607
cell/tpg/flow/0.30/1500/tau_t	4605762360484509381	0.8423418561812573
cell/tpg/flow/0.30/1500/pi_t	4601396904239899478	0.4288394263026495
cell/tpg/flow/0.30/1500/mdot_air	4605466594734770575	0.8095052616557029
cell/tpg/flow/0.30/1500/mdot_ratio	4605466594734770575	0.8095052616557029
cell/tpg/flow/0.30/1500/thrust	4649524004145497251	717.6809420475223
cell/tpg/flow/0.30/1500/V0	4636400701446642247	95.21676971889347
cell/tpg/flow/0.30/1500/V9	4648856402082645168	641.7833746654414
cell/tpg/flow/0.30/1500/M9	4607182418800017955	1.0000000000001215
cell/tpg/flow/0.30/1500/T9	4652536144409044342	1096.2432867682924
cell/tpg/flow/0.30/1500/p9	4683996162313168306	138422.16795377206
cell/tpg/flow/0.30/1500/F_over_mdot	4651009544780554966	886.5673591541952
cell/tpg/flow/0.30/1500/tsfc	4539792702336498103	3.163076879418878e-05
cell/tpg/flow/0.30/1500/eta_th	4595387340611015005	0.17262081543288846
cell/tpg/flow/0.30/1500/eta_p	4601011458838746327	0.4074429083478441
cell/tpg/flow/0.30/1500/s2/Tt	4643159780477212197	254.53811966178287
cell/tpg/flow/0.30/1500/s2/pt	4677329147359971333	51632.62377585474
cell/tpg/flow/0.30/1500/s3/Tt	4648077261777733034	553.2053772585252
cell/tpg/flow/0.30/1500/s3/pt	4693665275622521089	630745.6095044912
cell/tpg/flow/0.30/1500/s4/Tt	4654311885213007872	1500.0
cell/tpg/flow/0.30/1500/s4/pt	4693448553081327699	605515.7851243116
cell/tpg/flow/0.30/1500/s5/Tt	4653271803438992038	1263.5127842805027
cell/tpg/flow/0.30/1500/s5/pt	4688162173180619381	259669.04192097826
cell/tpg/flow/0.30/1500/s9/Tt	4653271803438992038	1263.5127842805027
cell/tpg/flow/0.30/1500/s9/pt	4687983729973765900	254475.66108255868
cell/tpg/flow/0.30/1500/s4/far	4583740010263889855	0.028042807157880874
cell/tpg/flow/0.85/500/abort	0	0.0
cell/tpg/flow/0.85/500/n_outer	4617315517961601024	5.0
cell/tpg/flow/0.85/500/n_solve_turbine	4630122629401935872	35.0
cell/tpg/flow/0.85/500/branch	0	0.0
cell/tpg/flow/0.85/500/nozzle_choked	0	0.0
cell/tpg/flow/0.85/500/eta_c	4605904993504978087	0.8581773025208762
cell/tpg/flow/0.85/500/eta_t	4606281697102520476	0.8999998032659451
cell/tpg/flow/0.85/500/n_corr	4603391838457979406	0.5791610427577909
cell/tpg/flow/0.85/500/N_ratio	4603391838457979406	0.5791610427577909
cell/tpg/flow/0.85/500/flowcoef	4605131036252218152	0.772250786311905
cell/tpg/flow/0.85/500/nu_t	4607196543672910058	1.0031363518210648
cell/tpg/flow/0.85/500/pi_c	4612744785271766421	2.4701869313355
cell/tpg/flow/0.85/500/tau_c	4608725387664750525	1.342607911981289
cell/tpg/flow/0.85/500/tau_t	4605488043001950438	0.8118864976618425
cell/tpg/flow/0.85/500/pi_t	4601261744939999018	0.4213365779655641
cell/tpg/flow/0.85/500/mdot_air	4601728696032354797	0.4472575706709268
cell/tpg/flow/0.85/500/mdot_ratio	4601728696032354797	0.4472575706709268
cell/tpg/flow/0.85/500/thrust	4625203102813193045	16.022330594950592
cell/tpg/flow/0.85/500/V0	4643453651052699634	269.7808475368648
cell/tpg/flow/0.85/500/V9	4644067636566396913	304.68188326642763
cell/tpg/flow/0.85/500/M9	4605423988540148685	0.8047750238296146
cell/tpg/flow/0.85/500/T9	4645067203876410097	361.5007065490782
cell/tpg/flow/0.85/500/p9	4677104761256804352	50000.0
cell/tpg/flow/0.85/500/F_over_mdot	4630238526412711344	35.82349779102822
cell/tpg/flow/0.85/500/tsfc	4545864532108354603	8.451501920848983e-05
cell/tpg/flow/0.85/500/eta_th	4590317044315107501	0.07844591159909227
cell/tpg/flow/0.85/500/eta_p	4606738751195384158	0.9507430010055875
cell/tpg/flow/0.85/500/s2/Tt	4643745586963694955	286.3754828060834
cell/tpg/flow/0.85/500/s2/pt	4680086807681088516	77858.48677323764
cell/tpg/flow/0.85/500/s3/Tt	4645471635610541443	384.48998901290923
cell/tpg/flow/0.85/500/s3/pt	4685848250087221636	192325.0165208095
cell/tpg/flow/0.85/500/s4/Tt	4647503709213818880	500.0
cell/tpg/flow/0.85/500/s4/pt	4685583920597250584	184632.0158599771
cell/tpg/flow/0.85/500/s5/Tt	4645849045348519100	405.943248830921
cell/tpg/flow/0.85/500/s5/pt	4680082253983044484	77792.22174532531
cell/tpg/flow/0.85/500/s9/Tt	4645849045348519100	405.943248830921
cell/tpg/flow/0.85/500/s9/pt	4679975337167595091	76236.3773104188
cell/tpg/flow/0.85/500/s4/far	4569127647247951072	0.003027623603924043
cell/tpg/flow/0.85/600/abort	0	0.0
cell/tpg/flow/0.85/600/n_outer	4617315517961601024	5.0
cell/tpg/flow/0.85/600/n_solve_turbine	4630122629401935872	35.0
cell/tpg/flow/0.85/600/branch	0	0.0
cell/tpg/flow/0.85/600/nozzle_choked	0	0.0
cell/tpg/flow/0.85/600/eta_c	4605899084540815478	0.8575212757143749
cell/tpg/flow/0.85/600/eta_t	4606281693108954679	0.8999993598910753
cell/tpg/flow/0.85/600/n_corr	4603904100419940356	0.6360335452386612
cell/tpg/flow/0.85/600/N_ratio	4603904100419940356	0.6360335452386612
cell/tpg/flow/0.85/600/flowcoef	4604914095892127482	0.7481655680375916
cell/tpg/flow/0.85/600/nu_t	4607207897174575828	1.0056573356129563
cell/tpg/flow/0.85/600/pi_c	4613694978716445717	2.8921575873878376
cell/tpg/flow/0.85/600/tau_c	4609036749091735062	1.4117440370249645
cell/tpg/flow/0.85/600/tau_t	4605519123578600821	0.8153371348434307
cell/tpg/flow/0.85/600/pi_t	4601273649933195402	0.4219974378432957
cell/tpg/flow/0.85/600/mdot_air	4602243922745531201	0.47585839866444607
cell/tpg/flow/0.85/600/mdot_ratio	4602243922745531201	0.47585839866444607
cell/tpg/flow/0.85/600/thrust	4633289190787927901	57.49977190155071
cell/tpg/flow/0.85/600/V0	4643453651052699634	269.7808475368648
cell/tpg/flow/0.85/600/V9	4645544234070096777	388.6167336580625
cell/tpg/flow/0.85/600/M9	4606791980374268421	0.9566526270035075
cell/tpg/flow/0.85/600/T9	4646058795188803538	417.8661468581969
cell/tpg/flow/0.85/600/p9	4677104761256804352	50000.0
cell/tpg/flow/0.85/600/F_over_mdot	4638203338710595780	120.83378598114638
cell/tpg/flow/0.85/600/tsfc	4541403579887224338	4.254649966984823e-05
cell/tpg/flow/0.85/600/eta_th	4595637182444500920	0.17955531933415414
cell/tpg/flow/0.85/600/eta_p	4605607036492981964	0.8250974290142152
cell/tpg/flow/0.85/600/s2/Tt	4643745586963694955	286.3754828060834
cell/tpg/flow/0.85/600/s2/pt	4680086807681088516	77858.48677323764
cell/tpg/flow/0.85/600/s3/Tt	4645819941387806629	404.2888802016335
cell/tpg/flow/0.85/600/s3/pt	4686977104819652362	225179.01326375484
cell/tpg/flow/0.85/600/s4/Tt	4648488871632306176	600.0
cell/tpg/flow/0.85/600/s4/pt	4686667621140384081	216171.85273320464
cell/tpg/flow/0.85/600/s5/Tt	4647313753730662907	489.20228090605787
cell/tpg/flow/0.85/600/s5/pt	4681005276556439850	91223.9679872437
cell/tpg/flow/0.85/600/s9/Tt	4647313753730662907	489.20228090605787
cell/tpg/flow/0.85/600/s9/pt	4680879899289522550	89399.48862749882
cell/tpg/flow/0.85/600/s4/far	4572577254599140540	0.005141054635353356
cell/tpg/flow/0.85/650/abort	0	0.0
cell/tpg/flow/0.85/650/n_outer	4617315517961601024	5.0
cell/tpg/flow/0.85/650/n_solve_turbine	4630122629401935872	35.0
cell/tpg/flow/0.85/650/branch	0	0.0
cell/tpg/flow/0.85/650/nozzle_choked	4607182418800017408	1.0
cell/tpg/flow/0.85/650/eta_c	4605902501283554633	0.8579006103601979
cell/tpg/flow/0.85/650/eta_t	4606281691534927119	0.8999991851389114
cell/tpg/flow/0.85/650/n_corr	4604142330636928120	0.6624824124447874
cell/tpg/flow/0.85/650/N_ratio	4604142330636928120	0.6624824124447874
cell/tpg/flow/0.85/650/flowcoef	4604875205164914430	0.743847829957957
cell/tpg/flow/0.85/650/nu_t	4607211165405354867	1.0063830286250919
cell/tpg/flow/0.85/650/pi_c	4614218712672163425	3.124742185954162
cell/tpg/flow/0.85/650/tau_c	4609192827465255627	1.4464003978106799
cell/tpg/flow/0.85/650/tau_t	4605535584826810064	0.8171647005210279
cell/tpg/flow/0.85/650/pi_t	4601279907874518940	0.42234482337050294
cell/tpg/flow/0.85/650/mdot_air	4602548865191192271	0.49278610488236735
cell/tpg/flow/0.85/650/mdot_ratio	4602548865191192271	0.49278610488236735
cell/tpg/flow/0.85/650/thrust	4635322660971436508	79.89689314863739
cell/tpg/flow/0.85/650/V0	4643453651052699634	269.7808475368648
cell/tpg/flow/0.85/650/V9	4646101677117396483	420.3037022867649
cell/tpg/flow/0.85/650/M9	4607182418800017389	0.9999999999999979
cell/tpg/flow/0.85/650/T9	4646594606191006692	448.3234760866601
cell/tpg/flow/0.85/650/p9	4677311409101389802	51503.5609582661
cell/tpg/flow/0.85/650/F_over_mdot	4639908564621565075	162.13300731705803
cell/tpg/flow/0.85/650/tsfc	4540789040207871175	3.838221682339045e-05
cell/tpg/flow/0.85/650/eta_th	4596267906584810754	0.19706143090312628
cell/tpg/flow/0.85/650/eta_p	4605681511107811852	0.8333657722276384
cell/tpg/flow/0.85/650/s2/Tt	4643745586963694955	286.3754828060834
cell/tpg/flow/0.85/650/s2/pt	4680086807681088516	77858.48677323764
cell/tpg/flow/0.85/650/s3/Tt	4645994539120511864	414.2136122539446
cell/tpg/flow/0.85/650/s3/pt	4687599314494700315	243287.69815488983
cell/tpg/flow/0.85/650/s4/Tt	4648928676283416576	650.0
cell/tpg/flow/0.85/650/s4/pt	4687264942428430116	233556.19022869423
cell/tpg/flow/0.85/650/s5/Tt	4647883322687142389	531.1570553386688
cell/tpg/flow/0.85/650/s5/pt	4681514988151482077	98641.24790921384
cell/tpg/flow/0.85/650/s9/Tt	4647883322687142389	531.1570553386688
cell/tpg/flow/0.85/650/s9/pt	4681379416652663932	96668.42295102956
cell/tpg/flow/0.85/650/s4/far	4573824680624904178	0.006223024241071672
cell/tpg/flow/0.85/900/abort	0	0.0
cell/tpg/flow/0.85/900/n_outer	4618441417868443648	6.0
cell/tpg/flow/0.85/900/n_solve_turbine	4631107791820423168	42.0
cell/tpg/flow/0.85/900/branch	0	0.0
cell/tpg/flow/0.85/900/nozzle_choked	4607182418800017408	1.0
cell/tpg/flow/0.85/900/eta_c	4605961584560150956	0.8644601717649514
cell/tpg/flow/0.85/900/eta_t	4606281692110916199	0.8999992490865453
cell/tpg/flow/0.85/900/n_corr	4605194916994926716	0.7793429734504254
cell/tpg/flow/0.85/900/N_ratio	4605194916994926716	0.7793429734504254
cell/tpg/flow/0.85/900/flowcoef	4605120155505021920	0.7710427807056668
cell/tpg/flow/0.85/900/nu_t	4607210014392298627	1.0061274523857555
cell/tpg/flow/0.85/900/pi_c	4616797070054835758	4.539525757472388
cell/tpg/flow/0.85/900/tau_c	4609975880396771201	1.620273076624443
cell/tpg/flow/0.85/900/tau_t	4605622999037726843	0.8268696274849526
cell/tpg/flow/0.85/900/pi_t	4601315705959495680	0.4243320162794362
cell/tpg/flow/0.85/900/mdot_air	4603587706586567261	0.6009067733726386
cell/tpg/flow/0.85/900/mdot_ratio	4603587706586567261	0.6009067733726386
cell/tpg/flow/0.85/900/thrust	4641774965338899822	215.1793061858438
cell/tpg/flow/0.85/900/V0	4643453651052699634	269.7808475368648
cell/tpg/flow/0.85/900/V9	4647435621263718296	496.1296481330587
cell/tpg/flow/0.85/900/M9	4607182418800017352	0.9999999999999938
cell/tpg/flow/0.85/900/T9	4648786690248878194	633.8580567326992
cell/tpg/flow/0.85/900/p9	4679934988437025304	75649.22600359505
cell/tpg/flow/0.85/900/F_over_mdot	4645007219649370946	358.0909980064499
cell/tpg/flow/0.85/900/tsfc	4540035375785286896	3.3275188046572274e-05
cell/tpg/flow/0.85/900/eta_th	4595395383722760476	0.17284405662912483
cell/tpg/flow/0.85/900/eta_p	4607614557773200124	1.0959541275730649
cell/tpg/flow/0.85/900/s2/Tt	4643745586963694955	286.3754828060834
cell/tpg/flow/0.85/900/s2/pt	4680086807681088516	77858.48677323764
cell/tpg/flow/0.85/900/s3/Tt	4646870504594439565	464.0064845960231
cell/tpg/flow/0.85/900/s3/pt	4689815675843199499	353440.60614493553
cell/tpg/flow/0.85/900/s4/Tt	4651127699538968576	900.0
cell/tpg/flow/0.85/900/s4/pt	4689572793308084152	339302.9818991381
cell/tpg/flow/0.85/900/s5/Tt	4649757115763517889	744.1826647364579
cell/tpg/flow/0.85/900/s5/pt	4684187028958484069	143977.11843888756
cell/tpg/flow/0.85/900/s9/Tt	4649757115763517889	744.1826647364579
cell/tpg/flow/0.85/900/s9/pt	4684088088636073294	141097.5760701098
cell/tpg/flow/0.85/900/s4/far	4578022465986750156	0.011915545296449358
cell/tpg/flow/0.85/1100/abort	0	0.0
cell/tpg/flow/0.85/1100/n_outer	4617315517961601024	5.0
cell/tpg/flow/0.85/1100/n_solve_turbine	4630122629401935872	35.0
cell/tpg/flow/0.85/1100/branch	0	0.0
cell/tpg/flow/0.85/1100/nozzle_choked	4607182418800017408	1.0
cell/tpg/flow/0.85/1100/eta_c	4606027852678947473	0.8718174108936002
cell/tpg/flow/0.85/1100/eta_t	4606281696996463419	0.8999997914912464
cell/tpg/flow/0.85/1100/n_corr	4605913429228160724	0.859113855931549
cell/tpg/flow/0.85/1100/N_ratio	4605913429228160724	0.859113855931549
cell/tpg/flow/0.85/1100/flowcoef	4605654892997898025	0.830410568377805
cell/tpg/flow/0.85/1100/nu_t	4607196960223516342	1.0032288446358684
cell/tpg/flow/0.85/1100/pi_c	4618457129025284191	6.013954310454294
cell/tpg/flow/0.85/1100/tau_c	4610601486105748051	1.7591854491130519
cell/tpg/flow/0.85/1100/tau_t	4605684308782618673	0.833676376526233
cell/tpg/flow/0.85/1100/pi_t	4601348491921365995	0.4261520027670815
cell/tpg/flow/0.85/1100/mdot_air	4604601110646267009	0.7134172254053653
cell/tpg/flow/0.85/1100/mdot_ratio	4604601110646267009	0.7134172254053653
cell/tpg/flow/0.85/1100/thrust	4644987542268200779	356.97246838651034
cell/tpg/flow/0.85/1100/V0	4643453651052699634	269.7808475368648
cell/tpg/flow/0.85/1100/V9	4648042963610919764	549.3061271338761
cell/tpg/flow/0.85/1100/M9	4607182418800017758	1.0000000000000777
cell/tpg/flow/0.85/1100/T9	4650134257750350737	787.0587445915318
cell/tpg/flow/0.85/1100/p9	4681691619953133086	101211.57891347303
cell/tpg/flow/0.85/1100/F_over_mdot	4647510215642474476	500.369847649358
cell/tpg/flow/0.85/1100/tsfc	4540081079621719375	3.358488928876612e-05
cell/tpg/flow/0.85/1100/eta_th	4595029474387975936	0.16268803241904806
cell/tpg/flow/0.85/1100/eta_p	4607874322083423241	1.1536333912101802
cell/tpg/flow/0.85/1100/s2/Tt	4643745586963694955	286.3754828060834
cell/tpg/flow/0.85/1100/s2/pt	4680086807681088516	77858.48677323764
cell/tpg/flow/0.85/1100/s3/Tt	4647570341066918032	503.7875823351869
cell/tpg/flow/0.85/1100/s3/pt	4691787869437459964	468237.3821353612
cell/tpg/flow/0.85/1100/s4/Tt	4652552666608566272	1100.0
cell/tpg/flow/0.85/1100/s4/pt	4691466099158574199	449507.88684994675
cell/tpg/flow/0.85/1100/s5/Tt	4651277620273116968	917.0440141742338
cell/tpg/flow/0.85/1100/s5/pt	4685821919179138793	191558.6862361946
cell/tpg/flow/0.85/1100/s9/Tt	4651277620273116968	917.0440141742338
cell/tpg/flow/0.85/1100/s9/pt	4685690281052314924	187727.5125114707
cell/tpg/flow/0.85/1100/s4/far	4580500894238549727	0.01680486593674046
cell/tpg/flow/0.85/1500/abort	0	0.0
cell/tpg/flow/0.85/1500/n_outer	4607182418800017408	1.0
cell/tpg/flow/0.85/1500/n_solve_turbine	4611686018427387904	2.0
cell/tpg/flow/0.85/1500/branch	0	0.0
cell/tpg/flow/0.85/1500/nozzle_choked	4607182418800017408	1.0
cell/tpg/flow/0.85/1500/eta_c	4606101554889448489	0.88
cell/tpg/flow/0.85/1500/eta_t	4606281698874543309	0.9
cell/tpg/flow/0.85/1500/n_corr	4607182418800013962	0.9999999999996174
cell/tpg/flow/0.85/1500/N_ratio	4607182418800013962	0.9999999999996174
cell/tpg/flow/0.85/1500/flowcoef	4607182418800008816	0.9999999999990461
cell/tpg/flow/0.85/1500/nu_t	4607182418800013962	0.9999999999996174
cell/tpg/flow/0.85/1500/pi_c	4621819117588964026	9.999999999986688
cell/tpg/flow/0.85/1500/tau_c	4611770577926473510	2.037551961134244
cell/tpg/flow/0.85/1500/tau_t	4605762360027404901	0.8423418054324655
cell/tpg/flow/0.85/1500/pi_t	4601396903998859342	0.42883941292223404
cell/tpg/flow/0.85/1500/mdot_air	4607182418800005370	0.9999999999986635
cell/tpg/flow/0.85/1500/mdot_ratio	4607182418800005370	0.9999999999986635
cell/tpg/flow/0.85/1500/thrust	4649771419385865844	745.8087983291612
cell/tpg/flow/0.85/1500/V0	4643453651052699634	269.7808475368648
cell/tpg/flow/0.85/1500/V9	4648856401916701128	641.7833557997883
cell/tpg/flow/0.85/1500/M9	4607182418800016339	0.9999999999998813
cell/tpg/flow/0.85/1500/T9	4652536144110130626	1096.2432188031821
cell/tpg/flow/0.85/1500/p9	4685110946909296855	170866.6698352757
cell/tpg/flow/0.85/1500/F_over_mdot	4649771419385874612	745.808798330158
cell/tpg/flow/0.85/1500/tsfc	4540519827822199693	3.655796273960904e-05
cell/tpg/flow/0.85/1500/eta_th	4594576176405421933	0.1501064859878584
cell/tpg/flow/0.85/1500/eta_p	4607851857262118889	1.148645198838944
cell/tpg/flow/0.85/1500/s2/Tt	4643745586963694955	286.3754828060834
cell/tpg/flow/0.85/1500/s2/pt	4680086807681088516	77858.48677323764
cell/tpg/flow/0.85/1500/s3/Tt	4648343779432379830	583.5049266123012
cell/tpg/flow/0.85/1500/s3/pt	4694935205180819518	778584.86773134
cell/tpg/flow/0.85/1500/s4/Tt	4654311885213007872	1500.0
cell/tpg/flow/0.85/1500/s4/pt	4694667685457294190	747441.4730220863
cell/tpg/flow/0.85/1500/s5/Tt	4653271803104198721	1263.5127081573157
cell/tpg/flow/0.85/1500/s5/pt	4689250316522038338	320532.36248451855
cell/tpg/flow/0.85/1500/s9/Tt	4653271803104198721	1263.5127081573157
cell/tpg/flow/0.85/1500/s9/pt	4689140182440903888	314121.7152348282
cell/tpg/flow/0.85/1500/s4/far	4583515894746799579	0.02726525026022651
cell/tpg/flow/1.60/500/abort	4611686018427387904	2.0
cell/tpg/flow/1.60/600/abort	0	0.0
cell/tpg/flow/1.60/600/n_outer	4617315517961601024	5.0
cell/tpg/flow/1.60/600/n_solve_turbine	4630122629401935872	35.0
cell/tpg/flow/1.60/600/branch	0	0.0
cell/tpg/flow/1.60/600/nozzle_choked	4607182418800017408	1.0
cell/tpg/flow/1.60/600/eta_c	4605915681830051389	0.859363944979982
cell/tpg/flow/1.60/600/eta_t	4606281694827596736	0.8999995506986735
cell/tpg/flow/1.60/600/n_corr	4603108392889583814	0.5476922631317158
cell/tpg/flow/1.60/600/N_ratio	4603844871929423878	0.6294578618501425
cell/tpg/flow/1.60/600/flowcoef	4605344690500159057	0.7959711728492015
cell/tpg/flow/1.60/600/nu_t	4607139727082931371	0.9952602672730299
cell/tpg/flow/1.60/600/pi_c	4612362324330389166	2.3003401540807635
cell/tpg/flow/1.60/600/tau_c	4608566574926615922	1.3073444002851287
cell/tpg/flow/1.60/600/tau_t	4605519123172796809	0.815337089790135
cell/tpg/flow/1.60/600/pi_t	4601273649718304366	0.4219974259144469
cell/tpg/flow/1.60/600/mdot_air	4606901462629113959	0.968807599015247
cell/tpg/flow/1.60/600/mdot_ratio	4606901462629113959	0.968807599015247
cell/tpg/flow/1.60/600/thrust	4630496237546678607	37.654645532677584
cell/tpg/flow/1.60/600/V0	4647641328871307359	507.82277183409855
cell/tpg/flow/1.60/600/V9	4645807111265162655	403.55957216614655
cell/tpg/flow/1.60/600/M9	4607182418800017848	1.0000000000000977
cell/tpg/flow/1.60/600/T9	4645959684869089530	412.23237744126493
cell/tpg/flow/1.60/600/p9	4681378110584141175	96649.41715260396
cell/tpg/flow/1.60/600/F_over_mdot	4630666861353916320	38.86700060048247
cell/tpg/flow/1.60/600/tsfc	4545192396314642369	7.540588061163892e-05
cell/tpg/flow/1.60/600/eta_th	13823832635145989409	-0.37686400518642144
cell/tpg/flow/1.60/600/eta_p	13824565049970694930	-0.4175211952846648
cell/tpg/flow/1.60/600/s2/Tt	4645362121196066384	378.2648152796073
cell/tpg/flow/1.60/600/s2/pt	4686072667236213351	198856.41517664792
cell/tpg/flow/1.60/600/s3/Tt	4647407346045855148	494.5223880806832
cell/tpg/flow/1.60/600/s3/pt	4691602327100962057	457437.39672739856
cell/tpg/flow/1.60/600/s4/Tt	4648488871632306176	600.0
cell/tpg/flow/1.60/600/s4/pt	4691287978515536208	439139.9008583026
cell/tpg/flow/1.60/600/s5/Tt	4647313753255111338	489.20225387408084
cell/tpg/flow/1.60/600/s5/pt	4685607418944872925	185315.9077851911
cell/tpg/flow/1.60/600/s9/Tt	4647313753255111338	489.20225387408084
cell/tpg/flow/1.60/600/s9/pt	4685480070822734373	181609.58962948728
cell/tpg/flow/1.60/600/s4/far	4568904388156222822	0.002930800407012479
cell/tpg/flow/1.60/650/abort	0	0.0
cell/tpg/flow/1.60/650/n_outer	4617315517961601024	5.0
cell/tpg/flow/1.60/650/n_solve_turbine	4630122629401935872	35.0
cell/tpg/flow/1.60/650/branch	0	0.0
cell/tpg/flow/1.60/650/nozzle_choked	4607182418800017408	1.0
cell/tpg/flow/1.60/650/eta_c	4605908169084744099	0.8585298626981522
cell/tpg/flow/1.60/650/eta_t	4606281696910032811	0.8999997818955213
cell/tpg/flow/1.60/650/n_corr	4603317244930074564	0.5708794975409934
cell/tpg/flow/1.60/650/N_ratio	4604084903727752808	0.6561067447648385
cell/tpg/flow/1.60/650/flowcoef	4605187539331338385	0.778523888252055
cell/tpg/flow/1.60/650/nu_t	4607152674273214661	0.996697694148701
cell/tpg/flow/1.60/650/pi_c	4612691964695826758	2.4467298835026297
cell/tpg/flow/1.60/650/tau_c	4608682864118869407	1.3331657880361047
cell/tpg/flow/1.60/650/tau_t	4605535583569218254	0.8171645609002895
cell/tpg/flow/1.60/650/pi_t	4601279907207818998	0.42234478636122164
cell/tpg/flow/1.60/650/mdot_air	4607071526320632213	0.9876884616128786
cell/tpg/flow/1.60/650/mdot_ratio	4607071526320632213	0.9876884616128786
cell/tpg/flow/1.60/650/thrust	4634729527697362148	71.46796236401457
cell/tpg/flow/1.60/650/V0	4647641328871307359	507.82277183409855
cell/tpg/flow/1.60/650/V9	4646101676493622019	420.3036668292918
cell/tpg/flow/1.60/650/M9	4607182418800017847	1.0000000000000975
cell/tpg/flow/1.60/650/T9	4646594604814934434	448.32339786600835
cell/tpg/flow/1.60/650/p9	4681814608568372268	103001.29881648783
cell/tpg/flow/1.60/650/F_over_mdot	4634792215571714530	72.3588106388411
cell/tpg/flow/1.60/650/tsfc	4543303911422457102	5.542364703823621e-05
cell/tpg/flow/1.60/650/eta_th	13820990803618914048	-0.23455533275659235
cell/tpg/flow/1.60/650/eta_p	13829768126034063271	-0.9126998750120848
cell/tpg/flow/1.60/650/s2/Tt	4645362121196066384	378.2648152796073
cell/tpg/flow/1.60/650/s2/pt	4686072667236213351	198856.41517664792
cell/tpg/flow/1.60/650/s3/Tt	4647579174599866005	504.2897105485693
cell/tpg/flow/1.60/650/s3/pt	4692102442315259845	486547.9335389103
cell/tpg/flow/1.60/650/s4/Tt	4648928676283416576	650.0
cell/tpg/flow/1.60/650/s4/pt	4691768089121262085	467086.0161973539
cell/tpg/flow/1.60/650/s5/Tt	4647883321888866331	531.1569645851881
cell/tpg/flow/1.60/650/s5/pt	4686018204595777820	197271.34372318618
cell/tpg/flow/1.60/650/s9/Tt	4647883321888866331	531.1569645851881
cell/tpg/flow/1.60/650/s9/pt	4685882640760621170	193325.91684872244
cell/tpg/flow/1.60/650/s4/far	4571273686082247105	0.0040103891809537
cell/tpg/flow/1.60/900/abort	0	0.0
cell/tpg/flow/1.60/900/n_outer	4617315517961601024	5.0
cell/tpg/flow/1.60/900/n_solve_turbine	4630122629401935872	35.0
cell/tpg/flow/1.60/900/branch	0	0.0
cell/tpg/flow/1.60/900/nozzle_choked	4607182418800017408	1.0
cell/tpg/flow/1.60/900/eta_c	4605908607111204918	0.8585784934043719
cell/tpg/flow/1.60/900/eta_t	4606281698839048792	0.899999996059317
cell/tpg/flow/1.60/900/n_corr	4604248566239580240	0.6742769336547187
cell/tpg/flow/1.60/900/N_ratio	4605155263051115998	0.7749405013068402
cell/tpg/flow/1.60/900/flowcoef	4604895460521278398	0.7460966262586834
cell/tpg/flow/1.60/900/nu_t	4607184417881633568	1.0004438852876731
cell/tpg/flow/1.60/900/pi_c	4614612275588070233	3.299519230305503
cell/tpg/flow/1.60/900/tau_c	4609265780441046056	1.462599212498171
cell/tpg/flow/1.60/900/tau_t	4605622997545360501	0.8268694617990052
cell/tpg/flow/1.60/900/pi_t	4601315705162501335	0.42433197203736256
cell/tpg/flow/1.60/900/mdot_air	4607713787523704009	1.1179875583205094
cell/tpg/flow/1.60/900/mdot_ratio	4607713787523704009	1.1179875583205094
cell/tpg/flow/1.60/900/thrust	4643262268429967190	258.9020049502045
cell/tpg/flow/1.60/900/V0	4647641328871307359	507.82277183409855
cell/tpg/flow/1.60/900/V9	4647435620407803582	496.1295994799401
cell/tpg/flow/1.60/900/M9	4607182418800016438	0.9999999999998923
cell/tpg/flow/1.60/900/T9	4648786689094540204	633.8579254996635
cell/tpg/flow/1.60/900/p9	4684065355023369112	140435.94086029823
cell/tpg/flow/1.60/900/F_over_mdot	4642351964552496194	231.57861017625152
cell/tpg/flow/1.60/900/tsfc	4541300046612039344	4.184493090809754e-05
cell/tpg/flow/1.60/900/eta_th	13801026342604187216	-0.011276889089816639
cell/tpg/flow/1.60/900/eta_p	13851142691832335854	-25.14410829033107
cell/tpg/flow/1.60/900/s2/Tt	4645362121196066384	378.2648152796073
cell/tpg/flow/1.60/900/s2/pt	4686072667236213351	198856.41517664792
cell/tpg/flow/1.60/900/s3/Tt	4648077652708522255	553.2498209437198
cell/tpg/flow/1.60/900/s3/pt	4693883330737965527	656130.5659449649
cell/tpg/flow/1.60/900/s4/Tt	4651127699538968576	900.0
cell/tpg/flow/1.60/900/s4/pt	4693657885992154359	629885.3433071662
cell/tpg/flow/1.60/900/s5/Tt	4649757114451867771	744.1825156191038
cell/tpg/flow/1.60/900/s5/pt	4688335456316940493	267280.48988295795
cell/tpg/flow/1.60/900/s9/Tt	4649757114451867771	744.1825156191038
cell/tpg/flow/1.60/900/s9/pt	4688240026787129664	261934.8800852988
cell/tpg/flow/1.60/900/s4/far	4576739751833949581	0.009690390942618499
cell/tpg/flow/1.60/1100/abort	0	0.0
cell/tpg/flow/1.60/1100/n_outer	4617315517961601024	5.0
cell/tpg/flow/1.60/1100/n_solve_turbine	4630122629401935872	35.0
cell/tpg/flow/1.60/1100/branch	0	0.0
cell/tpg/flow/1.60/1100/nozzle_choked	4607182418800017408	1.0
cell/tpg/flow/1.60/1100/eta_c	4605943625050151649	0.8624662656137297
cell/tpg/flow/1.60/1100/eta_t	4606281698862807216	0.899999998697032
cell/tpg/flow/1.60/1100/n_corr	4604884864854791426	0.7449202709691749
cell/tpg/flow/1.60/1100/N_ratio	4605886555407774169	0.8561302625162696
cell/tpg/flow/1.60/1100/flowcoef	4605029683029429543	0.7609983181559173
cell/tpg/flow/1.60/1100/nu_t	4607180119785820497	0.9997447581504649
cell/tpg/flow/1.60/1100/pi_c	4616357167274012946	4.1488136007794925
cell/tpg/flow/1.60/1100/tau_c	4609730905693039755	1.5658777653177676
cell/tpg/flow/1.60/1100/tau_t	4605684308387370846	0.8336763326449093
cell/tpg/flow/1.60/1100/pi_t	4601348491709784202	0.4261519910219326
cell/tpg/flow/1.60/1100/mdot_air	4608352394890539180	1.2597868787916395
cell/tpg/flow/1.60/1100/mdot_ratio	4608352394890539180	1.2597868787916395
cell/tpg/flow/1.60/1100/thrust	4646459706012665058	440.6552887447889
cell/tpg/flow/1.60/1100/V0	4647641328871307359	507.82277183409855
cell/tpg/flow/1.60/1100/V9	4648042963487472457	549.3061130995421
cell/tpg/flow/1.60/1100/M9	4607182418800016916	0.9999999999999454
cell/tpg/flow/1.60/1100/T9	4650134257372053551	787.058701584121
cell/tpg/flow/1.60/1100/p9	4685367430467223380	178331.32382010913
cell/tpg/flow/1.60/1100/F_over_mdot	4644861109255842360	349.785583707187
cell/tpg/flow/1.60/1100/tsfc	4541271445832162362	4.165112448511377e-05
cell/tpg/flow/1.60/1100/eta_th	4585736500462440269	0.03868904798369375
cell/tpg/flow/1.60/1100/eta_p	4619975997071228730	7.362980131234332
cell/tpg/flow/1.60/1100/s2/Tt	4645362121196066384	378.2648152796073
cell/tpg/flow/1.60/1100/s2/pt	4686072667236213351	198856.41517664792
cell/tpg/flow/1.60/1100/s3/Tt	4648421286531817719	592.3164636483697
cell/tpg/flow/1.60/1100/s3/pt	4695334064466926368	825018.1998871304
cell/tpg/flow/1.60/1100/s4/Tt	4652552666608566272	1100.0
cell/tpg/flow/1.60/1100/s4/pt	4695050590371956766	792017.4718916451
cell/tpg/flow/1.60/1100/s5/Tt	4651277619848654464	917.043965918434
cell/tpg/flow/1.60/1100/s5/pt	4689542158864355322	337519.82258629764
cell/tpg/flow/1.60/1100/s9/Tt	4651277619848654464	917.043965918434
cell/tpg/flow/1.60/1100/s9/pt	4689426187936374532	330769.42613457167
cell/tpg/flow/1.60/1100/s4/far	4579552057088953207	0.01456896289008623
cell/tpg/flow/1.60/1500/abort	0	0.0
cell/tpg/flow/1.60/1500/n_outer	4617315517961601024	5.0
cell/tpg/flow/1.60/1500/n_solve_turbine	4630122629401935872	35.0
cell/tpg/flow/1.60/1500/branch	0	0.0
cell/tpg/flow/1.60/1500/nozzle_choked	4607182418800017408	1.0
cell/tpg/flow/1.60/1500/eta_c	4606044507913191621	0.8736665133474381
cell/tpg/flow/1.60/1500/eta_t	4606281694299733739	0.8999994920941082
cell/tpg/flow/1.60/1500/n_corr	4605972903130158986	0.865716785467826
cell/tpg/flow/1.60/1500/N_ratio	4607137028150456083	0.9949606255754325
cell/tpg/flow/1.60/1500/flowcoef	4605854733484466612	0.852597319321879
cell/tpg/flow/1.60/1500/nu_t	4607137028150456083	0.9949606255754325
cell/tpg/flow/1.60/1500/pi_c	4618900971109435753	6.408165271352439
cell/tpg/flow/1.60/1500/tau_c	4610661633211265206	1.7725407893949927
cell/tpg/flow/1.60/1500/tau_t	4605762360935498919	0.8423419062511542
cell/tpg/flow/1.60/1500/pi_t	4601396904477698547	0.42883943950314957
cell/tpg/flow/1.60/1500/mdot_air	4610066075465950767	1.6403004051266057
cell/tpg/flow/1.60/1500/mdot_ratio	4610066075465950767	1.6403004051266057
cell/tpg/flow/1.60/1500/thrust	4651330659983052141	923.0739310704354
cell/tpg/flow/1.60/1500/V0	4647641328871307359	507.82277183409855
cell/tpg/flow/1.60/1500/V9	4648856402246348637	641.7833932763712
cell/tpg/flow/1.60/1500/M9	4607182418800017242	0.9999999999999816
cell/tpg/flow/1.60/1500/T9	4652536144703925980	1096.2433538166142
cell/tpg/flow/1.60/1500/p9	4688548072523706138	279656.3819510803
cell/tpg/flow/1.60/1500/F_over_mdot	4648161189701017984	562.7468774533336
cell/tpg/flow/1.60/1500/tsfc	4541682455315316264	4.44362330760363e-05
cell/tpg/flow/1.60/1500/eta_th	4590195345716770517	0.07675700427486316
cell/tpg/flow/1.60/1500/eta_p	4615015685783712739	3.478669345333843
cell/tpg/flow/1.60/1500/s2/Tt	4645362121196066384	378.2648152796073
cell/tpg/flow/1.60/1500/s2/pt	4686072667236213351	198856.41517664792
cell/tpg/flow/1.60/1500/s3/Tt	4649108906595796620	670.4898142760662
cell/tpg/flow/1.60/1500/s3/pt	4698223909048323649	1274304.7737206372
cell/tpg/flow/1.60/1500/s4/Tt	4654311885213007872	1500.0
cell/tpg/flow/1.60/1500/s4/pt	4698004985155192976	1223332.5827718116
cell/tpg/flow/1.60/1500/s5/Tt	4653271803769268746	1263.5128593767317
cell/tpg/flow/1.60/1500/s5/pt	4692753605674830702	524613.25914417
cell/tpg/flow/1.60/1500/s9/Tt	4653271803769268746	1263.5128593767317
cell/tpg/flow/1.60/1500/s9/pt	4692576143886318797	514120.99396128656
cell/tpg/flow/1.60/1500/s4/far	4582864811481316424	0.02500635140932797
cell/tpg/press/0.30/500/abort	0	0.0
cell/tpg/press/0.30/500/n_outer	4617315517961601024	5.0
cell/tpg/press/0.30/500/n_solve_turbine	4630122629401935872	35.0
cell/tpg/press/0.30/500/branch	0	0.0
cell/tpg/press/0.30/500/nozzle_choked	0	0.0
cell/tpg/press/0.30/500/eta_c	4605807903079630872	0.8473980999517634
cell/tpg/press/0.30/500/eta_t	4606281689474152641	0.899998956346984
cell/tpg/press/0.30/500/n_corr	4603731019559950184	0.61681770965036
cell/tpg/press/0.30/500/N_ratio	4603413094222386827	0.5815209066629036
cell/tpg/press/0.30/500/flowcoef	4604890917023347989	0.7455921966572158
cell/tpg/press/0.30/500/nu_t	4607214951704863742	1.0072237560036679
cell/tpg/press/0.30/500/pi_c	4613253697780563540	2.6961894852500254
cell/tpg/press/0.30/500/tau_c	4608925700852808546	1.3870863746849058
cell/tpg/press/0.30/500/tau_t	4605488044835046461	0.8118867011763836
cell/tpg/press/0.30/500/pi_t	4601261745908596617	0.4213366317335319
cell/tpg/press/0.30/500/mdot_air	4599499192506933216	0.32349526330062695
cell/tpg/press/0.30/500/mdot_ratio	4599499192506933216	0.32349526330062695
cell/tpg/press/0.30/500/thrust	4625787213224028069	18.097507641453962
cell/tpg/press/0.30/500/V0	4636400701446642247	95.21676971889347
cell/tpg/press/0.30/500/V9	4639502436975645679	150.59016537308295
cell/tpg/press/0.30/500/M9	4600533599357174929	0.38091637839904374
cell/tpg/press/0.30/500/T9	4645658653144049474	395.12070500442144
cell/tpg/press/0.30/500/p9	4677104761256804352	50000.0
cell/tpg/press/0.30/500/F_over_mdot	4633070186906823726	55.94365573333231
cell/tpg/press/0.30/500/tsfc	4544623076350236504	6.769015633353631e-05
cell/tpg/press/0.30/500/eta_th	4586250387287348504	0.04225485414034774
cell/tpg/press/0.30/500/eta_p	4605181012864391708	0.7777993048646894
cell/tpg/press/0.30/500/s2/Tt	4643159780477212197	254.53811966178287
cell/tpg/press/0.30/500/s2/pt	4677329147359971333	51632.62377585474
cell/tpg/press/0.30/500/s3/Tt	4644918825240899869	353.06635762077514
cell/tpg/press/0.30/500/s3/pt	4684023277966131278	139211.33732033003
cell/tpg/press/0.30/500/s4/Tt	4647503709213818880	500.0
cell/tpg/press/0.30/500/s4/pt	4683831947361003840	133642.8838275168
cell/tpg/press/0.30/500/s5/Tt	4645849047138651945	405.9433505881921
cell/tpg/press/0.30/500/s5/pt	4677971814483549847	56308.64252704119
cell/tpg/press/0.30/500/s9/Tt	4645849047138651945	405.9433505881921
cell/tpg/press/0.30/500/s9/pt	4677817034465542937	55182.46967650037
cell/tpg/press/0.30/500/s4/far	4570878269082609189	0.003786834802458799
cell/tpg/press/0.30/600/abort	0	0.0
cell/tpg/press/0.30/600/n_outer	4617315517961601024	5.0
cell/tpg/press/0.30/600/n_solve_turbine	4630122629401935872	35.0
cell/tpg/press/0.30/600/branch	0	0.0
cell/tpg/press/0.30/600/nozzle_choked	0	0.0
cell/tpg/press/0.30/600/eta_c	4605882661237683720	0.8556979227866472
cell/tpg/press/0.30/600/eta_t	4606281686040293177	0.899998575112
cell/tpg/press/0.30/600/n_corr	4604268646460293070	0.6765062859922126
cell/tpg/press/0.30/600/N_ratio	4603919955937999663	0.6377938613603414
cell/tpg/press/0.30/600/flowcoef	4604843167264151647	0.7402909084492072
cell/tpg/press/0.30/600/nu_t	4607220432062213164	1.0084406397861683
cell/tpg/press/0.30/600/pi_c	4614458010995943605	3.231011989480147
cell/tpg/press/0.30/600/tau_c	4609277666545179817	1.4652384577946498
cell/tpg/press/0.30/600/tau_t	4605519125247902297	0.8153373201731241
cell/tpg/press/0.30/600/pi_t	4601273650817025949	0.42199748690574684
cell/tpg/press/0.30/600/mdot_air	4600017673805263169	0.3522767570627999
cell/tpg/press/0.30/600/mdot_ratio	4600017673805263169	0.3522767570627999
cell/tpg/press/0.30/600/thrust	4634216201865254327	64.17316354237015
cell/tpg/press/0.30/600/V0	4636400701446642247	95.21676971889347
cell/tpg/press/0.30/600/V9	4643558770392219936	275.75619018358884
cell/tpg/press/0.30/600/M9	4604052593065204067	0.652519540614588
cell/tpg/press/0.30/600/T9	4646684092085543020	453.4101602719227
cell/tpg/press/0.30/600/p9	4677104761256804352	50000.0
cell/tpg/press/0.30/600/F_over_mdot	4640613444432879780	182.16689649760258
cell/tpg/press/0.30/600/tsfc	4539905944071582857	3.239812463915702e-05
cell/tpg/press/0.30/600/eta_th	4593976428956970479	0.13346015033208355
cell/tpg/press/0.30/600/eta_p	4602809560297832260	0.5145151807446173
cell/tpg/press/0.30/600/s2/Tt	4643159780477212197	254.53811966178287
cell/tpg/press/0.30/600/s2/pt	4677329147359971333	51632.62377585474
cell/tpg/press/0.30/600/s3/Tt	4645268781043718779	372.9590419031808
cell/tpg/press/0.30/600/s3/pt	4684972097716467106	166825.62646810437
cell/tpg/press/0.30/600/s4/Tt	4648488871632306176	600.0
cell/tpg/press/0.30/600/s4/pt	4684742814321326235	160152.60140938018
cell/tpg/press/0.30/600/s5/Tt	4647313755686875574	489.2023921038739
cell/tpg/press/0.30/600/s5/pt	4679380750004430643	67583.99531617462
cell/tpg/press/0.30/600/s9/Tt	4647313755686875574	489.2023921038739
cell/tpg/press/0.30/600/s9/pt	4679287863268553527	66232.31540985113
cell/tpg/press/0.30/600/s4/far	4573454410172395214	0.005901865817857744
cell/tpg/press/0.30/650/abort	0	0.0
cell/tpg/press/0.30/650/n_outer	4617315517961601024	5.0
cell/tpg/press/0.30/650/n_solve_turbine	4630122629401935872	35.0
cell/tpg/press/0.30/650/branch	0	0.0
cell/tpg/press/0.30/650/nozzle_choked	0	0.0
cell/tpg/press/0.30/650/eta_c	4605914482468098238	0.8592307890544573
cell/tpg/press/0.30/650/eta_t	4606281685756698752	0.899998543626694
cell/tpg/press/0.30/650/n_corr	4604518042651058672	0.7041948253163905
cell/tpg/press/0.30/650/N_ratio	4604155080670482614	0.6638979505264817
cell/tpg/press/0.30/650/flowcoef	4604879296912459515	0.7443021051915076
cell/tpg/press/0.30/650/nu_t	4607220849751039072	1.0085333853364986
cell/tpg/press/0.30/650/pi_c	4615126573555947736	3.5279134084877164
cell/tpg/press/0.30/650/tau_c	4609454125202087855	1.5044201505533967
cell/tpg/press/0.30/650/tau_t	4605535586178719073	0.8171648506130788
cell/tpg/press/0.30/650/pi_t	4601279908591220373	0.4223448631554246
cell/tpg/press/0.30/650/mdot_air	4600313202547095651	0.36868189774384613
cell/tpg/press/0.30/650/mdot_ratio	4600313202547095651	0.36868189774384613
cell/tpg/press/0.30/650/thrust	4635791266604909044	86.5561797246408
cell/tpg/press/0.30/650/V0	4636400701446642247	95.21676971889347
cell/tpg/press/0.30/650/V9	4644472573465649054	327.6998810428139
cell/tpg/press/0.30/650/M9	4604963604465901986	0.7536621238896724
cell/tpg/press/0.30/650/T9	4647168953940564317	480.97136578652663
cell/tpg/press/0.30/650/p9	4677104761256804352	50000.0
cell/tpg/press/0.30/650/F_over_mdot	4642464321321962682	234.77198163056693
cell/tpg/press/0.30/650/tsfc	4539402111174647568	2.975079912761943e-05
cell/tpg/press/0.30/650/eta_th	4595138068295685815	0.16570211883588623
cell/tpg/press/0.30/650/eta_p	4601801099471147799	0.45127676891142826
cell/tpg/press/0.30/650/s2/Tt	4643159780477212197	254.53811966178287
cell/tpg/press/0.30/650/s2/pt	4677329147359971333	51632.62377585474
cell/tpg/press/0.30/650/s3/Tt	4645444232038747746	382.9322763031579
cell/tpg/press/0.30/650/s3/pt	4685498825608485471	182155.4257342396
cell/tpg/press/0.30/650/s4/Tt	4648928676283416576	650.0
cell/tpg/press/0.30/650/s4/pt	4685248473097663866	174869.20870487002
cell/tpg/press/0.30/650/s5/Tt	4647883323545287753	531.1571528985015
cell/tpg/press/0.30/650/s5/pt	4679811697862906029	73855.11202055468
cell/tpg/press/0.30/650/s9/Tt	4647883323545287753	531.1571528985015
cell/tpg/press/0.30/650/s9/pt	4679710192169859405	72378.00978014358
cell/tpg/press/0.30/650/s4/far	4574702780028941604	0.006984654066284155
cell/tpg/press/0.30/900/abort	0	0.0
cell/tpg/press/0.30/900/n_outer	4617315517961601024	5.0
cell/tpg/press/0.30/900/n_solve_turbine	4630122629401935872	35.0
cell/tpg/press/0.30/900/branch	0	0.0
cell/tpg/press/0.30/900/nozzle_choked	4607182418800017408	1.0
cell/tpg/press/0.30/900/eta_c	4606030362694278078	0.8720960785748202
cell/tpg/press/0.30/900/eta_t	4606281691905635151	0.8999992262957707
cell/tpg/press/0.30/900/n_corr	4605621677324689234	0.8267228878603226
cell/tpg/press/0.30/900/N_ratio	4605195560906366333	0.7794144619810336
cell/tpg/press/0.30/900/flowcoef	4605427086941351756	0.8051190154651322
cell/tpg/press/0.30/900/nu_t	4607210430035345638	1.006219743681919
cell/tpg/press/0.30/900/pi_c	4617695587286037508	5.3375693719544905
cell/tpg/press/0.30/900/tau_c	4610339697933520561	1.7010567978367528
cell/tpg/press/0.30/900/tau_t	4605622999083266860	0.8268696325409102
cell/tpg/press/0.30/900/pi_t	4601315705983843300	0.4243320176310006
cell/tpg/press/0.30/900/mdot_air	4602105929711586903	0.46819824648830405
cell/tpg/press/0.30/900/mdot_ratio	4602105929711586903	0.46819824648830405
cell/tpg/press/0.30/900/thrust	4641844140756196326	217.145389795972
cell/tpg/press/0.30/900/V0	4636400701446642247	95.21676971889347
cell/tpg/press/0.30/900/V9	4647435621289816995	496.129649616598
cell/tpg/press/0.30/900/M9	4607182418800016494	0.9999999999998985
cell/tpg/press/0.30/900/T9	4648786690284077626	633.8580607344113
cell/tpg/press/0.30/900/p9	4678339915150915767	58986.92738054826
cell/tpg/press/0.30/900/F_over_mdot	4646866685826386625	463.78941276405754
cell/tpg/press/0.30/900/tsfc	4538691510051628764	2.7343188873408096e-05
cell/tpg/press/0.30/900/eta_th	4597140231210324031	0.2212733030079352
cell/tpg/press/0.30/900/eta_p	4600295481667286083	0.36769819130478626
cell/tpg/press/0.30/900/s2/Tt	4643159780477212197	254.53811966178287
cell/tpg/press/0.30/900/s2/pt	4677329147359971333	51632.62377585474
cell/tpg/press/0.30/900/s3/Tt	4646324747733601770	432.9837987592606
cell/tpg/press/0.30/900/s3/pt	4688478259192820537	275592.7112596515
cell/tpg/press/0.30/900/s4/Tt	4651127699538968576	900.0
cell/tpg/press/0.30/900/s4/pt	4688288873323720349	264569.00280926545
cell/tpg/press/0.30/900/s5/Tt	4649757115803514081	744.1826692834985
cell/tpg/press/0.30/900/s5/pt	4682451212053244543	112265.0987624321
cell/tpg/press/0.30/900/s9/Tt	4649757115803514081	744.1826692834985
cell/tpg/press/0.30/900/s9/pt	4682296916076391149	110019.79678718346
cell/tpg/press/0.30/900/s4/far	4578463998153030435	0.012681481510694653
cell/tpg/press/0.30/1100/abort	0	0.0
cell/tpg/press/0.30/1100/n_outer	4616189618054758400	4.0
cell/tpg/press/0.30/1100/n_solve_turbine	4628574517030027264	28.0
cell/tpg/press/0.30/1100/branch	0	0.0
cell/tpg/press/0.30/1100/nozzle_choked	4607182418800017408	1.0
cell/tpg/press/0.30/1100/eta_c	4606081329368716518	0.8777545161198332
cell/tpg/press/0.30/1100/eta_t	4606281696907032569	0.8999997815624275
cell/tpg/press/0.30/1100/n_corr	4606383740026897666	0.9113288436803091
cell/tpg/press/0.30/1100/N_ratio	4605914015299923596	0.8591789229680713
cell/tpg/press/0.30/1100/flowcoef	4606137452394684039	0.883985423683911
cell/tpg/press/0.30/1100/nu_t	4607197302415702791	1.0033048265647169
cell/tpg/press/0.30/1100/pi_c	4619802291270568172	7.208698387710893
cell/tpg/press/0.30/1100/tau_c	4611047536393690348	1.8582285090758957
cell/tpg/press/0.30/1100/tau_t	4605684308801561481	0.8336763786293072
cell/tpg/press/0.30/1100/pi_t	4601348491931504238	0.426152003329867
cell/tpg/press/0.30/1100/mdot_air	4603279326044870342	0.5666696555988089
cell/tpg/press/0.30/1100/mdot_ratio	4603279326044870342	0.5666696555988089
cell/tpg/press/0.30/1100/thrust	4644909995301565706	352.5644336806878
cell/tpg/press/0.30/1100/V0	4636400701446642247	95.21676971889347
cell/tpg/press/0.30/1100/V9	4648042963616872128	549.3061278105815
cell/tpg/press/0.30/1100/M9	4607182418800016804	0.9999999999999329
cell/tpg/press/0.30/1100/T9	4650134257768593654	787.0587466655113
cell/tpg/press/0.30/1100/p9	4680265138499682057	80453.54172801612
cell/tpg/press/0.30/1100/F_over_mdot	4648683874402932437	622.1692483394532
cell/tpg/press/0.30/1100/tsfc	4538958309827315487	2.824714167471494e-05
cell/tpg/press/0.30/1100/eta_th	4596304287925767936	0.19807121596306132
cell/tpg/press/0.30/1100/eta_p	4600834597049758591	0.39762510683231506
cell/tpg/press/0.30/1100/s2/Tt	4643159780477212197	254.53811966178287
cell/tpg/press/0.30/1100/s2/pt	4677329147359971333	51632.62377585474
cell/tpg/press/0.30/1100/s3/Tt	4647028544103429541	472.9899906020967
cell/tpg/press/0.30/1100/s3/pt	4690138028697220651	372204.0117662872
cell/tpg/press/0.30/1100/s4/Tt	4652552666608566272	1100.0
cell/tpg/press/0.30/1100/s4/pt	4689882252047944458	357315.8512956357
cell/tpg/press/0.30/1100/s5/Tt	4651277620293585812	917.0440165012719
cell/tpg/press/0.30/1100/s5/pt	4684471999949659507	152270.86585114486
cell/tpg/press/0.30/1100/s9/Tt	4651277620293585812	917.0440165012719
cell/tpg/press/0.30/1100/s9/pt	4684367360207425224	149225.44853412197
cell/tpg/press/0.30/1100/s4/far	4580722726990977777	0.01757450290349544
cell/tpg/press/0.30/1500/abort	0	0.0
cell/tpg/press/0.30/1500/n_outer	4616189618054758400	4.0
cell/tpg/press/0.30/1500/n_solve_turbine	4628574517030027264	28.0
cell/tpg/press/0.30/1500/branch	0	0.0
cell/tpg/press/0.30/1500/nozzle_choked	4607182418800017408	1.0
cell/tpg/press/0.30/1500/eta_c	4606090983552355963	0.8788263458158804
cell/tpg/press/0.30/1500/eta_t	4606281696525181730	0.8999997391684682
cell/tpg/press/0.30/1500/n_corr	4607473026637732415	1.0645279025135463
cell/tpg/press/0.30/1500/N_ratio	4607198682704786590	1.0036113123090113
cell/tpg/press/0.30/1500/flowcoef	4607554277690151001	1.0825692603475743
cell/tpg/press/0.30/1500/nu_t	4607198682704786590	1.0036113123090113
cell/tpg/press/0.30/1500/pi_c	4623076182735868261	12.232996271261706
cell/tpg/press/0.30/1500/tau_c	4612076411742592280	2.1733694588798578
cell/tpg/press/0.30/1500/tau_t	4605762360493773569	0.8423418572097888
cell/tpg/press/0.30/1500/pi_t	4601396904244790657	0.42883942657416446
cell/tpg/press/0.30/1500/mdot_air	4605476722211457558	0.8106296374356272
cell/tpg/press/0.30/1500/mdot_ratio	4605476722211457558	0.8106296374356272
cell/tpg/press/0.30/1500/thrust	4649534573224151028	718.8825071773012
cell/tpg/press/0.30/1500/V0	4636400701446642247	95.21676971889347
cell/tpg/press/0.30/1500/V9	4648856402085989133	641.7833750456062
cell/tpg/press/0.30/1500/M9	4607182418800017559	1.0000000000000335
cell/tpg/press/0.30/1500/T9	4652536144415068746	1096.2432881380832
cell/tpg/press/0.30/1500/p9	4684002768449314800	138614.43182015372
cell/tpg/press/0.30/1500/F_over_mdot	4651011766296229126	886.8199162461394
cell/tpg/press/0.30/1500/tsfc	4539791372981437389	3.162176073390859e-05
cell/tpg/press/0.30/1500/eta_th	4595387340608256148	0.1726208153563148
cell/tpg/press/0.30/1500/eta_p	4601013549734790645	0.40755897639436905
cell/tpg/press/0.30/1500/s2/Tt	4643159780477212197	254.53811966178287
cell/tpg/press/0.30/1500/s2/pt	4677329147359971333	51632.62377585474
cell/tpg/press/0.30/1500/s3/Tt	4648077261761329203	553.2053753936256
cell/tpg/press/0.30/1500/s3/pt	4693672801132112522	631621.6941254896
cell/tpg/press/0.30/1500/s4/Tt	4654311885213007872	1500.0
cell/tpg/press/0.30/1500/s4/pt	4693455777570535474	606356.8263604699
cell/tpg/press/0.30/1500/s5/Tt	4653271803445739436	1263.5127858146834
cell/tpg/press/0.30/1500/s5/pt	4688174565769424333	260029.7137244776
cell/tpg/press/0.30/1500/s9/Tt	4653271803445739436	1263.5127858146834
cell/tpg/press/0.30/1500/s9/pt	4687995874710794753	254829.11944998804
cell/tpg/press/0.30/1500/s4/far	4583740010277644035	0.028042807205600272
cell/tpg/press/0.85/500/abort	0	0.0
cell/tpg/press/0.85/500/n_outer	4617315517961601024	5.0
cell/tpg/press/0.85/500/n_solve_turbine	4630122629401935872	35.0
cell/tpg/press/0.85/500/branch	0	0.0
cell/tpg/press/0.85/500/nozzle_choked	0	0.0
cell/tpg/press/0.85/500/eta_c	4605757318607746525	0.8417820954143128
cell/tpg/press/0.85/500/eta_t	4606281695960447288	0.8999996764703502
cell/tpg/press/0.85/500/n_corr	4603396444101124486	0.5796723718640784
cell/tpg/press/0.85/500/N_ratio	4603396444101124486	0.5796723718640784
cell/tpg/press/0.85/500/flowcoef	4605019624792884763	0.7598816295760032
cell/tpg/press/0.85/500/nu_t	4607200532276874463	1.0040219998125435
cell/tpg/press/0.85/500/pi_c	4612660524974055922	2.4327678423035133
cell/tpg/press/0.85/500/tau_c	4608725387419131257	1.3426078574428557
cell/tpg/press/0.85/500/tau_t	4605488043276390908	0.8118865281308554
cell/tpg/press/0.85/500/pi_t	4601261745085013070	0.4213365860154611
cell/tpg/press/0.85/500/mdot_air	4601606645165666071	0.44048238655226285
cell/tpg/press/0.85/500/mdot_ratio	4601606645165666071	0.44048238655226285
cell/tpg/press/0.85/500/thrust	4623765685819838837	13.457799790260404
cell/tpg/press/0.85/500/V0	4643453651052699634	269.7808475368648
cell/tpg/press/0.85/500/V9	4643975186563799454	299.4267090450975
cell/tpg/press/0.85/500/M9	4605284354158249643	0.7892724932482528
cell/tpg/press/0.85/500/T9	4645094048990824803	363.02667463211964
cell/tpg/press/0.85/500/p9	4677104761256804352	50000.0
cell/tpg/press/0.85/500/F_over_mdot	4629292957417898720	30.55241299339366
cell/tpg/press/0.85/500/tsfc	4546940423577183292	9.90960675567734e-05
cell/tpg/press/0.85/500/eta_th	4589431685282253335	0.06615908680741032
cell/tpg/press/0.85/500/eta_p	4606835085969235273	0.961438309405744
cell/tpg/press/0.85/500/s2/Tt	4643745586963694955	286.3754828060834
cell/tpg/press/0.85/500/s2/pt	4680086807681088516	77858.48677323764
cell/tpg/press/0.85/500/s3/Tt	4645471635335778410	384.48997339443906
cell/tpg/press/0.85/500/s3/pt	4685748146643697436	189411.62287234596
cell/tpg/press/0.85/500/s4/Tt	4647503709213818880	500.0
cell/tpg/press/0.85/500/s4/pt	4685487821291467352	181835.15795745212
cell/tpg/press/0.85/500/s5/Tt	4645849045616527379	405.94326406542785
cell/tpg/press/0.85/500/s5/pt	4680001273778345876	76613.80467137537
cell/tpg/press/0.85/500/s9/Tt	4645849045616527379	405.94326406542785
cell/tpg/press/0.85/500/s9/pt	4679895976566990455	75081.52857794786
cell/tpg/press/0.85/500/s4/far	4569127648119771259	0.003027623982015779
cell/tpg/press/0.85/600/abort	0	0.0
cell/tpg/press/0.85/600/n_outer	4617315517961601024	5.0
cell/tpg/press/0.85/600/n_solve_turbine	4630122629401935872	35.0
cell/tpg/press/0.85/600/branch	0	0.0
cell/tpg/press/0.85/600/nozzle_choked	0	0.0
cell/tpg/press/0.85/600/eta_c	4605833336252366003	0.8502217493477445
cell/tpg/press/0.85/600/eta_t	4606281692078626922	0.8999992455017154
cell/tpg/press/0.85/600/n_corr	4603906861732687380	0.6363401125376549
cell/tpg/press/0.85/600/N_ratio	4603906861732687380	0.6363401125376549
cell/tpg/press/0.85/600/flowcoef	4604858439937247406	0.7419865157810557
cell/tpg/press/0.85/600/nu_t	4607210080183978991	1.0061420610734293
cell/tpg/press/0.85/600/pi_c	4613644305017134718	2.8696539443006364
cell/tpg/press/0.85/600/tau_c	4609036748826349432	1.4117439780975172
cell/tpg/press/0.85/600/tau_t	4605519123821918170	0.815337161857083
cell/tpg/press/0.85/600/pi_t	4601273650062022153	0.42199744499461694
cell/tpg/press/0.85/600/mdot_air	4602177222350587458	0.4721557829535393
cell/tpg/press/0.85/600/mdot_ratio	4602177222350587458	0.4721557829535393
cell/tpg/press/0.85/600/thrust	4633064507876257124	55.90330379417972
cell/tpg/press/0.85/600/V0	4643453651052699634	269.7808475368648
cell/tpg/press/0.85/600/V9	4645501639633602874	386.1955202632995
cell/tpg/press/0.85/600/M9	4606729442010910061	0.949709473911225
cell/tpg/press/0.85/600/T9	4646074492600752476	418.758441420641
cell/tpg/press/0.85/600/p9	4677104761256804352	50000.0
cell/tpg/press/0.85/600/F_over_mdot	4638032085054479200	118.4001251546265
cell/tpg/press/0.85/600/tsfc	4541532637360499660	4.3421027125476944e-05
cell/tpg/press/0.85/600/eta_th	4595482805748119808	0.1752705052644572
cell/tpg/press/0.85/600/eta_p	4605635380279820903	0.828244221489581
cell/tpg/press/0.85/600/s2/Tt	4643745586963694955	286.3754828060834
cell/tpg/press/0.85/600/s2/pt	4680086807681088516	77858.48677323764
cell/tpg/press/0.85/600/s3/Tt	4645819941090931872	404.28886332625734
cell/tpg/press/0.85/600/s3/pt	4686916903135882275	223426.91366610033
cell/tpg/press/0.85/600/s4/Tt	4648488871632306176	600.0
cell/tpg/press/0.85/600/s4/pt	4686609827523964797	214489.8371194563
cell/tpg/press/0.85/600/s5/Tt	4647313754015800427	489.20229711424935
cell/tpg/press/0.85/600/s5/pt	4680956499145742833	90514.16324172147
cell/tpg/press/0.85/600/s9/Tt	4647313754015800427	489.20229711424935
cell/tpg/press/0.85/600/s9/pt	4680832097427039473	88703.87997688704
cell/tpg/press/0.85/600/s4/far	4572577255072582621	0.005141055045998902
cell/tpg/press/0.85/650/abort	0	0.0
cell/tpg/press/0.85/650/n_outer	4617315517961601024	5.0
cell/tpg/press/0.85/650/n_solve_turbine	4630122629401935872	35.0
cell/tpg/press/0.85/650/branch	0	0.0
cell/tpg/press/0.85/650/nozzle_choked	4607182418800017408	1.0
cell/tpg/press/0.85/650/eta_c	4605866179427777007	0.8538680743020545
cell/tpg/press/0.85/650/eta_t	4606281690860681445	0.8999991102826043
cell/tpg/press/0.85/650/n_corr	4604144030819222762	0.6626711705977446
cell/tpg/press/0.85/650/N_ratio	4604144030819222762	0.6626711705977446
cell/tpg/press/0.85/650/flowcoef	4604842703524470352	0.7402394230020466
cell/tpg/press/0.85/650/nu_t	4607212456786510619	1.0066697728436285
cell/tpg/press/0.85/650/pi_c	4614186574696286159	3.1104700576406468
cell/tpg/press/0.85/650/tau_c	4609192827277305524	1.4464003560773735
cell/tpg/press/0.85/650/tau_t	4605535584984560872	0.8171647180348858
cell/tpg/press/0.85/650/pi_t	4601279907958149161	0.4223448280129128
cell/tpg/press/0.85/650/mdot_air	4602508318744774228	0.49053532496336527
cell/tpg/press/0.85/650/mdot_ratio	4602508318744774228	0.49053532496336527
cell/tpg/press/0.85/650/thrust	4635249607536657609	78.85874140054797
cell/tpg/press/0.85/650/V0	4643453651052699634	269.7808475368648
cell/tpg/press/0.85/650/V9	4646101677195641895	420.30370673450165
cell/tpg/press/0.85/650/M9	4607182418800017133	0.9999999999999695
cell/tpg/press/0.85/650/T9	4646594606363619576	448.32348589856656
cell/tpg/press/0.85/650/p9	4677279077994174977	51268.32119255141
cell/tpg/press/0.85/650/F_over_mdot	4639860276488234800	160.76057602260835
cell/tpg/press/0.85/650/tsfc	4540837396526079492	3.870989198123331e-05
cell/tpg/press/0.85/650/eta_th	4596267906510050888	0.19706142882812316
cell/tpg/press/0.85/650/eta_p	4605617971218833062	0.8263114274550005
cell/tpg/press/0.85/650/s2/Tt	4643745586963694955	286.3754828060834
cell/tpg/press/0.85/650/s2/pt	4680086807681088516	77858.48677323764
cell/tpg/press/0.85/650/s3/Tt	4645994538910260686	414.2136003025488
cell/tpg/press/0.85/650/s3/pt	4687561133736494767	242176.49184136602
cell/tpg/press/0.85/650/s4/Tt	4648928676283416576	650.0
cell/tpg/press/0.85/650/s4/pt	4687228288900552790	232489.43216771138
cell/tpg/press/0.85/650/s5/Tt	4647883322787277173	531.1570667226757
cell/tpg/press/0.85/650/s5/pt	4681484027370137993	98190.70924369073
cell/tpg/press/0.85/650/s9/Tt	4647883322787277173	531.1570667226757
cell/tpg/press/0.85/650/s9/pt	4681349075086946730	96226.89505881691
cell/tpg/press/0.85/650/s4/far	4573824680961101096	0.006223024532676015
cell/tpg/press/0.85/900/abort	0	0.0
cell/tpg/press/0.85/900/n_outer	4617315517961601024	5.0
cell/tpg/press/0.85/900/n_solve_turbine	4630122629401935872	35.0
cell/tpg/press/0.85/900/branch	0	0.0
cell/tpg/press/0.85/900/nozzle_choked	4607182418800017408	1.0
cell/tpg/press/0.85/900/eta_c	4605990845133780854	0.8677087480207166
cell/tpg/press/0.85/900/eta_t	4606281692678274963	0.8999993120760216
cell/tpg/press/0.85/900/n_corr	4605193084673544140	0.7791395449116805
cell/tpg/press/0.85/900/N_ratio	4605193084673544140	0.7791395449116805
cell/tpg/press/0.85/900/flowcoef	4605154144778244445	0.774816348077859
cell/tpg/press/0.85/900/nu_t	4607208831633932024	1.0058648272715214
cell/tpg/press/0.85/900/pi_c	4616820743451506197	4.560551957516073
cell/tpg/press/0.85/900/tau_c	4609975880614369493	1.6202731249409699
cell/tpg/press/0.85/900/tau_t	4605622998911882432	0.8268696135134164
cell/tpg/press/0.85/900/pi_t	4601315705892294363	0.4243320125490137
cell/tpg/press/0.85/900/mdot_air	4603612776175263771	0.6036900568315134
cell/tpg/press/0.85/900/mdot_ratio	4603612776175263771	0.6036900568315134
cell/tpg/press/0.85/900/thrust	4641834053223821026	216.85868488193142
cell/tpg/press/0.85/900/V0	4643453651052699634	269.7808475368648
cell/tpg/press/0.85/900/V9	4647435621191543427	496.1296440303924
cell/tpg/press/0.85/900/M9	4607182418800017636	1.0000000000000506
cell/tpg/press/0.85/900/T9	4648786690151538056	633.8580456664067
cell/tpg/press/0.85/900/p9	4679959067177989077	75999.61780090567
cell/tpg/press/0.85/900/F_over_mdot	4645027114561044968	359.22189280393513
cell/tpg/press/0.85/900/tsfc	4540019916351298936	3.317043084710263e-05
cell/tpg/press/0.85/900/eta_th	4595395383753234628	0.17284405747495246
cell/tpg/press/0.85/900/eta_p	4607630145552321239	1.0994153098296715
cell/tpg/press/0.85/900/s2/Tt	4643745586963694955	286.3754828060834
cell/tpg/press/0.85/900/s2/pt	4680086807681088516	77858.48677323764
cell/tpg/press/0.85/900/s3/Tt	4646870504837856815	464.0064984326918
cell/tpg/press/0.85/900/s3/pt	4689843800459311910	355077.6742629282
cell/tpg/press/0.85/900/s4/Tt	4651127699538968576	900.0
cell/tpg/press/0.85/900/s4/pt	4689599792939552067	340874.56729241105
cell/tpg/press/0.85/900/s5/Tt	4649757115652912453	744.1826521620757
cell/tpg/press/0.85/900/s5/pt	4684209942530911125	144643.99116596268
cell/tpg/press/0.85/900/s9/Tt	4649757115652912453	744.1826521620757
cell/tpg/press/0.85/900/s9/pt	4684110543937051809	141751.11134264342
cell/tpg/press/0.85/900/s4/far	4578022465789352059	0.011915544954018245
cell/tpg/press/0.85/1100/abort	0	0.0
cell/tpg/press/0.85/1100/n_outer	4617315517961601024	5.0
cell/tpg/press/0.85/1100/n_solve_turbine	4630122629401935872	35.0
cell/tpg/press/0.85/1100/branch	0	0.0
cell/tpg/press/0.85/1100/nozzle_choked	4607182418800017408	1.0
cell/tpg/press/0.85/1100/eta_c	4606053357270352473	0.874648989354749
cell/tpg/press/0.85/1100/eta_t	4606281697224066580	0.8999998167602734
cell/tpg/press/0.85/1100/n_corr	4605911871392757754	0.8589409014582536
cell/tpg/press/0.85/1100/N_ratio	4605911871392757754	0.8589409014582536
cell/tpg/press/0.85/1100/flowcoef	4605690658658572453	0.8343813543749731
cell/tpg/press/0.85/1100/nu_t	4607196050643604050	1.0030268773235957
cell/tpg/press/0.85/1100/pi_c	4618488136879984500	6.041494817840306
cell/tpg/press/0.85/1100/tau_c	4610601486211546477	1.7591854726050216
cell/tpg/press/0.85/1100/tau_t	4605684308734408553	0.8336763711738345
cell/tpg/press/0.85/1100/pi_t	4601348491895562752	0.42615200133471376
cell/tpg/press/0.85/1100/mdot_air	4604630537592105531	0.7166842726867978
cell/tpg/press/0.85/1100/mdot_ratio	4604630537592105531	0.7166842726867978
cell/tpg/press/0.85/1100/thrust	4645028175376718496	359.2821931935996
cell/tpg/press/0.85/1100/V0	4643453651052699634	269.7808475368648
cell/tpg/press/0.85/1100/V9	4648042963595869666	549.306125422878
cell/tpg/press/0.85/1100/M9	4607182418800017417	1.000000000000002
cell/tpg/press/0.85/1100/T9	4650134257704231458	787.0587393483768
cell/tpg/press/0.85/1100/p9	4681723470839357484	101675.07030975883
cell/tpg/press/0.85/1100/F_over_mdot	4647526784444616202	501.311675009522
cell/tpg/press/0.85/1100/tsfc	4540071768126420632	3.352179214231621e-05
cell/tpg/press/0.85/1100/eta_th	4595029474397622219	0.1626880326867862
cell/tpg/press/0.85/1100/eta_p	4607884101426946671	1.1558048416792663
cell/tpg/press/0.85/1100/s2/Tt	4643745586963694955	286.3754828060834
cell/tpg/press/0.85/1100/s2/pt	4680086807681088516	77858.48677323764
cell/tpg/press/0.85/1100/s3/Tt	4647570341185269889	503.7875890627111
cell/tpg/press/0.85/1100/s3/pt	4691824707582068278	470381.6443654032
cell/tpg/press/0.85/1100/s4/Tt	4652552666608566272	1100.0
cell/tpg/press/0.85/1100/s4/pt	4691501463777398180	451566.37859078706
cell/tpg/press/0.85/1100/s5/Tt	4651277620221369414	917.044008291218
cell/tpg/press/0.85/1100/s5/pt	4685852060563347391	192435.9159719329
cell/tpg/press/0.85/1100/s9/Tt	4651277620221369414	917.044008291218
cell/tpg/press/0.85/1100/s9/pt	4685719819608839350	188587.19765249424
cell/tpg/press/0.85/1100/s4/far	4580500894189967088	0.016804865768185573
cell/tpg/press/0.85/1500/abort	0	0.0
cell/tpg/press/0.85/1500/n_outer	4607182418800017408	1.0
cell/tpg/press/0.85/1500/n_solve_turbine	4611686018427387904	2.0
cell/tpg/press/0.85/1500/branch	0	0.0
cell/tpg/press/0.85/1500/nozzle_choked	4607182418800017408	1.0
cell/tpg/press/0.85/1500/eta_c	4606101554889448489	0.88
cell/tpg/press/0.85/1500/eta_t	4606281698874543309	0.9
cell/tpg/press/0.85/1500/n_corr	4607182418800013962	0.9999999999996174
cell/tpg/press/0.85/1500/N_ratio	4607182418800013962	0.9999999999996174
cell/tpg/press/0.85/1500/flowcoef	4607182418800008816	0.9999999999990461
cell/tpg/press/0.85/1500/nu_t	4607182418800013962	0.9999999999996174
cell/tpg/press/0.85/1500/pi_c	4621819117588964026	9.999999999986688
cell/tpg/press/0.85/1500/tau_c	4611770577926473510	2.037551961134244
cell/tpg/press/0.85/1500/tau_t	4605762360027404901	0.8423418054324655
cell/tpg/press/0.85/1500/pi_t	4601396903998859342	0.42883941292223404
cell/tpg/press/0.85/1500/mdot_air	4607182418800005370	0.9999999999986635
cell/tpg/press/0.85/1500/mdot_ratio	4607182418800005370	0.9999999999986635
cell/tpg/press/0.85/1500/thrust	4649771419385865844	745.8087983291612
cell/tpg/press/0.85/1500/V0	4643453651052699634	269.7808475368648
cell/tpg/press/0.85/1500/V9	4648856401916701128	641.7833557997883
cell/tpg/press/0.85/1500/M9	4607182418800016339	0.9999999999998813
cell/tpg/press/0.85/1500/T9	4652536144110130626	1096.2432188031821
cell/tpg/press/0.85/1500/p9	4685110946909296855	170866.6698352757
cell/tpg/press/0.85/1500/F_over_mdot	4649771419385874612	745.808798330158
cell/tpg/press/0.85/1500/tsfc	4540519827822199693	3.655796273960904e-05
cell/tpg/press/0.85/1500/eta_th	4594576176405421933	0.1501064859878584
cell/tpg/press/0.85/1500/eta_p	4607851857262118889	1.148645198838944
cell/tpg/press/0.85/1500/s2/Tt	4643745586963694955	286.3754828060834
cell/tpg/press/0.85/1500/s2/pt	4680086807681088516	77858.48677323764
cell/tpg/press/0.85/1500/s3/Tt	4648343779432379830	583.5049266123012
cell/tpg/press/0.85/1500/s3/pt	4694935205180819518	778584.86773134
cell/tpg/press/0.85/1500/s4/Tt	4654311885213007872	1500.0
cell/tpg/press/0.85/1500/s4/pt	4694667685457294190	747441.4730220863
cell/tpg/press/0.85/1500/s5/Tt	4653271803104198721	1263.5127081573157
cell/tpg/press/0.85/1500/s5/pt	4689250316522038338	320532.36248451855
cell/tpg/press/0.85/1500/s9/Tt	4653271803104198721	1263.5127081573157
cell/tpg/press/0.85/1500/s9/pt	4689140182440903888	314121.7152348282
cell/tpg/press/0.85/1500/s4/far	4583515894746799579	0.02726525026022651
cell/tpg/press/1.60/500/abort	4611686018427387904	2.0
cell/tpg/press/1.60/600/abort	0	0.0
cell/tpg/press/1.60/600/n_outer	4617315517961601024	5.0
cell/tpg/press/1.60/600/n_solve_turbine	4630122629401935872	35.0
cell/tpg/press/1.60/600/branch	0	0.0
cell/tpg/press/1.60/600/nozzle_choked	4607182418800017408	1.0
cell/tpg/press/1.60/600/eta_c	4605712093988640909	0.836761154073217
cell/tpg/press/1.60/600/eta_t	4606281696415010851	0.8999997269370436
cell/tpg/press/1.60/600/n_corr	4603113571199035734	0.5482671709699314
cell/tpg/press/1.60/600/N_ratio	4603850823314562982	0.630118598331127
cell/tpg/press/1.60/600/flowcoef	4605198242520159014	0.7797121809186123
cell/tpg/press/1.60/600/nu_t	4607149137049067595	0.9963049833795677
cell/tpg/press/1.60/600/pi_c	4612261842658669236	2.2557173278822464
cell/tpg/press/1.60/600/tau_c	4608566575231416346	1.3073444679644184
cell/tpg/press/1.60/600/tau_t	4605519122797858294	0.8153370481635978
cell/tpg/press/1.60/600/pi_t	4601273649519822190	0.4219974148964728
cell/tpg/press/1.60/600/mdot_air	4606732187830596274	0.9500143211349352
cell/tpg/press/1.60/600/mdot_ratio	4606732187830596274	0.9500143211349352
cell/tpg/press/1.60/600/thrust	4629991029699977253	34.06492787745109
cell/tpg/press/1.60/600/V0	4647641328871307359	507.82277183409855
cell/tpg/press/1.60/600/V9	4645807111085929461	403.55956197791903
cell/tpg/press/1.60/600/M9	4607182418800017575	1.000000000000037
cell/tpg/press/1.60/600/T9	4645959684491753874	412.2323559922162
cell/tpg/press/1.60/600/p9	4681249272373226783	94774.57442920328
cell/tpg/press/1.60/600/F_over_mdot	4630243280593074372	35.857278274242645
cell/tpg/press/1.60/600/tsfc	4545659413465226777	8.173514322728399e-05
cell/tpg/press/1.60/600/eta_th	13823832637208457204	-0.3768641196763831
cell/tpg/press/1.60/600/eta_p	13823982619412596899	-0.3851898044923791
cell/tpg/press/1.60/600/s2/Tt	4645362121196066384	378.2648152796073
cell/tpg/press/1.60/600/s2/pt	4686072667236213351	198856.41517664792
cell/tpg/press/1.60/600/s3/Tt	4647407346496227321	494.52241368137726
cell/tpg/press/1.60/600/s3/pt	4691449880926117834	448563.86147451086
cell/tpg/press/1.60/600/s4/Tt	4648488871632306176	600.0
cell/tpg/press/1.60/600/s4/pt	4691141630187685754	430621.3070155304
cell/tpg/press/1.60/600/s5/Tt	4647313752815635502	489.2022288927718
cell/tpg/press/1.60/600/s5/pt	4685483901546051031	181721.07835142195
cell/tpg/press/1.60/600/s9/Tt	4647313752815635502	489.2022288927718
cell/tpg/press/1.60/600/s9/pt	4685359023771888917	178086.6567843935
cell/tpg/press/1.60/600/s4/far	4568904386700021446	0.002930799775485801
cell/tpg/press/1.60/650/abort	0	0.0
cell/tpg/press/1.60/650/n_outer	4617315517961601024	5.0
cell/tpg/press/1.60/650/n_solve_turbine	4630122629401935872	35.0
cell/tpg/press/1.60/650/branch	0	0.0
cell/tpg/press/1.60/650/nozzle_choked	4607182418800017408	1.0
cell/tpg/press/1.60/650/eta_c	4605745780391428140	0.8405010960723351
cell/tpg/press/1.60/650/eta_t	4606281697871141246	0.8999998885999927
cell/tpg/press/1.60/650/n_corr	4603322105906958482	0.5714191743868631
cell/tpg/press/1.60/650/N_ratio	4604090490405385167	0.6567269905786989
cell/tpg/press/1.60/650/flowcoef	4605065209944253006	0.7649425980390079
cell/tpg/press/1.60/650/nu_t	4607161161045768905	0.9976399151781489
cell/tpg/press/1.60/650/pi_c	4612600968632551986	2.40631951366347
cell/tpg/press/1.60/650/tau_c	4608682864318453564	1.33316583235269
cell/tpg/press/1.60/650/tau_t	4605535583344351528	0.8171645359350679
cell/tpg/press/1.60/650/pi_t	4601279907088608191	0.4223447797436925
cell/tpg/press/1.60/650/mdot_air	4606924594270398387	0.9713757270903812
cell/tpg/press/1.60/650/mdot_ratio	4606924594270398387	0.9713757270903812
cell/tpg/press/1.60/650/thrust	4634475158591359259	67.8531599545717
cell/tpg/press/1.60/650/V0	4647641328871307359	507.82277183409855
cell/tpg/press/1.60/650/V9	4646101676382085681	420.303660489185
cell/tpg/press/1.60/650/M9	4607182418800017233	0.9999999999999806
cell/tpg/press/1.60/650/T9	4646594604568882872	448.32338387959635
cell/tpg/press/1.60/650/p9	4681697704463605176	101300.120194069
cell/tpg/press/1.60/650/F_over_mdot	4634615859562548250	69.85264101442627
cell/tpg/press/1.60/650/tsfc	4543597359415818054	5.741212798769531e-05
cell/tpg/press/1.60/650/eta_th	13820990805062168560	-0.2345553728149521
cell/tpg/press/1.60/650/eta_p	13829483393155441518	-0.8810881752407178
cell/tpg/press/1.60/650/s2/Tt	4645362121196066384	378.2648152796073
cell/tpg/press/1.60/650/s2/pt	4686072667236213351	198856.41517664792
cell/tpg/press/1.60/650/s3/Tt	4647579174894770943	504.2897273119742
cell/tpg/press/1.60/650/s3/pt	4691964387269651259	478512.07225673244
cell/tpg/press/1.60/650/s4/Tt	4648928676283416576	650.0
cell/tpg/press/1.60/650/s4/pt	4691635556277477842	459371.58936646313
cell/tpg/press/1.60/650/s5/Tt	4647883321746128667	531.1569483577945
cell/tpg/press/1.60/650/s5/pt	4685906255380139679	194013.1927314894
cell/tpg/press/1.60/650/s9/Tt	4647883321746128667	531.1569483577945
cell/tpg/press/1.60/650/s9/pt	4685772930529295792	190132.9288768596
cell/tpg/press/1.60/650/s4/far	4571273685604067233	0.004010388766198776
cell/tpg/press/1.60/900/abort	0	0.0
cell/tpg/press/1.60/900/n_outer	4617315517961601024	5.0
cell/tpg/press/1.60/900/n_solve_turbine	4630122629401935872	35.0
cell/tpg/press/1.60/900/branch	0	0.0
cell/tpg/press/1.60/900/nozzle_choked	4607182418800017408	1.0
cell/tpg/press/1.60/900/eta_c	4605880913305301084	0.8555038633089782
cell/tpg/press/1.60/900/eta_t	4606281698793998643	0.8999999910577458
cell/tpg/press/1.60/900/n_corr	4604249930798234698	0.6744284300983818
cell/tpg/press/1.60/900/N_ratio	4605156831326278573	0.7751146148262841
cell/tpg/press/1.60/900/flowcoef	4604869561103664605	0.7432212132827619
cell/tpg/press/1.60/900/nu_t	4607185430198898055	1.000668664874725
cell/tpg/press/1.60/900/pi_c	4614585304258223842	3.287541553745414
cell/tpg/press/1.60/900/tau_c	4609265780428199287	1.4625992096456153
cell/tpg/press/1.60/900/tau_t	4605622997555348232	0.8268694629078661
cell/tpg/press/1.60/900/pi_t	4601315705167815566	0.42433197233236164
cell/tpg/press/1.60/900/mdot_air	4607695509944870736	1.1139291205494892
cell/tpg/press/1.60/900/mdot_ratio	4607695509944870736	1.1139291205494892
cell/tpg/press/1.60/900/thrust	4643236321416333815	257.4270879860555
cell/tpg/press/1.60/900/V0	4647641328871307359	507.82277183409855
cell/tpg/press/1.60/900/V9	4647435620413531832	496.1295998055534
cell/tpg/press/1.60/900/M9	4607182418800016437	0.9999999999998922
cell/tpg/press/1.60/900/T9	4648786689102265674	633.8579263779477
cell/tpg/press/1.60/900/p9	4684047838417940848	139926.14054573653
cell/tpg/press/1.60/900/F_over_mdot	4642335063937324541	231.09826580264772
cell/tpg/press/1.60/900/tsfc	4541312882005082742	4.193190691448728e-05
cell/tpg/press/1.60/900/eta_th	13801026342354647257	-0.011276888656933813
cell/tpg/press/1.60/900/eta_p	13851128011940379833	-25.0919548373756
cell/tpg/press/1.60/900/s2/Tt	4645362121196066384	378.2648152796073
cell/tpg/press/1.60/900/s2/pt	4686072667236213351	198856.41517664792
cell/tpg/press/1.60/900/s3/Tt	4648077652699031082	553.2498198646983
cell/tpg/press/1.60/900/s3/pt	4693862870906858196	653748.7281220802
cell/tpg/press/1.60/900/s4/Tt	4651127699538968576	900.0
cell/tpg/press/1.60/900/s4/pt	4693638244554291321	627598.7789971969
cell/tpg/press/1.60/900/s5/Tt	4649757114460646060	744.1825166170797
cell/tpg/press/1.60/900/s5/pt	4688318787339997101	266310.2277252626
cell/tpg/press/1.60/900/s9/Tt	4649757114460646060	744.1825166170797
cell/tpg/press/1.60/900/s9/pt	4688207355592320615	260984.0231707573
cell/tpg/press/1.60/900/s4/far	4576739751849581792	0.009690390969736062
cell/tpg/press/1.60/1100/abort	0	0.0
cell/tpg/press/1.60/1100/n_outer	4617315517961601024	5.0
cell/tpg/press/1.60/1100/n_solve_turbine	4630122629401935872	35.0
cell/tpg/press/1.60/1100/branch	0	0.0
cell/tpg/press/1.60/1100/nozzle_choked	4607182418800017408	1.0
cell/tpg/press/1.60/1100/eta_c	4605958924864017858	0.8641648861764042
cell/tpg/press/1.60/1100/eta_t	4606281698847038652	0.8999999969463697
cell/tpg/press/1.60/1100/n_corr	4604883955445770234	0.744819306285762
cell/tpg/press/1.60/1100/N_ratio	4605885510232049478	0.8560142247008364
cell/tpg/press/1.60/1100/flowcoef	4605046486682209691	0.76286389837735
cell/tpg/press/1.60/1100/nu_t	4607178899283523295	0.9996092551752688
cell/tpg/press/1.60/1100/pi_c	4616367983883298771	4.15842067972149
cell/tpg/press/1.60/1100/tau_c	4609730905687707500	1.5658777641337691
cell/tpg/press/1.60/1100/tau_t	4605684308390638114	0.8336763330076489
cell/tpg/press/1.60/1100/pi_t	4601348491711577666	0.4261519911214898
cell/tpg/press/1.60/1100/mdot_air	4608365532740243899	1.2627040674388883
cell/tpg/press/1.60/1100/mdot_ratio	4608365532740243899	1.2627040674388883
cell/tpg/press/1.60/1100/thrust	4646483661408000164	442.01699531579857
cell/tpg/press/1.60/1100/V0	4647641328871307359	507.82277183409855
cell/tpg/press/1.60/1100/V9	4648042963488469855	549.3061132129332
cell/tpg/press/1.60/1100/M9	4607182418800016399	0.999999999999888
cell/tpg/press/1.60/1100/T9	4650134257375110885	787.0587019316996
cell/tpg/press/1.60/1100/p9	4685381619243977612	178744.27157315274
cell/tpg/press/1.60/1100/F_over_mdot	4644865864523036030	350.05588935207186
cell/tpg/press/1.60/1100/tsfc	4541266699548099267	4.1618962413286015e-05
cell/tpg/press/1.60/1100/eta_th	4585736500473077786	0.03868904805750635
cell/tpg/press/1.60/1100/eta_p	4619982403339294550	7.3686700402812075
cell/tpg/press/1.60/1100/s2/Tt	4645362121196066384	378.2648152796073
cell/tpg/press/1.60/1100/s2/pt	4686072667236213351	198856.41517664792
cell/tpg/press/1.60/1100/s3/Tt	4648421286527878257	592.3164632005047
cell/tpg/press/1.60/1100/s3/pt	4695350474929473255	826928.6291658551
cell/tpg/press/1.60/1100/s4/Tt	4652552666608566272	1100.0
cell/tpg/press/1.60/1100/s4/pt	4695066344416001778	793851.4839992209
cell/tpg/press/1.60/1100/s5/Tt	4651277619852084765	917.043966308414
cell/tpg/press/1.60/1100/s5/pt	4689555586099919418	338301.3905610178
cell/tpg/press/1.60/1100/s9/Tt	4651277619852084765	917.043966308414
cell/tpg/press/1.60/1100/s9/pt	4689439346627227346	331535.3627497974
cell/tpg/press/1.60/1100/s4/far	4579552057095528928	0.014568962901493288
cell/tpg/press/1.60/1500/abort	0	0.0
cell/tpg/press/1.60/1500/n_outer	4617315517961601024	5.0
cell/tpg/press/1.60/1500/n_solve_turbine	4630122629401935872	35.0
cell/tpg/press/1.60/1500/branch	0	0.0
cell/tpg/press/1.60/1500/nozzle_choked	4607182418800017408	1.0
cell/tpg/press/1.60/1500/eta_c	4606059565197883512	0.8753382077627654
cell/tpg/press/1.60/1500/eta_t	4606281694101007671	0.8999994700310826
cell/tpg/press/1.60/1500/n_corr	4605972054444551374	0.8656225624376022
cell/tpg/press/1.60/1500/N_ratio	4607136052763612208	0.9948523358822339
cell/tpg/press/1.60/1500/flowcoef	4605876944603821570	0.8550632489329362
cell/tpg/press/1.60/1500/nu_t	4607136052763612208	0.9948523358822339
cell/tpg/press/1.60/1500/pi_c	4618921051066767936	6.425999856123383
cell/tpg/press/1.60/1500/tau_c	4610661633119394294	1.7725407689955524
cell/tpg/press/1.60/1500/tau_t	4605762360974878325	0.8423419106231466
cell/tpg/press/1.60/1500/pi_t	4601396904498504350	0.42883944065810364
cell/tpg/press/1.60/1500/mdot_air	4610086634960539691	1.6448655299800616
cell/tpg/press/1.60/1500/mdot_ratio	4610086634960539691	1.6448655299800616
cell/tpg/press/1.60/1500/thrust	4651356865624085595	926.0531675299966
cell/tpg/press/1.60/1500/V0	4647641328871307359	507.82277183409855
cell/tpg/press/1.60/1500/V9	4648856402260645075	641.783394901688
cell/tpg/press/1.60/1500/M9	4607182418800017797	1.0000000000000864
cell/tpg/press/1.60/1500/T9	4652536144729677190	1096.2433596717615
cell/tpg/press/1.60/1500/p9	4688561443844843131	280434.69527778745
cell/tpg/press/1.60/1500/F_over_mdot	4648163383431857887	562.9962757753345
cell/tpg/press/1.60/1500/tsfc	4541679550443151111	4.441654889658473e-05
cell/tpg/press/1.60/1500/eta_th	4590195345746827032	0.0767570046919811
cell/tpg/press/1.60/1500/eta_p	4615019157227245965	3.4802109759495523
cell/tpg/press/1.60/1500/s2/Tt	4645362121196066384	378.2648152796073
cell/tpg/press/1.60/1500/s2/pt	4686072667236213351	198856.41517664792
cell/tpg/press/1.60/1500/s3/Tt	4649108906527922531	670.4898065596757
cell/tpg/press/1.60/1500/s3/pt	4698239141242583209	1277851.2953143513
cell/tpg/press/1.60/1500/s4/Tt	4654311885213007872	1500.0
cell/tpg/press/1.60/1500/s4/pt	4698019608061682154	1226737.2435017773
cell/tpg/press/1.60/1500/s5/Tt	4653271803798111081	1263.5128659347195
cell/tpg/press/1.60/1500/s5/pt	4692766147444854489	526073.3133377685
cell/tpg/press/1.60/1500/s9/Tt	4653271803798111081	1263.5128659347195
cell/tpg/press/1.60/1500/s9/pt	4692600725755565420	515551.8470710132
cell/tpg/press/1.60/1500/s4/far	4582864811539608792	0.02500635161157025
cell/tpg/tilt/0.30/500/abort	0	0.0
cell/tpg/tilt/0.30/500/n_outer	4618441417868443648	6.0
cell/tpg/tilt/0.30/500/n_solve_turbine	4631107791820423168	42.0
cell/tpg/tilt/0.30/500/branch	0	0.0
cell/tpg/tilt/0.30/500/nozzle_choked	0	0.0
cell/tpg/tilt/0.30/500/eta_c	4605802342409877394	0.8467807415924986
cell/tpg/tilt/0.30/500/eta_t	4606281635082621856	0.8999929176740018
cell/tpg/tilt/0.30/500/n_corr	4603794972756972976	0.6239179408336692
cell/tpg/tilt/0.30/500/N_ratio	4603473387758929035	0.5882148339134273
cell/tpg/tilt/0.30/500/flowcoef	4604810271591248877	0.7366387551024879
cell/tpg/tilt/0.30/500/nu_t	4607267167439193299	1.0188179781037447
cell/tpg/tilt/0.30/500/pi_c	4613249838629083456	2.6944756777185432
cell/tpg/tilt/0.30/500/tau_c	4608925687630944483	1.3870834388413236
cell/tpg/tilt/0.30/500/tau_t	4605488057905309693	0.8118881522671014
cell/tpg/tilt/0.30/500/pi_t	4601261752814848705	0.421337015107536
cell/tpg/tilt/0.30/500/mdot_air	4599495488160580787	0.3232896307700443
cell/tpg/tilt/0.30/500/mdot_ratio	4599495488160580787	0.3232896307700443
cell/tpg/tilt/0.30/500/thrust	4625740231622561977	17.930595463273423
cell/tpg/tilt/0.30/500/V0	4636400701446642247	95.21676971889347
cell/tpg/tilt/0.30/500/V9	4639485587231638298	150.11126684492848
cell/tpg/tilt/0.30/500/M9	4600511192485878745	0.37967254717790194
cell/tpg/tilt/0.30/500/T9	4645659876196974384	395.19022751412103
cell/tpg/tilt/0.30/500/p9	4677104761256804352	50000.0
cell/tpg/tilt/0.30/500/F_over_mdot	4633002533082708058	55.46294640061451
cell/tpg/tilt/0.30/500/tsfc	4544666390051194097	6.827716644199393e-05
cell/tpg/tilt/0.30/500/eta_th	4586186092965329839	0.04180872266123658
cell/tpg/tilt/0.30/500/eta_p	4605194895369699906	0.7793405725679536
cell/tpg/tilt/0.30/500/s2/Tt	4643159780477212197	254.53811966178287
cell/tpg/tilt/0.30/500/s2/pt	4677329147359971333	51632.62377585474
cell/tpg/tilt/0.30/500/s3/Tt	4644918812094538865	353.0656103366701
cell/tpg/tilt/0.30/500/s3/pt	4684020237528563144	139122.84894083277
cell/tpg/tilt/0.30/500/s4/Tt	4647503709213818880	500.0
cell/tpg/tilt/0.30/500/s4/pt	4683829028540938432	133557.93498319946
cell/tpg/tilt/0.30/500/s5/Tt	4645849059902580882	405.944076133551
cell/tpg/tilt/0.30/500/s5/pt	4677966902297527300	56272.90166974816
cell/tpg/tilt/0.30/500/s9/Tt	4645849059902580882	405.944076133551
cell/tpg/tilt/0.30/500/s9/pt	4677812220523240841	55147.44363635319
cell/tpg/tilt/0.30/500/s4/far	4570878310634590462	0.0037868528227581457
cell/tpg/tilt/0.30/600/abort	0	0.0
cell/tpg/tilt/0.30/600/n_outer	4618441417868443648	6.0
cell/tpg/tilt/0.30/600/n_solve_turbine	4631107791820423168	42.0
cell/tpg/tilt/0.30/600/branch	0	0.0
cell/tpg/tilt/0.30/600/nozzle_choked	0	0.0
cell/tpg/tilt/0.30/600/eta_c	4605852835505945149	0.8523866013764018
cell/tpg/tilt/0.30/600/eta_t	4606281619094188446	0.8999911426013119
cell/tpg/tilt/0.30/600/n_corr	4604344804189978186	0.6849614924921721
cell/tpg/tilt/0.30/600/N_ratio	4603991755614505354	0.645765226762067
cell/tpg/tilt/0.30/600/flowcoef	4604735431413864123	0.7283298262925294
cell/tpg/tilt/0.30/600/nu_t	4607277194690468479	1.021044475151626
cell/tpg/tilt/0.30/600/pi_c	4614429921068764296	3.2185375559143417
cell/tpg/tilt/0.30/600/tau_c	4609277647051008432	1.4652341292190663
cell/tpg/tilt/0.30/600/tau_t	4605519141057552742	0.8153390753969176
cell/tpg/tilt/0.30/600/pi_t	4601273659187626949	0.42199795156744485
cell/tpg/tilt/0.30/600/mdot_air	4599993172512766937	0.35091666210968026
cell/tpg/tilt/0.30/600/mdot_ratio	4599993172512766937	0.35091666210968026
cell/tpg/tilt/0.30/600/thrust	4634102503038493540	63.27870301699184
cell/tpg/tilt/0.30/600/V0	4636400701446642247	95.21676971889347
cell/tpg/tilt/0.30/600/V9	4643526540246334182	273.92411850106
cell/tpg/tilt/0.30/600/M9	4604010580500904460	0.6478552089936911
cell/tpg/tilt/0.30/600/T9	4646692479310951853	453.886918838917
cell/tpg/tilt/0.30/600/p9	4677104761256804352	50000.0
cell/tpg/tilt/0.30/600/F_over_mdot	4640548603962466180	180.32401948817653
cell/tpg/tilt/0.30/600/tsfc	4539954828049492472	3.272937535821538e-05
cell/tpg/tilt/0.30/600/eta_th	4593904164813588156	0.13145441743613684
cell/tpg/tilt/0.30/600/eta_p	4602832651764040538	0.5170788484902957
cell/tpg/tilt/0.30/600/s2/Tt	4643159780477212197	254.53811966178287
cell/tpg/tilt/0.30/600/s2/pt	4677329147359971333	51632.62377585474
cell/tpg/tilt/0.30/600/s3/Tt	4645268761660868276	372.9579401156909
cell/tpg/tilt/0.30/600/s3/pt	4684949967030402341	166181.53873298425
cell/tpg/tilt/0.30/600/s4/Tt	4648488871632306176	600.0
cell/tpg/tilt/0.30/600/s4/pt	4684721568862704061	159534.27718366488
cell/tpg/tilt/0.30/600/s5/Tt	4647313774213809710	489.2034452381512
cell/tpg/tilt/0.30/600/s5/pt	4679362824038275698	67323.13817630129
cell/tpg/tilt/0.30/600/s9/Tt	4647313774213809710	489.2034452381512
cell/tpg/tilt/0.30/600/s9/pt	4679270295821721681	65976.67541277526
cell/tpg/tilt/0.30/600/s4/far	4573454440957789313	0.005901892519930675
cell/tpg/tilt/0.30/650/abort	0	0.0
cell/tpg/tilt/0.30/650/n_outer	4618441417868443648	6.0
cell/tpg/tilt/0.30/650/n_solve_turbine	4631107791820423168	42.0
cell/tpg/tilt/0.30/650/branch	0	0.0
cell/tpg/tilt/0.30/650/nozzle_choked	0	0.0
cell/tpg/tilt/0.30/650/eta_c	4605879116016151147	0.8553043241293613
cell/tpg/tilt/0.30/650/eta_t	4606281620408893253	0.8999912885628666
cell/tpg/tilt/0.30/650/n_corr	4604595631790370744	0.7128089502089017
cell/tpg/tilt/0.30/650/N_ratio	4604228229845569571	0.6720191403678694
cell/tpg/tilt/0.30/650/flowcoef	4604766222695113104	0.7317483452325622
cell/tpg/tilt/0.30/650/nu_t	4607276410537999265	1.0208703583263985
cell/tpg/tilt/0.30/650/pi_c	4615088122339574371	3.510837638190695
cell/tpg/tilt/0.30/650/tau_c	4609454104606437827	1.504415577400423
cell/tpg/tilt/0.30/650/tau_t	4605535601467859201	0.8171665480486184
cell/tpg/tilt/0.30/650/pi_t	4601279916696605043	0.4223453130946588
cell/tpg/tilt/0.30/650/mdot_air	4600281055841329016	0.3668973970984477
cell/tpg/tilt/0.30/650/mdot_ratio	4600281055841329016	0.3668973970984477
cell/tpg/tilt/0.30/650/thrust	4635708457311674711	85.37938888941913
cell/tpg/tilt/0.30/650/V0	4636400701446642247	95.21676971889347
cell/tpg/tilt/0.30/650/V9	4644436488039831898	325.6486620683187
cell/tpg/tilt/0.30/650/M9	4604916854832774745	0.7484718719806082
cell/tpg/tilt/0.30/650/T9	4647180048485621363	481.6020176582744
cell/tpg/tilt/0.30/650/p9	4677104761256804352	50000.0
cell/tpg/tilt/0.30/650/F_over_mdot	4642391646705961880	232.70644481162594
cell/tpg/tilt/0.30/650/tsfc	4539480087490551414	3.0014993162323697e-05
cell/tpg/tilt/0.30/650/eta_th	4595056722097333974	0.16344430827648776
cell/tpg/tilt/0.30/650/eta_p	4601840854936140398	0.4534836405409014
cell/tpg/tilt/0.30/650/s2/Tt	4643159780477212197	254.53811966178287
cell/tpg/tilt/0.30/650/s2/pt	4677329147359971333	51632.62377585474
cell/tpg/tilt/0.30/650/s3/Tt	4645444211560708561	382.93111226139905
cell/tpg/tilt/0.30/650/s3/pt	4685468531767104704	181273.75891081057
cell/tpg/tilt/0.30/650/s4/Tt	4648928676283416576	650.0
cell/tpg/tilt/0.30/650/s4/pt	4685219391009938329	174022.80855437813
cell/tpg/tilt/0.30/650/s5/Tt	4647883333250308336	531.1582562316016
cell/tpg/tilt/0.30/650/s5/pt	4679787137902898441	73497.71756451218
cell/tpg/tilt/0.30/650/s9/Tt	4647883333250308336	531.1582562316016
cell/tpg/tilt/0.30/650/s9/pt	4679686123409051969	72027.76321322193
cell/tpg/tilt/0.30/650/s4/far	4574702812637672443	0.006984682349849609
cell/tpg/tilt/0.30/900/abort	0	0.0
cell/tpg/tilt/0.30/900/n_outer	4618441417868443648	6.0
cell/tpg/tilt/0.30/900/n_solve_turbine	4631107791820423168	42.0
cell/tpg/tilt/0.30/900/branch	0	0.0
cell/tpg/tilt/0.30/900/nozzle_choked	4607182418800017408	1.0
cell/tpg/tilt/0.30/900/eta_c	4606001406272024649	0.8688812699051677
cell/tpg/tilt/0.30/900/eta_t	4606281667254609817	0.89999648948218
cell/tpg/tilt/0.30/900/n_corr	4605673694013462554	0.8324979004144126
cell/tpg/tilt/0.30/900/N_ratio	4605244600989917451	0.7848590049698329
cell/tpg/tilt/0.30/900/flowcoef	4605341436953746829	0.7956099566353473
cell/tpg/tilt/0.30/900/nu_t	4607242085273160655	1.0132486184563623
cell/tpg/tilt/0.30/900/pi_c	4617666093460486391	5.311373592585588
cell/tpg/tilt/0.30/900/tau_c	4610339687238416785	1.7010544230466602
cell/tpg/tilt/0.30/900/tau_t	4605623004551116058	0.8268702395941177
cell/tpg/tilt/0.30/900/pi_t	4601315708903980813	0.4243321797311957
cell/tpg/tilt/0.30/900/mdot_air	4602064535593448537	0.46590041133624066
cell/tpg/tilt/0.30/900/mdot_ratio	4602064535593448537	0.46590041133624066
cell/tpg/tilt/0.30/900/thrust	4641781197618023011	215.35643821217226
cell/tpg/tilt/0.30/900/V0	4636400701446642247	95.21676971889347
cell/tpg/tilt/0.30/900/V9	4647435624425801658	496.1298278766877
cell/tpg/tilt/0.30/900/M9	4607182418800017898	1.0000000000001088
cell/tpg/tilt/0.30/900/T9	4648786694513458024	633.8585415592943
cell/tpg/tilt/0.30/900/p9	4678300130253297169	58697.45415179071
cell/tpg/tilt/0.30/900/F_over_mdot	4646839376616602402	462.2370639135353
cell/tpg/tilt/0.30/900/tsfc	4538718622313210583	2.7435048788745607e-05
cell/tpg/tilt/0.30/900/eta_th	4597140227916625423	0.22127321158943444
cell/tpg/tilt/0.30/900/eta_p	4600273305925740119	0.36646719036216296
cell/tpg/tilt/0.30/900/s2/Tt	4643159780477212197	254.53811966178287
cell/tpg/tilt/0.30/900/s2/pt	4677329147359971333	51632.62377585474
cell/tpg/tilt/0.30/900/s3/Tt	4646324737099572064	432.98319428465584
cell/tpg/tilt/0.30/900/s3/pt	4688455022443577502	274240.15443898167
cell/tpg/tilt/0.30/900/s4/Tt	4651127699538968576	900.0
cell/tpg/tilt/0.30/900/s4/pt	4688266566044447035	263270.5482614224
cell/tpg/tilt/0.30/900/s5/Tt	4649757120609270117	744.1832156347051
cell/tpg/tilt/0.30/900/s5/pt	4682413352214797870	111714.16560279645
cell/tpg/tilt/0.30/900/s9/Tt	4649757120609270117	744.1832156347051
cell/tpg/tilt/0.30/900/s9/pt	4682259813434713409	109479.88229074051
cell/tpg/tilt/0.30/900/s4/far	4578464006736380989	0.012681496400434361
cell/tpg/tilt/0.30/1100/abort	0	0.0
cell/tpg/tilt/0.30/1100/n_outer	4617315517961601024	5.0
cell/tpg/tilt/0.30/1100/n_solve_turbine	4630122629401935872	35.0
cell/tpg/tilt/0.30/1100/branch	0	0.0
cell/tpg/tilt/0.30/1100/nozzle_choked	4607182418800017408	1.0
cell/tpg/tilt/0.30/1100/eta_c	4606070441469737675	0.8765457165062228
cell/tpg/tilt/0.30/1100/eta_t	4606281693179658160	0.8999993677407385
cell/tpg/tilt/0.30/1100/n_corr	4606402702362995082	0.9134340858939123
cell/tpg/tilt/0.30/1100/N_ratio	4605931892534489489	0.8611636947112392
cell/tpg/tilt/0.30/1100/flowcoef	4606102560782697976	0.8801116765845896
cell/tpg/tilt/0.30/1100/nu_t	4607207740471878348	1.0056225406244037
cell/tpg/tilt/0.30/1100/pi_c	4619785391730847669	7.193688581228277
cell/tpg/tilt/0.30/1100/tau_c	4611047534431367377	1.8582280733526668
cell/tpg/tilt/0.30/1100/tau_t	4605684309591087704	0.8336764662843263
cell/tpg/tilt/0.30/1100/pi_t	4601348492354103421	0.4261520267888342
cell/tpg/tilt/0.30/1100/mdot_air	4603268698363358040	0.5654897459274748
cell/tpg/tilt/0.30/1100/mdot_ratio	4603268698363358040	0.5654897459274748
cell/tpg/tilt/0.30/1100/thrust	4644891682191861546	351.5234539151303
cell/tpg/tilt/0.30/1100/V0	4636400701446642247	95.21676971889347
cell/tpg/tilt/0.30/1100/V9	4648042963863509322	549.3061558499842
cell/tpg/tilt/0.30/1100/M9	4607182418800016386	0.9999999999998865
cell/tpg/tilt/0.30/1100/T9	4650134258524403821	787.0588325911791
cell/tpg/tilt/0.30/1100/p9	4680253627020080740	80286.02765270468
cell/tpg/tilt/0.30/1100/F_over_mdot	4648679100997083071	621.626574923277
cell/tpg/tilt/0.30/1100/tsfc	4538965589326604820	2.8271805577665258e-05
cell/tpg/tilt/0.30/1100/eta_th	4596304287573850306	0.19807120619538493
cell/tpg/tilt/0.30/1100/eta_p	4600828348527906789	0.39727824419082786
cell/tpg/tilt/0.30/1100/s2/Tt	4643159780477212197	254.53811966178287
cell/tpg/tilt/0.30/1100/s2/pt	4677329147359971333	51632.62377585474
cell/tpg/tilt/0.30/1100/s3/Tt	4647028542152312356	472.98987969392533
cell/tpg/tilt/0.30/1100/s3/pt	4690124714372629985	371429.0160752219
cell/tpg/tilt/0.30/1100/s4/Tt	4652552666608566272	1100.0
cell/tpg/tilt/0.30/1100/s4/pt	4689869470296337419	356571.855432213
cell/tpg/tilt/0.30/1100/s5/Tt	4651277621141630222	917.0441129127591
cell/tpg/tilt/0.30/1100/s5/pt	4684461106298965511	151953.81888829192
cell/tpg/tilt/0.30/1100/s9/Tt	4651277621141630222	917.0441129127591
cell/tpg/tilt/0.30/1100/s9/pt	4684356684429745108	148914.7425105261
cell/tpg/tilt/0.30/1100/s4/far	4580722727787832564	0.017574505668140852
cell/tpg/tilt/0.30/1500/abort	0	0.0
cell/tpg/tilt/0.30/1500/n_outer	4617315517961601024	5.0
cell/tpg/tilt/0.30/1500/n_solve_turbine	4630122629401935872	35.0
cell/tpg/tilt/0.30/1500/branch	0	0.0
cell/tpg/tilt/0.30/1500/nozzle_choked	4607182418800017408	1.0
cell/tpg/tilt/0.30/1500/eta_c	4606086138000263394	0.8782883814658613
cell/tpg/tilt/0.30/1500/eta_t	4606281695171943077	0.8999995889287972
cell/tpg/tilt/0.30/1500/n_corr	4607477432382234236	1.0655061743108538
cell/tpg/tilt/0.30/1500/N_ratio	4607202836334776682	1.004533603439166
cell/tpg/tilt/0.30/1500/flowcoef	4607544445168006589	1.0803860018526017
cell/tpg/tilt/0.30/1500/nu_t	4607202836334776682	1.004533603439166
cell/tpg/tilt/0.30/1500/pi_c	4623068610148938952	12.219544654677875
cell/tpg/tilt/0.30/1500/tau_c	4612076411264407680	2.1733692465232366
cell/tpg/tilt/0.30/1500/tau_t	4605762360762314206	0.8423418870237886
cell/tpg/tilt/0.30/1500/pi_t	4601396904386410259	0.4288394344356316
cell/tpg/tilt/0.30/1500/mdot_air	4605468693341651587	0.8097382538235965
cell/tpg/tilt/0.30/1500/mdot_ratio	4605468693341651587	0.8097382538235965
cell/tpg/tilt/0.30/1500/thrust	4649526194426129477	717.929948126323
cell/tpg/tilt/0.30/1500/V0	4636400701446642247	95.21676971889347
cell/tpg/tilt/0.30/1500/V9	4648856402183468241	641.7833861276978
cell/tpg/tilt/0.30/1500/M9	4607182418800016810	0.9999999999999336
cell/tpg/tilt/0.30/1500/T9	4652536144590659566	1096.2433280628134
cell/tpg/tilt/0.30/1500/p9	4683997531330864146	138462.01161268406
cell/tpg/tilt/0.30/1500/F_over_mdot	4651010005832085826	886.6197746447654
cell/tpg/tilt/0.30/1500/tsfc	4539792426617473817	3.162890044940674e-05
cell/tpg/tilt/0.30/1500/eta_th	4595387340529545691	0.17262081317166075
cell/tpg/tilt/0.30/1500/eta_p	4601011892505132794	0.40746698166820716
cell/tpg/tilt/0.30/1500/s2/Tt	4643159780477212197	254.53811966178287
cell/tpg/tilt/0.30/1500/s2/pt	4677329147359971333	51632.62377585474
cell/tpg/tilt/0.30/1500/s3/Tt	4648077261285875262	553.2053213407705
cell/tpg/tilt/0.30/1500/s3/pt	4693666835059542775	630927.1518672396
cell/tpg/tilt/0.30/1500/s4/Tt	4654311885213007872	1500.0
cell/tpg/tilt/0.30/1500/s4/pt	4693450050140868517	605690.06579255
cell/tpg/tilt/0.30/1500/s5/Tt	4653271803642406654	1263.5128305316316
cell/tpg/tilt/0.30/1500/s5/pt	4688164741341974870	259743.78525365394
cell/tpg/tilt/0.30/1500/s9/Tt	4653271803642406654	1263.5128305316316
cell/tpg/tilt/0.30/1500/s9/pt	4687986246771894279	254548.90954858085
cell/tpg/tilt/0.30/1500/s4/far	4583740010676299632	0.02804280858871472
cell/tpg/tilt/0.85/500/abort	0	0.0
cell/tpg/tilt/0.85/500/n_outer	4618441417868443648	6.0
cell/tpg/tilt/0.85/500/n_solve_turbine	4631107791820423168	42.0
cell/tpg/tilt/0.85/500/branch	0	0.0
cell/tpg/tilt/0.85/500/nozzle_choked	0	0.0
cell/tpg/tilt/0.85/500/eta_c	4605776831290476942	0.8439484383782643
cell/tpg/tilt/0.85/500/eta_t	4606281664205554672	0.8999961509690575
cell/tpg/tilt/0.85/500/n_corr	4603447670736734138	0.5853596708968702
cell/tpg/tilt/0.85/500/N_ratio	4603447670736734138	0.5853596708968702
cell/tpg/tilt/0.85/500/flowcoef	4604966811143352087	0.7540181366034372
cell/tpg/tilt/0.85/500/nu_t	4607244895844662830	1.0138726906951763
cell/tpg/tilt/0.85/500/pi_c	4612671586419908725	2.437680111052084
cell/tpg/tilt/0.85/500/tau_c	4608725380589798181	1.342606341026291
cell/tpg/tilt/0.85/500/tau_t	4605488050907084068	0.8118873753079794
cell/tpg/tilt/0.85/500/pi_t	4601261749117026920	0.4213368098371917
cell/tpg/tilt/0.85/500/mdot_air	4601622667563336968	0.44137180829245937
cell/tpg/tilt/0.85/500/mdot_ratio	4601622667563336968	0.44137180829245937
cell/tpg/tilt/0.85/500/thrust	4623955782178095900	13.795478756395418
cell/tpg/tilt/0.85/500/V0	4643453651052699634	269.7808475368648
cell/tpg/tilt/0.85/500/V9	4643987525251028728	300.1280822114636
cell/tpg/tilt/0.85/500/M9	4605302936144174092	0.7913355081099112
cell/tpg/tilt/0.85/500/T9	4645090501141008597	362.8250027189618
cell/tpg/tilt/0.85/500/p9	4677104761256804352	50000.0
cell/tpg/tilt/0.85/500/F_over_mdot	4629490975012147952	31.255912809126073
cell/tpg/tilt/0.85/500/tsfc	4546775871851739335	9.686597582911619e-05
cell/tpg/tilt/0.85/500/eta_th	4589548940758669146	0.06778633342841314
cell/tpg/tilt/0.85/500/eta_p	4606821786613153730	0.9599617842723023
cell/tpg/tilt/0.85/500/s2/Tt	4643745586963694955	286.3754828060834
cell/tpg/tilt/0.85/500/s2/pt	4680086807681088516	77858.48677323764
cell/tpg/tilt/0.85/500/s3/Tt	4645471627696116078	384.48953912991317
cell/tpg/tilt/0.85/500/s3/pt	4685761287931472451	189794.08468373315
cell/tpg/tilt/0.85/500/s4/Tt	4647503709213818880	500.0
cell/tpg/tilt/0.85/500/s4/pt	4685500436927731366	182202.3212963838
cell/tpg/tilt/0.85/500/s5/Tt	4645849053068376158	405.9436876539893
cell/tpg/tilt/0.85/500/s5/pt	4680011907439011494	76768.54479994866
cell/tpg/tilt/0.85/500/s9/Tt	4645849053068376158	405.9436876539893
cell/tpg/tilt/0.85/500/s9/pt	4679906397554442761	75233.17390394969
cell/tpg/tilt/0.85/500/s4/far	4569127672360337864	0.0030276344946857693
cell/tpg/tilt/0.85/600/abort	0	0.0
cell/tpg/tilt/0.85/600/n_outer	4618441417868443648	6.0
cell/tpg/tilt/0.85/600/n_solve_turbine	4631107791820423168	42.0
cell/tpg/tilt/0.85/600/branch	0	0.0
cell/tpg/tilt/0.85/600/nozzle_choked	0	0.0
cell/tpg/tilt/0.85/600/eta_c	4605818042199703354	0.8485237684071543
cell/tpg/tilt/0.85/600/eta_t	4606281638860476166	0.8999933371000857
cell/tpg/tilt/0.85/600/n_corr	4603975849333789124	0.6439992748533361
cell/tpg/tilt/0.85/600/N_ratio	4603975849333789124	0.6439992748533361
cell/tpg/tilt/0.85/600/flowcoef	4604766906309520923	0.7318242416781148
cell/tpg/tilt/0.85/600/nu_t	4607264619671427154	1.0182522600166704
cell/tpg/tilt/0.85/600/pi_c	4613632514705994300	2.8644179943424017
cell/tpg/tilt/0.85/600/tau_c	4609036735118752834	1.411740934399646
cell/tpg/tilt/0.85/600/tau_t	4605519136389650402	0.8153385571556522
cell/tpg/tilt/0.85/600/pi_t	4601273656716148501	0.42199781437283096
cell/tpg/tilt/0.85/600/mdot_air	4602161702910373510	0.4712942809607984
cell/tpg/tilt/0.85/600/mdot_ratio	4602161702910373510	0.4712942809607984
cell/tpg/tilt/0.85/600/thrust	4633012257294697143	55.53204108251287
cell/tpg/tilt/0.85/600/V0	4643453651052699634	269.7808475368648
cell/tpg/tilt/0.85/600/V9	4645491640095838163	385.62711234972556
cell/tpg/tilt/0.85/600/M9	4606714780507646901	0.9480817200613872
cell/tpg/tilt/0.85/600/T9	4646078178010376727	418.967932703586
cell/tpg/tilt/0.85/600/p9	4677104761256804352	50000.0
cell/tpg/tilt/0.85/600/F_over_mdot	4637991881846294312	117.82880320402603
cell/tpg/tilt/0.85/600/tsfc	4541563733781843258	4.363174467283478e-05
cell/tpg/tilt/0.85/600/eta_th	4595446678341970880	0.1742677683112941
cell/tpg/tilt/0.85/600/eta_p	4605642070235226141	0.8289869557420421
cell/tpg/tilt/0.85/600/s2/Tt	4643745586963694955	286.3754828060834
cell/tpg/tilt/0.85/600/s2/pt	4680086807681088516	77858.48677323764
cell/tpg/tilt/0.85/600/s3/Tt	4645819925756870959	404.28799168581
cell/tpg/tilt/0.85/600/s3/pt	4686902895937030063	223019.2505255318
cell/tpg/tilt/0.85/600/s4/Tt	4648488871632306176	600.0
cell/tpg/tilt/0.85/600/s4/pt	4686596380613066674	214098.48050451052
cell/tpg/tilt/0.85/600/s5/Tt	4647313768743611647	489.20313429339143
cell/tpg/tilt/0.85/600/s5/pt	4680945155456222777	90349.0908334487
cell/tpg/tilt/0.85/600/s9/Tt	4647313768743611647	489.20313429339143
cell/tpg/tilt/0.85/600/s9/pt	4680820980611309818	88542.10901677972
cell/tpg/tilt/0.85/600/s4/far	4572577279526629796	0.005141076256503761
cell/tpg/tilt/0.85/650/abort	0	0.0
cell/tpg/tilt/0.85/650/n_outer	4618441417868443648	6.0
cell/tpg/tilt/0.85/650/n_solve_turbine	4631107791820423168	42.0
cell/tpg/tilt/0.85/650/branch	0	0.0
cell/tpg/tilt/0.85/650/nozzle_choked	4607182418800017408	1.0
cell/tpg/tilt/0.85/650/eta_c	4605840685328335873	0.8510376606828914
cell/tpg/tilt/0.85/650/eta_t	4606281632711724811	0.899992654451553
cell/tpg/tilt/0.85/650/n_corr	4604218115261798654	0.6708961959891722
cell/tpg/tilt/0.85/650/N_ratio	4604218115261798654	0.6708961959891722
cell/tpg/tilt/0.85/650/flowcoef	4604739759697607550	0.7288103623194357
cell/tpg/tilt/0.85/650/nu_t	4607268727960124410	1.0191644833573705
cell/tpg/tilt/0.85/650/pi_c	4614164025750391736	3.1004563140754406
cell/tpg/tilt/0.85/650/tau_c	4609192811067969436	1.4463967568817457
cell/tpg/tilt/0.85/650/tau_t	4605535598589422776	0.817166228477979
cell/tpg/tilt/0.85/650/pi_t	4601279915170631698	0.42234522838612165
cell/tpg/tilt/0.85/650/mdot_air	4602479869951140197	0.48895609967759973
cell/tpg/tilt/0.85/650/mdot_ratio	4602479869951140197	0.48895609967759973
cell/tpg/tilt/0.85/650/thrust	4635198374756601449	78.13067980651398
cell/tpg/tilt/0.85/650/V0	4643453651052699634	269.7808475368648
cell/tpg/tilt/0.85/650/V9	4646101683943753401	420.3040903202305
cell/tpg/tilt/0.85/650/M9	4607182418800017542	1.0000000000000298
cell/tpg/tilt/0.85/650/T9	4646594621250222822	448.3243321039903
cell/tpg/tilt/0.85/650/p9	4677256400332457456	51103.31948710594
cell/tpg/tilt/0.85/650/F_over_mdot	4639826155058224526	159.79078665350647
cell/tpg/tilt/0.85/650/tsfc	4540872090032415511	3.8944984324612384e-05
cell/tpg/tilt/0.85/650/eta_th	4596267900062628702	0.19706124987620915
cell/tpg/tilt/0.85/650/eta_p	4605573049585646666	0.8213241243082703
cell/tpg/tilt/0.85/650/s2/Tt	4643745586963694955	286.3754828060834
cell/tpg/tilt/0.85/650/s2/pt	4680086807681088516	77858.48677323764
cell/tpg/tilt/0.85/650/s3/Tt	4645994520777618311	414.2125695811632
cell/tpg/tilt/0.85/650/s3/pt	4687534344997394557	241396.83692044383
cell/tpg/tilt/0.85/650/s4/Tt	4648928676283416576	650.0
cell/tpg/tilt/0.85/650/s4/pt	4687202571711016588	231740.96344362607
cell/tpg/tilt/0.85/650/s5/Tt	4647883331423175843	531.1580485106864
cell/tpg/tilt/0.85/650/s5/pt	4681462310702145375	97874.69013201956
cell/tpg/tilt/0.85/650/s9/Tt	4647883331423175843	531.1580485106864
cell/tpg/tilt/0.85/650/s9/pt	4681327792752313964	95917.19632937916
cell/tpg/tilt/0.85/650/s4/far	4573824709955649938	0.006223049681438291
cell/tpg/tilt/0.85/900/abort	0	0.0
cell/tpg/tilt/0.85/900/n_outer	4618441417868443648	6.0
cell/tpg/tilt/0.85/900/n_solve_turbine	4631107791820423168	42.0
cell/tpg/tilt/0.85/900/branch	0	0.0
cell/tpg/tilt/0.85/900/nozzle_choked	4607182418800017408	1.0
cell/tpg/tilt/0.85/900/eta_c	4605955288801300768	0.8637612021216547
cell/tpg/tilt/0.85/900/eta_t	4606281656124438773	0.8999952537849639
cell/tpg/tilt/0.85/900/n_corr	4605259645207451058	0.7865292486391608
cell/tpg/tilt/0.85/900/N_ratio	4605259645207451058	0.7865292486391608
cell/tpg/tilt/0.85/900/flowcoef	4605049815318739655	0.7632334512689675
cell/tpg/tilt/0.85/900/nu_t	4607251796273821385	1.0154048937615008
cell/tpg/tilt/0.85/900/pi_c	4616791955424481638	4.534983053167116
cell/tpg/tilt/0.85/900/tau_c	4609975866594648059	1.620270011937463
cell/tpg/tilt/0.85/900/tau_t	4605623007019957030	0.8268705136905268
cell/tpg/tilt/0.85/900/pi_t	4601315710222480596	0.42433225292263654
cell/tpg/tilt/0.85/900/mdot_air	4603582290193676407	0.6003054329628544
cell/tpg/tilt/0.85/900/mdot_ratio	4603582290193676407	0.6003054329628544
cell/tpg/tilt/0.85/900/thrust	4641762209636944462	214.81676733128774
cell/tpg/tilt/0.85/900/V0	4643453651052699634	269.7808475368648
cell/tpg/tilt/0.85/900/V9	4647435625841748855	496.12990836396733
cell/tpg/tilt/0.85/900/M9	4607182418800016516	0.999999999999901
cell/tpg/tilt/0.85/900/T9	4648786696423095062	633.8587586598903
cell/tpg/tilt/0.85/900/p9	4679929789248980995	75573.56785991792
cell/tpg/tilt/0.85/900/F_over_mdot	4645002905770617374	357.8457823895459
cell/tpg/tilt/0.85/900/tsfc	4540038749722306849	3.329805073311516e-05
cell/tpg/tilt/0.85/900/eta_th	4595395381789859308	0.1728440029803403
cell/tpg/tilt/0.85/900/eta_p	4607611170389718716	1.095201977346206
cell/tpg/tilt/0.85/900/s2/Tt	4643745586963694955	286.3754828060834
cell/tpg/tilt/0.85/900/s2/pt	4680086807681088516	77858.48677323764
cell/tpg/tilt/0.85/900/s3/Tt	4646870489154636133	464.0056069448095
cell/tpg/tilt/0.85/900/s3/pt	4689809599528200472	353086.91806186875
cell/tpg/tilt/0.85/900/s4/Tt	4651127699538968576	900.0
cell/tpg/tilt/0.85/900/s4/pt	4689566960045685087	338963.441339394
cell/tpg/tilt/0.85/900/s5/Tt	4649757122779149877	744.1834623214733
cell/tpg/tilt/0.85/900/s5/pt	4684182081234754556	143833.12072631705
cell/tpg/tilt/0.85/900/s9/Tt	4649757122779149877	744.1834623214733
cell/tpg/tilt/0.85/900/s9/pt	4684083239866818372	140956.45831179072
cell/tpg/tilt/0.85/900/s4/far	4578022478507586665	0.011915567016638389
cell/tpg/tilt/0.85/1100/abort	0	0.0
cell/tpg/tilt/0.85/1100/n_outer	4617315517961601024	5.0
cell/tpg/tilt/0.85/1100/n_solve_turbine	4630122629401935872	35.0
cell/tpg/tilt/0.85/1100/branch	0	0.0
cell/tpg/tilt/0.85/1100/nozzle_choked	4607182418800017408	1.0
cell/tpg/tilt/0.85/1100/eta_c	4606031967049466109	0.8722741977817631
cell/tpg/tilt/0.85/1100/eta_t	4606281687431132381	0.8999987295261708
cell/tpg/tilt/0.85/1100/n_corr	4605950000554501240	0.8631740887859811
cell/tpg/tilt/0.85/1100/N_ratio	4605950000554501240	0.8631740887859811
cell/tpg/tilt/0.85/1100/flowcoef	4605625187854533932	0.8271126349665443
cell/tpg/tilt/0.85/1100/nu_t	4607218313277723351	1.0079701751212065
cell/tpg/tilt/0.85/1100/pi_c	4618462111608878913	6.018379733677478
cell/tpg/tilt/0.85/1100/tau_c	4610601481655695138	1.759184461002811
cell/tpg/tilt/0.85/1100/tau_t	4605684310808784205	0.8336766014757956
cell/tpg/tilt/0.85/1100/pi_t	4601348493005758902	0.42615206296298014
cell/tpg/tilt/0.85/1100/mdot_air	4604605839152104208	0.7139421950106186
cell/tpg/tilt/0.85/1100/mdot_ratio	4604605839152104208	0.7139421950106186
cell/tpg/tilt/0.85/1100/thrust	4644994073245673222	357.3437114745469
cell/tpg/tilt/0.85/1100/V0	4643453651052699634	269.7808475368648
cell/tpg/tilt/0.85/1100/V9	4648042964243937615	549.3061990996738
cell/tpg/tilt/0.85/1100/M9	4607182418800017593	1.000000000000041
cell/tpg/tilt/0.85/1100/T9	4650134259690208391	787.0589651278141
cell/tpg/tilt/0.85/1100/p9	4681696739044403428	101286.07149568532
cell/tpg/tilt/0.85/1100/F_over_mdot	4647512890761450308	500.5219105578037
cell/tpg/tilt/0.85/1100/tsfc	4540079575958724170	3.357470007197808e-05
cell/tpg/tilt/0.85/1100/eta_th	4595029473982194792	0.16268802115635883
cell/tpg/tilt/0.85/1100/eta_p	4607875899169298015	1.1539835746201772
cell/tpg/tilt/0.85/1100/s2/Tt	4643745586963694955	286.3754828060834
cell/tpg/tilt/0.85/1100/s2/pt	4680086807681088516	77858.48677323764
cell/tpg/tilt/0.85/1100/s3/Tt	4647570336088847519	503.78729936463964
cell/tpg/tilt/0.85/1100/s3/pt	4691793788877445715	468581.9388908494
cell/tpg/tilt/0.85/1100/s4/Tt	4652552666608566272	1100.0
cell/tpg/tilt/0.85/1100/s4/pt	4691471781820960520	449838.66133521544
cell/tpg/tilt/0.85/1100/s5/Tt	4651277622449702631	917.0442616233748
cell/tpg/tilt/0.85/1100/s5/pt	4685826763465917990	191699.67353730014
cell/tpg/tilt/0.85/1100/s9/Tt	4651277622449702631	917.0442616233748
cell/tpg/tilt/0.85/1100/s9/pt	4685695028453358537	187865.68006655414
cell/tpg/tilt/0.85/1100/s4/far	4580500896282014099	0.0168048730264317
cell/tpg/tilt/0.85/1500/abort	0	0.0
cell/tpg/tilt/0.85/1500/n_outer	4607182418800017408	1.0
cell/tpg/tilt/0.85/1500/n_solve_turbine	4611686018427387904	2.0
cell/tpg/tilt/0.85/1500/branch	0	0.0
cell/tpg/tilt/0.85/1500/nozzle_choked	4607182418800017408	1.0
cell/tpg/tilt/0.85/1500/eta_c	4606101554889448489	0.88
cell/tpg/tilt/0.85/1500/eta_t	4606281698874543309	0.9
cell/tpg/tilt/0.85/1500/n_corr	4607182418800013962	0.9999999999996174
cell/tpg/tilt/0.85/1500/N_ratio	4607182418800013962	0.9999999999996174
cell/tpg/tilt/0.85/1500/flowcoef	4607182418800008816	0.9999999999990461
cell/tpg/tilt/0.85/1500/nu_t	4607182418800013962	0.9999999999996174
cell/tpg/tilt/0.85/1500/pi_c	4621819117588964026	9.999999999986688
cell/tpg/tilt/0.85/1500/tau_c	4611770577926473510	2.037551961134244
cell/tpg/tilt/0.85/1500/tau_t	4605762360027404901	0.8423418054324655
cell/tpg/tilt/0.85/1500/pi_t	4601396903998859342	0.42883941292223404
cell/tpg/tilt/0.85/1500/mdot_air	4607182418800005370	0.9999999999986635
cell/tpg/tilt/0.85/1500/mdot_ratio	4607182418800005370	0.9999999999986635
cell/tpg/tilt/0.85/1500/thrust	4649771419385865844	745.8087983291612
cell/tpg/tilt/0.85/1500/V0	4643453651052699634	269.7808475368648
cell/tpg/tilt/0.85/1500/V9	4648856401916701128	641.7833557997883
cell/tpg/tilt/0.85/1500/M9	4607182418800016339	0.9999999999998813
cell/tpg/tilt/0.85/1500/T9	4652536144110130626	1096.2432188031821
cell/tpg/tilt/0.85/1500/p9	4685110946909296855	170866.6698352757
cell/tpg/tilt/0.85/1500/F_over_mdot	4649771419385874612	745.808798330158
cell/tpg/tilt/0.85/1500/tsfc	4540519827822199693	3.655796273960904e-05
cell/tpg/tilt/0.85/1500/eta_th	4594576176405421933	0.1501064859878584
cell/tpg/tilt/0.85/1500/eta_p	4607851857262118889	1.148645198838944
cell/tpg/tilt/0.85/1500/s2/Tt	4643745586963694955	286.3754828060834
cell/tpg/tilt/0.85/1500/s2/pt	4680086807681088516	77858.48677323764
cell/tpg/tilt/0.85/1500/s3/Tt	4648343779432379830	583.5049266123012
cell/tpg/tilt/0.85/1500/s3/pt	4694935205180819518	778584.86773134
cell/tpg/tilt/0.85/1500/s4/Tt	4654311885213007872	1500.0
cell/tpg/tilt/0.85/1500/s4/pt	4694667685457294190	747441.4730220863
cell/tpg/tilt/0.85/1500/s5/Tt	4653271803104198721	1263.5127081573157
cell/tpg/tilt/0.85/1500/s5/pt	4689250316522038338	320532.36248451855
cell/tpg/tilt/0.85/1500/s9/Tt	4653271803104198721	1263.5127081573157
cell/tpg/tilt/0.85/1500/s9/pt	4689140182440903888	314121.7152348282
cell/tpg/tilt/0.85/1500/s4/far	4583515894746799579	0.02726525026022651
cell/tpg/tilt/1.60/500/abort	4611686018427387904	2.0
cell/tpg/tilt/1.60/600/abort	0	0.0
cell/tpg/tilt/1.60/600/n_outer	4617315517961601024	5.0
cell/tpg/tilt/1.60/600/n_solve_turbine	4630122629401935872	35.0
cell/tpg/tilt/1.60/600/branch	0	0.0
cell/tpg/tilt/1.60/600/nozzle_choked	4607182418800017408	1.0
cell/tpg/tilt/1.60/600/eta_c	4605759685738466399	0.842044899717063
cell/tpg/tilt/1.60/600/eta_t	4606281695863257252	0.8999996656800886
cell/tpg/tilt/1.60/600/n_corr	4603152151595049350	0.5525504553652787
cell/tpg/tilt/1.60/600/N_ratio	4603895163421624567	0.6350413391085387
cell/tpg/tilt/1.60/600/flowcoef	4605175852193236901	0.7772263552708308
cell/tpg/tilt/1.60/600/nu_t	4607200831857045082	1.004088519973172
cell/tpg/tilt/1.60/600/pi_c	4612285204780048369	2.266092193905927
cell/tpg/tilt/1.60/600/tau_c	4608566575125448522	1.3073444444348348
cell/tpg/tilt/1.60/600/tau_t	4605519122928157786	0.8153370626297474
cell/tpg/tilt/1.60/600/pi_t	4601273649588810957	0.4219974187261187
cell/tpg/tilt/1.60/600/mdot_air	4606771544444206218	0.9543837829950388
cell/tpg/tilt/1.60/600/mdot_ratio	4606771544444206218	0.9543837829950388
cell/tpg/tilt/1.60/600/thrust	4630108491468213645	34.89954393895014
cell/tpg/tilt/1.60/600/V0	4647641328871307359	507.82277183409855
cell/tpg/tilt/1.60/600/V9	4645807111148242060	403.5595655199802
cell/tpg/tilt/1.60/600/M9	4607182418800017559	1.0000000000000335
cell/tpg/tilt/1.60/600/T9	4645959684622939569	412.2323634492596
cell/tpg/tilt/1.60/600/p9	4681279227447141338	95210.47812546734
cell/tpg/tilt/1.60/600/F_over_mdot	4630343252366579344	36.567620448692765
cell/tpg/tilt/1.60/600/tsfc	4545542259282344627	8.01474079823266e-05
cell/tpg/tilt/1.60/600/eta_th	13823832636491413891	-0.3768640798724833
cell/tpg/tilt/1.60/600/eta_p	13824120082316595865	-0.3928205285449536
cell/tpg/tilt/1.60/600/s2/Tt	4645362121196066384	378.2648152796073
cell/tpg/tilt/1.60/600/s2/pt	4686072667236213351	198856.41517664792
cell/tpg/tilt/1.60/600/s3/Tt	4647407346339649589	494.52240478096365
cell/tpg/tilt/1.60/600/s3/pt	4691485324863101904	450626.9701399179
cell/tpg/tilt/1.60/600/s4/Tt	4648488871632306176	600.0
cell/tpg/tilt/1.60/600/s4/pt	4691175656367190461	432601.8913343212
cell/tpg/tilt/1.60/600/s5/Tt	4647313752968424981	489.20223757784817
cell/tpg/tilt/1.60/600/s5/pt	4685512619522845588	182556.88147911115
cell/tpg/tilt/1.60/600/s9/Tt	4647313752968424981	489.20223757784817
cell/tpg/tilt/1.60/600/s9/pt	4685387167389147583	178905.74384952892
cell/tpg/tilt/1.60/600/s4/far	4568904387206288755	0.0029307999950442475
cell/tpg/tilt/1.60/650/abort	0	0.0
cell/tpg/tilt/1.60/650/n_outer	4617315517961601024	5.0
cell/tpg/tilt/1.60/650/n_solve_turbine	4630122629401935872	35.0
cell/tpg/tilt/1.60/650/branch	0	0.0
cell/tpg/tilt/1.60/650/nozzle_choked	4607182418800017408	1.0
cell/tpg/tilt/1.60/650/eta_c	4605772433335803562	0.8434601673242998
cell/tpg/tilt/1.60/650/eta_t	4606281690323706741	0.8999990506664363
cell/tpg/tilt/1.60/650/n_corr	4603369825639862218	0.5767171290067321
cell/tpg/tilt/1.60/650/N_ratio	4604145334271299741	0.6628158828484804
cell/tpg/tilt/1.60/650/flowcoef	4605020632395045680	0.7599934958878745
cell/tpg/tilt/1.60/650/nu_t	4607213446829434217	1.0068896065334576
cell/tpg/tilt/1.60/650/pi_c	4612615824617032589	2.4129168960730056
cell/tpg/tilt/1.60/650/tau_c	4608682862751214844	1.3331654843557876
cell/tpg/tilt/1.60/650/tau_t	4605535585110194467	0.8171647319830168
cell/tpg/tilt/1.60/650/pi_t	4601279908024752990	0.422344831710168
cell/tpg/tilt/1.60/650/mdot_air	4606948582316080825	0.9740389351536215
cell/tpg/tilt/1.60/650/mdot_ratio	4606948582316080825	0.9740389351536215
cell/tpg/tilt/1.60/650/thrust	4634516692873766572	68.44339760756219
cell/tpg/tilt/1.60/650/V0	4647641328871307359	507.82277183409855
cell/tpg/tilt/1.60/650/V9	4646101677257921742	420.3037102747011
cell/tpg/tilt/1.60/650/M9	4607182418800017662	1.0000000000000564
cell/tpg/tilt/1.60/650/T9	4646594606501009922	448.32349370830354
cell/tpg/tilt/1.60/650/p9	4681716791049913639	101577.86658002865
cell/tpg/tilt/1.60/650/F_over_mdot	4634645061101568582	70.26761984290451
cell/tpg/tilt/1.60/650/tsfc	4543547330086757392	5.707311606734805e-05
cell/tpg/tilt/1.60/650/eta_th	13820990793729017405	-0.23455505825681824
cell/tpg/tilt/1.60/650/eta_p	13829530544181808649	-0.8863229907514675
cell/tpg/tilt/1.60/650/s2/Tt	4645362121196066384	378.2648152796073
cell/tpg/tilt/1.60/650/s2/pt	4686072667236213351	198856.41517664792
cell/tpg/tilt/1.60/650/s3/Tt	4647579172579023815	504.28959567699025
cell/tpg/tilt/1.60/650/s3/pt	4691986926086620045	479824.00407224224
cell/tpg/tilt/1.60/650/s4/Tt	4648928676283416576	650.0
cell/tpg/tilt/1.60/650/s4/pt	4691657193541767877	460631.04390935256
cell/tpg/tilt/1.60/650/s5/Tt	4647883322866979104	531.1570757837362
cell/tpg/tilt/1.60/650/s5/pt	4685924532973581135	194545.14071216664
cell/tpg/tilt/1.60/650/s9/Tt	4647883322866979104	531.1570757837362
cell/tpg/tilt/1.60/650/s9/pt	4685790842570868419	190654.2378979233
cell/tpg/tilt/1.60/650/s4/far	4571273689358984541	0.004010392023070378
cell/tpg/tilt/1.60/900/abort	0	0.0
cell/tpg/tilt/1.60/900/n_outer	4618441417868443648	6.0
cell/tpg/tilt/1.60/900/n_solve_turbine	4631107791820423168	42.0
cell/tpg/tilt/1.60/900/branch	0	0.0
cell/tpg/tilt/1.60/900/nozzle_choked	4607182418800017408	1.0
cell/tpg/tilt/1.60/900/eta_c	4605853478912566757	0.8524580338609523
cell/tpg/tilt/1.60/900/eta_t	4606281669154024261	0.8999967003595449
cell/tpg/tilt/1.60/900/n_corr	4604323846255441996	0.6826346943451056
cell/tpg/tilt/1.60/900/N_ratio	4605241781705868274	0.7845460015633974
cell/tpg/tilt/1.60/900/flowcoef	4604765249351303915	0.7316402823617784
cell/tpg/tilt/1.60/900/nu_t	4607240265433132207	1.0128445327962188
cell/tpg/tilt/1.60/900/pi_c	4614558624798333442	3.27569349348346
cell/tpg/tilt/1.60/900/tau_c	4609265771971780488	1.462597331943444
cell/tpg/tilt/1.60/900/tau_t	4605623004129806188	0.8268701928193258
cell/tpg/tilt/1.60/900/pi_t	4601315708678975601	0.42433216724089734
cell/tpg/tilt/1.60/900/mdot_air	4607677430068424190	1.1099145815268225
cell/tpg/tilt/1.60/900/mdot_ratio	4607677430068424190	1.1099145815268225
cell/tpg/tilt/1.60/900/thrust	4643210110277445424	255.96857861970193
cell/tpg/tilt/1.60/900/V0	4647641328871307359	507.82277183409855
cell/tpg/tilt/1.60/900/V9	4647435624184168667	496.1298141414424
cell/tpg/tilt/1.60/900/M9	4607182418800017852	1.0000000000000986
cell/tpg/tilt/1.60/900/T9	4648786694187576882	633.8585045108978
cell/tpg/tilt/1.60/900/p9	4684030513664575040	139421.92386107333
cell/tpg/tilt/1.60/900/F_over_mdot	4642318238922519579	230.62007012069884
cell/tpg/tilt/1.60/900/tsfc	4541325724497399951	4.201893102742757e-05
cell/tpg/tilt/1.60/900/eta_th	13801026178094549769	-0.011276603711086535
cell/tpg/tilt/1.60/900/eta_p	13851113562578748397	-25.04062039265766
cell/tpg/tilt/1.60/900/s2/Tt	4645362121196066384	378.2648152796073
cell/tpg/tilt/1.60/900/s2/pt	4686072667236213351	198856.41517664792
cell/tpg/tilt/1.60/900/s3/Tt	4648077646451441834	553.2491095960333
cell/tpg/tilt/1.60/900/s3/pt	4693842632481593250	651392.6653315912
cell/tpg/tilt/1.60/900/s4/Tt	4651127699538968576	900.0
cell/tpg/tilt/1.60/900/s4/pt	4693618815666036973	625336.9587183275
cell/tpg/tilt/1.60/900/s5/Tt	4649757120238978246	744.1831735373933
cell/tpg/tilt/1.60/900/s5/pt	4688302300836993503	265350.5869487803
cell/tpg/tilt/1.60/900/s9/Tt	4649757120238978246	744.1831735373933
cell/tpg/tilt/1.60/900/s9/pt	4688175042046433563	260043.57520980467
cell/tpg/tilt/1.60/900/s4/far	4576739762139525024	0.009690408819942153
cell/tpg/tilt/1.60/1100/abort	0	0.0
cell/tpg/tilt/1.60/1100/n_outer	4618441417868443648	6.0
cell/tpg/tilt/1.60/1100/n_solve_turbine	4631107791820423168	42.0
cell/tpg/tilt/1.60/1100/branch	0	0.0
cell/tpg/tilt/1.60/1100/nozzle_choked	4607182418800017408	1.0
cell/tpg/tilt/1.60/1100/eta_c	4605923992356853894	0.8602865988002726
cell/tpg/tilt/1.60/1100/eta_t	4606281680444796683	0.8999979538870958
cell/tpg/tilt/1.60/1100/n_corr	4604954460749139776	0.7526469674016667
cell/tpg/tilt/1.60/1100/N_ratio	4605966541352069909	0.8650104862166211
cell/tpg/tilt/1.60/1100/flowcoef	4604939174880297569	0.7509498950476649
cell/tpg/tilt/1.60/1100/nu_t	4607227971022805450	1.0101146253124278
cell/tpg/tilt/1.60/1100/pi_c	4616343300044138001	4.1364970264635454
cell/tpg/tilt/1.60/1100/tau_c	4609730899326269252	1.5658763516107266
cell/tpg/tilt/1.60/1100/tau_t	4605684312288530240	0.8336767657606075
cell/tpg/tilt/1.60/1100/pi_t	4601348493797785879	0.42615210692930944
cell/tpg/tilt/1.60/1100/mdot_air	4608335551682155217	1.2560469352403525
cell/tpg/tilt/1.60/1100/mdot_ratio	4608335551682155217	1.2560469352403525
cell/tpg/tilt/1.60/1100/thrust	4646429000361537631	438.9098745563587
cell/tpg/tilt/1.60/1100/V0	4647641328871307359	507.82277183409855
cell/tpg/tilt/1.60/1100/V9	4648042964706233144	549.3062516565906
cell/tpg/tilt/1.60/1100/M9	4607182418800016718	0.9999999999999234
cell/tpg/tilt/1.60/1100/T9	4650134261106895924	787.0591261865397
cell/tpg/tilt/1.60/1100/p9	4685349241769839463	177801.96305521877
cell/tpg/tilt/1.60/1100/F_over_mdot	4644854985333074702	349.4374790002338
cell/tpg/tilt/1.60/1100/tsfc	4541277574761755442	4.1692655727487696e-05
cell/tpg/tilt/1.60/1100/eta_th	4585736513571654038	0.038689138947137255
cell/tpg/tilt/1.60/1100/eta_p	4619967719715829045	7.355628362796144
cell/tpg/tilt/1.60/1100/s2/Tt	4645362121196066384	378.2648152796073
cell/tpg/tilt/1.60/1100/s2/pt	4686072667236213351	198856.41517664792
cell/tpg/tilt/1.60/1100/s3/Tt	4648421281828057429	592.3159288927369
cell/tpg/tilt/1.60/1100/s3/pt	4695313025743008505	822568.9700714044
cell/tpg/tilt/1.60/1100/s4/Tt	4652552666608566272	1100.0
cell/tpg/tilt/1.60/1100/s4/pt	4695030393196995618	789666.2112685482
cell/tpg/tilt/1.60/1100/s5/Tt	4651277624039273566	917.0444423366678
cell/tpg/tilt/1.60/1100/s5/pt	4689524946303884794	336517.9197029766
cell/tpg/tilt/1.60/1100/s9/Tt	4651277624039273566	917.0444423366678
cell/tpg/tilt/1.60/1100/s9/pt	4689409319627113415	329787.56130891707
cell/tpg/tilt/1.60/1100/s4/far	4579552064940436119	0.014568976510237959
cell/tpg/tilt/1.60/1500/abort	0	0.0
cell/tpg/tilt/1.60/1500/n_outer	4617315517961601024	5.0
cell/tpg/tilt/1.60/1500/n_solve_turbine	4630122629401935872	35.0
cell/tpg/tilt/1.60/1500/branch	0	0.0
cell/tpg/tilt/1.60/1500/nozzle_choked	4607182418800017408	1.0
cell/tpg/tilt/1.60/1500/eta_c	4606044252773888371	0.8736381871945426
cell/tpg/tilt/1.60/1500/eta_t	4606281698479614618	0.8999999561541074
cell/tpg/tilt/1.60/1500/n_corr	4606000793565987666	0.8688132458702091
cell/tpg/tilt/1.60/1500/N_ratio	4607169082381060701	0.9985193600608216
cell/tpg/tilt/1.60/1500/flowcoef	4605827009503999350	0.8495193391769778
cell/tpg/tilt/1.60/1500/nu_t	4607169082381060701	0.9985193600608216
cell/tpg/tilt/1.60/1500/pi_c	4618900637206109893	6.407868705624144
cell/tpg/tilt/1.60/1500/tau_c	4610661635146935209	1.7725412192000738
cell/tpg/tilt/1.60/1500/tau_t	4605762360105796347	0.8423418141356643
cell/tpg/tilt/1.60/1500/pi_t	4601396904040217313	0.4288394152180626
cell/tpg/tilt/1.60/1500/mdot_air	4610065733619234369	1.6402244999075182
cell/tpg/tilt/1.60/1500/mdot_ratio	4610065733619234369	1.6402244999075182
cell/tpg/tilt/1.60/1500/thrust	4651330223252390821	923.0242805426138
cell/tpg/tilt/1.60/1500/V0	4647641328871307359	507.82277183409855
cell/tpg/tilt/1.60/1500/V9	4648856401945141278	641.783359033059
cell/tpg/tilt/1.60/1500/M9	4607182418800017156	0.999999999999972
cell/tpg/tilt/1.60/1500/T9	4652536144161359144	1096.2432304511985
cell/tpg/tilt/1.60/1500/p9	4688547849891939146	279643.42307667865
cell/tpg/tilt/1.60/1500/F_over_mdot	4648161152509883886	562.7426493109067
cell/tpg/tilt/1.60/1500/tsfc	4541682503468345966	4.443655937365764e-05
cell/tpg/tilt/1.60/1500/eta_th	4590195345083550401	0.07675699548716876
cell/tpg/tilt/1.60/1500/eta_p	4615015629160841609	3.4786441997277433
cell/tpg/tilt/1.60/1500/s2/Tt	4645362121196066384	378.2648152796073
cell/tpg/tilt/1.60/1500/s2/pt	4686072667236213351	198856.41517664792
cell/tpg/tilt/1.60/1500/s3/Tt	4649108908025866652	670.4899768562059
cell/tpg/tilt/1.60/1500/s3/pt	4698223655756932673	1274245.7997230443
cell/tpg/tilt/1.60/1500/s4/Tt	4654311885213007872	1500.0
cell/tpg/tilt/1.60/1500/s4/pt	4698004741995457639	1223275.9677341224
cell/tpg/tilt/1.60/1500/s5/Tt	4653271803161576438	1263.5127212034981
cell/tpg/tilt/1.60/1500/s5/pt	4692753396866485068	524588.9506534128
cell/tpg/tilt/1.60/1500/s9/Tt	4653271803161576438	1263.5127212034981
cell/tpg/tilt/1.60/1500/s9/pt	4692575734621961355	514097.1716403446
cell/tpg/tilt/1.60/1500/s4/far	4582864810253128035	0.025006347148193508
cell/eq/flat/0.85/600/abort	0	0.0
cell/eq/flat/0.85/600/n_outer	4607182418800017408	1.0
cell/eq/flat/0.85/600/n_solve_turbine	4620693217682128896	8.0
cell/eq/flat/0.85/600/branch	0	0.0
cell/eq/flat/0.85/600/nozzle_choked	0	0.0
cell/eq/flat/0.85/600/eta_c	4606101554889448489	0.88
cell/eq/flat/0.85/600/eta_t	4606281698874543309	0.9
cell/eq/flat/0.85/600/n_corr	4603846444209493088	0.6296324200035421
cell/eq/flat/0.85/600/N_ratio	4603846444209493088	0.6296324200035421
cell/eq/flat/0.85/600/flowcoef	4605169574666914142	0.7765294098447091
cell/eq/flat/0.85/600/nu_t	4607142213076000567	0.9955362679474778
cell/eq/flat/0.85/600/pi_c	4613846412252161508	2.9594075866086644
cell/eq/flat/0.85/600/tau_c	4609034857280564805	1.411323970561072
cell/eq/flat/0.85/600/tau_t	4605468000517993739	0.8096613349459018
cell/eq/flat/0.85/600/pi_t	4601255515559837649	0.42099077790134937
cell/eq/flat/0.85/600/mdot_air	4602479365401107782	0.4889280915244466
cell/eq/flat/0.85/600/mdot_ratio	4602479365401107782	0.4889280915244466
cell/eq/flat/0.85/600/thrust	4633816792896424960	61.248610357193684
cell/eq/flat/0.85/600/V0	4643453651052699634	269.7808475368648
cell/eq/flat/0.85/600/V9	4645623605689451350	393.1284878626951
cell/eq/flat/0.85/600/M9	4606920047798190038	0.9708709672777285
cell/eq/flat/0.85/600/T9	4645932238026592334	410.6722050767902
cell/eq/flat/0.85/600/p9	4677104761256804352	50000.0
cell/eq/flat/0.85/600/F_over_mdot	4638515594195399904	125.27120330972275
cell/eq/flat/0.85/600/tsfc	4540888909484643160	3.905895736614509e-05
cell/eq/flat/0.85/600/eta_th	4596266854838910607	0.19703223909026632
cell/eq/flat/0.85/600/eta_p	4605552548975297002	0.8190480993453637
cell/eq/flat/0.85/600/s2/Tt	4643745586963694955	286.3754828060834
cell/eq/flat/0.85/600/s2/pt	4680086807681088516	77858.48677323764
cell/eq/flat/0.85/600/s3/Tt	4645817825105239206	404.16858346522565
cell/eq/flat/0.85/600/s3/pt	4687157011831638943	230414.99643858985
cell/eq/flat/0.85/600/s4/Tt	4648488871632306176	600.0
cell/eq/flat/0.85/600/s4/pt	4686840331871891199	221198.39658104625
cell/eq/flat/0.85/600/s5/Tt	4647253843893944445	485.7968009635877
cell/eq/flat/0.85/600/s5/pt	4681135741655159966	93122.48504407934
cell/eq/flat/0.85/600/s9/Tt	4647253843893944445	485.7968009635877
cell/eq/flat/0.85/600/s9/pt	4681007755086268264	91260.03534319776
cell/eq/flat/0.85/600/s4/far	4572291223944100834	0.004892962589280155
cell/eq/flat/0.85/900/abort	0	0.0
cell/eq/flat/0.85/900/n_outer	4607182418800017408	1.0
cell/eq/flat/0.85/900/n_solve_turbine	4619567317775286272	7.0
cell/eq/flat/0.85/900/branch	0	0.0
cell/eq/flat/0.85/900/nozzle_choked	4607182418800017408	1.0
cell/eq/flat/0.85/900/eta_c	4606101554889448489	0.88
cell/eq/flat/0.85/900/eta_t	4606281698874543309	0.9
cell/eq/flat/0.85/900/n_corr	4605137514235359206	0.7729699869155382
cell/eq/flat/0.85/900/N_ratio	4605137514235359206	0.7729699869155382
cell/eq/flat/0.85/900/flowcoef	4605351739206888152	0.7967537364996486
cell/eq/flat/0.85/900/nu_t	4607163503340636074	0.9978999621473481
cell/eq/flat/0.85/900/pi_c	4616907270683726711	4.637403577890715
cell/eq/flat/0.85/900/tau_c	4609974286876617678	1.619919244071514
cell/eq/flat/0.85/900/tau_t	4605581748165450909	0.8222898606662913
cell/eq/flat/0.85/900/pi_t	4601300477344258344	0.4234866583159538
cell/eq/flat/0.85/900/mdot_air	4603722453854211541	0.6158667252770395
cell/eq/flat/0.85/900/mdot_ratio	4603722453854211541	0.6158667252770395
cell/eq/flat/0.85/900/thrust	4642005394570932169	221.72849886293832
cell/eq/flat/0.85/900/V0	4643453651052699634	269.7808475368648
cell/eq/flat/0.85/900/V9	4647430571950729389	495.84262791987095
cell/eq/flat/0.85/900/M9	4607182418800016626	0.9999999999999132
cell/eq/flat/0.85/900/T9	4648726456457249659	627.0102674384683
cell/eq/flat/0.85/900/p9	4680015123250848802	76815.34102119555
cell/eq/flat/0.85/900/F_over_mdot	4645041273853650048	360.02675540425844
cell/eq/flat/0.85/900/tsfc	4539851998186047926	3.203257309982185e-05
cell/eq/flat/0.85/900/eta_th	4595588224252117580	0.17819645652345384
cell/eq/flat/0.85/900/eta_p	4607652022672117066	1.1042730062516335
cell/eq/flat/0.85/900/s2/Tt	4643745586963694955	286.3754828060834
cell/eq/flat/0.85/900/s2/pt	4680086807681088516	77858.48677323764
cell/eq/flat/0.85/900/s3/Tt	4646868721996379697	463.90515562784555
cell/eq/flat/0.85/900/s3/pt	4689946597080487535	361061.22513136914
cell/eq/flat/0.85/900/s4/Tt	4651127699538968576	900.0
cell/eq/flat/0.85/900/s4/pt	4689698477695880667	346618.77612611436
cell/eq/flat/0.85/900/s5/Tt	4649720860114056614	740.0608745996622
cell/eq/flat/0.85/900/s5/pt	4684283624792372838	146788.4272112131
cell/eq/flat/0.85/900/s9/Tt	4649720860114056614	740.0608745996622
cell/eq/flat/0.85/900/s9/pt	4684182752553284288	143852.65866698883
cell/eq/flat/0.85/900/s4/far	4577801703460979226	0.01153258336037859
cell/eq/flat/0.85/1100/abort	0	0.0
cell/eq/flat/0.85/1100/n_outer	4607182418800017408	1.0
cell/eq/flat/0.85/1100/n_solve_turbine	4641240890982006784	200.0
cell/eq/flat/0.85/1100/branch	0	0.0
cell/eq/flat/0.85/1100/nozzle_choked	4607182418800017408	1.0
cell/eq/flat/0.85/1100/eta_c	4606101554889448489	0.88
cell/eq/flat/0.85/1100/eta_t	4606281698874543309	0.9
cell/eq/flat/0.85/1100/n_corr	4605878227132009530	0.8552056381653366
cell/eq/flat/0.85/1100/N_ratio	4605878227132009530	0.8552056381653366
cell/eq/flat/0.85/1100/flowcoef	4605801842563827385	0.8467252475331498
cell/eq/flat/0.85/1100/nu_t	4607170394454986311	0.9986650295290439
cell/eq/flat/0.85/1100/pi_c	4618542541183600528	6.089815546250875
cell/eq/flat/0.85/1100/tau_c	4610599936251530000	1.7588413123455133
cell/eq/flat/0.85/1100/tau_t	4605653751056428993	0.8302837874066357
cell/eq/flat/0.85/1100/pi_t	4601338733478224806	0.4256103003540893
cell/eq/flat/0.85/1100/mdot_air	4604697550550902743	0.72412420566729
cell/eq/flat/0.85/1100/mdot_ratio	4604697550550902743	0.72412420566729
cell/eq/flat/0.85/1100/thrust	4645078790108321985	362.1593075826641
cell/eq/flat/0.85/1100/V0	4643453651052699634	269.7808475368648
cell/eq/flat/0.85/1100/V9	4648041965714543958	549.1926794505368
cell/eq/flat/0.85/1100/M9	4607182418800017898	1.0000000000001088
cell/eq/flat/0.85/1100/T9	4650078989353501162	780.7754553277603
cell/eq/flat/0.85/1100/p9	4681749066946268265	102047.54268770073
cell/eq/flat/0.85/1100/F_over_mdot	4647506070747953165	500.13423767394926
cell/eq/flat/0.85/1100/tsfc	4539968250792504737	3.282033140280671e-05
cell/eq/flat/0.85/1100/eta_th	4595162576353457872	0.16638235408657076
cell/eq/flat/0.85/1100/eta_p	4607877305349737830	1.1542958094003892
cell/eq/flat/0.85/1100/s2/Tt	4643745586963694955	286.3754828060834
cell/eq/flat/0.85/1100/s2/pt	4680086807681088516	77858.48677323764
cell/eq/flat/0.85/1100/s3/Tt	4647568607315941574	503.6890300022318
cell/eq/flat/0.85/1100/s3/pt	4691889341321593054	474143.82315923076
cell/eq/flat/0.85/1100/s4/Tt	4652552666608566272	1100.0
cell/eq/flat/0.85/1100/s4/pt	4691563512167341965	455178.0702328615
cell/eq/flat/0.85/1100/s5/Tt	4651244794590788984	913.312166154311
cell/eq/flat/0.85/1100/s5/pt	4685896472559780212	193728.4751863588
cell/eq/flat/0.85/1100/s9/Tt	4651244794590788984	913.312166154311
cell/eq/flat/0.85/1100/s9/pt	4685763343365343515	189853.90568263162
cell/eq/flat/0.85/1100/s4/far	4580388399505009680	0.01641457142634911
cell/eq/flat/0.85/1500/abort	0	0.0
cell/eq/flat/0.85/1500/n_outer	4607182418800017408	1.0
cell/eq/flat/0.85/1500/n_solve_turbine	4641240890982006784	200.0
cell/eq/flat/0.85/1500/branch	0	0.0
cell/eq/flat/0.85/1500/nozzle_choked	4607182418800017408	1.0
cell/eq/flat/0.85/1500/eta_c	4606101554889448489	0.88
cell/eq/flat/0.85/1500/eta_t	4606281698874543309	0.9
cell/eq/flat/0.85/1500/n_corr	4607182418800016760	0.9999999999999281
cell/eq/flat/0.85/1500/N_ratio	4607182418800016760	0.9999999999999281
cell/eq/flat/0.85/1500/flowcoef	4607182418800015698	0.9999999999998102
cell/eq/flat/0.85/1500/nu_t	4607182418800016760	0.9999999999999281
cell/eq/flat/0.85/1500/pi_c	4621819117588970046	9.999999999997382
cell/eq/flat/0.85/1500/tau_c	4611770577926474953	2.0375519611348847
cell/eq/flat/0.85/1500/tau_t	4605757427501394530	0.8417941850378379
cell/eq/flat/0.85/1500/pi_t	4601400640323062146	0.4290468205801049
cell/eq/flat/0.85/1500/mdot_air	4607182418800015050	0.9999999999997382
cell/eq/flat/0.85/1500/mdot_ratio	4607182418800015050	0.9999999999997382
cell/eq/flat/0.85/1500/thrust	4649770589893134478	745.7144959236191
cell/eq/flat/0.85/1500/V0	4643453651052699634	269.7808475368648
cell/eq/flat/0.85/1500/V9	4648859063097412413	642.08589701946
cell/eq/flat/0.85/1500/M9	4607182418800017142	0.9999999999999705
cell/eq/flat/0.85/1500/T9	4652529394908656964	1094.7086280578087
cell/eq/flat/0.85/1500/p9	4685110401077995787	170850.78405363145
cell/eq/flat/0.85/1500/F_over_mdot	4649770589893136195	745.7144959238143
cell/eq/flat/0.85/1500/tsfc	4540503479226442126	3.644718034562503e-05
cell/eq/flat/0.85/1500/eta_th	4594598930347527944	0.15073803474853542
cell/eq/flat/0.85/1500/eta_p	4607845841469625867	1.1473094245715199
cell/eq/flat/0.85/1500/s2/Tt	4643745586963694955	286.3754828060834
cell/eq/flat/0.85/1500/s2/pt	4680086807681088516	77858.48677323764
cell/eq/flat/0.85/1500/s3/Tt	4648343779432381444	583.5049266124847
cell/eq/flat/0.85/1500/s3/pt	4694935205180826670	778584.8677321726
cell/eq/flat/0.85/1500/s4/Tt	4654311885213007872	1500.0
cell/eq/flat/0.85/1500/s4/pt	4694667685457301056	747441.4730228856
cell/eq/flat/0.85/1500/s5/Tt	4653268190414211819	1262.6912775567569
cell/eq/flat/0.85/1500/s5/pt	4689252979832965765	320687.38758388936
cell/eq/flat/0.85/1500/s9/Tt	4653268190414211819	1262.6912775567569
cell/eq/flat/0.85/1500/s9/pt	4689142792485612766	314273.63983221154
cell/eq/flat/0.85/1500/s4/far	4583491089772941734	0.02717919071928212
cell/eq/flow/0.85/600/abort	0	0.0
cell/eq/flow/0.85/600/n_outer	4617315517961601024	5.0
cell/eq/flow/0.85/600/n_solve_turbine	4642261237772582912	229.0
cell/eq/flow/0.85/600/branch	0	0.0
cell/eq/flow/0.85/600/nozzle_choked	0	0.0
cell/eq/flow/0.85/600/eta_c	4605902594713970923	0.8579109832201345
cell/eq/flow/0.85/600/eta_t	4606281694560572503	0.8999995210530284
cell/eq/flow/0.85/600/n_corr	4603899749699250148	0.635550518210263
cell/eq/flow/0.85/600/N_ratio	4603899749699250148	0.635550518210263
cell/eq/flow/0.85/600/flowcoef	4604943420699551950	0.7514212756771259
cell/eq/flow/0.85/600/nu_t	4607204457627864759	1.0048936028223758
cell/eq/flow/0.85/600/pi_c	4613691551668195051	2.8906356722380813
cell/eq/flow/0.85/600/tau_c	4609034856166764316	1.4113237232476825
cell/eq/flow/0.85/600/tau_t	4605468001574177487	0.8096614522058533
cell/eq/flow/0.85/600/pi_t	4601255516119065003	0.4209908089447036
cell/eq/flow/0.85/600/mdot_air	4602274687419808151	0.47756618115081423
cell/eq/flow/0.85/600/mdot_ratio	4602274687419808151	0.47756618115081423
cell/eq/flow/0.85/600/thrust	4633134166635992226	56.39825905129807
cell/eq/flow/0.85/600/V0	4643453651052699634	269.7808475368648
cell/eq/flow/0.85/600/V9	4645497978243989854	385.987394359914
cell/eq/flow/0.85/600/M9	4606733576545942002	0.950168499510083
cell/eq/flow/0.85/600/T9	4645980084491904648	413.3919617455472
cell/eq/flow/0.85/600/p9	4677104761256804352	50000.0
cell/eq/flow/0.85/600/F_over_mdot	4638010625699313892	118.09516937609038
cell/eq/flow/0.85/600/tsfc	4541239165341012827	4.1432383368656115e-05
cell/eq/flow/0.85/600/eta_th	4595785912743404686	0.1836834143917127
cell/eq/flow/0.85/600/eta_p	4605635364321142734	0.8282424497203864
cell/eq/flow/0.85/600/s2/Tt	4643745586963694955	286.3754828060834
cell/eq/flow/0.85/600/s2/pt	4680086807681088516	77858.48677323764
cell/eq/flow/0.85/600/s3/Tt	4645817823859281578	404.1685126407343
cell/eq/flow/0.85/600/s3/pt	4686973033396451439	225060.51925319756
cell/eq/flow/0.85/600/s4/Tt	4648488871632306176	600.0
cell/eq/flow/0.85/600/s4/pt	4686663712574111195	216058.09848306965
cell/eq/flow/0.85/600/s5/Tt	4647253845131729331	485.79687132351245
cell/eq/flow/0.85/600/s5/pt	4680987031925156655	90958.47365943783
cell/eq/flow/0.85/600/s9/Tt	4647253845131729331	485.79687132351245
cell/eq/flow/0.85/600/s9/pt	4680862019550865019	89139.30418624908
cell/eq/flow/0.85/600/s4/far	4572291225952831820	0.004892964331576554
cell/eq/flow/0.85/900/abort	0	0.0
cell/eq/flow/0.85/900/n_outer	4618441417868443648	6.0
cell/eq/flow/0.85/900/n_solve_turbine	4642542712749293568	237.0
cell/eq/flow/0.85/900/branch	0	0.0
cell/eq/flow/0.85/900/nozzle_choked	4607182418800017408	1.0
cell/eq/flow/0.85/900/eta_c	4605964231660462884	0.8647540589364309
cell/eq/flow/0.85/900/eta_t	4606281693113835025	0.8999993604329025
cell/eq/flow/0.85/900/n_corr	4605191620306497244	0.7789769675104838
cell/eq/flow/0.85/900/N_ratio	4605191620306497244	0.7789769675104838
cell/eq/flow/0.85/900/flowcoef	4605144053029419081	0.7736959388873937
cell/eq/flow/0.85/900/nu_t	4607207886389067797	1.0056549407490867
cell/eq/flow/0.85/900/pi_c	4616795570996194984	4.538194325937788
cell/eq/flow/0.85/900/tau_c	4609974284661690555	1.619918752258896
cell/eq/flow/0.85/900/tau_t	4605581749489553207	0.8222900076711771
cell/eq/flow/0.85/900/pi_t	4601300478052829536	0.4234866976495564
cell/eq/flow/0.85/900/mdot_air	4603603780319839389	0.6026913162496786
cell/eq/flow/0.85/900/mdot_ratio	4603603780319839389	0.6026913162496786
cell/eq/flow/0.85/900/thrust	4641727646500727662	213.83442391673037
cell/eq/flow/0.85/900/V0	4643453651052699634	269.7808475368648
cell/eq/flow/0.85/900/V9	4647430572712315200	495.8426712110122
cell/eq/flow/0.85/900/M9	4607182418800017743	1.0000000000000744
cell/eq/flow/0.85/900/T9	4648726457480772067	627.0103837994942
cell/eq/flow/0.85/900/p9	4679902194857725205	75172.01661758528
cell/eq/flow/0.85/900/F_over_mdot	4644949310516413830	354.79924490590236
cell/eq/flow/0.85/900/tsfc	4539921648490740347	3.25045419227081e-05
cell/eq/flow/0.85/900/eta_th	4595588223881732638	0.17819644624320657
cell/eq/flow/0.85/900/eta_p	4607579811600297045	1.0882389273381439
cell/eq/flow/0.85/900/s2/Tt	4643745586963694955	286.3754828060834
cell/eq/flow/0.85/900/s2/pt	4680086807681088516	77858.48677323764
cell/eq/flow/0.85/900/s3/Tt	4646868719518642102	463.9050147847696
cell/eq/flow/0.85/900/s3/pt	4689813894922219351	353336.9429004094
cell/eq/flow/0.85/900/s4/Tt	4651127699538968576	900.0
cell/eq/flow/0.85/900/s4/pt	4689571083623943210	339203.465184393
cell/eq/flow/0.85/900/s5/Tt	4649720861277818403	740.0610069040598
cell/eq/flow/0.85/900/s5/pt	4684175725871175646	143648.15530222555
cell/eq/flow/0.85/900/s9/Tt	4649720861277818403	740.0610069040598
cell/eq/flow/0.85/900/s9/pt	4684077011610511040	140775.19219618104
cell/eq/flow/0.85/900/s4/far	4577801705518834868	0.011532586930189083
cell/eq/flow/0.85/1100/abort	0	0.0
cell/eq/flow/0.85/1100/n_outer	4617315517961601024	5.0
cell/eq/flow/0.85/1100/n_solve_turbine	4648620813027639296	615.0
cell/eq/flow/0.85/1100/branch	0	0.0
cell/eq/flow/0.85/1100/nozzle_choked	4607182418800017408	1.0
cell/eq/flow/0.85/1100/eta_c	4606029262777123822	0.8719739632398367
cell/eq/flow/0.85/1100/eta_t	4606281697355419622	0.8999998313433906
cell/eq/flow/0.85/1100/n_corr	4605910923090521634	0.8588356187605692
cell/eq/flow/0.85/1100/N_ratio	4605910923090521634	0.8588356187605692
cell/eq/flow/0.85/1100/flowcoef	4605672035546042020	0.8323137735428259
cell/eq/flow/0.85/1100/nu_t	4607195496954386876	1.002903933620117
cell/eq/flow/0.85/1100/pi_c	4618454449128195832	6.011574083693397
cell/eq/flow/0.85/1100/tau_c	4610599935544747185	1.7588411554082024
cell/eq/flow/0.85/1100/tau_t	4605653751388401109	0.8302838242629443
cell/eq/flow/0.85/1100/pi_t	4601338733656293158	0.4256103102388685
cell/eq/flow/0.85/1100/mdot_air	4604613752154028080	0.7148207147035972
cell/eq/flow/0.85/1100/mdot_ratio	4604613752154028080	0.7148207147035972
cell/eq/flow/0.85/1100/thrust	4644963647262565813	355.6141945725206
cell/eq/flow/0.85/1100/V0	4643453651052699634	269.7808475368648
cell/eq/flow/0.85/1100/V9	4648041965818665316	549.1926912877648
cell/eq/flow/0.85/1100/M9	4607182418800016450	0.9999999999998936
cell/eq/flow/0.85/1100/T9	4650078989672290264	780.7754915698852
cell/eq/flow/0.85/1100/p9	4681658969103940495	100736.44652388825
cell/eq/flow/0.85/1100/F_over_mdot	4647459504521468552	497.48725415711715
cell/eq/flow/0.85/1100/tsfc	4539994021620616026	3.299496132671302e-05
cell/eq/flow/0.85/1100/eta_th	4595162576232943929	0.1663823507416369
cell/eq/flow/0.85/1100/eta_p	4607849791821035769	1.1481865787896466
cell/eq/flow/0.85/1100/s2/Tt	4643745586963694955	286.3754828060834
cell/eq/flow/0.85/1100/s2/pt	4680086807681088516	77858.48677323764
cell/eq/flow/0.85/1100/s3/Tt	4647568606525295988	503.6889850592336
cell/eq/flow/0.85/1100/s3/pt	4691784685649434945	468052.06128158054
cell/eq/flow/0.85/1100/s4/Tt	4652552666608566272	1100.0
cell/eq/flow/0.85/1100/s4/pt	4691463042722070181	449329.9788303173
cell/eq/flow/0.85/1100/s5/Tt	4651244794947296113	913.3122066844791
cell/eq/flow/0.85/1100/s5/pt	4685810951050678866	191239.4716850692
cell/eq/flow/0.85/1100/s9/Tt	4651244794947296113	913.3122066844791
cell/eq/flow/0.85/1100/s9/pt	4685679532286424195	187414.6822513678
cell/eq/flow/0.85/1100/s4/far	4580388399875413850	0.01641457271144673
cell/eq/flow/0.85/1500/abort	0	0.0
cell/eq/flow/0.85/1500/n_outer	4607182418800017408	1.0
cell/eq/flow/0.85/1500/n_solve_turbine	4641240890982006784	200.0
cell/eq/flow/0.85/1500/branch	0	0.0
cell/eq/flow/0.85/1500/nozzle_choked	4607182418800017408	1.0
cell/eq/flow/0.85/1500/eta_c	4606101554889448489	0.88
cell/eq/flow/0.85/1500/eta_t	4606281698874543309	0.9
cell/eq/flow/0.85/1500/n_corr	4607182418800016760	0.9999999999999281
cell/eq/flow/0.85/1500/N_ratio	4607182418800016760	0.9999999999999281
cell/eq/flow/0.85/1500/flowcoef	4607182418800015698	0.9999999999998102
cell/eq/flow/0.85/1500/nu_t	4607182418800016760	0.9999999999999281
cell/eq/flow/0.85/1500/pi_c	4621819117588970046	9.999999999997382
cell/eq/flow/0.85/1500/tau_c	4611770577926474953	2.0375519611348847
cell/eq/flow/0.85/1500/tau_t	4605757427501394530	0.8417941850378379
cell/eq/flow/0.85/1500/pi_t	4601400640323062146	0.4290468205801049
cell/eq/flow/0.85/1500/mdot_air	4607182418800015050	0.9999999999997382
cell/eq/flow/0.85/1500/mdot_ratio	4607182418800015050	0.9999999999997382
cell/eq/flow/0.85/1500/thrust	4649770589893134478	745.7144959236191
cell/eq/flow/0.85/1500/V0	4643453651052699634	269.7808475368648
cell/eq/flow/0.85/1500/V9	4648859063097412413	642.08589701946
cell/eq/flow/0.85/1500/M9	4607182418800017142	0.9999999999999705
cell/eq/flow/0.85/1500/T9	4652529394908656964	1094.7086280578087
cell/eq/flow/0.85/1500/p9	4685110401077995787	170850.78405363145
cell/eq/flow/0.85/1500/F_over_mdot	4649770589893136195	745.7144959238143
cell/eq/flow/0.85/1500/tsfc	4540503479226442126	3.644718034562503e-05
cell/eq/flow/0.85/1500/eta_th	4594598930347527944	0.15073803474853542
cell/eq/flow/0.85/1500/eta_p	4607845841469625867	1.1473094245715199
cell/eq/flow/0.85/1500/s2/Tt	4643745586963694955	286.3754828060834
cell/eq/flow/0.85/1500/s2/pt	4680086807681088516	77858.48677323764
cell/eq/flow/0.85/1500/s3/Tt	4648343779432381444	583.5049266124847
cell/eq/flow/0.85/1500/s3/pt	4694935205180826670	778584.8677321726
cell/eq/flow/0.85/1500/s4/Tt	4654311885213007872	1500.0
cell/eq/flow/0.85/1500/s4/pt	4694667685457301056	747441.4730228856
cell/eq/flow/0.85/1500/s5/Tt	4653268190414211819	1262.6912775567569
cell/eq/flow/0.85/1500/s5/pt	4689252979832965765	320687.38758388936
cell/eq/flow/0.85/1500/s9/Tt	4653268190414211819	1262.6912775567569
cell/eq/flow/0.85/1500/s9/pt	4689142792485612766	314273.63983221154
cell/eq/flow/0.85/1500/s4/far	4583491089772941734	0.02717919071928212
census/matched	4639270566145032192	144.0
census/aborted	4620693217682128896	8.0
census/abort_code/1	0	0.0
census/abort_code/2	4620693217682128896	8.0
census/abort_code/3	0	0.0
census/abort_code/4	0	0.0
census/abort_code/5	0	0.0
census/abort_code/6	0	0.0
census/abort_code/7	0	0.0
census/abort_code/8	0	0.0
census/abort_code/9	0	0.0
red/cpg/flat/0.30/500/r31_ok	0	0.0
red/cpg/flat/0.30/600/r31_ok	0	0.0
red/cpg/flat/0.30/650/r31_ok	0	0.0
red/cpg/flat/0.30/900/r31_ok	4607182418800017408	1.0
red/cpg/flat/0.30/900/r31_branch	0	0.0
red/cpg/flat/0.30/900/pi_c_same	4607182418800017408	1.0
red/cpg/flat/0.30/900/tau_c_same	4607182418800017408	1.0
red/cpg/flat/0.30/900/tau_t_same	4607182418800017408	1.0
red/cpg/flat/0.30/900/pi_t_same	4607182418800017408	1.0
red/cpg/flat/0.30/900/mdot_air_same	4607182418800017408	1.0
red/cpg/flat/0.30/900/thrust_same	4607182418800017408	1.0
red/cpg/flat/0.30/900/V9_same	4607182418800017408	1.0
red/cpg/flat/0.30/900/T9_same	4607182418800017408	1.0
red/cpg/flat/0.30/900/p9_same	4607182418800017408	1.0
red/cpg/flat/0.30/900/all_same	4607182418800017408	1.0
red/cpg/flat/0.30/1100/r31_ok	4607182418800017408	1.0
red/cpg/flat/0.30/1100/r31_branch	0	0.0
red/cpg/flat/0.30/1100/pi_c_same	4607182418800017408	1.0
red/cpg/flat/0.30/1100/tau_c_same	4607182418800017408	1.0
red/cpg/flat/0.30/1100/tau_t_same	4607182418800017408	1.0
red/cpg/flat/0.30/1100/pi_t_same	4607182418800017408	1.0
red/cpg/flat/0.30/1100/mdot_air_same	4607182418800017408	1.0
red/cpg/flat/0.30/1100/thrust_same	4607182418800017408	1.0
red/cpg/flat/0.30/1100/V9_same	4607182418800017408	1.0
red/cpg/flat/0.30/1100/T9_same	4607182418800017408	1.0
red/cpg/flat/0.30/1100/p9_same	4607182418800017408	1.0
red/cpg/flat/0.30/1100/all_same	4607182418800017408	1.0
red/cpg/flat/0.30/1500/r31_ok	4607182418800017408	1.0
red/cpg/flat/0.30/1500/r31_branch	0	0.0
red/cpg/flat/0.30/1500/pi_c_same	4607182418800017408	1.0
red/cpg/flat/0.30/1500/tau_c_same	4607182418800017408	1.0
red/cpg/flat/0.30/1500/tau_t_same	4607182418800017408	1.0
red/cpg/flat/0.30/1500/pi_t_same	4607182418800017408	1.0
red/cpg/flat/0.30/1500/mdot_air_same	4607182418800017408	1.0
red/cpg/flat/0.30/1500/thrust_same	4607182418800017408	1.0
red/cpg/flat/0.30/1500/V9_same	4607182418800017408	1.0
red/cpg/flat/0.30/1500/T9_same	4607182418800017408	1.0
red/cpg/flat/0.30/1500/p9_same	4607182418800017408	1.0
red/cpg/flat/0.30/1500/all_same	4607182418800017408	1.0
red/cpg/flat/0.85/500/r31_ok	4607182418800017408	1.0
red/cpg/flat/0.85/500/r31_branch	4607182418800017408	1.0
red/cpg/flat/0.85/500/pi_c_same	0	0.0
red/cpg/flat/0.85/500/tau_c_same	0	0.0
red/cpg/flat/0.85/500/tau_t_same	0	0.0
red/cpg/flat/0.85/500/pi_t_same	0	0.0
red/cpg/flat/0.85/500/mdot_air_same	0	0.0
red/cpg/flat/0.85/500/thrust_same	0	0.0
red/cpg/flat/0.85/500/V9_same	0	0.0
red/cpg/flat/0.85/500/T9_same	0	0.0
red/cpg/flat/0.85/500/p9_same	4607182418800017408	1.0
red/cpg/flat/0.85/500/all_same	0	0.0
red/cpg/flat/0.85/600/r31_ok	4607182418800017408	1.0
red/cpg/flat/0.85/600/r31_branch	0	0.0
red/cpg/flat/0.85/600/pi_c_same	4607182418800017408	1.0
red/cpg/flat/0.85/600/tau_c_same	4607182418800017408	1.0
red/cpg/flat/0.85/600/tau_t_same	4607182418800017408	1.0
red/cpg/flat/0.85/600/pi_t_same	4607182418800017408	1.0
red/cpg/flat/0.85/600/mdot_air_same	4607182418800017408	1.0
red/cpg/flat/0.85/600/thrust_same	4607182418800017408	1.0
red/cpg/flat/0.85/600/V9_same	4607182418800017408	1.0
red/cpg/flat/0.85/600/T9_same	4607182418800017408	1.0
red/cpg/flat/0.85/600/p9_same	4607182418800017408	1.0
red/cpg/flat/0.85/600/all_same	4607182418800017408	1.0
red/cpg/flat/0.85/650/r31_ok	4607182418800017408	1.0
red/cpg/flat/0.85/650/r31_branch	0	0.0
red/cpg/flat/0.85/650/pi_c_same	4607182418800017408	1.0
red/cpg/flat/0.85/650/tau_c_same	4607182418800017408	1.0
red/cpg/flat/0.85/650/tau_t_same	4607182418800017408	1.0
red/cpg/flat/0.85/650/pi_t_same	4607182418800017408	1.0
red/cpg/flat/0.85/650/mdot_air_same	4607182418800017408	1.0
red/cpg/flat/0.85/650/thrust_same	4607182418800017408	1.0
red/cpg/flat/0.85/650/V9_same	4607182418800017408	1.0
red/cpg/flat/0.85/650/T9_same	4607182418800017408	1.0
red/cpg/flat/0.85/650/p9_same	4607182418800017408	1.0
red/cpg/flat/0.85/650/all_same	4607182418800017408	1.0
red/cpg/flat/0.85/900/r31_ok	4607182418800017408	1.0
red/cpg/flat/0.85/900/r31_branch	0	0.0
red/cpg/flat/0.85/900/pi_c_same	4607182418800017408	1.0
red/cpg/flat/0.85/900/tau_c_same	4607182418800017408	1.0
red/cpg/flat/0.85/900/tau_t_same	4607182418800017408	1.0
red/cpg/flat/0.85/900/pi_t_same	4607182418800017408	1.0
red/cpg/flat/0.85/900/mdot_air_same	4607182418800017408	1.0
red/cpg/flat/0.85/900/thrust_same	4607182418800017408	1.0
red/cpg/flat/0.85/900/V9_same	4607182418800017408	1.0
red/cpg/flat/0.85/900/T9_same	4607182418800017408	1.0
red/cpg/flat/0.85/900/p9_same	4607182418800017408	1.0
red/cpg/flat/0.85/900/all_same	4607182418800017408	1.0
red/cpg/flat/0.85/1100/r31_ok	4607182418800017408	1.0
red/cpg/flat/0.85/1100/r31_branch	0	0.0
red/cpg/flat/0.85/1100/pi_c_same	4607182418800017408	1.0
red/cpg/flat/0.85/1100/tau_c_same	4607182418800017408	1.0
red/cpg/flat/0.85/1100/tau_t_same	4607182418800017408	1.0
red/cpg/flat/0.85/1100/pi_t_same	4607182418800017408	1.0
red/cpg/flat/0.85/1100/mdot_air_same	4607182418800017408	1.0
red/cpg/flat/0.85/1100/thrust_same	4607182418800017408	1.0
red/cpg/flat/0.85/1100/V9_same	4607182418800017408	1.0
red/cpg/flat/0.85/1100/T9_same	4607182418800017408	1.0
red/cpg/flat/0.85/1100/p9_same	4607182418800017408	1.0
red/cpg/flat/0.85/1100/all_same	4607182418800017408	1.0
red/cpg/flat/0.85/1500/r31_ok	4607182418800017408	1.0
red/cpg/flat/0.85/1500/r31_branch	0	0.0
red/cpg/flat/0.85/1500/pi_c_same	4607182418800017408	1.0
red/cpg/flat/0.85/1500/tau_c_same	4607182418800017408	1.0
red/cpg/flat/0.85/1500/tau_t_same	4607182418800017408	1.0
red/cpg/flat/0.85/1500/pi_t_same	4607182418800017408	1.0
red/cpg/flat/0.85/1500/mdot_air_same	4607182418800017408	1.0
red/cpg/flat/0.85/1500/thrust_same	4607182418800017408	1.0
red/cpg/flat/0.85/1500/V9_same	4607182418800017408	1.0
red/cpg/flat/0.85/1500/T9_same	4607182418800017408	1.0
red/cpg/flat/0.85/1500/p9_same	4607182418800017408	1.0
red/cpg/flat/0.85/1500/all_same	4607182418800017408	1.0
red/cpg/flat/1.60/600/r31_ok	4607182418800017408	1.0
red/cpg/flat/1.60/600/r31_branch	0	0.0
red/cpg/flat/1.60/600/pi_c_same	4607182418800017408	1.0
red/cpg/flat/1.60/600/tau_c_same	4607182418800017408	1.0
red/cpg/flat/1.60/600/tau_t_same	4607182418800017408	1.0
red/cpg/flat/1.60/600/pi_t_same	4607182418800017408	1.0
red/cpg/flat/1.60/600/mdot_air_same	4607182418800017408	1.0
red/cpg/flat/1.60/600/thrust_same	4607182418800017408	1.0
red/cpg/flat/1.60/600/V9_same	4607182418800017408	1.0
red/cpg/flat/1.60/600/T9_same	4607182418800017408	1.0
red/cpg/flat/1.60/600/p9_same	4607182418800017408	1.0
red/cpg/flat/1.60/600/all_same	4607182418800017408	1.0
red/cpg/flat/1.60/650/r31_ok	4607182418800017408	1.0
red/cpg/flat/1.60/650/r31_branch	0	0.0
red/cpg/flat/1.60/650/pi_c_same	4607182418800017408	1.0
red/cpg/flat/1.60/650/tau_c_same	4607182418800017408	1.0
red/cpg/flat/1.60/650/tau_t_same	4607182418800017408	1.0
red/cpg/flat/1.60/650/pi_t_same	4607182418800017408	1.0
red/cpg/flat/1.60/650/mdot_air_same	4607182418800017408	1.0
red/cpg/flat/1.60/650/thrust_same	4607182418800017408	1.0
red/cpg/flat/1.60/650/V9_same	4607182418800017408	1.0
red/cpg/flat/1.60/650/T9_same	4607182418800017408	1.0
red/cpg/flat/1.60/650/p9_same	4607182418800017408	1.0
red/cpg/flat/1.60/650/all_same	4607182418800017408	1.0
red/cpg/flat/1.60/900/r31_ok	4607182418800017408	1.0
red/cpg/flat/1.60/900/r31_branch	0	0.0
red/cpg/flat/1.60/900/pi_c_same	4607182418800017408	1.0
red/cpg/flat/1.60/900/tau_c_same	4607182418800017408	1.0
red/cpg/flat/1.60/900/tau_t_same	4607182418800017408	1.0
red/cpg/flat/1.60/900/pi_t_same	4607182418800017408	1.0
red/cpg/flat/1.60/900/mdot_air_same	4607182418800017408	1.0
red/cpg/flat/1.60/900/thrust_same	4607182418800017408	1.0
red/cpg/flat/1.60/900/V9_same	4607182418800017408	1.0
red/cpg/flat/1.60/900/T9_same	4607182418800017408	1.0
red/cpg/flat/1.60/900/p9_same	4607182418800017408	1.0
red/cpg/flat/1.60/900/all_same	4607182418800017408	1.0
red/cpg/flat/1.60/1100/r31_ok	4607182418800017408	1.0
red/cpg/flat/1.60/1100/r31_branch	0	0.0
red/cpg/flat/1.60/1100/pi_c_same	4607182418800017408	1.0
red/cpg/flat/1.60/1100/tau_c_same	4607182418800017408	1.0
red/cpg/flat/1.60/1100/tau_t_same	4607182418800017408	1.0
red/cpg/flat/1.60/1100/pi_t_same	4607182418800017408	1.0
red/cpg/flat/1.60/1100/mdot_air_same	4607182418800017408	1.0
red/cpg/flat/1.60/1100/thrust_same	4607182418800017408	1.0
red/cpg/flat/1.60/1100/V9_same	4607182418800017408	1.0
red/cpg/flat/1.60/1100/T9_same	4607182418800017408	1.0
red/cpg/flat/1.60/1100/p9_same	4607182418800017408	1.0
red/cpg/flat/1.60/1100/all_same	4607182418800017408	1.0
red/cpg/flat/1.60/1500/r31_ok	4607182418800017408	1.0
red/cpg/flat/1.60/1500/r31_branch	0	0.0
red/cpg/flat/1.60/1500/pi_c_same	4607182418800017408	1.0
red/cpg/flat/1.60/1500/tau_c_same	4607182418800017408	1.0
red/cpg/flat/1.60/1500/tau_t_same	4607182418800017408	1.0
red/cpg/flat/1.60/1500/pi_t_same	4607182418800017408	1.0
red/cpg/flat/1.60/1500/mdot_air_same	4607182418800017408	1.0
red/cpg/flat/1.60/1500/thrust_same	4607182418800017408	1.0
red/cpg/flat/1.60/1500/V9_same	4607182418800017408	1.0
red/cpg/flat/1.60/1500/T9_same	4607182418800017408	1.0
red/cpg/flat/1.60/1500/p9_same	4607182418800017408	1.0
red/cpg/flat/1.60/1500/all_same	4607182418800017408	1.0
red/tpg/flat/0.30/500/r31_ok	0	0.0
red/tpg/flat/0.30/600/r31_ok	0	0.0
red/tpg/flat/0.30/650/r31_ok	0	0.0
red/tpg/flat/0.30/900/r31_ok	4607182418800017408	1.0
red/tpg/flat/0.30/900/r31_branch	0	0.0
red/tpg/flat/0.30/900/pi_c_same	4607182418800017408	1.0
red/tpg/flat/0.30/900/tau_c_same	4607182418800017408	1.0
red/tpg/flat/0.30/900/tau_t_same	4607182418800017408	1.0
red/tpg/flat/0.30/900/pi_t_same	4607182418800017408	1.0
red/tpg/flat/0.30/900/mdot_air_same	4607182418800017408	1.0
red/tpg/flat/0.30/900/thrust_same	4607182418800017408	1.0
red/tpg/flat/0.30/900/V9_same	4607182418800017408	1.0
red/tpg/flat/0.30/900/T9_same	4607182418800017408	1.0
red/tpg/flat/0.30/900/p9_same	4607182418800017408	1.0
red/tpg/flat/0.30/900/all_same	4607182418800017408	1.0
red/tpg/flat/0.30/1100/r31_ok	4607182418800017408	1.0
red/tpg/flat/0.30/1100/r31_branch	0	0.0
red/tpg/flat/0.30/1100/pi_c_same	4607182418800017408	1.0
red/tpg/flat/0.30/1100/tau_c_same	4607182418800017408	1.0
red/tpg/flat/0.30/1100/tau_t_same	4607182418800017408	1.0
red/tpg/flat/0.30/1100/pi_t_same	4607182418800017408	1.0
red/tpg/flat/0.30/1100/mdot_air_same	4607182418800017408	1.0
red/tpg/flat/0.30/1100/thrust_same	4607182418800017408	1.0
red/tpg/flat/0.30/1100/V9_same	4607182418800017408	1.0
red/tpg/flat/0.30/1100/T9_same	4607182418800017408	1.0
red/tpg/flat/0.30/1100/p9_same	4607182418800017408	1.0
red/tpg/flat/0.30/1100/all_same	4607182418800017408	1.0
red/tpg/flat/0.30/1500/r31_ok	4607182418800017408	1.0
red/tpg/flat/0.30/1500/r31_branch	0	0.0
red/tpg/flat/0.30/1500/pi_c_same	4607182418800017408	1.0
red/tpg/flat/0.30/1500/tau_c_same	4607182418800017408	1.0
red/tpg/flat/0.30/1500/tau_t_same	4607182418800017408	1.0
red/tpg/flat/0.30/1500/pi_t_same	4607182418800017408	1.0
red/tpg/flat/0.30/1500/mdot_air_same	4607182418800017408	1.0
red/tpg/flat/0.30/1500/thrust_same	4607182418800017408	1.0
red/tpg/flat/0.30/1500/V9_same	4607182418800017408	1.0
red/tpg/flat/0.30/1500/T9_same	4607182418800017408	1.0
red/tpg/flat/0.30/1500/p9_same	4607182418800017408	1.0
red/tpg/flat/0.30/1500/all_same	4607182418800017408	1.0
red/tpg/flat/0.85/500/r31_ok	4607182418800017408	1.0
red/tpg/flat/0.85/500/r31_branch	4607182418800017408	1.0
red/tpg/flat/0.85/500/pi_c_same	0	0.0
red/tpg/flat/0.85/500/tau_c_same	0	0.0
red/tpg/flat/0.85/500/tau_t_same	0	0.0
red/tpg/flat/0.85/500/pi_t_same	0	0.0
red/tpg/flat/0.85/500/mdot_air_same	0	0.0
red/tpg/flat/0.85/500/thrust_same	0	0.0
red/tpg/flat/0.85/500/V9_same	0	0.0
red/tpg/flat/0.85/500/T9_same	0	0.0
red/tpg/flat/0.85/500/p9_same	4607182418800017408	1.0
red/tpg/flat/0.85/500/all_same	0	0.0
red/tpg/flat/0.85/600/r31_ok	4607182418800017408	1.0
red/tpg/flat/0.85/600/r31_branch	4607182418800017408	1.0
red/tpg/flat/0.85/600/pi_c_same	0	0.0
red/tpg/flat/0.85/600/tau_c_same	0	0.0
red/tpg/flat/0.85/600/tau_t_same	0	0.0
red/tpg/flat/0.85/600/pi_t_same	0	0.0
red/tpg/flat/0.85/600/mdot_air_same	0	0.0
red/tpg/flat/0.85/600/thrust_same	0	0.0
red/tpg/flat/0.85/600/V9_same	0	0.0
red/tpg/flat/0.85/600/T9_same	0	0.0
red/tpg/flat/0.85/600/p9_same	4607182418800017408	1.0
red/tpg/flat/0.85/600/all_same	0	0.0
red/tpg/flat/0.85/650/r31_ok	4607182418800017408	1.0
red/tpg/flat/0.85/650/r31_branch	0	0.0
red/tpg/flat/0.85/650/pi_c_same	4607182418800017408	1.0
red/tpg/flat/0.85/650/tau_c_same	4607182418800017408	1.0
red/tpg/flat/0.85/650/tau_t_same	4607182418800017408	1.0
red/tpg/flat/0.85/650/pi_t_same	4607182418800017408	1.0
red/tpg/flat/0.85/650/mdot_air_same	4607182418800017408	1.0
red/tpg/flat/0.85/650/thrust_same	4607182418800017408	1.0
red/tpg/flat/0.85/650/V9_same	4607182418800017408	1.0
red/tpg/flat/0.85/650/T9_same	4607182418800017408	1.0
red/tpg/flat/0.85/650/p9_same	4607182418800017408	1.0
red/tpg/flat/0.85/650/all_same	4607182418800017408	1.0
red/tpg/flat/0.85/900/r31_ok	4607182418800017408	1.0
red/tpg/flat/0.85/900/r31_branch	0	0.0
red/tpg/flat/0.85/900/pi_c_same	4607182418800017408	1.0
red/tpg/flat/0.85/900/tau_c_same	4607182418800017408	1.0
red/tpg/flat/0.85/900/tau_t_same	4607182418800017408	1.0
red/tpg/flat/0.85/900/pi_t_same	4607182418800017408	1.0
red/tpg/flat/0.85/900/mdot_air_same	4607182418800017408	1.0
red/tpg/flat/0.85/900/thrust_same	4607182418800017408	1.0
red/tpg/flat/0.85/900/V9_same	4607182418800017408	1.0
red/tpg/flat/0.85/900/T9_same	4607182418800017408	1.0
red/tpg/flat/0.85/900/p9_same	4607182418800017408	1.0
red/tpg/flat/0.85/900/all_same	4607182418800017408	1.0
red/tpg/flat/0.85/1100/r31_ok	4607182418800017408	1.0
red/tpg/flat/0.85/1100/r31_branch	0	0.0
red/tpg/flat/0.85/1100/pi_c_same	4607182418800017408	1.0
red/tpg/flat/0.85/1100/tau_c_same	4607182418800017408	1.0
red/tpg/flat/0.85/1100/tau_t_same	4607182418800017408	1.0
red/tpg/flat/0.85/1100/pi_t_same	4607182418800017408	1.0
red/tpg/flat/0.85/1100/mdot_air_same	4607182418800017408	1.0
red/tpg/flat/0.85/1100/thrust_same	4607182418800017408	1.0
red/tpg/flat/0.85/1100/V9_same	4607182418800017408	1.0
red/tpg/flat/0.85/1100/T9_same	4607182418800017408	1.0
red/tpg/flat/0.85/1100/p9_same	4607182418800017408	1.0
red/tpg/flat/0.85/1100/all_same	4607182418800017408	1.0
red/tpg/flat/0.85/1500/r31_ok	4607182418800017408	1.0
red/tpg/flat/0.85/1500/r31_branch	0	0.0
red/tpg/flat/0.85/1500/pi_c_same	4607182418800017408	1.0
red/tpg/flat/0.85/1500/tau_c_same	4607182418800017408	1.0
red/tpg/flat/0.85/1500/tau_t_same	4607182418800017408	1.0
red/tpg/flat/0.85/1500/pi_t_same	4607182418800017408	1.0
red/tpg/flat/0.85/1500/mdot_air_same	4607182418800017408	1.0
red/tpg/flat/0.85/1500/thrust_same	4607182418800017408	1.0
red/tpg/flat/0.85/1500/V9_same	4607182418800017408	1.0
red/tpg/flat/0.85/1500/T9_same	4607182418800017408	1.0
red/tpg/flat/0.85/1500/p9_same	4607182418800017408	1.0
red/tpg/flat/0.85/1500/all_same	4607182418800017408	1.0
red/tpg/flat/1.60/600/r31_ok	4607182418800017408	1.0
red/tpg/flat/1.60/600/r31_branch	0	0.0
red/tpg/flat/1.60/600/pi_c_same	4607182418800017408	1.0
red/tpg/flat/1.60/600/tau_c_same	4607182418800017408	1.0
red/tpg/flat/1.60/600/tau_t_same	4607182418800017408	1.0
red/tpg/flat/1.60/600/pi_t_same	4607182418800017408	1.0
red/tpg/flat/1.60/600/mdot_air_same	4607182418800017408	1.0
red/tpg/flat/1.60/600/thrust_same	4607182418800017408	1.0
red/tpg/flat/1.60/600/V9_same	4607182418800017408	1.0
red/tpg/flat/1.60/600/T9_same	4607182418800017408	1.0
red/tpg/flat/1.60/600/p9_same	4607182418800017408	1.0
red/tpg/flat/1.60/600/all_same	4607182418800017408	1.0
red/tpg/flat/1.60/650/r31_ok	4607182418800017408	1.0
red/tpg/flat/1.60/650/r31_branch	0	0.0
red/tpg/flat/1.60/650/pi_c_same	4607182418800017408	1.0
red/tpg/flat/1.60/650/tau_c_same	4607182418800017408	1.0
red/tpg/flat/1.60/650/tau_t_same	4607182418800017408	1.0
red/tpg/flat/1.60/650/pi_t_same	4607182418800017408	1.0
red/tpg/flat/1.60/650/mdot_air_same	4607182418800017408	1.0
red/tpg/flat/1.60/650/thrust_same	4607182418800017408	1.0
red/tpg/flat/1.60/650/V9_same	4607182418800017408	1.0
red/tpg/flat/1.60/650/T9_same	4607182418800017408	1.0
red/tpg/flat/1.60/650/p9_same	4607182418800017408	1.0
red/tpg/flat/1.60/650/all_same	4607182418800017408	1.0
red/tpg/flat/1.60/900/r31_ok	4607182418800017408	1.0
red/tpg/flat/1.60/900/r31_branch	0	0.0
red/tpg/flat/1.60/900/pi_c_same	4607182418800017408	1.0
red/tpg/flat/1.60/900/tau_c_same	4607182418800017408	1.0
red/tpg/flat/1.60/900/tau_t_same	4607182418800017408	1.0
red/tpg/flat/1.60/900/pi_t_same	4607182418800017408	1.0
red/tpg/flat/1.60/900/mdot_air_same	4607182418800017408	1.0
red/tpg/flat/1.60/900/thrust_same	4607182418800017408	1.0
red/tpg/flat/1.60/900/V9_same	4607182418800017408	1.0
red/tpg/flat/1.60/900/T9_same	4607182418800017408	1.0
red/tpg/flat/1.60/900/p9_same	4607182418800017408	1.0
red/tpg/flat/1.60/900/all_same	4607182418800017408	1.0
red/tpg/flat/1.60/1100/r31_ok	4607182418800017408	1.0
red/tpg/flat/1.60/1100/r31_branch	0	0.0
red/tpg/flat/1.60/1100/pi_c_same	4607182418800017408	1.0
red/tpg/flat/1.60/1100/tau_c_same	4607182418800017408	1.0
red/tpg/flat/1.60/1100/tau_t_same	4607182418800017408	1.0
red/tpg/flat/1.60/1100/pi_t_same	4607182418800017408	1.0
red/tpg/flat/1.60/1100/mdot_air_same	4607182418800017408	1.0
red/tpg/flat/1.60/1100/thrust_same	4607182418800017408	1.0
red/tpg/flat/1.60/1100/V9_same	4607182418800017408	1.0
red/tpg/flat/1.60/1100/T9_same	4607182418800017408	1.0
red/tpg/flat/1.60/1100/p9_same	4607182418800017408	1.0
red/tpg/flat/1.60/1100/all_same	4607182418800017408	1.0
red/tpg/flat/1.60/1500/r31_ok	4607182418800017408	1.0
red/tpg/flat/1.60/1500/r31_branch	0	0.0
red/tpg/flat/1.60/1500/pi_c_same	4607182418800017408	1.0
red/tpg/flat/1.60/1500/tau_c_same	4607182418800017408	1.0
red/tpg/flat/1.60/1500/tau_t_same	4607182418800017408	1.0
red/tpg/flat/1.60/1500/pi_t_same	4607182418800017408	1.0
red/tpg/flat/1.60/1500/mdot_air_same	4607182418800017408	1.0
red/tpg/flat/1.60/1500/thrust_same	4607182418800017408	1.0
red/tpg/flat/1.60/1500/V9_same	4607182418800017408	1.0
red/tpg/flat/1.60/1500/T9_same	4607182418800017408	1.0
red/tpg/flat/1.60/1500/p9_same	4607182418800017408	1.0
red/tpg/flat/1.60/1500/all_same	4607182418800017408	1.0
red/eq/flat/0.85/600/r31_ok	4607182418800017408	1.0
red/eq/flat/0.85/600/r31_branch	4607182418800017408	1.0
red/eq/flat/0.85/600/pi_c_same	0	0.0
red/eq/flat/0.85/600/tau_c_same	0	0.0
red/eq/flat/0.85/600/tau_t_same	0	0.0
red/eq/flat/0.85/600/pi_t_same	0	0.0
red/eq/flat/0.85/600/mdot_air_same	0	0.0
red/eq/flat/0.85/600/thrust_same	0	0.0
red/eq/flat/0.85/600/V9_same	0	0.0
red/eq/flat/0.85/600/T9_same	0	0.0
red/eq/flat/0.85/600/p9_same	4607182418800017408	1.0
red/eq/flat/0.85/600/all_same	0	0.0
red/eq/flat/0.85/900/r31_ok	4607182418800017408	1.0
red/eq/flat/0.85/900/r31_branch	0	0.0
red/eq/flat/0.85/900/pi_c_same	4607182418800017408	1.0
red/eq/flat/0.85/900/tau_c_same	4607182418800017408	1.0
red/eq/flat/0.85/900/tau_t_same	4607182418800017408	1.0
red/eq/flat/0.85/900/pi_t_same	4607182418800017408	1.0
red/eq/flat/0.85/900/mdot_air_same	4607182418800017408	1.0
red/eq/flat/0.85/900/thrust_same	4607182418800017408	1.0
red/eq/flat/0.85/900/V9_same	4607182418800017408	1.0
red/eq/flat/0.85/900/T9_same	4607182418800017408	1.0
red/eq/flat/0.85/900/p9_same	4607182418800017408	1.0
red/eq/flat/0.85/900/all_same	4607182418800017408	1.0
red/eq/flat/0.85/1100/r31_ok	4607182418800017408	1.0
red/eq/flat/0.85/1100/r31_branch	0	0.0
red/eq/flat/0.85/1100/pi_c_same	4607182418800017408	1.0
red/eq/flat/0.85/1100/tau_c_same	4607182418800017408	1.0
red/eq/flat/0.85/1100/tau_t_same	4607182418800017408	1.0
red/eq/flat/0.85/1100/pi_t_same	4607182418800017408	1.0
red/eq/flat/0.85/1100/mdot_air_same	4607182418800017408	1.0
red/eq/flat/0.85/1100/thrust_same	4607182418800017408	1.0
red/eq/flat/0.85/1100/V9_same	4607182418800017408	1.0
red/eq/flat/0.85/1100/T9_same	4607182418800017408	1.0
red/eq/flat/0.85/1100/p9_same	4607182418800017408	1.0
red/eq/flat/0.85/1100/all_same	4607182418800017408	1.0
red/eq/flat/0.85/1500/r31_ok	4607182418800017408	1.0
red/eq/flat/0.85/1500/r31_branch	0	0.0
red/eq/flat/0.85/1500/pi_c_same	4607182418800017408	1.0
red/eq/flat/0.85/1500/tau_c_same	4607182418800017408	1.0
red/eq/flat/0.85/1500/tau_t_same	4607182418800017408	1.0
red/eq/flat/0.85/1500/pi_t_same	4607182418800017408	1.0
red/eq/flat/0.85/1500/mdot_air_same	4607182418800017408	1.0
red/eq/flat/0.85/1500/thrust_same	4607182418800017408	1.0
red/eq/flat/0.85/1500/V9_same	4607182418800017408	1.0
red/eq/flat/0.85/1500/T9_same	4607182418800017408	1.0
red/eq/flat/0.85/1500/p9_same	4607182418800017408	1.0
red/eq/flat/0.85/1500/all_same	4607182418800017408	1.0
census/reduce_choked_cells	4628574517030027264	28.0
census/reduce_choked_bitequal	4628574517030027264	28.0
census/reduce_subsonic_cells	4616189618054758400	4.0
census/reduce_subsonic_bitequal	0	0.0
shapes/cpg/0.30/500/tau_c_spread	4515198580932014180	7.512498193316885e-07
shapes/cpg/0.30/500/tau_c_n	4616189618054758400	4.0
shapes/cpg/0.30/500/pi_c_spread	4585221407710369447	0.035114874026402725
shapes/cpg/0.30/500/pi_c_n	4616189618054758400	4.0
shapes/cpg/0.30/500/mdot_air_spread	4585221408623119191	0.03511488035987636
shapes/cpg/0.30/500/mdot_air_n	4616189618054758400	4.0
shapes/cpg/0.30/500/n_corr_spread	4582179632112628667	0.02262915793709273
shapes/cpg/0.30/500/n_corr_n	4616189618054758400	4.0
shapes/cpg/0.30/500/eta_c_spread	4585940261099578415	0.04010292142658788
shapes/cpg/0.30/500/eta_c_n	4616189618054758400	4.0
shapes/cpg/0.30/500/thrust_spread	4599540656227123574	0.32579696214272447
shapes/cpg/0.30/500/thrust_n	4616189618054758400	4.0
shapes/cpg/0.30/600/tau_c_spread	4518797399742211545	1.310904848116049e-06
shapes/cpg/0.30/600/tau_c_n	4616189618054758400	4.0
shapes/cpg/0.30/600/pi_c_spread	4584980472968475343	0.033443053414634265
shapes/cpg/0.30/600/pi_c_n	4616189618054758400	4.0
shapes/cpg/0.30/600/mdot_air_spread	4584980474652215259	0.033443065097926904
shapes/cpg/0.30/600/mdot_air_n	4616189618054758400	4.0
shapes/cpg/0.30/600/n_corr_spread	4582529384713218854	0.023842606031148204
shapes/cpg/0.30/600/n_corr_n	4616189618054758400	4.0
shapes/cpg/0.30/600/eta_c_spread	4584956879533157115	0.03327934107013238
shapes/cpg/0.30/600/eta_c_n	4616189618054758400	4.0
shapes/cpg/0.30/600/thrust_spread	4592676435116564856	0.11118903649742673
shapes/cpg/0.30/600/thrust_n	4616189618054758400	4.0
shapes/cpg/0.30/650/tau_c_spread	4519061342097325041	1.3667968158553055e-06
shapes/cpg/0.30/650/tau_c_n	4616189618054758400	4.0
shapes/cpg/0.30/650/pi_c_spread	4584727124795700090	0.031685097322998027
shapes/cpg/0.30/650/pi_c_n	4616189618054758400	4.0
shapes/cpg/0.30/650/mdot_air_spread	4584727126598920367	0.031685109835352214
shapes/cpg/0.30/650/mdot_air_n	4616189618054758400	4.0
shapes/cpg/0.30/650/n_corr_spread	4582325919815776406	0.02313669536288695
shapes/cpg/0.30/650/n_corr_n	4616189618054758400	4.0
shapes/cpg/0.30/650/eta_c_spread	4584228705837349035	0.02973831052565205
shapes/cpg/0.30/650/eta_c_n	4616189618054758400	4.0
shapes/cpg/0.30/650/thrust_spread	4590780602156006554	0.08487906895173794
shapes/cpg/0.30/650/thrust_n	4616189618054758400	4.0
shapes/cpg/0.30/900/tau_c_spread	4510126627855297621	3.4553652858573526e-07
shapes/cpg/0.30/900/tau_c_n	4616189618054758400	4.0
shapes/cpg/0.30/900/pi_c_spread	4580839617125960614	0.01798004702602509
shapes/cpg/0.30/900/pi_c_n	4616189618054758400	4.0
shapes/cpg/0.30/900/mdot_air_spread	4580839617161488948	0.01798004714928876
shapes/cpg/0.30/900/mdot_air_n	4616189618054758400	4.0
shapes/cpg/0.30/900/n_corr_spread	4578671476931156911	0.013041399817877634
shapes/cpg/0.30/900/n_corr_n	4616189618054758400	4.0
shapes/cpg/0.30/900/eta_c_spread	4578933142369761399	0.013495316997076607
shapes/cpg/0.30/900/eta_c_n	4616189618054758400	4.0
shapes/cpg/0.30/900/thrust_spread	4584312701225077831	0.030029728067585883
shapes/cpg/0.30/900/thrust_n	4616189618054758400	4.0
shapes/cpg/0.30/1100/tau_c_spread	4500856508717188511	8.290441646360485e-08
shapes/cpg/0.30/1100/tau_c_n	4616189618054758400	4.0
shapes/cpg/0.30/1100/pi_c_spread	4574416039683979914	0.006735946462326789
shapes/cpg/0.30/1100/pi_c_n	4616189618054758400	4.0
shapes/cpg/0.30/1100/mdot_air_spread	4574416040706461823	0.006735947349188475
shapes/cpg/0.30/1100/mdot_air_n	4616189618054758400	4.0
shapes/cpg/0.30/1100/n_corr_spread	4571596857950829265	0.004290696094556083
shapes/cpg/0.30/1100/n_corr_n	4616189618054758400	4.0
shapes/cpg/0.30/1100/eta_c_spread	4571794263246057800	0.004461917894513619
shapes/cpg/0.30/1100/eta_c_n	4616189618054758400	4.0
shapes/cpg/0.30/1100/thrust_spread	4576654905448108978	0.009543205925249019
shapes/cpg/0.30/1100/thrust_n	4616189618054758400	4.0
shapes/cpg/0.30/1500/tau_c_spread	4500994887485090193	8.473584420756079e-08
shapes/cpg/0.30/1500/tau_c_n	4616189618054758400	4.0
shapes/cpg/0.30/1500/pi_c_spread	4571335893647956531	0.004064345643263456
shapes/cpg/0.30/1500/pi_c_n	4616189618054758400	4.0
shapes/cpg/0.30/1500/mdot_air_spread	4571335894088296075	0.004064346025197128
shapes/cpg/0.30/1500/mdot_air_n	4616189618054758400	4.0
shapes/cpg/0.30/1500/n_corr_spread	4567080199976794098	0.0021396848921488793
shapes/cpg/0.30/1500/n_corr_n	4616189618054758400	4.0
shapes/cpg/0.30/1500/eta_c_spread	4567383955457278080	0.002271417832886924
shapes/cpg/0.30/1500/eta_c_n	4616189618054758400	4.0
shapes/cpg/0.30/1500/thrust_spread	4572298228145752721	0.004899037765798157
shapes/cpg/0.30/1500/thrust_n	4616189618054758400	4.0
shapes/cpg/0.85/500/tau_c_spread	4510311308853266987	3.5531345921147636e-07
shapes/cpg/0.85/500/tau_c_n	4616189618054758400	4.0
shapes/cpg/0.85/500/pi_c_spread	4585398916602421849	0.03634658939535446
shapes/cpg/0.85/500/pi_c_n	4616189618054758400	4.0
shapes/cpg/0.85/500/mdot_air_spread	4585398916687533158	0.036346589985932806
shapes/cpg/0.85/500/mdot_air_n	4616189618054758400	4.0
shapes/cpg/0.85/500/n_corr_spread	4581447003988288753	0.020087343524186122
shapes/cpg/0.85/500/n_corr_n	4616189618054758400	4.0
shapes/cpg/0.85/500/eta_c_spread	4586717967227636584	0.045499341737602006
shapes/cpg/0.85/500/eta_c_n	4616189618054758400	4.0
shapes/cpg/0.85/500/thrust_spread	4598929013206612504	0.2918439539315911
shapes/cpg/0.85/500/thrust_n	4616189618054758400	4.0
shapes/cpg/0.85/600/tau_c_spread	4517745983323042187	1.088258761035903e-06
shapes/cpg/0.85/600/tau_c_n	4616189618054758400	4.0
shapes/cpg/0.85/600/pi_c_spread	4585189435847572224	0.034893024662542516
shapes/cpg/0.85/600/pi_c_n	4616189618054758400	4.0
shapes/cpg/0.85/600/mdot_air_spread	4585189437364653497	0.03489303518940851
shapes/cpg/0.85/600/mdot_air_n	4616189618054758400	4.0
shapes/cpg/0.85/600/n_corr_spread	4582451135383255259	0.023571124131813597
shapes/cpg/0.85/600/n_corr_n	4616189618054758400	4.0
shapes/cpg/0.85/600/eta_c_spread	4585620400570969437	0.0378834431545225
shapes/cpg/0.85/600/eta_c_n	4616189618054758400	4.0
shapes/cpg/0.85/600/thrust_spread	4592990967284245556	0.1155540471792314
shapes/cpg/0.85/600/thrust_n	4616189618054758400	4.0
shapes/cpg/0.85/650/tau_c_spread	4519019279156724109	1.357889641718458e-06
shapes/cpg/0.85/650/tau_c_n	4616189618054758400	4.0
shapes/cpg/0.85/650/pi_c_spread	4585069948928095167	0.03406391760538651
shapes/cpg/0.85/650/pi_c_n	4616189618054758400	4.0
shapes/cpg/0.85/650/mdot_air_spread	4585069950868446075	0.0340639310692756
shapes/cpg/0.85/650/mdot_air_n	4616189618054758400	4.0
shapes/cpg/0.85/650/n_corr_spread	4582571163111567193	0.023987553967955353
shapes/cpg/0.85/650/n_corr_n	4616189618054758400	4.0
shapes/cpg/0.85/650/eta_c_spread	4585178441737004295	0.03481673769574383
shapes/cpg/0.85/650/eta_c_n	4616189618054758400	4.0
shapes/cpg/0.85/650/thrust_spread	4591298652128008543	0.09206845653702576
shapes/cpg/0.85/650/thrust_n	4616189618054758400	4.0
shapes/cpg/0.85/900/tau_c_spread	4517359463436861135	1.0064099914448197e-06
shapes/cpg/0.85/900/tau_c_n	4616189618054758400	4.0
shapes/cpg/0.85/900/pi_c_spread	4582554889121679462	0.02393109222334324
shapes/cpg/0.85/900/pi_c_n	4616189618054758400	4.0
shapes/cpg/0.85/900/mdot_air_spread	4582554892352580150	0.023931103432781785
shapes/cpg/0.85/900/mdot_air_n	4616189618054758400	4.0
shapes/cpg/0.85/900/n_corr_spread	4580805110481845298	0.01786032805477706
shapes/cpg/0.85/900/n_corr_n	4616189618054758400	4.0
shapes/cpg/0.85/900/eta_c_spread	4581245499898679355	0.01938823577468461
shapes/cpg/0.85/900/eta_c_n	4616189618054758400	4.0
shapes/cpg/0.85/900/thrust_spread	4585894945038445713	0.03978847808624509
shapes/cpg/0.85/900/thrust_n	4616189618054758400	4.0
shapes/cpg/0.85/1100/tau_c_spread	4506317610223302080	1.9115369662574954e-07
shapes/cpg/0.85/1100/tau_c_n	4616189618054758400	4.0
shapes/cpg/0.85/1100/pi_c_spread	4578953713609393288	0.01353100240939599
shapes/cpg/0.85/1100/pi_c_n	4616189618054758400	4.0
shapes/cpg/0.85/1100/mdot_air_spread	4578953713639501331	0.013531002461625119
shapes/cpg/0.85/1100/mdot_air_n	4616189618054758400	4.0
shapes/cpg/0.85/1100/n_corr_spread	4576517074490689827	0.009304107327697658
shapes/cpg/0.85/1100/n_corr_n	4616189618054758400	4.0
shapes/cpg/0.85/1100/eta_c_spread	4576696809620831833	0.009615898077412742
shapes/cpg/0.85/1100/eta_c_n	4616189618054758400	4.0
shapes/cpg/0.85/1100/thrust_spread	4581144524365093091	0.019037906517461855
shapes/cpg/0.85/1100/thrust_n	4616189618054758400	4.0
shapes/cpg/0.85/1500/tau_c_spread	0	0.0
shapes/cpg/0.85/1500/tau_c_n	4616189618054758400	4.0
shapes/cpg/0.85/1500/pi_c_spread	0	0.0
shapes/cpg/0.85/1500/pi_c_n	4616189618054758400	4.0
shapes/cpg/0.85/1500/mdot_air_spread	0	0.0
shapes/cpg/0.85/1500/mdot_air_n	4616189618054758400	4.0
shapes/cpg/0.85/1500/n_corr_spread	0	0.0
shapes/cpg/0.85/1500/n_corr_n	4616189618054758400	4.0
shapes/cpg/0.85/1500/eta_c_spread	0	0.0
shapes/cpg/0.85/1500/eta_c_n	4616189618054758400	4.0
shapes/cpg/0.85/1500/thrust_spread	0	0.0
shapes/cpg/0.85/1500/thrust_n	4616189618054758400	4.0
shapes/cpg/1.60/600/tau_c_spread	4505143748047068091	1.6008182353806758e-07
shapes/cpg/1.60/600/tau_c_n	4616189618054758400	4.0
shapes/cpg/1.60/600/pi_c_spread	4585577724965589068	0.03758732165650311
shapes/cpg/1.60/600/pi_c_n	4616189618054758400	4.0
shapes/cpg/1.60/600/mdot_air_spread	4585577725141706157	0.037587322878560904
shapes/cpg/1.60/600/mdot_air_n	4616189618054758400	4.0
shapes/cpg/1.60/600/n_corr_spread	4580634605133121604	0.01726876879235585
shapes/cpg/1.60/600/n_corr_n	4616189618054758400	4.0
shapes/cpg/1.60/600/eta_c_spread	4587483170524148132	0.0508090062270157
shapes/cpg/1.60/600/eta_c_n	4616189618054758400	4.0
shapes/cpg/1.60/600/thrust_spread	4594349306035942020	0.143809568292813
shapes/cpg/1.60/600/thrust_n	4616189618054758400	4.0
shapes/cpg/1.60/650/tau_c_spread	4511148472482303422	3.996325327137787e-07
shapes/cpg/1.60/650/tau_c_n	4616189618054758400	4.0
shapes/cpg/1.60/650/pi_c_spread	4585431685313227835	0.03657396800300502
shapes/cpg/1.60/650/pi_c_n	4616189618054758400	4.0
shapes/cpg/1.60/650/mdot_air_spread	4585431685382828526	0.03657396848595683
shapes/cpg/1.60/650/mdot_air_n	4616189618054758400	4.0
shapes/cpg/1.60/650/n_corr_spread	4581366774898361956	0.019808992952681584
shapes/cpg/1.60/650/n_corr_n	4616189618054758400	4.0
shapes/cpg/1.60/650/eta_c_spread	4586835712908383566	0.046316366523948646
shapes/cpg/1.60/650/eta_c_n	4616189618054758400	4.0
shapes/cpg/1.60/650/thrust_spread	4591819305220434965	0.09929396967520206
shapes/cpg/1.60/650/thrust_n	4616189618054758400	4.0
shapes/cpg/1.60/900/tau_c_spread	4521606281067173880	1.9057086049086517e-06
shapes/cpg/1.60/900/tau_c_n	4616189618054758400	4.0
shapes/cpg/1.60/900/pi_c_spread	4584969356277403099	0.03336591587472145
shapes/cpg/1.60/900/pi_c_n	4616189618054758400	4.0
shapes/cpg/1.60/900/mdot_air_spread	4584969359945797364	0.033365941329320054
shapes/cpg/1.60/900/mdot_air_n	4616189618054758400	4.0
shapes/cpg/1.60/900/n_corr_spread	4582608200662880013	0.024116053787465442
shapes/cpg/1.60/900/n_corr_n	4616189618054758400	4.0
shapes/cpg/1.60/900/eta_c_spread	4584895933479995684	0.032856442873383324
shapes/cpg/1.60/900/eta_c_n	4616189618054758400	4.0
shapes/cpg/1.60/900/thrust_spread	4587572908326634151	0.05143168731763597
shapes/cpg/1.60/900/thrust_n	4616189618054758400	4.0
shapes/cpg/1.60/1100/tau_c_spread	4521618561926741608	1.909269723342038e-06
shapes/cpg/1.60/1100/tau_c_n	4616189618054758400	4.0
shapes/cpg/1.60/1100/pi_c_spread	4583551443667146101	0.02738858535356799
shapes/cpg/1.60/1100/pi_c_n	4616189618054758400	4.0
shapes/cpg/1.60/1100/mdot_air_spread	4583551451564460708	0.027388612752882083
shapes/cpg/1.60/1100/mdot_air_n	4616189618054758400	4.0
shapes/cpg/1.60/1100/n_corr_spread	4581599125454140454	0.020615120880212022
shapes/cpg/1.60/1100/n_corr_n	4616189618054758400	4.0
shapes/cpg/1.60/1100/eta_c_spread	4582383324849590478	0.023335859082479975
shapes/cpg/1.60/1100/eta_c_n	4616189618054758400	4.0
shapes/cpg/1.60/1100/thrust_spread	4585396789889803927	0.0363318323621346
shapes/cpg/1.60/1100/thrust_n	4616189618054758400	4.0
shapes/cpg/1.60/1500/tau_c_spread	4512902065700706151	5.080968112330346e-07
shapes/cpg/1.60/1500/tau_c_n	4616189618054758400	4.0
shapes/cpg/1.60/1500/pi_c_spread	4577913620045751210	0.0117267276873337
shapes/cpg/1.60/1500/pi_c_n	4616189618054758400	4.0
shapes/cpg/1.60/1500/mdot_air_spread	4577913620802211272	0.011726728999582728
shapes/cpg/1.60/1500/mdot_air_n	4616189618054758400	4.0
shapes/cpg/1.60/1500/n_corr_spread	4575707440638884578	0.007899616478025565
shapes/cpg/1.60/1500/n_corr_n	4616189618054758400	4.0
shapes/cpg/1.60/1500/eta_c_spread	4575843806682212253	0.008136173854712153
shapes/cpg/1.60/1500/eta_c_n	4616189618054758400	4.0
shapes/cpg/1.60/1500/thrust_spread	4578997102503976344	0.0136062701434259
shapes/cpg/1.60/1500/thrust_n	4616189618054758400	4.0
shapes/tpg/0.30/500/tau_c_spread	4522971726272235841	2.482357115183746e-06
shapes/tpg/0.30/500/tau_c_n	4616189618054758400	4.0
shapes/tpg/0.30/500/pi_c_spread	4585018226688923624	0.03370502247530266
shapes/tpg/0.30/500/pi_c_n	4616189618054758400	4.0
shapes/tpg/0.30/500/mdot_air_spread	4585018229722405231	0.03370504352430969
shapes/tpg/0.30/500/mdot_air_n	4616189618054758400	4.0
shapes/tpg/0.30/500/n_corr_spread	4581781499650202227	0.02124785847885353
shapes/tpg/0.30/500/n_corr_n	4616189618054758400	4.0
shapes/tpg/0.30/500/eta_c_spread	4585705705291015404	0.038475363556423975
shapes/tpg/0.30/500/eta_c_n	4616189618054758400	4.0
shapes/tpg/0.30/500/thrust_spread	4600579663607224813	0.38347345794991733
shapes/tpg/0.30/500/thrust_n	4616189618054758400	4.0
shapes/tpg/0.30/600/tau_c_spread	4525423040064610164	3.5205288882837156e-06
shapes/tpg/0.30/600/tau_c_n	4616189618054758400	4.0
shapes/tpg/0.30/600/pi_c_spread	4584781179686970353	0.03206017847850962
shapes/tpg/0.30/600/pi_c_n	4616189618054758400	4.0
shapes/tpg/0.30/600/mdot_air_spread	4584781184244801162	0.03206021010481404
shapes/tpg/0.30/600/mdot_air_n	4616189618054758400	4.0
shapes/tpg/0.30/600/n_corr_spread	4582182787971628900	0.022640107022481884
shapes/tpg/0.30/600/n_corr_n	4616189618054758400	4.0
shapes/tpg/0.30/600/eta_c_spread	4584755072841819336	0.03187902584984098
shapes/tpg/0.30/600/eta_c_n	4616189618054758400	4.0
shapes/tpg/0.30/600/thrust_spread	4592677024904775803	0.1111972214530698
shapes/tpg/0.30/600/thrust_n	4616189618054758400	4.0
shapes/tpg/0.30/650/tau_c_spread	4525728802954305566	3.6500245090935595e-06
shapes/tpg/0.30/650/tau_c_n	4616189618054758400	4.0
shapes/tpg/0.30/650/pi_c_spread	4584406447373431940	0.030354975356250438
shapes/tpg/0.30/650/pi_c_n	4616189618054758400	4.0
shapes/tpg/0.30/650/mdot_air_spread	4584406457091941484	0.030355009074103753
shapes/tpg/0.30/650/mdot_air_n	4616189618054758400	4.0
shapes/tpg/0.30/650/n_corr_spread	4582015940688635113	0.022061239225057348
shapes/tpg/0.30/650/n_corr_n	4616189618054758400	4.0
shapes/tpg/0.30/650/eta_c_spread	4583861020415363213	0.02846264545906556
shapes/tpg/0.30/650/eta_c_n	4616189618054758400	4.0
shapes/tpg/0.30/650/thrust_spread	4590671155245877354	0.08336018795674396
shapes/tpg/0.30/650/thrust_n	4616189618054758400	4.0
shapes/tpg/0.30/900/tau_c_spread	4521063315597075056	1.7907311943098708e-06
shapes/tpg/0.30/900/tau_c_n	4616189618054758400	4.0
shapes/tpg/0.30/900/pi_c_spread	4580691592733292464	0.017466484248067793
shapes/tpg/0.30/900/pi_c_n	4616189618054758400	4.0
shapes/tpg/0.30/900/mdot_air_spread	4580691594039438075	0.017466488779670702
shapes/tpg/0.30/900/mdot_air_n	4616189618054758400	4.0
shapes/tpg/0.30/900/n_corr_spread	4578468899958731543	0.012689984788119042
shapes/tpg/0.30/900/n_corr_n	4616189618054758400	4.0
shapes/tpg/0.30/900/eta_c_spread	4578697797869028863	0.013087059366713836
shapes/tpg/0.30/900/eta_c_n	4616189618054758400	4.0
shapes/tpg/0.30/900/thrust_spread	4584089622497551811	0.029255768256325042
shapes/tpg/0.30/900/thrust_n	4616189618054758400	4.0
shapes/tpg/0.30/1100/tau_c_spread	4510366436124973046	3.5823187267568084e-07
shapes/tpg/0.30/1100/tau_c_n	4616189618054758400	4.0
shapes/tpg/0.30/1100/pi_c_spread	4574418589412324570	0.006738157999135208
shapes/tpg/0.30/1100/pi_c_n	4616189618054758400	4.0
shapes/tpg/0.30/1100/mdot_air_spread	4574418591159513739	0.006738159514580243
shapes/tpg/0.30/1100/mdot_air_n	4616189618054758400	4.0
shapes/tpg/0.30/1100/n_corr_spread	4571642482472112986	0.00433026905863162
shapes/tpg/0.30/1100/n_corr_n	4616189618054758400	4.0
shapes/tpg/0.30/1100/eta_c_spread	4571784917933176564	0.004453812127690904
shapes/tpg/0.30/1100/eta_c_n	4616189618054758400	4.0
shapes/tpg/0.30/1100/thrust_spread	4576660625085062549	0.009553127913746443
shapes/tpg/0.30/1100/thrust_n	4616189618054758400	4.0
shapes/tpg/0.30/1500/tau_c_spread	4508650897659235031	2.674120225030439e-07
shapes/tpg/0.30/1500/tau_c_n	4616189618054758400	4.0
shapes/tpg/0.30/1500/pi_c_spread	4570878638767058110	0.0037869951275318605
shapes/tpg/0.30/1500/pi_c_n	4616189618054758400	4.0
shapes/tpg/0.30/1500/mdot_air_spread	4570878644048104228	0.00378699741782053
shapes/tpg/0.30/1500/mdot_air_n	4616189618054758400	4.0
shapes/tpg/0.30/1500/n_corr_spread	4566599142895498704	0.0019420923195484392
shapes/tpg/0.30/1500/n_corr_n	4616189618054758400	4.0
shapes/tpg/0.30/1500/eta_c_spread	4567005638563725951	0.0021073490337360497
shapes/tpg/0.30/1500/eta_c_n	4616189618054758400	4.0
shapes/tpg/0.30/1500/thrust_spread	4571910747514487948	0.0045629518920275
shapes/tpg/0.30/1500/thrust_n	4616189618054758400	4.0
shapes/tpg/0.85/500/tau_c_spread	4518430001199679859	1.233105180541662e-06
shapes/tpg/0.85/500/tau_c_n	4616189618054758400	4.0
shapes/tpg/0.85/500/pi_c_spread	4585273412775348372	0.035475731654757287
shapes/tpg/0.85/500/pi_c_n	4616189618054758400	4.0
shapes/tpg/0.85/500/mdot_air_spread	4585273412913917637	0.035475732616274715
shapes/tpg/0.85/500/mdot_air_n	4616189618054758400	4.0
shapes/tpg/0.85/500/n_corr_spread	4580985701350222753	0.018486878492619877
shapes/tpg/0.85/500/n_corr_n	4616189618054758400	4.0
shapes/tpg/0.85/500/eta_c_spread	4586558588235140393	0.04439342781815931
shapes/tpg/0.85/500/eta_c_n	4616189618054758400	4.0
shapes/tpg/0.85/500/thrust_spread	4600239249437621614	0.3645766754998111
shapes/tpg/0.85/500/thrust_n	4616189618054758400	4.0
shapes/tpg/0.85/600/tau_c_spread	4522851180673405223	2.4313040682557297e-06
shapes/tpg/0.85/600/tau_c_n	4616189618054758400	4.0
shapes/tpg/0.85/600/pi_c_spread	4585000455752438653	0.03358171183246037
shapes/tpg/0.85/600/pi_c_n	4616189618054758400	4.0
shapes/tpg/0.85/600/mdot_air_spread	4585000459180941849	0.0335817356224803
shapes/tpg/0.85/600/mdot_air_n	4616189618054758400	4.0
shapes/tpg/0.85/600/n_corr_spread	4582012629354875248	0.022049750728237283
shapes/tpg/0.85/600/n_corr_n	4616189618054758400	4.0
shapes/tpg/0.85/600/eta_c_spread	4585409465131793528	0.03641978452150679
shapes/tpg/0.85/600/eta_c_n	4616189618054758400	4.0
shapes/tpg/0.85/600/thrust_spread	4593136692246622009	0.11757638728539356
shapes/tpg/0.85/600/thrust_n	4616189618054758400	4.0
shapes/tpg/0.85/650/tau_c_spread	4523795700374424308	2.8313237213027028e-06
shapes/tpg/0.85/650/tau_c_n	4616189618054758400	4.0
shapes/tpg/0.85/650/pi_c_spread	4584885434735796620	0.03278359320126176
shapes/tpg/0.85/650/pi_c_n	4616189618054758400	4.0
shapes/tpg/0.85/650/mdot_air_spread	4584885438833000176	0.032783621631322535
shapes/tpg/0.85/650/mdot_air_n	4616189618054758400	4.0
shapes/tpg/0.85/650/n_corr_spread	4582159466882359614	0.02255919574040032
shapes/tpg/0.85/650/n_corr_n	4616189618054758400	4.0
shapes/tpg/0.85/650/eta_c_spread	4584983261439725626	0.033462402320794074
shapes/tpg/0.85/650/eta_c_n	4616189618054758400	4.0
shapes/tpg/0.85/650/thrust_spread	4591278450803269158	0.09178810683885583
shapes/tpg/0.85/650/thrust_n	4616189618054758400	4.0
shapes/tpg/0.85/900/tau_c_spread	4522415913396889002	2.246961206220286e-06
shapes/tpg/0.85/900/tau_c_n	4616189618054758400	4.0
shapes/tpg/0.85/900/pi_c_spread	4582301574545216806	0.023052230738149458
shapes/tpg/0.85/900/pi_c_n	4616189618054758400	4.0
shapes/tpg/0.85/900/mdot_air_spread	4582301581893717106	0.023052256233381425
shapes/tpg/0.85/900/mdot_air_n	4616189618054758400	4.0
shapes/tpg/0.85/900/n_corr_spread	4580586970575797795	0.017103503222641103
shapes/tpg/0.85/900/n_corr_n	4616189618054758400	4.0
shapes/tpg/0.85/900/eta_c_spread	4581025519332511517	0.018625024869904572
shapes/tpg/0.85/900/eta_c_n	4616189618054758400	4.0
shapes/tpg/0.85/900/thrust_spread	4585718334822948127	0.03856299853856115
shapes/tpg/0.85/900/thrust_n	4616189618054758400	4.0
shapes/tpg/0.85/1100/tau_c_spread	4514449438053702554	6.719312318153302e-07
shapes/tpg/0.85/1100/tau_c_n	4616189618054758400	4.0
shapes/tpg/0.85/1100/pi_c_spread	4578755649026974506	0.013187415128514585
shapes/tpg/0.85/1100/pi_c_n	4616189618054758400	4.0
shapes/tpg/0.85/1100/mdot_air_spread	4578755649815918975	0.013187416497115077
shapes/tpg/0.85/1100/mdot_air_n	4616189618054758400	4.0
shapes/tpg/0.85/1100/n_corr_spread	4576369181484030651	0.009047553857113191
shapes/tpg/0.85/1100/n_corr_n	4616189618054758400	4.0
shapes/tpg/0.85/1100/eta_c_spread	4576538819396664438	0.009341828726574724
shapes/tpg/0.85/1100/eta_c_n	4616189618054758400	4.0
shapes/tpg/0.85/1100/thrust_spread	4581013109739184012	0.018581970444159476
shapes/tpg/0.85/1100/thrust_n	4616189618054758400	4.0
shapes/tpg/0.85/1500/tau_c_spread	0	0.0
shapes/tpg/0.85/1500/tau_c_n	4616189618054758400	4.0
shapes/tpg/0.85/1500/pi_c_spread	0	0.0
shapes/tpg/0.85/1500/pi_c_n	4616189618054758400	4.0
shapes/tpg/0.85/1500/mdot_air_spread	0	0.0
shapes/tpg/0.85/1500/mdot_air_n	4616189618054758400	4.0
shapes/tpg/0.85/1500/n_corr_spread	0	0.0
shapes/tpg/0.85/1500/n_corr_n	4616189618054758400	4.0
shapes/tpg/0.85/1500/eta_c_spread	0	0.0
shapes/tpg/0.85/1500/eta_c_n	4616189618054758400	4.0
shapes/tpg/0.85/1500/thrust_spread	0	0.0
shapes/tpg/0.85/1500/thrust_n	4616189618054758400	4.0
shapes/tpg/1.60/600/tau_c_spread	4504080444198239686	1.3193640500994367e-07
shapes/tpg/1.60/600/tau_c_n	4616189618054758400	4.0
shapes/tpg/1.60/600/pi_c_spread	4585547343576869488	0.03737650842352458
shapes/tpg/1.60/600/pi_c_n	4616189618054758400	4.0
shapes/tpg/1.60/600/mdot_air_spread	4585547343717368747	0.03737650939843403
shapes/tpg/1.60/600/mdot_air_n	4616189618054758400	4.0
shapes/tpg/1.60/600/n_corr_spread	4579866306573249205	0.015114098847808103
shapes/tpg/1.60/600/n_corr_n	4616189618054758400	4.0
shapes/tpg/1.60/600/eta_c_spread	4587420275151629490	0.05037258191006212
shapes/tpg/1.60/600/eta_c_n	4616189618054758400	4.0
shapes/tpg/1.60/600/thrust_spread	4595804755220599765	0.18420639819228649
shapes/tpg/1.60/600/thrust_n	4616189618054758400	4.0
shapes/tpg/1.60/650/tau_c_spread	4509185902113969586	2.9573492250854326e-07
shapes/tpg/1.60/650/tau_c_n	4616189618054758400	4.0
shapes/tpg/1.60/650/pi_c_spread	4585404133954521779	0.036382792048035205
shapes/tpg/1.60/650/pi_c_n	4616189618054758400	4.0
shapes/tpg/1.60/650/mdot_air_spread	4585404134016654740	0.03638279247916923
shapes/tpg/1.60/650/mdot_air_n	4616189618054758400	4.0
shapes/tpg/1.60/650/n_corr_spread	4580725921679068824	0.017585586704355366
shapes/tpg/1.60/650/n_corr_n	4616189618054758400	4.0
shapes/tpg/1.60/650/eta_c_spread	4586777953662237419	0.04591558124297087
shapes/tpg/1.60/650/eta_c_n	4616189618054758400	4.0
shapes/tpg/1.60/650/thrust_spread	4592664920356724656	0.11102923710370649
shapes/tpg/1.60/650/thrust_n	4616189618054758400	4.0
shapes/tpg/1.60/900/tau_c_spread	4518685933549623772	1.2873009637093398e-06
shapes/tpg/1.60/900/tau_c_n	4616189618054758400	4.0
shapes/tpg/1.60/900/pi_c_spread	4584841807703116267	0.032480869850150494
shapes/tpg/1.60/900/pi_c_n	4616189618054758400	4.0
shapes/tpg/1.60/900/mdot_air_spread	4584841810257161839	0.032480887572401744
shapes/tpg/1.60/900/mdot_air_n	4616189618054758400	4.0
shapes/tpg/1.60/900/n_corr_spread	4582022162732018673	0.022082826274509363
shapes/tpg/1.60/900/n_corr_n	4616189618054758400	4.0
shapes/tpg/1.60/900/eta_c_spread	4584742999134806650	0.03179524767785309
shapes/tpg/1.60/900/eta_c_n	4616189618054758400	4.0
shapes/tpg/1.60/900/thrust_spread	4587468716744364031	0.050708712982583386
shapes/tpg/1.60/900/thrust_n	4616189618054758400	4.0
shapes/tpg/1.60/1100/tau_c_spread	4516635558912130831	9.033957810364057e-07
shapes/tpg/1.60/1100/tau_c_n	4616189618054758400	4.0
shapes/tpg/1.60/1100/pi_c_spread	4583374870779913470	0.02677597508816109
shapes/tpg/1.60/1100/pi_c_n	4616189618054758400	4.0
shapes/tpg/1.60/1100/mdot_air_spread	4583374874651050684	0.026775988518866298
shapes/tpg/1.60/1100/mdot_air_n	4616189618054758400	4.0
shapes/tpg/1.60/1100/n_corr_spread	4581122373668680833	0.018961055851310697
shapes/tpg/1.60/1100/n_corr_n	4616189618054758400	4.0
shapes/tpg/1.60/1100/eta_c_spread	4582187181527572271	0.02265535023175785
shapes/tpg/1.60/1100/eta_c_n	4616189618054758400	4.0
shapes/tpg/1.60/1100/thrust_spread	4585292355813333217	0.03560717538555181
shapes/tpg/1.60/1100/thrust_n	4616189618054758400	4.0
shapes/tpg/1.60/1500/tau_c_spread	4508830083154605126	2.7689802364357847e-07
shapes/tpg/1.60/1500/tau_c_n	4616189618054758400	4.0
shapes/tpg/1.60/1500/pi_c_spread	4577244382244482759	0.010565785162462217
shapes/tpg/1.60/1500/pi_c_n	4616189618054758400	4.0
shapes/tpg/1.60/1500/mdot_air_spread	4577244382470896345	0.01056578555522718
shapes/tpg/1.60/1500/mdot_air_n	4616189618054758400	4.0
shapes/tpg/1.60/1500/n_corr_spread	4574535829387941586	0.0068398474681481015
shapes/tpg/1.60/1500/n_corr_n	4616189618054758400	4.0
shapes/tpg/1.60/1500/eta_c_spread	4575015112336201216	0.00725555915913878
shapes/tpg/1.60/1500/eta_c_n	4616189618054758400	4.0
shapes/tpg/1.60/1500/thrust_spread	4578211051167017588	0.01224268843588059
shapes/tpg/1.60/1500/thrust_n	4616189618054758400	4.0
census/worst_shape_spread/eta_c	4587483170524148132	0.0508090062270157
census/worst_shape_spread/mdot_air	4585577725141706157	0.037587322878560904
census/worst_shape_spread/n_corr	4582608200662880013	0.024116053787465442
census/worst_shape_spread/pi_c	4585577724965589068	0.03758732165650311
census/worst_shape_spread/tau_c	4525728802954305566	3.6500245090935595e-06
census/worst_shape_spread/thrust	4600579663607224813	0.38347345794991733
census/map_free_ratio	4666886904699982684	10297.827196189835
