# phase-3A NOx oracle — key	u64 bits	repr
# pypy 3.11.15
kz/1f/1000.0	4481296409315595000	3.902952218214729e-09
kz/1f/1200.0	4522629118020884692	2.337256876735943e-06
kz/1f/1400.0	4552439159923290329	0.00022516536992290314
kz/1f/1500.0	4564097572348860061	0.0013996506752901657
kz/1f/1600.0	4574632683417247763	0.006923854947338287
kz/1f/1800.0	4591829839092423334	0.09944015651545132
kz/1f/2000.0	4605724796910823751	0.8381714617419583
kz/1f/2200.0	4617084625393392206	4.794926203647789
kz/1f/2400.0	4626466586038657960	20.511124732994773
kz/1f/2441.540385130793	4628271352607057449	26.922943607589477
kz/1f/2600.0	4634637471998216047	70.15977219774298
kz/1f/2800.0	4641287336466648566	201.32006006884302
kz/1f/3000.0	4647537721657456304	501.9333835801617
kz/1r/1000.0	4717434019864372213	24843251.834934194
kz/1r/1200.0	4717923525900347591	26666803.921791818
kz/1r/1400.0	4718295021289715607	28050732.09172782
kz/1r/1500.0	4718448962810403515	28624208.945276957
kz/1r/1600.0	4718586241160395554	29135610.65069116
kz/1r/1800.0	4718820510289664176	30008331.165184677
kz/1r/2000.0	4719012968003718442	30725292.02021519
kz/1r/2200.0	4719173848645485123	31324619.114198934
kz/1r/2400.0	4719310310450650852	31832978.953093424
kz/1r/2441.540385130793	4719336094781312069	31929033.06995799
kz/1r/2600.0	4719427506450788875	32269568.075426143
kz/1r/2800.0	4719529238646324742	32648550.03649714
kz/1r/3000.0	4719618372481398460	32980599.447561964
kz/2f/1000.0	4684978853648451843	167022.24996716538
kz/2f/1200.0	4691255085703853326	437225.28722937487
kz/2f/1400.0	4695896235443989143	890463.5151036558
kz/2f/1500.0	4697871458764713543	1192243.5473317073
kz/2f/1600.0	4699388868905451470	1545543.1270866278
kz/2f/1800.0	4702422253295504213	2406463.9341444173
kz/2f/2000.0	4704701444353643291	3467794.9762977487
kz/2f/2200.0	4706824793323173130	4718808.78170515
kz/2f/2400.0	4708357485807752481	6146239.892537386
kz/2f/2441.540385130793	4708698191572038543	6463546.862118616
kz/2f/2600.0	4710064464806827247	7735987.96877025
kz/2f/2800.0	4711347983602440358	9474107.99613602
kz/2f/3000.0	4712353671588409500	11347347.844841294
kz/2r/1000.0	4570100727147733001	0.0034496297404622606
kz/2r/1200.0	4593960997270767331	0.13303183499879542
kz/2r/1400.0	4611013558857099929	1.8506839803873503
kz/2r/1500.0	4617702841347596640	5.344012272886488
kz/2r/1600.0	4623830023774670685	13.572086956358982
kz/2r/1800.0	4634261798416843272	64.82112951251486
kz/2r/2000.0	4642260728586008543	228.98552804713742
kz/2r/2200.0	4648919308808634934	648.9350414146381
kz/2r/2400.0	4654565753264469570	1557.7229119384579
kz/2r/2441.540385130793	4655792800519244404	1836.7211561991398
kz/2r/2600.0	4659450944092094196	3288.9734113140676
kz/2r/2800.0	4663622057288351347	6275.552175119158
kz/2r/3000.0	4667293969309598744	11038.27340763998
kz/3f/1000.0	4721345060986094801	45271598.765145905
kz/3f/1200.0	4721818304645853197	48797538.79415903
kz/3f/1400.0	4722178738725771893	51482981.95647136
kz/3f/1500.0	4722328406486213409	52598093.668401964
kz/3f/1600.0	4722462022660129920	53593611.74121952
kz/3f/1800.0	4722690359745370315	55294855.59806975
kz/3f/2000.0	4722878237175274766	56694651.53191577
kz/3f/2200.0	4723035487309653859	57866256.331984304
kz/3f/2400.0	4723169008589758507	58861067.390808426
kz/3f/2441.540385130793	4723194251464137047	59049141.46086376
kz/3f/2600.0	4723283779448658026	59716176.925217465
kz/3f/2800.0	4723383480626129991	60459008.583580546
kz/3f/3000.0	4723470890960683978	61110266.3261791
kz/3r/1000.0	4570599331287774766	0.00366586481719968
kz/3r/1200.0	4597084612718388141	0.21972957974938137
kz/3r/1400.0	4616290520264881622	4.089619165531493
kz/3r/1500.0	4623603922105272330	13.1704497095234
kz/3r/1600.0	4630354307615770692	36.646172718742065
kz/3r/1800.0	4641301294213637519	201.71676309806614
kz/3r/2000.0	4650155100458041675	789.4282861184705
kz/3r/2200.0	4657519601446479710	2410.700459566825
kz/3r/2400.0	4663442003509837772	6111.794217526865
kz/3r/2441.540385130793	4664720054558473818	7274.174874856684
kz/3r/2600.0	4668608162028071585	13428.7760367592
kz/3r/2800.0	4672977006094962828	26367.314200357112
kz/3r/3000.0	4676736125768956318	47317.823815333875
kcheck/1000.0	4607250912012560394	1.0152085483191535
kpno/1000.0	4546015402097423597	8.655968883238318e-05
mO/1000.0	4617175242397634768	4.875410271273907
hairA/1000.0	4671684161306206216	21663.972258001595
kcheck/1200.0	4607287321858440873	1.0232931581630658
kpno/1200.0	4558032866185688909	0.0005305698278854437
mO/1200.0	4613983550078940667	3.020309015743576
hairA/1200.0	4673529126863736515	28375.91785611097
kcheck/1400.0	4607310630937171839	1.0284688133410496
kpno/1400.0	4566579679684478761	0.001937871908414166
mO/1400.0	4612130390514498342	2.1973408490442976
hairA/1400.0	4675077658212406834	35250.884169381476
kcheck/1500.0	4607319476837590909	1.0304329978048081
kpno/1500.0	4569649021024902847	0.0032537334365832777
mO/1500.0	4611456507004726628	1.949038226829395
hairA/1500.0	4675557193088807477	38739.95960459524
kcheck/1600.0	4607327109502253267	1.0321277898142867
kpno/1600.0	4572553557522356477	0.005120500697648686
mO/1600.0	4610615220050672856	1.7622349974879423
hairA/1600.0	4676040852028598003	42259.041550232
kcheck/1800.0	4607340020051256847	1.0349945075671518
kpno/1800.0	4577438430737560287	0.010902405638881727
mO/1800.0	4609457325738162238	1.5051308123215814
hairA/1800.0	4677018995452251189	49375.971641324846
kcheck/2000.0	4607351302874766597	1.0374997976558131
kpno/2000.0	4581408797267355477	0.019954787332700025
mO/2000.0	4608720778999043190	1.3415845826250723
hairA/2000.0	4678009390014662831	56582.040498749695
kcheck/2200.0	4607362248516210423	1.0399302182858585
kpno/2200.0	4584875708100415206	0.032716101110308135
mO/2200.0	4608228389087138958	1.2322520591672261
hairA/2200.0	4679009908654610276	63861.77171520775
kcheck/2400.0	4607373784841897213	1.0424917971652683
kpno/2400.0	4587277693382177880	0.04938322213920604
mO/2400.0	4607888229442260226	1.1567214452086891
hairA/2400.0	4679629461199501770	71203.21954319548
kcheck/2441.540385130793	4607376322461664398	1.0430552619439228
kpno/2441.540385130793	4587847492474191619	0.05333699758523205
mO/2441.540385130793	4607831434054163645	1.14411033569722
hairA/2441.540385130793	4679734718349695888	72734.91266999976
kcheck/2600.0	4607386604575264570	1.0453383497960673
kpno/2600.0	4589704374236901014	0.06994340625754555
mO/2600.0	4607648531363376950	1.1034977799817631
hairA/2600.0	4680137581426905217	78597.34201818892
kcheck/2800.0	4607401222456166999	1.0485841713858883
kpno/2800.0	4591453843829753122	0.09422217404337066
mO/2800.0	4607478197453929904	1.0656760543532577
hairA/2800.0	4680648856537217520	86037.37408182747
kcheck/3000.0	4607417999743370009	1.0523094774945945
kpno/3000.0	4593450566246628048	0.12193226405586732
mO/3000.0	4607357549966839377	1.0388869307470439
hairA/3000.0	4681162935028321408	93518.20070509799
xnoeq/0.005/1600.0	4566720072750132970	0.0019835046035420094
ntot/0.005/1600.0	4607205700509506564	1.005169577985499
xnoeq/0.005/2000.0	4575558346869946571	0.007726740008463471
ntot/0.005/2000.0	4607206231578669580	1.0052874990279888
xnoeq/0.005/2400.0	4581153974172143780	0.019070692121730418
ntot/0.005/2400.0	4607210106813509763	1.006147974017069
xnoeq/0.005/2800.0	4585345317350268071	0.035974669871330626
ntot/0.005/2800.0	4607227620265281068	1.010036741496502
xnoeq/0.01/1600.0	4566372745083200528	0.0018930001195605096
ntot/0.01/1600.0	4607228958385111348	1.0103338637855588
xnoeq/0.01/2000.0	4575150849531493729	0.007373292408757366
ntot/0.01/2000.0	4607229640136509983	1.0104852430055258
xnoeq/0.01/2400.0	4580900166300208093	0.018190119174061315
ntot/0.01/2400.0	4607234399015178905	1.0115419263394527
xnoeq/0.01/2800.0	4585101982076746727	0.034286192225287775
ntot/0.01/2800.0	4607255417303212779	1.0162089238021348
xnoeq/0.0204/1600.0	4565463305897446142	0.001695796931372839
ntot/0.0204/1600.0	4607277325018422869	1.0210734137707693
xnoeq/0.0204/2000.0	4574263735840184359	0.006603843935669962
ntot/0.0204/2000.0	4607278223376013797	1.0212728892271283
xnoeq/0.0204/2400.0	4580350299936896917	0.016282386995889537
ntot/0.0204/2400.0	4607284451936853795	1.0226559075580972
xnoeq/0.0204/2800.0	4584502680320998207	0.030688850462861735
ntot/0.0204/2800.0	4607311991730449371	1.0287709701467438
xnoeq/0.02717919071928212/1600.0	4564831535109694111	0.0015588034792541128
ntot/0.02717919071928212/1600.0	4607308848921813281	1.0280731264447882
xnoeq/0.02717919071928212/2000.0	4573647797672088981	0.006069602735697362
ntot/0.02717919071928212/2000.0	4607309856026026735	1.028296748501983
xnoeq/0.02717919071928212/2400.0	4579779035581956091	0.01496270781044017
ntot/0.02717919071928212/2400.0	4607316970066476363	1.0298763828030413
xnoeq/0.02717919071928212/2800.0	4583796647133618971	0.02823930577293075
ntot/0.02717919071928212/2800.0	4607348829055722952	1.036950499483611
xnoeq/0.04/1600.0	4563509906707042004	0.0012722210021793206
ntot/0.04/1600.0	4607368461599240271	1.0413097998525875
xnoeq/0.04/2000.0	4572359893547310766	0.0049525239756672956
ntot/0.04/2000.0	4607369641555447757	1.0415718027625076
xnoeq/0.04/2400.0	4578196215203679506	0.012216952141989288
ntot/0.04/2400.0	4607378566293012731	1.0435534925891818
xnoeq/0.04/2800.0	4582362706288027412	0.023264324076911327
ntot/0.04/2800.0	4607419860833873861	1.052722722600252
xnoeq/0.0677/1600.0	4536779583053283599	2.0865328232034605e-05
ntot/0.0677/1600.0	4607497621114895617	1.0699889734785872
xnoeq/0.0677/2000.0	4557543956399715139	0.00048292168633761265
ntot/0.0677/2000.0	4607502124076044105	1.070988831707796
xnoeq/0.0677/2400.0	4568913236149062999	0.0029346376122362616
ntot/0.0677/2400.0	4607527985210548139	1.0767311571016573
xnoeq/0.0677/2800.0	4576799065623953694	0.009793283966587792
ntot/0.0677/2800.0	4607608038856985184	1.0945066373975791
xnoeq/0.08/1600.0	4497008993175683879	4.579380852006497e-08
ntot/0.08/1600.0	4607726222303743528	1.120748634141714
xnoeq/0.08/2000.0	4532213201142404896	1.0326306790746679e-05
ntot/0.08/2000.0	4607726464307119039	1.12080236968562
xnoeq/0.08/2400.0	4555612547136555421	0.00037821978038379297
ntot/0.08/2400.0	4607730165838263544	1.1216242747062193
xnoeq/0.08/2800.0	4571413906956049713	0.004132011401757383
ntot/0.08/2800.0	4607767137294162291	1.1298335870247598
xnoeq/0.1/1600.0	4488979724928383539	1.306630326955496e-08
ntot/0.1/1600.0	4608098145730588249	1.203332224517814
xnoeq/0.1/2000.0	4523598144405311811	2.747655513920184e-06
ntot/0.1/2000.0	4608098456217620145	1.2034011664881457
xnoeq/0.1/2400.0	4546741489856141349	9.640001290009465e-05
ntot/0.1/2400.0	4608101797292614222	1.2041430341652304
xnoeq/0.1/2800.0	4563126490500126011	0.0011890808652784263
ntot/0.1/2800.0	4608122304169718202	1.2086964755900298
xnoeq/0.1354/1600.0	4480694973276913462	3.565373142894291e-09
ntot/0.1354/1600.0	4608756449613047988	1.349505050019201
xnoeq/0.1354/2000.0	4514675917013309849	6.95910624396237e-07
ntot/0.1354/2000.0	4608756919268843729	1.349609334554817
xnoeq/0.1354/2400.0	4537440577179286574	2.3104863442698926e-05
ntot/0.1354/2400.0	4608761387315156694	1.350601440133166
xnoeq/0.1354/2800.0	4553788461870504842	0.0002793359199712511
ntot/0.1354/2800.0	4608783519762322567	1.3555158306201365
tno/0.01/1600.0/101325.0/0.003/1.0/x_no	4474727686553881440	1.4800031743533297e-09
tno/0.01/1600.0/101325.0/0.003/1.0/x_no_eq	4566372358399048896	0.0018929162708010566
tno/0.01/1600.0/101325.0/0.003/1.0/initial_rate	4525982672026961742	3.757542243507898e-06
tno/0.01/1600.0/101325.0/0.003/1.0/char_time	4660656031907121175	3836.9839027831435
tno/0.01/1600.0/101325.0/0.003/1.0/ei_no	4549848099191682522	0.00015493452806662652
tno/0.01/1600.0/101325.0/0.003/1.0/frac_eq	4515487724128475600	7.818640460663442e-07
tno/0.01/1600.0/1500000.0/0.003/1.0/x_no	4483462514144125653	5.694712137132785e-09
tno/0.01/1600.0/1500000.0/0.003/1.0/x_no_eq	4566372745083200528	0.0018930001195605096
tno/0.01/1600.0/1500000.0/0.003/1.0/initial_rate	4552028575400265518	0.00021403645412659253
tno/0.01/1600.0/1500000.0/0.003/1.0/char_time	4651983037585938358	997.2406777429776
tno/0.01/1600.0/1500000.0/0.003/1.0/ei_no	4558637691651667633	0.0005961451363043127
tno/0.01/1600.0/1500000.0/0.003/1.0/frac_eq	4524213573644967495	3.0082999352661974e-06
tno/0.01/2000.0/101325.0/0.003/1.0/x_no	4529406429612684011	6.600422699909397e-06
tno/0.01/2000.0/101325.0/0.003/1.0/x_no_eq	4575144412401600421	0.007367709088585449
tno/0.01/2000.0/101325.0/0.003/1.0/initial_rate	4578882960504396532	0.013408265337159865
tno/0.01/2000.0/101325.0/0.003/1.0/char_time	4614721910795448332	3.348207042921791
tno/0.01/2000.0/101325.0/0.003/1.0/ei_no	4604401270082886671	0.6912304659334739
tno/0.01/2000.0/101325.0/0.003/1.0/frac_eq	4561402056864727621	0.0008958582132586121
tno/0.01/2000.0/1500000.0/0.003/1.0/x_no	4538119684589215297	2.5405768846435568e-05
tno/0.01/2000.0/1500000.0/0.003/1.0/x_no_eq	4575150849531493729	0.007373292408757366
tno/0.01/2000.0/1500000.0/0.003/1.0/initial_rate	4605060255890087779	0.7643925875390604
tno/0.01/2000.0/1500000.0/0.003/1.0/char_time	4606012435952053933	0.8701058103774436
tno/0.01/2000.0/1500000.0/0.003/1.0/ei_no	4613172151149199094	2.6599755061614543
tno/0.01/2000.0/1500000.0/0.003/1.0/frac_eq	4570091545442999458	0.0034456478107745695
tno/0.01/2400.0/101325.0/0.003/1.0/x_no	4565417370662088162	0.001685836314979088
tno/0.01/2400.0/101325.0/0.003/1.0/x_no_eq	4580867187877438834	0.018075702285704272
tno/0.01/2400.0/101325.0/0.003/1.0/initial_rate	4613765544317411671	2.923495009363403
tno/0.01/2400.0/101325.0/0.003/1.0/char_time	4584685354049180062	0.03139525454460855
tno/0.01/2400.0/101325.0/0.003/1.0/ei_no	4640435557067592927	177.1110334900795
tno/0.01/2400.0/101325.0/0.003/1.0/frac_eq	4591384895855724036	0.0932653286900163
tno/0.01/2400.0/1500000.0/0.003/1.0/x_no	4573511169114929959	0.005951096352901065
tno/0.01/2400.0/1500000.0/0.003/1.0/x_no_eq	4580900166300208093	0.018190119174061315
tno/0.01/2400.0/1500000.0/0.003/1.0/initial_rate	4640106978716249791	167.7722750630837
tno/0.01/2400.0/1500000.0/0.003/1.0/char_time	4575851815577291744	0.008150067073023182
tno/0.01/2400.0/1500000.0/0.003/1.0/ei_no	4648697597317226860	623.729363069911
tno/0.01/2400.0/1500000.0/0.003/1.0/frac_eq	4599565227334307954	0.32716093258955603
tno/0.02717919071928212/1600.0/101325.0/0.003/1.0/x_no	4473412916075934367	1.2081150120246055e-09
tno/0.02717919071928212/1600.0/101325.0/0.003/1.0/x_no_eq	4564830978851792996	0.0015586828600491426
tno/0.02717919071928212/1600.0/101325.0/0.003/1.0/initial_rate	4524352771159835869	3.067252375900914e-06
tno/0.02717919071928212/1600.0/101325.0/0.003/1.0/char_time	4660729805551335649	3870.532272054916
tno/0.02717919071928212/1600.0/101325.0/0.003/1.0/ei_no	4542112431699801456	4.7349866389638224e-05
tno/0.02717919071928212/1600.0/101325.0/0.003/1.0/frac_eq	4515423717889845357	7.750871219476396e-07
tno/0.02717919071928212/1600.0/1500000.0/0.003/1.0/x_no	4482197981289798118	4.648715076096706e-09
tno/0.02717919071928212/1600.0/1500000.0/0.003/1.0/x_no_eq	4564831535109694111	0.0015588034792541128
tno/0.02717919071928212/1600.0/1500000.0/0.003/1.0/initial_rate	4550578147818341471	0.0001747225357427188
tno/0.02717919071928212/1600.0/1500000.0/0.003/1.0/char_time	4652059709547052198	1005.9572705439248
tno/0.02717919071928212/1600.0/1500000.0/0.003/1.0/ei_no	4550853821942517420	0.00018219469785095887
tno/0.02717919071928212/1600.0/1500000.0/0.003/1.0/frac_eq	4524152024682409035	2.982232935688029e-06
tno/0.02717919071928212/2000.0/101325.0/0.003/1.0/x_no	4527971016180672547	5.384580230064317e-06
tno/0.02717919071928212/2000.0/101325.0/0.003/1.0/x_no_eq	4573640962017427261	0.006063673750389684
tno/0.02717919071928212/2000.0/101325.0/0.003/1.0/initial_rate	4577459260314669406	0.010938539195287585
tno/0.02717919071928212/2000.0/101325.0/0.003/1.0/char_time	4614788460633777509	3.3777611080410446
tno/0.02717919071928212/2000.0/101325.0/0.003/1.0/ei_no	4596775651744905361	0.21115419008760175
tno/0.02717919071928212/2000.0/101325.0/0.003/1.0/frac_eq	4561329635349890248	0.000888006256886475
tno/0.02717919071928212/2000.0/1500000.0/0.003/1.0/x_no	4536739645175048848	2.0730013437201546e-05
tno/0.02717919071928212/2000.0/1500000.0/0.003/1.0/x_no_eq	4573647797672088981	0.006069602735697362
tno/0.02717919071928212/2000.0/1500000.0/0.003/1.0/initial_rate	4603793595581262680	0.6237650436154167
tno/0.02717919071928212/2000.0/1500000.0/0.003/1.0/char_time	4606081206301589042	0.8777408529239834
tno/0.02717919071928212/2000.0/1500000.0/0.003/1.0/ei_no	4605494807181170276	0.812637472413098
tno/0.02717919071928212/2000.0/1500000.0/0.003/1.0/frac_eq	4570021757807145316	0.0034153822482122943
tno/0.02717919071928212/2400.0/101325.0/0.003/1.0/x_no	4563986703453010470	0.0013756098157419266
tno/0.02717919071928212/2400.0/101325.0/0.003/1.0/x_no_eq	4579732146240965352	0.014881367769850454
tno/0.02717919071928212/2400.0/101325.0/0.003/1.0/initial_rate	4612550836650355156	2.384056441301462
tno/0.02717919071928212/2400.0/101325.0/0.003/1.0/char_time	4584728622878096630	0.03169549235780693
tno/0.02717919071928212/2400.0/101325.0/0.003/1.0/ei_no	4632824027967909673	54.19459127445436
tno/0.02717919071928212/2400.0/101325.0/0.003/1.0/frac_eq	4591325309311998899	0.0924383992799978
tno/0.02717919071928212/2400.0/1500000.0/0.003/1.0/x_no	4572225791344681116	0.004836208856126369
tno/0.02717919071928212/2400.0/1500000.0/0.003/1.0/x_no_eq	4579779035581956091	0.01496270781044017
tno/0.02717919071928212/2400.0/1500000.0/0.003/1.0/initial_rate	4639016220722113773	136.77106829485948
tno/0.02717919071928212/2400.0/1500000.0/0.003/1.0/char_time	4575894202354877834	0.00822359641117278
tno/0.02717919071928212/2400.0/1500000.0/0.003/1.0/ei_no	4640884667037598357	189.8755065598713
tno/0.02717919071928212/2400.0/1500000.0/0.003/1.0/frac_eq	4599494188580815840	0.32321748960117525
tno/0.0677/1600.0/101325.0/0.003/1.0/x_no	4450141658484978106	3.2885768995636696e-11
tno/0.0677/1600.0/101325.0/0.003/1.0/x_no_eq	4541512746865398686	4.328624388797514e-05
tno/0.0677/1600.0/101325.0/0.003/1.0/initial_rate	4500900970086654755	8.34928577888854e-08
tno/0.0677/1600.0/101325.0/0.003/1.0/char_time	4660901875765664792	3948.78074618756
tno/0.0677/1600.0/101325.0/0.003/1.0/ei_no	4513189980230761247	5.385809478517727e-07
tno/0.0677/1600.0/101325.0/0.003/1.0/frac_eq	4515278654538786961	7.597279422244423e-07
tno/0.0677/1600.0/1500000.0/0.003/1.0/x_no	4454275629772735236	6.099420367286179e-11
tno/0.0677/1600.0/1500000.0/0.003/1.0/x_no_eq	4536779583053283599	2.0865328232034605e-05
tno/0.0677/1600.0/1500000.0/0.003/1.0/initial_rate	4522523386317433185	2.2924777585395694e-06
tno/0.0677/1600.0/1500000.0/0.003/1.0/char_time	4652228352367122076	1026.2594789242494
tno/0.0677/1600.0/1500000.0/0.003/1.0/ei_no	4517323699879474133	9.98836763590367e-07
tno/0.0677/1600.0/1500000.0/0.003/1.0/frac_eq	4524012713623093782	2.9232324071095702e-06
tno/0.0677/2000.0/101325.0/0.003/1.0/x_no	4514373123041804119	6.638510656343204e-07
tno/0.0677/2000.0/101325.0/0.003/1.0/x_no_eq	4560180462745580030	0.0007634127134710786
tno/0.0677/2000.0/101325.0/0.003/1.0/initial_rate	4563862459681981298	0.0013486687424484026
tno/0.0677/2000.0/101325.0/0.003/1.0/char_time	4614949114800571782	3.4491058900318334
tno/0.0677/2000.0/101325.0/0.003/1.0/ei_no	4577435525830322731	0.010897366428101204
tno/0.0677/2000.0/101325.0/0.003/1.0/frac_eq	4561159715002142823	0.0008695834558687499
tno/0.0677/2000.0/1500000.0/0.003/1.0/x_no	4520233532617041661	1.6150178135200851e-06
tno/0.0677/2000.0/1500000.0/0.003/1.0/x_no_eq	4557543956399715139	0.00048292168633761265
tno/0.0677/2000.0/1500000.0/0.003/1.0/initial_rate	4587169142070702374	0.04862999610574752
tno/0.0677/2000.0/1500000.0/0.003/1.0/char_time	4606243654872173880	0.8957762672620566
tno/0.0677/2000.0/1500000.0/0.003/1.0/ei_no	4583287293800458623	0.026472131403730167
tno/0.0677/2000.0/1500000.0/0.003/1.0/frac_eq	4569857771261348184	0.0033442644205276366
tno/0.0677/2400.0/101325.0/0.003/1.0/x_no	4555994475777420956	0.0003989241734918354
tno/0.0677/2400.0/101325.0/0.003/1.0/x_no_eq	4571736435097384996	0.004411759970976124
tno/0.0677/2400.0/101325.0/0.003/1.0/initial_rate	4604383693415951187	0.6892790639006797
tno/0.0677/2400.0/101325.0/0.003/1.0/char_time	4584844614399539143	0.03250034521884931
tno/0.0677/2400.0/101325.0/0.003/1.0/ei_no	4619155313422038227	6.634066624622579
tno/0.0677/2400.0/101325.0/0.003/1.0/frac_eq	4591180077982352790	0.09042290970412234
tno/0.0677/2400.0/1500000.0/0.003/1.0/x_no	4561629634132987712	0.0009205321901242028
tno/0.0677/2400.0/1500000.0/0.003/1.0/x_no_eq	4568913236149062999	0.0029346376122362616
tno/0.0677/2400.0/1500000.0/0.003/1.0/initial_rate	4628077651875354051	26.23478036847315
tno/0.0677/2400.0/1500000.0/0.003/1.0/char_time	4576000840572813138	0.008408584231261482
tno/0.0677/2400.0/1500000.0/0.003/1.0/ei_no	4624729319718488344	15.169557456804384
tno/0.0677/2400.0/1500000.0/0.003/1.0/frac_eq	4599322346142009319	0.3136783179926383
tno/0.0677/2800.0/101325.0/0.003/1.0/x_no	4578497091430679994	0.012738889196330361
tno/0.0677/2800.0/101325.0/0.003/1.0/x_no_eq	4578741955632205914	0.01316366087514369
tno/0.0677/2800.0/101325.0/0.003/1.0/initial_rate	4631918463301768693	47.760167321579424
tno/0.0677/2800.0/101325.0/0.003/1.0/char_time	4563174985965740990	0.0011995966431135176
tno/0.0677/2800.0/101325.0/0.003/1.0/ei_no	4641944556789125161	219.99938510602922
tno/0.0677/2800.0/101325.0/0.003/1.0/frac_eq	4606891769930745262	0.9677314933252796
tno/0.0677/2800.0/1500000.0/0.003/1.0/x_no	4576799051130368954	0.009793258824226093
tno/0.0677/2800.0/1500000.0/0.003/1.0/x_no_eq	4576799065623953694	0.009793283966587792
tno/0.0677/2800.0/1500000.0/0.003/1.0/initial_rate	4656737304577732077	2054.953030897063
tno/0.0677/2800.0/1500000.0/0.003/1.0/char_time	4554299910156286047	0.0003070615870991496
tno/0.0677/2800.0/1500000.0/0.003/1.0/ei_no	4639975960286852450	164.04850733272457
tno/0.0677/2800.0/1500000.0/0.003/1.0/frac_eq	4607182395675776108	0.9999974326934882
tno/0.1354/1600.0/101325.0/0.003/1.0/x_no	4396891993088183259	9.280721992149244e-15
tno/0.1354/1600.0/101325.0/0.003/1.0/x_no_eq	4489373908289189782	1.3718424937254798e-08
tno/0.1354/1600.0/101325.0/0.003/1.0/initial_rate	4447841499809151815	2.356258620103226e-11
tno/0.1354/1600.0/101325.0/0.003/1.0/char_time	4661597788690075075	4434.490610021577
tno/0.1354/1600.0/101325.0/0.003/1.0/ei_no	4456971852930401489	9.58420712218935e-11
tno/0.1354/1600.0/101325.0/0.003/1.0/frac_eq	4514492731722062193	6.765151272538446e-07
tno/0.1354/1600.0/1500000.0/0.003/1.0/x_no	4396891853324732198	9.280501484304202e-15
tno/0.1354/1600.0/1500000.0/0.003/1.0/x_no_eq	4480694973276913462	3.565373142894291e-09
tno/0.1354/1600.0/1500000.0/0.003/1.0/initial_rate	4465310572346057451	3.488086872142175e-10
tno/0.1354/1600.0/1500000.0/0.003/1.0/char_time	4652783725738429245	1152.5367636016592
tno/0.1354/1600.0/1500000.0/0.003/1.0/ei_no	4456971621117504099	9.583907511041755e-11
tno/0.1354/1600.0/1500000.0/0.003/1.0/frac_eq	4523256477086170906	2.6029537757639856e-06
tno/0.1354/2000.0/101325.0/0.003/1.0/x_no	4477097332518690627	2.077423799828039e-09
tno/0.1354/2000.0/101325.0/0.003/1.0/x_no_eq	4523437301625594723	2.679535947046014e-06
tno/0.1354/2000.0/101325.0/0.003/1.0/initial_rate	4526595568895038161	4.219531061920495e-06
tno/0.1354/2000.0/101325.0/0.003/1.0/char_time	4615895617338038500	3.8694374540165075
tno/0.1354/2000.0/101325.0/0.003/1.0/ei_no	4536955083048150687	2.145994534361614e-05
tno/0.1354/2000.0/101325.0/0.003/1.0/frac_eq	4560290033323272356	0.0007752923793085298
tno/0.1354/2000.0/1500000.0/0.003/1.0/x_no	4477093946517026370	2.0760233823626663e-09
tno/0.1354/2000.0/1500000.0/0.003/1.0/x_no_eq	4514675917013309849	6.95910624396237e-07
tno/0.1354/2000.0/1500000.0/0.003/1.0/initial_rate	4544234691742521246	6.242656339047615e-05
tno/0.1354/2000.0/1500000.0/0.003/1.0/char_time	4607207491435983022	1.005567243547414
tno/0.1354/2000.0/1500000.0/0.003/1.0/ei_no	4536949373817142019	2.144060171654483e-05
tno/0.1354/2000.0/1500000.0/0.003/1.0/frac_eq	4569025156425997119	0.0029831752951951225
tno/0.1354/2400.0/101325.0/0.003/1.0/x_no	4530283551700490421	7.343374007045906e-06
tno/0.1354/2400.0/101325.0/0.003/1.0/x_no_eq	4546217041171794411	8.929240786351821e-05
tno/0.1354/2400.0/101325.0/0.003/1.0/initial_rate	4578358579265860994	0.012498608892310473
tno/0.1354/2400.0/101325.0/0.003/1.0/char_time	4585388799555713185	0.03627638828162217
tno/0.1354/2400.0/101325.0/0.003/1.0/ei_no	4590146016601272917	0.0760724252772403
tno/0.1354/2400.0/101325.0/0.003/1.0/frac_eq	4590590410069533896	0.0822396235329449
tno/0.1354/2400.0/1500000.0/0.003/1.0/x_no	4529924833717254133	7.039528056472154e-06
tno/0.1354/2400.0/1500000.0/0.003/1.0/x_no_eq	4537440577179286574	2.3104863442698926e-05
tno/0.1354/2400.0/1500000.0/0.003/1.0/initial_rate	4595812579209465149	0.1844235575068555
tno/0.1354/2400.0/1500000.0/0.003/1.0/char_time	4576582406092610024	0.009417439591271795
tno/0.1354/2400.0/1500000.0/0.003/1.0/ei_no	4589907025998498422	0.07275576440387418
tno/0.1354/2400.0/1500000.0/0.003/1.0/frac_eq	4599160198720480107	0.3046773279543717
tno/0.1354/2800.0/101325.0/0.003/1.0/x_no	4562405325866715634	0.0010327032128257777
tno/0.1354/2800.0/101325.0/0.003/1.0/x_no_eq	4562551581027789467	0.001064417245500471
tno/0.1354/2800.0/101325.0/0.003/1.0/initial_rate	4615065635249292516	3.500851364035599
tno/0.1354/2800.0/101325.0/0.003/1.0/char_time	4563745527620688848	0.001323313143471106
tno/0.1354/2800.0/101325.0/0.003/1.0/ei_no	4622298475566675999	10.851510822216424
tno/0.1354/2800.0/101325.0/0.003/1.0/frac_eq	4606914051660458315	0.9702052622608702
tno/0.1354/2800.0/1500000.0/0.003/1.0/x_no	4553788460527660231	0.0002793358471754989
tno/0.1354/2800.0/1500000.0/0.003/1.0/x_no_eq	4553788461870504842	0.0002793359199712511
tno/0.1354/2800.0/1500000.0/0.003/1.0/initial_rate	4632609357086204690	52.669262918707446
tno/0.1354/2800.0/1500000.0/0.003/1.0/char_time	4554939218754581285	0.0003417185756571676
tno/0.1354/2800.0/1500000.0/0.003/1.0/ei_no	4613707076018947591	2.897529868897212
tno/0.1354/2800.0/1500000.0/0.003/1.0/frac_eq	4607182416452715116	0.999999739397095
tno/0.02717919071928212/2000.0/1500000.0/0.003/1.3415845826250723/x_no	4538827398061224418	2.7803595358465406e-05
tno/0.02717919071928212/2000.0/1500000.0/0.003/1.3415845826250723/x_no_eq	4573647797672088981	0.006069602735697362
tno/0.02717919071928212/2000.0/1500000.0/0.003/1.3415845826250723/initial_rate	4605712746214545756	0.8368335656948989
tno/0.02717919071928212/2000.0/1500000.0/0.003/1.3415845826250723/char_time	4604068241020555312	0.6542568126465138
tno/0.02717919071928212/2000.0/1500000.0/0.003/1.3415845826250723/ei_no	4607587423150056882	1.089929030897434
tno/0.02717919071928212/2000.0/1500000.0/0.003/1.3415845826250723/frac_eq	4571931317221914277	0.004580793269210713
tno/0.02717919071928212/2400.0/1500000.0/0.003/1.1567214452086891/x_no	4572946193330373546	0.005461057974486852
tno/0.02717919071928212/2400.0/1500000.0/0.003/1.1567214452086891/x_no_eq	4579779035581956091	0.01496270781044017
tno/0.02717919071928212/2400.0/1500000.0/0.003/1.1567214452086891/initial_rate	4639770396312374953	158.20602778076616
tno/0.02717919071928212/2400.0/1500000.0/0.003/1.1567214452086891/char_time	4574846603263959023	0.007109400837371978
tno/0.02717919071928212/2400.0/1500000.0/0.003/1.1567214452086891/ei_no	4641747822182989621	214.40785129553993
tno/0.02717919071928212/2400.0/1500000.0/0.003/1.1567214452086891/frac_eq	4600246477616266375	0.364977920017687
tno/0.0677/2000.0/1500000.0/0.003/1.3415845826250723/x_no	4522221189455013739	2.1644924090264965e-06
tno/0.0677/2000.0/1500000.0/0.003/1.3415845826250723/x_no_eq	4557543956399715139	0.00048292168633761265
tno/0.0677/2000.0/1500000.0/0.003/1.3415845826250723/initial_rate	4589365548388424670	0.06524125302858816
tno/0.0677/2000.0/1500000.0/0.003/1.3415845826250723/char_time	4604189328108681338	0.6677001799687468
tno/0.0677/2000.0/1500000.0/0.003/1.3415845826250723/ei_no	4585273840110452561	0.03547869688770667
tno/0.0677/2000.0/1500000.0/0.003/1.3415845826250723/frac_eq	4571817505651577299	0.004482077467760043
tno/0.0677/2400.0/1500000.0/0.003/1.1567214452086891/x_no	4562395623804985579	0.0010305994135447148
tno/0.0677/2400.0/1500000.0/0.003/1.1567214452086891/x_no_eq	4568913236149062999	0.0029346376122362616
tno/0.0677/2400.0/1500000.0/0.003/1.1567214452086891/initial_rate	4629234951074164758	30.34633306255281
tno/0.0677/2400.0/1500000.0/0.003/1.1567214452086891/char_time	4575030983381362422	0.007269325096453496
tno/0.0677/2400.0/1500000.0/0.003/1.1567214452086891/ei_no	4625473610818244771	16.983368084722894
tno/0.0677/2400.0/1500000.0/0.003/1.1567214452086891/frac_eq	4599997998501013318	0.3511845582730654
tno/0.1354/2000.0/1500000.0/0.003/1.3415845826250723/x_no	4478808147092038347	2.785000123201246e-09
tno/0.1354/2000.0/1500000.0/0.003/1.3415845826250723/x_no_eq	4514675917013309849	6.95910624396237e-07
tno/0.1354/2000.0/1500000.0/0.003/1.3415845826250723/initial_rate	4545808121653776180	8.375051499092957e-05
tno/0.1354/2000.0/1500000.0/0.003/1.3415845826250723/char_time	4604926448386136942	0.7495369703636763
tno/0.1354/2000.0/1500000.0/0.003/1.3415845826250723/ei_no	4539110481570803380	2.8762719596216443e-05
tno/0.1354/2000.0/1500000.0/0.003/1.3415845826250723/frac_eq	4571263957362902027	0.004001950862034152
tno/0.1354/2400.0/1500000.0/0.003/1.1567214452086891/x_no	4530856388644032719	8.027777012011368e-06
tno/0.1354/2400.0/1500000.0/0.003/1.1567214452086891/x_no_eq	4537440577179286574	2.3104863442698926e-05
tno/0.1354/2400.0/1500000.0/0.003/1.1567214452086891/initial_rate	4596853924086014101	0.21332668396985768
tno/0.1354/2400.0/1500000.0/0.003/1.1567214452086891/char_time	4575846872981714939	0.008141493036443839
tno/0.1354/2400.0/1500000.0/0.003/1.1567214452086891/ei_no	4590643012730191922	0.08296963209568345
tno/0.1354/2400.0/1500000.0/0.003/1.1567214452086891/frac_eq	4599930716605418672	0.3474496627915853
tno/0.0677/2400.0/1500000.0/0.0001/1.0/x_no	4540256111241604325	3.477094967959687e-05
tno/0.0677/2400.0/1500000.0/0.0001/1.0/x_no_eq	4568913236149062999	0.0029346376122362616
tno/0.0677/2400.0/1500000.0/0.0001/1.0/initial_rate	4628077651875354051	26.23478036847315
tno/0.0677/2400.0/1500000.0/0.0001/1.0/char_time	4576000840572813138	0.008408584231261482
tno/0.0677/2400.0/1500000.0/0.0001/1.0/ei_no	4603336295540470193	0.5729945401704325
tno/0.0677/2400.0/1500000.0/0.0001/1.0/frac_eq	4577983796562099348	0.011848464537705085
tno/0.0677/2400.0/1500000.0/0.0003/1.0/x_no	4547267144506200261	0.0001035239618197319
tno/0.0677/2400.0/1500000.0/0.0003/1.0/x_no_eq	4568913236149062999	0.0029346376122362616
tno/0.0677/2400.0/1500000.0/0.0003/1.0/initial_rate	4628077651875354051	26.23478036847315
tno/0.0677/2400.0/1500000.0/0.0003/1.0/char_time	4576000840572813138	0.008408584231261482
tno/0.0677/2400.0/1500000.0/0.0003/1.0/ei_no	4610361885628963643	1.7059834559056088
tno/0.0677/2400.0/1500000.0/0.0003/1.0/frac_eq	4585244711178073184	0.035276574316392084
tno/0.0677/2400.0/1500000.0/0.001/1.0/x_no	4554825266457730392	0.000335541209266895
tno/0.0677/2400.0/1500000.0/0.001/1.0/x_no_eq	4568913236149062999	0.0029346376122362616
tno/0.0677/2400.0/1500000.0/0.001/1.0/initial_rate	4628077651875354051	26.23478036847315
tno/0.0677/2400.0/1500000.0/0.001/1.0/char_time	4576000840572813138	0.008408584231261482
tno/0.0677/2400.0/1500000.0/0.001/1.0/ei_no	4617911595009647007	5.529422770552997
tno/0.0677/2400.0/1500000.0/0.001/1.0/frac_eq	4592903356925528487	0.11433820921118941
tno/0.0677/2400.0/1500000.0/0.01/1.0/x_no	4567138100111300954	0.0021647950727966938
tno/0.0677/2400.0/1500000.0/0.01/1.0/x_no_eq	4568913236149062999	0.0029346376122362616
tno/0.0677/2400.0/1500000.0/0.01/1.0/initial_rate	4628077651875354051	26.23478036847315
tno/0.0677/2400.0/1500000.0/0.01/1.0/char_time	4576000840572813138	0.008408584231261482
tno/0.0677/2400.0/1500000.0/0.01/1.0/ei_no	4630217473915299889	35.67391079997504
tno/0.0677/2400.0/1500000.0/0.01/1.0/frac_eq	4604819563121143987	0.7376703221448423
tno/0.0677/2400.0/1500000.0/0.03/1.0/x_no	4568815907084345922	0.0028924278588713668
tno/0.0677/2400.0/1500000.0/0.03/1.0/x_no_eq	4568913236149062999	0.0029346376122362616
tno/0.0677/2400.0/1500000.0/0.03/1.0/initial_rate	4628077651875354051	26.23478036847315
tno/0.0677/2400.0/1500000.0/0.03/1.0/char_time	4576000840572813138	0.008408584231261482
tno/0.0677/2400.0/1500000.0/0.03/1.0/ei_no	4631905021341802147	47.66465645149335
tno/0.0677/2400.0/1500000.0/0.03/1.0/frac_eq	4607052865611758035	0.9856167067480847
tno/0.0677/2400.0/1500000.0/0.1/1.0/x_no	4568913232775396232	0.0029346361491415264
tno/0.0677/2400.0/1500000.0/0.1/1.0/x_no_eq	4568913236149062999	0.0029346376122362616
tno/0.0677/2400.0/1500000.0/0.1/1.0/initial_rate	4628077651875354051	26.23478036847315
tno/0.0677/2400.0/1500000.0/0.1/1.0/char_time	4576000840572813138	0.008408584231261482
tno/0.0677/2400.0/1500000.0/0.1/1.0/ei_no	4632002912053965792	48.36021179575596
tno/0.0677/2400.0/1500000.0/0.1/1.0/frac_eq	4607182414309382601	0.9999995014393842
prompt/dflt/scale	4703201405941846348	2769285.1584493276
prompt/dflt/f/0.6	4604458641745383728	0.6975999999999996
prompt/dflt/ei/0.6/2000.0	4582263259631331584	0.02291929917695601
prompt/dflt/ei/0.6/2400.0	4602316982968633851	0.4799140557580867
prompt/dflt/ei/0.6/2441.540385130793	4603774439585689942	0.6216383008809696
prompt/dflt/f/0.8	4609012681688580800	1.406400000000005
prompt/dflt/ei/0.8/2000.0	4586819889382051138	0.046206568753542246
prompt/dflt/ei/0.8/2400.0	4606889983446182246	0.9675331536957799
prompt/dflt/ei/0.8/2441.540385130793	4608322987080357359	1.2532570331981068
prompt/dflt/f/1.0	4612435417405382360	2.3328000000000024
prompt/dflt/ei/1.0/2000.0	4590187129223370988	0.07664297752294019
prompt/dflt/ei/1.0/2400.0	4609906421998312821	1.6048502139800267
prompt/dflt/ei/1.0/2441.540385130793	4611863418122794320	2.078781290560677
prompt/dflt/f/1.2	4613692822421344208	2.891200000000005
prompt/dflt/ei/1.2/2000.0	4591509094441143225	0.09498893030449453
prompt/dflt/ei/1.2/2400.0	4611636486049175243	1.9890016026487725
prompt/dflt/ei/1.2/2441.540385130793	4612983904243266987	2.576377086449346
prompt/dflt/f/1.24	4613728822395325560	2.9071872000000063
prompt/dflt/ei/1.24/2000.0	4591546942797750621	0.09551418176636646
prompt/dflt/ei/1.24/2400.0	4611686018427387904	2.0
prompt/dflt/ei/1.24/2441.540385130793	4613015984178269176	2.5906234394365093
prompt/dflt/f/1.4	4612802911134975792	2.496000000000002
prompt/dflt/ei/1.4/2000.0	4590573491550628201	0.08200483191754916
prompt/dflt/ei/1.4/2400.0	4610412056763894386	1.7171236857399461
prompt/dflt/ei/1.4/2441.540385130793	4612190895441671717	2.2242104343447573
prompt/dflt/f/1.6	4603233662646739072	0.5616000000000128
prompt/dflt/ei/1.6/2000.0	4580975385207140998	0.018451087181448965
prompt/dflt/ei/1.6/2400.0	4600631533750028798	0.3863528292914963
prompt/dflt/ei/1.6/2441.540385130793	4602682848522765392	0.5004473477275813
prompt/dflt/f/1.65	13820867212856319232	-0.2311249999999987
prompt/dflt/ei/1.65/2000.0	0	0.0
prompt/dflt/ei/1.65/2400.0	0	0.0
prompt/dflt/ei/1.65/2441.540385130793	0	0.0
prompt/dflt/f/1.7	13831301152473011232	-1.1657999999999973
prompt/dflt/ei/1.7/2000.0	0	0.0
prompt/dflt/ei/1.7/2400.0	0	0.0
prompt/dflt/ei/1.7/2441.540385130793	0	0.0
prompt/dflt/f/2.0	13845341574671301504	-10.267200000000003
prompt/dflt/ei/2.0/2000.0	0	0.0
prompt/dflt/ei/2.0/2400.0	0	0.0
prompt/dflt/ei/2.0/2441.540385130793	0	0.0
prompt/c8/scale	4703956656793273920	3120976.242165357
prompt/c8/f/0.6	4600336947366414240	0.3699999999999992
prompt/c8/ei/0.6/2000.0	4579051112324646446	0.013699962247275623
prompt/c8/ei/0.6/2400.0	4598839367260200303	0.2868676042430342
prompt/c8/ei/0.6/2441.540385130793	4600365463614922697	0.3715829697835003
prompt/c8/f/0.8	4607537302450654224	1.0788000000000046
prompt/c8/ei/0.8/2000.0	4585917451305002668	0.039944646682056856
prompt/c8/ei/0.8/2400.0	4605708957157259140	0.8364128958307764
prompt/c8/ei/0.8/2441.540385130793	4607558088483688631	1.0834154264930882
prompt/c8/f/1.0	4611697727786419072	2.005200000000002
prompt/c8/ei/1.0/2000.0	4590014436892223287	0.07424638999523557
prompt/c8/ei/1.0/2400.0	4609680418477220377	1.554667351427389
prompt/c8/ei/1.0/2441.540385130793	4611717045618010003	2.013778840567235
prompt/c8/f/1.2	4612955132802380920	2.5636000000000045
prompt/c8/ei/1.2/2000.0	4591504287810987599	0.0949222249111241
prompt/c8/ei/1.2/2400.0	4611630195582583352	1.987604838479582
prompt/c8/ei/1.2/2441.540385130793	4612979830185717501	2.574567841451311
prompt/c8/f/1.24	4612991132776362272	2.579587200000006
prompt/c8/ei/1.24/2000.0	4591546942797750620	0.09551418176636645
prompt/c8/ei/1.24/2400.0	4611686018427387903	1.9999999999999998
prompt/c8/ei/1.24/2441.540385130793	4613015984178269175	2.590623439436509
prompt/c8/f/1.4	4612065221516012512	2.1684000000000054
prompt/c8/ei/1.4/2000.0	4590449866100572749	0.08028918415403404
prompt/c8/ei/1.4/2400.0	4610250267373343662	1.681199224434049
prompt/c8/ei/1.4/2441.540385130793	4612086111594818504	2.177677058590664
prompt/c8/f/1.6	4597598758792973312	0.23400000000000887
prompt/c8/ei/1.6/2000.0	4576148250935650297	0.008664300448277361
prompt/c8/ei/1.6/2400.0	4595704522334302634	0.18142437673749373
prompt/c8/ei/1.6/2441.540385130793	4597634827993789415	0.23500112143065552
prompt/c8/f/1.65	13826579803803657344	-0.5587249999999955
prompt/c8/ei/1.65/2000.0	0	0.0
prompt/c8/ei/1.65/2400.0	0	0.0
prompt/c8/ei/1.65/2441.540385130793	0	0.0
prompt/c8/f/1.7	13832776531710937792	-1.493399999999994
prompt/c8/ei/1.7/2000.0	0	0.0
prompt/c8/ei/1.7/2400.0	0	0.0
prompt/c8/ei/1.7/2441.540385130793	0	0.0
prompt/c8/f/2.0	13845525997076042320	-10.594799999999992
prompt/c8/ei/2.0/2000.0	0	0.0
prompt/c8/ei/2.0/2400.0	0	0.0
prompt/c8/ei/2.0/2441.540385130793	0	0.0
prompt/peak5/scale	4709191754217821598	6923212.896123318
prompt/peak5/f/0.6	4604458641745383728	0.6975999999999996
prompt/peak5/ei/0.6/2000.0	4588418368814428991	0.05729824794239002
prompt/peak5/ei/0.6/2400.0	4608082171079351868	1.1997851393952166
prompt/peak5/ei/0.6/2441.540385130793	4609677844223163818	1.5540957522024237
prompt/peak5/f/0.8	4609012681688580800	1.406400000000005
prompt/peak5/ei/0.8/2000.0	4592988256095985809	0.1155164218838556
prompt/peak5/ei/0.8/2400.0	4612629146238083551	2.4188328842394493
prompt/peak5/ei/0.8/2441.540385130793	4614237628684655466	3.1331425829952666
prompt/peak5/f/1.0	4612435417405382360	2.3328000000000024
prompt/peak5/ei/1.0/2000.0	4596071405990792998	0.19160744380735045
prompt/peak5/ei/1.0/2400.0	4616203270193429097	4.012125534950067
prompt/peak5/ei/1.0/2441.540385130793	4617537267580859044	5.196953226401693
prompt/peak5/f/1.2	4613692822421344208	2.891200000000005
prompt/peak5/ei/1.2/2000.0	4597723862513008294	0.23747232576123628
prompt/peak5/ei/1.2/2400.0	4617284560225218110	4.97250400662193
prompt/peak5/ei/1.2/2441.540385130793	4618937875231449877	6.440942716123364
prompt/peak5/f/1.24	4613728822395325560	2.9071872000000063
prompt/peak5/ei/1.24/2000.0	4597771172958767539	0.23878545441591612
prompt/peak5/ei/1.24/2400.0	4617315517961601023	4.999999999999999
prompt/peak5/ei/1.24/2441.540385130793	4618977975150202613	6.476558598591272
prompt/peak5/f/1.4	4612802911134975792	2.496000000000002
prompt/peak5/ei/1.4/2000.0	4596554358899864514	0.20501207979387287
prompt/peak5/ei/1.4/2400.0	4616519291921917574	4.292809214349864
prompt/peak5/ei/1.4/2441.540385130793	4617946614229455789	5.560526085861892
prompt/peak5/f/1.6	4603233662646739072	0.5616000000000128
prompt/peak5/ei/1.6/2000.0	4586808525784190758	0.0461277179536224
prompt/peak5/ei/1.6/2400.0	4606875111835430013	0.9658820732287406
prompt/peak5/ei/1.6/2441.540385130793	4608313355394508132	1.2511183693189531
prompt/peak5/f/1.65	13820867212856319232	-0.2311249999999987
prompt/peak5/ei/1.65/2000.0	0	0.0
prompt/peak5/ei/1.65/2400.0	0	0.0
prompt/peak5/ei/1.65/2441.540385130793	0	0.0
prompt/peak5/f/1.7	13831301152473011232	-1.1657999999999973
prompt/peak5/ei/1.7/2000.0	0	0.0
prompt/peak5/ei/1.7/2400.0	0	0.0
prompt/peak5/ei/1.7/2441.540385130793	0	0.0
prompt/peak5/f/2.0	13845341574671301504	-10.267200000000003
prompt/peak5/ei/2.0/2000.0	0	0.0
prompt/peak5/ei/2.0/2400.0	0	0.0
prompt/peak5/ei/2.0/2441.540385130793	0	0.0
prompt/tref2200/scale	4712186426867753821	11035830.277177507
prompt/tref2200/f/0.6	4604458641745383728	0.6975999999999996
prompt/tref2200/ei/0.6/2000.0	4591245822763461681	0.09133530182582274
prompt/tref2200/ei/0.6/2400.0	4611291940777451194	1.9124971839100184
prompt/tref2200/ei/0.6/2441.540385130793	4612760757479048152	2.477280016246805
prompt/tref2200/f/0.8	4609012681688580800	1.406400000000005
prompt/tref2200/ei/0.8/2000.0	4595802254747141926	0.18413699611215256
prompt/tref2200/ei/0.8/2400.0	4615864682436052953	3.855699597836957
prompt/tref2200/ei/0.8/2441.540385130793	4617309137348108138	4.994332876791171
prompt/tref2200/f/1.0	4612435417405382360	2.3328000000000024
prompt/tref2200/ei/1.0/2000.0	4599173732453589798	0.30542860105974723
prompt/tref2200/ei/1.0/2400.0	4618886667108468560	6.395460766378008
prompt/tref2200/ei/1.0/2441.540385130793	4620853160367847183	8.284115283687724
prompt/tref2200/f/1.2	4613692822421344208	2.891200000000005
prompt/tref2200/ei/1.2/2000.0	4600490767621596436	0.37853873944784877
prompt/tref2200/ei/1.2/2400.0	4620610279172732729	7.926335805792228
prompt/tref2200/ei/1.2/2441.540385130793	4621969467821391758	10.267075663665107
prompt/tref2200/f/1.24	4613728822395325560	2.9071872000000063
prompt/tref2200/ei/1.24/2000.0	4600528474829042635	0.38063190994290313
prompt/tref2200/ei/1.24/2400.0	4620659626828165763	7.970165328410647
prompt/tref2200/ei/1.24/2441.540385130793	4622001428119603272	10.323848557982402
prompt/tref2200/f/1.4	4612802911134975792	2.496000000000002
prompt/tref2200/ei/1.4/2000.0	4599558653906703483	0.3267960340556965
prompt/tref2200/ei/1.4/2400.0	4619390416193153214	6.842879832338609
prompt/tref2200/ei/1.4/2441.540385130793	4621179416414441871	8.863662443451885
prompt/tref2200/f/1.6	4603233662646739072	0.5616000000000128
prompt/tref2200/ei/1.6/2000.0	4589962751253082851	0.07352910766253333
prompt/tref2200/ei/1.6/2400.0	4609612777161835842	1.5396479622762205
prompt/tref2200/ei/1.6/2441.540385130793	4611660456220077356	1.9943240497767176
prompt/tref2200/f/1.65	13820867212856319232	-0.2311249999999987
prompt/tref2200/ei/1.65/2000.0	0	0.0
prompt/tref2200/ei/1.65/2400.0	0	0.0
prompt/tref2200/ei/1.65/2441.540385130793	0	0.0
prompt/tref2200/f/1.7	13831301152473011232	-1.1657999999999973
prompt/tref2200/ei/1.7/2000.0	0	0.0
prompt/tref2200/ei/1.7/2400.0	0	0.0
prompt/tref2200/ei/1.7/2441.540385130793	0	0.0
prompt/tref2200/f/2.0	13845341574671301504	-10.267200000000003
prompt/tref2200/ei/2.0/2000.0	0	0.0
prompt/tref2200/ei/2.0/2400.0	0	0.0
prompt/tref2200/ei/2.0/2441.540385130793	0	0.0
tnox/0.01/1600.0/00/x_no	4483462514144125653	5.694712137132785e-09
tnox/0.01/1600.0/00/ei_no	4558637691651667633	0.0005961451363043127
tnox/0.01/1600.0/00/ei_prompt	0	0.0
tnox/0.01/1600.0/00/ei_total	4558637691651667633	0.0005961451363043127
tnox/0.01/1600.0/00/o_mult	4607182418800017408	1.0
tnox/0.01/1600.0/00/ppm	4573215578239128948	0.005694712137132785
tnox/0.01/1600.0/00/ppm_eq	4656040318017704426	1893.0001195605096
tnox/0.01/1600.0/10/x_no	4487147667580725993	1.0035418631419671e-08
tnox/0.01/1600.0/10/ei_no	4562487618447613114	0.001050547571823475
tnox/0.01/1600.0/10/ei_prompt	0	0.0
tnox/0.01/1600.0/10/ei_total	4562487618447613114	0.001050547571823475
tnox/0.01/1600.0/10/o_mult	4610615220050672856	1.7622349974879423
tnox/0.01/1600.0/10/ppm	4576938646755001416	0.01003541863141967
tnox/0.01/1600.0/10/ppm_eq	4656040318017704426	1893.0001195605096
tnox/0.01/1600.0/01/x_no	4483462514144125653	5.694712137132785e-09
tnox/0.01/1600.0/01/ei_no	4558637691651667633	0.0005961451363043127
tnox/0.01/1600.0/01/ei_prompt	4562329823418401399	0.001016331229127724
tnox/0.01/1600.0/01/ei_total	4565079057608449488	0.001612476365432037
tnox/0.01/1600.0/01/o_mult	4607182418800017408	1.0
tnox/0.01/1600.0/01/ppm	4573215578239128948	0.005694712137132785
tnox/0.01/1600.0/01/ppm_eq	4656040318017704426	1893.0001195605096
tnox/0.01/1600.0/11/x_no	4487147667580725993	1.0035418631419671e-08
tnox/0.01/1600.0/11/ei_no	4562487618447613114	0.001050547571823475
tnox/0.01/1600.0/11/ei_prompt	4562329823418401399	0.001016331229127724
tnox/0.01/1600.0/11/ei_total	4566912320560377752	0.002066878800951199
tnox/0.01/1600.0/11/o_mult	4610615220050672856	1.7622349974879423
tnox/0.01/1600.0/11/ppm	4576938646755001416	0.01003541863141967
tnox/0.01/1600.0/11/ppm_eq	4656040318017704426	1893.0001195605096
tnox/0.01/2000.0/00/x_no	4538119684589215297	2.5405768846435568e-05
tnox/0.01/2000.0/00/ei_no	4613172151149199094	2.6599755061614543
tnox/0.01/2000.0/00/ei_prompt	0	0.0
tnox/0.01/2000.0/00/ei_total	4613172151149199094	2.6599755061614543
tnox/0.01/2000.0/00/o_mult	4607182418800017408	1.0
tnox/0.01/2000.0/00/ppm	4627844305876495657	25.405768846435567
tnox/0.01/2000.0/00/ppm_eq	4664829035439514099	7373.292408757366
tnox/0.01/2000.0/10/x_no	4540153584835162644	3.407620372583936e-05
tnox/0.01/2000.0/10/ei_no	4615216316180871590	3.5677671398800213
tnox/0.01/2000.0/10/ei_prompt	0	0.0
tnox/0.01/2000.0/10/ei_total	4615216316180871590	3.5677671398800213
tnox/0.01/2000.0/10/o_mult	4608720778999043190	1.3415845826250723
tnox/0.01/2000.0/10/ppm	4629992616634558493	34.076203725839356
tnox/0.01/2000.0/10/ppm_eq	4664829035439514099	7373.292408757366
tnox/0.01/2000.0/01/x_no	4538119684589215297	2.5405768846435568e-05
tnox/0.01/2000.0/01/ei_no	4613172151149199094	2.6599755061614543
tnox/0.01/2000.0/01/ei_prompt	4591681529809969726	0.09738195176363093
tnox/0.01/2000.0/01/ei_total	4613391435810036744	2.7573574579250852
tnox/0.01/2000.0/01/o_mult	4607182418800017408	1.0
tnox/0.01/2000.0/01/ppm	4627844305876495657	25.405768846435567
tnox/0.01/2000.0/01/ppm_eq	4664829035439514099	7373.292408757366
tnox/0.01/2000.0/11/x_no	4540153584835162644	3.407620372583936e-05
tnox/0.01/2000.0/11/ei_no	4615216316180871590	3.5677671398800213
tnox/0.01/2000.0/11/ei_prompt	4591681529809969726	0.09738195176363093
tnox/0.01/2000.0/11/ei_total	4615435600841709240	3.665149091643652
tnox/0.01/2000.0/11/o_mult	4608720778999043190	1.3415845826250723
tnox/0.01/2000.0/11/ppm	4629992616634558493	34.076203725839356
tnox/0.01/2000.0/11/ppm_eq	4664829035439514099	7373.292408757366
tnox/0.01/2400.0/00/x_no	4573511169114929959	0.005951096352901065
tnox/0.01/2400.0/00/ei_no	4648697597317226860	623.729363069911
tnox/0.01/2400.0/00/ei_prompt	0	0.0
tnox/0.01/2400.0/00/ei_total	4648697597317226860	623.729363069911
tnox/0.01/2400.0/00/o_mult	4607182418800017408	1.0
tnox/0.01/2400.0/00/ppm	4663265314339122930	5951.096352901064
tnox/0.01/2400.0/00/ppm_eq	4670729275841461752	18190.119174061314
tnox/0.01/2400.0/10/x_no	4574407289439504329	0.0067283568350706225
tnox/0.01/2400.0/10/ei_no	4649414162345889792	705.1933752004988
tnox/0.01/2400.0/10/ei_prompt	0	0.0
tnox/0.01/2400.0/10/ei_total	4649414162345889792	705.1933752004988
tnox/0.01/2400.0/10/o_mult	4607888229442260226	1.1567214452086891
tnox/0.01/2400.0/10/ppm	4664119921277079140	6728.356835070623
tnox/0.01/2400.0/10/ppm_eq	4670729275841461752	18190.119174061314
tnox/0.01/2400.0/01/x_no	4573511169114929959	0.005951096352901065
tnox/0.01/2400.0/01/ei_no	4648697597317226860	623.729363069911
tnox/0.01/2400.0/01/ei_prompt	4611774085854738845	2.039109794225807
tnox/0.01/2400.0/01/ei_total	4648715533516659366	625.7684728641368
tnox/0.01/2400.0/01/o_mult	4607182418800017408	1.0
tnox/0.01/2400.0/01/ppm	4663265314339122930	5951.096352901064
tnox/0.01/2400.0/01/ppm_eq	4670729275841461752	18190.119174061314
tnox/0.01/2400.0/11/x_no	4574407289439504329	0.0067283568350706225
tnox/0.01/2400.0/11/ei_no	4649414162345889792	705.1933752004988
tnox/0.01/2400.0/11/ei_prompt	4611774085854738845	2.039109794225807
tnox/0.01/2400.0/11/ei_total	4649432098545322298	707.2324849947247
tnox/0.01/2400.0/11/o_mult	4607888229442260226	1.1567214452086891
tnox/0.01/2400.0/11/ppm	4664119921277079140	6728.356835070623
tnox/0.01/2400.0/11/ppm_eq	4670729275841461752	18190.119174061314
tnox/0.02717919071928212/1600.0/00/x_no	4482197981289798118	4.648715076096706e-09
tnox/0.02717919071928212/1600.0/00/ei_no	4550853821942517420	0.00018219469785095887
tnox/0.02717919071928212/1600.0/00/ei_prompt	0	0.0
tnox/0.02717919071928212/1600.0/00/ei_total	4550853821942517420	0.00018219469785095887
tnox/0.02717919071928212/1600.0/00/o_mult	4607182418800017408	1.0
tnox/0.02717919071928212/1600.0/00/ppm	4572009625733704892	0.0046487150760967065
tnox/0.02717919071928212/1600.0/00/ppm_eq	4654570505649782199	1558.8034792541127
tnox/0.02717919071928212/1600.0/10/x_no	4486033465604759789	8.192126085444634e-09
tnox/0.02717919071928212/1600.0/10/ei_no	4554558315745858409	0.0003210697821789872
tnox/0.02717919071928212/1600.0/10/ei_prompt	0	0.0
tnox/0.02717919071928212/1600.0/10/ei_total	4554558315745858409	0.0003210697821789872
tnox/0.02717919071928212/1600.0/10/o_mult	4610615220050672856	1.7622349974879423
tnox/0.02717919071928212/1600.0/10/ppm	4575876060947233354	0.008192126085444635
tnox/0.02717919071928212/1600.0/10/ppm_eq	4654570505649782199	1558.8034792541127
tnox/0.02717919071928212/1600.0/01/x_no	4482197981289798118	4.648715076096706e-09
tnox/0.02717919071928212/1600.0/01/ei_no	4550853821942517420	0.00018219469785095887
tnox/0.02717919071928212/1600.0/01/ei_prompt	4553610339987273799	0.0002696799133329358
tnox/0.02717919071928212/1600.0/01/ei_total	4556971238950117277	0.0004518746111838947
tnox/0.02717919071928212/1600.0/01/o_mult	4607182418800017408	1.0
tnox/0.02717919071928212/1600.0/01/ppm	4572009625733704892	0.0046487150760967065
tnox/0.02717919071928212/1600.0/01/ppm_eq	4654570505649782199	1558.8034792541127
tnox/0.02717919071928212/1600.0/11/x_no	4486033465604759789	8.192126085444634e-09
tnox/0.02717919071928212/1600.0/11/ei_no	4554558315745858409	0.0003210697821789872
tnox/0.02717919071928212/1600.0/11/ei_prompt	4553610339987273799	0.0002696799133329358
tnox/0.02717919071928212/1600.0/11/ei_total	4558587927493936600	0.000590749695511923
tnox/0.02717919071928212/1600.0/11/o_mult	4610615220050672856	1.7622349974879423
tnox/0.02717919071928212/1600.0/11/ppm	4575876060947233354	0.008192126085444635
tnox/0.02717919071928212/1600.0/11/ppm_eq	4654570505649782199	1558.8034792541127
tnox/0.02717919071928212/2000.0/00/x_no	4536739645175048848	2.0730013437201546e-05
tnox/0.02717919071928212/2000.0/00/ei_no	4605494807181170276	0.812637472413098
tnox/0.02717919071928212/2000.0/00/ei_prompt	0	0.0
tnox/0.02717919071928212/2000.0/00/ei_total	4605494807181170276	0.812637472413098
tnox/0.02717919071928212/2000.0/00/o_mult	4607182418800017408	1.0
tnox/0.02717919071928212/2000.0/00/ppm	4626528197731576787	20.730013437201546
tnox/0.02717919071928212/2000.0/00/ppm_eq	4663395613484973133	6069.602735697362
tnox/0.02717919071928212/2000.0/10/x_no	4538827398061224418	2.7803595358465406e-05
tnox/0.02717919071928212/2000.0/10/ei_no	4607587423150056882	1.089929030897434
tnox/0.02717919071928212/2000.0/10/ei_prompt	0	0.0
tnox/0.02717919071928212/2000.0/10/ei_total	4607587423150056882	1.089929030897434
tnox/0.02717919071928212/2000.0/10/o_mult	4608720778999043190	1.3415845826250723
tnox/0.02717919071928212/2000.0/10/ppm	4628519234038125449	27.803595358465405
tnox/0.02717919071928212/2000.0/10/ppm_eq	4663395613484973133	6069.602735697362
tnox/0.02717919071928212/2000.0/01/x_no	4536739645175048848	2.0730013437201546e-05
tnox/0.02717919071928212/2000.0/01/ei_no	4605494807181170276	0.812637472413098
tnox/0.02717919071928212/2000.0/01/ei_prompt	4583105082233018360	0.025839958036463856
tnox/0.02717919071928212/2000.0/01/ei_total	4605727552831938852	0.8384774304495619
tnox/0.02717919071928212/2000.0/01/o_mult	4607182418800017408	1.0
tnox/0.02717919071928212/2000.0/01/ppm	4626528197731576787	20.730013437201546
tnox/0.02717919071928212/2000.0/01/ppm_eq	4663395613484973133	6069.602735697362
tnox/0.02717919071928212/2000.0/11/x_no	4538827398061224418	2.7803595358465406e-05
tnox/0.02717919071928212/2000.0/11/ei_no	4607587423150056882	1.089929030897434
tnox/0.02717919071928212/2000.0/11/ei_prompt	4583105082233018360	0.025839958036463856
tnox/0.02717919071928212/2000.0/11/ei_total	4607703795975441170	1.115768988933898
tnox/0.02717919071928212/2000.0/11/o_mult	4608720778999043190	1.3415845826250723
tnox/0.02717919071928212/2000.0/11/ppm	4628519234038125449	27.803595358465405
tnox/0.02717919071928212/2000.0/11/ppm_eq	4663395613484973133	6069.602735697362
tnox/0.02717919071928212/2400.0/00/x_no	4572225791344681116	0.004836208856126369
tnox/0.02717919071928212/2400.0/00/ei_no	4640884667037598357	189.8755065598713
tnox/0.02717919071928212/2400.0/00/ei_prompt	0	0.0
tnox/0.02717919071928212/2400.0/00/ei_total	4640884667037598357	189.8755065598713
tnox/0.02717919071928212/2400.0/00/o_mult	4607182418800017408	1.0
tnox/0.02717919071928212/2400.0/00/ppm	4662039482572757075	4836.208856126369
tnox/0.02717919071928212/2400.0/00/ppm_eq	4669451449938760230	14962.70781044017
tnox/0.02717919071928212/2400.0/10/x_no	4572946193330373546	0.005461057974486852
tnox/0.02717919071928212/2400.0/10/ei_no	4641747822182989621	214.40785129553993
tnox/0.02717919071928212/2400.0/10/ei_prompt	0	0.0
tnox/0.02717919071928212/2400.0/10/ei_total	4641747822182989621	214.40785129553993
tnox/0.02717919071928212/2400.0/10/o_mult	4607888229442260226	1.1567214452086891
tnox/0.02717919071928212/2400.0/10/ppm	4662726511444000009	5461.057974486853
tnox/0.02717919071928212/2400.0/10/ppm_eq	4669451449938760230	14962.70781044017
tnox/0.02717919071928212/2400.0/01/x_no	4572225791344681116	0.004836208856126369
tnox/0.02717919071928212/2400.0/01/ei_no	4640884667037598357	189.8755065598713
tnox/0.02717919071928212/2400.0/01/ei_prompt	4603048750291483003	0.5410706045657173
tnox/0.02717919071928212/2400.0/01/ei_total	4640903704267075726	190.416577164437
tnox/0.02717919071928212/2400.0/01/o_mult	4607182418800017408	1.0
tnox/0.02717919071928212/2400.0/01/ppm	4662039482572757075	4836.208856126369
tnox/0.02717919071928212/2400.0/01/ppm_eq	4669451449938760230	14962.70781044017
tnox/0.02717919071928212/2400.0/11/x_no	4572946193330373546	0.005461057974486852
tnox/0.02717919071928212/2400.0/11/ei_no	4641747822182989621	214.40785129553993
tnox/0.02717919071928212/2400.0/11/ei_prompt	4603048750291483003	0.5410706045657173
tnox/0.02717919071928212/2400.0/11/ei_total	4641766859412466990	214.94892190010563
tnox/0.02717919071928212/2400.0/11/o_mult	4607888229442260226	1.1567214452086891
tnox/0.02717919071928212/2400.0/11/ppm	4662726511444000009	5461.057974486853
tnox/0.02717919071928212/2400.0/11/ppm_eq	4669451449938760230	14962.70781044017
tnox/0.0677/1600.0/00/x_no	4454275629772735236	6.099420367286179e-11
tnox/0.0677/1600.0/00/ei_no	4517323699879474133	9.98836763590367e-07
tnox/0.0677/1600.0/00/ei_prompt	0	0.0
tnox/0.0677/1600.0/00/ei_total	4517323699879474133	9.98836763590367e-07
tnox/0.0677/1600.0/00/o_mult	4607182418800017408	1.0
tnox/0.0677/1600.0/00/ppm	4544125980483153444	6.0994203672861785e-05
tnox/0.0677/1600.0/00/ppm_eq	4626566285460301029	20.865328232034603
tnox/0.0677/1600.0/10/x_no	4457872740244209334	1.0748576684809389e-10
tnox/0.0677/1600.0/10/ei_no	4520919038414674975	1.7601793125523991e-06
tnox/0.0677/1600.0/10/ei_prompt	0	0.0
tnox/0.0677/1600.0/10/ei_total	4520919038414674975	1.7601793125523991e-06
tnox/0.0677/1600.0/10/o_mult	4610615220050672856	1.7622349974879423
tnox/0.0677/1600.0/10/ppm	4547559474119912778	0.00010748576684809389
tnox/0.0677/1600.0/10/ppm_eq	4626566285460301029	20.865328232034603
tnox/0.0677/1600.0/01/x_no	4454275629772735236	6.099420367286179e-11
tnox/0.0677/1600.0/01/ei_no	4517323699879474133	9.98836763590367e-07
tnox/0.0677/1600.0/01/ei_prompt	4560521522785609203	0.0008003905171058409
tnox/0.0677/1600.0/01/ei_total	4560530735428683885	0.0008013893538694313
tnox/0.0677/1600.0/01/o_mult	4607182418800017408	1.0
tnox/0.0677/1600.0/01/ppm	4544125980483153444	6.0994203672861785e-05
tnox/0.0677/1600.0/01/ppm_eq	4626566285460301029	20.865328232034603
tnox/0.0677/1600.0/11/x_no	4457872740244209334	1.0748576684809389e-10
tnox/0.0677/1600.0/11/ei_no	4520919038414674975	1.7601793125523991e-06
tnox/0.0677/1600.0/11/ei_prompt	4560521522785609203	0.0008003905171058409
tnox/0.0677/1600.0/11/ei_total	4560537757574260449	0.0008021506964183933
tnox/0.0677/1600.0/11/o_mult	4610615220050672856	1.7622349974879423
tnox/0.0677/1600.0/11/ppm	4547559474119912778	0.00010748576684809389
tnox/0.0677/1600.0/11/ppm_eq	4626566285460301029	20.865328232034603
tnox/0.0677/2000.0/00/x_no	4520233532617041661	1.6150178135200851e-06
tnox/0.0677/2000.0/00/ei_no	4583287293800458623	0.026472131403730167
tnox/0.0677/2000.0/00/ei_prompt	0	0.0
tnox/0.0677/2000.0/00/ei_total	4583287293800458623	0.026472131403730167
tnox/0.0677/2000.0/00/o_mult	4607182418800017408	1.0
tnox/0.0677/2000.0/00/ppm	4609952212795812681	1.6150178135200852
tnox/0.0677/2000.0/00/ppm_eq	4647203264342545270	482.92168633761264
tnox/0.0677/2000.0/10/x_no	4522221189455013739	2.1644924090264965e-06
tnox/0.0677/2000.0/10/ei_no	4585273840110452561	0.03547869688770667
tnox/0.0677/2000.0/10/ei_prompt	0	0.0
tnox/0.0677/2000.0/10/ei_total	4585273840110452561	0.03547869688770667
tnox/0.0677/2000.0/10/o_mult	4608720778999043190	1.3415845826250723
tnox/0.0677/2000.0/10/ppm	4612056422403386407	2.1644924090264968
tnox/0.0677/2000.0/10/ppm_eq	4647203264342545270	482.92168633761264
tnox/0.0677/2000.0/01/x_no	4520233532617041661	1.6150178135200851e-06
tnox/0.0677/2000.0/01/ei_no	4583287293800458623	0.026472131403730167
tnox/0.0677/2000.0/01/ei_prompt	4590190598997190510	0.07669113030774863
tnox/0.0677/2000.0/01/ei_total	4592098117095199182	0.1031632617114788
tnox/0.0677/2000.0/01/o_mult	4607182418800017408	1.0
tnox/0.0677/2000.0/01/ppm	4609952212795812681	1.6150178135200852
tnox/0.0677/2000.0/01/ppm_eq	4647203264342545270	482.92168633761264
tnox/0.0677/2000.0/11/x_no	4522221189455013739	2.1644924090264965e-06
tnox/0.0677/2000.0/11/ei_no	4585273840110452561	0.03547869688770667
tnox/0.0677/2000.0/11/ei_prompt	4590190598997190510	0.07669113030774863
tnox/0.0677/2000.0/11/ei_total	4592747108534519574	0.11216982719545529
tnox/0.0677/2000.0/11/o_mult	4608720778999043190	1.3415845826250723
tnox/0.0677/2000.0/11/ppm	4612056422403386407	2.1644924090264968
tnox/0.0677/2000.0/11/ppm_eq	4647203264342545270	482.92168633761264
tnox/0.0677/2400.0/00/x_no	4561629634132987712	0.0009205321901242028
tnox/0.0677/2400.0/00/ei_no	4624729319718488344	15.169557456804384
tnox/0.0677/2400.0/00/ei_prompt	0	0.0
tnox/0.0677/2400.0/00/ei_total	4624729319718488344	15.169557456804384
tnox/0.0677/2400.0/00/o_mult	4607182418800017408	1.0
tnox/0.0677/2400.0/00/ppm	4651308302593250724	920.5321901242028
tnox/0.0677/2400.0/00/ppm_eq	4658671751429647500	2934.6376122362617
tnox/0.0677/2400.0/10/x_no	4562395623804985579	0.0010305994135447148
tnox/0.0677/2400.0/10/ei_no	4625473610818244771	16.983368084722894
tnox/0.0677/2400.0/10/ei_prompt	0	0.0
tnox/0.0677/2400.0/10/ei_total	4625473610818244771	16.983368084722894
tnox/0.0677/2400.0/10/o_mult	4607888229442260226	1.1567214452086891
tnox/0.0677/2400.0/10/ppm	4652247439601438034	1030.599413544715
tnox/0.0677/2400.0/10/ppm_eq	4658671751429647500	2934.6376122362617
tnox/0.0677/2400.0/01/x_no	4561629634132987712	0.0009205321901242028
tnox/0.0677/2400.0/01/ei_no	4624729319718488344	15.169557456804384
tnox/0.0677/2400.0/01/ei_prompt	4609910962912755257	1.6058584995333958
tnox/0.0677/2400.0/01/ei_total	4625415077497750640	16.77541595633778
tnox/0.0677/2400.0/01/o_mult	4607182418800017408	1.0
tnox/0.0677/2400.0/01/ppm	4651308302593250724	920.5321901242028
tnox/0.0677/2400.0/01/ppm_eq	4658671751429647500	2934.6376122362617
tnox/0.0677/2400.0/11/x_no	4562395623804985579	0.0010305994135447148
tnox/0.0677/2400.0/11/ei_no	4625473610818244771	16.983368084722894
tnox/0.0677/2400.0/11/ei_prompt	4609910962912755257	1.6058584995333958
tnox/0.0677/2400.0/11/ei_total	4625925619802001543	18.58922658425629
tnox/0.0677/2400.0/11/o_mult	4607888229442260226	1.1567214452086891
tnox/0.0677/2400.0/11/ppm	4652247439601438034	1030.599413544715
tnox/0.0677/2400.0/11/ppm_eq	4658671751429647500	2934.6376122362617
dp/dp1/Tt3	4648343779432381832	583.5049266125288
dp/dp1/Tt4	4654311885213007872	1500.0
dp/dp1/far	4583491089772941734	0.02717919071928212
dp/dp1/pt4	4694667685457302737	747441.4730230813
dp/dp2/Tt3	4649476370198804709	712.2655892798472
dp/dp2/Tt4	4654311885213007872	1500.0
dp/dp2/far	4582467643840107888	0.02362839934712241
dp/dp2/pt4	4699171285084673233	1494882.9460461626
dp/dp3/Tt3	4648343779432381832	583.5049266125288
dp/dp3/Tt4	4655191494515228672	1700.0
dp/dp3/far	4585089192030785798	0.03419744345333879
dp/dp3/pt4	4694667685457302737	747441.4730230813
dp/dp4/Tt3	4650456414982095840	823.6837815177823
dp/dp4/Tt4	4655631299166339072	1800.0
dp/dp4/far	4584579395695414361	0.03095501038479784
dp/dp4/pt4	4699817676430507771	1645382.6591491092
aft/0.030454368535582785/1500000.0/583.5049266125288/-34990.40000000002	4654811198328553472	1613.5306582786143
aft/0.040605824714110374/1500000.0/583.5049266125288/-34990.40000000002	4656053371324547072	1895.9680979140103
aft/0.05414109961881384/1500000.0/583.5049266125288/-34990.40000000002	4657120623160352768	2229.2661408893764
aft/0.06429255579734143/1500000.0/583.5049266125288/-34990.40000000002	4657544992789127168	2422.247105371207
aft/0.0676763745235173/1500000.0/583.5049266125288/-34990.40000000002	4657627987580346368	2459.9887668155134
aft/0.08121164942822075/1500000.0/583.5049266125288/-34990.40000000002	4657417638373203968	2364.333022106439
aft/0.10151456178527594/1500000.0/583.5049266125288/-34990.40000000002	4656859983478611968	2110.7409360818565
aft/0.1353527490470346/1500000.0/583.5049266125288/-34990.40000000002	4655349571713155072	1735.9425934962928
aft/0.0676763745235173/1500000.0/400.0/-34990.40000000002	4657426777884090368	2368.4891904704273
aft/0.0676763745235173/1500000.0/500.0/-34990.40000000002	4657537343285485568	2418.768513854593
aft/0.0676763745235173/1500000.0/700.0/-34990.40000000002	4657752256314810368	2516.499644611031
aft/0.0676763745235173/1500000.0/850.0/-34990.40000000002	4657908980132077568	2587.7693853341043
aft/0.0676763745235173/1500000.0/1000.0/-34990.40000000002	4658061934647123968	2657.3250458575785
aft/0.06090873707116557/101325.0/650.0/-34990.40000000002	4657368864435642368	2342.1532032079995
aft/0.06090873707116557/300000.0/650.0/-34990.40000000002	4657433749700845568	2371.6596056707203
aft/0.06090873707116557/747441.4730230813/650.0/-34990.40000000002	4657478516102586368	2392.0170082710683
aft/0.06090873707116557/1500000.0/650.0/-34990.40000000002	4657506708362682368	2404.8373638652265
aft/0.06090873707116557/3000000.0/650.0/-34990.40000000002	4657529932236627968	2415.3983590193093
aft/0.0575249183449897/1200000.0/620.0/-34990.40000000002	4657323642151559168	2321.588489320129
aft/0.0575249183449897/1200000.0/620.0/-50000.0	4657245494719520768	2286.0511516220868
aft/0.0575249183449897/1200000.0/620.0/-100000.0	4656973392199098368	2162.3132512904704
aft/0.0575249183449897/1200000.0/620.0/0.0	4657498785888493568	2401.2346397154033
mixT/dp1/0.6	4654386389655324672	1516.940348886419
mixT/dp1/0.95	4654386389655324672	1516.940348886419
mixT/dp1/1.4	4654386389652764672	1516.9403483043425
mixT/dp2/0.6	4654377324408604672	1514.879150420893
mixT/dp2/0.95	4654377324408604672	1514.879150420893
mixT/dp2/1.4	4654377324408604672	1514.879150420893
mixT/dp3/0.6	4655281465508124672	1720.4570353380404
mixT/dp3/0.95	4655281465508124672	1720.4570353380404
mixT/dp3/1.4	4655281465505564672	1720.4570347559638
mixT/dp4/0.6	4655712733998364672	1818.516137066763
mixT/dp4/0.95	4655712733998364672	1818.516137066763
mixT/dp4/1.4	4655712733998364672	1818.516137066763
mixT/far/0.012	4652504380326684672	1089.0209706150927
mixT/far/0.018	4653376640471324672	1287.3499656445347
mixT/far/0.022	4653931297024284672	1413.4642646997236
mixT/far/0.03	4654983304878364672	1652.6631570770405
mixT/far/0.035	4655604587005724672	1793.926357862074
mixT/far/0.045	4656742456585888768	2057.2958929580636
mixT/tdil/400.0	4653450156490524672	1304.065573133994
mixT/tdil/500.0	4653801615483164672	1383.9780960581265
mixT/tdil/700.0	4654514166978844672	1545.9935485734604
mixT/tdil/850.0	4655061058759964672	1670.3423429164104
mixT/tdil/1000.0	4655618607378204672	1797.1142214839347
mixT/p/101325.0	4654333900946204672	1505.005798174534
mixT/p/300000.0	4654334176281884672	1505.0684022600763
mixT/p/747441.4730230813	4654334351726364672	1505.10829371633
mixT/p/1500000.0	4654334459195164672	1505.1327292923816
mixT/p/3000000.0	4654334547955484672	1505.1529110525735
zoned/dp1/0.45/far_primary	4584435095506897817	0.030454368535582785
zoned/dp1/0.45/alpha	4606213750572611554	0.8924562230711184
zoned/dp1/0.45/T_primary	4654810914502787072	1613.4661237709224
zoned/dp1/0.45/T_mix	4654386389655324672	1516.940348886419
zoned/dp1/0.45/x_no_mix	4481393477053715585	3.983244769292451e-09
zoned/dp1/0.45/ei_no	4549891549938780009	0.00015611226292660686
zoned/dp1/0.45/ei_prompt	0	0.0
zoned/dp1/0.45/ei_total	4549891549938780009	0.00015611226292660686
zoned/dp1/0.45/o_mult	4607182418800017408	1.0
zoned/dp1/0.45/ppm_primary	4571778853347395538	0.004448551938027694
zoned/dp1/0.45/ppm_mix	4571242390706312950	0.003983244769292451
zoned/dp1/0.45/primary_x_no_eq	4564913106950545004	0.0015764915526669488
zoned/dp1/0.45/primary_char_time	4652390593577930412	1063.148859334101
zoned/dp1/0.6/far_primary	4586012737101443685	0.040605824714110374
zoned/dp1/0.6/alpha	4604204117815777770	0.6693421673033388
zoned/dp1/0.6/T_primary	4656051013001756672	1895.4318773932755
zoned/dp1/0.6/T_mix	4654386389655324672	1516.940348886419
zoned/dp1/0.6/x_no_mix	4518510690568634162	1.2501918190410252e-06
zoned/dp1/0.6/ei_no	4587222149768541413	0.04899781089714298
zoned/dp1/0.6/ei_prompt	0	0.0
zoned/dp1/0.6/ei_total	4587222149768541413	0.04899781089714298
zoned/dp1/0.6/o_mult	4607182418800017408	1.0
zoned/dp1/0.6/ppm_primary	4610977305133043807	1.8426340365522476
zoned/dp1/0.6/ppm_mix	4608309182583021716	1.2501918190410253
zoned/dp1/0.6/primary_x_no_eq	4570510052750475997	0.0036271464235614185
zoned/dp1/0.6/primary_char_time	4618334128312678789	5.904707731910439
zoned/dp1/0.7/far_primary	4586988056445718561	0.047373462166462106
zoned/dp1/0.7/alpha	4603342846634277577	0.5737218576885762
zoned/dp1/0.7/T_primary	4656766058472071168	2068.028788175434
zoned/dp1/0.7/T_mix	4654386389655324672	1516.940348886419
zoned/dp1/0.7/x_no_mix	4535845995249797708	1.7702209717205313e-05
zoned/dp1/0.7/ei_no	4604424316694079263	0.6937891537720339
zoned/dp1/0.7/ei_prompt	0	0.0
zoned/dp1/0.7/ei_total	4604424316694079263	0.6937891537720339
zoned/dp1/0.7/o_mult	4607182418800017408	1.0
zoned/dp1/0.7/ppm_primary	4629200916929283837	30.225419490488083
zoned/dp1/0.7/ppm_mix	4625675946750006410	17.702209717205314
zoned/dp1/0.7/primary_x_no_eq	4572452205000483661	0.005032591398127573
zoned/dp1/0.7/primary_char_time	4602654974232591283	0.4986763399264717
zoned/dp1/0.8/far_primary	4587963375789993437	0.05414109961881384
zoned/dp1/0.8/alpha	4602696893248152431	0.5020066254775041
zoned/dp1/0.8/T_primary	4657110208835821568	2224.5302543975413
zoned/dp1/0.8/T_mix	4654386389652764672	1516.9403483043425
zoned/dp1/0.8/x_no_mix	4548626203264883512	0.00012194264255347982
zoned/dp1/0.8/ei_no	4617066924484258285	4.779204638145967
zoned/dp1/0.8/ei_prompt	0	0.0
zoned/dp1/0.8/ei_total	4617066924484258285	4.779204638145967
zoned/dp1/0.8/o_mult	4607182418800017408	1.0
zoned/dp1/0.8/ppm_primary	4642512831008769295	236.15070985354438
zoned/dp1/0.8/ppm_mix	4638281367555064033	121.94264255347981
zoned/dp1/0.8/primary_x_no_eq	4573477124588230054	0.005921567433053642
zoned/dp1/0.8/primary_char_time	4590016317773845182	0.07427249247127585
zoned/dp1/0.9/far_primary	4588938695134268313	0.06090873707116557
zoned/dp1/0.9/alpha	4601710150945241058	0.4462281115355592
zoned/dp1/0.9/T_primary	4657399600607879168	2356.1303961090744
zoned/dp1/0.9/T_mix	4654386389655324672	1516.940348886419
zoned/dp1/0.9/x_no_mix	4556163594294960100	0.0004080921066980088
zoned/dp1/0.9/ei_no	4625193462988368761	15.994041528718059
zoned/dp1/0.9/ei_prompt	0	0.0
zoned/dp1/0.9/ei_total	4625193462988368761	15.994041528718059
zoned/dp1/0.9/o_mult	4607182418800017408	1.0
zoned/dp1/0.9/ppm_primary	4650962193424973523	881.1841332763091
zoned/dp1/0.9/ppm_mix	4645886848455899916	408.0921066980088
zoned/dp1/0.9/primary_x_no_eq	4573198389451537647	0.005679803240453681
zoned/dp1/0.9/primary_char_time	4580930916670687403	0.0182968059531922
zoned/dp1/0.95/far_primary	4589297187548470587	0.06429255579734143
zoned/dp1/0.95/alpha	4601287070364854999	0.42274242145474034
zoned/dp1/0.95/T_primary	4657511324097978368	2406.9363572634757
zoned/dp1/0.95/T_mix	4654386389655324672	1516.940348886419
zoned/dp1/0.95/x_no_mix	4558099684335520401	0.0005378142662063203
zoned/dp1/0.95/ei_no	4626626187441316813	21.078142819376627
zoned/dp1/0.95/ei_prompt	0	0.0
zoned/dp1/0.95/ei_total	4626626187441316813	21.078142819376627
zoned/dp1/0.95/o_mult	4607182418800017408	1.0
zoned/dp1/0.95/ppm_primary	4653076730363956590	1219.1583022296795
zoned/dp1/0.95/ppm_mix	4647941880133202706	537.8142662063203
zoned/dp1/0.95/primary_x_no_eq	4572360022023902168	0.004952635411346905
zoned/dp1/0.95/primary_char_time	4577562910153516036	0.011118343004016047
zoned/dp1/1.0/far_primary	4589541017384539306	0.0676763745235173
zoned/dp1/1.0/alpha	4600906297842507545	0.4016053003820033
zoned/dp1/1.0/T_primary	4657587419159994368	2441.540385130793
zoned/dp1/1.0/T_mix	4654386389655324672	1516.940348886419
zoned/dp1/1.0/x_no_mix	4558020853508650452	0.0005292674108311976
zoned/dp1/1.0/ei_no	4626531901667095079	20.743172459582777
zoned/dp1/1.0/ei_prompt	0	0.0
zoned/dp1/1.0/ei_total	4626531901667095079	20.743172459582777
zoned/dp1/1.0/o_mult	4607182418800017408	1.0
zoned/dp1/1.0/ppm_primary	4653232732420872782	1254.6290632874184
zoned/dp1/1.0/ppm_mix	4647866701198275768	529.2674108311976
zoned/dp1/1.0/primary_x_no_eq	4570916431094633955	0.0038033849369962665
zoned/dp1/1.0/primary_char_time	4575781245149841449	0.008027646895815437
zoned/dp1/1.1/far_primary	4590028677056676744	0.07444401197586903
zoned/dp1/1.1/alpha	4600248599849361942	0.365095727620003
zoned/dp1/1.1/T_primary	4657573558901792768	2435.237469431013
zoned/dp1/1.1/T_mix	4654386389655324672	1516.940348886419
zoned/dp1/1.1/x_no_mix	4550177424815536652	0.00016386091698757132
zoned/dp1/1.1/ei_no	4618916632609921373	6.422075478103889
zoned/dp1/1.1/ei_prompt	0	0.0
zoned/dp1/1.1/ei_total	4618916632609921373	6.422075478103889
zoned/dp1/1.1/o_mult	4607182418800017408	1.0
zoned/dp1/1.1/ppm_primary	4646084454738219910	419.3247233734513
zoned/dp1/1.1/ppm_mix	4639969360038348306	163.86091698757133
zoned/dp1/1.1/primary_x_no_eq	4563726553234857805	0.001319198729403187
zoned/dp1/1.1/primary_char_time	4576109890279060245	0.008597755316736714
zoned/dp1/1.2/far_primary	4590516336728814181	0.08121164942822075
zoned/dp1/1.2/alpha	4599700518188407274	0.3346710836516694
zoned/dp1/1.2/T_primary	4657410098875424768	2360.9044554643333
zoned/dp1/1.2/T_mix	4654386389655324672	1516.940348886419
zoned/dp1/1.2/x_no_mix	4536844270026887303	2.108449622363663e-05
zoned/dp1/1.2/ei_no	4605618305314789782	0.826348519557359
zoned/dp1/1.2/ei_prompt	0	0.0
zoned/dp1/1.2/ei_total	4605618305314789782	0.826348519557359
zoned/dp1/1.2/o_mult	4607182418800017408	1.0
zoned/dp1/1.2/ppm_primary	4633286995115710869	57.484170712111485
zoned/dp1/1.2/ppm_mix	4626627975765632931	21.08449622363663
zoned/dp1/1.2/primary_x_no_eq	4555150284046809873	0.0003531604480756937
zoned/dp1/1.2/primary_char_time	4580822596081646049	0.017920993415708856
zoned/dp1/1.4/far_primary	4591491656073089057	0.09474692433292421
zoned/dp1/1.4/alpha	4598839247006907081	0.2868609288442881
zoned/dp1/1.4/T_primary	4657038500908064768	2191.9212642125785
zoned/dp1/1.4/T_mix	4654386389652764672	1516.9403483043425
zoned/dp1/1.4/x_no_mix	4509043446456261624	2.881933827834542e-07
zoned/dp1/1.4/ei_no	4577664712906244922	0.011294942629093908
zoned/dp1/1.4/ei_prompt	0	0.0
zoned/dp1/1.4/ei_total	4577664712906244922	0.011294942629093908
zoned/dp1/1.4/o_mult	4607182418800017408	1.0
zoned/dp1/1.4/ppm_primary	4606045944748028903	0.8738260340593315
zoned/dp1/1.4/ppm_mix	4598863250363162748	0.2881933827834542
zoned/dp1/1.4/primary_x_no_eq	4540043381514971834	3.332943698105191e-05
zoned/dp1/1.4/primary_char_time	4592895017864250642	0.11422248148825911
zoned/dp1/1.6/far_primary	4592466975417363933	0.10828219923762768
zoned/dp1/1.6/alpha	4598193293620781935	0.25100331273875204
zoned/dp1/1.6/T_primary	4656646415689859072	2030.8107749558985
zoned/dp1/1.6/T_mix	4654386389652764672	1516.9403483043425
zoned/dp1/1.6/x_no_mix	4481132050642534617	3.766997910354238e-09
zoned/dp1/1.6/ei_no	4549578870336663286	0.0001476370653289355
zoned/dp1/1.6/ei_prompt	0	0.0
zoned/dp1/1.6/ei_total	4549578870336663286	0.0001476370653289355
zoned/dp1/1.6/o_mult	4607182418800017408	1.0
zoned/dp1/1.6/ppm_primary	4578339878298010257	0.012466167884356312
zoned/dp1/1.6/ppm_mix	4570832528323625362	0.0037669979103542384
zoned/dp1/1.6/primary_x_no_eq	4525851460931402469	3.7019721830158796e-06
zoned/dp1/1.6/primary_char_time	4606198626642420709	0.8907771295190484
zoned/dp1/2.0/far_primary	4594044617011909802	0.1353527490470346
zoned/dp1/2.0/alpha	4596402698215137049	0.20080265019100166
zoned/dp1/2.0/T_primary	4655349351443382272	1735.8925099484622
zoned/dp1/2.0/T_mix	4654386389655324672	1516.940348886419
zoned/dp1/2.0/x_no_mix	4419595973821068519	3.0637282528872925e-13
zoned/dp1/2.0/ei_no	4488339678697067567	1.2007435602190554e-08
zoned/dp1/2.0/ei_prompt	0	0.0
zoned/dp1/2.0/ei_total	4488339678697067567	1.2007435602190554e-08
zoned/dp1/2.0/o_mult	4607182418800017408	1.0
zoned/dp1/2.0/ppm_primary	4518096481287035821	1.1624795918979429e-06
zoned/dp1/2.0/ppm_mix	4509386846416118291	3.0637282528872927e-07
zoned/dp1/2.0/primary_x_no_eq	4496130535951734772	3.9980666243202137e-08
zoned/dp1/2.0/primary_char_time	4636960900841005755	103.17768192373744
zoned/dp2/0.45/far_primary	4584435095506897817	0.030454368535582785
zoned/dp2/0.45/alpha	4605163566742213323	0.7758623962114027
zoned/dp2/0.45/T_primary	4655258055710031872	1715.1342635042965
zoned/dp2/0.45/T_mix	4654377324408604672	1514.879150420893
zoned/dp2/0.45/x_no_mix	4498899031642007563	5.830103393064425e-08
zoned/dp2/0.45/ei_no	4568185298678853145	0.0026189450575822113
zoned/dp2/0.45/ei_prompt	0	0.0
zoned/dp2/0.45/ei_total	4568185298678853145	0.0026189450575822113
zoned/dp2/0.45/o_mult	4607182418800017408	1.0
zoned/dp2/0.45/ppm_primary	4590041918967300624	0.07462778040167728
zoned/dp2/0.45/ppm_mix	4588562885505726083	0.05830103393064425
zoned/dp2/0.45/primary_x_no_eq	4567567992983221802	0.00235123138706574
zoned/dp2/0.45/primary_char_time	4636351521249263685	94.51787707908177
zoned/dp2/0.6/far_primary	4586012737101443685	0.040605824714110374
zoned/dp2/0.6/alpha	4603416479942979097	0.5818967971585521
zoned/dp2/0.6/T_primary	4656472861236150272	1991.3490609265864
zoned/dp2/0.6/T_mix	4654377324408604672	1514.879150420893
zoned/dp2/0.6/x_no_mix	4531125654885874743	8.483931768858445e-06
zoned/dp2/0.6/ei_no	4600537039172799848	0.38110732652440626
zoned/dp2/0.6/ei_prompt	0	0.0
zoned/dp2/0.6/ei_total	4600537039172799848	0.38110732652440626
zoned/dp2/0.6/o_mult	4607182418800017408	1.0
zoned/dp2/0.6/ppm_primary	4624257233539099751	14.330963943261123
zoned/dp2/0.6/ppm_mix	4620965647048866851	8.483931768858445
zoned/dp2/0.6/primary_x_no_eq	4572162035970144981	0.004780909883662606
zoned/dp2/0.6/primary_char_time	4607182794819308927	1.0000834930550295
zoned/dp2/0.7/far_primary	4586988056445718561	0.047373462166462106
zoned/dp2/0.7/alpha	4602656637742539087	0.49876868327875895
zoned/dp2/0.7/T_primary	4656968116680531968	2159.9142231978476
zoned/dp2/0.7/T_mix	4654377324408604672	1514.879150420893
zoned/dp2/0.7/x_no_mix	4545978971416340080	8.606596103768473e-05
zoned/dp2/0.7/ei_no	4615888271849602003	3.866175401860781
zoned/dp2/0.7/ei_prompt	0	0.0
zoned/dp2/0.7/ei_total	4615888271849602003	3.866175401860781
zoned/dp2/0.7/o_mult	4607182418800017408	1.0
zoned/dp2/0.7/ppm_primary	4640129202517041207	168.4039134716165
zoned/dp2/0.7/ppm_mix	4635756770531535522	86.06596103768473
zoned/dp2/0.7/primary_x_no_eq	4573904669882632413	0.006292403862675236
zoned/dp2/0.7/primary_char_time	4592676432927802528	0.11118900612224758
zoned/dp2/0.8/far_primary	4587963375789993437	0.05414109961881384
zoned/dp2/0.8/alpha	4601533510514459941	0.4364225978689141
zoned/dp2/0.8/T_primary	4657302757635104768	2312.091310787946
zoned/dp2/0.8/T_mix	4654377324408604672	1514.879150420893
zoned/dp2/0.8/x_no_mix	4556974915701905679	0.00045207392829772845
zoned/dp2/0.8/ei_no	4626409311971695346	20.30764637185616
zoned/dp2/0.8/ei_prompt	0	0.0
zoned/dp2/0.8/ei_total	4626409311971695346	20.30764637185616
zoned/dp2/0.8/o_mult	4607182418800017408	1.0
zoned/dp2/0.8/ppm_primary	4652034845422462720	1003.1305468466308
zoned/dp2/0.8/ppm_mix	4646660584844054498	452.07392829772846
zoned/dp2/0.8/primary_x_no_eq	4574869702996164247	0.007129436661244568
zoned/dp2/0.8/primary_char_time	4581493501636202102	0.020248664647012103
zoned/dp2/0.9/far_primary	4588938695134268313	0.06090873707116557
zoned/dp2/0.9/alpha	4600659967114842827	0.38793119810570137
zoned/dp2/0.9/T_primary	4657582974782087168	2439.5193160511553
zoned/dp2/0.9/T_mix	4654377324408604672	1514.879150420893
zoned/dp2/0.9/x_no_mix	4562958609981294732	0.001152677580631453
zoned/dp2/0.9/ei_no	4632484136179190365	51.77951486026425
zoned/dp2/0.9/ei_prompt	0	0.0
zoned/dp2/0.9/ei_total	4632484136179190365	51.77951486026425
zoned/dp2/0.9/o_mult	4607182418800017408	1.0
zoned/dp2/0.9/ppm_primary	4658488761872177541	2851.4235957369115
zoned/dp2/0.9/ppm_mix	4652784345058275834	1152.677580631453
zoned/dp2/0.9/primary_x_no_eq	4574353603685565250	0.006681791866228805
zoned/dp2/0.9/primary_char_time	4573281256178490757	0.005751678668765141
zoned/dp2/0.95/far_primary	4589297187548470587	0.06429255579734143
zoned/dp2/0.95/alpha	4600292159367635622	0.36751376662645396
zoned/dp2/0.95/T_primary	4657691042106810368	2488.662645686418
zoned/dp2/0.95/T_mix	4654377324408604672	1514.879150420893
zoned/dp2/0.95/x_no_mix	4563754418138544682	0.0013252409672258694
zoned/dp2/0.95/ei_no	4633575095563217231	59.53124751356028
zoned/dp2/0.95/ei_prompt	0	0.0
zoned/dp2/0.95/ei_total	4633575095563217231	59.53124751356028
zoned/dp2/0.95/o_mult	4607182418800017408	1.0
zoned/dp2/0.95/ppm_primary	4659786273842425250	3441.463726950534
zoned/dp2/0.95/ppm_mix	4653543286858631697	1325.2409672258693
zoned/dp2/0.95/primary_x_no_eq	4573343050573250883	0.005805276762402225
zoned/dp2/0.95/primary_char_time	4570609111241546110	0.0036701061960499595
zoned/dp2/1.0/far_primary	4589541017384539306	0.0676763745235173
zoned/dp2/1.0/alpha	4599961132395149137	0.34913807829513127
zoned/dp2/1.0/T_primary	4657764984407072768	2522.2877108491957
zoned/dp2/1.0/T_mix	4654377324408604672	1514.879150420893
zoned/dp2/1.0/x_no_mix	4563080601478391457	0.0011791302698668587
zoned/dp2/1.0/ei_no	4632651372173590151	52.9677980700481
zoned/dp2/1.0/ei_prompt	0	0.0
zoned/dp2/1.0/ei_total	4632651372173590151	52.9677980700481
zoned/dp2/1.0/o_mult	4607182418800017408	1.0
zoned/dp2/1.0/ppm_primary	4659259627806067849	3201.972837062149
zoned/dp2/1.0/ppm_mix	4652900685215876928	1179.1302698668587
zoned/dp2/1.0/primary_x_no_eq	4571822823178983075	0.0044866896875725175
zoned/dp2/1.0/primary_char_time	4568443010893504027	0.002730709914782426
zoned/dp2/1.1/far_primary	4590028677056676744	0.07444401197586903
zoned/dp2/1.1/alpha	4599389358533581571	0.31739825299557384
zoned/dp2/1.1/T_primary	4657754704000851968	2517.61272335425
zoned/dp2/1.1/T_mix	4654377324408604672	1514.879150420893
zoned/dp2/1.1/x_no_mix	4556060120358549997	0.0004024827733654358
zoned/dp2/1.1/ei_no	4625782273560989220	18.079958433007178
zoned/dp2/1.1/ei_prompt	0	0.0
zoned/dp2/1.1/ei_total	4625782273560989220	18.079958433007178
zoned/dp2/1.1/o_mult	4607182418800017408	1.0
zoned/dp2/1.1/ppm_primary	4652905177683658834	1180.151738778241
zoned/dp2/1.1/ppm_mix	4645788168020328147	402.4827733654358
zoned/dp2/1.1/primary_x_no_eq	4565241831601120418	0.0016477723487276293
zoned/dp2/1.1/primary_char_time	4568768203343352994	0.0028717396590232794
zoned/dp2/1.2/far_primary	4590516336728814181	0.08121164942822075
zoned/dp2/1.2/alpha	4598912880315608601	0.29094839857927607
zoned/dp2/1.2/T_primary	4657594232695021568	2444.638822134584
zoned/dp2/1.2/T_mix	4654377324408604672	1514.879150420893
zoned/dp2/1.2/x_no_mix	4544726538016028515	6.909232336879465e-05
zoned/dp2/1.2/ei_no	4614171332963652095	3.1037013686384394
zoned/dp2/1.2/ei_prompt	0	0.0
zoned/dp2/1.2/ei_total	4614171332963652095	3.1037013686384394
zoned/dp2/1.2/o_mult	4607182418800017408	1.0
zoned/dp2/1.2/ppm_primary	4641799577935161862	215.87883824513136
zoned/dp2/1.2/ppm_mix	4634562356964649035	69.09232336879465
zoned/dp2/1.2/primary_x_no_eq	4557237598539306947	0.000466313993446984
zoned/dp2/1.2/primary_char_time	4573144219058052493	0.005632817913812882
zoned/dp2/1.4/far_primary	4591491656073089057	0.09474692433292421
zoned/dp2/1.4/alpha	4598153038115168591	0.24938434163937948
zoned/dp2/1.4/T_primary	4657220643291373568	2274.7500305064023
zoned/dp2/1.4/T_mix	4654377324408604672	1514.879150420893
zoned/dp2/1.4/x_no_mix	4518695964957223706	1.2894251968954602e-06
zoned/dp2/1.4/ei_no	4588508313510456449	0.057922364645343734
zoned/dp2/1.4/ei_prompt	0	0.0
zoned/dp2/1.4/ei_total	4588508313510456449	0.057922364645343734
zoned/dp2/1.4/o_mult	4607182418800017408	1.0
zoned/dp2/1.4/ppm_primary	4616731088460154002	4.480922328978652
zoned/dp2/1.4/ppm_mix	4608485874008907435	1.2894251968954602
zoned/dp2/1.4/primary_x_no_eq	4542209219454046791	4.800572572353063e-05
zoned/dp2/1.4/primary_char_time	4584750723092556680	0.03184884340119881
zoned/dp2/1.6/far_primary	4592466975417363933	0.10828219923762768
zoned/dp2/1.6/alpha	4597029910887089445	0.21821129893445704
zoned/dp2/1.6/T_primary	4656862879715975168	2112.05799235031
zoned/dp2/1.6/T_mix	4654377324408604672	1514.879150420893
zoned/dp2/1.6/x_no_mix	4492019576220855346	2.128946956197003e-08
zoned/dp2/1.6/ei_no	4561959956721407970	0.0009563458369228307
zoned/dp2/1.6/ei_prompt	0	0.0
zoned/dp2/1.6/ei_total	4561959956721407970	0.0009563458369228307
zoned/dp2/1.6/o_mult	4607182418800017408	1.0
zoned/dp2/1.6/ppm_primary	4590483068614636010	0.08074996159888995
zoned/dp2/1.6/ppm_mix	4581793493228340976	0.02128946956197003
zoned/dp2/1.6/primary_x_no_eq	4528528949377868325	5.857168030456071e-06
zoned/dp2/1.6/primary_char_time	4597003268732345758	0.21747183059390535
zoned/dp2/2.0/far_primary	4594044617011909802	0.1353527490470346
zoned/dp2/2.0/alpha	4595457532767778641	0.17456903914756564
zoned/dp2/2.0/T_primary	4655693335345283072	1814.1053940169513
zoned/dp2/2.0/T_mix	4654377324408604672	1514.879150420893
zoned/dp2/2.0/x_no_mix	4434690655749758132	3.090707870220405e-12
zoned/dp2/2.0/ei_no	4504341175943804571	1.388379168502119e-07
zoned/dp2/2.0/ei_prompt	0	0.0
zoned/dp2/2.0/ei_total	4504341175943804571	1.388379168502119e-07
zoned/dp2/2.0/o_mult	4607182418800017408	1.0
zoned/dp2/2.0/ppm_primary	4534051959213993724	1.3441284128077717e-05
zoned/dp2/2.0/ppm_mix	4524408153879942621	3.090707870220405e-06
zoned/dp2/2.0/primary_x_no_eq	4500683966763158503	8.062084271599463e-08
zoned/dp2/2.0/primary_char_time	4625758065643400093	17.99395463305301
zoned/dp3/0.6/far_primary	4586012737101443685	0.040605824714110374
zoned/dp3/0.6/alpha	4605760909267271484	0.8421807387021327
zoned/dp3/0.6/T_primary	4656051013001756672	1895.4318773932755
zoned/dp3/0.6/T_mix	4655281465508124672	1720.4570353380404
zoned/dp3/0.6/x_no_mix	4519982902099219490	1.561944736974389e-06
zoned/dp3/0.6/ei_no	4587222149768541413	0.04899781089714298
zoned/dp3/0.6/ei_prompt	0	0.0
zoned/dp3/0.6/ei_total	4587222149768541413	0.04899781089714298
zoned/dp3/0.6/o_mult	4607182418800017408	1.0
zoned/dp3/0.6/ppm_primary	4610977305133043807	1.8426340365522476
zoned/dp3/0.6/ppm_mix	4609713192908058077	1.5619447369743888
zoned/dp3/0.6/primary_x_no_eq	4570510052750475997	0.0036271464235614185
zoned/dp3/0.6/primary_char_time	4618334128312678789	5.904707731910439
zoned/dp3/0.7/far_primary	4586988056445718561	0.047373462166462106
zoned/dp3/0.7/alpha	4604677239306986474	0.721869204601828
zoned/dp3/0.7/T_primary	4656766058472071168	2068.028788175434
zoned/dp3/0.7/T_mix	4655281465508124672	1720.4570353380404
zoned/dp3/0.7/x_no_mix	4537148865180714588	2.211650474709944e-05
zoned/dp3/0.7/ei_no	4604424316694079263	0.6937891537720339
zoned/dp3/0.7/ei_prompt	0	0.0
zoned/dp3/0.7/ei_total	4604424316694079263	0.6937891537720339
zoned/dp3/0.7/o_mult	4607182418800017408	1.0
zoned/dp3/0.7/ppm_primary	4629200916929283837	30.225419490488083
zoned/dp3/0.7/ppm_mix	4626918460340739824	22.11650474709944
zoned/dp3/0.7/primary_x_no_eq	4572452205000483661	0.005032591398127573
zoned/dp3/0.7/primary_char_time	4602654974232591283	0.4986763399264717
zoned/dp3/0.8/far_primary	4587963375789993437	0.05414109961881384
zoned/dp3/0.8/alpha	4603864486836772716	0.6316355540265994
zoned/dp3/0.8/T_primary	4657110208835821568	2224.5302543975413
zoned/dp3/0.8/T_mix	4655281465505564672	1720.4570347559638
zoned/dp3/0.8/x_no_mix	4549752774826778103	0.00015235075597862222
zoned/dp3/0.8/ei_no	4617066924484258285	4.779204638145967
zoned/dp3/0.8/ei_prompt	0	0.0
zoned/dp3/0.8/ei_total	4617066924484258285	4.779204638145967
zoned/dp3/0.8/o_mult	4607182418800017408	1.0
zoned/dp3/0.8/ppm_primary	4642512831008769295	236.15070985354438
zoned/dp3/0.8/ppm_mix	4639564382250607075	152.35075597862223
zoned/dp3/0.8/primary_x_no_eq	4573477124588230054	0.005921567433053642
zoned/dp3/0.8/primary_char_time	4590016317773845182	0.07427249247127585
zoned/dp3/0.9/far_primary	4588938695134268313	0.06090873707116557
zoned/dp3/0.9/alpha	4603232346026606460	0.5614538258014217
zoned/dp3/0.9/T_primary	4657399600607879168	2356.1303961090744
zoned/dp3/0.9/T_mix	4655281465508124672	1720.4570353380404
zoned/dp3/0.9/x_no_mix	4557841811290052584	0.0005098556145941542
zoned/dp3/0.9/ei_no	4625193462988368761	15.994041528718059
zoned/dp3/0.9/ei_prompt	0	0.0
zoned/dp3/0.9/ei_total	4625193462988368761	15.994041528718059
zoned/dp3/0.9/o_mult	4607182418800017408	1.0
zoned/dp3/0.9/ppm_primary	4650962193424973523	881.1841332763091
zoned/dp3/0.9/ppm_mix	4647677091019341303	509.85561459415425
zoned/dp3/0.9/primary_x_no_eq	4573198389451537647	0.005679803240453681
zoned/dp3/0.9/primary_char_time	4580930916670687403	0.0182968059531922
zoned/dp3/0.95/far_primary	4589297187548470587	0.06429255579734143
zoned/dp3/0.95/alpha	4602966181474957511	0.5319036244434522
zoned/dp3/0.95/T_primary	4657511324097978368	2406.9363572634757
zoned/dp3/0.95/T_mix	4655281465508124672	1720.4570353380404
zoned/dp3/0.95/x_no_mix	4559336645086205151	0.0006719258195234909
zoned/dp3/0.95/ei_no	4626626187441316813	21.078142819376627
zoned/dp3/0.95/ei_prompt	0	0.0
zoned/dp3/0.95/ei_total	4626626187441316813	21.078142819376627
zoned/dp3/0.95/o_mult	4607182418800017408	1.0
zoned/dp3/0.95/ppm_primary	4653076730363956590	1219.1583022296795
zoned/dp3/0.95/ppm_mix	4649121537831533346	671.9258195234909
zoned/dp3/0.95/primary_x_no_eq	4572360022023902168	0.004952635411346905
zoned/dp3/0.95/primary_char_time	4577562910153516036	0.011118343004016047
zoned/dp3/1.0/far_primary	4589541017384539306	0.0676763745235173
zoned/dp3/1.0/alpha	4602726633378473456	0.5053084432212795
zoned/dp3/1.0/T_primary	4657587419159994368	2441.540385130793
zoned/dp3/1.0/T_mix	4655281465508124672	1720.4570353380404
zoned/dp3/1.0/x_no_mix	4559238156683653209	0.0006612476855223467
zoned/dp3/1.0/ei_no	4626531901667095079	20.743172459582777
zoned/dp3/1.0/ei_prompt	0	0.0
zoned/dp3/1.0/ei_total	4626531901667095079	20.743172459582777
zoned/dp3/1.0/o_mult	4607182418800017408	1.0
zoned/dp3/1.0/ppm_primary	4653232732420872782	1254.6290632874184
zoned/dp3/1.0/ppm_mix	4649027611971555680	661.2476855223467
zoned/dp3/1.0/primary_x_no_eq	4570916431094633955	0.0038033849369962665
zoned/dp3/1.0/primary_char_time	4575781245149841449	0.008027646895815437
zoned/dp3/1.1/far_primary	4590028677056676744	0.07444401197586903
zoned/dp3/1.1/alpha	4601946917796445993	0.45937131201934506
zoned/dp3/1.1/T_primary	4657573558901792768	2435.237469431013
zoned/dp3/1.1/T_mix	4655281465508124672	1720.4570353380404
zoned/dp3/1.1/x_no_mix	4551684930552151536	0.00020472194185437676
zoned/dp3/1.1/ei_no	4618916632609921373	6.422075478103889
zoned/dp3/1.1/ei_prompt	0	0.0
zoned/dp3/1.1/ei_total	4618916632609921373	6.422075478103889
zoned/dp3/1.1/o_mult	4607182418800017408	1.0
zoned/dp3/1.1/ppm_primary	4646084454738219910	419.3247233734513
zoned/dp3/1.1/ppm_mix	4641407029541193005	204.72194185437675
zoned/dp3/1.1/primary_x_no_eq	4563726553234857805	0.001319198729403187
zoned/dp3/1.1/primary_char_time	4576109890279060245	0.008597755316736714
zoned/dp3/1.2/far_primary	4590516336728814181	0.08121164942822075
zoned/dp3/1.2/alpha	4601257309639900988	0.42109036935106636
zoned/dp3/1.2/T_primary	4657410098875424768	2360.9044554643333
zoned/dp3/1.2/T_mix	4655281465505564672	1720.4570347559638
zoned/dp3/1.2/x_no_mix	4538396073817328073	2.634221197634639e-05
zoned/dp3/1.2/ei_no	4605618305314789782	0.826348519557359
zoned/dp3/1.2/ei_prompt	0	0.0
zoned/dp3/1.2/ei_total	4605618305314789782	0.826348519557359
zoned/dp3/1.2/o_mult	4607182418800017408	1.0
zoned/dp3/1.2/ppm_primary	4633286995115710869	57.484170712111485
zoned/dp3/1.2/ppm_mix	4628107891184678160	26.34221197634639
zoned/dp3/1.2/primary_x_no_eq	4555150284046809873	0.0003531604480756937
zoned/dp3/1.2/primary_char_time	4580822596081646049	0.017920993415708856
zoned/dp3/1.4/far_primary	4591491656073089057	0.09474692433292421
zoned/dp3/1.4/alpha	4600173639679615978	0.360934602300914
zoned/dp3/1.4/T_primary	4657038500908064768	2191.9212642125785
zoned/dp3/1.4/T_mix	4655281465505564672	1720.4570347559638
zoned/dp3/1.4/x_no_mix	4510400939329628850	3.600584571212636e-07
zoned/dp3/1.4/ei_no	4577664712906244922	0.011294942629093908
zoned/dp3/1.4/ei_prompt	0	0.0
zoned/dp3/1.4/ei_total	4577664712906244922	0.011294942629093908
zoned/dp3/1.4/o_mult	4607182418800017408	1.0
zoned/dp3/1.4/ppm_primary	4606045944748028903	0.8738260340593315
zoned/dp3/1.4/ppm_mix	4600157856451197594	0.3600584571212636
zoned/dp3/1.4/primary_x_no_eq	4540043381514971834	3.332943698105191e-05
zoned/dp3/1.4/primary_char_time	4592895017864250642	0.11422248148825911
zoned/dp3/1.6/far_primary	4592466975417363933	0.10828219923762768
zoned/dp3/1.6/alpha	4599360887209402220	0.3158177770132997
zoned/dp3/1.6/T_primary	4656646415689859072	2030.8107749558985
zoned/dp3/1.6/T_mix	4655281465505564672	1720.4570347559638
zoned/dp3/1.6/x_no_mix	4482267659854467141	4.7063518339014446e-09
zoned/dp3/1.6/ei_no	4549578870336663286	0.0001476370653289355
zoned/dp3/1.6/ei_prompt	0	0.0
zoned/dp3/1.6/ei_total	4549578870336663286	0.0001476370653289355
zoned/dp3/1.6/o_mult	4607182418800017408	1.0
zoned/dp3/1.6/ppm_primary	4578339878298010257	0.012466167884356312
zoned/dp3/1.6/ppm_mix	4572076076391233791	0.0047063518339014445
zoned/dp3/1.6/primary_x_no_eq	4525851460931402469	3.7019721830158796e-06
zoned/dp3/1.6/primary_char_time	4606198626642420709	0.8907771295190484
zoned/dp3/2.0/far_primary	4594044617011909802	0.1353527490470346
zoned/dp3/2.0/alpha	4598223033751102960	0.2526542216106398
zoned/dp3/2.0/T_primary	4655349351443382272	1735.8925099484622
zoned/dp3/2.0/T_mix	4655281465505564672	1720.4570347559638
zoned/dp3/2.0/x_no_mix	4421109199520372051	3.8277119936593136e-13
zoned/dp3/2.0/ei_no	4488339678697067567	1.2007435602190554e-08
zoned/dp3/2.0/ei_prompt	0	0.0
zoned/dp3/2.0/ei_total	4488339678697067567	1.2007435602190554e-08
zoned/dp3/2.0/o_mult	4607182418800017408	1.0
zoned/dp3/2.0/ppm_primary	4518096481287035821	1.1624795918979429e-06
zoned/dp3/2.0/ppm_mix	4510829970900469956	3.8277119936593135e-07
zoned/dp3/2.0/primary_x_no_eq	4496130535951734772	3.9980666243202137e-08
zoned/dp3/2.0/primary_char_time	4636960900841005755	103.17768192373744
zoned/dp4/0.6/far_primary	4586012737101443685	0.040605824714110374
zoned/dp4/0.6/alpha	4605041671548935945	0.7623293111946349
zoned/dp4/0.6/T_primary	4656781384168890368	2074.998108204454
zoned/dp4/0.6/T_mix	4655712733998364672	1818.516137066763
zoned/dp4/0.6/x_no_mix	4541747411266653699	4.487639172326074e-05
zoned/dp4/0.6/ei_no	4609660445974184834	1.5502325648814979
zoned/dp4/0.6/ei_prompt	0	0.0
zoned/dp4/0.6/ei_total	4609660445974184834	1.5502325648814979
zoned/dp4/0.6/o_mult	4607182418800017408	1.0
zoned/dp4/0.6/ppm_primary	4633399791535761665	58.285637480979865
zoned/dp4/0.6/ppm_mix	4631512607967080938	44.87639172326074
zoned/dp4/0.6/primary_x_no_eq	4573516782462342246	0.005955965155668519
zoned/dp4/0.6/primary_char_time	4599179838340008348	0.30576754584412824
zoned/dp4/0.7/far_primary	4586988056445718561	0.047373462166462106
zoned/dp4/0.7/alpha	4604060749834127440	0.6534251238811155
zoned/dp4/0.7/T_primary	4657141026194874368	2238.544366788119
zoned/dp4/0.7/T_mix	4655712733998364672	1818.516137066763
zoned/dp4/0.7/x_no_mix	4554975336842521054	0.0003436765411276836
zoned/dp4/0.7/ei_no	4622873035711734361	11.872134665537645
zoned/dp4/0.7/ei_prompt	0	0.0
zoned/dp4/0.7/ei_total	4622873035711734361	11.872134665537645
zoned/dp4/0.7/o_mult	4607182418800017408	1.0
zoned/dp4/0.7/ppm_primary	4647758393743813817	516.9542788317405
zoned/dp4/0.7/ppm_mix	4644753637842230476	343.67654112768355
zoned/dp4/0.7/primary_x_no_eq	4575305048990103425	0.0075070391191739425
zoned/dp4/0.7/primary_char_time	4586301032306889226	0.04260627455770212
zoned/dp4/0.8/far_primary	4587963375789993437	0.05414109961881384
zoned/dp4/0.8/alpha	4603325058548021062	0.5717469833959761
zoned/dp4/0.8/T_primary	4657460677792391168	2383.90508396551
zoned/dp4/0.8/T_mix	4655712733995804672	1818.5161364846863
zoned/dp4/0.8/x_no_mix	4564011609203528347	0.0013810103895056994
zoned/dp4/0.8/ei_no	4631910884257014573	47.70631496963902
zoned/dp4/0.8/ei_prompt	0	0.0
zoned/dp4/0.8/ei_total	4631910884257014573	47.70631496963902
zoned/dp4/0.8/o_mult	4607182418800017408	1.0
zoned/dp4/0.8/ppm_primary	4657396886260752434	2354.896053943806
zoned/dp4/0.8/ppm_mix	4653788563371715789	1381.0103895056993
zoned/dp4/0.8/primary_x_no_eq	4575898465233850005	0.008230991327401052
zoned/dp4/0.8/primary_char_time	4576523945898452244	0.009316027320056132
zoned/dp4/0.9/far_primary	4588938695134268313	0.06090873707116557
zoned/dp4/0.9/alpha	4602752854214382768	0.5082195407964232
zoned/dp4/0.9/T_primary	4657721899088519168	2502.6947763748467
zoned/dp4/0.9/T_mix	4655712733998364672	1818.516137066763
zoned/dp4/0.9/x_no_mix	4568218663590252794	0.0026334147813519256
zoned/dp4/0.9/ei_no	4636101861588168501	90.96999990701154
zoned/dp4/0.9/ei_prompt	0	0.0
zoned/dp4/0.9/ei_total	4636101861588168501	90.96999990701154
zoned/dp4/0.9/o_mult	4607182418800017408	1.0
zoned/dp4/0.9/ppm_primary	4662223379858266149	5003.462462967295
zoned/dp4/0.9/ppm_mix	4658009355419429638	2633.4147813519257
zoned/dp4/0.9/primary_x_no_eq	4575394535556454213	0.0075846563428905766
zoned/dp4/0.9/primary_char_time	4569244432388305136	0.003078271085078403
zoned/dp4/0.95/far_primary	4589297187548470587	0.06429255579734143
zoned/dp4/0.95/alpha	4602345032975160061	0.4814711439124009
zoned/dp4/0.95/T_primary	4657820611884474368	2547.58415883407
zoned/dp4/0.95/T_mix	4655712733998364672	1818.516137066763
zoned/dp4/0.95/x_no_mix	4568333554337517703	0.0026832407004651645
zoned/dp4/0.95/ei_no	4636222981081254866	92.69121142644079
zoned/dp4/0.95/ei_prompt	0	0.0
zoned/dp4/0.95/ei_total	4636222981081254866	92.69121142644079
zoned/dp4/0.95/o_mult	4607182418800017408	1.0
zoned/dp4/0.95/ppm_primary	4662604862095974630	5350.41853698364
zoned/dp4/0.95/ppm_mix	4658118923774288903	2683.2407004651645
zoned/dp4/0.95/primary_x_no_eq	4574294060056583938	0.006630146000709438
zoned/dp4/0.95/primary_char_time	4566952443144717268	0.0020842791981938533
zoned/dp4/1.0/far_primary	4589541017384539306	0.0676763745235173
zoned/dp4/1.0/alpha	4601911362322297353	0.4573975867167808
zoned/dp4/1.0/T_primary	4657888530098413568	2578.4697866998613
zoned/dp4/1.0/T_mix	4655712733998364672	1818.516137066763
zoned/dp4/1.0/x_no_mix	4567342211862617788	0.0022533144344797067
zoned/dp4/1.0/ei_no	4635177893457636183	77.83962304253997
zoned/dp4/1.0/ei_prompt	0	0.0
zoned/dp4/1.0/ei_total	4635177893457636183	77.83962304253997
zoned/dp4/1.0/o_mult	4607182418800017408	1.0
zoned/dp4/1.0/ppm_primary	4661887223878259340	4697.730380181816
zoned/dp4/1.0/ppm_mix	4657173505917214247	2253.314434479707
zoned/dp4/1.0/primary_x_no_eq	4572734715378500602	0.005277630090604108
zoned/dp4/1.0/primary_char_time	4565062972515625081	0.0016089884669150663
zoned/dp4/1.1/far_primary	4590028677056676744	0.07444401197586903
zoned/dp4/1.1/alpha	4601162294830989041	0.4158159879243462
zoned/dp4/1.1/T_primary	4657891886298963968	2579.9960100091994
zoned/dp4/1.1/T_mix	4655712733998364672	1818.516137066763
zoned/dp4/1.1/x_no_mix	4561581355063235502	0.0009152977628931103
zoned/dp4/1.1/ei_no	4629593035530967302	31.618504610401054
zoned/dp4/1.1/ei_prompt	0	0.0
zoned/dp4/1.1/ei_total	4629593035530967302	31.618504610401054
zoned/dp4/1.1/o_mult	4607182418800017408	1.0
zoned/dp4/1.1/ppm_primary	4656751987932121247	2061.630247407665
zoned/dp4/1.1/ppm_mix	4651262260084408056	915.2977628931103
zoned/dp4/1.1/primary_x_no_eq	4567387558673254453	0.002272980478722731
zoned/dp4/1.1/primary_char_time	4565034838587521278	0.0016028878937209274
zoned/dp4/1.2/far_primary	4590516336728814181	0.08121164942822075
zoned/dp4/1.2/alpha	4600538071921565449	0.38116465559731744
zoned/dp4/1.2/T_primary	4657747952625901568	2514.5425534807146
zoned/dp4/1.2/T_mix	4655712733998364672	1818.516137066763
zoned/dp4/1.2/x_no_mix	4552290671707542778	0.00022114058877035337
zoned/dp4/1.2/ei_no	4620286983223019610	7.639191320080579
zoned/dp4/1.2/ei_prompt	0	0.0
zoned/dp4/1.2/ei_total	4620286983223019610	7.639191320080579
zoned/dp4/1.2/o_mult	4607182418800017408	1.0
zoned/dp4/1.2/ppm_primary	4647882927302853229	531.1121053491494
zoned/dp4/1.2/ppm_mix	4641984709323479880	221.14058877035336
zoned/dp4/1.2/primary_x_no_eq	4559786659891505130	0.0007207165224791788
zoned/dp4/1.2/primary_char_time	4568709280455845165	0.0028461859299652365
zoned/dp4/1.4/far_primary	4591491656073089057	0.09474692433292421
zoned/dp4/1.4/alpha	4599557150206756944	0.32671256194055776
zoned/dp4/1.4/T_primary	4657379175150215168	2346.8419733457267
zoned/dp4/1.4/T_mix	4655712733998364672	1818.516137066763
zoned/dp4/1.4/x_no_mix	4528977841952232832	6.23739483072061e-06
zoned/dp4/1.4/ei_no	4596931062059218683	0.21546769281797382
zoned/dp4/1.4/ei_prompt	0	0.0
zoned/dp4/1.4/ei_total	4596931062059218683	0.21546769281797382
zoned/dp4/1.4/o_mult	4607182418800017408	1.0
zoned/dp4/1.4/ppm_primary	4625384379099398169	16.66635333659369
zoned/dp4/1.4/ppm_mix	4618708700686236903	6.23739483072061
zoned/dp4/1.4/primary_x_no_eq	4545646048595040604	8.155401546114854e-05
zoned/dp4/1.4/primary_char_time	4579373579559520169	0.014259353729844397
zoned/dp4/1.6/far_primary	4592466975417363933	0.10828219923762768
zoned/dp4/1.6/alpha	4598821458920650566	0.28587349169798804
zoned/dp4/1.6/T_primary	4657019952651296768	2183.4864935837686
zoned/dp4/1.6/T_mix	4655712733995804672	1818.5161364846863
zoned/dp4/1.6/x_no_mix	4503905268991641952	1.2729955589961994e-07
zoned/dp4/1.6/ei_no	4571719994070630138	0.004397499653435716
zoned/dp4/1.6/ei_prompt	0	0.0
zoned/dp4/1.6/ei_total	4571719994070630138	0.004397499653435716
zoned/dp4/1.6/o_mult	4607182418800017408	1.0
zoned/dp4/1.6/ppm_primary	4600360052297142063	0.37128258130381914
zoned/dp4/1.6/ppm_mix	4593754470150647088	0.12729955589961994
zoned/dp4/1.6/primary_x_no_eq	4532482736496747916	1.078291744190348e-05
zoned/dp4/1.6/primary_char_time	4590930653248498868	0.08696144617367702
zoned/dp4/2.0/far_primary	4594044617011909802	0.1353527490470346
zoned/dp4/2.0/alpha	4597407762694926857	0.2286987933583904
zoned/dp4/2.0/T_primary	4655997482691510272	1883.260494004935
zoned/dp4/2.0/T_mix	4655712733998364672	1818.516137066763
zoned/dp4/2.0/x_no_mix	4449616861679772096	2.9494349130041545e-11
zoned/dp4/2.0/ei_no	4517418292721533094	1.0188675770399576e-06
zoned/dp4/2.0/ei_prompt	0	0.0
zoned/dp4/2.0/ei_total	4517418292721533094	1.0188675770399576e-06
zoned/dp4/2.0/o_mult	4607182418800017408	1.0
zoned/dp4/2.0/ppm_primary	4546906633325237311	9.863812424966508e-05
zoned/dp4/2.0/ppm_mix	4539326420495079205	2.9494349130041544e-05
zoned/dp4/2.0/primary_x_no_eq	4505911190910672691	1.8039586699457646e-07
zoned/dp4/2.0/primary_char_time	4617863312429216693	5.486539224567356
zoned/r19/seo/0.8/far_primary	4587963375789993437	0.05414109961881384
zoned/r19/seo/0.8/alpha	4602696893248152431	0.5020066254775041
zoned/r19/seo/0.8/T_primary	4657110208835821568	2224.5302543975413
zoned/r19/seo/0.8/T_mix	4654386389652764672	1516.9403483043425
zoned/r19/seo/0.8/x_no_mix	4549605429228914136	0.000148356945545865
zoned/r19/seo/0.8/ei_no	4618232496100417087	5.814440194233213
zoned/r19/seo/0.8/ei_prompt	0	0.0
zoned/r19/seo/0.8/ei_total	4618232496100417087	5.814440194233213
zoned/r19/seo/0.8/o_mult	4608179791514699623	1.2214612303946184
zoned/r19/seo/0.8/ppm_primary	4643761920027765101	287.30391000830315
zoned/r19/seo/0.8/ppm_mix	4639423862538288686	148.35694554586502
zoned/r19/seo/0.8/primary_x_no_eq	4573477124588230054	0.005921567433053642
zoned/r19/seo/0.8/primary_char_time	4588923927023122761	0.060806262714765476
zoned/r19/pmt/0.8/far_primary	4587963375789993437	0.05414109961881384
zoned/r19/pmt/0.8/alpha	4602696893248152431	0.5020066254775041
zoned/r19/pmt/0.8/T_primary	4657110208835821568	2224.5302543975413
zoned/r19/pmt/0.8/T_mix	4654386389652764672	1516.9403483043425
zoned/r19/pmt/0.8/x_no_mix	4548626203264883512	0.00012194264255347982
zoned/r19/pmt/0.8/ei_no	4617066924484258285	4.779204638145967
zoned/r19/pmt/0.8/ei_prompt	4598923341818606782	0.29152912865431435
zoned/r19/pmt/0.8/ei_total	4617395157103052089	5.070733766800282
zoned/r19/pmt/0.8/o_mult	4607182418800017408	1.0
zoned/r19/pmt/0.8/ppm_primary	4642512831008769295	236.15070985354438
zoned/r19/pmt/0.8/ppm_mix	4638281367555064033	121.94264255347981
zoned/r19/pmt/0.8/primary_x_no_eq	4573477124588230054	0.005921567433053642
zoned/r19/pmt/0.8/primary_char_time	4590016317773845182	0.07427249247127585
zoned/r19/both/0.8/far_primary	4587963375789993437	0.05414109961881384
zoned/r19/both/0.8/alpha	4602696893248152431	0.5020066254775041
zoned/r19/both/0.8/T_primary	4657110208835821568	2224.5302543975413
zoned/r19/both/0.8/T_mix	4654386389652764672	1516.9403483043425
zoned/r19/both/0.8/x_no_mix	4549605429228914136	0.000148356945545865
zoned/r19/both/0.8/ei_no	4618232496100417087	5.814440194233213
zoned/r19/both/0.8/ei_prompt	4598923341818606782	0.29152912865431435
zoned/r19/both/0.8/ei_total	4618560728719210891	6.105969322887527
zoned/r19/both/0.8/o_mult	4608179791514699623	1.2214612303946184
zoned/r19/both/0.8/ppm_primary	4643761920027765101	287.30391000830315
zoned/r19/both/0.8/ppm_mix	4639423862538288686	148.35694554586502
zoned/r19/both/0.8/primary_x_no_eq	4573477124588230054	0.005921567433053642
zoned/r19/both/0.8/primary_char_time	4588923927023122761	0.060806262714765476
zoned/r19/seo/0.95/far_primary	4589297187548470587	0.06429255579734143
zoned/r19/seo/0.95/alpha	4601287070364854999	0.42274242145474034
zoned/r19/seo/0.95/T_primary	4657511324097978368	2406.9363572634757
zoned/r19/seo/0.95/T_mix	4654386389655324672	1516.940348886419
zoned/r19/seo/0.95/x_no_mix	4558737268985874723	0.000606941332512077
zoned/r19/seo/0.95/ei_no	4627388771886735926	23.787387009857603
zoned/r19/seo/0.95/ei_prompt	0	0.0
zoned/r19/seo/0.95/ei_total	4627388771886735926	23.787387009857603
zoned/r19/seo/0.95/o_mult	4607878458325484823	1.1545518214446184
zoned/r19/seo/0.95/ppm_primary	4653765915220746712	1375.860796177867
zoned/r19/seo/0.95/ppm_mix	4648549928238780482	606.941332512077
zoned/r19/seo/0.95/primary_x_no_eq	4572360022023902168	0.004952635411346905
zoned/r19/seo/0.95/primary_char_time	4576704943301159012	0.00963000776362239
zoned/r19/pmt/0.95/far_primary	4589297187548470587	0.06429255579734143
zoned/r19/pmt/0.95/alpha	4601287070364854999	0.42274242145474034
zoned/r19/pmt/0.95/T_primary	4657511324097978368	2406.9363572634757
zoned/r19/pmt/0.95/T_mix	4654386389655324672	1516.940348886419
zoned/r19/pmt/0.95/x_no_mix	4558099684335520401	0.0005378142662063203
zoned/r19/pmt/0.95/ei_no	4626626187441316813	21.078142819376627
zoned/r19/pmt/0.95/ei_prompt	4609518158867473099	1.5186384804857649
zoned/r19/pmt/0.95/ei_total	4627053646172243450	22.596781299862393
zoned/r19/pmt/0.95/o_mult	4607182418800017408	1.0
zoned/r19/pmt/0.95/ppm_primary	4653076730363956590	1219.1583022296795
zoned/r19/pmt/0.95/ppm_mix	4647941880133202706	537.8142662063203
zoned/r19/pmt/0.95/primary_x_no_eq	4572360022023902168	0.004952635411346905
zoned/r19/pmt/0.95/primary_char_time	4577562910153516036	0.011118343004016047
zoned/r19/both/0.95/far_primary	4589297187548470587	0.06429255579734143
zoned/r19/both/0.95/alpha	4601287070364854999	0.42274242145474034
zoned/r19/both/0.95/T_primary	4657511324097978368	2406.9363572634757
zoned/r19/both/0.95/T_mix	4654386389655324672	1516.940348886419
zoned/r19/both/0.95/x_no_mix	4558737268985874723	0.000606941332512077
zoned/r19/both/0.95/ei_no	4627388771886735926	23.787387009857603
zoned/r19/both/0.95/ei_prompt	4609518158867473099	1.5186384804857649
zoned/r19/both/0.95/ei_total	4627816230617662563	25.30602549034337
zoned/r19/both/0.95/o_mult	4607878458325484823	1.1545518214446184
zoned/r19/both/0.95/ppm_primary	4653765915220746712	1375.860796177867
zoned/r19/both/0.95/ppm_mix	4648549928238780482	606.941332512077
zoned/r19/both/0.95/primary_x_no_eq	4572360022023902168	0.004952635411346905
zoned/r19/both/0.95/primary_char_time	4576704943301159012	0.00963000776362239
zoned/r19/seo/1.2/far_primary	4590516336728814181	0.08121164942822075
zoned/r19/seo/1.2/alpha	4599700518188407274	0.3346710836516694
zoned/r19/seo/1.2/T_primary	4657410098875424768	2360.9044554643333
zoned/r19/seo/1.2/T_mix	4654386389655324672	1516.940348886419
zoned/r19/seo/1.2/x_no_mix	4537827974264718469	2.441741582282334e-05
zoned/r19/seo/1.2/ei_no	4606794866811754972	0.9569730859391785
zoned/r19/seo/1.2/ei_prompt	0	0.0
zoned/r19/seo/1.2/ei_total	4606794866811754972	0.9569730859391785
zoned/r19/seo/1.2/o_mult	4607945573449406275	1.1694543726202518
zoned/r19/seo/1.2/ppm_primary	4634384930938996961	66.57094789555732
zoned/r19/seo/1.2/ppm_mix	4627566109232192499	24.41741582282334
zoned/r19/seo/1.2/primary_x_no_eq	4555150284046809873	0.0003531604480756937
zoned/r19/seo/1.2/primary_char_time	4579987441713076434	0.01532423481863213
zoned/r19/pmt/1.2/far_primary	4590516336728814181	0.08121164942822075
zoned/r19/pmt/1.2/alpha	4599700518188407274	0.3346710836516694
zoned/r19/pmt/1.2/T_primary	4657410098875424768	2360.9044554643333
zoned/r19/pmt/1.2/T_mix	4654386389655324672	1516.940348886419
zoned/r19/pmt/1.2/x_no_mix	4536844270026887303	2.108449622363663e-05
zoned/r19/pmt/1.2/ei_no	4605618305314789782	0.826348519557359
zoned/r19/pmt/1.2/ei_prompt	4609642231841772629	1.5461882150459776
zoned/r19/pmt/1.2/ei_total	4612524896576958608	2.3725367346033366
zoned/r19/pmt/1.2/o_mult	4607182418800017408	1.0
zoned/r19/pmt/1.2/ppm_primary	4633286995115710869	57.484170712111485
zoned/r19/pmt/1.2/ppm_mix	4626627975765632931	21.08449622363663
zoned/r19/pmt/1.2/primary_x_no_eq	4555150284046809873	0.0003531604480756937
zoned/r19/pmt/1.2/primary_char_time	4580822596081646049	0.017920993415708856
zoned/r19/both/1.2/far_primary	4590516336728814181	0.08121164942822075
zoned/r19/both/1.2/alpha	4599700518188407274	0.3346710836516694
zoned/r19/both/1.2/T_primary	4657410098875424768	2360.9044554643333
zoned/r19/both/1.2/T_mix	4654386389655324672	1516.940348886419
zoned/r19/both/1.2/x_no_mix	4537827974264718469	2.441741582282334e-05
zoned/r19/both/1.2/ei_no	4606794866811754972	0.9569730859391785
zoned/r19/both/1.2/ei_prompt	4609642231841772629	1.5461882150459776
zoned/r19/both/1.2/ei_total	4612819036951199906	2.5031613009851563
zoned/r19/both/1.2/o_mult	4607945573449406275	1.1694543726202518
zoned/r19/both/1.2/ppm_primary	4634384930938996961	66.57094789555732
zoned/r19/both/1.2/ppm_mix	4627566109232192499	24.41741582282334
zoned/r19/both/1.2/primary_x_no_eq	4555150284046809873	0.0003531604480756937
zoned/r19/both/1.2/primary_char_time	4579987441713076434	0.01532423481863213
zoned/r19/seo/1.5/far_primary	4591979315745226495	0.10151456178527594
zoned/r19/seo/1.5/alpha	4598494738534307003	0.2677368669213355
zoned/r19/seo/1.5/T_primary	4656858594632327168	2110.109361913055
zoned/r19/seo/1.5/T_mix	4654386389652764672	1516.9403483043425
zoned/r19/seo/1.5/x_no_mix	4496537452976146597	4.2673417231291966e-08
zoned/r19/seo/1.5/ei_no	4565355713612328877	0.0016724665735194752
zoned/r19/seo/1.5/ei_prompt	0	0.0
zoned/r19/seo/1.5/ei_total	4565355713612328877	0.0016724665735194752
zoned/r19/seo/1.5/o_mult	4608426626085998892	1.276269515260604
zoned/r19/seo/1.5/ppm_primary	4594047868364641192	0.13544299221362377
zoned/r19/seo/1.5/ppm_mix	4586310708585921542	0.04267341723129196
zoned/r19/seo/1.5/primary_x_no_eq	4532629583581754962	1.1031686080321922e-05
zoned/r19/seo/1.5/primary_char_time	4597964932297926947	0.24416335640518935
zoned/r19/pmt/1.5/far_primary	4591979315745226495	0.10151456178527594
zoned/r19/pmt/1.5/alpha	4598494738534307003	0.2677368669213355
zoned/r19/pmt/1.5/T_primary	4656858594632327168	2110.109361913055
zoned/r19/pmt/1.5/T_mix	4654386389652764672	1516.9403483043425
zoned/r19/pmt/1.5/x_no_mix	4495143006116862340	3.344574197340879e-08
zoned/r19/pmt/1.5/ei_no	4563687882549798272	0.0013108133612525774
zoned/r19/pmt/1.5/ei_prompt	4594560585310950273	0.14967374618631982
zoned/r19/pmt/1.5/ei_total	4594607812339472588	0.1509845595475724
zoned/r19/pmt/1.5/o_mult	4607182418800017408	1.0
zoned/r19/pmt/1.5/ppm_primary	4592313685715990229	0.10615487728884017
zoned/r19/pmt/1.5/ppm_mix	4584980860430628786	0.033445741973408785
zoned/r19/pmt/1.5/primary_x_no_eq	4532629583581754962	1.1031686080321922e-05
zoned/r19/pmt/1.5/primary_char_time	4599285235229637803	0.3116182485236531
zoned/r19/both/1.5/far_primary	4591979315745226495	0.10151456178527594
zoned/r19/both/1.5/alpha	4598494738534307003	0.2677368669213355
zoned/r19/both/1.5/T_primary	4656858594632327168	2110.109361913055
zoned/r19/both/1.5/T_mix	4654386389652764672	1516.9403483043425
zoned/r19/both/1.5/x_no_mix	4496537452976146597	4.2673417231291966e-08
zoned/r19/both/1.5/ei_no	4565355713612328877	0.0016724665735194752
zoned/r19/both/1.5/ei_prompt	4594560585310950273	0.14967374618631982
zoned/r19/both/1.5/ei_total	4594620842269648608	0.15134621275983928
zoned/r19/both/1.5/o_mult	4608426626085998892	1.276269515260604
zoned/r19/both/1.5/ppm_primary	4594047868364641192	0.13544299221362377
zoned/r19/both/1.5/ppm_mix	4586310708585921542	0.04267341723129196
zoned/r19/both/1.5/primary_x_no_eq	4532629583581754962	1.1031686080321922e-05
zoned/r19/both/1.5/primary_char_time	4597964932297926947	0.24416335640518935
bell/dp1/0.85	4621616337939918477	9.639790983513445
bell/dp1/0.86	4622294298513090303	10.844090884510932
bell/dp1/0.87	4623002420367832184	12.101967984310463
bell/dp1/0.88	4623730491010529379	13.395281250032161
bell/dp1/0.89	4624465856571925661	14.701552894477851
bell/dp1/0.9	4625193462988368761	15.994041528718059
bell/dp1/0.9099999999999999	4625546423173785562	17.242049536238348
bell/dp1/0.9199999999999999	4625875595462177792	18.411504427891487
bell/dp1/0.9299999999999999	4626172366159067990	19.46584574220045
bell/dp1/0.94	4626426086395239609	20.367241095835855
bell/dp1/0.95	4626626187441316813	21.078142819376627
bell/dp1/0.96	4626762713528325757	21.56318091620641
bell/dp1/0.97	4626826942125031251	21.79136673029218
bell/dp1/0.98	4626812076341579883	21.738552858078418
bell/dp1/0.99	4626713979627039550	21.39004331848559
bell/dp1/1.0	4626531901667095079	20.743172459582777
bell/dp1/1.01	4626269109880620958	19.809548485099747
bell/dp1/1.02	4625933297816877285	18.616504372731374
bell/dp1/1.03	4625536600816112354	17.20715351177467
bell/dp1/1.04	4624993268337084735	15.638424390698331
bell/dp1/1.05	4624057803353657452	13.976704769367835
bell/dp1/1.06	4623109042045721036	12.291366131056655
bell/dp1/1.07	4622183516793402655	10.647303019063257
bell/dp1/1.08	4621311478239560982	9.098251369725897
bell/dp1/1.0899999999999999	4620335796222069501	7.682545972437535
bell/dp1/1.1	4618916632609921373	6.422075478103889
bell/dp1/argmax_phi	4606912202822375178	0.97
bell/dp1/peak_ei	4626826942125031251	21.79136673029218
bell/dp2/0.85	4630243653982227851	35.85993136374881
bell/dp2/0.86	4630721185699551306	39.25299829214107
bell/dp2/0.87	4631194214523588555	42.61407023938917
bell/dp2/0.88	4631652859929710641	45.87294185548706
bell/dp2/0.89	4632086502253831081	48.95415588870612
bell/dp2/0.9	4632484136179190365	51.77951486026425
bell/dp2/0.9099999999999999	4632834787841047409	54.271044771411546
bell/dp2/0.9199999999999999	4633127973965380519	56.354257480117035
bell/dp2/0.9299999999999999	4633354176105668847	57.96152035606962
bell/dp2/0.94	4633505300570669120	59.035324264085375
bell/dp2/0.95	4633575095563217231	59.53124751356028
bell/dp2/0.96	4633559502316896064	59.42045083455605
bell/dp2/0.97	4633456924104833814	58.69158880027514
bell/dp2/0.98	4633268405610469861	57.35208433300776
bell/dp2/0.99	4632997721320020135	55.42875677037346
bell/dp2/1.0	4632651372173590151	52.9677980700481
bell/dp2/1.01	4632238483989526926	50.03405107137506
bell/dp2/1.02	4631770584507169736	46.709425288826935
bell/dp2/1.03	4631261219920502133	43.09017221972582
bell/dp2/1.04	4630725362938853551	39.28267936255849
bell/dp2/1.05	4630178587385234044	35.39760538540301
bell/dp2/1.06	4629571677304068809	31.542624945543853
bell/dp2/1.07	4628522364499236054	27.814716990474004
bell/dp2/1.08	4627531219012374410	24.29346086161926
bell/dp2/1.0899999999999999	4626614547021451855	21.03678774049541
bell/dp2/1.1	4625782273560989220	18.079958433007178
bell/dp2/argmax_phi	4606732058837280358	0.95
bell/dp2/peak_ei	4633575095563217231	59.53124751356028
bell/dp3/0.85	4621616337939918477	9.639790983513445
bell/dp3/0.86	4622294298513090303	10.844090884510932
bell/dp3/0.87	4623002420367832184	12.101967984310463
bell/dp3/0.88	4623730491010529379	13.395281250032161
bell/dp3/0.89	4624465856571925661	14.701552894477851
bell/dp3/0.9	4625193462988368761	15.994041528718059
bell/dp3/0.9099999999999999	4625546423173785562	17.242049536238348
bell/dp3/0.9199999999999999	4625875595462177792	18.411504427891487
bell/dp3/0.9299999999999999	4626172366159067990	19.46584574220045
bell/dp3/0.94	4626426086395239609	20.367241095835855
bell/dp3/0.95	4626626187441316813	21.078142819376627
bell/dp3/0.96	4626762713528325757	21.56318091620641
bell/dp3/0.97	4626826942125031251	21.79136673029218
bell/dp3/0.98	4626812076341579883	21.738552858078418
bell/dp3/0.99	4626713979627039550	21.39004331848559
bell/dp3/1.0	4626531901667095079	20.743172459582777
bell/dp3/1.01	4626269109880620958	19.809548485099747
bell/dp3/1.02	4625933297816877285	18.616504372731374
bell/dp3/1.03	4625536600816112354	17.20715351177467
bell/dp3/1.04	4624993268337084735	15.638424390698331
bell/dp3/1.05	4624057803353657452	13.976704769367835
bell/dp3/1.06	4623109042045721036	12.291366131056655
bell/dp3/1.07	4622183516793402655	10.647303019063257
bell/dp3/1.08	4621311478239560982	9.098251369725897
bell/dp3/1.0899999999999999	4620335796222069501	7.682545972437535
bell/dp3/1.1	4618916632609921373	6.422075478103889
bell/dp3/argmax_phi	4606912202822375178	0.97
bell/dp3/peak_ei	4626826942125031251	21.79136673029218
bell/dp4/0.85	4634828574603017306	72.87550355027034
bell/dp4/0.86	4635149943408843115	77.44242895985887
bell/dp4/0.87	4635444207109326350	81.62416765538384
bell/dp4/0.88	4635704752717345039	85.3267434376214
bell/dp4/0.89	4635925640411421737	88.46574636652134
bell/dp4/0.9	4636101861588168501	90.96999990701154
bell/dp4/0.9099999999999999	4636229545295915567	92.78449452730341
bell/dp4/0.9199999999999999	4636306097201553907	93.87236253650171
bell/dp4/0.9299999999999999	4636330262957948976	94.215778589715
bell/dp4/0.94	4636302116405169539	93.81579201743266
bell/dp4/0.95	4636222981081254866	92.69121142644079
bell/dp4/0.96	4636095300078829688	90.87675525108523
bell/dp4/0.97	4635922474104751218	88.42075044244282
bell/dp4/0.98	4635708687236251868	85.38265631418057
bell/dp4/0.99	4635458738788985594	81.83067524378922
bell/dp4/1.0	4635177893457636183	77.83962304253997
bell/dp4/1.01	4634871754762466945	73.48913052278841
bell/dp4/1.02	4634546158772547915	68.8621332141967
bell/dp4/1.03	4634207076683156606	64.04348690532967
bell/dp4/1.04	4633517003880388840	59.11848128114235
bell/dp4/1.05	4632820709419048129	54.17101156658601
bell/dp4/1.06	4632132538327522100	49.28126186614682
bell/dp4/1.07	4631462865241282339	44.52294839852973
bell/dp4/1.08	4630820744776189454	39.960408078983264
bell/dp4/1.0899999999999999	4630213548964833471	35.646022349553725
bell/dp4/1.1	4629593035530967302	31.618504610401054
bell/dp4/argmax_phi	4606551914852185538	0.9299999999999999
bell/dp4/peak_ei	4636330262957948976	94.215778589715
