# phase-5I off-design matcher oracle — key	u64 bits	repr
# pypy 3.11.15
hw/cpg/A4	4563893732593155902	0.001355449974095493
hw/cpg/A8	4568977292614859180	0.0029624176759874467
hw/cpg/f_design	4584669273506512825	0.03128367336512334
hw/cpg/pi_d_max	4606912202822375178	0.97
hw/cpg/pi_d_design	4606912202822375178	0.97
hw/cpg/ref2/Tt	4643741180423569407	286.12499999999994
hw/cpg/ref2/pt	4680081772134739219	77785.20992963416
hw/cpg/ref3/Tt	4648389774525228686	588.7339632689998
hw/cpg/ref3/pt	4694928910747891800	777852.0992963417
hw/cpg/ref4/Tt	4654311885213007872	1500.0
hw/cpg/ref4/pt	4694661642801683581	746738.0153244879
hw/cpg/ref5/Tt	4653255576954920251	1259.8233089575795
hw/cpg/ref5/pt	4689232804587847137	319513.0337571782
hw/cpg/ref9/Tt	4653255576954920251	1259.8233089575795
hw/cpg/ref9/pt	4689123020745396511	313122.7730820346
hw/cpg/ref/A4_over_A8	4601914082211776837	0.45754857091300877
hw/tpg/A4	4563886260492268407	0.0013538297204924424
hw/tpg/A8	4568943913479691051	0.0029479417836414576
hw/tpg/f_design	4583515894746797889	0.027265250260220645
hw/tpg/pi_d_max	4606912202822375178	0.97
hw/tpg/pi_d_design	4606912202822375178	0.97
hw/tpg/ref2/Tt	4643745586963694955	286.3754828060834
hw/tpg/ref2/pt	4680086807681088516	77858.48677323764
hw/tpg/ref3/Tt	4648343779432381832	583.5049266125288
hw/tpg/ref3/pt	4694935205180828421	778584.8677323764
hw/tpg/ref4/Tt	4654311885213007872	1500.0
hw/tpg/ref4/pt	4694667685457302737	747441.4730230813
hw/tpg/ref5/Tt	4653271803104159988	1263.5127081485089
hw/tpg/ref5/pt	4689250316522041599	320532.36248470837
hw/tpg/ref9/Tt	4653271803104159988	1263.5127081485089
hw/tpg/ref9/pt	4689140182440907084	314121.7152350142
hw/tpg/ref/A4_over_A8	4601944655781187302	0.45924574494823245
hw/eq/A4	4563886030393706520	0.0013537798258203056
hw/eq/A8	4568938132128741297	0.002945434522337608
hw/eq/f_design	4583491089772941734	0.02717919071928212
hw/eq/pi_d_max	4606912202822375178	0.97
hw/eq/pi_d_design	4606912202822375178	0.97
hw/eq/ref2/Tt	4643745586963694955	286.3754828060834
hw/eq/ref2/pt	4680086807681088516	77858.48677323764
hw/eq/ref3/Tt	4648343779432381832	583.5049266125288
hw/eq/ref3/pt	4694935205180828421	778584.8677323764
hw/eq/ref4/Tt	4654311885213007872	1500.0
hw/eq/ref4/pt	4694667685457302737	747441.4730230813
hw/eq/ref5/Tt	4653268190414211658	1262.6912775567203
hw/eq/ref5/pt	4689252979832730920	320687.3875702196
hw/eq/ref9/Tt	4653268190414211658	1262.6912775567203
hw/eq/ref9/pt	4689142792485382618	314273.63981881517
hw/eq/ref/A4_over_A8	4601951392933219542	0.4596197320135621
mfp/cpg/0/0	4585847801939217816	0.03946135712240134
mfp/cpg/0/1	4585847801939217816	0.03946135712240134
mfp/cpg/0/2	4585847801939217816	0.03946135712240134
mfp/cpg/0/3	4585847801939217816	0.03946135712240134
mfp/cpg/1/0	4585847801939217813	0.03946135712240132
mfp/cpg/1/1	4585847801939217813	0.03946135712240132
mfp/cpg/1/2	4585847801939217813	0.03946135712240132
mfp/cpg/1/3	4585847801939217813	0.03946135712240132
mfp/cpg/2/0	4585847801939217814	0.03946135712240133
mfp/cpg/2/1	4585847801939217814	0.03946135712240133
mfp/cpg/2/2	4585847801939217814	0.03946135712240133
mfp/cpg/2/3	4585847801939217814	0.03946135712240133
mfp/cpg/3/0	4585847801939217814	0.03946135712240133
mfp/cpg/3/1	4585847801939217814	0.03946135712240133
mfp/cpg/3/2	4585847801939217814	0.03946135712240133
mfp/cpg/3/3	4585847801939217814	0.03946135712240133
mfp/cpg/4/0	4585847801939217816	0.03946135712240134
mfp/cpg/4/1	4585847801939217816	0.03946135712240134
mfp/cpg/4/2	4585847801939217816	0.03946135712240134
mfp/cpg/4/3	4585847801939217816	0.03946135712240134
mfp/cpg/5/0	4585847801939217814	0.03946135712240133
mfp/cpg/5/1	4585847801939217814	0.03946135712240133
mfp/cpg/5/2	4585847801939217814	0.03946135712240133
mfp/cpg/5/3	4585847801939217814	0.03946135712240133
mfp/tpg/0/0	4585957638063518670	0.040223498335741334
mfp/tpg/0/1	4585957638063518670	0.040223498335741334
mfp/tpg/0/2	4585957638063518670	0.040223498335741334
mfp/tpg/0/3	4585957638063518670	0.040223498335741334
mfp/tpg/1/0	4585922694398668747	0.039981027952734026
mfp/tpg/1/1	4585922694398668747	0.039981027952734026
mfp/tpg/1/2	4585922694398668747	0.039981027952734026
mfp/tpg/1/3	4585922694398668747	0.039981027952734026
mfp/tpg/2/0	4585883912074152394	0.03971192151756815
mfp/tpg/2/1	4585883912074152394	0.03971192151756815
mfp/tpg/2/2	4585883912074152394	0.03971192151756815
mfp/tpg/2/3	4585883912074152394	0.03971192151756815
mfp/tpg/3/0	4585843781277287921	0.03943345817584632
mfp/tpg/3/1	4585843781277287921	0.03943345817584632
mfp/tpg/3/2	4585843781277287921	0.03943345817584632
mfp/tpg/3/3	4585843781277287921	0.03943345817584632
mfp/tpg/4/0	4585827084239234477	0.03931759920028397
mfp/tpg/4/1	4585827084239234477	0.03931759920028397
mfp/tpg/4/2	4585827084239234477	0.03931759920028397
mfp/tpg/4/3	4585827084239234477	0.03931759920028397
mfp/tpg/5/0	4585811729156961487	0.03921105191350593
mfp/tpg/5/1	4585811729156961487	0.03921105191350593
mfp/tpg/5/2	4585811729156961487	0.03921105191350593
mfp/tpg/5/3	4585811729156961487	0.03921105191350593
mfp/eq/0/frozen	4585956569513373240	0.04021608377965119
mfp/eq/1/frozen	4585922188871960699	0.03997752015654129
mfp/eq/2/frozen	4585883537118730806	0.03970931974167906
mfp/eq/3/frozen	4585843478508937988	0.039431357298388675
mfp/eq/4/frozen	4585826818363166983	0.03931575431446004
mfp/eq/5/frozen	4585811481967914601	0.03920933669493538
cell/cpg/0.30/400/abort	4618441417868443648	6.0
cell/cpg/0.30/500/abort	4607182418800017408	1.0
cell/cpg/0.30/600/abort	4607182418800017408	1.0
cell/cpg/0.30/650/abort	4607182418800017408	1.0
cell/cpg/0.30/900/abort	0	0.0
cell/cpg/0.30/900/branch	0	0.0
cell/cpg/0.30/900/n_solve_turbine	4619567317775286272	7.0
cell/cpg/0.30/900/pi_c	4617762799933172869	5.397266194671038
cell/cpg/0.30/900/tau_c	4610349255383127186	1.7031789779587467
cell/cpg/0.30/900/tau_t	4605740205924975101	0.8398822059717187
cell/cpg/0.30/900/pi_t	4601379591121935493	0.4278783551930661
cell/cpg/0.30/900/mdot_air	4602123615958118541	0.4691800303942351
cell/cpg/0.30/900/mdot_ratio	4602123615958118541	0.4691800303942351
cell/cpg/0.30/900/thrust	4642097225290356939	224.3384848872141
cell/cpg/0.30/900/V0	4636390020038410586	95.06497777835958
cell/cpg/0.30/900/V9	4647403177359497061	494.2854256959311
cell/cpg/0.30/900/M9	4607182418800017407	0.9999999999999999
cell/cpg/0.30/900/T9	4648992880001835330	657.2991177169972
cell/cpg/0.30/900/p9	4678645530798799685	61210.57388078285
cell/cpg/0.30/900/F_over_mdot	4647119321949296448	478.1501137179912
cell/cpg/0.30/900/tsfc	4540211083382244336	3.446582903621892e-05
cell/cpg/0.30/900/eta_th	4595279952184537856	0.16964018784155854
cell/cpg/0.30/900/eta_p	4600515132558363987	0.37989126513749233
cell/cpg/0.30/900/s2/Tt	4643158439260848128	254.5
cell/cpg/0.30/900/s2/pt	4677328081534983276	51624.8688784175
cell/cpg/0.30/900/s3/Tt	4646333108439920371	433.45904989050103
cell/cpg/0.30/900/s3/pt	4688530493697599490	278633.1596018077
cell/cpg/0.30/900/s4/Tt	4651127699538968576	900.0
cell/cpg/0.30/900/s4/pt	4688339018448308144	267487.8332177354
cell/cpg/0.30/900/s5/Tt	4649860129629263423	755.8939853745468
cell/cpg/0.30/900/s5/pt	4682601512224363335	114452.25411136179
cell/cpg/0.30/900/s9/Tt	4649860129629263423	755.8939853745468
cell/cpg/0.30/900/s9/pt	4682444210244087565	112163.20902913455
cell/cpg/0.30/900/s4/far	4580407211911600032	0.01647984007305292
cell/cpg/0.30/1100/abort	0	0.0
cell/cpg/0.30/1100/branch	0	0.0
cell/cpg/0.30/1100/n_solve_turbine	4619567317775286272	7.0
cell/cpg/0.30/1100/pi_c	4619831362345241430	7.234518688873171
cell/cpg/0.30/1100/tau_c	4611072574493887585	1.8637880841422645
cell/cpg/0.30/1100/tau_t	4605740205924975101	0.8398822059717187
cell/cpg/0.30/1100/pi_t	4601379591121935493	0.4278783551930661
cell/cpg/0.30/1100/mdot_air	4603273208050264869	0.565990421751256
cell/cpg/0.30/1100/mdot_ratio	4603273208050264869	0.565990421751256
cell/cpg/0.30/1100/thrust	4644989871699254443	357.10488121160114
cell/cpg/0.30/1100/V0	4636390020038410586	95.06497777835958
cell/cpg/0.30/1100/V9	4648017868108225219	546.453098791499
cell/cpg/0.30/1100/M9	4607182418800017406	0.9999999999999998
cell/cpg/0.30/1100/T9	4650277694264691766	803.3655883207746
cell/cpg/0.30/1100/p9	4680374634277058588	82046.91499826353
cell/cpg/0.30/1100/F_over_mdot	4648761005414541455	630.9380291395518
cell/cpg/0.30/1100/tsfc	4540181954478170701	3.426844390447669e-05
cell/cpg/0.30/1100/eta_th	4594930781353413303	0.15994875043550902
cell/cpg/0.30/1100/eta_p	4600971593900063014	0.40522995970776987
cell/cpg/0.30/1100/s2/Tt	4643158439260848128	254.5
cell/cpg/0.30/1100/s2/pt	4677328081534983276	51624.8688784175
cell/cpg/0.30/1100/s3/Tt	4647052189352766158	474.3340674142063
cell/cpg/0.30/1100/s3/pt	4690159968540279277	373481.0787115384
cell/cpg/0.30/1100/s4/Tt	4652552666608566272	1100.0
cell/cpg/0.30/1100/s4/pt	4689903314297280739	358541.83556307683
cell/cpg/0.30/1100/s5/Tt	4651337666031548323	923.8704265688906
cell/cpg/0.30/1100/s5/pt	4684511219014627057	153412.29086863206
cell/cpg/0.30/1100/s9/Tt	4651337666031548323	923.8704265688906
cell/cpg/0.30/1100/s9/pt	4684405794891093423	150344.04505125943
cell/cpg/0.30/1100/s4/far	4581889126596250794	0.021621264458769808
cell/cpg/0.30/1500/abort	0	0.0
cell/cpg/0.30/1500/branch	0	0.0
cell/cpg/0.30/1500/n_solve_turbine	4619567317775286272	7.0
cell/cpg/0.30/1500/pi_c	4623099732279461408	12.274828664088147
cell/cpg/0.30/1500/tau_c	4612113703530953382	2.1899303397070353
cell/cpg/0.30/1500/tau_t	4605740205924975101	0.8398822059717187
cell/cpg/0.30/1500/pi_t	4601379591121935493	0.4278783551930661
cell/cpg/0.30/1500/mdot_air	4605507509074787566	0.8140476658881235
cell/cpg/0.30/1500/mdot_ratio	4605507509074787566	0.8140476658881235
cell/cpg/0.30/1500/thrust	4649570811044467632	723.0022703750201
cell/cpg/0.30/1500/V0	4636390020038410586	95.06497777835958
cell/cpg/0.30/1500/V9	4648824176417173223	638.1197406644613
cell/cpg/0.30/1500/M9	4607182418800017402	0.9999999999999993
cell/cpg/0.30/1500/T9	4652532868932063502	1095.498529528329
cell/cpg/0.30/1500/p9	4684023205786757808	139209.23662408208
cell/cpg/0.30/1500/F_over_mdot	4651023528895941012	888.1571690107689
cell/cpg/0.30/1500/tsfc	4540452122835577079	3.609917590470691e-05
cell/cpg/0.30/1500/eta_th	4594566329014802779	0.14983316599291183
cell/cpg/0.30/1500/eta_p	4601069227740841781	0.41064972660852855
cell/cpg/0.30/1500/s2/Tt	4643158439260848128	254.5
cell/cpg/0.30/1500/s2/pt	4677328081534983276	51624.8688784175
cell/cpg/0.30/1500/s3/Tt	4648113606303447022	557.3372714554405
cell/cpg/0.30/1500/s3/pt	4693690536994803957	633686.4202885913
cell/cpg/0.30/1500/s4/Tt	4654311885213007872	1500.0
cell/cpg/0.30/1500/s4/pt	4693472803998719252	608338.9634770476
cell/cpg/0.30/1500/s5/Tt	4653255576954920246	1259.8233089575783
cell/cpg/0.30/1500/s5/pt	4688183683516599603	260295.07509241402
cell/cpg/0.30/1500/s9/Tt	4653255576954920246	1259.8233089575783
cell/cpg/0.30/1500/s9/pt	4688004810103026518	255089.17359056574
cell/cpg/0.30/1500/s4/far	4584781404996170678	0.03206174187514625
cell/cpg/0.50/400/abort	4607182418800017408	1.0
cell/cpg/0.50/500/abort	0	0.0
cell/cpg/0.50/500/branch	4607182418800017408	1.0
cell/cpg/0.50/500/n_solve_turbine	4619567317775286272	7.0
cell/cpg/0.50/500/pi_c	4612275389257332834	2.2617332261789196
cell/cpg/0.50/500/tau_c	4608526381187135324	1.2984195972816996
cell/cpg/0.50/500/tau_t	4606034982008518734	0.8726089254776157
cell/cpg/0.50/500/pi_t	4602824271006705786	0.516148397514612
cell/cpg/0.50/500/mdot_air	4599018892417266382	0.29683325238674463
cell/cpg/0.50/500/mdot_ratio	4599018892417266382	0.29683325238674463
cell/cpg/0.50/500/thrust	4627508271910466630	24.21193637878266
cell/cpg/0.50/500/V0	4639778685815524299	158.4416296305993
cell/cpg/0.50/500/V9	4642592870872958920	238.4255796163909
cell/cpg/0.50/500/M9	4603653951746009915	0.6082614635009586
cell/cpg/0.50/500/T9	4645979590522388574	413.3638828294405
cell/cpg/0.50/500/p9	4677104761256804352	50000.0
cell/cpg/0.50/500/F_over_mdot	4635440217122277002	81.56746652911002
cell/cpg/0.50/500/tsfc	4545636460001263251	8.142406578359245e-05
cell/cpg/0.50/500/eta_th	4588303162470449583	0.05649884334445986
cell/cpg/0.50/500/eta_p	4605423299249593366	0.8046984972050975
cell/cpg/0.50/500/s2/Tt	4643325565028270080	262.5
cell/cpg/0.50/500/s2/pt	4678139857026256349	57531.31294515331
cell/cpg/0.50/500/s3/Tt	4644703651460373412	340.83514428644617
cell/cpg/0.50/500/s3/pt	4683678224648570281	130120.48203375064
cell/cpg/0.50/500/s4/Tt	4647503709213818880	500.0
cell/cpg/0.50/500/s4/pt	4683320552191050463	124915.6627524006
cell/cpg/0.50/500/s5/Tt	4646383165472120954	436.30446273880773
cell/cpg/0.50/500/s5/pt	4679094192740834750	64475.01915412721
cell/cpg/0.50/500/s9/Tt	4646383165472120954	436.30446273880773
cell/cpg/0.50/500/s9/pt	4678916965157682142	63185.51877104466
cell/cpg/0.50/500/s4/far	4574307213461049590	0.00664155476046723
cell/cpg/0.50/600/abort	0	0.0
cell/cpg/0.50/600/branch	4607182418800017408	1.0
cell/cpg/0.50/600/n_solve_turbine	4619567317775286272	7.0
cell/cpg/0.50/600/pi_c	4614109206597928523	3.0761117199734023
cell/cpg/0.50/600/tau_c	4609119842329280829	1.4301944421277561
cell/cpg/0.50/600/tau_t	4605806941880599897	0.8472913854222198
cell/cpg/0.50/600/pi_t	4601719696870991806	0.4467580168635513
cell/cpg/0.50/600/mdot_air	4600296389030297612	0.3677485600701409
cell/cpg/0.50/600/mdot_ratio	4600296389030297612	0.3677485600701409
cell/cpg/0.50/600/thrust	4634271932594223414	64.96514483492214
cell/cpg/0.50/600/V0	4639778685815524299	158.4416296305993
cell/cpg/0.50/600/V9	4644551279489474705	332.1738005220041
cell/cpg/0.50/600/M9	4605380840098690825	0.799984584511294
cell/cpg/0.50/600/T9	4646867702689265471	463.8472147266038
cell/cpg/0.50/600/p9	4677104761256804352	50000.0
cell/cpg/0.50/600/F_over_mdot	4640419561849423279	176.65642204698585
cell/cpg/0.50/600/tsfc	4542478925491803232	4.9833324923955575e-05
cell/cpg/0.50/600/eta_th	4592907689205947868	0.11439833167957353
cell/cpg/0.50/600/eta_p	4604024140419626865	0.6493606623914571
cell/cpg/0.50/600/s2/Tt	4643325565028270080	262.5
cell/cpg/0.50/600/s2/pt	4678139857026256349	57531.31294515331
cell/cpg/0.50/600/s3/Tt	4645312180951831205	375.426041058536
cell/cpg/0.50/600/s3/pt	4685320750089323117	176972.74601604362
cell/cpg/0.50/600/s4/Tt	4648488871632306176	600.0
cell/cpg/0.50/600/s4/pt	4685077520599268006	169893.83617540187
cell/cpg/0.50/600/s5/Tt	4647651040803318084	508.3748312533319
cell/cpg/0.50/600/s5/pt	4679952319992323048	75901.43332706357
cell/cpg/0.50/600/s9/Tt	4647651040803318084	508.3748312533319
cell/cpg/0.50/600/s9/pt	4679848001856688084	74383.4046605223
cell/cpg/0.50/600/s4/far	4576228423039976724	0.008803376879770876
cell/cpg/0.50/650/abort	0	0.0
cell/cpg/0.50/650/branch	4607182418800017408	1.0
cell/cpg/0.50/650/n_solve_turbine	4619567317775286272	7.0
cell/cpg/0.50/650/pi_c	4614947495571685595	3.4483868079552003
cell/cpg/0.50/650/tau_c	4609353922164725385	1.482170606709959
cell/cpg/0.50/650/tau_t	4605761000042982898	0.8421908168306216
cell/cpg/0.50/650/pi_t	4601484354246868908	0.43369387686470406
cell/cpg/0.50/650/mdot_air	4600798483870414978	0.3956204226723302
cell/cpg/0.50/650/mdot_ratio	4600798483870414978	0.3956204226723302
cell/cpg/0.50/650/thrust	4635912168470263184	88.2742985679854
cell/cpg/0.50/650/V0	4639778685815524299	158.4416296305993
cell/cpg/0.50/650/V9	4645353960927809214	377.80095773304845
cell/cpg/0.50/650/M9	4606150328716415515	0.8854149825697876
cell/cpg/0.50/650/T9	4647324686251414374	489.823722762338
cell/cpg/0.50/650/p9	4677104761256804352	50000.0
cell/cpg/0.50/650/F_over_mdot	4642054662255676459	223.12877068304928
cell/cpg/0.50/650/tsfc	4541723674123327820	4.4715542583495e-05
cell/cpg/0.50/650/eta_th	4594190354302031805	0.1393977714230327
cell/cpg/0.50/650/eta_p	4603524568956176077	0.5938970882745821
cell/cpg/0.50/650/s2/Tt	4643325565028270080	262.5
cell/cpg/0.50/650/s2/pt	4678139857026256349	57531.31294515331
cell/cpg/0.50/650/s3/Tt	4645552204220597595	389.0697842613642
cell/cpg/0.50/650/s3/pt	4686056648912682637	198390.2206044089
cell/cpg/0.50/650/s4/Tt	4648928676283416576	650.0
cell/cpg/0.50/650/s4/pt	4685783983469693145	190454.61178023255
cell/cpg/0.50/650/s5/Tt	4648026408517720842	547.424030939904
cell/cpg/0.50/650/s5/pt	4680412573197317787	82598.99894973116
cell/cpg/0.50/650/s9/Tt	4648026408517720842	547.424030939904
cell/cpg/0.50/650/s9/pt	4680299049997582928	80947.01897073654
cell/cpg/0.50/650/s4/far	4576905157507208665	0.009977324047080781
cell/cpg/0.50/900/abort	0	0.0
cell/cpg/0.50/900/branch	0	0.0
cell/cpg/0.50/900/n_solve_turbine	4619567317775286272	7.0
cell/cpg/0.50/900/pi_c	4617517151887045059	5.179086901258816
cell/cpg/0.50/900/tau_c	4610252156729323944	1.6816187457362535
cell/cpg/0.50/900/tau_t	4605740205924975101	0.8398822059717187
cell/cpg/0.50/900/pi_t	4601379591121935493	0.4278783551930661
cell/cpg/0.50/900/mdot_air	4602695202582099522	0.5018189238396149
cell/cpg/0.50/900/mdot_ratio	4602695202582099522	0.5018189238396149
cell/cpg/0.50/900/thrust	4641886884931971715	218.3602523397022
cell/cpg/0.50/900/V0	4639778685815524299	158.4416296305993
cell/cpg/0.50/900/V9	4647403177359497061	494.2854256959311
cell/cpg/0.50/900/M9	4607182418800017407	0.9999999999999999
cell/cpg/0.50/900/T9	4648992880001835330	657.2991177169972
cell/cpg/0.50/900/p9	4679229052375965312	65456.25214320142
cell/cpg/0.50/900/F_over_mdot	4646362636760531108	435.1375405872334
cell/cpg/0.50/900/tsfc	4540648107405536757	3.7427219007981414e-05
cell/cpg/0.50/900/eta_th	4594936256364161367	0.1601007125103233
cell/cpg/0.50/900/eta_p	4603739826300263096	0.6177954542370889
cell/cpg/0.50/900/s2/Tt	4643325565028270080	262.5
cell/cpg/0.50/900/s2/pt	4678139857026256349	57531.31294515331
cell/cpg/0.50/900/s3/Tt	4646473245522187915	441.42492075576655
cell/cpg/0.50/900/s3/pt	4688862520605765216	297959.6692864653
cell/cpg/0.50/900/s4/Tt	4651127699538968576	900.0
cell/cpg/0.50/900/s4/pt	4688657764280147241	286041.28251500666
cell/cpg/0.50/900/s5/Tt	4649860129629263423	755.8939853745468
cell/cpg/0.50/900/s5/pt	4683147049993371169	122390.87347983617
cell/cpg/0.50/900/s9/Tt	4649860129629263423	755.8939853745468
cell/cpg/0.50/900/s9/pt	4682978837257715242	119943.05601023944
cell/cpg/0.50/900/s4/far	4580351337864357148	0.016285988030152784
cell/cpg/0.50/1100/abort	0	0.0
cell/cpg/0.50/1100/branch	0	0.0
cell/cpg/0.50/1100/n_solve_turbine	4619567317775286272	7.0
cell/cpg/0.50/1100/pi_c	4619460075851763620	6.904750037840049
cell/cpg/0.50/1100/tau_c	4610953298089486292	1.8373034020501011
cell/cpg/0.50/1100/tau_t	4605740205924975101	0.8398822059717187
cell/cpg/0.50/1100/pi_t	4601379591121935493	0.4278783551930661
cell/cpg/0.50/1100/mdot_air	4603598540733857391	0.6021096053500069
cell/cpg/0.50/1100/mdot_ratio	4603598540733857391	0.6021096053500069
cell/cpg/0.50/1100/thrust	4644883761367340402	351.07320716915194
cell/cpg/0.50/1100/V0	4639778685815524299	158.4416296305993
cell/cpg/0.50/1100/V9	4648017868108225219	546.453098791499
cell/cpg/0.50/1100/M9	4607182418800017406	0.9999999999999998
cell/cpg/0.50/1100/T9	4650277694264691766	803.3655883207746
cell/cpg/0.50/1100/p9	4680733298504161683	87266.16642651548
cell/cpg/0.50/1100/F_over_mdot	4648339970717468108	583.0719258582044
cell/cpg/0.50/1100/tsfc	4540547797649313343	3.6747493660363184e-05
cell/cpg/0.50/1100/eta_th	4594666434208338233	0.1526116432616023
cell/cpg/0.50/1100/eta_p	4604120877338929354	0.66010061790555
cell/cpg/0.50/1100/s2/Tt	4643325565028270080	262.5
cell/cpg/0.50/1100/s2/pt	4678139857026256349	57531.31294515331
cell/cpg/0.50/1100/s3/Tt	4647192189299698135	482.29214303815155
cell/cpg/0.50/1100/s3/pt	4690568132279392864	397239.33523503505
cell/cpg/0.50/1100/s4/Tt	4652552666608566272	1100.0
cell/cpg/0.50/1100/s4/pt	4690295151486829783	381349.76182563364
cell/cpg/0.50/1100/s5/Tt	4651337666031548323	923.8704265688906
cell/cpg/0.50/1100/s5/pt	4684846536318962494	163171.3088432196
cell/cpg/0.50/1100/s9/Tt	4651337666031548323	923.8704265688906
cell/cpg/0.50/1100/s9/pt	4684734405849342151	159907.8826663552
cell/cpg/0.50/1100/s4/far	4581832969934264658	0.02142643189901012
cell/cpg/0.50/1500/abort	0	0.0
cell/cpg/0.50/1500/branch	0	0.0
cell/cpg/0.50/1500/n_solve_turbine	4619567317775286272	7.0
cell/cpg/0.50/1500/pi_c	4622727797266007849	11.614139359127494
cell/cpg/0.50/1500/tau_c	4612031547609255759	2.1534457813558343
cell/cpg/0.50/1500/tau_t	4605740205924975101	0.8398822059717187
cell/cpg/0.50/1500/pi_t	4601379591121935493	0.4278783551930661
cell/cpg/0.50/1500/mdot_air	4605908065437514725	0.8585183555441033
cell/cpg/0.50/1500/mdot_ratio	4605908065437514725	0.8585183555441033
cell/cpg/0.50/1500/thrust	4649509131799147076	715.9901520214703
cell/cpg/0.50/1500/V0	4639778685815524299	158.4416296305993
cell/cpg/0.50/1500/V9	4648824176417173227	638.1197406644618
cell/cpg/0.50/1500/M9	4607182418800017409	1.0000000000000002
cell/cpg/0.50/1500/T9	4652532868932063501	1095.4985295283288
cell/cpg/0.50/1500/p9	4684283545271322701	146786.11284405217
cell/cpg/0.50/1500/F_over_mdot	4650547012356696949	833.9835105420631
cell/cpg/0.50/1500/tsfc	4540763343835062793	3.820809142824142e-05
cell/cpg/0.50/1500/eta_th	4594386396950617891	0.14483904797975197
cell/cpg/0.50/1500/eta_p	4604200458786616156	0.668935933461039
cell/cpg/0.50/1500/s2/Tt	4643325565028270080	262.5
cell/cpg/0.50/1500/s2/pt	4678139857026256349	57531.31294515331
cell/cpg/0.50/1500/s3/Tt	4648183467039391795	565.2795176059066
cell/cpg/0.50/1500/s3/pt	4693986806121828909	668176.6860585861
cell/cpg/0.50/1500/s4/Tt	4654311885213007872	1500.0
cell/cpg/0.50/1500/s4/pt	4693757222360663206	641449.6186162427
cell/cpg/0.50/1500/s5/Tt	4653255576954920245	1259.823308957578
cell/cpg/0.50/1500/s5/pt	4688458840726433536	274462.4077527374
cell/cpg/0.50/1500/s9/Tt	4653255576954920245	1259.823308957578
cell/cpg/0.50/1500/s9/pt	4688364536161211182	268973.15959768265
cell/cpg/0.50/1500/s4/far	4584753039718154461	0.03186491822043689
cell/cpg/0.85/400/abort	4607182418800017408	1.0
cell/cpg/0.85/500/abort	0	0.0
cell/cpg/0.85/500/branch	4607182418800017408	1.0
cell/cpg/0.85/500/n_solve_turbine	4619567317775286272	7.0
cell/cpg/0.85/500/pi_c	4612766504364167119	2.4798321459183863
cell/cpg/0.85/500/tau_c	4608698595972532942	1.3366589612675628
cell/cpg/0.85/500/tau_t	4605770043656554644	0.8431948596319381
cell/cpg/0.85/500/pi_t	4601530257231730810	0.43624200439933924
cell/cpg/0.85/500/mdot_air	4601606455355658423	0.4404718499802231
cell/cpg/0.85/500/mdot_ratio	4601606455355658423	0.4404718499802231
cell/cpg/0.85/500/thrust	4627722430151815506	24.97277929225067
cell/cpg/0.85/500/V0	4643446085055202208	269.3507703720188
cell/cpg/0.85/500/V9	4644411309589154908	324.21743285022035
cell/cpg/0.85/500/M9	4605953948797180036	0.8636124317788618
cell/cpg/0.85/500/T9	4645378174776172277	379.17735565778213
cell/cpg/0.85/500/p9	4677104761256804352	50000.0
cell/cpg/0.85/500/F_over_mdot	4633176001983846024	56.6955170764532
cell/cpg/0.85/500/tsfc	4546969738545170726	9.949335945650238e-05
cell/cpg/0.85/500/eta_th	4589612975533288774	0.06867499444290556
cell/cpg/0.85/500/eta_p	4606471272105595720	0.9210468565966972
cell/cpg/0.85/500/s2/Tt	4643741180423569407	286.12499999999994
cell/cpg/0.85/500/s2/pt	4680081772134739219	77785.20992963416
cell/cpg/0.85/500/s3/Tt	4645435774929374122	382.4515452926813
cell/cpg/0.85/500/s3/pt	4685867809283752608	192894.26406051684
cell/cpg/0.85/500/s4/Tt	4647503709213818880	500.0
cell/cpg/0.85/500/s4/pt	4685602697425920317	185178.49349809616
cell/cpg/0.85/500/s5/Tt	4646124436612781025	421.59742981596906
cell/cpg/0.85/500/s5/pt	4680287753766612813	80782.63717525937
cell/cpg/0.85/500/s9/Tt	4646124436612781025	421.59742981596906
cell/cpg/0.85/500/s9/pt	4680176726955492054	79166.98443175419
cell/cpg/0.85/500/s4/far	4573153453436162739	0.005640827460059827
cell/cpg/0.85/600/abort	0	0.0
cell/cpg/0.85/600/branch	0	0.0
cell/cpg/0.85/600/n_solve_turbine	4619567317775286272	7.0
cell/cpg/0.85/600/pi_c	4613854806524915833	2.9631353925633985
cell/cpg/0.85/600/tau_c	4609044817658202032	1.4135356186784342
cell/cpg/0.85/600/tau_t	4605740205924975101	0.8398822059717187
cell/cpg/0.85/600/pi_t	4601379591121935493	0.4278783551930661
cell/cpg/0.85/600/mdot_air	4602305665103720967	0.47928578804729266
cell/cpg/0.85/600/mdot_ratio	4602305665103720967	0.47928578804729266
cell/cpg/0.85/600/thrust	4634470073827320459	67.78090111155522
cell/cpg/0.85/600/V0	4643446085055202208	269.3507703720188
cell/cpg/0.85/600/V9	4645807512154437851	403.5823600831333
cell/cpg/0.85/600/M9	4607182418800017407	0.9999999999999999
cell/cpg/0.85/600/T9	4646416501768749486	438.1994118113315
cell/cpg/0.85/600/p9	4677191896564023109	50633.99280202253
cell/cpg/0.85/600/F_over_mdot	4639179812852591765	141.4206362924057
cell/cpg/0.85/600/tsfc	4543580838063705011	5.7300174951111815e-05
cell/cpg/0.85/600/eta_th	4593928315146298930	0.13212472382183332
cell/cpg/0.85/600/eta_p	4605662501408257835	0.8312552716140308
cell/cpg/0.85/600/s2/Tt	4643741180423569407	286.12499999999994
cell/cpg/0.85/600/s2/pt	4680081772134739219	77785.20992963416
cell/cpg/0.85/600/s3/Tt	4645822738522390014	404.4478788943669
cell/cpg/0.85/600/s3/pt	4687159523945018374	230488.1085604729
cell/cpg/0.85/600/s4/Tt	4648488871632306176	600.0
cell/cpg/0.85/600/s4/pt	4686842743500735453	221268.584218054
cell/cpg/0.85/600/s5/Tt	4647572834605320276	503.9293235830312
cell/cpg/0.85/600/s5/pt	4681242500992515886	94676.0378711193
cell/cpg/0.85/600/s9/Tt	4647572834605320276	503.9293235830312
cell/cpg/0.85/600/s9/pt	4681112379236877065	92782.51711369691
cell/cpg/0.85/600/s4/far	4575824929521723424	0.0081034272012524
cell/cpg/0.85/650/abort	0	0.0
cell/cpg/0.85/650/branch	0	0.0
cell/cpg/0.85/650/n_solve_turbine	4619567317775286272	7.0
cell/cpg/0.85/650/pi_c	4614397570978298563	3.2041712298008362
cell/cpg/0.85/650/tau_c	4609202540142499225	1.448557045391999
cell/cpg/0.85/650/tau_t	4605740205924975101	0.8398822059717187
cell/cpg/0.85/650/pi_t	4601379591121935493	0.4278783551930661
cell/cpg/0.85/650/mdot_air	4602630522842814800	0.4973190151307749
cell/cpg/0.85/650/mdot_ratio	4602630522842814800	0.4973190151307749
cell/cpg/0.85/650/thrust	4636103088412386088	90.98743412772876
cell/cpg/0.85/650/V0	4643446085055202208	269.3507703720188
cell/cpg/0.85/650/V9	4646097422204392764	420.0618384846782
cell/cpg/0.85/650/M9	4607182418800017407	0.9999999999999999
cell/cpg/0.85/650/T9	4647058908900177704	474.71602946227586
cell/cpg/0.85/650/p9	4677757982203206593	54752.80791871949
cell/cpg/0.85/650/F_over_mdot	4640641204044224992	182.95587210515714
cell/cpg/0.85/650/tsfc	4542677792946117494	5.118090321148173e-05
cell/cpg/0.85/650/eta_th	4593912602277905722	0.1316886041150072
cell/cpg/0.85/650/eta_p	4606585453617407382	0.9337235509366788
cell/cpg/0.85/650/s2/Tt	4643741180423569407	286.12499999999994
cell/cpg/0.85/650/s2/pt	4680081772134739219	77785.20992963416
cell/cpg/0.85/650/s3/Tt	4645999021123247570	414.4683846127856
cell/cpg/0.85/650/s3/pt	4687803735476828658	249237.13176055212
cell/cpg/0.85/650/s4/Tt	4648928676283416576	650.0
cell/cpg/0.85/650/s4/pt	4687461186571273325	239267.64649013002
cell/cpg/0.85/650/s5/Tt	4648013209126407299	545.9234338816171
cell/cpg/0.85/650/s5/pt	4681771737800120475	102377.44703111278
cell/cpg/0.85/650/s9/Tt	4648013209126407299	545.9234338816171
cell/cpg/0.85/650/s9/pt	4681631031308329562	100329.89809049052
cell/cpg/0.85/650/s4/far	4576551511941566533	0.009363846782186278
cell/cpg/0.85/900/abort	0	0.0
cell/cpg/0.85/900/branch	0	0.0
cell/cpg/0.85/900/n_solve_turbine	4619567317775286272	7.0
cell/cpg/0.85/900/pi_c	4616905756215380263	4.636058459788081
cell/cpg/0.85/900/tau_c	4609997105735589627	1.6249860485967804
cell/cpg/0.85/900/tau_t	4605740205924975101	0.8398822059717187
cell/cpg/0.85/900/pi_t	4601379591121935493	0.4278783551930661
cell/cpg/0.85/900/mdot_air	4603648780492600336	0.60768733904081
cell/cpg/0.85/900/mdot_ratio	4603648780492600336	0.60768733904081
cell/cpg/0.85/900/thrust	4642225146915942545	227.97423615947312
cell/cpg/0.85/900/V0	4643446085055202208	269.3507703720188
cell/cpg/0.85/900/V9	4647403177359497061	494.2854256959311
cell/cpg/0.85/900/M9	4607182418800017407	0.9999999999999999
cell/cpg/0.85/900/T9	4648992880001835330	657.2991177169972
cell/cpg/0.85/900/p9	4680180429641035975	79220.86559790662
cell/cpg/0.85/900/F_over_mdot	4645307334366061354	375.1505445535755
cell/cpg/0.85/900/tsfc	4541306092788145608	4.18859013910328e-05
cell/cpg/0.85/900/eta_th	4593871780970814098	0.13055558523929683
cell/cpg/0.85/900/eta_p	4607861696212785011	1.1508298847524798
cell/cpg/0.85/900/s2/Tt	4643741180423569407	286.12499999999994
cell/cpg/0.85/900/s2/pt	4680081772134739219	77785.20992963416
cell/cpg/0.85/900/s3/Tt	4646887087843259255	464.9491331547537
cell/cpg/0.85/900/s3/pt	4689938961580559827	360616.7805406723
cell/cpg/0.85/900/s4/Tt	4651127699538968576	900.0
cell/cpg/0.85/900/s4/pt	4689691147615950067	346192.1093190454
cell/cpg/0.85/900/s5/Tt	4649860129629263423	755.8939853745468
cell/cpg/0.85/900/s5/pt	4684329655953357978	148128.11031625123
cell/cpg/0.85/900/s9/Tt	4649860129629263423	755.8939853745468
cell/cpg/0.85/900/s9/pt	4684227863091049725	145165.5481099262
cell/cpg/0.85/900/s4/far	4580186334818593007	0.015713518715963323
cell/cpg/0.85/1100/abort	0	0.0
cell/cpg/0.85/1100/branch	0	0.0
cell/cpg/0.85/1100/n_solve_turbine	4619567317775286272	7.0
cell/cpg/0.85/1100/pi_c	4618542520699355520	6.0897973525865154
cell/cpg/0.85/1100/tau_c	4610639992350631751	1.7677355530453995
cell/cpg/0.85/1100/tau_t	4605740205924975101	0.8398822059717187
cell/cpg/0.85/1100/pi_t	4601379591121935493	0.4278783551930661
cell/cpg/0.85/1100/mdot_air	4604646014727589497	0.718402579903752
cell/cpg/0.85/1100/mdot_ratio	4604646014727589497	0.718402579903752
cell/cpg/0.85/1100/thrust	4645171192657833752	367.411784408368
cell/cpg/0.85/1100/V0	4643446085055202208	269.3507703720188
cell/cpg/0.85/1100/V9	4648017868108225219	546.453098791499
cell/cpg/0.85/1100/M9	4607182418800017406	0.9999999999999998
cell/cpg/0.85/1100/T9	4650277694264691766	803.3655883207746
cell/cpg/0.85/1100/p9	4681887521664710942	104062.32401344596
cell/cpg/0.85/1100/F_over_mdot	4647704767158258062	511.4288209510495
cell/cpg/0.85/1100/tsfc	4541141447694260768	4.0770222838038906e-05
cell/cpg/0.85/1100/eta_th	4593856948361741564	0.13014389763660705
cell/cpg/0.85/1100/eta_p	4608020369605714036	1.1860624555975194
cell/cpg/0.85/1100/s2/Tt	4643741180423569407	286.12499999999994
cell/cpg/0.85/1100/s2/pt	4680081772134739219	77785.20992963416
cell/cpg/0.85/1100/s3/Tt	4647605626642981629	505.79333511511487
cell/cpg/0.85/1100/s3/pt	4691881650621566063	473696.16549987247
cell/cpg/0.85/1100/s4/Tt	4652552666608566272	1100.0
cell/cpg/0.85/1100/s4/pt	4691556129095316054	454748.31887987757
cell/cpg/0.85/1100/s5/Tt	4651337666031548323	923.8704265688906
cell/cpg/0.85/1100/s5/pt	4685925626369071279	194576.96270913395
cell/cpg/0.85/1100/s9/Tt	4651337666031548323	923.8704265688906
cell/cpg/0.85/1100/s9/pt	4685791914098448760	190685.42345495126
cell/cpg/0.85/1100/s4/far	4581667132291836850	0.020851066995969787
cell/cpg/0.85/1500/abort	0	0.0
cell/cpg/0.85/1500/branch	0	0.0
cell/cpg/0.85/1500/n_solve_turbine	4607182418800017408	1.0
cell/cpg/0.85/1500/pi_c	4621819117588971577	10.000000000000101
cell/cpg/0.85/1500/tau_c	4611815746991539699	2.057611055549154
cell/cpg/0.85/1500/tau_t	4605740205924975101	0.8398822059717187
cell/cpg/0.85/1500/pi_t	4601379591121935493	0.4278783551930661
cell/cpg/0.85/1500/mdot_air	4607182418800017455	1.0000000000000104
cell/cpg/0.85/1500/mdot_ratio	4607182418800017455	1.0000000000000104
cell/cpg/0.85/1500/thrust	4649780385265186447	746.8281007965141
cell/cpg/0.85/1500/V0	4643446085055202208	269.3507703720188
cell/cpg/0.85/1500/V9	4648824176417173227	638.1197406644618
cell/cpg/0.85/1500/M9	4607182418800017409	1.0000000000000002
cell/cpg/0.85/1500/T9	4652532868932063501	1095.4985295283288
cell/cpg/0.85/1500/p9	4685111397417843452	170879.78135963518
cell/cpg/0.85/1500/F_over_mdot	4649780385265186378	746.8281007965063
cell/cpg/0.85/1500/tsfc	4541306508773566647	4.188872021789038e-05
cell/cpg/0.85/1500/eta_th	4593841819363922599	0.12972398359365409
cell/cpg/0.85/1500/eta_p	4607894570279413602	1.1581293938893045
cell/cpg/0.85/1500/s2/Tt	4643741180423569407	286.12499999999994
cell/cpg/0.85/1500/s2/pt	4680081772134739219	77785.20992963416
cell/cpg/0.85/1500/s3/Tt	4648389774525228701	588.7339632690015
cell/cpg/0.85/1500/s3/pt	4694928910747891867	777852.0992963495
cell/cpg/0.85/1500/s4/Tt	4654311885213007872	1500.0
cell/cpg/0.85/1500/s4/pt	4694661642801683646	746738.0153244955
cell/cpg/0.85/1500/s5/Tt	4653255576954920245	1259.823308957578
cell/cpg/0.85/1500/s5/pt	4689232804587847161	319513.03375717957
cell/cpg/0.85/1500/s9/Tt	4653255576954920245	1259.823308957578
cell/cpg/0.85/1500/s9/pt	4689123020745396534	313122.77308203594
cell/cpg/0.85/1500/s4/far	4584669273506512818	0.03128367336512329
cell/cpg/1.20/400/abort	4611686018427387904	2.0
cell/cpg/1.20/500/abort	0	0.0
cell/cpg/1.20/500/branch	0	0.0
cell/cpg/1.20/500/n_solve_turbine	4619567317775286272	7.0
cell/cpg/1.20/500/pi_c	4612360054992893523	2.2993323657854403
cell/cpg/1.20/500/tau_c	4608556891928327198	1.3051943427556192
cell/cpg/1.20/500/tau_t	4605740205924975101	0.8398822059717187
cell/cpg/1.20/500/pi_t	4601379591121935493	0.4278783551930661
cell/cpg/1.20/500/mdot_air	4603694796764223409	0.612796171467144
cell/cpg/1.20/500/mdot_ratio	4603694796764223409	0.612796171467144
cell/cpg/1.20/500/thrust	4626372943858872753	20.178440879959172
cell/cpg/1.20/500/V0	4645397219293151578	380.2599111134383
cell/cpg/1.20/500/V9	4645188904816244532	368.418604047841
cell/cpg/1.20/500/M9	4607182418800017404	0.9999999999999996
cell/cpg/1.20/500/T9	4645131687505893052	365.16617650944295
cell/cpg/1.20/500/p9	4678328016753544255	58900.355145596426
cell/cpg/1.20/500/F_over_mdot	4629831087594793092	32.928470867643256
cell/cpg/1.20/500/tsfc	4549433107439727894	0.0001436861540908072
cell/cpg/1.20/500/eta_th	13804881426831957906	-0.02030378840319675
cell/cpg/1.20/500/eta_p	13837412093606429548	-3.0454030193799806
cell/cpg/1.20/500/s2/Tt	4644372300097912831	321.99999999999994
cell/cpg/1.20/500/s2/pt	4682749546249576969	116606.43269718451
cell/cpg/1.20/500/s3/Tt	4646101129579614989	420.27257836730934
cell/cpg/1.20/500/s3/pt	4688349826502296395	268116.94475941797
cell/cpg/1.20/500/s4/Tt	4647503709213818880	500.0
cell/cpg/1.20/500/s4/pt	4688083943788948009	257392.26696904123
cell/cpg/1.20/500/s5/Tt	4646095298203035377	419.94110298585935
cell/cpg/1.20/500/s5/pt	4682304666468086982	110132.57983012786
cell/cpg/1.20/500/s9/Tt	4646095298203035377	419.94110298585935
cell/cpg/1.20/500/s9/pt	4682153301402936739	107929.9282335253
cell/cpg/1.20/500/s4/far	4572104914999239963	0.004731365339062844
cell/cpg/1.20/600/abort	0	0.0
cell/cpg/1.20/600/branch	0	0.0
cell/cpg/1.20/600/n_solve_turbine	4619567317775286272	7.0
cell/cpg/1.20/600/pi_c	4613181610908890838	2.6641764833683323
cell/cpg/1.20/600/tau_c	4608835905773079268	1.3671478616822066
cell/cpg/1.20/600/tau_t	4605740205924975101	0.8398822059717187
cell/cpg/1.20/600/pi_t	4601379591121935493	0.4278783551930661
cell/cpg/1.20/600/mdot_air	4603998841174035055	0.6465518818952897
cell/cpg/1.20/600/mdot_ratio	4603998841174035055	0.6465518818952897
cell/cpg/1.20/600/thrust	4634698124976189158	71.02170285576321
cell/cpg/1.20/600/V0	4645397219293151578	380.2599111134383
cell/cpg/1.20/600/V9	4645807512154437851	403.5823600831333
cell/cpg/1.20/600/M9	4607182418800017407	0.9999999999999999
cell/cpg/1.20/600/T9	4646416501768749486	438.1994118113315
cell/cpg/1.20/600/p9	4679426263672263354	68246.30635220828
cell/cpg/1.20/600/F_over_mdot	4637430203484964196	109.84687361449102
cell/cpg/1.20/600/tsfc	4544492145608765345	6.59157139041842e-05
cell/cpg/1.20/600/eta_th	4584685758481831522	0.03139806085986831
cell/cpg/1.20/600/eta_p	4616519329747209071	4.292842809957491
cell/cpg/1.20/600/s2/Tt	4644372300097912831	321.99999999999994
cell/cpg/1.20/600/s2/pt	4682749546249576969	116606.43269718451
cell/cpg/1.20/600/s3/Tt	4646452076681217201	440.2216114616704
cell/cpg/1.20/600/s3/pt	4689080712615468657	310660.11580131116
cell/cpg/1.20/600/s4/Tt	4648488871632306176	600.0
cell/cpg/1.20/600/s4/pt	4688867228609462544	298233.7111692587
cell/cpg/1.20/600/s5/Tt	4647572834605320276	503.9293235830312
cell/cpg/1.20/600/s5/pt	4683505551004167369	127607.7497982263
cell/cpg/1.20/600/s9/Tt	4647572834605320276	503.9293235830312
cell/cpg/1.20/600/s9/pt	4683330168248295518	125055.59480226177
cell/cpg/1.20/600/s4/far	4574997906061076005	0.007240635094441871
cell/cpg/1.20/650/abort	0	0.0
cell/cpg/1.20/650/branch	0	0.0
cell/cpg/1.20/650/n_solve_turbine	4619567317775286272	7.0
cell/cpg/1.20/650/pi_c	4613627178291746659	2.8620481503557342
cell/cpg/1.20/650/tau_c	4608975935966932893	1.3982408107540103
cell/cpg/1.20/650/tau_t	4605740205924975101	0.8398822059717187
cell/cpg/1.20/650/pi_t	4601379591121935493	0.4278783551930661
cell/cpg/1.20/650/mdot_air	4604178427511440849	0.6664899705648911
cell/cpg/1.20/650/mdot_ratio	4604178427511440849	0.6664899705648911
cell/cpg/1.20/650/thrust	4636594878757379855	97.97619527077426
cell/cpg/1.20/650/V0	4645397219293151578	380.2599111134383
cell/cpg/1.20/650/V9	4646097422204392764	420.0618384846782
cell/cpg/1.20/650/M9	4607182418800017407	0.9999999999999999
cell/cpg/1.20/650/T9	4647058908900177704	474.71602946227586
cell/cpg/1.20/650/p9	4679774584639199705	73315.04353532883
cell/cpg/1.20/650/F_over_mdot	4639376233795556324	147.00325525939036
cell/cpg/1.20/650/tsfc	4543657799380208066	5.7821685117049045e-05
cell/cpg/1.20/650/eta_th	4586767278319154568	0.04584150616993116
cell/cpg/1.20/650/eta_p	4614730158766339649	3.3518698777977822
cell/cpg/1.20/650/s2/Tt	4644372300097912831	321.99999999999994
cell/cpg/1.20/650/s2/pt	4682749546249576969	116606.43269718451
cell/cpg/1.20/650/s3/Tt	4646628208409423714	450.23354106279123
cell/cpg/1.20/650/s3/pt	4689477105613523451	333733.22502055735
cell/cpg/1.20/650/s4/Tt	4648928676283416576	650.0
cell/cpg/1.20/650/s4/pt	4689247765887595146	320383.896019735
cell/cpg/1.20/650/s5/Tt	4648013209126407299	545.9234338816171
cell/cpg/1.20/650/s5/pt	4683950229064055652	137085.33445927047
cell/cpg/1.20/650/s9/Tt	4648013209126407299	545.9234338816171
cell/cpg/1.20/650/s9/pt	4683856024739533446	134343.62777008506
cell/cpg/1.20/650/s4/far	4576053524304136200	0.008499975936789653
cell/cpg/1.20/900/abort	0	0.0
cell/cpg/1.20/900/branch	0	0.0
cell/cpg/1.20/900/n_solve_turbine	4619567317775286272	7.0
cell/cpg/1.20/900/pi_c	4616214055597278662	4.021704897897001
cell/cpg/1.20/900/tau_c	4609681372319433015	1.554879146944655
cell/cpg/1.20/900/tau_t	4605740205924975101	0.8398822059717187
cell/cpg/1.20/900/pi_t	4601379591121935493	0.4278783551930661
cell/cpg/1.20/900/mdot_air	4605299296281894770	0.7909314022190144
cell/cpg/1.20/900/mdot_ratio	4605299296281894770	0.7909314022190144
cell/cpg/1.20/900/thrust	4643107788298387881	253.06041306258456
cell/cpg/1.20/900/V0	4645397219293151578	380.2599111134383
cell/cpg/1.20/900/V9	4647403177359497061	494.2854256959311
cell/cpg/1.20/900/M9	4607182418800017407	0.9999999999999999
cell/cpg/1.20/900/T9	4648992880001835330	657.2991177169972
cell/cpg/1.20/900/p9	4681815972199974404	103021.14226796484
cell/cpg/1.20/900/F_over_mdot	4644336278619962651	319.9524160408925
cell/cpg/1.20/900/tsfc	4541971528033293790	4.639506600627082e-05
cell/cpg/1.20/900/eta_th	4590525093549957069	0.08133317473391273
cell/cpg/1.20/900/eta_p	4612484263843732619	2.3544921762109587
cell/cpg/1.20/900/s2/Tt	4644372300097912831	321.99999999999994
cell/cpg/1.20/900/s2/pt	4682749546249576969	116606.43269718451
cell/cpg/1.20/900/s3/Tt	4647515515071552773	500.6710853161788
cell/cpg/1.20/900/s3/pt	4691800226562929617	468956.66150456393
cell/cpg/1.20/900/s4/Tt	4651127699538968576	900.0
cell/cpg/1.20/900/s4/pt	4691477961999025066	450198.3950443814
cell/cpg/1.20/900/s5/Tt	4649860129629263423	755.8939853745468
cell/cpg/1.20/900/s5/pt	4685858734351888865	192630.14878214806
cell/cpg/1.20/900/s9/Tt	4649860129629263423	755.8939853745468
cell/cpg/1.20/900/s9/pt	4685726359921609994	188777.54580650508
cell/cpg/1.20/900/s4/far	4579710728240181970	0.014844213461083031
cell/cpg/1.20/1100/abort	0	0.0
cell/cpg/1.20/1100/branch	0	0.0
cell/cpg/1.20/1100/n_solve_turbine	4619567317775286272	7.0
cell/cpg/1.20/1100/pi_c	4617517120313144270	5.179058858001509
cell/cpg/1.20/1100/tau_c	4610252144062798531	1.6816159332026224
cell/cpg/1.20/1100/tau_t	4605740205924975101	0.8398822059717187
cell/cpg/1.20/1100/pi_t	4601379591121935493	0.4278783551930661
cell/cpg/1.20/1100/mdot_air	4606431852777747172	0.9166704320574266
cell/cpg/1.20/1100/mdot_ratio	4606431852777747172	0.9166704320574266
cell/cpg/1.20/1100/thrust	4645872021328772822	407.24928210022097
cell/cpg/1.20/1100/V0	4645397219293151578	380.2599111134383
cell/cpg/1.20/1100/V9	4648017868108225219	546.453098791499
cell/cpg/1.20/1100/M9	4607182418800017406	0.9999999999999998
cell/cpg/1.20/1100/T9	4650277694264691766	803.3655883207746
cell/cpg/1.20/1100/p9	4683798459271193944	132668.25213936972
cell/cpg/1.20/1100/F_over_mdot	4646523298782224988	444.27011918140283
cell/cpg/1.20/1100/tsfc	4541760739601060379	4.4966708030256586e-05
cell/cpg/1.20/1100/eta_th	4591405514363080719	0.09355146796002621
cell/cpg/1.20/1100/eta_p	4611938232691920771	2.1120056334493156
cell/cpg/1.20/1100/s2/Tt	4644372300097912831	321.99999999999994
cell/cpg/1.20/1100/s2/pt	4682749546249576969	116606.43269718451
cell/cpg/1.20/1100/s3/Tt	4647974127175678292	541.4803304912443
cell/cpg/1.20/1100/s3/pt	4693434773048434897	603911.5781603103
cell/cpg/1.20/1100/s4/Tt	4652552666608566272	1100.0
cell/cpg/1.20/1100/s4/pt	4693227270610204954	579755.1150338978
cell/cpg/1.20/1100/s5/Tt	4651337666031548323	923.8704265688906
cell/cpg/1.20/1100/s5/pt	4687763449826909685	248064.665035471
cell/cpg/1.20/1100/s9/Tt	4651337666031548323	923.8704265688906
cell/cpg/1.20/1100/s9/pt	4687592981087130398	243103.37173476157
cell/cpg/1.20/1100/s4/far	4581415304760742773	0.019977364735797438
cell/cpg/1.20/1500/abort	0	0.0
cell/cpg/1.20/1500/branch	0	0.0
cell/cpg/1.20/1500/n_solve_turbine	4619567317775286272	7.0
cell/cpg/1.20/1500/pi_c	4620823773452432723	8.231913635502371
cell/cpg/1.20/1500/tau_c	4611411186586708488	1.93897507251552
cell/cpg/1.20/1500/tau_t	4605740205924975101	0.8398822059717187
cell/cpg/1.20/1500/pi_t	4601379591121935493	0.4278783551930661
cell/cpg/1.20/1500/mdot_air	4608241164070144395	1.2350886752215924
cell/cpg/1.20/1500/mdot_ratio	4608241164070144395	1.2350886752215924
cell/cpg/1.20/1500/thrust	4650415278586434841	819.0071147798182
cell/cpg/1.20/1500/V0	4645397219293151578	380.2599111134383
cell/cpg/1.20/1500/V9	4648824176417173227	638.1197406644618
cell/cpg/1.20/1500/M9	4607182418800017409	1.0000000000000002
cell/cpg/1.20/1500/T9	4652532868932063501	1095.4985295283288
cell/cpg/1.20/1500/p9	4686485487040771123	210871.05277767926
cell/cpg/1.20/1500/F_over_mdot	4649044046215682207	663.1160427674366
cell/cpg/1.20/1500/tsfc	4541890461067074174	4.584573487569509e-05
cell/cpg/1.20/1500/eta_th	4592278477537092718	0.10566626565300094
cell/cpg/1.20/1500/eta_p	4610938461667203828	1.8340090545258905
cell/cpg/1.20/1500/s2/Tt	4644372300097912831	321.99999999999994
cell/cpg/1.20/1500/s2/pt	4682749546249576969	116606.43269718451
cell/cpg/1.20/1500/s3/Tt	4648703056262981038	624.3499733499973
cell/cpg/1.20/1500/s3/pt	4696492639483543350	959894.0833072427
cell/cpg/1.20/1500/s4/Tt	4654311885213007872	1500.0
cell/cpg/1.20/1500/s4/pt	4696162822387909069	921498.319974953
cell/cpg/1.20/1500/s5/Tt	4653255576954920245	1259.823308957578
cell/cpg/1.20/1500/s5/pt	4690517449092254245	394289.1854640565
cell/cpg/1.20/1500/s9/Tt	4653255576954920245	1259.823308957578
cell/cpg/1.20/1500/s9/pt	4690381972359715477	386403.4017547754
cell/cpg/1.20/1500/s4/far	4584419725262652759	0.030401042288535986
cell/cpg/1.60/400/abort	4611686018427387904	2.0
cell/cpg/1.60/500/abort	4611686018427387904	2.0
cell/cpg/1.60/600/abort	0	0.0
cell/cpg/1.60/600/branch	0	0.0
cell/cpg/1.60/600/n_solve_turbine	4619567317775286272	7.0
cell/cpg/1.60/600/pi_c	4612450407374838083	2.339456883691271
cell/cpg/1.60/600/tau_c	4608589061377649661	1.3123373954210813
cell/cpg/1.60/600/tau_t	4605740205924975101	0.8398822059717187
cell/cpg/1.60/600/pi_t	4601379591121935493	0.4278783551930661
cell/cpg/1.60/600/mdot_air	4606887215183665385	0.9672258148173373
cell/cpg/1.60/600/mdot_ratio	4606887215183665385	0.9672258148173373
cell/cpg/1.60/600/thrust	4633103712045331855	56.18186616965533
cell/cpg/1.60/600/V0	4647627086993665144	507.01321481791774
cell/cpg/1.60/600/V9	4645807512154437851	403.5823600831333
cell/cpg/1.60/600/M9	4607182418800017407	0.9999999999999999
cell/cpg/1.60/600/T9	4646416501768749486	438.1994118113315
cell/cpg/1.60/600/p9	4681742933816780541	101958.29390731077
cell/cpg/1.60/600/F_over_mdot	4633371635035312156	58.08557351239162
cell/cpg/1.60/600/tsfc	4547115454875067773	0.00010146818397451479
cell/cpg/1.60/600/eta_th	13819197449507802095	-0.18477975712002556
cell/cpg/1.60/600/eta_p	13827238157006140926	-0.6318168883732935
cell/cpg/1.60/600/s2/Tt	4645357462516400128	378.0
cell/cpg/1.60/600/s2/pt	4686056548495755892	198387.29808719794
cell/cpg/1.60/600/s3/Tt	4647434458197435252	496.06353546916876
cell/cpg/1.60/600/s3/pt	4691717108099111786	464118.5301470073
cell/cpg/1.60/600/s4/Tt	4648488871632306176	600.0
cell/cpg/1.60/600/s4/pt	4691398168273759948	445553.788941127
cell/cpg/1.60/600/s5/Tt	4647572834605320276	503.9293235830312
cell/cpg/1.60/600/s5/pt	4685790450336046531	190642.82236216785
cell/cpg/1.60/600/s9/Tt	4647572834605320276	503.9293235830312
cell/cpg/1.60/600/s9/pt	4685659441586084507	186829.96591492448
cell/cpg/1.60/600/s4/far	4573445154335890589	0.005893837659420556
cell/cpg/1.60/650/abort	0	0.0
cell/cpg/1.60/650/branch	0	0.0
cell/cpg/1.60/650/n_solve_turbine	4619567317775286272	7.0
cell/cpg/1.60/650/pi_c	4612794811401148984	2.4924029956048592
cell/cpg/1.60/650/tau_c	4608708186859759666	1.3387885660327012
cell/cpg/1.60/650/tau_t	4605740205924975101	0.8398822059717187
cell/cpg/1.60/650/pi_t	4601379591121935493	0.4278783551930661
cell/cpg/1.60/650/mdot_air	4607081516292666599	0.9887975713096723
cell/cpg/1.60/650/mdot_ratio	4607081516292666599	0.9887975713096723
cell/cpg/1.60/650/thrust	4636080179004303834	90.66187185786058
cell/cpg/1.60/650/V0	4647627086993665144	507.01321481791774
cell/cpg/1.60/650/V9	4646097422204392764	420.0618384846782
cell/cpg/1.60/650/M9	4607182418800017407	0.9999999999999999
cell/cpg/1.60/650/T9	4647058908900177704	474.71602946227586
cell/cpg/1.60/650/p9	4682200997434978438	108623.99684852557
cell/cpg/1.60/650/F_over_mdot	4636152457528943640	91.689011470546
cell/cpg/1.60/650/tsfc	4545383608738432235	7.799729217762882e-05
cell/cpg/1.60/650/eta_th	13817210071465877994	-0.12961893560056065
cell/cpg/1.60/650/eta_p	13831327858626179286	-1.1717299572292652
cell/cpg/1.60/650/s2/Tt	4645357462516400128	378.0
cell/cpg/1.60/650/s2/pt	4686056548495755892	198387.29808719794
cell/cpg/1.60/650/s3/Tt	4647610354417113306	506.0620779603611
cell/cpg/1.60/650/s3/pt	4692238389411903015	494461.0960424863
cell/cpg/1.60/650/s4/Tt	4648928676283416576	650.0
cell/cpg/1.60/650/s4/pt	4691898598334039528	474682.65220078686
cell/cpg/1.60/650/s5/Tt	4648013209126407299	545.9234338816171
cell/cpg/1.60/650/s5/pt	4686218696718209718	203106.43246235483
cell/cpg/1.60/650/s9/Tt	4648013209126407299	545.9234338816171
cell/cpg/1.60/650/s9/pt	4686079123040604430	199044.30381310772
cell/cpg/1.60/650/s4/far	4574895134087870835	0.007151494617146137
cell/cpg/1.60/900/abort	0	0.0
cell/cpg/1.60/900/branch	0	0.0
cell/cpg/1.60/900/n_solve_turbine	4619567317775286272	7.0
cell/cpg/1.60/900/pi_c	4614778759713536931	3.373453034036588
cell/cpg/1.60/900/tau_c	4609308310613621947	1.4720428078651782
cell/cpg/1.60/900/tau_t	4605740205924975101	0.8398822059717187
cell/cpg/1.60/900/pi_t	4601379591121935493	0.4278783551930661
cell/cpg/1.60/900/mdot_air	4607769026891818686	1.1302531619898413
cell/cpg/1.60/900/mdot_ratio	4607769026891818686	1.1302531619898413
cell/cpg/1.60/900/thrust	4643643434886044401	280.5688094686912
cell/cpg/1.60/900/V0	4647627086993665144	507.01321481791774
cell/cpg/1.60/900/V9	4647403177359497061	494.2854256959311
cell/cpg/1.60/900/M9	4607182418800017407	0.9999999999999999
cell/cpg/1.60/900/T9	4648992880001835330	657.2991177169972
cell/cpg/1.60/900/p9	4684291648617560685	147021.95125909467
cell/cpg/1.60/900/F_over_mdot	4642938022113481898	248.23536788407847
cell/cpg/1.60/900/tsfc	4543142887156598359	5.433250417031788e-05
cell/cpg/1.60/900/eta_th	13799243733643373388	-0.008184555477006271
cell/cpg/1.60/900/eta_p	13851563514323072143	-26.63917010951678
cell/cpg/1.60/900/s2/Tt	4645357462516400128	378.0
cell/cpg/1.60/900/s2/pt	4686056548495755892	198387.29808719794
cell/cpg/1.60/900/s3/Tt	4648105645046888726	556.4321813730373
cell/cpg/1.60/900/s3/pt	4693996027816801231	669250.2326465788
cell/cpg/1.60/900/s4/Tt	4651127699538968576	900.0
cell/cpg/1.60/900/s4/pt	4693766075187836635	642480.2233407156
cell/cpg/1.60/900/s5/Tt	4649860129629263423	755.8939853745468
cell/cpg/1.60/900/s5/pt	4688466416592693086	274903.38120709907
cell/cpg/1.60/900/s9/Tt	4649860129629263423	755.8939853745468
cell/cpg/1.60/900/s9/pt	4688371960510145541	269405.3135829571
cell/cpg/1.60/900/s4/far	4578928491578781599	0.013487249160782087
cell/cpg/1.60/1100/abort	0	0.0
cell/cpg/1.60/1100/branch	0	0.0
cell/cpg/1.60/1100/n_solve_turbine	4619567317775286272	7.0
cell/cpg/1.60/1100/pi_c	4616452492073212378	4.233479030290676
cell/cpg/1.60/1100/tau_c	4609793873457120256	1.579859417616035
cell/cpg/1.60/1100/tau_t	4605740205924975101	0.8398822059717187
cell/cpg/1.60/1100/pi_t	4601379591121935493	0.4278783551930661
cell/cpg/1.60/1100/mdot_air	4608427815190305036	1.2765335494564765
cell/cpg/1.60/1100/mdot_ratio	4608427815190305036	1.2765335494564765
cell/cpg/1.60/1100/thrust	4646831449267812220	461.78644630579925
cell/cpg/1.60/1100/V0	4647627086993665144	507.01321481791774
cell/cpg/1.60/1100/V9	4648017868108225219	546.453098791499
cell/cpg/1.60/1100/M9	4607182418800017406	0.9999999999999998
cell/cpg/1.60/1100/T9	4650277694264691766	803.3655883207746
cell/cpg/1.60/1100/p9	4685579509468220859	184503.63510857322
cell/cpg/1.60/1100/F_over_mdot	4645071595485112655	361.75034060203046
cell/cpg/1.60/1100/tsfc	4542718109111891450	5.1454096177221785e-05
cell/cpg/1.60/1100/eta_th	4584178811620723183	0.029565205187859375
cell/cpg/1.60/1100/eta_p	4620453491521058487	7.7870803970997065
cell/cpg/1.60/1100/s2/Tt	4645357462516400128	378.0
cell/cpg/1.60/1100/s2/pt	4686056548495755892	198387.29808719794
cell/cpg/1.60/1100/s3/Tt	4648464126989940212	597.1868598588612
cell/cpg/1.60/1100/s3/pt	4695461627284328739	839868.466328178
cell/cpg/1.60/1100/s4/Tt	4652552666608566272	1100.0
cell/cpg/1.60/1100/s4/pt	4695173050676663043	806273.7276750508
cell/cpg/1.60/1100/s5/Tt	4651337666031548323	923.8704265688906
cell/cpg/1.60/1100/s5/pt	4689670445308605095	344987.07643298287
cell/cpg/1.60/1100/s9/Tt	4651337666031548323	923.8704265688906
cell/cpg/1.60/1100/s9/pt	4689551908651739310	338087.3349043232
cell/cpg/1.60/1100/s4/far	4581022208126839821	0.018613536817479615
cell/cpg/1.60/1500/abort	0	0.0
cell/cpg/1.60/1500/branch	0	0.0
cell/cpg/1.60/1500/n_solve_turbine	4619567317775286272	7.0
cell/cpg/1.60/1500/pi_c	4618942057368389594	6.444657199901451
cell/cpg/1.60/1500/tau_c	4610779885799509060	1.7987981386329617
cell/cpg/1.60/1500/tau_t	4605740205924975101	0.8398822059717187
cell/cpg/1.60/1500/pi_t	4601379591121935493	0.4278783551930661
cell/cpg/1.60/1500/mdot_air	4610097545905669417	1.6472882464807503
cell/cpg/1.60/1500/mdot_ratio	4610097545905669417	1.6472882464807503
cell/cpg/1.60/1500/thrust	4651395239034871631	930.4157192548536
cell/cpg/1.60/1500/V0	4647627086993665144	507.01321481791774
cell/cpg/1.60/1500/V9	4648824176417173227	638.1197406644618
cell/cpg/1.60/1500/M9	4607182418800017409	1.0000000000000002
cell/cpg/1.60/1500/T9	4652532868932063500	1095.4985295283286
cell/cpg/1.60/1500/p9	4688568944338903840	280871.2814927567
cell/cpg/1.60/1500/F_over_mdot	4648179395027067464	564.8165834015899
cell/cpg/1.60/1500/tsfc	4542707958449047101	5.1385312610296715e-05
cell/cpg/1.60/1500/eta_th	4589361711438247856	0.06518800464820518
cell/cpg/1.60/1500/eta_p	4615145820032108072	3.536460560878158
cell/cpg/1.60/1500/s2/Tt	4645357462516400128	378.0
cell/cpg/1.60/1500/s2/pt	4686056548495755892	198387.29808719794
cell/cpg/1.60/1500/s3/Tt	4649192081414594446	679.9456964032595
cell/cpg/1.60/1500/s3/pt	4698242091170743547	1278538.1289866555
cell/cpg/1.60/1500/s4/Tt	4654311885213007872	1500.0
cell/cpg/1.60/1500/s4/pt	4698022439992716078	1227396.6038271892
cell/cpg/1.60/1500/s5/Tt	4653255576954920244	1259.8233089575779
cell/cpg/1.60/1500/s5/pt	4692758443361675739	525176.4400151329
cell/cpg/1.60/1500/s9/Tt	4653255576954920244	1259.8233089575779
cell/cpg/1.60/1500/s9/pt	4692585625752535070	514672.91121483024
cell/cpg/1.60/1500/s4/far	4584022611370425713	0.029023276705570426
cell/cpg/2.00/400/abort	4617315517961601024	5.0
cell/cpg/2.00/500/abort	4611686018427387904	2.0
cell/cpg/2.00/600/abort	4611686018427387904	2.0
cell/cpg/2.00/650/abort	0	0.0
cell/cpg/2.00/650/branch	0	0.0
cell/cpg/2.00/650/n_solve_turbine	4619567317775286272	7.0
cell/cpg/2.00/650/pi_c	4612099603569622490	2.183668699020683
cell/cpg/2.00/650/tau_c	4608461857681160297	1.2840925008890969
cell/cpg/2.00/650/tau_t	4605740205924975101	0.8398822059717187
cell/cpg/2.00/650/pi_t	4601379591121935493	0.4278783551930661
cell/cpg/2.00/650/mdot_air	4609594059649626974	1.535491839672623
cell/cpg/2.00/650/mdot_ratio	4609594059649626974	1.535491839672623
cell/cpg/2.00/650/thrust	4628032628337139637	26.074824628390804
cell/cpg/2.00/650/V0	4648785885070265291	633.7665185223972
cell/cpg/2.00/650/V9	4646097422204392764	420.0618384846782
cell/cpg/2.00/650/M9	4607182418800017407	0.9999999999999999
cell/cpg/2.00/650/T9	4647058908900177704	474.71602946227586
cell/cpg/2.00/650/p9	4685025867069816299	168390.5206117475
cell/cpg/2.00/650/F_over_mdot	4625473061159887496	16.981415305958336
cell/cpg/2.00/650/tsfc	4554520853517143315	0.0003190389506910345
cell/cpg/2.00/650/eta_th	13825754594196196957	-0.4835541646827773
cell/cpg/2.00/650/eta_p	13814952799257383999	-0.09598352306632395
cell/cpg/2.00/650/s2/Tt	4646624099911598079	449.99999999999994
cell/cpg/2.00/650/s2/pt	4689774164814501835	351024.3462623327
cell/cpg/2.00/650/s3/Tt	4648293964508104468	577.8416254000936
cell/cpg/2.00/650/s3/pt	4694831576294047889	766520.8775272538
cell/cpg/2.00/650/s4/Tt	4648928676283416576	650.0
cell/cpg/2.00/650/s4/pt	4694568201725993427	735860.0424261637
cell/cpg/2.00/650/s5/Tt	4648013209126407299	545.9234338816171
cell/cpg/2.00/650/s5/pt	4689152841760299562	314858.58460560685
cell/cpg/2.00/650/s9/Tt	4648013209126407299	545.9234338816171
cell/cpg/2.00/650/s9/pt	4689044657174399887	308561.4129134947
cell/cpg/2.00/650/s4/far	4572896242943899603	0.005417732920461621
cell/cpg/2.00/900/abort	0	0.0
cell/cpg/2.00/900/branch	0	0.0
cell/cpg/2.00/900/n_solve_turbine	4619567317775286272	7.0
cell/cpg/2.00/900/pi_c	4613591861515926916	2.8463643512874928
cell/cpg/2.00/900/tau_c	4608965093844275767	1.39583337591206
cell/cpg/2.00/900/tau_t	4605740205924975101	0.8398822059717187
cell/cpg/2.00/900/pi_t	4601379591121935493	0.4278783551930661
cell/cpg/2.00/900/mdot_air	4610291243104587427	1.690297664489585
cell/cpg/2.00/900/mdot_ratio	4610291243104587427	1.690297664489585
cell/cpg/2.00/900/thrust	4643565810191926545	276.1563564670078
cell/cpg/2.00/900/V0	4648785885070265291	633.7665185223972
cell/cpg/2.00/900/V9	4647403177359497061	494.2854256959311
cell/cpg/2.00/900/M9	4607182418800017407	0.9999999999999999
cell/cpg/2.00/900/T9	4648992880001835330	657.2991177169972
cell/cpg/2.00/900/p9	4686781747183786858	219493.3577510969
cell/cpg/2.00/900/F_over_mdot	4639952346106874736	163.37735197096072
cell/cpg/2.00/900/tsfc	4544931788159339200	7.187398150979973e-05
cell/cpg/2.00/900/eta_th	13818076935756167350	-0.15367925295817536
cell/cpg/2.00/900/eta_p	13832088372840507692	-1.3405980354896867
cell/cpg/2.00/900/s2/Tt	4646624099911598079	449.99999999999994
cell/cpg/2.00/900/s2/pt	4689774164814501835	351024.3462623327
cell/cpg/2.00/900/s3/Tt	4648736261917092674	628.125019160427
cell/cpg/2.00/900/s3/pt	4696829786705334366	999143.1856351008
cell/cpg/2.00/900/s4/Tt	4651127699538968576	900.0
cell/cpg/2.00/900/s4/pt	4696486483720828444	959177.4582096967
cell/cpg/2.00/900/s5/Tt	4649860129629263423	755.8939853745468
cell/cpg/2.00/900/s5/pt	4690794424449792520	410411.2731570308
cell/cpg/2.00/900/s9/Tt	4649860129629263423	755.8939853745468
cell/cpg/2.00/900/s9/pt	4690653408210102986	402203.04769389017
cell/cpg/2.00/900/s4/far	4577922758728409693	0.011742580774680872
cell/cpg/2.00/1100/abort	0	0.0
cell/cpg/2.00/1100/branch	0	0.0
cell/cpg/2.00/1100/n_solve_turbine	4619567317775286272	7.0
cell/cpg/2.00/1100/pi_c	4615016100036185209	3.4788533103870205
cell/cpg/2.00/1100/tau_c	4609372264499896242	1.4862434232763744
cell/cpg/2.00/1100/tau_t	4605740205924975101	0.8398822059717187
cell/cpg/2.00/1100/pi_t	4601379591121935493	0.4278783551930661
cell/cpg/2.00/1100/mdot_air	4611052229020960332	1.8592704816441197
cell/cpg/2.00/1100/mdot_ratio	4611052229020960332	1.8592704816441197
cell/cpg/2.00/1100/thrust	4647528130334977221	501.3881800190541
cell/cpg/2.00/1100/V0	4648785885070265291	633.7665185223972
cell/cpg/2.00/1100/V9	4648017868108225219	546.453098791499
cell/cpg/2.00/1100/M9	4607182418800017406	0.9999999999999998
cell/cpg/2.00/1100/T9	4650277694264691766	803.3655883207746
cell/cpg/2.00/1100/p9	4688352401829056766	268266.848506227
cell/cpg/2.00/1100/F_over_mdot	4643451688789141992	269.6693057675425
cell/cpg/2.00/1100/tsfc	4544241673372904877	6.252118212584394e-05
cell/cpg/2.00/1100/eta_th	13812930156515580680	-0.06791371628456144
cell/cpg/2.00/1100/eta_p	13838407365740858438	-3.4873926351442917
cell/cpg/2.00/1100/s2/Tt	4646624099911598079	449.99999999999994
cell/cpg/2.00/1100/s2/pt	4689774164814501835	351024.3462623327
cell/cpg/2.00/1100/s3/Tt	4649094126751134107	668.8095404743684
cell/cpg/2.00/1100/s3/pt	4697995663470913812	1221162.2090211557
cell/cpg/2.00/1100/s4/Tt	4652552666608566272	1100.0
cell/cpg/2.00/1100/s4/pt	4697785869400879533	1172315.7206603095
cell/cpg/2.00/1100/s5/Tt	4651337666031548323	923.8704265688906
cell/cpg/2.00/1100/s5/pt	4692361181260406365	501608.5223231072
cell/cpg/2.00/1100/s9/Tt	4651337666031548323	923.8704265688906
cell/cpg/2.00/1100/s9/pt	4692188829884504554	491576.351876645
cell/cpg/2.00/1100/s4/far	4580516798168964599	0.01686004377964242
cell/cpg/2.00/1500/abort	0	0.0
cell/cpg/2.00/1500/branch	0	0.0
cell/cpg/2.00/1500/n_solve_turbine	4620693217682128896	8.0
cell/cpg/2.00/1500/pi_c	4617385937944076496	5.062545508750375
cell/cpg/2.00/1500/tau_c	4610199089075285582	1.6698353594610071
cell/cpg/2.00/1500/tau_t	4605740205924975101	0.8398822059717187
cell/cpg/2.00/1500/pi_t	4601379591121935493	0.4278783551930661
cell/cpg/2.00/1500/mdot_air	4612347059752282894	2.2935613196508546
cell/cpg/2.00/1500/mdot_ratio	4612347059752282894	2.2935613196508546
cell/cpg/2.00/1500/thrust	4652369046889142661	1058.2497095107985
cell/cpg/2.00/1500/V0	4648785885070265291	633.7665185223972
cell/cpg/2.00/1500/V9	4648824176417173227	638.1197406644618
cell/cpg/2.00/1500/M9	4607182418800017409	1.0000000000000002
cell/cpg/2.00/1500/T9	4652532868932063501	1095.4985295283288
cell/cpg/2.00/1500/p9	4690450479301154746	390391.0305722911
cell/cpg/2.00/1500/F_over_mdot	4646824654795138246	461.4002252496542
cell/cpg/2.00/1500/tsfc	4543841043433572370	5.906339512175297e-05
cell/cpg/2.00/1500/eta_th	4574870895997184250	0.0071304714246827
cell/cpg/2.00/1500/eta_p	4630145147457096044	35.160000405175055
cell/cpg/2.00/1500/s2/Tt	4646624099911598079	449.99999999999994
cell/cpg/2.00/1500/s2/pt	4689774164814501835	351024.3462623327
cell/cpg/2.00/1500/s3/Tt	4649820828038097394	751.4259117574532
cell/cpg/2.00/1500/s3/pt	4700383298147720728	1777076.727632409
cell/cpg/2.00/1500/s4/Tt	4654311885213007872	1500.0
cell/cpg/2.00/1500/s4/pt	4700077998690614172	1705993.6585271126
cell/cpg/2.00/1500/s5/Tt	4653255576954920245	1259.823308957578
cell/cpg/2.00/1500/s5/pt	4694517501510994613	729957.760580382
cell/cpg/2.00/1500/s9/Tt	4653255576954920245	1259.823308957578
cell/cpg/2.00/1500/s9/pt	4694392095722628447	715358.6053687743
cell/cpg/2.00/1500/s4/far	4583512036366133801	0.027251863813186148
cell/tpg/0.30/400/abort	4613937818241073152	3.0
cell/tpg/0.30/500/abort	4607182418800017408	1.0
cell/tpg/0.30/600/abort	4607182418800017408	1.0
cell/tpg/0.30/650/abort	4607182418800017408	1.0
cell/tpg/0.30/900/abort	0	0.0
cell/tpg/0.30/900/branch	0	0.0
cell/tpg/0.30/900/n_solve_turbine	4619567317775286272	7.0
cell/tpg/0.30/900/pi_c	4617768484560580469	5.402315158058504
cell/tpg/0.30/900/tau_c	4610339700956984489	1.7010574691806062
cell/tpg/0.30/900/tau_t	4605622997537484447	0.8268694609245876
cell/tpg/0.30/900/pi_t	4601315705158282831	0.42433197180318855
cell/tpg/0.30/900/mdot_air	4602208239615061483	0.47387758701253685
cell/tpg/0.30/900/mdot_ratio	4602208239615061483	0.47387758701253685
cell/tpg/0.30/900/thrust	4641999723554607051	221.56731888477074
cell/tpg/0.30/900/V0	4636400701446642247	95.21676971889347
cell/tpg/0.30/900/V9	4647435620403286829	496.12959922319243
cell/tpg/0.30/900/M9	4607182418800016898	0.9999999999999434
cell/tpg/0.30/900/T9	4648786689088448032	633.8579248070637
cell/tpg/0.30/900/p9	4678438254991519934	59702.44389256973
cell/tpg/0.30/900/F_over_mdot	4646933060065748384	467.56235145366554
cell/tpg/0.30/900/tsfc	4538626385191891646	2.712253726587748e-05
cell/tpg/0.30/900/eta_th	4597140232141442467	0.22127332885166337
cell/tpg/0.30/900/eta_p	4600349368387950359	0.37068950520493743
cell/tpg/0.30/900/s2/Tt	4643159780477212197	254.53811966178287
cell/tpg/0.30/900/s2/pt	4677329147359971333	51632.62377585474
cell/tpg/0.30/900/s3/Tt	4646324750739800297	432.98396964186264
cell/tpg/0.30/900/s3/pt	4688535691406424692	278935.706074632
cell/tpg/0.30/900/s4/Tt	4651127699538968576	900.0
cell/tpg/0.30/900/s4/pt	4688344008248780338	267778.27783164673
cell/tpg/0.30/900/s5/Tt	4649757114444945463	744.1825148321285
cell/tpg/0.30/900/s5/pt	4682544793266065107	113626.8846383647
cell/tpg/0.30/900/s9/Tt	4649757114444945463	744.1825148321285
cell/tpg/0.30/900/s9/pt	4682388625664955302	111354.34694559741
cell/tpg/0.30/900/s4/far	4578463995726550732	0.012681477301423348
cell/tpg/0.30/1100/abort	0	0.0
cell/tpg/0.30/1100/branch	0	0.0
cell/tpg/0.30/1100/n_solve_turbine	4619567317775286272	7.0
cell/tpg/0.30/1100/pi_c	4619833742975949613	7.236633113693455
cell/tpg/0.30/1100/tau_c	4611047537429308453	1.8582287390293086
cell/tpg/0.30/1100/tau_t	4605684308384888132	0.8336763323692726
cell/tpg/0.30/1100/pi_t	4601348491708468926	0.4261519909489201
cell/tpg/0.30/1100/mdot_air	4603299105186921332	0.568865581490043
cell/tpg/0.30/1100/mdot_ratio	4603299105186921332	0.568865581490043
cell/tpg/0.30/1100/thrust	4644944078502731836	354.5018393606913
cell/tpg/0.30/1100/V0	4636400701446642247	95.21676971889347
cell/tpg/0.30/1100/V9	4648042963486674132	549.3061130087831
cell/tpg/0.30/1100/M9	4607182418800017618	1.0000000000000466
cell/tpg/0.30/1100/T9	4650134257369605617	787.0587013058231
cell/tpg/0.30/1100/p9	4680286562922217415	80765.30810856736
cell/tpg/0.30/1100/F_over_mdot	4648692706098974801	623.1732959342281
cell/tpg/0.30/1100/tsfc	4538944876548769004	2.820162795664088e-05
cell/tpg/0.30/1100/eta_th	4596304288111386553	0.19807122111501288
cell/tpg/0.30/1100/eta_p	4600846156966066684	0.3982668110947143
cell/tpg/0.30/1100/s2/Tt	4643159780477212197	254.53811966178287
cell/tpg/0.30/1100/s2/pt	4677329147359971333	51632.62377585474
cell/tpg/0.30/1100/s3/Tt	4647028545133133779	472.99004913400603
cell/tpg/0.30/1100/s3/pt	4690162807964662499	373646.3549632264
cell/tpg/0.30/1100/s4/Tt	4652552666608566272	1100.0
cell/tpg/0.30/1100/s4/pt	4689906040144688632	358700.5007646973
cell/tpg/0.30/1100/s5/Tt	4651277619845908026	917.0439656062001
cell/tpg/0.30/1100/s5/pt	4684492274487473666	152860.93256227678
cell/tpg/0.30/1100/s9/Tt	4651277619845908026	917.0439656062001
cell/tpg/0.30/1100/s9/pt	4684387229254483099	149803.71391103123
cell/tpg/0.30/1100/s4/far	4580722726570436782	0.017574501444450767
cell/tpg/0.30/1500/abort	0	0.0
cell/tpg/0.30/1500/branch	0	0.0
cell/tpg/0.30/1500/n_solve_turbine	4619567317775286272	7.0
cell/tpg/0.30/1500/pi_c	4623092723414519005	12.262378418911277
cell/tpg/0.30/1500/tau_c	4612076412573120278	2.17336982770838
cell/tpg/0.30/1500/tau_t	4605762360027404901	0.8423418054324655
cell/tpg/0.30/1500/pi_t	4601396903998859342	0.42883941292223404
cell/tpg/0.30/1500/mdot_air	4605494259537052954	0.8125766717022629
cell/tpg/0.30/1500/mdot_ratio	4605494259537052954	0.8125766717022629
cell/tpg/0.30/1500/thrust	4649552874963011396	720.9631739931433
cell/tpg/0.30/1500/V0	4636400701446642247	95.21676971889347
cell/tpg/0.30/1500/V9	4648856401916701137	641.7833557997893
cell/tpg/0.30/1500/M9	4607182418800016357	0.9999999999998833
cell/tpg/0.30/1500/T9	4652536144110130622	1096.2432188031812
cell/tpg/0.30/1500/p9	4684014207841668927	138947.3619557563
cell/tpg/0.30/1500/F_over_mdot	4651015598303584225	887.2555650444666
cell/tpg/0.30/1500/tsfc	4539789081273486943	3.160623151679249e-05
cell/tpg/0.30/1500/eta_th	4595387340745001985	0.1726208191517742
cell/tpg/0.30/1500/eta_p	4601017156913250042	0.4077592150233468
cell/tpg/0.30/1500/s2/Tt	4643159780477212197	254.53811966178287
cell/tpg/0.30/1500/s2/pt	4677329147359971333	51632.62377585474
cell/tpg/0.30/1500/s3/Tt	4648077262587114495	553.205469274544
cell/tpg/0.30/1500/s3/pt	4693685832727537498	633138.7715008066
cell/tpg/0.30/1500/s4/Tt	4654311885213007872	1500.0
cell/tpg/0.30/1500/s4/pt	4693468287902143451	607813.2206407742
cell/tpg/0.30/1500/s5/Tt	4653271803104198716	1263.5127081573146
cell/tpg/0.30/1500/s5/pt	4688196025177745535	260654.26470595968
cell/tpg/0.30/1500/s9/Tt	4653271803104198716	1263.5127081573146
cell/tpg/0.30/1500/s9/pt	4688016904930949531	255441.17941184048
cell/tpg/0.30/1500/s4/far	4583740009585244826	0.028042804803357947
cell/tpg/0.50/400/abort	4613937818241073152	3.0
cell/tpg/0.50/500/abort	0	0.0
cell/tpg/0.50/500/branch	4607182418800017408	1.0
cell/tpg/0.50/500/n_solve_turbine	4619567317775286272	7.0
cell/tpg/0.50/500/pi_c	4612139824745646934	2.2015304893006187
cell/tpg/0.50/500/tau_c	4608478705214103971	1.2878334046855364
cell/tpg/0.50/500/tau_t	4605886386068135670	0.8561114620397052
cell/tpg/0.50/500/pi_t	4602907468534949928	0.5253851786594668
cell/tpg/0.50/500/mdot_air	4598973821545343597	0.29433131639931426
cell/tpg/0.50/500/mdot_ratio	4598973821545343597	0.29433131639931426
cell/tpg/0.50/500/thrust	4626819742377569918	21.765788089002392
cell/tpg/0.50/500/V0	4639787586989050683	158.69461619815579
cell/tpg/0.50/500/V9	4642355678346661241	231.6841625548948
cell/tpg/0.50/500/M9	4603406522588253541	0.5807913087104849
cell/tpg/0.50/500/T9	4645788652510560986	402.510313446675
cell/tpg/0.50/500/p9	4677104761256804352	50000.0
cell/tpg/0.50/500/F_over_mdot	4634904182518451148	73.94995665181995
cell/tpg/0.50/500/tsfc	4543397238462467428	5.605605566030394e-05
cell/tpg/0.50/500/eta_th	4590495792233139718	0.08092653727663199
cell/tpg/0.50/500/eta_p	4605537200689819252	0.8173440973527719
cell/tpg/0.50/500/s2/Tt	4643327343480941738	262.6010933301392
cell/tpg/0.50/500/s2/pt	4678142939019462431	57553.73739708796
cell/tpg/0.50/500/s3/Tt	4644657055315348523	338.18646009749745
cell/tpg/0.50/500/s3/pt	4683443604371632107	126706.30765289038
cell/tpg/0.50/500/s4/Tt	4647503709213818880	500.0
cell/tpg/0.50/500/s4/pt	4683095316725189816	121638.05534677475
cell/tpg/0.50/500/s5/Tt	4646238052249090629	428.0557310198531
cell/tpg/0.50/500/s5/pt	4679016101616050911	63906.831440156086
cell/tpg/0.50/500/s9/Tt	4646238052249090629	428.0557310198531
cell/tpg/0.50/500/s9/pt	4678840435855393980	62628.694811352965
cell/tpg/0.50/500/s4/far	4571429277111096001	0.004145342886151483
cell/tpg/0.50/600/abort	0	0.0
cell/tpg/0.50/600/branch	4607182418800017408	1.0
cell/tpg/0.50/600/n_solve_turbine	4619567317775286272	7.0
cell/tpg/0.50/600/pi_c	4614001300508394919	3.028191789934414
cell/tpg/0.50/600/tau_c	4609087334997693253	1.4229763645282258
cell/tpg/0.50/600/tau_t	4605622726744401721	0.8268393968530524
cell/tpg/0.50/600/pi_t	4601738124358397830	0.4477809479037592
cell/tpg/0.50/600/mdot_air	4600301495724257683	0.36803203853085015
cell/tpg/0.50/600/mdot_ratio	4600301495724257683	0.36803203853085015
cell/tpg/0.50/600/thrust	4633774671598357383	60.949320533566656
cell/tpg/0.50/600/V0	4639787586989050683	158.69461619815579
cell/tpg/0.50/600/V9	4644379445155576023	322.4061495055334
cell/tpg/0.50/600/M9	4605092983474949517	0.7680260793644479
cell/tpg/0.50/600/T9	4646574506507405926	447.18094135277204
cell/tpg/0.50/600/p9	4677104761256804352	50000.0
cell/tpg/0.50/600/F_over_mdot	4640030855936092351	165.6087355244144
cell/tpg/0.50/600/tsfc	4540368511937443553	3.5532606420957955e-05
cell/tpg/0.50/600/eta_th	4594845305978966980	0.1575763322167899
cell/tpg/0.50/600/eta_p	4604139940644238186	0.6622170699534824
cell/tpg/0.50/600/s2/Tt	4643327343480941738	262.6010933301392
cell/tpg/0.50/600/s2/pt	4678142939019462431	57553.73739708796
cell/tpg/0.50/600/s3/Tt	4645281378934894740	373.6751491080588
cell/tpg/0.50/600/s3/pt	4685228357063802366	174283.755065903
cell/tpg/0.50/600/s4/Tt	4648488871632306176	600.0
cell/tpg/0.50/600/s4/pt	4684988823294768085	167312.4048632669
cell/tpg/0.50/600/s5/Tt	4647435163690585848	496.1036381118315
cell/tpg/0.50/600/s5/pt	4679884828801925099	74919.30724573105
cell/tpg/0.50/600/s9/Tt	4647435163690585848	496.1036381118315
cell/tpg/0.50/600/s9/pt	4679781860490098094	73420.92110081643
cell/tpg/0.50/600/s4/far	4573434400298964019	0.005884510019261535
cell/tpg/0.50/650/abort	0	0.0
cell/tpg/0.50/650/branch	4607182418800017408	1.0
cell/tpg/0.50/650/n_solve_turbine	4619567317775286272	7.0
cell/tpg/0.50/650/pi_c	4614875364449306862	3.4163541548124305
cell/tpg/0.50/650/tau_c	4609331609139016717	1.4772161197317957
cell/tpg/0.50/650/tau_t	4605574213659763112	0.8214533624969151
cell/tpg/0.50/650/pi_t	4601451909246938198	0.43189281756685227
cell/tpg/0.50/650/mdot_air	4600841603424617392	0.39801403876668484
cell/tpg/0.50/650/mdot_ratio	4600841603424617392	0.39801403876668484
cell/tpg/0.50/650/thrust	4635617656467845485	84.08903128974426
cell/tpg/0.50/650/V0	4639787586989050683	158.69461619815579
cell/tpg/0.50/650/V9	4645171762894251898	367.4441985959344
cell/tpg/0.50/650/M9	4605865769251987958	0.8538225356415399
cell/tpg/0.50/650/T9	4646990011401212663	470.79966007014394
cell/tpg/0.50/650/p9	4677104761256804352	50000.0
cell/tpg/0.50/650/F_over_mdot	4641637472365587473	211.27152084963794
cell/tpg/0.50/650/tsfc	4539918977203550302	3.248644057661573e-05
cell/tpg/0.50/650/eta_th	4595960177617822824	0.1885202362907734
cell/tpg/0.50/650/eta_p	4603628377646789487	0.6054221681221018
cell/tpg/0.50/650/s2/Tt	4643327343480941738	262.6010933301392
cell/tpg/0.50/650/s2/pt	4678142939019462431	57553.73739708796
cell/tpg/0.50/650/s3/Tt	4645531951812175297	387.91856812647535
cell/tpg/0.50/650/s3/pt	4685995960312757288	196623.949881525
cell/tpg/0.50/650/s4/Tt	4648928676283416576	650.0
cell/tpg/0.50/650/s4/pt	4685725722413764810	188758.991886264
cell/tpg/0.50/650/s5/Tt	4647907842942434843	533.9446856229946
cell/tpg/0.50/650/s5/pt	4680338675975816818	81523.65284683721
cell/tpg/0.50/650/s9/Tt	4647907842942434843	533.9446856229946
cell/tpg/0.50/650/s9/pt	4680226630720511979	79893.17978990047
cell/tpg/0.50/650/s4/far	4574563052446592587	0.006863459707612994
cell/tpg/0.50/900/abort	0	0.0
cell/tpg/0.50/900/branch	0	0.0
cell/tpg/0.50/900/n_solve_turbine	4619567317775286272	7.0
cell/tpg/0.50/900/pi_c	4617522410477918753	5.183757468190863
cell/tpg/0.50/900/tau_c	4610239299890261347	1.6787639539860144
cell/tpg/0.50/900/tau_t	4605622997537484447	0.8268694609245876
cell/tpg/0.50/900/pi_t	4601315705158282831	0.42433197180318855
cell/tpg/0.50/900/mdot_air	4602741400656129271	0.5069479403877314
cell/tpg/0.50/900/mdot_ratio	4602741400656129271	0.5069479403877314
cell/tpg/0.50/900/thrust	4641770465353286623	215.05140890230447
cell/tpg/0.50/900/V0	4639787586989050683	158.69461619815579
cell/tpg/0.50/900/V9	4647435620403286829	496.12959922319243
cell/tpg/0.50/900/M9	4607182418800016897	0.9999999999999433
cell/tpg/0.50/900/T9	4648786689088448034	633.8579248070639
cell/tpg/0.50/900/p9	4679009206182673890	63856.660559173455
cell/tpg/0.50/900/F_over_mdot	4646170363533339062	424.2080729982366
cell/tpg/0.50/900/tsfc	4539309709478392879	2.9437730003179806e-05
cell/tpg/0.50/900/eta_th	4596719071680032986	0.20958377781869936
cell/tpg/0.50/900/eta_p	4603588321566886511	0.6009750499036509
cell/tpg/0.50/900/s2/Tt	4643327343480941738	262.6010933301392
cell/tpg/0.50/900/s2/pt	4678142939019462431	57553.73739708796
cell/tpg/0.50/900/s3/Tt	4646463047842185044	440.84524975995487
cell/tpg/0.50/900/s3/pt	4688869133940882006	298344.6160544505
cell/tpg/0.50/900/s4/Tt	4651127699538968576	900.0
cell/tpg/0.50/900/s4/pt	4688664113081859359	286410.83141227247
cell/tpg/0.50/900/s5/Tt	4649757114444945464	744.1825148321286
cell/tpg/0.50/900/s5/pt	4683088116126081713	121533.27283896018
cell/tpg/0.50/900/s9/Tt	4649757114444945464	744.1825148321286
cell/tpg/0.50/900/s9/pt	4682921082067771576	119102.60738218098
cell/tpg/0.50/900/s4/far	4578352303813680891	0.012487722718091279
cell/tpg/0.50/1100/abort	0	0.0
cell/tpg/0.50/1100/branch	0	0.0
cell/tpg/0.50/1100/n_solve_turbine	4619567317775286272	7.0
cell/tpg/0.50/1100/pi_c	4619462641538304126	6.907028825257042
cell/tpg/0.50/1100/tau_c	4610924445022934517	1.8308967342867366
cell/tpg/0.50/1100/tau_t	4605684308384888132	0.8336763323692726
cell/tpg/0.50/1100/pi_t	4601348491708468926	0.4261519909489201
cell/tpg/0.50/1100/mdot_air	4603627605350402332	0.6053364259990164
cell/tpg/0.50/1100/mdot_ratio	4603627605350402332	0.6053364259990164
cell/tpg/0.50/1100/thrust	4644832171885549897	348.14068464692224
cell/tpg/0.50/1100/V0	4639787586989050683	158.69461619815579
cell/tpg/0.50/1100/V9	4648042963486674126	549.3061130087824
cell/tpg/0.50/1100/M9	4607182418800017616	1.0000000000000462
cell/tpg/0.50/1100/T9	4650134257369605605	787.0587013058217
cell/tpg/0.50/1100/p9	4680641261548312861	85926.85244712648
cell/tpg/0.50/1100/F_over_mdot	4648270019015758575	575.1193380976018
cell/tpg/0.50/1100/tsfc	4539540443072595034	3.0219485828490322e-05
cell/tpg/0.50/1100/eta_th	4595992473738102405	0.18941663369928477
cell/tpg/0.50/1100/eta_p	4604009711021182574	0.6477586773530228
cell/tpg/0.50/1100/s2/Tt	4643327343480941738	262.6010933301392
cell/tpg/0.50/1100/s2/pt	4678142939019462431	57553.73739708796
cell/tpg/0.50/1100/s3/Tt	4647165859798942066	480.79548419827836
cell/tpg/0.50/1100/s3/pt	4690573045515270026	397525.3232029608
cell/tpg/0.50/1100/s4/Tt	4652552666608566272	1100.0
cell/tpg/0.50/1100/s4/pt	4690299868193271858	381624.3102748423
cell/tpg/0.50/1100/s5/Tt	4651277619845908012	917.0439656061985
cell/tpg/0.50/1100/s5/pt	4684827935701634025	162629.95963010125
cell/tpg/0.50/1100/s9/Tt	4651277619845908012	917.0439656061985
cell/tpg/0.50/1100/s9/pt	4684716177244360251	159377.3604374992
cell/tpg/0.50/1100/s4/far	4580666610780278951	0.017379810687331212
cell/tpg/0.50/1500/abort	0	0.0
cell/tpg/0.50/1500/branch	0	0.0
cell/tpg/0.50/1500/n_solve_turbine	4619567317775286272	7.0
cell/tpg/0.50/1500/pi_c	4622722483992561773	11.604701089501953
cell/tpg/0.50/1500/tau_c	4611992013358423326	2.135889047141645
cell/tpg/0.50/1500/tau_t	4605762360027404901	0.8423418054324655
cell/tpg/0.50/1500/pi_t	4601396903998859342	0.42883941292223404
cell/tpg/0.50/1500/mdot_air	4605897504107627871	0.8573458123829986
cell/tpg/0.50/1500/mdot_ratio	4605897504107627871	0.8573458123829986
cell/tpg/0.50/1500/thrust	4649493318140553039	714.192347183105
cell/tpg/0.50/1500/V0	4639787586989050683	158.69461619815579
cell/tpg/0.50/1500/V9	4648856401916701128	641.7833557997883
cell/tpg/0.50/1500/M9	4607182418800016339	0.9999999999998813
cell/tpg/0.50/1500/T9	4652536144110130626	1096.2432188031821
cell/tpg/0.50/1500/p9	4684276279696024174	146574.6567723932
cell/tpg/0.50/1500/F_over_mdot	4650538600207913674	833.0271599484488
cell/tpg/0.50/1500/tsfc	4540057870029155721	3.3427614972016016e-05
cell/tpg/0.50/1500/eta_th	4595186425339366195	0.1670442964183053
cell/tpg/0.50/1500/eta_p	4604156183040083396	0.6640203381377252
cell/tpg/0.50/1500/s2/Tt	4643327343480941738	262.6010933301392
cell/tpg/0.50/1500/s2/pt	4678142939019462431	57553.73739708796
cell/tpg/0.50/1500/s3/Tt	4648144828278012946	560.8867990112651
cell/tpg/0.50/1500/s3/pt	4693984377171951413	667893.9190768959
cell/tpg/0.50/1500/s4/Tt	4654311885213007872	1500.0
cell/tpg/0.50/1500/s4/pt	4693754890568780810	641178.1623138201
cell/tpg/0.50/1500/s5/Tt	4653271803104198721	1263.5127081573157
cell/tpg/0.50/1500/s5/pt	4688467431673821356	274962.46670521307
cell/tpg/0.50/1500/s9/Tt	4653271803104198721	1263.5127081573157
cell/tpg/0.50/1500/s9/pt	4688372955289651246	269463.2173711088
cell/tpg/0.50/1500/s4/far	4583683316503582793	0.02784611116398875
cell/tpg/0.85/400/abort	4613937818241073152	3.0
cell/tpg/0.85/500/abort	0	0.0
cell/tpg/0.85/500/branch	4607182418800017408	1.0
cell/tpg/0.85/500/n_solve_turbine	4619567317775286272	7.0
cell/tpg/0.85/500/pi_c	4612714401740716366	2.456693933039026
cell/tpg/0.85/500/tau_c	4608677065653574315	1.3318782701004845
cell/tpg/0.85/500/tau_t	4605542005186535383	0.8178775036403704
cell/tpg/0.85/500/pi_t	4601497860852208258	0.43444364407631764
cell/tpg/0.85/500/mdot_air	4601684091467573910	0.44478151992977055
cell/tpg/0.85/500/mdot_ratio	4601684091467573910	0.44478151992977055
cell/tpg/0.85/500/thrust	4626384114620477780	20.21812739751597
cell/tpg/0.85/500/V0	4643453651052699634	269.7808475368648
cell/tpg/0.85/500/V9	4644236177386419766	314.2623196941307
cell/tpg/0.85/500/M9	4605650199247780216	0.8298894574325422
cell/tpg/0.85/500/T9	4645070207234880792	361.67142771261706
cell/tpg/0.85/500/p9	4677104761256804352	50000.0
cell/tpg/0.85/500/F_over_mdot	4631594224444633352	45.45631167569269
cell/tpg/0.85/500/tsfc	4544663735793398569	6.824119454114083e-05
cell/tpg/0.85/500/eta_th	4591797559555392548	0.09899218795000359
cell/tpg/0.85/500/eta_p	4606579674855616537	0.9330819794972768
cell/tpg/0.85/500/s2/Tt	4643745586963694955	286.3754828060834
cell/tpg/0.85/500/s2/pt	4680086807681088516	77858.48677323764
cell/tpg/0.85/500/s3/Tt	4645417579988351020	381.41728263895743
cell/tpg/0.85/500/s3/pt	4685812153655483584	191274.47209141217
cell/tpg/0.85/500/s4/Tt	4647503709213818880	500.0
cell/tpg/0.85/500/s4/pt	4685549268022782054	183623.49320775567
cell/tpg/0.85/500/s5/Tt	4645901742794402842	408.9387518201853
cell/tpg/0.85/500/s5/pt	4680218444838390567	79774.05952720028
cell/tpg/0.85/500/s9/Tt	4645901742794402842	408.9387518201853
cell/tpg/0.85/500/s9/pt	4680108804205834253	78178.57833665628
cell/tpg/0.85/500/s4/far	4569299131418862535	0.0031019930081836763
cell/tpg/0.85/600/abort	0	0.0
cell/tpg/0.85/600/branch	4607182418800017408	1.0
cell/tpg/0.85/600/n_solve_turbine	4619567317775286272	7.0
cell/tpg/0.85/600/pi_c	4613849729158690519	2.9608805890082794
cell/tpg/0.85/600/tau_c	4609035837635873066	1.411541653168181
cell/tpg/0.85/600/tau_t	4605519959232712569	0.8154299110869793
cell/tpg/0.85/600/pi_t	4601277318863722692	0.42220110440065306
cell/tpg/0.85/600/mdot_air	4602447604166695263	0.48716498883768183
cell/tpg/0.85/600/mdot_ratio	4602447604166695263	0.48716498883768183
cell/tpg/0.85/600/thrust	4633986483347181393	62.45433352832209
cell/tpg/0.85/600/V0	4643453651052699634	269.7808475368648
cell/tpg/0.85/600/V9	4645673141460126033	395.94427042374906
cell/tpg/0.85/600/M9	4606981880730365899	0.9777358017759011
cell/tpg/0.85/600/T9	4646011668891443031	415.1873269979746
cell/tpg/0.85/600/p9	4677104761256804352	50000.0
cell/tpg/0.85/600/F_over_mdot	4638714637318542282	128.1995524295183
cell/tpg/0.85/600/tsfc	4541044454495626421	4.0112971358815924e-05
cell/tpg/0.85/600/eta_th	4596108377614343448	0.19263361250043753
cell/tpg/0.85/600/eta_p	4605522730010433363	0.8157375292091537
cell/tpg/0.85/600/s2/Tt	4643745586963694955	286.3754828060834
cell/tpg/0.85/600/s2/pt	4680086807681088516	77858.48677323764
cell/tpg/0.85/600/s3/Tt	4645818921783851413	404.230922426935
cell/tpg/0.85/600/s3/pt	4687160952403585919	230529.6821764372
cell/tpg/0.85/600/s4/Tt	4648488871632306176	600.0
cell/tpg/0.85/600/s4/pt	4686844114820960296	221308.4948893797
cell/tpg/0.85/600/s5/Tt	4647314733012757888	489.25794664836576
cell/tpg/0.85/600/s5/pt	4681157333721001429	93436.69095580962
cell/tpg/0.85/600/s9/Tt	4647314733012757888	489.25794664836576
cell/tpg/0.85/600/s9/pt	4681028915310792897	91567.95713669343
cell/tpg/0.85/600/s4/far	4572578880609838456	0.005142464974818288
cell/tpg/0.85/650/abort	0	0.0
cell/tpg/0.85/650/branch	0	0.0
cell/tpg/0.85/650/n_solve_turbine	4619567317775286272	7.0
cell/tpg/0.85/650/pi_c	4614396722225839127	3.203794307991767
cell/tpg/0.85/650/tau_c	4609192829511215319	1.4464008521049914
cell/tpg/0.85/650/tau_t	4605535583109589491	0.817164509871246
cell/tpg/0.85/650/pi_t	4601279906964151320	0.4223447728349483
cell/tpg/0.85/650/mdot_air	4602726133872667338	0.5052529869365909
cell/tpg/0.85/650/mdot_ratio	4602726133872667338	0.5052529869365909
cell/tpg/0.85/650/thrust	4635727296247513074	85.64710626960712
cell/tpg/0.85/650/V0	4643453651052699634	269.7808475368648
cell/tpg/0.85/650/V9	4646101676265642260	420.30365387014285
cell/tpg/0.85/650/M9	4607182418800017566	1.000000000000035
cell/tpg/0.85/650/T9	4646594604312003304	448.32336927768347
cell/tpg/0.85/650/p9	4677490487941488508	52806.531008421414
cell/tpg/0.85/650/F_over_mdot	4640168235941927662	169.51331013181283
cell/tpg/0.85/650/tsfc	4540542427752424807	3.67111058236596e-05
cell/tpg/0.85/650/eta_th	4596267907398615598	0.19706145349074816
cell/tpg/0.85/650/eta_p	4606023200988634336	0.8713009695246932
cell/tpg/0.85/650/s2/Tt	4643745586963694955	286.3754828060834
cell/tpg/0.85/650/s2/pt	4680086807681088516	77858.48677323764
cell/tpg/0.85/650/s3/Tt	4645994541409233327	414.21374235269735
cell/tpg/0.85/650/s3/pt	4687810794513016501	249442.57675295105
cell/tpg/0.85/650/s4/Tt	4648928676283416576	650.0
cell/tpg/0.85/650/s4/pt	4687467963246013654	239464.873682833
cell/tpg/0.85/650/s5/Tt	4647883321597109793	531.1569314163099
cell/tpg/0.85/650/s5/pt	4681686476902560519	101136.73767752583
cell/tpg/0.85/650/s9/Tt	4647883321597109793	531.1569314163099
cell/tpg/0.85/650/s9/pt	4681547475628720805	99114.0029239753
cell/tpg/0.85/650/s4/far	4573824676965180992	0.006223021066767809
cell/tpg/0.85/900/abort	0	0.0
cell/tpg/0.85/900/branch	0	0.0
cell/tpg/0.85/900/n_solve_turbine	4619567317775286272	7.0
cell/tpg/0.85/900/pi_c	4616911031142739391	4.640743536433944
cell/tpg/0.85/900/tau_c	4609975882990848957	1.6202736526254136
cell/tpg/0.85/900/tau_t	4605622997537484447	0.8268694609245876
cell/tpg/0.85/900/pi_t	4601315705158282831	0.42433197180318855
cell/tpg/0.85/900/mdot_air	4603708388800432122	0.6143051906221892
cell/tpg/0.85/900/mdot_ratio	4603708388800432122	0.6143051906221892
cell/tpg/0.85/900/thrust	4642059406628945411	223.2636138815288
cell/tpg/0.85/900/V0	4643453651052699634	269.7808475368648
cell/tpg/0.85/900/V9	4647435620403286829	496.12959922319243
cell/tpg/0.85/900/M9	4607182418800016897	0.9999999999999433
cell/tpg/0.85/900/T9	4648786689088448034	633.8579248070639
cell/tpg/0.85/900/p9	4680050900455910102	77335.96787635548
cell/tpg/0.85/900/F_over_mdot	4645101335620180920	363.44087155669285
cell/tpg/0.85/900/tsfc	4539963090493434794	3.278536385616729e-05
cell/tpg/0.85/900/eta_th	4595395384086044389	0.17284406671227895
cell/tpg/0.85/900/eta_p	4607688299049752372	1.1123279801917763
cell/tpg/0.85/900/s2/Tt	4643745586963694955	286.3754828060834
cell/tpg/0.85/900/s2/pt	4680086807681088516	77858.48677323764
cell/tpg/0.85/900/s3/Tt	4646870507496315619	464.0066495485791
cell/tpg/0.85/900/s3/pt	4689951064604417895	361321.26924943033
cell/tpg/0.85/900/s4/Tt	4651127699538968576	900.0
cell/tpg/0.85/900/s4/pt	4689702766518853813	346868.41847945313
cell/tpg/0.85/900/s5/Tt	4649757114444945464	744.1825148321286
cell/tpg/0.85/900/s5/pt	4684297332017578808	147187.35996963992
cell/tpg/0.85/900/s9/Tt	4649757114444945464	744.1825148321286
cell/tpg/0.85/900/s9/pt	4684196185633986139	144243.61277024713
cell/tpg/0.85/900/s4/far	4578022463633487126	0.011915541214188734
cell/tpg/0.85/1100/abort	0	0.0
cell/tpg/0.85/1100/branch	0	0.0
cell/tpg/0.85/1100/n_solve_turbine	4619567317775286272	7.0
cell/tpg/0.85/1100/pi_c	4618547015154469666	6.093789230627211
cell/tpg/0.85/1100/tau_c	4610601486979181288	1.75918564305419
cell/tpg/0.85/1100/tau_t	4605684308384888132	0.8336763323692726
cell/tpg/0.85/1100/pi_t	4601348491708468926	0.4261519909489201
cell/tpg/0.85/1100/mdot_air	4604686414014100994	0.7228878017101013
cell/tpg/0.85/1100/mdot_ratio	4604686414014100994	0.7228878017101013
cell/tpg/0.85/1100/thrust	4645105330033332661	363.6679276565804
cell/tpg/0.85/1100/V0	4643453651052699634	269.7808475368648
cell/tpg/0.85/1100/V9	4648042963486674134	549.3061130087833
cell/tpg/0.85/1100/M9	4607182418800017619	1.0000000000000469
cell/tpg/0.85/1100/T9	4650134257369605619	787.0587013058233
cell/tpg/0.85/1100/p9	4681783949742821113	102555.15418606614
cell/tpg/0.85/1100/F_over_mdot	4647557833094686315	503.0765864305201
cell/tpg/0.85/1100/tsfc	4540054412722577197	3.3404187351369865e-05
cell/tpg/0.85/1100/eta_th	4595029474467620068	0.16268803462961678
cell/tpg/0.85/1100/eta_p	4607902427394320744	1.1598740238647114
cell/tpg/0.85/1100/s2/Tt	4643745586963694955	286.3754828060834
cell/tpg/0.85/1100/s2/pt	4680086807681088516	77858.48677323764
cell/tpg/0.85/1100/s3/Tt	4647570342043987817	503.78763787517397
cell/tpg/0.85/1100/s3/pt	4691894656516321732	474453.2082116867
cell/tpg/0.85/1100/s4/Tt	4652552666608566272	1100.0
cell/tpg/0.85/1100/s4/pt	4691568614754281496	455475.0798832192
cell/tpg/0.85/1100/s5/Tt	4651277619845908028	917.0439656062003
cell/tpg/0.85/1100/s5/pt	4685909293447497045	194101.61212877432
cell/tpg/0.85/1100/s9/Tt	4651277619845908028	917.0439656062003
cell/tpg/0.85/1100/s9/pt	4685775907835306011	190219.57988619883
cell/tpg/0.85/1100/s4/far	4580500893837469159	0.016804864545212708
cell/tpg/0.85/1500/abort	0	0.0
cell/tpg/0.85/1500/branch	0	0.0
cell/tpg/0.85/1500/n_solve_turbine	4611686018427387904	2.0
cell/tpg/0.85/1500/pi_c	4621819117588964026	9.999999999986688
cell/tpg/0.85/1500/tau_c	4611770577926473510	2.037551961134244
cell/tpg/0.85/1500/tau_t	4605762360027404901	0.8423418054324655
cell/tpg/0.85/1500/pi_t	4601396903998859342	0.42883941292223404
cell/tpg/0.85/1500/mdot_air	4607182418800005370	0.9999999999986635
cell/tpg/0.85/1500/mdot_ratio	4607182418800005370	0.9999999999986635
cell/tpg/0.85/1500/thrust	4649771419385865844	745.8087983291612
cell/tpg/0.85/1500/V0	4643453651052699634	269.7808475368648
cell/tpg/0.85/1500/V9	4648856401916701128	641.7833557997883
cell/tpg/0.85/1500/M9	4607182418800016339	0.9999999999998813
cell/tpg/0.85/1500/T9	4652536144110130626	1096.2432188031821
cell/tpg/0.85/1500/p9	4685110946909296855	170866.6698352757
cell/tpg/0.85/1500/F_over_mdot	4649771419385874612	745.808798330158
cell/tpg/0.85/1500/tsfc	4540519827822199693	3.655796273960904e-05
cell/tpg/0.85/1500/eta_th	4594576176405421933	0.1501064859878584
cell/tpg/0.85/1500/eta_p	4607851857262118889	1.148645198838944
cell/tpg/0.85/1500/s2/Tt	4643745586963694955	286.3754828060834
cell/tpg/0.85/1500/s2/pt	4680086807681088516	77858.48677323764
cell/tpg/0.85/1500/s3/Tt	4648343779432379830	583.5049266123012
cell/tpg/0.85/1500/s3/pt	4694935205180819518	778584.86773134
cell/tpg/0.85/1500/s4/Tt	4654311885213007872	1500.0
cell/tpg/0.85/1500/s4/pt	4694667685457294190	747441.4730220863
cell/tpg/0.85/1500/s5/Tt	4653271803104198721	1263.5127081573157
cell/tpg/0.85/1500/s5/pt	4689250316522038338	320532.36248451855
cell/tpg/0.85/1500/s9/Tt	4653271803104198721	1263.5127081573157
cell/tpg/0.85/1500/s9/pt	4689140182440903888	314121.7152348282
cell/tpg/0.85/1500/s4/far	4583515894746799579	0.02726525026022651
cell/tpg/1.20/400/abort	4613937818241073152	3.0
cell/tpg/1.20/500/abort	0	0.0
cell/tpg/1.20/500/branch	0	0.0
cell/tpg/1.20/500/n_solve_turbine	4619567317775286272	7.0
cell/tpg/1.20/500/pi_c	4612358552404728254	2.298665082594396
cell/tpg/1.20/500/tau_c	4608546134825174248	1.3028057860358846
cell/tpg/1.20/500/tau_t	4605488042576133501	0.8118864503866657
cell/tpg/1.20/500/pi_t	4601261744714999816	0.4213365654755994
cell/tpg/1.20/500/mdot_air	4603803151238726701	0.6248259347086155
cell/tpg/1.20/500/mdot_ratio	4603803151238726701	0.6248259347086155
cell/tpg/1.20/500/thrust	4622730276680487600	11.618543683996307
cell/tpg/1.20/500/V0	4645407900701383239	380.8670788755739
cell/tpg/1.20/500/V9	4645180917431736193	367.96457380463113
cell/tpg/1.20/500/M9	4607182418800016718	0.9999999999999234
cell/tpg/1.20/500/T9	4644706534727148835	340.999039027449
cell/tpg/1.20/500/p9	4677999077653551145	56507.008196398914
cell/tpg/1.20/500/F_over_mdot	4625927202270796302	18.594848642789707
cell/tpg/1.20/500/tsfc	4548224950121722696	0.0001165046484343349
cell/tpg/1.20/500/eta_th	13810813492232949311	-0.05051954925491175
cell/tpg/1.20/500/eta_p	13832859909108886323	-1.5119135013871527
cell/tpg/1.20/500/s2/Tt	4644378775611910871	322.36809035452956
cell/tpg/1.20/500/s2/pt	4682761841319323207	116785.34950985863
cell/tpg/1.20/500/s3/Tt	4646096035497909621	419.9830133472199
cell/tpg/1.20/500/s3/pt	4688355555306928698	268450.40507689456
cell/tpg/1.20/500/s4/Tt	4647503709213818880	500.0
cell/tpg/1.20/500/s4/pt	4688094943093842031	257712.38887381877
cell/tpg/1.20/500/s5/Tt	4645849044932682249	405.9432251933327
cell/tpg/1.20/500/s5/pt	4682198225013665799	108583.65280860673
cell/tpg/1.20/500/s9/Tt	4645849044932682249	405.9432251933327
cell/tpg/1.20/500/s9/pt	4682048988777603980	106411.97975243459
cell/tpg/1.20/500/s4/far	4567141769240227210	0.0021663863038178842
cell/tpg/1.20/600/abort	0	0.0
cell/tpg/1.20/600/branch	0	0.0
cell/tpg/1.20/600/n_solve_turbine	4619567317775286272	7.0
cell/tpg/1.20/600/pi_c	4613181588494450792	2.664166529357363
cell/tpg/1.20/600/tau_c	4608821148668555175	1.363871126238317
cell/tpg/1.20/600/tau_t	4605519122217028530	0.81533698367854
cell/tpg/1.20/600/pi_t	4601273649212302531	0.4219973978257025
cell/tpg/1.20/600/mdot_air	4604102594386431949	0.6580708024234753
cell/tpg/1.20/600/mdot_ratio	4604102594386431949	0.6580708024234753
cell/tpg/1.20/600/thrust	4633987903160161304	62.464421906312225
cell/tpg/1.20/600/V0	4645407900701383239	380.8670788755739
cell/tpg/1.20/600/V9	4645807110808372774	403.559546200648
cell/tpg/1.20/600/M9	4607182418800017848	1.0000000000000977
cell/tpg/1.20/600/T9	4645959683907417670	412.2323227765486
cell/tpg/1.20/600/p9	4679253902377552316	65738.1194029217
cell/tpg/1.20/600/F_over_mdot	4636379854634369160	94.92051869840554
cell/tpg/1.20/600/tsfc	4541775878915556441	4.506929601567266e-05
cell/tpg/1.20/600/eta_th	4587440349791784853	0.0505118777082593
cell/tpg/1.20/600/eta_p	4615984495677147288	3.908907365404115
cell/tpg/1.20/600/s2/Tt	4644378775611910871	322.36809035452956
cell/tpg/1.20/600/s2/pt	4682761841319323207	116785.34950985863
cell/tpg/1.20/600/s3/Tt	4646442346777252470	439.6685304551278
cell/tpg/1.20/600/s3/pt	4689088881703088625	311135.61928346666
cell/tpg/1.20/600/s4/Tt	4648488871632306176	600.0
cell/tpg/1.20/600/s4/pt	4688875070933577713	298690.19451212796
cell/tpg/1.20/600/s5/Tt	4647313752135070387	489.2021902071239
cell/tpg/1.20/600/s5/pt	4683398261693203560	126046.48484017106
cell/tpg/1.20/600/s9/Tt	4647313752135070387	489.2021902071239
cell/tpg/1.20/600/s9/pt	4683225024723550986	123525.55514336764
cell/tpg/1.20/600/s4/far	4571582221451638173	0.004278000955179631
cell/tpg/1.20/650/abort	0	0.0
cell/tpg/1.20/650/branch	0	0.0
cell/tpg/1.20/650/n_solve_turbine	4619567317775286272	7.0
cell/tpg/1.20/650/pi_c	4613628584916851780	2.8626728173872227
cell/tpg/1.20/650/tau_c	4608958983014814440	1.3944764991985554
cell/tpg/1.20/650/tau_t	4605535583109589491	0.817164509871246
cell/tpg/1.20/650/pi_t	4601279906964151320	0.4223447728349483
cell/tpg/1.20/650/mdot_air	4604279875825115314	0.6777529959299697
cell/tpg/1.20/650/mdot_ratio	4604279875825115314	0.6777529959299697
cell/tpg/1.20/650/thrust	4635998209575185955	89.49701620957835
cell/tpg/1.20/650/V0	4645407900701383239	380.8670788755739
cell/tpg/1.20/650/V9	4646101676265642258	420.30365387014274
cell/tpg/1.20/650/M9	4607182418800017566	1.000000000000035
cell/tpg/1.20/650/T9	4646594604312003300	448.32336927768324
cell/tpg/1.20/650/p9	4679600003439508296	70774.55271695287
cell/tpg/1.20/650/F_over_mdot	4638850099042765348	132.0496061943278
cell/tpg/1.20/650/tsfc	4541113898383499986	4.058354144693067e-05
cell/tpg/1.20/650/eta_th	4589776115755150632	0.0709390198248242
cell/tpg/1.20/650/eta_p	4614142660469203334	3.090968223234259
cell/tpg/1.20/650/s2/Tt	4644378775611910871	322.36809035452956
cell/tpg/1.20/650/s2/pt	4682761841319323207	116785.34950985863
cell/tpg/1.20/650/s3/Tt	4646615914726427721	449.534726090908
cell/tpg/1.20/650/s3/pt	4689487156189018159	334318.2455109385
cell/tpg/1.20/650/s4/Tt	4648928676283416576	650.0
cell/tpg/1.20/650/s4/pt	4689257414440070066	320945.51569050096
cell/tpg/1.20/650/s5/Tt	4647883321597109791	531.1569314163097
cell/tpg/1.20/650/s5/pt	4683897463722914261	135549.6609166997
cell/tpg/1.20/650/s9/Tt	4647883321597109791	531.1569314163097
cell/tpg/1.20/650/s9/pt	4683804314705214883	132838.66769836572
cell/tpg/1.20/650/s4/far	4572828575381621186	0.0053590406660383744
cell/tpg/1.20/900/abort	0	0.0
cell/tpg/1.20/900/branch	0	0.0
cell/tpg/1.20/900/n_solve_turbine	4619567317775286272	7.0
cell/tpg/1.20/900/pi_c	4616221277199335554	4.028118968999594
cell/tpg/1.20/900/tau_c	4609650261273476947	1.5479711070365354
cell/tpg/1.20/900/tau_t	4605622997537484447	0.8268694609245876
cell/tpg/1.20/900/pi_t	4601315705158282831	0.42433197180318855
cell/tpg/1.20/900/mdot_air	4605385366942838807	0.8004871651714919
cell/tpg/1.20/900/mdot_ratio	4605385366942838807	0.8004871651714919
cell/tpg/1.20/900/thrust	4642862159297408819	246.07921696907724
cell/tpg/1.20/900/V0	4645407900701383239	380.8670788755739
cell/tpg/1.20/900/V9	4647435620403286821	496.129599223192
cell/tpg/1.20/900/M9	4607182418800016891	0.9999999999999426
cell/tpg/1.20/900/T9	4648786689088448030	633.8579248070635
cell/tpg/1.20/900/p9	4681655654816442179	100688.21729317032
cell/tpg/1.20/900/F_over_mdot	4644115662135304158	307.41182079585076
cell/tpg/1.20/900/tsfc	4540427812767001091	3.5934444472435926e-05
cell/tpg/1.20/900/eta_th	4592574635410570944	0.10977628177874532
cell/tpg/1.20/900/eta_p	4612262141358312136	2.2558499771706444
cell/tpg/1.20/900/s2/Tt	4644378775611910871	322.36809035452956
cell/tpg/1.20/900/s2/pt	4682761841319323207	116785.34950985863
cell/tpg/1.20/900/s3/Tt	4647486407117633334	499.016489699355
cell/tpg/1.20/900/s3/pt	4691825457265113791	470425.281661909
cell/tpg/1.20/900/s4/Tt	4651127699538968576	900.0
cell/tpg/1.20/900/s4/pt	4691502183473121873	451608.27039543266
cell/tpg/1.20/900/s5/Tt	4649757114444945460	744.1825148321282
cell/tpg/1.20/900/s5/pt	4685824432306180092	191631.8278595208
cell/tpg/1.20/900/s9/Tt	4649757114444945460	744.1825148321282
cell/tpg/1.20/900/s9/pt	4685692743916815397	187799.19130233038
cell/tpg/1.20/900/s4/far	4577521595211711396	0.011046673004558923
cell/tpg/1.20/1100/abort	0	0.0
cell/tpg/1.20/1100/branch	0	0.0
cell/tpg/1.20/1100/n_solve_turbine	4619567317775286272	7.0
cell/tpg/1.20/1100/pi_c	4617526333675338169	5.187241967475011
cell/tpg/1.20/1100/tau_c	4610202259751783029	1.6705393910712278
cell/tpg/1.20/1100/tau_t	4605684308384888132	0.8336763323692726
cell/tpg/1.20/1100/pi_t	4601348491708468926	0.4261519909489201
cell/tpg/1.20/1100/mdot_air	4606496022011671050	0.9237946481549113
cell/tpg/1.20/1100/mdot_ratio	4606496022011671050	0.9237946481549113
cell/tpg/1.20/1100/thrust	4645785107512936315	402.30880366183527
cell/tpg/1.20/1100/V0	4645407900701383239	380.8670788755739
cell/tpg/1.20/1100/V9	4648042963486674126	549.3061130087824
cell/tpg/1.20/1100/M9	4607182418800017613	1.0000000000000455
cell/tpg/1.20/1100/T9	4650134257369605615	787.0587013058229
cell/tpg/1.20/1100/p9	4683734886250502258	130945.01686176824
cell/tpg/1.20/1100/F_over_mdot	4646368941503963858	435.4959237589911
cell/tpg/1.20/1100/tsfc	4540523539884782424	3.658311665408778e-05
cell/tpg/1.20/1100/eta_th	4593196847070117666	0.11841120316148282
cell/tpg/1.20/1100/eta_p	4611808209184519312	2.054263596785468
cell/tpg/1.20/1100/s2/Tt	4644378775611910871	322.36809035452956
cell/tpg/1.20/1100/s2/pt	4682761841319323207	116785.34950985863
cell/tpg/1.20/1100/s3/Tt	4647948163421309278	538.5285933616503
cell/tpg/1.20/1100/s3/pt	4693450941779267973	605793.8661637759
cell/tpg/1.20/1100/s4/Tt	4652552666608566272	1100.0
cell/tpg/1.20/1100/s4/pt	4693242792591804707	581562.1115172248
cell/tpg/1.20/1100/s5/Tt	4651277619845908023	917.0439656061998
cell/tpg/1.20/1100/s5/pt	4687755519140916371	247833.851694916
cell/tpg/1.20/1100/s9/Tt	4651277619845908023	917.0439656061998
cell/tpg/1.20/1100/s9/pt	4687585209014856950	242877.17466101766
cell/tpg/1.20/1100/s4/far	4580249249590980190	0.01593179818125489
cell/tpg/1.20/1500/abort	0	0.0
cell/tpg/1.20/1500/branch	0	0.0
cell/tpg/1.20/1500/n_solve_turbine	4619567317775286272	7.0
cell/tpg/1.20/1500/pi_c	4620831505042987207	8.245647699263271
cell/tpg/1.20/1500/tau_c	4611307729328232372	1.916002946430564
cell/tpg/1.20/1500/tau_t	4605762360027404901	0.8423418054324655
cell/tpg/1.20/1500/pi_t	4601396903998859342	0.42883941292223404
cell/tpg/1.20/1500/mdot_air	4608253756860159452	1.2378848363053896
cell/tpg/1.20/1500/mdot_ratio	4608253756860159452	1.2378848363053896
cell/tpg/1.20/1500/thrust	4650419973300242934	819.5408419466683
cell/tpg/1.20/1500/V0	4645407900701383239	380.8670788755739
cell/tpg/1.20/1500/V9	4648856401916683513	641.7833557977857
cell/tpg/1.20/1500/M9	4607182418800017940	1.0000000000001181
cell/tpg/1.20/1500/T9	4652536144110096486	1096.2432187954196
cell/tpg/1.20/1500/p9	4686501312920247912	211331.64649080043
cell/tpg/1.20/1500/F_over_mdot	4649034663420760656	662.049342483815
cell/tpg/1.20/1500/tsfc	4541005766232622644	3.9850809491326014e-05
cell/tpg/1.20/1500/eta_th	4593524618881218084	0.12295995080531746
cell/tpg/1.20/1500/eta_p	4610857600789144033	1.8160543328032122
cell/tpg/1.20/1500/s2/Tt	4644378775611910871	322.36809035452956
cell/tpg/1.20/1500/s2/pt	4682761841319323207	116785.34950985863
cell/tpg/1.20/1500/s3/Tt	4648644194898467492	617.6582109544729
cell/tpg/1.20/1500/s3/pt	4696519068695249298	962970.8484936228
cell/tpg/1.20/1500/s4/Tt	4654311885213007872	1500.0
cell/tpg/1.20/1500/s4/pt	4696188194431146779	924452.0145538779
cell/tpg/1.20/1500/s5/Tt	4653271803104160826	1263.5127081486994
cell/tpg/1.20/1500/s5/pt	4690554424873418241	396441.45919606095
cell/tpg/1.20/1500/s9/Tt	4653271803104160826	1263.5127081486994
cell/tpg/1.20/1500/s9/pt	4690418208625256193	388512.63001213974
cell/tpg/1.20/1500/s4/far	4583261661708721372	0.026383202221180166
cell/tpg/1.60/400/abort	4613937818241073152	3.0
cell/tpg/1.60/500/abort	4611686018427387904	2.0
cell/tpg/1.60/600/abort	0	0.0
cell/tpg/1.60/600/branch	0	0.0
cell/tpg/1.60/600/n_solve_turbine	4619567317775286272	7.0
cell/tpg/1.60/600/pi_c	4612455309341865873	2.3416337943553533
cell/tpg/1.60/600/tau_c	4608566575703425301	1.3073445727714603
cell/tpg/1.60/600/tau_t	4605519122217028530	0.81533698367854
cell/tpg/1.60/600/pi_t	4601273649212302531	0.4219973978257025
cell/tpg/1.60/600/mdot_air	4607058108321276153	0.9861987644299283
cell/tpg/1.60/600/mdot_ratio	4607058108321276153	0.9861987644299283
cell/tpg/1.60/600/thrust	4630963744435550243	40.97648177073304
cell/tpg/1.60/600/V0	4647641328871307359	507.82277183409855
cell/tpg/1.60/600/V9	4645807110808372779	403.5595462006483
cell/tpg/1.60/600/M9	4607182418800017848	1.0000000000000977
cell/tpg/1.60/600/T9	4645959683907417680	412.23232277654915
cell/tpg/1.60/600/p9	4681497335908057734	98384.3739593123
cell/tpg/1.60/600/F_over_mdot	4631044448977730512	41.549922032623385
cell/tpg/1.60/600/tsfc	4544833122035518215	7.053680618733178e-05
cell/tpg/1.60/600/eta_th	13823832640402359839	-0.3768642969735953
cell/tpg/1.60/600/eta_p	13825084236847923726	-0.446341856543797
cell/tpg/1.60/600/s2/Tt	4645362121196066384	378.2648152796073
cell/tpg/1.60/600/s2/pt	4686072667236213351	198856.41517664792
cell/tpg/1.60/600/s3/Tt	4647407347193666306	494.5224533261936
cell/tpg/1.60/600/s3/pt	4691743399687383393	465648.9020019975
cell/tpg/1.60/600/s4/Tt	4648488871632306176	600.0
cell/tpg/1.60/600/s4/pt	4691423408198500691	447022.9459219176
cell/tpg/1.60/600/s5/Tt	4647313752135070398	489.20219020712454
cell/tpg/1.60/600/s5/pt	4685721720468419254	188642.51994742983
cell/tpg/1.60/600/s9/Tt	4647313752135070398	489.20219020712454
cell/tpg/1.60/600/s9/pt	4685592086315809776	184869.66954848124
cell/tpg/1.60/600/s4/far	4568904384444971780	0.0029307987975139022
cell/tpg/1.60/650/abort	0	0.0
cell/tpg/1.60/650/branch	0	0.0
cell/tpg/1.60/650/n_solve_turbine	4619567317775286272	7.0
cell/tpg/1.60/650/pi_c	4612801763340360275	2.495490276796127
cell/tpg/1.60/650/tau_c	4608682864526820469	1.3331658786194371
cell/tpg/1.60/650/tau_t	4605535583109589491	0.817164509871246
cell/tpg/1.60/650/pi_t	4601279906964151320	0.4223447728349483
cell/tpg/1.60/650/mdot_air	4607215618928462235	1.007371909403992
cell/tpg/1.60/650/mdot_ratio	4607215618928462235	1.007371909403992
cell/tpg/1.60/650/thrust	4635036454651285994	75.82965671440584
cell/tpg/1.60/650/V0	4647641328871307359	507.82277183409855
cell/tpg/1.60/650/V9	4646101676265642260	420.30365387014285
cell/tpg/1.60/650/M9	4607182418800017565	1.0000000000000349
cell/tpg/1.60/650/T9	4646594604312003308	448.3233692776837
cell/tpg/1.60/650/p9	4681955668278331777	105053.98775795662
cell/tpg/1.60/650/F_over_mdot	4634997405729790622	75.27473816424978
cell/tpg/1.60/650/tsfc	4542987075394663740	5.3276682602890955e-05
cell/tpg/1.60/650/eta_th	13820990806568928603	-0.2345554146359444
cell/tpg/1.60/650/eta_p	13830099410844163273	-0.9494798774002443
cell/tpg/1.60/650/s2/Tt	4645362121196066384	378.2648152796073
cell/tpg/1.60/650/s2/pt	4686072667236213351	198856.41517664792
cell/tpg/1.60/650/s3/Tt	4647579175202653243	504.28974481305676
cell/tpg/1.60/650/s3/pt	4692269023773108892	496244.2505518587
cell/tpg/1.60/650/s4/Tt	4648928676283416576	650.0
cell/tpg/1.60/650/s4/pt	4691928007320797170	476394.48052978434
cell/tpg/1.60/650/s5/Tt	4647883321597109796	531.1569314163103
cell/tpg/1.60/650/s5/pt	4686153285610004943	201202.718659176
cell/tpg/1.60/650/s9/Tt	4647883321597109796	531.1569314163103
cell/tpg/1.60/650/s9/pt	4686015020154563751	197178.66428599248
cell/tpg/1.60/650/s4/far	4571273685104844938	0.004010388333192458
cell/tpg/1.60/900/abort	0	0.0
cell/tpg/1.60/900/branch	0	0.0
cell/tpg/1.60/900/n_solve_turbine	4619567317775286272	7.0
cell/tpg/1.60/900/pi_c	4614802165593792905	3.3838473329053085
cell/tpg/1.60/900/tau_c	4609265780451176632	1.4625992147476108
cell/tpg/1.60/900/tau_t	4605622997537484447	0.8268694609245876
cell/tpg/1.60/900/pi_t	4601315705158282831	0.42433197180318855
cell/tpg/1.60/900/mdot_air	4607842469703870068	1.1465607421763737
cell/tpg/1.60/900/mdot_ratio	4607842469703870068	1.1465607421763737
cell/tpg/1.60/900/thrust	4643444946874462854	269.2860722875124
cell/tpg/1.60/900/V0	4647641328871307359	507.82277183409855
cell/tpg/1.60/900/V9	4647435620403286837	496.1295992231929
cell/tpg/1.60/900/M9	4607182418800016900	0.9999999999999436
cell/tpg/1.60/900/T9	4648786689088448040	633.8579248070646
cell/tpg/1.60/900/p9	4684188679639190972	144025.15957031946
cell/tpg/1.60/900/F_over_mdot	4642467565992698380	234.86420071941427
cell/tpg/1.60/900/tsfc	4541213659441897129	4.125954867345339e-05
cell/tpg/1.60/900/eta_th	13801026342800951824	-0.011276889431148823
cell/tpg/1.60/900/eta_p	13851243104881645738	-25.500847104144363
cell/tpg/1.60/900/s2/Tt	4645362121196066384	378.2648152796073
cell/tpg/1.60/900/s2/pt	4686072667236213351	198856.41517664792
cell/tpg/1.60/900/s3/Tt	4648077652716006709	553.2498217946037
cell/tpg/1.60/900/s3/pt	4694027376933247066	672899.7501266107
cell/tpg/1.60/900/s4/Tt	4651127699538968576	900.0
cell/tpg/1.60/900/s4/pt	4693796170339624637	645983.7601215463
cell/tpg/1.60/900/s5/Tt	4649757114444945472	744.1825148321295
cell/tpg/1.60/900/s5/pt	4688452813254069644	274111.5626852147
cell/tpg/1.60/900/s9/Tt	4649757114444945472	744.1825148321295
cell/tpg/1.60/900/s9/pt	4688358629238294568	268629.3314315104
cell/tpg/1.60/900/s4/far	4576739751821622487	0.0096903909212344
cell/tpg/1.60/1100/abort	0	0.0
cell/tpg/1.60/1100/branch	0	0.0
cell/tpg/1.60/1100/n_solve_turbine	4619567317775286272	7.0
cell/tpg/1.60/1100/pi_c	4616469695481223988	4.248758726031884
cell/tpg/1.60/1100/tau_c	4609730905697091588	1.5658777662174552
cell/tpg/1.60/1100/tau_t	4605684308384888132	0.8336763323692726
cell/tpg/1.60/1100/pi_t	4601348491708468926	0.4261519909489201
cell/tpg/1.60/1100/mdot_air	4608489071610807616	1.2901352071460934
cell/tpg/1.60/1100/mdot_ratio	4608489071610807616	1.2901352071460934
cell/tpg/1.60/1100/thrust	4646708920626886561	454.82149944721647
cell/tpg/1.60/1100/V0	4647641328871307359	507.82277183409855
cell/tpg/1.60/1100/V9	4648042963486674132	549.3061130087831
cell/tpg/1.60/1100/M9	4607182418800017618	1.0000000000000466
cell/tpg/1.60/1100/T9	4650134257369605617	787.0587013058231
cell/tpg/1.60/1100/p9	4685515040260440639	182627.33421565776
cell/tpg/1.60/1100/F_over_mdot	4644909527736196472	352.5378556665596
cell/tpg/1.60/1100/tsfc	4541223459002313346	4.132595307778255e-05
cell/tpg/1.60/1100/eta_th	4585736500453765083	0.03868904792349755
cell/tpg/1.60/1100/eta_p	4620041226409183039	7.420915421536676
cell/tpg/1.60/1100/s2/Tt	4645362121196066384	378.2648152796073
cell/tpg/1.60/1100/s2/pt	4686072667236213351	198856.41517664792
cell/tpg/1.60/1100/s3/Tt	4648421286534811207	592.3164639886899
cell/tpg/1.60/1100/s3/pt	4695504787091836668	844892.9292092021
cell/tpg/1.60/1100/s4/Tt	4652552666608566272	1100.0
cell/tpg/1.60/1100/s4/pt	4695214484091870654	811097.2120408339
cell/tpg/1.60/1100/s5/Tt	4651277619845908025	917.0439656062
cell/tpg/1.60/1100/s5/pt	4689681846133458916	345650.6917802079
cell/tpg/1.60/1100/s9/Tt	4651277619845908025	917.0439656062
cell/tpg/1.60/1100/s9/pt	4689563081460096054	338737.6779446037
cell/tpg/1.60/1100/s4/far	4579552057083956497	0.01456896288141832
cell/tpg/1.60/1500/abort	0	0.0
cell/tpg/1.60/1500/branch	0	0.0
cell/tpg/1.60/1500/n_solve_turbine	4619567317775286272	7.0
cell/tpg/1.60/1500/pi_c	4618977270161828177	6.475932443130959
cell/tpg/1.60/1500/tau_c	4610661635329820005	1.772541259808656
cell/tpg/1.60/1500/tau_t	4605762360027404901	0.8423418054324655
cell/tpg/1.60/1500/pi_t	4601396903998859342	0.42883941292223404
cell/tpg/1.60/1500/mdot_air	4610144196685156089	1.6576468003813132
cell/tpg/1.60/1500/mdot_ratio	4610144196685156089	1.6576468003813132
cell/tpg/1.60/1500/thrust	4651430233930593399	934.3941782858591
cell/tpg/1.60/1500/V0	4647641328871307359	507.82277183409855
cell/tpg/1.60/1500/V9	4648856401916683513	641.7833557977857
cell/tpg/1.60/1500/M9	4607182418800017943	1.0000000000001188
cell/tpg/1.60/1500/T9	4652536144110096480	1096.2432187954182
cell/tpg/1.60/1500/p9	4688598879991979155	282613.7658361878
cell/tpg/1.60/1500/F_over_mdot	4648169460307325563	563.6871365304827
cell/tpg/1.60/1500/tsfc	4541671515629987201	4.4362102884785814e-05
cell/tpg/1.60/1500/eta_th	4590195345023726529	0.07675699465694576
cell/tpg/1.60/1500/eta_p	4615028776353311430	3.484482726043413
cell/tpg/1.60/1500/s2/Tt	4645362121196066384	378.2648152796073
cell/tpg/1.60/1500/s2/pt	4686072667236213351	198856.41517664792
cell/tpg/1.60/1500/s3/Tt	4649108908160981659	670.4899922170038
cell/tpg/1.60/1500/s3/pt	4698281787756362485	1287780.7105671738
cell/tpg/1.60/1500/s4/Tt	4654311885213007872	1500.0
cell/tpg/1.60/1500/s4/pt	4698060548714910259	1236269.4821444869
cell/tpg/1.60/1500/s5/Tt	4653271803104160819	1263.5127081486978
cell/tpg/1.60/1500/s5/pt	4692801261083975118	530161.0789365114
cell/tpg/1.60/1500/s9/Tt	4653271803104160819	1263.5127081486978
cell/tpg/1.60/1500/s9/pt	4692669548488241853	519557.8573577812
cell/tpg/1.60/1500/s4/far	4582864810137087083	0.02500634674559558
cell/tpg/2.00/400/abort	4613937818241073152	3.0
cell/tpg/2.00/500/abort	4617315517961601024	5.0
cell/tpg/2.00/600/abort	4611686018427387904	2.0
cell/tpg/2.00/650/abort	4611686018427387904	2.0
cell/tpg/2.00/900/abort	0	0.0
cell/tpg/2.00/900/branch	0	0.0
cell/tpg/2.00/900/n_solve_turbine	4619567317775286272	7.0
cell/tpg/2.00/900/pi_c	4613626936130172786	2.861940609013737
cell/tpg/2.00/900/tau_c	4608911769947188250	1.3839930922501993
cell/tpg/2.00/900/tau_t	4605622997537484447	0.8268694609245876
cell/tpg/2.00/900/pi_t	4601315705158282831	0.42433197180318855
cell/tpg/2.00/900/mdot_air	4610431425743894783	1.721424463251935
cell/tpg/2.00/900/mdot_ratio	4610431425743894783	1.721424463251935
cell/tpg/2.00/900/thrust	4643230008453937600	257.0682376203149
cell/tpg/2.00/900/V0	4648794786243791675	634.7784647926231
cell/tpg/2.00/900/V9	4647435620403286821	496.129599223192
cell/tpg/2.00/900/M9	4607182418800016887	0.9999999999999422
cell/tpg/2.00/900/T9	4648786689088448036	633.8579248070641
cell/tpg/2.00/900/p9	4686657015195994741	215863.17912586374
cell/tpg/2.00/900/F_over_mdot	4639458260777528128	149.33460230644596
cell/tpg/2.00/900/tsfc	4542977734302284676	5.321338489882365e-05
cell/tpg/2.00/900/eta_th	13820741429706912278	-0.22763381628546203
cell/tpg/2.00/900/eta_p	13831565030781059001	-1.2243927546587499
cell/tpg/2.00/900/s2/Tt	4646616148371619680	449.54800728241935
cell/tpg/2.00/900/s2/pt	4689797715477858930	352395.1752893097
cell/tpg/2.00/900/s3/Tt	4648683892772466670	622.1713367137106
cell/tpg/2.00/900/s3/pt	4696910453724061071	1008534.0625809896
cell/tpg/2.00/900/s4/Tt	4651127699538968576	900.0
cell/tpg/2.00/900/s4/pt	4696563924058806081	968192.7000777499
cell/tpg/2.00/900/s5/Tt	4649757114444945466	744.1825148321288
cell/tpg/2.00/900/s5/pt	4690801706040321393	410835.11750944617
cell/tpg/2.00/900/s9/Tt	4649757114444945466	744.1825148321288
cell/tpg/2.00/900/s9/pt	4690660544168821282	402618.41515925725
cell/tpg/2.00/900/s4/far	4575734524605793855	0.007946599671245667
cell/tpg/2.00/1100/abort	0	0.0
cell/tpg/2.00/1100/branch	0	0.0
cell/tpg/2.00/1100/n_solve_turbine	4619567317775286272	7.0
cell/tpg/2.00/1100/pi_c	4615068559460881389	3.502149974849536
cell/tpg/2.00/1100/tau_c	4609297044969686203	1.4695413324082398
cell/tpg/2.00/1100/tau_t	4605684308384888132	0.8336763323692726
cell/tpg/2.00/1100/pi_t	4601348491708468926	0.4261519909489201
cell/tpg/2.00/1100/mdot_air	4611180576787821804	1.8877694108298853
cell/tpg/2.00/1100/mdot_ratio	4611180576787821804	1.8877694108298853
cell/tpg/2.00/1100/thrust	4647344480806089668	490.9489129249089
cell/tpg/2.00/1100/V0	4648794786243791675	634.7784647926231
cell/tpg/2.00/1100/V9	4648042963486696964	549.3061130113788
cell/tpg/2.00/1100/M9	4607182418800017231	0.9999999999999803
cell/tpg/2.00/1100/T9	4650134257369676565	787.058701313889
cell/tpg/2.00/1100/p9	4688326599734220831	266764.9689191598
cell/tpg/2.00/1100/F_over_mdot	4643282785470724224	260.06826369174087
cell/tpg/2.00/1100/tsfc	4542397599416123595	4.928223799938318e-05
cell/tpg/2.00/1100/eta_th	13814429623868368536	-0.08872300603129657
cell/tpg/2.00/1100/eta_p	13838192488559964584	-3.391967997666331
cell/tpg/2.00/1100/s2/Tt	4646616148371619680	449.54800728241935
cell/tpg/2.00/1100/s2/pt	4689797715477858930	352395.1752893097
cell/tpg/2.00/1100/s3/Tt	4649022173277583163	660.6293776032757
cell/tpg/2.00/1100/s3/pt	4698051405898335403	1234140.7542765539
cell/tpg/2.00/1100/s4/Tt	4652552666608566272	1100.0
cell/tpg/2.00/1100/s4/pt	4697839382131204260	1184775.1241054917
cell/tpg/2.00/1100/s5/Tt	4651277619845987484	917.0439656152334
cell/tpg/2.00/1100/s5/pt	4692417630112891514	504894.27798751707
cell/tpg/2.00/1100/s9/Tt	4651277619845987484	917.0439656152334
cell/tpg/2.00/1100/s9/pt	4692244149759940000	494796.3924277667
cell/tpg/2.00/1100/s4/far	4578541972861115767	0.012816746067342717
cell/tpg/2.00/1500/abort	0	0.0
cell/tpg/2.00/1500/branch	0	0.0
cell/tpg/2.00/1500/n_solve_turbine	4620693217682128896	8.0
cell/tpg/2.00/1500/pi_c	4617439452895147590	5.110076333423029
cell/tpg/2.00/1500/tau_c	4610067444291309041	1.640604345412495
cell/tpg/2.00/1500/tau_t	4605762360027404901	0.8423418054324655
cell/tpg/2.00/1500/pi_t	4601396903998859342	0.42883941292223404
cell/tpg/2.00/1500/mdot_air	4612411048715728043	2.3219781278663354
cell/tpg/2.00/1500/mdot_ratio	4612411048715728043	2.3219781278663354
cell/tpg/2.00/1500/thrust	4652414125146623936	1068.4993185968924
cell/tpg/2.00/1500/V0	4648794786243791675	634.7784647926231
cell/tpg/2.00/1500/V9	4648856401916683513	641.7833557977857
cell/tpg/2.00/1500/M9	4607182418800017943	1.0000000000001188
cell/tpg/2.00/1500/T9	4652536144110096480	1096.2432187954182
cell/tpg/2.00/1500/p9	4690532968605040461	395192.5400018588
cell/tpg/2.00/1500/F_over_mdot	4646802971860770877	460.16769312927846
cell/tpg/2.00/1500/tsfc	4542576551078333720	5.049486163024637e-05
cell/tpg/2.00/1500/eta_th	4576519054639853437	0.009307542338937708
cell/tpg/2.00/1500/eta_p	4629575733726242423	31.55703625208704
cell/tpg/2.00/1500/s2/Tt	4646616148371619680	449.54800728241935
cell/tpg/2.00/1500/s2/pt	4689797715477858930	352395.1752893097
cell/tpg/2.00/1500/s3/Tt	4649698601949159871	737.5304142190652
cell/tpg/2.00/1500/s3/pt	4700485043851182209	1800766.2452583613
cell/tpg/2.00/1500/s4/Tt	4654311885213007872	1500.0
cell/tpg/2.00/1500/s4/pt	4700175674565937194	1728735.595448027
cell/tpg/2.00/1500/s5/Tt	4653271803104160819	1263.5127081486978
cell/tpg/2.00/1500/s5/pt	4694615359740538340	741349.957866129
cell/tpg/2.00/1500/s9/Tt	4653271803104160819	1263.5127081486978
cell/tpg/2.00/1500/s9/pt	4694487996787581300	726522.9587088064
cell/tpg/2.00/1500/s4/far	4582354572402128725	0.02323610399127259
cell/eq/0.30/400/abort	4616189618054758400	4.0
cell/eq/0.30/500/abort	4607182418800017408	1.0
cell/eq/0.30/600/abort	4607182418800017408	1.0
cell/eq/0.30/650/abort	4607182418800017408	1.0
cell/eq/0.30/900/abort	0	0.0
cell/eq/0.30/900/branch	0	0.0
cell/eq/0.30/900/n_solve_turbine	4620693217682128896	8.0
cell/eq/0.30/900/pi_c	4617764034859818936	5.398363029867987
cell/eq/0.30/900/tau_c	4610337995963681905	1.700678884616334
cell/eq/0.30/900/tau_t	4605583659978605141	0.8225021145645522
cell/eq/0.30/900/pi_t	4601301470178648011	0.4235417716959062
cell/eq/0.30/900/mdot_air	4602228361636372861	0.47499458358063135
cell/eq/0.30/900/mdot_ratio	4602228361636372861	0.47499458358063135
cell/eq/0.30/900/thrust	4641967636116748113	220.65533904957786
cell/eq/0.30/900/V0	4636400701446642247	95.21676971889347
cell/eq/0.30/900/V9	4647431051850020582	495.86990703629124
cell/eq/0.30/900/M9	4607182418800016900	0.9999999999999436
cell/eq/0.30/900/T9	4648729194629030365	627.3215615293553
cell/eq/0.30/900/p9	4678385456053993578	59318.28106105405
cell/eq/0.30/900/F_over_mdot	4646879940488430823	464.54285307049435
cell/eq/0.30/900/tsfc	4538446283861513646	2.651233022317949e-05
cell/eq/0.30/900/eta_th	4597364746192313609	0.2275048455673885
cell/eq/0.30/900/eta_p	4600315945250549776	0.36883414837007056
cell/eq/0.30/900/s2/Tt	4643159780477212197	254.53811966178287
cell/eq/0.30/900/s2/pt	4677329147359971333	51632.62377585474
cell/eq/0.30/900/s3/Tt	4646323055482810939	432.88760543873985
cell/eq/0.30/900/s3/pt	4688532185703828632	278731.6473266571
cell/eq/0.30/900/s4/Tt	4651127699538968576	900.0
cell/eq/0.30/900/s4/pt	4688340642774288120	267582.3814335908
cell/eq/0.30/900/s5/Tt	4649722540418586697	740.2519031080966
cell/eq/0.30/900/s5/pt	4682524550656982427	113332.31590699258
cell/eq/0.30/900/s9/Tt	4649722540418586697	740.2519031080966
cell/eq/0.30/900/s9/pt	4682368787908054275	111065.66958885272
cell/eq/0.30/900/s4/far	4578253377848220170	0.012316113523422895
cell/eq/0.30/1100/abort	0	0.0
cell/eq/0.30/1100/branch	0	0.0
cell/eq/0.30/1100/n_solve_turbine	4641240890982006784	200.0
cell/eq/0.30/1100/pi_c	4619828516120586658	7.2319907335571845
cell/eq/0.30/1100/tau_c	4611045923959893569	1.857870476850522
cell/eq/0.30/1100/tau_t	4605655714897351948	0.8305018175475722
cell/eq/0.30/1100/pi_t	4601339760656246746	0.42566732018860665
cell/eq/0.30/1100/mdot_air	4603306989525415574	0.5697409189030676
cell/eq/0.30/1100/mdot_ratio	4603306989525415574	0.5697409189030676
cell/eq/0.30/1100/thrust	4644927653261053789	353.56817246809607
cell/eq/0.30/1100/V0	4636400701446642247	95.21676971889347
cell/eq/0.30/1100/V9	4648042217382617519	549.2212907979755
cell/eq/0.30/1100/M9	4607182418800016912	0.9999999999999449
cell/eq/0.30/1100/T9	4650082457190783640	781.1697027821383
cell/eq/0.30/1100/p9	4680260921401927445	80392.17487898127
cell/eq/0.30/1100/F_over_mdot	4648669869799301465	620.5771092391034
cell/eq/0.30/1100/tsfc	4538806053753545793	2.7731278031104893e-05
cell/eq/0.30/1100/eta_th	4596450674727250755	0.20213426590074776
cell/eq/0.30/1100/eta_p	4600821184836316373	0.3968805794235782
cell/eq/0.30/1100/s2/Tt	4643159780477212197	254.53811966178287
cell/eq/0.30/1100/s2/pt	4677329147359971333	51632.62377585474
cell/eq/0.30/1100/s3/Tt	4647026940877387700	472.8988577526718
cell/eq/0.30/1100/s3/pt	4690158689979791798	373406.65669622587
cell/eq/0.30/1100/s4/Tt	4652552666608566272	1100.0
cell/eq/0.30/1100/s4/pt	4689902086879212759	358470.3904283768
cell/eq/0.30/1100/s5/Tt	4651246904185469623	913.5519993024271
cell/eq/0.30/1100/s5/pt	4684482935438563475	152589.13046616744
cell/eq/0.30/1100/s9/Tt	4651246904185469623	913.5519993024271
cell/eq/0.30/1100/s9/pt	4684378076986551112	149537.34785684408
cell/eq/0.30/1100/s4/far	4580617492193471816	0.017209396356048928
cell/eq/0.30/1500/abort	0	0.0
cell/eq/0.30/1500/branch	0	0.0
cell/eq/0.30/1500/n_solve_turbine	4641240890982006784	200.0
cell/eq/0.30/1500/pi_c	4623093427526819713	12.263629173612346
cell/eq/0.30/1500/tau_c	4612076559099604752	2.1734348985390923
cell/eq/0.30/1500/tau_t	4605759475787454095	0.8420215904722727
cell/eq/0.30/1500/pi_t	4601401688097604002	0.42910498375115413
cell/eq/0.30/1500/mdot_air	4605493508069140567	0.812493242004403
cell/eq/0.30/1500/mdot_ratio	4605493508069140567	0.812493242004403
cell/eq/0.30/1500/thrust	4649553975194950719	721.0882558830853
cell/eq/0.30/1500/V0	4636400701446642247	95.21676971889347
cell/eq/0.30/1500/V9	4648859376406826580	642.1215161759851
cell/eq/0.30/1500/M9	4607182418800016722	0.9999999999999238
cell/eq/0.30/1500/T9	4652531858074816734	1095.268687200783
cell/eq/0.30/1500/p9	4684015778559440931	138993.07585948808
cell/eq/0.30/1500/F_over_mdot	4651017753828235330	887.5006198256817
cell/eq/0.30/1500/tsfc	4539780811084519999	3.155019053651232e-05
cell/eq/0.30/1500/eta_th	4595403116455243240	0.17305868307026562
cell/eq/0.30/1500/eta_p	4601011586111768733	0.4074499734198385
cell/eq/0.30/1500/s2/Tt	4643159780477212197	254.53811966178287
cell/eq/0.30/1500/s2/pt	4677329147359971333	51632.62377585474
cell/eq/0.30/1500/s3/Tt	4648077408276863865	553.2220322814384
cell/eq/0.30/1500/s3/pt	4693686387463339475	633203.3512477226
cell/eq/0.30/1500/s4/Tt	4654311885213007872	1500.0
cell/eq/0.30/1500/s4/pt	4693468820448513349	607875.2171978137
cell/eq/0.30/1500/s5/Tt	4653269690623728816	1263.0323857085714
cell/eq/0.30/1500/s5/pt	4688202485512971087	260842.2852070578
cell/eq/0.30/1500/s9/Tt	4653269690623728816	1263.0323857085714
cell/eq/0.30/1500/s9/pt	4688023236059470572	255625.43950291665
cell/eq/0.30/1500/s4/far	4583727906461269618	0.028000813656773045
cell/eq/0.50/400/abort	4616189618054758400	4.0
cell/eq/0.50/500/abort	0	0.0
cell/eq/0.50/500/branch	4607182418800017408	1.0
cell/eq/0.50/500/n_solve_turbine	4619567317775286272	7.0
cell/eq/0.50/500/pi_c	4612111042957684369	2.188748807826251
cell/eq/0.50/500/tau_c	4608468072726260193	1.2854725181228945
cell/eq/0.50/500/tau_t	4605858427656593111	0.8530074548170558
cell/eq/0.50/500/pi_t	4602926827042780164	0.5275344047710182
cell/eq/0.50/500/mdot_air	4598963483792435626	0.2937574558342485
cell/eq/0.50/500/mdot_ratio	4598963483792435626	0.2937574558342485
cell/eq/0.50/500/thrust	4626692131543889502	21.312423334622842
cell/eq/0.50/500/V0	4639787586989050683	158.69461619815579
cell/eq/0.50/500/V9	4642307982164882737	230.32855553544644
cell/eq/0.50/500/M9	4603360612374213801	0.575694251041246
cell/eq/0.50/500/T9	4645754166726485903	400.5500235777517
cell/eq/0.50/500/p9	4677104761256804352	50000.0
cell/eq/0.50/500/F_over_mdot	4634805745961391286	72.55108904077755
cell/eq/0.50/500/tsfc	4543224324945767260	5.488434809493875e-05
cell/eq/0.50/500/eta_th	4590600334310126916	0.08237735003804852
cell/eq/0.50/500/eta_p	4605561943459900230	0.8200910966564627
cell/eq/0.50/500/s2/Tt	4643327343480941738	262.6010933301392
cell/eq/0.50/500/s2/pt	4678142939019462431	57553.73739708796
cell/eq/0.50/500/s3/Tt	4644646148663268072	337.56648870491927
cell/eq/0.50/500/s3/pt	4683393052019757836	125970.67411382141
cell/eq/0.50/500/s4/Tt	4647503709213818880	500.0
cell/eq/0.50/500/s4/pt	4683046786467390516	120931.84714926855
cell/eq/0.50/500/s5/Tt	4646210749112818589	426.5037274085278
cell/eq/0.50/500/s5/pt	4679000829202122812	63795.71000374897
cell/eq/0.50/500/s9/Tt	4646210749112818589	426.5037274085278
cell/eq/0.50/500/s9/pt	4678825468889744443	62519.795803673995
cell/eq/0.50/500/s4/far	4571240862458462642	0.003981919225580931
cell/eq/0.50/600/abort	0	0.0
cell/eq/0.50/600/branch	4607182418800017408	1.0
cell/eq/0.50/600/n_solve_turbine	4621256167635550208	9.0
cell/eq/0.50/600/pi_c	4613971959021216462	3.0151615520775072
cell/eq/0.50/600/tau_c	4609078747144522365	1.4210694780637418
cell/eq/0.50/600/tau_t	4605582023236943584	0.8223203997367499
cell/eq/0.50/600/pi_t	4601748623805549916	0.44836378430246326
cell/eq/0.50/600/mdot_air	4600299081634460071	0.36789802962700907
cell/eq/0.50/600/mdot_ratio	4600299081634460071	0.36789802962700907
cell/eq/0.50/600/thrust	4633649854054151304	60.06243854025621
cell/eq/0.50/600/V0	4639787586989050683	158.69461619815579
cell/eq/0.50/600/V9	4644339630612757053	320.1429547713231
cell/eq/0.50/600/M9	4605033539429250567	0.7614264645432635
cell/eq/0.50/600/T9	4646514690217579901	443.7807789354918
cell/eq/0.50/600/p9	4677104761256804352	50000.0
cell/eq/0.50/600/F_over_mdot	4639948160364916597	163.25838602927584
cell/eq/0.50/600/tsfc	4540235522817306036	3.463143708989526e-05
cell/eq/0.50/600/eta_th	4594966244223454804	0.16093304280649312
cell/eq/0.50/600/eta_p	4604167504509113736	0.6652772736967316
cell/eq/0.50/600/s2/Tt	4643327343480941738	262.6010933301392
cell/eq/0.50/600/s2/pt	4678142939019462431	57553.73739708796
cell/eq/0.50/600/s3/Tt	4645272569639457107	373.1743986376288
cell/eq/0.50/600/s3/pt	4685202589359824264	173533.81617806503
cell/eq/0.50/600/s4/Tt	4648488871632306176	600.0
cell/eq/0.50/600/s4/pt	4684964086298949107	166592.46353094242
cell/eq/0.50/600/s5/Tt	4647387464267783338	493.39223984204966
cell/eq/0.50/600/s5/pt	4679869347687776724	74694.02738500322
cell/eq/0.50/600/s9/Tt	4647387464267783338	493.39223984204966
cell/eq/0.50/600/s9/pt	4679766688998232686	73200.14683730315
cell/eq/0.50/600/s4/far	4573168493372258062	0.005653872525170701
cell/eq/0.50/650/abort	0	0.0
cell/eq/0.50/650/branch	4607182418800017408	1.0
cell/eq/0.50/650/n_solve_turbine	4620693217682128896	8.0
cell/eq/0.50/650/pi_c	4614851141546725136	3.405597025144637
cell/eq/0.50/650/tau_c	4609325120520863152	1.475775357077378
cell/eq/0.50/650/tau_t	4605529988126293808	0.81654334194352
cell/eq/0.50/650/pi_t	4601450877462086998	0.4318355420019392
cell/eq/0.50/650/mdot_air	4600846968702308205	0.39831187150797726
cell/eq/0.50/650/mdot_ratio	4600846968702308205	0.39831187150797726
cell/eq/0.50/650/thrust	4635546990160435180	83.08480266187661
cell/eq/0.50/650/V0	4639787586989050683	158.69461619815579
cell/eq/0.50/650/V9	4645126629394997711	364.87865619317466
cell/eq/0.50/650/M9	4605804412444548857	0.8470105616079017
cell/eq/0.50/650/T9	4646918225638370512	466.7191118846649
cell/eq/0.50/650/p9	4677104761256804352	50000.0
cell/eq/0.50/650/F_over_mdot	4641543206834204757	208.59233330737575
cell/eq/0.50/650/tsfc	4539794345271465306	3.1641901754568116e-05
cell/eq/0.50/650/eta_th	4596108163694447734	0.19262767503059636
cell/eq/0.50/650/eta_p	4603654542943256477	0.6083270995804814
cell/eq/0.50/650/s2/Tt	4643327343480941738	262.6010933301392
cell/eq/0.50/650/s2/pt	4678142939019462431	57553.73739708796
cell/eq/0.50/650/s3/Tt	4645525295881623234	387.540222278196
cell/eq/0.50/650/s3/pt	4685974687751505703	196004.8368654784
cell/eq/0.50/650/s4/Tt	4648928676283416576	650.0
cell/eq/0.50/650/s4/pt	4685705300754963288	188164.64339085924
cell/eq/0.50/650/s5/Tt	4647879770094041238	530.7531722632873
cell/eq/0.50/650/s5/pt	4680320295434262900	81256.18076429312
cell/eq/0.50/650/s9/Tt	4647879770094041238	530.7531722632873
cell/eq/0.50/650/s9/pt	4680208617789789139	79631.05714900726
cell/eq/0.50/650/s4/far	4574259601673037248	0.00660025811726811
cell/eq/0.50/900/abort	0	0.0
cell/eq/0.50/900/branch	0	0.0
cell/eq/0.50/900/n_solve_turbine	4620693217682128896	8.0
cell/eq/0.50/900/pi_c	4617518159440576948	5.179981788562532
cell/eq/0.50/900/tau_c	4610237624873936138	1.6783920256478404
cell/eq/0.50/900/tau_t	4605583177052875019	0.8224484990380757
cell/eq/0.50/900/pi_t	4601301219369519079	0.42352784899241985
cell/eq/0.50/900/mdot_air	4602752377862102157	0.5081666550694465
cell/eq/0.50/900/mdot_ratio	4602752377862102157	0.5081666550694465
cell/eq/0.50/900/thrust	4641732795072621731	213.98075513108515
cell/eq/0.50/900/V0	4639787586989050683	158.69461619815579
cell/eq/0.50/900/V9	4647430930657379754	495.8630180322458
cell/eq/0.50/900/M9	4607182418800016499	0.9999999999998991
cell/eq/0.50/900/T9	4648728502909791915	627.2429221565448
cell/eq/0.50/900/p9	4678952075780791260	63440.982176594174
cell/eq/0.50/900/F_over_mdot	4646115401052418461	421.0838176736377
cell/eq/0.50/900/tsfc	4539114962208543457	2.8777900587378668e-05
cell/eq/0.50/900/eta_th	4596937056591082807	0.2156340745004088
cell/eq/0.50/900/eta_p	4603557070885762067	0.5975055273316933
cell/eq/0.50/900/s2/Tt	4643327343480941738	262.6010933301392
cell/eq/0.50/900/s2/pt	4678142939019462431	57553.73739708796
cell/eq/0.50/900/s3/Tt	4646461329634691506	440.7475809717099
cell/eq/0.50/900/s3/pt	4688865400678448603	298127.311580626
cell/eq/0.50/900/s4/Tt	4651127699538968576	900.0
cell/eq/0.50/900/s4/pt	4688660529149923292	286202.21911740093
cell/eq/0.50/900/s5/Tt	4649722115972115531	740.2036491310076
cell/eq/0.50/900/s5/pt	4683066217798842259	121214.61023732861
cell/eq/0.50/900/s9/Tt	4649722115972115531	740.2036491310076
cell/eq/0.50/900/s9/pt	4682899621707076911	118790.31803258204
cell/eq/0.50/900/s4/far	4578139120283713840	0.01211790824396583
cell/eq/0.50/1100/abort	0	0.0
cell/eq/0.50/1100/branch	0	0.0
cell/eq/0.50/1100/n_solve_turbine	4619567317775286272	7.0
cell/eq/0.50/1100/pi_c	4619457631069016673	6.902578634563356
cell/eq/0.50/1100/tau_c	4610922848754226951	1.830542291432211
cell/eq/0.50/1100/tau_t	4605655218866210525	0.8304467470281583
cell/eq/0.50/1100/pi_t	4601339501199856989	0.42565291746571693
cell/eq/0.50/1100/mdot_air	4603636230897445679	0.6062940540917675
cell/eq/0.50/1100/mdot_ratio	4603636230897445679	0.6062940540917675
cell/eq/0.50/1100/thrust	4644813212230050849	347.06295300793323
cell/eq/0.50/1100/V0	4639787586989050683	158.69461619815579
cell/eq/0.50/1100/V9	4648042153824222741	549.2140650450625
cell/eq/0.50/1100/M9	4607182418800017426	1.000000000000004
cell/eq/0.50/1100/T9	4650081581220513676	781.070116492208
cell/eq/0.50/1100/p9	4680613488926845224	85522.70761385991
cell/eq/0.50/1100/F_over_mdot	4648246393054544235	572.43337727901
cell/eq/0.50/1100/tsfc	4539390759394802230	2.9712337801463515e-05
cell/eq/0.50/1100/eta_th	4596136207099562300	0.1934060358817734
cell/eq/0.50/1100/eta_p	4603986894910118272	0.6452255801694236
cell/eq/0.50/1100/s2/Tt	4643327343480941738	262.6010933301392
cell/eq/0.50/1100/s2/pt	4678142939019462431	57553.73739708796
cell/eq/0.50/1100/s3/Tt	4647164222369614505	480.70240711715684
cell/eq/0.50/1100/s3/pt	4690568645319444735	397269.1980964094
cell/eq/0.50/1100/s4/Tt	4652552666608566272	1100.0
cell/eq/0.50/1100/s4/pt	4690295644005279579	381378.430172553
cell/eq/0.50/1100/s5/Tt	4651246371339516057	913.4914217309735
cell/eq/0.50/1100/s5/pt	4684817795518571194	162334.84146144037
cell/eq/0.50/1100/s9/Tt	4651246371339516057	913.4914217309735
cell/eq/0.50/1100/s9/pt	4684706239864958677	159088.14463221157
cell/eq/0.50/1100/s4/far	4580559539878798390	0.017008333874546554
cell/eq/0.50/1500/abort	0	0.0
cell/eq/0.50/1500/branch	0	0.0
cell/eq/0.50/1500/n_solve_turbine	4620693217682128896	8.0
cell/eq/0.50/1500/pi_c	4622722974390293655	11.605572210867008
cell/eq/0.50/1500/tau_c	4611992119291720901	2.135936090976062
cell/eq/0.50/1500/tau_t	4605758958492601788	0.8419641592067175
cell/eq/0.50/1500/pi_t	4601401423464351972	0.4290902936546799
cell/eq/0.50/1500/mdot_air	4605896902541902545	0.8572790251710903
cell/eq/0.50/1500/mdot_ratio	4605896902541902545	0.8572790251710903
cell/eq/0.50/1500/thrust	4649494028097824163	714.2730599801765
cell/eq/0.50/1500/V0	4639787586989050683	158.69461619815579
cell/eq/0.50/1500/V9	4648859297277570972	642.1125202211438
cell/eq/0.50/1500/M9	4607182418800017544	1.0000000000000302
cell/eq/0.50/1500/T9	4652531235954857786	1095.1272334991504
cell/eq/0.50/1500/p9	4684277393954421151	146607.08595986382
cell/eq/0.50/1500/F_over_mdot	4650539999207317400	833.1862077666328
cell/eq/0.50/1500/tsfc	4540047515807714923	3.3357452038387834e-05
cell/eq/0.50/1500/eta_th	4595204179424166781	0.16753707126147424
cell/eq/0.50/1500/eta_p	4604151134455537843	0.6634598326573012
cell/eq/0.50/1500/s2/Tt	4643327343480941738	262.6010933301392
cell/eq/0.50/1500/s2/pt	4678142939019462431	57553.73739708796
cell/eq/0.50/1500/s3/Tt	4648144936942855772	560.8991527736175
cell/eq/0.50/1500/s3/pt	4693984807839405650	667944.0553671813
cell/eq/0.50/1500/s4/Tt	4654311885213007872	1500.0
cell/eq/0.50/1500/s4/pt	4693755304009536877	641226.293152494
cell/eq/0.50/1500/s5/Tt	4653269311745662444	1262.9462388100756
cell/eq/0.50/1500/s5/pt	4688470550021472571	275143.9784279053
cell/eq/0.50/1500/s9/Tt	4653269311745662444	1262.9462388100756
cell/eq/0.50/1500/s9/pt	4688376011270349436	269641.09885934717
cell/eq/0.50/1500/s4/far	4583667999307469698	0.027792968964621696
cell/eq/0.85/400/abort	4616189618054758400	4.0
cell/eq/0.85/500/abort	0	0.0
cell/eq/0.85/500/branch	4607182418800017408	1.0
cell/eq/0.85/500/n_solve_turbine	4620693217682128896	8.0
cell/eq/0.85/500/pi_c	4612699292159237948	2.4499839309391103
cell/eq/0.85/500/tau_c	4608671941199227760	1.3307404126596474
cell/eq/0.85/500/tau_t	4605496873817509715	0.8128669151378553
cell/eq/0.85/500/pi_t	4601498575277762012	0.43448330266127555
cell/eq/0.85/500/mdot_air	4601694813432279774	0.445376708534054
cell/eq/0.85/500/mdot_ratio	4601694813432279774	0.445376708534054
cell/eq/0.85/500/thrust	4626125202731793224	19.298287588982276
cell/eq/0.85/500/V0	4643453651052699634	269.7808475368648
cell/eq/0.85/500/V9	4644199868063407318	312.19837363758177
cell/eq/0.85/500/M9	4605594932768774785	0.8237536456843629
cell/eq/0.85/500/T9	4645014192079035127	358.4873347463285
cell/eq/0.85/500/p9	4677104761256804352	50000.0
cell/eq/0.85/500/F_over_mdot	4631295008958927544	43.33025777774077
cell/eq/0.85/500/tsfc	4544606952092210426	6.747163188876643e-05
cell/eq/0.85/500/eta_th	4591854450539707502	0.09978170895850422
cell/eq/0.85/500/eta_p	4606608275147706928	0.9362572497762525
cell/eq/0.85/500/s2/Tt	4643745586963694955	286.3754828060834
cell/eq/0.85/500/s2/pt	4680086807681088516	77858.48677323764
cell/eq/0.85/500/s3/Tt	4645411847495821284	381.0914281649732
cell/eq/0.85/500/s3/pt	4685794203076417322	190752.0414816675
cell/eq/0.85/500/s4/Tt	4647503709213818880	500.0
cell/eq/0.85/500/s4/pt	4685532035466878443	183121.9598224008
cell/eq/0.85/500/s5/Tt	4645857669191838713	406.43345756892774
cell/eq/0.85/500/s5/pt	4680203970755051508	79563.43389344198
cell/eq/0.85/500/s9/Tt	4645857669191838713	406.43345756892774
cell/eq/0.85/500/s9/pt	4680094619604161975	77972.16521557314
cell/eq/0.85/500/s4/far	4568887700298618726	0.0029235632024250833
cell/eq/0.85/600/abort	0	0.0
cell/eq/0.85/600/branch	4607182418800017408	1.0
cell/eq/0.85/600/n_solve_turbine	4620693217682128896	8.0
cell/eq/0.85/600/pi_c	4613841179991427384	2.957083996073518
cell/eq/0.85/600/tau_c	4609033310088962028	1.4109804250128901
cell/eq/0.85/600/tau_t	4605469467726035060	0.8098242277608407
cell/eq/0.85/600/pi_t	4601261772954479840	0.4213381330816457
cell/eq/0.85/600/mdot_air	4602472424753932443	0.48854280820945356
cell/eq/0.85/600/mdot_ratio	4602472424753932443	0.48854280820945356
cell/eq/0.85/600/thrust	4633813633157351178	61.22615906073595
cell/eq/0.85/600/V0	4643453651052699634	269.7808475368648
cell/eq/0.85/600/V9	4645624514039801050	393.1801216020955
cell/eq/0.85/600/M9	4606920376334245487	0.9709074421070464
cell/eq/0.85/600/T9	4645933632700060500	410.7514830849152
cell/eq/0.85/600/p9	4677104761256804352	50000.0
cell/eq/0.85/600/F_over_mdot	4638519312336674328	125.32404127518419
cell/eq/0.85/600/tsfc	4540889329193136901	3.906180142152462e-05
cell/eq/0.85/600/eta_th	4596266885227629852	0.1970330825466612
cell/eq/0.85/600/eta_p	4605551980259968000	0.8189849592600922
cell/eq/0.85/600/s2/Tt	4643745586963694955	286.3754828060834
cell/eq/0.85/600/s2/pt	4680086807681088516	77858.48677323764
cell/eq/0.85/600/s3/Tt	4645816094332808586	404.0702004429992
cell/eq/0.85/600/s3/pt	4687150795768663449	230234.0851956427
cell/eq/0.85/600/s4/Tt	4648488871632306176	600.0
cell/eq/0.85/600/s4/pt	4686834364451434725	221024.721787817
cell/eq/0.85/600/s5/Tt	4647255563278367847	485.8945366525499
cell/eq/0.85/600/s5/pt	4681135993071947687	93126.14363986124
cell/eq/0.85/600/s9/Tt	4647255563278367847	485.8945366525499
cell/eq/0.85/600/s9/pt	4681008001474720230	91263.62076706401
cell/eq/0.85/600/s4/far	4572294014272804586	0.0048953828136342
cell/eq/0.85/650/abort	0	0.0
cell/eq/0.85/650/branch	0	0.0
cell/eq/0.85/650/n_solve_turbine	4619567317775286272	7.0
cell/eq/0.85/650/pi_c	4614390068494556017	3.200839457723696
cell/eq/0.85/650/tau_c	4609190973267927864	1.4459886832975837
cell/eq/0.85/650/tau_t	4605485145824654571	0.8115648463678132
cell/eq/0.85/650/pi_t	4601261607508861966	0.42132894900493134
cell/eq/0.85/650/mdot_air	4602740352229124471	0.5068315416076946
cell/eq/0.85/650/mdot_ratio	4602740352229124471	0.5068315416076946
cell/eq/0.85/650/thrust	4635635731017608500	84.34588609046915
cell/eq/0.85/650/V0	4643453651052699634	269.7808475368648
cell/eq/0.85/650/V9	4646093240518695709	419.8241371730563
cell/eq/0.85/650/M9	4607182418800017418	1.0000000000000022
cell/eq/0.85/650/T9	4646491725405858916	442.47538052377627
cell/eq/0.85/650/p9	4677432988280255507	52388.16591046019
cell/eq/0.85/650/F_over_mdot	4640059329023594732	166.41798934399355
cell/eq/0.85/650/tsfc	4540396862753715249	3.5724719024667394e-05
cell/eq/0.85/650/eta_th	4596567478383987298	0.20537621862748084
cell/eq/0.85/650/eta_p	4605913387304298481	0.8591092014478346
cell/eq/0.85/650/s2/Tt	4643745586963694955	286.3754828060834
cell/eq/0.85/650/s2/pt	4680086807681088516	77858.48677323764
cell/eq/0.85/650/s3/Tt	4645992464914828443	414.0957073114784
cell/eq/0.85/650/s3/pt	4687802889705748759	249212.51658243753
cell/eq/0.85/650/s4/Tt	4648928676283416576	650.0
cell/eq/0.85/650/s4/pt	4687460374631036622	239244.01591914002
cell/eq/0.85/650/s5/Tt	4647851305742414775	527.5171501390786
cell/eq/0.85/650/s5/pt	4681663366000021742	100800.4297829305
cell/eq/0.85/650/s9/Tt	4647851305742414775	527.5171501390786
cell/eq/0.85/650/s9/pt	4681524826944232804	98784.42118727189
cell/eq/0.85/650/s4/far	4573504412484241598	0.005945235909964262
cell/eq/0.85/900/abort	0	0.0
cell/eq/0.85/900/branch	0	0.0
cell/eq/0.85/900/n_solve_turbine	4619567317775286272	7.0
cell/eq/0.85/900/pi_c	4616907270683726711	4.637403577890715
cell/eq/0.85/900/tau_c	4609974286876617678	1.619919244071514
cell/eq/0.85/900/tau_t	4605581748165450909	0.8222898606662913
cell/eq/0.85/900/pi_t	4601300477344258344	0.4234866583159538
cell/eq/0.85/900/mdot_air	4603722453854211541	0.6158667252770395
cell/eq/0.85/900/mdot_ratio	4603722453854211541	0.6158667252770395
cell/eq/0.85/900/thrust	4642005394570932169	221.72849886293832
cell/eq/0.85/900/V0	4643453651052699634	269.7808475368648
cell/eq/0.85/900/V9	4647430571950729389	495.84262791987095
cell/eq/0.85/900/M9	4607182418800016626	0.9999999999999132
cell/eq/0.85/900/T9	4648726456457249659	627.0102674384683
cell/eq/0.85/900/p9	4680015123250848802	76815.34102119555
cell/eq/0.85/900/F_over_mdot	4645041273853650048	360.02675540425844
cell/eq/0.85/900/tsfc	4539851998186047926	3.203257309982185e-05
cell/eq/0.85/900/eta_th	4595588224252117580	0.17819645652345384
cell/eq/0.85/900/eta_p	4607652022672117066	1.1042730062516335
cell/eq/0.85/900/s2/Tt	4643745586963694955	286.3754828060834
cell/eq/0.85/900/s2/pt	4680086807681088516	77858.48677323764
cell/eq/0.85/900/s3/Tt	4646868721996379697	463.90515562784555
cell/eq/0.85/900/s3/pt	4689946597080487535	361061.22513136914
cell/eq/0.85/900/s4/Tt	4651127699538968576	900.0
cell/eq/0.85/900/s4/pt	4689698477695880667	346618.77612611436
cell/eq/0.85/900/s5/Tt	4649720860114056614	740.0608745996622
cell/eq/0.85/900/s5/pt	4684283624792372838	146788.4272112131
cell/eq/0.85/900/s9/Tt	4649720860114056614	740.0608745996622
cell/eq/0.85/900/s9/pt	4684182752553284288	143852.65866698883
cell/eq/0.85/900/s4/far	4577801703460979226	0.01153258336037859
cell/eq/0.85/1100/abort	0	0.0
cell/eq/0.85/1100/branch	0	0.0
cell/eq/0.85/1100/n_solve_turbine	4641240890982006784	200.0
cell/eq/0.85/1100/pi_c	4618542541183600528	6.089815546250875
cell/eq/0.85/1100/tau_c	4610599936251530000	1.7588413123455133
cell/eq/0.85/1100/tau_t	4605653751056428993	0.8302837874066357
cell/eq/0.85/1100/pi_t	4601338733478224806	0.4256103003540893
cell/eq/0.85/1100/mdot_air	4604697550550902743	0.72412420566729
cell/eq/0.85/1100/mdot_ratio	4604697550550902743	0.72412420566729
cell/eq/0.85/1100/thrust	4645078790108321985	362.1593075826641
cell/eq/0.85/1100/V0	4643453651052699634	269.7808475368648
cell/eq/0.85/1100/V9	4648041965714543958	549.1926794505368
cell/eq/0.85/1100/M9	4607182418800017898	1.0000000000001088
cell/eq/0.85/1100/T9	4650078989353501162	780.7754553277603
cell/eq/0.85/1100/p9	4681749066946268265	102047.54268770073
cell/eq/0.85/1100/F_over_mdot	4647506070747953165	500.13423767394926
cell/eq/0.85/1100/tsfc	4539968250792504737	3.282033140280671e-05
cell/eq/0.85/1100/eta_th	4595162576353457872	0.16638235408657076
cell/eq/0.85/1100/eta_p	4607877305349737830	1.1542958094003892
cell/eq/0.85/1100/s2/Tt	4643745586963694955	286.3754828060834
cell/eq/0.85/1100/s2/pt	4680086807681088516	77858.48677323764
cell/eq/0.85/1100/s3/Tt	4647568607315941574	503.6890300022318
cell/eq/0.85/1100/s3/pt	4691889341321593054	474143.82315923076
cell/eq/0.85/1100/s4/Tt	4652552666608566272	1100.0
cell/eq/0.85/1100/s4/pt	4691563512167341965	455178.0702328615
cell/eq/0.85/1100/s5/Tt	4651244794590788984	913.312166154311
cell/eq/0.85/1100/s5/pt	4685896472559780212	193728.4751863588
cell/eq/0.85/1100/s9/Tt	4651244794590788984	913.312166154311
cell/eq/0.85/1100/s9/pt	4685763343365343515	189853.90568263162
cell/eq/0.85/1100/s4/far	4580388399505009680	0.01641457142634911
cell/eq/0.85/1500/abort	0	0.0
cell/eq/0.85/1500/branch	0	0.0
cell/eq/0.85/1500/n_solve_turbine	4641240890982006784	200.0
cell/eq/0.85/1500/pi_c	4621819117588970046	9.999999999997382
cell/eq/0.85/1500/tau_c	4611770577926474953	2.0375519611348847
cell/eq/0.85/1500/tau_t	4605757427501394530	0.8417941850378379
cell/eq/0.85/1500/pi_t	4601400640323062146	0.4290468205801049
cell/eq/0.85/1500/mdot_air	4607182418800015050	0.9999999999997382
cell/eq/0.85/1500/mdot_ratio	4607182418800015050	0.9999999999997382
cell/eq/0.85/1500/thrust	4649770589893134478	745.7144959236191
cell/eq/0.85/1500/V0	4643453651052699634	269.7808475368648
cell/eq/0.85/1500/V9	4648859063097412413	642.08589701946
cell/eq/0.85/1500/M9	4607182418800017142	0.9999999999999705
cell/eq/0.85/1500/T9	4652529394908656964	1094.7086280578087
cell/eq/0.85/1500/p9	4685110401077995787	170850.78405363145
cell/eq/0.85/1500/F_over_mdot	4649770589893136195	745.7144959238143
cell/eq/0.85/1500/tsfc	4540503479226442126	3.644718034562503e-05
cell/eq/0.85/1500/eta_th	4594598930347527944	0.15073803474853542
cell/eq/0.85/1500/eta_p	4607845841469625867	1.1473094245715199
cell/eq/0.85/1500/s2/Tt	4643745586963694955	286.3754828060834
cell/eq/0.85/1500/s2/pt	4680086807681088516	77858.48677323764
cell/eq/0.85/1500/s3/Tt	4648343779432381444	583.5049266124847
cell/eq/0.85/1500/s3/pt	4694935205180826670	778584.8677321726
cell/eq/0.85/1500/s4/Tt	4654311885213007872	1500.0
cell/eq/0.85/1500/s4/pt	4694667685457301056	747441.4730228856
cell/eq/0.85/1500/s5/Tt	4653268190414211819	1262.6912775567569
cell/eq/0.85/1500/s5/pt	4689252979832965765	320687.38758388936
cell/eq/0.85/1500/s9/Tt	4653268190414211819	1262.6912775567569
cell/eq/0.85/1500/s9/pt	4689142792485612766	314273.63983221154
cell/eq/0.85/1500/s4/far	4583491089772941734	0.02717919071928212
cell/eq/1.20/400/abort	4616189618054758400	4.0
cell/eq/1.20/500/abort	0	0.0
cell/eq/1.20/500/branch	0	0.0
cell/eq/1.20/500/n_solve_turbine	4619567317775286272	7.0
cell/eq/1.20/500/pi_c	4612353632778253387	2.296480329560415
cell/eq/1.20/500/tau_c	4608544397046016324	1.3024199215493164
cell/eq/1.20/500/tau_t	4605435678808575031	0.8060729043467124
cell/eq/1.20/500/pi_t	4601244183512170734	0.4203617228895514
cell/eq/1.20/500/mdot_air	4603821759034470674	0.6268918150358636
cell/eq/1.20/500/mdot_ratio	4603821759034470674	0.6268918150358636
cell/eq/1.20/500/thrust	4621764773550792828	9.903465596100652
cell/eq/1.20/500/V0	4645407900701383239	380.8670788755739
cell/eq/1.20/500/V9	4645171345280894748	367.42046002495204
cell/eq/1.20/500/M9	4607182418800017150	0.9999999999999714
cell/eq/1.20/500/T9	4644626546689733574	336.4522455127993
cell/eq/1.20/500/p9	4677938974826525375	56069.70257446681
cell/eq/1.20/500/F_over_mdot	4625082947593150094	15.797726750562358
cell/eq/1.20/500/tsfc	4548746624058359548	0.0001250789847544383
cell/eq/1.20/500/eta_th	13811878692165783502	-0.057910858575297305
cell/eq/1.20/500/eta_p	13831583657527169036	-1.2285287231397914
cell/eq/1.20/500/s2/Tt	4644378775611910871	322.36809035452956
cell/eq/1.20/500/s2/pt	4682761841319323207	116785.34950985863
cell/eq/1.20/500/s3/Tt	4646093847198891661	419.85862294954933
cell/eq/1.20/500/s3/pt	4688351171912326302	268195.25793022837
cell/eq/1.20/500/s4/Tt	4647503709213818880	500.0
cell/eq/1.20/500/s4/pt	4688086526976205431	257467.44761301923
cell/eq/1.20/500/s5/Tt	4645797908440925931	403.03645217335605
cell/eq/1.20/500/s5/pt	4682173885060026393	108229.45986658371
cell/eq/1.20/500/s9/Tt	4645797908440925931	403.03645217335605
cell/eq/1.20/500/s9/pt	4682025135623037362	106064.87066925204
cell/eq/1.20/500/s4/far	4566702684433763084	0.001975963623388371
cell/eq/1.20/600/abort	0	0.0
cell/eq/1.20/600/branch	0	0.0
cell/eq/1.20/600/n_solve_turbine	4620693217682128896	8.0
cell/eq/1.20/600/pi_c	4613176085111568806	2.6617225364017996
cell/eq/1.20/600/tau_c	4608819405072358744	1.3634839701097317
cell/eq/1.20/600/tau_t	4605466050007615636	0.8094447847927477
cell/eq/1.20/600/pi_t	4601254590643963519	0.42093943475638435
cell/eq/1.20/600/mdot_air	4604122575264896571	0.6602891255558413
cell/eq/1.20/600/mdot_ratio	4604122575264896571	0.6602891255558413
cell/eq/1.20/600/thrust	4633708369087121404	60.47821285635288
cell/eq/1.20/600/V0	4645407900701383239	380.8670788755739
cell/eq/1.20/600/V9	4645797772976380704	403.0287519054709
cell/eq/1.20/600/M9	4607182418800017170	0.9999999999999736
cell/eq/1.20/600/T9	4645860648821390643	406.60282989959813
cell/eq/1.20/600/p9	4679194046013799402	65201.5473358555
cell/eq/1.20/600/F_over_mdot	4636145738727121136	91.59353155398617
cell/eq/1.20/600/tsfc	4541602716441741999	4.389590145128152e-05
cell/eq/1.20/600/eta_th	4587708873101141766	0.05237513246261298
cell/eq/1.20/600/eta_p	4615898280659570561	3.870620206371257
cell/eq/1.20/600/s2/Tt	4644378775611910871	322.36809035452956
cell/eq/1.20/600/s2/pt	4682761841319323207	116785.34950985863
cell/eq/1.20/600/s3/Tt	4646440151153126716	439.54372367328665
cell/eq/1.20/600/s3/pt	4689083978180647835	310850.1967119516
cell/eq/1.20/600/s4/Tt	4648488871632306176	600.0
cell/eq/1.20/600/s4/pt	4688870363552034555	298416.1888434735
cell/eq/1.20/600/s5/Tt	4647251558139664646	485.6668708756482
cell/eq/1.20/600/s5/pt	4683368620028895065	125615.14185392614
cell/eq/1.20/600/s9/Tt	4647251558139664646	485.6668708756482
cell/eq/1.20/600/s9/pt	4683195975892528661	123102.83901684762
cell/eq/1.20/600/s4/far	4571285436028398242	0.004020580634668621
cell/eq/1.20/650/abort	0	0.0
cell/eq/1.20/650/branch	0	0.0
cell/eq/1.20/650/n_solve_turbine	4619567317775286272	7.0
cell/eq/1.20/650/pi_c	4613622882247081555	2.8601403232749276
cell/eq/1.20/650/tau_c	4608957269744483753	1.3940960767648483
cell/eq/1.20/650/tau_t	4605483132465261306	0.8113413185722884
cell/eq/1.20/650/pi_t	4601260632738474795	0.42127483837855334
cell/eq/1.20/650/mdot_air	4604300279767432763	0.6800182885853653
cell/eq/1.20/650/mdot_ratio	4604300279767432763	0.6800182885853653
cell/eq/1.20/650/thrust	4635850762660403270	87.40166952539684
cell/eq/1.20/650/V0	4645407900701383239	380.8670788755739
cell/eq/1.20/650/V9	4646092722090508220	419.7946679424456
cell/eq/1.20/650/M9	4607182418800017059	0.9999999999999613
cell/eq/1.20/650/T9	4646487693374049616	442.2461860507801
cell/eq/1.20/650/p9	4679560170478819654	70194.90684971688
cell/eq/1.20/650/F_over_mdot	4638726207972009637	128.52841018028735
cell/eq/1.20/650/tsfc	4540946500311708886	3.944920799001945e-05
cell/eq/1.20/650/eta_th	4589987348616813652	0.07387046465702102
cell/eq/1.20/650/eta_p	4614058647705331143	3.0536590613089376
cell/eq/1.20/650/s2/Tt	4644378775611910871	322.36809035452956
cell/eq/1.20/650/s2/pt	4682761841319323207	116785.34950985863
cell/eq/1.20/650/s3/Tt	4646613757290159108	449.41209003742574
cell/eq/1.20/650/s3/pt	4689482075101659646	334022.4873009025
cell/eq/1.20/650/s4/Tt	4648928676283416576	650.0
cell/eq/1.20/650/s4/pt	4689252536596205894	320661.5878088664
cell/eq/1.20/650/s5/Tt	4647850027731081162	527.3718570719877
cell/eq/1.20/650/s5/pt	4683881555083706187	135086.65857839058
cell/eq/1.20/650/s9/Tt	4647850027731081162	527.3718570719877
cell/eq/1.20/650/s9/pt	4683788724238790970	132384.92540682276
cell/eq/1.20/650/s4/far	4572495730770698834	0.005070343985828689
cell/eq/1.20/900/abort	0	0.0
cell/eq/1.20/900/branch	0	0.0
cell/eq/1.20/900/n_solve_turbine	4619567317775286272	7.0
cell/eq/1.20/900/pi_c	4616218064215625246	4.025265266205251
cell/eq/1.20/900/tau_c	4609648763358609598	1.5476385031216036
cell/eq/1.20/900/tau_t	4605579570492903507	0.8220480904460693
cell/eq/1.20/900/pi_t	4601299346681532691	0.4234238939263985
cell/eq/1.20/900/mdot_air	4605405196465115245	0.8026886843913538
cell/eq/1.20/900/mdot_ratio	4605405196465115245	0.8026886843913538
cell/eq/1.20/900/thrust	4642778513008775762	243.70184645861679
cell/eq/1.20/900/V0	4645407900701383239	380.8670788755739
cell/eq/1.20/900/V9	4647430024922152745	495.81153294535994
cell/eq/1.20/900/M9	4607182418800016914	0.9999999999999452
cell/eq/1.20/900/T9	4648723338216479125	626.6557645060117
cell/eq/1.20/900/p9	4681606715611406572	99976.0581301485
cell/eq/1.20/900/F_over_mdot	4644048725771993884	303.60692905918563
cell/eq/1.20/900/tsfc	4540298426314035787	3.5057687763716075e-05
cell/eq/1.20/900/eta_th	4592841012384387227	0.11347300489825544
cell/eq/1.20/900/eta_p	4612219554147947976	2.236937456570306
cell/eq/1.20/900/s2/Tt	4644378775611910871	322.36809035452956
cell/eq/1.20/900/s2/pt	4682761841319323207	116785.34950985863
cell/eq/1.20/900/s3/Tt	4647484520867807939	498.90926881045397
cell/eq/1.20/900/s3/pt	4691819731718458856	470092.0109836743
cell/eq/1.20/900/s4/Tt	4651127699538968576	900.0
cell/eq/1.20/900/s4/pt	4691496686948333135	451288.3305443273
cell/eq/1.20/900/s5/Tt	4649718946144090920	739.8432814067683
cell/eq/1.20/900/s5/pt	4685805686812946517	191086.26220262298
cell/eq/1.20/900/s9/Tt	4649718946144090920	739.8432814067683
cell/eq/1.20/900/s9/pt	4685674373333446493	187264.5369585705
cell/eq/1.20/900/s4/far	4577289329903562258	0.010643756921857626
cell/eq/1.20/1100/abort	0	0.0
cell/eq/1.20/1100/branch	0	0.0
cell/eq/1.20/1100/n_solve_turbine	4641240890982006784	200.0
cell/eq/1.20/1100/pi_c	4617522462566365066	5.183803732024794
cell/eq/1.20/1100/tau_c	4610200766395902336	1.670207799454687
cell/eq/1.20/1100/tau_t	4605651513644793848	0.8300353848153454
cell/eq/1.20/1100/pi_t	4601337563334658326	0.42554534433760816
cell/eq/1.20/1100/mdot_air	4606511891417522528	0.9255565061312545
cell/eq/1.20/1100/mdot_ratio	4606511891417522528	0.9255565061312545
cell/eq/1.20/1100/thrust	4645744744696568755	400.0144431846522
cell/eq/1.20/1100/V0	4645407900701383239	380.8670788755739
cell/eq/1.20/1100/V9	4648041678877769857	549.160069884747
cell/eq/1.20/1100/M9	4607182418800016824	0.9999999999999352
cell/eq/1.20/1100/T9	4650075039163487528	780.3263707167107
cell/eq/1.20/1100/p9	4683686979403338087	130247.88048297689
cell/eq/1.20/1100/F_over_mdot	4646310748424317512	432.1880301578535
cell/eq/1.20/1100/tsfc	4540421835875294051	3.5893943478851655e-05
cell/eq/1.20/1100/eta_th	4593411532981717399	0.12139056868799113
cell/eq/1.20/1100/eta_p	4611781312002173607	2.0423188483303707
cell/eq/1.20/1100/s2/Tt	4644378775611910871	322.36809035452956
cell/eq/1.20/1100/s2/pt	4682761841319323207	116785.34950985863
cell/eq/1.20/1100/s3/Tt	4647947223166849359	538.4216988054485
cell/eq/1.20/1100/s3/pt	4693447492615339639	605392.330635025
cell/eq/1.20/1100/s4/Tt	4652552666608566272	1100.0
cell/eq/1.20/1100/s4/pt	4693239481394433507	581176.6374096241
cell/eq/1.20/1100/s5/Tt	4651242391121197299	913.0389232968722
cell/eq/1.20/1100/s5/pt	4687737760674097517	247317.01228744854
cell/eq/1.20/1100/s9/Tt	4651242391121197299	913.0389232968722
cell/eq/1.20/1100/s9/pt	4687567805717374473	242370.67204169955
cell/eq/1.20/1100/s4/far	4580096218651132134	0.015512932726722228
cell/eq/1.20/1500/abort	0	0.0
cell/eq/1.20/1500/branch	0	0.0
cell/eq/1.20/1500/n_solve_turbine	4621256167635550208	9.0
cell/eq/1.20/1500/pi_c	4620831028399969719	8.244801011179204
cell/eq/1.20/1500/tau_c	4611307470481516568	1.915945470913817
cell/eq/1.20/1500/tau_t	4605755093035377228	0.8415350072455765
cell/eq/1.20/1500/pi_t	4601399446386371894	0.4289805437799318
cell/eq/1.20/1500/mdot_air	4608254483681153755	1.2380462229859208
cell/eq/1.20/1500/mdot_ratio	4608254483681153755	1.2380462229859208
cell/eq/1.20/1500/thrust	4650415719555572963	819.0572471666641
cell/eq/1.20/1500/V0	4645407900701383239	380.8670788755739
cell/eq/1.20/1500/V9	4648858706077011325	642.0453084990583
cell/eq/1.20/1500/M9	4607182418800017446	1.0000000000000084
cell/eq/1.20/1500/T9	4652526588206221580	1094.0704578092
cell/eq/1.20/1500/p9	4686497245237096069	211213.26132999748
cell/eq/1.20/1500/F_over_mdot	4649030468446896802	661.5724291709087
cell/eq/1.20/1500/tsfc	4540979668374260256	3.9673963524240264e-05
cell/eq/1.20/1500/eta_th	4593579800989752774	0.12372575639834968
cell/eq/1.20/1500/eta_p	4610843209007109450	1.812858715247176
cell/eq/1.20/1500/s2/Tt	4644378775611910871	322.36809035452956
cell/eq/1.20/1500/s2/pt	4682761841319323207	116785.34950985863
cell/eq/1.20/1500/s3/Tt	4648644031922058374	617.639682681897
cell/eq/1.20/1500/s3/pt	4696518219315955646	962871.9677297992
cell/eq/1.20/1500/s4/Tt	4654311885213007872	1500.0
cell/eq/1.20/1500/s4/pt	4696187379027024873	924357.0890206072
cell/eq/1.20/1500/s5/Tt	4653266480600234304	1262.302510868365
cell/eq/1.20/1500/s5/pt	4690555966724209417	396531.2067240929
cell/eq/1.20/1500/s9/Tt	4653266480600234304	1262.302510868365
cell/eq/1.20/1500/s9/pt	4690419719639031545	388600.582589611
cell/eq/1.20/1500/s4/far	4583222461859438786	0.026247200423569657
cell/eq/1.60/400/abort	4616189618054758400	4.0
cell/eq/1.60/500/abort	4611686018427387904	2.0
cell/eq/1.60/600/abort	0	0.0
cell/eq/1.60/600/branch	0	0.0
cell/eq/1.60/600/n_solve_turbine	4621256167635550208	9.0
cell/eq/1.60/600/pi_c	4612450755605571972	2.3396115292027293
cell/eq/1.60/600/tau_c	4608565009726948641	1.3069968561433785
cell/eq/1.60/600/tau_t	4605462990338664628	0.8091050933010338
cell/eq/1.60/600/pi_t	4601253140866340221	0.42085895593148576
cell/eq/1.60/600/mdot_air	4607090968941457367	0.9898470261427929
cell/eq/1.60/600/mdot_ratio	4607090968941457367	0.9898470261427929
cell/eq/1.60/600/thrust	4630448812914458104	37.317673253473856
cell/eq/1.60/600/V0	4647641328871307359	507.82277183409855
cell/eq/1.60/600/V9	4645796981542733954	402.9837641111882
cell/eq/1.60/600/M9	4607182418800017580	1.0000000000000382
cell/eq/1.60/600/T9	4645855042684422142	406.2841579077066
cell/eq/1.60/600/p9	4681439444318622092	97541.94045740942
cell/eq/1.60/600/F_over_mdot	4630502683232463808	37.70044488479425
cell/eq/1.60/600/tsfc	4544832232566795881	7.052475163831787e-05
cell/eq/1.60/600/eta_th	13824567482754784793	-0.4176562419301902
cell/eq/1.60/600/eta_p	13824300163908990426	-0.4028170650543338
cell/eq/1.60/600/s2/Tt	4645362121196066384	378.2648152796073
cell/eq/1.60/600/s2/pt	4686072667236213351	198856.41517664792
cell/eq/1.60/600/s3/Tt	4647405033311624602	494.39092436010253
cell/eq/1.60/600/s3/pt	4691736490967938623	465246.76160321006
cell/eq/1.60/600/s4/Tt	4648488871632306176	600.0
cell/eq/1.60/600/s4/pt	4691416775827833711	446636.8911390816
cell/eq/1.60/600/s5/Tt	4647247972590019858	485.4630559753433
cell/eq/1.60/600/s5/pt	4685698651880540267	187971.13567692353
cell/eq/1.60/600/s9/Tt	4647247972590019858	485.4630559753433
cell/eq/1.60/600/s9/pt	4685569479099688368	184211.71296338504
cell/eq/1.60/600/s4/far	4568277231381959142	0.002658814512154206
cell/eq/1.60/650/abort	0	0.0
cell/eq/1.60/650/branch	0	0.0
cell/eq/1.60/650/n_solve_turbine	4620693217682128896	8.0
cell/eq/1.60/650/pi_c	4612797056373088911	2.493399963419797
cell/eq/1.60/650/tau_c	4608681320995208286	1.3328231457524207
cell/eq/1.60/650/tau_t	4605479973734608307	0.8109906290223335
cell/eq/1.60/650/pi_t	4601259104452971717	0.42119000149086744
cell/eq/1.60/650/mdot_air	4607232280463650364	1.0110715134022845
cell/eq/1.60/650/mdot_ratio	4607232280463650364	1.0110715134022845
cell/eq/1.60/650/thrust	4634767879714401740	72.01297730619916
cell/eq/1.60/650/V0	4647641328871307359	507.82277183409855
cell/eq/1.60/650/V9	4646091907622727156	419.74837080921793
cell/eq/1.60/650/M9	4607182418800016690	0.9999999999999203
cell/eq/1.60/650/T9	4646481370256936794	441.88675845623004
cell/eq/1.60/650/p9	4681893429461921034	104148.2937776336
cell/eq/1.60/650/F_over_mdot	4634712389591978818	71.22441523831824
cell/eq/1.60/650/tsfc	4542800722108507454	5.201390361726309e-05
cell/eq/1.60/650/eta_th	13821647396653286806	-0.25555890074164134
cell/eq/1.60/650/eta_p	13829587102080838721	-0.8926021789242286
cell/eq/1.60/650/s2/Tt	4645362121196066384	378.2648152796073
cell/eq/1.60/650/s2/pt	4686072667236213351	198856.41517664792
cell/eq/1.60/650/s3/Tt	4647576894485074491	504.16010102842455
cell/eq/1.60/650/s3/pt	4692261882578666622	495828.5783272459
cell/eq/1.60/650/s4/Tt	4648928676283416576	650.0
cell/eq/1.60/650/s4/pt	4691921151774132590	475995.435194156
cell/eq/1.60/650/s5/Tt	4647848022677444004	527.143908864517
cell/eq/1.60/650/s5/pt	4686128608425289697	200484.51805907398
cell/eq/1.60/650/s9/Tt	4647848022677444004	527.143908864517
cell/eq/1.60/650/s9/pt	4685990836513542810	196474.8276978925
cell/eq/1.60/650/s4/far	4570688786587687128	0.00370465986940181
cell/eq/1.60/900/abort	0	0.0
cell/eq/1.60/900/branch	0	0.0
cell/eq/1.60/900/n_solve_turbine	4621256167635550208	9.0
cell/eq/1.60/900/pi_c	4614796873731101553	3.381497273784071
cell/eq/1.60/900/tau_c	4609264399898019189	1.4622926703671884
cell/eq/1.60/900/tau_t	4605576152074299056	0.8216685697418225
cell/eq/1.60/900/pi_t	4601297572326914297	0.42332539745883896
cell/eq/1.60/900/mdot_air	4607858340004635973	1.1500846568399805
cell/eq/1.60/900/mdot_ratio	4607858340004635973	1.1500846568399805
cell/eq/1.60/900/thrust	4643371718696678022	265.1235323052755
cell/eq/1.60/900/V0	4647641328871307359	507.82277183409855
cell/eq/1.60/900/V9	4647429165365232169	495.76267279128894
cell/eq/1.60/900/M9	4607182418800017097	0.9999999999999655
cell/eq/1.60/900/T9	4648718444851996368	626.0994533721478
cell/eq/1.60/900/p9	4684151012554975776	142928.9031375209
cell/eq/1.60/900/F_over_mdot	4642314902101801454	230.52523197182694
cell/eq/1.60/900/tsfc	4541050388225467291	4.015317987621851e-05
cell/eq/1.60/900/eta_th	13801676162645898344	-0.01240414717133316
cell/eq/1.60/900/eta_p	13850770602809241287	-23.822182528251485
cell/eq/1.60/900/s2/Tt	4645362121196066384	378.2648152796073
cell/eq/1.60/900/s2/pt	4686072667236213351	198856.41517664792
cell/eq/1.60/900/s3/Tt	4648076632765449905	553.1338668411682
cell/eq/1.60/900/s3/pt	4694023362647799338	672432.4257943083
cell/eq/1.60/900/s4/Tt	4651127699538968576	900.0
cell/eq/1.60/900/s4/pt	4693792316625594818	645535.128762536
cell/eq/1.60/900/s5/Tt	4649715941674567684	739.5017127676406
cell/eq/1.60/900/s5/pt	4688438379626004443	273271.41495704436
cell/eq/1.60/900/s9/Tt	4649715941674567684	739.5017127676406
cell/eq/1.60/900/s9/pt	4688344484282790671	267805.9866579035
cell/eq/1.60/900/s4/far	4576489527609018104	0.009256321105371765
cell/eq/1.60/1100/abort	0	0.0
cell/eq/1.60/1100/branch	0	0.0
cell/eq/1.60/1100/n_solve_turbine	4620693217682128896	8.0
cell/eq/1.60/1100/pi_c	4616466454354332144	4.245880027071038
cell/eq/1.60/1100/tau_c	4609729482339376044	1.5655617173158403
cell/eq/1.60/1100/tau_t	4605648000426231297	0.829645339201477
cell/eq/1.60/1100/pi_t	4601335726226971254	0.425443364374963
cell/eq/1.60/1100/mdot_air	4608501960916177484	1.2929972078647038
cell/eq/1.60/1100/mdot_ratio	4608501960916177484	1.2929972078647038
cell/eq/1.60/1100/thrust	4646639300349505743	450.864044858853
cell/eq/1.60/1100/V0	4647641328871307359	507.82277183409855
cell/eq/1.60/1100/V9	4648041228239802349	549.1088382792638
cell/eq/1.60/1100/M9	4607182418800017910	1.0000000000001115
cell/eq/1.60/1100/T9	4650068838088106052	779.6213900661173
cell/eq/1.60/1100/p9	4685477959353833659	181548.13779658623
cell/eq/1.60/1100/F_over_mdot	4644841955933143265	348.69684336242614
cell/eq/1.60/1100/tsfc	4541094491859268615	4.0452037723605386e-05
cell/eq/1.60/1100/eta_th	4585876781188841051	0.03966244106095181
cell/eq/1.60/1100/eta_p	4620012247258886017	7.395176765621614
cell/eq/1.60/1100/s2/Tt	4645362121196066384	378.2648152796073
cell/eq/1.60/1100/s2/pt	4686072667236213351	198856.41517664792
cell/eq/1.60/1100/s3/Tt	4648420234960312482	592.1969138093011
cell/eq/1.60/1100/s3/pt	4695499869803057640	844320.4814534755
cell/eq/1.60/1100/s4/Tt	4652552666608566272	1100.0
cell/eq/1.60/1100/s4/pt	4695209763494642788	810547.6621953365
cell/eq/1.60/1100/s5/Tt	4651238617155944630	912.609873121625
cell/eq/1.60/1100/s5/pt	4689667955051479763	344842.1243906442
cell/eq/1.60/1100/s9/Tt	4651238617155944630	912.609873121625
cell/eq/1.60/1100/s9/pt	4689549468199756484	337945.2819028313
cell/eq/1.60/1100/s4/far	4579284887690080412	0.014105497861798981
cell/eq/1.60/1500/abort	0	0.0
cell/eq/1.60/1500/branch	0	0.0
cell/eq/1.60/1500/n_solve_turbine	4620693217682128896	8.0
cell/eq/1.60/1500/pi_c	4618975514508276443	6.474373109533839
cell/eq/1.60/1500/tau_c	4610661077068680551	1.772417300934501
cell/eq/1.60/1500/tau_t	4605751425603379545	0.841127840501069
cell/eq/1.60/1500/pi_t	4601397571217391364	0.4288764509910694
cell/eq/1.60/1500/mdot_air	4610146869329205282	1.6582402465733215
cell/eq/1.60/1500/mdot_ratio	4610146869329205282	1.6582402465733215
cell/eq/1.60/1500/thrust	4651417543237610909	932.9514135321839
cell/eq/1.60/1500/V0	4647641328871307359	507.82277183409855
cell/eq/1.60/1500/V9	4648858145212891503	641.9815456308842
cell/eq/1.60/1500/M9	4607182418800016813	0.9999999999999339
cell/eq/1.60/1500/T9	4652522180208739232	1093.068195220294
cell/eq/1.60/1500/p9	4688592710496527604	282254.65393693675
cell/eq/1.60/1500/F_over_mdot	4648160032756447185	562.6153480836603
cell/eq/1.60/1500/tsfc	4541627886524642674	4.406646056729747e-05
cell/eq/1.60/1500/eta_th	4590248921069728362	0.0775005116549409
cell/eq/1.60/1500/eta_p	4615005636983543505	3.4742067816067466
cell/eq/1.60/1500/s2/Tt	4645362121196066384	378.2648152796073
cell/eq/1.60/1500/s2/pt	4686072667236213351	198856.41517664792
cell/eq/1.60/1500/s3/Tt	4649108495718507453	670.4431029363692
cell/eq/1.60/1500/s3/pt	4698280455957917394	1287470.627077986
cell/eq/1.60/1500/s4/Tt	4654311885213007872	1500.0
cell/eq/1.60/1500/s4/pt	4698059270188402971	1235971.8019948665
cell/eq/1.60/1500/s5/Tt	4653263794492814129	1261.6917607516045
cell/eq/1.60/1500/s5/pt	4692800557748961932	530079.1999645992
cell/eq/1.60/1500/s9/Tt	4653263794492814129	1261.6917607516045
cell/eq/1.60/1500/s9/pt	4692668169951616008	519477.6159653072
cell/eq/1.60/1500/s4/far	4582803163512229426	0.024792467050884955
cell/eq/2.00/400/abort	4616189618054758400	4.0
cell/eq/2.00/500/abort	4616189618054758400	4.0
cell/eq/2.00/600/abort	4611686018427387904	2.0
cell/eq/2.00/650/abort	4611686018427387904	2.0
cell/eq/2.00/900/abort	0	0.0
cell/eq/2.00/900/branch	0	0.0
cell/eq/2.00/900/n_solve_turbine	4619567317775286272	7.0
cell/eq/2.00/900/pi_c	4613622545096910545	2.859990598521883
cell/eq/2.00/900/tau_c	4608910499572767205	1.3837110124637715
cell/eq/2.00/900/tau_t	4605571722372760913	0.8211767740778361
cell/eq/2.00/900/pi_t	4601295273998691024	0.4231978146132578
cell/eq/2.00/900/mdot_air	4610458462454984581	1.7274278190843415
cell/eq/2.00/900/mdot_ratio	4610458462454984581	1.7274278190843415
cell/eq/2.00/900/thrust	4642979076737694625	249.40221048422703
cell/eq/2.00/900/V0	4648794786243791675	634.7784647926231
cell/eq/2.00/900/V9	4647428049949458282	495.6992687452499
cell/eq/2.00/900/M9	4607182418800017467	1.000000000000013
cell/eq/2.00/900/T9	4648712106636420505	625.37888168653
cell/eq/2.00/900/p9	4686595349229244365	214068.46328461022
cell/eq/2.00/900/F_over_mdot	4639283858440415356	144.3777897570434
cell/eq/2.00/900/tsfc	4542762722777839432	5.175641013686769e-05
cell/eq/2.00/900/eta_th	13821292595236753154	-0.24293173282568864
cell/eq/2.00/900/eta_p	13831363244142989335	-1.1795871203294206
cell/eq/2.00/900/s2/Tt	4646616148371619680	449.54800728241935
cell/eq/2.00/900/s2/pt	4689797715477858930	352395.1752893097
cell/eq/2.00/900/s3/Tt	4648682777353932523	622.0445283078274
cell/eq/2.00/900/s3/pt	4696904550941864459	1007846.8882918967
cell/eq/2.00/900/s4/Tt	4651127699538968576	900.0
cell/eq/2.00/900/s4/pt	4696558257387897334	967533.0127602208
cell/eq/2.00/900/s5/Tt	4649712048382200169	739.0590966700521
cell/eq/2.00/900/s5/pt	4690778044877485964	409457.8565663032
cell/eq/2.00/900/s9/Tt	4649712048382200169	739.0590966700521
cell/eq/2.00/900/s9/pt	4690637356229242561	401268.6994349771
cell/eq/2.00/900/s4/far	4575265200543555496	0.007472476101319993
cell/eq/2.00/1100/abort	0	0.0
cell/eq/2.00/1100/branch	0	0.0
cell/eq/2.00/1100/n_solve_turbine	4621819117588971520	10.0
cell/eq/2.00/1100/pi_c	4615063087902587452	3.499720114850133
cell/eq/2.00/1100/tau_c	4609295689379179872	1.4692403308498214
cell/eq/2.00/1100/tau_t	4605643446016576367	0.8291396981552291
cell/eq/2.00/1100/pi_t	4601333345164133535	0.42531118883568725
cell/eq/2.00/1100/mdot_air	4611202889693126330	1.8927238710729584
cell/eq/2.00/1100/mdot_ratio	4611202889693126330	1.8927238710729584
cell/eq/2.00/1100/thrust	4647217536006192425	483.73293649214844
cell/eq/2.00/1100/V0	4648794786243791675	634.7784647926231
cell/eq/2.00/1100/V9	4648040643595370835	549.0423719026534
cell/eq/2.00/1100/M9	4607182418800017621	1.0000000000000473
cell/eq/2.00/1100/T9	4650060802110584420	778.707805193681
cell/eq/2.00/1100/p9	4688296053237779159	264986.9288121885
cell/eq/2.00/1100/F_over_mdot	4643196263076942094	255.57501751057174
cell/eq/2.00/1100/tsfc	4542224738237113163	4.8110885087998706e-05
cell/eq/2.00/1100/eta_th	13814731246346415136	-0.09290885877969446
cell/eq/2.00/1100/eta_p	13838025954304701083	-3.3180119318333943
cell/eq/2.00/1100/s2/Tt	4646616148371619680	449.54800728241935
cell/eq/2.00/1100/s2/pt	4689797715477858930	352395.1752893097
cell/eq/2.00/1100/s3/Tt	4649020983037327670	660.4940629524997
cell/eq/2.00/1100/s3/pt	4698047728242649792	1233284.4833361357
cell/eq/2.00/1100/s4/Tt	4652552666608566272	1100.0
cell/eq/2.00/1100/s4/pt	4697835851581746073	1183953.1040026902
cell/eq/2.00/1100/s5/Tt	4651233724723755597	912.0536679772864
cell/eq/2.00/1100/s5/pt	4692394509860723446	503548.5021890843
cell/eq/2.00/1100/s9/Tt	4651233724723755597	912.0536679772864
cell/eq/2.00/1100/s9/pt	4692221491912815294	493477.5321453026
cell/eq/2.00/1100/s4/far	4578241748775985956	0.012295940298814374
cell/eq/2.00/1500/abort	0	0.0
cell/eq/2.00/1500/branch	0	0.0
cell/eq/2.00/1500/n_solve_turbine	4641240890982006784	200.0
cell/eq/2.00/1500/pi_c	4617437219855564993	5.10809299585543
cell/eq/2.00/1500/tau_c	4610066619090496847	1.6404211140241676
cell/eq/2.00/1500/tau_t	4605746667970021877	0.8405996370914283
cell/eq/2.00/1500/pi_t	4601395139542967656	0.4287414659443898
cell/eq/2.00/1500/mdot_air	4612414628113002328	2.323567699573612
cell/eq/2.00/1500/mdot_ratio	4612414628113002328	2.323567699573612
cell/eq/2.00/1500/thrust	4652398561493767295	1064.9605536435554
cell/eq/2.00/1500/V0	4648794786243791675	634.7784647926231
cell/eq/2.00/1500/V9	4648857417316181697	641.8987933557584
cell/eq/2.00/1500/M9	4607182418800016936	0.9999999999999476
cell/eq/2.00/1500/T9	4652516464269169828	1091.7685410317872
cell/eq/2.00/1500/p9	4690518303073041633	394338.8936881554
cell/eq/2.00/1500/F_over_mdot	4646770641079200628	458.3299009703835
cell/eq/2.00/1500/tsfc	4542505352742893689	5.001240294298741e-05
cell/eq/2.00/1500/eta_th	4576599081368990593	0.00944636658467757
cell/eq/2.00/1500/eta_p	4629529624269236566	31.39322255346027
cell/eq/2.00/1500/s2/Tt	4646616148371619680	449.54800728241935
cell/eq/2.00/1500/s2/pt	4689797715477858930	352395.1752893097
cell/eq/2.00/1500/s3/Tt	4649697877403494383	737.4480429135709
cell/eq/2.00/1500/s3/pt	4700482042018696486	1800067.3266685694
cell/eq/2.00/1500/s4/Tt	4654311885213007872	1500.0
cell/eq/2.00/1500/s4/pt	4700172792806750900	1728064.6336018266
cell/eq/2.00/1500/s5/Tt	4653260309898068923	1260.8994556369569
cell/eq/2.00/1500/s5/pt	4694611434195325839	740892.9642568695
cell/eq/2.00/1500/s9/Tt	4653260309898068923	1260.8994556369569
cell/eq/2.00/1500/s9/pt	4694484149753273049	726075.1049717321
cell/eq/2.00/1500/s4/far	4582264089882156634	0.022922179688150336
census/matched_choked	4634907704006017024	74.0
census/matched_subsonic	4624070917402656768	14.0
census/aborted	4630544841867001856	38.0
turb/cpg/1500/pi_t	4601379591121935493	0.4278783551930661
turb/cpg/1500/tau_t	4605740205924975101	0.8398822059717187
turb/cpg/1500/Tt5	4653255576954920245	1259.823308957578
turb/cpg/1500/n_tau	4631811479262199808	47.0
turb/cpg/1100/pi_t	4601379591121935493	0.4278783551930661
turb/cpg/1100/tau_t	4605740205924975101	0.8398822059717187
turb/cpg/1100/Tt5	4651337666031548323	923.8704265688906
turb/cpg/1100/n_tau	4631811479262199808	47.0
turb/cpg/900/pi_t	4601379591121935493	0.4278783551930661
turb/cpg/900/tau_t	4605740205924975101	0.8398822059717187
turb/cpg/900/Tt5	4649860129629263423	755.8939853745468
turb/cpg/900/n_tau	4631811479262199808	47.0
turb/cpg/650/pi_t	4601379591121935493	0.4278783551930661
turb/cpg/650/tau_t	4605740205924975101	0.8398822059717187
turb/cpg/650/Tt5	4648013209126407299	545.9234338816171
turb/cpg/650/n_tau	4631811479262199808	47.0
turb/tpg/1500/pi_t	4601396903998859342	0.42883941292223404
turb/tpg/1500/tau_t	4605762360027404901	0.8423418054324655
turb/tpg/1500/Tt5	4653271803104160821	1263.5127081486983
turb/tpg/1500/n_tau	4631811479262199808	47.0
turb/tpg/1100/pi_t	4601348491708468926	0.4261519909489201
turb/tpg/1100/tau_t	4605684308384888132	0.8336763323692726
turb/tpg/1100/Tt5	4651277619845908024	917.0439656061999
turb/tpg/1100/n_tau	4631811479262199808	47.0
turb/tpg/900/pi_t	4601315705158282831	0.42433197180318855
turb/tpg/900/tau_t	4605622997537484447	0.8268694609245876
turb/tpg/900/Tt5	4649757114444945466	744.1825148321288
turb/tpg/900/n_tau	4631811479262199808	47.0
turb/tpg/650/pi_t	4601279906964151320	0.4223447728349483
turb/tpg/650/tau_t	4605535583109589491	0.817164509871246
turb/tpg/650/Tt5	4647883321597109793	531.1569314163099
turb/tpg/650/n_tau	4631811479262199808	47.0
turb/eq/1500/pi_t	4601400642391606379	0.42904693540737665
turb/eq/1500/tau_t	4605757431520971809	0.8417946313005623
turb/eq/1500/Tt5	4653268193358238146	1262.6919469508434
turb/eq/1500/n_tau	4631811479262199808	47.0
turb/eq/1100/pi_t	4601352308602872251	0.4263638711513768
turb/eq/1100/tau_t	4605679689884288236	0.8331635757987477
turb/eq/1100/Tt5	4651272658565966730	916.4799333786225
turb/eq/1100/n_tau	4631811479262199808	47.0
turb/eq/900/pi_t	4601319638006854156	0.424550288755001
turb/eq/900/tau_t	4605618580931757438	0.8263791191877059
turb/eq/900/Tt5	4649753232662568212	743.7412072689353
turb/eq/900/n_tau	4631811479262199808	47.0
turb/eq/650/pi_t	4601284275977790108	0.4225873018117825
turb/eq/650/tau_t	4605531685146778293	0.8167317490650335
turb/eq/650/Tt5	4647880847304309716	530.8756368922718
turb/eq/650/n_tau	4631811479262199808	47.0
census/tau_evals_per_solve	4631811479262199808	47.0
brk/cpg/0.30/400/n_lo	4626322717216342016	20.0
brk/cpg/0.30/400/n_hi	4620693217682128896	8.0
brk/cpg/0.30/400/found_lo	4607182418800017408	1.0
brk/cpg/0.30/400/found_hi	4607182418800017408	1.0
brk/cpg/0.30/400/lo	4603129179135383963	0.5500000000000002
brk/cpg/0.30/400/rlo	4597059563120074540	0.2190343137292471
brk/cpg/0.30/400/hi	4605736763319631478	0.8394999999999999
brk/cpg/0.30/400/rhi	4594128590039622053	0.13768346876737528
brk/cpg/0.30/400/straddles	0	0.0
brk/cpg/0.30/500/n_lo	4613937818241073152	3.0
brk/cpg/0.30/500/n_hi	4613937818241073152	3.0
brk/cpg/0.30/500/found_lo	4607182418800017408	1.0
brk/cpg/0.30/500/found_hi	4607182418800017408	1.0
brk/cpg/0.30/500/lo	4596734067664517856	0.20999999999999996
brk/cpg/0.30/500/rlo	4602987498161297379	0.5342702520417756
brk/cpg/0.30/500/hi	4606637483245105578	0.9395
brk/cpg/0.30/500/rhi	4591779730670189775	0.09874476246430962
brk/cpg/0.30/500/straddles	0	0.0
brk/cpg/0.30/600/n_lo	0	0.0
brk/cpg/0.30/600/n_hi	4611686018427387904	2.0
brk/cpg/0.30/600/found_lo	4607182418800017408	1.0
brk/cpg/0.30/600/found_hi	4607182418800017408	1.0
brk/cpg/0.30/600/lo	4594572339843380019	0.15
brk/cpg/0.30/600/rlo	4603754884250716398	0.619467222566781
brk/cpg/0.30/600/hi	4606817627230200398	0.9595
brk/cpg/0.30/600/rhi	4590366740657881502	0.07913558689893427
brk/cpg/0.30/600/straddles	0	0.0
brk/cpg/0.30/650/n_lo	0	0.0
brk/cpg/0.30/650/n_hi	4611686018427387904	2.0
brk/cpg/0.30/650/found_lo	4607182418800017408	1.0
brk/cpg/0.30/650/found_hi	4607182418800017408	1.0
brk/cpg/0.30/650/lo	4594572339843380019	0.15
brk/cpg/0.30/650/rlo	4603754933036115783	0.6194726388341473
brk/cpg/0.30/650/hi	4606817627230200398	0.9595
brk/cpg/0.30/650/rhi	4588760689358018957	0.05967357387548864
brk/cpg/0.30/650/straddles	0	0.0
brk/cpg/0.30/900/n_lo	0	0.0
brk/cpg/0.30/900/n_hi	4607182418800017408	1.0
brk/cpg/0.30/900/found_lo	4607182418800017408	1.0
brk/cpg/0.30/900/found_hi	4607182418800017408	1.0
brk/cpg/0.30/900/lo	4594572339843380019	0.15
brk/cpg/0.30/900/rlo	4606198042799247290	0.8907123099056584
brk/cpg/0.30/900/hi	4606997771215295218	0.9795
brk/cpg/0.30/900/rhi	4588292995005883289	0.05642829238656261
brk/cpg/0.30/900/straddles	0	0.0
brk/cpg/0.30/1100/n_lo	0	0.0
brk/cpg/0.30/1100/n_hi	4607182418800017408	1.0
brk/cpg/0.30/1100/found_lo	4607182418800017408	1.0
brk/cpg/0.30/1100/found_hi	4607182418800017408	1.0
brk/cpg/0.30/1100/lo	4594572339843380019	0.15
brk/cpg/0.30/1100/rlo	4608162525787022290	1.2176274687137618
brk/cpg/0.30/1100/hi	4606997771215295218	0.9795
brk/cpg/0.30/1100/rhi	4584623866345451576	0.031109298946020852
brk/cpg/0.30/1100/straddles	0	0.0
brk/cpg/0.30/1500/n_lo	0	0.0
brk/cpg/0.30/1500/n_hi	4607182418800017408	1.0
brk/cpg/0.30/1500/found_lo	4607182418800017408	1.0
brk/cpg/0.30/1500/found_hi	4607182418800017408	1.0
brk/cpg/0.30/1500/lo	4594572339843380019	0.15
brk/cpg/0.30/1500/rlo	4611964355590589194	2.123606530877969
brk/cpg/0.30/1500/hi	4606997771215295218	0.9795
brk/cpg/0.30/1500/rhi	4572177731665771808	0.004794523729500427
brk/cpg/0.30/1500/straddles	0	0.0
brk/cpg/0.50/400/n_lo	4622382067542392832	11.0
brk/cpg/0.50/400/n_hi	0	0.0
brk/cpg/0.50/400/found_lo	4607182418800017408	1.0
brk/cpg/0.50/400/found_hi	4607182418800017408	1.0
brk/cpg/0.50/400/lo	4600336947366414255	0.37000000000000005
brk/cpg/0.50/400/rlo	4599027886804493664	0.2973325411763508
brk/cpg/0.50/400/hi	4607177915200390038	0.9995
brk/cpg/0.50/400/rhi	13807429541577810952	-0.02914433734142466
brk/cpg/0.50/400/straddles	4607182418800017408	1.0
brk/cpg/0.50/500/n_lo	4611686018427387904	2.0
brk/cpg/0.50/500/n_hi	0	0.0
brk/cpg/0.50/500/found_lo	4607182418800017408	1.0
brk/cpg/0.50/500/found_hi	4607182418800017408	1.0
brk/cpg/0.50/500/lo	4596013491724138577	0.18999999999999997
brk/cpg/0.50/500/rlo	4603007146735369260	0.5364516819753411
brk/cpg/0.50/500/hi	4607177915200390038	0.9995
brk/cpg/0.50/500/rhi	13806581738744875656	-0.026202930386839657
brk/cpg/0.50/500/straddles	4607182418800017408	1.0
brk/cpg/0.50/600/n_lo	0	0.0
brk/cpg/0.50/600/n_hi	0	0.0
brk/cpg/0.50/600/found_lo	4607182418800017408	1.0
brk/cpg/0.50/600/found_hi	4607182418800017408	1.0
brk/cpg/0.50/600/lo	4594572339843380019	0.15
brk/cpg/0.50/600/rlo	4603816961316183526	0.6263591613050579
brk/cpg/0.50/600/hi	4607177915200390038	0.9995
brk/cpg/0.50/600/rhi	13805959508943396408	-0.024044137098682777
brk/cpg/0.50/600/straddles	4607182418800017408	1.0
brk/cpg/0.50/650/n_lo	0	0.0
brk/cpg/0.50/650/n_hi	0	0.0
brk/cpg/0.50/650/found_lo	4607182418800017408	1.0
brk/cpg/0.50/650/found_hi	4607182418800017408	1.0
brk/cpg/0.50/650/lo	4594572339843380019	0.15
brk/cpg/0.50/650/rlo	4603944610742356154	0.6405310945067619
brk/cpg/0.50/650/hi	4607177915200390038	0.9995
brk/cpg/0.50/650/rhi	13805704893617541124	-0.023160762732473486
brk/cpg/0.50/650/straddles	4607182418800017408	1.0
brk/cpg/0.50/900/n_lo	0	0.0
brk/cpg/0.50/900/n_hi	0	0.0
brk/cpg/0.50/900/found_lo	4607182418800017408	1.0
brk/cpg/0.50/900/found_hi	4607182418800017408	1.0
brk/cpg/0.50/900/lo	4594572339843380019	0.15
brk/cpg/0.50/900/rlo	4606598200286269331	0.9351387154624596
brk/cpg/0.50/900/hi	4607177915200390038	0.9995
brk/cpg/0.50/900/rhi	13804776363438703212	-0.019939276533707348
brk/cpg/0.50/900/straddles	4607182418800017408	1.0
brk/cpg/0.50/1100/n_lo	0	0.0
brk/cpg/0.50/1100/n_hi	0	0.0
brk/cpg/0.50/1100/found_lo	4607182418800017408	1.0
brk/cpg/0.50/1100/found_hi	4607182418800017408	1.0
brk/cpg/0.50/1100/lo	4594572339843380019	0.15
brk/cpg/0.50/1100/rlo	4608404705847932875	1.2714022446593727
brk/cpg/0.50/1100/hi	4607177915200390038	0.9995
brk/cpg/0.50/1100/rhi	13804281784735247104	-0.018223361958500384
brk/cpg/0.50/1100/straddles	4607182418800017408	1.0
brk/cpg/0.50/1500/n_lo	0	0.0
brk/cpg/0.50/1500/n_hi	0	0.0
brk/cpg/0.50/1500/found_lo	4607182418800017408	1.0
brk/cpg/0.50/1500/found_hi	4607182418800017408	1.0
brk/cpg/0.50/1500/lo	4594572339843380019	0.15
brk/cpg/0.50/1500/rlo	4612135612300064594	2.199659787670421
brk/cpg/0.50/1500/hi	4607177915200390038	0.9995
brk/cpg/0.50/1500/rhi	13803621252024032092	-0.015931678756909803
brk/cpg/0.50/1500/straddles	4607182418800017408	1.0
brk/cpg/0.85/400/n_lo	4613937818241073152	3.0
brk/cpg/0.85/400/n_hi	0	0.0
brk/cpg/0.85/400/found_lo	4607182418800017408	1.0
brk/cpg/0.85/400/found_hi	4607182418800017408	1.0
brk/cpg/0.85/400/lo	4596734067664517856	0.20999999999999996
brk/cpg/0.85/400/rlo	4603178011472604117	0.5554214785128077
brk/cpg/0.85/400/hi	4607177915200390038	0.9995
brk/cpg/0.85/400/rhi	13820056874111405622	-0.20863358169127516
brk/cpg/0.85/400/straddles	4607182418800017408	1.0
brk/cpg/0.85/500/n_lo	0	0.0
brk/cpg/0.85/500/n_hi	0	0.0
brk/cpg/0.85/500/found_lo	4607182418800017408	1.0
brk/cpg/0.85/500/found_hi	4607182418800017408	1.0
brk/cpg/0.85/500/lo	4594572339843380019	0.15
brk/cpg/0.85/500/rlo	4604289886226021555	0.6788643736871535
brk/cpg/0.85/500/hi	4607177915200390038	0.9995
brk/cpg/0.85/500/rhi	13819265130670189597	-0.18665828674042553
brk/cpg/0.85/500/straddles	4607182418800017408	1.0
brk/cpg/0.85/600/n_lo	0	0.0
brk/cpg/0.85/600/n_hi	0	0.0
brk/cpg/0.85/600/found_lo	4607182418800017408	1.0
brk/cpg/0.85/600/found_hi	4607182418800017408	1.0
brk/cpg/0.85/600/lo	4594572339843380019	0.15
brk/cpg/0.85/600/rlo	4604360057777009624	0.6866549808452147
brk/cpg/0.85/600/hi	4607177915200390038	0.9995
brk/cpg/0.85/600/rhi	13818680859488391026	-0.17044150377398243
brk/cpg/0.85/600/straddles	4607182418800017408	1.0
brk/cpg/0.85/650/n_lo	0	0.0
brk/cpg/0.85/650/n_hi	0	0.0
brk/cpg/0.85/650/found_lo	4607182418800017408	1.0
brk/cpg/0.85/650/found_hi	4607182418800017408	1.0
brk/cpg/0.85/650/lo	4594572339843380019	0.15
brk/cpg/0.85/650/rlo	4604742023805747456	0.7290617288181522
brk/cpg/0.85/650/hi	4607177915200390038	0.9995
brk/cpg/0.85/650/rhi	13818440758824020492	-0.16377737162868333
brk/cpg/0.85/650/straddles	4607182418800017408	1.0
brk/cpg/0.85/900/n_lo	0	0.0
brk/cpg/0.85/900/n_hi	0	0.0
brk/cpg/0.85/900/found_lo	4607182418800017408	1.0
brk/cpg/0.85/900/found_hi	4607182418800017408	1.0
brk/cpg/0.85/900/lo	4594572339843380019	0.15
brk/cpg/0.85/900/rlo	4607522748874086574	1.0755684568407946
brk/cpg/0.85/900/hi	4607177915200390038	0.9995
brk/cpg/0.85/900/rhi	13817558159068711443	-0.13928030738186745
brk/cpg/0.85/900/straddles	4607182418800017408	1.0
brk/cpg/0.85/1100/n_lo	0	0.0
brk/cpg/0.85/1100/n_hi	0	0.0
brk/cpg/0.85/1100/found_lo	4607182418800017408	1.0
brk/cpg/0.85/1100/found_hi	4607182418800017408	1.0
brk/cpg/0.85/1100/lo	4594572339843380019	0.15
brk/cpg/0.85/1100/rlo	4609164463903848019	1.4401024220236607
brk/cpg/0.85/1100/hi	4607177915200390038	0.9995
brk/cpg/0.85/1100/rhi	13817081644417627603	-0.1260543689517549
brk/cpg/0.85/1100/straddles	4607182418800017408	1.0
brk/cpg/0.85/1500/n_lo	0	0.0
brk/cpg/0.85/1500/n_hi	0	0.0
brk/cpg/0.85/1500/found_lo	4607182418800017408	1.0
brk/cpg/0.85/1500/found_hi	4607182418800017408	1.0
brk/cpg/0.85/1500/lo	4594572339843380019	0.15
brk/cpg/0.85/1500/rlo	4612666916393359285	2.435606202651764
brk/cpg/0.85/1500/hi	4607177915200390038	0.9995
brk/cpg/0.85/1500/rhi	13815823687339219623	-0.10806952307039329
brk/cpg/0.85/1500/straddles	4607182418800017408	1.0
brk/cpg/1.20/400/n_lo	0	0.0
brk/cpg/1.20/400/n_hi	0	0.0
brk/cpg/1.20/400/found_lo	4607182418800017408	1.0
brk/cpg/1.20/400/found_hi	4607182418800017408	1.0
brk/cpg/1.20/400/lo	4594572339843380019	0.15
brk/cpg/1.20/400/rlo	4605011915970270697	0.7590257783401145
brk/cpg/1.20/400/hi	4607177915200390038	0.9995
brk/cpg/1.20/400/rhi	13823199595188832119	-0.34172322838923413
brk/cpg/1.20/400/straddles	4607182418800017408	1.0
brk/cpg/1.20/500/n_lo	0	0.0
brk/cpg/1.20/500/n_hi	0	0.0
brk/cpg/1.20/500/found_lo	4607182418800017408	1.0
brk/cpg/1.20/500/found_hi	4607182418800017408	1.0
brk/cpg/1.20/500/lo	4594572339843380019	0.15
brk/cpg/1.20/500/rlo	4604939355329883756	0.7509699289762017
brk/cpg/1.20/500/hi	4607177915200390038	0.9995
brk/cpg/1.20/500/rhi	13822550376432846890	-0.305684347843569
brk/cpg/1.20/500/straddles	4607182418800017408	1.0
brk/cpg/1.20/600/n_lo	0	0.0
brk/cpg/1.20/600/n_hi	0	0.0
brk/cpg/1.20/600/found_lo	4607182418800017408	1.0
brk/cpg/1.20/600/found_hi	4607182418800017408	1.0
brk/cpg/1.20/600/lo	4594572339843380019	0.15
brk/cpg/1.20/600/rlo	4605803506854332386	0.8469100208969815
brk/cpg/1.20/600/hi	4607177915200390038	0.9995
brk/cpg/1.20/600/rhi	13822071206444575194	-0.27908507015913886
brk/cpg/1.20/600/straddles	4607182418800017408	1.0
brk/cpg/1.20/650/n_lo	0	0.0
brk/cpg/1.20/650/n_hi	0	0.0
brk/cpg/1.20/650/found_lo	4607182418800017408	1.0
brk/cpg/1.20/650/found_hi	4607182418800017408	1.0
brk/cpg/1.20/650/lo	4594572339843380019	0.15
brk/cpg/1.20/650/rlo	4606386616352400772	0.9116481799602956
brk/cpg/1.20/650/hi	4607177915200390038	0.9995
brk/cpg/1.20/650/rhi	13821874272041010939	-0.26815301470024594
brk/cpg/1.20/650/straddles	4607182418800017408	1.0
brk/cpg/1.20/900/n_lo	0	0.0
brk/cpg/1.20/900/n_hi	0	0.0
brk/cpg/1.20/900/found_lo	4607182418800017408	1.0
brk/cpg/1.20/900/found_hi	4607182418800017408	1.0
brk/cpg/1.20/900/lo	4594572339843380019	0.15
brk/cpg/1.20/900/rlo	4608558214416141056	1.3054879940397655
brk/cpg/1.20/900/hi	4607177915200390038	0.9995
brk/cpg/1.20/900/rhi	13820753112454490708	-0.22795807766927345
brk/cpg/1.20/900/straddles	4607182418800017408	1.0
brk/cpg/1.20/1100/n_lo	0	0.0
brk/cpg/1.20/1100/n_hi	0	0.0
brk/cpg/1.20/1100/found_lo	4607182418800017408	1.0
brk/cpg/1.20/1100/found_hi	4607182418800017408	1.0
brk/cpg/1.20/1100/lo	4594572339843380019	0.15
brk/cpg/1.20/1100/rlo	4610385729849009684	1.7112779363254775
brk/cpg/1.20/1100/hi	4607177915200390038	0.9995
brk/cpg/1.20/1100/rhi	13819970943886998735	-0.20624853885008185
brk/cpg/1.20/1100/straddles	4607182418800017408	1.0
brk/cpg/1.20/1500/n_lo	0	0.0
brk/cpg/1.20/1500/n_hi	0	0.0
brk/cpg/1.20/1500/found_lo	4607182418800017408	1.0
brk/cpg/1.20/1500/found_hi	4607182418800017408	1.0
brk/cpg/1.20/1500/lo	4594572339843380019	0.15
brk/cpg/1.20/1500/rlo	4613495450968647913	2.803549467525148
brk/cpg/1.20/1500/hi	4607177915200390038	0.9995
brk/cpg/1.20/1500/rhi	13818906800846060396	-0.17671263621147248
brk/cpg/1.20/1500/straddles	4607182418800017408	1.0
brk/cpg/1.60/400/n_lo	4619567317775286272	7.0
brk/cpg/1.60/400/n_hi	0	0.0
brk/cpg/1.60/400/found_lo	4607182418800017408	1.0
brk/cpg/1.60/400/found_hi	4607182418800017408	1.0
brk/cpg/1.60/400/lo	4598895795485655695	0.29
brk/cpg/1.60/400/rlo	4599657706451372026	0.3322945548426329
brk/cpg/1.60/400/hi	4607177915200390038	0.9995
brk/cpg/1.60/400/rhi	13826783550375288278	-0.5813454135013056
brk/cpg/1.60/400/straddles	4607182418800017408	1.0
brk/cpg/1.60/500/n_lo	0	0.0
brk/cpg/1.60/500/n_hi	0	0.0
brk/cpg/1.60/500/found_lo	4607182418800017408	1.0
brk/cpg/1.60/500/found_hi	4607182418800017408	1.0
brk/cpg/1.60/500/lo	4594572339843380019	0.15
brk/cpg/1.60/500/rlo	4607325654575591854	1.0318047311985583
brk/cpg/1.60/500/hi	4607177915200390038	0.9995
brk/cpg/1.60/500/rhi	13826231232873431172	-0.520025852754785
brk/cpg/1.60/500/straddles	4607182418800017408	1.0
brk/cpg/1.60/600/n_lo	0	0.0
brk/cpg/1.60/600/n_hi	0	0.0
brk/cpg/1.60/600/found_lo	4607182418800017408	1.0
brk/cpg/1.60/600/found_hi	4607182418800017408	1.0
brk/cpg/1.60/600/lo	4594572339843380019	0.15
brk/cpg/1.60/600/rlo	4607936141233147794	1.1673599998875699
brk/cpg/1.60/600/hi	4607177915200390038	0.9995
brk/cpg/1.60/600/rhi	13825596293762590287	-0.47476672537286374
brk/cpg/1.60/600/straddles	4607182418800017408	1.0
brk/cpg/1.60/650/n_lo	0	0.0
brk/cpg/1.60/650/n_hi	0	0.0
brk/cpg/1.60/650/found_lo	4607182418800017408	1.0
brk/cpg/1.60/650/found_hi	4607182418800017408	1.0
brk/cpg/1.60/650/lo	4594572339843380019	0.15
brk/cpg/1.60/650/rlo	4608277131590223808	1.2430750690077588
brk/cpg/1.60/650/hi	4607177915200390038	0.9995
brk/cpg/1.60/650/rhi	13825261201355270616	-0.45616536007369524
brk/cpg/1.60/650/straddles	4607182418800017408	1.0
brk/cpg/1.60/900/n_lo	0	0.0
brk/cpg/1.60/900/n_hi	0	0.0
brk/cpg/1.60/900/found_lo	4607182418800017408	1.0
brk/cpg/1.60/900/found_hi	4607182418800017408	1.0
brk/cpg/1.60/900/lo	4594572339843380019	0.15
brk/cpg/1.60/900/rlo	4610337178346000461	1.7004973370212781
brk/cpg/1.60/900/hi	4607177915200390038	0.9995
brk/cpg/1.60/900/rhi	13824029099585451791	-0.387769972396982
brk/cpg/1.60/900/straddles	4607182418800017408	1.0
brk/cpg/1.60/1100/n_lo	0	0.0
brk/cpg/1.60/1100/n_hi	0	0.0
brk/cpg/1.60/1100/found_lo	4607182418800017408	1.0
brk/cpg/1.60/1100/found_hi	4607182418800017408	1.0
brk/cpg/1.60/1100/lo	4594572339843380019	0.15
brk/cpg/1.60/1100/rlo	4612058731001668056	2.1655176326132555
brk/cpg/1.60/1100/hi	4607177915200390038	0.9995
brk/cpg/1.60/1100/rhi	13823363601395268657	-0.3508274017175977
brk/cpg/1.60/1100/straddles	4607182418800017408	1.0
brk/cpg/1.60/1500/n_lo	0	0.0
brk/cpg/1.60/1500/n_hi	0	0.0
brk/cpg/1.60/1500/found_lo	4607182418800017408	1.0
brk/cpg/1.60/1500/found_hi	4607182418800017408	1.0
brk/cpg/1.60/1500/lo	4594572339843380019	0.15
brk/cpg/1.60/1500/rlo	4614825587059844092	3.39424855325751
brk/cpg/1.60/1500/hi	4607177915200390038	0.9995
brk/cpg/1.60/1500/rhi	13822458130749738367	-0.3005636837781011
brk/cpg/1.60/1500/straddles	4607182418800017408	1.0
brk/cpg/2.00/400/n_lo	4627730092099895296	25.0
brk/cpg/2.00/400/n_hi	0	0.0
brk/cpg/2.00/400/found_lo	4607182418800017408	1.0
brk/cpg/2.00/400/found_hi	4607182418800017408	1.0
brk/cpg/2.00/400/lo	4604029899060858063	0.6500000000000002
brk/cpg/2.00/400/rlo	13826410404885843380	-0.5399179421096307
brk/cpg/2.00/400/hi	4607177915200390038	0.9995
brk/cpg/2.00/400/rhi	13830683066944318576	-1.0285574429715574
brk/cpg/2.00/400/straddles	0	0.0
brk/cpg/2.00/500/n_lo	4616189618054758400	4.0
brk/cpg/2.00/500/n_hi	0	0.0
brk/cpg/2.00/500/found_lo	4607182418800017408	1.0
brk/cpg/2.00/500/found_hi	4607182418800017408	1.0
brk/cpg/2.00/500/lo	4597454643604897135	0.22999999999999995
brk/cpg/2.00/500/rlo	4606151851558676528	0.8855840520238925
brk/cpg/2.00/500/hi	4607177915200390038	0.9995
brk/cpg/2.00/500/rhi	13829834338282443260	-0.9200509112784512
brk/cpg/2.00/500/straddles	4607182418800017408	1.0
brk/cpg/2.00/600/n_lo	0	0.0
brk/cpg/2.00/600/n_hi	0	0.0
brk/cpg/2.00/600/found_lo	4607182418800017408	1.0
brk/cpg/2.00/600/found_hi	4607182418800017408	1.0
brk/cpg/2.00/600/lo	4594572339843380019	0.15
brk/cpg/2.00/600/rlo	4610252845855415354	1.6817717624669641
brk/cpg/2.00/600/hi	4607177915200390038	0.9995
brk/cpg/2.00/600/rhi	13829112963939477692	-0.8399622707850294
brk/cpg/2.00/600/straddles	4607182418800017408	1.0
brk/cpg/2.00/650/n_lo	0	0.0
brk/cpg/2.00/650/n_hi	0	0.0
brk/cpg/2.00/650/found_lo	4607182418800017408	1.0
brk/cpg/2.00/650/found_hi	4607182418800017408	1.0
brk/cpg/2.00/650/lo	4594572339843380019	0.15
brk/cpg/2.00/650/rlo	4610653932693545759	1.77083093098026
brk/cpg/2.00/650/hi	4607177915200390038	0.9995
brk/cpg/2.00/650/rhi	13828816477071258867	-0.807045616025475
brk/cpg/2.00/650/straddles	4607182418800017408	1.0
brk/cpg/2.00/900/n_lo	0	0.0
brk/cpg/2.00/900/n_hi	0	0.0
brk/cpg/2.00/900/found_lo	4607182418800017408	1.0
brk/cpg/2.00/900/found_hi	4607182418800017408	1.0
brk/cpg/2.00/900/lo	4594572339843380019	0.15
brk/cpg/2.00/900/rlo	4612379868942396320	2.3081315269641465
brk/cpg/2.00/900/hi	4607177915200390038	0.9995
brk/cpg/2.00/900/rhi	13827726295295413948	-0.6860111251684979
brk/cpg/2.00/900/straddles	4607182418800017408	1.0
brk/cpg/2.00/1100/n_lo	0	0.0
brk/cpg/2.00/1100/n_hi	0	0.0
brk/cpg/2.00/1100/found_lo	4607182418800017408	1.0
brk/cpg/2.00/1100/found_hi	4607182418800017408	1.0
brk/cpg/2.00/1100/lo	4594572339843380019	0.15
brk/cpg/2.00/1100/rlo	4613597543135801143	2.8488874973681066
brk/cpg/2.00/1100/hi	4607177915200390038	0.9995
brk/cpg/2.00/1100/rhi	13827137426468460570	-0.6206335521517332
brk/cpg/2.00/1100/straddles	4607182418800017408	1.0
brk/cpg/2.00/1500/n_lo	0	0.0
brk/cpg/2.00/1500/n_hi	0	0.0
brk/cpg/2.00/1500/found_lo	4607182418800017408	1.0
brk/cpg/2.00/1500/found_hi	4607182418800017408	1.0
brk/cpg/2.00/1500/lo	4594572339843380019	0.15
brk/cpg/2.00/1500/rlo	4616473964387534932	4.252550276492986
brk/cpg/2.00/1500/hi	4607177915200390038	0.9995
brk/cpg/2.00/1500/rhi	13826336169816797288	-0.5316761938206698
brk/cpg/2.00/1500/straddles	4607182418800017408	1.0
brk/tpg/0.30/400/n_lo	4626885667169763328	22.0
brk/tpg/0.30/400/n_hi	4620693217682128896	8.0
brk/tpg/0.30/400/found_lo	4607182418800017408	1.0
brk/tpg/0.30/400/found_hi	4607182418800017408	1.0
brk/tpg/0.30/400/lo	4603489467105573603	0.5900000000000002
brk/tpg/0.30/400/rlo	4596455905764383724	0.20227945634744005
brk/tpg/0.30/400/hi	4605736763319631478	0.8394999999999999
brk/tpg/0.30/400/rhi	4594378905199518975	0.14463111011563254
brk/tpg/0.30/400/straddles	0	0.0
brk/tpg/0.30/500/n_lo	4617315517961601024	5.0
brk/tpg/0.30/500/n_hi	4613937818241073152	3.0
brk/tpg/0.30/500/found_lo	4607182418800017408	1.0
brk/tpg/0.30/500/found_hi	4607182418800017408	1.0
brk/tpg/0.30/500/lo	4598175219545276414	0.24999999999999994
brk/tpg/0.30/500/rlo	4600947089166065806	0.4038696737129691
brk/tpg/0.30/500/hi	4606637483245105578	0.9395
brk/tpg/0.30/500/rhi	4591916357272865375	0.10064083746514417
brk/tpg/0.30/500/straddles	0	0.0
brk/tpg/0.30/600/n_lo	0	0.0
brk/tpg/0.30/600/n_hi	4611686018427387904	2.0
brk/tpg/0.30/600/found_lo	4607182418800017408	1.0
brk/tpg/0.30/600/found_hi	4607182418800017408	1.0
brk/tpg/0.30/600/lo	4594572339843380019	0.15
brk/tpg/0.30/600/rlo	4603826627925212580	0.6274323704964684
brk/tpg/0.30/600/hi	4606817627230200398	0.9595
brk/tpg/0.30/600/rhi	4590471856493088145	0.08059436215517325
brk/tpg/0.30/600/straddles	0	0.0
brk/tpg/0.30/650/n_lo	0	0.0
brk/tpg/0.30/650/n_hi	4611686018427387904	2.0
brk/tpg/0.30/650/found_lo	4607182418800017408	1.0
brk/tpg/0.30/650/found_hi	4607182418800017408	1.0
brk/tpg/0.30/650/lo	4594572339843380019	0.15
brk/tpg/0.30/650/rlo	4603651398832769038	0.6079780331949693
brk/tpg/0.30/650/hi	4606817627230200398	0.9595
brk/tpg/0.30/650/rhi	4588975987037683036	0.06116750163243509
brk/tpg/0.30/650/straddles	0	0.0
brk/tpg/0.30/900/n_lo	0	0.0
brk/tpg/0.30/900/n_hi	4607182418800017408	1.0
brk/tpg/0.30/900/found_lo	4607182418800017408	1.0
brk/tpg/0.30/900/found_hi	4607182418800017408	1.0
brk/tpg/0.30/900/lo	4594572339843380019	0.15
brk/tpg/0.30/900/rlo	4605858596993904984	0.8530262550353127
brk/tpg/0.30/900/hi	4606997771215295218	0.9795
brk/tpg/0.30/900/rhi	4588367966760947274	0.056948513440741325
brk/tpg/0.30/900/straddles	0	0.0
brk/tpg/0.30/1100/n_lo	0	0.0
brk/tpg/0.30/1100/n_hi	4607182418800017408	1.0
brk/tpg/0.30/1100/found_lo	4607182418800017408	1.0
brk/tpg/0.30/1100/found_hi	4607182418800017408	1.0
brk/tpg/0.30/1100/lo	4594572339843380019	0.15
brk/tpg/0.30/1100/rlo	4608024213500910363	1.186915971787761
brk/tpg/0.30/1100/hi	4606997771215295218	0.9795
brk/tpg/0.30/1100/rhi	4584692763981753623	0.031446671280571596
brk/tpg/0.30/1100/straddles	0	0.0
brk/tpg/0.30/1500/n_lo	0	0.0
brk/tpg/0.30/1500/n_hi	4607182418800017408	1.0
brk/tpg/0.30/1500/found_lo	4607182418800017408	1.0
brk/tpg/0.30/1500/found_hi	4607182418800017408	1.0
brk/tpg/0.30/1500/lo	4594572339843380019	0.15
brk/tpg/0.30/1500/rlo	4612023069788991887	2.1496808728536005
brk/tpg/0.30/1500/hi	4606997771215295218	0.9795
brk/tpg/0.30/1500/rhi	4572293051210732608	0.004894547490441659
brk/tpg/0.30/1500/straddles	0	0.0
brk/tpg/0.50/400/n_lo	4622945017495814144	12.0
brk/tpg/0.50/400/n_hi	0	0.0
brk/tpg/0.50/400/found_lo	4607182418800017408	1.0
brk/tpg/0.50/400/found_hi	4607182418800017408	1.0
brk/tpg/0.50/400/lo	4600697235336603895	0.39000000000000007
brk/tpg/0.50/400/rlo	4598853924785458850	0.28767570922921426
brk/tpg/0.50/400/hi	4607177915200390038	0.9995
brk/tpg/0.50/400/rhi	13806552534480627416	-0.026101607741259553
brk/tpg/0.50/400/straddles	4607182418800017408	1.0
brk/tpg/0.50/500/n_lo	4613937818241073152	3.0
brk/tpg/0.50/500/n_hi	0	0.0
brk/tpg/0.50/500/found_lo	4607182418800017408	1.0
brk/tpg/0.50/500/found_hi	4607182418800017408	1.0
brk/tpg/0.50/500/lo	4596734067664517856	0.20999999999999996
brk/tpg/0.50/500/rlo	4602368323909479018	0.48276405048969784
brk/tpg/0.50/500/hi	4607177915200390038	0.9995
brk/tpg/0.50/500/rhi	13805871416753577088	-0.02373850591922322
brk/tpg/0.50/500/straddles	4607182418800017408	1.0
brk/tpg/0.50/600/n_lo	0	0.0
brk/tpg/0.50/600/n_hi	0	0.0
brk/tpg/0.50/600/found_lo	4607182418800017408	1.0
brk/tpg/0.50/600/found_hi	4607182418800017408	1.0
brk/tpg/0.50/600/lo	4594572339843380019	0.15
brk/tpg/0.50/600/rlo	4603794431403294258	0.6238578385018114
brk/tpg/0.50/600/hi	4607177915200390038	0.9995
brk/tpg/0.50/600/rhi	13805383209379595340	-0.022044696333640965
brk/tpg/0.50/600/straddles	4607182418800017408	1.0
brk/tpg/0.50/650/n_lo	0	0.0
brk/tpg/0.50/650/n_hi	0	0.0
brk/tpg/0.50/650/found_lo	4607182418800017408	1.0
brk/tpg/0.50/650/found_hi	4607182418800017408	1.0
brk/tpg/0.50/650/lo	4594572339843380019	0.15
brk/tpg/0.50/650/rlo	4603790229069155342	0.6233912856899921
brk/tpg/0.50/650/hi	4607177915200390038	0.9995
brk/tpg/0.50/650/rhi	13805187693080556400	-0.021366362905883063
brk/tpg/0.50/650/straddles	4607182418800017408	1.0
brk/tpg/0.50/900/n_lo	0	0.0
brk/tpg/0.50/900/n_hi	0	0.0
brk/tpg/0.50/900/found_lo	4607182418800017408	1.0
brk/tpg/0.50/900/found_hi	4607182418800017408	1.0
brk/tpg/0.50/900/lo	4594572339843380019	0.15
brk/tpg/0.50/900/rlo	4606249744948513900	0.8964524015594981
brk/tpg/0.50/900/hi	4607177915200390038	0.9995
brk/tpg/0.50/900/rhi	13804498569917033640	-0.01897548664667839
brk/tpg/0.50/900/straddles	4607182418800017408	1.0
brk/tpg/0.50/1100/n_lo	0	0.0
brk/tpg/0.50/1100/n_hi	0	0.0
brk/tpg/0.50/1100/found_lo	4607182418800017408	1.0
brk/tpg/0.50/1100/found_hi	4607182418800017408	1.0
brk/tpg/0.50/1100/lo	4594572339843380019	0.15
brk/tpg/0.50/1100/rlo	4608265190738237434	1.240423667245976
brk/tpg/0.50/1100/hi	4607177915200390038	0.9995
brk/tpg/0.50/1100/rhi	13804128829771217580	-0.017692692824761977
brk/tpg/0.50/1100/straddles	4607182418800017408	1.0
brk/tpg/0.50/1500/n_lo	0	0.0
brk/tpg/0.50/1500/n_hi	0	0.0
brk/tpg/0.50/1500/found_lo	4607182418800017408	1.0
brk/tpg/0.50/1500/found_hi	4607182418800017408	1.0
brk/tpg/0.50/1500/lo	4594572339843380019	0.15
brk/tpg/0.50/1500/rlo	4612200615602137492	2.228527052725619
brk/tpg/0.50/1500/hi	4607177915200390038	0.9995
brk/tpg/0.50/1500/rhi	13803591785632348204	-0.015829446674097067
brk/tpg/0.50/1500/straddles	4607182418800017408	1.0
brk/tpg/0.85/400/n_lo	4618441417868443648	6.0
brk/tpg/0.85/400/n_hi	0	0.0
brk/tpg/0.85/400/found_lo	4607182418800017408	1.0
brk/tpg/0.85/400/found_hi	4607182418800017408	1.0
brk/tpg/0.85/400/lo	4598535507515466055	0.26999999999999996
brk/tpg/0.85/400/rlo	4599638209447844820	0.33121225373127783
brk/tpg/0.85/400/hi	4607177915200390038	0.9995
brk/tpg/0.85/400/rhi	13820027683488255399	-0.20782337914316182
brk/tpg/0.85/400/straddles	4607182418800017408	1.0
brk/tpg/0.85/500/n_lo	0	0.0
brk/tpg/0.85/500/n_hi	0	0.0
brk/tpg/0.85/500/found_lo	4607182418800017408	1.0
brk/tpg/0.85/500/found_hi	4607182418800017408	1.0
brk/tpg/0.85/500/lo	4594572339843380019	0.15
brk/tpg/0.85/500/rlo	4604430761800406089	0.6945047043160538
brk/tpg/0.85/500/hi	4607177915200390038	0.9995
brk/tpg/0.85/500/rhi	13819234977464412252	-0.18582136715741882
brk/tpg/0.85/500/straddles	4607182418800017408	1.0
brk/tpg/0.85/600/n_lo	0	0.0
brk/tpg/0.85/600/n_hi	0	0.0
brk/tpg/0.85/600/found_lo	4607182418800017408	1.0
brk/tpg/0.85/600/found_hi	4607182418800017408	1.0
brk/tpg/0.85/600/lo	4594572339843380019	0.15
brk/tpg/0.85/600/rlo	4604172111003436846	0.6657886973027638
brk/tpg/0.85/600/hi	4607177915200390038	0.9995
brk/tpg/0.85/600/rhi	13818649204654858335	-0.16956290564826568
brk/tpg/0.85/600/straddles	4607182418800017408	1.0
brk/tpg/0.85/650/n_lo	0	0.0
brk/tpg/0.85/650/n_hi	0	0.0
brk/tpg/0.85/650/found_lo	4607182418800017408	1.0
brk/tpg/0.85/650/found_hi	4607182418800017408	1.0
brk/tpg/0.85/650/lo	4594572339843380019	0.15
brk/tpg/0.85/650/rlo	4604466203043174173	0.6984394726902995
brk/tpg/0.85/650/hi	4607177915200390038	0.9995
brk/tpg/0.85/650/rhi	13818408228707728732	-0.16287447952616219
brk/tpg/0.85/650/straddles	4607182418800017408	1.0
brk/tpg/0.85/900/n_lo	0	0.0
brk/tpg/0.85/900/n_hi	0	0.0
brk/tpg/0.85/900/found_lo	4607182418800017408	1.0
brk/tpg/0.85/900/found_hi	4607182418800017408	1.0
brk/tpg/0.85/900/lo	4594572339843380019	0.15
brk/tpg/0.85/900/rlo	4607335797824774418	1.0340569849559569
brk/tpg/0.85/900/hi	4607177915200390038	0.9995
brk/tpg/0.85/900/rhi	13817521483348584767	-0.13826235165863385
brk/tpg/0.85/900/straddles	4607182418800017408	1.0
brk/tpg/0.85/1100/n_lo	0	0.0
brk/tpg/0.85/1100/n_hi	0	0.0
brk/tpg/0.85/1100/found_lo	4607182418800017408	1.0
brk/tpg/0.85/1100/found_hi	4607182418800017408	1.0
brk/tpg/0.85/1100/lo	4594572339843380019	0.15
brk/tpg/0.85/1100/rlo	4609023090869859706	1.4087113025446727
brk/tpg/0.85/1100/hi	4607177915200390038	0.9995
brk/tpg/0.85/1100/rhi	13817044131737848568	-0.12501318293160302
brk/tpg/0.85/1100/straddles	4607182418800017408	1.0
brk/tpg/0.85/1500/n_lo	0	0.0
brk/tpg/0.85/1500/n_hi	0	0.0
brk/tpg/0.85/1500/found_lo	4607182418800017408	1.0
brk/tpg/0.85/1500/found_hi	4607182418800017408	1.0
brk/tpg/0.85/1500/lo	4594572339843380019	0.15
brk/tpg/0.85/1500/rlo	4612752991781602681	2.4738313538043113
brk/tpg/0.85/1500/hi	4607177915200390038	0.9995
brk/tpg/0.85/1500/rhi	13815749042526001368	-0.1070336181915964
brk/tpg/0.85/1500/straddles	4607182418800017408	1.0
brk/tpg/1.20/400/n_lo	4623507967449235456	13.0
brk/tpg/1.20/400/n_hi	0	0.0
brk/tpg/1.20/400/found_lo	4607182418800017408	1.0
brk/tpg/1.20/400/found_hi	4607182418800017408	1.0
brk/tpg/1.20/400/lo	4601057523306793535	0.4100000000000001
brk/tpg/1.20/400/rlo	4579457413741900352	0.014404782854108622
brk/tpg/1.20/400/hi	4607177915200390038	0.9995
brk/tpg/1.20/400/rhi	13823277201786591993	-0.3460312599740259
brk/tpg/1.20/400/straddles	4607182418800017408	1.0
brk/tpg/1.20/500/n_lo	4607182418800017408	1.0
brk/tpg/1.20/500/n_hi	0	0.0
brk/tpg/1.20/500/found_lo	4607182418800017408	1.0
brk/tpg/1.20/500/found_hi	4607182418800017408	1.0
brk/tpg/1.20/500/lo	4595292915783759298	0.16999999999999998
brk/tpg/1.20/500/rlo	4603793665774236048	0.6237728366009367
brk/tpg/1.20/500/hi	4607177915200390038	0.9995
brk/tpg/1.20/500/rhi	13822607023109444491	-0.3088288700749266
brk/tpg/1.20/500/straddles	4607182418800017408	1.0
brk/tpg/1.20/600/n_lo	0	0.0
brk/tpg/1.20/600/n_hi	0	0.0
brk/tpg/1.20/600/found_lo	4607182418800017408	1.0
brk/tpg/1.20/600/found_hi	4607182418800017408	1.0
brk/tpg/1.20/600/lo	4594572339843380019	0.15
brk/tpg/1.20/600/rlo	4605450743511354601	0.8077454223352137
brk/tpg/1.20/600/hi	4607177915200390038	0.9995
brk/tpg/1.20/600/rhi	13822110445451656272	-0.281263272615381
brk/tpg/1.20/600/straddles	4607182418800017408	1.0
brk/tpg/1.20/650/n_lo	0	0.0
brk/tpg/1.20/650/n_hi	0	0.0
brk/tpg/1.20/650/found_lo	4607182418800017408	1.0
brk/tpg/1.20/650/found_hi	4607182418800017408	1.0
brk/tpg/1.20/650/lo	4594572339843380019	0.15
brk/tpg/1.20/650/rlo	4606005176074180486	0.8692998020203369
brk/tpg/1.20/650/hi	4607177915200390038	0.9995
brk/tpg/1.20/650/rhi	13821905658939932167	-0.26989533759294243
brk/tpg/1.20/650/straddles	4607182418800017408	1.0
brk/tpg/1.20/900/n_lo	0	0.0
brk/tpg/1.20/900/n_hi	0	0.0
brk/tpg/1.20/900/found_lo	4607182418800017408	1.0
brk/tpg/1.20/900/found_hi	4607182418800017408	1.0
brk/tpg/1.20/900/lo	4594572339843380019	0.15
brk/tpg/1.20/900/rlo	4608356193888272873	1.2606304257425285
brk/tpg/1.20/900/hi	4607177915200390038	0.9995
brk/tpg/1.20/900/rhi	13820750784112965800	-0.22789345321001986
brk/tpg/1.20/900/straddles	4607182418800017408	1.0
brk/tpg/1.20/1100/n_lo	0	0.0
brk/tpg/1.20/1100/n_hi	0	0.0
brk/tpg/1.20/1100/found_lo	4607182418800017408	1.0
brk/tpg/1.20/1100/found_hi	4607182418800017408	1.0
brk/tpg/1.20/1100/lo	4594572339843380019	0.15
brk/tpg/1.20/1100/rlo	4610248715819577769	1.6808547102910814
brk/tpg/1.20/1100/hi	4607177915200390038	0.9995
brk/tpg/1.20/1100/rhi	13819935606876999101	-0.20526773979700677
brk/tpg/1.20/1100/straddles	4607182418800017408	1.0
brk/tpg/1.20/1500/n_lo	0	0.0
brk/tpg/1.20/1500/n_hi	0	0.0
brk/tpg/1.20/1500/found_lo	4607182418800017408	1.0
brk/tpg/1.20/1500/found_hi	4607182418800017408	1.0
brk/tpg/1.20/1500/lo	4594572339843380019	0.15
brk/tpg/1.20/1500/rlo	4613620512622853043	2.859087998723646
brk/tpg/1.20/1500/hi	4607177915200390038	0.9995
brk/tpg/1.20/1500/rhi	13818841719315096488	-0.17490626085762284
brk/tpg/1.20/1500/straddles	4607182418800017408	1.0
brk/tpg/1.60/400/n_lo	4629418941960159232	31.0
brk/tpg/1.60/400/n_hi	0	0.0
brk/tpg/1.60/400/found_lo	4607182418800017408	1.0
brk/tpg/1.60/400/found_hi	4607182418800017408	1.0
brk/tpg/1.60/400/lo	4605110762971426983	0.7700000000000004
brk/tpg/1.60/400/rlo	13825049507526495746	-0.44441399192984943
brk/tpg/1.60/400/hi	4607177915200390038	0.9995
brk/tpg/1.60/400/rhi	13826853959933794952	-0.5891624448020858
brk/tpg/1.60/400/straddles	0	0.0
brk/tpg/1.60/500/n_lo	4620693217682128896	8.0
brk/tpg/1.60/500/n_hi	0	0.0
brk/tpg/1.60/500/found_lo	4607182418800017408	1.0
brk/tpg/1.60/500/found_hi	4607182418800017408	1.0
brk/tpg/1.60/500/lo	4599256083455845335	0.31
brk/tpg/1.60/500/rlo	4598584734934445522	0.27273267069969365
brk/tpg/1.60/500/hi	4607177915200390038	0.9995
brk/tpg/1.60/500/rhi	13826283340503551174	-0.5258109618265727
brk/tpg/1.60/500/straddles	4607182418800017408	1.0
brk/tpg/1.60/600/n_lo	0	0.0
brk/tpg/1.60/600/n_hi	0	0.0
brk/tpg/1.60/600/found_lo	4607182418800017408	1.0
brk/tpg/1.60/600/found_hi	4607182418800017408	1.0
brk/tpg/1.60/600/lo	4594572339843380019	0.15
brk/tpg/1.60/600/rlo	4607723754517736730	1.1202006755727951
brk/tpg/1.60/600/hi	4607177915200390038	0.9995
brk/tpg/1.60/600/rhi	13825670194265407906	-0.4788690273608386
brk/tpg/1.60/600/straddles	4607182418800017408	1.0
brk/tpg/1.60/650/n_lo	0	0.0
brk/tpg/1.60/650/n_hi	0	0.0
brk/tpg/1.60/650/found_lo	4607182418800017408	1.0
brk/tpg/1.60/650/found_hi	4607182418800017408	1.0
brk/tpg/1.60/650/lo	4594572339843380019	0.15
brk/tpg/1.60/650/rlo	4608055725350574052	1.193913007996792
brk/tpg/1.60/650/hi	4607177915200390038	0.9995
brk/tpg/1.60/650/rhi	13825321455147333155	-0.4595101174371356
brk/tpg/1.60/650/straddles	4607182418800017408	1.0
brk/tpg/1.60/900/n_lo	0	0.0
brk/tpg/1.60/900/n_hi	0	0.0
brk/tpg/1.60/900/found_lo	4607182418800017408	1.0
brk/tpg/1.60/900/found_hi	4607182418800017408	1.0
brk/tpg/1.60/900/lo	4594572339843380019	0.15
brk/tpg/1.60/900/rlo	4610125733054426973	1.653547050790585
brk/tpg/1.60/900/hi	4607177915200390038	0.9995
brk/tpg/1.60/900/rhi	13824032913622228741	-0.38798169396930887
brk/tpg/1.60/900/straddles	4607182418800017408	1.0
brk/tpg/1.60/1100/n_lo	0	0.0
brk/tpg/1.60/1100/n_hi	0	0.0
brk/tpg/1.60/1100/found_lo	4607182418800017408	1.0
brk/tpg/1.60/1100/found_hi	4607182418800017408	1.0
brk/tpg/1.60/1100/lo	4594572339843380019	0.15
brk/tpg/1.60/1100/rlo	4612004247383226902	2.141322045549951
brk/tpg/1.60/1100/hi	4607177915200390038	0.9995
brk/tpg/1.60/1100/rhi	13823338767584349859	-0.34944884828403583
brk/tpg/1.60/1100/straddles	4607182418800017408	1.0
brk/tpg/1.60/1500/n_lo	0	0.0
brk/tpg/1.60/1500/n_hi	0	0.0
brk/tpg/1.60/1500/found_lo	4607182418800017408	1.0
brk/tpg/1.60/1500/found_hi	4607182418800017408	1.0
brk/tpg/1.60/1500/lo	4594572339843380019	0.15
brk/tpg/1.60/1500/rlo	4615029927380762078	3.484993884914487
brk/tpg/1.60/1500/hi	4607177915200390038	0.9995
brk/tpg/1.60/1500/rhi	13822407232932419566	-0.2977382873435762
brk/tpg/1.60/1500/straddles	4607182418800017408	1.0
brk/tpg/2.00/400/n_lo	4630826316843712512	40.0
brk/tpg/2.00/400/n_hi	0	0.0
brk/tpg/2.00/400/found_lo	0	0.0
brk/tpg/2.00/400/found_hi	0	0.0
brk/tpg/2.00/500/n_lo	4627448617123184640	24.0
brk/tpg/2.00/500/n_hi	0	0.0
brk/tpg/2.00/500/found_lo	4607182418800017408	1.0
brk/tpg/2.00/500/found_hi	4607182418800017408	1.0
brk/tpg/2.00/500/lo	4603849755075763243	0.6300000000000002
brk/tpg/2.00/500/rlo	13826027679845259556	-0.4987134634469774
brk/tpg/2.00/500/hi	4607177915200390038	0.9995
brk/tpg/2.00/500/rhi	13829939413977643816	-0.9317166568924664
brk/tpg/2.00/500/straddles	0	0.0
brk/tpg/2.00/600/n_lo	4619567317775286272	7.0
brk/tpg/2.00/600/n_hi	0	0.0
brk/tpg/2.00/600/found_lo	4607182418800017408	1.0
brk/tpg/2.00/600/found_hi	4607182418800017408	1.0
brk/tpg/2.00/600/lo	4598895795485655695	0.29
brk/tpg/2.00/600/rlo	4603135028995022438	0.5506494648861462
brk/tpg/2.00/600/hi	4607177915200390038	0.9995
brk/tpg/2.00/600/rhi	13829190072445871309	-0.8485230347042944
brk/tpg/2.00/600/straddles	4607182418800017408	1.0
brk/tpg/2.00/650/n_lo	4613937818241073152	3.0
brk/tpg/2.00/650/n_hi	0	0.0
brk/tpg/2.00/650/found_lo	4607182418800017408	1.0
brk/tpg/2.00/650/found_hi	4607182418800017408	1.0
brk/tpg/2.00/650/lo	4596734067664517856	0.20999999999999996
brk/tpg/2.00/650/rlo	4607704203484768507	1.1158594741814898
brk/tpg/2.00/650/hi	4607177915200390038	0.9995
brk/tpg/2.00/650/rhi	13828881039366520488	-0.8142134706976849
brk/tpg/2.00/650/straddles	4607182418800017408	1.0
brk/tpg/2.00/900/n_lo	0	0.0
brk/tpg/2.00/900/n_hi	0	0.0
brk/tpg/2.00/900/found_lo	4607182418800017408	1.0
brk/tpg/2.00/900/found_hi	4607182418800017408	1.0
brk/tpg/2.00/900/lo	4594572339843380019	0.15
brk/tpg/2.00/900/rlo	4612283658219592233	2.265405383094976
brk/tpg/2.00/900/hi	4607177915200390038	0.9995
brk/tpg/2.00/900/rhi	13827739180641513799	-0.6874416859605298
brk/tpg/2.00/900/straddles	4607182418800017408	1.0
brk/tpg/2.00/1100/n_lo	0	0.0
brk/tpg/2.00/1100/n_hi	0	0.0
brk/tpg/2.00/1100/found_lo	4607182418800017408	1.0
brk/tpg/2.00/1100/found_hi	4607182418800017408	1.0
brk/tpg/2.00/1100/lo	4594572339843380019	0.15
brk/tpg/2.00/1100/rlo	4613584563957863202	2.843123584493143
brk/tpg/2.00/1100/hi	4607177915200390038	0.9995
brk/tpg/2.00/1100/rhi	13827124029130575610	-0.6191461488528767
brk/tpg/2.00/1100/straddles	4607182418800017408	1.0
brk/tpg/2.00/1500/n_lo	0	0.0
brk/tpg/2.00/1500/n_hi	0	0.0
brk/tpg/2.00/1500/found_lo	4607182418800017408	1.0
brk/tpg/2.00/1500/found_hi	4607182418800017408	1.0
brk/tpg/2.00/1500/lo	4594572339843380019	0.15
brk/tpg/2.00/1500/rlo	4616648716051605880	4.407760933327488
brk/tpg/2.00/1500/hi	4607177915200390038	0.9995
brk/tpg/2.00/1500/rhi	13826298456278330140	-0.5274891499460383
brk/tpg/2.00/1500/straddles	4607182418800017408	1.0
brk/eq/0.30/400/n_lo	4630826316843712512	40.0
brk/eq/0.30/400/n_hi	0	0.0
brk/eq/0.30/400/found_lo	0	0.0
brk/eq/0.30/400/found_hi	0	0.0
brk/eq/0.30/500/n_lo	4617315517961601024	5.0
brk/eq/0.30/500/n_hi	4613937818241073152	3.0
brk/eq/0.30/500/found_lo	4607182418800017408	1.0
brk/eq/0.30/500/found_hi	4607182418800017408	1.0
brk/eq/0.30/500/lo	4598175219545276414	0.24999999999999994
brk/eq/0.30/500/rlo	4601172618952040319	0.4163890917693535
brk/eq/0.30/500/hi	4606637483245105578	0.9395
brk/eq/0.30/500/rhi	4591952801066475410	0.10114659669977602
brk/eq/0.30/500/straddles	0	0.0
brk/eq/0.30/600/n_lo	0	0.0
brk/eq/0.30/600/n_hi	4611686018427387904	2.0
brk/eq/0.30/600/found_lo	4607182418800017408	1.0
brk/eq/0.30/600/found_hi	4607182418800017408	1.0
brk/eq/0.30/600/lo	4594572339843380019	0.15
brk/eq/0.30/600/rlo	4603869242266347691	0.6321635127672115
brk/eq/0.30/600/hi	4606817627230200398	0.9595
brk/eq/0.30/600/rhi	4590500723397320349	0.08099497092677628
brk/eq/0.30/600/straddles	0	0.0
brk/eq/0.30/650/n_lo	0	0.0
brk/eq/0.30/650/n_hi	4611686018427387904	2.0
brk/eq/0.30/650/found_lo	4607182418800017408	1.0
brk/eq/0.30/650/found_hi	4607182418800017408	1.0
brk/eq/0.30/650/lo	4594572339843380019	0.15
brk/eq/0.30/650/rlo	4603643651879034595	0.6071179485543009
brk/eq/0.30/650/hi	4606817627230200398	0.9595
brk/eq/0.30/650/rhi	4589031085412245776	0.06154982340780368
brk/eq/0.30/650/straddles	0	0.0
brk/eq/0.30/900/n_lo	0	0.0
brk/eq/0.30/900/n_hi	4607182418800017408	1.0
brk/eq/0.30/900/found_lo	4607182418800017408	1.0
brk/eq/0.30/900/found_hi	4607182418800017408	1.0
brk/eq/0.30/900/lo	4594572339843380019	0.15
brk/eq/0.30/900/rlo	4605754850090214113	0.8415080349141953
brk/eq/0.30/900/hi	4606997771215295218	0.9795
brk/eq/0.30/900/rhi	4588392926010960773	0.05712170302850609
brk/eq/0.30/900/straddles	0	0.0
brk/eq/0.30/1100/n_lo	0	0.0
brk/eq/0.30/1100/n_hi	4607182418800017408	1.0
brk/eq/0.30/1100/found_lo	4607182418800017408	1.0
brk/eq/0.30/1100/found_hi	4607182418800017408	1.0
brk/eq/0.30/1100/lo	4594572339843380019	0.15
brk/eq/0.30/1100/rlo	4607956285661123882	1.171832961438961
brk/eq/0.30/1100/hi	4606997771215295218	0.9795
brk/eq/0.30/1100/rhi	4584704027029534122	0.031524824374155117
brk/eq/0.30/1100/straddles	0	0.0
brk/eq/0.30/1500/n_lo	0	0.0
brk/eq/0.30/1500/n_hi	4607182418800017408	1.0
brk/eq/0.30/1500/found_lo	4607182418800017408	1.0
brk/eq/0.30/1500/found_hi	4607182418800017408	1.0
brk/eq/0.30/1500/lo	4594572339843380019	0.15
brk/eq/0.30/1500/rlo	4611988179220772992	2.1341863479820518
brk/eq/0.30/1500/hi	4606997771215295218	0.9795
brk/eq/0.30/1500/rhi	4572149129348242432	0.0047697151736576515
brk/eq/0.30/1500/straddles	0	0.0
brk/eq/0.50/400/n_lo	4630826316843712512	40.0
brk/eq/0.50/400/n_hi	0	0.0
brk/eq/0.50/400/found_lo	0	0.0
brk/eq/0.50/400/found_hi	0	0.0
brk/eq/0.50/500/n_lo	4613937818241073152	3.0
brk/eq/0.50/500/n_hi	0	0.0
brk/eq/0.50/500/found_lo	4607182418800017408	1.0
brk/eq/0.50/500/found_hi	4607182418800017408	1.0
brk/eq/0.50/500/lo	4596734067664517856	0.20999999999999996
brk/eq/0.50/500/rlo	4602570858898009997	0.4940070008676621
brk/eq/0.50/500/hi	4607177915200390038	0.9995
brk/eq/0.50/500/rhi	13805714811053327928	-0.02319517074983521
brk/eq/0.50/500/straddles	4607182418800017408	1.0
brk/eq/0.50/600/n_lo	0	0.0
brk/eq/0.50/600/n_hi	0	0.0
brk/eq/0.50/600/found_lo	4607182418800017408	1.0
brk/eq/0.50/600/found_hi	4607182418800017408	1.0
brk/eq/0.50/600/lo	4594572339843380019	0.15
brk/eq/0.50/600/rlo	4603809160937250184	0.6254931452757981
brk/eq/0.50/600/hi	4607177915200390038	0.9995
brk/eq/0.50/600/rhi	13805244137414592196	-0.021562193528558607
brk/eq/0.50/600/straddles	4607182418800017408	1.0
brk/eq/0.50/650/n_lo	0	0.0
brk/eq/0.50/650/n_hi	0	0.0
brk/eq/0.50/650/found_lo	4607182418800017408	1.0
brk/eq/0.50/650/found_hi	4607182418800017408	1.0
brk/eq/0.50/650/lo	4594572339843380019	0.15
brk/eq/0.50/650/rlo	4603768875182820340	0.6210205280625574
brk/eq/0.50/650/hi	4607177915200390038	0.9995
brk/eq/0.50/650/rhi	13805057958917058392	-0.020916257107770647
brk/eq/0.50/650/straddles	4607182418800017408	1.0
brk/eq/0.50/900/n_lo	0	0.0
brk/eq/0.50/900/n_hi	0	0.0
brk/eq/0.50/900/found_lo	4607182418800017408	1.0
brk/eq/0.50/900/found_hi	4607182418800017408	1.0
brk/eq/0.50/900/lo	4594572339843380019	0.15
brk/eq/0.50/900/rlo	4606141030328473459	0.8843826541312708
brk/eq/0.50/900/hi	4607177915200390038	0.9995
brk/eq/0.50/900/rhi	13804413906440093524	-0.01868175120466671
brk/eq/0.50/900/straddles	4607182418800017408	1.0
brk/eq/0.50/1100/n_lo	0	0.0
brk/eq/0.50/1100/n_hi	0	0.0
brk/eq/0.50/1100/found_lo	4607182418800017408	1.0
brk/eq/0.50/1100/found_hi	4607182418800017408	1.0
brk/eq/0.50/1100/lo	4594572339843380019	0.15
brk/eq/0.50/1100/rlo	4608194085973832441	1.224635237925382
brk/eq/0.50/1100/hi	4607177915200390038	0.9995
brk/eq/0.50/1100/rhi	13804074407540650700	-0.0175038777828032
brk/eq/0.50/1100/straddles	4607182418800017408	1.0
brk/eq/0.50/1500/n_lo	0	0.0
brk/eq/0.50/1500/n_hi	0	0.0
brk/eq/0.50/1500/found_lo	4607182418800017408	1.0
brk/eq/0.50/1500/found_hi	4607182418800017408	1.0
brk/eq/0.50/1500/lo	4594572339843380019	0.15
brk/eq/0.50/1500/rlo	4612163705635679802	2.2121357348858313
brk/eq/0.50/1500/hi	4607177915200390038	0.9995
brk/eq/0.50/1500/rhi	13803586939541494968	-0.015812633418957417
brk/eq/0.50/1500/straddles	4607182418800017408	1.0
brk/eq/0.85/400/n_lo	4630826316843712512	40.0
brk/eq/0.85/400/n_hi	0	0.0
brk/eq/0.85/400/found_lo	0	0.0
brk/eq/0.85/400/found_hi	0	0.0
brk/eq/0.85/500/n_lo	0	0.0
brk/eq/0.85/500/n_hi	0	0.0
brk/eq/0.85/500/found_lo	4607182418800017408	1.0
brk/eq/0.85/500/found_hi	4607182418800017408	1.0
brk/eq/0.85/500/lo	4594572339843380019	0.15
brk/eq/0.85/500/rlo	4604487679853200178	0.7008238775889366
brk/eq/0.85/500/hi	4607177915200390038	0.9995
brk/eq/0.85/500/rhi	13819228620251288546	-0.18564491904785912
brk/eq/0.85/500/straddles	4607182418800017408	1.0
brk/eq/0.85/600/n_lo	0	0.0
brk/eq/0.85/600/n_hi	0	0.0
brk/eq/0.85/600/found_lo	4607182418800017408	1.0
brk/eq/0.85/600/found_hi	4607182418800017408	1.0
brk/eq/0.85/600/lo	4594572339843380019	0.15
brk/eq/0.85/600/rlo	4604144068914549236	0.6626754000286028
brk/eq/0.85/600/hi	4607177915200390038	0.9995
brk/eq/0.85/600/rhi	13818642936612515309	-0.16938893252505186
brk/eq/0.85/600/straddles	4607182418800017408	1.0
brk/eq/0.85/650/n_lo	0	0.0
brk/eq/0.85/650/n_hi	0	0.0
brk/eq/0.85/650/found_lo	4607182418800017408	1.0
brk/eq/0.85/650/found_hi	4607182418800017408	1.0
brk/eq/0.85/650/lo	4594572339843380019	0.15
brk/eq/0.85/650/rlo	4604413012653120438	0.6925341531176545
brk/eq/0.85/650/hi	4607177915200390038	0.9995
brk/eq/0.85/650/rhi	13818401908164679395	-0.16269904921562447
brk/eq/0.85/650/straddles	4607182418800017408	1.0
brk/eq/0.85/900/n_lo	0	0.0
brk/eq/0.85/900/n_hi	0	0.0
brk/eq/0.85/900/found_lo	4607182418800017408	1.0
brk/eq/0.85/900/found_hi	4607182418800017408	1.0
brk/eq/0.85/900/lo	4594572339843380019	0.15
brk/eq/0.85/900/rlo	4607273595194749388	1.0202452265467512
brk/eq/0.85/900/hi	4607177915200390038	0.9995
brk/eq/0.85/900/rhi	13817514517026626474	-0.13806899738275763
brk/eq/0.85/900/straddles	4607182418800017408	1.0
brk/eq/0.85/1100/n_lo	0	0.0
brk/eq/0.85/1100/n_hi	0	0.0
brk/eq/0.85/1100/found_lo	4607182418800017408	1.0
brk/eq/0.85/1100/found_hi	4607182418800017408	1.0
brk/eq/0.85/1100/lo	4594572339843380019	0.15
brk/eq/0.85/1100/rlo	4608941959428989468	1.3906965038096422
brk/eq/0.85/1100/hi	4607177915200390038	0.9995
brk/eq/0.85/1100/rhi	13817029244218382721	-0.12479998562966978
brk/eq/0.85/1100/straddles	4607182418800017408	1.0
brk/eq/0.85/1500/n_lo	0	0.0
brk/eq/0.85/1500/n_hi	0	0.0
brk/eq/0.85/1500/found_lo	4607182418800017408	1.0
brk/eq/0.85/1500/found_hi	4607182418800017408	1.0
brk/eq/0.85/1500/lo	4594572339843380019	0.15
brk/eq/0.85/1500/rlo	4612709674823812691	2.454594760246246
brk/eq/0.85/1500/hi	4607177915200390038	0.9995
brk/eq/0.85/1500/rhi	13815729605318714923	-0.10676387275329861
brk/eq/0.85/1500/straddles	4607182418800017408	1.0
brk/eq/1.20/400/n_lo	4630826316843712512	40.0
brk/eq/1.20/400/n_hi	0	0.0
brk/eq/1.20/400/found_lo	0	0.0
brk/eq/1.20/400/found_hi	0	0.0
brk/eq/1.20/500/n_lo	4611686018427387904	2.0
brk/eq/1.20/500/n_hi	0	0.0
brk/eq/1.20/500/found_lo	4607182418800017408	1.0
brk/eq/1.20/500/found_hi	4607182418800017408	1.0
brk/eq/1.20/500/lo	4596013491724138577	0.18999999999999997
brk/eq/1.20/500/rlo	4602957581207843125	0.5309488029866204
brk/eq/1.20/500/hi	4607177915200390038	0.9995
brk/eq/1.20/500/rhi	13822618797915522551	-0.3094825031158445
brk/eq/1.20/500/straddles	4607182418800017408	1.0
brk/eq/1.20/600/n_lo	0	0.0
brk/eq/1.20/600/n_hi	0	0.0
brk/eq/1.20/600/found_lo	4607182418800017408	1.0
brk/eq/1.20/600/found_hi	4607182418800017408	1.0
brk/eq/1.20/600/lo	4594572339843380019	0.15
brk/eq/1.20/600/rlo	4605381107095438379	0.8000142271049574
brk/eq/1.20/600/hi	4607177915200390038	0.9995
brk/eq/1.20/600/rhi	13822120370377427730	-0.2818142166708394
brk/eq/1.20/600/straddles	4607182418800017408	1.0
brk/eq/1.20/650/n_lo	0	0.0
brk/eq/1.20/650/n_hi	0	0.0
brk/eq/1.20/650/found_lo	4607182418800017408	1.0
brk/eq/1.20/650/found_hi	4607182418800017408	1.0
brk/eq/1.20/650/lo	4594572339843380019	0.15
brk/eq/1.20/650/rlo	4605917693657430176	0.8595873026877321
brk/eq/1.20/650/hi	4607177915200390038	0.9995
brk/eq/1.20/650/rhi	13821914445609848944	-0.2703830957555118
brk/eq/1.20/650/straddles	4607182418800017408	1.0
brk/eq/1.20/900/n_lo	0	0.0
brk/eq/1.20/900/n_hi	0	0.0
brk/eq/1.20/900/found_lo	4607182418800017408	1.0
brk/eq/1.20/900/found_hi	4607182418800017408	1.0
brk/eq/1.20/900/lo	4594572339843380019	0.15
brk/eq/1.20/900/rlo	4608281172033864812	1.2439722277197474
brk/eq/1.20/900/hi	4607177915200390038	0.9995
brk/eq/1.20/900/rhi	13820756156401362555	-0.22804256416684496
brk/eq/1.20/900/straddles	4607182418800017408	1.0
brk/eq/1.20/1100/n_lo	0	0.0
brk/eq/1.20/1100/n_hi	0	0.0
brk/eq/1.20/1100/found_lo	4607182418800017408	1.0
brk/eq/1.20/1100/found_hi	4607182418800017408	1.0
brk/eq/1.20/1100/lo	4594572339843380019	0.15
brk/eq/1.20/1100/rlo	4610151236027117632	1.6592098482860962
brk/eq/1.20/1100/hi	4607177915200390038	0.9995
brk/eq/1.20/1100/rhi	13819932223409127809	-0.20517382969866207
brk/eq/1.20/1100/straddles	4607182418800017408	1.0
brk/eq/1.20/1500/n_lo	0	0.0
brk/eq/1.20/1500/n_hi	0	0.0
brk/eq/1.20/1500/found_lo	4607182418800017408	1.0
brk/eq/1.20/1500/found_hi	4607182418800017408	1.0
brk/eq/1.20/1500/lo	4594572339843380019	0.15
brk/eq/1.20/1500/rlo	4613566580829424815	2.8351374711943076
brk/eq/1.20/1500/hi	4607177915200390038	0.9995
brk/eq/1.20/1500/rhi	13818823089619424396	-0.17438918293069994
brk/eq/1.20/1500/straddles	4607182418800017408	1.0
brk/eq/1.60/400/n_lo	4630826316843712512	40.0
brk/eq/1.60/400/n_hi	0	0.0
brk/eq/1.60/400/found_lo	0	0.0
brk/eq/1.60/400/found_hi	0	0.0
brk/eq/1.60/500/n_lo	4621819117588971520	10.0
brk/eq/1.60/500/n_hi	0	0.0
brk/eq/1.60/500/found_lo	4607182418800017408	1.0
brk/eq/1.60/500/found_hi	4607182418800017408	1.0
brk/eq/1.60/500/lo	4599976659396224615	0.35000000000000003
brk/eq/1.60/500/rlo	4594896656777466128	0.15900160318745593
brk/eq/1.60/500/hi	4607177915200390038	0.9995
brk/eq/1.60/500/rhi	13826294496968262767	-0.5270495782261956
brk/eq/1.60/500/straddles	4607182418800017408	1.0
brk/eq/1.60/600/n_lo	4607182418800017408	1.0
brk/eq/1.60/600/n_hi	0	0.0
brk/eq/1.60/600/found_lo	4607182418800017408	1.0
brk/eq/1.60/600/found_hi	4607182418800017408	1.0
brk/eq/1.60/600/lo	4595292915783759298	0.16999999999999998
brk/eq/1.60/600/rlo	4606825195126502078	0.9603402052722101
brk/eq/1.60/600/hi	4607177915200390038	0.9995
brk/eq/1.60/600/rhi	13825689305298846069	-0.4799299028282101
brk/eq/1.60/600/straddles	4607182418800017408	1.0
brk/eq/1.60/650/n_lo	0	0.0
brk/eq/1.60/650/n_hi	0	0.0
brk/eq/1.60/650/found_lo	4607182418800017408	1.0
brk/eq/1.60/650/found_hi	4607182418800017408	1.0
brk/eq/1.60/650/lo	4594572339843380019	0.15
brk/eq/1.60/650/rlo	4607998275263103215	1.1811565260214214
brk/eq/1.60/650/hi	4607177915200390038	0.9995
brk/eq/1.60/650/rhi	13825338585194873794	-0.46046102609676265
brk/eq/1.60/650/straddles	4607182418800017408	1.0
brk/eq/1.60/900/n_lo	0	0.0
brk/eq/1.60/900/n_hi	0	0.0
brk/eq/1.60/900/found_lo	4607182418800017408	1.0
brk/eq/1.60/900/found_hi	4607182418800017408	1.0
brk/eq/1.60/900/lo	4594572339843380019	0.15
brk/eq/1.60/900/rlo	4610028688563712166	1.6319988451896648
brk/eq/1.60/900/hi	4607177915200390038	0.9995
brk/eq/1.60/900/rhi	13824039389789974144	-0.38834119349642293
brk/eq/1.60/900/straddles	4607182418800017408	1.0
brk/eq/1.60/1100/n_lo	0	0.0
brk/eq/1.60/1100/n_hi	0	0.0
brk/eq/1.60/1100/found_lo	4607182418800017408	1.0
brk/eq/1.60/1100/found_hi	4607182418800017408	1.0
brk/eq/1.60/1100/lo	4594572339843380019	0.15
brk/eq/1.60/1100/rlo	4611941500621420830	2.1134568856788425
brk/eq/1.60/1100/hi	4607177915200390038	0.9995
brk/eq/1.60/1100/rhi	13823337613554458237	-0.3493847867561966
brk/eq/1.60/1100/straddles	4607182418800017408	1.0
brk/eq/1.60/1500/n_lo	0	0.0
brk/eq/1.60/1500/n_hi	0	0.0
brk/eq/1.60/1500/found_lo	4607182418800017408	1.0
brk/eq/1.60/1500/found_hi	4607182418800017408	1.0
brk/eq/1.60/1500/lo	4594572339843380019	0.15
brk/eq/1.60/1500/rlo	4614957454102322900	3.4528092839571887
brk/eq/1.60/1500/hi	4607177915200390038	0.9995
brk/eq/1.60/1500/rhi	13822392873511126770	-0.29694117933659847
brk/eq/1.60/1500/straddles	4607182418800017408	1.0
brk/eq/2.00/400/n_lo	4630826316843712512	40.0
brk/eq/2.00/400/n_hi	0	0.0
brk/eq/2.00/400/found_lo	0	0.0
brk/eq/2.00/400/found_hi	0	0.0
brk/eq/2.00/500/n_lo	4628011567076605952	26.0
brk/eq/2.00/500/n_hi	0	0.0
brk/eq/2.00/500/found_lo	4607182418800017408	1.0
brk/eq/2.00/500/found_hi	4607182418800017408	1.0
brk/eq/2.00/500/lo	4604210043045952883	0.6700000000000003
brk/eq/2.00/500/rlo	13826680522692869566	-0.5699070429818034
brk/eq/2.00/500/hi	4607177915200390038	0.9995
brk/eq/2.00/500/rhi	13829961781486354521	-0.9341999492098793
brk/eq/2.00/500/straddles	0	0.0
brk/eq/2.00/600/n_lo	4621256167635550208	9.0
brk/eq/2.00/600/n_hi	0	0.0
brk/eq/2.00/600/found_lo	4607182418800017408	1.0
brk/eq/2.00/600/found_hi	4607182418800017408	1.0
brk/eq/2.00/600/lo	4599616371426034975	0.33
brk/eq/2.00/600/rlo	4599942075480257784	0.34808020701059617
brk/eq/2.00/600/hi	4607177915200390038	0.9995
brk/eq/2.00/600/rhi	13829209544469720164	-0.8506848636255993
brk/eq/2.00/600/straddles	4607182418800017408	1.0
brk/eq/2.00/650/n_lo	4616189618054758400	4.0
brk/eq/2.00/650/n_hi	0	0.0
brk/eq/2.00/650/found_lo	4607182418800017408	1.0
brk/eq/2.00/650/found_hi	4607182418800017408	1.0
brk/eq/2.00/650/lo	4597454643604897135	0.22999999999999995
brk/eq/2.00/650/rlo	4606721333327927072	0.9488092292565149
brk/eq/2.00/650/hi	4607177915200390038	0.9995
brk/eq/2.00/650/rhi	13828898707437261939	-0.8161750205914714
brk/eq/2.00/650/straddles	4607182418800017408	1.0
brk/eq/2.00/900/n_lo	0	0.0
brk/eq/2.00/900/n_hi	0	0.0
brk/eq/2.00/900/found_lo	4607182418800017408	1.0
brk/eq/2.00/900/found_hi	4607182418800017408	1.0
brk/eq/2.00/900/lo	4594572339843380019	0.15
brk/eq/2.00/900/rlo	4612218090871337486	2.2362876312165616
brk/eq/2.00/900/hi	4607177915200390038	0.9995
brk/eq/2.00/900/rhi	13827747104267850549	-0.6883213852002884
brk/eq/2.00/900/straddles	4607182418800017408	1.0
brk/eq/2.00/1100/n_lo	0	0.0
brk/eq/2.00/1100/n_hi	0	0.0
brk/eq/2.00/1100/found_lo	4607182418800017408	1.0
brk/eq/2.00/1100/found_hi	4607182418800017408	1.0
brk/eq/2.00/1100/lo	4594572339843380019	0.15
brk/eq/2.00/1100/rlo	4613500164212822351	2.805642568406405
brk/eq/2.00/1100/hi	4607177915200390038	0.9995
brk/eq/2.00/1100/rhi	13827124990351447363	-0.6192528658072337
brk/eq/2.00/1100/straddles	4607182418800017408	1.0
brk/eq/2.00/1500/n_lo	0	0.0
brk/eq/2.00/1500/n_hi	0	0.0
brk/eq/2.00/1500/found_lo	4607182418800017408	1.0
brk/eq/2.00/1500/found_hi	4607182418800017408	1.0
brk/eq/2.00/1500/lo	4594572339843380019	0.15
brk/eq/2.00/1500/rlo	4616597999016927802	4.362715157615236
brk/eq/2.00/1500/hi	4607177915200390038	0.9995
brk/eq/2.00/1500/rhi	13826287456580945926	-0.526267938216052
brk/eq/2.00/1500/straddles	4607182418800017408	1.0
census/march_reject_lo	4648049066981195776	550.0
census/march_reject_hi	4631670741773844480	46.0
roots/cpg/choked/tau_t_distinct	4607182418800017408	1.0
roots/cpg/choked/pi_t_distinct	4607182418800017408	1.0
roots/cpg/choked/pi_c_distinct	4628011567076605952	26.0
roots/cpg/subsonic/tau_t_distinct	4616189618054758400	4.0
roots/cpg/subsonic/pi_t_distinct	4616189618054758400	4.0
roots/cpg/subsonic/pi_c_distinct	4616189618054758400	4.0
roots/tpg/choked/tau_t_distinct	4618441417868443648	6.0
roots/tpg/choked/pi_t_distinct	4618441417868443648	6.0
roots/tpg/choked/pi_c_distinct	4627448617123184640	24.0
roots/tpg/subsonic/tau_t_distinct	4617315517961601024	5.0
roots/tpg/subsonic/pi_t_distinct	4617315517961601024	5.0
roots/tpg/subsonic/pi_c_distinct	4617315517961601024	5.0
roots/eq/choked/tau_t_distinct	4627448617123184640	24.0
roots/eq/choked/pi_t_distinct	4627448617123184640	24.0
roots/eq/choked/pi_c_distinct	4627448617123184640	24.0
roots/eq/subsonic/tau_t_distinct	4617315517961601024	5.0
roots/eq/subsonic/pi_t_distinct	4617315517961601024	5.0
roots/eq/subsonic/pi_c_distinct	4617315517961601024	5.0
