# phase-5I off-design matcher oracle — key	u64 bits	repr
# cpython 3.14.3
hw/cpg/A4	4563893732593155902	0.001355449974095493
hw/cpg/A8	4568977292614859180	0.0029624176759874467
hw/cpg/f_design	4584669273506512825	0.03128367336512334
hw/cpg/pi_d_max	4606912202822375178	0.97
hw/cpg/pi_d_design	4606912202822375178	0.97
hw/cpg/ref2/Tt	4643741180423569407	286.12499999999994
hw/cpg/ref2/pt	4680081772134739219	77785.20992963416
hw/cpg/ref3/Tt	4648389774525228686	588.7339632689998
hw/cpg/ref3/pt	4694928910747891800	777852.0992963417
hw/cpg/ref4/Tt	4654311885213007872	1500.0
hw/cpg/ref4/pt	4694661642801683581	746738.0153244879
hw/cpg/ref5/Tt	4653255576954920251	1259.8233089575795
hw/cpg/ref5/pt	4689232804587847137	319513.0337571782
hw/cpg/ref9/Tt	4653255576954920251	1259.8233089575795
hw/cpg/ref9/pt	4689123020745396511	313122.7730820346
hw/cpg/ref/A4_over_A8	4601914082211776837	0.45754857091300877
hw/tpg/A4	4563886260492268402	0.0013538297204924413
hw/tpg/A8	4568943913479715010	0.002947941783651848
hw/tpg/f_design	4583515894746797883	0.027265250260220624
hw/tpg/pi_d_max	4606912202822375178	0.97
hw/tpg/pi_d_design	4606912202822375178	0.97
hw/tpg/ref2/Tt	4643745586963694955	286.3754828060834
hw/tpg/ref2/pt	4680086807681088516	77858.48677323764
hw/tpg/ref3/Tt	4648343779432381839	583.5049266125296
hw/tpg/ref3/pt	4694935205180828421	778584.8677323764
hw/tpg/ref4/Tt	4654311885213007872	1500.0
hw/tpg/ref4/pt	4694667685457302737	747441.4730230813
hw/tpg/ref5/Tt	4653271803104197884	1263.5127081571254
hw/tpg/ref5/pt	4689250316522041639	320532.3624847107
hw/tpg/ref9/Tt	4653271803104197884	1263.5127081571254
hw/tpg/ref9/pt	4689140182440907123	314121.7152350165
hw/tpg/ref/A4_over_A8	4601944655781158136	0.4592457449466134
hw/eq/A4	4563886030393706514	0.0013537798258203043
hw/eq/A8	4568938132128764526	0.002945434522347682
hw/eq/f_design	4583491089772941734	0.02717919071928212
hw/eq/pi_d_max	4606912202822375178	0.97
hw/eq/pi_d_design	4606912202822375178	0.97
hw/eq/ref2/Tt	4643745586963694955	286.3754828060834
hw/eq/ref2/pt	4680086807681088516	77858.48677323764
hw/eq/ref3/Tt	4648343779432381839	583.5049266125296
hw/eq/ref3/pt	4694935205180828421	778584.8677323764
hw/eq/ref4/Tt	4654311885213007872	1500.0
hw/eq/ref4/pt	4694667685457302737	747441.4730230813
hw/eq/ref5/Tt	4653268190414248304	1262.6912775650526
hw/eq/ref5/pt	4689252979832730919	320687.3875702195
hw/eq/ref9/Tt	4653268190414248304	1262.6912775650526
hw/eq/ref9/pt	4689142792485382617	314273.6398188151
hw/eq/ref/A4_over_A8	4601951392933191216	0.4596197320119897
mfp/cpg/0/0	4585847801939217816	0.03946135712240134
mfp/cpg/0/1	4585847801939217816	0.03946135712240134
mfp/cpg/0/2	4585847801939217816	0.03946135712240134
mfp/cpg/0/3	4585847801939217816	0.03946135712240134
mfp/cpg/1/0	4585847801939217813	0.03946135712240132
mfp/cpg/1/1	4585847801939217813	0.03946135712240132
mfp/cpg/1/2	4585847801939217813	0.03946135712240132
mfp/cpg/1/3	4585847801939217813	0.03946135712240132
mfp/cpg/2/0	4585847801939217814	0.03946135712240133
mfp/cpg/2/1	4585847801939217814	0.03946135712240133
mfp/cpg/2/2	4585847801939217814	0.03946135712240133
mfp/cpg/2/3	4585847801939217814	0.03946135712240133
mfp/cpg/3/0	4585847801939217814	0.03946135712240133
mfp/cpg/3/1	4585847801939217814	0.03946135712240133
mfp/cpg/3/2	4585847801939217814	0.03946135712240133
mfp/cpg/3/3	4585847801939217814	0.03946135712240133
mfp/cpg/4/0	4585847801939217816	0.03946135712240134
mfp/cpg/4/1	4585847801939217816	0.03946135712240134
mfp/cpg/4/2	4585847801939217816	0.03946135712240134
mfp/cpg/4/3	4585847801939217816	0.03946135712240134
mfp/cpg/5/0	4585847801939217814	0.03946135712240133
mfp/cpg/5/1	4585847801939217814	0.03946135712240133
mfp/cpg/5/2	4585847801939217814	0.03946135712240133
mfp/cpg/5/3	4585847801939217814	0.03946135712240133
mfp/tpg/0/0	4585957638063518671	0.04022349833574134
mfp/tpg/0/1	4585957638063518671	0.04022349833574134
mfp/tpg/0/2	4585957638063518671	0.04022349833574134
mfp/tpg/0/3	4585957638063518671	0.04022349833574134
mfp/tpg/1/0	4585922694398668746	0.03998102795273402
mfp/tpg/1/1	4585922694398668746	0.03998102795273402
mfp/tpg/1/2	4585922694398668746	0.03998102795273402
mfp/tpg/1/3	4585922694398668746	0.03998102795273402
mfp/tpg/2/0	4585883912074152418	0.03971192151756832
mfp/tpg/2/1	4585883912074152418	0.03971192151756832
mfp/tpg/2/2	4585883912074152418	0.03971192151756832
mfp/tpg/2/3	4585883912074152418	0.03971192151756832
mfp/tpg/3/0	4585843781277287918	0.0394334581758463
mfp/tpg/3/1	4585843781277287918	0.0394334581758463
mfp/tpg/3/2	4585843781277287918	0.0394334581758463
mfp/tpg/3/3	4585843781277287918	0.0394334581758463
mfp/tpg/4/0	4585827084239234481	0.039317599200284
mfp/tpg/4/1	4585827084239234481	0.039317599200284
mfp/tpg/4/2	4585827084239234481	0.039317599200284
mfp/tpg/4/3	4585827084239234481	0.039317599200284
mfp/tpg/5/0	4585811729156961486	0.03921105191350592
mfp/tpg/5/1	4585811729156961486	0.03921105191350592
mfp/tpg/5/2	4585811729156961486	0.03921105191350592
mfp/tpg/5/3	4585811729156961486	0.03921105191350592
mfp/eq/0/frozen	4585956569513373216	0.040216083779651024
mfp/eq/1/frozen	4585922188871960703	0.03997752015654132
mfp/eq/2/frozen	4585883537118730832	0.03970931974167924
mfp/eq/3/frozen	4585843478508937983	0.03943135729838864
mfp/eq/4/frozen	4585826818363166988	0.03931575431446008
mfp/eq/5/frozen	4585811481967914606	0.03920933669493541
cell/cpg/0.30/400/abort	4618441417868443648	6.0
cell/cpg/0.30/500/abort	4607182418800017408	1.0
cell/cpg/0.30/600/abort	4607182418800017408	1.0
cell/cpg/0.30/650/abort	4607182418800017408	1.0
cell/cpg/0.30/900/abort	0	0.0
cell/cpg/0.30/900/branch	0	0.0
cell/cpg/0.30/900/n_solve_turbine	4619567317775286272	7.0
cell/cpg/0.30/900/pi_c	4617762799933172869	5.397266194671038
cell/cpg/0.30/900/tau_c	4610349255383127186	1.7031789779587467
cell/cpg/0.30/900/tau_t	4605740205924975101	0.8398822059717187
cell/cpg/0.30/900/pi_t	4601379591121935493	0.4278783551930661
cell/cpg/0.30/900/mdot_air	4602123615958118541	0.4691800303942351
cell/cpg/0.30/900/mdot_ratio	4602123615958118541	0.4691800303942351
cell/cpg/0.30/900/thrust	4642097225290356939	224.3384848872141
cell/cpg/0.30/900/V0	4636390020038410586	95.06497777835958
cell/cpg/0.30/900/V9	4647403177359497061	494.2854256959311
cell/cpg/0.30/900/M9	4607182418800017407	0.9999999999999999
cell/cpg/0.30/900/T9	4648992880001835330	657.2991177169972
cell/cpg/0.30/900/p9	4678645530798799685	61210.57388078285
cell/cpg/0.30/900/F_over_mdot	4647119321949296448	478.1501137179912
cell/cpg/0.30/900/tsfc	4540211083382244336	3.446582903621892e-05
cell/cpg/0.30/900/eta_th	4595279952184537856	0.16964018784155854
cell/cpg/0.30/900/eta_p	4600515132558363987	0.37989126513749233
cell/cpg/0.30/900/s2/Tt	4643158439260848128	254.5
cell/cpg/0.30/900/s2/pt	4677328081534983276	51624.8688784175
cell/cpg/0.30/900/s3/Tt	4646333108439920371	433.45904989050103
cell/cpg/0.30/900/s3/pt	4688530493697599490	278633.1596018077
cell/cpg/0.30/900/s4/Tt	4651127699538968576	900.0
cell/cpg/0.30/900/s4/pt	4688339018448308144	267487.8332177354
cell/cpg/0.30/900/s5/Tt	4649860129629263423	755.8939853745468
cell/cpg/0.30/900/s5/pt	4682601512224363335	114452.25411136179
cell/cpg/0.30/900/s9/Tt	4649860129629263423	755.8939853745468
cell/cpg/0.30/900/s9/pt	4682444210244087565	112163.20902913455
cell/cpg/0.30/900/s4/far	4580407211911600032	0.01647984007305292
cell/cpg/0.30/1100/abort	0	0.0
cell/cpg/0.30/1100/branch	0	0.0
cell/cpg/0.30/1100/n_solve_turbine	4619567317775286272	7.0
cell/cpg/0.30/1100/pi_c	4619831362345241430	7.234518688873171
cell/cpg/0.30/1100/tau_c	4611072574493887585	1.8637880841422645
cell/cpg/0.30/1100/tau_t	4605740205924975101	0.8398822059717187
cell/cpg/0.30/1100/pi_t	4601379591121935493	0.4278783551930661
cell/cpg/0.30/1100/mdot_air	4603273208050264869	0.565990421751256
cell/cpg/0.30/1100/mdot_ratio	4603273208050264869	0.565990421751256
cell/cpg/0.30/1100/thrust	4644989871699254443	357.10488121160114
cell/cpg/0.30/1100/V0	4636390020038410586	95.06497777835958
cell/cpg/0.30/1100/V9	4648017868108225219	546.453098791499
cell/cpg/0.30/1100/M9	4607182418800017406	0.9999999999999998
cell/cpg/0.30/1100/T9	4650277694264691766	803.3655883207746
cell/cpg/0.30/1100/p9	4680374634277058588	82046.91499826353
cell/cpg/0.30/1100/F_over_mdot	4648761005414541455	630.9380291395518
cell/cpg/0.30/1100/tsfc	4540181954478170701	3.426844390447669e-05
cell/cpg/0.30/1100/eta_th	4594930781353413303	0.15994875043550902
cell/cpg/0.30/1100/eta_p	4600971593900063014	0.40522995970776987
cell/cpg/0.30/1100/s2/Tt	4643158439260848128	254.5
cell/cpg/0.30/1100/s2/pt	4677328081534983276	51624.8688784175
cell/cpg/0.30/1100/s3/Tt	4647052189352766158	474.3340674142063
cell/cpg/0.30/1100/s3/pt	4690159968540279277	373481.0787115384
cell/cpg/0.30/1100/s4/Tt	4652552666608566272	1100.0
cell/cpg/0.30/1100/s4/pt	4689903314297280739	358541.83556307683
cell/cpg/0.30/1100/s5/Tt	4651337666031548323	923.8704265688906
cell/cpg/0.30/1100/s5/pt	4684511219014627057	153412.29086863206
cell/cpg/0.30/1100/s9/Tt	4651337666031548323	923.8704265688906
cell/cpg/0.30/1100/s9/pt	4684405794891093423	150344.04505125943
cell/cpg/0.30/1100/s4/far	4581889126596250794	0.021621264458769808
cell/cpg/0.30/1500/abort	0	0.0
cell/cpg/0.30/1500/branch	0	0.0
cell/cpg/0.30/1500/n_solve_turbine	4619567317775286272	7.0
cell/cpg/0.30/1500/pi_c	4623099732279461408	12.274828664088147
cell/cpg/0.30/1500/tau_c	4612113703530953382	2.1899303397070353
cell/cpg/0.30/1500/tau_t	4605740205924975101	0.8398822059717187
cell/cpg/0.30/1500/pi_t	4601379591121935493	0.4278783551930661
cell/cpg/0.30/1500/mdot_air	4605507509074787566	0.8140476658881235
cell/cpg/0.30/1500/mdot_ratio	4605507509074787566	0.8140476658881235
cell/cpg/0.30/1500/thrust	4649570811044467632	723.0022703750201
cell/cpg/0.30/1500/V0	4636390020038410586	95.06497777835958
cell/cpg/0.30/1500/V9	4648824176417173223	638.1197406644613
cell/cpg/0.30/1500/M9	4607182418800017402	0.9999999999999993
cell/cpg/0.30/1500/T9	4652532868932063502	1095.498529528329
cell/cpg/0.30/1500/p9	4684023205786757808	139209.23662408208
cell/cpg/0.30/1500/F_over_mdot	4651023528895941012	888.1571690107689
cell/cpg/0.30/1500/tsfc	4540452122835577079	3.609917590470691e-05
cell/cpg/0.30/1500/eta_th	4594566329014802779	0.14983316599291183
cell/cpg/0.30/1500/eta_p	4601069227740841781	0.41064972660852855
cell/cpg/0.30/1500/s2/Tt	4643158439260848128	254.5
cell/cpg/0.30/1500/s2/pt	4677328081534983276	51624.8688784175
cell/cpg/0.30/1500/s3/Tt	4648113606303447022	557.3372714554405
cell/cpg/0.30/1500/s3/pt	4693690536994803957	633686.4202885913
cell/cpg/0.30/1500/s4/Tt	4654311885213007872	1500.0
cell/cpg/0.30/1500/s4/pt	4693472803998719252	608338.9634770476
cell/cpg/0.30/1500/s5/Tt	4653255576954920246	1259.8233089575783
cell/cpg/0.30/1500/s5/pt	4688183683516599603	260295.07509241402
cell/cpg/0.30/1500/s9/Tt	4653255576954920246	1259.8233089575783
cell/cpg/0.30/1500/s9/pt	4688004810103026518	255089.17359056574
cell/cpg/0.30/1500/s4/far	4584781404996170678	0.03206174187514625
cell/cpg/0.50/400/abort	4607182418800017408	1.0
cell/cpg/0.50/500/abort	0	0.0
cell/cpg/0.50/500/branch	4607182418800017408	1.0
cell/cpg/0.50/500/n_solve_turbine	4619567317775286272	7.0
cell/cpg/0.50/500/pi_c	4612275389257332834	2.2617332261789196
cell/cpg/0.50/500/tau_c	4608526381187135324	1.2984195972816996
cell/cpg/0.50/500/tau_t	4606034982008518734	0.8726089254776157
cell/cpg/0.50/500/pi_t	4602824271006705786	0.516148397514612
cell/cpg/0.50/500/mdot_air	4599018892417266382	0.29683325238674463
cell/cpg/0.50/500/mdot_ratio	4599018892417266382	0.29683325238674463
cell/cpg/0.50/500/thrust	4627508271910466630	24.21193637878266
cell/cpg/0.50/500/V0	4639778685815524299	158.4416296305993
cell/cpg/0.50/500/V9	4642592870872958920	238.4255796163909
cell/cpg/0.50/500/M9	4603653951746009915	0.6082614635009586
cell/cpg/0.50/500/T9	4645979590522388574	413.3638828294405
cell/cpg/0.50/500/p9	4677104761256804352	50000.0
cell/cpg/0.50/500/F_over_mdot	4635440217122277002	81.56746652911002
cell/cpg/0.50/500/tsfc	4545636460001263251	8.142406578359245e-05
cell/cpg/0.50/500/eta_th	4588303162470449583	0.05649884334445986
cell/cpg/0.50/500/eta_p	4605423299249593366	0.8046984972050975
cell/cpg/0.50/500/s2/Tt	4643325565028270080	262.5
cell/cpg/0.50/500/s2/pt	4678139857026256349	57531.31294515331
cell/cpg/0.50/500/s3/Tt	4644703651460373412	340.83514428644617
cell/cpg/0.50/500/s3/pt	4683678224648570281	130120.48203375064
cell/cpg/0.50/500/s4/Tt	4647503709213818880	500.0
cell/cpg/0.50/500/s4/pt	4683320552191050463	124915.6627524006
cell/cpg/0.50/500/s5/Tt	4646383165472120954	436.30446273880773
cell/cpg/0.50/500/s5/pt	4679094192740834750	64475.01915412721
cell/cpg/0.50/500/s9/Tt	4646383165472120954	436.30446273880773
cell/cpg/0.50/500/s9/pt	4678916965157682142	63185.51877104466
cell/cpg/0.50/500/s4/far	4574307213461049590	0.00664155476046723
cell/cpg/0.50/600/abort	0	0.0
cell/cpg/0.50/600/branch	4607182418800017408	1.0
cell/cpg/0.50/600/n_solve_turbine	4619567317775286272	7.0
cell/cpg/0.50/600/pi_c	4614109206597928523	3.0761117199734023
cell/cpg/0.50/600/tau_c	4609119842329280829	1.4301944421277561
cell/cpg/0.50/600/tau_t	4605806941880599897	0.8472913854222198
cell/cpg/0.50/600/pi_t	4601719696870991806	0.4467580168635513
cell/cpg/0.50/600/mdot_air	4600296389030297612	0.3677485600701409
cell/cpg/0.50/600/mdot_ratio	4600296389030297612	0.3677485600701409
cell/cpg/0.50/600/thrust	4634271932594223414	64.96514483492214
cell/cpg/0.50/600/V0	4639778685815524299	158.4416296305993
cell/cpg/0.50/600/V9	4644551279489474705	332.1738005220041
cell/cpg/0.50/600/M9	4605380840098690825	0.799984584511294
cell/cpg/0.50/600/T9	4646867702689265471	463.8472147266038
cell/cpg/0.50/600/p9	4677104761256804352	50000.0
cell/cpg/0.50/600/F_over_mdot	4640419561849423279	176.65642204698585
cell/cpg/0.50/600/tsfc	4542478925491803232	4.9833324923955575e-05
cell/cpg/0.50/600/eta_th	4592907689205947868	0.11439833167957353
cell/cpg/0.50/600/eta_p	4604024140419626865	0.6493606623914571
cell/cpg/0.50/600/s2/Tt	4643325565028270080	262.5
cell/cpg/0.50/600/s2/pt	4678139857026256349	57531.31294515331
cell/cpg/0.50/600/s3/Tt	4645312180951831205	375.426041058536
cell/cpg/0.50/600/s3/pt	4685320750089323117	176972.74601604362
cell/cpg/0.50/600/s4/Tt	4648488871632306176	600.0
cell/cpg/0.50/600/s4/pt	4685077520599268006	169893.83617540187
cell/cpg/0.50/600/s5/Tt	4647651040803318084	508.3748312533319
cell/cpg/0.50/600/s5/pt	4679952319992323048	75901.43332706357
cell/cpg/0.50/600/s9/Tt	4647651040803318084	508.3748312533319
cell/cpg/0.50/600/s9/pt	4679848001856688084	74383.4046605223
cell/cpg/0.50/600/s4/far	4576228423039976724	0.008803376879770876
cell/cpg/0.50/650/abort	0	0.0
cell/cpg/0.50/650/branch	4607182418800017408	1.0
cell/cpg/0.50/650/n_solve_turbine	4619567317775286272	7.0
cell/cpg/0.50/650/pi_c	4614947495571685595	3.4483868079552003
cell/cpg/0.50/650/tau_c	4609353922164725385	1.482170606709959
cell/cpg/0.50/650/tau_t	4605761000042982898	0.8421908168306216
cell/cpg/0.50/650/pi_t	4601484354246868908	0.43369387686470406
cell/cpg/0.50/650/mdot_air	4600798483870414978	0.3956204226723302
cell/cpg/0.50/650/mdot_ratio	4600798483870414978	0.3956204226723302
cell/cpg/0.50/650/thrust	4635912168470263184	88.2742985679854
cell/cpg/0.50/650/V0	4639778685815524299	158.4416296305993
cell/cpg/0.50/650/V9	4645353960927809214	377.80095773304845
cell/cpg/0.50/650/M9	4606150328716415515	0.8854149825697876
cell/cpg/0.50/650/T9	4647324686251414374	489.823722762338
cell/cpg/0.50/650/p9	4677104761256804352	50000.0
cell/cpg/0.50/650/F_over_mdot	4642054662255676459	223.12877068304928
cell/cpg/0.50/650/tsfc	4541723674123327820	4.4715542583495e-05
cell/cpg/0.50/650/eta_th	4594190354302031805	0.1393977714230327
cell/cpg/0.50/650/eta_p	4603524568956176077	0.5938970882745821
cell/cpg/0.50/650/s2/Tt	4643325565028270080	262.5
cell/cpg/0.50/650/s2/pt	4678139857026256349	57531.31294515331
cell/cpg/0.50/650/s3/Tt	4645552204220597595	389.0697842613642
cell/cpg/0.50/650/s3/pt	4686056648912682637	198390.2206044089
cell/cpg/0.50/650/s4/Tt	4648928676283416576	650.0
cell/cpg/0.50/650/s4/pt	4685783983469693145	190454.61178023255
cell/cpg/0.50/650/s5/Tt	4648026408517720842	547.424030939904
cell/cpg/0.50/650/s5/pt	4680412573197317787	82598.99894973116
cell/cpg/0.50/650/s9/Tt	4648026408517720842	547.424030939904
cell/cpg/0.50/650/s9/pt	4680299049997582928	80947.01897073654
cell/cpg/0.50/650/s4/far	4576905157507208665	0.009977324047080781
cell/cpg/0.50/900/abort	0	0.0
cell/cpg/0.50/900/branch	0	0.0
cell/cpg/0.50/900/n_solve_turbine	4619567317775286272	7.0
cell/cpg/0.50/900/pi_c	4617517151887045059	5.179086901258816
cell/cpg/0.50/900/tau_c	4610252156729323944	1.6816187457362535
cell/cpg/0.50/900/tau_t	4605740205924975101	0.8398822059717187
cell/cpg/0.50/900/pi_t	4601379591121935493	0.4278783551930661
cell/cpg/0.50/900/mdot_air	4602695202582099522	0.5018189238396149
cell/cpg/0.50/900/mdot_ratio	4602695202582099522	0.5018189238396149
cell/cpg/0.50/900/thrust	4641886884931971715	218.3602523397022
cell/cpg/0.50/900/V0	4639778685815524299	158.4416296305993
cell/cpg/0.50/900/V9	4647403177359497061	494.2854256959311
cell/cpg/0.50/900/M9	4607182418800017407	0.9999999999999999
cell/cpg/0.50/900/T9	4648992880001835330	657.2991177169972
cell/cpg/0.50/900/p9	4679229052375965312	65456.25214320142
cell/cpg/0.50/900/F_over_mdot	4646362636760531108	435.1375405872334
cell/cpg/0.50/900/tsfc	4540648107405536757	3.7427219007981414e-05
cell/cpg/0.50/900/eta_th	4594936256364161367	0.1601007125103233
cell/cpg/0.50/900/eta_p	4603739826300263096	0.6177954542370889
cell/cpg/0.50/900/s2/Tt	4643325565028270080	262.5
cell/cpg/0.50/900/s2/pt	4678139857026256349	57531.31294515331
cell/cpg/0.50/900/s3/Tt	4646473245522187915	441.42492075576655
cell/cpg/0.50/900/s3/pt	4688862520605765216	297959.6692864653
cell/cpg/0.50/900/s4/Tt	4651127699538968576	900.0
cell/cpg/0.50/900/s4/pt	4688657764280147241	286041.28251500666
cell/cpg/0.50/900/s5/Tt	4649860129629263423	755.8939853745468
cell/cpg/0.50/900/s5/pt	4683147049993371169	122390.87347983617
cell/cpg/0.50/900/s9/Tt	4649860129629263423	755.8939853745468
cell/cpg/0.50/900/s9/pt	4682978837257715242	119943.05601023944
cell/cpg/0.50/900/s4/far	4580351337864357148	0.016285988030152784
cell/cpg/0.50/1100/abort	0	0.0
cell/cpg/0.50/1100/branch	0	0.0
cell/cpg/0.50/1100/n_solve_turbine	4619567317775286272	7.0
cell/cpg/0.50/1100/pi_c	4619460075851763620	6.904750037840049
cell/cpg/0.50/1100/tau_c	4610953298089486292	1.8373034020501011
cell/cpg/0.50/1100/tau_t	4605740205924975101	0.8398822059717187
cell/cpg/0.50/1100/pi_t	4601379591121935493	0.4278783551930661
cell/cpg/0.50/1100/mdot_air	4603598540733857391	0.6021096053500069
cell/cpg/0.50/1100/mdot_ratio	4603598540733857391	0.6021096053500069
cell/cpg/0.50/1100/thrust	4644883761367340402	351.07320716915194
cell/cpg/0.50/1100/V0	4639778685815524299	158.4416296305993
cell/cpg/0.50/1100/V9	4648017868108225219	546.453098791499
cell/cpg/0.50/1100/M9	4607182418800017406	0.9999999999999998
cell/cpg/0.50/1100/T9	4650277694264691766	803.3655883207746
cell/cpg/0.50/1100/p9	4680733298504161683	87266.16642651548
cell/cpg/0.50/1100/F_over_mdot	4648339970717468108	583.0719258582044
cell/cpg/0.50/1100/tsfc	4540547797649313343	3.6747493660363184e-05
cell/cpg/0.50/1100/eta_th	4594666434208338233	0.1526116432616023
cell/cpg/0.50/1100/eta_p	4604120877338929354	0.66010061790555
cell/cpg/0.50/1100/s2/Tt	4643325565028270080	262.5
cell/cpg/0.50/1100/s2/pt	4678139857026256349	57531.31294515331
cell/cpg/0.50/1100/s3/Tt	4647192189299698135	482.29214303815155
cell/cpg/0.50/1100/s3/pt	4690568132279392864	397239.33523503505
cell/cpg/0.50/1100/s4/Tt	4652552666608566272	1100.0
cell/cpg/0.50/1100/s4/pt	4690295151486829783	381349.76182563364
cell/cpg/0.50/1100/s5/Tt	4651337666031548323	923.8704265688906
cell/cpg/0.50/1100/s5/pt	4684846536318962494	163171.3088432196
cell/cpg/0.50/1100/s9/Tt	4651337666031548323	923.8704265688906
cell/cpg/0.50/1100/s9/pt	4684734405849342151	159907.8826663552
cell/cpg/0.50/1100/s4/far	4581832969934264658	0.02142643189901012
cell/cpg/0.50/1500/abort	0	0.0
cell/cpg/0.50/1500/branch	0	0.0
cell/cpg/0.50/1500/n_solve_turbine	4619567317775286272	7.0
cell/cpg/0.50/1500/pi_c	4622727797266007849	11.614139359127494
cell/cpg/0.50/1500/tau_c	4612031547609255759	2.1534457813558343
cell/cpg/0.50/1500/tau_t	4605740205924975101	0.8398822059717187
cell/cpg/0.50/1500/pi_t	4601379591121935493	0.4278783551930661
cell/cpg/0.50/1500/mdot_air	4605908065437514725	0.8585183555441033
cell/cpg/0.50/1500/mdot_ratio	4605908065437514725	0.8585183555441033
cell/cpg/0.50/1500/thrust	4649509131799147076	715.9901520214703
cell/cpg/0.50/1500/V0	4639778685815524299	158.4416296305993
cell/cpg/0.50/1500/V9	4648824176417173227	638.1197406644618
cell/cpg/0.50/1500/M9	4607182418800017409	1.0000000000000002
cell/cpg/0.50/1500/T9	4652532868932063501	1095.4985295283288
cell/cpg/0.50/1500/p9	4684283545271322701	146786.11284405217
cell/cpg/0.50/1500/F_over_mdot	4650547012356696949	833.9835105420631
cell/cpg/0.50/1500/tsfc	4540763343835062793	3.820809142824142e-05
cell/cpg/0.50/1500/eta_th	4594386396950617891	0.14483904797975197
cell/cpg/0.50/1500/eta_p	4604200458786616156	0.668935933461039
cell/cpg/0.50/1500/s2/Tt	4643325565028270080	262.5
cell/cpg/0.50/1500/s2/pt	4678139857026256349	57531.31294515331
cell/cpg/0.50/1500/s3/Tt	4648183467039391795	565.2795176059066
cell/cpg/0.50/1500/s3/pt	4693986806121828909	668176.6860585861
cell/cpg/0.50/1500/s4/Tt	4654311885213007872	1500.0
cell/cpg/0.50/1500/s4/pt	4693757222360663206	641449.6186162427
cell/cpg/0.50/1500/s5/Tt	4653255576954920245	1259.823308957578
cell/cpg/0.50/1500/s5/pt	4688458840726433536	274462.4077527374
cell/cpg/0.50/1500/s9/Tt	4653255576954920245	1259.823308957578
cell/cpg/0.50/1500/s9/pt	4688364536161211182	268973.15959768265
cell/cpg/0.50/1500/s4/far	4584753039718154461	0.03186491822043689
cell/cpg/0.85/400/abort	4607182418800017408	1.0
cell/cpg/0.85/500/abort	0	0.0
cell/cpg/0.85/500/branch	4607182418800017408	1.0
cell/cpg/0.85/500/n_solve_turbine	4619567317775286272	7.0
cell/cpg/0.85/500/pi_c	4612766504364167119	2.4798321459183863
cell/cpg/0.85/500/tau_c	4608698595972532942	1.3366589612675628
cell/cpg/0.85/500/tau_t	4605770043656554644	0.8431948596319381
cell/cpg/0.85/500/pi_t	4601530257231730810	0.43624200439933924
cell/cpg/0.85/500/mdot_air	4601606455355658423	0.4404718499802231
cell/cpg/0.85/500/mdot_ratio	4601606455355658423	0.4404718499802231
cell/cpg/0.85/500/thrust	4627722430151815506	24.97277929225067
cell/cpg/0.85/500/V0	4643446085055202208	269.3507703720188
cell/cpg/0.85/500/V9	4644411309589154908	324.21743285022035
cell/cpg/0.85/500/M9	4605953948797180036	0.8636124317788618
cell/cpg/0.85/500/T9	4645378174776172277	379.17735565778213
cell/cpg/0.85/500/p9	4677104761256804352	50000.0
cell/cpg/0.85/500/F_over_mdot	4633176001983846024	56.6955170764532
cell/cpg/0.85/500/tsfc	4546969738545170726	9.949335945650238e-05
cell/cpg/0.85/500/eta_th	4589612975533288774	0.06867499444290556
cell/cpg/0.85/500/eta_p	4606471272105595720	0.9210468565966972
cell/cpg/0.85/500/s2/Tt	4643741180423569407	286.12499999999994
cell/cpg/0.85/500/s2/pt	4680081772134739219	77785.20992963416
cell/cpg/0.85/500/s3/Tt	4645435774929374122	382.4515452926813
cell/cpg/0.85/500/s3/pt	4685867809283752608	192894.26406051684
cell/cpg/0.85/500/s4/Tt	4647503709213818880	500.0
cell/cpg/0.85/500/s4/pt	4685602697425920317	185178.49349809616
cell/cpg/0.85/500/s5/Tt	4646124436612781025	421.59742981596906
cell/cpg/0.85/500/s5/pt	4680287753766612813	80782.63717525937
cell/cpg/0.85/500/s9/Tt	4646124436612781025	421.59742981596906
cell/cpg/0.85/500/s9/pt	4680176726955492054	79166.98443175419
cell/cpg/0.85/500/s4/far	4573153453436162739	0.005640827460059827
cell/cpg/0.85/600/abort	0	0.0
cell/cpg/0.85/600/branch	0	0.0
cell/cpg/0.85/600/n_solve_turbine	4619567317775286272	7.0
cell/cpg/0.85/600/pi_c	4613854806524915833	2.9631353925633985
cell/cpg/0.85/600/tau_c	4609044817658202032	1.4135356186784342
cell/cpg/0.85/600/tau_t	4605740205924975101	0.8398822059717187
cell/cpg/0.85/600/pi_t	4601379591121935493	0.4278783551930661
cell/cpg/0.85/600/mdot_air	4602305665103720967	0.47928578804729266
cell/cpg/0.85/600/mdot_ratio	4602305665103720967	0.47928578804729266
cell/cpg/0.85/600/thrust	4634470073827320459	67.78090111155522
cell/cpg/0.85/600/V0	4643446085055202208	269.3507703720188
cell/cpg/0.85/600/V9	4645807512154437851	403.5823600831333
cell/cpg/0.85/600/M9	4607182418800017407	0.9999999999999999
cell/cpg/0.85/600/T9	4646416501768749486	438.1994118113315
cell/cpg/0.85/600/p9	4677191896564023109	50633.99280202253
cell/cpg/0.85/600/F_over_mdot	4639179812852591765	141.4206362924057
cell/cpg/0.85/600/tsfc	4543580838063705011	5.7300174951111815e-05
cell/cpg/0.85/600/eta_th	4593928315146298930	0.13212472382183332
cell/cpg/0.85/600/eta_p	4605662501408257835	0.8312552716140308
cell/cpg/0.85/600/s2/Tt	4643741180423569407	286.12499999999994
cell/cpg/0.85/600/s2/pt	4680081772134739219	77785.20992963416
cell/cpg/0.85/600/s3/Tt	4645822738522390014	404.4478788943669
cell/cpg/0.85/600/s3/pt	4687159523945018374	230488.1085604729
cell/cpg/0.85/600/s4/Tt	4648488871632306176	600.0
cell/cpg/0.85/600/s4/pt	4686842743500735453	221268.584218054
cell/cpg/0.85/600/s5/Tt	4647572834605320276	503.9293235830312
cell/cpg/0.85/600/s5/pt	4681242500992515886	94676.0378711193
cell/cpg/0.85/600/s9/Tt	4647572834605320276	503.9293235830312
cell/cpg/0.85/600/s9/pt	4681112379236877065	92782.51711369691
cell/cpg/0.85/600/s4/far	4575824929521723424	0.0081034272012524
cell/cpg/0.85/650/abort	0	0.0
cell/cpg/0.85/650/branch	0	0.0
cell/cpg/0.85/650/n_solve_turbine	4619567317775286272	7.0
cell/cpg/0.85/650/pi_c	4614397570978298563	3.2041712298008362
cell/cpg/0.85/650/tau_c	4609202540142499225	1.448557045391999
cell/cpg/0.85/650/tau_t	4605740205924975101	0.8398822059717187
cell/cpg/0.85/650/pi_t	4601379591121935493	0.4278783551930661
cell/cpg/0.85/650/mdot_air	4602630522842814800	0.4973190151307749
cell/cpg/0.85/650/mdot_ratio	4602630522842814800	0.4973190151307749
cell/cpg/0.85/650/thrust	4636103088412386088	90.98743412772876
cell/cpg/0.85/650/V0	4643446085055202208	269.3507703720188
cell/cpg/0.85/650/V9	4646097422204392764	420.0618384846782
cell/cpg/0.85/650/M9	4607182418800017407	0.9999999999999999
cell/cpg/0.85/650/T9	4647058908900177704	474.71602946227586
cell/cpg/0.85/650/p9	4677757982203206593	54752.80791871949
cell/cpg/0.85/650/F_over_mdot	4640641204044224992	182.95587210515714
cell/cpg/0.85/650/tsfc	4542677792946117494	5.118090321148173e-05
cell/cpg/0.85/650/eta_th	4593912602277905722	0.1316886041150072
cell/cpg/0.85/650/eta_p	4606585453617407382	0.9337235509366788
cell/cpg/0.85/650/s2/Tt	4643741180423569407	286.12499999999994
cell/cpg/0.85/650/s2/pt	4680081772134739219	77785.20992963416
cell/cpg/0.85/650/s3/Tt	4645999021123247570	414.4683846127856
cell/cpg/0.85/650/s3/pt	4687803735476828658	249237.13176055212
cell/cpg/0.85/650/s4/Tt	4648928676283416576	650.0
cell/cpg/0.85/650/s4/pt	4687461186571273325	239267.64649013002
cell/cpg/0.85/650/s5/Tt	4648013209126407299	545.9234338816171
cell/cpg/0.85/650/s5/pt	4681771737800120475	102377.44703111278
cell/cpg/0.85/650/s9/Tt	4648013209126407299	545.9234338816171
cell/cpg/0.85/650/s9/pt	4681631031308329562	100329.89809049052
cell/cpg/0.85/650/s4/far	4576551511941566533	0.009363846782186278
cell/cpg/0.85/900/abort	0	0.0
cell/cpg/0.85/900/branch	0	0.0
cell/cpg/0.85/900/n_solve_turbine	4619567317775286272	7.0
cell/cpg/0.85/900/pi_c	4616905756215380263	4.636058459788081
cell/cpg/0.85/900/tau_c	4609997105735589627	1.6249860485967804
cell/cpg/0.85/900/tau_t	4605740205924975101	0.8398822059717187
cell/cpg/0.85/900/pi_t	4601379591121935493	0.4278783551930661
cell/cpg/0.85/900/mdot_air	4603648780492600336	0.60768733904081
cell/cpg/0.85/900/mdot_ratio	4603648780492600336	0.60768733904081
cell/cpg/0.85/900/thrust	4642225146915942545	227.97423615947312
cell/cpg/0.85/900/V0	4643446085055202208	269.3507703720188
cell/cpg/0.85/900/V9	4647403177359497061	494.2854256959311
cell/cpg/0.85/900/M9	4607182418800017407	0.9999999999999999
cell/cpg/0.85/900/T9	4648992880001835330	657.2991177169972
cell/cpg/0.85/900/p9	4680180429641035975	79220.86559790662
cell/cpg/0.85/900/F_over_mdot	4645307334366061354	375.1505445535755
cell/cpg/0.85/900/tsfc	4541306092788145608	4.18859013910328e-05
cell/cpg/0.85/900/eta_th	4593871780970814098	0.13055558523929683
cell/cpg/0.85/900/eta_p	4607861696212785011	1.1508298847524798
cell/cpg/0.85/900/s2/Tt	4643741180423569407	286.12499999999994
cell/cpg/0.85/900/s2/pt	4680081772134739219	77785.20992963416
cell/cpg/0.85/900/s3/Tt	4646887087843259255	464.9491331547537
cell/cpg/0.85/900/s3/pt	4689938961580559827	360616.7805406723
cell/cpg/0.85/900/s4/Tt	4651127699538968576	900.0
cell/cpg/0.85/900/s4/pt	4689691147615950067	346192.1093190454
cell/cpg/0.85/900/s5/Tt	4649860129629263423	755.8939853745468
cell/cpg/0.85/900/s5/pt	4684329655953357978	148128.11031625123
cell/cpg/0.85/900/s9/Tt	4649860129629263423	755.8939853745468
cell/cpg/0.85/900/s9/pt	4684227863091049725	145165.5481099262
cell/cpg/0.85/900/s4/far	4580186334818593007	0.015713518715963323
cell/cpg/0.85/1100/abort	0	0.0
cell/cpg/0.85/1100/branch	0	0.0
cell/cpg/0.85/1100/n_solve_turbine	4619567317775286272	7.0
cell/cpg/0.85/1100/pi_c	4618542520699355520	6.0897973525865154
cell/cpg/0.85/1100/tau_c	4610639992350631751	1.7677355530453995
cell/cpg/0.85/1100/tau_t	4605740205924975101	0.8398822059717187
cell/cpg/0.85/1100/pi_t	4601379591121935493	0.4278783551930661
cell/cpg/0.85/1100/mdot_air	4604646014727589497	0.718402579903752
cell/cpg/0.85/1100/mdot_ratio	4604646014727589497	0.718402579903752
cell/cpg/0.85/1100/thrust	4645171192657833752	367.411784408368
cell/cpg/0.85/1100/V0	4643446085055202208	269.3507703720188
cell/cpg/0.85/1100/V9	4648017868108225219	546.453098791499
cell/cpg/0.85/1100/M9	4607182418800017406	0.9999999999999998
cell/cpg/0.85/1100/T9	4650277694264691766	803.3655883207746
cell/cpg/0.85/1100/p9	4681887521664710942	104062.32401344596
cell/cpg/0.85/1100/F_over_mdot	4647704767158258062	511.4288209510495
cell/cpg/0.85/1100/tsfc	4541141447694260768	4.0770222838038906e-05
cell/cpg/0.85/1100/eta_th	4593856948361741564	0.13014389763660705
cell/cpg/0.85/1100/eta_p	4608020369605714036	1.1860624555975194
cell/cpg/0.85/1100/s2/Tt	4643741180423569407	286.12499999999994
cell/cpg/0.85/1100/s2/pt	4680081772134739219	77785.20992963416
cell/cpg/0.85/1100/s3/Tt	4647605626642981629	505.79333511511487
cell/cpg/0.85/1100/s3/pt	4691881650621566063	473696.16549987247
cell/cpg/0.85/1100/s4/Tt	4652552666608566272	1100.0
cell/cpg/0.85/1100/s4/pt	4691556129095316054	454748.31887987757
cell/cpg/0.85/1100/s5/Tt	4651337666031548323	923.8704265688906
cell/cpg/0.85/1100/s5/pt	4685925626369071279	194576.96270913395
cell/cpg/0.85/1100/s9/Tt	4651337666031548323	923.8704265688906
cell/cpg/0.85/1100/s9/pt	4685791914098448760	190685.42345495126
cell/cpg/0.85/1100/s4/far	4581667132291836850	0.020851066995969787
cell/cpg/0.85/1500/abort	0	0.0
cell/cpg/0.85/1500/branch	0	0.0
cell/cpg/0.85/1500/n_solve_turbine	4607182418800017408	1.0
cell/cpg/0.85/1500/pi_c	4621819117588971577	10.000000000000101
cell/cpg/0.85/1500/tau_c	4611815746991539699	2.057611055549154
cell/cpg/0.85/1500/tau_t	4605740205924975101	0.8398822059717187
cell/cpg/0.85/1500/pi_t	4601379591121935493	0.4278783551930661
cell/cpg/0.85/1500/mdot_air	4607182418800017455	1.0000000000000104
cell/cpg/0.85/1500/mdot_ratio	4607182418800017455	1.0000000000000104
cell/cpg/0.85/1500/thrust	4649780385265186447	746.8281007965141
cell/cpg/0.85/1500/V0	4643446085055202208	269.3507703720188
cell/cpg/0.85/1500/V9	4648824176417173227	638.1197406644618
cell/cpg/0.85/1500/M9	4607182418800017409	1.0000000000000002
cell/cpg/0.85/1500/T9	4652532868932063501	1095.4985295283288
cell/cpg/0.85/1500/p9	4685111397417843452	170879.78135963518
cell/cpg/0.85/1500/F_over_mdot	4649780385265186378	746.8281007965063
cell/cpg/0.85/1500/tsfc	4541306508773566647	4.188872021789038e-05
cell/cpg/0.85/1500/eta_th	4593841819363922599	0.12972398359365409
cell/cpg/0.85/1500/eta_p	4607894570279413602	1.1581293938893045
cell/cpg/0.85/1500/s2/Tt	4643741180423569407	286.12499999999994
cell/cpg/0.85/1500/s2/pt	4680081772134739219	77785.20992963416
cell/cpg/0.85/1500/s3/Tt	4648389774525228701	588.7339632690015
cell/cpg/0.85/1500/s3/pt	4694928910747891867	777852.0992963495
cell/cpg/0.85/1500/s4/Tt	4654311885213007872	1500.0
cell/cpg/0.85/1500/s4/pt	4694661642801683646	746738.0153244955
cell/cpg/0.85/1500/s5/Tt	4653255576954920245	1259.823308957578
cell/cpg/0.85/1500/s5/pt	4689232804587847161	319513.03375717957
cell/cpg/0.85/1500/s9/Tt	4653255576954920245	1259.823308957578
cell/cpg/0.85/1500/s9/pt	4689123020745396534	313122.77308203594
cell/cpg/0.85/1500/s4/far	4584669273506512818	0.03128367336512329
cell/cpg/1.20/400/abort	4611686018427387904	2.0
cell/cpg/1.20/500/abort	0	0.0
cell/cpg/1.20/500/branch	0	0.0
cell/cpg/1.20/500/n_solve_turbine	4619567317775286272	7.0
cell/cpg/1.20/500/pi_c	4612360054992893523	2.2993323657854403
cell/cpg/1.20/500/tau_c	4608556891928327198	1.3051943427556192
cell/cpg/1.20/500/tau_t	4605740205924975101	0.8398822059717187
cell/cpg/1.20/500/pi_t	4601379591121935493	0.4278783551930661
cell/cpg/1.20/500/mdot_air	4603694796764223409	0.612796171467144
cell/cpg/1.20/500/mdot_ratio	4603694796764223409	0.612796171467144
cell/cpg/1.20/500/thrust	4626372943858872753	20.178440879959172
cell/cpg/1.20/500/V0	4645397219293151578	380.2599111134383
cell/cpg/1.20/500/V9	4645188904816244532	368.418604047841
cell/cpg/1.20/500/M9	4607182418800017404	0.9999999999999996
cell/cpg/1.20/500/T9	4645131687505893052	365.16617650944295
cell/cpg/1.20/500/p9	4678328016753544255	58900.355145596426
cell/cpg/1.20/500/F_over_mdot	4629831087594793092	32.928470867643256
cell/cpg/1.20/500/tsfc	4549433107439727894	0.0001436861540908072
cell/cpg/1.20/500/eta_th	13804881426831957906	-0.02030378840319675
cell/cpg/1.20/500/eta_p	13837412093606429548	-3.0454030193799806
cell/cpg/1.20/500/s2/Tt	4644372300097912831	321.99999999999994
cell/cpg/1.20/500/s2/pt	4682749546249576969	116606.43269718451
cell/cpg/1.20/500/s3/Tt	4646101129579614989	420.27257836730934
cell/cpg/1.20/500/s3/pt	4688349826502296395	268116.94475941797
cell/cpg/1.20/500/s4/Tt	4647503709213818880	500.0
cell/cpg/1.20/500/s4/pt	4688083943788948009	257392.26696904123
cell/cpg/1.20/500/s5/Tt	4646095298203035377	419.94110298585935
cell/cpg/1.20/500/s5/pt	4682304666468086982	110132.57983012786
cell/cpg/1.20/500/s9/Tt	4646095298203035377	419.94110298585935
cell/cpg/1.20/500/s9/pt	4682153301402936739	107929.9282335253
cell/cpg/1.20/500/s4/far	4572104914999239963	0.004731365339062844
cell/cpg/1.20/600/abort	0	0.0
cell/cpg/1.20/600/branch	0	0.0
cell/cpg/1.20/600/n_solve_turbine	4619567317775286272	7.0
cell/cpg/1.20/600/pi_c	4613181610908890838	2.6641764833683323
cell/cpg/1.20/600/tau_c	4608835905773079268	1.3671478616822066
cell/cpg/1.20/600/tau_t	4605740205924975101	0.8398822059717187
cell/cpg/1.20/600/pi_t	4601379591121935493	0.4278783551930661
cell/cpg/1.20/600/mdot_air	4603998841174035055	0.6465518818952897
cell/cpg/1.20/600/mdot_ratio	4603998841174035055	0.6465518818952897
cell/cpg/1.20/600/thrust	4634698124976189158	71.02170285576321
cell/cpg/1.20/600/V0	4645397219293151578	380.2599111134383
cell/cpg/1.20/600/V9	4645807512154437851	403.5823600831333
cell/cpg/1.20/600/M9	4607182418800017407	0.9999999999999999
cell/cpg/1.20/600/T9	4646416501768749486	438.1994118113315
cell/cpg/1.20/600/p9	4679426263672263354	68246.30635220828
cell/cpg/1.20/600/F_over_mdot	4637430203484964196	109.84687361449102
cell/cpg/1.20/600/tsfc	4544492145608765345	6.59157139041842e-05
cell/cpg/1.20/600/eta_th	4584685758481831522	0.03139806085986831
cell/cpg/1.20/600/eta_p	4616519329747209071	4.292842809957491
cell/cpg/1.20/600/s2/Tt	4644372300097912831	321.99999999999994
cell/cpg/1.20/600/s2/pt	4682749546249576969	116606.43269718451
cell/cpg/1.20/600/s3/Tt	4646452076681217201	440.2216114616704
cell/cpg/1.20/600/s3/pt	4689080712615468657	310660.11580131116
cell/cpg/1.20/600/s4/Tt	4648488871632306176	600.0
cell/cpg/1.20/600/s4/pt	4688867228609462544	298233.7111692587
cell/cpg/1.20/600/s5/Tt	4647572834605320276	503.9293235830312
cell/cpg/1.20/600/s5/pt	4683505551004167369	127607.7497982263
cell/cpg/1.20/600/s9/Tt	4647572834605320276	503.9293235830312
cell/cpg/1.20/600/s9/pt	4683330168248295518	125055.59480226177
cell/cpg/1.20/600/s4/far	4574997906061076005	0.007240635094441871
cell/cpg/1.20/650/abort	0	0.0
cell/cpg/1.20/650/branch	0	0.0
cell/cpg/1.20/650/n_solve_turbine	4619567317775286272	7.0
cell/cpg/1.20/650/pi_c	4613627178291746659	2.8620481503557342
cell/cpg/1.20/650/tau_c	4608975935966932893	1.3982408107540103
cell/cpg/1.20/650/tau_t	4605740205924975101	0.8398822059717187
cell/cpg/1.20/650/pi_t	4601379591121935493	0.4278783551930661
cell/cpg/1.20/650/mdot_air	4604178427511440849	0.6664899705648911
cell/cpg/1.20/650/mdot_ratio	4604178427511440849	0.6664899705648911
cell/cpg/1.20/650/thrust	4636594878757379855	97.97619527077426
cell/cpg/1.20/650/V0	4645397219293151578	380.2599111134383
cell/cpg/1.20/650/V9	4646097422204392764	420.0618384846782
cell/cpg/1.20/650/M9	4607182418800017407	0.9999999999999999
cell/cpg/1.20/650/T9	4647058908900177704	474.71602946227586
cell/cpg/1.20/650/p9	4679774584639199705	73315.04353532883
cell/cpg/1.20/650/F_over_mdot	4639376233795556324	147.00325525939036
cell/cpg/1.20/650/tsfc	4543657799380208066	5.7821685117049045e-05
cell/cpg/1.20/650/eta_th	4586767278319154568	0.04584150616993116
cell/cpg/1.20/650/eta_p	4614730158766339649	3.3518698777977822
cell/cpg/1.20/650/s2/Tt	4644372300097912831	321.99999999999994
cell/cpg/1.20/650/s2/pt	4682749546249576969	116606.43269718451
cell/cpg/1.20/650/s3/Tt	4646628208409423714	450.23354106279123
cell/cpg/1.20/650/s3/pt	4689477105613523451	333733.22502055735
cell/cpg/1.20/650/s4/Tt	4648928676283416576	650.0
cell/cpg/1.20/650/s4/pt	4689247765887595146	320383.896019735
cell/cpg/1.20/650/s5/Tt	4648013209126407299	545.9234338816171
cell/cpg/1.20/650/s5/pt	4683950229064055652	137085.33445927047
cell/cpg/1.20/650/s9/Tt	4648013209126407299	545.9234338816171
cell/cpg/1.20/650/s9/pt	4683856024739533446	134343.62777008506
cell/cpg/1.20/650/s4/far	4576053524304136200	0.008499975936789653
cell/cpg/1.20/900/abort	0	0.0
cell/cpg/1.20/900/branch	0	0.0
cell/cpg/1.20/900/n_solve_turbine	4619567317775286272	7.0
cell/cpg/1.20/900/pi_c	4616214055597278662	4.021704897897001
cell/cpg/1.20/900/tau_c	4609681372319433015	1.554879146944655
cell/cpg/1.20/900/tau_t	4605740205924975101	0.8398822059717187
cell/cpg/1.20/900/pi_t	4601379591121935493	0.4278783551930661
cell/cpg/1.20/900/mdot_air	4605299296281894770	0.7909314022190144
cell/cpg/1.20/900/mdot_ratio	4605299296281894770	0.7909314022190144
cell/cpg/1.20/900/thrust	4643107788298387881	253.06041306258456
cell/cpg/1.20/900/V0	4645397219293151578	380.2599111134383
cell/cpg/1.20/900/V9	4647403177359497061	494.2854256959311
cell/cpg/1.20/900/M9	4607182418800017407	0.9999999999999999
cell/cpg/1.20/900/T9	4648992880001835330	657.2991177169972
cell/cpg/1.20/900/p9	4681815972199974404	103021.14226796484
cell/cpg/1.20/900/F_over_mdot	4644336278619962651	319.9524160408925
cell/cpg/1.20/900/tsfc	4541971528033293790	4.639506600627082e-05
cell/cpg/1.20/900/eta_th	4590525093549957069	0.08133317473391273
cell/cpg/1.20/900/eta_p	4612484263843732619	2.3544921762109587
cell/cpg/1.20/900/s2/Tt	4644372300097912831	321.99999999999994
cell/cpg/1.20/900/s2/pt	4682749546249576969	116606.43269718451
cell/cpg/1.20/900/s3/Tt	4647515515071552773	500.6710853161788
cell/cpg/1.20/900/s3/pt	4691800226562929617	468956.66150456393
cell/cpg/1.20/900/s4/Tt	4651127699538968576	900.0
cell/cpg/1.20/900/s4/pt	4691477961999025066	450198.3950443814
cell/cpg/1.20/900/s5/Tt	4649860129629263423	755.8939853745468
cell/cpg/1.20/900/s5/pt	4685858734351888865	192630.14878214806
cell/cpg/1.20/900/s9/Tt	4649860129629263423	755.8939853745468
cell/cpg/1.20/900/s9/pt	4685726359921609994	188777.54580650508
cell/cpg/1.20/900/s4/far	4579710728240181970	0.014844213461083031
cell/cpg/1.20/1100/abort	0	0.0
cell/cpg/1.20/1100/branch	0	0.0
cell/cpg/1.20/1100/n_solve_turbine	4619567317775286272	7.0
cell/cpg/1.20/1100/pi_c	4617517120313144270	5.179058858001509
cell/cpg/1.20/1100/tau_c	4610252144062798531	1.6816159332026224
cell/cpg/1.20/1100/tau_t	4605740205924975101	0.8398822059717187
cell/cpg/1.20/1100/pi_t	4601379591121935493	0.4278783551930661
cell/cpg/1.20/1100/mdot_air	4606431852777747172	0.9166704320574266
cell/cpg/1.20/1100/mdot_ratio	4606431852777747172	0.9166704320574266
cell/cpg/1.20/1100/thrust	4645872021328772822	407.24928210022097
cell/cpg/1.20/1100/V0	4645397219293151578	380.2599111134383
cell/cpg/1.20/1100/V9	4648017868108225219	546.453098791499
cell/cpg/1.20/1100/M9	4607182418800017406	0.9999999999999998
cell/cpg/1.20/1100/T9	4650277694264691766	803.3655883207746
cell/cpg/1.20/1100/p9	4683798459271193944	132668.25213936972
cell/cpg/1.20/1100/F_over_mdot	4646523298782224988	444.27011918140283
cell/cpg/1.20/1100/tsfc	4541760739601060379	4.4966708030256586e-05
cell/cpg/1.20/1100/eta_th	4591405514363080719	0.09355146796002621
cell/cpg/1.20/1100/eta_p	4611938232691920771	2.1120056334493156
cell/cpg/1.20/1100/s2/Tt	4644372300097912831	321.99999999999994
cell/cpg/1.20/1100/s2/pt	4682749546249576969	116606.43269718451
cell/cpg/1.20/1100/s3/Tt	4647974127175678292	541.4803304912443
cell/cpg/1.20/1100/s3/pt	4693434773048434897	603911.5781603103
cell/cpg/1.20/1100/s4/Tt	4652552666608566272	1100.0
cell/cpg/1.20/1100/s4/pt	4693227270610204954	579755.1150338978
cell/cpg/1.20/1100/s5/Tt	4651337666031548323	923.8704265688906
cell/cpg/1.20/1100/s5/pt	4687763449826909685	248064.665035471
cell/cpg/1.20/1100/s9/Tt	4651337666031548323	923.8704265688906
cell/cpg/1.20/1100/s9/pt	4687592981087130398	243103.37173476157
cell/cpg/1.20/1100/s4/far	4581415304760742773	0.019977364735797438
cell/cpg/1.20/1500/abort	0	0.0
cell/cpg/1.20/1500/branch	0	0.0
cell/cpg/1.20/1500/n_solve_turbine	4619567317775286272	7.0
cell/cpg/1.20/1500/pi_c	4620823773452432723	8.231913635502371
cell/cpg/1.20/1500/tau_c	4611411186586708488	1.93897507251552
cell/cpg/1.20/1500/tau_t	4605740205924975101	0.8398822059717187
cell/cpg/1.20/1500/pi_t	4601379591121935493	0.4278783551930661
cell/cpg/1.20/1500/mdot_air	4608241164070144395	1.2350886752215924
cell/cpg/1.20/1500/mdot_ratio	4608241164070144395	1.2350886752215924
cell/cpg/1.20/1500/thrust	4650415278586434841	819.0071147798182
cell/cpg/1.20/1500/V0	4645397219293151578	380.2599111134383
cell/cpg/1.20/1500/V9	4648824176417173227	638.1197406644618
cell/cpg/1.20/1500/M9	4607182418800017409	1.0000000000000002
cell/cpg/1.20/1500/T9	4652532868932063501	1095.4985295283288
cell/cpg/1.20/1500/p9	4686485487040771123	210871.05277767926
cell/cpg/1.20/1500/F_over_mdot	4649044046215682207	663.1160427674366
cell/cpg/1.20/1500/tsfc	4541890461067074174	4.584573487569509e-05
cell/cpg/1.20/1500/eta_th	4592278477537092718	0.10566626565300094
cell/cpg/1.20/1500/eta_p	4610938461667203828	1.8340090545258905
cell/cpg/1.20/1500/s2/Tt	4644372300097912831	321.99999999999994
cell/cpg/1.20/1500/s2/pt	4682749546249576969	116606.43269718451
cell/cpg/1.20/1500/s3/Tt	4648703056262981038	624.3499733499973
cell/cpg/1.20/1500/s3/pt	4696492639483543350	959894.0833072427
cell/cpg/1.20/1500/s4/Tt	4654311885213007872	1500.0
cell/cpg/1.20/1500/s4/pt	4696162822387909069	921498.319974953
cell/cpg/1.20/1500/s5/Tt	4653255576954920245	1259.823308957578
cell/cpg/1.20/1500/s5/pt	4690517449092254245	394289.1854640565
cell/cpg/1.20/1500/s9/Tt	4653255576954920245	1259.823308957578
cell/cpg/1.20/1500/s9/pt	4690381972359715477	386403.4017547754
cell/cpg/1.20/1500/s4/far	4584419725262652759	0.030401042288535986
cell/cpg/1.60/400/abort	4611686018427387904	2.0
cell/cpg/1.60/500/abort	4611686018427387904	2.0
cell/cpg/1.60/600/abort	0	0.0
cell/cpg/1.60/600/branch	0	0.0
cell/cpg/1.60/600/n_solve_turbine	4619567317775286272	7.0
cell/cpg/1.60/600/pi_c	4612450407374838083	2.339456883691271
cell/cpg/1.60/600/tau_c	4608589061377649661	1.3123373954210813
cell/cpg/1.60/600/tau_t	4605740205924975101	0.8398822059717187
cell/cpg/1.60/600/pi_t	4601379591121935493	0.4278783551930661
cell/cpg/1.60/600/mdot_air	4606887215183665385	0.9672258148173373
cell/cpg/1.60/600/mdot_ratio	4606887215183665385	0.9672258148173373
cell/cpg/1.60/600/thrust	4633103712045331855	56.18186616965533
cell/cpg/1.60/600/V0	4647627086993665144	507.01321481791774
cell/cpg/1.60/600/V9	4645807512154437851	403.5823600831333
cell/cpg/1.60/600/M9	4607182418800017407	0.9999999999999999
cell/cpg/1.60/600/T9	4646416501768749486	438.1994118113315
cell/cpg/1.60/600/p9	4681742933816780541	101958.29390731077
cell/cpg/1.60/600/F_over_mdot	4633371635035312156	58.08557351239162
cell/cpg/1.60/600/tsfc	4547115454875067773	0.00010146818397451479
cell/cpg/1.60/600/eta_th	13819197449507802095	-0.18477975712002556
cell/cpg/1.60/600/eta_p	13827238157006140926	-0.6318168883732935
cell/cpg/1.60/600/s2/Tt	4645357462516400128	378.0
cell/cpg/1.60/600/s2/pt	4686056548495755892	198387.29808719794
cell/cpg/1.60/600/s3/Tt	4647434458197435252	496.06353546916876
cell/cpg/1.60/600/s3/pt	4691717108099111786	464118.5301470073
cell/cpg/1.60/600/s4/Tt	4648488871632306176	600.0
cell/cpg/1.60/600/s4/pt	4691398168273759948	445553.788941127
cell/cpg/1.60/600/s5/Tt	4647572834605320276	503.9293235830312
cell/cpg/1.60/600/s5/pt	4685790450336046531	190642.82236216785
cell/cpg/1.60/600/s9/Tt	4647572834605320276	503.9293235830312
cell/cpg/1.60/600/s9/pt	4685659441586084507	186829.96591492448
cell/cpg/1.60/600/s4/far	4573445154335890589	0.005893837659420556
cell/cpg/1.60/650/abort	0	0.0
cell/cpg/1.60/650/branch	0	0.0
cell/cpg/1.60/650/n_solve_turbine	4619567317775286272	7.0
cell/cpg/1.60/650/pi_c	4612794811401148984	2.4924029956048592
cell/cpg/1.60/650/tau_c	4608708186859759666	1.3387885660327012
cell/cpg/1.60/650/tau_t	4605740205924975101	0.8398822059717187
cell/cpg/1.60/650/pi_t	4601379591121935493	0.4278783551930661
cell/cpg/1.60/650/mdot_air	4607081516292666599	0.9887975713096723
cell/cpg/1.60/650/mdot_ratio	4607081516292666599	0.9887975713096723
cell/cpg/1.60/650/thrust	4636080179004303834	90.66187185786058
cell/cpg/1.60/650/V0	4647627086993665144	507.01321481791774
cell/cpg/1.60/650/V9	4646097422204392764	420.0618384846782
cell/cpg/1.60/650/M9	4607182418800017407	0.9999999999999999
cell/cpg/1.60/650/T9	4647058908900177704	474.71602946227586
cell/cpg/1.60/650/p9	4682200997434978438	108623.99684852557
cell/cpg/1.60/650/F_over_mdot	4636152457528943640	91.689011470546
cell/cpg/1.60/650/tsfc	4545383608738432235	7.799729217762882e-05
cell/cpg/1.60/650/eta_th	13817210071465877994	-0.12961893560056065
cell/cpg/1.60/650/eta_p	13831327858626179286	-1.1717299572292652
cell/cpg/1.60/650/s2/Tt	4645357462516400128	378.0
cell/cpg/1.60/650/s2/pt	4686056548495755892	198387.29808719794
cell/cpg/1.60/650/s3/Tt	4647610354417113306	506.0620779603611
cell/cpg/1.60/650/s3/pt	4692238389411903015	494461.0960424863
cell/cpg/1.60/650/s4/Tt	4648928676283416576	650.0
cell/cpg/1.60/650/s4/pt	4691898598334039528	474682.65220078686
cell/cpg/1.60/650/s5/Tt	4648013209126407299	545.9234338816171
cell/cpg/1.60/650/s5/pt	4686218696718209718	203106.43246235483
cell/cpg/1.60/650/s9/Tt	4648013209126407299	545.9234338816171
cell/cpg/1.60/650/s9/pt	4686079123040604430	199044.30381310772
cell/cpg/1.60/650/s4/far	4574895134087870835	0.007151494617146137
cell/cpg/1.60/900/abort	0	0.0
cell/cpg/1.60/900/branch	0	0.0
cell/cpg/1.60/900/n_solve_turbine	4619567317775286272	7.0
cell/cpg/1.60/900/pi_c	4614778759713536931	3.373453034036588
cell/cpg/1.60/900/tau_c	4609308310613621947	1.4720428078651782
cell/cpg/1.60/900/tau_t	4605740205924975101	0.8398822059717187
cell/cpg/1.60/900/pi_t	4601379591121935493	0.4278783551930661
cell/cpg/1.60/900/mdot_air	4607769026891818686	1.1302531619898413
cell/cpg/1.60/900/mdot_ratio	4607769026891818686	1.1302531619898413
cell/cpg/1.60/900/thrust	4643643434886044401	280.5688094686912
cell/cpg/1.60/900/V0	4647627086993665144	507.01321481791774
cell/cpg/1.60/900/V9	4647403177359497061	494.2854256959311
cell/cpg/1.60/900/M9	4607182418800017407	0.9999999999999999
cell/cpg/1.60/900/T9	4648992880001835330	657.2991177169972
cell/cpg/1.60/900/p9	4684291648617560685	147021.95125909467
cell/cpg/1.60/900/F_over_mdot	4642938022113481898	248.23536788407847
cell/cpg/1.60/900/tsfc	4543142887156598359	5.433250417031788e-05
cell/cpg/1.60/900/eta_th	13799243733643373388	-0.008184555477006271
cell/cpg/1.60/900/eta_p	13851563514323072143	-26.63917010951678
cell/cpg/1.60/900/s2/Tt	4645357462516400128	378.0
cell/cpg/1.60/900/s2/pt	4686056548495755892	198387.29808719794
cell/cpg/1.60/900/s3/Tt	4648105645046888726	556.4321813730373
cell/cpg/1.60/900/s3/pt	4693996027816801231	669250.2326465788
cell/cpg/1.60/900/s4/Tt	4651127699538968576	900.0
cell/cpg/1.60/900/s4/pt	4693766075187836635	642480.2233407156
cell/cpg/1.60/900/s5/Tt	4649860129629263423	755.8939853745468
cell/cpg/1.60/900/s5/pt	4688466416592693086	274903.38120709907
cell/cpg/1.60/900/s9/Tt	4649860129629263423	755.8939853745468
cell/cpg/1.60/900/s9/pt	4688371960510145541	269405.3135829571
cell/cpg/1.60/900/s4/far	4578928491578781599	0.013487249160782087
cell/cpg/1.60/1100/abort	0	0.0
cell/cpg/1.60/1100/branch	0	0.0
cell/cpg/1.60/1100/n_solve_turbine	4619567317775286272	7.0
cell/cpg/1.60/1100/pi_c	4616452492073212378	4.233479030290676
cell/cpg/1.60/1100/tau_c	4609793873457120256	1.579859417616035
cell/cpg/1.60/1100/tau_t	4605740205924975101	0.8398822059717187
cell/cpg/1.60/1100/pi_t	4601379591121935493	0.4278783551930661
cell/cpg/1.60/1100/mdot_air	4608427815190305036	1.2765335494564765
cell/cpg/1.60/1100/mdot_ratio	4608427815190305036	1.2765335494564765
cell/cpg/1.60/1100/thrust	4646831449267812220	461.78644630579925
cell/cpg/1.60/1100/V0	4647627086993665144	507.01321481791774
cell/cpg/1.60/1100/V9	4648017868108225219	546.453098791499
cell/cpg/1.60/1100/M9	4607182418800017406	0.9999999999999998
cell/cpg/1.60/1100/T9	4650277694264691766	803.3655883207746
cell/cpg/1.60/1100/p9	4685579509468220859	184503.63510857322
cell/cpg/1.60/1100/F_over_mdot	4645071595485112655	361.75034060203046
cell/cpg/1.60/1100/tsfc	4542718109111891450	5.1454096177221785e-05
cell/cpg/1.60/1100/eta_th	4584178811620723183	0.029565205187859375
cell/cpg/1.60/1100/eta_p	4620453491521058487	7.7870803970997065
cell/cpg/1.60/1100/s2/Tt	4645357462516400128	378.0
cell/cpg/1.60/1100/s2/pt	4686056548495755892	198387.29808719794
cell/cpg/1.60/1100/s3/Tt	4648464126989940212	597.1868598588612
cell/cpg/1.60/1100/s3/pt	4695461627284328739	839868.466328178
cell/cpg/1.60/1100/s4/Tt	4652552666608566272	1100.0
cell/cpg/1.60/1100/s4/pt	4695173050676663043	806273.7276750508
cell/cpg/1.60/1100/s5/Tt	4651337666031548323	923.8704265688906
cell/cpg/1.60/1100/s5/pt	4689670445308605095	344987.07643298287
cell/cpg/1.60/1100/s9/Tt	4651337666031548323	923.8704265688906
cell/cpg/1.60/1100/s9/pt	4689551908651739310	338087.3349043232
cell/cpg/1.60/1100/s4/far	4581022208126839821	0.018613536817479615
cell/cpg/1.60/1500/abort	0	0.0
cell/cpg/1.60/1500/branch	0	0.0
cell/cpg/1.60/1500/n_solve_turbine	4619567317775286272	7.0
cell/cpg/1.60/1500/pi_c	4618942057368389594	6.444657199901451
cell/cpg/1.60/1500/tau_c	4610779885799509060	1.7987981386329617
cell/cpg/1.60/1500/tau_t	4605740205924975101	0.8398822059717187
cell/cpg/1.60/1500/pi_t	4601379591121935493	0.4278783551930661
cell/cpg/1.60/1500/mdot_air	4610097545905669417	1.6472882464807503
cell/cpg/1.60/1500/mdot_ratio	4610097545905669417	1.6472882464807503
cell/cpg/1.60/1500/thrust	4651395239034871631	930.4157192548536
cell/cpg/1.60/1500/V0	4647627086993665144	507.01321481791774
cell/cpg/1.60/1500/V9	4648824176417173227	638.1197406644618
cell/cpg/1.60/1500/M9	4607182418800017409	1.0000000000000002
cell/cpg/1.60/1500/T9	4652532868932063500	1095.4985295283286
cell/cpg/1.60/1500/p9	4688568944338903840	280871.2814927567
cell/cpg/1.60/1500/F_over_mdot	4648179395027067464	564.8165834015899
cell/cpg/1.60/1500/tsfc	4542707958449047101	5.1385312610296715e-05
cell/cpg/1.60/1500/eta_th	4589361711438247856	0.06518800464820518
cell/cpg/1.60/1500/eta_p	4615145820032108072	3.536460560878158
cell/cpg/1.60/1500/s2/Tt	4645357462516400128	378.0
cell/cpg/1.60/1500/s2/pt	4686056548495755892	198387.29808719794
cell/cpg/1.60/1500/s3/Tt	4649192081414594446	679.9456964032595
cell/cpg/1.60/1500/s3/pt	4698242091170743547	1278538.1289866555
cell/cpg/1.60/1500/s4/Tt	4654311885213007872	1500.0
cell/cpg/1.60/1500/s4/pt	4698022439992716078	1227396.6038271892
cell/cpg/1.60/1500/s5/Tt	4653255576954920244	1259.8233089575779
cell/cpg/1.60/1500/s5/pt	4692758443361675739	525176.4400151329
cell/cpg/1.60/1500/s9/Tt	4653255576954920244	1259.8233089575779
cell/cpg/1.60/1500/s9/pt	4692585625752535070	514672.91121483024
cell/cpg/1.60/1500/s4/far	4584022611370425713	0.029023276705570426
cell/cpg/2.00/400/abort	4617315517961601024	5.0
cell/cpg/2.00/500/abort	4611686018427387904	2.0
cell/cpg/2.00/600/abort	4611686018427387904	2.0
cell/cpg/2.00/650/abort	0	0.0
cell/cpg/2.00/650/branch	0	0.0
cell/cpg/2.00/650/n_solve_turbine	4619567317775286272	7.0
cell/cpg/2.00/650/pi_c	4612099603569622490	2.183668699020683
cell/cpg/2.00/650/tau_c	4608461857681160297	1.2840925008890969
cell/cpg/2.00/650/tau_t	4605740205924975101	0.8398822059717187
cell/cpg/2.00/650/pi_t	4601379591121935493	0.4278783551930661
cell/cpg/2.00/650/mdot_air	4609594059649626974	1.535491839672623
cell/cpg/2.00/650/mdot_ratio	4609594059649626974	1.535491839672623
cell/cpg/2.00/650/thrust	4628032628337139637	26.074824628390804
cell/cpg/2.00/650/V0	4648785885070265291	633.7665185223972
cell/cpg/2.00/650/V9	4646097422204392764	420.0618384846782
cell/cpg/2.00/650/M9	4607182418800017407	0.9999999999999999
cell/cpg/2.00/650/T9	4647058908900177704	474.71602946227586
cell/cpg/2.00/650/p9	4685025867069816299	168390.5206117475
cell/cpg/2.00/650/F_over_mdot	4625473061159887496	16.981415305958336
cell/cpg/2.00/650/tsfc	4554520853517143315	0.0003190389506910345
cell/cpg/2.00/650/eta_th	13825754594196196957	-0.4835541646827773
cell/cpg/2.00/650/eta_p	13814952799257383999	-0.09598352306632395
cell/cpg/2.00/650/s2/Tt	4646624099911598079	449.99999999999994
cell/cpg/2.00/650/s2/pt	4689774164814501835	351024.3462623327
cell/cpg/2.00/650/s3/Tt	4648293964508104468	577.8416254000936
cell/cpg/2.00/650/s3/pt	4694831576294047889	766520.8775272538
cell/cpg/2.00/650/s4/Tt	4648928676283416576	650.0
cell/cpg/2.00/650/s4/pt	4694568201725993427	735860.0424261637
cell/cpg/2.00/650/s5/Tt	4648013209126407299	545.9234338816171
cell/cpg/2.00/650/s5/pt	4689152841760299562	314858.58460560685
cell/cpg/2.00/650/s9/Tt	4648013209126407299	545.9234338816171
cell/cpg/2.00/650/s9/pt	4689044657174399887	308561.4129134947
cell/cpg/2.00/650/s4/far	4572896242943899603	0.005417732920461621
cell/cpg/2.00/900/abort	0	0.0
cell/cpg/2.00/900/branch	0	0.0
cell/cpg/2.00/900/n_solve_turbine	4619567317775286272	7.0
cell/cpg/2.00/900/pi_c	4613591861515926916	2.8463643512874928
cell/cpg/2.00/900/tau_c	4608965093844275767	1.39583337591206
cell/cpg/2.00/900/tau_t	4605740205924975101	0.8398822059717187
cell/cpg/2.00/900/pi_t	4601379591121935493	0.4278783551930661
cell/cpg/2.00/900/mdot_air	4610291243104587427	1.690297664489585
cell/cpg/2.00/900/mdot_ratio	4610291243104587427	1.690297664489585
cell/cpg/2.00/900/thrust	4643565810191926545	276.1563564670078
cell/cpg/2.00/900/V0	4648785885070265291	633.7665185223972
cell/cpg/2.00/900/V9	4647403177359497061	494.2854256959311
cell/cpg/2.00/900/M9	4607182418800017407	0.9999999999999999
cell/cpg/2.00/900/T9	4648992880001835330	657.2991177169972
cell/cpg/2.00/900/p9	4686781747183786858	219493.3577510969
cell/cpg/2.00/900/F_over_mdot	4639952346106874736	163.37735197096072
cell/cpg/2.00/900/tsfc	4544931788159339200	7.187398150979973e-05
cell/cpg/2.00/900/eta_th	13818076935756167350	-0.15367925295817536
cell/cpg/2.00/900/eta_p	13832088372840507692	-1.3405980354896867
cell/cpg/2.00/900/s2/Tt	4646624099911598079	449.99999999999994
cell/cpg/2.00/900/s2/pt	4689774164814501835	351024.3462623327
cell/cpg/2.00/900/s3/Tt	4648736261917092674	628.125019160427
cell/cpg/2.00/900/s3/pt	4696829786705334366	999143.1856351008
cell/cpg/2.00/900/s4/Tt	4651127699538968576	900.0
cell/cpg/2.00/900/s4/pt	4696486483720828444	959177.4582096967
cell/cpg/2.00/900/s5/Tt	4649860129629263423	755.8939853745468
cell/cpg/2.00/900/s5/pt	4690794424449792520	410411.2731570308
cell/cpg/2.00/900/s9/Tt	4649860129629263423	755.8939853745468
cell/cpg/2.00/900/s9/pt	4690653408210102986	402203.04769389017
cell/cpg/2.00/900/s4/far	4577922758728409693	0.011742580774680872
cell/cpg/2.00/1100/abort	0	0.0
cell/cpg/2.00/1100/branch	0	0.0
cell/cpg/2.00/1100/n_solve_turbine	4619567317775286272	7.0
cell/cpg/2.00/1100/pi_c	4615016100036185209	3.4788533103870205
cell/cpg/2.00/1100/tau_c	4609372264499896242	1.4862434232763744
cell/cpg/2.00/1100/tau_t	4605740205924975101	0.8398822059717187
cell/cpg/2.00/1100/pi_t	4601379591121935493	0.4278783551930661
cell/cpg/2.00/1100/mdot_air	4611052229020960332	1.8592704816441197
cell/cpg/2.00/1100/mdot_ratio	4611052229020960332	1.8592704816441197
cell/cpg/2.00/1100/thrust	4647528130334977221	501.3881800190541
cell/cpg/2.00/1100/V0	4648785885070265291	633.7665185223972
cell/cpg/2.00/1100/V9	4648017868108225219	546.453098791499
cell/cpg/2.00/1100/M9	4607182418800017406	0.9999999999999998
cell/cpg/2.00/1100/T9	4650277694264691766	803.3655883207746
cell/cpg/2.00/1100/p9	4688352401829056766	268266.848506227
cell/cpg/2.00/1100/F_over_mdot	4643451688789141992	269.6693057675425
cell/cpg/2.00/1100/tsfc	4544241673372904877	6.252118212584394e-05
cell/cpg/2.00/1100/eta_th	13812930156515580680	-0.06791371628456144
cell/cpg/2.00/1100/eta_p	13838407365740858438	-3.4873926351442917
cell/cpg/2.00/1100/s2/Tt	4646624099911598079	449.99999999999994
cell/cpg/2.00/1100/s2/pt	4689774164814501835	351024.3462623327
cell/cpg/2.00/1100/s3/Tt	4649094126751134107	668.8095404743684
cell/cpg/2.00/1100/s3/pt	4697995663470913812	1221162.2090211557
cell/cpg/2.00/1100/s4/Tt	4652552666608566272	1100.0
cell/cpg/2.00/1100/s4/pt	4697785869400879533	1172315.7206603095
cell/cpg/2.00/1100/s5/Tt	4651337666031548323	923.8704265688906
cell/cpg/2.00/1100/s5/pt	4692361181260406365	501608.5223231072
cell/cpg/2.00/1100/s9/Tt	4651337666031548323	923.8704265688906
cell/cpg/2.00/1100/s9/pt	4692188829884504554	491576.351876645
cell/cpg/2.00/1100/s4/far	4580516798168964599	0.01686004377964242
cell/cpg/2.00/1500/abort	0	0.0
cell/cpg/2.00/1500/branch	0	0.0
cell/cpg/2.00/1500/n_solve_turbine	4620693217682128896	8.0
cell/cpg/2.00/1500/pi_c	4617385937944076496	5.062545508750375
cell/cpg/2.00/1500/tau_c	4610199089075285582	1.6698353594610071
cell/cpg/2.00/1500/tau_t	4605740205924975101	0.8398822059717187
cell/cpg/2.00/1500/pi_t	4601379591121935493	0.4278783551930661
cell/cpg/2.00/1500/mdot_air	4612347059752282894	2.2935613196508546
cell/cpg/2.00/1500/mdot_ratio	4612347059752282894	2.2935613196508546
cell/cpg/2.00/1500/thrust	4652369046889142661	1058.2497095107985
cell/cpg/2.00/1500/V0	4648785885070265291	633.7665185223972
cell/cpg/2.00/1500/V9	4648824176417173227	638.1197406644618
cell/cpg/2.00/1500/M9	4607182418800017409	1.0000000000000002
cell/cpg/2.00/1500/T9	4652532868932063501	1095.4985295283288
cell/cpg/2.00/1500/p9	4690450479301154746	390391.0305722911
cell/cpg/2.00/1500/F_over_mdot	4646824654795138246	461.4002252496542
cell/cpg/2.00/1500/tsfc	4543841043433572370	5.906339512175297e-05
cell/cpg/2.00/1500/eta_th	4574870895997184250	0.0071304714246827
cell/cpg/2.00/1500/eta_p	4630145147457096044	35.160000405175055
cell/cpg/2.00/1500/s2/Tt	4646624099911598079	449.99999999999994
cell/cpg/2.00/1500/s2/pt	4689774164814501835	351024.3462623327
cell/cpg/2.00/1500/s3/Tt	4649820828038097394	751.4259117574532
cell/cpg/2.00/1500/s3/pt	4700383298147720728	1777076.727632409
cell/cpg/2.00/1500/s4/Tt	4654311885213007872	1500.0
cell/cpg/2.00/1500/s4/pt	4700077998690614172	1705993.6585271126
cell/cpg/2.00/1500/s5/Tt	4653255576954920245	1259.823308957578
cell/cpg/2.00/1500/s5/pt	4694517501510994613	729957.760580382
cell/cpg/2.00/1500/s9/Tt	4653255576954920245	1259.823308957578
cell/cpg/2.00/1500/s9/pt	4694392095722628447	715358.6053687743
cell/cpg/2.00/1500/s4/far	4583512036366133801	0.027251863813186148
cell/tpg/0.30/400/abort	4613937818241073152	3.0
cell/tpg/0.30/500/abort	4607182418800017408	1.0
cell/tpg/0.30/600/abort	4607182418800017408	1.0
cell/tpg/0.30/650/abort	4607182418800017408	1.0
cell/tpg/0.30/900/abort	0	0.0
cell/tpg/0.30/900/branch	0	0.0
cell/tpg/0.30/900/n_solve_turbine	4619567317775286272	7.0
cell/tpg/0.30/900/pi_c	4617768484560623838	5.402315158097023
cell/tpg/0.30/900/tau_c	4610339700957001101	1.7010574691842948
cell/tpg/0.30/900/tau_t	4605622997537475949	0.8268694609236441
cell/tpg/0.30/900/pi_t	4601315705158243734	0.4243319718010182
cell/tpg/0.30/900/mdot_air	4602208239615122578	0.4738775870159283
cell/tpg/0.30/900/mdot_ratio	4602208239615122578	0.4738775870159283
cell/tpg/0.30/900/thrust	4641999723554667662	221.5673188864934
cell/tpg/0.30/900/V0	4636400701446642247	95.21676971889347
cell/tpg/0.30/900/V9	4647435620403282668	496.1295992229559
cell/tpg/0.30/900/M9	4607182418800017581	1.0000000000000384
cell/tpg/0.30/900/T9	4648786689088441302	633.8579248062986
cell/tpg/0.30/900/p9	4678438254991535382	59702.44389268213
cell/tpg/0.30/900/F_over_mdot	4646933060065753469	467.5623514539546
cell/tpg/0.30/900/tsfc	4538626385191872094	2.7122537265811236e-05
cell/tpg/0.30/900/eta_th	4597140232141448931	0.22127332885184278
cell/tpg/0.30/900/eta_p	4600349368387961254	0.3706895052055422
cell/tpg/0.30/900/s2/Tt	4643159780477212197	254.53811966178287
cell/tpg/0.30/900/s2/pt	4677329147359971333	51632.62377585474
cell/tpg/0.30/900/s3/Tt	4646324750739816815	432.9839696428016
cell/tpg/0.30/900/s3/pt	4688535691406458860	278935.70607662085
cell/tpg/0.30/900/s4/Tt	4651127699538968576	900.0
cell/tpg/0.30/900/s4/pt	4688344008248813139	267778.277833556
cell/tpg/0.30/900/s5/Tt	4649757114444937997	744.1825148312797
cell/tpg/0.30/900/s5/pt	4682544793266080862	113626.88463859397
cell/tpg/0.30/900/s9/Tt	4649757114444937997	744.1825148312797
cell/tpg/0.30/900/s9/pt	4682388625664970742	111354.3469458221
cell/tpg/0.30/900/s4/far	4578463995726537396	0.012681477301400214
cell/tpg/0.30/1100/abort	0	0.0
cell/tpg/0.30/1100/branch	0	0.0
cell/tpg/0.30/1100/n_solve_turbine	4619567317775286272	7.0
cell/tpg/0.30/1100/pi_c	4619833742976621780	7.236633114290459
cell/tpg/0.30/1100/tau_c	4611047537429515895	1.85822873907537
cell/tpg/0.30/1100/tau_t	4605684308384804669	0.8336763323600064
cell/tpg/0.30/1100/pi_t	4601348491708423815	0.4261519909464159
cell/tpg/0.30/1100/mdot_air	4603299105187345565	0.5688655815371423
cell/tpg/0.30/1100/mdot_ratio	4603299105187345565	0.5688655815371423
cell/tpg/0.30/1100/thrust	4644944078503284746	354.5018393921206
cell/tpg/0.30/1100/V0	4636400701446642247	95.21676971889347
cell/tpg/0.30/1100/V9	4648042963486647623	549.3061130057694
cell/tpg/0.30/1100/M9	4607182418800016892	0.9999999999999427
cell/tpg/0.30/1100/T9	4650134257369525919	787.0587012967625
cell/tpg/0.30/1100/p9	4680286562922386360	80765.30811102584
cell/tpg/0.30/1100/F_over_mdot	4648692706099006936	623.1732959378814
cell/tpg/0.30/1100/tsfc	4538944876548581785	2.8201627956006557e-05
cell/tpg/0.30/1100/eta_th	4596304288111422429	0.19807122111600864
cell/tpg/0.30/1100/eta_p	4600846156966191988	0.39826681110167006
cell/tpg/0.30/1100/s2/Tt	4643159780477212197	254.53811966178287
cell/tpg/0.30/1100/s2/pt	4677329147359971333	51632.62377585474
cell/tpg/0.30/1100/s3/Tt	4647028545133340037	472.99004914573044
cell/tpg/0.30/1100/s3/pt	4690162807965192067	373646.35499405133
cell/tpg/0.30/1100/s4/Tt	4652552666608566272	1100.0
cell/tpg/0.30/1100/s4/pt	4689906040145197018	358700.5007942893
cell/tpg/0.30/1100/s5/Tt	4651277619845818370	917.0439655960074
cell/tpg/0.30/1100/s5/pt	4684492274487634643	152860.93256696183
cell/tpg/0.30/1100/s9/Tt	4651277619845818370	917.0439655960074
cell/tpg/0.30/1100/s9/pt	4684387229254640857	149803.7139156226
cell/tpg/0.30/1100/s4/far	4580722726570352543	0.017574501444158504
cell/tpg/0.30/1500/abort	0	0.0
cell/tpg/0.30/1500/branch	0	0.0
cell/tpg/0.30/1500/n_solve_turbine	4619567317775286272	7.0
cell/tpg/0.30/1500/pi_c	4623092723414571930	12.262378419005291
cell/tpg/0.30/1500/tau_c	4612076412573131286	2.1733698277132687
cell/tpg/0.30/1500/tau_t	4605762360027398715	0.8423418054317787
cell/tpg/0.30/1500/pi_t	4601396903998828264	0.42883941292050887
cell/tpg/0.30/1500/mdot_air	4605494259537109292	0.8125766717085177
cell/tpg/0.30/1500/mdot_ratio	4605494259537109292	0.8125766717085177
cell/tpg/0.30/1500/thrust	4649552874963037400	720.9631739960996
cell/tpg/0.30/1500/V0	4636400701446642247	95.21676971889347
cell/tpg/0.30/1500/V9	4648856401916680832	641.7833557974809
cell/tpg/0.30/1500/M9	4607182418800017544	1.0000000000000302
cell/tpg/0.30/1500/T9	4652536144110092554	1096.2432187945255
cell/tpg/0.30/1500/p9	4684014207841684701	138947.36195621538
cell/tpg/0.30/1500/F_over_mdot	4651015598303556153	887.2555650412752
cell/tpg/0.30/1500/tsfc	4539789081273498421	3.1606231516870266e-05
cell/tpg/0.30/1500/eta_th	4595387340744963135	0.1726208191506959
cell/tpg/0.30/1500/eta_p	4601017156913277850	0.40775921502489043
cell/tpg/0.30/1500/s2/Tt	4643159780477212197	254.53811966178287
cell/tpg/0.30/1500/s2/pt	4677329147359971333	51632.62377585474
cell/tpg/0.30/1500/s3/Tt	4648077262587125441	553.2054692757885
cell/tpg/0.30/1500/s3/pt	4693685832727579195	633138.7715056607
cell/tpg/0.30/1500/s4/Tt	4654311885213007872	1500.0
cell/tpg/0.30/1500/s4/pt	4693468287902183480	607813.2206454342
cell/tpg/0.30/1500/s5/Tt	4653271803104156294	1263.512708147669
cell/tpg/0.30/1500/s5/pt	4688196025177778308	260654.2647069135
cell/tpg/0.30/1500/s9/Tt	4653271803104156294	1263.512708147669
cell/tpg/0.30/1500/s9/pt	4688016904930981649	255441.17941277524
cell/tpg/0.30/1500/s4/far	4583740009585235644	0.02804280480332609
cell/tpg/0.50/400/abort	4613937818241073152	3.0
cell/tpg/0.50/500/abort	0	0.0
cell/tpg/0.50/500/branch	4607182418800017408	1.0
cell/tpg/0.50/500/n_solve_turbine	4619567317775286272	7.0
cell/tpg/0.50/500/pi_c	4612139824745694487	2.2015304893217365
cell/tpg/0.50/500/tau_c	4608478705214121510	1.2878334046894309
cell/tpg/0.50/500/tau_t	4605886386068117913	0.8561114620377338
cell/tpg/0.50/500/pi_t	4602907468534904654	0.5253851786544403
cell/tpg/0.50/500/mdot_air	4598973821545394601	0.29433131640214555
cell/tpg/0.50/500/mdot_ratio	4598973821545394601	0.29433131640214555
cell/tpg/0.50/500/thrust	4626819742377606932	21.765788089133892
cell/tpg/0.50/500/V0	4639787586989050683	158.69461619815579
cell/tpg/0.50/500/V9	4642355678346652171	231.68416255463703
cell/tpg/0.50/500/M9	4603406522588253615	0.5807913087104931
cell/tpg/0.50/500/T9	4645788652510544556	402.5103134457411
cell/tpg/0.50/500/p9	4677104761256804352	50000.0
cell/tpg/0.50/500/F_over_mdot	4634904182518432530	73.94995665155537
cell/tpg/0.50/500/tsfc	4543397238462447885	5.605605566017151e-05
cell/tpg/0.50/500/eta_th	4590495792233149733	0.08092653727677097
cell/tpg/0.50/500/eta_p	4605537200689824001	0.8173440973532992
cell/tpg/0.50/500/s2/Tt	4643327343480941738	262.6010933301392
cell/tpg/0.50/500/s2/pt	4678142939019462431	57553.73739708796
cell/tpg/0.50/500/s3/Tt	4644657055315366514	338.1864600985201
cell/tpg/0.50/500/s3/pt	4683443604371715629	126706.30765410578
cell/tpg/0.50/500/s4/Tt	4647503709213818880	500.0
cell/tpg/0.50/500/s4/pt	4683095316725269997	121638.05534794154
cell/tpg/0.50/500/s5/Tt	4646238052249073282	428.05573101886705
cell/tpg/0.50/500/s5/pt	4679016101616051066	63906.83144015721
cell/tpg/0.50/500/s9/Tt	4646238052249073282	428.05573101886705
cell/tpg/0.50/500/s9/pt	4678840435855394132	62628.69481135407
cell/tpg/0.50/500/s4/far	4571429277111067611	0.004145342886126858
cell/tpg/0.50/600/abort	0	0.0
cell/tpg/0.50/600/branch	4607182418800017408	1.0
cell/tpg/0.50/600/n_solve_turbine	4619567317775286272	7.0
cell/tpg/0.50/600/pi_c	4614001300508426001	3.028191789948217
cell/tpg/0.50/600/tau_c	4609087334997702331	1.4229763645302416
cell/tpg/0.50/600/tau_t	4605622726744394143	0.8268393968522111
cell/tpg/0.50/600/pi_t	4601738124358363034	0.44778094790182765
cell/tpg/0.50/600/mdot_air	4600301495724287962	0.36803203853253097
cell/tpg/0.50/600/mdot_ratio	4600301495724287962	0.36803203853253097
cell/tpg/0.50/600/thrust	4633774671598393099	60.94932053382043
cell/tpg/0.50/600/V0	4639787586989050683	158.69461619815579
cell/tpg/0.50/600/V9	4644379445155574927	322.4061495054711
cell/tpg/0.50/600/M9	4605092983474951854	0.7680260793647073
cell/tpg/0.50/600/T9	4646574506507397286	447.1809413522809
cell/tpg/0.50/600/p9	4677104761256804352	50000.0
cell/tpg/0.50/600/F_over_mdot	4640030855936090001	165.60873552434762
cell/tpg/0.50/600/tsfc	4540368511937434231	3.553260642089479e-05
cell/tpg/0.50/600/eta_th	4594845305978976374	0.15757633221705064
cell/tpg/0.50/600/eta_p	4604139940644238918	0.6622170699535637
cell/tpg/0.50/600/s2/Tt	4643327343480941738	262.6010933301392
cell/tpg/0.50/600/s2/pt	4678142939019462431	57553.73739708796
cell/tpg/0.50/600/s3/Tt	4645281378934904052	373.67514910858813
cell/tpg/0.50/600/s3/pt	4685228357063829663	174283.75506669746
cell/tpg/0.50/600/s4/Tt	4648488871632306176	600.0
cell/tpg/0.50/600/s4/pt	4684988823294794290	167312.40486402955
cell/tpg/0.50/600/s5/Tt	4647435163690576962	496.1036381113264
cell/tpg/0.50/600/s5/pt	4679884828801926363	74919.30724574944
cell/tpg/0.50/600/s9/Tt	4647435163690576962	496.1036381113264
cell/tpg/0.50/600/s9/pt	4679781860490099333	73420.92110083446
cell/tpg/0.50/600/s4/far	4573434400298949223	0.0058845100192487015
cell/tpg/0.50/650/abort	0	0.0
cell/tpg/0.50/650/branch	4607182418800017408	1.0
cell/tpg/0.50/650/n_solve_turbine	4619567317775286272	7.0
cell/tpg/0.50/650/pi_c	4614875364448977881	3.4163541546663336
cell/tpg/0.50/650/tau_c	4609331609138928684	1.4772161197122484
cell/tpg/0.50/650/tau_t	4605574213659830532	0.8214533625044003
cell/tpg/0.50/650/pi_t	4601451909247240920	0.4318928175836567
cell/tpg/0.50/650/mdot_air	4600841603424309877	0.39801403874961433
cell/tpg/0.50/650/mdot_ratio	4600841603424309877	0.39801403874961433
cell/tpg/0.50/650/thrust	4635617656467600543	84.08903128626342
cell/tpg/0.50/650/V0	4639787586989050683	158.69461619815579
cell/tpg/0.50/650/V9	4645171762894256614	367.44419859620245
cell/tpg/0.50/650/M9	4605865769251955449	0.8538225356379306
cell/tpg/0.50/650/T9	4646990011401297767	470.79966007498155
cell/tpg/0.50/650/p9	4677104761256804352	50000.0
cell/tpg/0.50/650/F_over_mdot	4641637472365598583	211.2715208499537
cell/tpg/0.50/650/tsfc	4539918977203630306	3.248644057715786e-05
cell/tpg/0.50/650/eta_th	4595960177617712521	0.1885202362877119
cell/tpg/0.50/650/eta_p	4603628377646787042	0.6054221681218304
cell/tpg/0.50/650/s2/Tt	4643327343480941738	262.6010933301392
cell/tpg/0.50/650/s2/pt	4678142939019462431	57553.73739708796
cell/tpg/0.50/650/s3/Tt	4645531951812084994	387.9185681213422
cell/tpg/0.50/650/s3/pt	4685995960312468377	196623.9498731166
cell/tpg/0.50/650/s4/Tt	4648928676283416576	650.0
cell/tpg/0.50/650/s4/pt	4685725722413487455	188758.9918781919
cell/tpg/0.50/650/s5/Tt	4647907842942477643	533.9446856278604
cell/tpg/0.50/650/s5/pt	4680338675975795221	81523.65284652293
cell/tpg/0.50/650/s9/Tt	4647907842942477643	533.9446856278604
cell/tpg/0.50/650/s9/pt	4680226630720490813	79893.17978959247
cell/tpg/0.50/650/s4/far	4574563052446736466	0.006863459707737789
cell/tpg/0.50/900/abort	0	0.0
cell/tpg/0.50/900/branch	0	0.0
cell/tpg/0.50/900/n_solve_turbine	4619567317775286272	7.0
cell/tpg/0.50/900/pi_c	4617522410477959601	5.183757468227143
cell/tpg/0.50/900/tau_c	4610239299890277438	1.6787639539895873
cell/tpg/0.50/900/tau_t	4605622997537475949	0.8268694609236441
cell/tpg/0.50/900/pi_t	4601315705158243734	0.4243319718010182
cell/tpg/0.50/900/mdot_air	4602741400656161349	0.5069479403912928
cell/tpg/0.50/900/mdot_ratio	4602741400656161349	0.5069479403912928
cell/tpg/0.50/900/thrust	4641770465353343284	215.05140890391488
cell/tpg/0.50/900/V0	4639787586989050683	158.69461619815579
cell/tpg/0.50/900/V9	4647435620403282672	496.12959922295613
cell/tpg/0.50/900/M9	4607182418800017585	1.0000000000000393
cell/tpg/0.50/900/T9	4648786689088441298	633.8579248062981
cell/tpg/0.50/900/p9	4679009206182689228	63856.660559285054
cell/tpg/0.50/900/F_over_mdot	4646170363533342520	424.2080729984332
cell/tpg/0.50/900/tsfc	4539309709478372748	2.94377300031116e-05
cell/tpg/0.50/900/eta_th	4596719071680038789	0.20958377781886042
cell/tpg/0.50/900/eta_p	4603588321566894891	0.6009750499045813
cell/tpg/0.50/900/s2/Tt	4643327343480941738	262.6010933301392
cell/tpg/0.50/900/s2/pt	4678142939019462431	57553.73739708796
cell/tpg/0.50/900/s3/Tt	4646463047842201550	440.8452497608931
cell/tpg/0.50/900/s3/pt	4688869133940917878	298344.61605653854
cell/tpg/0.50/900/s4/Tt	4651127699538968576	900.0
cell/tpg/0.50/900/s4/pt	4688664113081893796	286410.83141427697
cell/tpg/0.50/900/s5/Tt	4649757114444937994	744.1825148312794
cell/tpg/0.50/900/s5/pt	4683088116126097437	121533.272839189
cell/tpg/0.50/900/s9/Tt	4649757114444937994	744.1825148312794
cell/tpg/0.50/900/s9/pt	4682921082067786985	119102.60738240521
cell/tpg/0.50/900/s4/far	4578352303813667548	0.012487722718068132
cell/tpg/0.50/1100/abort	0	0.0
cell/tpg/0.50/1100/branch	0	0.0
cell/tpg/0.50/1100/n_solve_turbine	4619567317775286272	7.0
cell/tpg/0.50/1100/pi_c	4619462641538934489	6.907028825816917
cell/tpg/0.50/1100/tau_c	4610924445023135294	1.830896734331318
cell/tpg/0.50/1100/tau_t	4605684308384804669	0.8336763323600064
cell/tpg/0.50/1100/pi_t	4601348491708423815	0.4261519909464159
cell/tpg/0.50/1100/mdot_air	4603627605350845917	0.6053364260482642
cell/tpg/0.50/1100/mdot_ratio	4603627605350845917	0.6053364260482642
cell/tpg/0.50/1100/thrust	4644832171886005585	348.1406846728251
cell/tpg/0.50/1100/V0	4639787586989050683	158.69461619815579
cell/tpg/0.50/1100/V9	4648042963486647623	549.3061130057694
cell/tpg/0.50/1100/M9	4607182418800016899	0.9999999999999435
cell/tpg/0.50/1100/T9	4650134257369525907	787.0587012967611
cell/tpg/0.50/1100/p9	4680641261548320917	85926.85244724371
cell/tpg/0.50/1100/F_over_mdot	4648270019015723403	575.1193380936032
cell/tpg/0.50/1100/tsfc	4539540443072507090	3.0219485828192356e-05
cell/tpg/0.50/1100/eta_th	4595992473738133449	0.18941663370014641
cell/tpg/0.50/1100/eta_p	4604009711021213561	0.6477586773564631
cell/tpg/0.50/1100/s2/Tt	4643327343480941738	262.6010933301392
cell/tpg/0.50/1100/s2/pt	4678142939019462431	57553.73739708796
cell/tpg/0.50/1100/s3/Tt	4647165859799148020	480.7954842099855
cell/tpg/0.50/1100/s3/pt	4690573045515823611	397525.32323518366
cell/tpg/0.50/1100/s4/Tt	4652552666608566272	1100.0
cell/tpg/0.50/1100/s4/pt	4690299868193803300	381624.3103057763
cell/tpg/0.50/1100/s5/Tt	4651277619845818357	917.0439655960059
cell/tpg/0.50/1100/s5/pt	4684827935701642839	162629.95963035777
cell/tpg/0.50/1100/s9/Tt	4651277619845818357	917.0439655960059
cell/tpg/0.50/1100/s9/pt	4684716177244368889	159377.3604377506
cell/tpg/0.50/1100/s4/far	4580666610780194730	0.01737981068703901
cell/tpg/0.50/1500/abort	0	0.0
cell/tpg/0.50/1500/branch	0	0.0
cell/tpg/0.50/1500/n_solve_turbine	4619567317775286272	7.0
cell/tpg/0.50/1500/pi_c	4622722483992611163	11.604701089589687
cell/tpg/0.50/1500/tau_c	4611992013358433993	2.135889047146382
cell/tpg/0.50/1500/tau_t	4605762360027398715	0.8423418054317787
cell/tpg/0.50/1500/pi_t	4601396903998828264	0.42883941292050887
cell/tpg/0.50/1500/mdot_air	4605897504107686490	0.8573458123895066
cell/tpg/0.50/1500/mdot_ratio	4605897504107686490	0.8573458123895066
cell/tpg/0.50/1500/thrust	4649493318140575984	714.1923471857135
cell/tpg/0.50/1500/V0	4639787586989050683	158.69461619815579
cell/tpg/0.50/1500/V9	4648856401916680835	641.7833557974812
cell/tpg/0.50/1500/M9	4607182418800017546	1.0000000000000306
cell/tpg/0.50/1500/T9	4652536144110092552	1096.243218794525
cell/tpg/0.50/1500/p9	4684276279696040279	146574.65677286193
cell/tpg/0.50/1500/F_over_mdot	4650538600207884816	833.027159945168
cell/tpg/0.50/1500/tsfc	4540057870029169501	3.342761497210939e-05
cell/tpg/0.50/1500/eta_th	4595186425339326881	0.1670442964172141
cell/tpg/0.50/1500/eta_p	4604156183040105757	0.6640203381402078
cell/tpg/0.50/1500/s2/Tt	4643327343480941738	262.6010933301392
cell/tpg/0.50/1500/s2/pt	4678142939019462431	57553.73739708796
cell/tpg/0.50/1500/s3/Tt	4648144828278023888	560.8867990125091
cell/tpg/0.50/1500/s3/pt	4693984377171994788	667893.9190819454
cell/tpg/0.50/1500/s4/Tt	4654311885213007872	1500.0
cell/tpg/0.50/1500/s4/pt	4693754890568822450	641178.1623186676
cell/tpg/0.50/1500/s5/Tt	4653271803104156293	1263.5127081476687
cell/tpg/0.50/1500/s5/pt	4688467431673838107	274962.4667061881
cell/tpg/0.50/1500/s9/Tt	4653271803104156293	1263.5127081476687
cell/tpg/0.50/1500/s9/pt	4688372955289667662	269463.21737206436
cell/tpg/0.50/1500/s4/far	4583683316503573603	0.027846111163956865
cell/tpg/0.85/400/abort	4613937818241073152	3.0
cell/tpg/0.85/500/abort	0	0.0
cell/tpg/0.85/500/branch	4607182418800017408	1.0
cell/tpg/0.85/500/n_solve_turbine	4619567317775286272	7.0
cell/tpg/0.85/500/pi_c	4612714401740734055	2.4566939330468816
cell/tpg/0.85/500/tau_c	4608677065653580305	1.3318782701018146
cell/tpg/0.85/500/tau_t	4605542005186528693	0.8178775036396276
cell/tpg/0.85/500/pi_t	4601497860852178682	0.43444364407467584
cell/tpg/0.85/500/mdot_air	4601684091467599629	0.44478151993119824
cell/tpg/0.85/500/mdot_ratio	4601684091467599629	0.44478151993119824
cell/tpg/0.85/500/thrust	4626384114620453554	20.218127397429903
cell/tpg/0.85/500/V0	4643453651052699634	269.7808475368648
cell/tpg/0.85/500/V9	4644236177386413865	314.2623196937953
cell/tpg/0.85/500/M9	4605650199247774989	0.8298894574319619
cell/tpg/0.85/500/T9	4645070207234875985	361.6714277123438
cell/tpg/0.85/500/p9	4677104761256804352	50000.0
cell/tpg/0.85/500/F_over_mdot	4631594224444585584	45.45631167535328
cell/tpg/0.85/500/tsfc	4544663735793421194	6.824119454144746e-05
cell/tpg/0.85/500/eta_th	4591797559555356116	0.09899218794949799
cell/tpg/0.85/500/eta_p	4606579674855621700	0.93308197949785
cell/tpg/0.85/500/s2/Tt	4643745586963694955	286.3754828060834
cell/tpg/0.85/500/s2/pt	4680086807681088516	77858.48677323764
cell/tpg/0.85/500/s3/Tt	4645417579988357721	381.41728263933834
cell/tpg/0.85/500/s3/pt	4685812153655504599	191274.4720920238
cell/tpg/0.85/500/s4/Tt	4647503709213818880	500.0
cell/tpg/0.85/500/s4/pt	4685549268022802229	183623.49320834284
cell/tpg/0.85/500/s5/Tt	4645901742794396310	408.938751819814
cell/tpg/0.85/500/s5/pt	4680218444838387412	79774.05952715437
cell/tpg/0.85/500/s9/Tt	4645901742794396310	408.938751819814
cell/tpg/0.85/500/s9/pt	4680108804205831161	78178.57833661129
cell/tpg/0.85/500/s4/far	4569299131418841266	0.0031019930081744524
cell/tpg/0.85/600/abort	0	0.0
cell/tpg/0.85/600/branch	4607182418800017408	1.0
cell/tpg/0.85/600/n_solve_turbine	4619567317775286272	7.0
cell/tpg/0.85/600/pi_c	4613849729158860615	2.9608805890838172
cell/tpg/0.85/600/tau_c	4609035837635923327	1.4115416531793412
cell/tpg/0.85/600/tau_t	4605519959232666494	0.8154299110818639
cell/tpg/0.85/600/pi_t	4601277318863794024	0.4222011044046128
cell/tpg/0.85/600/mdot_air	4602447604166919799	0.4871649888501461
cell/tpg/0.85/600/mdot_ratio	4602447604166919799	0.4871649888501461
cell/tpg/0.85/600/thrust	4633986483347295918	62.45433352913584
cell/tpg/0.85/600/V0	4643453651052699634	269.7808475368648
cell/tpg/0.85/600/V9	4645673141460098399	395.94427042217825
cell/tpg/0.85/600/M9	4606981880730356919	0.9777358017749042
cell/tpg/0.85/600/T9	4646011668891398647	415.18732699545166
cell/tpg/0.85/600/p9	4677104761256804352	50000.0
cell/tpg/0.85/600/F_over_mdot	4638714637318485648	128.19955242790866
cell/tpg/0.85/600/tsfc	4541044454495611218	4.0112971358712904e-05
cell/tpg/0.85/600/eta_th	4596108377614345086	0.192633612500483
cell/tpg/0.85/600/eta_p	4605522730010450502	0.8157375292110565
cell/tpg/0.85/600/s2/Tt	4643745586963694955	286.3754828060834
cell/tpg/0.85/600/s2/pt	4680086807681088516	77858.48677323764
cell/tpg/0.85/600/s3/Tt	4645818921783907637	404.230922430131
cell/tpg/0.85/600/s3/pt	4687160952403787998	230529.68218231847
cell/tpg/0.85/600/s4/Tt	4648488871632306176	600.0
cell/tpg/0.85/600/s4/pt	4686844114821154292	221308.49489502574
cell/tpg/0.85/600/s5/Tt	4647314733012703888	489.2579466452962
cell/tpg/0.85/600/s5/pt	4681157333720994654	93436.69095571103
cell/tpg/0.85/600/s9/Tt	4647314733012703888	489.2579466452962
cell/tpg/0.85/600/s9/pt	4681028915310786258	91567.95713659681
cell/tpg/0.85/600/s4/far	4572578880609748788	0.005142464974740513
cell/tpg/0.85/650/abort	0	0.0
cell/tpg/0.85/650/branch	0	0.0
cell/tpg/0.85/650/n_solve_turbine	4619567317775286272	7.0
cell/tpg/0.85/650/pi_c	4614396722225868219	3.2037943080046865
cell/tpg/0.85/650/tau_c	4609192829511223435	1.4464008521067935
cell/tpg/0.85/650/tau_t	4605535583109582683	0.8171645098704902
cell/tpg/0.85/650/pi_t	4601279906964121245	0.4223447728332788
cell/tpg/0.85/650/mdot_air	4602726133872685741	0.5052529869386341
cell/tpg/0.85/650/mdot_ratio	4602726133872685741	0.5052529869386341
cell/tpg/0.85/650/thrust	4635727296247530788	85.64710626985885
cell/tpg/0.85/650/V0	4643453651052699634	269.7808475368648
cell/tpg/0.85/650/V9	4646101676265638493	420.3036538699287
cell/tpg/0.85/650/M9	4607182418800017164	0.9999999999999729
cell/tpg/0.85/650/T9	4646594604311996006	448.3233692772686
cell/tpg/0.85/650/p9	4677490487941489516	52806.53100842875
cell/tpg/0.85/650/F_over_mdot	4640168235941921074	169.5133101316256
cell/tpg/0.85/650/tsfc	4540542427752419822	3.671110582362582e-05
cell/tpg/0.85/650/eta_th	4596267907398617572	0.19706145349080295
cell/tpg/0.85/650/eta_p	4606023200988639373	0.8713009695252524
cell/tpg/0.85/650/s2/Tt	4643745586963694955	286.3754828060834
cell/tpg/0.85/650/s2/pt	4680086807681088516	77858.48677323764
cell/tpg/0.85/650/s3/Tt	4645994541409242406	414.21374235321343
cell/tpg/0.85/650/s3/pt	4687810794513051063	249442.57675395694
cell/tpg/0.85/650/s4/Tt	4648928676283416576	650.0
cell/tpg/0.85/650/s4/pt	4687467963246046834	239464.87368379865
cell/tpg/0.85/650/s5/Tt	4647883321597105470	531.1569314158185
cell/tpg/0.85/650/s5/pt	4681686476902561089	101136.73767753413
cell/tpg/0.85/650/s9/Tt	4647883321597105470	531.1569314158185
cell/tpg/0.85/650/s9/pt	4681547475628721364	99114.00292398344
cell/tpg/0.85/650/s4/far	4573824676965166466	0.0062230210667552095
cell/tpg/0.85/900/abort	0	0.0
cell/tpg/0.85/900/branch	0	0.0
cell/tpg/0.85/900/n_solve_turbine	4619567317775286272	7.0
cell/tpg/0.85/900/pi_c	4616911031142774028	4.640743536464708
cell/tpg/0.85/900/tau_c	4609975882990863661	1.6202736526286785
cell/tpg/0.85/900/tau_t	4605622997537475949	0.8268694609236441
cell/tpg/0.85/900/pi_t	4601315705158243734	0.4243319718010182
cell/tpg/0.85/900/mdot_air	4603708388800468946	0.6143051906262775
cell/tpg/0.85/900/mdot_ratio	4603708388800468946	0.6143051906262775
cell/tpg/0.85/900/thrust	4642059406628997245	223.26361388300202
cell/tpg/0.85/900/V0	4643453651052699634	269.7808475368648
cell/tpg/0.85/900/V9	4647435620403282676	496.12959922295636
cell/tpg/0.85/900/M9	4607182418800017588	1.00000000000004
cell/tpg/0.85/900/T9	4648786689088441296	633.8579248062979
cell/tpg/0.85/900/p9	4680050900455917388	77335.96787646151
cell/tpg/0.85/900/F_over_mdot	4645101335620180558	363.4408715566723
cell/tpg/0.85/900/tsfc	4539963090493425668	3.278536385610545e-05
cell/tpg/0.85/900/eta_th	4595395384086047915	0.17284406671237681
cell/tpg/0.85/900/eta_p	4607688299049758983	1.1123279801932442
cell/tpg/0.85/900/s2/Tt	4643745586963694955	286.3754828060834
cell/tpg/0.85/900/s2/pt	4680086807681088516	77858.48677323764
cell/tpg/0.85/900/s3/Tt	4646870507496332068	464.0066495495141
cell/tpg/0.85/900/s3/pt	4689951064604459044	361321.2692518255
cell/tpg/0.85/900/s4/Tt	4651127699538968576	900.0
cell/tpg/0.85/900/s4/pt	4689702766518893316	346868.4184817525
cell/tpg/0.85/900/s5/Tt	4649757114444937992	744.1825148312791
cell/tpg/0.85/900/s5/pt	4684297332017586442	147187.3599698621
cell/tpg/0.85/900/s9/Tt	4649757114444937992	744.1825148312791
cell/tpg/0.85/900/s9/pt	4684196185633993620	144243.61277046485
cell/tpg/0.85/900/s4/far	4578022463633473782	0.011915541214165586
cell/tpg/0.85/1100/abort	0	0.0
cell/tpg/0.85/1100/branch	0	0.0
cell/tpg/0.85/1100/n_solve_turbine	4619567317775286272	7.0
cell/tpg/0.85/1100/pi_c	4618547015154998680	6.09378923109707
cell/tpg/0.85/1100/tau_c	4610601486979364614	1.7591856430948964
cell/tpg/0.85/1100/tau_t	4605684308384804669	0.8336763323600064
cell/tpg/0.85/1100/pi_t	4601348491708423815	0.4261519909464159
cell/tpg/0.85/1100/mdot_air	4604686414014604975	0.7228878017660544
cell/tpg/0.85/1100/mdot_ratio	4604686414014604975	0.7228878017660544
cell/tpg/0.85/1100/thrust	4645105330033834560	363.66792768511004
cell/tpg/0.85/1100/V0	4643453651052699634	269.7808475368648
cell/tpg/0.85/1100/V9	4648042963486647620	549.306113005769
cell/tpg/0.85/1100/M9	4607182418800016892	0.9999999999999427
cell/tpg/0.85/1100/T9	4650134257369525911	787.0587012967616
cell/tpg/0.85/1100/p9	4681783949742997579	102555.15418863406
cell/tpg/0.85/1100/F_over_mdot	4647557833094695585	503.076586431047
cell/tpg/0.85/1100/tsfc	4540054412722486355	3.3404187350754296e-05
cell/tpg/0.85/1100/eta_th	4595029474467635398	0.16268803463004228
cell/tpg/0.85/1100/eta_p	4607902427394403341	1.1598740238830516
cell/tpg/0.85/1100/s2/Tt	4643745586963694955	286.3754828060834
cell/tpg/0.85/1100/s2/pt	4680086807681088516	77858.48677323764
cell/tpg/0.85/1100/s3/Tt	4647570342044192896	503.78763788683136
cell/tpg/0.85/1100/s3/pt	4691894656516950214	474453.20824826916
cell/tpg/0.85/1100/s4/Tt	4652552666608566272	1100.0
cell/tpg/0.85/1100/s4/pt	4691568614754884839	455475.0799183384
cell/tpg/0.85/1100/s5/Tt	4651277619845818360	917.0439655960063
cell/tpg/0.85/1100/s5/pt	4685909293447665438	194101.6121336752
cell/tpg/0.85/1100/s9/Tt	4651277619845818360	917.0439655960063
cell/tpg/0.85/1100/s9/pt	4685775907835471036	190219.5798910017
cell/tpg/0.85/1100/s4/far	4580500893837384974	0.016804864544920632
cell/tpg/0.85/1500/abort	0	0.0
cell/tpg/0.85/1500/branch	0	0.0
cell/tpg/0.85/1500/n_solve_turbine	4611686018427387904	2.0
cell/tpg/0.85/1500/pi_c	4621819117589004746	10.000000000059021
cell/tpg/0.85/1500/tau_c	4611770577926483244	2.0375519611385666
cell/tpg/0.85/1500/tau_t	4605762360027398715	0.8423418054317787
cell/tpg/0.85/1500/pi_t	4601396903998828264	0.42883941292050887
cell/tpg/0.85/1500/mdot_air	4607182418800044103	1.0000000000059275
cell/tpg/0.85/1500/mdot_ratio	4607182418800044103	1.0000000000059275
cell/tpg/0.85/1500/thrust	4649771419385882607	745.8087983310669
cell/tpg/0.85/1500/V0	4643453651052699634	269.7808475368648
cell/tpg/0.85/1500/V9	4648856401916680826	641.7833557974802
cell/tpg/0.85/1500/M9	4607182418800017540	1.0000000000000293
cell/tpg/0.85/1500/T9	4652536144110092550	1096.2432187945246
cell/tpg/0.85/1500/p9	4685110946909313706	170866.66983576614
cell/tpg/0.85/1500/F_over_mdot	4649771419385843722	745.8087983266462
cell/tpg/0.85/1500/tsfc	4540519827822218791	3.655796273973845e-05
cell/tpg/0.85/1500/eta_th	4594576176405381072	0.15010648598672427
cell/tpg/0.85/1500/eta_p	4607851857262139662	1.1486451988435564
cell/tpg/0.85/1500/s2/Tt	4643745586963694955	286.3754828060834
cell/tpg/0.85/1500/s2/pt	4680086807681088516	77858.48677323764
cell/tpg/0.85/1500/s3/Tt	4648343779432390719	583.5049266135392
cell/tpg/0.85/1500/s3/pt	4694935205180867894	778584.8677369717
cell/tpg/0.85/1500/s4/Tt	4654311885213007872	1500.0
cell/tpg/0.85/1500/s4/pt	4694667685457340631	747441.4730274928
cell/tpg/0.85/1500/s5/Tt	4653271803104156289	1263.5127081476678
cell/tpg/0.85/1500/s5/pt	4689250316522056063	320532.3624855503
cell/tpg/0.85/1500/s9/Tt	4653271803104156289	1263.5127081476678
cell/tpg/0.85/1500/s9/pt	4689140182440921258	314121.71523583925
cell/tpg/0.85/1500/s4/far	4583515894746790394	0.02726525026019464
cell/tpg/1.20/400/abort	4613937818241073152	3.0
cell/tpg/1.20/500/abort	0	0.0
cell/tpg/1.20/500/branch	0	0.0
cell/tpg/1.20/500/n_solve_turbine	4619567317775286272	7.0
cell/tpg/1.20/500/pi_c	4612358552404620474	2.298665082546532
cell/tpg/1.20/500/tau_c	4608546134825136196	1.3028057860274354
cell/tpg/1.20/500/tau_t	4605488042576181630	0.8118864503920091
cell/tpg/1.20/500/pi_t	4601261744714967736	0.4213365654738186
cell/tpg/1.20/500/mdot_air	4603803151238609159	0.6248259346955657
cell/tpg/1.20/500/mdot_ratio	4603803151238609159	0.6248259346955657
cell/tpg/1.20/500/thrust	4622730276681374597	11.61854368557193
cell/tpg/1.20/500/V0	4645407900701383239	380.8670788755739
cell/tpg/1.20/500/V9	4645180917431757830	367.96457380586105
cell/tpg/1.20/500/M9	4607182418800017499	1.0000000000000202
cell/tpg/1.20/500/T9	4644706534727188727	340.9990390297166
cell/tpg/1.20/500/p9	4677999077653602160	56507.0081967701
cell/tpg/1.20/500/F_over_mdot	4625927202271615411	18.594848645699766
cell/tpg/1.20/500/tsfc	4548224950120640236	0.00011650464841966483
cell/tpg/1.20/500/eta_th	13810813492232014753	-0.05051954924842695
cell/tpg/1.20/500/eta_p	13832859909110617733	-1.511913501771603
cell/tpg/1.20/500/s2/Tt	4644378775611910871	322.36809035452956
cell/tpg/1.20/500/s2/pt	4682761841319323207	116785.34950985863
cell/tpg/1.20/500/s3/Tt	4646096035497861704	419.98301334449616
cell/tpg/1.20/500/s3/pt	4688355555306832666	268450.40507130476
cell/tpg/1.20/500/s4/Tt	4647503709213818880	500.0
cell/tpg/1.20/500/s4/pt	4688094943093657650	257712.38886845257
cell/tpg/1.20/500/s5/Tt	4645849044932729252	405.9432251960045
cell/tpg/1.20/500/s5/pt	4682198225013715107	108583.65280932425
cell/tpg/1.20/500/s9/Tt	4645849044932729252	405.9432251960045
cell/tpg/1.20/500/s9/pt	4682048988777652302	106411.97975313777
cell/tpg/1.20/500/s4/far	4567141769240379967	0.002166386303884132
cell/tpg/1.20/600/abort	0	0.0
cell/tpg/1.20/600/branch	0	0.0
cell/tpg/1.20/600/n_solve_turbine	4619567317775286272	7.0
cell/tpg/1.20/600/pi_c	4613181588494266730	2.664166529275623
cell/tpg/1.20/600/tau_c	4608821148668496880	1.3638711262253729
cell/tpg/1.20/600/tau_t	4605519122217089050	0.8153369836852591
cell/tpg/1.20/600/pi_t	4601273649212294511	0.4219973978252573
cell/tpg/1.20/600/mdot_air	4604102594386249465	0.6580708024032155
cell/tpg/1.20/600/mdot_ratio	4604102594386249465	0.6580708024032155
cell/tpg/1.20/600/thrust	4633987903160165816	62.464421906344285
cell/tpg/1.20/600/V0	4645407900701383239	380.8670788755739
cell/tpg/1.20/600/V9	4645807110808400820	403.55954620224225
cell/tpg/1.20/600/M9	4607182418800016972	0.9999999999999516
cell/tpg/1.20/600/T9	4645959683907478900	412.2323227800291
cell/tpg/1.20/600/p9	4679253902377572586	65738.11940321667
cell/tpg/1.20/600/F_over_mdot	4636379854634578226	94.92051870137655
cell/tpg/1.20/600/tsfc	4541775878915506913	4.5069296015337044e-05
cell/tpg/1.20/600/eta_th	4587440349792126285	0.05051187771062846
cell/tpg/1.20/600/eta_p	4615984495676799990	3.908907365249884
cell/tpg/1.20/600/s2/Tt	4644378775611910871	322.36809035452956
cell/tpg/1.20/600/s2/pt	4682761841319323207	116785.34950985863
cell/tpg/1.20/600/s3/Tt	4646442346777179061	439.66853045095496
cell/tpg/1.20/600/s3/pt	4689088881702924626	311135.61927392066
cell/tpg/1.20/600/s4/Tt	4648488871632306176	600.0
cell/tpg/1.20/600/s4/pt	4688875070933420274	298690.1945029638
cell/tpg/1.20/600/s5/Tt	4647313752135141307	489.20219021115525
cell/tpg/1.20/600/s5/pt	4683398261693239965	126046.48484070082
cell/tpg/1.20/600/s9/Tt	4647313752135141307	489.20219021115525
cell/tpg/1.20/600/s9/pt	4683225024723586663	123525.55514388681
cell/tpg/1.20/600/s4/far	4571582221451755822	0.0042780009552816755
cell/tpg/1.20/650/abort	0	0.0
cell/tpg/1.20/650/branch	0	0.0
cell/tpg/1.20/650/n_solve_turbine	4619567317775286272	7.0
cell/tpg/1.20/650/pi_c	4613628584916875644	2.8626728173978204
cell/tpg/1.20/650/tau_c	4608958983014821615	1.3944764992001486
cell/tpg/1.20/650/tau_t	4605535583109582683	0.8171645098704902
cell/tpg/1.20/650/pi_t	4601279906964121245	0.4223447728332788
cell/tpg/1.20/650/mdot_air	4604279875825137984	0.6777529959324866
cell/tpg/1.20/650/mdot_ratio	4604279875825137984	0.6777529959324866
cell/tpg/1.20/650/thrust	4635998209575194928	89.49701620970586
cell/tpg/1.20/650/V0	4645407900701383239	380.8670788755739
cell/tpg/1.20/650/V9	4646101676265638484	420.3036538699282
cell/tpg/1.20/650/M9	4607182418800017161	0.9999999999999726
cell/tpg/1.20/650/T9	4646594604311995992	448.32336927726783
cell/tpg/1.20/650/p9	4679600003439507346	70774.55271693904
cell/tpg/1.20/650/F_over_mdot	4638850099042754714	132.04960619402556
cell/tpg/1.20/650/tsfc	4541113898383499611	4.0583541446928126e-05
cell/tpg/1.20/650/eta_th	4589776115755133823	0.07093901982459093
cell/tpg/1.20/650/eta_p	4614142660469226657	3.0909682232446163
cell/tpg/1.20/650/s2/Tt	4644378775611910871	322.36809035452956
cell/tpg/1.20/650/s2/pt	4682761841319323207	116785.34950985863
cell/tpg/1.20/650/s3/Tt	4646615914726436755	449.53472609142153
cell/tpg/1.20/650/s3/pt	4689487156189039422	334318.2455121762
cell/tpg/1.20/650/s4/Tt	4648928676283416576	650.0
cell/tpg/1.20/650/s4/pt	4689257414440090479	320945.51569168916
cell/tpg/1.20/650/s5/Tt	4647883321597105462	531.1569314158176
cell/tpg/1.20/650/s5/pt	4683897463722913086	135549.6609166655
cell/tpg/1.20/650/s9/Tt	4647883321597105462	531.1569314158176
cell/tpg/1.20/650/s9/pt	4683804314705213731	132838.6676983322
cell/tpg/1.20/650/s4/far	4572828575381606658	0.005359040666025773
cell/tpg/1.20/900/abort	0	0.0
cell/tpg/1.20/900/branch	0	0.0
cell/tpg/1.20/900/n_solve_turbine	4619567317775286272	7.0
cell/tpg/1.20/900/pi_c	4616221277199363348	4.0281189690242805
cell/tpg/1.20/900/tau_c	4609650261273489916	1.547971107039415
cell/tpg/1.20/900/tau_t	4605622997537475949	0.8268694609236441
cell/tpg/1.20/900/pi_t	4601315705158243734	0.4243319718010182
cell/tpg/1.20/900/mdot_air	4605385366942883184	0.8004871651764187
cell/tpg/1.20/900/mdot_ratio	4605385366942883184	0.8004871651764187
cell/tpg/1.20/900/thrust	4642862159297455660	246.07921697040854
cell/tpg/1.20/900/V0	4645407900701383239	380.8670788755739
cell/tpg/1.20/900/V9	4647435620403282668	496.1295992229559
cell/tpg/1.20/900/M9	4607182418800017584	1.000000000000039
cell/tpg/1.20/900/T9	4648786689088441294	633.8579248062977
cell/tpg/1.20/900/p9	4681655654816448275	100688.21729325903
cell/tpg/1.20/900/F_over_mdot	4644115662135300130	307.4118207956218
cell/tpg/1.20/900/tsfc	4540427812766993944	3.5934444472387496e-05
cell/tpg/1.20/900/eta_th	4592574635410569015	0.10977628177871855
cell/tpg/1.20/900/eta_p	4612262141358320220	2.2558499771742344
cell/tpg/1.20/900/s2/Tt	4644378775611910871	322.36809035452956
cell/tpg/1.20/900/s2/pt	4682761841319323207	116785.34950985863
cell/tpg/1.20/900/s3/Tt	4647486407117649665	499.01648970028333
cell/tpg/1.20/900/s3/pt	4691825457265163320	470425.281664792
cell/tpg/1.20/900/s4/Tt	4651127699538968576	900.0
cell/tpg/1.20/900/s4/pt	4691502183473169421	451608.2703982003
cell/tpg/1.20/900/s5/Tt	4649757114444937990	744.1825148312789
cell/tpg/1.20/900/s5/pt	4685824432306186759	191631.82785971483
cell/tpg/1.20/900/s9/Tt	4649757114444937990	744.1825148312789
cell/tpg/1.20/900/s9/pt	4685692743916821931	187799.19130252054
cell/tpg/1.20/900/s4/far	4577521595211698071	0.011046673004535807
cell/tpg/1.20/1100/abort	0	0.0
cell/tpg/1.20/1100/branch	0	0.0
cell/tpg/1.20/1100/n_solve_turbine	4619567317775286272	7.0
cell/tpg/1.20/1100/pi_c	4617526333675757443	5.1872419678474015
cell/tpg/1.20/1100/tau_c	4610202259751944738	1.6705393911071345
cell/tpg/1.20/1100/tau_t	4605684308384804669	0.8336763323600064
cell/tpg/1.20/1100/pi_t	4601348491708423815	0.4261519909464159
cell/tpg/1.20/1100/mdot_air	4606496022012270872	0.9237946482215049
cell/tpg/1.20/1100/mdot_ratio	4606496022012270872	0.9237946482215049
cell/tpg/1.20/1100/thrust	4645785107513418791	402.30880368926086
cell/tpg/1.20/1100/V0	4645407900701383239	380.8670788755739
cell/tpg/1.20/1100/V9	4648042963486647627	549.3061130057698
cell/tpg/1.20/1100/M9	4607182418800016905	0.9999999999999442
cell/tpg/1.20/1100/T9	4650134257369525913	787.0587012967618
cell/tpg/1.20/1100/p9	4683734886250679718	130945.01686435062
cell/tpg/1.20/1100/F_over_mdot	4646368941503933852	435.4959237572855
cell/tpg/1.20/1100/tsfc	4540523539884704687	3.6583116653561016e-05
cell/tpg/1.20/1100/eta_th	4593196847070091630	0.1184112031611215
cell/tpg/1.20/1100/eta_p	4611808209184600034	2.0542635968213157
cell/tpg/1.20/1100/s2/Tt	4644378775611910871	322.36809035452956
cell/tpg/1.20/1100/s2/pt	4682761841319323207	116785.34950985863
cell/tpg/1.20/1100/s3/Tt	4647948163421411094	538.5285933732255
cell/tpg/1.20/1100/s3/pt	4693450941779641547	605793.8662072656
cell/tpg/1.20/1100/s4/Tt	4652552666608566272	1100.0
cell/tpg/1.20/1100/s4/pt	4693242792592163338	581562.111558975
cell/tpg/1.20/1100/s5/Tt	4651277619845818364	917.0439655960067
cell/tpg/1.20/1100/s5/pt	4687755519141086121	247833.85169985637
cell/tpg/1.20/1100/s9/Tt	4651277619845818364	917.0439655960067
cell/tpg/1.20/1100/s9/pt	4687585209015023305	242877.17466585923
cell/tpg/1.20/1100/s4/far	4580249249590896084	0.01593179818096309
cell/tpg/1.20/1500/abort	0	0.0
cell/tpg/1.20/1500/branch	0	0.0
cell/tpg/1.20/1500/n_solve_turbine	4619567317775286272	7.0
cell/tpg/1.20/1500/pi_c	4620831505043018821	8.245647699319429
cell/tpg/1.20/1500/tau_c	4611307729328249546	1.9160029464343773
cell/tpg/1.20/1500/tau_t	4605762360027398715	0.8423418054317787
cell/tpg/1.20/1500/pi_t	4601396903998828264	0.42883941292050887
cell/tpg/1.20/1500/mdot_air	4608253756860197592	1.2378848363138584
cell/tpg/1.20/1500/mdot_ratio	4608253756860197592	1.2378848363138584
cell/tpg/1.20/1500/thrust	4650419973300330289	819.5408419565994
cell/tpg/1.20/1500/V0	4645407900701383239	380.8670788755739
cell/tpg/1.20/1500/V9	4648856401916699650	641.7833557996203
cell/tpg/1.20/1500/M9	4607182418800017576	1.0000000000000373
cell/tpg/1.20/1500/T9	4652536144110126376	1096.2432188022158
cell/tpg/1.20/1500/p9	4686501312920269813	211331.64649143783
cell/tpg/1.20/1500/F_over_mdot	4649034663420791384	662.0493424873084
cell/tpg/1.20/1500/tsfc	4541005766232584513	3.985080949106763e-05
cell/tpg/1.20/1500/eta_th	4593524618881305479	0.12295995080653031
cell/tpg/1.20/1500/eta_p	4610857600789116389	1.816054332797074
cell/tpg/1.20/1500/s2/Tt	4644378775611910871	322.36809035452956
cell/tpg/1.20/1500/s2/pt	4682761841319323207	116785.34950985863
cell/tpg/1.20/1500/s3/Tt	4648644194898478305	617.6582109557022
cell/tpg/1.20/1500/s3/pt	4696519068695305634	962970.8485001812
cell/tpg/1.20/1500/s4/Tt	4654311885213007872	1500.0
cell/tpg/1.20/1500/s4/pt	4696188194431200862	924452.014560174
cell/tpg/1.20/1500/s5/Tt	4653271803104194188	1263.512708156285
cell/tpg/1.20/1500/s5/pt	4690554424873437236	396441.4591971666
cell/tpg/1.20/1500/s9/Tt	4653271803104194188	1263.512708156285
cell/tpg/1.20/1500/s9/pt	4690418208625274808	388512.6300132233
cell/tpg/1.20/1500/s4/far	4583261661708712191	0.026383202221148313
cell/tpg/1.60/400/abort	4613937818241073152	3.0
cell/tpg/1.60/500/abort	4611686018427387904	2.0
cell/tpg/1.60/600/abort	0	0.0
cell/tpg/1.60/600/branch	0	0.0
cell/tpg/1.60/600/n_solve_turbine	4619567317775286272	7.0
cell/tpg/1.60/600/pi_c	4612455309341722809	2.34163379429182
cell/tpg/1.60/600/tau_c	4608566575703376124	1.3073445727605408
cell/tpg/1.60/600/tau_t	4605519122217089050	0.8153369836852591
cell/tpg/1.60/600/pi_t	4601273649212294511	0.4219973978252573
cell/tpg/1.60/600/mdot_air	4607058108321034203	0.9861987644030664
cell/tpg/1.60/600/mdot_ratio	4607058108321034203	0.9861987644030664
cell/tpg/1.60/600/thrust	4630963744435879641	40.97648177307355
cell/tpg/1.60/600/V0	4647641328871307359	507.82277183409855
cell/tpg/1.60/600/V9	4645807110808400820	403.55954620224225
cell/tpg/1.60/600/M9	4607182418800016974	0.9999999999999518
cell/tpg/1.60/600/T9	4645959683907478896	412.2323227800289
cell/tpg/1.60/600/p9	4681497335908112066	98384.37396010294
cell/tpg/1.60/600/F_over_mdot	4631044448978223796	41.54992203612838
cell/tpg/1.60/600/tsfc	4544833122035260103	7.053680618383371e-05
cell/tpg/1.60/600/eta_th	13823832640402029988	-0.3768642969552849
cell/tpg/1.60/600/eta_p	13825084236848713139	-0.4463418565876182
cell/tpg/1.60/600/s2/Tt	4645362121196066384	378.2648152796073
cell/tpg/1.60/600/s2/pt	4686072667236213351	198856.41517664792
cell/tpg/1.60/600/s3/Tt	4647407347193593642	494.52245332206314
cell/tpg/1.60/600/s3/pt	4691743399687166343	465648.90198936354
cell/tpg/1.60/600/s4/Tt	4648488871632306176	600.0
cell/tpg/1.60/600/s4/pt	4691423408198292323	447022.945909789
cell/tpg/1.60/600/s5/Tt	4647313752135141303	489.202190211155
cell/tpg/1.60/600/s5/pt	4685721720468469478	188642.51994889154
cell/tpg/1.60/600/s9/Tt	4647313752135141303	489.202190211155
cell/tpg/1.60/600/s9/pt	4685592086315858995	184869.6695499137
cell/tpg/1.60/600/s4/far	4568904384445206714	0.0029307987976157886
cell/tpg/1.60/650/abort	0	0.0
cell/tpg/1.60/650/branch	0	0.0
cell/tpg/1.60/650/n_solve_turbine	4619567317775286272	7.0
cell/tpg/1.60/650/pi_c	4612801763340378721	2.495490276804319
cell/tpg/1.60/650/tau_c	4608682864526826516	1.3331658786207798
cell/tpg/1.60/650/tau_t	4605535583109582683	0.8171645098704902
cell/tpg/1.60/650/pi_t	4601279906964121245	0.4223447728332788
cell/tpg/1.60/650/mdot_air	4607215618928477179	1.0073719094073101
cell/tpg/1.60/650/mdot_ratio	4607215618928477179	1.0073719094073101
cell/tpg/1.60/650/thrust	4635036454651276682	75.82965671427351
cell/tpg/1.60/650/V0	4647641328871307359	507.82277183409855
cell/tpg/1.60/650/V9	4646101676265638496	420.3036538699289
cell/tpg/1.60/650/M9	4607182418800017167	0.9999999999999732
cell/tpg/1.60/650/T9	4646594604311996008	448.32336927726874
cell/tpg/1.60/650/p9	4681955668278327337	105053.98775789201
cell/tpg/1.60/650/F_over_mdot	4634997405729763930	75.27473816387047
cell/tpg/1.60/650/tsfc	4542987075394678705	5.327668260299236e-05
cell/tpg/1.60/650/eta_th	13820990806568974290	-0.23455541463721247
cell/tpg/1.60/650/eta_p	13830099410844100758	-0.9494798773933038
cell/tpg/1.60/650/s2/Tt	4645362121196066384	378.2648152796073
cell/tpg/1.60/650/s2/pt	4686072667236213351	198856.41517664792
cell/tpg/1.60/650/s3/Tt	4647579175202662179	504.2897448135647
cell/tpg/1.60/650/s3/pt	4692269023773136877	496244.2505534876
cell/tpg/1.60/650/s4/Tt	4648928676283416576	650.0
cell/tpg/1.60/650/s4/pt	4691928007320824035	476394.4805313481
cell/tpg/1.60/650/s5/Tt	4647883321597105471	531.1569314158186
cell/tpg/1.60/650/s5/pt	4686153285610000299	201202.71865904084
cell/tpg/1.60/650/s9/Tt	4647883321597105471	531.1569314158186
cell/tpg/1.60/650/s9/pt	4686015020154559200	197178.66428586002
cell/tpg/1.60/650/s4/far	4571273685104830440	0.004010388333179883
cell/tpg/1.60/900/abort	0	0.0
cell/tpg/1.60/900/branch	0	0.0
cell/tpg/1.60/900/n_solve_turbine	4619567317775286272	7.0
cell/tpg/1.60/900/pi_c	4614802165593834811	3.3838473329239185
cell/tpg/1.60/900/tau_c	4609265780451187564	1.4625992147500382
cell/tpg/1.60/900/tau_t	4605622997537475949	0.8268694609236441
cell/tpg/1.60/900/pi_t	4601315705158243734	0.4243319718010182
cell/tpg/1.60/900/mdot_air	4607842469703898600	1.146560742182709
cell/tpg/1.60/900/mdot_ratio	4607842469703898600	1.146560742182709
cell/tpg/1.60/900/thrust	4643444946874480937	269.2860722885403
cell/tpg/1.60/900/V0	4647641328871307359	507.82277183409855
cell/tpg/1.60/900/V9	4647435620403282668	496.1295992229559
cell/tpg/1.60/900/M9	4607182418800017579	1.000000000000038
cell/tpg/1.60/900/T9	4648786689088441306	633.857924806299
cell/tpg/1.60/900/p9	4684188679639192184	144025.15957035474
cell/tpg/1.60/900/F_over_mdot	4642467565992684261	234.86420071901298
cell/tpg/1.60/900/tsfc	4541213659441893028	4.12595486734256e-05
cell/tpg/1.60/900/eta_th	13801026342801136255	-0.01127688943146876
cell/tpg/1.60/900/eta_p	13851243104881446930	-25.500847103438055
cell/tpg/1.60/900/s2/Tt	4645362121196066384	378.2648152796073
cell/tpg/1.60/900/s2/pt	4686072667236213351	198856.41517664792
cell/tpg/1.60/900/s3/Tt	4648077652716014786	553.2498217955219
cell/tpg/1.60/900/s3/pt	4694027376933278855	672899.7501303115
cell/tpg/1.60/900/s4/Tt	4651127699538968576	900.0
cell/tpg/1.60/900/s4/pt	4693796170339655154	645983.760125099
cell/tpg/1.60/900/s5/Tt	4649757114444938002	744.1825148312803
cell/tpg/1.60/900/s5/pt	4688452813254071467	274111.5626853208
cell/tpg/1.60/900/s9/Tt	4649757114444938002	744.1825148312803
cell/tpg/1.60/900/s9/pt	4688358629238296354	268629.33143161435
cell/tpg/1.60/900/s4/far	4576739751821609180	0.009690390921211316
cell/tpg/1.60/1100/abort	0	0.0
cell/tpg/1.60/1100/branch	0	0.0
cell/tpg/1.60/1100/n_solve_turbine	4619567317775286272	7.0
cell/tpg/1.60/1100/pi_c	4616469695481534266	4.248758726307466
cell/tpg/1.60/1100/tau_c	4609730905697227808	1.5658777662477021
cell/tpg/1.60/1100/tau_t	4605684308384804669	0.8336763323600064
cell/tpg/1.60/1100/pi_t	4601348491708423815	0.4261519909464159
cell/tpg/1.60/1100/mdot_air	4608489071611186207	1.2901352072301575
cell/tpg/1.60/1100/mdot_ratio	4608489071611186207	1.2901352072301575
cell/tpg/1.60/1100/thrust	4646708920627324650	454.82149947211894
cell/tpg/1.60/1100/V0	4647641328871307359	507.82277183409855
cell/tpg/1.60/1100/V9	4648042963486647627	549.3061130057698
cell/tpg/1.60/1100/M9	4607182418800016905	0.9999999999999442
cell/tpg/1.60/1100/T9	4650134257369525913	787.0587012967618
cell/tpg/1.60/1100/p9	4685515040260520938	182627.33421799476
cell/tpg/1.60/1100/F_over_mdot	4644909527736131929	352.53785566289076
cell/tpg/1.60/1100/tsfc	4541223459002254827	4.132595307738601e-05
cell/tpg/1.60/1100/eta_th	4585736500453478329	0.0386890479215078
cell/tpg/1.60/1100/eta_p	4620041226409692915	7.420915421989537
cell/tpg/1.60/1100/s2/Tt	4645362121196066384	378.2648152796073
cell/tpg/1.60/1100/s2/pt	4686072667236213351	198856.41517664792
cell/tpg/1.60/1100/s3/Tt	4648421286534911846	592.3164640001312
cell/tpg/1.60/1100/s3/pt	4695504787092307407	844892.9292640033
cell/tpg/1.60/1100/s4/Tt	4652552666608566272	1100.0
cell/tpg/1.60/1100/s4/pt	4695214484092322564	811097.2120934431
cell/tpg/1.60/1100/s5/Tt	4651277619845818364	917.0439655960067
cell/tpg/1.60/1100/s5/pt	4689681846133536171	345650.69178470474
cell/tpg/1.60/1100/s9/Tt	4651277619845818364	917.0439655960067
cell/tpg/1.60/1100/s9/pt	4689563081460171764	338737.6779490106
cell/tpg/1.60/1100/s4/far	4579552057083788508	0.014568962881126905
cell/tpg/1.60/1500/abort	0	0.0
cell/tpg/1.60/1500/branch	0	0.0
cell/tpg/1.60/1500/n_solve_turbine	4619567317775286272	7.0
cell/tpg/1.60/1500/pi_c	4618977270161873560	6.475932443171267
cell/tpg/1.60/1500/tau_c	4610661635329834440	1.7725412598118613
cell/tpg/1.60/1500/tau_t	4605762360027398715	0.8423418054317787
cell/tpg/1.60/1500/pi_t	4601396903998828264	0.42883941292050887
cell/tpg/1.60/1500/mdot_air	4610144196685202787	1.6576468003916822
cell/tpg/1.60/1500/mdot_ratio	4610144196685202787	1.6576468003916822
cell/tpg/1.60/1500/thrust	4651430233930695066	934.3941782974173
cell/tpg/1.60/1500/V0	4647641328871307359	507.82277183409855
cell/tpg/1.60/1500/V9	4648856401916699650	641.7833557996203
cell/tpg/1.60/1500/M9	4607182418800017576	1.0000000000000373
cell/tpg/1.60/1500/T9	4652536144110126376	1096.2432188022158
cell/tpg/1.60/1500/p9	4688598879991990988	282613.7658368766
cell/tpg/1.60/1500/F_over_mdot	4648169460307355880	563.6871365339293
cell/tpg/1.60/1500/tsfc	4541671515629938851	4.436210288445818e-05
cell/tpg/1.60/1500/eta_th	4590195345023814370	0.0767569946581648
cell/tpg/1.60/1500/eta_p	4615028776353244764	3.484482726013807
cell/tpg/1.60/1500/s2/Tt	4645362121196066384	378.2648152796073
cell/tpg/1.60/1500/s2/pt	4686072667236213351	198856.41517664792
cell/tpg/1.60/1500/s3/Tt	4649108908160992323	670.4899922182161
cell/tpg/1.60/1500/s3/pt	4698281787756396912	1287780.7105751894
cell/tpg/1.60/1500/s4/Tt	4654311885213007872	1500.0
cell/tpg/1.60/1500/s4/pt	4698060548714943309	1236269.482152182
cell/tpg/1.60/1500/s5/Tt	4653271803104194188	1263.512708156285
cell/tpg/1.60/1500/s5/pt	4692801261083985182	530161.078937683
cell/tpg/1.60/1500/s9/Tt	4653271803104194188	1263.512708156285
cell/tpg/1.60/1500/s9/pt	4692669548488261578	519557.85735892935
cell/tpg/1.60/1500/s4/far	4582864810137077923	0.0250063467455638
cell/tpg/2.00/400/abort	4613937818241073152	3.0
cell/tpg/2.00/500/abort	4617315517961601024	5.0
cell/tpg/2.00/600/abort	4611686018427387904	2.0
cell/tpg/2.00/650/abort	4611686018427387904	2.0
cell/tpg/2.00/900/abort	0	0.0
cell/tpg/2.00/900/branch	0	0.0
cell/tpg/2.00/900/n_solve_turbine	4619567317775286272	7.0
cell/tpg/2.00/900/pi_c	4613626936130204107	2.8619406090276462
cell/tpg/2.00/900/tau_c	4608911769947197309	1.3839930922522108
cell/tpg/2.00/900/tau_t	4605622997537475949	0.8268694609236441
cell/tpg/2.00/900/pi_t	4601315705158243734	0.4243319718010182
cell/tpg/2.00/900/mdot_air	4610431425743932664	1.7214244632603464
cell/tpg/2.00/900/mdot_ratio	4610431425743932664	1.7214244632603464
cell/tpg/2.00/900/thrust	4643230008453944618	257.06823762071383
cell/tpg/2.00/900/V0	4648794786243791675	634.7784647926231
cell/tpg/2.00/900/V9	4647435620403282672	496.12959922295613
cell/tpg/2.00/900/M9	4607182418800017585	1.0000000000000393
cell/tpg/2.00/900/T9	4648786689088441298	633.8579248062981
cell/tpg/2.00/900/p9	4686657015195991790	215863.17912577785
cell/tpg/2.00/900/F_over_mdot	4639458260777510608	149.334602305948
cell/tpg/2.00/900/tsfc	4542977734302288084	5.321338489884674e-05
cell/tpg/2.00/900/eta_th	13820741429706948858	-0.22763381628647733
cell/tpg/2.00/900/eta_p	13831565030781032014	-1.2243927546527575
cell/tpg/2.00/900/s2/Tt	4646616148371619680	449.54800728241935
cell/tpg/2.00/900/s2/pt	4689797715477858930	352395.1752893097
cell/tpg/2.00/900/s3/Tt	4648683892772474624	622.1713367146149
cell/tpg/2.00/900/s3/pt	4696910453724103175	1008534.0625858911
cell/tpg/2.00/900/s4/Tt	4651127699538968576	900.0
cell/tpg/2.00/900/s4/pt	4696563924058846501	968192.7000824554
cell/tpg/2.00/900/s5/Tt	4649757114444937994	744.1825148312794
cell/tpg/2.00/900/s5/pt	4690801706040319563	410835.11750933965
cell/tpg/2.00/900/s9/Tt	4649757114444937994	744.1825148312794
cell/tpg/2.00/900/s9/pt	4690660544168819488	402618.4151591528
cell/tpg/2.00/900/s4/far	4575734524605780568	0.007946599671222618
cell/tpg/2.00/1100/abort	0	0.0
cell/tpg/2.00/1100/branch	0	0.0
cell/tpg/2.00/1100/n_solve_turbine	4619567317775286272	7.0
cell/tpg/2.00/1100/pi_c	4615068559461336781	3.5021499750517706
cell/tpg/2.00/1100/tau_c	4609297044969799001	1.469541332433286
cell/tpg/2.00/1100/tau_t	4605684308384804669	0.8336763323600064
cell/tpg/2.00/1100/pi_t	4601348491708423815	0.4261519909464159
cell/tpg/2.00/1100/mdot_air	4611180576788315276	1.887769410939458
cell/tpg/2.00/1100/mdot_ratio	4611180576788315276	1.887769410939458
cell/tpg/2.00/1100/thrust	4647344480806277724	490.9489129355986
cell/tpg/2.00/1100/V0	4648794786243791675	634.7784647926231
cell/tpg/2.00/1100/V9	4648042963486647627	549.3061130057698
cell/tpg/2.00/1100/M9	4607182418800016905	0.9999999999999442
cell/tpg/2.00/1100/T9	4650134257369525913	787.0587012967618
cell/tpg/2.00/1100/p9	4688326599734245188	266764.96892057755
cell/tpg/2.00/1100/F_over_mdot	4643282785470558283	260.0682636823082
cell/tpg/2.00/1100/tsfc	4542397599416222311	4.928223800005211e-05
cell/tpg/2.00/1100/eta_th	13814429623868929315	-0.08872300603907894
cell/tpg/2.00/1100/eta_p	13838192488559190939	-3.3919679973227637
cell/tpg/2.00/1100/s2/Tt	4646616148371619680	449.54800728241935
cell/tpg/2.00/1100/s2/pt	4689797715477858930	352395.1752893097
cell/tpg/2.00/1100/s3/Tt	4649022173277682202	660.6293776145351
cell/tpg/2.00/1100/s3/pt	4698051405898641490	1234140.7543478203
cell/tpg/2.00/1100/s4/Tt	4652552666608566272	1100.0
cell/tpg/2.00/1100/s4/pt	4697839382131498103	1184775.1241739073
cell/tpg/2.00/1100/s5/Tt	4651277619845818364	917.0439655960067
cell/tpg/2.00/1100/s5/pt	4692417630112942635	504894.2779904927
cell/tpg/2.00/1100/s9/Tt	4651277619845818364	917.0439655960067
cell/tpg/2.00/1100/s9/pt	4692244149759990099	494796.39243068284
cell/tpg/2.00/1100/s4/far	4578541972860948077	0.012816746067051821
cell/tpg/2.00/1500/abort	0	0.0
cell/tpg/2.00/1500/branch	0	0.0
cell/tpg/2.00/1500/n_solve_turbine	4620693217682128896	8.0
cell/tpg/2.00/1500/pi_c	4617439452895179907	5.110076333451732
cell/tpg/2.00/1500/tau_c	4610067444291320987	1.6406043454151475
cell/tpg/2.00/1500/tau_t	4605762360027398715	0.8423418054317787
cell/tpg/2.00/1500/pi_t	4601396903998828264	0.42883941292050887
cell/tpg/2.00/1500/mdot_air	4612411048715757575	2.3219781278794502
cell/tpg/2.00/1500/mdot_ratio	4612411048715757575	2.3219781278794502
cell/tpg/2.00/1500/thrust	4652414125146632141	1068.499318598758
cell/tpg/2.00/1500/V0	4648794786243791675	634.7784647926231
cell/tpg/2.00/1500/V9	4648856401916680832	641.7833557974809
cell/tpg/2.00/1500/M9	4607182418800017545	1.0000000000000304
cell/tpg/2.00/1500/T9	4652536144110092550	1096.2432187945246
cell/tpg/2.00/1500/p9	4690532968604901359	395192.539993762
cell/tpg/2.00/1500/F_over_mdot	4646802971860739289	460.1676931274829
cell/tpg/2.00/1500/tsfc	4542576551078352619	5.049486163037443e-05
cell/tpg/2.00/1500/eta_th	4576519054639740956	0.009307542338742585
cell/tpg/2.00/1500/eta_p	4629575733726406111	31.557036252668578
cell/tpg/2.00/1500/s2/Tt	4646616148371619680	449.54800728241935
cell/tpg/2.00/1500/s2/pt	4689797715477858930	352395.1752893097
cell/tpg/2.00/1500/s3/Tt	4649698601949170360	737.5304142202576
cell/tpg/2.00/1500/s3/pt	4700485043851225652	1800766.2452684762
cell/tpg/2.00/1500/s4/Tt	4654311885213007872	1500.0
cell/tpg/2.00/1500/s4/pt	4700175674565978899	1728735.595457737
cell/tpg/2.00/1500/s5/Tt	4653271803104156290	1263.512708147668
cell/tpg/2.00/1500/s5/pt	4694615359740407370	741349.9578508821
cell/tpg/2.00/1500/s9/Tt	4653271803104156290	1263.512708147668
cell/tpg/2.00/1500/s9/pt	4694487996787452949	726522.9586938644
cell/tpg/2.00/1500/s4/far	4582354572402119577	0.02323610399124085
cell/eq/0.30/400/abort	4616189618054758400	4.0
cell/eq/0.30/500/abort	4607182418800017408	1.0
cell/eq/0.30/600/abort	4607182418800017408	1.0
cell/eq/0.30/650/abort	4607182418800017408	1.0
cell/eq/0.30/900/abort	0	0.0
cell/eq/0.30/900/branch	0	0.0
cell/eq/0.30/900/n_solve_turbine	4619567317775286272	7.0
cell/eq/0.30/900/pi_c	4617764034859852148	5.398363029897485
cell/eq/0.30/900/tau_c	4610337995963694637	1.7006788846191612
cell/eq/0.30/900/tau_t	4605583659978598432	0.8225021145638074
cell/eq/0.30/900/pi_t	4601301470178617936	0.4235417716942367
cell/eq/0.30/900/mdot_air	4602228361636419727	0.47499458358323293
cell/eq/0.30/900/mdot_ratio	4602228361636419727	0.47499458358323293
cell/eq/0.30/900/thrust	4641967636116794002	220.6553390508821
cell/eq/0.30/900/V0	4636400701446642247	95.21676971889347
cell/eq/0.30/900/V9	4647431051850017522	495.8699070361173
cell/eq/0.30/900/M9	4607182418800017639	1.0000000000000513
cell/eq/0.30/900/T9	4648729194629024997	627.3215615287451
cell/eq/0.30/900/p9	4678385456054004674	59318.28106113478
cell/eq/0.30/900/F_over_mdot	4646879940488434367	464.5428530706958
cell/eq/0.30/900/tsfc	4538446283861500476	2.6512330223134867e-05
cell/eq/0.30/900/eta_th	4597364746192317754	0.22750484556750356
cell/eq/0.30/900/eta_p	4600315945250557599	0.3688341483705048
cell/eq/0.30/900/s2/Tt	4643159780477212197	254.53811966178287
cell/eq/0.30/900/s2/pt	4677329147359971333	51632.62377585474
cell/eq/0.30/900/s3/Tt	4646323055482823599	432.8876054394595
cell/eq/0.30/900/s3/pt	4688532185703854798	278731.64732818014
cell/eq/0.30/900/s4/Tt	4651127699538968576	900.0
cell/eq/0.30/900/s4/pt	4688340642774313240	267582.38143505296
cell/eq/0.30/900/s5/Tt	4649722540418580800	740.2519031074262
cell/eq/0.30/900/s5/pt	4682524550656994244	113332.31590716454
cell/eq/0.30/900/s9/Tt	4649722540418580800	740.2519031074262
cell/eq/0.30/900/s9/pt	4682368787908065856	111065.66958902124
cell/eq/0.30/900/s4/far	4578253377848211300	0.012316113523407508
cell/eq/0.30/1100/abort	0	0.0
cell/eq/0.30/1100/branch	0	0.0
cell/eq/0.30/1100/n_solve_turbine	4620693217682128896	8.0
cell/eq/0.30/1100/pi_c	4619828516121099954	7.231990734013083
cell/eq/0.30/1100/tau_c	4611045923960052043	1.8578704768857104
cell/eq/0.30/1100/tau_t	4605655714897287167	0.8305018175403801
cell/eq/0.30/1100/pi_t	4601339760656220681	0.42566732018715975
cell/eq/0.30/1100/mdot_air	4603306989525740487	0.5697409189391401
cell/eq/0.30/1100/mdot_ratio	4603306989525740487	0.5697409189391401
cell/eq/0.30/1100/thrust	4644927653261502845	353.56817249362194
cell/eq/0.30/1100/V0	4636400701446642247	95.21676971889347
cell/eq/0.30/1100/V9	4648042217382616073	549.2212907978111
cell/eq/0.30/1100/M9	4607182418800017662	1.0000000000000564
cell/eq/0.30/1100/T9	4650082457190776828	781.1697027813639
cell/eq/0.30/1100/p9	4680260921402054625	80392.17488083198
cell/eq/0.30/1100/F_over_mdot	4648669869799349943	620.5771092446147
cell/eq/0.30/1100/tsfc	4538806053753363324	2.7731278030486664e-05
cell/eq/0.30/1100/eta_th	4596450674727342240	0.20213426590328698
cell/eq/0.30/1100/eta_p	4600821184836385948	0.39688057942744037
cell/eq/0.30/1100/s2/Tt	4643159780477212197	254.53811966178287
cell/eq/0.30/1100/s2/pt	4677329147359971333	51632.62377585474
cell/eq/0.30/1100/s3/Tt	4647026940877545269	472.89885776162856
cell/eq/0.30/1100/s3/pt	4690158689980196199	373406.6567197651
cell/eq/0.30/1100/s4/Tt	4652552666608566272	1100.0
cell/eq/0.30/1100/s4/pt	4689902086879600984	358470.39045097446
cell/eq/0.30/1100/s5/Tt	4651246904185462726	913.551999301643
cell/eq/0.30/1100/s5/pt	4684482935438685235	152589.13046971112
cell/eq/0.30/1100/s9/Tt	4651246904185462726	913.551999301643
cell/eq/0.30/1100/s9/pt	4684378076986670437	149537.3478603169
cell/eq/0.30/1100/s4/far	4580617492193405286	0.017209396355818106
cell/eq/0.30/1500/abort	0	0.0
cell/eq/0.30/1500/branch	0	0.0
cell/eq/0.30/1500/n_solve_turbine	4641240890982006784	200.0
cell/eq/0.30/1500/pi_c	4623093427526870657	12.26362917370284
cell/eq/0.30/1500/tau_c	4612076559099658559	2.1734348985629874
cell/eq/0.30/1500/tau_t	4605759475787447943	0.8420215904715896
cell/eq/0.30/1500/pi_t	4601401688097573927	0.42910498374948464
cell/eq/0.30/1500/mdot_air	4605493508069194795	0.8124932420104235
cell/eq/0.30/1500/mdot_ratio	4605493508069194795	0.8124932420104235
cell/eq/0.30/1500/thrust	4649553975194966052	721.0882558848284
cell/eq/0.30/1500/V0	4636400701446642247	95.21676971889347
cell/eq/0.30/1500/V9	4648859376406816064	642.1215161747896
cell/eq/0.30/1500/M9	4607182418800017575	1.000000000000037
cell/eq/0.30/1500/T9	4652531858074796276	1095.2686871961314
cell/eq/0.30/1500/p9	4684015778559381158	138993.07585774845
cell/eq/0.30/1500/F_over_mdot	4651017753828196356	887.5006198212509
cell/eq/0.30/1500/tsfc	4539780811084515098	3.155019053647911e-05
cell/eq/0.30/1500/eta_th	4595403116455256157	0.17305868307062414
cell/eq/0.30/1500/eta_p	4601011586111761253	0.4074499734194233
cell/eq/0.30/1500/s2/Tt	4643159780477212197	254.53811966178287
cell/eq/0.30/1500/s2/pt	4677329147359971333	51632.62377585474
cell/eq/0.30/1500/s3/Tt	4648077408276917365	553.2220322875206
cell/eq/0.30/1500/s3/pt	4693686387463379612	633203.3512523952
cell/eq/0.30/1500/s4/Tt	4654311885213007872	1500.0
cell/eq/0.30/1500/s4/pt	4693468820448551881	607875.2172022994
cell/eq/0.30/1500/s5/Tt	4653269690623706316	1263.0323857034555
cell/eq/0.30/1500/s5/pt	4688202485512861207	260842.28520385988
cell/eq/0.30/1500/s9/Tt	4653269690623706316	1263.0323857034555
cell/eq/0.30/1500/s9/pt	4688023236059362890	255625.4394997827
cell/eq/0.30/1500/s4/far	4583727906461220830	0.028000813656603778
cell/eq/0.50/400/abort	4616189618054758400	4.0
cell/eq/0.50/500/abort	0	0.0
cell/eq/0.50/500/branch	4607182418800017408	1.0
cell/eq/0.50/500/n_solve_turbine	4620693217682128896	8.0
cell/eq/0.50/500/pi_c	4612111042957698674	2.188748807832604
cell/eq/0.50/500/tau_c	4608468072726265493	1.2854725181240714
cell/eq/0.50/500/tau_t	4605858427656587585	0.8530074548164422
cell/eq/0.50/500/pi_t	4602926827042766422	0.5275344047694925
cell/eq/0.50/500/mdot_air	4598963483792451038	0.29375745583510404
cell/eq/0.50/500/mdot_ratio	4598963483792451038	0.29375745583510404
cell/eq/0.50/500/thrust	4626692131543900154	21.312423334660686
cell/eq/0.50/500/V0	4639787586989050683	158.69461619815579
cell/eq/0.50/500/V9	4642307982164879909	230.32855553536606
cell/eq/0.50/500/M9	4603360612374213822	0.5756942510412484
cell/eq/0.50/500/T9	4645754166726480794	400.5500235774613
cell/eq/0.50/500/p9	4677104761256804352	50000.0
cell/eq/0.50/500/F_over_mdot	4634805745961385482	72.55108904069508
cell/eq/0.50/500/tsfc	4543224324945760819	5.4884348094895104e-05
cell/eq/0.50/500/eta_th	4590600334310130440	0.08237735003809743
cell/eq/0.50/500/eta_p	4605561943459901721	0.8200910966566283
cell/eq/0.50/500/s2/Tt	4643327343480941738	262.6010933301392
cell/eq/0.50/500/s2/pt	4678142939019462431	57553.73739708796
cell/eq/0.50/500/s3/Tt	4644646148663273508	337.56648870522827
cell/eq/0.50/500/s3/pt	4683393052019782961	125970.67411418703
cell/eq/0.50/500/s4/Tt	4647503709213818880	500.0
cell/eq/0.50/500/s4/pt	4683046786467414636	120931.84714961954
cell/eq/0.50/500/s5/Tt	4646210749112813183	426.5037274082205
cell/eq/0.50/500/s5/pt	4679000829202122840	63795.71000374918
cell/eq/0.50/500/s9/Tt	4646210749112813183	426.5037274082205
cell/eq/0.50/500/s9/pt	4678825468889744470	62519.79580367419
cell/eq/0.50/500/s4/far	4571240862458453772	0.003981919225573238
cell/eq/0.50/600/abort	0	0.0
cell/eq/0.50/600/branch	4607182418800017408	1.0
cell/eq/0.50/600/n_solve_turbine	4620693217682128896	8.0
cell/eq/0.50/600/pi_c	4613971959021244153	3.0151615520898045
cell/eq/0.50/600/tau_c	4609078747144568893	1.4210694780740731
cell/eq/0.50/600/tau_t	4605582023236936567	0.8223203997359708
cell/eq/0.50/600/pi_t	4601748623805518598	0.44836378430072477
cell/eq/0.50/600/mdot_air	4600299081634487234	0.3678980296285169
cell/eq/0.50/600/mdot_ratio	4600299081634487234	0.3678980296285169
cell/eq/0.50/600/thrust	4633649854053763143	60.06243853749816
cell/eq/0.50/600/V0	4639787586989050683	158.69461619815579
cell/eq/0.50/600/V9	4644339630612614570	320.1429547632239
cell/eq/0.50/600/M9	4605033539429078326	0.7614264645241409
cell/eq/0.50/600/T9	4646514690217576719	443.78077893531093
cell/eq/0.50/600/p9	4677104761256804352	50000.0
cell/eq/0.50/600/F_over_mdot	4639948160364629285	163.25838602110994
cell/eq/0.50/600/tsfc	4540235522817502548	3.4631437091226875e-05
cell/eq/0.50/600/eta_th	4594966244223133141	0.16093304279756518
cell/eq/0.50/600/eta_p	4604167504509215756	0.6652772737080581
cell/eq/0.50/600/s2/Tt	4643327343480941738	262.6010933301392
cell/eq/0.50/600/s2/pt	4678142939019462431	57553.73739708796
cell/eq/0.50/600/s3/Tt	4645272569639504835	373.17439864034185
cell/eq/0.50/600/s3/pt	4685202589359848582	173533.81617877277
cell/eq/0.50/600/s4/Tt	4648488871632306176	600.0
cell/eq/0.50/600/s4/pt	4684964086298972452	166592.46353162185
cell/eq/0.50/600/s5/Tt	4647387464267736279	493.39223983937467
cell/eq/0.50/600/s5/pt	4679869347687683538	74694.02738364719
cell/eq/0.50/600/s9/Tt	4647387464267736279	493.39223983937467
cell/eq/0.50/600/s9/pt	4679766688998141364	73200.14683597424
cell/eq/0.50/600/s4/far	4573168493372182662	0.005653872525105302
cell/eq/0.50/650/abort	0	0.0
cell/eq/0.50/650/branch	4607182418800017408	1.0
cell/eq/0.50/650/n_solve_turbine	4620693217682128896	8.0
cell/eq/0.50/650/pi_c	4614851141546758811	3.4055970251595915
cell/eq/0.50/650/tau_c	4609325120520872176	1.4757753570793817
cell/eq/0.50/650/tau_t	4605529988126286642	0.8165433419427244
cell/eq/0.50/650/pi_t	4601450877462055682	0.4318355420002008
cell/eq/0.50/650/mdot_air	4600846968702339834	0.398311871509733
cell/eq/0.50/650/mdot_ratio	4600846968702339834	0.398311871509733
cell/eq/0.50/650/thrust	4635546990160459528	83.08480266222261
cell/eq/0.50/650/V0	4639787586989050683	158.69461619815579
cell/eq/0.50/650/V9	4645126629394996922	364.8786561931298
cell/eq/0.50/650/M9	4605804412444551917	0.8470105616082414
cell/eq/0.50/650/T9	4646918225638361583	466.71911188415737
cell/eq/0.50/650/p9	4677104761256804352	50000.0
cell/eq/0.50/650/F_over_mdot	4641543206834202969	208.59233330732494
cell/eq/0.50/650/tsfc	4539794345271455556	3.164190175450205e-05
cell/eq/0.50/650/eta_th	4596108163694461684	0.19262767503098355
cell/eq/0.50/650/eta_p	4603654542943256904	0.6083270995805288
cell/eq/0.50/650/s2/Tt	4643327343480941738	262.6010933301392
cell/eq/0.50/650/s2/pt	4678142939019462431	57553.73739708796
cell/eq/0.50/650/s3/Tt	4645525295881632491	387.5402222787222
cell/eq/0.50/650/s3/pt	4685974687751535276	196004.8368663391
cell/eq/0.50/650/s4/Tt	4648928676283416576	650.0
cell/eq/0.50/650/s4/pt	4685705300754991678	188164.6433916855
cell/eq/0.50/650/s5/Tt	4647879770094036696	530.7531722627709
cell/eq/0.50/650/s5/pt	4680320295434264982	81256.18076432342
cell/eq/0.50/650/s9/Tt	4647879770094036696	530.7531722627709
cell/eq/0.50/650/s9/pt	4680208617789791179	79631.05714903695
cell/eq/0.50/650/s4/far	4574259601673019506	0.006600258117252721
cell/eq/0.50/900/abort	0	0.0
cell/eq/0.50/900/branch	0	0.0
cell/eq/0.50/900/n_solve_turbine	4620693217682128896	8.0
cell/eq/0.50/900/pi_c	4617518159440605147	5.179981788587578
cell/eq/0.50/900/tau_c	4610237624873887405	1.6783920256370195
cell/eq/0.50/900/tau_t	4605583177052868966	0.8224484990374037
cell/eq/0.50/900/pi_t	4601301219369492011	0.4235278489909173
cell/eq/0.50/900/mdot_air	4602752377862124360	0.5081666550719115
cell/eq/0.50/900/mdot_ratio	4602752377862124360	0.5081666550719115
cell/eq/0.50/900/thrust	4641732795072783735	213.98075513568958
cell/eq/0.50/900/V0	4639787586989050683	158.69461619815579
cell/eq/0.50/900/V9	4647430930657395073	495.8630180331166
cell/eq/0.50/900/M9	4607182418800016547	0.9999999999999044
cell/eq/0.50/900/T9	4648728502909812443	627.2429221588785
cell/eq/0.50/900/p9	4678952075780970091	63440.98217789534
cell/eq/0.50/900/F_over_mdot	4646115401052541927	421.08381768065595
cell/eq/0.50/900/tsfc	4539114962208450425	2.8777900587063463e-05
cell/eq/0.50/900/eta_th	4596937056591069365	0.21563407450003572
cell/eq/0.50/900/eta_p	4603557070885830326	0.5975055273392715
cell/eq/0.50/900/s2/Tt	4643327343480941738	262.6010933301392
cell/eq/0.50/900/s2/pt	4678142939019462431	57553.73739708796
cell/eq/0.50/900/s3/Tt	4646461329634641516	440.7475809688683
cell/eq/0.50/900/s3/pt	4688865400678473368	298127.3115820675
cell/eq/0.50/900/s4/Tt	4651127699538968576	900.0
cell/eq/0.50/900/s4/pt	4688660529149947067	286202.2191187848
cell/eq/0.50/900/s5/Tt	4649722115972138882	740.2036491336623
cell/eq/0.50/900/s5/pt	4683066217799012392	121214.61023980437
cell/eq/0.50/900/s9/Tt	4649722115972138882	740.2036491336623
cell/eq/0.50/900/s9/pt	4682899621707243641	118790.31803500828
cell/eq/0.50/900/s4/far	4578139120283753756	0.012117908244035074
cell/eq/0.50/1100/abort	0	0.0
cell/eq/0.50/1100/branch	0	0.0
cell/eq/0.50/1100/n_solve_turbine	4620693217682128896	8.0
cell/eq/0.50/1100/pi_c	4619457631069064190	6.902578634605559
cell/eq/0.50/1100/tau_c	4610922848754242084	1.8305422914355711
cell/eq/0.50/1100/tau_t	4605655218866204080	0.8304467470274428
cell/eq/0.50/1100/pi_t	4601339501199826914	0.42565291746404743
cell/eq/0.50/1100/mdot_air	4603636230897479202	0.6062940540954893
cell/eq/0.50/1100/mdot_ratio	4603636230897479202	0.6062940540954893
cell/eq/0.50/1100/thrust	4644813212230090494	347.0629530101868
cell/eq/0.50/1100/V0	4639787586989050683	158.69461619815579
cell/eq/0.50/1100/V9	4648042153824221136	549.21406504488
cell/eq/0.50/1100/M9	4607182418800017867	1.000000000000102
cell/eq/0.50/1100/T9	4650081581220507306	781.0701164914838
cell/eq/0.50/1100/p9	4680613488926857375	85522.70761403673
cell/eq/0.50/1100/F_over_mdot	4648246393054546021	572.433377279213
cell/eq/0.50/1100/tsfc	4539390759394791184	2.971233780142609e-05
cell/eq/0.50/1100/eta_th	4596136207099563447	0.19340603588180524
cell/eq/0.50/1100/eta_p	4603986894910124635	0.64522558017013
cell/eq/0.50/1100/s2/Tt	4643327343480941738	262.6010933301392
cell/eq/0.50/1100/s2/pt	4678142939019462431	57553.73739708796
cell/eq/0.50/1100/s3/Tt	4647164222369630028	480.7024071180392
cell/eq/0.50/1100/s3/pt	4690568645319486464	397269.19809883833
cell/eq/0.50/1100/s4/Tt	4652552666608566272	1100.0
cell/eq/0.50/1100/s4/pt	4690295644005319639	381378.4301748848
cell/eq/0.50/1100/s5/Tt	4651246371339509141	913.4914217301872
cell/eq/0.50/1100/s5/pt	4684817795518583499	162334.8414617985
cell/eq/0.50/1100/s9/Tt	4651246371339509141	913.4914217301872
cell/eq/0.50/1100/s9/pt	4684706239864970736	159088.14463256253
cell/eq/0.50/1100/s4/far	4580559539878793954	0.017008333874531163
cell/eq/0.50/1500/abort	0	0.0
cell/eq/0.50/1500/branch	0	0.0
cell/eq/0.50/1500/n_solve_turbine	4641240890982006784	200.0
cell/eq/0.50/1500/pi_c	4622722974390294723	11.605572210868905
cell/eq/0.50/1500/tau_c	4611992119291721130	2.1359360909761635
cell/eq/0.50/1500/tau_t	4605758958492601534	0.8419641592066893
cell/eq/0.50/1500/pi_t	4601401423464350970	0.42909029365462426
cell/eq/0.50/1500/mdot_air	4605896902541903799	0.8572790251712296
cell/eq/0.50/1500/mdot_ratio	4605896902541903799	0.8572790251712296
cell/eq/0.50/1500/thrust	4649494028097825219	714.2730599802966
cell/eq/0.50/1500/V0	4639787586989050683	158.69461619815579
cell/eq/0.50/1500/V9	4648859297277570921	642.112520221138
cell/eq/0.50/1500/M9	4607182418800017541	1.0000000000000295
cell/eq/0.50/1500/T9	4652531235954857702	1095.1272334991313
cell/eq/0.50/1500/p9	4684277393954421546	146607.08595987532
cell/eq/0.50/1500/F_over_mdot	4650539999207317441	833.1862077666375
cell/eq/0.50/1500/tsfc	4540047515807714896	3.335745203838765e-05
cell/eq/0.50/1500/eta_th	4595204179424166666	0.16753707126147105
cell/eq/0.50/1500/eta_p	4604151134455537991	0.6634598326573177
cell/eq/0.50/1500/s2/Tt	4643327343480941738	262.6010933301392
cell/eq/0.50/1500/s2/pt	4678142939019462431	57553.73739708796
cell/eq/0.50/1500/s3/Tt	4648144936942856006	560.8991527736441
cell/eq/0.50/1500/s3/pt	4693984807839406588	667944.0553672905
cell/eq/0.50/1500/s4/Tt	4654311885213007872	1500.0
cell/eq/0.50/1500/s4/pt	4693755304009537778	641226.2931525989
cell/eq/0.50/1500/s5/Tt	4653269311745662348	1262.9462388100537
cell/eq/0.50/1500/s5/pt	4688470550021472941	275143.97842792684
cell/eq/0.50/1500/s9/Tt	4653269311745662348	1262.9462388100537
cell/eq/0.50/1500/s9/pt	4688376011270349799	269641.0988593683
cell/eq/0.50/1500/s4/far	4583667999307469698	0.027792968964621696
cell/eq/0.85/400/abort	4616189618054758400	4.0
cell/eq/0.85/500/abort	0	0.0
cell/eq/0.85/500/branch	4607182418800017408	1.0
cell/eq/0.85/500/n_solve_turbine	4620693217682128896	8.0
cell/eq/0.85/500/pi_c	4612699292159255450	2.4499839309468827
cell/eq/0.85/500/tau_c	4608671941199233707	1.3307404126609679
cell/eq/0.85/500/tau_t	4605496873817502867	0.812866915137095
cell/eq/0.85/500/pi_t	4601498575277732436	0.43448330265963375
cell/eq/0.85/500/mdot_air	4601694813432305310	0.4453767085354715
cell/eq/0.85/500/mdot_ratio	4601694813432305310	0.4453767085354715
cell/eq/0.85/500/thrust	4626125202731766360	19.298287588886836
cell/eq/0.85/500/V0	4643453651052699634	269.7808475368648
cell/eq/0.85/500/V9	4644199868063401194	312.19837363723366
cell/eq/0.85/500/M9	4605594932768769302	0.8237536456837542
cell/eq/0.85/500/T9	4645014192079030274	358.4873347460526
cell/eq/0.85/500/p9	4677104761256804352	50000.0
cell/eq/0.85/500/F_over_mdot	4631295008958877976	43.33025777738857
cell/eq/0.85/500/tsfc	4544606952092234515	6.74716318890929e-05
cell/eq/0.85/500/eta_th	4591854450539668111	0.09978170895795756
cell/eq/0.85/500/eta_p	4606608275147712324	0.9362572497768515
cell/eq/0.85/500/s2/Tt	4643745586963694955	286.3754828060834
cell/eq/0.85/500/s2/pt	4680086807681088516	77858.48677323764
cell/eq/0.85/500/s3/Tt	4645411847495827937	381.0914281653514
cell/eq/0.85/500/s3/pt	4685794203076438115	190752.04148227265
cell/eq/0.85/500/s4/Tt	4647503709213818880	500.0
cell/eq/0.85/500/s4/pt	4685532035466898404	183121.95982298173
cell/eq/0.85/500/s5/Tt	4645857669191832022	406.4334575685474
cell/eq/0.85/500/s5/pt	4680203970755048147	79563.43389339307
cell/eq/0.85/500/s9/Tt	4645857669191832022	406.4334575685474
cell/eq/0.85/500/s9/pt	4680094619604158681	77972.16521552521
cell/eq/0.85/500/s4/far	4568887700298596550	0.002923563202415466
cell/eq/0.85/600/abort	0	0.0
cell/eq/0.85/600/branch	4607182418800017408	1.0
cell/eq/0.85/600/n_solve_turbine	4619567317775286272	7.0
cell/eq/0.85/600/pi_c	4613841179991639679	2.9570839961677957
cell/eq/0.85/600/tau_c	4609033310088962200	1.4109804250129283
cell/eq/0.85/600/tau_t	4605469467725975530	0.8098242277542316
cell/eq/0.85/600/pi_t	4601261772954225832	0.4213381330675454
cell/eq/0.85/600/mdot_air	4602472424754214012	0.4885428082250838
cell/eq/0.85/600/mdot_ratio	4602472424754214012	0.4885428082250838
cell/eq/0.85/600/thrust	4633813633158285478	61.22615906737455
cell/eq/0.85/600/V0	4643453651052699634	269.7808475368648
cell/eq/0.85/600/V9	4645624514039968745	393.18012161162784
cell/eq/0.85/600/M9	4606920376334495718	0.9709074421348276
cell/eq/0.85/600/T9	4645933632699995836	410.7514830812395
cell/eq/0.85/600/p9	4677104761256804352	50000.0
cell/eq/0.85/600/F_over_mdot	4638519312337348392	125.32404128476321
cell/eq/0.85/600/tsfc	4540889329192696297	3.906180141853897e-05
cell/eq/0.85/600/eta_th	4596266885228277490	0.19703308256463675
cell/eq/0.85/600/eta_p	4605551980259858845	0.8189849592479735
cell/eq/0.85/600/s2/Tt	4643745586963694955	286.3754828060834
cell/eq/0.85/600/s2/pt	4680086807681088516	77858.48677323764
cell/eq/0.85/600/s3/Tt	4645816094332808779	404.07020044301015
cell/eq/0.85/600/s3/pt	4687150795768915661	230234.08520298303
cell/eq/0.85/600/s4/Tt	4648488871632306176	600.0
cell/eq/0.85/600/s4/pt	4686834364451676848	221024.7217948637
cell/eq/0.85/600/s5/Tt	4647255563278367656	485.89453665253905
cell/eq/0.85/600/s5/pt	4681135993072151104	93126.14364282135
cell/eq/0.85/600/s9/Tt	4647255563278367656	485.89453665253905
cell/eq/0.85/600/s9/pt	4681008001474919579	91263.62076996492
cell/eq/0.85/600/s4/far	4572294014272804586	0.0048953828136342
cell/eq/0.85/650/abort	0	0.0
cell/eq/0.85/650/branch	0	0.0
cell/eq/0.85/650/n_solve_turbine	4620693217682128896	8.0
cell/eq/0.85/650/pi_c	4614390068494581086	3.200839457734829
cell/eq/0.85/650/tau_c	4609190973267934856	1.4459886832991362
cell/eq/0.85/650/tau_t	4605485145824648496	0.8115648463671388
cell/eq/0.85/650/pi_t	4601261607508835901	0.42132894900348444
cell/eq/0.85/650/mdot_air	4602740352229140389	0.5068315416094619
cell/eq/0.85/650/mdot_ratio	4602740352229140389	0.5068315416094619
cell/eq/0.85/650/thrust	4635635731017623009	84.34588609067534
cell/eq/0.85/650/V0	4643453651052699634	269.7808475368648
cell/eq/0.85/650/V9	4646093240518692330	419.8241371728642
cell/eq/0.85/650/M9	4607182418800016924	0.9999999999999463
cell/eq/0.85/650/T9	4646491725405852450	442.4753805234087
cell/eq/0.85/650/p9	4677432988280256250	52388.1659104656
cell/eq/0.85/650/F_over_mdot	4640059329023588629	166.4179893438201
cell/eq/0.85/650/tsfc	4540396862753710510	3.572471902463528e-05
cell/eq/0.85/650/eta_th	4596567478383990030	0.20537621862755667
cell/eq/0.85/650/eta_p	4605913387304302578	0.8591092014482895
cell/eq/0.85/650/s2/Tt	4643745586963694955	286.3754828060834
cell/eq/0.85/650/s2/pt	4680086807681088516	77858.48677323764
cell/eq/0.85/650/s3/Tt	4645992464914836264	414.095707311923
cell/eq/0.85/650/s3/pt	4687802889705778542	249212.51658330433
cell/eq/0.85/650/s4/Tt	4648928676283416576	650.0
cell/eq/0.85/650/s4/pt	4687460374631065214	239244.01591997215
cell/eq/0.85/650/s5/Tt	4647851305742410919	527.5171501386402
cell/eq/0.85/650/s5/pt	4681663366000022062	100800.42978293516
cell/eq/0.85/650/s9/Tt	4647851305742410919	527.5171501386402
cell/eq/0.85/650/s9/pt	4681524826944233118	98784.42118727646
cell/eq/0.85/650/s4/far	4573504412484228292	0.005945235909952721
cell/eq/0.85/900/abort	0	0.0
cell/eq/0.85/900/branch	0	0.0
cell/eq/0.85/900/n_solve_turbine	4619567317775286272	7.0
cell/eq/0.85/900/pi_c	4616907270683753182	4.637403577914226
cell/eq/0.85/900/tau_c	4609974286876628917	1.6199192440740096
cell/eq/0.85/900/tau_t	4605581748165444197	0.8222898606655461
cell/eq/0.85/900/pi_t	4601300477344228269	0.4234866583142843
cell/eq/0.85/900/mdot_air	4603722453854239761	0.6158667252801725
cell/eq/0.85/900/mdot_ratio	4603722453854239761	0.6158667252801725
cell/eq/0.85/900/thrust	4642005394570971186	221.72849886404725
cell/eq/0.85/900/V0	4643453651052699634	269.7808475368648
cell/eq/0.85/900/V9	4647430571950726324	495.8426279196967
cell/eq/0.85/900/M9	4607182418800017497	1.0000000000000198
cell/eq/0.85/900/T9	4648726456457244297	627.0102674378587
cell/eq/0.85/900/p9	4680015123250853979	76815.34102127088
cell/eq/0.85/900/F_over_mdot	4645041273853649504	360.0267554042275
cell/eq/0.85/900/tsfc	4539851998186042025	3.2032573099781865e-05
cell/eq/0.85/900/eta_th	4595588224252119628	0.17819645652351068
cell/eq/0.85/900/eta_p	4607652022672121687	1.1042730062526596
cell/eq/0.85/900/s2/Tt	4643745586963694955	286.3754828060834
cell/eq/0.85/900/s2/pt	4680086807681088516	77858.48677323764
cell/eq/0.85/900/s3/Tt	4646868721996392269	463.9051556285602
cell/eq/0.85/900/s3/pt	4689946597080518983	361061.22513319965
cell/eq/0.85/900/s4/Tt	4651127699538968576	900.0
cell/eq/0.85/900/s4/pt	4689698477695910857	346618.77612787165
cell/eq/0.85/900/s5/Tt	4649720860114050720	740.0608745989921
cell/eq/0.85/900/s5/pt	4684283624792378555	146788.4272113795
cell/eq/0.85/900/s9/Tt	4649720860114050720	740.0608745989921
cell/eq/0.85/900/s9/pt	4684182752553289891	143852.6586671519
cell/eq/0.85/900/s4/far	4577801703460970356	0.011532583360363204
cell/eq/0.85/1100/abort	0	0.0
cell/eq/0.85/1100/branch	0	0.0
cell/eq/0.85/1100/n_solve_turbine	4620693217682128896	8.0
cell/eq/0.85/1100/pi_c	4618542541183637749	6.089815546283934
cell/eq/0.85/1100/tau_c	4610599936251542908	1.7588413123483795
cell/eq/0.85/1100/tau_t	4605653751056422097	0.83028378740587
cell/eq/0.85/1100/pi_t	4601338733478194731	0.4256103003524198
cell/eq/0.85/1100/mdot_air	4604697550550938350	0.7241242056712431
cell/eq/0.85/1100/mdot_ratio	4604697550550938350	0.7241242056712431
cell/eq/0.85/1100/thrust	4645078790108317781	362.15930758242513
cell/eq/0.85/1100/V0	4643453651052699634	269.7808475368648
cell/eq/0.85/1100/V9	4648041965714523720	549.192679448236
cell/eq/0.85/1100/M9	4607182418800017822	1.000000000000092
cell/eq/0.85/1100/T9	4650078989353439818	780.7754553207863
cell/eq/0.85/1100/p9	4681749066946278804	102047.54268785409
cell/eq/0.85/1100/F_over_mdot	4647506070747899326	500.13423767088887
cell/eq/0.85/1100/tsfc	4539968250792525295	3.2820331402946014e-05
cell/eq/0.85/1100/eta_th	4595162576353403009	0.166382354085048
cell/eq/0.85/1100/eta_p	4607877305349763343	1.1542958094060543
cell/eq/0.85/1100/s2/Tt	4643745586963694955	286.3754828060834
cell/eq/0.85/1100/s2/pt	4680086807681088516	77858.48677323764
cell/eq/0.85/1100/s3/Tt	4647568607315956013	503.68903000305255
cell/eq/0.85/1100/s3/pt	4691889341321637274	474143.8231618047
cell/eq/0.85/1100/s4/Tt	4652552666608566272	1100.0
cell/eq/0.85/1100/s4/pt	4691563512167384416	455178.0702353325
cell/eq/0.85/1100/s5/Tt	4651244794590719900	913.312166146457
cell/eq/0.85/1100/s5/pt	4685896472559791753	193728.47518669468
cell/eq/0.85/1100/s9/Tt	4651244794590719900	913.312166146457
cell/eq/0.85/1100/s9/pt	4685763343365354825	189853.9056829608
cell/eq/0.85/1100/s4/far	4580388399505000810	0.016414571426318338
cell/eq/0.85/1500/abort	0	0.0
cell/eq/0.85/1500/branch	0	0.0
cell/eq/0.85/1500/n_solve_turbine	4641240890982006784	200.0
cell/eq/0.85/1500/pi_c	4621819117588668126	9.999999999461064
cell/eq/0.85/1500/tau_c	4611770577926402859	2.0375519611028685
cell/eq/0.85/1500/tau_t	4605757427501440085	0.8417941850428955
cell/eq/0.85/1500/pi_t	4601400640323040091	0.4290468205788806
cell/eq/0.85/1500/mdot_air	4607182418799529277	0.9999999999458066
cell/eq/0.85/1500/mdot_ratio	4607182418799529277	0.9999999999458066
cell/eq/0.85/1500/thrust	4649770589892724889	745.7144958770542
cell/eq/0.85/1500/V0	4643453651052699634	269.7808475368648
cell/eq/0.85/1500/V9	4648859063097428992	642.0858970213449
cell/eq/0.85/1500/M9	4607182418800016694	0.9999999999999207
cell/eq/0.85/1500/T9	4652529394908687844	1094.70862806483
cell/eq/0.85/1500/p9	4685110401077606451	170850.78404230028
cell/eq/0.85/1500/F_over_mdot	4649770589893080364	745.714495917467
cell/eq/0.85/1500/tsfc	4540503479226536630	3.644718034626541e-05
cell/eq/0.85/1500/eta_th	4594598930347518818	0.15073803474828212
cell/eq/0.85/1500/eta_p	4607845841469543764	1.1473094245532893
cell/eq/0.85/1500/s2/Tt	4643745586963694955	286.3754828060834
cell/eq/0.85/1500/s2/pt	4680086807681088516	77858.48677323764
cell/eq/0.85/1500/s3/Tt	4648343779432300796	583.5049266033161
cell/eq/0.85/1500/s3/pt	4694935205180467981	778584.8676904157
cell/eq/0.85/1500/s4/Tt	4654311885213007872	1500.0
cell/eq/0.85/1500/s4/pt	4694667685456956715	747441.472982799
cell/eq/0.85/1500/s5/Tt	4653268190414245982	1262.6912775645246
cell/eq/0.85/1500/s5/pt	4689252979832598964	320687.38756253873
cell/eq/0.85/1500/s9/Tt	4653268190414245982	1262.6912775645246
cell/eq/0.85/1500/s9/pt	4689142792485253301	314273.6398112879
cell/eq/0.85/1500/s4/far	4583491089773012698	0.027179190719528325
cell/eq/1.20/400/abort	4616189618054758400	4.0
cell/eq/1.20/500/abort	0	0.0
cell/eq/1.20/500/branch	0	0.0
cell/eq/1.20/500/n_solve_turbine	4641240890982006784	200.0
cell/eq/1.20/500/pi_c	4612353632778268342	2.296480329567056
cell/eq/1.20/500/tau_c	4608544397046021608	1.3024199215504897
cell/eq/1.20/500/tau_t	4605435678808568133	0.8060729043459466
cell/eq/1.20/500/pi_t	4601244183512141661	0.42036172288793755
cell/eq/1.20/500/mdot_air	4603821759034487082	0.6268918150376852
cell/eq/1.20/500/mdot_ratio	4603821759034487082	0.6268918150376852
cell/eq/1.20/500/thrust	4621764773550662907	9.903465595869866
cell/eq/1.20/500/V0	4645407900701383239	380.8670788755739
cell/eq/1.20/500/V9	4645171345280891493	367.420460024767
cell/eq/1.20/500/M9	4607182418800016814	0.999999999999934
cell/eq/1.20/500/T9	4644626546689727944	336.4522455124793
cell/eq/1.20/500/p9	4677938974826518421	56069.70257441622
cell/eq/1.20/500/F_over_mdot	4625082947592917006	15.79772675014831
cell/eq/1.20/500/tsfc	4548746624058458033	0.00012507898475710774
cell/eq/1.20/500/eta_th	13811878692165941339	-0.05791085857639252
cell/eq/1.20/500/eta_p	13831583657526946317	-1.228528723090338
cell/eq/1.20/500/s2/Tt	4644378775611910871	322.36809035452956
cell/eq/1.20/500/s2/pt	4682761841319323207	116785.34950985863
cell/eq/1.20/500/s3/Tt	4646093847198898315	419.85862294992756
cell/eq/1.20/500/s3/pt	4688351171912339627	268195.257931004
cell/eq/1.20/500/s4/Tt	4647503709213818880	500.0
cell/eq/1.20/500/s4/pt	4688086526976231015	257467.44761376383
cell/eq/1.20/500/s5/Tt	4645797908440919185	403.0364521729726
cell/eq/1.20/500/s5/pt	4682173885060019390	108229.4598664818
cell/eq/1.20/500/s9/Tt	4645797908440919185	403.0364521729726
cell/eq/1.20/500/s9/pt	4682025135623030499	106064.87066915217
cell/eq/1.20/500/s4/far	4566702684433740908	0.001975963623378754
cell/eq/1.20/600/abort	0	0.0
cell/eq/1.20/600/branch	0	0.0
cell/eq/1.20/600/n_solve_turbine	4641240890982006784	200.0
cell/eq/1.20/600/pi_c	4613176085111588864	2.661722536410707
cell/eq/1.20/600/tau_c	4608819405072412517	1.3634839701216717
cell/eq/1.20/600/tau_t	4605466050007608812	0.8094447847919901
cell/eq/1.20/600/pi_t	4601254590643934447	0.4209394347547705
cell/eq/1.20/600/mdot_air	4604122575264916556	0.6602891255580601
cell/eq/1.20/600/mdot_ratio	4604122575264916556	0.6602891255580601
cell/eq/1.20/600/thrust	4633708369086366249	60.478212850987184
cell/eq/1.20/600/V0	4645407900701383239	380.8670788755739
cell/eq/1.20/600/V9	4645797772976352665	403.0287519038771
cell/eq/1.20/600/M9	4607182418800016871	0.9999999999999404
cell/eq/1.20/600/T9	4645860648821332954	406.6028298963189
cell/eq/1.20/600/p9	4679194046013537861	65201.54733395254
cell/eq/1.20/600/F_over_mdot	4636145738726527641	91.5935315455521
cell/eq/1.20/600/tsfc	4541602716442183540	4.389590145427352e-05
cell/eq/1.20/600/eta_th	4587708873100775655	0.052375132460072575
cell/eq/1.20/600/eta_p	4615898280659399229	3.8706202062951705
cell/eq/1.20/600/s2/Tt	4644378775611910871	322.36809035452956
cell/eq/1.20/600/s2/pt	4682761841319323207	116785.34950985863
cell/eq/1.20/600/s3/Tt	4646440151153194430	439.54372367713574
cell/eq/1.20/600/s3/pt	4689083978180665707	310850.19671299186
cell/eq/1.20/600/s4/Tt	4648488871632306176	600.0
cell/eq/1.20/600/s4/pt	4688870363552051712	298416.18884447217
cell/eq/1.20/600/s5/Tt	4647251558139596896	485.6668708717971
cell/eq/1.20/600/s5/pt	4683368620028643681	125615.14185026802
cell/eq/1.20/600/s9/Tt	4647251558139596896	485.6668708717971
cell/eq/1.20/600/s9/pt	4683195975892282304	123102.83901326265
cell/eq/1.20/600/s4/far	4571285436028287362	0.004020580634572448
cell/eq/1.20/650/abort	0	0.0
cell/eq/1.20/650/branch	0	0.0
cell/eq/1.20/650/n_solve_turbine	4619567317775286272	7.0
cell/eq/1.20/650/pi_c	4613622882247104504	2.860140323285119
cell/eq/1.20/650/tau_c	4608957269744490656	1.394096076766381
cell/eq/1.20/650/tau_t	4605483132465254521	0.8113413185715351
cell/eq/1.20/650/pi_t	4601260632738445723	0.4212748383769395
cell/eq/1.20/650/mdot_air	4604300279767454711	0.680018288587802
cell/eq/1.20/650/mdot_ratio	4604300279767454711	0.680018288587802
cell/eq/1.20/650/thrust	4635850762660410725	87.40166952550278
cell/eq/1.20/650/V0	4645407900701383239	380.8670788755739
cell/eq/1.20/650/V9	4646092722090504439	419.79466794223066
cell/eq/1.20/650/M9	4607182418800016502	0.9999999999998994
cell/eq/1.20/650/T9	4646487693374042380	442.2461860503688
cell/eq/1.20/650/p9	4679560170478818624	70194.90684970189
cell/eq/1.20/650/F_over_mdot	4638726207971998914	128.5284101799826
cell/eq/1.20/650/tsfc	4540946500311709440	3.94492079900232e-05
cell/eq/1.20/650/eta_th	4589987348616795322	0.07387046465676664
cell/eq/1.20/650/eta_p	4614058647705354169	3.053659061319163
cell/eq/1.20/650/s2/Tt	4644378775611910871	322.36809035452956
cell/eq/1.20/650/s2/pt	4682761841319323207	116785.34950985863
cell/eq/1.20/650/s3/Tt	4646613757290167801	449.4120900379199
cell/eq/1.20/650/s3/pt	4689482075101680093	334022.48730209266
cell/eq/1.20/650/s4/Tt	4648928676283416576	650.0
cell/eq/1.20/650/s4/pt	4689252536596225523	320661.58781000896
cell/eq/1.20/650/s5/Tt	4647850027731076848	527.3718570714973
cell/eq/1.20/650/s5/pt	4683881555083704916	135086.65857835358
cell/eq/1.20/650/s9/Tt	4647850027731076848	527.3718570714973
cell/eq/1.20/650/s9/pt	4683788724238789724	132384.9254067865
cell/eq/1.20/650/s4/far	4572495730770685528	0.005070343985817148
cell/eq/1.20/900/abort	0	0.0
cell/eq/1.20/900/branch	0	0.0
cell/eq/1.20/900/n_solve_turbine	4621819117588971520	10.0
cell/eq/1.20/900/pi_c	4616218064215645099	4.025265266222884
cell/eq/1.20/900/tau_c	4609648763358618851	1.5476385031236581
cell/eq/1.20/900/tau_t	4605579570492897215	0.8220480904453707
cell/eq/1.20/900/pi_t	4601299346681504621	0.4234238939248403
cell/eq/1.20/900/mdot_air	4605405196465147114	0.8026886843948919
cell/eq/1.20/900/mdot_ratio	4605405196465147114	0.8026886843948919
cell/eq/1.20/900/thrust	4642778513008737590	243.70184645753187
cell/eq/1.20/900/V0	4645407900701383239	380.8670788755739
cell/eq/1.20/900/V9	4647430024922118560	495.81153294341675
cell/eq/1.20/900/M9	4607182418800017030	0.999999999999958
cell/eq/1.20/900/T9	4648723338216433427	626.6557645008164
cell/eq/1.20/900/p9	4681606715611409993	99976.05813019829
cell/eq/1.20/900/F_over_mdot	4644048725771946563	303.60692905649574
cell/eq/1.20/900/tsfc	4540298426314070406	3.505768776395066e-05
cell/eq/1.20/900/eta_th	4592841012384250487	0.1134730048963578
cell/eq/1.20/900/eta_p	4612219554147998507	2.2369374565927465
cell/eq/1.20/900/s2/Tt	4644378775611910871	322.36809035452956
cell/eq/1.20/900/s2/pt	4682761841319323207	116785.34950985863
cell/eq/1.20/900/s3/Tt	4647484520867819591	498.9092688111163
cell/eq/1.20/900/s3/pt	4691819731718494235	470092.01098573365
cell/eq/1.20/900/s4/Tt	4651127699538968576	900.0
cell/eq/1.20/900/s4/pt	4691496686948367099	451288.3305463043
cell/eq/1.20/900/s5/Tt	4649718946144038715	739.8432814008332
cell/eq/1.20/900/s5/pt	4685805686812951091	191086.2622027561
cell/eq/1.20/900/s9/Tt	4649718946144038715	739.8432814008332
cell/eq/1.20/900/s9/pt	4685674373333450976	187264.53695870098
cell/eq/1.20/900/s4/far	4577289329903548954	0.010643756921834547
cell/eq/1.20/1100/abort	0	0.0
cell/eq/1.20/1100/branch	0	0.0
cell/eq/1.20/1100/n_solve_turbine	4619567317775286272	7.0
cell/eq/1.20/1100/pi_c	4617522462566396294	5.18380373205253
cell/eq/1.20/1100/tau_c	4610200766395914393	1.670207799457364
cell/eq/1.20/1100/tau_t	4605651513644787329	0.8300353848146217
cell/eq/1.20/1100/pi_t	4601337563334628251	0.42554534433593866
cell/eq/1.20/1100/mdot_air	4606511891417567355	0.9255565061362313
cell/eq/1.20/1100/mdot_ratio	4606511891417567355	0.9255565061362313
cell/eq/1.20/1100/thrust	4645744744696604034	400.01444318665756
cell/eq/1.20/1100/V0	4645407900701383239	380.8670788755739
cell/eq/1.20/1100/V9	4648041678877768185	549.160069884557
cell/eq/1.20/1100/M9	4607182418800017483	1.0000000000000167
cell/eq/1.20/1100/T9	4650075039163481148	780.3263707159854
cell/eq/1.20/1100/p9	4683686979403349884	130247.88048314856
cell/eq/1.20/1100/F_over_mdot	4646310748424314746	432.1880301576963
cell/eq/1.20/1100/tsfc	4540421835875285469	3.58939434787935e-05
cell/eq/1.20/1100/eta_th	4593411532981722740	0.12139056868806525
cell/eq/1.20/1100/eta_p	4611781312002178250	2.0423188483324326
cell/eq/1.20/1100/s2/Tt	4644378775611910871	322.36809035452956
cell/eq/1.20/1100/s2/pt	4682761841319323207	116785.34950985863
cell/eq/1.20/1100/s3/Tt	4647947223166856950	538.4216988063115
cell/eq/1.20/1100/s3/pt	4693447492615367463	605392.3306382642
cell/eq/1.20/1100/s4/Tt	4652552666608566272	1100.0
cell/eq/1.20/1100/s4/pt	4693239481394460218	581176.6374127336
cell/eq/1.20/1100/s5/Tt	4651242391121190367	913.0389232960841
cell/eq/1.20/1100/s5/pt	4687737760674109774	247317.01228780526
cell/eq/1.20/1100/s9/Tt	4651242391121190367	913.0389232960841
cell/eq/1.20/1100/s9/pt	4687567805717386485	242370.67204204915
cell/eq/1.20/1100/s4/far	4580096218651114393	0.015512932726691452
cell/eq/1.20/1500/abort	0	0.0
cell/eq/1.20/1500/branch	0	0.0
cell/eq/1.20/1500/n_solve_turbine	4621256167635550208	9.0
cell/eq/1.20/1500/pi_c	4620831028400249019	8.24480101167534
cell/eq/1.20/1500/tau_c	4611307470481668255	1.9159454709474983
cell/eq/1.20/1500/tau_t	4605755093035321415	0.84153500723938
cell/eq/1.20/1500/pi_t	4601399446386341819	0.4289805437782623
cell/eq/1.20/1500/mdot_air	4608254483681491256	1.238046223060861
cell/eq/1.20/1500/mdot_ratio	4608254483681491256	1.238046223060861
cell/eq/1.20/1500/thrust	4650415719555940124	819.0572472084054
cell/eq/1.20/1500/V0	4645407900701383239	380.8670788755739
cell/eq/1.20/1500/V9	4648858706076991670	642.0453084968237
cell/eq/1.20/1500/M9	4607182418800017882	1.0000000000001052
cell/eq/1.20/1500/T9	4652526588206184570	1094.0704578007849
cell/eq/1.20/1500/p9	4686497245236967619	211213.2613262591
cell/eq/1.20/1500/F_over_mdot	4649030468446841121	661.5724291645785
cell/eq/1.20/1500/tsfc	4540979668374247629	3.96739635241547e-05
cell/eq/1.20/1500/eta_th	4593579800989758801	0.12372575639843332
cell/eq/1.20/1500/eta_p	4610843209007121540	1.8128587152498605
cell/eq/1.20/1500/s2/Tt	4644378775611910871	322.36809035452956
cell/eq/1.20/1500/s2/pt	4682761841319323207	116785.34950985863
cell/eq/1.20/1500/s3/Tt	4648644031922153880	617.6396826927548
cell/eq/1.20/1500/s3/pt	4696518219316453359	962871.9677877406
cell/eq/1.20/1500/s4/Tt	4654311885213007872	1500.0
cell/eq/1.20/1500/s4/pt	4696187379027502678	924357.089076231
cell/eq/1.20/1500/s5/Tt	4653266480600193423	1262.3025108590698
cell/eq/1.20/1500/s5/pt	4690555966724091212	396531.20671721245
cell/eq/1.20/1500/s9/Tt	4653266480600193423	1262.3025108590698
cell/eq/1.20/1500/s9/pt	4690419719638915704	388600.58258286817
cell/eq/1.20/1500/s4/far	4583222461859350082	0.026247200423261903
cell/eq/1.60/400/abort	4616189618054758400	4.0
cell/eq/1.60/500/abort	4611686018427387904	2.0
cell/eq/1.60/600/abort	0	0.0
cell/eq/1.60/600/branch	0	0.0
cell/eq/1.60/600/n_solve_turbine	4619567317775286272	7.0
cell/eq/1.60/600/pi_c	4612450755605587507	2.3396115292096282
cell/eq/1.60/600/tau_c	4608565009726891920	1.3069968561307839
cell/eq/1.60/600/tau_t	4605462990338657801	0.8091050933002758
cell/eq/1.60/600/pi_t	4601253140866311149	0.42085895592987194
cell/eq/1.60/600/mdot_air	4607090968941483718	0.9898470261457184
cell/eq/1.60/600/mdot_ratio	4607090968941483718	0.9898470261457184
cell/eq/1.60/600/thrust	4630448812915767468	37.31767326277745
cell/eq/1.60/600/V0	4647641328871307359	507.82277183409855
cell/eq/1.60/600/V9	4645796981542768416	402.9837641131471
cell/eq/1.60/600/M9	4607182418800017117	0.9999999999999677
cell/eq/1.60/600/T9	4645855042684494597	406.28415791182516
cell/eq/1.60/600/p9	4681439444318915505	97541.94046167914
cell/eq/1.60/600/F_over_mdot	4630502683233770920	37.70044489408184
cell/eq/1.60/600/tsfc	4544832232565743553	7.052475162405617e-05
cell/eq/1.60/600/eta_th	13824567482754325963	-0.41765624190472
cell/eq/1.60/600/eta_p	13824300163910900384	-0.40281706516035776
cell/eq/1.60/600/s2/Tt	4645362121196066384	378.2648152796073
cell/eq/1.60/600/s2/pt	4686072667236213351	198856.41517664792
cell/eq/1.60/600/s3/Tt	4647405033311540791	494.3909243553384
cell/eq/1.60/600/s3/pt	4691736490967962192	465246.76160458196
cell/eq/1.60/600/s4/Tt	4648488871632306176	600.0
cell/eq/1.60/600/s4/pt	4691416775827856338	446636.8911403987
cell/eq/1.60/600/s5/Tt	4647247972590104693	485.4630559801656
cell/eq/1.60/600/s5/pt	4685698651880821650	187971.13568511285
cell/eq/1.60/600/s9/Tt	4647247972590104693	485.4630559801656
cell/eq/1.60/600/s9/pt	4685569479099964124	184211.7129714106
cell/eq/1.60/600/s4/far	4568277231382229692	0.0026588145122715384
cell/eq/1.60/650/abort	0	0.0
cell/eq/1.60/650/branch	0	0.0
cell/eq/1.60/650/n_solve_turbine	4620693217682128896	8.0
cell/eq/1.60/650/pi_c	4612797056373106605	2.4933999634276547
cell/eq/1.60/650/tau_c	4608681320995214086	1.3328231457537085
cell/eq/1.60/650/tau_t	4605479973734601520	0.81099062902158
cell/eq/1.60/650/pi_t	4601259104452942645	0.4211900014892536
cell/eq/1.60/650/mdot_air	4607232280463664812	1.0110715134054926
cell/eq/1.60/650/mdot_ratio	4607232280463664812	1.0110715134054926
cell/eq/1.60/650/thrust	4634767879714390742	72.01297730604287
cell/eq/1.60/650/V0	4647641328871307359	507.82277183409855
cell/eq/1.60/650/V9	4646091907622724670	419.7483708090766
cell/eq/1.60/650/M9	4607182418800017707	1.0000000000000664
cell/eq/1.60/650/T9	4646481370256929038	441.88675845578916
cell/eq/1.60/650/p9	4681893429461914806	104148.29377754297
cell/eq/1.60/650/F_over_mdot	4634712389591952038	71.22441523793768
cell/eq/1.60/650/tsfc	4542800722108520570	5.201390361735197e-05
cell/eq/1.60/650/eta_th	13821647396653310436	-0.25555890074295307
cell/eq/1.60/650/eta_p	13829587102080783716	-0.8926021789181218
cell/eq/1.60/650/s2/Tt	4645362121196066384	378.2648152796073
cell/eq/1.60/650/s2/pt	4686072667236213351	198856.41517664792
cell/eq/1.60/650/s3/Tt	4647576894485083061	504.1601010289117
cell/eq/1.60/650/s3/pt	4692261882578693466	495828.5783288084
cell/eq/1.60/650/s4/Tt	4648928676283416576	650.0
cell/eq/1.60/650/s4/pt	4691921151774158361	475995.4351956561
cell/eq/1.60/650/s5/Tt	4647848022677439693	527.1439088640269
cell/eq/1.60/650/s5/pt	4686128608425285000	200484.51805893728
cell/eq/1.60/650/s9/Tt	4647848022677439693	527.1439088640269
cell/eq/1.60/650/s9/pt	4685990836513538207	196474.82769775853
cell/eq/1.60/650/s4/far	4570688786587656080	0.003704659869388345
cell/eq/1.60/900/abort	0	0.0
cell/eq/1.60/900/branch	0	0.0
cell/eq/1.60/900/n_solve_turbine	4641240890982006784	200.0
cell/eq/1.60/900/pi_c	4614796873731133746	3.3814972737983675
cell/eq/1.60/900/tau_c	4609264399898027591	1.462292670369054
cell/eq/1.60/900/tau_t	4605576152074292834	0.8216685697411317
cell/eq/1.60/900/pi_t	4601297572326885225	0.42332539745722514
cell/eq/1.60/900/mdot_air	4607858340004658022	1.1500846568448764
cell/eq/1.60/900/mdot_ratio	4607858340004658022	1.1500846568448764
cell/eq/1.60/900/thrust	4643371718696691174	265.1235323060231
cell/eq/1.60/900/V0	4647641328871307359	507.82277183409855
cell/eq/1.60/900/V9	4647429165365229004	495.762672791109
cell/eq/1.60/900/M9	4607182418800017701	1.000000000000065
cell/eq/1.60/900/T9	4648718444851990942	626.0994533715309
cell/eq/1.60/900/p9	4684151012554976370	142928.90313753817
cell/eq/1.60/900/F_over_mdot	4642314902101789798	230.52523197149566
cell/eq/1.60/900/tsfc	4541050388225461030	4.015317987617608e-05
cell/eq/1.60/900/eta_th	13801676162646051288	-0.012404147171598476
cell/eq/1.60/900/eta_p	13850770602809104949	-23.822182527767115
cell/eq/1.60/900/s2/Tt	4645362121196066384	378.2648152796073
cell/eq/1.60/900/s2/pt	4686072667236213351	198856.41517664792
cell/eq/1.60/900/s3/Tt	4648076632765456112	553.1338668418739
cell/eq/1.60/900/s3/pt	4694023362647823759	672432.4257971513
cell/eq/1.60/900/s4/Tt	4651127699538968576	900.0
cell/eq/1.60/900/s4/pt	4693792316625618262	645535.1287652652
cell/eq/1.60/900/s5/Tt	4649715941674561714	739.5017127669619
cell/eq/1.60/900/s5/pt	4688438379626005695	273271.41495711723
cell/eq/1.60/900/s9/Tt	4649715941674561714	739.5017127669619
cell/eq/1.60/900/s9/pt	4688344484282791898	267805.9866579749
cell/eq/1.60/900/s4/far	4576489527609004798	0.009256321105348683
cell/eq/1.60/1100/abort	0	0.0
cell/eq/1.60/1100/branch	0	0.0
cell/eq/1.60/1100/n_solve_turbine	4620693217682128896	8.0
cell/eq/1.60/1100/pi_c	4616466454354357042	4.245880027093152
cell/eq/1.60/1100/tau_c	4609729482339386981	1.5655617173182688
cell/eq/1.60/1100/tau_t	4605648000426224379	0.8296453392007089
cell/eq/1.60/1100/pi_t	4601335726226939174	0.4254433643731822
cell/eq/1.60/1100/mdot_air	4608501960916207940	1.2929972078714664
cell/eq/1.60/1100/mdot_ratio	4608501960916207940	1.2929972078714664
cell/eq/1.60/1100/thrust	4646639300349540101	450.864044860806
cell/eq/1.60/1100/V0	4647641328871307359	507.82277183409855
cell/eq/1.60/1100/V9	4648041228239799597	549.1088382789509
cell/eq/1.60/1100/M9	4607182418800017139	0.9999999999999701
cell/eq/1.60/1100/T9	4650068838088099696	779.6213900653947
cell/eq/1.60/1100/p9	4685477959353840820	181548.13779679465
cell/eq/1.60/1100/F_over_mdot	4644841955933137754	348.6968433621129
cell/eq/1.60/1100/tsfc	4541094491859264210	4.0452037723575537e-05
cell/eq/1.60/1100/eta_th	4585876781188807984	0.039662441060722364
cell/eq/1.60/1100/eta_p	4620012247258940331	7.395176765669855
cell/eq/1.60/1100/s2/Tt	4645362121196066384	378.2648152796073
cell/eq/1.60/1100/s2/pt	4686072667236213351	198856.41517664792
cell/eq/1.60/1100/s3/Tt	4648420234960320562	592.1969138102197
cell/eq/1.60/1100/s3/pt	4695499869803095414	844320.481457873
cell/eq/1.60/1100/s4/Tt	4652552666608566272	1100.0
cell/eq/1.60/1100/s4/pt	4695209763494679051	810547.6621995581
cell/eq/1.60/1100/s5/Tt	4651238617155937191	912.6098731207793
cell/eq/1.60/1100/s5/pt	4689667955051485783	344842.1243909946
cell/eq/1.60/1100/s9/Tt	4651238617155937191	912.6098731207793
cell/eq/1.60/1100/s9/pt	4689549468199762384	337945.2819031747
cell/eq/1.60/1100/s4/far	4579284887690067106	0.014105497861775899
cell/eq/1.60/1500/abort	0	0.0
cell/eq/1.60/1500/branch	0	0.0
cell/eq/1.60/1500/n_solve_turbine	4641240890982006784	200.0
cell/eq/1.60/1500/pi_c	4618975514508326554	6.474373109578346
cell/eq/1.60/1500/tau_c	4610661077068696484	1.7724173009380388
cell/eq/1.60/1500/tau_t	4605751425603373634	0.8411278405004128
cell/eq/1.60/1500/pi_t	4601397571217359286	0.4288764509892887
cell/eq/1.60/1500/mdot_air	4610146869329257001	1.6582402465848054
cell/eq/1.60/1500/mdot_ratio	4610146869329257001	1.6582402465848054
cell/eq/1.60/1500/thrust	4651417543237662700	932.9514135380718
cell/eq/1.60/1500/V0	4647641328871307359	507.82277183409855
cell/eq/1.60/1500/V9	4648858145212889416	641.9815456306469
cell/eq/1.60/1500/M9	4607182418800017515	1.0000000000000238
cell/eq/1.60/1500/T9	4652522180208734466	1093.0681952192103
cell/eq/1.60/1500/p9	4688592710496538680	282254.65393758146
cell/eq/1.60/1500/F_over_mdot	4648160032756444145	562.6153480833146
cell/eq/1.60/1500/tsfc	4541627886524634560	4.406646056724249e-05
cell/eq/1.60/1500/eta_th	4590248921069727514	0.07750051165492913
cell/eq/1.60/1500/eta_p	4615005636983554456	3.47420678161161
cell/eq/1.60/1500/s2/Tt	4645362121196066384	378.2648152796073
cell/eq/1.60/1500/s2/pt	4686072667236213351	198856.41517664792
cell/eq/1.60/1500/s3/Tt	4649108495718519224	670.4431029377074
cell/eq/1.60/1500/s3/pt	4698280455957955407	1287470.6270868366
cell/eq/1.60/1500/s4/Tt	4654311885213007872	1500.0
cell/eq/1.60/1500/s4/pt	4698059270188439464	1235971.8020033631
cell/eq/1.60/1500/s5/Tt	4653263794492808987	1261.6917607504354
cell/eq/1.60/1500/s5/pt	4692800557748972915	530079.1999658778
cell/eq/1.60/1500/s9/Tt	4653263794492808987	1261.6917607504354
cell/eq/1.60/1500/s9/pt	4692668169951637535	519477.61596656026
cell/eq/1.60/1500/s4/far	4582803163512216120	0.02479246705083879
cell/eq/2.00/400/abort	4616189618054758400	4.0
cell/eq/2.00/500/abort	4616189618054758400	4.0
cell/eq/2.00/600/abort	4611686018427387904	2.0
cell/eq/2.00/650/abort	4611686018427387904	2.0
cell/eq/2.00/900/abort	0	0.0
cell/eq/2.00/900/branch	0	0.0
cell/eq/2.00/900/n_solve_turbine	4619567317775286272	7.0
cell/eq/2.00/900/pi_c	4613622545096933653	2.859990598532145
cell/eq/2.00/900/tau_c	4608910499572773884	1.3837110124652545
cell/eq/2.00/900/tau_t	4605571722372754393	0.8211767740771122
cell/eq/2.00/900/pi_t	4601295273998661952	0.42319781461164396
cell/eq/2.00/900/mdot_air	4610458462455012710	1.7274278190905874
cell/eq/2.00/900/mdot_ratio	4610458462455012710	1.7274278190905874
cell/eq/2.00/900/thrust	4642979076737703127	249.40221048446867
cell/eq/2.00/900/V0	4648794786243791675	634.7784647926231
cell/eq/2.00/900/V9	4647428049949453733	495.69926874499134
cell/eq/2.00/900/M9	4607182418800016563	0.9999999999999062
cell/eq/2.00/900/T9	4648712106636415663	625.3788816859795
cell/eq/2.00/900/p9	4686595349229243581	214068.4632845874
cell/eq/2.00/900/F_over_mdot	4639283858440401910	144.37778975666123
cell/eq/2.00/900/tsfc	4542762722777843922	5.1756410136898114e-05
cell/eq/2.00/900/eta_th	13821292595236785940	-0.24293173282659863
cell/eq/2.00/900/eta_p	13831363244142966313	-1.1795871203243087
cell/eq/2.00/900/s2/Tt	4646616148371619680	449.54800728241935
cell/eq/2.00/900/s2/pt	4689797715477858930	352395.1752893097
cell/eq/2.00/900/s3/Tt	4648682777353938388	622.0445283084941
cell/eq/2.00/900/s3/pt	4696904550941895523	1007846.888295513
cell/eq/2.00/900/s4/Tt	4651127699538968576	900.0
cell/eq/2.00/900/s4/pt	4696558257387927155	967533.0127636924
cell/eq/2.00/900/s5/Tt	4649712048382194445	739.0590966694014
cell/eq/2.00/900/s5/pt	4690778044877484465	409457.8565662159
cell/eq/2.00/900/s9/Tt	4649712048382194445	739.0590966694014
cell/eq/2.00/900/s9/pt	4690637356229241092	401268.6994348916
cell/eq/2.00/900/s4/far	4575265200543537756	0.007472476101304606
cell/eq/2.00/1100/abort	0	0.0
cell/eq/2.00/1100/branch	0	0.0
cell/eq/2.00/1100/n_solve_turbine	4620693217682128896	8.0
cell/eq/2.00/1100/pi_c	4615063087902610298	3.4997201148602786
cell/eq/2.00/1100/tau_c	4609295689379185525	1.4692403308510766
cell/eq/2.00/1100/tau_t	4605643446016572019	0.8291396981547464
cell/eq/2.00/1100/pi_t	4601333345164113485	0.42531118883457425
cell/eq/2.00/1100/mdot_air	4611202889693151179	1.892723871078476
cell/eq/2.00/1100/mdot_ratio	4611202889693151179	1.892723871078476
cell/eq/2.00/1100/thrust	4647217536006099534	483.7329364868682
cell/eq/2.00/1100/V0	4648794786243791675	634.7784647926231
cell/eq/2.00/1100/V9	4648040643595352199	549.0423719005347
cell/eq/2.00/1100/M9	4607182418800016826	0.9999999999999354
cell/eq/2.00/1100/T9	4650060802110529532	778.707805187441
cell/eq/2.00/1100/p9	4688296053237779950	264986.92881223455
cell/eq/2.00/1100/F_over_mdot	4643196263076817724	255.57501750703693
cell/eq/2.00/1100/tsfc	4542224738237202476	4.8110885088603915e-05
cell/eq/2.00/1100/eta_th	13814731246346585060	-0.09290885878205263
cell/eq/2.00/1100/eta_p	13838025954304417458	-3.3180119317074395
cell/eq/2.00/1100/s2/Tt	4646616148371619680	449.54800728241935
cell/eq/2.00/1100/s2/pt	4689797715477858930	352395.1752893097
cell/eq/2.00/1100/s3/Tt	4649020983037332634	660.494062953064
cell/eq/2.00/1100/s3/pt	4698047728242665147	1233284.4833397109
cell/eq/2.00/1100/s4/Tt	4652552666608566272	1100.0
cell/eq/2.00/1100/s4/pt	4697835851581760814	1183953.1040061223
cell/eq/2.00/1100/s5/Tt	4651233724723693450	912.0536679702211
cell/eq/2.00/1100/s5/pt	4692394509860725841	503548.5021892237
cell/eq/2.00/1100/s9/Tt	4651233724723693450	912.0536679702211
cell/eq/2.00/1100/s9/pt	4692221491912817641	493477.53214543924
cell/eq/2.00/1100/s4/far	4578241748775977086	0.012295940298798987
cell/eq/2.00/1500/abort	0	0.0
cell/eq/2.00/1500/branch	0	0.0
cell/eq/2.00/1500/n_solve_turbine	4621256167635550208	9.0
cell/eq/2.00/1500/pi_c	4617437219855572920	5.108092995862471
cell/eq/2.00/1500/tau_c	4610066619090499767	1.640421114024816
cell/eq/2.00/1500/tau_t	4605746667970019242	0.8405996370911357
cell/eq/2.00/1500/pi_t	4601395139542957631	0.4287414659438333
cell/eq/2.00/1500/mdot_air	4612414628113009533	2.3235676995768118
cell/eq/2.00/1500/mdot_ratio	4612414628113009533	2.3235676995768118
cell/eq/2.00/1500/thrust	4652398561493772860	1064.9605536448207
cell/eq/2.00/1500/V0	4648794786243791675	634.7784647926231
cell/eq/2.00/1500/V9	4648857417316181030	641.8987933556825
cell/eq/2.00/1500/M9	4607182418800016730	0.9999999999999247
cell/eq/2.00/1500/T9	4652516464269168864	1091.768541031568
cell/eq/2.00/1500/p9	4690518303073044519	394338.8936883234
cell/eq/2.00/1500/F_over_mdot	4646770641079199104	458.3299009702969
cell/eq/2.00/1500/tsfc	4542505352742895084	5.001240294299686e-05
cell/eq/2.00/1500/eta_th	4576599081368961333	0.009446366584626812
cell/eq/2.00/1500/eta_p	4629529624269282375	31.393222553623016
cell/eq/2.00/1500/s2/Tt	4646616148371619680	449.54800728241935
cell/eq/2.00/1500/s2/pt	4689797715477858930	352395.1752893097
cell/eq/2.00/1500/s3/Tt	4649697877403496947	737.4480429138624
cell/eq/2.00/1500/s3/pt	4700482042018707143	1800067.3266710506
cell/eq/2.00/1500/s4/Tt	4654311885213007872	1500.0
cell/eq/2.00/1500/s4/pt	4700172792806761130	1728064.6336042085
cell/eq/2.00/1500/s5/Tt	4653260309898067809	1260.8994556367036
cell/eq/2.00/1500/s5/pt	4694611434195328371	740892.9642571643
cell/eq/2.00/1500/s9/Tt	4653260309898067809	1260.8994556367036
cell/eq/2.00/1500/s9/pt	4694484149753275530	726075.104972021
cell/eq/2.00/1500/s4/far	4582264089882156634	0.022922179688150336
census/matched_choked	4634907704006017024	74.0
census/matched_subsonic	4624070917402656768	14.0
census/aborted	4630544841867001856	38.0
turb/cpg/1500/pi_t	4601379591121935493	0.4278783551930661
turb/cpg/1500/tau_t	4605740205924975101	0.8398822059717187
turb/cpg/1500/Tt5	4653255576954920245	1259.823308957578
turb/cpg/1500/n_tau	4631811479262199808	47.0
turb/cpg/1100/pi_t	4601379591121935493	0.4278783551930661
turb/cpg/1100/tau_t	4605740205924975101	0.8398822059717187
turb/cpg/1100/Tt5	4651337666031548323	923.8704265688906
turb/cpg/1100/n_tau	4631811479262199808	47.0
turb/cpg/900/pi_t	4601379591121935493	0.4278783551930661
turb/cpg/900/tau_t	4605740205924975101	0.8398822059717187
turb/cpg/900/Tt5	4649860129629263423	755.8939853745468
turb/cpg/900/n_tau	4631811479262199808	47.0
turb/cpg/650/pi_t	4601379591121935493	0.4278783551930661
turb/cpg/650/tau_t	4605740205924975101	0.8398822059717187
turb/cpg/650/Tt5	4648013209126407299	545.9234338816171
turb/cpg/650/n_tau	4631811479262199808	47.0
turb/tpg/1500/pi_t	4601396903998828264	0.42883941292050887
turb/tpg/1500/tau_t	4605762360027398715	0.8423418054317787
turb/tpg/1500/Tt5	4653271803104156290	1263.512708147668
turb/tpg/1500/n_tau	4631811479262199808	47.0
turb/tpg/1100/pi_t	4601348491708423815	0.4261519909464159
turb/tpg/1100/tau_t	4605684308384804669	0.8336763323600064
turb/tpg/1100/Tt5	4651277619845818366	917.043965596007
turb/tpg/1100/n_tau	4631811479262199808	47.0
turb/tpg/900/pi_t	4601315705158243734	0.4243319718010182
turb/tpg/900/tau_t	4605622997537475949	0.8268694609236441
turb/tpg/900/Tt5	4649757114444937997	744.1825148312797
turb/tpg/900/n_tau	4631811479262199808	47.0
turb/tpg/650/pi_t	4601279906964121245	0.4223447728332788
turb/tpg/650/tau_t	4605535583109582683	0.8171645098704902
turb/tpg/650/Tt5	4647883321597105471	531.1569314158186
turb/tpg/650/n_tau	4631811479262199808	47.0
turb/eq/1500/pi_t	4601400642391577307	0.42904693540576283
turb/eq/1500/tau_t	4605757431520966003	0.8417946312999177
turb/eq/1500/Tt5	4653268193358233894	1262.6919469498766
turb/eq/1500/n_tau	4631811479262199808	47.0
turb/eq/1100/pi_t	4601352308602826136	0.4263638711488169
turb/eq/1100/tau_t	4605679689884341475	0.8331635758046584
turb/eq/1100/Tt5	4651272658566023920	916.4799333851242
turb/eq/1100/n_tau	4631811479262199808	47.0
turb/eq/900/pi_t	4601319638006826086	0.4245502887534428
turb/eq/900/tau_t	4605618580931700882	0.8263791191814269
turb/eq/900/Tt5	4649753232662518504	743.7412072632842
turb/eq/900/n_tau	4631811479262199808	47.0
turb/eq/650/pi_t	4601284275977760033	0.422587301810113
turb/eq/650/tau_t	4605531685146771462	0.8167317490642751
turb/eq/650/Tt5	4647880847304305380	530.8756368917789
turb/eq/650/n_tau	4631811479262199808	47.0
census/tau_evals_per_solve	4631811479262199808	47.0
brk/cpg/0.30/400/n_lo	4626322717216342016	20.0
brk/cpg/0.30/400/n_hi	4620693217682128896	8.0
brk/cpg/0.30/400/found_lo	4607182418800017408	1.0
brk/cpg/0.30/400/found_hi	4607182418800017408	1.0
brk/cpg/0.30/400/lo	4603129179135383963	0.5500000000000002
brk/cpg/0.30/400/rlo	4597059563120074540	0.2190343137292471
brk/cpg/0.30/400/hi	4605736763319631478	0.8394999999999999
brk/cpg/0.30/400/rhi	4594128590039622053	0.13768346876737528
brk/cpg/0.30/400/straddles	0	0.0
brk/cpg/0.30/500/n_lo	4613937818241073152	3.0
brk/cpg/0.30/500/n_hi	4613937818241073152	3.0
brk/cpg/0.30/500/found_lo	4607182418800017408	1.0
brk/cpg/0.30/500/found_hi	4607182418800017408	1.0
brk/cpg/0.30/500/lo	4596734067664517856	0.20999999999999996
brk/cpg/0.30/500/rlo	4602987498161297379	0.5342702520417756
brk/cpg/0.30/500/hi	4606637483245105578	0.9395
brk/cpg/0.30/500/rhi	4591779730670189775	0.09874476246430962
brk/cpg/0.30/500/straddles	0	0.0
brk/cpg/0.30/600/n_lo	0	0.0
brk/cpg/0.30/600/n_hi	4611686018427387904	2.0
brk/cpg/0.30/600/found_lo	4607182418800017408	1.0
brk/cpg/0.30/600/found_hi	4607182418800017408	1.0
brk/cpg/0.30/600/lo	4594572339843380019	0.15
brk/cpg/0.30/600/rlo	4603754884250716398	0.619467222566781
brk/cpg/0.30/600/hi	4606817627230200398	0.9595
brk/cpg/0.30/600/rhi	4590366740657881502	0.07913558689893427
brk/cpg/0.30/600/straddles	0	0.0
brk/cpg/0.30/650/n_lo	0	0.0
brk/cpg/0.30/650/n_hi	4611686018427387904	2.0
brk/cpg/0.30/650/found_lo	4607182418800017408	1.0
brk/cpg/0.30/650/found_hi	4607182418800017408	1.0
brk/cpg/0.30/650/lo	4594572339843380019	0.15
brk/cpg/0.30/650/rlo	4603754933036115783	0.6194726388341473
brk/cpg/0.30/650/hi	4606817627230200398	0.9595
brk/cpg/0.30/650/rhi	4588760689358018957	0.05967357387548864
brk/cpg/0.30/650/straddles	0	0.0
brk/cpg/0.30/900/n_lo	0	0.0
brk/cpg/0.30/900/n_hi	4607182418800017408	1.0
brk/cpg/0.30/900/found_lo	4607182418800017408	1.0
brk/cpg/0.30/900/found_hi	4607182418800017408	1.0
brk/cpg/0.30/900/lo	4594572339843380019	0.15
brk/cpg/0.30/900/rlo	4606198042799247290	0.8907123099056584
brk/cpg/0.30/900/hi	4606997771215295218	0.9795
brk/cpg/0.30/900/rhi	4588292995005883289	0.05642829238656261
brk/cpg/0.30/900/straddles	0	0.0
brk/cpg/0.30/1100/n_lo	0	0.0
brk/cpg/0.30/1100/n_hi	4607182418800017408	1.0
brk/cpg/0.30/1100/found_lo	4607182418800017408	1.0
brk/cpg/0.30/1100/found_hi	4607182418800017408	1.0
brk/cpg/0.30/1100/lo	4594572339843380019	0.15
brk/cpg/0.30/1100/rlo	4608162525787022290	1.2176274687137618
brk/cpg/0.30/1100/hi	4606997771215295218	0.9795
brk/cpg/0.30/1100/rhi	4584623866345451576	0.031109298946020852
brk/cpg/0.30/1100/straddles	0	0.0
brk/cpg/0.30/1500/n_lo	0	0.0
brk/cpg/0.30/1500/n_hi	4607182418800017408	1.0
brk/cpg/0.30/1500/found_lo	4607182418800017408	1.0
brk/cpg/0.30/1500/found_hi	4607182418800017408	1.0
brk/cpg/0.30/1500/lo	4594572339843380019	0.15
brk/cpg/0.30/1500/rlo	4611964355590589194	2.123606530877969
brk/cpg/0.30/1500/hi	4606997771215295218	0.9795
brk/cpg/0.30/1500/rhi	4572177731665771808	0.004794523729500427
brk/cpg/0.30/1500/straddles	0	0.0
brk/cpg/0.50/400/n_lo	4622382067542392832	11.0
brk/cpg/0.50/400/n_hi	0	0.0
brk/cpg/0.50/400/found_lo	4607182418800017408	1.0
brk/cpg/0.50/400/found_hi	4607182418800017408	1.0
brk/cpg/0.50/400/lo	4600336947366414255	0.37000000000000005
brk/cpg/0.50/400/rlo	4599027886804493664	0.2973325411763508
brk/cpg/0.50/400/hi	4607177915200390038	0.9995
brk/cpg/0.50/400/rhi	13807429541577810952	-0.02914433734142466
brk/cpg/0.50/400/straddles	4607182418800017408	1.0
brk/cpg/0.50/500/n_lo	4611686018427387904	2.0
brk/cpg/0.50/500/n_hi	0	0.0
brk/cpg/0.50/500/found_lo	4607182418800017408	1.0
brk/cpg/0.50/500/found_hi	4607182418800017408	1.0
brk/cpg/0.50/500/lo	4596013491724138577	0.18999999999999997
brk/cpg/0.50/500/rlo	4603007146735369260	0.5364516819753411
brk/cpg/0.50/500/hi	4607177915200390038	0.9995
brk/cpg/0.50/500/rhi	13806581738744875656	-0.026202930386839657
brk/cpg/0.50/500/straddles	4607182418800017408	1.0
brk/cpg/0.50/600/n_lo	0	0.0
brk/cpg/0.50/600/n_hi	0	0.0
brk/cpg/0.50/600/found_lo	4607182418800017408	1.0
brk/cpg/0.50/600/found_hi	4607182418800017408	1.0
brk/cpg/0.50/600/lo	4594572339843380019	0.15
brk/cpg/0.50/600/rlo	4603816961316183526	0.6263591613050579
brk/cpg/0.50/600/hi	4607177915200390038	0.9995
brk/cpg/0.50/600/rhi	13805959508943396408	-0.024044137098682777
brk/cpg/0.50/600/straddles	4607182418800017408	1.0
brk/cpg/0.50/650/n_lo	0	0.0
brk/cpg/0.50/650/n_hi	0	0.0
brk/cpg/0.50/650/found_lo	4607182418800017408	1.0
brk/cpg/0.50/650/found_hi	4607182418800017408	1.0
brk/cpg/0.50/650/lo	4594572339843380019	0.15
brk/cpg/0.50/650/rlo	4603944610742356154	0.6405310945067619
brk/cpg/0.50/650/hi	4607177915200390038	0.9995
brk/cpg/0.50/650/rhi	13805704893617541124	-0.023160762732473486
brk/cpg/0.50/650/straddles	4607182418800017408	1.0
brk/cpg/0.50/900/n_lo	0	0.0
brk/cpg/0.50/900/n_hi	0	0.0
brk/cpg/0.50/900/found_lo	4607182418800017408	1.0
brk/cpg/0.50/900/found_hi	4607182418800017408	1.0
brk/cpg/0.50/900/lo	4594572339843380019	0.15
brk/cpg/0.50/900/rlo	4606598200286269331	0.9351387154624596
brk/cpg/0.50/900/hi	4607177915200390038	0.9995
brk/cpg/0.50/900/rhi	13804776363438703212	-0.019939276533707348
brk/cpg/0.50/900/straddles	4607182418800017408	1.0
brk/cpg/0.50/1100/n_lo	0	0.0
brk/cpg/0.50/1100/n_hi	0	0.0
brk/cpg/0.50/1100/found_lo	4607182418800017408	1.0
brk/cpg/0.50/1100/found_hi	4607182418800017408	1.0
brk/cpg/0.50/1100/lo	4594572339843380019	0.15
brk/cpg/0.50/1100/rlo	4608404705847932875	1.2714022446593727
brk/cpg/0.50/1100/hi	4607177915200390038	0.9995
brk/cpg/0.50/1100/rhi	13804281784735247104	-0.018223361958500384
brk/cpg/0.50/1100/straddles	4607182418800017408	1.0
brk/cpg/0.50/1500/n_lo	0	0.0
brk/cpg/0.50/1500/n_hi	0	0.0
brk/cpg/0.50/1500/found_lo	4607182418800017408	1.0
brk/cpg/0.50/1500/found_hi	4607182418800017408	1.0
brk/cpg/0.50/1500/lo	4594572339843380019	0.15
brk/cpg/0.50/1500/rlo	4612135612300064594	2.199659787670421
brk/cpg/0.50/1500/hi	4607177915200390038	0.9995
brk/cpg/0.50/1500/rhi	13803621252024032092	-0.015931678756909803
brk/cpg/0.50/1500/straddles	4607182418800017408	1.0
brk/cpg/0.85/400/n_lo	4613937818241073152	3.0
brk/cpg/0.85/400/n_hi	0	0.0
brk/cpg/0.85/400/found_lo	4607182418800017408	1.0
brk/cpg/0.85/400/found_hi	4607182418800017408	1.0
brk/cpg/0.85/400/lo	4596734067664517856	0.20999999999999996
brk/cpg/0.85/400/rlo	4603178011472604117	0.5554214785128077
brk/cpg/0.85/400/hi	4607177915200390038	0.9995
brk/cpg/0.85/400/rhi	13820056874111405622	-0.20863358169127516
brk/cpg/0.85/400/straddles	4607182418800017408	1.0
brk/cpg/0.85/500/n_lo	0	0.0
brk/cpg/0.85/500/n_hi	0	0.0
brk/cpg/0.85/500/found_lo	4607182418800017408	1.0
brk/cpg/0.85/500/found_hi	4607182418800017408	1.0
brk/cpg/0.85/500/lo	4594572339843380019	0.15
brk/cpg/0.85/500/rlo	4604289886226021555	0.6788643736871535
brk/cpg/0.85/500/hi	4607177915200390038	0.9995
brk/cpg/0.85/500/rhi	13819265130670189597	-0.18665828674042553
brk/cpg/0.85/500/straddles	4607182418800017408	1.0
brk/cpg/0.85/600/n_lo	0	0.0
brk/cpg/0.85/600/n_hi	0	0.0
brk/cpg/0.85/600/found_lo	4607182418800017408	1.0
brk/cpg/0.85/600/found_hi	4607182418800017408	1.0
brk/cpg/0.85/600/lo	4594572339843380019	0.15
brk/cpg/0.85/600/rlo	4604360057777009624	0.6866549808452147
brk/cpg/0.85/600/hi	4607177915200390038	0.9995
brk/cpg/0.85/600/rhi	13818680859488391026	-0.17044150377398243
brk/cpg/0.85/600/straddles	4607182418800017408	1.0
brk/cpg/0.85/650/n_lo	0	0.0
brk/cpg/0.85/650/n_hi	0	0.0
brk/cpg/0.85/650/found_lo	4607182418800017408	1.0
brk/cpg/0.85/650/found_hi	4607182418800017408	1.0
brk/cpg/0.85/650/lo	4594572339843380019	0.15
brk/cpg/0.85/650/rlo	4604742023805747456	0.7290617288181522
brk/cpg/0.85/650/hi	4607177915200390038	0.9995
brk/cpg/0.85/650/rhi	13818440758824020492	-0.16377737162868333
brk/cpg/0.85/650/straddles	4607182418800017408	1.0
brk/cpg/0.85/900/n_lo	0	0.0
brk/cpg/0.85/900/n_hi	0	0.0
brk/cpg/0.85/900/found_lo	4607182418800017408	1.0
brk/cpg/0.85/900/found_hi	4607182418800017408	1.0
brk/cpg/0.85/900/lo	4594572339843380019	0.15
brk/cpg/0.85/900/rlo	4607522748874086574	1.0755684568407946
brk/cpg/0.85/900/hi	4607177915200390038	0.9995
brk/cpg/0.85/900/rhi	13817558159068711443	-0.13928030738186745
brk/cpg/0.85/900/straddles	4607182418800017408	1.0
brk/cpg/0.85/1100/n_lo	0	0.0
brk/cpg/0.85/1100/n_hi	0	0.0
brk/cpg/0.85/1100/found_lo	4607182418800017408	1.0
brk/cpg/0.85/1100/found_hi	4607182418800017408	1.0
brk/cpg/0.85/1100/lo	4594572339843380019	0.15
brk/cpg/0.85/1100/rlo	4609164463903848019	1.4401024220236607
brk/cpg/0.85/1100/hi	4607177915200390038	0.9995
brk/cpg/0.85/1100/rhi	13817081644417627603	-0.1260543689517549
brk/cpg/0.85/1100/straddles	4607182418800017408	1.0
brk/cpg/0.85/1500/n_lo	0	0.0
brk/cpg/0.85/1500/n_hi	0	0.0
brk/cpg/0.85/1500/found_lo	4607182418800017408	1.0
brk/cpg/0.85/1500/found_hi	4607182418800017408	1.0
brk/cpg/0.85/1500/lo	4594572339843380019	0.15
brk/cpg/0.85/1500/rlo	4612666916393359285	2.435606202651764
brk/cpg/0.85/1500/hi	4607177915200390038	0.9995
brk/cpg/0.85/1500/rhi	13815823687339219623	-0.10806952307039329
brk/cpg/0.85/1500/straddles	4607182418800017408	1.0
brk/cpg/1.20/400/n_lo	0	0.0
brk/cpg/1.20/400/n_hi	0	0.0
brk/cpg/1.20/400/found_lo	4607182418800017408	1.0
brk/cpg/1.20/400/found_hi	4607182418800017408	1.0
brk/cpg/1.20/400/lo	4594572339843380019	0.15
brk/cpg/1.20/400/rlo	4605011915970270697	0.7590257783401145
brk/cpg/1.20/400/hi	4607177915200390038	0.9995
brk/cpg/1.20/400/rhi	13823199595188832119	-0.34172322838923413
brk/cpg/1.20/400/straddles	4607182418800017408	1.0
brk/cpg/1.20/500/n_lo	0	0.0
brk/cpg/1.20/500/n_hi	0	0.0
brk/cpg/1.20/500/found_lo	4607182418800017408	1.0
brk/cpg/1.20/500/found_hi	4607182418800017408	1.0
brk/cpg/1.20/500/lo	4594572339843380019	0.15
brk/cpg/1.20/500/rlo	4604939355329883756	0.7509699289762017
brk/cpg/1.20/500/hi	4607177915200390038	0.9995
brk/cpg/1.20/500/rhi	13822550376432846890	-0.305684347843569
brk/cpg/1.20/500/straddles	4607182418800017408	1.0
brk/cpg/1.20/600/n_lo	0	0.0
brk/cpg/1.20/600/n_hi	0	0.0
brk/cpg/1.20/600/found_lo	4607182418800017408	1.0
brk/cpg/1.20/600/found_hi	4607182418800017408	1.0
brk/cpg/1.20/600/lo	4594572339843380019	0.15
brk/cpg/1.20/600/rlo	4605803506854332386	0.8469100208969815
brk/cpg/1.20/600/hi	4607177915200390038	0.9995
brk/cpg/1.20/600/rhi	13822071206444575194	-0.27908507015913886
brk/cpg/1.20/600/straddles	4607182418800017408	1.0
brk/cpg/1.20/650/n_lo	0	0.0
brk/cpg/1.20/650/n_hi	0	0.0
brk/cpg/1.20/650/found_lo	4607182418800017408	1.0
brk/cpg/1.20/650/found_hi	4607182418800017408	1.0
brk/cpg/1.20/650/lo	4594572339843380019	0.15
brk/cpg/1.20/650/rlo	4606386616352400772	0.9116481799602956
brk/cpg/1.20/650/hi	4607177915200390038	0.9995
brk/cpg/1.20/650/rhi	13821874272041010939	-0.26815301470024594
brk/cpg/1.20/650/straddles	4607182418800017408	1.0
brk/cpg/1.20/900/n_lo	0	0.0
brk/cpg/1.20/900/n_hi	0	0.0
brk/cpg/1.20/900/found_lo	4607182418800017408	1.0
brk/cpg/1.20/900/found_hi	4607182418800017408	1.0
brk/cpg/1.20/900/lo	4594572339843380019	0.15
brk/cpg/1.20/900/rlo	4608558214416141056	1.3054879940397655
brk/cpg/1.20/900/hi	4607177915200390038	0.9995
brk/cpg/1.20/900/rhi	13820753112454490708	-0.22795807766927345
brk/cpg/1.20/900/straddles	4607182418800017408	1.0
brk/cpg/1.20/1100/n_lo	0	0.0
brk/cpg/1.20/1100/n_hi	0	0.0
brk/cpg/1.20/1100/found_lo	4607182418800017408	1.0
brk/cpg/1.20/1100/found_hi	4607182418800017408	1.0
brk/cpg/1.20/1100/lo	4594572339843380019	0.15
brk/cpg/1.20/1100/rlo	4610385729849009684	1.7112779363254775
brk/cpg/1.20/1100/hi	4607177915200390038	0.9995
brk/cpg/1.20/1100/rhi	13819970943886998735	-0.20624853885008185
brk/cpg/1.20/1100/straddles	4607182418800017408	1.0
brk/cpg/1.20/1500/n_lo	0	0.0
brk/cpg/1.20/1500/n_hi	0	0.0
brk/cpg/1.20/1500/found_lo	4607182418800017408	1.0
brk/cpg/1.20/1500/found_hi	4607182418800017408	1.0
brk/cpg/1.20/1500/lo	4594572339843380019	0.15
brk/cpg/1.20/1500/rlo	4613495450968647913	2.803549467525148
brk/cpg/1.20/1500/hi	4607177915200390038	0.9995
brk/cpg/1.20/1500/rhi	13818906800846060396	-0.17671263621147248
brk/cpg/1.20/1500/straddles	4607182418800017408	1.0
brk/cpg/1.60/400/n_lo	4619567317775286272	7.0
brk/cpg/1.60/400/n_hi	0	0.0
brk/cpg/1.60/400/found_lo	4607182418800017408	1.0
brk/cpg/1.60/400/found_hi	4607182418800017408	1.0
brk/cpg/1.60/400/lo	4598895795485655695	0.29
brk/cpg/1.60/400/rlo	4599657706451372026	0.3322945548426329
brk/cpg/1.60/400/hi	4607177915200390038	0.9995
brk/cpg/1.60/400/rhi	13826783550375288278	-0.5813454135013056
brk/cpg/1.60/400/straddles	4607182418800017408	1.0
brk/cpg/1.60/500/n_lo	0	0.0
brk/cpg/1.60/500/n_hi	0	0.0
brk/cpg/1.60/500/found_lo	4607182418800017408	1.0
brk/cpg/1.60/500/found_hi	4607182418800017408	1.0
brk/cpg/1.60/500/lo	4594572339843380019	0.15
brk/cpg/1.60/500/rlo	4607325654575591854	1.0318047311985583
brk/cpg/1.60/500/hi	4607177915200390038	0.9995
brk/cpg/1.60/500/rhi	13826231232873431172	-0.520025852754785
brk/cpg/1.60/500/straddles	4607182418800017408	1.0
brk/cpg/1.60/600/n_lo	0	0.0
brk/cpg/1.60/600/n_hi	0	0.0
brk/cpg/1.60/600/found_lo	4607182418800017408	1.0
brk/cpg/1.60/600/found_hi	4607182418800017408	1.0
brk/cpg/1.60/600/lo	4594572339843380019	0.15
brk/cpg/1.60/600/rlo	4607936141233147794	1.1673599998875699
brk/cpg/1.60/600/hi	4607177915200390038	0.9995
brk/cpg/1.60/600/rhi	13825596293762590287	-0.47476672537286374
brk/cpg/1.60/600/straddles	4607182418800017408	1.0
brk/cpg/1.60/650/n_lo	0	0.0
brk/cpg/1.60/650/n_hi	0	0.0
brk/cpg/1.60/650/found_lo	4607182418800017408	1.0
brk/cpg/1.60/650/found_hi	4607182418800017408	1.0
brk/cpg/1.60/650/lo	4594572339843380019	0.15
brk/cpg/1.60/650/rlo	4608277131590223808	1.2430750690077588
brk/cpg/1.60/650/hi	4607177915200390038	0.9995
brk/cpg/1.60/650/rhi	13825261201355270616	-0.45616536007369524
brk/cpg/1.60/650/straddles	4607182418800017408	1.0
brk/cpg/1.60/900/n_lo	0	0.0
brk/cpg/1.60/900/n_hi	0	0.0
brk/cpg/1.60/900/found_lo	4607182418800017408	1.0
brk/cpg/1.60/900/found_hi	4607182418800017408	1.0
brk/cpg/1.60/900/lo	4594572339843380019	0.15
brk/cpg/1.60/900/rlo	4610337178346000461	1.7004973370212781
brk/cpg/1.60/900/hi	4607177915200390038	0.9995
brk/cpg/1.60/900/rhi	13824029099585451791	-0.387769972396982
brk/cpg/1.60/900/straddles	4607182418800017408	1.0
brk/cpg/1.60/1100/n_lo	0	0.0
brk/cpg/1.60/1100/n_hi	0	0.0
brk/cpg/1.60/1100/found_lo	4607182418800017408	1.0
brk/cpg/1.60/1100/found_hi	4607182418800017408	1.0
brk/cpg/1.60/1100/lo	4594572339843380019	0.15
brk/cpg/1.60/1100/rlo	4612058731001668056	2.1655176326132555
brk/cpg/1.60/1100/hi	4607177915200390038	0.9995
brk/cpg/1.60/1100/rhi	13823363601395268657	-0.3508274017175977
brk/cpg/1.60/1100/straddles	4607182418800017408	1.0
brk/cpg/1.60/1500/n_lo	0	0.0
brk/cpg/1.60/1500/n_hi	0	0.0
brk/cpg/1.60/1500/found_lo	4607182418800017408	1.0
brk/cpg/1.60/1500/found_hi	4607182418800017408	1.0
brk/cpg/1.60/1500/lo	4594572339843380019	0.15
brk/cpg/1.60/1500/rlo	4614825587059844092	3.39424855325751
brk/cpg/1.60/1500/hi	4607177915200390038	0.9995
brk/cpg/1.60/1500/rhi	13822458130749738367	-0.3005636837781011
brk/cpg/1.60/1500/straddles	4607182418800017408	1.0
brk/cpg/2.00/400/n_lo	4627730092099895296	25.0
brk/cpg/2.00/400/n_hi	0	0.0
brk/cpg/2.00/400/found_lo	4607182418800017408	1.0
brk/cpg/2.00/400/found_hi	4607182418800017408	1.0
brk/cpg/2.00/400/lo	4604029899060858063	0.6500000000000002
brk/cpg/2.00/400/rlo	13826410404885843380	-0.5399179421096307
brk/cpg/2.00/400/hi	4607177915200390038	0.9995
brk/cpg/2.00/400/rhi	13830683066944318576	-1.0285574429715574
brk/cpg/2.00/400/straddles	0	0.0
brk/cpg/2.00/500/n_lo	4616189618054758400	4.0
brk/cpg/2.00/500/n_hi	0	0.0
brk/cpg/2.00/500/found_lo	4607182418800017408	1.0
brk/cpg/2.00/500/found_hi	4607182418800017408	1.0
brk/cpg/2.00/500/lo	4597454643604897135	0.22999999999999995
brk/cpg/2.00/500/rlo	4606151851558676528	0.8855840520238925
brk/cpg/2.00/500/hi	4607177915200390038	0.9995
brk/cpg/2.00/500/rhi	13829834338282443260	-0.9200509112784512
brk/cpg/2.00/500/straddles	4607182418800017408	1.0
brk/cpg/2.00/600/n_lo	0	0.0
brk/cpg/2.00/600/n_hi	0	0.0
brk/cpg/2.00/600/found_lo	4607182418800017408	1.0
brk/cpg/2.00/600/found_hi	4607182418800017408	1.0
brk/cpg/2.00/600/lo	4594572339843380019	0.15
brk/cpg/2.00/600/rlo	4610252845855415354	1.6817717624669641
brk/cpg/2.00/600/hi	4607177915200390038	0.9995
brk/cpg/2.00/600/rhi	13829112963939477692	-0.8399622707850294
brk/cpg/2.00/600/straddles	4607182418800017408	1.0
brk/cpg/2.00/650/n_lo	0	0.0
brk/cpg/2.00/650/n_hi	0	0.0
brk/cpg/2.00/650/found_lo	4607182418800017408	1.0
brk/cpg/2.00/650/found_hi	4607182418800017408	1.0
brk/cpg/2.00/650/lo	4594572339843380019	0.15
brk/cpg/2.00/650/rlo	4610653932693545759	1.77083093098026
brk/cpg/2.00/650/hi	4607177915200390038	0.9995
brk/cpg/2.00/650/rhi	13828816477071258867	-0.807045616025475
brk/cpg/2.00/650/straddles	4607182418800017408	1.0
brk/cpg/2.00/900/n_lo	0	0.0
brk/cpg/2.00/900/n_hi	0	0.0
brk/cpg/2.00/900/found_lo	4607182418800017408	1.0
brk/cpg/2.00/900/found_hi	4607182418800017408	1.0
brk/cpg/2.00/900/lo	4594572339843380019	0.15
brk/cpg/2.00/900/rlo	4612379868942396320	2.3081315269641465
brk/cpg/2.00/900/hi	4607177915200390038	0.9995
brk/cpg/2.00/900/rhi	13827726295295413948	-0.6860111251684979
brk/cpg/2.00/900/straddles	4607182418800017408	1.0
brk/cpg/2.00/1100/n_lo	0	0.0
brk/cpg/2.00/1100/n_hi	0	0.0
brk/cpg/2.00/1100/found_lo	4607182418800017408	1.0
brk/cpg/2.00/1100/found_hi	4607182418800017408	1.0
brk/cpg/2.00/1100/lo	4594572339843380019	0.15
brk/cpg/2.00/1100/rlo	4613597543135801143	2.8488874973681066
brk/cpg/2.00/1100/hi	4607177915200390038	0.9995
brk/cpg/2.00/1100/rhi	13827137426468460570	-0.6206335521517332
brk/cpg/2.00/1100/straddles	4607182418800017408	1.0
brk/cpg/2.00/1500/n_lo	0	0.0
brk/cpg/2.00/1500/n_hi	0	0.0
brk/cpg/2.00/1500/found_lo	4607182418800017408	1.0
brk/cpg/2.00/1500/found_hi	4607182418800017408	1.0
brk/cpg/2.00/1500/lo	4594572339843380019	0.15
brk/cpg/2.00/1500/rlo	4616473964387534932	4.252550276492986
brk/cpg/2.00/1500/hi	4607177915200390038	0.9995
brk/cpg/2.00/1500/rhi	13826336169816797288	-0.5316761938206698
brk/cpg/2.00/1500/straddles	4607182418800017408	1.0
brk/tpg/0.30/400/n_lo	4626885667169763328	22.0
brk/tpg/0.30/400/n_hi	4620693217682128896	8.0
brk/tpg/0.30/400/found_lo	4607182418800017408	1.0
brk/tpg/0.30/400/found_hi	4607182418800017408	1.0
brk/tpg/0.30/400/lo	4603489467105573603	0.5900000000000002
brk/tpg/0.30/400/rlo	4596455905769212374	0.202279456481462
brk/tpg/0.30/400/hi	4605736763319631478	0.8394999999999999
brk/tpg/0.30/400/rhi	4594378905199517716	0.1446311101155976
brk/tpg/0.30/400/straddles	0	0.0
brk/tpg/0.30/500/n_lo	4617315517961601024	5.0
brk/tpg/0.30/500/n_hi	4613937818241073152	3.0
brk/tpg/0.30/500/found_lo	4607182418800017408	1.0
brk/tpg/0.30/500/found_hi	4607182418800017408	1.0
brk/tpg/0.30/500/lo	4598175219545276414	0.24999999999999994
brk/tpg/0.30/500/rlo	4600947089166059020	0.4038696737125924
brk/tpg/0.30/500/hi	4606637483245105578	0.9395
brk/tpg/0.30/500/rhi	4591916357272859500	0.10064083746506264
brk/tpg/0.30/500/straddles	0	0.0
brk/tpg/0.30/600/n_lo	0	0.0
brk/tpg/0.30/600/n_hi	4611686018427387904	2.0
brk/tpg/0.30/600/found_lo	4607182418800017408	1.0
brk/tpg/0.30/600/found_hi	4607182418800017408	1.0
brk/tpg/0.30/600/lo	4594572339843380019	0.15
brk/tpg/0.30/600/rlo	4603826627925205826	0.6274323704957185
brk/tpg/0.30/600/hi	4606817627230200398	0.9595
brk/tpg/0.30/600/rhi	4590471856493079533	0.08059436215505374
brk/tpg/0.30/600/straddles	0	0.0
brk/tpg/0.30/650/n_lo	0	0.0
brk/tpg/0.30/650/n_hi	4611686018427387904	2.0
brk/tpg/0.30/650/found_lo	4607182418800017408	1.0
brk/tpg/0.30/650/found_hi	4607182418800017408	1.0
brk/tpg/0.30/650/lo	4594572339843380019	0.15
brk/tpg/0.30/650/rlo	4603651398832759222	0.6079780331938796
brk/tpg/0.30/650/hi	4606817627230200398	0.9595
brk/tpg/0.30/650/rhi	4588975987037659352	0.06116750163227075
brk/tpg/0.30/650/straddles	0	0.0
brk/tpg/0.30/900/n_lo	0	0.0
brk/tpg/0.30/900/n_hi	4607182418800017408	1.0
brk/tpg/0.30/900/found_lo	4607182418800017408	1.0
brk/tpg/0.30/900/found_hi	4607182418800017408	1.0
brk/tpg/0.30/900/lo	4594572339843380019	0.15
brk/tpg/0.30/900/rlo	4605858596993887103	0.8530262550333275
brk/tpg/0.30/900/hi	4606997771215295218	0.9795
brk/tpg/0.30/900/rhi	4588367966787882836	0.05694851362764433
brk/tpg/0.30/900/straddles	0	0.0
brk/tpg/0.30/1100/n_lo	0	0.0
brk/tpg/0.30/1100/n_hi	4607182418800017408	1.0
brk/tpg/0.30/1100/found_lo	4607182418800017408	1.0
brk/tpg/0.30/1100/found_hi	4607182418800017408	1.0
brk/tpg/0.30/1100/lo	4594572339843380019	0.15
brk/tpg/0.30/1100/rlo	4608024213500898098	1.1869159717850377
brk/tpg/0.30/1100/hi	4606997771215295218	0.9795
brk/tpg/0.30/1100/rhi	4584692764009235672	0.03144667147126662
brk/tpg/0.30/1100/straddles	0	0.0
brk/tpg/0.30/1500/n_lo	0	0.0
brk/tpg/0.30/1500/n_hi	4607182418800017408	1.0
brk/tpg/0.30/1500/found_lo	4607182418800017408	1.0
brk/tpg/0.30/1500/found_hi	4607182418800017408	1.0
brk/tpg/0.30/1500/lo	4594572339843380019	0.15
brk/tpg/0.30/1500/rlo	4612023069788980984	2.1496808728487586
brk/tpg/0.30/1500/hi	4606997771215295218	0.9795
brk/tpg/0.30/1500/rhi	4572293051210439584	0.004894547490187501
brk/tpg/0.30/1500/straddles	0	0.0
brk/tpg/0.50/400/n_lo	4622945017495814144	12.0
brk/tpg/0.50/400/n_hi	0	0.0
brk/tpg/0.50/400/found_lo	4607182418800017408	1.0
brk/tpg/0.50/400/found_hi	4607182418800017408	1.0
brk/tpg/0.50/400/lo	4600697235336603895	0.39000000000000007
brk/tpg/0.50/400/rlo	4598853924785454301	0.28767570922896174
brk/tpg/0.50/400/hi	4607177915200390038	0.9995
brk/tpg/0.50/400/rhi	13806552534480804416	-0.026101607741873645
brk/tpg/0.50/400/straddles	4607182418800017408	1.0
brk/tpg/0.50/500/n_lo	4613937818241073152	3.0
brk/tpg/0.50/500/n_hi	0	0.0
brk/tpg/0.50/500/found_lo	4607182418800017408	1.0
brk/tpg/0.50/500/found_hi	4607182418800017408	1.0
brk/tpg/0.50/500/lo	4596734067664517856	0.20999999999999996
brk/tpg/0.50/500/rlo	4602368323909470728	0.48276405048923765
brk/tpg/0.50/500/hi	4607177915200390038	0.9995
brk/tpg/0.50/500/rhi	13805871416753738808	-0.023738505919784297
brk/tpg/0.50/500/straddles	4607182418800017408	1.0
brk/tpg/0.50/600/n_lo	0	0.0
brk/tpg/0.50/600/n_hi	0	0.0
brk/tpg/0.50/600/found_lo	4607182418800017408	1.0
brk/tpg/0.50/600/found_hi	4607182418800017408	1.0
brk/tpg/0.50/600/lo	4594572339843380019	0.15
brk/tpg/0.50/600/rlo	4603794431403285754	0.6238578385008673
brk/tpg/0.50/600/hi	4607177915200390038	0.9995
brk/tpg/0.50/600/rhi	13805383209379741648	-0.022044696334148572
brk/tpg/0.50/600/straddles	4607182418800017408	1.0
brk/tpg/0.50/650/n_lo	0	0.0
brk/tpg/0.50/650/n_hi	0	0.0
brk/tpg/0.50/650/found_lo	4607182418800017408	1.0
brk/tpg/0.50/650/found_hi	4607182418800017408	1.0
brk/tpg/0.50/650/lo	4594572339843380019	0.15
brk/tpg/0.50/650/rlo	4603790229069144264	0.6233912856887622
brk/tpg/0.50/650/hi	4607177915200390038	0.9995
brk/tpg/0.50/650/rhi	13805187693066500628	-0.021366362857117308
brk/tpg/0.50/650/straddles	4607182418800017408	1.0
brk/tpg/0.50/900/n_lo	0	0.0
brk/tpg/0.50/900/n_hi	0	0.0
brk/tpg/0.50/900/found_lo	4607182418800017408	1.0
brk/tpg/0.50/900/found_hi	4607182418800017408	1.0
brk/tpg/0.50/900/lo	4594572339843380019	0.15
brk/tpg/0.50/900/rlo	4606249744948495105	0.8964524015574115
brk/tpg/0.50/900/hi	4607177915200390038	0.9995
brk/tpg/0.50/900/rhi	13804498569917158716	-0.018975486647112336
brk/tpg/0.50/900/straddles	4607182418800017408	1.0
brk/tpg/0.50/1100/n_lo	0	0.0
brk/tpg/0.50/1100/n_hi	0	0.0
brk/tpg/0.50/1100/found_lo	4607182418800017408	1.0
brk/tpg/0.50/1100/found_hi	4607182418800017408	1.0
brk/tpg/0.50/1100/lo	4594572339843380019	0.15
brk/tpg/0.50/1100/rlo	4608265190738224617	1.2404236672431301
brk/tpg/0.50/1100/hi	4607177915200390038	0.9995
brk/tpg/0.50/1100/rhi	13804128829771326836	-0.017692692825141035
brk/tpg/0.50/1100/straddles	4607182418800017408	1.0
brk/tpg/0.50/1500/n_lo	0	0.0
brk/tpg/0.50/1500/n_hi	0	0.0
brk/tpg/0.50/1500/found_lo	4607182418800017408	1.0
brk/tpg/0.50/1500/found_hi	4607182418800017408	1.0
brk/tpg/0.50/1500/lo	4594572339843380019	0.15
brk/tpg/0.50/1500/rlo	4612200615602124192	2.2285270527197127
brk/tpg/0.50/1500/hi	4607177915200390038	0.9995
brk/tpg/0.50/1500/rhi	13803591785632443880	-0.01582944667442901
brk/tpg/0.50/1500/straddles	4607182418800017408	1.0
brk/tpg/0.85/400/n_lo	4618441417868443648	6.0
brk/tpg/0.85/400/n_hi	0	0.0
brk/tpg/0.85/400/found_lo	4607182418800017408	1.0
brk/tpg/0.85/400/found_hi	4607182418800017408	1.0
brk/tpg/0.85/400/lo	4598535507515466055	0.26999999999999996
brk/tpg/0.85/400/rlo	4599638209447829461	0.33121225373042523
brk/tpg/0.85/400/hi	4607177915200390038	0.9995
brk/tpg/0.85/400/rhi	13820027683488307597	-0.2078233791446106
brk/tpg/0.85/400/straddles	4607182418800017408	1.0
brk/tpg/0.85/500/n_lo	0	0.0
brk/tpg/0.85/500/n_hi	0	0.0
brk/tpg/0.85/500/found_lo	4607182418800017408	1.0
brk/tpg/0.85/500/found_hi	4607182418800017408	1.0
brk/tpg/0.85/500/lo	4594572339843380019	0.15
brk/tpg/0.85/500/rlo	4604430761800399691	0.6945047043153435
brk/tpg/0.85/500/hi	4607177915200390038	0.9995
brk/tpg/0.85/500/rhi	13819234977464458869	-0.1858213671587127
brk/tpg/0.85/500/straddles	4607182418800017408	1.0
brk/tpg/0.85/600/n_lo	0	0.0
brk/tpg/0.85/600/n_hi	0	0.0
brk/tpg/0.85/600/found_lo	4607182418800017408	1.0
brk/tpg/0.85/600/found_hi	4607182418800017408	1.0
brk/tpg/0.85/600/lo	4594572339843380019	0.15
brk/tpg/0.85/600/rlo	4604172111003424267	0.6657886973013672
brk/tpg/0.85/600/hi	4607177915200390038	0.9995
brk/tpg/0.85/600/rhi	13818649204654900900	-0.1695629056494471
brk/tpg/0.85/600/straddles	4607182418800017408	1.0
brk/tpg/0.85/650/n_lo	0	0.0
brk/tpg/0.85/650/n_hi	0	0.0
brk/tpg/0.85/650/found_lo	4607182418800017408	1.0
brk/tpg/0.85/650/found_hi	4607182418800017408	1.0
brk/tpg/0.85/650/lo	4594572339843380019	0.15
brk/tpg/0.85/650/rlo	4604466203043159774	0.6984394726887009
brk/tpg/0.85/650/hi	4607177915200390038	0.9995
brk/tpg/0.85/650/rhi	13818408228707321622	-0.1628744795148626
brk/tpg/0.85/650/straddles	4607182418800017408	1.0
brk/tpg/0.85/900/n_lo	0	0.0
brk/tpg/0.85/900/n_hi	0	0.0
brk/tpg/0.85/900/found_lo	4607182418800017408	1.0
brk/tpg/0.85/900/found_hi	4607182418800017408	1.0
brk/tpg/0.85/900/lo	4594572339843380019	0.15
brk/tpg/0.85/900/rlo	4607335797824763564	1.0340569849535468
brk/tpg/0.85/900/hi	4607177915200390038	0.9995
brk/tpg/0.85/900/rhi	13817521483348619528	-0.13826235165959866
brk/tpg/0.85/900/straddles	4607182418800017408	1.0
brk/tpg/0.85/1100/n_lo	0	0.0
brk/tpg/0.85/1100/n_hi	0	0.0
brk/tpg/0.85/1100/found_lo	4607182418800017408	1.0
brk/tpg/0.85/1100/found_hi	4607182418800017408	1.0
brk/tpg/0.85/1100/lo	4594572339843380019	0.15
brk/tpg/0.85/1100/rlo	4609023090869845172	1.4087113025414455
brk/tpg/0.85/1100/hi	4607177915200390038	0.9995
brk/tpg/0.85/1100/rhi	13817044131737879827	-0.12501318293247063
brk/tpg/0.85/1100/straddles	4607182418800017408	1.0
brk/tpg/0.85/1500/n_lo	0	0.0
brk/tpg/0.85/1500/n_hi	0	0.0
brk/tpg/0.85/1500/found_lo	4607182418800017408	1.0
brk/tpg/0.85/1500/found_hi	4607182418800017408	1.0
brk/tpg/0.85/1500/lo	4594572339843380019	0.15
brk/tpg/0.85/1500/rlo	4612752991781590094	2.4738313537987215
brk/tpg/0.85/1500/hi	4607177915200390038	0.9995
brk/tpg/0.85/1500/rhi	13815749042526054838	-0.10703361819233845
brk/tpg/0.85/1500/straddles	4607182418800017408	1.0
brk/tpg/1.20/400/n_lo	4623507967449235456	13.0
brk/tpg/1.20/400/n_hi	0	0.0
brk/tpg/1.20/400/found_lo	4607182418800017408	1.0
brk/tpg/1.20/400/found_hi	4607182418800017408	1.0
brk/tpg/1.20/400/lo	4601057523306793535	0.4100000000000001
brk/tpg/1.20/400/rlo	4579457413740685888	0.014404782852001863
brk/tpg/1.20/400/hi	4607177915200390038	0.9995
brk/tpg/1.20/400/rhi	13823277201786633255	-0.3460312599763164
brk/tpg/1.20/400/straddles	4607182418800017408	1.0
brk/tpg/1.20/500/n_lo	4607182418800017408	1.0
brk/tpg/1.20/500/n_hi	0	0.0
brk/tpg/1.20/500/found_lo	4607182418800017408	1.0
brk/tpg/1.20/500/found_hi	4607182418800017408	1.0
brk/tpg/1.20/500/lo	4595292915783759298	0.16999999999999998
brk/tpg/1.20/500/rlo	4603793665774221020	0.6237728365992683
brk/tpg/1.20/500/hi	4607177915200390038	0.9995
brk/tpg/1.20/500/rhi	13822607023109481456	-0.30882887007697857
brk/tpg/1.20/500/straddles	4607182418800017408	1.0
brk/tpg/1.20/600/n_lo	0	0.0
brk/tpg/1.20/600/n_hi	0	0.0
brk/tpg/1.20/600/found_lo	4607182418800017408	1.0
brk/tpg/1.20/600/found_hi	4607182418800017408	1.0
brk/tpg/1.20/600/lo	4594572339843380019	0.15
brk/tpg/1.20/600/rlo	4605450743511337342	0.8077454223332976
brk/tpg/1.20/600/hi	4607177915200390038	0.9995
brk/tpg/1.20/600/rhi	13822110445451689878	-0.2812632726172465
brk/tpg/1.20/600/straddles	4607182418800017408	1.0
brk/tpg/1.20/650/n_lo	0	0.0
brk/tpg/1.20/650/n_hi	0	0.0
brk/tpg/1.20/650/found_lo	4607182418800017408	1.0
brk/tpg/1.20/650/found_hi	4607182418800017408	1.0
brk/tpg/1.20/650/lo	4594572339843380019	0.15
brk/tpg/1.20/650/rlo	4606005176074161899	0.8692998020182733
brk/tpg/1.20/650/hi	4607177915200390038	0.9995
brk/tpg/1.20/650/rhi	13821905658939787943	-0.2698953375849364
brk/tpg/1.20/650/straddles	4607182418800017408	1.0
brk/tpg/1.20/900/n_lo	0	0.0
brk/tpg/1.20/900/n_hi	0	0.0
brk/tpg/1.20/900/found_lo	4607182418800017408	1.0
brk/tpg/1.20/900/found_hi	4607182418800017408	1.0
brk/tpg/1.20/900/lo	4594572339843380019	0.15
brk/tpg/1.20/900/rlo	4608356193888259639	1.26063042573959
brk/tpg/1.20/900/hi	4607177915200390038	0.9995
brk/tpg/1.20/900/rhi	13820750784113020453	-0.22789345321153678
brk/tpg/1.20/900/straddles	4607182418800017408	1.0
brk/tpg/1.20/1100/n_lo	0	0.0
brk/tpg/1.20/1100/n_hi	0	0.0
brk/tpg/1.20/1100/found_lo	4607182418800017408	1.0
brk/tpg/1.20/1100/found_hi	4607182418800017408	1.0
brk/tpg/1.20/1100/lo	4594572339843380019	0.15
brk/tpg/1.20/1100/rlo	4610248715819560427	1.6808547102872307
brk/tpg/1.20/1100/hi	4607177915200390038	0.9995
brk/tpg/1.20/1100/rhi	13819935606877048101	-0.2052677397983668
brk/tpg/1.20/1100/straddles	4607182418800017408	1.0
brk/tpg/1.20/1500/n_lo	0	0.0
brk/tpg/1.20/1500/n_hi	0	0.0
brk/tpg/1.20/1500/found_lo	4607182418800017408	1.0
brk/tpg/1.20/1500/found_hi	4607182418800017408	1.0
brk/tpg/1.20/1500/lo	4594572339843380019	0.15
brk/tpg/1.20/1500/rlo	4613620512622838518	2.8590879987171958
brk/tpg/1.20/1500/hi	4607177915200390038	0.9995
brk/tpg/1.20/1500/rhi	13818841719315138348	-0.1749062608587847
brk/tpg/1.20/1500/straddles	4607182418800017408	1.0
brk/tpg/1.60/400/n_lo	4629418941960159232	31.0
brk/tpg/1.60/400/n_hi	0	0.0
brk/tpg/1.60/400/found_lo	4607182418800017408	1.0
brk/tpg/1.60/400/found_hi	4607182418800017408	1.0
brk/tpg/1.60/400/lo	4605110762971426983	0.7700000000000004
brk/tpg/1.60/400/rlo	13825049507526564276	-0.4444139919336536
brk/tpg/1.60/400/hi	4607177915200390038	0.9995
brk/tpg/1.60/400/rhi	13826853959933830096	-0.5891624448059876
brk/tpg/1.60/400/straddles	0	0.0
brk/tpg/1.60/500/n_lo	4620693217682128896	8.0
brk/tpg/1.60/500/n_hi	0	0.0
brk/tpg/1.60/500/found_lo	4607182418800017408	1.0
brk/tpg/1.60/500/found_hi	4607182418800017408	1.0
brk/tpg/1.60/500/lo	4599256083455845335	0.31
brk/tpg/1.60/500/rlo	4598584734934389600	0.27273267069658935
brk/tpg/1.60/500/hi	4607177915200390038	0.9995
brk/tpg/1.60/500/rhi	13826283340503582644	-0.5258109618300666
brk/tpg/1.60/500/straddles	4607182418800017408	1.0
brk/tpg/1.60/600/n_lo	0	0.0
brk/tpg/1.60/600/n_hi	0	0.0
brk/tpg/1.60/600/found_lo	4607182418800017408	1.0
brk/tpg/1.60/600/found_hi	4607182418800017408	1.0
brk/tpg/1.60/600/lo	4594572339843380019	0.15
brk/tpg/1.60/600/rlo	4607723754517724745	1.120200675570134
brk/tpg/1.60/600/hi	4607177915200390038	0.9995
brk/tpg/1.60/600/rhi	13825670194265465126	-0.47886902736401493
brk/tpg/1.60/600/straddles	4607182418800017408	1.0
brk/tpg/1.60/650/n_lo	0	0.0
brk/tpg/1.60/650/n_hi	0	0.0
brk/tpg/1.60/650/found_lo	4607182418800017408	1.0
brk/tpg/1.60/650/found_hi	4607182418800017408	1.0
brk/tpg/1.60/650/lo	4594572339843380019	0.15
brk/tpg/1.60/650/rlo	4608055725350561307	1.193913007993962
brk/tpg/1.60/650/hi	4607177915200390038	0.9995
brk/tpg/1.60/650/rhi	13825321455147126815	-0.45951011742568143
brk/tpg/1.60/650/straddles	4607182418800017408	1.0
brk/tpg/1.60/900/n_lo	0	0.0
brk/tpg/1.60/900/n_hi	0	0.0
brk/tpg/1.60/900/found_lo	4607182418800017408	1.0
brk/tpg/1.60/900/found_hi	4607182418800017408	1.0
brk/tpg/1.60/900/lo	4594572339843380019	0.15
brk/tpg/1.60/900/rlo	4610125733054409663	1.6535470507867414
brk/tpg/1.60/900/hi	4607177915200390038	0.9995
brk/tpg/1.60/900/rhi	13824032913622275183	-0.3879816939718869
brk/tpg/1.60/900/straddles	4607182418800017408	1.0
brk/tpg/1.60/1100/n_lo	0	0.0
brk/tpg/1.60/1100/n_hi	0	0.0
brk/tpg/1.60/1100/found_lo	4607182418800017408	1.0
brk/tpg/1.60/1100/found_hi	4607182418800017408	1.0
brk/tpg/1.60/1100/lo	4594572339843380019	0.15
brk/tpg/1.60/1100/rlo	4612004247383215840	2.1413220455450386
brk/tpg/1.60/1100/hi	4607177915200390038	0.9995
brk/tpg/1.60/1100/rhi	13823338767584391596	-0.3494488482863527
brk/tpg/1.60/1100/straddles	4607182418800017408	1.0
brk/tpg/1.60/1500/n_lo	0	0.0
brk/tpg/1.60/1500/n_hi	0	0.0
brk/tpg/1.60/1500/found_lo	4607182418800017408	1.0
brk/tpg/1.60/1500/found_hi	4607182418800017408	1.0
brk/tpg/1.60/1500/lo	4594572339843380019	0.15
brk/tpg/1.60/1500/rlo	4615029927380744372	3.4849938849066238
brk/tpg/1.60/1500/hi	4607177915200390038	0.9995
brk/tpg/1.60/1500/rhi	13822407232932455196	-0.2977382873455541
brk/tpg/1.60/1500/straddles	4607182418800017408	1.0
brk/tpg/2.00/400/n_lo	4630826316843712512	40.0
brk/tpg/2.00/400/n_hi	0	0.0
brk/tpg/2.00/400/found_lo	0	0.0
brk/tpg/2.00/400/found_hi	0	0.0
brk/tpg/2.00/500/n_lo	4627448617123184640	24.0
brk/tpg/2.00/500/n_hi	0	0.0
brk/tpg/2.00/500/found_lo	4607182418800017408	1.0
brk/tpg/2.00/500/found_hi	4607182418800017408	1.0
brk/tpg/2.00/500/lo	4603849755075763243	0.6300000000000002
brk/tpg/2.00/500/rlo	13826027679845366068	-0.49871346345289
brk/tpg/2.00/500/hi	4607177915200390038	0.9995
brk/tpg/2.00/500/rhi	13829939413977699580	-0.9317166568986575
brk/tpg/2.00/500/straddles	0	0.0
brk/tpg/2.00/600/n_lo	4619567317775286272	7.0
brk/tpg/2.00/600/n_hi	0	0.0
brk/tpg/2.00/600/found_lo	4607182418800017408	1.0
brk/tpg/2.00/600/found_hi	4607182418800017408	1.0
brk/tpg/2.00/600/lo	4598895795485655695	0.29
brk/tpg/2.00/600/rlo	4603135028994977626	0.5506494648811711
brk/tpg/2.00/600/hi	4607177915200390038	0.9995
brk/tpg/2.00/600/rhi	13829190072445922005	-0.8485230347099227
brk/tpg/2.00/600/straddles	4607182418800017408	1.0
brk/tpg/2.00/650/n_lo	4613937818241073152	3.0
brk/tpg/2.00/650/n_hi	0	0.0
brk/tpg/2.00/650/found_lo	4607182418800017408	1.0
brk/tpg/2.00/650/found_hi	4607182418800017408	1.0
brk/tpg/2.00/650/lo	4596734067664517856	0.20999999999999996
brk/tpg/2.00/650/rlo	4607704203484747686	1.1158594741768666
brk/tpg/2.00/650/hi	4607177915200390038	0.9995
brk/tpg/2.00/650/rhi	13828881039366369334	-0.8142134706809034
brk/tpg/2.00/650/straddles	4607182418800017408	1.0
brk/tpg/2.00/900/n_lo	0	0.0
brk/tpg/2.00/900/n_hi	0	0.0
brk/tpg/2.00/900/found_lo	4607182418800017408	1.0
brk/tpg/2.00/900/found_hi	4607182418800017408	1.0
brk/tpg/2.00/900/lo	4594572339843380019	0.15
brk/tpg/2.00/900/rlo	4612283658219580375	2.26540538308971
brk/tpg/2.00/900/hi	4607177915200390038	0.9995
brk/tpg/2.00/900/rhi	13827739180641554924	-0.6874416859650956
brk/tpg/2.00/900/straddles	4607182418800017408	1.0
brk/tpg/2.00/1100/n_lo	0	0.0
brk/tpg/2.00/1100/n_hi	0	0.0
brk/tpg/2.00/1100/found_lo	4607182418800017408	1.0
brk/tpg/2.00/1100/found_hi	4607182418800017408	1.0
brk/tpg/2.00/1100/lo	4594572339843380019	0.15
brk/tpg/2.00/1100/rlo	4613584563957848514	2.8431235844866203
brk/tpg/2.00/1100/hi	4607177915200390038	0.9995
brk/tpg/2.00/1100/rhi	13827124029130612563	-0.6191461488569793
brk/tpg/2.00/1100/straddles	4607182418800017408	1.0
brk/tpg/2.00/1500/n_lo	0	0.0
brk/tpg/2.00/1500/n_hi	0	0.0
brk/tpg/2.00/1500/found_lo	4607182418800017408	1.0
brk/tpg/2.00/1500/found_hi	4607182418800017408	1.0
brk/tpg/2.00/1500/lo	4594572339843380019	0.15
brk/tpg/2.00/1500/rlo	4616648716051716674	4.407760933425893
brk/tpg/2.00/1500/hi	4607177915200390038	0.9995
brk/tpg/2.00/1500/rhi	13826298456278361701	-0.5274891499495423
brk/tpg/2.00/1500/straddles	4607182418800017408	1.0
brk/eq/0.30/400/n_lo	4630826316843712512	40.0
brk/eq/0.30/400/n_hi	0	0.0
brk/eq/0.30/400/found_lo	0	0.0
brk/eq/0.30/400/found_hi	0	0.0
brk/eq/0.30/500/n_lo	4617315517961601024	5.0
brk/eq/0.30/500/n_hi	4613937818241073152	3.0
brk/eq/0.30/500/found_lo	4607182418800017408	1.0
brk/eq/0.30/500/found_hi	4607182418800017408	1.0
brk/eq/0.30/500/lo	4598175219545276414	0.24999999999999994
brk/eq/0.30/500/rlo	4601172618952034669	0.4163890917690399
brk/eq/0.30/500/hi	4606637483245105578	0.9395
brk/eq/0.30/500/rhi	4591952801066468027	0.10114659669967356
brk/eq/0.30/500/straddles	0	0.0
brk/eq/0.30/600/n_lo	0	0.0
brk/eq/0.30/600/n_hi	4611686018427387904	2.0
brk/eq/0.30/600/found_lo	4607182418800017408	1.0
brk/eq/0.30/600/found_hi	4607182418800017408	1.0
brk/eq/0.30/600/lo	4594572339843380019	0.15
brk/eq/0.30/600/rlo	4603869242266341480	0.6321635127665219
brk/eq/0.30/600/hi	4606817627230200398	0.9595
brk/eq/0.30/600/rhi	4590500723397311052	0.08099497092664726
brk/eq/0.30/600/straddles	0	0.0
brk/eq/0.30/650/n_lo	0	0.0
brk/eq/0.30/650/n_hi	4611686018427387904	2.0
brk/eq/0.30/650/found_lo	4607182418800017408	1.0
brk/eq/0.30/650/found_hi	4607182418800017408	1.0
brk/eq/0.30/650/lo	4594572339843380019	0.15
brk/eq/0.30/650/rlo	4603643651879025293	0.6071179485532682
brk/eq/0.30/650/hi	4606817627230200398	0.9595
brk/eq/0.30/650/rhi	4589031085412219616	0.06154982340762216
brk/eq/0.30/650/straddles	0	0.0
brk/eq/0.30/900/n_lo	0	0.0
brk/eq/0.30/900/n_hi	4607182418800017408	1.0
brk/eq/0.30/900/found_lo	4607182418800017408	1.0
brk/eq/0.30/900/found_hi	4607182418800017408	1.0
brk/eq/0.30/900/lo	4594572339843380019	0.15
brk/eq/0.30/900/rlo	4605754850090196759	0.8415080349122687
brk/eq/0.30/900/hi	4606997771215295218	0.9795
brk/eq/0.30/900/rhi	4588392926010939237	0.05712170302835665
brk/eq/0.30/900/straddles	0	0.0
brk/eq/0.30/1100/n_lo	0	0.0
brk/eq/0.30/1100/n_hi	4607182418800017408	1.0
brk/eq/0.30/1100/found_lo	4607182418800017408	1.0
brk/eq/0.30/1100/found_hi	4607182418800017408	1.0
brk/eq/0.30/1100/lo	4594572339843380019	0.15
brk/eq/0.30/1100/rlo	4607956285661111958	1.1718329614363134
brk/eq/0.30/1100/hi	4606997771215295218	0.9795
brk/eq/0.30/1100/rhi	4584704027029505799	0.031524824373958586
brk/eq/0.30/1100/straddles	0	0.0
brk/eq/0.30/1500/n_lo	0	0.0
brk/eq/0.30/1500/n_hi	4607182418800017408	1.0
brk/eq/0.30/1500/found_lo	4607182418800017408	1.0
brk/eq/0.30/1500/found_hi	4607182418800017408	1.0
brk/eq/0.30/1500/lo	4594572339843380019	0.15
brk/eq/0.30/1500/rlo	4611988179220762314	2.1341863479773098
brk/eq/0.30/1500/hi	4606997771215295218	0.9795
brk/eq/0.30/1500/rhi	4572149129347966736	0.004769715173418523
brk/eq/0.30/1500/straddles	0	0.0
brk/eq/0.50/400/n_lo	4630826316843712512	40.0
brk/eq/0.50/400/n_hi	0	0.0
brk/eq/0.50/400/found_lo	0	0.0
brk/eq/0.50/400/found_hi	0	0.0
brk/eq/0.50/500/n_lo	4613937818241073152	3.0
brk/eq/0.50/500/n_hi	0	0.0
brk/eq/0.50/500/found_lo	4607182418800017408	1.0
brk/eq/0.50/500/found_hi	4607182418800017408	1.0
brk/eq/0.50/500/lo	4596734067664517856	0.20999999999999996
brk/eq/0.50/500/rlo	4602570858898002773	0.49400700086726107
brk/eq/0.50/500/hi	4607177915200390038	0.9995
brk/eq/0.50/500/rhi	13805714811053483728	-0.02319517075037575
brk/eq/0.50/500/straddles	4607182418800017408	1.0
brk/eq/0.50/600/n_lo	0	0.0
brk/eq/0.50/600/n_hi	0	0.0
brk/eq/0.50/600/found_lo	4607182418800017408	1.0
brk/eq/0.50/600/found_hi	4607182418800017408	1.0
brk/eq/0.50/600/lo	4594572339843380019	0.15
brk/eq/0.50/600/rlo	4603809160937242200	0.6254931452749117
brk/eq/0.50/600/hi	4607177915200390038	0.9995
brk/eq/0.50/600/rhi	13805244137414734500	-0.021562193529052323
brk/eq/0.50/600/straddles	4607182418800017408	1.0
brk/eq/0.50/650/n_lo	0	0.0
brk/eq/0.50/650/n_hi	0	0.0
brk/eq/0.50/650/found_lo	4607182418800017408	1.0
brk/eq/0.50/650/found_hi	4607182418800017408	1.0
brk/eq/0.50/650/lo	4594572339843380019	0.15
brk/eq/0.50/650/rlo	4603768875183017190	0.6210205280844121
brk/eq/0.50/650/hi	4607177915200390038	0.9995
brk/eq/0.50/650/rhi	13805057958917195216	-0.02091625710824535
brk/eq/0.50/650/straddles	4607182418800017408	1.0
brk/eq/0.50/900/n_lo	0	0.0
brk/eq/0.50/900/n_hi	0	0.0
brk/eq/0.50/900/found_lo	4607182418800017408	1.0
brk/eq/0.50/900/found_hi	4607182418800017408	1.0
brk/eq/0.50/900/lo	4594572339843380019	0.15
brk/eq/0.50/900/rlo	4606141030328455280	0.8843826541292525
brk/eq/0.50/900/hi	4607177915200390038	0.9995
brk/eq/0.50/900/rhi	13804413906440210792	-0.018681751205073566
brk/eq/0.50/900/straddles	4607182418800017408	1.0
brk/eq/0.50/1100/n_lo	0	0.0
brk/eq/0.50/1100/n_hi	0	0.0
brk/eq/0.50/1100/found_lo	4607182418800017408	1.0
brk/eq/0.50/1100/found_hi	4607182418800017408	1.0
brk/eq/0.50/1100/lo	4594572339843380019	0.15
brk/eq/0.50/1100/rlo	4608194085973820026	1.2246352379226253
brk/eq/0.50/1100/hi	4607177915200390038	0.9995
brk/eq/0.50/1100/rhi	13804074407540756176	-0.01750387778316914
brk/eq/0.50/1100/straddles	4607182418800017408	1.0
brk/eq/0.50/1500/n_lo	0	0.0
brk/eq/0.50/1500/n_hi	0	0.0
brk/eq/0.50/1500/found_lo	4607182418800017408	1.0
brk/eq/0.50/1500/found_hi	4607182418800017408	1.0
brk/eq/0.50/1500/lo	4594572339843380019	0.15
brk/eq/0.50/1500/rlo	4612163705635668811	2.2121357348809503
brk/eq/0.50/1500/hi	4607177915200390038	0.9995
brk/eq/0.50/1500/rhi	13803586939541589240	-0.01581263341928449
brk/eq/0.50/1500/straddles	4607182418800017408	1.0
brk/eq/0.85/400/n_lo	4630826316843712512	40.0
brk/eq/0.85/400/n_hi	0	0.0
brk/eq/0.85/400/found_lo	0	0.0
brk/eq/0.85/400/found_hi	0	0.0
brk/eq/0.85/500/n_lo	0	0.0
brk/eq/0.85/500/n_hi	0	0.0
brk/eq/0.85/500/found_lo	4607182418800017408	1.0
brk/eq/0.85/500/found_hi	4607182418800017408	1.0
brk/eq/0.85/500/lo	4594572339843380019	0.15
brk/eq/0.85/500/rlo	4604487679853130836	0.7008238775812381
brk/eq/0.85/500/hi	4607177915200390038	0.9995
brk/eq/0.85/500/rhi	13819228620251333797	-0.1856449190491151
brk/eq/0.85/500/straddles	4607182418800017408	1.0
brk/eq/0.85/600/n_lo	0	0.0
brk/eq/0.85/600/n_hi	0	0.0
brk/eq/0.85/600/found_lo	4607182418800017408	1.0
brk/eq/0.85/600/found_hi	4607182418800017408	1.0
brk/eq/0.85/600/lo	4594572339843380019	0.15
brk/eq/0.85/600/rlo	4604144068914537190	0.6626754000272654
brk/eq/0.85/600/hi	4607177915200390038	0.9995
brk/eq/0.85/600/rhi	13818642936612556610	-0.1693889325261982
brk/eq/0.85/600/straddles	4607182418800017408	1.0
brk/eq/0.85/650/n_lo	0	0.0
brk/eq/0.85/650/n_hi	0	0.0
brk/eq/0.85/650/found_lo	4607182418800017408	1.0
brk/eq/0.85/650/found_hi	4607182418800017408	1.0
brk/eq/0.85/650/lo	4594572339843380019	0.15
brk/eq/0.85/650/rlo	4604413012653106573	0.6925341531161152
brk/eq/0.85/650/hi	4607177915200390038	0.9995
brk/eq/0.85/650/rhi	13818401908164719089	-0.1626990492167262
brk/eq/0.85/650/straddles	4607182418800017408	1.0
brk/eq/0.85/900/n_lo	0	0.0
brk/eq/0.85/900/n_hi	0	0.0
brk/eq/0.85/900/found_lo	4607182418800017408	1.0
brk/eq/0.85/900/found_hi	4607182418800017408	1.0
brk/eq/0.85/900/lo	4594572339843380019	0.15
brk/eq/0.85/900/rlo	4607273595194738905	1.0202452265444235
brk/eq/0.85/900/hi	4607177915200390038	0.9995
brk/eq/0.85/900/rhi	13817514517026659979	-0.13806899738368758
brk/eq/0.85/900/straddles	4607182418800017408	1.0
brk/eq/0.85/1100/n_lo	0	0.0
brk/eq/0.85/1100/n_hi	0	0.0
brk/eq/0.85/1100/found_lo	4607182418800017408	1.0
brk/eq/0.85/1100/found_hi	4607182418800017408	1.0
brk/eq/0.85/1100/lo	4594572339843380019	0.15
brk/eq/0.85/1100/rlo	4608941959429139375	1.3906965038429282
brk/eq/0.85/1100/hi	4607177915200390038	0.9995
brk/eq/0.85/1100/rhi	13817029244218443574	-0.12479998563051428
brk/eq/0.85/1100/straddles	4607182418800017408	1.0
brk/eq/0.85/1500/n_lo	0	0.0
brk/eq/0.85/1500/n_hi	0	0.0
brk/eq/0.85/1500/found_lo	4607182418800017408	1.0
brk/eq/0.85/1500/found_hi	4607182418800017408	1.0
brk/eq/0.85/1500/lo	4594572339843380019	0.15
brk/eq/0.85/1500/rlo	4612709674823823171	2.4545947602509
brk/eq/0.85/1500/hi	4607177915200390038	0.9995
brk/eq/0.85/1500/rhi	13815729605318766985	-0.10676387275402112
brk/eq/0.85/1500/straddles	4607182418800017408	1.0
brk/eq/1.20/400/n_lo	4630826316843712512	40.0
brk/eq/1.20/400/n_hi	0	0.0
brk/eq/1.20/400/found_lo	0	0.0
brk/eq/1.20/400/found_hi	0	0.0
brk/eq/1.20/500/n_lo	4611686018427387904	2.0
brk/eq/1.20/500/n_hi	0	0.0
brk/eq/1.20/500/found_lo	4607182418800017408	1.0
brk/eq/1.20/500/found_hi	4607182418800017408	1.0
brk/eq/1.20/500/lo	4596013491724138577	0.18999999999999997
brk/eq/1.20/500/rlo	4602957581207827664	0.5309488029849039
brk/eq/1.20/500/hi	4607177915200390038	0.9995
brk/eq/1.20/500/rhi	13822618797915558480	-0.309482503117839
brk/eq/1.20/500/straddles	4607182418800017408	1.0
brk/eq/1.20/600/n_lo	0	0.0
brk/eq/1.20/600/n_hi	0	0.0
brk/eq/1.20/600/found_lo	4607182418800017408	1.0
brk/eq/1.20/600/found_hi	4607182418800017408	1.0
brk/eq/1.20/600/lo	4594572339843380019	0.15
brk/eq/1.20/600/rlo	4605381107095421709	0.8000142271031067
brk/eq/1.20/600/hi	4607177915200390038	0.9995
brk/eq/1.20/600/rhi	13822120370377460445	-0.28181421667265544
brk/eq/1.20/600/straddles	4607182418800017408	1.0
brk/eq/1.20/650/n_lo	0	0.0
brk/eq/1.20/650/n_hi	0	0.0
brk/eq/1.20/650/found_lo	4607182418800017408	1.0
brk/eq/1.20/650/found_hi	4607182418800017408	1.0
brk/eq/1.20/650/lo	4594572339843380019	0.15
brk/eq/1.20/650/rlo	4605917693657412214	0.8595873026857379
brk/eq/1.20/650/hi	4607177915200390038	0.9995
brk/eq/1.20/650/rhi	13821914445609880418	-0.27038309575725894
brk/eq/1.20/650/straddles	4607182418800017408	1.0
brk/eq/1.20/900/n_lo	0	0.0
brk/eq/1.20/900/n_hi	0	0.0
brk/eq/1.20/900/found_lo	4607182418800017408	1.0
brk/eq/1.20/900/found_hi	4607182418800017408	1.0
brk/eq/1.20/900/lo	4594572339843380019	0.15
brk/eq/1.20/900/rlo	4608281172033851892	1.2439722277168785
brk/eq/1.20/900/hi	4607177915200390038	0.9995
brk/eq/1.20/900/rhi	13820756156401415505	-0.22804256416831462
brk/eq/1.20/900/straddles	4607182418800017408	1.0
brk/eq/1.20/1100/n_lo	0	0.0
brk/eq/1.20/1100/n_hi	0	0.0
brk/eq/1.20/1100/found_lo	4607182418800017408	1.0
brk/eq/1.20/1100/found_hi	4607182418800017408	1.0
brk/eq/1.20/1100/lo	4594572339843380019	0.15
brk/eq/1.20/1100/rlo	4610151236027285752	1.6592098483234263
brk/eq/1.20/1100/hi	4607177915200390038	0.9995
brk/eq/1.20/1100/rhi	13819932223409175593	-0.20517382969998835
brk/eq/1.20/1100/straddles	4607182418800017408	1.0
brk/eq/1.20/1500/n_lo	0	0.0
brk/eq/1.20/1500/n_hi	0	0.0
brk/eq/1.20/1500/found_lo	4607182418800017408	1.0
brk/eq/1.20/1500/found_hi	4607182418800017408	1.0
brk/eq/1.20/1500/lo	4594572339843380019	0.15
brk/eq/1.20/1500/rlo	4613566580829258943	2.8351374711206456
brk/eq/1.20/1500/hi	4607177915200390038	0.9995
brk/eq/1.20/1500/rhi	13818823089619464901	-0.17438918293182418
brk/eq/1.20/1500/straddles	4607182418800017408	1.0
brk/eq/1.60/400/n_lo	4630826316843712512	40.0
brk/eq/1.60/400/n_hi	0	0.0
brk/eq/1.60/400/found_lo	0	0.0
brk/eq/1.60/400/found_hi	0	0.0
brk/eq/1.60/500/n_lo	4621819117588971520	10.0
brk/eq/1.60/500/n_hi	0	0.0
brk/eq/1.60/500/found_lo	4607182418800017408	1.0
brk/eq/1.60/500/found_hi	4607182418800017408	1.0
brk/eq/1.60/500/lo	4599976659396224615	0.35000000000000003
brk/eq/1.60/500/rlo	4594896656777353256	0.1590016031843231
brk/eq/1.60/500/hi	4607177915200390038	0.9995
brk/eq/1.60/500/rhi	13826294496968293376	-0.5270495782295939
brk/eq/1.60/500/straddles	4607182418800017408	1.0
brk/eq/1.60/600/n_lo	4607182418800017408	1.0
brk/eq/1.60/600/n_hi	0	0.0
brk/eq/1.60/600/found_lo	4607182418800017408	1.0
brk/eq/1.60/600/found_hi	4607182418800017408	1.0
brk/eq/1.60/600/lo	4595292915783759298	0.16999999999999998
brk/eq/1.60/600/rlo	4606825195126477694	0.9603402052695029
brk/eq/1.60/600/hi	4607177915200390038	0.9995
brk/eq/1.60/600/rhi	13825689305298901799	-0.4799299028313037
brk/eq/1.60/600/straddles	4607182418800017408	1.0
brk/eq/1.60/650/n_lo	0	0.0
brk/eq/1.60/650/n_hi	0	0.0
brk/eq/1.60/650/found_lo	4607182418800017408	1.0
brk/eq/1.60/650/found_hi	4607182418800017408	1.0
brk/eq/1.60/650/lo	4594572339843380019	0.15
brk/eq/1.60/650/rlo	4607998275263090865	1.1811565260186792
brk/eq/1.60/650/hi	4607177915200390038	0.9995
brk/eq/1.60/650/rhi	13825338585194927260	-0.4604610260997306
brk/eq/1.60/650/straddles	4607182418800017408	1.0
brk/eq/1.60/900/n_lo	0	0.0
brk/eq/1.60/900/n_hi	0	0.0
brk/eq/1.60/900/found_lo	4607182418800017408	1.0
brk/eq/1.60/900/found_hi	4607182418800017408	1.0
brk/eq/1.60/900/lo	4594572339843380019	0.15
brk/eq/1.60/900/rlo	4610028688563695249	1.6319988451859084
brk/eq/1.60/900/hi	4607177915200390038	0.9995
brk/eq/1.60/900/rhi	13824039389790019227	-0.38834119349892554
brk/eq/1.60/900/straddles	4607182418800017408	1.0
brk/eq/1.60/1100/n_lo	0	0.0
brk/eq/1.60/1100/n_hi	0	0.0
brk/eq/1.60/1100/found_lo	4607182418800017408	1.0
brk/eq/1.60/1100/found_hi	4607182418800017408	1.0
brk/eq/1.60/1100/lo	4594572339843380019	0.15
brk/eq/1.60/1100/rlo	4611941500621525093	2.1134568857251446
brk/eq/1.60/1100/hi	4607177915200390038	0.9995
brk/eq/1.60/1100/rhi	13823337613554498808	-0.34938478675844875
brk/eq/1.60/1100/straddles	4607182418800017408	1.0
brk/eq/1.60/1500/n_lo	0	0.0
brk/eq/1.60/1500/n_hi	0	0.0
brk/eq/1.60/1500/found_lo	4607182418800017408	1.0
brk/eq/1.60/1500/found_hi	4607182418800017408	1.0
brk/eq/1.60/1500/lo	4594572339843380019	0.15
brk/eq/1.60/1500/rlo	4614957454102309931	3.4528092839514293
brk/eq/1.60/1500/hi	4607177915200390038	0.9995
brk/eq/1.60/1500/rhi	13822392873511161258	-0.29694117933851294
brk/eq/1.60/1500/straddles	4607182418800017408	1.0
brk/eq/2.00/400/n_lo	4630826316843712512	40.0
brk/eq/2.00/400/n_hi	0	0.0
brk/eq/2.00/400/found_lo	0	0.0
brk/eq/2.00/400/found_hi	0	0.0
brk/eq/2.00/500/n_lo	4628011567076605952	26.0
brk/eq/2.00/500/n_hi	0	0.0
brk/eq/2.00/500/found_lo	4607182418800017408	1.0
brk/eq/2.00/500/found_hi	4607182418800017408	1.0
brk/eq/2.00/500/lo	4604210043045952883	0.6700000000000003
brk/eq/2.00/500/rlo	13826680522692922104	-0.5699070429876363
brk/eq/2.00/500/hi	4607177915200390038	0.9995
brk/eq/2.00/500/rhi	13829961781486408724	-0.934199949215897
brk/eq/2.00/500/straddles	0	0.0
brk/eq/2.00/600/n_lo	4621256167635550208	9.0
brk/eq/2.00/600/n_hi	0	0.0
brk/eq/2.00/600/found_lo	4607182418800017408	1.0
brk/eq/2.00/600/found_hi	4607182418800017408	1.0
brk/eq/2.00/600/lo	4599616371426034975	0.33
brk/eq/2.00/600/rlo	4599942075480167288	0.34808020700557263
brk/eq/2.00/600/hi	4607177915200390038	0.9995
brk/eq/2.00/600/rhi	13829209544469769541	-0.8506848636310812
brk/eq/2.00/600/straddles	4607182418800017408	1.0
brk/eq/2.00/650/n_lo	4616189618054758400	4.0
brk/eq/2.00/650/n_hi	0	0.0
brk/eq/2.00/650/found_lo	4607182418800017408	1.0
brk/eq/2.00/650/found_hi	4607182418800017408	1.0
brk/eq/2.00/650/lo	4597454643604897135	0.22999999999999995
brk/eq/2.00/650/rlo	4606721333327885276	0.9488092292518746
brk/eq/2.00/650/hi	4607177915200390038	0.9995
brk/eq/2.00/650/rhi	13828898707437309302	-0.8161750205967298
brk/eq/2.00/650/straddles	4607182418800017408	1.0
brk/eq/2.00/900/n_lo	0	0.0
brk/eq/2.00/900/n_hi	0	0.0
brk/eq/2.00/900/found_lo	4607182418800017408	1.0
brk/eq/2.00/900/found_hi	4607182418800017408	1.0
brk/eq/2.00/900/lo	4594572339843380019	0.15
brk/eq/2.00/900/rlo	4612218090871325926	2.236287631211428
brk/eq/2.00/900/hi	4607177915200390038	0.9995
brk/eq/2.00/900/rhi	13827747104267890561	-0.6883213852047306
brk/eq/2.00/900/straddles	4607182418800017408	1.0
brk/eq/2.00/1100/n_lo	0	0.0
brk/eq/2.00/1100/n_hi	0	0.0
brk/eq/2.00/1100/found_lo	4607182418800017408	1.0
brk/eq/2.00/1100/found_hi	4607182418800017408	1.0
brk/eq/2.00/1100/lo	4594572339843380019	0.15
brk/eq/2.00/1100/rlo	4613500164212674733	2.8056425683408492
brk/eq/2.00/1100/hi	4607177915200390038	0.9995
brk/eq/2.00/1100/rhi	13827124990351807631	-0.6192528658472315
brk/eq/2.00/1100/straddles	4607182418800017408	1.0
brk/eq/2.00/1500/n_lo	0	0.0
brk/eq/2.00/1500/n_hi	0	0.0
brk/eq/2.00/1500/found_lo	4607182418800017408	1.0
brk/eq/2.00/1500/found_hi	4607182418800017408	1.0
brk/eq/2.00/1500/lo	4594572339843380019	0.15
brk/eq/2.00/1500/rlo	4616597999017043042	4.36271515771759
brk/eq/2.00/1500/hi	4607177915200390038	0.9995
brk/eq/2.00/1500/rhi	13826287456580976530	-0.5262679382194497
brk/eq/2.00/1500/straddles	4607182418800017408	1.0
census/march_reject_lo	4648049066981195776	550.0
census/march_reject_hi	4631670741773844480	46.0
roots/cpg/choked/tau_t_distinct	4607182418800017408	1.0
roots/cpg/choked/pi_t_distinct	4607182418800017408	1.0
roots/cpg/choked/pi_c_distinct	4628011567076605952	26.0
roots/cpg/subsonic/tau_t_distinct	4616189618054758400	4.0
roots/cpg/subsonic/pi_t_distinct	4616189618054758400	4.0
roots/cpg/subsonic/pi_c_distinct	4616189618054758400	4.0
roots/tpg/choked/tau_t_distinct	4618441417868443648	6.0
roots/tpg/choked/pi_t_distinct	4618441417868443648	6.0
roots/tpg/choked/pi_c_distinct	4627448617123184640	24.0
roots/tpg/subsonic/tau_t_distinct	4617315517961601024	5.0
roots/tpg/subsonic/pi_t_distinct	4617315517961601024	5.0
roots/tpg/subsonic/pi_c_distinct	4617315517961601024	5.0
roots/eq/choked/tau_t_distinct	4627448617123184640	24.0
roots/eq/choked/pi_t_distinct	4627448617123184640	24.0
roots/eq/choked/pi_c_distinct	4627448617123184640	24.0
roots/eq/subsonic/tau_t_distinct	4617315517961601024	5.0
roots/eq/subsonic/pi_t_distinct	4617315517961601024	5.0
roots/eq/subsonic/pi_c_distinct	4617315517961601024	5.0
