clock	keys:23
clock.phi_lim	f:3fe8000000000000
clock.phi_air	f:3fe8a3d70a3d70a4
clock.tau_fs	len:6
clock.tau_fs.0	f:3f947ae147ae147b
clock.tau_fs.1	f:3fa999999999999a
clock.tau_fs.2	f:3fb47ae147ae147b
clock.tau_fs.3	f:3fb999999999999a
clock.tau_fs.4	f:3fbeb851eb851eb8
clock.tau_fs.5	f:3fc999999999999a
clock.tau_govs	len:3
clock.tau_govs.0	f:3f947ae147ae147b
clock.tau_govs.1	f:3fa999999999999a
clock.tau_govs.2	f:3fc999999999999a
clock.tau_q	f:3fa999999999999a
clock.tau_s	f:3fa999999999999a
clock.coords	len:2
clock.coords.0	s:demand
clock.coords.1	s:clip
clock.ds	f:3f747ae147ae147b
clock.rows	len:36
clock.rows.0	keys:20
clock.rows.0.coord	s:demand
clock.rows.0.tau_f	f:3f947ae147ae147b
clock.rows.0.tau_gov	f:3f947ae147ae147b
clock.rows.0.tau_q	f:3fa999999999999a
clock.rows.0.tau_s	f:3fa999999999999a
clock.rows.0.phi_lim	f:3fe8000000000000
clock.rows.0.phi_air	f:3fe8a3d70a3d70a4
clock.rows.0.max_Tt4	f:4092bd20f1f8f8ca
clock.rows.0.riding4_valid	b:1
clock.rows.0.n_riding4	i:30
clock.rows.0.census	keys:1
clock.rows.0.census.gov	i:30
clock.rows.0.n_fuel	i:0
clock.rows.0.n_gov	i:30
clock.rows.0.n_scored	i:30
clock.rows.0.n_edge	i:0
clock.rows.0.n_agree	i:30
clock.rows.0.agreement	f:3ff0000000000000
clock.rows.0.worst_miss	n
clock.rows.0.min_margin	f:3fed45347f7c3510
clock.rows.0.cells	len:30
clock.rows.0.cells.0	keys:10
clock.rows.0.cells.0.s	f:3fc999999999999d
clock.rows.0.cells.0.setpoint_gap	f:3f6166ba9058ae6c
clock.rows.0.cells.0.lag_gap	f:3f27bff6efea737a
clock.rows.0.cells.0.tau_f	f:3faeb851eb851eb8
clock.rows.0.cells.0.tau_gov	f:3f947ae147ae147b
clock.rows.0.cells.0.slope_f	f:3f6d8b0099f0bf79
clock.rows.0.cells.0.slope_r	f:3f5cd23c402b2b19
clock.rows.0.cells.0.predicted	s:gov
clock.rows.0.cells.0.measured	s:gov
clock.rows.0.cells.0.margin	f:bfed45347f7c3510
clock.rows.0.cells.1	keys:10
clock.rows.0.cells.1.s	f:3fca3d70a3d70a41
clock.rows.0.cells.1.setpoint_gap	f:3f6178fee081ee88
clock.rows.0.cells.1.lag_gap	f:3f2628c5b96edefa
clock.rows.0.cells.1.tau_f	f:3faeb851eb851eb8
clock.rows.0.cells.1.tau_gov	f:3f947ae147ae147b
clock.rows.0.cells.1.slope_f	f:3f6bda33c778a3b9
clock.rows.0.cells.1.slope_r	f:3f5c9e62e5dee4b9
clock.rows.0.cells.1.predicted	s:gov
clock.rows.0.cells.1.measured	s:gov
clock.rows.0.cells.1.margin	f:bfed76aafe38abbf
clock.rows.0.cells.2	keys:10
clock.rows.0.cells.2.s	f:3fcae147ae147ae5
clock.rows.0.cells.2.setpoint_gap	f:3f6189661b6e8884
clock.rows.0.cells.2.lag_gap	f:3f24d0505508767a
clock.rows.0.cells.2.tau_f	f:3faeb851eb851eb8
clock.rows.0.cells.2.tau_gov	f:3f947ae147ae147b
clock.rows.0.cells.2.slope_f	f:3f6a6bf5b71ab8d9
clock.rows.0.cells.2.slope_r	f:3f5c71cc372b7099
clock.rows.0.cells.2.predicted	s:gov
clock.rows.0.cells.2.measured	s:gov
clock.rows.0.cells.2.margin	f:bfeda0532178b10e
clock.rows.0.cells.3	keys:10
clock.rows.0.cells.3.s	f:3fcb851eb851eb89
clock.rows.0.cells.3.setpoint_gap	f:3f619839e9be244c
clock.rows.0.cells.3.lag_gap	f:3f23acb6700529fb
clock.rows.0.cells.3.tau_f	f:3faeb851eb851eb8
clock.rows.0.cells.3.tau_gov	f:3f947ae147ae147b
clock.rows.0.cells.3.slope_f	f:3f6935ca569a8d3a
clock.rows.0.cells.3.slope_r	f:3f5c4b49cb7f08f9
clock.rows.0.cells.3.predicted	s:gov
clock.rows.0.cells.3.measured	s:gov
clock.rows.0.cells.3.margin	f:bfedc378c2e3806d
clock.rows.0.cells.4	keys:10
clock.rows.0.cells.4.s	f:3fcc28f5c28f5c2d
clock.rows.0.cells.4.setpoint_gap	f:3f61a5b866cce234
clock.rows.0.cells.4.lag_gap	f:3f22b5af0d36577b
clock.rows.0.cells.4.tau_f	f:3faeb851eb851eb8
clock.rows.0.cells.4.tau_gov	f:3f947ae147ae147b
clock.rows.0.cells.4.slope_f	f:3f682ee62799930a
clock.rows.0.cells.4.slope_r	f:3f5c29dedb05cf79
clock.rows.0.cells.4.predicted	s:gov
clock.rows.0.cells.4.measured	s:gov
clock.rows.0.cells.4.margin	f:bfede12d8f9a58e0
clock.rows.0.cells.5	keys:10
clock.rows.0.cells.5.s	f:3fccccccccccccd1
clock.rows.0.cells.5.setpoint_gap	f:3f61b215faf6b040
clock.rows.0.cells.5.lag_gap	f:3f21e444943c007b
clock.rows.0.cells.5.tau_f	f:3faeb851eb851eb8
clock.rows.0.cells.5.tau_gov	f:3f947ae147ae147b
clock.rows.0.cells.5.slope_f	f:3f674fe6121a45ea
clock.rows.0.cells.5.slope_r	f:3f5c0cb7ce26a079
clock.rows.0.cells.5.predicted	s:gov
clock.rows.0.cells.5.measured	s:gov
clock.rows.0.cells.5.margin	f:bfedfa540cc75bc4
clock.rows.0.cells.6	keys:10
clock.rows.0.cells.6.s	f:3fcd70a3d70a3d75
clock.rows.0.cells.6.setpoint_gap	f:3f61bd7ee73b0880
clock.rows.0.cells.6.lag_gap	f:3f21329cbdf883fb
clock.rows.0.cells.6.tau_f	f:3faeb851eb851eb8
clock.rows.0.cells.6.tau_gov	f:3f947ae147ae147b
clock.rows.0.cells.6.slope_f	f:3f669293d2f4960a
clock.rows.0.cells.6.slope_r	f:3f5bf3234e6a4b59
clock.rows.0.cells.6.predicted	s:gov
clock.rows.0.cells.6.measured	s:gov
clock.rows.0.cells.6.margin	f:bfee0fa84fcd1bc7
clock.rows.0.cells.7	keys:10
clock.rows.0.cells.7.s	f:3fce147ae147ae19
clock.rows.0.cells.7.setpoint_gap	f:3f61c8188fe19018
clock.rows.0.cells.7.lag_gap	f:3f209bca2e3fb97c
clock.rows.0.cells.7.tau_f	f:3faeb851eb851eb8
clock.rows.0.cells.7.tau_gov	f:3f947ae147ae147b
clock.rows.0.cells.7.slope_f	f:3f65f1b4b2dc022b
clock.rows.0.cells.7.slope_r	f:3f5bdc8c9019c5b9
clock.rows.0.cells.7.predicted	s:gov
clock.rows.0.cells.7.measured	s:gov
clock.rows.0.cells.7.margin	f:bfee21c6f25e8a94
clock.rows.0.cells.8	keys:10
clock.rows.0.cells.8.s	f:3fceb851eb851ebd
clock.rows.0.cells.8.setpoint_gap	f:3f61d20291423974
clock.rows.0.cells.8.lag_gap	f:3f201ba5f7fc3e7c
clock.rows.0.cells.8.tau_f	f:3faeb851eb851eb8
clock.rows.0.cells.8.tau_gov	f:3f947ae147ae147b
clock.rows.0.cells.8.slope_f	f:3f6568e0a6b7330b
clock.rows.0.cells.8.slope_r	f:3f5bc8769a62abb9
clock.rows.0.cells.8.predicted	s:gov
clock.rows.0.cells.8.measured	s:gov
clock.rows.0.cells.8.margin	f:bfee3132a7e95797
clock.rows.0.cells.9	keys:10
clock.rows.0.cells.9.s	f:3fcf5c28f5c28f61
clock.rows.0.cells.9.setpoint_gap	f:3f61db57a7d0fb44
clock.rows.0.cells.9.lag_gap	f:3f1f5d5f3fcf420f
clock.rows.0.cells.9.tau_f	f:3faeb851eb851eb8
clock.rows.0.cells.9.tau_gov	f:3f947ae147ae147b
clock.rows.0.cells.9.slope_f	f:3f64f4605673eebb
clock.rows.0.cells.9.slope_r	f:3f5bb6785f4fe9ef
clock.rows.0.cells.9.predicted	s:gov
clock.rows.0.cells.9.measured	s:gov
clock.rows.0.cells.9.margin	f:bfee3e58c09720c7
clock.rows.0.cells.10	keys:10
clock.rows.0.cells.10.s	f:3fd0000000000002
clock.rows.0.cells.10.setpoint_gap	f:3f61e42e72ed3964
clock.rows.0.cells.10.lag_gap	f:3f1ea3e4ee22300f
clock.rows.0.cells.10.tau_f	f:3faeb851eb851eb8
clock.rows.0.cells.10.tau_gov	f:3f947ae147ae147b
clock.rows.0.cells.10.slope_f	f:3f649110d104ea2b
clock.rows.0.cells.10.slope_r	f:3f5ba6397df2a6cf
clock.rows.0.cells.10.predicted	s:gov
clock.rows.0.cells.10.measured	s:gov
clock.rows.0.cells.10.margin	f:bfee4994d3d6f54c
clock.rows.0.cells.11	keys:10
clock.rows.0.cells.11.s	f:3fd051eb851eb854
clock.rows.0.cells.11.setpoint_gap	f:3f61ec9a18a30474
clock.rows.0.cells.11.lag_gap	f:3f1e05debb8d9cf8
clock.rows.0.cells.11.tau_f	f:3faeb851eb851eb8
clock.rows.0.cells.11.tau_gov	f:3f947ae147ae147b
clock.rows.0.cells.11.slope_f	f:3f643c4bef12962b
clock.rows.0.cells.11.slope_r	f:3f5b976f9054fa79
clock.rows.0.cells.11.predicted	s:gov
clock.rows.0.cells.11.measured	s:gov
clock.rows.0.cells.11.margin	f:bfee5333bedc636f
clock.rows.0.cells.12	keys:10
clock.rows.0.cells.12.s	f:3fd0a3d70a3d70a6
clock.rows.0.cells.12.setpoint_gap	f:3f61f4aacf79c900
clock.rows.0.cells.12.lag_gap	f:3f1d7f145790aff8
clock.rows.0.cells.12.tau_f	f:3faeb851eb851eb8
clock.rows.0.cells.12.tau_gov	f:3f947ae147ae147b
clock.rows.0.cells.12.slope_f	f:3f63f3d49508599b
clock.rows.0.cells.12.slope_r	f:3f5b89dbec8df3b9
clock.rows.0.cells.12.predicted	s:gov
clock.rows.0.cells.12.measured	s:gov
clock.rows.0.cells.12.margin	f:bfee5b7619722f66
clock.rows.0.cells.13	keys:10
clock.rows.0.cells.13.s	f:3fd0f5c28f5c28f8
clock.rows.0.cells.13.setpoint_gap	f:3f61fc6e528b59e4
clock.rows.0.cells.13.lag_gap	f:3f1d0bf43c6728f8
clock.rows.0.cells.13.tau_f	f:3faeb851eb851eb8
clock.rows.0.cells.13.tau_gov	f:3f947ae147ae147b
clock.rows.0.cells.13.slope_f	f:3f63b5c62af167fb
clock.rows.0.cells.13.slope_r	f:3f5b7d49c4e60fd9
clock.rows.0.cells.13.predicted	s:gov
clock.rows.0.cells.13.measured	s:gov
clock.rows.0.cells.13.margin	f:bfee62923bf1d647
clock.rows.0.cells.14	keys:10
clock.rows.0.cells.14.s	f:3fd147ae147ae14a
clock.rows.0.cells.14.setpoint_gap	f:3f6203f0436691a4
clock.rows.0.cells.14.lag_gap	f:3f1ca97990ede4f8
clock.rows.0.cells.14.tau_f	f:3faeb851eb851eb8
clock.rows.0.cells.14.tau_gov	f:3f947ae147ae147b
clock.rows.0.cells.14.slope_f	f:3f638086bf43bdbb
clock.rows.0.cells.14.slope_r	f:3f5b718c96af06d9
clock.rows.0.cells.14.predicted	s:gov
clock.rows.0.cells.14.measured	s:gov
clock.rows.0.cells.14.margin	f:bfee68b5eb71b370
clock.rows.0.cells.15	keys:10
clock.rows.0.cells.15.s	f:3fd199999999999c
clock.rows.0.cells.15.setpoint_gap	f:3f620b3a7ca9df98
clock.rows.0.cells.15.lag_gap	f:3f1c5516396898f8
clock.rows.0.cells.15.tau_f	f:3faeb851eb851eb8
clock.rows.0.cells.15.tau_gov	f:3f947ae147ae147b
clock.rows.0.cells.15.slope_f	f:3f6352bb624ca8eb
clock.rows.0.cells.15.slope_r	f:3f5b667eda651779
clock.rows.0.cells.15.predicted	s:gov
clock.rows.0.cells.15.measured	s:gov
clock.rows.0.cells.15.margin	f:bfee6e07bcdc0216
clock.rows.0.cells.16	keys:10
clock.rows.0.cells.16.s	f:3fd1eb851eb851ee
clock.rows.0.cells.16.setpoint_gap	f:3f62125557c58cd0
clock.rows.0.cells.16.lag_gap	f:3f1c0ca065de8af8
clock.rows.0.cells.16.tau_f	f:3faeb851eb851eb8
clock.rows.0.cells.16.tau_gov	f:3f947ae147ae147b
clock.rows.0.cells.16.slope_f	f:3f632b3e5c13167b
clock.rows.0.cells.16.slope_r	f:3f5b5c00ea1b1499
clock.rows.0.cells.16.predicted	s:gov
clock.rows.0.cells.16.measured	s:gov
clock.rows.0.cells.16.margin	f:bfee72a83c3cb3b7
clock.rows.0.cells.17	keys:10
clock.rows.0.cells.17.s	f:3fd23d70a3d70a40
clock.rows.0.cells.17.setpoint_gap	f:3f621947e7ef0c84
clock.rows.0.cells.17.lag_gap	f:3f1bce430b7341f8
clock.rows.0.cells.17.tau_f	f:3faeb851eb851eb8
clock.rows.0.cells.17.tau_gov	f:3f947ae147ae147b
clock.rows.0.cells.17.slope_f	f:3f630916eed161ab
clock.rows.0.cells.17.slope_r	f:3f5b51f815201bd9
clock.rows.0.cells.17.predicted	s:gov
clock.rows.0.cells.17.measured	s:gov
clock.rows.0.cells.17.margin	f:bfee76b2e2f3374f
clock.rows.0.cells.18	keys:10
clock.rows.0.cells.18.s	f:3fd28f5c28f5c292
clock.rows.0.cells.18.setpoint_gap	f:3f6220182bf96740
clock.rows.0.cells.18.lag_gap	f:3f1b9870cf2918f8
clock.rows.0.cells.18.tau_f	f:3faeb851eb851eb8
clock.rows.0.cells.18.tau_gov	f:3f947ae147ae147b
clock.rows.0.cells.18.slope_f	f:3f62eb726576139b
clock.rows.0.cells.18.slope_r	f:3f5b484dd9640799
clock.rows.0.cells.18.predicted	s:gov
clock.rows.0.cells.18.measured	s:gov
clock.rows.0.cells.18.margin	f:bfee7a3ee566a68f
clock.rows.0.cells.19	keys:10
clock.rows.0.cells.19.s	f:3fd2e147ae147ae4
clock.rows.0.cells.19.setpoint_gap	f:3f6226cb38805e98
clock.rows.0.cells.19.lag_gap	f:3f1b69d8fd2cfaf8
clock.rows.0.cells.19.tau_f	f:3faeb851eb851eb8
clock.rows.0.cells.19.tau_gov	f:3f947ae147ae147b
clock.rows.0.cells.19.slope_f	f:3f62d19e3898e07b
clock.rows.0.cells.19.slope_r	f:3f5b3eef3c68b299
clock.rows.0.cells.19.predicted	s:gov
clock.rows.0.cells.19.measured	s:gov
clock.rows.0.cells.19.margin	f:bfee7d5fdf38dc05
clock.rows.0.cells.20	keys:10
clock.rows.0.cells.20.s	f:3fd3333333333336
clock.rows.0.cells.20.setpoint_gap	f:3f622d655b9920ec
clock.rows.0.cells.20.lag_gap	f:3f1b415e389159f8
clock.rows.0.cells.20.tau_f	f:3faeb851eb851eb8
clock.rows.0.cells.20.tau_gov	f:3f947ae147ae147b
clock.rows.0.cells.20.slope_f	f:3f62bb031d3b8f5b
clock.rows.0.cells.20.slope_r	f:3f5b35cc3e9f22f9
clock.rows.0.cells.20.predicted	s:gov
clock.rows.0.cells.20.measured	s:gov
clock.rows.0.cells.20.margin	f:bfee802663ac3900
clock.rows.0.cells.21	keys:10
clock.rows.0.cells.21.s	f:3fd3851eb851eb88
clock.rows.0.cells.21.setpoint_gap	f:3f6233ea3b0a68d0
clock.rows.0.cells.21.lag_gap	f:3f1b1e0e9d60c4f8
clock.rows.0.cells.21.tau_f	f:3faeb851eb851eb8
clock.rows.0.cells.21.tau_gov	f:3f947ae147ae147b
clock.rows.0.cells.21.slope_f	f:3f62a720d81ea4cb
clock.rows.0.cells.21.slope_r	f:3f5b2cd764e97539
clock.rows.0.cells.21.predicted	s:gov
clock.rows.0.cells.21.measured	s:gov
clock.rows.0.cells.21.margin	f:bfee82a076e69e49
clock.rows.0.cells.22	keys:10
clock.rows.0.cells.22.s	f:3fd3d70a3d70a3da
clock.rows.0.cells.22.setpoint_gap	f:3f623a5cede51158
clock.rows.0.cells.22.lag_gap	f:3f1aff1d1a6e01f8
clock.rows.0.cells.22.tau_f	f:3faeb851eb851eb8
clock.rows.0.cells.22.tau_gov	f:3f947ae147ae147b
clock.rows.0.cells.22.slope_f	f:3f62958ab68c8c7b
clock.rows.0.cells.22.slope_r	f:3f5b240554b384b9
clock.rows.0.cells.22.predicted	s:gov
clock.rows.0.cells.22.measured	s:gov
clock.rows.0.cells.22.margin	f:bfee84d9f3e811b2
clock.rows.0.cells.23	keys:10
clock.rows.0.cells.23.s	f:3fd428f5c28f5c2c
clock.rows.0.cells.23.setpoint_gap	f:3f6240c01233e098
clock.rows.0.cells.23.lag_gap	f:3f1ae3dbd1ca30f8
clock.rows.0.cells.23.tau_f	f:3faeb851eb851eb8
clock.rows.0.cells.23.tau_gov	f:3f947ae147ae147b
clock.rows.0.cells.23.slope_f	f:3f6285e4928b203b
clock.rows.0.cells.23.slope_r	f:3f5b1b4c7faae859
clock.rows.0.cells.23.predicted	s:gov
clock.rows.0.cells.23.measured	s:gov
clock.rows.0.cells.23.margin	f:bfee86dce2604507
clock.rows.0.cells.24	keys:10
clock.rows.0.cells.24.s	f:3fd47ae147ae147e
clock.rows.0.cells.24.setpoint_gap	f:3f624715df5ca4fc
clock.rows.0.cells.24.lag_gap	f:3f1acbb756ca46f8
clock.rows.0.cells.24.tau_f	f:3faeb851eb851eb8
clock.rows.0.cells.24.tau_gov	f:3f947ae147ae147b
clock.rows.0.cells.24.slope_f	f:3f6277e04ca3022b
clock.rows.0.cells.24.slope_r	f:3f5b12a4dc99ef39
clock.rows.0.cells.24.predicted	s:gov
clock.rows.0.cells.24.measured	s:gov
clock.rows.0.cells.24.margin	f:bfee88b1bf0196c2
clock.rows.0.cells.25	keys:10
clock.rows.0.cells.25.s	f:3fd4ccccccccccd0
clock.rows.0.cells.25.setpoint_gap	f:3f624d6035b4bcdc
clock.rows.0.cells.25.lag_gap	f:3f1ab632a70507f8
clock.rows.0.cells.25.tau_f	f:3faeb851eb851eb8
clock.rows.0.cells.25.tau_gov	f:3f947ae147ae147b
clock.rows.0.cells.25.slope_f	f:3f626b3ba8e08d2b
clock.rows.0.cells.25.slope_r	f:3f5b0a07ab539619
clock.rows.0.cells.25.predicted	s:gov
clock.rows.0.cells.25.measured	s:gov
clock.rows.0.cells.25.margin	f:bfee8a5fb87fa18a
clock.rows.0.cells.26	keys:10
clock.rows.0.cells.26.s	f:3fd51eb851eb8522
clock.rows.0.cells.26.setpoint_gap	f:3f6253a0abb6cac4
clock.rows.0.cells.26.lag_gap	f:3f1aa2e3c141d2f8
clock.rows.0.cells.26.tau_f	f:3faeb851eb851eb8
clock.rows.0.cells.26.tau_gov	f:3f947ae147ae147b
clock.rows.0.cells.26.slope_f	f:3f625fbe7fa4ec4b
clock.rows.0.cells.26.slope_r	f:3f5b016f41efd679
clock.rows.0.cells.26.predicted	s:gov
clock.rows.0.cells.26.measured	s:gov
clock.rows.0.cells.26.margin	f:bfee8bece3094310
clock.rows.0.cells.27	keys:10
clock.rows.0.cells.27.s	f:3fd570a3d70a3d74
clock.rows.0.cells.27.setpoint_gap	f:3f6259d8993677c0
clock.rows.0.cells.27.lag_gap	f:3f1a9170c1ef84f8
clock.rows.0.cells.27.tau_f	f:3faeb851eb851eb8
clock.rows.0.cells.27.tau_gov	f:3f947ae147ae147b
clock.rows.0.cells.27.slope_f	f:3f6255393552d51b
clock.rows.0.cells.27.slope_r	f:3f5af8d6e1e47f19
clock.rows.0.cells.27.predicted	s:gov
clock.rows.0.cells.27.measured	s:gov
clock.rows.0.cells.27.margin	f:bfee8d5e63c0df5c
clock.rows.0.cells.28	keys:10
clock.rows.0.cells.28.s	f:3fd5c28f5c28f5c6
clock.rows.0.cells.28.setpoint_gap	f:3f62600920e0b7c8
clock.rows.0.cells.28.lag_gap	f:3f1a818d707584f8
clock.rows.0.cells.28.tau_f	f:3faeb851eb851eb8
clock.rows.0.cells.28.tau_gov	f:3f947ae147ae147b
clock.rows.0.cells.28.slope_f	f:3f624b836ddd352b
clock.rows.0.cells.28.slope_r	f:3f5af03a93bfff79
clock.rows.0.cells.28.predicted	s:gov
clock.rows.0.cells.28.measured	s:gov
clock.rows.0.cells.28.margin	f:bfee8eb89577da7d
clock.rows.0.cells.29	keys:10
clock.rows.0.cells.29.s	f:3fd6147ae147ae18
clock.rows.0.cells.29.setpoint_gap	f:3f626633384aeb7c
clock.rows.0.cells.29.lag_gap	f:3f1b4f25011e9ef8
clock.rows.0.cells.29.tau_f	f:3faeb851eb851eb8
clock.rows.0.cells.29.tau_gov	f:3f947ae147ae147b
clock.rows.0.cells.29.slope_f	f:3f62b461f22beaab
clock.rows.0.cells.29.slope_r	f:3f5ae2f80987cf39
clock.rows.0.cells.29.predicted	s:gov
clock.rows.0.cells.29.measured	s:gov
clock.rows.0.cells.29.margin	f:bfee8407c5ffea34
clock.rows.1	keys:20
clock.rows.1.coord	s:demand
clock.rows.1.tau_f	f:3f947ae147ae147b
clock.rows.1.tau_gov	f:3fa999999999999a
clock.rows.1.tau_q	f:3fa999999999999a
clock.rows.1.tau_s	f:3fa999999999999a
clock.rows.1.phi_lim	f:3fe8000000000000
clock.rows.1.phi_air	f:3fe8a3d70a3d70a4
clock.rows.1.max_Tt4	f:4092b87fbbae842d
clock.rows.1.riding4_valid	b:1
clock.rows.1.n_riding4	i:31
clock.rows.1.census	keys:1
clock.rows.1.census.gov	i:31
clock.rows.1.n_fuel	i:0
clock.rows.1.n_gov	i:31
clock.rows.1.n_scored	i:31
clock.rows.1.n_edge	i:0
clock.rows.1.n_agree	i:31
clock.rows.1.agreement	f:3ff0000000000000
clock.rows.1.worst_miss	n
clock.rows.1.min_margin	f:3fedcdd53f45a8b0
clock.rows.1.cells	len:31
clock.rows.1.cells.0	keys:10
clock.rows.1.cells.0.s	f:3fc8f5c28f5c28f9
clock.rows.1.cells.0.setpoint_gap	f:3f60b5a06cc0f2ac
clock.rows.1.cells.0.lag_gap	f:3f2258c247b9b3ba
clock.rows.1.cells.0.tau_f	f:3faeb851eb851eb8
clock.rows.1.cells.0.tau_gov	f:3fa999999999999a
clock.rows.1.cells.0.slope_f	f:3f6ef66687d64498
clock.rows.1.cells.0.slope_r	f:3f5c7176c5e53019
clock.rows.1.cells.0.predicted	s:gov
clock.rows.1.cells.0.measured	s:gov
clock.rows.1.cells.0.margin	f:bfedcdd53f45a8b0
clock.rows.1.cells.1	keys:10
clock.rows.1.cells.1.s	f:3fc999999999999d
clock.rows.1.cells.1.setpoint_gap	f:3f60c9f63cad4ff0
clock.rows.1.cells.1.lag_gap	f:3f20d11537a061fc
clock.rows.1.cells.1.tau_f	f:3faeb851eb851eb8
clock.rows.1.cells.1.tau_gov	f:3fa999999999999a
clock.rows.1.cells.1.slope_f	f:3f6d49dbf555e819
clock.rows.1.cells.1.slope_r	f:3f5c4027a8239e79
clock.rows.1.cells.1.predicted	s:gov
clock.rows.1.cells.1.measured	s:gov
clock.rows.1.cells.1.margin	f:bfedff26d5d1a436
clock.rows.1.cells.2	keys:10
clock.rows.1.cells.2.s	f:3fca3d70a3d70a41
clock.rows.1.cells.2.setpoint_gap	f:3f60dc71c93f11a4
clock.rows.1.cells.2.lag_gap	f:3f1f0942195f3d77
clock.rows.1.cells.2.tau_f	f:3faeb851eb851eb8
clock.rows.1.cells.2.tau_gov	f:3fa999999999999a
clock.rows.1.cells.2.slope_f	f:3f6bddefb74ad259
clock.rows.1.cells.2.slope_r	f:3f5c15dfe4fc8599
clock.rows.1.cells.2.predicted	s:gov
clock.rows.1.cells.2.measured	s:gov
clock.rows.1.cells.2.margin	f:bfee28c834b63c7f
clock.rows.1.cells.3	keys:10
clock.rows.1.cells.3.s	f:3fcae147ae147ae5
clock.rows.1.cells.3.setpoint_gap	f:3f60ed5a131fff74
clock.rows.1.cells.3.lag_gap	f:3f1cd2e64588e1f7
clock.rows.1.cells.3.tau_f	f:3faeb851eb851eb8
clock.rows.1.cells.3.tau_gov	f:3fa999999999999a
clock.rows.1.cells.3.slope_f	f:3f6aa7c04141a369
clock.rows.1.cells.3.slope_r	f:3f5bf160c5b26db9
clock.rows.1.cells.3.predicted	s:gov
clock.rows.1.cells.3.measured	s:gov
clock.rows.1.cells.3.margin	f:bfee4c14457964a8
clock.rows.1.cells.4	keys:10
clock.rows.1.cells.4.s	f:3fcb851eb851eb89
clock.rows.1.cells.4.setpoint_gap	f:3f60fcea43ca5a68
clock.rows.1.cells.4.lag_gap	f:3f1aeebec6ee4af9
clock.rows.1.cells.4.tau_f	f:3faeb851eb851eb8
clock.rows.1.cells.4.tau_gov	f:3fa999999999999a
clock.rows.1.cells.4.slope_f	f:3f699e5dc9450fda
clock.rows.1.cells.4.slope_r	f:3f5bd1a5d0c8aeb9
clock.rows.1.cells.4.predicted	s:gov
clock.rows.1.cells.4.measured	s:gov
clock.rows.1.cells.4.margin	f:bfee6a239951503d
clock.rows.1.cells.5	keys:10
clock.rows.1.cells.5.s	f:3fcc28f5c28f5c2d
clock.rows.1.cells.5.setpoint_gap	f:3f610b53c892e294
clock.rows.1.cells.5.lag_gap	f:3f194f594f742679
clock.rows.1.cells.5.tau_f	f:3faeb851eb851eb8
clock.rows.1.cells.5.tau_gov	f:3fa999999999999a
clock.rows.1.cells.5.slope_f	f:3f68ba6ea446d93a
clock.rows.1.cells.5.slope_r	f:3f5bb5d9e6f272d9
clock.rows.1.cells.5.predicted	s:gov
clock.rows.1.cells.5.measured	s:gov
clock.rows.1.cells.5.margin	f:bfee83d9ed0843e0
clock.rows.1.cells.6	keys:10
clock.rows.1.cells.6.s	f:3fccccccccccccd1
clock.rows.1.cells.6.setpoint_gap	f:3f6118c00aadb07c
clock.rows.1.cells.6.lag_gap	f:3f17e9a14f7632f9
clock.rows.1.cells.6.tau_f	f:3faeb851eb851eb8
clock.rows.1.cells.6.tau_gov	f:3fa999999999999a
clock.rows.1.cells.6.slope_f	f:3f67f5e4b1ccb29a
clock.rows.1.cells.6.slope_r	f:3f5b9d4e6dcab9b9
clock.rows.1.cells.6.predicted	s:gov
clock.rows.1.cells.6.measured	s:gov
clock.rows.1.cells.6.margin	f:bfee99f0bf95dbbf
clock.rows.1.cells.7	keys:10
clock.rows.1.cells.7.s	f:3fcd70a3d70a3d75
clock.rows.1.cells.7.setpoint_gap	f:3f612551d69a5184
clock.rows.1.cells.7.lag_gap	f:3f16b4712a0418f9
clock.rows.1.cells.7.tau_f	f:3faeb851eb851eb8
clock.rows.1.cells.7.tau_gov	f:3fa999999999999a
clock.rows.1.cells.7.slope_f	f:3f674bc0aab2b1ea
clock.rows.1.cells.7.slope_r	f:3f5b87742527bef9
clock.rows.1.cells.7.predicted	s:gov
clock.rows.1.cells.7.measured	s:gov
clock.rows.1.cells.7.margin	f:bfeeacffa9841b38
clock.rows.1.cells.8	keys:10
clock.rows.1.cells.8.s	f:3fce147ae147ae19
clock.rows.1.cells.8.setpoint_gap	f:3f61312681f5ad78
clock.rows.1.cells.8.lag_gap	f:3f15a838052c8579
clock.rows.1.cells.8.tau_f	f:3faeb851eb851eb8
clock.rows.1.cells.8.tau_gov	f:3fa999999999999a
clock.rows.1.cells.8.slope_f	f:3f66b7e0bc08e00a
clock.rows.1.cells.8.slope_r	f:3f5b73d5566a72d9
clock.rows.1.cells.8.predicted	s:gov
clock.rows.1.cells.8.measured	s:gov
clock.rows.1.cells.8.margin	f:bfeebd82f747cb9d
clock.rows.1.cells.9	keys:10
clock.rows.1.cells.9.s	f:3fceb851eb851ebd
clock.rows.1.cells.9.setpoint_gap	f:3f613c56dbe41d6c
clock.rows.1.cells.9.lag_gap	f:3f14beb05d305079
clock.rows.1.cells.9.tau_f	f:3faeb851eb851eb8
clock.rows.1.cells.9.tau_gov	f:3fa999999999999a
clock.rows.1.cells.9.slope_f	f:3f6636d851ab505a
clock.rows.1.cells.9.slope_r	f:3f5b62111c51f5d9
clock.rows.1.cells.9.predicted	s:gov
clock.rows.1.cells.9.measured	s:gov
clock.rows.1.cells.9.margin	f:bfeecbe0e8e6da46
clock.rows.1.cells.10	keys:10
clock.rows.1.cells.10.s	f:3fcf5c28f5c28f61
clock.rows.1.cells.10.setpoint_gap	f:3f6146f7f1fea934
clock.rows.1.cells.10.lag_gap	f:3f13f2a43861828a
clock.rows.1.cells.10.tau_f	f:3faeb851eb851eb8
clock.rows.1.cells.10.tau_gov	f:3fa999999999999a
clock.rows.1.cells.10.slope_f	f:3f65c5cf589bd22c
clock.rows.1.cells.10.slope_r	f:3f5b51d78e2f486f
clock.rows.1.cells.10.predicted	s:gov
clock.rows.1.cells.10.measured	s:gov
clock.rows.1.cells.10.margin	f:bfeed86de1f43187
clock.rows.1.cells.11	keys:10
clock.rows.1.cells.11.s	f:3fd0000000000002
clock.rows.1.cells.11.setpoint_gap	f:3f61511bb1d38448
clock.rows.1.cells.11.lag_gap	f:3f133fbc6ed9ea88
clock.rows.1.cells.11.tau_f	f:3faeb851eb851eb8
clock.rows.1.cells.11.tau_gov	f:3fa999999999999a
clock.rows.1.cells.11.slope_f	f:3f656267932595ab
clock.rows.1.cells.11.slope_r	f:3f5b42e6a363686e
clock.rows.1.cells.11.predicted	s:gov
clock.rows.1.cells.11.measured	s:gov
clock.rows.1.cells.11.margin	f:bfeee36fc398b469
clock.rows.1.cells.12	keys:10
clock.rows.1.cells.12.s	f:3fd051eb851eb854
clock.rows.1.cells.12.setpoint_gap	f:3f615ad16d877ff0
clock.rows.1.cells.12.lag_gap	f:3f12a258f34683fb
clock.rows.1.cells.12.tau_f	f:3faeb851eb851eb8
clock.rows.1.cells.12.tau_gov	f:3fa999999999999a
clock.rows.1.cells.12.slope_f	f:3f650aa6dbcdec7b
clock.rows.1.cells.12.slope_r	f:3f5b3507ac3c78f9
clock.rows.1.cells.12.predicted	s:gov
clock.rows.1.cells.12.measured	s:gov
clock.rows.1.cells.12.margin	f:bfeeed209d5ffddb
clock.rows.1.cells.13	keys:10
clock.rows.1.cells.13.s	f:3fd0a3d70a3d70a6
clock.rows.1.cells.13.setpoint_gap	f:3f61642648ec5048
clock.rows.1.cells.13.lag_gap	f:3f1217706d6e15fb
clock.rows.1.cells.13.tau_f	f:3faeb851eb851eb8
clock.rows.1.cells.13.tau_gov	f:3fa999999999999a
clock.rows.1.cells.13.slope_f	f:3f64bce56a9dc0cb
clock.rows.1.cells.13.slope_r	f:3f5b280d43e43339
clock.rows.1.cells.13.predicted	s:gov
clock.rows.1.cells.13.measured	s:gov
clock.rows.1.cells.13.margin	f:bfeef5b0d7a4cd22
clock.rows.1.cells.14	keys:10
clock.rows.1.cells.14.s	f:3fd0f5c28f5c28f8
clock.rows.1.cells.14.setpoint_gap	f:3f616d259360419c
clock.rows.1.cells.14.lag_gap	f:3f119c75c801affb
clock.rows.1.cells.14.tau_f	f:3faeb851eb851eb8
clock.rows.1.cells.14.tau_gov	f:3fa999999999999a
clock.rows.1.cells.14.slope_f	f:3f6477bf5cb0d08b
clock.rows.1.cells.14.slope_r	f:3f5b1bd1a4730bb9
clock.rows.1.cells.14.predicted	s:gov
clock.rows.1.cells.14.measured	s:gov
clock.rows.1.cells.14.margin	f:bfeefd48f2f031f8
clock.rows.1.cells.15	keys:10
clock.rows.1.cells.15.s	f:3fd147ae147ae14a
clock.rows.1.cells.15.setpoint_gap	f:3f6175d911fcddd4
clock.rows.1.cells.15.lag_gap	f:3f112f42951894fb
clock.rows.1.cells.15.tau_f	f:3faeb851eb851eb8
clock.rows.1.cells.15.tau_gov	f:3fa999999999999a
clock.rows.1.cells.15.slope_f	f:3f643a08e211663b
clock.rows.1.cells.15.slope_r	f:3f5b10354a97d4b9
clock.rows.1.cells.15.predicted	s:gov
clock.rows.1.cells.15.measured	s:gov
clock.rows.1.cells.15.margin	f:bfef040af1d007be
clock.rows.1.cells.16	keys:10
clock.rows.1.cells.16.s	f:3fd199999999999c
clock.rows.1.cells.16.setpoint_gap	f:3f617e493cf19754
clock.rows.1.cells.16.lag_gap	f:3f10ce05623160fb
clock.rows.1.cells.16.tau_f	f:3faeb851eb851eb8
clock.rows.1.cells.16.tau_gov	f:3fa999999999999a
clock.rows.1.cells.16.slope_f	f:3f6402c493383beb
clock.rows.1.cells.16.slope_r	f:3f5b051dd9c93cf9
clock.rows.1.cells.16.predicted	s:gov
clock.rows.1.cells.16.measured	s:gov
clock.rows.1.cells.16.margin	f:bfef0a137e28a7e5
clock.rows.1.cells.17	keys:10
clock.rows.1.cells.17.s	f:3fd1eb851eb851ee
clock.rows.1.cells.17.setpoint_gap	f:3f61867d725efb90
clock.rows.1.cells.17.lag_gap	f:3f1077334012ab7b
clock.rows.1.cells.17.tau_f	f:3faeb851eb851eb8
clock.rows.1.cells.17.tau_gov	f:3fa999999999999a
clock.rows.1.cells.17.slope_f	f:3f63d11b8762aceb
clock.rows.1.cells.17.slope_r	f:3f5afa7534d57bd9
clock.rows.1.cells.17.predicted	s:gov
clock.rows.1.cells.17.measured	s:gov
clock.rows.1.cells.17.margin	f:bfef0f7ad781768f
clock.rows.1.cells.18	keys:10
clock.rows.1.cells.18.s	f:3fd23d70a3d70a40
clock.rows.1.cells.18.setpoint_gap	f:3f618e7c2097e914
clock.rows.1.cells.18.lag_gap	f:3f10297be6236a7b
clock.rows.1.cells.18.tau_f	f:3faeb851eb851eb8
clock.rows.1.cells.18.tau_gov	f:3fa999999999999a
clock.rows.1.cells.18.slope_f	f:3f63a456d841e87b
clock.rows.1.cells.18.slope_r	f:3f5af028c0f1e8d9
clock.rows.1.cells.18.predicted	s:gov
clock.rows.1.cells.18.measured	s:gov
clock.rows.1.cells.18.margin	f:bfef1455950b2385
clock.rows.1.cells.19	keys:10
clock.rows.1.cells.19.s	f:3fd28f5c28f5c292
clock.rows.1.cells.19.setpoint_gap	f:3f61964ae9543134
clock.rows.1.cells.19.lag_gap	f:3f0fc77feae5ebf6
clock.rows.1.cells.19.tau_f	f:3faeb851eb851eb8
clock.rows.1.cells.19.tau_gov	f:3fa999999999999a
clock.rows.1.cells.19.slope_f	f:3f637bda4f37096b
clock.rows.1.cells.19.slope_r	f:3f5ae628cb4dfcb9
clock.rows.1.cells.19.predicted	s:gov
clock.rows.1.cells.19.measured	s:gov
clock.rows.1.cells.19.margin	f:bfef18b543f32d24
clock.rows.1.cells.20	keys:10
clock.rows.1.cells.20.s	f:3fd2e147ae147ae4
clock.rows.1.cells.20.setpoint_gap	f:3f619deebf16ca78
clock.rows.1.cells.20.lag_gap	f:3f0f4a11edf0daf6
clock.rows.1.cells.20.tau_f	f:3faeb851eb851eb8
clock.rows.1.cells.20.tau_gov	f:3fa999999999999a
clock.rows.1.cells.20.slope_f	f:3f63572005169fab
clock.rows.1.cells.20.slope_r	f:3f5adc680ab2f659
clock.rows.1.cells.20.predicted	s:gov
clock.rows.1.cells.20.measured	s:gov
clock.rows.1.cells.20.margin	f:bfef1ca8e8dffebd
clock.rows.1.cells.21	keys:10
clock.rows.1.cells.21.s	f:3fd3333333333336
clock.rows.1.cells.21.setpoint_gap	f:3f61a56bfdce6754
clock.rows.1.cells.21.lag_gap	f:3f0ed905869cadf6
clock.rows.1.cells.21.tau_f	f:3faeb851eb851eb8
clock.rows.1.cells.21.tau_gov	f:3fa999999999999a
clock.rows.1.cells.21.slope_f	f:3f6335b4c7b1c5eb
clock.rows.1.cells.21.slope_r	f:3f5ad2db37ef2179
clock.rows.1.cells.21.predicted	s:gov
clock.rows.1.cells.21.measured	s:gov
clock.rows.1.cells.21.margin	f:bfef203d6a1671f4
clock.rows.1.cells.22	keys:10
clock.rows.1.cells.22.s	f:3fd3851eb851eb88
clock.rows.1.cells.22.setpoint_gap	f:3f61acc67f86bba4
clock.rows.1.cells.22.lag_gap	f:3f0e72ec23437ff6
clock.rows.1.cells.22.tau_f	f:3faeb851eb851eb8
clock.rows.1.cells.22.tau_gov	f:3fa999999999999a
clock.rows.1.cells.22.slope_f	f:3f63173520da2fcb
clock.rows.1.cells.22.slope_r	f:3f5ac978b8ce42b9
clock.rows.1.cells.22.predicted	s:gov
clock.rows.1.cells.22.measured	s:gov
clock.rows.1.cells.22.margin	f:bfef237de6b245da
clock.rows.1.cells.23	keys:10
clock.rows.1.cells.23.s	f:3fd3d70a3d70a3da
clock.rows.1.cells.23.setpoint_gap	f:3f61b401add9cb50
clock.rows.1.cells.23.lag_gap	f:3f0e1687efb4b6f6
clock.rows.1.cells.23.tau_f	f:3faeb851eb851eb8
clock.rows.1.cells.23.tau_gov	f:3fa999999999999a
clock.rows.1.cells.23.slope_f	f:3f62fb4ae1556d2b
clock.rows.1.cells.23.slope_r	f:3f5ac0385a2f46d9
clock.rows.1.cells.23.predicted	s:gov
clock.rows.1.cells.23.measured	s:gov
clock.rows.1.cells.23.margin	f:bfef2673fe7fcb19
clock.rows.1.cells.24	keys:10
clock.rows.1.cells.24.s	f:3fd428f5c28f5c2c
clock.rows.1.cells.24.setpoint_gap	f:3f61bb2090b04f94
clock.rows.1.cells.24.lag_gap	f:3f0dc2c4602ae8f6
clock.rows.1.cells.24.tau_f	f:3faeb851eb851eb8
clock.rows.1.cells.24.tau_gov	f:3fa999999999999a
clock.rows.1.cells.24.slope_f	f:3f62e1ab17b7077b
clock.rows.1.cells.24.slope_r	f:3f5ab71316694059
clock.rows.1.cells.24.predicted	s:gov
clock.rows.1.cells.24.measured	s:gov
clock.rows.1.cells.24.margin	f:bfef29280d5455fe
clock.rows.1.cells.25	keys:10
clock.rows.1.cells.25.s	f:3fd47ae147ae147e
clock.rows.1.cells.25.setpoint_gap	f:3f61c225dac69e44
clock.rows.1.cells.25.lag_gap	f:3f0d76afffa696f6
clock.rows.1.cells.25.tau_f	f:3faeb851eb851eb8
clock.rows.1.cells.25.tau_gov	f:3fa999999999999a
clock.rows.1.cells.25.slope_f	f:3f62ca145fa18dcb
clock.rows.1.cells.25.slope_r	f:3f5aae02e5bb9c59
clock.rows.1.cells.25.predicted	s:gov
clock.rows.1.cells.25.measured	s:gov
clock.rows.1.cells.25.margin	f:bfef2ba15c343e72
clock.rows.1.cells.26	keys:10
clock.rows.1.cells.26.s	f:3fd4ccccccccccd0
clock.rows.1.cells.26.setpoint_gap	f:3f61c913f4561bbc
clock.rows.1.cells.26.lag_gap	f:3f0d317747708bf6
clock.rows.1.cells.26.tau_f	f:3faeb851eb851eb8
clock.rows.1.cells.26.tau_gov	f:3fa999999999999a
clock.rows.1.cells.26.slope_f	f:3f62b44d7980ceeb
clock.rows.1.cells.26.slope_r	f:3f5aa50296f532b9
clock.rows.1.cells.26.predicted	s:gov
clock.rows.1.cells.26.measured	s:gov
clock.rows.1.cells.26.margin	f:bfef2de64a25a356
clock.rows.1.cells.27	keys:10
clock.rows.1.cells.27.s	f:3fd51eb851eb8522
clock.rows.1.cells.27.setpoint_gap	f:3f61cfed04323348
clock.rows.1.cells.27.lag_gap	f:3f0cf260507290f6
clock.rows.1.cells.27.tau_f	f:3faeb851eb851eb8
clock.rows.1.cells.27.tau_gov	f:3fa999999999999a
clock.rows.1.cells.27.slope_f	f:3f62a0241dc9d84b
clock.rows.1.cells.27.slope_r	f:3f5a9c0daed00619
clock.rows.1.cells.27.predicted	s:gov
clock.rows.1.cells.27.measured	s:gov
clock.rows.1.cells.27.margin	f:bfef2ffc6e32f601
clock.rows.1.cells.28	keys:10
clock.rows.1.cells.28.s	f:3fd570a3d70a3d74
clock.rows.1.cells.28.setpoint_gap	f:3f61d6b2f799a58c
clock.rows.1.cells.28.lag_gap	f:3f0cb8c737d7adf6
clock.rows.1.cells.28.tau_f	f:3faeb851eb851eb8
clock.rows.1.cells.28.tau_gov	f:3fa999999999999a
clock.rows.1.cells.28.slope_f	f:3f628d6c0135d78b
clock.rows.1.cells.28.slope_r	f:3f5a93204ccd9ef9
clock.rows.1.cells.28.predicted	s:gov
clock.rows.1.cells.28.measured	s:gov
clock.rows.1.cells.28.margin	f:bfef31e8b3d6eb53
clock.rows.1.cells.29	keys:10
clock.rows.1.cells.29.s	f:3fd5c28f5c28f5c6
clock.rows.1.cells.29.setpoint_gap	f:3f61dd6788f1b5ec
clock.rows.1.cells.29.lag_gap	f:3f0c841b176984f6
clock.rows.1.cells.29.tau_f	f:3faeb851eb851eb8
clock.rows.1.cells.29.tau_gov	f:3fa999999999999a
clock.rows.1.cells.29.slope_f	f:3f627bfe0157691b
clock.rows.1.cells.29.slope_r	f:3f5a8a3714963c59
clock.rows.1.cells.29.predicted	s:gov
clock.rows.1.cells.29.measured	s:gov
clock.rows.1.cells.29.margin	f:bfef33af72d1049d
clock.rows.1.cells.30	keys:10
clock.rows.1.cells.30.s	f:3fd6147ae147ae18
clock.rows.1.cells.30.setpoint_gap	f:3f61e40c459735a8
clock.rows.1.cells.30.lag_gap	f:3f0daac4275546f6
clock.rows.1.cells.30.tau_f	f:3faeb851eb851eb8
clock.rows.1.cells.30.tau_gov	f:3fa999999999999a
clock.rows.1.cells.30.slope_f	f:3f62c3917b9081ab
clock.rows.1.cells.30.slope_r	f:3f5a7dd5c32bead9
clock.rows.1.cells.30.predicted	s:gov
clock.rows.1.cells.30.measured	s:gov
clock.rows.1.cells.30.margin	f:bfef2bbf2ac3885c
clock.rows.2	keys:20
clock.rows.2.coord	s:demand
clock.rows.2.tau_f	f:3f947ae147ae147b
clock.rows.2.tau_gov	f:3fc999999999999a
clock.rows.2.tau_q	f:3fa999999999999a
clock.rows.2.tau_s	f:3fa999999999999a
clock.rows.2.phi_lim	f:3fe8000000000000
clock.rows.2.phi_air	f:3fe8a3d70a3d70a4
clock.rows.2.max_Tt4	f:40929ca413691c40
clock.rows.2.riding4_valid	b:1
clock.rows.2.n_riding4	i:30
clock.rows.2.census	keys:1
clock.rows.2.census.gov	i:30
clock.rows.2.n_fuel	i:0
clock.rows.2.n_gov	i:30
clock.rows.2.n_scored	i:30
clock.rows.2.n_edge	i:0
clock.rows.2.n_agree	i:30
clock.rows.2.agreement	f:3ff0000000000000
clock.rows.2.worst_miss	n
clock.rows.2.min_margin	f:3ff14f9403ce8054
clock.rows.2.cells	len:30
clock.rows.2.cells.0	keys:10
clock.rows.2.cells.0.s	f:3fc851eb851eb855
clock.rows.2.cells.0.setpoint_gap	f:3f5ecb867f706e50
clock.rows.2.cells.0.lag_gap	f:bf242f118fdfcb7c
clock.rows.2.cells.0.tau_f	f:3faeb851eb851eb8
clock.rows.2.cells.0.tau_gov	f:3fc999999999999a
clock.rows.2.cells.0.slope_f	f:3f66a4f1417a078a
clock.rows.2.cells.0.slope_r	f:3f5a339554684a19
clock.rows.2.cells.0.predicted	s:gov
clock.rows.2.cells.0.measured	s:gov
clock.rows.2.cells.0.margin	f:bff14f9403ce8054
clock.rows.2.cells.1	keys:10
clock.rows.2.cells.1.s	f:3fc8f5c28f5c28f9
clock.rows.2.cells.1.setpoint_gap	f:3f5ee20034527c48
clock.rows.2.cells.1.lag_gap	f:bf254ae6a624117b
clock.rows.2.cells.1.tau_f	f:3faeb851eb851eb8
clock.rows.2.cells.1.tau_gov	f:3fc999999999999a
clock.rows.2.cells.1.slope_f	f:3f6529f2ad229c2b
clock.rows.2.cells.1.slope_r	f:3f5a0194f61e8239
clock.rows.2.cells.1.predicted	s:gov
clock.rows.2.cells.1.measured	s:gov
clock.rows.2.cells.1.margin	f:bff161016493fb7e
clock.rows.2.cells.2	keys:10
clock.rows.2.cells.2.s	f:3fc999999999999d
clock.rows.2.cells.2.setpoint_gap	f:3f5ef54efb521918
clock.rows.2.cells.2.lag_gap	f:bf262f080e976dfd
clock.rows.2.cells.2.tau_f	f:3faeb851eb851eb8
clock.rows.2.cells.2.tau_gov	f:3fc999999999999a
clock.rows.2.cells.2.slope_f	f:3f63f6b286a0f25b
clock.rows.2.cells.2.slope_r	f:3f59d7d026b2695a
clock.rows.2.cells.2.predicted	s:gov
clock.rows.2.cells.2.measured	s:gov
clock.rows.2.cells.2.margin	f:bff16ee226507df7
clock.rows.2.cells.3	keys:10
clock.rows.2.cells.3.s	f:3fca3d70a3d70a41
clock.rows.2.cells.3.setpoint_gap	f:3f5f060e7e4ecce0
clock.rows.2.cells.3.lag_gap	f:bf26e5a5cf07977d
clock.rows.2.cells.3.tau_f	f:3faeb851eb851eb8
clock.rows.2.cells.3.tau_gov	f:3fc999999999999a
clock.rows.2.cells.3.slope_f	f:3f62fe05e4898eab
clock.rows.2.cells.3.slope_r	f:3f59b4be5db7477a
clock.rows.2.cells.3.predicted	s:gov
clock.rows.2.cells.3.measured	s:gov
clock.rows.2.cells.3.margin	f:bff179e1e6a3f998
clock.rows.2.cells.4	keys:10
clock.rows.2.cells.4.s	f:3fcae147ae147ae5
clock.rows.2.cells.4.setpoint_gap	f:3f5f14bdd5fe8950
clock.rows.2.cells.4.lag_gap	f:bf277715a8e329fd
clock.rows.2.cells.4.tau_f	f:3faeb851eb851eb8
clock.rows.2.cells.4.tau_gov	f:3fc999999999999a
clock.rows.2.cells.4.slope_f	f:3f62352833ac07db
clock.rows.2.cells.4.slope_r	f:3f59971f4228655a
clock.rows.2.cells.4.predicted	s:gov
clock.rows.2.cells.4.measured	s:gov
clock.rows.2.cells.4.margin	f:bff1828b27b43017
clock.rows.2.cells.5	keys:10
clock.rows.2.cells.5.s	f:3fcb851eb851eb89
clock.rows.2.cells.5.setpoint_gap	f:3f5f21c4beadff38
clock.rows.2.cells.5.lag_gap	f:bf27ea28fbae617c
clock.rows.2.cells.5.tau_f	f:3faeb851eb851eb8
clock.rows.2.cells.5.tau_gov	f:3fc999999999999a
clock.rows.2.cells.5.slope_f	f:3f61934bb27114ec
clock.rows.2.cells.5.slope_r	f:3f597ded6ec4097a
clock.rows.2.cells.5.predicted	s:gov
clock.rows.2.cells.5.measured	s:gov
clock.rows.2.cells.5.margin	f:bff1894df4d812c3
clock.rows.2.cells.6	keys:10
clock.rows.2.cells.6.s	f:3fcc28f5c28f5c2d
clock.rows.2.cells.6.setpoint_gap	f:3f5f2d77db03f528
clock.rows.2.cells.6.lag_gap	f:bf28447335325bfc
clock.rows.2.cells.6.tau_f	f:3faeb851eb851eb8
clock.rows.2.cells.6.tau_gov	f:3fc999999999999a
clock.rows.2.cells.6.slope_f	f:3f61113e098dc97c
clock.rows.2.cells.6.slope_r	f:3f596853a0948bfa
clock.rows.2.cells.6.predicted	s:gov
clock.rows.2.cells.6.measured	s:gov
clock.rows.2.cells.6.margin	f:bff18e851c5faac7
clock.rows.2.cells.7	keys:10
clock.rows.2.cells.7.s	f:3fccccccccccccd1
clock.rows.2.cells.7.setpoint_gap	f:3f5f381c307706f8
clock.rows.2.cells.7.lag_gap	f:bf288a838d86307c
clock.rows.2.cells.7.tau_f	f:3faeb851eb851eb8
clock.rows.2.cells.7.tau_gov	f:3fc999999999999a
clock.rows.2.cells.7.slope_f	f:3f60a91d6c43df2c
clock.rows.2.cells.7.slope_r	f:3f5955a3dfcfca9a
clock.rows.2.cells.7.predicted	s:gov
clock.rows.2.cells.7.measured	s:gov
clock.rows.2.cells.7.margin	f:bff1927a52d166c8
clock.rows.2.cells.8	keys:10
clock.rows.2.cells.8.s	f:3fcd70a3d70a3d75
clock.rows.2.cells.8.setpoint_gap	f:3f5f41ea0157b798
clock.rows.2.cells.8.lag_gap	f:bf28c0145370c4fc
clock.rows.2.cells.8.tau_f	f:3faeb851eb851eb8
clock.rows.2.cells.8.tau_gov	f:3fc999999999999a
clock.rows.2.cells.8.slope_f	f:3f60561b4a49af3c
clock.rows.2.cells.8.slope_r	f:3f594550471f7dda
clock.rows.2.cells.8.predicted	s:gov
clock.rows.2.cells.8.measured	s:gov
clock.rows.2.cells.8.margin	f:bff195697e3c153f
clock.rows.2.cells.9	keys:10
clock.rows.2.cells.9.s	f:3fce147ae147ae19
clock.rows.2.cells.9.setpoint_gap	f:3f5f4b0f21e12560
clock.rows.2.cells.9.lag_gap	f:bf28e831a80eee7c
clock.rows.2.cells.9.tau_f	f:3faeb851eb851eb8
clock.rows.2.cells.9.tau_gov	f:3fc999999999999a
clock.rows.2.cells.9.slope_f	f:3f60144a22b32aec
clock.rows.2.cells.9.slope_r	f:3f5936e51ddb3b9a
clock.rows.2.cells.9.predicted	s:gov
clock.rows.2.cells.9.measured	s:gov
clock.rows.2.cells.9.margin	f:bff1978358b9c573
clock.rows.2.cells.10	keys:10
clock.rows.2.cells.10.s	f:3fceb851eb851ebd
clock.rows.2.cells.10.setpoint_gap	f:3f5f53b0e07544a8
clock.rows.2.cells.10.lag_gap	f:bf2905593430bafc
clock.rows.2.cells.10.tau_f	f:3faeb851eb851eb8
clock.rows.2.cells.10.tau_gov	f:3fc999999999999a
clock.rows.2.cells.10.slope_f	f:3f5fc0e8ebbcb4b8
clock.rows.2.cells.10.slope_r	f:3f592a040757117a
clock.rows.2.cells.10.predicted	s:gov
clock.rows.2.cells.10.measured	s:gov
clock.rows.2.cells.10.margin	f:bff198ef8e00cb7c
clock.rows.2.cells.11	keys:10
clock.rows.2.cells.11.s	f:3fcf5c28f5c28f61
clock.rows.2.cells.11.setpoint_gap	f:3f5f5bed94cdaeb0
clock.rows.2.cells.11.lag_gap	f:bf2919941bbfe50e
clock.rows.2.cells.11.tau_f	f:3faeb851eb851eb8
clock.rows.2.cells.11.tau_gov	f:3fc999999999999a
clock.rows.2.cells.11.slope_f	f:3f5f6ff660386191
clock.rows.2.cells.11.slope_r	f:3f591e60149c0c6d
clock.rows.2.cells.11.predicted	s:gov
clock.rows.2.cells.11.measured	s:gov
clock.rows.2.cells.11.margin	f:bff199ce6f98db23
clock.rows.2.cells.12	keys:10
clock.rows.2.cells.12.s	f:3fd0000000000002
clock.rows.2.cells.12.setpoint_gap	f:3f5f63dde6558d30
clock.rows.2.cells.12.lag_gap	f:bf29268c39a72f8e
clock.rows.2.cells.12.tau_f	f:3faeb851eb851eb8
clock.rows.2.cells.12.tau_gov	f:3fc999999999999a
clock.rows.2.cells.12.slope_f	f:3f5f317464ca0031
clock.rows.2.cells.12.slope_r	f:3f5913ba8f11e42d
clock.rows.2.cells.12.predicted	s:gov
clock.rows.2.cells.12.measured	s:gov
clock.rows.2.cells.12.margin	f:bff19a3a55207241
clock.rows.2.cells.13	keys:10
clock.rows.2.cells.13.s	f:3fd051eb851eb854
clock.rows.2.cells.13.setpoint_gap	f:3f5f6b95d6f0cdb0
clock.rows.2.cells.13.lag_gap	f:bf292d9d7eed32fc
clock.rows.2.cells.13.tau_f	f:3faeb851eb851eb8
clock.rows.2.cells.13.tau_gov	f:3fc999999999999a
clock.rows.2.cells.13.slope_f	f:3f5f01e3b98e3c38
clock.rows.2.cells.13.slope_r	f:3f5909e05a321eba
clock.rows.2.cells.13.predicted	s:gov
clock.rows.2.cells.13.measured	s:gov
clock.rows.2.cells.13.margin	f:bff19a48b967a8c9
clock.rows.2.cells.14	keys:10
clock.rows.2.cells.14.s	f:3fd0a3d70a3d70a6
clock.rows.2.cells.14.setpoint_gap	f:3f5f73259d0c3b90
clock.rows.2.cells.14.lag_gap	f:bf292fe428562afc
clock.rows.2.cells.14.tau_f	f:3faeb851eb851eb8
clock.rows.2.cells.14.tau_gov	f:3fc999999999999a
clock.rows.2.cells.14.slope_f	f:3f5ede6963188478
clock.rows.2.cells.14.slope_r	f:3f5900a7d08a029a
clock.rows.2.cells.14.predicted	s:gov
clock.rows.2.cells.14.measured	s:gov
clock.rows.2.cells.14.margin	f:bff19a0b219826e7
clock.rows.2.cells.15	keys:10
clock.rows.2.cells.15.s	f:3fd0f5c28f5c28f8
clock.rows.2.cells.15.setpoint_gap	f:3f5f7a9a55d8a0e8
clock.rows.2.cells.15.lag_gap	f:bf292e485d8a20fc
clock.rows.2.cells.15.tau_f	f:3faeb851eb851eb8
clock.rows.2.cells.15.tau_gov	f:3fc999999999999a
clock.rows.2.cells.15.slope_f	f:3f5ec4b0a4718f78
clock.rows.2.cells.15.slope_r	f:3f58f7ef056532da
clock.rows.2.cells.15.predicted	s:gov
clock.rows.2.cells.15.measured	s:gov
clock.rows.2.cells.15.margin	f:bff1998fd8e5e643
clock.rows.2.cells.16	keys:10
clock.rows.2.cells.16.s	f:3fd147ae147ae14a
clock.rows.2.cells.16.setpoint_gap	f:3f5f81fe96f550f8
clock.rows.2.cells.16.lag_gap	f:bf292987b229b47c
clock.rows.2.cells.16.tau_f	f:3faeb851eb851eb8
clock.rows.2.cells.16.tau_gov	f:3fc999999999999a
clock.rows.2.cells.16.slope_f	f:3f5eb2d274424e18
clock.rows.2.cells.16.slope_r	f:3f58ef9a58a1283a
clock.rows.2.cells.16.predicted	s:gov
clock.rows.2.cells.16.measured	s:gov
clock.rows.2.cells.16.margin	f:bff198e28923dc9b
clock.rows.2.cells.17	keys:10
clock.rows.2.cells.17.s	f:3fd199999999999c
clock.rows.2.cells.17.setpoint_gap	f:3f5f895ae57b8520
clock.rows.2.cells.17.lag_gap	f:bf29223ceb6f18fc
clock.rows.2.cells.17.tau_f	f:3faeb851eb851eb8
clock.rows.2.cells.17.tau_gov	f:3fc999999999999a
clock.rows.2.cells.17.slope_f	f:3f5ea7416d5985b8
clock.rows.2.cells.17.slope_r	f:3f58e7934d8d17ba
clock.rows.2.cells.17.predicted	s:gov
clock.rows.2.cells.17.measured	s:gov
clock.rows.2.cells.17.margin	f:bff1980cb6ed2f0c
clock.rows.2.cells.18	keys:10
clock.rows.2.cells.18.s	f:3fd1eb851eb851ee
clock.rows.2.cells.18.setpoint_gap	f:3f5f90b61746b878
clock.rows.2.cells.18.lag_gap	f:bf2918e65b0d21fc
clock.rows.2.cells.18.tau_f	f:3faeb851eb851eb8
clock.rows.2.cells.18.tau_gov	f:3fc999999999999a
clock.rows.2.cells.18.slope_f	f:3f5ea0b9694a3938
clock.rows.2.cells.18.slope_r	f:3f58dfc7987e799a
clock.rows.2.cells.18.predicted	s:gov
clock.rows.2.cells.18.measured	s:gov
clock.rows.2.cells.18.margin	f:bff1971626c26270
clock.rows.2.cells.19	keys:10
clock.rows.2.cells.19.s	f:3fd23d70a3d70a40
clock.rows.2.cells.19.setpoint_gap	f:3f5f9815a2735148
clock.rows.2.cells.19.lag_gap	f:bf290deb11633d7c
clock.rows.2.cells.19.tau_f	f:3faeb851eb851eb8
clock.rows.2.cells.19.tau_gov	f:3fc999999999999a
clock.rows.2.cells.19.slope_f	f:3f5e9e3219f0e398
clock.rows.2.cells.19.slope_r	f:3f58d828590cb11a
clock.rows.2.cells.19.predicted	s:gov
clock.rows.2.cells.19.measured	s:gov
clock.rows.2.cells.19.margin	f:bff196052f6fc692
clock.rows.2.cells.20	keys:10
clock.rows.2.cells.20.s	f:3fd28f5c28f5c292
clock.rows.2.cells.20.setpoint_gap	f:3f5f9f7dde533e18
clock.rows.2.cells.20.lag_gap	f:bf29019f1d11a3fc
clock.rows.2.cells.20.tau_f	f:3faeb851eb851eb8
clock.rows.2.cells.20.tau_gov	f:3fc999999999999a
clock.rows.2.cells.20.slope_f	f:3f5e9ed415d8c9b8
clock.rows.2.cells.20.slope_r	f:3f58d0a978b8dc9a
clock.rows.2.cells.20.predicted	s:gov
clock.rows.2.cells.20.measured	s:gov
clock.rows.2.cells.20.margin	f:bff194defd3cc50f
clock.rows.2.cells.21	keys:10
clock.rows.2.cells.21.s	f:3fd2e147ae147ae4
clock.rows.2.cells.21.setpoint_gap	f:3f5fa6f238806fd0
clock.rows.2.cells.21.lag_gap	f:bf28f4470420cdfc
clock.rows.2.cells.21.tau_f	f:3faeb851eb851eb8
clock.rows.2.cells.21.tau_gov	f:3fc999999999999a
clock.rows.2.cells.21.slope_f	f:3f5ea1efe510f3b8
clock.rows.2.cells.21.slope_r	f:3f58c941274cc9da
clock.rows.2.cells.21.predicted	s:gov
clock.rows.2.cells.21.measured	s:gov
clock.rows.2.cells.21.margin	f:bff193a7c8b8fd71
clock.rows.2.cells.22	keys:10
clock.rows.2.cells.22.s	f:3fd3333333333336
clock.rows.2.cells.22.setpoint_gap	f:3f5fae7560390b50
clock.rows.2.cells.22.lag_gap	f:bf28e61a9aefedfc
clock.rows.2.cells.22.tau_f	f:3faeb851eb851eb8
clock.rows.2.cells.22.tau_gov	f:3fc999999999999a
clock.rows.2.cells.22.slope_f	f:3f5ea6f6b0cc7d78
clock.rows.2.cells.22.slope_r	f:3f58c1e76f79b3fa
clock.rows.2.cells.22.predicted	s:gov
clock.rows.2.cells.22.measured	s:gov
clock.rows.2.cells.22.margin	f:bff192630373dccd
clock.rows.2.cells.23	keys:10
clock.rows.2.cells.23.s	f:3fd3851eb851eb88
clock.rows.2.cells.23.setpoint_gap	f:3f5fb60969cb8130
clock.rows.2.cells.23.lag_gap	f:bf28d747567cb37c
clock.rows.2.cells.23.tau_f	f:3faeb851eb851eb8
clock.rows.2.cells.23.tau_gov	f:3fc999999999999a
clock.rows.2.cells.23.slope_f	f:3f5ead74494e06d8
clock.rows.2.cells.23.slope_r	f:3f58ba95df3ef23a
clock.rows.2.cells.23.predicted	s:gov
clock.rows.2.cells.23.measured	s:gov
clock.rows.2.cells.23.margin	f:bff191137c7c30cf
clock.rows.2.cells.24	keys:10
clock.rows.2.cells.24.s	f:3fd3d70a3d70a3da
clock.rows.2.cells.24.setpoint_gap	f:3f5fbdafeb85feb8
clock.rows.2.cells.24.lag_gap	f:bf28c7f232349dfc
clock.rows.2.cells.24.tau_f	f:3faeb851eb851eb8
clock.rows.2.cells.24.tau_gov	f:3fc999999999999a
clock.rows.2.cells.24.slope_f	f:3f5eb50a4394f678
clock.rows.2.cells.24.slope_r	f:3f58b3474073f97a
clock.rows.2.cells.24.predicted	s:gov
clock.rows.2.cells.24.measured	s:gov
clock.rows.2.cells.24.margin	f:bff18fbb7e2c095b
clock.rows.2.cells.25	keys:10
clock.rows.2.cells.25.s	f:3fd428f5c28f5c2c
clock.rows.2.cells.25.setpoint_gap	f:3f5fc56a1558a270
clock.rows.2.cells.25.lag_gap	f:bf28b8393d1836fc
clock.rows.2.cells.25.tau_f	f:3faeb851eb851eb8
clock.rows.2.cells.25.tau_gov	f:3fc999999999999a
clock.rows.2.cells.25.slope_f	f:3f5ebd6bfbaa8b38
clock.rows.2.cells.25.slope_r	f:3f58abf75e7be5ba
clock.rows.2.cells.25.predicted	s:gov
clock.rows.2.cells.25.measured	s:gov
clock.rows.2.cells.25.margin	f:bff18e5ce67d0211
clock.rows.2.cells.26	keys:10
clock.rows.2.cells.26.s	f:3fd47ae147ae147e
clock.rows.2.cells.26.setpoint_gap	f:3f5fcd38c4229f18
clock.rows.2.cells.26.lag_gap	f:bf28a834de611b7c
clock.rows.2.cells.26.tau_f	f:3faeb851eb851eb8
clock.rows.2.cells.26.tau_gov	f:3fc999999999999a
clock.rows.2.cells.26.slope_f	f:3f5ec65b51c41d98
clock.rows.2.cells.26.slope_r	f:3f58a4a2d6b786da
clock.rows.2.cells.26.predicted	s:gov
clock.rows.2.cells.26.measured	s:gov
clock.rows.2.cells.26.margin	f:bff18cf93ae6a636
clock.rows.2.cells.27	keys:10
clock.rows.2.cells.27.s	f:3fd4ccccccccccd0
clock.rows.2.cells.27.setpoint_gap	f:3f5fd51c9174eba0
clock.rows.2.cells.27.lag_gap	f:bf2897f8dee09bfc
clock.rows.2.cells.27.tau_f	f:3faeb851eb851eb8
clock.rows.2.cells.27.tau_gov	f:3fc999999999999a
clock.rows.2.cells.27.slope_f	f:3f5ecfa600151c78
clock.rows.2.cells.27.slope_r	f:3f589d46f1b91d3a
clock.rows.2.cells.27.predicted	s:gov
clock.rows.2.cells.27.measured	s:gov
clock.rows.2.cells.27.margin	f:bff18b91b898838e
clock.rows.2.cells.28	keys:10
clock.rows.2.cells.28.s	f:3fd51eb851eb8522
clock.rows.2.cells.28.setpoint_gap	f:3f5fdd15e0705768
clock.rows.2.cells.28.lag_gap	f:bf28879541eb697c
clock.rows.2.cells.28.tau_f	f:3faeb851eb851eb8
clock.rows.2.cells.28.tau_gov	f:3fc999999999999a
clock.rows.2.cells.28.slope_f	f:3f5ed9236d68a458
clock.rows.2.cells.28.slope_r	f:3f5895e1839f533a
clock.rows.2.cells.28.predicted	s:gov
clock.rows.2.cells.28.measured	s:gov
clock.rows.2.cells.28.margin	f:bff18a2761bb47e1
clock.rows.2.cells.29	keys:10
clock.rows.2.cells.29.s	f:3fd570a3d70a3d74
clock.rows.2.cells.29.setpoint_gap	f:3f5fe524e8464b28
clock.rows.2.cells.29.lag_gap	f:bf2867fde690737c
clock.rows.2.cells.29.tau_f	f:3faeb851eb851eb8
clock.rows.2.cells.29.tau_gov	f:3fc999999999999a
clock.rows.2.cells.29.slope_f	f:3f5f00807896fe18
clock.rows.2.cells.29.slope_r	f:3f588df2077ac79a
clock.rows.2.cells.29.predicted	s:gov
clock.rows.2.cells.29.measured	s:gov
clock.rows.2.cells.29.margin	f:bff187c8abdc7c6c
clock.rows.3	keys:20
clock.rows.3.coord	s:demand
clock.rows.3.tau_f	f:3fa999999999999a
clock.rows.3.tau_gov	f:3f947ae147ae147b
clock.rows.3.tau_q	f:3fa999999999999a
clock.rows.3.tau_s	f:3fa999999999999a
clock.rows.3.phi_lim	f:3fe8000000000000
clock.rows.3.phi_air	f:3fe8a3d70a3d70a4
clock.rows.3.max_Tt4	f:4092bd1b00f58cf0
clock.rows.3.riding4_valid	b:1
clock.rows.3.n_riding4	i:32
clock.rows.3.census	keys:1
clock.rows.3.census.gov	i:32
clock.rows.3.n_fuel	i:0
clock.rows.3.n_gov	i:32
clock.rows.3.n_scored	i:32
clock.rows.3.n_edge	i:0
clock.rows.3.n_agree	i:32
clock.rows.3.agreement	f:3ff0000000000000
clock.rows.3.worst_miss	n
clock.rows.3.min_margin	f:3fe15b260aea5d31
clock.rows.3.cells	len:32
clock.rows.3.cells.0	keys:10
clock.rows.3.cells.0.s	f:3fc8f5c28f5c28f9
clock.rows.3.cells.0.setpoint_gap	f:3f60b45f4ceaa51c
clock.rows.3.cells.0.lag_gap	f:3f4e93df849d8589
clock.rows.3.cells.0.tau_f	f:3fc3333333333334
clock.rows.3.cells.0.tau_gov	f:3f947ae147ae147b
clock.rows.3.cells.0.slope_f	f:3f7a87936cd96351
clock.rows.3.cells.0.slope_r	f:3f5f7272ce179938
clock.rows.3.cells.0.predicted	s:gov
clock.rows.3.cells.0.measured	s:gov
clock.rows.3.cells.0.margin	f:bfe15b260aea5d31
clock.rows.3.cells.1	keys:10
clock.rows.3.cells.1.s	f:3fc999999999999d
clock.rows.3.cells.1.setpoint_gap	f:3f60e082fe5a11f0
clock.rows.3.cells.1.lag_gap	f:3f4b46824804562a
clock.rows.3.cells.1.tau_f	f:3fc3333333333334
clock.rows.3.cells.1.tau_gov	f:3f947ae147ae147b
clock.rows.3.cells.1.slope_f	f:3f77c1b112ae35e2
clock.rows.3.cells.1.slope_r	f:3f5ed00727fde678
clock.rows.3.cells.1.predicted	s:gov
clock.rows.3.cells.1.measured	s:gov
clock.rows.3.cells.1.margin	f:bfe3122a646fb08e
clock.rows.3.cells.2	keys:10
clock.rows.3.cells.2.s	f:3fca3d70a3d70a41
clock.rows.3.cells.2.setpoint_gap	f:3f610690e2d9a8e0
clock.rows.3.cells.2.lag_gap	f:3f488531b75f5e4b
clock.rows.3.cells.2.tau_f	f:3fc3333333333334
clock.rows.3.cells.2.tau_gov	f:3f947ae147ae147b
clock.rows.3.cells.2.slope_f	f:3f757166dda258f3
clock.rows.3.cells.2.slope_r	f:3f5e483310b63738
clock.rows.3.cells.2.predicted	s:gov
clock.rows.3.cells.2.measured	s:gov
clock.rows.3.cells.2.margin	f:bfe47a79ecdb39a9
clock.rows.3.cells.3	keys:10
clock.rows.3.cells.3.s	f:3fcae147ae147ae5
clock.rows.3.cells.3.setpoint_gap	f:3f612789ea6186a4
clock.rows.3.cells.3.lag_gap	f:3f4637a3974a88cb
clock.rows.3.cells.3.tau_f	f:3fc3333333333334
clock.rows.3.cells.3.tau_gov	f:3f947ae147ae147b
clock.rows.3.cells.3.slope_f	f:3f73824e8f690ed3
clock.rows.3.cells.3.slope_r	f:3f5dd63b080860f9
clock.rows.3.cells.3.predicted	s:gov
clock.rows.3.cells.3.measured	s:gov
clock.rows.3.cells.3.margin	f:bfe5a38fd78c0098
clock.rows.3.cells.4	keys:10
clock.rows.3.cells.4.s	f:3fcb851eb851eb89
clock.rows.3.cells.4.setpoint_gap	f:3f614442cd5bb80c
clock.rows.3.cells.4.lag_gap	f:3f4449fedd2acebc
clock.rows.3.cells.4.tau_f	f:3fc3333333333334
clock.rows.3.cells.4.tau_gov	f:3f947ae147ae147b
clock.rows.3.cells.4.slope_f	f:3f71e3bd207de82c
clock.rows.3.cells.4.slope_r	f:3f5d7646359304d9
clock.rows.3.cells.4.predicted	s:gov
clock.rows.3.cells.4.measured	s:gov
clock.rows.3.cells.4.margin	f:bfe699833043241f
clock.rows.3.cells.5	keys:10
clock.rows.3.cells.5.s	f:3fcc28f5c28f5c2d
clock.rows.3.cells.5.setpoint_gap	f:3f615d6c1129b580
clock.rows.3.cells.5.lag_gap	f:3f42abff7cb8caac
clock.rows.3.cells.5.tau_f	f:3fc3333333333334
clock.rows.3.cells.5.tau_gov	f:3f947ae147ae147b
clock.rows.3.cells.5.slope_f	f:3f708809c161fa14
clock.rows.3.cells.5.slope_r	f:3f5d25317b6f8399
clock.rows.3.cells.5.predicted	s:gov
clock.rows.3.cells.5.measured	s:gov
clock.rows.3.cells.5.margin	f:bfe765dc81844ce6
clock.rows.3.cells.6	keys:10
clock.rows.3.cells.6.s	f:3fccccccccccccd1
clock.rows.3.cells.6.setpoint_gap	f:3f61739882875c64
clock.rows.3.cells.6.lag_gap	f:3f415047236f503c
clock.rows.3.cells.6.tau_f	f:3fc3333333333334
clock.rows.3.cells.6.tau_gov	f:3f947ae147ae147b
clock.rows.3.cells.6.slope_f	f:3f6ec7f539ccf818
clock.rows.3.cells.6.slope_r	f:3f5ce06bed23b399
clock.rows.3.cells.6.predicted	s:gov
clock.rows.3.cells.6.measured	s:gov
clock.rows.3.cells.6.margin	f:bfe81030ac978fae
clock.rows.3.cells.7	keys:10
clock.rows.3.cells.7.s	f:3fcd70a3d70a3d75
clock.rows.3.cells.7.setpoint_gap	f:3f61874275acdc34
clock.rows.3.cells.7.lag_gap	f:3f402bd159b4e13d
clock.rows.3.cells.7.tau_f	f:3fc3333333333334
clock.rows.3.cells.7.tau_gov	f:3f947ae147ae147b
clock.rows.3.cells.7.slope_f	f:3f6cdc9eb1311ab9
clock.rows.3.cells.7.slope_r	f:3f5ca5da9f3691f9
clock.rows.3.cells.7.predicted	s:gov
clock.rows.3.cells.7.measured	s:gov
clock.rows.3.cells.7.margin	f:bfe89e92d6ebdfcd
clock.rows.3.cells.8	keys:10
clock.rows.3.cells.8.s	f:3fce147ae147ae19
clock.rows.3.cells.8.setpoint_gap	f:3f6198d00b2f4254
clock.rows.3.cells.8.lag_gap	f:3f3e6b0722154698
clock.rows.3.cells.8.tau_f	f:3fc3333333333334
clock.rows.3.cells.8.tau_gov	f:3f947ae147ae147b
clock.rows.3.cells.8.slope_f	f:3f6b3ec617a45649
clock.rows.3.cells.8.slope_r	f:3f5c73c238971bd9
clock.rows.3.cells.8.predicted	s:gov
clock.rows.3.cells.8.measured	s:gov
clock.rows.3.cells.8.margin	f:bfe915e9605ce4b5
clock.rows.3.cells.9	keys:10
clock.rows.3.cells.9.s	f:3fceb851eb851ebd
clock.rows.3.cells.9.setpoint_gap	f:3f61a896ab63820c
clock.rows.3.cells.9.lag_gap	f:3f3ccba689eb049a
clock.rows.3.cells.9.tau_f	f:3fc3333333333334
clock.rows.3.cells.9.tau_gov	f:3f947ae147ae147b
clock.rows.3.cells.9.slope_f	f:3f69e1c184a4b7ca
clock.rows.3.cells.9.slope_r	f:3f5c48b509ad0b59
clock.rows.3.cells.9.predicted	s:gov
clock.rows.3.cells.9.measured	s:gov
clock.rows.3.cells.9.margin	f:bfe97a2e064d82dc
clock.rows.3.cells.10	keys:10
clock.rows.3.cells.10.s	f:3fcf5c28f5c28f61
clock.rows.3.cells.10.setpoint_gap	f:3f61b6dddfa9a41c
clock.rows.3.cells.10.lag_gap	f:3f3b6cfb31b084b0
clock.rows.3.cells.10.tau_f	f:3fc3333333333334
clock.rows.3.cells.10.tau_gov	f:3f947ae147ae147b
clock.rows.3.cells.10.slope_f	f:3f68bb0d6004c81d
clock.rows.3.cells.10.slope_r	f:3f5c2384b3293f2f
clock.rows.3.cells.10.predicted	s:gov
clock.rows.3.cells.10.measured	s:gov
clock.rows.3.cells.10.margin	f:bfe9ce9ed7de55eb
clock.rows.3.cells.11	keys:10
clock.rows.3.cells.11.s	f:3fd0000000000002
clock.rows.3.cells.11.setpoint_gap	f:3f61c3e1a8e4a12c
clock.rows.3.cells.11.lag_gap	f:3f3a4499b48c2bd0
clock.rows.3.cells.11.tau_f	f:3fc3333333333334
clock.rows.3.cells.11.tau_gov	f:3f947ae147ae147b
clock.rows.3.cells.11.slope_f	f:3f67c1ea20eca52d
clock.rows.3.cells.11.slope_r	f:3f5c03369d058a0f
clock.rows.3.cells.11.predicted	s:gov
clock.rows.3.cells.11.measured	s:gov
clock.rows.3.cells.11.margin	f:bfea15e3f407754a
clock.rows.3.cells.12	keys:10
clock.rows.3.cells.12.s	f:3fd051eb851eb854
clock.rows.3.cells.12.setpoint_gap	f:3f61cfd46c01bd64
clock.rows.3.cells.12.lag_gap	f:3f3949d229e6c0ba
clock.rows.3.cells.12.tau_f	f:3fc3333333333334
clock.rows.3.cells.12.tau_gov	f:3f947ae147ae147b
clock.rows.3.cells.12.slope_f	f:3f66ef0ca598dd3a
clock.rows.3.cells.12.slope_r	f:3f5be6faa8308d59
clock.rows.3.cells.12.predicted	s:gov
clock.rows.3.cells.12.measured	s:gov
clock.rows.3.cells.12.margin	f:bfea522ce79b282b
clock.rows.3.cells.13	keys:10
clock.rows.3.cells.13.s	f:3fd0a3d70a3d70a6
clock.rows.3.cells.13.setpoint_gap	f:3f61dae0886d9870
clock.rows.3.cells.13.lag_gap	f:3f387562fef5637a
clock.rows.3.cells.13.tau_f	f:3fc3333333333334
clock.rows.3.cells.13.tau_gov	f:3f947ae147ae147b
clock.rows.3.cells.13.slope_f	f:3f663c5d680f8bba
clock.rows.3.cells.13.slope_r	f:3f5bce23a5edd479
clock.rows.3.cells.13.predicted	s:gov
clock.rows.3.cells.13.measured	s:gov
clock.rows.3.cells.13.margin	f:bfea8547b859d3b5
clock.rows.3.cells.14	keys:10
clock.rows.3.cells.14.s	f:3fd0f5c28f5c28f8
clock.rows.3.cells.14.setpoint_gap	f:3f61e529a860b4c4
clock.rows.3.cells.14.lag_gap	f:3f37c13a00ad131c
clock.rows.3.cells.14.tau_f	f:3fc3333333333334
clock.rows.3.cells.14.tau_gov	f:3f947ae147ae147b
clock.rows.3.cells.14.slope_f	f:3f65a4c39df9e2cb
clock.rows.3.cells.14.slope_r	f:3f5bb8213930db19
clock.rows.3.cells.14.predicted	s:gov
clock.rows.3.cells.14.measured	s:gov
clock.rows.3.cells.14.margin	f:bfeab0b31d7cabab
clock.rows.3.cells.15	keys:10
clock.rows.3.cells.15.s	f:3fd147ae147ae14a
clock.rows.3.cells.15.setpoint_gap	f:3f61eecdd7cd4a40
clock.rows.3.cells.15.lag_gap	f:3f372840d08d33dc
clock.rows.3.cells.15.tau_f	f:3fc3333333333334
clock.rows.3.cells.15.tau_gov	f:3f947ae147ae147b
clock.rows.3.cells.15.slope_f	f:3f6523f9ef82ffab
clock.rows.3.cells.15.slope_r	f:3f5ba47ad9c7f2d9
clock.rows.3.cells.15.predicted	s:gov
clock.rows.3.cells.15.measured	s:gov
clock.rows.3.cells.15.margin	f:bfead5ad022bfac9
clock.rows.3.cells.16	keys:10
clock.rows.3.cells.16.s	f:3fd199999999999c
clock.rows.3.cells.16.setpoint_gap	f:3f61f7e66c3e74d4
clock.rows.3.cells.16.lag_gap	f:3f36a632915f873c
clock.rows.3.cells.16.tau_f	f:3fc3333333333334
clock.rows.3.cells.16.tau_gov	f:3f947ae147ae147b
clock.rows.3.cells.16.slope_f	f:3f64b66aec5edfdb
clock.rows.3.cells.16.slope_r	f:3f5b92cbc0650379
clock.rows.3.cells.16.predicted	s:gov
clock.rows.3.cells.16.measured	s:gov
clock.rows.3.cells.16.margin	f:bfeaf53e268b44d7
clock.rows.3.cells.17	keys:10
clock.rows.3.cells.17.s	f:3fd1eb851eb851ee
clock.rows.3.cells.17.setpoint_gap	f:3f620088c600ef08
clock.rows.3.cells.17.lag_gap	f:3f3637790c08337c
clock.rows.3.cells.17.tau_f	f:3fc3333333333334
clock.rows.3.cells.17.tau_gov	f:3f947ae147ae147b
clock.rows.3.cells.17.slope_f	f:3f645913c6b90cbb
clock.rows.3.cells.17.slope_r	f:3f5b82bf8e713b79
clock.rows.3.cells.17.predicted	s:gov
clock.rows.3.cells.17.measured	s:gov
clock.rows.3.cells.17.margin	f:bfeb10437fdbc277
clock.rows.3.cells.18	keys:10
clock.rows.3.cells.18.s	f:3fd23d70a3d70a40
clock.rows.3.cells.18.setpoint_gap	f:3f6208c6f15be694
clock.rows.3.cells.18.lag_gap	f:3f35d90fe6cbad9c
clock.rows.3.cells.18.tau_f	f:3fc3333333333334
clock.rows.3.cells.18.tau_gov	f:3f947ae147ae147b
clock.rows.3.cells.18.slope_f	f:3f64096c27a70ecb
clock.rows.3.cells.18.slope_r	f:3f5b740f8dd7e3d9
clock.rows.3.cells.18.predicted	s:gov
clock.rows.3.cells.18.measured	s:gov
clock.rows.3.cells.18.margin	f:bfeb2775d1edd40c
clock.rows.3.cells.19	keys:10
clock.rows.3.cells.19.s	f:3fd28f5c28f5c292
clock.rows.3.cells.19.setpoint_gap	f:3f6210b02d5ef700
clock.rows.3.cells.19.lag_gap	f:3f35886cd08457bc
clock.rows.3.cells.19.tau_f	f:3fc3333333333334
clock.rows.3.cells.19.tau_gov	f:3f947ae147ae147b
clock.rows.3.cells.19.slope_f	f:3f63c5522c722d3b
clock.rows.3.cells.19.slope_r	f:3f5b66806c3a5dd9
clock.rows.3.cells.19.predicted	s:gov
clock.rows.3.cells.19.measured	s:gov
clock.rows.3.cells.19.margin	f:bfeb3b6fdfbdf26c
clock.rows.3.cells.20	keys:10
clock.rows.3.cells.20.s	f:3fd2e147ae147ae4
clock.rows.3.cells.20.setpoint_gap	f:3f6218515cc84548
clock.rows.3.cells.20.lag_gap	f:3f35436bb966dd9c
clock.rows.3.cells.20.tau_f	f:3fc3333333333334
clock.rows.3.cells.20.tau_gov	f:3f947ae147ae147b
clock.rows.3.cells.20.slope_f	f:3f638af9cb36f06b
clock.rows.3.cells.20.slope_r	f:3f5b59e05ab24439
clock.rows.3.cells.20.predicted	s:gov
clock.rows.3.cells.20.measured	s:gov
clock.rows.3.cells.20.margin	f:bfeb4cb37be4fbf7
clock.rows.3.cells.21	keys:10
clock.rows.3.cells.21.s	f:3fd3333333333336
clock.rows.3.cells.21.setpoint_gap	f:3f621fb564b5a9b4
clock.rows.3.cells.21.lag_gap	f:3f35083e5f79503c
clock.rows.3.cells.21.tau_f	f:3fc3333333333334
clock.rows.3.cells.21.tau_gov	f:3f947ae147ae147b
clock.rows.3.cells.21.slope_f	f:3f6358df02bf2efb
clock.rows.3.cells.21.slope_r	f:3f5b4e057fc755d9
clock.rows.3.cells.21.predicted	s:gov
clock.rows.3.cells.21.measured	s:gov
clock.rows.3.cells.21.margin	f:bfeb5badb1840958
clock.rows.3.cells.22	keys:10
clock.rows.3.cells.22.s	f:3fd3851eb851eb88
clock.rows.3.cells.22.setpoint_gap	f:3f6226e57c2bbeec
clock.rows.3.cells.22.lag_gap	f:3f34d55e983b033c
clock.rows.3.cells.22.tau_f	f:3fc3333333333334
clock.rows.3.cells.22.tau_gov	f:3f947ae147ae147b
clock.rows.3.cells.22.slope_f	f:3f632dba572d9adb
clock.rows.3.cells.22.slope_r	f:3f5b42ccacca6a79
clock.rows.3.cells.22.predicted	s:gov
clock.rows.3.cells.22.measured	s:gov
clock.rows.3.cells.22.margin	f:bfeb68ba322c817f
clock.rows.3.cells.23	keys:10
clock.rows.3.cells.23.s	f:3fd3d70a3d70a3da
clock.rows.3.cells.23.setpoint_gap	f:3f622de96ef51b5c
clock.rows.3.cells.23.lag_gap	f:3f34a982dd26ca9c
clock.rows.3.cells.23.tau_f	f:3fc3333333333334
clock.rows.3.cells.23.tau_gov	f:3f947ae147ae147b
clock.rows.3.cells.23.slope_f	f:3f63087734bc13eb
clock.rows.3.cells.23.slope_r	f:3f5b38184aa04639
clock.rows.3.cells.23.predicted	s:gov
clock.rows.3.cells.23.measured	s:gov
clock.rows.3.cells.23.margin	f:bfeb74262bf7049b
clock.rows.3.cells.24	keys:10
clock.rows.3.cells.24.s	f:3fd428f5c28f5c2c
clock.rows.3.cells.24.setpoint_gap	f:3f6234c7d5ecd340
clock.rows.3.cells.24.lag_gap	f:3f348394b75eeebc
clock.rows.3.cells.24.tau_f	f:3fc3333333333334
clock.rows.3.cells.24.tau_gov	f:3f947ae147ae147b
clock.rows.3.cells.24.slope_f	f:3f62e82be4d3877b
clock.rows.3.cells.24.slope_r	f:3f5b2dcf74424819
clock.rows.3.cells.24.predicted	s:gov
clock.rows.3.cells.24.measured	s:gov
clock.rows.3.cells.24.margin	f:bfeb7e32a3c7ddef
clock.rows.3.cells.25	keys:10
clock.rows.3.cells.25.s	f:3fd47ae147ae147e
clock.rows.3.cells.25.setpoint_gap	f:3f623b86466ca698
clock.rows.3.cells.25.lag_gap	f:3f3462a8b8f78f3c
clock.rows.3.cells.25.tau_f	f:3fc3333333333334
clock.rows.3.cells.25.tau_gov	f:3f947ae147ae147b
clock.rows.3.cells.25.slope_f	f:3f62cc12d10217fb
clock.rows.3.cells.25.slope_r	f:3f5b23dd3708e959
clock.rows.3.cells.25.predicted	s:gov
clock.rows.3.cells.25.measured	s:gov
clock.rows.3.cells.25.margin	f:bfeb87166a29239b
clock.rows.3.cells.26	keys:10
clock.rows.3.cells.26.s	f:3fd4ccccccccccd0
clock.rows.3.cells.26.setpoint_gap	f:3f6242297a4ccd34
clock.rows.3.cells.26.lag_gap	f:3f3445f7c0e4429c
clock.rows.3.cells.26.tau_f	f:3fc3333333333334
clock.rows.3.cells.26.tau_gov	f:3f947ae147ae147b
clock.rows.3.cells.26.slope_f	f:3f62b384db8ffeeb
clock.rows.3.cells.26.slope_r	f:3f5b1a2ff24aaf39
clock.rows.3.cells.26.predicted	s:gov
clock.rows.3.cells.26.measured	s:gov
clock.rows.3.cells.26.margin	f:bfeb8effbcc6fb23
clock.rows.3.cells.27	keys:10
clock.rows.3.cells.27.s	f:3fd51eb851eb8522
clock.rows.3.cells.27.setpoint_gap	f:3f6248b571a6098c
clock.rows.3.cells.27.lag_gap	f:3f342cd9527545dc
clock.rows.3.cells.27.tau_f	f:3fc3333333333334
clock.rows.3.cells.27.tau_gov	f:3f947ae147ae147b
clock.rows.3.cells.27.slope_f	f:3f629df49f72bb0b
clock.rows.3.cells.27.slope_r	f:3f5b10b8d0ff0c79
clock.rows.3.cells.27.predicted	s:gov
clock.rows.3.cells.27.measured	s:gov
clock.rows.3.cells.27.margin	f:bfeb9615a324f843
clock.rows.3.cells.28	keys:10
clock.rows.3.cells.28.s	f:3fd570a3d70a3d74
clock.rows.3.cells.28.setpoint_gap	f:3f624f2d8f545a88
clock.rows.3.cells.28.lag_gap	f:3f3416bed2fb58fc
clock.rows.3.cells.28.tau_f	f:3fc3333333333334
clock.rows.3.cells.28.tau_gov	f:3f947ae147ae147b
clock.rows.3.cells.28.slope_f	f:3f628aea717ca25b
clock.rows.3.cells.28.slope_r	f:3f5b076b5907ab19
clock.rows.3.cells.28.predicted	s:gov
clock.rows.3.cells.28.measured	s:gov
clock.rows.3.cells.28.margin	f:bfeb9c791265c0c7
clock.rows.3.cells.29	keys:10
clock.rows.3.cells.29.s	f:3fd5c28f5c28f5c6
clock.rows.3.cells.29.setpoint_gap	f:3f625594b10eece0
clock.rows.3.cells.29.lag_gap	f:3f34032f87dc385c
clock.rows.3.cells.29.tau_f	f:3fc3333333333334
clock.rows.3.cells.29.tau_gov	f:3f947ae147ae147b
clock.rows.3.cells.29.slope_f	f:3f627a01031e9e2b
clock.rows.3.cells.29.slope_r	f:3f5afe3d0c8a8419
clock.rows.3.cells.29.predicted	s:gov
clock.rows.3.cells.29.measured	s:gov
clock.rows.3.cells.29.margin	f:bfeba245e1d8952c
clock.rows.3.cells.30	keys:10
clock.rows.3.cells.30.s	f:3fd6147ae147ae18
clock.rows.3.cells.30.setpoint_gap	f:3f625bed43c72ad0
clock.rows.3.cells.30.lag_gap	f:3f33f1c535e78c5c
clock.rows.3.cells.30.tau_f	f:3fc3333333333334
clock.rows.3.cells.30.tau_gov	f:3f947ae147ae147b
clock.rows.3.cells.30.slope_f	f:3f626ae28c8b9e2b
clock.rows.3.cells.30.slope_r	f:3f5af5251a5fea19
clock.rows.3.cells.30.predicted	s:gov
clock.rows.3.cells.30.measured	s:gov
clock.rows.3.cells.30.margin	f:bfeba793983b0a43
clock.rows.3.cells.31	keys:10
clock.rows.3.cells.31.s	f:3fd666666666666a
clock.rows.3.cells.31.setpoint_gap	f:3f62623954e45268
clock.rows.3.cells.31.lag_gap	f:3f33e6e6840707bc
clock.rows.3.cells.31.tau_f	f:3fc3333333333334
clock.rows.3.cells.31.tau_gov	f:3f947ae147ae147b
clock.rows.3.cells.31.slope_f	f:3f6261373281b27b
clock.rows.3.cells.31.slope_r	f:3f5aebfa83419499
clock.rows.3.cells.31.predicted	s:gov
clock.rows.3.cells.31.measured	s:gov
clock.rows.3.cells.31.margin	f:bfebab6e1d282502
clock.rows.4	keys:20
clock.rows.4.coord	s:demand
clock.rows.4.tau_f	f:3fa999999999999a
clock.rows.4.tau_gov	f:3fa999999999999a
clock.rows.4.tau_q	f:3fa999999999999a
clock.rows.4.tau_s	f:3fa999999999999a
clock.rows.4.phi_lim	f:3fe8000000000000
clock.rows.4.phi_air	f:3fe8a3d70a3d70a4
clock.rows.4.max_Tt4	f:4092b872d4b2a4d9
clock.rows.4.riding4_valid	b:1
clock.rows.4.n_riding4	i:33
clock.rows.4.census	keys:1
clock.rows.4.census.gov	i:33
clock.rows.4.n_fuel	i:0
clock.rows.4.n_gov	i:33
clock.rows.4.n_scored	i:33
clock.rows.4.n_edge	i:0
clock.rows.4.n_agree	i:33
clock.rows.4.agreement	f:3ff0000000000000
clock.rows.4.worst_miss	n
clock.rows.4.min_margin	f:3fe24c2550358b0a
clock.rows.4.cells	len:33
clock.rows.4.cells.0	keys:10
clock.rows.4.cells.0.s	f:3fc851eb851eb855
clock.rows.4.cells.0.setpoint_gap	f:3f601bebb30766a4
clock.rows.4.cells.0.lag_gap	f:3f4b978817830b5b
clock.rows.4.cells.0.tau_f	f:3fc3333333333334
clock.rows.4.cells.0.tau_gov	f:3fa999999999999a
clock.rows.4.cells.0.slope_f	f:3f798d28a3ed29ca
clock.rows.4.cells.0.slope_r	f:3f5eb296c3ff83f8
clock.rows.4.cells.0.predicted	s:gov
clock.rows.4.cells.0.measured	s:gov
clock.rows.4.cells.0.margin	f:bfe24c2550358b0a
clock.rows.4.cells.1	keys:10
clock.rows.4.cells.1.s	f:3fc8f5c28f5c28f9
clock.rows.4.cells.1.setpoint_gap	f:3f60464707f26ed8
clock.rows.4.cells.1.lag_gap	f:3f488dd567d9e8eb
clock.rows.4.cells.1.tau_f	f:3fc3333333333334
clock.rows.4.cells.1.tau_gov	f:3fa999999999999a
clock.rows.4.cells.1.slope_f	f:3f76f884dabda1ea
clock.rows.4.cells.1.slope_r	f:3f5e1be432607dd8
clock.rows.4.cells.1.predicted	s:gov
clock.rows.4.cells.1.measured	s:gov
clock.rows.4.cells.1.margin	f:bfe3ee193341b00f
clock.rows.4.cells.2	keys:10
clock.rows.4.cells.2.s	f:3fc999999999999d
clock.rows.4.cells.2.setpoint_gap	f:3f606afddafde940
clock.rows.4.cells.2.lag_gap	f:3f46097c48a93ffc
clock.rows.4.cells.2.tau_f	f:3fc3333333333334
clock.rows.4.cells.2.tau_gov	f:3fa999999999999a
clock.rows.4.cells.2.slope_f	f:3f74d5281ef56493
clock.rows.4.cells.2.slope_r	f:3f5d9f069ce43719
clock.rows.4.cells.2.predicted	s:gov
clock.rows.4.cells.2.measured	s:gov
clock.rows.4.cells.2.margin	f:bfe5430ff09debf6
clock.rows.4.cells.3	keys:10
clock.rows.4.cells.3.s	f:3fca3d70a3d70a41
clock.rows.4.cells.3.setpoint_gap	f:3f608b068538c280
clock.rows.4.cells.3.lag_gap	f:3f43f273e2275b2c
clock.rows.4.cells.3.tau_f	f:3fc3333333333334
clock.rows.4.cells.3.tau_gov	f:3fa999999999999a
clock.rows.4.cells.3.slope_f	f:3f730ea52948f473
clock.rows.4.cells.3.slope_r	f:3f5d373719e1e5b9
clock.rows.4.cells.3.predicted	s:gov
clock.rows.4.cells.3.measured	s:gov
clock.rows.4.cells.3.margin	f:bfe65a96fd8a4345
clock.rows.4.cells.4	keys:10
clock.rows.4.cells.4.s	f:3fcae147ae147ae5
clock.rows.4.cells.4.setpoint_gap	f:3f60a72b1f873364
clock.rows.4.cells.4.lag_gap	f:3f42351f5e65a48d
clock.rows.4.cells.4.tau_f	f:3fc3333333333334
clock.rows.4.cells.4.tau_gov	f:3fa999999999999a
clock.rows.4.cells.4.slope_f	f:3f7194511947ea3c
clock.rows.4.cells.4.slope_r	f:3f5ce0937f668d59
clock.rows.4.cells.4.predicted	s:gov
clock.rows.4.cells.4.measured	s:gov
clock.rows.4.cells.4.margin	f:bfe740d346a0844e
clock.rows.4.cells.5	keys:10
clock.rows.4.cells.5.s	f:3fcb851eb851eb89
clock.rows.4.cells.5.setpoint_gap	f:3f60c011a5172014
clock.rows.4.cells.5.lag_gap	f:3f40c17d15682a8d
clock.rows.4.cells.5.tau_f	f:3fc3333333333334
clock.rows.4.cells.5.tau_gov	f:3fa999999999999a
clock.rows.4.cells.5.slope_f	f:3f705891dc7b629c
clock.rows.4.cells.5.slope_r	f:3f5c97f37fb6f5d9
clock.rows.4.cells.5.predicted	s:gov
clock.rows.4.cells.5.measured	s:gov
clock.rows.4.cells.5.margin	f:bfe7ff526b8c5399
clock.rows.4.cells.6	keys:10
clock.rows.4.cells.6.s	f:3fcc28f5c28f5c2d
clock.rows.4.cells.6.setpoint_gap	f:3f60d64295381d18
clock.rows.4.cells.6.lag_gap	f:3f3f14f785fc8ad9
clock.rows.4.cells.6.tau_f	f:3fc3333333333334
clock.rows.4.cells.6.tau_gov	f:3fa999999999999a
clock.rows.4.cells.6.slope_f	f:3f6ea099e4c3e868
clock.rows.4.cells.6.slope_r	f:3f5c5ac5bea8bc39
clock.rows.4.cells.6.predicted	s:gov
clock.rows.4.cells.6.measured	s:gov
clock.rows.4.cells.6.margin	f:bfe89da46273d4c7
clock.rows.4.cells.7	keys:10
clock.rows.4.cells.7.s	f:3fccccccccccccd1
clock.rows.4.cells.7.setpoint_gap	f:3f60ea2e5ae799c8
clock.rows.4.cells.7.lag_gap	f:3f3d0ade2637a9bb
clock.rows.4.cells.7.tau_f	f:3fc3333333333334
clock.rows.4.cells.7.tau_gov	f:3fa999999999999a
clock.rows.4.cells.7.slope_f	f:3f6ce4e1b2092a49
clock.rows.4.cells.7.slope_r	f:3f5c26f36d20ad19
clock.rows.4.cells.7.predicted	s:gov
clock.rows.4.cells.7.measured	s:gov
clock.rows.4.cells.7.margin	f:bfe921cdf7fc64bc
clock.rows.4.cells.8	keys:10
clock.rows.4.cells.8.s	f:3fcd70a3d70a3d75
clock.rows.4.cells.8.setpoint_gap	f:3f60fc31b3e4d788
clock.rows.4.cells.8.lag_gap	f:3f3b533bd3113459
clock.rows.4.cells.8.tau_f	f:3fc3333333333334
clock.rows.4.cells.8.tau_gov	f:3fa999999999999a
clock.rows.4.cells.8.slope_f	f:3f6b6f28b93c6649
clock.rows.4.cells.8.slope_r	f:3f5bfac938145ff9
clock.rows.4.cells.8.predicted	s:gov
clock.rows.4.cells.8.measured	s:gov
clock.rows.4.cells.8.margin	f:bfe9909f3cb22776
clock.rows.4.cells.9	keys:10
clock.rows.4.cells.9.s	f:3fce147ae147ae19
clock.rows.4.cells.9.setpoint_gap	f:3f610c9946b7767c
clock.rows.4.cells.9.lag_gap	f:3f39dfcb78a0a7ba
clock.rows.4.cells.9.tau_f	f:3fc3333333333334
clock.rows.4.cells.9.tau_gov	f:3fa999999999999a
clock.rows.4.cells.9.slope_f	f:3f6a334fa6f5a989
clock.rows.4.cells.9.slope_r	f:3f5bd4e48e9eb299
clock.rows.4.cells.9.predicted	s:gov
clock.rows.4.cells.9.measured	s:gov
clock.rows.4.cells.9.margin	f:bfe9edf5797e06b5
clock.rows.4.cells.10	keys:10
clock.rows.4.cells.10.s	f:3fceb851eb851ebd
clock.rows.4.cells.10.setpoint_gap	f:3f611ba48e734e18
clock.rows.4.cells.10.lag_gap	f:3f38a4de4e5abffb
clock.rows.4.cells.10.tau_f	f:3fc3333333333334
clock.rows.4.cells.10.tau_gov	f:3fa999999999999a
clock.rows.4.cells.10.slope_f	f:3f692769fea5ad3a
clock.rows.4.cells.10.slope_r	f:3f5bb424701c4f79
clock.rows.4.cells.10.predicted	s:gov
clock.rows.4.cells.10.measured	s:gov
clock.rows.4.cells.10.margin	f:bfea3cedfdb7170a
clock.rows.4.cells.11	keys:10
clock.rows.4.cells.11.s	f:3fcf5c28f5c28f61
clock.rows.4.cells.11.setpoint_gap	f:3f6129883be70edc
clock.rows.4.cells.11.lag_gap	f:3f3798e118d5a08e
clock.rows.4.cells.11.tau_f	f:3fc3333333333334
clock.rows.4.cells.11.tau_gov	f:3fa999999999999a
clock.rows.4.cells.11.slope_f	f:3f684355c38611dd
clock.rows.4.cells.11.slope_r	f:3f5b979d18f8486f
clock.rows.4.cells.11.predicted	s:gov
clock.rows.4.cells.11.measured	s:gov
clock.rows.4.cells.11.margin	f:bfea800d9207c86e
clock.rows.4.cells.12	keys:10
clock.rows.4.cells.12.s	f:3fd0000000000002
clock.rows.4.cells.12.setpoint_gap	f:3f613670260a71c0
clock.rows.4.cells.12.lag_gap	f:3f36b3f852c11bed
clock.rows.4.cells.12.tau_f	f:3fc3333333333334
clock.rows.4.cells.12.tau_gov	f:3fa999999999999a
clock.rows.4.cells.12.slope_f	f:3f6780669af642bc
clock.rows.4.cells.12.slope_r	f:3f5b7e8e040004cf
clock.rows.4.cells.12.predicted	s:gov
clock.rows.4.cells.12.measured	s:gov
clock.rows.4.cells.12.margin	f:bfeab95f4f997d41
clock.rows.4.cells.13	keys:10
clock.rows.4.cells.13.s	f:3fd051eb851eb854
clock.rows.4.cells.13.setpoint_gap	f:3f614280deb65210
clock.rows.4.cells.13.lag_gap	f:3f35efaefb272f3b
clock.rows.4.cells.13.tau_f	f:3fc3333333333334
clock.rows.4.cells.13.tau_gov	f:3fa999999999999a
clock.rows.4.cells.13.slope_f	f:3f66d920c93f0a9a
clock.rows.4.cells.13.slope_r	f:3f5b6859cfb65379
clock.rows.4.cells.13.predicted	s:gov
clock.rows.4.cells.13.measured	s:gov
clock.rows.4.cells.13.margin	f:bfeaea8ce06e14c5
clock.rows.4.cells.14	keys:10
clock.rows.4.cells.14.s	f:3fd0a3d70a3d70a6
clock.rows.4.cells.14.setpoint_gap	f:3f614dd8fcc652b8
clock.rows.4.cells.14.lag_gap	f:3f3546b48e9dde7b
clock.rows.4.cells.14.tau_f	f:3fc3333333333334
clock.rows.4.cells.14.tau_gov	f:3fa999999999999a
clock.rows.4.cells.14.slope_f	f:3f6649011388ff8a
clock.rows.4.cells.14.slope_r	f:3f5b547fac20a4d9
clock.rows.4.cells.14.predicted	s:gov
clock.rows.4.cells.14.measured	s:gov
clock.rows.4.cells.14.margin	f:bfeb14f1a9b1709c
clock.rows.4.cells.15	keys:10
clock.rows.4.cells.15.s	f:3fd0f5c28f5c28f8
clock.rows.4.cells.15.setpoint_gap	f:3f61589229912098
clock.rows.4.cells.15.lag_gap	f:3f34b4a7555d51dc
clock.rows.4.cells.15.tau_f	f:3fc3333333333334
clock.rows.4.cells.15.tau_gov	f:3fa999999999999a
clock.rows.4.cells.15.slope_f	f:3f65cc4f1d971d6b
clock.rows.4.cells.15.slope_r	f:3f5b429606b81739
clock.rows.4.cells.15.predicted	s:gov
clock.rows.4.cells.15.measured	s:gov
clock.rows.4.cells.15.margin	f:bfeb39aa01bba4e1
clock.rows.4.cells.16	keys:10
clock.rows.4.cells.16.s	f:3fd147ae147ae14a
clock.rows.4.cells.16.setpoint_gap	f:3f6162c1fd09794c
clock.rows.4.cells.16.lag_gap	f:3f3435e8b6ec33fc
clock.rows.4.cells.16.tau_f	f:3fc3333333333334
clock.rows.4.cells.16.tau_gov	f:3fa999999999999a
clock.rows.4.cells.16.slope_f	f:3f655ff84c75ebcb
clock.rows.4.cells.16.slope_r	f:3f5b3246382682d9
clock.rows.4.cells.16.predicted	s:gov
clock.rows.4.cells.16.measured	s:gov
clock.rows.4.cells.16.margin	f:bfeb599f4e1cb395
clock.rows.4.cells.17	keys:10
clock.rows.4.cells.17.s	f:3fd199999999999c
clock.rows.4.cells.17.setpoint_gap	f:3f616c7ab1bb12f0
clock.rows.4.cells.17.lag_gap	f:3f33c779b22dfbbc
clock.rows.4.cells.17.tau_f	f:3fc3333333333334
clock.rows.4.cells.17.tau_gov	f:3fa999999999999a
clock.rows.4.cells.17.slope_f	f:3f65017194f7266b
clock.rows.4.cells.17.slope_r	f:3f5b234902e4fbd9
clock.rows.4.cells.17.predicted	s:gov
clock.rows.4.cells.17.measured	s:gov
clock.rows.4.cells.17.margin	f:bfeb7591b2ca898e
clock.rows.4.cells.18	keys:10
clock.rows.4.cells.18.s	f:3fd1eb851eb851ee
clock.rows.4.cells.18.setpoint_gap	f:3f6175cbb81cb86c
clock.rows.4.cells.18.lag_gap	f:3f3366ddf29f047c
clock.rows.4.cells.18.tau_f	f:3fc3333333333334
clock.rows.4.cells.18.tau_gov	f:3fa999999999999a
clock.rows.4.cells.18.slope_f	f:3f64ae9ee95c39fb
clock.rows.4.cells.18.slope_r	f:3f5b1563bb0e4579
clock.rows.4.cells.18.predicted	s:gov
clock.rows.4.cells.18.measured	s:gov
clock.rows.4.cells.18.margin	f:bfeb8e1fd52ffbe1
clock.rows.4.cells.19	keys:10
clock.rows.4.cells.19.s	f:3fd23d70a3d70a40
clock.rows.4.cells.19.setpoint_gap	f:3f617ec22f4a0140
clock.rows.4.cells.19.lag_gap	f:3f33120444deb11c
clock.rows.4.cells.19.tau_f	f:3fc3333333333334
clock.rows.4.cells.19.tau_gov	f:3fa999999999999a
clock.rows.4.cells.19.slope_f	f:3f6465bf37efb84b
clock.rows.4.cells.19.slope_r	f:3f5b0865f744dc39
clock.rows.4.cells.19.predicted	s:gov
clock.rows.4.cells.19.measured	s:gov
clock.rows.4.cells.19.margin	f:bfeba3cd18e268c4
clock.rows.4.cells.20	keys:10
clock.rows.4.cells.20.s	f:3fd28f5c28f5c292
clock.rows.4.cells.20.setpoint_gap	f:3f618769481340d8
clock.rows.4.cells.20.lag_gap	f:3f32c733685f68dc
clock.rows.4.cells.20.tau_f	f:3fc3333333333334
clock.rows.4.cells.20.tau_gov	f:3fa999999999999a
clock.rows.4.cells.20.slope_f	f:3f64255c1f16192b
clock.rows.4.cells.20.slope_r	f:3f5afc27b0a78ab9
clock.rows.4.cells.20.predicted	s:gov
clock.rows.4.cells.20.measured	s:gov
clock.rows.4.cells.20.margin	f:bfebb706a5a9ae2c
clock.rows.4.cells.21	keys:10
clock.rows.4.cells.21.s	f:3fd2e147ae147ae4
clock.rows.4.cells.21.setpoint_gap	f:3f618fca96658c54
clock.rows.4.cells.21.lag_gap	f:3f3284fa6c945dfc
clock.rows.4.cells.21.tau_f	f:3fc3333333333334
clock.rows.4.cells.21.tau_gov	f:3fa999999999999a
clock.rows.4.cells.21.slope_f	f:3f63ec3ca49b3b1b
clock.rows.4.cells.21.slope_r	f:3f5af087bcbd8cb9
clock.rows.4.cells.21.predicted	s:gov
clock.rows.4.cells.21.measured	s:gov
clock.rows.4.cells.21.margin	f:bfebc827758bc2cb
clock.rows.4.cells.22	keys:10
clock.rows.4.cells.22.s	f:3fd3333333333336
clock.rows.4.cells.22.setpoint_gap	f:3f6197ee544c2d88
clock.rows.4.cells.22.lag_gap	f:3f324a23ef804c9c
clock.rows.4.cells.22.tau_f	f:3fc3333333333334
clock.rows.4.cells.22.tau_gov	f:3fa999999999999a
clock.rows.4.cells.22.slope_f	f:3f63b95a5fa2990b
clock.rows.4.cells.22.slope_r	f:3f5ae56a904e1739
clock.rows.4.cells.22.predicted	s:gov
clock.rows.4.cells.22.measured	s:gov
clock.rows.4.cells.22.margin	f:bfebd77b9c5ff18b
clock.rows.4.cells.23	keys:10
clock.rows.4.cells.23.s	f:3fd3851eb851eb88
clock.rows.4.cells.23.setpoint_gap	f:3f619fdb99310610
clock.rows.4.cells.23.lag_gap	f:3f3215abb389b7fc
clock.rows.4.cells.23.tau_f	f:3fc3333333333334
clock.rows.4.cells.23.tau_gov	f:3fa999999999999a
clock.rows.4.cells.23.slope_f	f:3f638bd89fd585ab
clock.rows.4.cells.23.slope_r	f:3f5adab93d508a19
clock.rows.4.cells.23.predicted	s:gov
clock.rows.4.cells.23.measured	s:gov
clock.rows.4.cells.23.margin	f:bfebe542f02fc69c
clock.rows.4.cells.24	keys:10
clock.rows.4.cells.24.s	f:3fd3d70a3d70a3da
clock.rows.4.cells.24.setpoint_gap	f:3f61a798878263f0
clock.rows.4.cells.24.lag_gap	f:3f31e6b61c7ba09c
clock.rows.4.cells.24.tau_f	f:3fc3333333333334
clock.rows.4.cells.24.tau_gov	f:3fa999999999999a
clock.rows.4.cells.24.slope_f	f:3f6362fd3288445b
clock.rows.4.cells.24.slope_r	f:3f5ad060a0c77719
clock.rows.4.cells.24.predicted	s:gov
clock.rows.4.cells.24.measured	s:gov
clock.rows.4.cells.24.margin	f:bfebf1b331a41404
clock.rows.4.cells.25	keys:10
clock.rows.4.cells.25.s	f:3fd428f5c28f5c2c
clock.rows.4.cells.25.setpoint_gap	f:3f61af2a727e3064
clock.rows.4.cells.25.lag_gap	f:3f31bc8938cf1adc
clock.rows.4.cells.25.tau_f	f:3fc3333333333334
clock.rows.4.cells.25.tau_gov	f:3fa999999999999a
clock.rows.4.cells.25.slope_f	f:3f633e2a7896236b
clock.rows.4.cells.25.slope_r	f:3f5ac650b7794e39
clock.rows.4.cells.25.predicted	s:gov
clock.rows.4.cells.25.measured	s:gov
clock.rows.4.cells.25.margin	f:bfebfcf9cd64e0d3
clock.rows.4.cells.26	keys:10
clock.rows.4.cells.26.s	f:3fd47ae147ae147e
clock.rows.4.cells.26.setpoint_gap	f:3f61b695fd8ece24
clock.rows.4.cells.26.lag_gap	f:3f3196870d5c7f5c
clock.rows.4.cells.26.tau_f	f:3fc3333333333334
clock.rows.4.cells.26.tau_gov	f:3fa999999999999a
clock.rows.4.cells.26.slope_f	f:3f631cda8e2aa91b
clock.rows.4.cells.26.slope_r	f:3f5abc7c123179d9
clock.rows.4.cells.26.predicted	s:gov
clock.rows.4.cells.26.measured	s:gov
clock.rows.4.cells.26.margin	f:bfec073d4a5b8b6f
clock.rows.4.cells.27	keys:10
clock.rows.4.cells.27.s	f:3fd4ccccccccccd0
clock.rows.4.cells.27.setpoint_gap	f:3f61bddf36623550
clock.rows.4.cells.27.lag_gap	f:3f317428e78f54dc
clock.rows.4.cells.27.tau_f	f:3fc3333333333334
clock.rows.4.cells.27.tau_gov	f:3fa999999999999a
clock.rows.4.cells.27.slope_f	f:3f62fe9b5191551b
clock.rows.4.cells.27.slope_r	f:3f5ab2d7639b5659
clock.rows.4.cells.27.predicted	s:gov
clock.rows.4.cells.27.measured	s:gov
clock.rows.4.cells.27.margin	f:bfec109e74cb666d
clock.rows.4.cells.28	keys:10
clock.rows.4.cells.28.s	f:3fd51eb851eb8522
clock.rows.4.cells.28.setpoint_gap	f:3f61c509aaacec00
clock.rows.4.cells.28.lag_gap	f:3f3154fb857a10bc
clock.rows.4.cells.28.tau_f	f:3fc3333333333334
clock.rows.4.cells.28.tau_gov	f:3fa999999999999a
clock.rows.4.cells.28.slope_f	f:3f62e30b1fb71c1b
clock.rows.4.cells.28.slope_r	f:3f5aa95922e854f9
clock.rows.4.cells.28.predicted	s:gov
clock.rows.4.cells.28.measured	s:gov
clock.rows.4.cells.28.margin	f:bfec1939530fb93d
clock.rows.4.cells.29	keys:10
clock.rows.4.cells.29.s	f:3fd570a3d70a3d74
clock.rows.4.cells.29.setpoint_gap	f:3f61cc187a5dc1f8
clock.rows.4.cells.29.lag_gap	f:3f31389bec47423c
clock.rows.4.cells.29.tau_f	f:3fc3333333333334
clock.rows.4.cells.29.tau_gov	f:3fa999999999999a
clock.rows.4.cells.29.slope_f	f:3f62c9d624cac29b
clock.rows.4.cells.29.slope_r	f:3f5a9ff93f5c4479
clock.rows.4.cells.29.predicted	s:gov
clock.rows.4.cells.29.measured	s:gov
clock.rows.4.cells.29.margin	f:bfec2125ee4c2960
clock.rows.4.cells.30	keys:10
clock.rows.4.cells.30.s	f:3fd5c28f5c28f5c6
clock.rows.4.cells.30.setpoint_gap	f:3f61d30e66e2f7d8
clock.rows.4.cells.30.lag_gap	f:3f311eb4ccecddbc
clock.rows.4.cells.30.tau_f	f:3fc3333333333334
clock.rows.4.cells.30.tau_gov	f:3fa999999999999a
clock.rows.4.cells.30.slope_f	f:3f62b2b425b4358b
clock.rows.4.cells.30.slope_r	f:3f5a96b0e198ec99
clock.rows.4.cells.30.predicted	s:gov
clock.rows.4.cells.30.measured	s:gov
clock.rows.4.cells.30.margin	f:bfec2878f75ba96d
clock.rows.4.cells.31	keys:10
clock.rows.4.cells.31.s	f:3fd6147ae147ae18
clock.rows.4.cells.31.setpoint_gap	f:3f61d9ede003ea48
clock.rows.4.cells.31.lag_gap	f:3f3106fc5d15573c
clock.rows.4.cells.31.tau_f	f:3fc3333333333334
clock.rows.4.cells.31.tau_gov	f:3fa999999999999a
clock.rows.4.cells.31.slope_f	f:3f629d66ac40b28b
clock.rows.4.cells.31.slope_r	f:3f5a8d7a38197b19
clock.rows.4.cells.31.predicted	s:gov
clock.rows.4.cells.31.measured	s:gov
clock.rows.4.cells.31.margin	f:bfec2f444eac4a3a
clock.rows.4.cells.32	keys:10
clock.rows.4.cells.32.s	f:3fd666666666666a
clock.rows.4.cells.32.setpoint_gap	f:3f61e0b90eba8718
clock.rows.4.cells.32.lag_gap	f:3f3105ee6af2ed9c
clock.rows.4.cells.32.tau_f	f:3fc3333333333334
clock.rows.4.cells.32.tau_gov	f:3fa999999999999a
clock.rows.4.cells.32.slope_f	f:3f629ae6502c46db
clock.rows.4.cells.32.slope_r	f:3f5a83bdca4b0519
clock.rows.4.cells.32.predicted	s:gov
clock.rows.4.cells.32.measured	s:gov
clock.rows.4.cells.32.margin	f:bfec30f3dea9420a
clock.rows.5	keys:20
clock.rows.5.coord	s:demand
clock.rows.5.tau_f	f:3fa999999999999a
clock.rows.5.tau_gov	f:3fc999999999999a
clock.rows.5.tau_q	f:3fa999999999999a
clock.rows.5.tau_s	f:3fa999999999999a
clock.rows.5.phi_lim	f:3fe8000000000000
clock.rows.5.phi_air	f:3fe8a3d70a3d70a4
clock.rows.5.max_Tt4	f:40929c7c83ce45d4
clock.rows.5.riding4_valid	b:1
clock.rows.5.n_riding4	i:32
clock.rows.5.census	keys:1
clock.rows.5.census.gov	i:32
clock.rows.5.n_fuel	i:0
clock.rows.5.n_gov	i:32
clock.rows.5.n_scored	i:32
clock.rows.5.n_edge	i:0
clock.rows.5.n_agree	i:32
clock.rows.5.agreement	f:3ff0000000000000
clock.rows.5.worst_miss	n
clock.rows.5.min_margin	f:3fe9e702c5d74146
clock.rows.5.cells	len:32
clock.rows.5.cells.0	keys:10
clock.rows.5.cells.0.s	f:3fc7ae147ae147b1
clock.rows.5.cells.0.setpoint_gap	f:3f5e1020edd2d200
clock.rows.5.cells.0.lag_gap	f:3f36ea00adc7033b
clock.rows.5.cells.0.tau_f	f:3fc3333333333334
clock.rows.5.cells.0.tau_gov	f:3fc999999999999a
clock.rows.5.cells.0.slope_f	f:3f72df640149cfcb
clock.rows.5.cells.0.slope_r	f:3f5bf9ab2aa4ab59
clock.rows.5.cells.0.predicted	s:gov
clock.rows.5.cells.0.measured	s:gov
clock.rows.5.cells.0.margin	f:bfe9e702c5d74146
clock.rows.5.cells.1	keys:10
clock.rows.5.cells.1.s	f:3fc851eb851eb855
clock.rows.5.cells.1.setpoint_gap	f:3f5e474e4b9c67d0
clock.rows.5.cells.1.lag_gap	f:3f32376cb28fe85d
clock.rows.5.cells.1.tau_f	f:3fc3333333333334
clock.rows.5.cells.1.tau_gov	f:3fc999999999999a
clock.rows.5.cells.1.slope_f	f:3f70be59d8bcbca4
clock.rows.5.cells.1.slope_r	f:3f5b75c5ab025379
clock.rows.5.cells.1.predicted	s:gov
clock.rows.5.cells.1.measured	s:gov
clock.rows.5.cells.1.margin	f:bfeb2fdc2c55b10c
clock.rows.5.cells.2	keys:10
clock.rows.5.cells.2.s	f:3fc8f5c28f5c28f9
clock.rows.5.cells.2.setpoint_gap	f:3f5e7548f2391108
clock.rows.5.cells.2.lag_gap	f:3f2cc79502de603a
clock.rows.5.cells.2.tau_f	f:3fc3333333333334
clock.rows.5.cells.2.tau_gov	f:3fc999999999999a
clock.rows.5.cells.2.slope_f	f:3f6e03f331b76fa8
clock.rows.5.cells.2.slope_r	f:3f5b092fa8c82b59
clock.rows.5.cells.2.predicted	s:gov
clock.rows.5.cells.2.measured	s:gov
clock.rows.5.cells.2.margin	f:bfec386e922347f7
clock.rows.5.cells.3	keys:10
clock.rows.5.cells.3.s	f:3fc999999999999d
clock.rows.5.cells.3.setpoint_gap	f:3f5e9bc5e1f51cd0
clock.rows.5.cells.3.lag_gap	f:3f268d1664e24dba
clock.rows.5.cells.3.tau_f	f:3fc3333333333334
clock.rows.5.cells.3.tau_gov	f:3fc999999999999a
clock.rows.5.cells.3.slope_f	f:3f6b2fdd2db72189
clock.rows.5.cells.3.slope_r	f:3f5aaf9dc58541b9
clock.rows.5.cells.3.predicted	s:gov
clock.rows.5.cells.3.measured	s:gov
clock.rows.5.cells.3.margin	f:bfed0d8eac706659
clock.rows.5.cells.4	keys:10
clock.rows.5.cells.4.s	f:3fca3d70a3d70a41
clock.rows.5.cells.4.setpoint_gap	f:3f5ebc2a8314ff20
clock.rows.5.cells.4.lag_gap	f:3f217ce639e0f2fe
clock.rows.5.cells.4.tau_f	f:3fc3333333333334
clock.rows.5.cells.4.tau_gov	f:3fc999999999999a
clock.rows.5.cells.4.slope_f	f:3f68e268f57f733a
clock.rows.5.cells.4.slope_r	f:3f5a658d8c1294f9
clock.rows.5.cells.4.predicted	s:gov
clock.rows.5.cells.4.measured	s:gov
clock.rows.5.cells.4.margin	f:bfedb95af7dcc9ae
clock.rows.5.cells.5	keys:10
clock.rows.5.cells.5.s	f:3fcae147ae147ae5
clock.rows.5.cells.5.setpoint_gap	f:3f5ed79b0bdde030
clock.rows.5.cells.5.lag_gap	f:3f1ac12abd3f727c
clock.rows.5.cells.5.tau_f	f:3fc3333333333334
clock.rows.5.cells.5.tau_gov	f:3fc999999999999a
clock.rows.5.cells.5.slope_f	f:3f6702fee762abaa
clock.rows.5.cells.5.slope_r	f:3f5a2820fff02db9
clock.rows.5.cells.5.predicted	s:gov
clock.rows.5.cells.5.measured	s:gov
clock.rows.5.cells.5.margin	f:bfee43db89b78945
clock.rows.5.cells.6	keys:10
clock.rows.5.cells.6.s	f:3fcb851eb851eb89
clock.rows.5.cells.6.setpoint_gap	f:3f5eef0651f349c8
clock.rows.5.cells.6.lag_gap	f:3f1417280a6e047c
clock.rows.5.cells.6.tau_f	f:3fc3333333333334
clock.rows.5.cells.6.tau_gov	f:3fc999999999999a
clock.rows.5.cells.6.slope_f	f:3f657d7e230391eb
clock.rows.5.cells.6.slope_r	f:3f59f500b142f97a
clock.rows.5.cells.6.predicted	s:gov
clock.rows.5.cells.6.measured	s:gov
clock.rows.5.cells.6.margin	f:bfeeb378e03f2697
clock.rows.5.cells.7	keys:10
clock.rows.5.cells.7.s	f:3fcc28f5c28f5c2d
clock.rows.5.cells.7.setpoint_gap	f:3f5f032f7b6f3288
clock.rows.5.cells.7.lag_gap	f:3f0d65aa255ea3f8
clock.rows.5.cells.7.tau_f	f:3fc3333333333334
clock.rows.5.cells.7.tau_gov	f:3fc999999999999a
clock.rows.5.cells.7.slope_f	f:3f64416e85dab7fb
clock.rows.5.cells.7.slope_r	f:3f59ca4332f14a5a
clock.rows.5.cells.7.predicted	s:gov
clock.rows.5.cells.7.measured	s:gov
clock.rows.5.cells.7.margin	f:bfef0d5582fb0df5
clock.rows.5.cells.8	keys:10
clock.rows.5.cells.8.s	f:3fccccccccccccd1
clock.rows.5.cells.8.setpoint_gap	f:3f5f14b5f0472b70
clock.rows.5.cells.8.lag_gap	f:3f04b10cd8982af8
clock.rows.5.cells.8.tau_f	f:3fc3333333333334
clock.rows.5.cells.8.tau_gov	f:3fc999999999999a
clock.rows.5.cells.8.slope_f	f:3f63415756b1a14b
clock.rows.5.cells.8.slope_r	f:3f59a6590032ab3a
clock.rows.5.cells.8.predicted	s:gov
clock.rows.5.cells.8.measured	s:gov
clock.rows.5.cells.8.margin	f:bfef55927a7dc9f6
clock.rows.5.cells.9	keys:10
clock.rows.5.cells.9.s	f:3fcd70a3d70a3d75
clock.rows.5.cells.9.setpoint_gap	f:3f5f241bdbe2e220
clock.rows.5.cells.9.lag_gap	f:3efb5db78eff3bf0
clock.rows.5.cells.9.tau_f	f:3fc3333333333334
clock.rows.5.cells.9.tau_gov	f:3fc999999999999a
clock.rows.5.cells.9.slope_f	f:3f6272343f53ae5b
clock.rows.5.cells.9.slope_r	f:3f5987fc07d194da
clock.rows.5.cells.9.predicted	s:gov
clock.rows.5.cells.9.measured	s:gov
clock.rows.5.cells.9.margin	f:bfef8f84307ececc
clock.rows.5.cells.10	keys:10
clock.rows.5.cells.10.s	f:3fce147ae147ae19
clock.rows.5.cells.10.setpoint_gap	f:3f5f31cb80d38c28
clock.rows.5.cells.10.lag_gap	f:3ef01e88a74ade00
clock.rows.5.cells.10.tau_f	f:3fc3333333333334
clock.rows.5.cells.10.tau_gov	f:3fc999999999999a
clock.rows.5.cells.10.slope_f	f:3f61cb034210658c
clock.rows.5.cells.10.slope_r	f:3f596e223606befa
clock.rows.5.cells.10.predicted	s:gov
clock.rows.5.cells.10.measured	s:gov
clock.rows.5.cells.10.margin	f:bfefbddba6e33e78
clock.rows.5.cells.11	keys:10
clock.rows.5.cells.11.s	f:3fceb851eb851ebd
clock.rows.5.cells.11.setpoint_gap	f:3f5f3e1b94fcbe68
clock.rows.5.cells.11.lag_gap	f:3edc8815867ba800
clock.rows.5.cells.11.tau_f	f:3fc3333333333334
clock.rows.5.cells.11.tau_gov	f:3fc999999999999a
clock.rows.5.cells.11.slope_f	f:3f6144673f0db22c
clock.rows.5.cells.11.slope_r	f:3f5957f272f420fa
clock.rows.5.cells.11.predicted	s:gov
clock.rows.5.cells.11.measured	s:gov
clock.rows.5.cells.11.margin	f:bfefe2c6d92e75e7
clock.rows.5.cells.12	keys:10
clock.rows.5.cells.12.s	f:3fcf5c28f5c28f61
clock.rows.5.cells.12.setpoint_gap	f:3f5f4952d2db9ec0
clock.rows.5.cells.12.lag_gap	f:be443b52017f8000
clock.rows.5.cells.12.tau_f	f:3fc3333333333334
clock.rows.5.cells.12.tau_gov	f:3fc999999999999a
clock.rows.5.cells.12.slope_f	f:3f60d85b5fdb2d89
clock.rows.5.cells.12.slope_r	f:3f5944bba415c80d
clock.rows.5.cells.12.predicted	s:gov
clock.rows.5.cells.12.measured	s:gov
clock.rows.5.cells.12.margin	f:bff000052c5ccf5d
clock.rows.5.cells.13	keys:10
clock.rows.5.cells.13.s	f:3fd0000000000002
clock.rows.5.cells.13.setpoint_gap	f:3f5f53aae49fa128
clock.rows.5.cells.13.lag_gap	f:bed6995965ea87c0
clock.rows.5.cells.13.tau_f	f:3fc3333333333334
clock.rows.5.cells.13.tau_gov	f:3fc999999999999a
clock.rows.5.cells.13.slope_f	f:3f6081f462cea4d9
clock.rows.5.cells.13.slope_r	f:3f5933ed53338bed
clock.rows.5.cells.13.predicted	s:gov
clock.rows.5.cells.13.measured	s:gov
clock.rows.5.cells.13.margin	f:bff00b8ad5a1e2c4
clock.rows.5.cells.14	keys:10
clock.rows.5.cells.14.s	f:3fd051eb851eb854
clock.rows.5.cells.14.setpoint_gap	f:3f5f5d52c733b7b0
clock.rows.5.cells.14.lag_gap	f:bee421603dc56c00
clock.rows.5.cells.14.tau_f	f:3fc3333333333334
clock.rows.5.cells.14.tau_gov	f:3fc999999999999a
clock.rows.5.cells.14.slope_f	f:3f603d2d47cb2cec
clock.rows.5.cells.14.slope_r	f:3f592511ae1a799a
clock.rows.5.cells.14.predicted	s:gov
clock.rows.5.cells.14.measured	s:gov
clock.rows.5.cells.14.margin	f:bff01489c8f475a6
clock.rows.5.cells.15	keys:10
clock.rows.5.cells.15.s	f:3fd0a3d70a3d70a6
clock.rows.5.cells.15.setpoint_gap	f:3f5f6670bdeb1bb8
clock.rows.5.cells.15.lag_gap	f:beeaf7aa44946000
clock.rows.5.cells.15.tau_f	f:3fc3333333333334
clock.rows.5.cells.15.tau_gov	f:3fc999999999999a
clock.rows.5.cells.15.slope_f	f:3f6006bd5105c23c
clock.rows.5.cells.15.slope_r	f:3f5917c8a0366f1a
clock.rows.5.cells.15.predicted	s:gov
clock.rows.5.cells.15.measured	s:gov
clock.rows.5.cells.15.margin	f:bff01b7b8c02dc7d
clock.rows.5.cells.16	keys:10
clock.rows.5.cells.16.s	f:3fd0f5c28f5c28f8
clock.rows.5.cells.16.setpoint_gap	f:3f5f6f23eb0f72c8
clock.rows.5.cells.16.lag_gap	f:bef0175debd2da00
clock.rows.5.cells.16.tau_f	f:3fc3333333333334
clock.rows.5.cells.16.tau_gov	f:3fc999999999999a
clock.rows.5.cells.16.slope_f	f:3f5fb7eb501f9918
clock.rows.5.cells.16.slope_r	f:3f590bc3d2842bda
clock.rows.5.cells.16.predicted	s:gov
clock.rows.5.cells.16.measured	s:gov
clock.rows.5.cells.16.margin	f:bff020c30adad955
clock.rows.5.cells.17	keys:10
clock.rows.5.cells.17.s	f:3fd147ae147ae14a
clock.rows.5.cells.17.setpoint_gap	f:3f5f77859de4fb88
clock.rows.5.cells.17.lag_gap	f:bef20a2cd5a78000
clock.rows.5.cells.17.tau_f	f:3fc3333333333334
clock.rows.5.cells.17.tau_gov	f:3fc999999999999a
clock.rows.5.cells.17.slope_f	f:3f5f754a895393f8
clock.rows.5.cells.17.slope_r	f:3f5900c367afc4fa
clock.rows.5.cells.17.predicted	s:gov
clock.rows.5.cells.17.measured	s:gov
clock.rows.5.cells.17.margin	f:bff024b0d589820d
clock.rows.5.cells.18	keys:10
clock.rows.5.cells.18.s	f:3fd199999999999c
clock.rows.5.cells.18.setpoint_gap	f:3f5f7faa63b77c88
clock.rows.5.cells.18.lag_gap	f:bef3740518964200
clock.rows.5.cells.18.tau_f	f:3fc3333333333334
clock.rows.5.cells.18.tau_gov	f:3fc999999999999a
clock.rows.5.cells.18.slope_f	f:3f5f4203e5458e98
clock.rows.5.cells.18.slope_r	f:3f58f69351dfe81a
clock.rows.5.cells.18.predicted	s:gov
clock.rows.5.cells.18.measured	s:gov
clock.rows.5.cells.18.margin	f:bff027868e2840a8
clock.rows.5.cells.19	keys:10
clock.rows.5.cells.19.s	f:3fd1eb851eb851ee
clock.rows.5.cells.19.setpoint_gap	f:3f5f87a2e70c6628
clock.rows.5.cells.19.lag_gap	f:bef46ed7a98c3800
clock.rows.5.cells.19.tau_f	f:3fc3333333333334
clock.rows.5.cells.19.tau_gov	f:3fc999999999999a
clock.rows.5.cells.19.slope_f	f:3f5f1b2b10fa70f8
clock.rows.5.cells.19.slope_r	f:3f58ed0925fac91a
clock.rows.5.cells.19.predicted	s:gov
clock.rows.5.cells.19.measured	s:gov
clock.rows.5.cells.19.margin	f:bff02979b0524c7e
clock.rows.5.cells.20	keys:10
clock.rows.5.cells.20.s	f:3fd23d70a3d70a40
clock.rows.5.cells.20.setpoint_gap	f:3f5f8f7ca6111540
clock.rows.5.cells.20.lag_gap	f:bef50fd3659f8a00
clock.rows.5.cells.20.tau_f	f:3fc3333333333334
clock.rows.5.cells.20.tau_gov	f:3fc999999999999a
clock.rows.5.cells.20.slope_f	f:3f5efe5d17387c98
clock.rows.5.cells.20.slope_r	f:3f58e402555ad43a
clock.rows.5.cells.20.predicted	s:gov
clock.rows.5.cells.20.measured	s:gov
clock.rows.5.cells.20.margin	f:bff02ab5d27c506d
clock.rows.5.cells.21	keys:10
clock.rows.5.cells.21.s	f:3fd28f5c28f5c292
clock.rows.5.cells.21.setpoint_gap	f:3f5f974287b50400
clock.rows.5.cells.21.lag_gap	f:bef5684397d54000
clock.rows.5.cells.21.tau_f	f:3fc3333333333334
clock.rows.5.cells.21.tau_gov	f:3fc999999999999a
clock.rows.5.cells.21.slope_f	f:3f5ee9a74456d7f8
clock.rows.5.cells.21.slope_r	f:3f58db62bb1dcafa
clock.rows.5.cells.21.predicted	s:gov
clock.rows.5.cells.21.measured	s:gov
clock.rows.5.cells.21.margin	f:bff02b5e7b0894fc
clock.rows.5.cells.22	keys:10
clock.rows.5.cells.22.s	f:3fd2e147ae147ae4
clock.rows.5.cells.22.setpoint_gap	f:3f5f9efd5584da80
clock.rows.5.cells.22.lag_gap	f:bef58645e3b9fe00
clock.rows.5.cells.22.tau_f	f:3fc3333333333334
clock.rows.5.cells.22.tau_gov	f:3fc999999999999a
clock.rows.5.cells.22.slope_f	f:3f5edb729fde9658
clock.rows.5.cells.22.slope_r	f:3f58d3136db1789a
clock.rows.5.cells.22.predicted	s:gov
clock.rows.5.cells.22.measured	s:gov
clock.rows.5.cells.22.margin	f:bff02b909dc6d886
clock.rows.5.cells.23	keys:10
clock.rows.5.cells.23.s	f:3fd3333333333336
clock.rows.5.cells.23.setpoint_gap	f:3f5fa6b41f3fb4f0
clock.rows.5.cells.23.lag_gap	f:bef5755efbad5400
clock.rows.5.cells.23.tau_f	f:3fc3333333333334
clock.rows.5.cells.23.tau_gov	f:3fc999999999999a
clock.rows.5.cells.23.slope_f	f:3f5ed27325dc4a38
clock.rows.5.cells.23.slope_r	f:3f58cb01c80ec23a
clock.rows.5.cells.23.predicted	s:gov
clock.rows.5.cells.23.measured	s:gov
clock.rows.5.cells.23.margin	f:bff02b63d27b76da
clock.rows.5.cells.24	keys:10
clock.rows.5.cells.24.s	f:3fd3851eb851eb88
clock.rows.5.cells.24.setpoint_gap	f:3f5fae6c8c378c80
clock.rows.5.cells.24.lag_gap	f:bef53ef4309ce000
clock.rows.5.cells.24.tau_f	f:3fc3333333333334
clock.rows.5.cells.24.tau_gov	f:3fc999999999999a
clock.rows.5.cells.24.slope_f	f:3f5ecd9a10cafa78
clock.rows.5.cells.24.slope_r	f:3f58c31ea0647d5a
clock.rows.5.cells.24.predicted	s:gov
clock.rows.5.cells.24.measured	s:gov
clock.rows.5.cells.24.margin	f:bff02aeb51cc91dd
clock.rows.5.cells.25	keys:10
clock.rows.5.cells.25.s	f:3fd3d70a3d70a3da
clock.rows.5.cells.25.setpoint_gap	f:3f5fb62b1dd01778
clock.rows.5.cells.25.lag_gap	f:bef4eaaece9f7a00
clock.rows.5.cells.25.tau_f	f:3fc3333333333334
clock.rows.5.cells.25.tau_gov	f:3fc999999999999a
clock.rows.5.cells.25.slope_f	f:3f5ecc0aa4ee7a18
clock.rows.5.cells.25.slope_r	f:3f58bb5da3d7511a
clock.rows.5.cells.25.predicted	s:gov
clock.rows.5.cells.25.measured	s:gov
clock.rows.5.cells.25.margin	f:bff02a36c3602297
clock.rows.5.cells.26	keys:10
clock.rows.5.cells.26.s	f:3fd428f5c28f5c2c
clock.rows.5.cells.26.setpoint_gap	f:3f5fbdf365d3f0c0
clock.rows.5.cells.26.lag_gap	f:bef47ecd54512c00
clock.rows.5.cells.26.tau_f	f:3fc3333333333334
clock.rows.5.cells.26.tau_gov	f:3fc999999999999a
clock.rows.5.cells.26.slope_f	f:3f5ecd1107e122b8
clock.rows.5.cells.26.slope_r	f:3f58b3b4d07f317a
clock.rows.5.cells.26.predicted	s:gov
clock.rows.5.cells.26.measured	s:gov
clock.rows.5.cells.26.margin	f:bff02952e5e900fa
clock.rows.5.cells.27	keys:10
clock.rows.5.cells.27.s	f:3fd47ae147ae147e
clock.rows.5.cells.27.setpoint_gap	f:3f5fc5c832d8c048
clock.rows.5.cells.27.lag_gap	f:bef40065d434e600
clock.rows.5.cells.27.tau_f	f:3fc3333333333334
clock.rows.5.cells.27.tau_gov	f:3fc999999999999a
clock.rows.5.cells.27.slope_f	f:3f5ed01ac4abafd8
clock.rows.5.cells.27.slope_r	f:3f58ac1c0814e5da
clock.rows.5.cells.27.predicted	s:gov
clock.rows.5.cells.27.measured	s:gov
clock.rows.5.cells.27.margin	f:bff0284a1835f144
clock.rows.5.cells.28	keys:10
clock.rows.5.cells.28.s	f:3fd4ccccccccccd0
clock.rows.5.cells.28.setpoint_gap	f:3f5fcdabb4838740
clock.rows.5.cells.28.lag_gap	f:bef3739c3593aa00
clock.rows.5.cells.28.tau_f	f:3fc3333333333334
clock.rows.5.cells.28.tau_gov	f:3fc999999999999a
clock.rows.5.cells.28.slope_f	f:3f5ed4b0ae18f718
clock.rows.5.cells.28.slope_r	f:3f58a48cb6c2429a
clock.rows.5.cells.28.predicted	s:gov
clock.rows.5.cells.28.measured	s:gov
clock.rows.5.cells.28.margin	f:bff02724c90220c6
clock.rows.5.cells.29	keys:10
clock.rows.5.cells.29.s	f:3fd51eb851eb8522
clock.rows.5.cells.29.setpoint_gap	f:3f5fd59f9928fa68
clock.rows.5.cells.29.lag_gap	f:bef2dbce8bd15400
clock.rows.5.cells.29.tau_f	f:3fc3333333333334
clock.rows.5.cells.29.tau_gov	f:3fc999999999999a
clock.rows.5.cells.29.slope_f	f:3f5eda71df428d38
clock.rows.5.cells.29.slope_r	f:3f589d018a5e447a
clock.rows.5.cells.29.predicted	s:gov
clock.rows.5.cells.29.measured	s:gov
clock.rows.5.cells.29.margin	f:bff025e9d232d406
clock.rows.5.cells.30	keys:10
clock.rows.5.cells.30.s	f:3fd570a3d70a3d74
clock.rows.5.cells.30.setpoint_gap	f:3f5fdda52600b0f0
clock.rows.5.cells.30.lag_gap	f:bef23bb953b38800
clock.rows.5.cells.30.tau_f	f:3fc3333333333334
clock.rows.5.cells.30.tau_gov	f:3fc999999999999a
clock.rows.5.cells.30.slope_f	f:3f5ee10fa60bc878
clock.rows.5.cells.30.slope_r	f:3f5895763712dcfa
clock.rows.5.cells.30.predicted	s:gov
clock.rows.5.cells.30.measured	s:gov
clock.rows.5.cells.30.margin	f:bff0249ec34ee8fe
clock.rows.5.cells.31	keys:10
clock.rows.5.cells.31.s	f:3fd5c28f5c28f5c6
clock.rows.5.cells.31.setpoint_gap	f:3f5fe5bd4ae8e848
clock.rows.5.cells.31.lag_gap	f:bef0fcdfc094cc00
clock.rows.5.cells.31.tau_f	f:3fc3333333333334
clock.rows.5.cells.31.tau_gov	f:3fc999999999999a
clock.rows.5.cells.31.slope_f	f:3f5ef7da1ea08838
clock.rows.5.cells.31.slope_r	f:3f588da51204061a
clock.rows.5.cells.31.predicted	s:gov
clock.rows.5.cells.31.measured	s:gov
clock.rows.5.cells.31.margin	f:bff02215b83483a2
clock.rows.6	keys:20
clock.rows.6.coord	s:demand
clock.rows.6.tau_f	f:3fb47ae147ae147b
clock.rows.6.tau_gov	f:3f947ae147ae147b
clock.rows.6.tau_q	f:3fa999999999999a
clock.rows.6.tau_s	f:3fa999999999999a
clock.rows.6.phi_lim	f:3fe8000000000000
clock.rows.6.phi_air	f:3fe8a3d70a3d70a4
clock.rows.6.max_Tt4	f:4092bd120b008555
clock.rows.6.riding4_valid	b:1
clock.rows.6.n_riding4	i:39
clock.rows.6.census	keys:2
clock.rows.6.census.fuel	i:11
clock.rows.6.census.gov	i:28
clock.rows.6.n_fuel	i:11
clock.rows.6.n_gov	i:28
clock.rows.6.n_scored	i:39
clock.rows.6.n_edge	i:0
clock.rows.6.n_agree	i:38
clock.rows.6.agreement	f:3fef2df2df2df2df
clock.rows.6.worst_miss	f:3fb938bd81661651
clock.rows.6.min_margin	f:3fa0169aef87eb29
clock.rows.6.cells	len:39
clock.rows.6.cells.0	keys:10
clock.rows.6.cells.0.s	f:3fc6666666666669
clock.rows.6.cells.0.setpoint_gap	f:3f59755edb09caa8
clock.rows.6.cells.0.lag_gap	f:3f62bc8f531aaafb
clock.rows.6.cells.0.tau_f	f:3fceb851eb851eb8
clock.rows.6.cells.0.tau_gov	f:3f947ae147ae147b
clock.rows.6.cells.0.slope_f	f:3f83d8eb226a75f3
clock.rows.6.cells.0.slope_r	f:3f5fb030718170f8
clock.rows.6.cells.0.predicted	s:fuel
clock.rows.6.cells.0.measured	s:fuel
clock.rows.6.cells.0.margin	f:3fd4850b1ff890eb
clock.rows.6.cells.1	keys:10
clock.rows.6.cells.1.s	f:3fc70a3d70a3d70d
clock.rows.6.cells.1.setpoint_gap	f:3f5a17a810283a70
clock.rows.6.cells.1.lag_gap	f:3f62b31b119c4b83
clock.rows.6.cells.1.tau_f	f:3fceb851eb851eb8
clock.rows.6.cells.1.tau_gov	f:3f947ae147ae147b
clock.rows.6.cells.1.slope_f	f:3f83cfaa3dc3cbd7
clock.rows.6.cells.1.slope_r	f:3f5fe944485ef158
clock.rows.6.cells.1.predicted	s:fuel
clock.rows.6.cells.1.measured	s:fuel
clock.rows.6.cells.1.margin	f:3fd35958c0ffd945
clock.rows.6.cells.2	keys:10
clock.rows.6.cells.2.s	f:3fc7ae147ae147b1
clock.rows.6.cells.2.setpoint_gap	f:3f5ab9693b6a6d08
clock.rows.6.cells.2.lag_gap	f:3f62af54f87bb6bb
clock.rows.6.cells.2.tau_f	f:3fceb851eb851eb8
clock.rows.6.cells.2.tau_gov	f:3f947ae147ae147b
clock.rows.6.cells.2.slope_f	f:3f83cc5b6e4fd72f
clock.rows.6.cells.2.slope_r	f:3f60128c26cea83c
clock.rows.6.cells.2.predicted	s:fuel
clock.rows.6.cells.2.measured	s:fuel
clock.rows.6.cells.2.margin	f:3fd23b4e2c16642d
clock.rows.6.cells.3	keys:10
clock.rows.6.cells.3.s	f:3fc851eb851eb855
clock.rows.6.cells.3.setpoint_gap	f:3f5b5ad588d88ff8
clock.rows.6.cells.3.lag_gap	f:3f62b021ea6bfef3
clock.rows.6.cells.3.tau_f	f:3fceb851eb851eb8
clock.rows.6.cells.3.tau_gov	f:3f947ae147ae147b
clock.rows.6.cells.3.slope_f	f:3f83cdd650b14367
clock.rows.6.cells.3.slope_r	f:3f60318f5824d7cc
clock.rows.6.cells.3.predicted	s:fuel
clock.rows.6.cells.3.measured	s:fuel
clock.rows.6.cells.3.margin	f:3fd128db5f4ecf76
clock.rows.6.cells.4	keys:10
clock.rows.6.cells.4.s	f:3fc8f5c28f5c28f9
clock.rows.6.cells.4.setpoint_gap	f:3f5bfc163afcfd78
clock.rows.6.cells.4.lag_gap	f:3f62b49f47114dab
clock.rows.6.cells.4.tau_f	f:3fceb851eb851eb8
clock.rows.6.cells.4.tau_gov	f:3f947ae147ae147b
clock.rows.6.cells.4.slope_f	f:3f83d32da5074e73
clock.rows.6.cells.4.slope_r	f:3f6051730ffd8a1c
clock.rows.6.cells.4.predicted	s:fuel
clock.rows.6.cells.4.measured	s:fuel
clock.rows.6.cells.4.margin	f:3fd0203db1f4fd34
clock.rows.6.cells.5	keys:10
clock.rows.6.cells.5.s	f:3fc999999999999d
clock.rows.6.cells.5.setpoint_gap	f:3f5c9d4ca516a2d8
clock.rows.6.cells.5.lag_gap	f:3f62bc17aae991e3
clock.rows.6.cells.5.tau_f	f:3fceb851eb851eb8
clock.rows.6.cells.5.tau_gov	f:3f947ae147ae147b
clock.rows.6.cells.5.slope_f	f:3f83dba387995443
clock.rows.6.cells.5.slope_r	f:3f60720a0b214e2c
clock.rows.6.cells.5.predicted	s:fuel
clock.rows.6.cells.5.measured	s:fuel
clock.rows.6.cells.5.margin	f:3fce3ff0a3e4cabb
clock.rows.6.cells.6	keys:10
clock.rows.6.cells.6.s	f:3fca3d70a3d70a41
clock.rows.6.cells.6.setpoint_gap	f:3f5d3e93c07e59b0
clock.rows.6.cells.6.lag_gap	f:3f62c5f9ebf0d5bb
clock.rows.6.cells.6.tau_f	f:3fceb851eb851eb8
clock.rows.6.cells.6.tau_gov	f:3f947ae147ae147b
clock.rows.6.cells.6.slope_f	f:3f83e6a00127e52f
clock.rows.6.cells.6.slope_r	f:3f60933022713a3c
clock.rows.6.cells.6.predicted	s:fuel
clock.rows.6.cells.6.measured	s:fuel
clock.rows.6.cells.6.margin	f:3fcc4d97e91a2758
clock.rows.6.cells.7	keys:10
clock.rows.6.cells.7.s	f:3fcae147ae147ae5
clock.rows.6.cells.7.setpoint_gap	f:3f5de001714ac360
clock.rows.6.cells.7.lag_gap	f:3f62d1d1e1733ab3
clock.rows.6.cells.7.tau_f	f:3fceb851eb851eb8
clock.rows.6.cells.7.tau_gov	f:3f947ae147ae147b
clock.rows.6.cells.7.slope_f	f:3f83f3a977fe3c1f
clock.rows.6.cells.7.slope_r	f:3f60b4c87729cecc
clock.rows.6.cells.7.predicted	s:fuel
clock.rows.6.cells.7.measured	s:fuel
clock.rows.6.cells.7.margin	f:3fca675d18fcf5b5
clock.rows.6.cells.8	keys:10
clock.rows.6.cells.8.s	f:3fcb851eb851eb89
clock.rows.6.cells.8.setpoint_gap	f:3f5e81a78a450d90
clock.rows.6.cells.8.lag_gap	f:3f62df429be02923
clock.rows.6.cells.8.tau_f	f:3fceb851eb851eb8
clock.rows.6.cells.8.tau_gov	f:3f947ae147ae147b
clock.rows.6.cells.8.slope_f	f:3f84025ea24e3457
clock.rows.6.cells.8.slope_r	f:3f60d6bbfce1c76c
clock.rows.6.cells.8.predicted	s:fuel
clock.rows.6.cells.8.measured	s:fuel
clock.rows.6.cells.8.margin	f:3fc88b86fe0aa59b
clock.rows.6.cells.9	keys:10
clock.rows.6.cells.9.s	f:3fcc28f5c28f5c2d
clock.rows.6.cells.9.setpoint_gap	f:3f5f23949d0f1060
clock.rows.6.cells.9.lag_gap	f:3f62ee01c3776dbb
clock.rows.6.cells.9.tau_f	f:3fceb851eb851eb8
clock.rows.6.cells.9.tau_gov	f:3f947ae147ae147b
clock.rows.6.cells.9.slope_f	f:3f841271ad3f23a3
clock.rows.6.cells.9.slope_r	f:3f60f8f84e833ffc
clock.rows.6.cells.9.predicted	s:fuel
clock.rows.6.cells.9.measured	s:fuel
clock.rows.6.cells.9.margin	f:3fc6b8a92c604fe6
clock.rows.6.cells.10	keys:10
clock.rows.6.cells.10.s	f:3fccccccccccccd1
clock.rows.6.cells.10.setpoint_gap	f:3f5fc5d4a0cc9960
clock.rows.6.cells.10.lag_gap	f:3f62ecfd91328e63
clock.rows.6.cells.10.tau_f	f:3fceb851eb851eb8
clock.rows.6.cells.10.tau_gov	f:3f947ae147ae147b
clock.rows.6.cells.10.slope_f	f:3f84120142819d13
clock.rows.6.cells.10.slope_r	f:3f6116b61c6da42c
clock.rows.6.cells.10.predicted	s:fuel
clock.rows.6.cells.10.measured	s:fuel
clock.rows.6.cells.10.margin	f:3fc48e560ab28a37
clock.rows.6.cells.11	keys:10
clock.rows.6.cells.11.s	f:3fcd70a3d70a3d75
clock.rows.6.cells.11.setpoint_gap	f:3f603390374e2e1c
clock.rows.6.cells.11.lag_gap	f:3f61f8d929af4f1b
clock.rows.6.cells.11.tau_f	f:3fceb851eb851eb8
clock.rows.6.cells.11.tau_gov	f:3f947ae147ae147b
clock.rows.6.cells.11.slope_f	f:3f8312de2c5d6977
clock.rows.6.cells.11.slope_r	f:3f60ef3e2d4652fc
clock.rows.6.cells.11.predicted	s:fuel
clock.rows.6.cells.11.measured	s:gov
clock.rows.6.cells.11.margin	f:3fb938bd81661651
clock.rows.6.cells.12	keys:10
clock.rows.6.cells.12.s	f:3fce147ae147ae19
clock.rows.6.cells.12.setpoint_gap	f:3f607ae0a8c2eecc
clock.rows.6.cells.12.lag_gap	f:3f5fec9ebe5490b8
clock.rows.6.cells.12.tau_f	f:3fceb851eb851eb8
clock.rows.6.cells.12.tau_gov	f:3f947ae147ae147b
clock.rows.6.cells.12.slope_f	f:3f80f86bb3b267f0
clock.rows.6.cells.12.slope_r	f:3f6078b11b315afc
clock.rows.6.cells.12.predicted	s:gov
clock.rows.6.cells.12.measured	s:gov
clock.rows.6.cells.12.margin	f:bfa0169aef87eb29
clock.rows.6.cells.13	keys:10
clock.rows.6.cells.13.s	f:3fceb851eb851ebd
clock.rows.6.cells.13.setpoint_gap	f:3f60b72c5a619f70
clock.rows.6.cells.13.lag_gap	f:3f5bf33176142259
clock.rows.6.cells.13.tau_f	f:3fceb851eb851eb8
clock.rows.6.cells.13.tau_gov	f:3f947ae147ae147b
clock.rows.6.cells.13.slope_f	f:3f7dc7f83b3ecfa9
clock.rows.6.cells.13.slope_r	f:3f5ffee20bd83a38
clock.rows.6.cells.13.predicted	s:gov
clock.rows.6.cells.13.measured	s:gov
clock.rows.6.cells.13.margin	f:bfc4fc5c6d132818
clock.rows.6.cells.14	keys:10
clock.rows.6.cells.14.s	f:3fcf5c28f5c28f61
clock.rows.6.cells.14.setpoint_gap	f:3f60ea670dba25dc
clock.rows.6.cells.14.lag_gap	f:3f58acff4e7c4d2d
clock.rows.6.cells.14.tau_f	f:3fceb851eb851eb8
clock.rows.6.cells.14.tau_gov	f:3f947ae147ae147b
clock.rows.6.cells.14.slope_f	f:3f7a5aaf614ce5ce
clock.rows.6.cells.14.slope_r	f:3f5f3704ea2403d1
clock.rows.6.cells.14.predicted	s:gov
clock.rows.6.cells.14.measured	s:gov
clock.rows.6.cells.14.margin	f:bfd151e09758b61a
clock.rows.6.cells.15	keys:10
clock.rows.6.cells.15.s	f:3fd0000000000002
clock.rows.6.cells.15.setpoint_gap	f:3f611626e046d218
clock.rows.6.cells.15.lag_gap	f:3f55f89afc3b8d4b
clock.rows.6.cells.15.tau_f	f:3fceb851eb851eb8
clock.rows.6.cells.15.tau_gov	f:3f947ae147ae147b
clock.rows.6.cells.15.slope_f	f:3f7785ff82fc0b44
clock.rows.6.cells.15.slope_r	f:3f5e91a34ba08410
clock.rows.6.cells.15.predicted	s:gov
clock.rows.6.cells.15.measured	s:gov
clock.rows.6.cells.15.margin	f:bfd6da2014dabc3b
clock.rows.6.cells.16	keys:10
clock.rows.6.cells.16.s	f:3fd051eb851eb854
clock.rows.6.cells.16.setpoint_gap	f:3f613bb6de0c7758
clock.rows.6.cells.16.lag_gap	f:3f53bb313c16b13b
clock.rows.6.cells.16.tau_f	f:3fceb851eb851eb8
clock.rows.6.cells.16.tau_gov	f:3f947ae147ae147b
clock.rows.6.cells.16.slope_f	f:3f752dd48697aa93
clock.rows.6.cells.16.slope_r	f:3f5e083b80015df8
clock.rows.6.cells.16.predicted	s:gov
clock.rows.6.cells.16.measured	s:gov
clock.rows.6.cells.16.margin	f:bfdb5c91d0959c20
clock.rows.6.cells.17	keys:10
clock.rows.6.cells.17.s	f:3fd0a3d70a3d70a6
clock.rows.6.cells.17.setpoint_gap	f:3f615c25b5874984
clock.rows.6.cells.17.lag_gap	f:3f51df299c34163b
clock.rows.6.cells.17.tau_f	f:3fceb851eb851eb8
clock.rows.6.cells.17.tau_gov	f:3f947ae147ae147b
clock.rows.6.cells.17.slope_f	f:3f733b93d7cf44eb
clock.rows.6.cells.17.slope_r	f:3f5d9597f4b09479
clock.rows.6.cells.17.predicted	s:gov
clock.rows.6.cells.17.measured	s:gov
clock.rows.6.cells.17.margin	f:bfdf0e7f1ef34041
clock.rows.6.cells.18	keys:10
clock.rows.6.cells.18.s	f:3fd0f5c28f5c28f8
clock.rows.6.cells.18.setpoint_gap	f:3f617851626be380
clock.rows.6.cells.18.lag_gap	f:3f505312f9112f2c
clock.rows.6.cells.18.tau_f	f:3fceb851eb851eb8
clock.rows.6.cells.18.tau_gov	f:3f947ae147ae147b
clock.rows.6.cells.18.slope_f	f:3f719cfbf5200334
clock.rows.6.cells.18.slope_r	f:3f5d358950a56319
clock.rows.6.cells.18.predicted	s:gov
clock.rows.6.cells.18.measured	s:gov
clock.rows.6.cells.18.margin	f:bfe10c91b34f4293
clock.rows.6.cells.19	keys:10
clock.rows.6.cells.19.s	f:3fd147ae147ae14a
clock.rows.6.cells.19.setpoint_gap	f:3f6190f076300f7c
clock.rows.6.cells.19.lag_gap	f:3f4e119633112e18
clock.rows.6.cells.19.tau_f	f:3fceb851eb851eb8
clock.rows.6.cells.19.tau_gov	f:3f947ae147ae147b
clock.rows.6.cells.19.slope_f	f:3f704341e4cddffc
clock.rows.6.cells.19.slope_r	f:3f5ce4afe9ec7ed9
clock.rows.6.cells.19.predicted	s:gov
clock.rows.6.cells.19.measured	s:gov
clock.rows.6.cells.19.margin	f:bfe24e5bbea0c79a
clock.rows.6.cells.20	keys:10
clock.rows.6.cells.20.s	f:3fd199999999999c
clock.rows.6.cells.20.setpoint_gap	f:3f61a69980b53944
clock.rows.6.cells.20.lag_gap	f:3f4be9a8d8c12db8
clock.rows.6.cells.20.tau_f	f:3fceb851eb851eb8
clock.rows.6.cells.20.tau_gov	f:3f947ae147ae147b
clock.rows.6.cells.20.slope_f	f:3f6e44bdedb52ed8
clock.rows.6.cells.20.slope_r	f:3f5ca0511e1eed39
clock.rows.6.cells.20.predicted	s:gov
clock.rows.6.cells.20.measured	s:gov
clock.rows.6.cells.20.margin	f:bfe35951356abc64
clock.rows.6.cells.21	keys:10
clock.rows.6.cells.21.s	f:3fd1eb851eb851ee
clock.rows.6.cells.21.setpoint_gap	f:3f61b9c8fed0700c
clock.rows.6.cells.21.lag_gap	f:3f4a1b9f89629459
clock.rows.6.cells.21.tau_f	f:3fceb851eb851eb8
clock.rows.6.cells.21.tau_gov	f:3f947ae147ae147b
clock.rows.6.cells.21.slope_f	f:3f6c61086dd04d29
clock.rows.6.cells.21.slope_r	f:3f5c6635e0e6bf19
clock.rows.6.cells.21.predicted	s:gov
clock.rows.6.cells.21.measured	s:gov
clock.rows.6.cells.21.margin	f:bfe43789829f6543
clock.rows.6.cells.22	keys:10
clock.rows.6.cells.22.s	f:3fd23d70a3d70a40
clock.rows.6.cells.22.setpoint_gap	f:3f61cae61e1f1cec
clock.rows.6.cells.22.lag_gap	f:3f48982463cc3ff9
clock.rows.6.cells.22.tau_f	f:3fceb851eb851eb8
clock.rows.6.cells.22.tau_gov	f:3f947ae147ae147b
clock.rows.6.cells.22.slope_f	f:3f6acb56974c6339
clock.rows.6.cells.22.slope_r	f:3f5c349070370df9
clock.rows.6.cells.22.predicted	s:gov
clock.rows.6.cells.22.measured	s:gov
clock.rows.6.cells.22.margin	f:bfe4f1179610aa6c
clock.rows.6.cells.23	keys:10
clock.rows.6.cells.23.s	f:3fd28f5c28f5c292
clock.rows.6.cells.23.setpoint_gap	f:3f61da46943f019c
clock.rows.6.cells.23.lag_gap	f:3f4752a1a461d2fa
clock.rows.6.cells.23.tau_f	f:3fceb851eb851eb8
clock.rows.6.cells.23.tau_gov	f:3f947ae147ae147b
clock.rows.6.cells.23.slope_f	f:3f69767cb183789a
clock.rows.6.cells.23.slope_r	f:3f5c09e796c5b3f9
clock.rows.6.cells.23.predicted	s:gov
clock.rows.6.cells.23.measured	s:gov
clock.rows.6.cells.23.margin	f:bfe58c7b7d9efc8e
clock.rows.6.cells.24	keys:10
clock.rows.6.cells.24.s	f:3fd2e147ae147ae4
clock.rows.6.cells.24.setpoint_gap	f:3f61e831ba05d6d4
clock.rows.6.cells.24.lag_gap	f:3f4640bbb94db95a
clock.rows.6.cells.24.tau_f	f:3fceb851eb851eb8
clock.rows.6.cells.24.tau_gov	f:3f947ae147ae147b
clock.rows.6.cells.24.slope_f	f:3f6857a3ce75cc3a
clock.rows.6.cells.24.slope_r	f:3f5be50642740b99
clock.rows.6.cells.24.predicted	s:gov
clock.rows.6.cells.24.measured	s:gov
clock.rows.6.cells.24.margin	f:bfe60ef86fc4ef41
clock.rows.6.cells.25	keys:10
clock.rows.6.cells.25.s	f:3fd3333333333336
clock.rows.6.cells.25.setpoint_gap	f:3f61f4e310dbc398
clock.rows.6.cells.25.lag_gap	f:3f4559e66037631a
clock.rows.6.cells.25.tau_f	f:3fceb851eb851eb8
clock.rows.6.cells.25.tau_gov	f:3f947ae147ae147b
clock.rows.6.cells.25.slope_f	f:3f6765d9e963de4a
clock.rows.6.cells.25.slope_r	f:3f5bc4ee7bf42959
clock.rows.6.cells.25.predicted	s:gov
clock.rows.6.cells.25.measured	s:gov
clock.rows.6.cells.25.margin	f:bfe67cd69c33fe75
clock.rows.6.cells.26	keys:10
clock.rows.6.cells.26.s	f:3fd3851eb851eb88
clock.rows.6.cells.26.setpoint_gap	f:3f62008c5037897c
clock.rows.6.cells.26.lag_gap	f:3f44970f0cd304da
clock.rows.6.cells.26.tau_f	f:3fceb851eb851eb8
clock.rows.6.cells.26.tau_gov	f:3f947ae147ae147b
clock.rows.6.cells.26.slope_f	f:3f6699b84d8718ea
clock.rows.6.cells.26.slope_r	f:3f5ba8cf040edc99
clock.rows.6.cells.26.predicted	s:gov
clock.rows.6.cells.26.measured	s:gov
clock.rows.6.cells.26.margin	f:bfe6d995f88566f7
clock.rows.6.cells.27	keys:10
clock.rows.6.cells.27.s	f:3fd3d70a3d70a3da
clock.rows.6.cells.27.setpoint_gap	f:3f620b5712e4b880
clock.rows.6.cells.27.lag_gap	f:3f43f2581d7add7b
clock.rows.6.cells.27.tau_f	f:3fceb851eb851eb8
clock.rows.6.cells.27.tau_gov	f:3f947ae147ae147b
clock.rows.6.cells.27.slope_f	f:3f65ed1b9442311b
clock.rows.6.cells.27.slope_r	f:3f5b8ffb0534f979
clock.rows.6.cells.27.predicted	s:gov
clock.rows.6.cells.27.measured	s:gov
clock.rows.6.cells.27.margin	f:bfe72815c990bffc
clock.rows.6.cells.28	keys:10
clock.rows.6.cells.28.s	f:3fd428f5c28f5c2c
clock.rows.6.cells.28.setpoint_gap	f:3f62156636cb2254
clock.rows.6.cells.28.lag_gap	f:3f4366e15f21827b
clock.rows.6.cells.28.tau_f	f:3fceb851eb851eb8
clock.rows.6.cells.28.tau_gov	f:3f947ae147ae147b
clock.rows.6.cells.28.slope_f	f:3f655ae9921e6d5b
clock.rows.6.cells.28.slope_r	f:3f5b79e368948279
clock.rows.6.cells.28.predicted	s:gov
clock.rows.6.cells.28.measured	s:gov
clock.rows.6.cells.28.margin	f:bfe76ab3a52c8182
clock.rows.6.cells.29	keys:10
clock.rows.6.cells.29.s	f:3fd47ae147ae147e
clock.rows.6.cells.29.setpoint_gap	f:3f621ed6fe125cc8
clock.rows.6.cells.29.lag_gap	f:3f42f09b250413db
clock.rows.6.cells.29.tau_f	f:3fceb851eb851eb8
clock.rows.6.cells.29.tau_gov	f:3f947ae147ae147b
clock.rows.6.cells.29.slope_f	f:3f64dee2562e65db
clock.rows.6.cells.29.slope_r	f:3f5b661176f39c19
clock.rows.6.cells.29.predicted	s:gov
clock.rows.6.cells.29.measured	s:gov
clock.rows.6.cells.29.margin	f:bfe7a363ef98c11b
clock.rows.6.cells.30	keys:10
clock.rows.6.cells.30.s	f:3fd4ccccccccccd0
clock.rows.6.cells.30.setpoint_gap	f:3f6227c1fd75e668
clock.rows.6.cells.30.lag_gap	f:3f428c21cfa3693b
clock.rows.6.cells.30.tau_f	f:3fceb851eb851eb8
clock.rows.6.cells.30.tau_gov	f:3f947ae147ae147b
clock.rows.6.cells.30.slope_f	f:3f647579fda87dab
clock.rows.6.cells.30.slope_r	f:3f5b542280d68139
clock.rows.6.cells.30.predicted	s:gov
clock.rows.6.cells.30.measured	s:gov
clock.rows.6.cells.30.margin	f:bfe7d3c553b6bd5f
clock.rows.6.cells.31	keys:10
clock.rows.6.cells.31.s	f:3fd51eb851eb8522
clock.rows.6.cells.31.setpoint_gap	f:3f62303be13e7eac
clock.rows.6.cells.31.lag_gap	f:3f4236a013c6c79b
clock.rows.6.cells.31.tau_f	f:3fceb851eb851eb8
clock.rows.6.cells.31.tau_gov	f:3f947ae147ae147b
clock.rows.6.cells.31.slope_f	f:3f641bb9984891db
clock.rows.6.cells.31.slope_r	f:3f5b43c458642e59
clock.rows.6.cells.31.predicted	s:gov
clock.rows.6.cells.31.measured	s:gov
clock.rows.6.cells.31.margin	f:bfe7fd30558eb11b
clock.rows.6.cells.32	keys:10
clock.rows.6.cells.32.s	f:3fd570a3d70a3d74
clock.rows.6.cells.32.setpoint_gap	f:3f62385610761ff4
clock.rows.6.cells.32.lag_gap	f:3f41edb6ad73377b
clock.rows.6.cells.32.tau_f	f:3fceb851eb851eb8
clock.rows.6.cells.32.tau_gov	f:3f947ae147ae147b
clock.rows.6.cells.32.slope_f	f:3f63cf25b977b60b
clock.rows.6.cells.32.slope_r	f:3f5b34b272f8a5f9
clock.rows.6.cells.32.predicted	s:gov
clock.rows.6.cells.32.measured	s:gov
clock.rows.6.cells.32.margin	f:bfe820c3d8b5d9f3
clock.rows.6.cells.33	keys:10
clock.rows.6.cells.33.s	f:3fd5c28f5c28f5c6
clock.rows.6.cells.33.setpoint_gap	f:3f62401f3471a610
clock.rows.6.cells.33.lag_gap	f:3f41af6871b8b27b
clock.rows.6.cells.33.tau_f	f:3fceb851eb851eb8
clock.rows.6.cells.33.tau_gov	f:3f947ae147ae147b
clock.rows.6.cells.33.slope_f	f:3f638da99c83576b
clock.rows.6.cells.33.slope_r	f:3f5b26b39146c3f9
clock.rows.6.cells.33.predicted	s:gov
clock.rows.6.cells.33.measured	s:gov
clock.rows.6.cells.33.margin	f:bfe83f6f4090a8cf
clock.rows.6.cells.34	keys:10
clock.rows.6.cells.34.s	f:3fd6147ae147ae18
clock.rows.6.cells.34.setpoint_gap	f:3f6247a3a99ec3b0
clock.rows.6.cells.34.lag_gap	f:3f417a09e99b747b
clock.rows.6.cells.34.tau_f	f:3fceb851eb851eb8
clock.rows.6.cells.34.tau_gov	f:3f947ae147ae147b
clock.rows.6.cells.34.slope_f	f:3f635585fc2b09db
clock.rows.6.cells.34.slope_r	f:3f5b1997d3da8c79
clock.rows.6.cells.34.predicted	s:gov
clock.rows.6.cells.34.measured	s:gov
clock.rows.6.cells.34.margin	f:bfe859faaa0a482f
clock.rows.6.cells.35	keys:10
clock.rows.6.cells.35.s	f:3fd666666666666a
clock.rows.6.cells.35.setpoint_gap	f:3f624eeddd961b38
clock.rows.6.cells.35.lag_gap	f:3f414c33cbd3055b
clock.rows.6.cells.35.tau_f	f:3fceb851eb851eb8
clock.rows.6.cells.35.tau_gov	f:3f947ae147ae147b
clock.rows.6.cells.35.slope_f	f:3f632542eb48cdfb
clock.rows.6.cells.35.slope_r	f:3f5b0d372737c999
clock.rows.6.cells.35.predicted	s:gov
clock.rows.6.cells.35.measured	s:gov
clock.rows.6.cells.35.margin	f:bfe8710da185cbc0
clock.rows.6.cells.36	keys:10
clock.rows.6.cells.36.s	f:3fd6b851eb851ebc
clock.rows.6.cells.36.setpoint_gap	f:3f6256069db269dc
clock.rows.6.cells.36.lag_gap	f:3f4124b7cd2ac2bb
clock.rows.6.cells.36.tau_f	f:3fceb851eb851eb8
clock.rows.6.cells.36.tau_gov	f:3f947ae147ae147b
clock.rows.6.cells.36.slope_f	f:3f62fba420024dab
clock.rows.6.cells.36.slope_r	f:3f5b016ff70a43b9
clock.rows.6.cells.36.predicted	s:gov
clock.rows.6.cells.36.measured	s:gov
clock.rows.6.cells.36.margin	f:bfe88534a207612d
clock.rows.6.cells.37	keys:10
clock.rows.6.cells.37.s	f:3fd70a3d70a3d70e
clock.rows.6.cells.37.setpoint_gap	f:3f625cf558d4cc4c
clock.rows.6.cells.37.lag_gap	f:3f4102975a28331b
clock.rows.6.cells.37.tau_f	f:3fceb851eb851eb8
clock.rows.6.cells.37.tau_gov	f:3f947ae147ae147b
clock.rows.6.cells.37.slope_f	f:3f62d79f3f0bcc9b
clock.rows.6.cells.37.slope_r	f:3f5af6261b2e30d9
clock.rows.6.cells.37.predicted	s:gov
clock.rows.6.cells.37.measured	s:gov
clock.rows.6.cells.37.margin	f:bfe896e599ff595d
clock.rows.6.cells.38	keys:10
clock.rows.6.cells.38.s	f:3fd75c28f5c28f60
clock.rows.6.cells.38.setpoint_gap	f:3f6263c05682f0c8
clock.rows.6.cells.38.lag_gap	f:3f411cf93670475b
clock.rows.6.cells.38.tau_f	f:3fceb851eb851eb8
clock.rows.6.cells.38.tau_gov	f:3f947ae147ae147b
clock.rows.6.cells.38.slope_f	f:3f62f28f6d58199b
clock.rows.6.cells.38.slope_r	f:3f5ae91bef4b6e99
clock.rows.6.cells.38.predicted	s:gov
clock.rows.6.cells.38.measured	s:gov
clock.rows.6.cells.38.margin	f:bfe88e2841d3d21c
clock.rows.7	keys:20
clock.rows.7.coord	s:demand
clock.rows.7.tau_f	f:3fb47ae147ae147b
clock.rows.7.tau_gov	f:3fa999999999999a
clock.rows.7.tau_q	f:3fa999999999999a
clock.rows.7.tau_s	f:3fa999999999999a
clock.rows.7.phi_lim	f:3fe8000000000000
clock.rows.7.phi_air	f:3fe8a3d70a3d70a4
clock.rows.7.max_Tt4	f:4092b85e843eac4d
clock.rows.7.riding4_valid	b:1
clock.rows.7.n_riding4	i:39
clock.rows.7.census	keys:2
clock.rows.7.census.fuel	i:9
clock.rows.7.census.gov	i:30
clock.rows.7.n_fuel	i:9
clock.rows.7.n_gov	i:30
clock.rows.7.n_scored	i:39
clock.rows.7.n_edge	i:0
clock.rows.7.n_agree	i:38
clock.rows.7.agreement	f:3fef2df2df2df2df
clock.rows.7.worst_miss	f:3fbd3e64df4e7c10
clock.rows.7.min_margin	f:3f8447b6147344e7
clock.rows.7.cells	len:39
clock.rows.7.cells.0	keys:10
clock.rows.7.cells.0.s	f:3fc6666666666669
clock.rows.7.cells.0.setpoint_gap	f:3f59755edb09caa8
clock.rows.7.cells.0.lag_gap	f:3f6242e0849a019b
clock.rows.7.cells.0.tau_f	f:3fceb851eb851eb8
clock.rows.7.cells.0.tau_gov	f:3fa999999999999a
clock.rows.7.cells.0.slope_f	f:3f83d8eb226a75f3
clock.rows.7.cells.0.slope_r	f:3f5fb030718170f8
clock.rows.7.cells.0.predicted	s:fuel
clock.rows.7.cells.0.measured	s:fuel
clock.rows.7.cells.0.margin	f:3fd363508f0eb49c
clock.rows.7.cells.1	keys:10
clock.rows.7.cells.1.s	f:3fc70a3d70a3d70d
clock.rows.7.cells.1.setpoint_gap	f:3f5a17a810283a70
clock.rows.7.cells.1.lag_gap	f:3f62389115a51c5f
clock.rows.7.cells.1.tau_f	f:3fceb851eb851eb8
clock.rows.7.cells.1.tau_gov	f:3fa999999999999a
clock.rows.7.cells.1.slope_f	f:3f83cfaa3dc3cbd7
clock.rows.7.cells.1.slope_r	f:3f5fe944485ef158
clock.rows.7.cells.1.predicted	s:fuel
clock.rows.7.cells.1.measured	s:fuel
clock.rows.7.cells.1.margin	f:3fd22d0fb760e8e5
clock.rows.7.cells.2	keys:10
clock.rows.7.cells.2.s	f:3fc7ae147ae147b1
clock.rows.7.cells.2.setpoint_gap	f:3f5ab9693b6a6d08
clock.rows.7.cells.2.lag_gap	f:3f6233e53effc10b
clock.rows.7.cells.2.tau_f	f:3fceb851eb851eb8
clock.rows.7.cells.2.tau_gov	f:3fa999999999999a
clock.rows.7.cells.2.slope_f	f:3f83cc5b6e4fd72f
clock.rows.7.cells.2.slope_r	f:3f60128c26cea83c
clock.rows.7.cells.2.predicted	s:fuel
clock.rows.7.cells.2.measured	s:fuel
clock.rows.7.cells.2.margin	f:3fd104f0d1a01058
clock.rows.7.cells.3	keys:10
clock.rows.7.cells.3.s	f:3fc851eb851eb855
clock.rows.7.cells.3.setpoint_gap	f:3f5b5ad588d88ff8
clock.rows.7.cells.3.lag_gap	f:3f6233c403f002b7
clock.rows.7.cells.3.tau_f	f:3fceb851eb851eb8
clock.rows.7.cells.3.tau_gov	f:3fa999999999999a
clock.rows.7.cells.3.slope_f	f:3f83cdd650b14367
clock.rows.7.cells.3.slope_r	f:3f60318f5824d7cc
clock.rows.7.cells.3.predicted	s:fuel
clock.rows.7.cells.3.measured	s:fuel
clock.rows.7.cells.3.margin	f:3fcfd1a382afb204
clock.rows.7.cells.4	keys:10
clock.rows.7.cells.4.s	f:3fc8f5c28f5c28f9
clock.rows.7.cells.4.setpoint_gap	f:3f5bfc163afcfd78
clock.rows.7.cells.4.lag_gap	f:3f62374c773a5653
clock.rows.7.cells.4.tau_f	f:3fceb851eb851eb8
clock.rows.7.cells.4.tau_gov	f:3fa999999999999a
clock.rows.7.cells.4.slope_f	f:3f83d32da5074e73
clock.rows.7.cells.4.slope_r	f:3f6051730ffd8a1c
clock.rows.7.cells.4.predicted	s:fuel
clock.rows.7.cells.4.measured	s:fuel
clock.rows.7.cells.4.margin	f:3fcdadbfbcb7d225
clock.rows.7.cells.5	keys:10
clock.rows.7.cells.5.s	f:3fc999999999999d
clock.rows.7.cells.5.setpoint_gap	f:3f5c9d4ca516a2d8
clock.rows.7.cells.5.lag_gap	f:3f623dca90fa7d9f
clock.rows.7.cells.5.tau_f	f:3fceb851eb851eb8
clock.rows.7.cells.5.tau_gov	f:3fa999999999999a
clock.rows.7.cells.5.slope_f	f:3f83dba387995443
clock.rows.7.cells.5.slope_r	f:3f60720a0b214e2c
clock.rows.7.cells.5.predicted	s:fuel
clock.rows.7.cells.5.measured	s:fuel
clock.rows.7.cells.5.margin	f:3fcb9b20e85529b4
clock.rows.7.cells.6	keys:10
clock.rows.7.cells.6.s	f:3fca3d70a3d70a41
clock.rows.7.cells.6.setpoint_gap	f:3f5d3e93c07e59b0
clock.rows.7.cells.6.lag_gap	f:3f6246ae3cd3d68b
clock.rows.7.cells.6.tau_f	f:3fceb851eb851eb8
clock.rows.7.cells.6.tau_gov	f:3fa999999999999a
clock.rows.7.cells.6.slope_f	f:3f83e6a00127e52f
clock.rows.7.cells.6.slope_r	f:3f60933022713a3c
clock.rows.7.cells.6.predicted	s:fuel
clock.rows.7.cells.6.measured	s:fuel
clock.rows.7.cells.6.margin	f:3fc99730aca2968e
clock.rows.7.cells.7	keys:10
clock.rows.7.cells.7.s	f:3fcae147ae147ae5
clock.rows.7.cells.7.setpoint_gap	f:3f5de001714ac360
clock.rows.7.cells.7.lag_gap	f:3f6251842fcb9337
clock.rows.7.cells.7.tau_f	f:3fceb851eb851eb8
clock.rows.7.cells.7.tau_gov	f:3fa999999999999a
clock.rows.7.cells.7.slope_f	f:3f83f3a977fe3c1f
clock.rows.7.cells.7.slope_r	f:3f60b4c87729cecc
clock.rows.7.cells.7.predicted	s:fuel
clock.rows.7.cells.7.measured	s:fuel
clock.rows.7.cells.7.margin	f:3fc79fc6d37986e1
clock.rows.7.cells.8	keys:10
clock.rows.7.cells.8.s	f:3fcb851eb851eb89
clock.rows.7.cells.8.setpoint_gap	f:3f5e81a78a450d90
clock.rows.7.cells.8.lag_gap	f:3f6256b59d14e20b
clock.rows.7.cells.8.tau_f	f:3fceb851eb851eb8
clock.rows.7.cells.8.tau_gov	f:3fa999999999999a
clock.rows.7.cells.8.slope_f	f:3f83fabb9ec17727
clock.rows.7.cells.8.slope_r	f:3f60d4aed5adad3c
clock.rows.7.cells.8.predicted	s:fuel
clock.rows.7.cells.8.measured	s:fuel
clock.rows.7.cells.8.margin	f:3fc589328b0bdde8
clock.rows.7.cells.9	keys:10
clock.rows.7.cells.9.s	f:3fcc28f5c28f5c2d
clock.rows.7.cells.9.setpoint_gap	f:3f5f2302b728afd8
clock.rows.7.cells.9.lag_gap	f:3f61937f7137bb57
clock.rows.7.cells.9.tau_f	f:3fceb851eb851eb8
clock.rows.7.cells.9.tau_gov	f:3fa999999999999a
clock.rows.7.cells.9.slope_f	f:3f832e0c0e7ce0fb
clock.rows.7.cells.9.slope_r	f:3f60baf2a4363ccc
clock.rows.7.cells.9.predicted	s:fuel
clock.rows.7.cells.9.measured	s:gov
clock.rows.7.cells.9.margin	f:3fbd3e64df4e7c10
clock.rows.7.cells.10	keys:10
clock.rows.7.cells.10.s	f:3fccccccccccccd1
clock.rows.7.cells.10.setpoint_gap	f:3f5fb4cc9c9fe0e8
clock.rows.7.cells.10.lag_gap	f:3f5f646c66de2768
clock.rows.7.cells.10.tau_f	f:3fceb851eb851eb8
clock.rows.7.cells.10.tau_gov	f:3fa999999999999a
clock.rows.7.cells.10.slope_f	f:3f8132fc72224780
clock.rows.7.cells.10.slope_r	f:3f604d19577e391c
clock.rows.7.cells.10.predicted	s:gov
clock.rows.7.cells.10.measured	s:gov
clock.rows.7.cells.10.margin	f:bf8447b6147344e7
clock.rows.7.cells.11	keys:10
clock.rows.7.cells.11.s	f:3fcd70a3d70a3d75
clock.rows.7.cells.11.setpoint_gap	f:3f6017e4cd599288
clock.rows.7.cells.11.lag_gap	f:3f5b5065c397fe10
clock.rows.7.cells.11.tau_f	f:3fceb851eb851eb8
clock.rows.7.cells.11.tau_gov	f:3fa999999999999a
clock.rows.7.cells.11.slope_f	f:3f7e1957d6c4ac30
clock.rows.7.cells.11.slope_r	f:3f5f9ea33a137718
clock.rows.7.cells.11.predicted	s:gov
clock.rows.7.cells.11.measured	s:gov
clock.rows.7.cells.11.margin	f:bfc3609f5dc464b2
clock.rows.7.cells.12	keys:10
clock.rows.7.cells.12.s	f:3fce147ae147ae19
clock.rows.7.cells.12.setpoint_gap	f:3f604c0886cc186c
clock.rows.7.cells.12.lag_gap	f:3f57f74efc41d601
clock.rows.7.cells.12.tau_f	f:3fceb851eb851eb8
clock.rows.7.cells.12.tau_gov	f:3fa999999999999a
clock.rows.7.cells.12.slope_f	f:3f7a91ca09501771
clock.rows.7.cells.12.slope_r	f:3f5ed02e97437058
clock.rows.7.cells.12.predicted	s:gov
clock.rows.7.cells.12.measured	s:gov
clock.rows.7.cells.12.margin	f:bfd0f1025072ddbc
clock.rows.7.cells.13	keys:10
clock.rows.7.cells.13.s	f:3fceb851eb851ebd
clock.rows.7.cells.13.setpoint_gap	f:3f60787d170513b8
clock.rows.7.cells.13.lag_gap	f:3f5536d715fd37da
clock.rows.7.cells.13.tau_f	f:3fceb851eb851eb8
clock.rows.7.cells.13.tau_gov	f:3fa999999999999a
clock.rows.7.cells.13.slope_f	f:3f77ab1fe3a8f13a
clock.rows.7.cells.13.slope_r	f:3f5e26635b49ba78
clock.rows.7.cells.13.predicted	s:gov
clock.rows.7.cells.13.measured	s:gov
clock.rows.7.cells.13.margin	f:bfd6c8b2d2348ee7
clock.rows.7.cells.14	keys:10
clock.rows.7.cells.14.s	f:3fcf5c28f5c28f61
clock.rows.7.cells.14.setpoint_gap	f:3f609e9fb5224e3c
clock.rows.7.cells.14.lag_gap	f:3f52f300ca9694b1
clock.rows.7.cells.14.tau_f	f:3fceb851eb851eb8
clock.rows.7.cells.14.tau_gov	f:3fa999999999999a
clock.rows.7.cells.14.slope_f	f:3f7547d6182d78ab
clock.rows.7.cells.14.slope_r	f:3f5d9a652fa56ef0
clock.rows.7.cells.14.predicted	s:gov
clock.rows.7.cells.14.measured	s:gov
clock.rows.7.cells.14.margin	f:bfdb83b5f620595e
clock.rows.7.cells.15	keys:10
clock.rows.7.cells.15.s	f:3fd0000000000002
clock.rows.7.cells.15.setpoint_gap	f:3f60bf8daa77144c
clock.rows.7.cells.15.lag_gap	f:3f5114fb439f5100
clock.rows.7.cells.15.tau_f	f:3fceb851eb851eb8
clock.rows.7.cells.15.tau_gov	f:3fa999999999999a
clock.rows.7.cells.15.slope_f	f:3f734fde25074e12
clock.rows.7.cells.15.slope_r	f:3f5d26a17e8053af
clock.rows.7.cells.15.predicted	s:gov
clock.rows.7.cells.15.measured	s:gov
clock.rows.7.cells.15.margin	f:bfdf5cc6ec3d650e
clock.rows.7.cells.16	keys:10
clock.rows.7.cells.16.s	f:3fd051eb851eb854
clock.rows.7.cells.16.setpoint_gap	f:3f60dc30249a214c
clock.rows.7.cells.16.lag_gap	f:3f4f145defbac979
clock.rows.7.cells.16.tau_f	f:3fceb851eb851eb8
clock.rows.7.cells.16.tau_gov	f:3fa999999999999a
clock.rows.7.cells.16.slope_f	f:3f71af9dda83876c
clock.rows.7.cells.16.slope_r	f:3f5cc691d2f7e2f9
clock.rows.7.cells.16.predicted	s:gov
clock.rows.7.cells.16.measured	s:gov
clock.rows.7.cells.16.margin	f:bfe140c2ef3ca47a
clock.rows.7.cells.17	keys:10
clock.rows.7.cells.17.s	f:3fd0a3d70a3d70a6
clock.rows.7.cells.17.setpoint_gap	f:3f60f545da94a164
clock.rows.7.cells.17.lag_gap	f:3f4c86ec37de86a9
clock.rows.7.cells.17.tau_f	f:3fceb851eb851eb8
clock.rows.7.cells.17.tau_gov	f:3fa999999999999a
clock.rows.7.cells.17.slope_f	f:3f70571cdc73d124
clock.rows.7.cells.17.slope_r	f:3f5c76898d31a019
clock.rows.7.cells.17.predicted	s:gov
clock.rows.7.cells.17.measured	s:gov
clock.rows.7.cells.17.margin	f:bfe28ad6ade57b4a
clock.rows.7.cells.18	keys:10
clock.rows.7.cells.18.s	f:3fd0f5c28f5c28f8
clock.rows.7.cells.18.setpoint_gap	f:3f610b6ae995cc5c
clock.rows.7.cells.18.lag_gap	f:3f4a68f2820f6459
clock.rows.7.cells.18.tau_f	f:3fceb851eb851eb8
clock.rows.7.cells.18.tau_gov	f:3fa999999999999a
clock.rows.7.cells.18.slope_f	f:3f6e72b09fad34a8
clock.rows.7.cells.18.slope_r	f:3f5c338ce84b4139
clock.rows.7.cells.18.predicted	s:gov
clock.rows.7.cells.18.measured	s:gov
clock.rows.7.cells.18.margin	f:bfe39ab3f7cfd884
clock.rows.7.cells.19	keys:10
clock.rows.7.cells.19.s	f:3fd147ae147ae14a
clock.rows.7.cells.19.setpoint_gap	f:3f611f1f3c4bbf08
clock.rows.7.cells.19.lag_gap	f:3f48a653ad1f45fa
clock.rows.7.cells.19.tau_f	f:3fceb851eb851eb8
clock.rows.7.cells.19.tau_gov	f:3fa999999999999a
clock.rows.7.cells.19.slope_f	f:3f6c976c201dfec9
clock.rows.7.cells.19.slope_r	f:3f5bfb2fa44d9ef9
clock.rows.7.cells.19.predicted	s:gov
clock.rows.7.cells.19.measured	s:gov
clock.rows.7.cells.19.margin	f:bfe47b850395acf9
clock.rows.7.cells.20	keys:10
clock.rows.7.cells.20.s	f:3fd199999999999c
clock.rows.7.cells.20.setpoint_gap	f:3f6130cbc167a150
clock.rows.7.cells.20.lag_gap	f:3f472eaa852c162a
clock.rows.7.cells.20.tau_f	f:3fceb851eb851eb8
clock.rows.7.cells.20.tau_gov	f:3fa999999999999a
clock.rows.7.cells.20.slope_f	f:3f6b0b23a8f92fc9
clock.rows.7.cells.20.slope_r	f:3f5bcb79ef38ed19
clock.rows.7.cells.20.predicted	s:gov
clock.rows.7.cells.20.measured	s:gov
clock.rows.7.cells.20.margin	f:bfe5362ea9c85945
clock.rows.7.cells.21	keys:10
clock.rows.7.cells.21.s	f:3fd1eb851eb851ee
clock.rows.7.cells.21.setpoint_gap	f:3f6140c6a996e9d8
clock.rows.7.cells.21.lag_gap	f:3f45f4984a49f32b
clock.rows.7.cells.21.tau_f	f:3fceb851eb851eb8
clock.rows.7.cells.21.tau_gov	f:3fa999999999999a
clock.rows.7.cells.21.slope_f	f:3f69bfbf380e6a6a
clock.rows.7.cells.21.slope_r	f:3f5ba2d26673b119
clock.rows.7.cells.21.predicted	s:gov
clock.rows.7.cells.21.measured	s:gov
clock.rows.7.cells.21.margin	f:bfe5d1ce2758e230
clock.rows.7.cells.22	keys:10
clock.rows.7.cells.22.s	f:3fd23d70a3d70a40
clock.rows.7.cells.22.setpoint_gap	f:3f614f56db0d9888
clock.rows.7.cells.22.lag_gap	f:3f44ed34375d58bb
clock.rows.7.cells.22.tau_f	f:3fceb851eb851eb8
clock.rows.7.cells.22.tau_gov	f:3fa999999999999a
clock.rows.7.cells.22.slope_f	f:3f68a9bf002ab0ca
clock.rows.7.cells.22.slope_r	f:3f5b7fec3e5ac379
clock.rows.7.cells.22.predicted	s:gov
clock.rows.7.cells.22.measured	s:gov
clock.rows.7.cells.22.margin	f:bfe654198daae9c8
clock.rows.7.cells.23	keys:10
clock.rows.7.cells.23.s	f:3fd28f5c28f5c292
clock.rows.7.cells.23.setpoint_gap	f:3f615cb6c051c43c
clock.rows.7.cells.23.lag_gap	f:3f440f95fb928bfb
clock.rows.7.cells.23.tau_f	f:3fceb851eb851eb8
clock.rows.7.cells.23.tau_gov	f:3fa999999999999a
clock.rows.7.cells.23.slope_f	f:3f67bfbf7b0a60fa
clock.rows.7.cells.23.slope_r	f:3f5b61b8c976f7f9
clock.rows.7.cells.23.predicted	s:gov
clock.rows.7.cells.23.measured	s:gov
clock.rows.7.cells.23.margin	f:bfe6c1aa5cf9de58
clock.rows.7.cells.24	keys:10
clock.rows.7.cells.24.s	f:3fd2e147ae147ae4
clock.rows.7.cells.24.setpoint_gap	f:3f616916910943c8
clock.rows.7.cells.24.lag_gap	f:3f4354762c7f7b7b
clock.rows.7.cells.24.tau_f	f:3fceb851eb851eb8
clock.rows.7.cells.24.tau_gov	f:3fa999999999999a
clock.rows.7.cells.24.slope_f	f:3f66fa14a76435ca
clock.rows.7.cells.24.slope_r	f:3f5b475bbd2d97f9
clock.rows.7.cells.24.predicted	s:gov
clock.rows.7.cells.24.measured	s:gov
clock.rows.7.cells.24.margin	f:bfe71e37a8e46516
clock.rows.7.cells.25	keys:10
clock.rows.7.cells.25.s	f:3fd3333333333336
clock.rows.7.cells.25.setpoint_gap	f:3f61749e2dd8f0d0
clock.rows.7.cells.25.lag_gap	f:3f42b5e09ca8bc7b
clock.rows.7.cells.25.tau_f	f:3fceb851eb851eb8
clock.rows.7.cells.25.tau_gov	f:3fa999999999999a
clock.rows.7.cells.25.slope_f	f:3f665278257d6e3a
clock.rows.7.cells.25.slope_r	f:3f5b3021afb65ef9
clock.rows.7.cells.25.predicted	s:gov
clock.rows.7.cells.25.measured	s:gov
clock.rows.7.cells.25.margin	f:bfe76cc3b241168c
clock.rows.7.cells.26	keys:10
clock.rows.7.cells.26.s	f:3fd3851eb851eb88
clock.rows.7.cells.26.setpoint_gap	f:3f617f6ea3bb86f8
clock.rows.7.cells.26.lag_gap	f:3f422ef5408d10ac
clock.rows.7.cells.26.tau_f	f:3fceb851eb851eb8
clock.rows.7.cells.26.tau_gov	f:3fa999999999999a
clock.rows.7.cells.26.slope_f	f:3f65c3c6ada152eb
clock.rows.7.cells.26.slope_r	f:3f5b1b7863bd4219
clock.rows.7.cells.26.predicted	s:gov
clock.rows.7.cells.26.measured	s:gov
clock.rows.7.cells.26.margin	f:bfe7afbfdbe5a450
clock.rows.7.cells.27	keys:10
clock.rows.7.cells.27.s	f:3fd3d70a3d70a3da
clock.rows.7.cells.27.setpoint_gap	f:3f6189a36767b008
clock.rows.7.cells.27.lag_gap	f:3f41bbb4e94ed8ec
clock.rows.7.cells.27.tau_f	f:3fceb851eb851eb8
clock.rows.7.cells.27.tau_gov	f:3fa999999999999a
clock.rows.7.cells.27.slope_f	f:3f6549ca016d3d7b
clock.rows.7.cells.27.slope_r	f:3f5b08e88a376e99
clock.rows.7.cells.27.predicted	s:gov
clock.rows.7.cells.27.measured	s:gov
clock.rows.7.cells.27.margin	f:bfe7e92925a09e2d
clock.rows.7.cells.28	keys:10
clock.rows.7.cells.28.s	f:3fd428f5c28f5c2c
clock.rows.7.cells.28.setpoint_gap	f:3f61935356417664
clock.rows.7.cells.28.lag_gap	f:3f4158d79d00447c
clock.rows.7.cells.28.tau_f	f:3fceb851eb851eb8
clock.rows.7.cells.28.tau_gov	f:3fa999999999999a
clock.rows.7.cells.28.slope_f	f:3f64e10d00e5f7fb
clock.rows.7.cells.28.slope_r	f:3f5af810b369d2f9
clock.rows.7.cells.28.predicted	s:gov
clock.rows.7.cells.28.measured	s:gov
clock.rows.7.cells.28.margin	f:bfe81a9ed1b704b6
clock.rows.7.cells.29	keys:10
clock.rows.7.cells.29.s	f:3fd47ae147ae147e
clock.rows.7.cells.29.setpoint_gap	f:3f619c9187cc04a8
clock.rows.7.cells.29.lag_gap	f:3f4103aabe4a696c
clock.rows.7.cells.29.tau_f	f:3fceb851eb851eb8
clock.rows.7.cells.29.tau_gov	f:3fa999999999999a
clock.rows.7.cells.29.slope_f	f:3f6486b7fbcb765b
clock.rows.7.cells.29.slope_r	f:3f5ae8a13585eb99
clock.rows.7.cells.29.predicted	s:gov
clock.rows.7.cells.29.measured	s:gov
clock.rows.7.cells.29.margin	f:bfe845747621f811
clock.rows.7.cells.30	keys:10
clock.rows.7.cells.30.s	f:3fd4ccccccccccd0
clock.rows.7.cells.30.setpoint_gap	f:3f61a56df8818c28
clock.rows.7.cells.30.lag_gap	f:3f40b9f58b726fac
clock.rows.7.cells.30.tau_f	f:3fceb851eb851eb8
clock.rows.7.cells.30.tau_gov	f:3fa999999999999a
clock.rows.7.cells.30.slope_f	f:3f643873b2a6216b
clock.rows.7.cells.30.slope_r	f:3f5ada58da28e419
clock.rows.7.cells.30.predicted	s:gov
clock.rows.7.cells.30.measured	s:gov
clock.rows.7.cells.30.margin	f:bfe86ac0712c9e0e
clock.rows.7.cells.31	keys:10
clock.rows.7.cells.31.s	f:3fd51eb851eb8522
clock.rows.7.cells.31.setpoint_gap	f:3f61adf6154aea40
clock.rows.7.cells.31.lag_gap	f:3f4079e2c33c324c
clock.rows.7.cells.31.tau_f	f:3fceb851eb851eb8
clock.rows.7.cells.31.tau_gov	f:3fa999999999999a
clock.rows.7.cells.31.slope_f	f:3f63f451c561637b
clock.rows.7.cells.31.slope_r	f:3f5acd022ce690d9
clock.rows.7.cells.31.predicted	s:gov
clock.rows.7.cells.31.measured	s:gov
clock.rows.7.cells.31.margin	f:bfe88b6781b111ba
clock.rows.7.cells.32	keys:10
clock.rows.7.cells.32.s	f:3fd570a3d70a3d74
clock.rows.7.cells.32.setpoint_gap	f:3f61b6352d74918c
clock.rows.7.cells.32.lag_gap	f:3f4041ee7784359c
clock.rows.7.cells.32.tau_f	f:3fceb851eb851eb8
clock.rows.7.cells.32.tau_gov	f:3fa999999999999a
clock.rows.7.cells.32.slope_f	f:3f63b8b989c519cb
clock.rows.7.cells.32.slope_r	f:3f5ac0714c3a12b9
clock.rows.7.cells.32.predicted	s:gov
clock.rows.7.cells.32.measured	s:gov
clock.rows.7.cells.32.margin	f:bfe8a826192b45cd
clock.rows.7.cells.33	keys:10
clock.rows.7.cells.33.s	f:3fd5c28f5c28f5c6
clock.rows.7.cells.33.setpoint_gap	f:3f61be34cfe3a2bc
clock.rows.7.cells.33.lag_gap	f:3f4010d74429889c
clock.rows.7.cells.33.tau_f	f:3fceb851eb851eb8
clock.rows.7.cells.33.tau_gov	f:3fa999999999999a
clock.rows.7.cells.33.slope_f	f:3f638458756c758b
clock.rows.7.cells.33.slope_r	f:3f5ab482240b78b9
clock.rows.7.cells.33.predicted	s:gov
clock.rows.7.cells.33.measured	s:gov
clock.rows.7.cells.33.margin	f:bfe8c197dd9ae096
clock.rows.7.cells.34	keys:10
clock.rows.7.cells.34.s	f:3fd6147ae147ae18
clock.rows.7.cells.34.setpoint_gap	f:3f61c5fd1768cbb8
clock.rows.7.cells.34.lag_gap	f:3f3fcb248d8e24f7
clock.rows.7.cells.34.tau_f	f:3fceb851eb851eb8
clock.rows.7.cells.34.tau_gov	f:3fa999999999999a
clock.rows.7.cells.34.slope_f	f:3f6356156ed22bfb
clock.rows.7.cells.34.slope_r	f:3f5aa916fdb486f9
clock.rows.7.cells.34.predicted	s:gov
clock.rows.7.cells.34.measured	s:gov
clock.rows.7.cells.34.margin	f:bfe8d83db851f83e
clock.rows.7.cells.35	keys:10
clock.rows.7.cells.35.s	f:3fd666666666666a
clock.rows.7.cells.35.setpoint_gap	f:3f61cd94e95431dc
clock.rows.7.cells.35.lag_gap	f:3f3f7e82a53375d7
clock.rows.7.cells.35.tau_f	f:3fceb851eb851eb8
clock.rows.7.cells.35.tau_gov	f:3fa999999999999a
clock.rows.7.cells.35.slope_f	f:3f632d067997174b
clock.rows.7.cells.35.slope_r	f:3f5a9e175542c599
clock.rows.7.cells.35.predicted	s:gov
clock.rows.7.cells.35.measured	s:gov
clock.rows.7.cells.35.margin	f:bfe8ec82bb7220eb
clock.rows.7.cells.36	keys:10
clock.rows.7.cells.36.s	f:3fd6b851eb851ebc
clock.rows.7.cells.36.setpoint_gap	f:3f61d50228d6c5d8
clock.rows.7.cells.36.lag_gap	f:3f3f3a55ea0df997
clock.rows.7.cells.36.tau_f	f:3fceb851eb851eb8
clock.rows.7.cells.36.tau_gov	f:3fa999999999999a
clock.rows.7.cells.36.slope_f	f:3f6308684c9cc54b
clock.rows.7.cells.36.slope_r	f:3f5a936ee6ce52d9
clock.rows.7.cells.36.predicted	s:gov
clock.rows.7.cells.36.measured	s:gov
clock.rows.7.cells.36.margin	f:bfe8fec018b1ca25
clock.rows.7.cells.37	keys:10
clock.rows.7.cells.37.s	f:3fd70a3d70a3d70e
clock.rows.7.cells.37.setpoint_gap	f:3f61dc49e142cf94
clock.rows.7.cells.37.lag_gap	f:3f3efd67e6dd7a17
clock.rows.7.cells.37.tau_f	f:3fceb851eb851eb8
clock.rows.7.cells.37.tau_gov	f:3fa999999999999a
clock.rows.7.cells.37.slope_f	f:3f62e79775df379b
clock.rows.7.cells.37.slope_r	f:3f5a890ce93eb359
clock.rows.7.cells.37.predicted	s:gov
clock.rows.7.cells.37.measured	s:gov
clock.rows.7.cells.37.margin	f:bfe90f40582a9dae
clock.rows.7.cells.38	keys:10
clock.rows.7.cells.38.s	f:3fd75c28f5c28f60
clock.rows.7.cells.38.setpoint_gap	f:3f61e37068d9f8b4
clock.rows.7.cells.38.lag_gap	f:3f40331551bc70ac
clock.rows.7.cells.38.tau_f	f:3fceb851eb851eb8
clock.rows.7.cells.38.tau_gov	f:3fa999999999999a
clock.rows.7.cells.38.slope_f	f:3f63a179f40864bb
clock.rows.7.cells.38.slope_r	f:3f5a75bd8ef42d19
clock.rows.7.cells.38.predicted	s:gov
clock.rows.7.cells.38.measured	s:gov
clock.rows.7.cells.38.margin	f:bfe8c15b49650c5b
clock.rows.8	keys:20
clock.rows.8.coord	s:demand
clock.rows.8.tau_f	f:3fb47ae147ae147b
clock.rows.8.tau_gov	f:3fc999999999999a
clock.rows.8.tau_q	f:3fa999999999999a
clock.rows.8.tau_s	f:3fa999999999999a
clock.rows.8.phi_lim	f:3fe8000000000000
clock.rows.8.phi_air	f:3fe8a3d70a3d70a4
clock.rows.8.max_Tt4	f:40929c3fed46fb23
clock.rows.8.riding4_valid	b:1
clock.rows.8.n_riding4	i:36
clock.rows.8.census	keys:2
clock.rows.8.census.fuel	i:5
clock.rows.8.census.gov	i:31
clock.rows.8.n_fuel	i:5
clock.rows.8.n_gov	i:31
clock.rows.8.n_scored	i:36
clock.rows.8.n_edge	i:0
clock.rows.8.n_agree	i:36
clock.rows.8.agreement	f:3ff0000000000000
clock.rows.8.worst_miss	n
clock.rows.8.min_margin	f:3fa5b9c73310c591
clock.rows.8.cells	len:36
clock.rows.8.cells.0	keys:10
clock.rows.8.cells.0.s	f:3fc6666666666669
clock.rows.8.cells.0.setpoint_gap	f:3f59755edb09caa8
clock.rows.8.cells.0.lag_gap	f:3f5fc4ecf82d6578
clock.rows.8.cells.0.tau_f	f:3fceb851eb851eb8
clock.rows.8.cells.0.tau_gov	f:3fc999999999999a
clock.rows.8.cells.0.slope_f	f:3f83d8eb226a75f3
clock.rows.8.cells.0.slope_r	f:3f5fb030718170f8
clock.rows.8.cells.0.predicted	s:fuel
clock.rows.8.cells.0.measured	s:fuel
clock.rows.8.cells.0.margin	f:3fc96d28d6e213bf
clock.rows.8.cells.1	keys:10
clock.rows.8.cells.1.s	f:3fc70a3d70a3d70d
clock.rows.8.cells.1.setpoint_gap	f:3f5a17a810283a70
clock.rows.8.cells.1.lag_gap	f:3f5fa7be53a26158
clock.rows.8.cells.1.tau_f	f:3fceb851eb851eb8
clock.rows.8.cells.1.tau_gov	f:3fc999999999999a
clock.rows.8.cells.1.slope_f	f:3f83cfaa3dc3cbd7
clock.rows.8.cells.1.slope_r	f:3f5fe944485ef158
clock.rows.8.cells.1.predicted	s:fuel
clock.rows.8.cells.1.measured	s:fuel
clock.rows.8.cells.1.margin	f:3fc67e62c76ed343
clock.rows.8.cells.2	keys:10
clock.rows.8.cells.2.s	f:3fc7ae147ae147b1
clock.rows.8.cells.2.setpoint_gap	f:3f5ab9693b6a6d08
clock.rows.8.cells.2.lag_gap	f:3f5f956d3f27e938
clock.rows.8.cells.2.tau_f	f:3fceb851eb851eb8
clock.rows.8.cells.2.tau_gov	f:3fc999999999999a
clock.rows.8.cells.2.slope_f	f:3f83cc5b6e4fd72f
clock.rows.8.cells.2.slope_r	f:3f60128c26cea83c
clock.rows.8.cells.2.predicted	s:fuel
clock.rows.8.cells.2.measured	s:fuel
clock.rows.8.cells.2.margin	f:3fc3b1a6d8dc6e9d
clock.rows.8.cells.3	keys:10
clock.rows.8.cells.3.s	f:3fc851eb851eb855
clock.rows.8.cells.3.setpoint_gap	f:3f5b5ad588d88ff8
clock.rows.8.cells.3.lag_gap	f:3f5f8bdd07082b18
clock.rows.8.cells.3.tau_f	f:3fceb851eb851eb8
clock.rows.8.cells.3.tau_gov	f:3fc999999999999a
clock.rows.8.cells.3.slope_f	f:3f83cdd650b14367
clock.rows.8.cells.3.slope_r	f:3f60318f5824d7cc
clock.rows.8.cells.3.predicted	s:fuel
clock.rows.8.cells.3.measured	s:fuel
clock.rows.8.cells.3.margin	f:3fc101d73b3bcfa8
clock.rows.8.cells.4	keys:10
clock.rows.8.cells.4.s	f:3fc8f5c28f5c28f9
clock.rows.8.cells.4.setpoint_gap	f:3f5bfc163afcfd78
clock.rows.8.cells.4.lag_gap	f:3f5eac2efe186a18
clock.rows.8.cells.4.tau_f	f:3fceb851eb851eb8
clock.rows.8.cells.4.tau_gov	f:3fc999999999999a
clock.rows.8.cells.4.slope_f	f:3f835908d08c861b
clock.rows.8.cells.4.slope_r	f:3f60301b3a98adac
clock.rows.8.cells.4.predicted	s:fuel
clock.rows.8.cells.4.measured	s:fuel
clock.rows.8.cells.4.margin	f:3fb66f008d02a45e
clock.rows.8.cells.5	keys:10
clock.rows.8.cells.5.s	f:3fc999999999999d
clock.rows.8.cells.5.setpoint_gap	f:3f5c9431daeafda0
clock.rows.8.cells.5.lag_gap	f:3f5b5dbf24f9ad1a
clock.rows.8.cells.5.tau_f	f:3fceb851eb851eb8
clock.rows.8.cells.5.tau_gov	f:3fc999999999999a
clock.rows.8.cells.5.slope_f	f:3f818bfa6bfc3ee0
clock.rows.8.cells.5.slope_r	f:3f5f9e41ed61fa18
clock.rows.8.cells.5.predicted	s:gov
clock.rows.8.cells.5.measured	s:gov
clock.rows.8.cells.5.margin	f:bfa5b9c73310c591
clock.rows.8.cells.6	keys:10
clock.rows.8.cells.6.s	f:3fca3d70a3d70a41
clock.rows.8.cells.6.setpoint_gap	f:3f5d1280a517deb8
clock.rows.8.cells.6.lag_gap	f:3f56d481ebed7d7a
clock.rows.8.cells.6.tau_f	f:3fceb851eb851eb8
clock.rows.8.cells.6.tau_gov	f:3fc999999999999a
clock.rows.8.cells.6.slope_f	f:3f7e2057617c6dd0
clock.rows.8.cells.6.slope_r	f:3f5e74b36b7e9bb8
clock.rows.8.cells.6.predicted	s:gov
clock.rows.8.cells.6.measured	s:gov
clock.rows.8.cells.6.margin	f:bfcb7baf43e9f05e
clock.rows.8.cells.7	keys:10
clock.rows.8.cells.7.s	f:3fcae147ae147ae5
clock.rows.8.cells.7.setpoint_gap	f:3f5d7ab8ad1a38c8
clock.rows.8.cells.7.lag_gap	f:3f53071279ba651b
clock.rows.8.cells.7.tau_f	f:3fceb851eb851eb8
clock.rows.8.cells.7.tau_gov	f:3fc999999999999a
clock.rows.8.cells.7.slope_f	f:3f79f60295afa61a
clock.rows.8.cells.7.slope_r	f:3f5d797cd440bd59
clock.rows.8.cells.7.predicted	s:gov
clock.rows.8.cells.7.measured	s:gov
clock.rows.8.cells.7.margin	f:bfd6b0dbc7e482e4
clock.rows.8.cells.8	keys:10
clock.rows.8.cells.8.s	f:3fcb851eb851eb89
clock.rows.8.cells.8.setpoint_gap	f:3f5dd0e35709c4c0
clock.rows.8.cells.8.lag_gap	f:3f4fd772c7fc0ab6
clock.rows.8.cells.8.tau_f	f:3fceb851eb851eb8
clock.rows.8.cells.8.tau_gov	f:3fc999999999999a
clock.rows.8.cells.8.slope_f	f:3f768e93c98f00c2
clock.rows.8.cells.8.slope_r	f:3f5cab59a051e8d9
clock.rows.8.cells.8.predicted	s:gov
clock.rows.8.cells.8.measured	s:gov
clock.rows.8.cells.8.margin	f:bfddd374771991e7
clock.rows.8.cells.9	keys:10
clock.rows.8.cells.9.s	f:3fcc28f5c28f5c2d
clock.rows.8.cells.9.setpoint_gap	f:3f5e184f9c8585d8
clock.rows.8.cells.9.lag_gap	f:3f4ac4961f4ae8f8
clock.rows.8.cells.9.tau_f	f:3fceb851eb851eb8
clock.rows.8.cells.9.tau_gov	f:3fc999999999999a
clock.rows.8.cells.9.slope_f	f:3f73c6d0724796eb
clock.rows.8.cells.9.slope_r	f:3f5c020ad64f8df9
clock.rows.8.cells.9.predicted	s:gov
clock.rows.8.cells.9.measured	s:gov
clock.rows.8.cells.9.margin	f:bfe1c4d1d8315053
clock.rows.8.cells.10	keys:10
clock.rows.8.cells.10.s	f:3fccccccccccccd1
clock.rows.8.cells.10.setpoint_gap	f:3f5e53b33fddc1b0
clock.rows.8.cells.10.lag_gap	f:3f46a0b43cecf17a
clock.rows.8.cells.10.tau_f	f:3fceb851eb851eb8
clock.rows.8.cells.10.tau_gov	f:3fc999999999999a
clock.rows.8.cells.10.slope_f	f:3f7181c92ccf4fa4
clock.rows.8.cells.10.slope_r	f:3f5b76cfd85f88f9
clock.rows.8.cells.10.predicted	s:gov
clock.rows.8.cells.10.measured	s:gov
clock.rows.8.cells.10.margin	f:bfe40fdd7155b941
clock.rows.8.cells.11	keys:10
clock.rows.8.cells.11.s	f:3fcd70a3d70a3d75
clock.rows.8.cells.11.setpoint_gap	f:3f5e8546384f6b80
clock.rows.8.cells.11.lag_gap	f:3f43406cda47833a
clock.rows.8.cells.11.tau_f	f:3fceb851eb851eb8
clock.rows.8.cells.11.tau_gov	f:3fc999999999999a
clock.rows.8.cells.11.slope_f	f:3f6f4f7f9fef0908
clock.rows.8.cells.11.slope_r	f:3f5b04222af14d99
clock.rows.8.cells.11.predicted	s:gov
clock.rows.8.cells.11.measured	s:gov
clock.rows.8.cells.11.margin	f:bfe5e85784ed9cfd
clock.rows.8.cells.12	keys:10
clock.rows.8.cells.12.s	f:3fce147ae147ae19
clock.rows.8.cells.12.setpoint_gap	f:3f5eaed94ce01fd0
clock.rows.8.cells.12.lag_gap	f:3f40802e4a7f997c
clock.rows.8.cells.12.tau_f	f:3fceb851eb851eb8
clock.rows.8.cells.12.tau_gov	f:3fc999999999999a
clock.rows.8.cells.12.slope_f	f:3f6c4a79a8ff5089
clock.rows.8.cells.12.slope_r	f:3f5aa57d0e8c27f9
clock.rows.8.cells.12.predicted	s:gov
clock.rows.8.cells.12.measured	s:gov
clock.rows.8.cells.12.margin	f:bfe76540c4eccaf1
clock.rows.8.cells.13	keys:10
clock.rows.8.cells.13.s	f:3fceb851eb851ebd
clock.rows.8.cells.13.setpoint_gap	f:3f5ed1e8aebea508
clock.rows.8.cells.13.lag_gap	f:3f3c85a53ac1cc79
clock.rows.8.cells.13.tau_f	f:3fceb851eb851eb8
clock.rows.8.cells.13.tau_gov	f:3fc999999999999a
clock.rows.8.cells.13.slope_f	f:3f69d499a369484a
clock.rows.8.cells.13.slope_r	f:3f5a572efebda119
clock.rows.8.cells.13.predicted	s:gov
clock.rows.8.cells.13.measured	s:gov
clock.rows.8.cells.13.margin	f:bfe898b25fa9fa70
clock.rows.8.cells.14	keys:10
clock.rows.8.cells.14.s	f:3fcf5c28f5c28f61
clock.rows.8.cells.14.setpoint_gap	f:3f5eefab435b36b0
clock.rows.8.cells.14.lag_gap	f:3f38e0f449681f8c
clock.rows.8.cells.14.tau_f	f:3fceb851eb851eb8
clock.rows.8.cells.14.tau_gov	f:3fc999999999999a
clock.rows.8.cells.14.slope_f	f:3f67d3bf540f7c7d
clock.rows.8.cells.14.slope_r	f:3f5a16336dfc9cee
clock.rows.8.cells.14.predicted	s:gov
clock.rows.8.cells.14.measured	s:gov
clock.rows.8.cells.14.margin	f:bfe991027967312a
clock.rows.8.cells.15	keys:10
clock.rows.8.cells.15.s	f:3fd0000000000002
clock.rows.8.cells.15.setpoint_gap	f:3f5f091f31e2d408
clock.rows.8.cells.15.lag_gap	f:3f35eb329798c30a
clock.rows.8.cells.15.tau_f	f:3fceb851eb851eb8
clock.rows.8.cells.15.tau_gov	f:3fc999999999999a
clock.rows.8.cells.15.slope_f	f:3f663287bd9278dc
clock.rows.8.cells.15.slope_r	f:3f59e0135646fb0e
clock.rows.8.cells.15.predicted	s:gov
clock.rows.8.cells.15.measured	s:gov
clock.rows.8.cells.15.margin	f:bfea599c8c752433
clock.rows.8.cells.16	keys:10
clock.rows.8.cells.16.s	f:3fd051eb851eb854
clock.rows.8.cells.16.setpoint_gap	f:3f5f1f142f3eb698
clock.rows.8.cells.16.lag_gap	f:3f3384624b3c5ffa
clock.rows.8.cells.16.tau_f	f:3fceb851eb851eb8
clock.rows.8.cells.16.tau_gov	f:3fc999999999999a
clock.rows.8.cells.16.slope_f	f:3f64df72a029e0cb
clock.rows.8.cells.16.slope_r	f:3f59b2cb6f25d6ba
clock.rows.8.cells.16.predicted	s:gov
clock.rows.8.cells.16.measured	s:gov
clock.rows.8.cells.16.margin	f:bfeafba3f0023e0f
clock.rows.8.cells.17	keys:10
clock.rows.8.cells.17.s	f:3fd0a3d70a3d70a6
clock.rows.8.cells.17.setpoint_gap	f:3f5f3233eedb9b80
clock.rows.8.cells.17.lag_gap	f:3f319256cd95307a
clock.rows.8.cells.17.tau_f	f:3fceb851eb851eb8
clock.rows.8.cells.17.tau_gov	f:3fc999999999999a
clock.rows.8.cells.17.slope_f	f:3f63cc2ecfcb726b
clock.rows.8.cells.17.slope_r	f:3f598cb70b542f9a
clock.rows.8.cells.17.predicted	s:gov
clock.rows.8.cells.17.measured	s:gov
clock.rows.8.cells.17.margin	f:bfeb7e6f8ac8eb1d
clock.rows.8.cells.18	keys:10
clock.rows.8.cells.18.s	f:3fd0f5c28f5c28f8
clock.rows.8.cells.18.setpoint_gap	f:3f5f43090ce33868
clock.rows.8.cells.18.lag_gap	f:3f2fff4ea9075df4
clock.rows.8.cells.18.tau_f	f:3fceb851eb851eb8
clock.rows.8.cells.18.tau_gov	f:3fc999999999999a
clock.rows.8.cells.18.slope_f	f:3f62ed06a5da92eb
clock.rows.8.cells.18.slope_r	f:3f596c7ecace5f7a
clock.rows.8.cells.18.predicted	s:gov
clock.rows.8.cells.18.measured	s:gov
clock.rows.8.cells.18.margin	f:bfebe7e90bb8df94
clock.rows.8.cells.19	keys:10
clock.rows.8.cells.19.s	f:3fd147ae147ae14a
clock.rows.8.cells.19.setpoint_gap	f:3f5f5204b7d3acd8
clock.rows.8.cells.19.lag_gap	f:3f2d75a382bf92f4
clock.rows.8.cells.19.tau_f	f:3fceb851eb851eb8
clock.rows.8.cells.19.tau_gov	f:3fc999999999999a
clock.rows.8.cells.19.slope_f	f:3f623866eef665db
clock.rows.8.cells.19.slope_r	f:3f59510a7231389a
clock.rows.8.cells.19.predicted	s:gov
clock.rows.8.cells.19.measured	s:gov
clock.rows.8.cells.19.margin	f:bfec3cd6ee5a3043
clock.rows.8.cells.20	keys:10
clock.rows.8.cells.20.s	f:3fd199999999999c
clock.rows.8.cells.20.setpoint_gap	f:3f5f5f835315bc70
clock.rows.8.cells.20.lag_gap	f:3f2b6b0a9c507af8
clock.rows.8.cells.20.tau_f	f:3fceb851eb851eb8
clock.rows.8.cells.20.tau_gov	f:3fc999999999999a
clock.rows.8.cells.20.slope_f	f:3f61a67ba77fe14c
clock.rows.8.cells.20.slope_r	f:3f59397556b3cfda
clock.rows.8.cells.20.predicted	s:gov
clock.rows.8.cells.20.measured	s:gov
clock.rows.8.cells.20.margin	f:bfec81167e409e6d
clock.rows.8.cells.21	keys:10
clock.rows.8.cells.21.s	f:3fd1eb851eb851ee
clock.rows.8.cells.21.setpoint_gap	f:3f5f6bd041fd6508
clock.rows.8.cells.21.lag_gap	f:3f29c81bed60b8f8
clock.rows.8.cells.21.tau_f	f:3fceb851eb851eb8
clock.rows.8.cells.21.tau_gov	f:3fc999999999999a
clock.rows.8.cells.21.slope_f	f:3f6130dea6417dbc
clock.rows.8.cells.21.slope_r	f:3f592504e773ed5a
clock.rows.8.cells.21.predicted	s:gov
clock.rows.8.cells.21.measured	s:gov
clock.rows.8.cells.21.margin	f:bfecb7c9a1511dbf
clock.rows.8.cells.22	keys:10
clock.rows.8.cells.22.s	f:3fd23d70a3d70a40
clock.rows.8.cells.22.setpoint_gap	f:3f5f7729022ced38
clock.rows.8.cells.22.lag_gap	f:3f2879b589f428f8
clock.rows.8.cells.22.tau_f	f:3fceb851eb851eb8
clock.rows.8.cells.22.tau_gov	f:3fc999999999999a
clock.rows.8.cells.22.slope_f	f:3f60d25500be454c
clock.rows.8.cells.22.slope_r	f:3f591320f1f6731a
clock.rows.8.cells.22.predicted	s:gov
clock.rows.8.cells.22.measured	s:gov
clock.rows.8.cells.22.margin	f:bfece37b32f3ec79
clock.rows.8.cells.23	keys:10
clock.rows.8.cells.23.s	f:3fd28f5c28f5c292
clock.rows.8.cells.23.setpoint_gap	f:3f5f81bfb55855e8
clock.rows.8.cells.23.lag_gap	f:3f2770345ba9f7f8
clock.rows.8.cells.23.tau_f	f:3fceb851eb851eb8
clock.rows.8.cells.23.tau_gov	f:3fc999999999999a
clock.rows.8.cells.23.slope_f	f:3f6086988465c6bc
clock.rows.8.cells.23.slope_r	f:3f59034d5143a1fa
clock.rows.8.cells.23.predicted	s:gov
clock.rows.8.cells.23.measured	s:gov
clock.rows.8.cells.23.margin	f:bfed063c066ae649
clock.rows.8.cells.24	keys:10
clock.rows.8.cells.24.s	f:3fd2e147ae147ae4
clock.rows.8.cells.24.setpoint_gap	f:3f5f8bbd34a69b18
clock.rows.8.cells.24.lag_gap	f:3f269ed109aea5f8
clock.rows.8.cells.24.tau_f	f:3fceb851eb851eb8
clock.rows.8.cells.24.tau_gov	f:3fc999999999999a
clock.rows.8.cells.24.slope_f	f:3f604a2b177d1d9c
clock.rows.8.cells.24.slope_r	f:3f58f524c58585ba
clock.rows.8.cells.24.predicted	s:gov
clock.rows.8.cells.24.measured	s:gov
clock.rows.8.cells.24.margin	f:bfed21ba24e5c9f3
clock.rows.8.cells.25	keys:10
clock.rows.8.cells.25.s	f:3fd3333333333336
clock.rows.8.cells.25.setpoint_gap	f:3f5f9542c3331a48
clock.rows.8.cells.25.lag_gap	f:3f25fb1a870be4f8
clock.rows.8.cells.25.tau_f	f:3fceb851eb851eb8
clock.rows.8.cells.25.tau_gov	f:3fc999999999999a
clock.rows.8.cells.25.slope_f	f:3f601a3237aac23c
clock.rows.8.cells.25.slope_r	f:3f58e854bdff2fda
clock.rows.8.cells.25.predicted	s:gov
clock.rows.8.cells.25.measured	s:gov
clock.rows.8.cells.25.margin	f:bfed37537d281cb8
clock.rows.8.cells.26	keys:10
clock.rows.8.cells.26.s	f:3fd3851eb851eb88
clock.rows.8.cells.26.setpoint_gap	f:3f5f9e6b714dde80
clock.rows.8.cells.26.lag_gap	f:3f257c88e99215f8
clock.rows.8.cells.26.tau_f	f:3fceb851eb851eb8
clock.rows.8.cells.26.tau_gov	f:3fc999999999999a
clock.rows.8.cells.26.slope_f	f:3f5fe8b23bd55478
clock.rows.8.cells.26.slope_r	f:3f58dc99e904b13a
clock.rows.8.cells.26.predicted	s:gov
clock.rows.8.cells.26.measured	s:gov
clock.rows.8.cells.26.margin	f:bfed4824f45e6813
clock.rows.8.cells.27	keys:10
clock.rows.8.cells.27.s	f:3fd3d70a3d70a3da
clock.rows.8.cells.27.setpoint_gap	f:3f5fa74d3ee86398
clock.rows.8.cells.27.lag_gap	f:3f251c242254bbf8
clock.rows.8.cells.27.tau_f	f:3fceb851eb851eb8
clock.rows.8.cells.27.tau_gov	f:3fc999999999999a
clock.rows.8.cells.27.slope_f	f:3f5fad70a69d13b8
clock.rows.8.cells.27.slope_r	f:3f58d1bd65adeefa
clock.rows.8.cells.27.predicted	s:gov
clock.rows.8.cells.27.measured	s:gov
clock.rows.8.cells.27.margin	f:bfed551692fe6e1c
clock.rows.8.cells.28	keys:10
clock.rows.8.cells.28.s	f:3fd428f5c28f5c2c
clock.rows.8.cells.28.setpoint_gap	f:3f5faffa08fe5730
clock.rows.8.cells.28.lag_gap	f:3f24d43afb8985f8
clock.rows.8.cells.28.tau_f	f:3fceb851eb851eb8
clock.rows.8.cells.28.tau_gov	f:3fc999999999999a
clock.rows.8.cells.28.slope_f	f:3f5f7f8373025218
clock.rows.8.cells.28.slope_r	f:3f58c7927999a1fa
clock.rows.8.cells.28.predicted	s:gov
clock.rows.8.cells.28.measured	s:gov
clock.rows.8.cells.28.margin	f:bfed5ee5608852bf
clock.rows.8.cells.29	keys:10
clock.rows.8.cells.29.s	f:3fd47ae147ae147e
clock.rows.8.cells.29.setpoint_gap	f:3f5fb8804ba450e0
clock.rows.8.cells.29.lag_gap	f:3f24a027667c08f8
clock.rows.8.cells.29.tau_f	f:3fceb851eb851eb8
clock.rows.8.cells.29.tau_gov	f:3fc999999999999a
clock.rows.8.cells.29.slope_f	f:3f5f5c606f797dd8
clock.rows.8.cells.29.slope_r	f:3f58bdf4b284449a
clock.rows.8.cells.29.predicted	s:gov
clock.rows.8.cells.29.measured	s:gov
clock.rows.8.cells.29.margin	f:bfed662b6245f87e
clock.rows.8.cells.30	keys:10
clock.rows.8.cells.30.s	f:3fd4ccccccccccd0
clock.rows.8.cells.30.setpoint_gap	f:3f5fc0ebc0a4a200
clock.rows.8.cells.30.lag_gap	f:3f247c1dad57b3f8
clock.rows.8.cells.30.tau_f	f:3fceb851eb851eb8
clock.rows.8.cells.30.tau_gov	f:3fc999999999999a
clock.rows.8.cells.30.slope_f	f:3f5f41f4c4da6278
clock.rows.8.cells.30.slope_r	f:3f58b4c65fe2727a
clock.rows.8.cells.30.predicted	s:gov
clock.rows.8.cells.30.measured	s:gov
clock.rows.8.cells.30.margin	f:bfed6b66195ad709
clock.rows.8.cells.31	keys:10
clock.rows.8.cells.31.s	f:3fd51eb851eb8522
clock.rows.8.cells.31.setpoint_gap	f:3f5fc945e121ace0
clock.rows.8.cells.31.lag_gap	f:3f2465048d18eaf8
clock.rows.8.cells.31.tau_f	f:3fceb851eb851eb8
clock.rows.8.cells.31.tau_gov	f:3fc999999999999a
clock.rows.8.cells.31.slope_f	f:3f5f2e8f25175ef8
clock.rows.8.cells.31.slope_r	f:3f58abef5452df1a
clock.rows.8.cells.31.predicted	s:gov
clock.rows.8.cells.31.measured	s:gov
clock.rows.8.cells.31.margin	f:bfed6efbc9df4822
clock.rows.8.cells.32	keys:10
clock.rows.8.cells.32.s	f:3fd570a3d70a3d74
clock.rows.8.cells.32.setpoint_gap	f:3f5fd1964f87e0b8
clock.rows.8.cells.32.lag_gap	f:3f24585497ff73f8
clock.rows.8.cells.32.tau_f	f:3fceb851eb851eb8
clock.rows.8.cells.32.tau_gov	f:3fc999999999999a
clock.rows.8.cells.32.slope_f	f:3f5f20cdf5e97f18
clock.rows.8.cells.32.slope_r	f:3f58a35be1b2233a
clock.rows.8.cells.32.predicted	s:gov
clock.rows.8.cells.32.measured	s:gov
clock.rows.8.cells.32.margin	f:bfed713fc62b772c
clock.rows.8.cells.33	keys:10
clock.rows.8.cells.33.s	f:3fd5c28f5c28f5c6
clock.rows.8.cells.33.setpoint_gap	f:3f5fd9e32e223a98
clock.rows.8.cells.33.lag_gap	f:3f2453fd8c883ff8
clock.rows.8.cells.33.tau_f	f:3fceb851eb851eb8
clock.rows.8.cells.33.tau_gov	f:3fc999999999999a
clock.rows.8.cells.33.slope_f	f:3f5f1790bd620278
clock.rows.8.cells.33.slope_r	f:3f589afc0506dafa
clock.rows.8.cells.33.predicted	s:gov
clock.rows.8.cells.33.measured	s:gov
clock.rows.8.cells.33.margin	f:bfed7275ede2861f
clock.rows.8.cells.34	keys:10
clock.rows.8.cells.34.s	f:3fd6147ae147ae18
clock.rows.8.cells.34.setpoint_gap	f:3f5fe23165dab598
clock.rows.8.cells.34.lag_gap	f:3f2456508aeeb7f8
clock.rows.8.cells.34.tau_f	f:3fceb851eb851eb8
clock.rows.8.cells.34.tau_gov	f:3fc999999999999a
clock.rows.8.cells.34.slope_f	f:3f5f11ec38412118
clock.rows.8.cells.34.slope_r	f:3f5892c2b978f4ba
clock.rows.8.cells.34.predicted	s:gov
clock.rows.8.cells.34.measured	s:gov
clock.rows.8.cells.34.margin	f:bfed72d58718d7a7
clock.rows.8.cells.35	keys:10
clock.rows.8.cells.35.s	f:3fd666666666666a
clock.rows.8.cells.35.setpoint_gap	f:3f5fea84e00aa170
clock.rows.8.cells.35.lag_gap	f:3f24d14202bfeff8
clock.rows.8.cells.35.tau_f	f:3fceb851eb851eb8
clock.rows.8.cells.35.tau_gov	f:3fc999999999999a
clock.rows.8.cells.35.slope_f	f:3f5f4a5f54eeca58
clock.rows.8.cells.35.slope_r	f:3f5889a92433633a
clock.rows.8.cells.35.predicted	s:gov
clock.rows.8.cells.35.measured	s:gov
clock.rows.8.cells.35.margin	f:bfed6417652141d3
clock.rows.9	keys:20
clock.rows.9.coord	s:demand
clock.rows.9.tau_f	f:3fb999999999999a
clock.rows.9.tau_gov	f:3f947ae147ae147b
clock.rows.9.tau_q	f:3fa999999999999a
clock.rows.9.tau_s	f:3fa999999999999a
clock.rows.9.phi_lim	f:3fe8000000000000
clock.rows.9.phi_air	f:3fe8a3d70a3d70a4
clock.rows.9.max_Tt4	f:4092bd0b3dc17fc4
clock.rows.9.riding4_valid	b:1
clock.rows.9.n_riding4	i:43
clock.rows.9.census	keys:2
clock.rows.9.census.fuel	i:23
clock.rows.9.census.gov	i:20
clock.rows.9.n_fuel	i:23
clock.rows.9.n_gov	i:20
clock.rows.9.n_scored	i:43
clock.rows.9.n_edge	i:0
clock.rows.9.n_agree	i:42
clock.rows.9.agreement	f:3fef417d05f417d0
clock.rows.9.worst_miss	f:3fa2b1cb5d0eb789
clock.rows.9.min_margin	f:3fa2b1cb5d0eb789
clock.rows.9.cells	len:43
clock.rows.9.cells.0	keys:10
clock.rows.9.cells.0.s	f:3fc51eb851eb8521
clock.rows.9.cells.0.setpoint_gap	f:3f563f13ccf37c88
clock.rows.9.cells.0.lag_gap	f:3f638dd54b51ea7c
clock.rows.9.cells.0.tau_f	f:3fd3333333333334
clock.rows.9.cells.0.tau_gov	f:3f947ae147ae147b
clock.rows.9.cells.0.slope_f	f:3f8088613dd6e6c0
clock.rows.9.cells.0.slope_r	f:3f5c864390bc91d9
clock.rows.9.cells.0.predicted	s:fuel
clock.rows.9.cells.0.measured	s:fuel
clock.rows.9.cells.0.margin	f:3fdb980ee9eab490
clock.rows.9.cells.1	keys:10
clock.rows.9.cells.1.s	f:3fc5c28f5c28f5c5
clock.rows.9.cells.1.setpoint_gap	f:3f56c2f8495ca508
clock.rows.9.cells.1.lag_gap	f:3f6362b71d1f813c
clock.rows.9.cells.1.tau_f	f:3fd3333333333334
clock.rows.9.cells.1.tau_gov	f:3f947ae147ae147b
clock.rows.9.cells.1.slope_f	f:3f8064b4565b3ff0
clock.rows.9.cells.1.slope_r	f:3f5ca5011a777d59
clock.rows.9.cells.1.predicted	s:fuel
clock.rows.9.cells.1.measured	s:fuel
clock.rows.9.cells.1.margin	f:3fda6d5df1fe1d79
clock.rows.9.cells.2	keys:10
clock.rows.9.cells.2.s	f:3fc6666666666669
clock.rows.9.cells.2.setpoint_gap	f:3f57457bd108f398
clock.rows.9.cells.2.lag_gap	f:3f63432c19b8a49c
clock.rows.9.cells.2.tau_f	f:3fd3333333333334
clock.rows.9.cells.2.tau_gov	f:3f947ae147ae147b
clock.rows.9.cells.2.slope_f	f:3f804ab65ec266cc
clock.rows.9.cells.2.slope_r	f:3f5cc8425effe2f9
clock.rows.9.cells.2.predicted	s:fuel
clock.rows.9.cells.2.measured	s:fuel
clock.rows.9.cells.2.margin	f:3fd957057e1f2efe
clock.rows.9.cells.3	keys:10
clock.rows.9.cells.3.s	f:3fc70a3d70a3d70d
clock.rows.9.cells.3.setpoint_gap	f:3f57c6f1bb833ce8
clock.rows.9.cells.3.lag_gap	f:3f632cf4abb5e5fc
clock.rows.9.cells.3.tau_f	f:3fd3333333333334
clock.rows.9.cells.3.tau_gov	f:3f947ae147ae147b
clock.rows.9.cells.3.slope_f	f:3f803885c43f294c
clock.rows.9.cells.3.slope_r	f:3f5cef20ea8d8579
clock.rows.9.cells.3.predicted	s:fuel
clock.rows.9.cells.3.measured	s:fuel
clock.rows.9.cells.3.margin	f:3fd852303d48770d
clock.rows.9.cells.4	keys:10
clock.rows.9.cells.4.s	f:3fc7ae147ae147b1
clock.rows.9.cells.4.setpoint_gap	f:3f58479d3a8c96d8
clock.rows.9.cells.4.lag_gap	f:3f631e41e2d225d4
clock.rows.9.cells.4.tau_f	f:3fd3333333333334
clock.rows.9.cells.4.tau_gov	f:3f947ae147ae147b
clock.rows.9.cells.4.slope_f	f:3f802c9f33d76fdc
clock.rows.9.cells.4.slope_r	f:3f5d18e3b2e5a899
clock.rows.9.cells.4.predicted	s:fuel
clock.rows.9.cells.4.measured	s:fuel
clock.rows.9.cells.4.margin	f:3fd75c50ac667182
clock.rows.9.cells.5	keys:10
clock.rows.9.cells.5.s	f:3fc851eb851eb855
clock.rows.9.cells.5.setpoint_gap	f:3f58c7b482fdb240
clock.rows.9.cells.5.lag_gap	f:3f63159f7251a84c
clock.rows.9.cells.5.tau_f	f:3fd3333333333334
clock.rows.9.cells.5.tau_gov	f:3f947ae147ae147b
clock.rows.9.cells.5.slope_f	f:3f8025cb30ace18c
clock.rows.9.cells.5.slope_r	f:3f5d44f62923fc39
clock.rows.9.cells.5.predicted	s:fuel
clock.rows.9.cells.5.measured	s:fuel
clock.rows.9.cells.5.margin	f:3fd67326a84969a6
clock.rows.9.cells.6	keys:10
clock.rows.9.cells.6.s	f:3fc8f5c28f5c28f9
clock.rows.9.cells.6.setpoint_gap	f:3f59476357a1bd68
clock.rows.9.cells.6.lag_gap	f:3f6311e1f8f0c2bc
clock.rows.9.cells.6.tau_f	f:3fd3333333333334
clock.rows.9.cells.6.tau_gov	f:3f947ae147ae147b
clock.rows.9.cells.6.slope_f	f:3f80230f409e33e8
clock.rows.9.cells.6.slope_r	f:3f5d72e10c1c4399
clock.rows.9.cells.6.predicted	s:fuel
clock.rows.9.cells.6.measured	s:fuel
clock.rows.9.cells.6.margin	f:3fd594bea063855f
clock.rows.9.cells.7	keys:10
clock.rows.9.cells.7.s	f:3fc999999999999d
clock.rows.9.cells.7.setpoint_gap	f:3f59c6cd14d6deb0
clock.rows.9.cells.7.lag_gap	f:3f631218bd9da60c
clock.rows.9.cells.7.tau_f	f:3fd3333333333334
clock.rows.9.cells.7.tau_gov	f:3f947ae147ae147b
clock.rows.9.cells.7.slope_f	f:3f8023a1fd3e60e4
clock.rows.9.cells.7.slope_r	f:3f5da244a3a88e79
clock.rows.9.cells.7.predicted	s:fuel
clock.rows.9.cells.7.measured	s:fuel
clock.rows.9.cells.7.margin	f:3fd4bf6cf02d246c
clock.rows.9.cells.8	keys:10
clock.rows.9.cells.8.s	f:3fca3d70a3d70a41
clock.rows.9.cells.8.setpoint_gap	f:3f5a460e55c65318
clock.rows.9.cells.8.lag_gap	f:3f631582351d112c
clock.rows.9.cells.8.tau_f	f:3fd3333333333334
clock.rows.9.cells.8.tau_gov	f:3f947ae147ae147b
clock.rows.9.cells.8.slope_f	f:3f8026e179502b58
clock.rows.9.cells.8.slope_r	f:3f5dd2d41e399c59
clock.rows.9.cells.8.predicted	s:fuel
clock.rows.9.cells.8.measured	s:fuel
clock.rows.9.cells.8.margin	f:3fd3f1c72c7e2871
clock.rows.9.cells.9	keys:10
clock.rows.9.cells.9.s	f:3fcae147ae147ae5
clock.rows.9.cells.9.setpoint_gap	f:3f5ac53e4733bf50
clock.rows.9.cells.9.lag_gap	f:3f631b82c5de796c
clock.rows.9.cells.9.tau_f	f:3fd3333333333334
clock.rows.9.cells.9.tau_gov	f:3f947ae147ae147b
clock.rows.9.cells.9.slope_f	f:3f802c4b86b05768
clock.rows.9.cells.9.slope_r	f:3f5e0451d7c18ad8
clock.rows.9.cells.9.predicted	s:fuel
clock.rows.9.cells.9.measured	s:fuel
clock.rows.9.cells.9.margin	f:3fd32a9c9c3f4190
clock.rows.9.cells.10	keys:10
clock.rows.9.cells.10.s	f:3fcb851eb851eb89
clock.rows.9.cells.10.setpoint_gap	f:3f5b446fb7fe0438
clock.rows.9.cells.10.lag_gap	f:3f63239d5a10866c
clock.rows.9.cells.10.tau_f	f:3fd3333333333334
clock.rows.9.cells.10.tau_gov	f:3f947ae147ae147b
clock.rows.9.cells.10.slope_f	f:3f8033777f059aa4
clock.rows.9.cells.10.slope_r	f:3f5e368c5c2bfaf8
clock.rows.9.cells.10.predicted	s:fuel
clock.rows.9.cells.10.measured	s:fuel
clock.rows.9.cells.10.margin	f:3fd268eea2831fde
clock.rows.9.cells.11	keys:10
clock.rows.9.cells.11.s	f:3fcc28f5c28f5c2d
clock.rows.9.cells.11.setpoint_gap	f:3f5bc3b1f4483c60
clock.rows.9.cells.11.lag_gap	f:3f632d6d65ca2234
clock.rows.9.cells.11.tau_f	f:3fd3333333333334
clock.rows.9.cells.11.tau_gov	f:3f947ae147ae147b
clock.rows.9.cells.11.slope_f	f:3f803c1143c334cc
clock.rows.9.cells.11.slope_r	f:3f5e695c008b6398
clock.rows.9.cells.11.predicted	s:fuel
clock.rows.9.cells.11.measured	s:fuel
clock.rows.9.cells.11.margin	f:3fd1abe98f44ac1f
clock.rows.9.cells.12	keys:10
clock.rows.9.cells.12.s	f:3fccccccccccccd1
clock.rows.9.cells.12.setpoint_gap	f:3f5c431175ba51b0
clock.rows.9.cells.12.lag_gap	f:3f6338a21899b8e4
clock.rows.9.cells.12.tau_f	f:3fd3333333333334
clock.rows.9.cells.12.tau_gov	f:3f947ae147ae147b
clock.rows.9.cells.12.slope_f	f:3f8045d538ada7e8
clock.rows.9.cells.12.slope_r	f:3f5e9ca0f55a7bf8
clock.rows.9.cells.12.predicted	s:fuel
clock.rows.9.cells.12.measured	s:fuel
clock.rows.9.cells.12.margin	f:3fd0f2de14b0f282
clock.rows.9.cells.13	keys:10
clock.rows.9.cells.13.s	f:3fcd70a3d70a3d75
clock.rows.9.cells.13.setpoint_gap	f:3f5cc298713e2ef8
clock.rows.9.cells.13.lag_gap	f:3f6344fa7ff59a74
clock.rows.9.cells.13.tau_f	f:3fd3333333333334
clock.rows.9.cells.13.tau_gov	f:3f947ae147ae147b
clock.rows.9.cells.13.slope_f	f:3f80508d07ea8ba4
clock.rows.9.cells.13.slope_r	f:3f5ed041ba011fd8
clock.rows.9.cells.13.predicted	s:fuel
clock.rows.9.cells.13.measured	s:fuel
clock.rows.9.cells.13.margin	f:3fd03d3b7ae445eb
clock.rows.9.cells.14	keys:10
clock.rows.9.cells.14.s	f:3fce147ae147ae19
clock.rows.9.cells.14.setpoint_gap	f:3f5d424f48fb26c8
clock.rows.9.cells.14.lag_gap	f:3f6352426b753464
clock.rows.9.cells.14.tau_f	f:3fd3333333333334
clock.rows.9.cells.14.tau_gov	f:3f947ae147ae147b
clock.rows.9.cells.14.slope_f	f:3f805c0d0833be38
clock.rows.9.cells.14.slope_r	f:3f5f0429de78b378
clock.rows.9.cells.14.predicted	s:fuel
clock.rows.9.cells.14.measured	s:fuel
clock.rows.9.cells.14.margin	f:3fcf15152b63eb4c
clock.rows.9.cells.15	keys:10
clock.rows.9.cells.15.s	f:3fceb851eb851ebd
clock.rows.9.cells.15.setpoint_gap	f:3f5dc23ce7fe8e50
clock.rows.9.cells.15.lag_gap	f:3f63604fece4bcb4
clock.rows.9.cells.15.tau_f	f:3fd3333333333334
clock.rows.9.cells.15.tau_gov	f:3f947ae147ae147b
clock.rows.9.cells.15.slope_f	f:3f8068322571202c
clock.rows.9.cells.15.slope_r	f:3f5f384903ad5e98
clock.rows.9.cells.15.predicted	s:fuel
clock.rows.9.cells.15.measured	s:fuel
clock.rows.9.cells.15.margin	f:3fcdb4d2e602162f
clock.rows.9.cells.16	keys:10
clock.rows.9.cells.16.s	f:3fcf5c28f5c28f61
clock.rows.9.cells.16.setpoint_gap	f:3f5e42670bf08c40
clock.rows.9.cells.16.lag_gap	f:3f636f0155b5777c
clock.rows.9.cells.16.tau_f	f:3fd3333333333334
clock.rows.9.cells.16.tau_gov	f:3f947ae147ae147b
clock.rows.9.cells.16.slope_f	f:3f8074e03235a39d
clock.rows.9.cells.16.slope_r	f:3f5f6c920e4205b1
clock.rows.9.cells.16.predicted	s:fuel
clock.rows.9.cells.16.measured	s:fuel
clock.rows.9.cells.16.margin	f:3fcc590f6326cc48
clock.rows.9.cells.17	keys:10
clock.rows.9.cells.17.s	f:3fd0000000000002
clock.rows.9.cells.17.setpoint_gap	f:3f5ec2d280593a10
clock.rows.9.cells.17.lag_gap	f:3f637e3b993d38a4
clock.rows.9.cells.17.tau_f	f:3fd3333333333334
clock.rows.9.cells.17.tau_gov	f:3f947ae147ae147b
clock.rows.9.cells.17.slope_f	f:3f8082008d94b3e1
clock.rows.9.cells.17.slope_r	f:3f5fa0fa81ca31f1
clock.rows.9.cells.17.predicted	s:fuel
clock.rows.9.cells.17.measured	s:fuel
clock.rows.9.cells.17.margin	f:3fcb0146da47a9ca
clock.rows.9.cells.18	keys:10
clock.rows.9.cells.18.s	f:3fd051eb851eb854
clock.rows.9.cells.18.setpoint_gap	f:3f5f43834e49c838
clock.rows.9.cells.18.lag_gap	f:3f638de900083804
clock.rows.9.cells.18.tau_f	f:3fd3333333333334
clock.rows.9.cells.18.tau_gov	f:3f947ae147ae147b
clock.rows.9.cells.18.slope_f	f:3f808f810ccc2eec
clock.rows.9.cells.18.slope_r	f:3f5fd579fc801d58
clock.rows.9.cells.18.predicted	s:fuel
clock.rows.9.cells.18.measured	s:fuel
clock.rows.9.cells.18.margin	f:3fc9ad0d58ba3de1
clock.rows.9.cells.19	keys:10
clock.rows.9.cells.19.s	f:3fd0a3d70a3d70a6
clock.rows.9.cells.19.setpoint_gap	f:3f5fc47ce2aff5d8
clock.rows.9.cells.19.lag_gap	f:3f639df81c5b26d4
clock.rows.9.cells.19.tau_f	f:3fd3333333333334
clock.rows.9.cells.19.tau_gov	f:3f947ae147ae147b
clock.rows.9.cells.19.slope_f	f:3f809d531b78e57c
clock.rows.9.cells.19.slope_r	f:3f600504e68833cc
clock.rows.9.cells.19.predicted	s:fuel
clock.rows.9.cells.19.measured	s:fuel
clock.rows.9.cells.19.margin	f:3fc85c0a7c227938
clock.rows.9.cells.20	keys:10
clock.rows.9.cells.20.s	f:3fd0f5c28f5c28f8
clock.rows.9.cells.20.setpoint_gap	f:3f6022e11693e288
clock.rows.9.cells.20.lag_gap	f:3f63ae5af320e454
clock.rows.9.cells.20.tau_f	f:3fd3333333333334
clock.rows.9.cells.20.tau_gov	f:3f947ae147ae147b
clock.rows.9.cells.20.slope_f	f:3f80ab6b07a6ced0
clock.rows.9.cells.20.slope_r	f:3f601f524eabe07c
clock.rows.9.cells.20.predicted	s:fuel
clock.rows.9.cells.20.measured	s:fuel
clock.rows.9.cells.20.margin	f:3fc70df5e97b2d4b
clock.rows.9.cells.21	keys:10
clock.rows.9.cells.21.s	f:3fd147ae147ae14a
clock.rows.9.cells.21.setpoint_gap	f:3f6063aadc620dc0
clock.rows.9.cells.21.lag_gap	f:3f63bf064eff3aa4
clock.rows.9.cells.21.tau_f	f:3fd3333333333334
clock.rows.9.cells.21.tau_gov	f:3f947ae147ae147b
clock.rows.9.cells.21.slope_f	f:3f80b9bf7125a130
clock.rows.9.cells.21.slope_r	f:3f6039a316f8535c
clock.rows.9.cells.21.predicted	s:fuel
clock.rows.9.cells.21.measured	s:fuel
clock.rows.9.cells.21.margin	f:3fc5c29462a8b293
clock.rows.9.cells.22	keys:10
clock.rows.9.cells.22.s	f:3fd199999999999c
clock.rows.9.cells.22.setpoint_gap	f:3f60a49cdffe6d44
clock.rows.9.cells.22.lag_gap	f:3f6336b19a1a3654
clock.rows.9.cells.22.tau_f	f:3fd3333333333334
clock.rows.9.cells.22.tau_gov	f:3f947ae147ae147b
clock.rows.9.cells.22.slope_f	f:3f804801a2b061ac
clock.rows.9.cells.22.slope_r	f:3f6031b20838480c
clock.rows.9.cells.22.predicted	s:fuel
clock.rows.9.cells.22.measured	s:fuel
clock.rows.9.cells.22.margin	f:3fc1201716bda204
clock.rows.9.cells.23	keys:10
clock.rows.9.cells.23.s	f:3fd1eb851eb851ee
clock.rows.9.cells.23.setpoint_gap	f:3f60e0ee4416a04c
clock.rows.9.cells.23.lag_gap	f:3f6184adb2b54005
clock.rows.9.cells.23.tau_f	f:3fd3333333333334
clock.rows.9.cells.23.tau_gov	f:3f947ae147ae147b
clock.rows.9.cells.23.slope_f	f:3f7dba2056d03fa9
clock.rows.9.cells.23.slope_r	f:3f5fcbba8a01ea18
clock.rows.9.cells.23.predicted	s:fuel
clock.rows.9.cells.23.measured	s:gov
clock.rows.9.cells.23.margin	f:3fa2b1cb5d0eb789
clock.rows.9.cells.24	keys:10
clock.rows.9.cells.24.s	f:3fd23d70a3d70a40
clock.rows.9.cells.24.setpoint_gap	f:3f61141dde7ae6f8
clock.rows.9.cells.24.lag_gap	f:3f5ee5cf088ee449
clock.rows.9.cells.24.tau_f	f:3fd3333333333334
clock.rows.9.cells.24.tau_gov	f:3f947ae147ae147b
clock.rows.9.cells.24.slope_f	f:3f7a43d2ac9438a9
clock.rows.9.cells.24.slope_r	f:3f5f02f0c6d4b198
clock.rows.9.cells.24.predicted	s:gov
clock.rows.9.cells.24.measured	s:gov
clock.rows.9.cells.24.margin	f:bfb86dd1a7eb4ed0
clock.rows.9.cells.25	keys:10
clock.rows.9.cells.25.s	f:3fd28f5c28f5c292
clock.rows.9.cells.25.setpoint_gap	f:3f613fb665440c10
clock.rows.9.cells.25.lag_gap	f:3f5b7882552cb16a
clock.rows.9.cells.25.tau_f	f:3fd3333333333334
clock.rows.9.cells.25.tau_gov	f:3f947ae147ae147b
clock.rows.9.cells.25.slope_f	f:3f7765f5a261f6fa
clock.rows.9.cells.25.slope_r	f:3f5e5c1d6c3b3c18
clock.rows.9.cells.25.predicted	s:gov
clock.rows.9.cells.25.measured	s:gov
clock.rows.9.cells.25.margin	f:bfca12ac507c1a48
clock.rows.9.cells.26	keys:10
clock.rows.9.cells.26.s	f:3fd2e147ae147ae4
clock.rows.9.cells.26.setpoint_gap	f:3f61650e27962a54
clock.rows.9.cells.26.lag_gap	f:3f58a4bd688e453b
clock.rows.9.cells.26.tau_f	f:3fd3333333333334
clock.rows.9.cells.26.tau_gov	f:3f947ae147ae147b
clock.rows.9.cells.26.slope_f	f:3f750883eeab9db3
clock.rows.9.cells.26.slope_r	f:3f5dd1ed846f7099
clock.rows.9.cells.26.predicted	s:gov
clock.rows.9.cells.26.measured	s:gov
clock.rows.9.cells.26.margin	f:bfd2aa3757515777
clock.rows.9.cells.27	keys:10
clock.rows.9.cells.27.s	f:3fd3333333333336
clock.rows.9.cells.27.setpoint_gap	f:3f61853bafc6ec18
clock.rows.9.cells.27.lag_gap	f:3f564e095f858b5b
clock.rows.9.cells.27.tau_f	f:3fd3333333333334
clock.rows.9.cells.27.tau_gov	f:3f947ae147ae147b
clock.rows.9.cells.27.slope_f	f:3f7313adee64efbb
clock.rows.9.cells.27.slope_r	f:3f5d5eef3792f839
clock.rows.9.cells.27.predicted	s:gov
clock.rows.9.cells.27.measured	s:gov
clock.rows.9.cells.27.margin	f:bfd742f8f4cd20cb
clock.rows.9.cells.28	keys:10
clock.rows.9.cells.28.s	f:3fd3851eb851eb88
clock.rows.9.cells.28.setpoint_gap	f:3f61a1225b6fc4ec
clock.rows.9.cells.28.lag_gap	f:3f545d879af8565c
clock.rows.9.cells.28.tau_f	f:3fd3333333333334
clock.rows.9.cells.28.tau_gov	f:3f947ae147ae147b
clock.rows.9.cells.28.slope_f	f:3f7174523708c72c
clock.rows.9.cells.28.slope_r	f:3f5cfec8a18dd079
clock.rows.9.cells.28.predicted	s:gov
clock.rows.9.cells.28.measured	s:gov
clock.rows.9.cells.28.margin	f:bfdb08adf51a84ac
clock.rows.9.cells.29	keys:10
clock.rows.9.cells.29.s	f:3fd3d70a3d70a3da
clock.rows.9.cells.29.setpoint_gap	f:3f61b97c53e8f2e0
clock.rows.9.cells.29.lag_gap	f:3f52c0c879b86d8c
clock.rows.9.cells.29.tau_f	f:3fd3333333333334
clock.rows.9.cells.29.tau_gov	f:3f947ae147ae147b
clock.rows.9.cells.29.slope_f	f:3f701b04def2e86c
clock.rows.9.cells.29.slope_r	f:3f5cadfc7ae91419
clock.rows.9.cells.29.predicted	s:gov
clock.rows.9.cells.29.measured	s:gov
clock.rows.9.cells.29.margin	f:bfde24a43444c35e
clock.rows.9.cells.30	keys:10
clock.rows.9.cells.30.s	f:3fd428f5c28f5c2c
clock.rows.9.cells.30.setpoint_gap	f:3f61cee278e18ac0
clock.rows.9.cells.30.lag_gap	f:3f5168e27731649d
clock.rows.9.cells.30.tau_f	f:3fd3333333333334
clock.rows.9.cells.30.tau_gov	f:3f947ae147ae147b
clock.rows.9.cells.30.slope_f	f:3f6df6994e37d199
clock.rows.9.cells.30.slope_r	f:3f5c69bbe2e4e979
clock.rows.9.cells.30.predicted	s:gov
clock.rows.9.cells.30.measured	s:gov
clock.rows.9.cells.30.margin	f:bfe05ba4bbd53c75
clock.rows.9.cells.31	keys:10
clock.rows.9.cells.31.s	f:3fd47ae147ae147e
clock.rows.9.cells.31.setpoint_gap	f:3f61e1d2ae700ad8
clock.rows.9.cells.31.lag_gap	f:3f5049bb5e7aafdd
clock.rows.9.cells.31.tau_f	f:3fd3333333333334
clock.rows.9.cells.31.tau_gov	f:3f947ae147ae147b
clock.rows.9.cells.31.slope_f	f:3f6c16141786e8f9
clock.rows.9.cells.31.slope_r	f:3f5c2fc24dd8f439
clock.rows.9.cells.31.predicted	s:gov
clock.rows.9.cells.31.measured	s:gov
clock.rows.9.cells.31.margin	f:bfe16d238b6728a0
clock.rows.9.cells.32	keys:10
clock.rows.9.cells.32.s	f:3fd4ccccccccccd0
clock.rows.9.cells.32.setpoint_gap	f:3f61f2b4e6ce9b38
clock.rows.9.cells.32.lag_gap	f:3f4eb2f0e8720459
clock.rows.9.cells.32.tau_f	f:3fd3333333333334
clock.rows.9.cells.32.tau_gov	f:3f947ae147ae147b
clock.rows.9.cells.32.slope_f	f:3f6a83fdddce89a9
clock.rows.9.cells.32.slope_r	f:3f5bfe394b11b539
clock.rows.9.cells.32.predicted	s:gov
clock.rows.9.cells.32.measured	s:gov
clock.rows.9.cells.32.margin	f:bfe251082429b1b2
clock.rows.9.cells.33	keys:10
clock.rows.9.cells.33.s	f:3fd51eb851eb8522
clock.rows.9.cells.33.setpoint_gap	f:3f6201df2c70bd3c
clock.rows.9.cells.33.lag_gap	f:3f4d2019f34820da
clock.rows.9.cells.33.tau_f	f:3fd3333333333334
clock.rows.9.cells.33.tau_gov	f:3f947ae147ae147b
clock.rows.9.cells.33.slope_f	f:3f6932df4dd7a22a
clock.rows.9.cells.33.slope_r	f:3f5bd3a25d39cbb9
clock.rows.9.cells.33.predicted	s:gov
clock.rows.9.cells.33.measured	s:gov
clock.rows.9.cells.33.margin	f:bfe30f85cfa22e2c
clock.rows.9.cells.34	keys:10
clock.rows.9.cells.34.s	f:3fd570a3d70a3d74
clock.rows.9.cells.34.setpoint_gap	f:3f620f98e1ffd56c
clock.rows.9.cells.34.lag_gap	f:3f4bcdc0b89fe3da
clock.rows.9.cells.34.tau_f	f:3fd3333333333334
clock.rows.9.cells.34.tau_gov	f:3f947ae147ae147b
clock.rows.9.cells.34.slope_f	f:3f6817afb803f19a
clock.rows.9.cells.34.slope_r	f:3f5baec588d90fd9
clock.rows.9.cells.34.predicted	s:gov
clock.rows.9.cells.34.measured	s:gov
clock.rows.9.cells.34.margin	f:bfe3af39d0b54aa4
clock.rows.9.cells.35	keys:10
clock.rows.9.cells.35.s	f:3fd5c28f5c28f5c6
clock.rows.9.cells.35.setpoint_gap	f:3f621c1d62138888
clock.rows.9.cells.35.lag_gap	f:3f4ab10dcf34a95a
clock.rows.9.cells.35.tau_f	f:3fd3333333333334
clock.rows.9.cells.35.tau_gov	f:3f947ae147ae147b
clock.rows.9.cells.35.slope_f	f:3f67295dc26d90aa
clock.rows.9.cells.35.slope_r	f:3f5b8ea38cb26a39
clock.rows.9.cells.35.predicted	s:gov
clock.rows.9.cells.35.measured	s:gov
clock.rows.9.cells.35.margin	f:bfe43580fe2fc1cf
clock.rows.9.cells.36	keys:10
clock.rows.9.cells.36.s	f:3fd6147ae147ae18
clock.rows.9.cells.36.setpoint_gap	f:3f62279e1f666ff0
clock.rows.9.cells.36.lag_gap	f:3f49c111ece98a1a
clock.rows.9.cells.36.tau_f	f:3fd3333333333334
clock.rows.9.cells.36.tau_gov	f:3f947ae147ae147b
clock.rows.9.cells.36.slope_f	f:3f6660705eabac7a
clock.rows.9.cells.36.slope_r	f:3f5b726af54fb9d9
clock.rows.9.cells.36.predicted	s:gov
clock.rows.9.cells.36.measured	s:gov
clock.rows.9.cells.36.margin	f:bfe4a6b999c82f66
clock.rows.9.cells.37	keys:10
clock.rows.9.cells.37.s	f:3fd666666666666a
clock.rows.9.cells.37.setpoint_gap	f:3f6232445f3c880c
clock.rows.9.cells.37.lag_gap	f:3f48f66b1400e71b
clock.rows.9.cells.37.tau_f	f:3fd3333333333334
clock.rows.9.cells.37.tau_gov	f:3f947ae147ae147b
clock.rows.9.cells.37.slope_f	f:3f65b6bad002a55b
clock.rows.9.cells.37.slope_r	f:3f5b596f6c38cf19
clock.rows.9.cells.37.predicted	s:gov
clock.rows.9.cells.37.measured	s:gov
clock.rows.9.cells.37.margin	f:bfe506765e2f6219
clock.rows.9.cells.38	keys:10
clock.rows.9.cells.38.s	f:3fd6b851eb851ebc
clock.rows.9.cells.38.setpoint_gap	f:3f623c32a2381984
clock.rows.9.cells.38.lag_gap	f:3f484afbb5a5a79b
clock.rows.9.cells.38.tau_f	f:3fd3333333333334
clock.rows.9.cells.38.tau_gov	f:3f947ae147ae147b
clock.rows.9.cells.38.slope_f	f:3f65271fb79f722b
clock.rows.9.cells.38.slope_r	f:3f5b4322c78202f9
clock.rows.9.cells.38.predicted	s:gov
clock.rows.9.cells.38.measured	s:gov
clock.rows.9.cells.38.margin	f:bfe557a662ffe441
clock.rows.9.cells.39	keys:10
clock.rows.9.cells.39.s	f:3fd70a3d70a3d70e
clock.rows.9.cells.39.setpoint_gap	f:3f624585cb985b18
clock.rows.9.cells.39.lag_gap	f:3f47b9b0071b785b
clock.rows.9.cells.39.tau_f	f:3fd3333333333334
clock.rows.9.cells.39.tau_gov	f:3f947ae147ae147b
clock.rows.9.cells.39.slope_f	f:3f64ad600175cf5b
clock.rows.9.cells.39.slope_r	f:3f5b2f0f7a1f8bd9
clock.rows.9.cells.39.predicted	s:gov
clock.rows.9.cells.39.measured	s:gov
clock.rows.9.cells.39.margin	f:bfe59cb47fa8f06a
clock.rows.9.cells.40	keys:10
clock.rows.9.cells.40.s	f:3fd75c28f5c28f60
clock.rows.9.cells.40.setpoint_gap	f:3f624e56138b0a40
clock.rows.9.cells.40.lag_gap	f:3f473e4e9a2a589b
clock.rows.9.cells.40.tau_f	f:3fd3333333333334
clock.rows.9.cells.40.tau_gov	f:3f947ae147ae147b
clock.rows.9.cells.40.slope_f	f:3f6445f33d18b51b
clock.rows.9.cells.40.slope_r	f:3f5b1cd41ac29219
clock.rows.9.cells.40.predicted	s:gov
clock.rows.9.cells.40.measured	s:gov
clock.rows.9.cells.40.margin	f:bfe5d7a026c127db
clock.rows.9.cells.41	keys:10
clock.rows.9.cells.41.s	f:3fd7ae147ae147b2
clock.rows.9.cells.41.setpoint_gap	f:3f6256b7cea1debc
clock.rows.9.cells.41.lag_gap	f:3f46d551ecd6ed9b
clock.rows.9.cells.41.tau_f	f:3fd3333333333334
clock.rows.9.cells.41.tau_gov	f:3f947ae147ae147b
clock.rows.9.cells.41.slope_f	f:3f63ede776ae1e0b
clock.rows.9.cells.41.slope_r	f:3f5b0c1fc76a5139
clock.rows.9.cells.41.predicted	s:gov
clock.rows.9.cells.41.measured	s:gov
clock.rows.9.cells.41.margin	f:bfe60a113417eec2
clock.rows.9.cells.42	keys:10
clock.rows.9.cells.42.s	f:3fd8000000000004
clock.rows.9.cells.42.setpoint_gap	f:3f625ebc1273edfc
clock.rows.9.cells.42.lag_gap	f:3f46e250e991749b
clock.rows.9.cells.42.tau_f	f:3fd3333333333334
clock.rows.9.cells.42.tau_gov	f:3f947ae147ae147b
clock.rows.9.cells.42.slope_f	f:3f63f81b9be0e0cb
clock.rows.9.cells.42.slope_r	f:3f5af9557525f4b9
clock.rows.9.cells.42.predicted	s:gov
clock.rows.9.cells.42.measured	s:gov
clock.rows.9.cells.42.margin	f:bfe608c11d97b43f
clock.rows.10	keys:20
clock.rows.10.coord	s:demand
clock.rows.10.tau_f	f:3fb999999999999a
clock.rows.10.tau_gov	f:3fa999999999999a
clock.rows.10.tau_q	f:3fa999999999999a
clock.rows.10.tau_s	f:3fa999999999999a
clock.rows.10.phi_lim	f:3fe8000000000000
clock.rows.10.phi_air	f:3fe8a3d70a3d70a4
clock.rows.10.max_Tt4	f:4092b84ee8e87088
clock.rows.10.riding4_valid	b:1
clock.rows.10.n_riding4	i:42
clock.rows.10.census	keys:2
clock.rows.10.census.fuel	i:20
clock.rows.10.census.gov	i:22
clock.rows.10.n_fuel	i:20
clock.rows.10.n_gov	i:22
clock.rows.10.n_scored	i:42
clock.rows.10.n_edge	i:0
clock.rows.10.n_agree	i:40
clock.rows.10.agreement	f:3fee79e79e79e79e
clock.rows.10.worst_miss	f:3fbe23ecbbd07fa9
clock.rows.10.min_margin	f:3f621d6d36606644
clock.rows.10.cells	len:42
clock.rows.10.cells.0	keys:10
clock.rows.10.cells.0.s	f:3fc51eb851eb8521
clock.rows.10.cells.0.setpoint_gap	f:3f563f13ccf37c88
clock.rows.10.cells.0.lag_gap	f:3f63204c99c9f7a8
clock.rows.10.cells.0.tau_f	f:3fd3333333333334
clock.rows.10.cells.0.tau_gov	f:3fa999999999999a
clock.rows.10.cells.0.slope_f	f:3f8088613dd6e6c0
clock.rows.10.cells.0.slope_r	f:3f5c864390bc91d9
clock.rows.10.cells.0.predicted	s:fuel
clock.rows.10.cells.0.measured	s:fuel
clock.rows.10.cells.0.margin	f:3fdac790645437d2
clock.rows.10.cells.1	keys:10
clock.rows.10.cells.1.s	f:3fc5c28f5c28f5c5
clock.rows.10.cells.1.setpoint_gap	f:3f56c2f8495ca508
clock.rows.10.cells.1.lag_gap	f:3f62f4b86090e998
clock.rows.10.cells.1.tau_f	f:3fd3333333333334
clock.rows.10.cells.1.tau_gov	f:3fa999999999999a
clock.rows.10.cells.1.slope_f	f:3f8064b4565b3ff0
clock.rows.10.cells.1.slope_r	f:3f5ca5011a777d59
clock.rows.10.cells.1.predicted	s:fuel
clock.rows.10.cells.1.measured	s:fuel
clock.rows.10.cells.1.margin	f:3fd993582fe208e6
clock.rows.10.cells.2	keys:10
clock.rows.10.cells.2.s	f:3fc6666666666669
clock.rows.10.cells.2.setpoint_gap	f:3f57457bd108f398
clock.rows.10.cells.2.lag_gap	f:3f62d4a5fc22e27c
clock.rows.10.cells.2.tau_f	f:3fd3333333333334
clock.rows.10.cells.2.tau_gov	f:3fa999999999999a
clock.rows.10.cells.2.slope_f	f:3f804ab65ec266cc
clock.rows.10.cells.2.slope_r	f:3f5cc8425effe2f9
clock.rows.10.cells.2.predicted	s:fuel
clock.rows.10.cells.2.measured	s:fuel
clock.rows.10.cells.2.margin	f:3fd8741c92c730cf
clock.rows.10.cells.3	keys:10
clock.rows.10.cells.3.s	f:3fc70a3d70a3d70d
clock.rows.10.cells.3.setpoint_gap	f:3f57c6f1bb833ce8
clock.rows.10.cells.3.lag_gap	f:3f62bdd94c08416c
clock.rows.10.cells.3.tau_f	f:3fd3333333333334
clock.rows.10.cells.3.tau_gov	f:3fa999999999999a
clock.rows.10.cells.3.slope_f	f:3f803885c43f294c
clock.rows.10.cells.3.slope_r	f:3f5cef20ea8d8579
clock.rows.10.cells.3.predicted	s:fuel
clock.rows.10.cells.3.measured	s:fuel
clock.rows.10.cells.3.margin	f:3fd766f5140b5b31
clock.rows.10.cells.4	keys:10
clock.rows.10.cells.4.s	f:3fc7ae147ae147b1
clock.rows.10.cells.4.setpoint_gap	f:3f58479d3a8c96d8
clock.rows.10.cells.4.lag_gap	f:3f62ae8626899538
clock.rows.10.cells.4.tau_f	f:3fd3333333333334
clock.rows.10.cells.4.tau_gov	f:3fa999999999999a
clock.rows.10.cells.4.slope_f	f:3f802c9f33d76fdc
clock.rows.10.cells.4.slope_r	f:3f5d18e3b2e5a899
clock.rows.10.cells.4.predicted	s:fuel
clock.rows.10.cells.4.measured	s:fuel
clock.rows.10.cells.4.margin	f:3fd66941691537ca
clock.rows.10.cells.5	keys:10
clock.rows.10.cells.5.s	f:3fc851eb851eb855
clock.rows.10.cells.5.setpoint_gap	f:3f58c7b482fdb240
clock.rows.10.cells.5.lag_gap	f:3f62a53a7961c1f4
clock.rows.10.cells.5.tau_f	f:3fd3333333333334
clock.rows.10.cells.5.tau_gov	f:3fa999999999999a
clock.rows.10.cells.5.slope_f	f:3f8025cb30ace18c
clock.rows.10.cells.5.slope_r	f:3f5d44f62923fc39
clock.rows.10.cells.5.predicted	s:fuel
clock.rows.10.cells.5.measured	s:fuel
clock.rows.10.cells.5.margin	f:3fd578afd6f3419b
clock.rows.10.cells.6	keys:10
clock.rows.10.cells.6.s	f:3fc8f5c28f5c28f9
clock.rows.10.cells.6.setpoint_gap	f:3f59476357a1bd68
clock.rows.10.cells.6.lag_gap	f:3f62a0ccad3d2300
clock.rows.10.cells.6.tau_f	f:3fd3333333333334
clock.rows.10.cells.6.tau_gov	f:3fa999999999999a
clock.rows.10.cells.6.slope_f	f:3f80230f409e33e8
clock.rows.10.cells.6.slope_r	f:3f5d72e10c1c4399
clock.rows.10.cells.6.predicted	s:fuel
clock.rows.10.cells.6.measured	s:fuel
clock.rows.10.cells.6.margin	f:3fd4933cd673c485
clock.rows.10.cells.7	keys:10
clock.rows.10.cells.7.s	f:3fc999999999999d
clock.rows.10.cells.7.setpoint_gap	f:3f59c6cd14d6deb0
clock.rows.10.cells.7.lag_gap	f:3f62a04d7899d71c
clock.rows.10.cells.7.tau_f	f:3fd3333333333334
clock.rows.10.cells.7.tau_gov	f:3fa999999999999a
clock.rows.10.cells.7.slope_f	f:3f8023a1fd3e60e4
clock.rows.10.cells.7.slope_r	f:3f5da244a3a88e79
clock.rows.10.cells.7.predicted	s:fuel
clock.rows.10.cells.7.measured	s:fuel
clock.rows.10.cells.7.margin	f:3fd3b72e9cd336fc
clock.rows.10.cells.8	keys:10
clock.rows.10.cells.8.s	f:3fca3d70a3d70a41
clock.rows.10.cells.8.setpoint_gap	f:3f5a460e55c65318
clock.rows.10.cells.8.lag_gap	f:3f62a2fc77385ce8
clock.rows.10.cells.8.tau_f	f:3fd3333333333334
clock.rows.10.cells.8.tau_gov	f:3fa999999999999a
clock.rows.10.cells.8.slope_f	f:3f8026e179502b58
clock.rows.10.cells.8.slope_r	f:3f5dd2d41e399c59
clock.rows.10.cells.8.predicted	s:fuel
clock.rows.10.cells.8.measured	s:fuel
clock.rows.10.cells.8.margin	f:3fd2e30e6cced012
clock.rows.10.cells.9	keys:10
clock.rows.10.cells.9.s	f:3fcae147ae147ae5
clock.rows.10.cells.9.setpoint_gap	f:3f5ac53e4733bf50
clock.rows.10.cells.9.lag_gap	f:3f62a83efc3b9238
clock.rows.10.cells.9.tau_f	f:3fd3333333333334
clock.rows.10.cells.9.tau_gov	f:3fa999999999999a
clock.rows.10.cells.9.slope_f	f:3f802c4b86b05768
clock.rows.10.cells.9.slope_r	f:3f5e0451d7c18ad8
clock.rows.10.cells.9.predicted	s:fuel
clock.rows.10.cells.9.measured	s:fuel
clock.rows.10.cells.9.margin	f:3fd215a0f862aa32
clock.rows.10.cells.10	keys:10
clock.rows.10.cells.10.s	f:3fcb851eb851eb89
clock.rows.10.cells.10.setpoint_gap	f:3f5b446fb7fe0438
clock.rows.10.cells.10.lag_gap	f:3f62af98afb8d34c
clock.rows.10.cells.10.tau_f	f:3fd3333333333334
clock.rows.10.cells.10.tau_gov	f:3fa999999999999a
clock.rows.10.cells.10.slope_f	f:3f8033777f059aa4
clock.rows.10.cells.10.slope_r	f:3f5e368c5c2bfaf8
clock.rows.10.cells.10.predicted	s:fuel
clock.rows.10.cells.10.measured	s:fuel
clock.rows.10.cells.10.margin	f:3fd14ddea540f652
clock.rows.10.cells.11	keys:10
clock.rows.10.cells.11.s	f:3fcc28f5c28f5c2d
clock.rows.10.cells.11.setpoint_gap	f:3f5bc3b1f4483c60
clock.rows.10.cells.11.lag_gap	f:3f62b8a59e19f678
clock.rows.10.cells.11.tau_f	f:3fd3333333333334
clock.rows.10.cells.11.tau_gov	f:3fa999999999999a
clock.rows.10.cells.11.slope_f	f:3f803c1143c334cc
clock.rows.10.cells.11.slope_r	f:3f5e695c008b6398
clock.rows.10.cells.11.predicted	s:fuel
clock.rows.10.cells.11.measured	s:fuel
clock.rows.10.cells.11.margin	f:3fd08aec315a1f87
clock.rows.10.cells.12	keys:10
clock.rows.10.cells.12.s	f:3fccccccccccccd1
clock.rows.10.cells.12.setpoint_gap	f:3f5c431175ba51b0
clock.rows.10.cells.12.lag_gap	f:3f62c31571148664
clock.rows.10.cells.12.tau_f	f:3fd3333333333334
clock.rows.10.cells.12.tau_gov	f:3fa999999999999a
clock.rows.10.cells.12.slope_f	f:3f8045d538ada7e8
clock.rows.10.cells.12.slope_r	f:3f5e9ca0f55a7bf8
clock.rows.10.cells.12.predicted	s:fuel
clock.rows.10.cells.12.measured	s:fuel
clock.rows.10.cells.12.margin	f:3fcf9827f51c7dea
clock.rows.10.cells.13	keys:10
clock.rows.10.cells.13.s	f:3fcd70a3d70a3d75
clock.rows.10.cells.13.setpoint_gap	f:3f5cc298713e2ef8
clock.rows.10.cells.13.lag_gap	f:3f62cea7980ca060
clock.rows.10.cells.13.tau_f	f:3fd3333333333334
clock.rows.10.cells.13.tau_gov	f:3fa999999999999a
clock.rows.10.cells.13.slope_f	f:3f80508d07ea8ba4
clock.rows.10.cells.13.slope_r	f:3f5ed041ba011fd8
clock.rows.10.cells.13.predicted	s:fuel
clock.rows.10.cells.13.measured	s:fuel
clock.rows.10.cells.13.margin	f:3fce21800d209eab
clock.rows.10.cells.14	keys:10
clock.rows.10.cells.14.s	f:3fce147ae147ae19
clock.rows.10.cells.14.setpoint_gap	f:3f5d424f48fb26c8
clock.rows.10.cells.14.lag_gap	f:3f62db283114ac94
clock.rows.10.cells.14.tau_f	f:3fd3333333333334
clock.rows.10.cells.14.tau_gov	f:3fa999999999999a
clock.rows.10.cells.14.slope_f	f:3f805c0d0833be38
clock.rows.10.cells.14.slope_r	f:3f5f0429de78b378
clock.rows.10.cells.14.predicted	s:fuel
clock.rows.10.cells.14.measured	s:fuel
clock.rows.10.cells.14.margin	f:3fccb0e9a0953871
clock.rows.10.cells.15	keys:10
clock.rows.10.cells.15.s	f:3fceb851eb851ebd
clock.rows.10.cells.15.setpoint_gap	f:3f5dc23ce7fe8e50
clock.rows.10.cells.15.lag_gap	f:3f62e86d8cd69dd8
clock.rows.10.cells.15.tau_f	f:3fd3333333333334
clock.rows.10.cells.15.tau_gov	f:3fa999999999999a
clock.rows.10.cells.15.slope_f	f:3f8068322571202c
clock.rows.10.cells.15.slope_r	f:3f5f384903ad5e98
clock.rows.10.cells.15.predicted	s:fuel
clock.rows.10.cells.15.measured	s:fuel
clock.rows.10.cells.15.margin	f:3fcb4599a4321c71
clock.rows.10.cells.16	keys:10
clock.rows.10.cells.16.s	f:3fcf5c28f5c28f61
clock.rows.10.cells.16.setpoint_gap	f:3f5e42670bf08c40
clock.rows.10.cells.16.lag_gap	f:3f62f6562f185100
clock.rows.10.cells.16.tau_f	f:3fd3333333333334
clock.rows.10.cells.16.tau_gov	f:3fa999999999999a
clock.rows.10.cells.16.slope_f	f:3f8074e03235a39d
clock.rows.10.cells.16.slope_r	f:3f5f6c920e4205b1
clock.rows.10.cells.16.predicted	s:fuel
clock.rows.10.cells.16.measured	s:fuel
clock.rows.10.cells.16.margin	f:3fc9dee979c99a4a
clock.rows.10.cells.17	keys:10
clock.rows.10.cells.17.s	f:3fd0000000000002
clock.rows.10.cells.17.setpoint_gap	f:3f5ec2d280593a10
clock.rows.10.cells.17.lag_gap	f:3f6304c73373c9d0
clock.rows.10.cells.17.tau_f	f:3fd3333333333334
clock.rows.10.cells.17.tau_gov	f:3fa999999999999a
clock.rows.10.cells.17.slope_f	f:3f8082008d94b3e1
clock.rows.10.cells.17.slope_r	f:3f5fa0fa81ca31f1
clock.rows.10.cells.17.predicted	s:fuel
clock.rows.10.cells.17.measured	s:fuel
clock.rows.10.cells.17.margin	f:3fc87c5091d564fd
clock.rows.10.cells.18	keys:10
clock.rows.10.cells.18.s	f:3fd051eb851eb854
clock.rows.10.cells.18.setpoint_gap	f:3f5f43834e49c838
clock.rows.10.cells.18.lag_gap	f:3f6313ab02a50460
clock.rows.10.cells.18.tau_f	f:3fd3333333333334
clock.rows.10.cells.18.tau_gov	f:3fa999999999999a
clock.rows.10.cells.18.slope_f	f:3f808f810ccc2eec
clock.rows.10.cells.18.slope_r	f:3f5fd579fc801d58
clock.rows.10.cells.18.predicted	s:fuel
clock.rows.10.cells.18.measured	s:fuel
clock.rows.10.cells.18.margin	f:3fc71d5f18b6f239
clock.rows.10.cells.19	keys:10
clock.rows.10.cells.19.s	f:3fd0a3d70a3d70a6
clock.rows.10.cells.19.setpoint_gap	f:3f5fc47ce2aff5d8
clock.rows.10.cells.19.lag_gap	f:3f6318bb0de406a4
clock.rows.10.cells.19.tau_f	f:3fd3333333333334
clock.rows.10.cells.19.tau_gov	f:3fa999999999999a
clock.rows.10.cells.19.slope_f	f:3f8094b90d3397c0
clock.rows.10.cells.19.slope_r	f:3f6002bc2705b53c
clock.rows.10.cells.19.predicted	s:fuel
clock.rows.10.cells.19.measured	s:fuel
clock.rows.10.cells.19.margin	f:3fc588eeee36378b
clock.rows.10.cells.20	keys:10
clock.rows.10.cells.20.s	f:3fd0f5c28f5c28f8
clock.rows.10.cells.20.setpoint_gap	f:3f60228eda7b60b0
clock.rows.10.cells.20.lag_gap	f:3f6249c4edaeaa94
clock.rows.10.cells.20.tau_f	f:3fd3333333333334
clock.rows.10.cells.20.tau_gov	f:3fa999999999999a
clock.rows.10.cells.20.slope_f	f:3f7fce801a7e9128
clock.rows.10.cells.20.slope_r	f:3f5fd53d5892f4b8
clock.rows.10.cells.20.predicted	s:fuel
clock.rows.10.cells.20.measured	s:gov
clock.rows.10.cells.20.margin	f:3fbe23ecbbd07fa9
clock.rows.10.cells.21	keys:10
clock.rows.10.cells.21.s	f:3fd147ae147ae14a
clock.rows.10.cells.21.setpoint_gap	f:3f605c5904a174ec
clock.rows.10.cells.21.lag_gap	f:3f6065a143678e75
clock.rows.10.cells.21.tau_f	f:3fd3333333333334
clock.rows.10.cells.21.tau_gov	f:3fa999999999999a
clock.rows.10.cells.21.slope_f	f:3f7ca038de5c9169
clock.rows.10.cells.21.slope_r	f:3f5f2422507f5fb8
clock.rows.10.cells.21.predicted	s:fuel
clock.rows.10.cells.21.measured	s:gov
clock.rows.10.cells.21.margin	f:3f621d6d36606644
clock.rows.10.cells.22	keys:10
clock.rows.10.cells.22.s	f:3fd199999999999c
clock.rows.10.cells.22.setpoint_gap	f:3f608d4304ed3b70
clock.rows.10.cells.22.lag_gap	f:3f5cd155e2d1a2fa
clock.rows.10.cells.22.tau_f	f:3fd3333333333334
clock.rows.10.cells.22.tau_gov	f:3fa999999999999a
clock.rows.10.cells.22.slope_f	f:3f7947d21ac2134a
clock.rows.10.cells.22.slope_r	f:3f5e60fcc9d11378
clock.rows.10.cells.22.predicted	s:gov
clock.rows.10.cells.22.measured	s:gov
clock.rows.10.cells.22.margin	f:bfc09270b0bba318
clock.rows.10.cells.23	keys:10
clock.rows.10.cells.23.s	f:3fd1eb851eb851ee
clock.rows.10.cells.23.setpoint_gap	f:3f60b6e6323c9ce4
clock.rows.10.cells.23.lag_gap	f:3f598e4b44d9642a
clock.rows.10.cells.23.tau_f	f:3fd3333333333334
clock.rows.10.cells.23.tau_gov	f:3fa999999999999a
clock.rows.10.cells.23.slope_f	f:3f76894494939062
clock.rows.10.cells.23.slope_r	f:3f5dc08c8cd9b5f9
clock.rows.10.cells.23.predicted	s:gov
clock.rows.10.cells.23.measured	s:gov
clock.rows.10.cells.23.margin	f:bfce25693925989c
clock.rows.10.cells.24	keys:10
clock.rows.10.cells.24.s	f:3fd23d70a3d70a40
clock.rows.10.cells.24.setpoint_gap	f:3f60da907cf43704
clock.rows.10.cells.24.lag_gap	f:3f56e06eb78f4cbb
clock.rows.10.cells.24.tau_f	f:3fd3333333333334
clock.rows.10.cells.24.tau_gov	f:3fa999999999999a
clock.rows.10.cells.24.slope_f	f:3f744834cd0ce09b
clock.rows.10.cells.24.slope_r	f:3f5d3c4ce2030ff9
clock.rows.10.cells.24.predicted	s:gov
clock.rows.10.cells.24.measured	s:gov
clock.rows.10.cells.24.margin	f:bfd4907a4d6d0676
clock.rows.10.cells.25	keys:10
clock.rows.10.cells.25.s	f:3fd28f5c28f5c292
clock.rows.10.cells.25.setpoint_gap	f:3f60f9526349a7b4
clock.rows.10.cells.25.lag_gap	f:3f54ac4bb70aa4d3
clock.rows.10.cells.25.tau_f	f:3fd3333333333334
clock.rows.10.cells.25.tau_gov	f:3fa999999999999a
clock.rows.10.cells.25.slope_f	f:3f726d8938e8200b
clock.rows.10.cells.25.slope_r	f:3f5ccef308ee2099
clock.rows.10.cells.25.predicted	s:gov
clock.rows.10.cells.25.measured	s:gov
clock.rows.10.cells.25.margin	f:bfd906b8a7a16e43
clock.rows.10.cells.26	keys:10
clock.rows.10.cells.26.s	f:3fd2e147ae147ae4
clock.rows.10.cells.26.setpoint_gap	f:3f61140a565e1118
clock.rows.10.cells.26.lag_gap	f:3f52db86cf74d144
clock.rows.10.cells.26.tau_f	f:3fd3333333333334
clock.rows.10.cells.26.tau_gov	f:3fa999999999999a
clock.rows.10.cells.26.slope_f	f:3f70e6727c35b33c
clock.rows.10.cells.26.slope_r	f:3f5c74336fe87459
clock.rows.10.cells.26.predicted	s:gov
clock.rows.10.cells.26.measured	s:gov
clock.rows.10.cells.26.margin	f:bfdcaa8b51f49d96
clock.rows.10.cells.27	keys:10
clock.rows.10.cells.27.s	f:3fd3333333333336
clock.rows.10.cells.27.setpoint_gap	f:3f612b6e05365de8
clock.rows.10.cells.27.lag_gap	f:3f515bec301cf394
clock.rows.10.cells.27.tau_f	f:3fd3333333333334
clock.rows.10.cells.27.tau_gov	f:3fa999999999999a
clock.rows.10.cells.27.slope_f	f:3f6f47407599d378
clock.rows.10.cells.27.slope_r	f:3f5c2891c0f2e219
clock.rows.10.cells.27.predicted	s:gov
clock.rows.10.cells.27.measured	s:gov
clock.rows.10.cells.27.margin	f:bfdfa59f0b83aa65
clock.rows.10.cells.28	keys:10
clock.rows.10.cells.28.s	f:3fd3851eb851eb88
clock.rows.10.cells.28.setpoint_gap	f:3f614011eee61214
clock.rows.10.cells.28.lag_gap	f:3f501eaa25de4f5d
clock.rows.10.cells.28.tau_f	f:3fd3333333333334
clock.rows.10.cells.28.tau_gov	f:3fa999999999999a
clock.rows.10.cells.28.slope_f	f:3f6d3135bba39ef9
clock.rows.10.cells.28.slope_r	f:3f5be939d64d4079
clock.rows.10.cells.28.predicted	s:gov
clock.rows.10.cells.28.measured	s:gov
clock.rows.10.cells.28.margin	f:bfe10c6e03dd9683
clock.rows.10.cells.29	keys:10
clock.rows.10.cells.29.s	f:3fd3d70a3d70a3da
clock.rows.10.cells.29.setpoint_gap	f:3f61526f8c6ad118
clock.rows.10.cells.29.lag_gap	f:3f4e2f5f9df09ec9
clock.rows.10.cells.29.tau_f	f:3fd3333333333334
clock.rows.10.cells.29.tau_gov	f:3fa999999999999a
clock.rows.10.cells.29.slope_f	f:3f6b7677adcd6299
clock.rows.10.cells.29.slope_r	f:3f5bb3dffa3a6b59
clock.rows.10.cells.29.predicted	s:gov
clock.rows.10.cells.29.measured	s:gov
clock.rows.10.cells.29.margin	f:bfe20f30815357ea
clock.rows.10.cells.30	keys:10
clock.rows.10.cells.30.s	f:3fd428f5c28f5c2c
clock.rows.10.cells.30.setpoint_gap	f:3f6162ea54816eb0
clock.rows.10.cells.30.lag_gap	f:3f4c7a532b1bdeea
clock.rows.10.cells.30.tau_f	f:3fd3333333333334
clock.rows.10.cells.30.tau_gov	f:3fa999999999999a
clock.rows.10.cells.30.slope_f	f:3f6a067de6460759
clock.rows.10.cells.30.slope_r	f:3f5b86a71c31a319
clock.rows.10.cells.30.predicted	s:gov
clock.rows.10.cells.30.measured	s:gov
clock.rows.10.cells.30.margin	f:bfe2e580963367b9
clock.rows.10.cells.31	keys:10
clock.rows.10.cells.31.s	f:3fd47ae147ae147e
clock.rows.10.cells.31.setpoint_gap	f:3f6171d3cfdbe8ac
clock.rows.10.cells.31.lag_gap	f:3f4b0e2c22c4b80b
clock.rows.10.cells.31.tau_f	f:3fd3333333333334
clock.rows.10.cells.31.tau_gov	f:3fa999999999999a
clock.rows.10.cells.31.slope_f	f:3f68d3d06fc7a60a
clock.rows.10.cells.31.slope_r	f:3f5b600be1ac9819
clock.rows.10.cells.31.predicted	s:gov
clock.rows.10.cells.31.measured	s:gov
clock.rows.10.cells.31.margin	f:bfe397b391e873b8
clock.rows.10.cells.32	keys:10
clock.rows.10.cells.32.s	f:3fd4ccccccccccd0
clock.rows.10.cells.32.setpoint_gap	f:3f617f6eea414930
clock.rows.10.cells.32.lag_gap	f:3f49ddddbb5b6d0b
clock.rows.10.cells.32.tau_f	f:3fd3333333333334
clock.rows.10.cells.32.tau_gov	f:3fa999999999999a
clock.rows.10.cells.32.slope_f	f:3f67d375150ef67a
clock.rows.10.cells.32.slope_r	f:3f5b3ed3ab214b59
clock.rows.10.cells.32.predicted	s:gov
clock.rows.10.cells.32.measured	s:gov
clock.rows.10.cells.32.margin	f:bfe42c7a6b468319
clock.rows.10.cells.33	keys:10
clock.rows.10.cells.33.s	f:3fd51eb851eb8522
clock.rows.10.cells.33.setpoint_gap	f:3f618bf2a4f95500
clock.rows.10.cells.33.lag_gap	f:3f48dec36fe1462b
clock.rows.10.cells.33.tau_f	f:3fd3333333333334
clock.rows.10.cells.33.tau_gov	f:3fa999999999999a
clock.rows.10.cells.33.slope_f	f:3f66fc781935363a
clock.rows.10.cells.33.slope_r	f:3f5b21fecfb1cd19
clock.rows.10.cells.33.predicted	s:gov
clock.rows.10.cells.33.measured	s:gov
clock.rows.10.cells.33.margin	f:bfe4a938985136c8
clock.rows.10.cells.34	keys:10
clock.rows.10.cells.34.s	f:3fd570a3d70a3d74
clock.rows.10.cells.34.setpoint_gap	f:3f61978c483049fc
clock.rows.10.cells.34.lag_gap	f:3f48082dc8c6c07b
clock.rows.10.cells.34.tau_f	f:3fd3333333333334
clock.rows.10.cells.34.tau_gov	f:3fa999999999999a
clock.rows.10.cells.34.slope_f	f:3f66478b4663535a
clock.rows.10.cells.34.slope_r	f:3f5b08bd74e46379
clock.rows.10.cells.34.predicted	s:gov
clock.rows.10.cells.34.measured	s:gov
clock.rows.10.cells.34.margin	f:bfe51247e7dc392b
clock.rows.10.cells.35	keys:10
clock.rows.10.cells.35.s	f:3fd5c28f5c28f5c6
clock.rows.10.cells.35.setpoint_gap	f:3f61a2612b7e4da8
clock.rows.10.cells.35.lag_gap	f:3f475304c0557bec
clock.rows.10.cells.35.tau_f	f:3fd3333333333334
clock.rows.10.cells.35.tau_gov	f:3fa999999999999a
clock.rows.10.cells.35.slope_f	f:3f65aeb72b4e7b2b
clock.rows.10.cells.35.slope_r	f:3f5af2668456eed9
clock.rows.10.cells.35.predicted	s:gov
clock.rows.10.cells.35.measured	s:gov
clock.rows.10.cells.35.margin	f:bfe56b2dd56b4d16
clock.rows.10.cells.36	keys:10
clock.rows.10.cells.36.s	f:3fd6147ae147ae18
clock.rows.10.cells.36.setpoint_gap	f:3f61ac90293d706c
clock.rows.10.cells.36.lag_gap	f:3f46b97bb9f5b3ac
clock.rows.10.cells.36.tau_f	f:3fd3333333333334
clock.rows.10.cells.36.tau_gov	f:3fa999999999999a
clock.rows.10.cells.36.slope_f	f:3f652d1b225f8ccb
clock.rows.10.cells.36.slope_r	f:3f5ade7058e194d9
clock.rows.10.cells.36.predicted	s:gov
clock.rows.10.cells.36.measured	s:gov
clock.rows.10.cells.36.margin	f:bfe5b6c5a928609a
clock.rows.10.cells.37	keys:10
clock.rows.10.cells.37.s	f:3fd666666666666a
clock.rows.10.cells.37.setpoint_gap	f:3f61b632ccac3600
clock.rows.10.cells.37.lag_gap	f:3f4636d3c1d5128c
clock.rows.10.cells.37.tau_f	f:3fd3333333333334
clock.rows.10.cells.37.tau_gov	f:3fa999999999999a
clock.rows.10.cells.37.slope_f	f:3f64beb95d83505b
clock.rows.10.cells.37.slope_r	f:3f5acc6acfd50ad9
clock.rows.10.cells.37.predicted	s:gov
clock.rows.10.cells.37.measured	s:gov
clock.rows.10.cells.37.margin	f:bfe5f761e2be5627
clock.rows.10.cells.38	keys:10
clock.rows.10.cells.38.s	f:3fd6b851eb851ebc
clock.rows.10.cells.38.setpoint_gap	f:3f61bf5e47db2088
clock.rows.10.cells.38.lag_gap	f:3f45c72966a63dec
clock.rows.10.cells.38.tau_f	f:3fd3333333333334
clock.rows.10.cells.38.tau_gov	f:3fa999999999999a
clock.rows.10.cells.38.slope_f	f:3f64604cb519a97b
clock.rows.10.cells.38.slope_r	f:3f5abbfa7ab58699
clock.rows.10.cells.38.predicted	s:gov
clock.rows.10.cells.38.measured	s:gov
clock.rows.10.cells.38.margin	f:bfe62ee6d468e0c9
clock.rows.10.cells.39	keys:10
clock.rows.10.cells.39.s	f:3fd70a3d70a3d70e
clock.rows.10.cells.39.setpoint_gap	f:3f61c8243bf33d6c
clock.rows.10.cells.39.lag_gap	f:3f45674bff09420c
clock.rows.10.cells.39.tau_f	f:3fd3333333333334
clock.rows.10.cells.39.tau_gov	f:3fa999999999999a
clock.rows.10.cells.39.slope_f	f:3f640f266414556b
clock.rows.10.cells.39.slope_r	f:3f5aacd4ba976c99
clock.rows.10.cells.39.predicted	s:gov
clock.rows.10.cells.39.measured	s:gov
clock.rows.10.cells.39.margin	f:bfe65edfe2640913
clock.rows.10.cells.40	keys:10
clock.rows.10.cells.40.s	f:3fd75c28f5c28f60
clock.rows.10.cells.40.setpoint_gap	f:3f61d0935c675f90
clock.rows.10.cells.40.lag_gap	f:3f45149c948fd3ac
clock.rows.10.cells.40.tau_f	f:3fd3333333333334
clock.rows.10.cells.40.tau_gov	f:3fa999999999999a
clock.rows.10.cells.40.slope_f	f:3f63c91233304f3b
clock.rows.10.cells.40.slope_r	f:3f5a9ebc98a57219
clock.rows.10.cells.40.predicted	s:gov
clock.rows.10.cells.40.measured	s:gov
clock.rows.10.cells.40.margin	f:bfe68890867885ee
clock.rows.10.cells.41	keys:10
clock.rows.10.cells.41.s	f:3fd7ae147ae147b2
clock.rows.10.cells.41.setpoint_gap	f:3f61d8b7f404d0d8
clock.rows.10.cells.41.lag_gap	f:3f44e651fadb653c
clock.rows.10.cells.41.tau_f	f:3fd3333333333334
clock.rows.10.cells.41.tau_gov	f:3fa999999999999a
clock.rows.10.cells.41.slope_f	f:3f63a15556ae4fab
clock.rows.10.cells.41.slope_r	f:3f5a90cc4399c7b9
clock.rows.10.cells.41.predicted	s:gov
clock.rows.10.cells.41.measured	s:gov
clock.rows.10.cells.41.margin	f:bfe6a1a27f1bebb7
clock.rows.11	keys:20
clock.rows.11.coord	s:demand
clock.rows.11.tau_f	f:3fb999999999999a
clock.rows.11.tau_gov	f:3fc999999999999a
clock.rows.11.tau_q	f:3fa999999999999a
clock.rows.11.tau_s	f:3fa999999999999a
clock.rows.11.phi_lim	f:3fe8000000000000
clock.rows.11.phi_air	f:3fe8a3d70a3d70a4
clock.rows.11.max_Tt4	f:40929c1372195421
clock.rows.11.riding4_valid	b:1
clock.rows.11.n_riding4	i:39
clock.rows.11.census	keys:2
clock.rows.11.census.fuel	i:14
clock.rows.11.census.gov	i:25
clock.rows.11.n_fuel	i:14
clock.rows.11.n_gov	i:25
clock.rows.11.n_scored	i:39
clock.rows.11.n_edge	i:0
clock.rows.11.n_agree	i:38
clock.rows.11.agreement	f:3fef2df2df2df2df
clock.rows.11.worst_miss	f:3f4e5511c6806e29
clock.rows.11.min_margin	f:3f4e5511c6806e29
clock.rows.11.cells	len:39
clock.rows.11.cells.0	keys:10
clock.rows.11.cells.0.s	f:3fc51eb851eb8521
clock.rows.11.cells.0.setpoint_gap	f:3f563f13ccf37c88
clock.rows.11.cells.0.lag_gap	f:3f60fca122223985
clock.rows.11.cells.0.tau_f	f:3fd3333333333334
clock.rows.11.cells.0.tau_gov	f:3fc999999999999a
clock.rows.11.cells.0.slope_f	f:3f8088613dd6e6c0
clock.rows.11.cells.0.slope_r	f:3f5c864390bc91d9
clock.rows.11.cells.0.predicted	s:fuel
clock.rows.11.cells.0.measured	s:fuel
clock.rows.11.cells.0.margin	f:3fd6178b9bbed609
clock.rows.11.cells.1	keys:10
clock.rows.11.cells.1.s	f:3fc5c28f5c28f5c5
clock.rows.11.cells.1.setpoint_gap	f:3f56c2f8495ca508
clock.rows.11.cells.1.lag_gap	f:3f60cebeb1c7f365
clock.rows.11.cells.1.tau_f	f:3fd3333333333334
clock.rows.11.cells.1.tau_gov	f:3fc999999999999a
clock.rows.11.cells.1.slope_f	f:3f8064b4565b3ff0
clock.rows.11.cells.1.slope_r	f:3f5ca5011a777d59
clock.rows.11.cells.1.predicted	s:fuel
clock.rows.11.cells.1.measured	s:fuel
clock.rows.11.cells.1.margin	f:3fd4aa06d3d30a5f
clock.rows.11.cells.2	keys:10
clock.rows.11.cells.2.s	f:3fc6666666666669
clock.rows.11.cells.2.setpoint_gap	f:3f57457bd108f398
clock.rows.11.cells.2.lag_gap	f:3f60ac07683617dd
clock.rows.11.cells.2.tau_f	f:3fd3333333333334
clock.rows.11.cells.2.tau_gov	f:3fc999999999999a
clock.rows.11.cells.2.slope_f	f:3f804ab65ec266cc
clock.rows.11.cells.2.slope_r	f:3f5cc8425effe2f9
clock.rows.11.cells.2.predicted	s:fuel
clock.rows.11.cells.2.measured	s:fuel
clock.rows.11.cells.2.margin	f:3fd3554842bdb181
clock.rows.11.cells.3	keys:10
clock.rows.11.cells.3.s	f:3fc70a3d70a3d70d
clock.rows.11.cells.3.setpoint_gap	f:3f57c6f1bb833ce8
clock.rows.11.cells.3.lag_gap	f:3f6092506da40a9d
clock.rows.11.cells.3.tau_f	f:3fd3333333333334
clock.rows.11.cells.3.tau_gov	f:3fc999999999999a
clock.rows.11.cells.3.slope_f	f:3f803885c43f294c
clock.rows.11.cells.3.slope_r	f:3f5cef20ea8d8579
clock.rows.11.cells.3.predicted	s:fuel
clock.rows.11.cells.3.measured	s:fuel
clock.rows.11.cells.3.margin	f:3fd215fac56b3975
clock.rows.11.cells.4	keys:10
clock.rows.11.cells.4.s	f:3fc7ae147ae147b1
clock.rows.11.cells.4.setpoint_gap	f:3f58479d3a8c96d8
clock.rows.11.cells.4.lag_gap	f:3f607fdb791ec22d
clock.rows.11.cells.4.tau_f	f:3fd3333333333334
clock.rows.11.cells.4.tau_gov	f:3fc999999999999a
clock.rows.11.cells.4.slope_f	f:3f802c9f33d76fdc
clock.rows.11.cells.4.slope_r	f:3f5d18e3b2e5a899
clock.rows.11.cells.4.predicted	s:fuel
clock.rows.11.cells.4.measured	s:fuel
clock.rows.11.cells.4.margin	f:3fd0e9117e641805
clock.rows.11.cells.5	keys:10
clock.rows.11.cells.5.s	f:3fc851eb851eb855
clock.rows.11.cells.5.setpoint_gap	f:3f58c7b482fdb240
clock.rows.11.cells.5.lag_gap	f:3f6073419cb2423d
clock.rows.11.cells.5.tau_f	f:3fd3333333333334
clock.rows.11.cells.5.tau_gov	f:3fc999999999999a
clock.rows.11.cells.5.slope_f	f:3f8025cb30ace18c
clock.rows.11.cells.5.slope_r	f:3f5d44f62923fc39
clock.rows.11.cells.5.predicted	s:fuel
clock.rows.11.cells.5.measured	s:fuel
clock.rows.11.cells.5.margin	f:3fcf97a749bb2354
clock.rows.11.cells.6	keys:10
clock.rows.11.cells.6.s	f:3fc8f5c28f5c28f9
clock.rows.11.cells.6.setpoint_gap	f:3f59476357a1bd68
clock.rows.11.cells.6.lag_gap	f:3f606b6232bb0455
clock.rows.11.cells.6.tau_f	f:3fd3333333333334
clock.rows.11.cells.6.tau_gov	f:3fc999999999999a
clock.rows.11.cells.6.slope_f	f:3f80230f409e33e8
clock.rows.11.cells.6.slope_r	f:3f5d72e10c1c4399
clock.rows.11.cells.6.predicted	s:fuel
clock.rows.11.cells.6.measured	s:fuel
clock.rows.11.cells.6.margin	f:3fcd77be9202d8a8
clock.rows.11.cells.7	keys:10
clock.rows.11.cells.7.s	f:3fc999999999999d
clock.rows.11.cells.7.setpoint_gap	f:3f59c6cd14d6deb0
clock.rows.11.cells.7.lag_gap	f:3f6067551f86cc6d
clock.rows.11.cells.7.tau_f	f:3fd3333333333334
clock.rows.11.cells.7.tau_gov	f:3fc999999999999a
clock.rows.11.cells.7.slope_f	f:3f8023a1fd3e60e4
clock.rows.11.cells.7.slope_r	f:3f5da244a3a88e79
clock.rows.11.cells.7.predicted	s:fuel
clock.rows.11.cells.7.measured	s:fuel
clock.rows.11.cells.7.margin	f:3fcb6e4cab482b5a
clock.rows.11.cells.8	keys:10
clock.rows.11.cells.8.s	f:3fca3d70a3d70a41
clock.rows.11.cells.8.setpoint_gap	f:3f5a460e55c65318
clock.rows.11.cells.8.lag_gap	f:3f60665fc1c0d795
clock.rows.11.cells.8.tau_f	f:3fd3333333333334
clock.rows.11.cells.8.tau_gov	f:3fc999999999999a
clock.rows.11.cells.8.slope_f	f:3f8026e179502b58
clock.rows.11.cells.8.slope_r	f:3f5dd2d41e399c59
clock.rows.11.cells.8.predicted	s:fuel
clock.rows.11.cells.8.measured	s:fuel
clock.rows.11.cells.8.margin	f:3fc977d07a151d23
clock.rows.11.cells.9	keys:10
clock.rows.11.cells.9.s	f:3fcae147ae147ae5
clock.rows.11.cells.9.setpoint_gap	f:3f5ac53e4733bf50
clock.rows.11.cells.9.lag_gap	f:3f6067ec0c0d0e35
clock.rows.11.cells.9.tau_f	f:3fd3333333333334
clock.rows.11.cells.9.tau_gov	f:3fc999999999999a
clock.rows.11.cells.9.slope_f	f:3f802c4b86b05768
clock.rows.11.cells.9.slope_r	f:3f5e0451d7c18ad8
clock.rows.11.cells.9.predicted	s:fuel
clock.rows.11.cells.9.measured	s:fuel
clock.rows.11.cells.9.margin	f:3fc79154055f556e
clock.rows.11.cells.10	keys:10
clock.rows.11.cells.10.s	f:3fcb851eb851eb89
clock.rows.11.cells.10.setpoint_gap	f:3f5b446fb7fe0438
clock.rows.11.cells.10.lag_gap	f:3f606b815c0253ad
clock.rows.11.cells.10.tau_f	f:3fd3333333333334
clock.rows.11.cells.10.tau_gov	f:3fc999999999999a
clock.rows.11.cells.10.slope_f	f:3f8033777f059aa4
clock.rows.11.cells.10.slope_r	f:3f5e368c5c2bfaf8
clock.rows.11.cells.10.predicted	s:fuel
clock.rows.11.cells.10.measured	s:fuel
clock.rows.11.cells.10.margin	f:3fc5b85b80e3a43b
clock.rows.11.cells.11	keys:10
clock.rows.11.cells.11.s	f:3fcc28f5c28f5c2d
clock.rows.11.cells.11.setpoint_gap	f:3f5bc3b1f4483c60
clock.rows.11.cells.11.lag_gap	f:3f6070beb7a91bcd
clock.rows.11.cells.11.tau_f	f:3fd3333333333334
clock.rows.11.cells.11.tau_gov	f:3fc999999999999a
clock.rows.11.cells.11.slope_f	f:3f803c1143c334cc
clock.rows.11.cells.11.slope_r	f:3f5e695c008b6398
clock.rows.11.cells.11.predicted	s:fuel
clock.rows.11.cells.11.measured	s:fuel
clock.rows.11.cells.11.margin	f:3fc3ead4b20b76ab
clock.rows.11.cells.12	keys:10
clock.rows.11.cells.12.s	f:3fccccccccccccd1
clock.rows.11.cells.12.setpoint_gap	f:3f5c431175ba51b0
clock.rows.11.cells.12.lag_gap	f:3f6077562b7a89e5
clock.rows.11.cells.12.tau_f	f:3fd3333333333334
clock.rows.11.cells.12.tau_gov	f:3fc999999999999a
clock.rows.11.cells.12.slope_f	f:3f8045d538ada7e8
clock.rows.11.cells.12.slope_r	f:3f5e9ca0f55a7bf8
clock.rows.11.cells.12.predicted	s:fuel
clock.rows.11.cells.12.measured	s:fuel
clock.rows.11.cells.12.margin	f:3fc227077a3218de
clock.rows.11.cells.13	keys:10
clock.rows.11.cells.13.s	f:3fcd70a3d70a3d75
clock.rows.11.cells.13.setpoint_gap	f:3f5cc298713e2ef8
clock.rows.11.cells.13.lag_gap	f:3f6028866834616d
clock.rows.11.cells.13.tau_f	f:3fd3333333333334
clock.rows.11.cells.13.tau_gov	f:3fc999999999999a
clock.rows.11.cells.13.slope_f	f:3f80050e921f30ec
clock.rows.11.cells.13.slope_r	f:3f5ea76ec76a7cd8
clock.rows.11.cells.13.predicted	s:fuel
clock.rows.11.cells.13.measured	s:fuel
clock.rows.11.cells.13.margin	f:3fbc2c479bfae494
clock.rows.11.cells.14	keys:10
clock.rows.11.cells.14.s	f:3fce147ae147ae19
clock.rows.11.cells.14.setpoint_gap	f:3f5d3cadad80de98
clock.rows.11.cells.14.lag_gap	f:3f5d439cf941e45c
clock.rows.11.cells.14.tau_f	f:3fd3333333333334
clock.rows.11.cells.14.tau_gov	f:3fc999999999999a
clock.rows.11.cells.14.slope_f	f:3f7d67ceead7fca9
clock.rows.11.cells.14.slope_r	f:3f5e1cc8a2c67638
clock.rows.11.cells.14.predicted	s:fuel
clock.rows.11.cells.14.measured	s:gov
clock.rows.11.cells.14.margin	f:3f4e5511c6806e29
clock.rows.11.cells.15	keys:10
clock.rows.11.cells.15.s	f:3fceb851eb851ebd
clock.rows.11.cells.15.setpoint_gap	f:3f5da29eb672eb18
clock.rows.11.cells.15.lag_gap	f:3f58c2b59fc644ab
clock.rows.11.cells.15.tau_f	f:3fd3333333333334
clock.rows.11.cells.15.tau_gov	f:3fc999999999999a
clock.rows.11.cells.15.slope_f	f:3f79803f352060f2
clock.rows.11.cells.15.slope_r	f:3f5d33ef1fe2ee59
clock.rows.11.cells.15.predicted	s:gov
clock.rows.11.cells.15.measured	s:gov
clock.rows.11.cells.15.margin	f:bfc50df42de749ed
clock.rows.11.cells.16	keys:10
clock.rows.11.cells.16.s	f:3fcf5c28f5c28f61
clock.rows.11.cells.16.setpoint_gap	f:3f5df70c88e8daf8
clock.rows.11.cells.16.lag_gap	f:3f54f452360abd6d
clock.rows.11.cells.16.tau_f	f:3fd3333333333334
clock.rows.11.cells.16.tau_gov	f:3fc999999999999a
clock.rows.11.cells.16.slope_f	f:3f76332056a19c7c
clock.rows.11.cells.16.slope_r	f:3f5c6d26f993f7cf
clock.rows.11.cells.16.predicted	s:gov
clock.rows.11.cells.16.measured	s:gov
clock.rows.11.cells.16.margin	f:bfd33ec2f1cd2dc0
clock.rows.11.cells.17	keys:10
clock.rows.11.cells.17.s	f:3fd0000000000002
clock.rows.11.cells.17.setpoint_gap	f:3f5e3d2c6a9e4d98
clock.rows.11.cells.17.lag_gap	f:3f51d88b1ece0d4a
clock.rows.11.cells.17.tau_f	f:3fd3333333333334
clock.rows.11.cells.17.tau_gov	f:3fc999999999999a
clock.rows.11.cells.17.slope_f	f:3f7380bf4ad76c0a
clock.rows.11.cells.17.slope_r	f:3f5bc9c4270645cf
clock.rows.11.cells.17.predicted	s:gov
clock.rows.11.cells.17.measured	s:gov
clock.rows.11.cells.17.margin	f:bfda3acac96bf378
clock.rows.11.cells.18	keys:10
clock.rows.11.cells.18.s	f:3fd051eb851eb854
clock.rows.11.cells.18.setpoint_gap	f:3f5e779f06649c08
clock.rows.11.cells.18.lag_gap	f:3f4e9e08b9f1c73a
clock.rows.11.cells.18.tau_f	f:3fd3333333333334
clock.rows.11.cells.18.tau_gov	f:3fc999999999999a
clock.rows.11.cells.18.slope_f	f:3f714d0fd8d4f6bc
clock.rows.11.cells.18.slope_r	f:3f5b434944215659
clock.rows.11.cells.18.predicted	s:gov
clock.rows.11.cells.18.measured	s:gov
clock.rows.11.cells.18.margin	f:bfdfd7a7972ab172
clock.rows.11.cells.19	keys:10
clock.rows.11.cells.19.s	f:3fd0a3d70a3d70a6
clock.rows.11.cells.19.setpoint_gap	f:3f5ea88b09a67d00
clock.rows.11.cells.19.lag_gap	f:3f4a7a61325c471a
clock.rows.11.cells.19.tau_f	f:3fd3333333333334
clock.rows.11.cells.19.tau_gov	f:3fc999999999999a
clock.rows.11.cells.19.slope_f	f:3f6f021dfab69068
clock.rows.11.cells.19.slope_r	f:3f5ad466f23cff79
clock.rows.11.cells.19.predicted	s:gov
clock.rows.11.cells.19.measured	s:gov
clock.rows.11.cells.19.margin	f:bfe22e7f49583b53
clock.rows.11.cells.20	keys:10
clock.rows.11.cells.20.s	f:3fd0f5c28f5c28f8
clock.rows.11.cells.20.setpoint_gap	f:3f5ed1b313399220
clock.rows.11.cells.20.lag_gap	f:3f471a953d73de3c
clock.rows.11.cells.20.tau_f	f:3fd3333333333334
clock.rows.11.cells.20.tau_gov	f:3fc999999999999a
clock.rows.11.cells.20.slope_f	f:3f6c13be39893af9
clock.rows.11.cells.20.slope_r	f:3f5a78c592fa0559
clock.rows.11.cells.20.predicted	s:gov
clock.rows.11.cells.20.measured	s:gov
clock.rows.11.cells.20.margin	f:bfe40165bbf579b6
clock.rows.11.cells.21	keys:10
clock.rows.11.cells.21.s	f:3fd147ae147ae14a
clock.rows.11.cells.21.setpoint_gap	f:3f5ef487bf175f68
clock.rows.11.cells.21.lag_gap	f:3f445af78501ffdc
clock.rows.11.cells.21.tau_f	f:3fd3333333333334
clock.rows.11.cells.21.tau_gov	f:3fc999999999999a
clock.rows.11.cells.21.slope_f	f:3f69b01673362aaa
clock.rows.11.cells.21.slope_r	f:3f5a2cd88d1d8059
clock.rows.11.cells.21.predicted	s:gov
clock.rows.11.cells.21.measured	s:gov
clock.rows.11.cells.21.margin	f:bfe57a9372104ea3
clock.rows.11.cells.22	keys:10
clock.rows.11.cells.22.s	f:3fd199999999999c
clock.rows.11.cells.22.setpoint_gap	f:3f5f12367a849960
clock.rows.11.cells.22.lag_gap	f:3f421e5006a4a3dc
clock.rows.11.cells.22.tau_f	f:3fd3333333333334
clock.rows.11.cells.22.tau_gov	f:3fc999999999999a
clock.rows.11.cells.22.slope_f	f:3f67bdd5db26a48a
clock.rows.11.cells.22.slope_r	f:3f59edb980d853fa
clock.rows.11.cells.22.predicted	s:gov
clock.rows.11.cells.22.measured	s:gov
clock.rows.11.cells.22.margin	f:bfe6ab838108353e
clock.rows.11.cells.23	keys:10
clock.rows.11.cells.23.s	f:3fd1eb851eb851ee
clock.rows.11.cells.23.setpoint_gap	f:3f5f2bb5b0440ff0
clock.rows.11.cells.23.lag_gap	f:3f404cb359a87d1c
clock.rows.11.cells.23.tau_f	f:3fd3333333333334
clock.rows.11.cells.23.tau_gov	f:3fc999999999999a
clock.rows.11.cells.23.slope_f	f:3f6628437a856fea
clock.rows.11.cells.23.slope_r	f:3f59b90a0f6b16fa
clock.rows.11.cells.23.predicted	s:gov
clock.rows.11.cells.23.measured	s:gov
clock.rows.11.cells.23.margin	f:bfe7a2251b1c5431
clock.rows.11.cells.24	keys:10
clock.rows.11.cells.24.s	f:3fd23d70a3d70a40
clock.rows.11.cells.24.setpoint_gap	f:3f5f41cec47e8458
clock.rows.11.cells.24.lag_gap	f:3f3da51cbc8015fa
clock.rows.11.cells.24.tau_f	f:3fd3333333333334
clock.rows.11.cells.24.tau_gov	f:3fc999999999999a
clock.rows.11.cells.24.slope_f	f:3f64de6a545d1e9b
clock.rows.11.cells.24.slope_r	f:3f598cdb1177405a
clock.rows.11.cells.24.predicted	s:gov
clock.rows.11.cells.24.measured	s:gov
clock.rows.11.cells.24.margin	f:bfe869a04c465d20
clock.rows.11.cells.25	keys:10
clock.rows.11.cells.25.s	f:3fd28f5c28f5c292
clock.rows.11.cells.25.setpoint_gap	f:3f5f552643b2cfe8
clock.rows.11.cells.25.lag_gap	f:3f3b3fbaba4d663a
clock.rows.11.cells.25.tau_f	f:3fd3333333333334
clock.rows.11.cells.25.tau_gov	f:3fc999999999999a
clock.rows.11.cells.25.slope_f	f:3f63d26b3ac14d0b
clock.rows.11.cells.25.slope_r	f:3f5967984763275a
clock.rows.11.cells.25.predicted	s:gov
clock.rows.11.cells.25.measured	s:gov
clock.rows.11.cells.25.margin	f:bfe90aec004e096a
clock.rows.11.cells.26	keys:10
clock.rows.11.cells.26.s	f:3fd2e147ae147ae4
clock.rows.11.cells.26.setpoint_gap	f:3f5f664296e01c88
clock.rows.11.cells.26.lag_gap	f:3f394f0e1dcb923a
clock.rows.11.cells.26.tau_f	f:3fd3333333333334
clock.rows.11.cells.26.tau_gov	f:3fc999999999999a
clock.rows.11.cells.26.slope_f	f:3f62f8edc9e106eb
clock.rows.11.cells.26.slope_r	f:3f5947f7b8649dfa
clock.rows.11.cells.26.predicted	s:gov
clock.rows.11.cells.26.measured	s:gov
clock.rows.11.cells.26.margin	f:bfe98d41afba56d0
clock.rows.11.cells.27	keys:10
clock.rows.11.cells.27.s	f:3fd3333333333336
clock.rows.11.cells.27.setpoint_gap	f:3f5f759180c5aaa0
clock.rows.11.cells.27.lag_gap	f:3f37bdaa7fe9593a
clock.rows.11.cells.27.tau_f	f:3fd3333333333334
clock.rows.11.cells.27.tau_gov	f:3fc999999999999a
clock.rows.11.cells.27.slope_f	f:3f6248ab12838e2b
clock.rows.11.cells.27.slope_r	f:3f592cec17a6fafa
clock.rows.11.cells.27.predicted	s:gov
clock.rows.11.cells.27.measured	s:gov
clock.rows.11.cells.27.margin	f:bfe9f6776a3966ee
clock.rows.11.cells.28	keys:10
clock.rows.11.cells.28.s	f:3fd3851eb851eb88
clock.rows.11.cells.28.setpoint_gap	f:3f5f836c9c2112a0
clock.rows.11.cells.28.lag_gap	f:3f367a0bac6d34bc
clock.rows.11.cells.28.tau_f	f:3fd3333333333334
clock.rows.11.cells.28.tau_gov	f:3fc999999999999a
clock.rows.11.cells.28.slope_f	f:3f61ba0d694abe4c
clock.rows.11.cells.28.slope_r	f:3f591599a457b8fa
clock.rows.11.cells.28.predicted	s:gov
clock.rows.11.cells.28.measured	s:gov
clock.rows.11.cells.28.margin	f:bfea4b467e0a0ec4
clock.rows.11.cells.29	keys:10
clock.rows.11.cells.29.s	f:3fd3d70a3d70a3da
clock.rows.11.cells.29.setpoint_gap	f:3f5f901d08ea1fc8
clock.rows.11.cells.29.lag_gap	f:3f3575dfc3aff2bc
clock.rows.11.cells.29.tau_f	f:3fd3333333333334
clock.rows.11.cells.29.tau_gov	f:3fc999999999999a
clock.rows.11.cells.29.slope_f	f:3f6146e19780a9ec
clock.rows.11.cells.29.slope_r	f:3f59014d11e60e5a
clock.rows.11.cells.29.predicted	s:gov
clock.rows.11.cells.29.measured	s:gov
clock.rows.11.cells.29.margin	f:bfea8f834a0c1dc3
clock.rows.11.cells.30	keys:10
clock.rows.11.cells.30.s	f:3fd428f5c28f5c2c
clock.rows.11.cells.30.setpoint_gap	f:3f5f9bde6e571b00
clock.rows.11.cells.30.lag_gap	f:3f34a572485b48fc
clock.rows.11.cells.30.tau_f	f:3fd3333333333334
clock.rows.11.cells.30.tau_gov	f:3fc999999999999a
clock.rows.11.cells.30.slope_f	f:3f60ea16518519dc
clock.rows.11.cells.30.slope_r	f:3f58ef741a1d325a
clock.rows.11.cells.30.predicted	s:gov
clock.rows.11.cells.30.measured	s:gov
clock.rows.11.cells.30.margin	f:bfeac6499898d9e0
clock.rows.11.cells.31	keys:10
clock.rows.11.cells.31.s	f:3fd47ae147ae147e
clock.rows.11.cells.31.setpoint_gap	f:3f5fa6e170af0de0
clock.rows.11.cells.31.lag_gap	f:3f33ff323002a0fc
clock.rows.11.cells.31.tau_f	f:3fd3333333333334
clock.rows.11.cells.31.tau_gov	f:3fc999999999999a
clock.rows.11.cells.31.slope_f	f:3f609f87628da0fc
clock.rows.11.cells.31.slope_r	f:3f58df976ba599ba
clock.rows.11.cells.31.predicted	s:gov
clock.rows.11.cells.31.measured	s:gov
clock.rows.11.cells.31.margin	f:bfeaf2200974e3f5
clock.rows.11.cells.32	keys:10
clock.rows.11.cells.32.s	f:3fd4ccccccccccd0
clock.rows.11.cells.32.setpoint_gap	f:3f5fb14db45ad790
clock.rows.11.cells.32.lag_gap	f:3f337b4e18e7e5fc
clock.rows.11.cells.32.tau_f	f:3fd3333333333334
clock.rows.11.cells.32.tau_gov	f:3fc999999999999a
clock.rows.11.cells.32.slope_f	f:3f6063d27182993c
clock.rows.11.cells.32.slope_r	f:3f58d155b565ec3a
clock.rows.11.cells.32.predicted	s:gov
clock.rows.11.cells.32.measured	s:gov
clock.rows.11.cells.32.margin	f:bfeb15147545b327
clock.rows.11.cells.33	keys:10
clock.rows.11.cells.33.s	f:3fd51eb851eb8522
clock.rows.11.cells.33.setpoint_gap	f:3f5fbb43830f5df0
clock.rows.11.cells.33.lag_gap	f:3f331362a4ee1c3c
clock.rows.11.cells.33.tau_f	f:3fd3333333333334
clock.rows.11.cells.33.tau_gov	f:3fc999999999999a
clock.rows.11.cells.33.slope_f	f:3f603433a2f6070c
clock.rows.11.cells.33.slope_r	f:3f58c45f9ab871da
clock.rows.11.cells.33.predicted	s:gov
clock.rows.11.cells.33.measured	s:gov
clock.rows.11.cells.33.margin	f:bfeb30d2c2b17056
clock.rows.11.cells.34	keys:10
clock.rows.11.cells.34.s	f:3fd570a3d70a3d74
clock.rows.11.cells.34.setpoint_gap	f:3f5fc4dd24259920
clock.rows.11.cells.34.lag_gap	f:3f32c237b0b1c57c
clock.rows.11.cells.34.tau_f	f:3fd3333333333334
clock.rows.11.cells.34.tau_gov	f:3fc999999999999a
clock.rows.11.cells.34.slope_f	f:3f600e68ab93359c
clock.rows.11.cells.34.slope_r	f:3f58b87465db69fa
clock.rows.11.cells.34.predicted	s:gov
clock.rows.11.cells.34.measured	s:gov
clock.rows.11.cells.34.margin	f:bfeb46b7507e7672
clock.rows.11.cells.35	keys:10
clock.rows.11.cells.35.s	f:3fd5c28f5c28f5c6
clock.rows.11.cells.35.setpoint_gap	f:3f5fce2ff61ceac0
clock.rows.11.cells.35.lag_gap	f:3f328389b4da4abc
clock.rows.11.cells.35.tau_f	f:3fd3333333333334
clock.rows.11.cells.35.tau_gov	f:3fc999999999999a
clock.rows.11.cells.35.slope_f	f:3f5fe1324fe192d8
clock.rows.11.cells.35.slope_r	f:3f58ad5f55c17eda
clock.rows.11.cells.35.predicted	s:gov
clock.rows.11.cells.35.measured	s:gov
clock.rows.11.cells.35.margin	f:bfeb57ddd82e1bb2
clock.rows.11.cells.36	keys:10
clock.rows.11.cells.36.s	f:3fd6147ae147ae18
clock.rows.11.cells.36.setpoint_gap	f:3f5fd74d54ba6620
clock.rows.11.cells.36.lag_gap	f:3f3253dd1c13eabc
clock.rows.11.cells.36.tau_f	f:3fd3333333333334
clock.rows.11.cells.36.tau_gov	f:3fc999999999999a
clock.rows.11.cells.36.slope_f	f:3f5fb286893d8e18
clock.rows.11.cells.36.slope_r	f:3f58a2f56ac36fba
clock.rows.11.cells.36.predicted	s:gov
clock.rows.11.cells.36.measured	s:gov
clock.rows.11.cells.36.margin	f:bfeb652d7bfdab2e
clock.rows.11.cells.37	keys:10
clock.rows.11.cells.37.s	f:3fd666666666666a
clock.rows.11.cells.37.setpoint_gap	f:3f5fe04355234218
clock.rows.11.cells.37.lag_gap	f:3f323059be2787fc
clock.rows.11.cells.37.tau_f	f:3fd3333333333334
clock.rows.11.cells.37.tau_gov	f:3fc999999999999a
clock.rows.11.cells.37.slope_f	f:3f5f8e57db119278
clock.rows.11.cells.37.slope_r	f:3f5899139ae8f1ba
clock.rows.11.cells.37.predicted	s:gov
clock.rows.11.cells.37.measured	s:gov
clock.rows.11.cells.37.margin	f:bfeb6f628df2e17f
clock.rows.11.cells.38	keys:10
clock.rows.11.cells.38.s	f:3fd6b851eb851ebc
clock.rows.11.cells.38.setpoint_gap	f:3f5fe91d5f9c15d0
clock.rows.11.cells.38.lag_gap	f:3f3231abe6c6887c
clock.rows.11.cells.38.tau_f	f:3fd3333333333334
clock.rows.11.cells.38.tau_gov	f:3fc999999999999a
clock.rows.11.cells.38.slope_f	f:3f5f88e3ace64778
clock.rows.11.cells.38.slope_r	f:3f588f3ea2e1409a
clock.rows.11.cells.38.predicted	s:gov
clock.rows.11.cells.38.measured	s:gov
clock.rows.11.cells.38.margin	f:bfeb7051f10a2705
clock.rows.12	keys:20
clock.rows.12.coord	s:demand
clock.rows.12.tau_f	f:3fbeb851eb851eb8
clock.rows.12.tau_gov	f:3f947ae147ae147b
clock.rows.12.tau_q	f:3fa999999999999a
clock.rows.12.tau_s	f:3fa999999999999a
clock.rows.12.phi_lim	f:3fe8000000000000
clock.rows.12.phi_air	f:3fe8a3d70a3d70a4
clock.rows.12.max_Tt4	f:4092bd03bec97292
clock.rows.12.riding4_valid	b:1
clock.rows.12.n_riding4	i:46
clock.rows.12.census	keys:2
clock.rows.12.census.fuel	i:34
clock.rows.12.census.gov	i:12
clock.rows.12.n_fuel	i:34
clock.rows.12.n_gov	i:12
clock.rows.12.n_scored	i:46
clock.rows.12.n_edge	i:0
clock.rows.12.n_agree	i:45
clock.rows.12.agreement	f:3fef4de9bd37a6f5
clock.rows.12.worst_miss	f:3fb0869500e919bd
clock.rows.12.min_margin	f:3fadd60c1eb28680
clock.rows.12.cells	len:46
clock.rows.12.cells.0	keys:10
clock.rows.12.cells.0.s	f:3fc47ae147ae147d
clock.rows.12.cells.0.setpoint_gap	f:3f547d3d3a870500
clock.rows.12.cells.0.lag_gap	f:3f6471e3b1e8df6b
clock.rows.12.cells.0.tau_f	f:3fd70a3d70a3d70a
clock.rows.12.cells.0.tau_gov	f:3f947ae147ae147b
clock.rows.12.cells.0.slope_f	f:3f7cc3d8e0f3ef99
clock.rows.12.cells.0.slope_r	f:3f5a980dc5a41d39
clock.rows.12.cells.0.predicted	s:fuel
clock.rows.12.cells.0.measured	s:fuel
clock.rows.12.cells.0.margin	f:3fdfee3c4e217c3c
clock.rows.12.cells.1	keys:10
clock.rows.12.cells.1.s	f:3fc51eb851eb8521
clock.rows.12.cells.1.setpoint_gap	f:3f54ed3ab9267df8
clock.rows.12.cells.1.lag_gap	f:3f64239757c822cb
clock.rows.12.cells.1.tau_f	f:3fd70a3d70a3d70a
clock.rows.12.cells.1.tau_gov	f:3f947ae147ae147b
clock.rows.12.cells.1.slope_f	f:3f7c5745da63c249
clock.rows.12.cells.1.slope_r	f:3f5aa48721e10d39
clock.rows.12.cells.1.predicted	s:fuel
clock.rows.12.cells.1.measured	s:fuel
clock.rows.12.cells.1.margin	f:3fdebf9b26c33d66
clock.rows.12.cells.2	keys:10
clock.rows.12.cells.2.s	f:3fc5c28f5c28f5c5
clock.rows.12.cells.2.setpoint_gap	f:3f555b3eabe25c00
clock.rows.12.cells.2.lag_gap	f:3f63e7239c7ef9eb
clock.rows.12.cells.2.tau_f	f:3fd70a3d70a3d70a
clock.rows.12.cells.2.tau_gov	f:3f947ae147ae147b
clock.rows.12.cells.2.slope_f	f:3f7c0390cde92521
clock.rows.12.cells.2.slope_r	f:3f5ab6d0c7f8d179
clock.rows.12.cells.2.predicted	s:fuel
clock.rows.12.cells.2.measured	s:fuel
clock.rows.12.cells.2.margin	f:3fdda9b9d285ed61
clock.rows.12.cells.3	keys:10
clock.rows.12.cells.3.s	f:3fc6666666666669
clock.rows.12.cells.3.setpoint_gap	f:3f55c7b43006ee00
clock.rows.12.cells.3.lag_gap	f:3f63b918613f0b13
clock.rows.12.cells.3.tau_f	f:3fd70a3d70a3d70a
clock.rows.12.cells.3.tau_gov	f:3f947ae147ae147b
clock.rows.12.cells.3.slope_f	f:3f7bc3ef454468f1
clock.rows.12.cells.3.slope_r	f:3f5acdc57e9d3059
clock.rows.12.cells.3.predicted	s:fuel
clock.rows.12.cells.3.measured	s:fuel
clock.rows.12.cells.3.margin	f:3fdca99808c9ba5e
clock.rows.12.cells.4	keys:10
clock.rows.12.cells.4.s	f:3fc70a3d70a3d70d
clock.rows.12.cells.4.setpoint_gap	f:3f5632f1c98c7be0
clock.rows.12.cells.4.lag_gap	f:3f6396af8f2035e3
clock.rows.12.cells.4.tau_f	f:3fd70a3d70a3d70a
clock.rows.12.cells.4.tau_gov	f:3f947ae147ae147b
clock.rows.12.cells.4.slope_f	f:3f7b9483bc6c8d41
clock.rows.12.cells.4.slope_r	f:3f5ae87915f2ad99
clock.rows.12.cells.4.predicted	s:fuel
clock.rows.12.cells.4.measured	s:fuel
clock.rows.12.cells.4.margin	f:3fdbbc54d2b3fc5e
clock.rows.12.cells.5	keys:10
clock.rows.12.cells.5.s	f:3fc7ae147ae147b1
clock.rows.12.cells.5.setpoint_gap	f:3f569d3d5dbe9ae0
clock.rows.12.cells.5.lag_gap	f:3f637dac500cb463
clock.rows.12.cells.5.tau_f	f:3fd70a3d70a3d70a
clock.rows.12.cells.5.tau_gov	f:3f947ae147ae147b
clock.rows.12.cells.5.slope_f	f:3f7b722ff3ec51b9
clock.rows.12.cells.5.slope_r	f:3f5b062d55808559
clock.rows.12.cells.5.predicted	s:fuel
clock.rows.12.cells.5.measured	s:fuel
clock.rows.12.cells.5.margin	f:3fdadf475eafec00
clock.rows.12.cells.6	keys:10
clock.rows.12.cells.6.s	f:3fc851eb851eb855
clock.rows.12.cells.6.setpoint_gap	f:3f5706cf697d9c88
clock.rows.12.cells.6.lag_gap	f:3f636c40932a84ab
clock.rows.12.cells.6.tau_f	f:3fd70a3d70a3d70a
clock.rows.12.cells.6.tau_gov	f:3f947ae147ae147b
clock.rows.12.cells.6.slope_f	f:3f7b5a70090b6751
clock.rows.12.cells.6.slope_r	f:3f5b26490e993bf9
clock.rows.12.cells.6.predicted	s:fuel
clock.rows.12.cells.6.measured	s:fuel
clock.rows.12.cells.6.margin	f:3fda100bc5537b50
clock.rows.12.cells.7	keys:10
clock.rows.12.cells.7.s	f:3fc8f5c28f5c28f9
clock.rows.12.cells.7.setpoint_gap	f:3f576fd598d720f8
clock.rows.12.cells.7.lag_gap	f:3f6360f7a97046cb
clock.rows.12.cells.7.tau_f	f:3fd70a3d70a3d70a
clock.rows.12.cells.7.tau_gov	f:3f947ae147ae147b
clock.rows.12.cells.7.slope_f	f:3f7b4b3ca7771df1
clock.rows.12.cells.7.slope_r	f:3f5b4850e9a4c479
clock.rows.12.cells.7.predicted	s:fuel
clock.rows.12.cells.7.measured	s:fuel
clock.rows.12.cells.7.margin	f:3fd94c874fe5a940
clock.rows.12.cells.8	keys:10
clock.rows.12.cells.8.s	f:3fc999999999999d
clock.rows.12.cells.8.setpoint_gap	f:3f57d874de7e2b20
clock.rows.12.cells.8.lag_gap	f:3f635aa500e88c73
clock.rows.12.cells.8.tau_f	f:3fd70a3d70a3d70a
clock.rows.12.cells.8.tau_gov	f:3f947ae147ae147b
clock.rows.12.cells.8.slope_f	f:3f7b42f2f8b7c979
clock.rows.12.cells.8.slope_r	f:3f5b6be198d9cd19
clock.rows.12.cells.8.predicted	s:fuel
clock.rows.12.cells.8.measured	s:fuel
clock.rows.12.cells.8.margin	f:3fd892e72d6cc49d
clock.rows.12.cells.9	keys:10
clock.rows.12.cells.9.s	f:3fca3d70a3d70a41
clock.rows.12.cells.9.setpoint_gap	f:3f5840cb23d20ff0
clock.rows.12.cells.9.lag_gap	f:3f6358563464b743
clock.rows.12.cells.9.tau_f	f:3fd70a3d70a3d70a
clock.rows.12.cells.9.tau_gov	f:3f947ae147ae147b
clock.rows.12.cells.9.slope_f	f:3f7b404137979831
clock.rows.12.cells.9.slope_r	f:3f5b90ab2b4b3799
clock.rows.12.cells.9.predicted	s:fuel
clock.rows.12.cells.9.measured	s:fuel
clock.rows.12.cells.9.margin	f:3fd7e19bcf44d308
clock.rows.12.cells.10	keys:10
clock.rows.12.cells.10.s	f:3fcae147ae147ae5
clock.rows.12.cells.10.setpoint_gap	f:3f58a8f0a56751f0
clock.rows.12.cells.10.lag_gap	f:3f635947cbd5c493
clock.rows.12.cells.10.tau_f	f:3fd70a3d70a3d70a
clock.rows.12.cells.10.tau_gov	f:3f947ae147ae147b
clock.rows.12.cells.10.slope_f	f:3f7b42170338d159
clock.rows.12.cells.10.slope_r	f:3f5bb66d487a1799
clock.rows.12.cells.10.predicted	s:fuel
clock.rows.12.cells.10.measured	s:fuel
clock.rows.12.cells.10.margin	f:3fd73752839cb79e
clock.rows.12.cells.11	keys:10
clock.rows.12.cells.11.s	f:3fcb851eb851eb89
clock.rows.12.cells.11.setpoint_gap	f:3f5910f90c2f4628
clock.rows.12.cells.11.lag_gap	f:3f635cdc28c52473
clock.rows.12.cells.11.tau_f	f:3fd70a3d70a3d70a
clock.rows.12.cells.11.tau_gov	f:3f947ae147ae147b
clock.rows.12.cells.11.slope_f	f:3f7b4798b92bf2e9
clock.rows.12.cells.11.slope_r	f:3f5bdcf4275a1499
clock.rows.12.cells.11.predicted	s:fuel
clock.rows.12.cells.11.measured	s:fuel
clock.rows.12.cells.11.margin	f:3fd692ee6030aa99
clock.rows.12.cells.12	keys:10
clock.rows.12.cells.12.s	f:3fcc28f5c28f5c2d
clock.rows.12.cells.12.setpoint_gap	f:3f5978f45041c6f8
clock.rows.12.cells.12.lag_gap	f:3f63629433c52d6b
clock.rows.12.cells.12.tau_f	f:3fd70a3d70a3d70a
clock.rows.12.cells.12.tau_gov	f:3f947ae147ae147b
clock.rows.12.cells.12.slope_f	f:3f7b5015412fca29
clock.rows.12.cells.12.slope_r	f:3f5c04161c6b1db9
clock.rows.12.cells.12.predicted	s:fuel
clock.rows.12.cells.12.measured	s:fuel
clock.rows.12.cells.12.margin	f:3fd5f3812bbfb9b9
clock.rows.12.cells.13	keys:10
clock.rows.12.cells.13.s	f:3fccccccccccccd1
clock.rows.12.cells.13.setpoint_gap	f:3f59e0ef6fc9b6e8
clock.rows.12.cells.13.lag_gap	f:3f636a097442167b
clock.rows.12.cells.13.tau_f	f:3fd70a3d70a3d70a
clock.rows.12.cells.13.tau_gov	f:3f947ae147ae147b
clock.rows.12.cells.13.slope_f	f:3f7b5afdd1ef9a51
clock.rows.12.cells.13.slope_r	f:3f5c2bb1a1929eb9
clock.rows.12.cells.13.predicted	s:fuel
clock.rows.12.cells.13.measured	s:fuel
clock.rows.12.cells.13.margin	f:3fd55844ad3eaea4
clock.rows.12.cells.14	keys:10
clock.rows.12.cells.14.s	f:3fcd70a3d70a3d75
clock.rows.12.cells.14.setpoint_gap	f:3f5a48f5028f03e0
clock.rows.12.cells.14.lag_gap	f:3f6372e94cc02d93
clock.rows.12.cells.14.tau_f	f:3fd70a3d70a3d70a
clock.rows.12.cells.14.tau_gov	f:3f947ae147ae147b
clock.rows.12.cells.14.slope_f	f:3f7b67df4d43f939
clock.rows.12.cells.14.slope_r	f:3f5c53abc00c4a99
clock.rows.12.cells.14.predicted	s:fuel
clock.rows.12.cells.14.measured	s:fuel
clock.rows.12.cells.14.margin	f:3fd4c09496e4cffe
clock.rows.12.cells.15	keys:10
clock.rows.12.cells.15.s	f:3fce147ae147ae19
clock.rows.12.cells.15.setpoint_gap	f:3f5ab10db0f54540
clock.rows.12.cells.15.lag_gap	f:3f637cf12309bbeb
clock.rows.12.cells.15.tau_f	f:3fd70a3d70a3d70a
clock.rows.12.cells.15.tau_gov	f:3f947ae147ae147b
clock.rows.12.cells.15.slope_f	f:3f7b765ce53d1e29
clock.rows.12.cells.15.slope_r	f:3f5c7beec96313b9
clock.rows.12.cells.15.predicted	s:fuel
clock.rows.12.cells.15.measured	s:fuel
clock.rows.12.cells.15.margin	f:3fd42be9233c1883
clock.rows.12.cells.16	keys:10
clock.rows.12.cells.16.s	f:3fceb851eb851ebd
clock.rows.12.cells.16.setpoint_gap	f:3f5b194093f44f20
clock.rows.12.cells.16.lag_gap	f:3f6387eb46b765ab
clock.rows.12.cells.16.tau_f	f:3fd70a3d70a3d70a
clock.rows.12.cells.16.tau_gov	f:3f947ae147ae147b
clock.rows.12.cells.16.slope_f	f:3f7b862bca70bf09
clock.rows.12.cells.16.slope_r	f:3f5ca469501203b9
clock.rows.12.cells.16.predicted	s:fuel
clock.rows.12.cells.16.measured	s:fuel
clock.rows.12.cells.16.margin	f:3fd399d26693d939
clock.rows.12.cells.17	keys:10
clock.rows.12.cells.17.s	f:3fcf5c28f5c28f61
clock.rows.12.cells.17.setpoint_gap	f:3f5b8193827eb860
clock.rows.12.cells.17.lag_gap	f:3f6393ac7143684b
clock.rows.12.cells.17.tau_f	f:3fd70a3d70a3d70a
clock.rows.12.cells.17.tau_gov	f:3f947ae147ae147b
clock.rows.12.cells.17.slope_f	f:3f7b970fb03f1e17
clock.rows.12.cells.17.slope_r	f:3f5ccd0d536bb94f
clock.rows.12.cells.17.predicted	s:fuel
clock.rows.12.cells.17.measured	s:fuel
clock.rows.12.cells.17.margin	f:3fd309f44ba23434
clock.rows.12.cells.18	keys:10
clock.rows.12.cells.18.s	f:3fd0000000000002
clock.rows.12.cells.18.setpoint_gap	f:3f5bea0b4fee1398
clock.rows.12.cells.18.lag_gap	f:3f63a011c1f5eb1b
clock.rows.12.cells.18.tau_f	f:3fd70a3d70a3d70a
clock.rows.12.cells.18.tau_gov	f:3f947ae147ae147b
clock.rows.12.cells.18.slope_f	f:3f7ba8d7fdadc557
clock.rows.12.cells.18.slope_r	f:3f5cf5cf94cfaa0f
clock.rows.12.cells.18.predicted	s:fuel
clock.rows.12.cells.18.measured	s:fuel
clock.rows.12.cells.18.margin	f:3fd27c032c23fdfa
clock.rows.12.cells.19	keys:10
clock.rows.12.cells.19.s	f:3fd051eb851eb854
clock.rows.12.cells.19.setpoint_gap	f:3f5c52abfe5aa268
clock.rows.12.cells.19.lag_gap	f:3f63acff1db6f57b
clock.rows.12.cells.19.tau_f	f:3fd70a3d70a3d70a
clock.rows.12.cells.19.tau_gov	f:3f947ae147ae147b
clock.rows.12.cells.19.slope_f	f:3f7bbb5d89777571
clock.rows.12.cells.19.slope_r	f:3f5d1ea70e2123b9
clock.rows.12.cells.19.predicted	s:fuel
clock.rows.12.cells.19.measured	s:fuel
clock.rows.12.cells.19.margin	f:3fd1efc0f3cfcb55
clock.rows.12.cells.20	keys:10
clock.rows.12.cells.20.s	f:3fd0a3d70a3d70a6
clock.rows.12.cells.20.setpoint_gap	f:3f5cbb78e7351560
clock.rows.12.cells.20.lag_gap	f:3f63ba5ddf705b33
clock.rows.12.cells.20.tau_f	f:3fd70a3d70a3d70a
clock.rows.12.cells.20.tau_gov	f:3f947ae147ae147b
clock.rows.12.cells.20.slope_f	f:3f7bce80c65fb571
clock.rows.12.cells.20.slope_r	f:3f5d478c830767d9
clock.rows.12.cells.20.predicted	s:fuel
clock.rows.12.cells.20.measured	s:fuel
clock.rows.12.cells.20.margin	f:3fd164fabb8d7ead
clock.rows.12.cells.21	keys:10
clock.rows.12.cells.21.s	f:3fd0f5c28f5c28f8
clock.rows.12.cells.21.setpoint_gap	f:3f5d2474dc04c9e8
clock.rows.12.cells.21.lag_gap	f:3f63c81bc967fd0b
clock.rows.12.cells.21.tau_f	f:3fd70a3d70a3d70a
clock.rows.12.cells.21.tau_gov	f:3f947ae147ae147b
clock.rows.12.cells.21.slope_f	f:3f7be2284a0f8d91
clock.rows.12.cells.21.slope_r	f:3f5d707a27c0f879
clock.rows.12.cells.21.predicted	s:fuel
clock.rows.12.cells.21.measured	s:fuel
clock.rows.12.cells.21.margin	f:3fd0db86cbc70314
clock.rows.12.cells.22	keys:10
clock.rows.12.cells.22.s	f:3fd147ae147ae14a
clock.rows.12.cells.22.setpoint_gap	f:3f5d8da240cfef98
clock.rows.12.cells.22.lag_gap	f:3f63d62a2b00569b
clock.rows.12.cells.22.tau_f	f:3fd70a3d70a3d70a
clock.rows.12.cells.22.tau_gov	f:3f947ae147ae147b
clock.rows.12.cells.22.slope_f	f:3f7bf63f9cf6fea1
clock.rows.12.cells.22.slope_r	f:3f5d996b5955c8b9
clock.rows.12.cells.22.predicted	s:fuel
clock.rows.12.cells.22.measured	s:fuel
clock.rows.12.cells.22.margin	f:3fd05342f62ca4b6
clock.rows.12.cells.23	keys:10
clock.rows.12.cells.23.s	f:3fd199999999999c
clock.rows.12.cells.23.setpoint_gap	f:3f5df70321676920
clock.rows.12.cells.23.lag_gap	f:3f63e47d30bbb5b3
clock.rows.12.cells.23.tau_f	f:3fd70a3d70a3d70a
clock.rows.12.cells.23.tau_gov	f:3f947ae147ae147b
clock.rows.12.cells.23.slope_f	f:3f7c0ab645121dd9
clock.rows.12.cells.23.slope_r	f:3f5dc25c63c56b19
clock.rows.12.cells.23.predicted	s:fuel
clock.rows.12.cells.23.measured	s:fuel
clock.rows.12.cells.23.margin	f:3fcf98267219cb8d
clock.rows.12.cells.24	keys:10
clock.rows.12.cells.24.s	f:3fd1eb851eb851ee
clock.rows.12.cells.24.setpoint_gap	f:3f5e60994293ce70
clock.rows.12.cells.24.lag_gap	f:3f63f30b5650dd43
clock.rows.12.cells.24.tau_f	f:3fd70a3d70a3d70a
clock.rows.12.cells.24.tau_gov	f:3f947ae147ae147b
clock.rows.12.cells.24.slope_f	f:3f7c1f7f002754a9
clock.rows.12.cells.24.slope_r	f:3f5deb4a53796159
clock.rows.12.cells.24.predicted	s:fuel
clock.rows.12.cells.24.measured	s:fuel
clock.rows.12.cells.24.margin	f:3fce8bc1404acd9b
clock.rows.12.cells.25	keys:10
clock.rows.12.cells.25.s	f:3fd23d70a3d70a40
clock.rows.12.cells.25.setpoint_gap	f:3f5eca662fef7338
clock.rows.12.cells.25.lag_gap	f:3f6401ccf43a0c7b
clock.rows.12.cells.25.tau_f	f:3fd70a3d70a3d70a
clock.rows.12.cells.25.tau_gov	f:3f947ae147ae147b
clock.rows.12.cells.25.slope_f	f:3f7c348f244fe051
clock.rows.12.cells.25.slope_r	f:3f5e1432cfca36b8
clock.rows.12.cells.25.predicted	s:fuel
clock.rows.12.cells.25.measured	s:fuel
clock.rows.12.cells.25.margin	f:3fcd8130b131323f
clock.rows.12.cells.26	keys:10
clock.rows.12.cells.26.s	f:3fd28f5c28f5c292
clock.rows.12.cells.26.setpoint_gap	f:3f5f346b47126b58
clock.rows.12.cells.26.lag_gap	f:3f6410bbe36f00fb
clock.rows.12.cells.26.tau_f	f:3fd70a3d70a3d70a
clock.rows.12.cells.26.tau_gov	f:3f947ae147ae147b
clock.rows.12.cells.26.slope_f	f:3f7c49de1f642df9
clock.rows.12.cells.26.slope_r	f:3f5e3d13fcd08bf8
clock.rows.12.cells.26.predicted	s:fuel
clock.rows.12.cells.26.measured	s:fuel
clock.rows.12.cells.26.margin	f:3fcc7855de8f88bb
clock.rows.12.cells.27	keys:10
clock.rows.12.cells.27.s	f:3fd2e147ae147ae4
clock.rows.12.cells.27.setpoint_gap	f:3f5f9ea9c0953638
clock.rows.12.cells.27.lag_gap	f:3f641fd332fad7f3
clock.rows.12.cells.27.tau_f	f:3fd70a3d70a3d70a
clock.rows.12.cells.27.tau_gov	f:3f947ae147ae147b
clock.rows.12.cells.27.slope_f	f:3f7c5f650f4af5b9
clock.rows.12.cells.27.slope_r	f:3f5e65ec6318c118
clock.rows.12.cells.27.predicted	s:fuel
clock.rows.12.cells.27.measured	s:fuel
clock.rows.12.cells.27.margin	f:3fcb711764492fe5
clock.rows.12.cells.28	keys:10
clock.rows.12.cells.28.s	f:3fd3333333333336
clock.rows.12.cells.28.setpoint_gap	f:3f6004915baa95c8
clock.rows.12.cells.28.lag_gap	f:3f642f0eebfbb8d3
clock.rows.12.cells.28.tau_f	f:3fd70a3d70a3d70a
clock.rows.12.cells.28.tau_gov	f:3f947ae147ae147b
clock.rows.12.cells.28.slope_f	f:3f7c751e6e5ddda9
clock.rows.12.cells.28.slope_r	f:3f5e8ebadc122518
clock.rows.12.cells.28.predicted	s:fuel
clock.rows.12.cells.28.measured	s:fuel
clock.rows.12.cells.28.margin	f:3fca6b605cafd172
clock.rows.12.cells.29	keys:10
clock.rows.12.cells.29.s	f:3fd3851eb851eb88
clock.rows.12.cells.29.setpoint_gap	f:3f6039eb97288d70
clock.rows.12.cells.29.lag_gap	f:3f643e6be1403ee3
clock.rows.12.cells.29.tau_f	f:3fd70a3d70a3d70a
clock.rows.12.cells.29.tau_gov	f:3f947ae147ae147b
clock.rows.12.cells.29.slope_f	f:3f7c8b05cffde011
clock.rows.12.cells.29.slope_r	f:3f5eb77e824e7418
clock.rows.12.cells.29.predicted	s:fuel
clock.rows.12.cells.29.measured	s:fuel
clock.rows.12.cells.29.margin	f:3fc9671f8c2f5889
clock.rows.12.cells.30	keys:10
clock.rows.12.cells.30.s	f:3fd3d70a3d70a3da
clock.rows.12.cells.30.setpoint_gap	f:3f606f640ab1d490
clock.rows.12.cells.30.lag_gap	f:3f644de78843aa4b
clock.rows.12.cells.30.tau_f	f:3fd70a3d70a3d70a
clock.rows.12.cells.30.tau_gov	f:3f947ae147ae147b
clock.rows.12.cells.30.slope_f	f:3f7ca117aa364021
clock.rows.12.cells.30.slope_r	f:3f5ee036a4d383f8
clock.rows.12.cells.30.predicted	s:fuel
clock.rows.12.cells.30.measured	s:fuel
clock.rows.12.cells.30.margin	f:3fc86446b3dd7247
clock.rows.12.cells.31	keys:10
clock.rows.12.cells.31.s	f:3fd428f5c28f5c2c
clock.rows.12.cells.31.setpoint_gap	f:3f60a4fb2689dc24
clock.rows.12.cells.31.lag_gap	f:3f645d7fd9b8a53b
clock.rows.12.cells.31.tau_f	f:3fd70a3d70a3d70a
clock.rows.12.cells.31.tau_gov	f:3f947ae147ae147b
clock.rows.12.cells.31.slope_f	f:3f7cb75129e72d31
clock.rows.12.cells.31.slope_r	f:3f5f08e2bce42ab8
clock.rows.12.cells.31.predicted	s:fuel
clock.rows.12.cells.31.measured	s:fuel
clock.rows.12.cells.31.margin	f:3fc762ca03e84b44
clock.rows.12.cells.32	keys:10
clock.rows.12.cells.32.s	f:3fd47ae147ae147e
clock.rows.12.cells.32.setpoint_gap	f:3f60dab154d40874
clock.rows.12.cells.32.lag_gap	f:3f646d33382ae69b
clock.rows.12.cells.32.tau_f	f:3fd70a3d70a3d70a
clock.rows.12.cells.32.tau_gov	f:3f947ae147ae147b
clock.rows.12.cells.32.slope_f	f:3f7ccdb00f6c9741
clock.rows.12.cells.32.slope_r	f:3f5f318265c875b8
clock.rows.12.cells.32.predicted	s:fuel
clock.rows.12.cells.32.measured	s:fuel
clock.rows.12.cells.32.margin	f:3fc6629fa816318b
clock.rows.12.cells.33	keys:10
clock.rows.12.cells.33.s	f:3fd4ccccccccccd0
clock.rows.12.cells.33.setpoint_gap	f:3f611086fad16df0
clock.rows.12.cells.33.lag_gap	f:3f6401db574aee9b
clock.rows.12.cells.33.tau_f	f:3fd70a3d70a3d70a
clock.rows.12.cells.33.tau_gov	f:3f947ae147ae147b
clock.rows.12.cells.33.slope_f	f:3f7c3888d19af889
clock.rows.12.cells.33.slope_r	f:3f5f2cccda50b1f8
clock.rows.12.cells.33.predicted	s:fuel
clock.rows.12.cells.33.measured	s:fuel
clock.rows.12.cells.33.margin	f:3fc2d38fa9e3944b
clock.rows.12.cells.34	keys:10
clock.rows.12.cells.34.s	f:3fd51eb851eb8522
clock.rows.12.cells.34.setpoint_gap	f:3f61434786023fbc
clock.rows.12.cells.34.lag_gap	f:3f62743f0d964103
clock.rows.12.cells.34.tau_f	f:3fd70a3d70a3d70a
clock.rows.12.cells.34.tau_gov	f:3f947ae147ae147b
clock.rows.12.cells.34.slope_f	f:3f7a0eb915eba101
clock.rows.12.cells.34.slope_r	f:3f5ebb6cdb93e318
clock.rows.12.cells.34.predicted	s:fuel
clock.rows.12.cells.34.measured	s:gov
clock.rows.12.cells.34.margin	f:3fb0869500e919bd
clock.rows.12.cells.35	keys:10
clock.rows.12.cells.35.s	f:3fd570a3d70a3d74
clock.rows.12.cells.35.setpoint_gap	f:3f616e9ac6f56710
clock.rows.12.cells.35.lag_gap	f:3f606a8d5e5c2864
clock.rows.12.cells.35.tau_f	f:3fd70a3d70a3d70a
clock.rows.12.cells.35.tau_gov	f:3f947ae147ae147b
clock.rows.12.cells.35.slope_f	f:3f7737def6b4e54a
clock.rows.12.cells.35.slope_r	f:3f5e177c86e0b5d8
clock.rows.12.cells.35.predicted	s:gov
clock.rows.12.cells.35.measured	s:gov
clock.rows.12.cells.35.margin	f:bfadd60c1eb28680
clock.rows.12.cells.36	keys:10
clock.rows.12.cells.36.s	f:3fd5c28f5c28f5c6
clock.rows.12.cells.36.setpoint_gap	f:3f6193a3ae1bc888
clock.rows.12.cells.36.lag_gap	f:3f5d6c4ef7737db8
clock.rows.12.cells.36.tau_f	f:3fd70a3d70a3d70a
clock.rows.12.cells.36.tau_gov	f:3f947ae147ae147b
clock.rows.12.cells.36.slope_f	f:3f74d7d7e044afa3
clock.rows.12.cells.36.slope_r	f:3f5d8d4abec2d7b9
clock.rows.12.cells.36.predicted	s:gov
clock.rows.12.cells.36.measured	s:gov
clock.rows.12.cells.36.margin	f:bfc4dd80fe691fa9
clock.rows.12.cells.37	keys:10
clock.rows.12.cells.37.s	f:3fd6147ae147ae18
clock.rows.12.cells.37.setpoint_gap	f:3f61b37eb891f64c
clock.rows.12.cells.37.lag_gap	f:3f5a9c8c2e10ead9
clock.rows.12.cells.37.tau_f	f:3fd70a3d70a3d70a
clock.rows.12.cells.37.tau_gov	f:3f947ae147ae147b
clock.rows.12.cells.37.slope_f	f:3f72e26a4972fb6b
clock.rows.12.cells.37.slope_r	f:3f5d1a83a908d7b9
clock.rows.12.cells.37.predicted	s:gov
clock.rows.12.cells.37.measured	s:gov
clock.rows.12.cells.37.margin	f:bfcfc8a9c95b0643
clock.rows.12.cells.38	keys:10
clock.rows.12.cells.38.s	f:3fd666666666666a
clock.rows.12.cells.38.setpoint_gap	f:3f61cf133a409948
clock.rows.12.cells.38.lag_gap	f:3f58495cef88c33a
clock.rows.12.cells.38.tau_f	f:3fd70a3d70a3d70a
clock.rows.12.cells.38.tau_gov	f:3f947ae147ae147b
clock.rows.12.cells.38.slope_f	f:3f7143c2fc3a14bc
clock.rows.12.cells.38.slope_r	f:3f5cbab0279fb379
clock.rows.12.cells.38.predicted	s:gov
clock.rows.12.cells.38.measured	s:gov
clock.rows.12.cells.38.margin	f:bfd45c4bc1f90acf
clock.rows.12.cells.39	keys:10
clock.rows.12.cells.39.s	f:3fd6b851eb851ebc
clock.rows.12.cells.39.setpoint_gap	f:3f61e71de66067bc
clock.rows.12.cells.39.lag_gap	f:3f565be8408e0b3a
clock.rows.12.cells.39.tau_f	f:3fd70a3d70a3d70a
clock.rows.12.cells.39.tau_gov	f:3f947ae147ae147b
clock.rows.12.cells.39.slope_f	f:3f6fd7eeff2b04d8
clock.rows.12.cells.39.slope_r	f:3f5c6a3f464e7cf9
clock.rows.12.cells.39.predicted	s:gov
clock.rows.12.cells.39.measured	s:gov
clock.rows.12.cells.39.margin	f:bfd808eac46ff4ad
clock.rows.12.cells.40	keys:10
clock.rows.12.cells.40.s	f:3fd70a3d70a3d70e
clock.rows.12.cells.40.setpoint_gap	f:3f61fc392421eaa0
clock.rows.12.cells.40.lag_gap	f:3f54c1c6644a931b
clock.rows.12.cells.40.tau_f	f:3fd70a3d70a3d70a
clock.rows.12.cells.40.tau_gov	f:3f947ae147ae147b
clock.rows.12.cells.40.slope_f	f:3f6d9c6b3f50a189
clock.rows.12.cells.40.slope_r	f:3f5c265550c5fbf9
clock.rows.12.cells.40.predicted	s:gov
clock.rows.12.cells.40.measured	s:gov
clock.rows.12.cells.40.margin	f:bfdb118a37e67095
clock.rows.12.cells.41	keys:10
clock.rows.12.cells.41.s	f:3fd75c28f5c28f60
clock.rows.12.cells.41.setpoint_gap	f:3f620ee3aa722440
clock.rows.12.cells.41.lag_gap	f:3f536c16c4d5490b
clock.rows.12.cells.41.tau_f	f:3fd70a3d70a3d70a
clock.rows.12.cells.41.tau_gov	f:3f947ae147ae147b
clock.rows.12.cells.41.slope_f	f:3f6bc040ac2ab339
clock.rows.12.cells.41.slope_r	f:3f5beca5c458efd9
clock.rows.12.cells.41.predicted	s:gov
clock.rows.12.cells.41.measured	s:gov
clock.rows.12.cells.41.margin	f:bfdd95333be227ff
clock.rows.12.cells.42	keys:10
clock.rows.12.cells.42.s	f:3fd7ae147ae147b2
clock.rows.12.cells.42.setpoint_gap	f:3f621f85c24ffa94
clock.rows.12.cells.42.lag_gap	f:3f524ec866b2372b
clock.rows.12.cells.42.tau_f	f:3fd70a3d70a3d70a
clock.rows.12.cells.42.tau_gov	f:3f947ae147ae147b
clock.rows.12.cells.42.slope_f	f:3f6a329fd3209d99
clock.rows.12.cells.42.slope_r	f:3f5bbb55a1c76319
clock.rows.12.cells.42.predicted	s:gov
clock.rows.12.cells.42.measured	s:gov
clock.rows.12.cells.42.margin	f:bfdfac8d70b7dc41
clock.rows.12.cells.43	keys:10
clock.rows.12.cells.43.s	f:3fd8000000000004
clock.rows.12.cells.43.setpoint_gap	f:3f622e7579d407e4
clock.rows.12.cells.43.lag_gap	f:3f5160099ec09ddb
clock.rows.12.cells.43.tau_f	f:3fd70a3d70a3d70a
clock.rows.12.cells.43.tau_gov	f:3f947ae147ae147b
clock.rows.12.cells.43.slope_f	f:3f68e5dacfcb77ea
clock.rows.12.cells.43.slope_r	f:3f5b90e436fe07f9
clock.rows.12.cells.43.predicted	s:gov
clock.rows.12.cells.43.measured	s:gov
clock.rows.12.cells.43.margin	f:bfe0b5a7753b4432
clock.rows.12.cells.44	keys:10
clock.rows.12.cells.44.s	f:3fd851eb851eb856
clock.rows.12.cells.44.setpoint_gap	f:3f623bfa018e2ef0
clock.rows.12.cells.44.lag_gap	f:3f5097d65184c9cc
clock.rows.12.cells.44.tau_f	f:3fd70a3d70a3d70a
clock.rows.12.cells.44.tau_gov	f:3f947ae147ae147b
clock.rows.12.cells.44.slope_f	f:3f67cec6cd0d6d5a
clock.rows.12.cells.44.slope_r	f:3f5b6c18e9f3f6d9
clock.rows.12.cells.44.predicted	s:gov
clock.rows.12.cells.44.measured	s:gov
clock.rows.12.cells.44.margin	f:bfe170a8ac1be93f
clock.rows.12.cells.45	keys:10
clock.rows.12.cells.45.s	f:3fd8a3d70a3d70a8
clock.rows.12.cells.45.setpoint_gap	f:3f62484e611be7c0
clock.rows.12.cells.45.lag_gap	f:3f50068d8d77932c
clock.rows.12.cells.45.tau_f	f:3fd70a3d70a3d70a
clock.rows.12.cells.45.tau_gov	f:3f947ae147ae147b
clock.rows.12.cells.45.slope_f	f:3f670412114d334a
clock.rows.12.cells.45.slope_r	f:3f5b4ae4cd8077d9
clock.rows.12.cells.45.predicted	s:gov
clock.rows.12.cells.45.measured	s:gov
clock.rows.12.cells.45.margin	f:bfe1f99fdbe27098
clock.rows.13	keys:20
clock.rows.13.coord	s:demand
clock.rows.13.tau_f	f:3fbeb851eb851eb8
clock.rows.13.tau_gov	f:3fa999999999999a
clock.rows.13.tau_q	f:3fa999999999999a
clock.rows.13.tau_s	f:3fa999999999999a
clock.rows.13.phi_lim	f:3fe8000000000000
clock.rows.13.phi_air	f:3fe8a3d70a3d70a4
clock.rows.13.max_Tt4	f:4092b83da29c5fff
clock.rows.13.riding4_valid	b:1
clock.rows.13.n_riding4	i:45
clock.rows.13.census	keys:2
clock.rows.13.census.fuel	i:31
clock.rows.13.census.gov	i:14
clock.rows.13.n_fuel	i:31
clock.rows.13.n_gov	i:14
clock.rows.13.n_scored	i:45
clock.rows.13.n_edge	i:0
clock.rows.13.n_agree	i:44
clock.rows.13.agreement	f:3fef49f49f49f49f
clock.rows.13.worst_miss	f:3fba47cdc96b825f
clock.rows.13.min_margin	f:3f96ab69502e9dc9
clock.rows.13.cells	len:45
clock.rows.13.cells.0	keys:10
clock.rows.13.cells.0.s	f:3fc47ae147ae147d
clock.rows.13.cells.0.setpoint_gap	f:3f547d3d3a870500
clock.rows.13.cells.0.lag_gap	f:3f640bc4c4b47db3
clock.rows.13.cells.0.tau_f	f:3fd70a3d70a3d70a
clock.rows.13.cells.0.tau_gov	f:3fa999999999999a
clock.rows.13.cells.0.slope_f	f:3f7cc3d8e0f3ef99
clock.rows.13.cells.0.slope_r	f:3f5a980dc5a41d39
clock.rows.13.cells.0.predicted	s:fuel
clock.rows.13.cells.0.measured	s:fuel
clock.rows.13.cells.0.margin	f:3fdf4add0ccdbede
clock.rows.13.cells.1	keys:10
clock.rows.13.cells.1.s	f:3fc51eb851eb8521
clock.rows.13.cells.1.setpoint_gap	f:3f54ed3ab9267df8
clock.rows.13.cells.1.lag_gap	f:3f63bd488412d713
clock.rows.13.cells.1.tau_f	f:3fd70a3d70a3d70a
clock.rows.13.cells.1.tau_gov	f:3fa999999999999a
clock.rows.13.cells.1.slope_f	f:3f7c5745da63c249
clock.rows.13.cells.1.slope_r	f:3f5aa48721e10d39
clock.rows.13.cells.1.predicted	s:fuel
clock.rows.13.cells.1.measured	s:fuel
clock.rows.13.cells.1.margin	f:3fde1343fc963b2d
clock.rows.13.cells.2	keys:10
clock.rows.13.cells.2.s	f:3fc5c28f5c28f5c5
clock.rows.13.cells.2.setpoint_gap	f:3f555b3eabe25c00
clock.rows.13.cells.2.lag_gap	f:3f63808e8f41a4db
clock.rows.13.cells.2.tau_f	f:3fd70a3d70a3d70a
clock.rows.13.cells.2.tau_gov	f:3fa999999999999a
clock.rows.13.cells.2.slope_f	f:3f7c0390cde92521
clock.rows.13.cells.2.slope_r	f:3f5ab6d0c7f8d179
clock.rows.13.cells.2.predicted	s:fuel
clock.rows.13.cells.2.measured	s:fuel
clock.rows.13.cells.2.margin	f:3fdcf51c9fafdc19
clock.rows.13.cells.3	keys:10
clock.rows.13.cells.3.s	f:3fc6666666666669
clock.rows.13.cells.3.setpoint_gap	f:3f55c7b43006ee00
clock.rows.13.cells.3.lag_gap	f:3f63522b2d6d534f
clock.rows.13.cells.3.tau_f	f:3fd70a3d70a3d70a
clock.rows.13.cells.3.tau_gov	f:3fa999999999999a
clock.rows.13.cells.3.slope_f	f:3f7bc3ef454468f1
clock.rows.13.cells.3.slope_r	f:3f5acdc57e9d3059
clock.rows.13.cells.3.predicted	s:fuel
clock.rows.13.cells.3.measured	s:fuel
clock.rows.13.cells.3.margin	f:3fdbed5811ce7050
clock.rows.13.cells.4	keys:10
clock.rows.13.cells.4.s	f:3fc70a3d70a3d70d
clock.rows.13.cells.4.setpoint_gap	f:3f5632f1c98c7be0
clock.rows.13.cells.4.lag_gap	f:3f632f5bd2a2f867
clock.rows.13.cells.4.tau_f	f:3fd70a3d70a3d70a
clock.rows.13.cells.4.tau_gov	f:3fa999999999999a
clock.rows.13.cells.4.slope_f	f:3f7b9483bc6c8d41
clock.rows.13.cells.4.slope_r	f:3f5ae87915f2ad99
clock.rows.13.cells.4.predicted	s:fuel
clock.rows.13.cells.4.measured	s:fuel
clock.rows.13.cells.4.margin	f:3fdaf904930f0116
clock.rows.13.cells.5	keys:10
clock.rows.13.cells.5.s	f:3fc7ae147ae147b1
clock.rows.13.cells.5.setpoint_gap	f:3f569d3d5dbe9ae0
clock.rows.13.cells.5.lag_gap	f:3f6315e6833f41bf
clock.rows.13.cells.5.tau_f	f:3fd70a3d70a3d70a
clock.rows.13.cells.5.tau_gov	f:3fa999999999999a
clock.rows.13.cells.5.slope_f	f:3f7b722ff3ec51b9
clock.rows.13.cells.5.slope_r	f:3f5b062d55808559
clock.rows.13.cells.5.predicted	s:fuel
clock.rows.13.cells.5.measured	s:fuel
clock.rows.13.cells.5.margin	f:3fda1567f204b076
clock.rows.13.cells.6	keys:10
clock.rows.13.cells.6.s	f:3fc851eb851eb855
clock.rows.13.cells.6.setpoint_gap	f:3f5706cf697d9c88
clock.rows.13.cells.6.lag_gap	f:3f6303ff7aa08a2b
clock.rows.13.cells.6.tau_f	f:3fd70a3d70a3d70a
clock.rows.13.cells.6.tau_gov	f:3fa999999999999a
clock.rows.13.cells.6.slope_f	f:3f7b5a70090b6751
clock.rows.13.cells.6.slope_r	f:3f5b26490e993bf9
clock.rows.13.cells.6.predicted	s:fuel
clock.rows.13.cells.6.measured	s:fuel
clock.rows.13.cells.6.margin	f:3fd9400d63ecaa1e
clock.rows.13.cells.7	keys:10
clock.rows.13.cells.7.s	f:3fc8f5c28f5c28f9
clock.rows.13.cells.7.setpoint_gap	f:3f576fd598d720f8
clock.rows.13.cells.7.lag_gap	f:3f62f833e35fb99b
clock.rows.13.cells.7.tau_f	f:3fd70a3d70a3d70a
clock.rows.13.cells.7.tau_gov	f:3fa999999999999a
clock.rows.13.cells.7.slope_f	f:3f7b4b3ca7771df1
clock.rows.13.cells.7.slope_r	f:3f5b4850e9a4c479
clock.rows.13.cells.7.predicted	s:fuel
clock.rows.13.cells.7.measured	s:fuel
clock.rows.13.cells.7.margin	f:3fd876ca74d5e9bd
clock.rows.13.cells.8	keys:10
clock.rows.13.cells.8.s	f:3fc999999999999d
clock.rows.13.cells.8.setpoint_gap	f:3f57d874de7e2b20
clock.rows.13.cells.8.lag_gap	f:3f62f158a8db0aa7
clock.rows.13.cells.8.tau_f	f:3fd70a3d70a3d70a
clock.rows.13.cells.8.tau_gov	f:3fa999999999999a
clock.rows.13.cells.8.slope_f	f:3f7b42f2f8b7c979
clock.rows.13.cells.8.slope_r	f:3f5b6be198d9cd19
clock.rows.13.cells.8.predicted	s:fuel
clock.rows.13.cells.8.measured	s:fuel
clock.rows.13.cells.8.margin	f:3fd7b7be17603546
clock.rows.13.cells.9	keys:10
clock.rows.13.cells.9.s	f:3fca3d70a3d70a41
clock.rows.13.cells.9.setpoint_gap	f:3f5840cb23d20ff0
clock.rows.13.cells.9.lag_gap	f:3f62ee7c98dd3007
clock.rows.13.cells.9.tau_f	f:3fd70a3d70a3d70a
clock.rows.13.cells.9.tau_gov	f:3fa999999999999a
clock.rows.13.cells.9.slope_f	f:3f7b404137979831
clock.rows.13.cells.9.slope_r	f:3f5b90ab2b4b3799
clock.rows.13.cells.9.predicted	s:fuel
clock.rows.13.cells.9.measured	s:fuel
clock.rows.13.cells.9.margin	f:3fd7014c24bde405
clock.rows.13.cells.10	keys:10
clock.rows.13.cells.10.s	f:3fcae147ae147ae5
clock.rows.13.cells.10.setpoint_gap	f:3f58a8f0a56751f0
clock.rows.13.cells.10.lag_gap	f:3f62eedd326d8957
clock.rows.13.cells.10.tau_f	f:3fd70a3d70a3d70a
clock.rows.13.cells.10.tau_gov	f:3fa999999999999a
clock.rows.13.cells.10.slope_f	f:3f7b42170338d159
clock.rows.13.cells.10.slope_r	f:3f5bb66d487a1799
clock.rows.13.cells.10.predicted	s:fuel
clock.rows.13.cells.10.measured	s:fuel
clock.rows.13.cells.10.margin	f:3fd65216f65600f5
clock.rows.13.cells.11	keys:10
clock.rows.13.cells.11.s	f:3fcb851eb851eb89
clock.rows.13.cells.11.setpoint_gap	f:3f5910f90c2f4628
clock.rows.13.cells.11.lag_gap	f:3f62f1dd9df09757
clock.rows.13.cells.11.tau_f	f:3fd70a3d70a3d70a
clock.rows.13.cells.11.tau_gov	f:3fa999999999999a
clock.rows.13.cells.11.slope_f	f:3f7b4798b92bf2e9
clock.rows.13.cells.11.slope_r	f:3f5bdcf4275a1499
clock.rows.13.cells.11.predicted	s:fuel
clock.rows.13.cells.11.measured	s:fuel
clock.rows.13.cells.11.margin	f:3fd5a8f83998d598
clock.rows.13.cells.12	keys:10
clock.rows.13.cells.12.s	f:3fcc28f5c28f5c2d
clock.rows.13.cells.12.setpoint_gap	f:3f5978f45041c6f8
clock.rows.13.cells.12.lag_gap	f:3f62f6ff63fbe403
clock.rows.13.cells.12.tau_f	f:3fd70a3d70a3d70a
clock.rows.13.cells.12.tau_gov	f:3fa999999999999a
clock.rows.13.cells.12.slope_f	f:3f7b5015412fca29
clock.rows.13.cells.12.slope_r	f:3f5c04161c6b1db9
clock.rows.13.cells.12.predicted	s:fuel
clock.rows.13.cells.12.measured	s:fuel
clock.rows.13.cells.12.margin	f:3fd504f9b69b7b30
clock.rows.13.cells.13	keys:10
clock.rows.13.cells.13.s	f:3fccccccccccccd1
clock.rows.13.cells.13.setpoint_gap	f:3f59e0ef6fc9b6e8
clock.rows.13.cells.13.lag_gap	f:3f62fddc8cb6edb3
clock.rows.13.cells.13.tau_f	f:3fd70a3d70a3d70a
clock.rows.13.cells.13.tau_gov	f:3fa999999999999a
clock.rows.13.cells.13.slope_f	f:3f7b5afdd1ef9a51
clock.rows.13.cells.13.slope_r	f:3f5c2bb1a1929eb9
clock.rows.13.cells.13.predicted	s:fuel
clock.rows.13.cells.13.measured	s:fuel
clock.rows.13.cells.13.margin	f:3fd4654e774a3681
clock.rows.13.cells.14	keys:10
clock.rows.13.cells.14.s	f:3fcd70a3d70a3d75
clock.rows.13.cells.14.setpoint_gap	f:3f5a48f5028f03e0
clock.rows.13.cells.14.lag_gap	f:3f630622e230a237
clock.rows.13.cells.14.tau_f	f:3fd70a3d70a3d70a
clock.rows.13.cells.14.tau_gov	f:3fa999999999999a
clock.rows.13.cells.14.slope_f	f:3f7b67df4d43f939
clock.rows.13.cells.14.slope_r	f:3f5c53abc00c4a99
clock.rows.13.cells.14.predicted	s:fuel
clock.rows.13.cells.14.measured	s:fuel
clock.rows.13.cells.14.margin	f:3fd3c94c89a75e84
clock.rows.13.cells.15	keys:10
clock.rows.13.cells.15.s	f:3fce147ae147ae19
clock.rows.13.cells.15.setpoint_gap	f:3f5ab10db0f54540
clock.rows.13.cells.15.lag_gap	f:3f630f901d750c43
clock.rows.13.cells.15.tau_f	f:3fd70a3d70a3d70a
clock.rows.13.cells.15.tau_gov	f:3fa999999999999a
clock.rows.13.cells.15.slope_f	f:3f7b765ce53d1e29
clock.rows.13.cells.15.slope_r	f:3f5c7beec96313b9
clock.rows.13.cells.15.predicted	s:fuel
clock.rows.13.cells.15.measured	s:fuel
clock.rows.13.cells.15.margin	f:3fd3306775dadeb8
clock.rows.13.cells.16	keys:10
clock.rows.13.cells.16.s	f:3fceb851eb851ebd
clock.rows.13.cells.16.setpoint_gap	f:3f5b194093f44f20
clock.rows.13.cells.16.lag_gap	f:3f6319eed1090c03
clock.rows.13.cells.16.tau_f	f:3fd70a3d70a3d70a
clock.rows.13.cells.16.tau_gov	f:3fa999999999999a
clock.rows.13.cells.16.slope_f	f:3f7b862bca70bf09
clock.rows.13.cells.16.slope_r	f:3f5ca469501203b9
clock.rows.13.cells.16.predicted	s:fuel
clock.rows.13.cells.16.measured	s:fuel
clock.rows.13.cells.16.margin	f:3fd29a2b6bdb9cf6
clock.rows.13.cells.17	keys:10
clock.rows.13.cells.17.s	f:3fcf5c28f5c28f61
clock.rows.13.cells.17.setpoint_gap	f:3f5b8193827eb860
clock.rows.13.cells.17.lag_gap	f:3f632513ec2c0813
clock.rows.13.cells.17.tau_f	f:3fd70a3d70a3d70a
clock.rows.13.cells.17.tau_gov	f:3fa999999999999a
clock.rows.13.cells.17.slope_f	f:3f7b970fb03f1e17
clock.rows.13.cells.17.slope_r	f:3f5ccd0d536bb94f
clock.rows.13.cells.17.predicted	s:fuel
clock.rows.13.cells.17.measured	s:fuel
clock.rows.13.cells.17.margin	f:3fd206392020f98a
clock.rows.13.cells.18	keys:10
clock.rows.13.cells.18.s	f:3fd0000000000002
clock.rows.13.cells.18.setpoint_gap	f:3f5bea0b4fee1398
clock.rows.13.cells.18.lag_gap	f:3f6330dcb954155b
clock.rows.13.cells.18.tau_f	f:3fd70a3d70a3d70a
clock.rows.13.cells.18.tau_gov	f:3fa999999999999a
clock.rows.13.cells.18.slope_f	f:3f7ba8d7fdadc557
clock.rows.13.cells.18.slope_r	f:3f5cf5cf94cfaa0f
clock.rows.13.cells.18.predicted	s:fuel
clock.rows.13.cells.18.measured	s:fuel
clock.rows.13.cells.18.margin	f:3fd174424850be00
clock.rows.13.cells.19	keys:10
clock.rows.13.cells.19.s	f:3fd051eb851eb854
clock.rows.13.cells.19.setpoint_gap	f:3f5c52abfe5aa268
clock.rows.13.cells.19.lag_gap	f:3f633d2d40100fd3
clock.rows.13.cells.19.tau_f	f:3fd70a3d70a3d70a
clock.rows.13.cells.19.tau_gov	f:3fa999999999999a
clock.rows.13.cells.19.slope_f	f:3f7bbb5d89777571
clock.rows.13.cells.19.slope_r	f:3f5d1ea70e2123b9
clock.rows.13.cells.19.predicted	s:fuel
clock.rows.13.cells.19.measured	s:fuel
clock.rows.13.cells.19.margin	f:3fd0e406a6193c75
clock.rows.13.cells.20	keys:10
clock.rows.13.cells.20.s	f:3fd0a3d70a3d70a6
clock.rows.13.cells.20.setpoint_gap	f:3f5cbb78e7351560
clock.rows.13.cells.20.lag_gap	f:3f6349eef712ce1f
clock.rows.13.cells.20.tau_f	f:3fd70a3d70a3d70a
clock.rows.13.cells.20.tau_gov	f:3fa999999999999a
clock.rows.13.cells.20.slope_f	f:3f7bce80c65fb571
clock.rows.13.cells.20.slope_r	f:3f5d478c830767d9
clock.rows.13.cells.20.predicted	s:fuel
clock.rows.13.cells.20.measured	s:fuel
clock.rows.13.cells.20.margin	f:3fd055518ddb4b88
clock.rows.13.cells.21	keys:10
clock.rows.13.cells.21.s	f:3fd0f5c28f5c28f8
clock.rows.13.cells.21.setpoint_gap	f:3f5d2474dc04c9e8
clock.rows.13.cells.21.lag_gap	f:3f63570fb6e3d05b
clock.rows.13.cells.21.tau_f	f:3fd70a3d70a3d70a
clock.rows.13.cells.21.tau_gov	f:3fa999999999999a
clock.rows.13.cells.21.slope_f	f:3f7be2284a0f8d91
clock.rows.13.cells.21.slope_r	f:3f5d707a27c0f879
clock.rows.13.cells.21.predicted	s:fuel
clock.rows.13.cells.21.measured	s:fuel
clock.rows.13.cells.21.margin	f:3fcf8fefaf31fc58
clock.rows.13.cells.22	keys:10
clock.rows.13.cells.22.s	f:3fd147ae147ae14a
clock.rows.13.cells.22.setpoint_gap	f:3f5d8da240cfef98
clock.rows.13.cells.22.lag_gap	f:3f636480e0b38813
clock.rows.13.cells.22.tau_f	f:3fd70a3d70a3d70a
clock.rows.13.cells.22.tau_gov	f:3fa999999999999a
clock.rows.13.cells.22.slope_f	f:3f7bf63f9cf6fea1
clock.rows.13.cells.22.slope_r	f:3f5d996b5955c8b9
clock.rows.13.cells.22.predicted	s:fuel
clock.rows.13.cells.22.measured	s:fuel
clock.rows.13.cells.22.margin	f:3fce77ac543e5e3c
clock.rows.13.cells.23	keys:10
clock.rows.13.cells.23.s	f:3fd199999999999c
clock.rows.13.cells.23.setpoint_gap	f:3f5df70321676920
clock.rows.13.cells.23.lag_gap	f:3f637236af3c96a7
clock.rows.13.cells.23.tau_f	f:3fd70a3d70a3d70a
clock.rows.13.cells.23.tau_gov	f:3fa999999999999a
clock.rows.13.cells.23.slope_f	f:3f7c0ab645121dd9
clock.rows.13.cells.23.slope_r	f:3f5dc25c63c56b19
clock.rows.13.cells.23.predicted	s:fuel
clock.rows.13.cells.23.measured	s:fuel
clock.rows.13.cells.23.margin	f:3fcd619f245104ad
clock.rows.13.cells.24	keys:10
clock.rows.13.cells.24.s	f:3fd1eb851eb851ee
clock.rows.13.cells.24.setpoint_gap	f:3f5e60994293ce70
clock.rows.13.cells.24.lag_gap	f:3f638027a98b341f
clock.rows.13.cells.24.tau_f	f:3fd70a3d70a3d70a
clock.rows.13.cells.24.tau_gov	f:3fa999999999999a
clock.rows.13.cells.24.slope_f	f:3f7c1f7f002754a9
clock.rows.13.cells.24.slope_r	f:3f5deb4a53796159
clock.rows.13.cells.24.predicted	s:fuel
clock.rows.13.cells.24.measured	s:fuel
clock.rows.13.cells.24.margin	f:3fcc4d98b20a2288
clock.rows.13.cells.25	keys:10
clock.rows.13.cells.25.s	f:3fd23d70a3d70a40
clock.rows.13.cells.25.setpoint_gap	f:3f5eca662fef7338
clock.rows.13.cells.25.lag_gap	f:3f638e4c311c22b3
clock.rows.13.cells.25.tau_f	f:3fd70a3d70a3d70a
clock.rows.13.cells.25.tau_gov	f:3fa999999999999a
clock.rows.13.cells.25.slope_f	f:3f7c348f244fe051
clock.rows.13.cells.25.slope_r	f:3f5e1432cfca36b8
clock.rows.13.cells.25.predicted	s:fuel
clock.rows.13.cells.25.measured	s:fuel
clock.rows.13.cells.25.margin	f:3fcb3b7220441cee
clock.rows.13.cells.26	keys:10
clock.rows.13.cells.26.s	f:3fd28f5c28f5c292
clock.rows.13.cells.26.setpoint_gap	f:3f5f346b47126b58
clock.rows.13.cells.26.lag_gap	f:3f639c9e260a987b
clock.rows.13.cells.26.tau_f	f:3fd70a3d70a3d70a
clock.rows.13.cells.26.tau_gov	f:3fa999999999999a
clock.rows.13.cells.26.slope_f	f:3f7c49de1f642df9
clock.rows.13.cells.26.slope_r	f:3f5e3d13fcd08bf8
clock.rows.13.cells.26.predicted	s:fuel
clock.rows.13.cells.26.measured	s:fuel
clock.rows.13.cells.26.margin	f:3fca2b0b90d53745
clock.rows.13.cells.27	keys:10
clock.rows.13.cells.27.s	f:3fd2e147ae147ae4
clock.rows.13.cells.27.setpoint_gap	f:3f5f9ea9c0953638
clock.rows.13.cells.27.lag_gap	f:3f63ab189d036ea7
clock.rows.13.cells.27.tau_f	f:3fd70a3d70a3d70a
clock.rows.13.cells.27.tau_gov	f:3fa999999999999a
clock.rows.13.cells.27.slope_f	f:3f7c5f650f4af5b9
clock.rows.13.cells.27.slope_r	f:3f5e65ec6318c118
clock.rows.13.cells.27.predicted	s:fuel
clock.rows.13.cells.27.measured	s:fuel
clock.rows.13.cells.27.margin	f:3fc91c4adbaeb458
clock.rows.13.cells.28	keys:10
clock.rows.13.cells.28.s	f:3fd3333333333336
clock.rows.13.cells.28.setpoint_gap	f:3f6004915baa95c8
clock.rows.13.cells.28.lag_gap	f:3f63b9b7a38fee07
clock.rows.13.cells.28.tau_f	f:3fd70a3d70a3d70a
clock.rows.13.cells.28.tau_gov	f:3fa999999999999a
clock.rows.13.cells.28.slope_f	f:3f7c751e6e5ddda9
clock.rows.13.cells.28.slope_r	f:3f5e8ebadc122518
clock.rows.13.cells.28.predicted	s:fuel
clock.rows.13.cells.28.measured	s:fuel
clock.rows.13.cells.28.margin	f:3fc80f1a81ad6437
clock.rows.13.cells.29	keys:10
clock.rows.13.cells.29.s	f:3fd3851eb851eb88
clock.rows.13.cells.29.setpoint_gap	f:3f6039eb97288d70
clock.rows.13.cells.29.lag_gap	f:3f63c8780fefb577
clock.rows.13.cells.29.tau_f	f:3fd70a3d70a3d70a
clock.rows.13.cells.29.tau_gov	f:3fa999999999999a
clock.rows.13.cells.29.slope_f	f:3f7c8b05cffde011
clock.rows.13.cells.29.slope_r	f:3f5eb77e824e7418
clock.rows.13.cells.29.predicted	s:fuel
clock.rows.13.cells.29.measured	s:fuel
clock.rows.13.cells.29.margin	f:3fc70368d07708ed
clock.rows.13.cells.30	keys:10
clock.rows.13.cells.30.s	f:3fd3d70a3d70a3da
clock.rows.13.cells.30.setpoint_gap	f:3f606f640ab1d490
clock.rows.13.cells.30.lag_gap	f:3f63ba5f12b33fab
clock.rows.13.cells.30.tau_f	f:3fd70a3d70a3d70a
clock.rows.13.cells.30.tau_gov	f:3fa999999999999a
clock.rows.13.cells.30.slope_f	f:3f7c787c99e1f9d1
clock.rows.13.cells.30.slope_r	f:3f5ed58ffd6a27f8
clock.rows.13.cells.30.predicted	s:fuel
clock.rows.13.cells.30.measured	s:fuel
clock.rows.13.cells.30.margin	f:3fc55d74efd16588
clock.rows.13.cells.31	keys:10
clock.rows.13.cells.31.s	f:3fd428f5c28f5c2c
clock.rows.13.cells.31.setpoint_gap	f:3f60a438e1edd23c
clock.rows.13.cells.31.lag_gap	f:3f628b9a2a5f1473
clock.rows.13.cells.31.tau_f	f:3fd70a3d70a3d70a
clock.rows.13.cells.31.tau_gov	f:3fa999999999999a
clock.rows.13.cells.31.slope_f	f:3f7ad14458fb1181
clock.rows.13.cells.31.slope_r	f:3f5e8799ca305fb8
clock.rows.13.cells.31.predicted	s:fuel
clock.rows.13.cells.31.measured	s:gov
clock.rows.13.cells.31.margin	f:3fba47cdc96b825f
clock.rows.13.cells.32	keys:10
clock.rows.13.cells.32.s	f:3fd47ae147ae147e
clock.rows.13.cells.32.setpoint_gap	f:3f60d19e3d62213c
clock.rows.13.cells.32.lag_gap	f:3f60724c9b142738
clock.rows.13.cells.32.tau_f	f:3fd70a3d70a3d70a
clock.rows.13.cells.32.tau_gov	f:3fa999999999999a
clock.rows.13.cells.32.slope_f	f:3f77e1238ceaa142
clock.rows.13.cells.32.slope_r	f:3f5dde6e05a59d19
clock.rows.13.cells.32.predicted	s:gov
clock.rows.13.cells.32.measured	s:gov
clock.rows.13.cells.32.margin	f:bf96ab69502e9dc9
clock.rows.13.cells.33	keys:10
clock.rows.13.cells.33.s	f:3fd4ccccccccccd0
clock.rows.13.cells.33.setpoint_gap	f:3f60f840b932f73c
clock.rows.13.cells.33.lag_gap	f:3f5d40b739acbb08
clock.rows.13.cells.33.tau_f	f:3fd70a3d70a3d70a
clock.rows.13.cells.33.tau_gov	f:3fa999999999999a
clock.rows.13.cells.33.slope_f	f:3f7554d6135ca9d3
clock.rows.13.cells.33.slope_r	f:3f5d49c4df547e39
clock.rows.13.cells.33.predicted	s:gov
clock.rows.13.cells.33.measured	s:gov
clock.rows.13.cells.33.margin	f:bfc1ace9431833ae
clock.rows.13.cells.34	keys:10
clock.rows.13.cells.34.s	f:3fd51eb851eb8522
clock.rows.13.cells.34.setpoint_gap	f:3f61195893b1a400
clock.rows.13.cells.34.lag_gap	f:3f5a4452abea6451
clock.rows.13.cells.34.tau_f	f:3fd70a3d70a3d70a
clock.rows.13.cells.34.tau_gov	f:3fa999999999999a
clock.rows.13.cells.34.slope_f	f:3f733dbfe9fbc4db
clock.rows.13.cells.34.slope_r	f:3f5ccf21b1364f19
clock.rows.13.cells.34.predicted	s:gov
clock.rows.13.cells.34.measured	s:gov
clock.rows.13.cells.34.margin	f:bfcdaf7baacdcf0c
clock.rows.13.cells.35	keys:10
clock.rows.13.cells.35.s	f:3fd570a3d70a3d74
clock.rows.13.cells.35.setpoint_gap	f:3f6135e464ac35a8
clock.rows.13.cells.35.lag_gap	f:3f57d07cb456bd9a
clock.rows.13.cells.35.tau_f	f:3fd70a3d70a3d70a
clock.rows.13.cells.35.tau_gov	f:3fa999999999999a
clock.rows.13.cells.35.slope_f	f:3f71863a55203b4c
clock.rows.13.cells.35.slope_r	f:3f5c699eb00ca879
clock.rows.13.cells.35.predicted	s:gov
clock.rows.13.cells.35.measured	s:gov
clock.rows.13.cells.35.margin	f:bfd3b8a101892b47
clock.rows.13.cells.36	keys:10
clock.rows.13.cells.36.s	f:3fd5c28f5c28f5c6
clock.rows.13.cells.36.setpoint_gap	f:3f614eb3d4842458
clock.rows.13.cells.36.lag_gap	f:3f55cc081f91b722
clock.rows.13.cells.36.tau_f	f:3fd70a3d70a3d70a
clock.rows.13.cells.36.tau_gov	f:3fa999999999999a
clock.rows.13.cells.36.slope_f	f:3f701ca62cf7c954
clock.rows.13.cells.36.slope_r	f:3f5c154297b12459
clock.rows.13.cells.36.predicted	s:gov
clock.rows.13.cells.36.measured	s:gov
clock.rows.13.cells.36.margin	f:bfd7b2fc614f0653
clock.rows.13.cells.37	keys:10
clock.rows.13.cells.37.s	f:3fd6147ae147ae18
clock.rows.13.cells.37.setpoint_gap	f:3f61647058037ac8
clock.rows.13.cells.37.lag_gap	f:3f54227825c63703
clock.rows.13.cells.37.tau_f	f:3fd70a3d70a3d70a
clock.rows.13.cells.37.tau_gov	f:3fa999999999999a
clock.rows.13.cells.37.slope_f	f:3f6de55929046f69
clock.rows.13.cells.37.slope_r	f:3f5bced427f6c4d9
clock.rows.13.cells.37.predicted	s:gov
clock.rows.13.cells.37.measured	s:gov
clock.rows.13.cells.37.margin	f:bfdaf4573cd002b7
clock.rows.13.cells.38	keys:10
clock.rows.13.cells.38.s	f:3fd666666666666a
clock.rows.13.cells.38.setpoint_gap	f:3f6177a44d0be998
clock.rows.13.cells.38.lag_gap	f:3f52c3210dc4b77b
clock.rows.13.cells.38.tau_f	f:3fd70a3d70a3d70a
clock.rows.13.cells.38.tau_gov	f:3fa999999999999a
clock.rows.13.cells.38.slope_f	f:3f6bf945353701f9
clock.rows.13.cells.38.slope_r	f:3f5b93b5eaecf9f9
clock.rows.13.cells.38.predicted	s:gov
clock.rows.13.cells.38.measured	s:gov
clock.rows.13.cells.38.margin	f:bfdda0b801ef46f1
clock.rows.13.cells.39	keys:10
clock.rows.13.cells.39.s	f:3fd6b851eb851ebc
clock.rows.13.cells.39.setpoint_gap	f:3f6188c0c42bce08
clock.rows.13.cells.39.lag_gap	f:3f51a071e4b5fd63
clock.rows.13.cells.39.tau_f	f:3fd70a3d70a3d70a
clock.rows.13.cells.39.tau_gov	f:3fa999999999999a
clock.rows.13.cells.39.slope_f	f:3f6a62133cf852b9
clock.rows.13.cells.39.slope_r	f:3f5b61c8c2f341d9
clock.rows.13.cells.39.predicted	s:gov
clock.rows.13.cells.39.measured	s:gov
clock.rows.13.cells.39.margin	f:bfdfd4c31bb1edfa
clock.rows.13.cells.40	keys:10
clock.rows.13.cells.40.s	f:3fd70a3d70a3d70e
clock.rows.13.cells.40.setpoint_gap	f:3f61982235a4382c
clock.rows.13.cells.40.lag_gap	f:3f50af5ff04b6a23
clock.rows.13.cells.40.tau_f	f:3fd70a3d70a3d70a
clock.rows.13.cells.40.tau_gov	f:3fa999999999999a
clock.rows.13.cells.40.slope_f	f:3f69104ea331954a
clock.rows.13.cells.40.slope_r	f:3f5b375401b28159
clock.rows.13.cells.40.predicted	s:gov
clock.rows.13.cells.40.measured	s:gov
clock.rows.13.cells.40.margin	f:bfe0d3aaf8fadd16
clock.rows.13.cells.41	keys:10
clock.rows.13.cells.41.s	f:3fd75c28f5c28f60
clock.rows.13.cells.41.setpoint_gap	f:3f61a61455279170
clock.rows.13.cells.41.lag_gap	f:3f4fcddb7dd9c9d9
clock.rows.13.cells.41.tau_f	f:3fd70a3d70a3d70a
clock.rows.13.cells.41.tau_gov	f:3fa999999999999a
clock.rows.13.cells.41.slope_f	f:3f67f7621e9b82ba
clock.rows.13.cells.41.slope_r	f:3f5b12f20170ab39
clock.rows.13.cells.41.predicted	s:gov
clock.rows.13.cells.41.measured	s:gov
clock.rows.13.cells.41.margin	f:bfe19560bbbcb45d
clock.rows.13.cells.42	keys:10
clock.rows.13.cells.42.s	f:3fd7ae147ae147b2
clock.rows.13.cells.42.setpoint_gap	f:3f61b2d52e42a6b4
clock.rows.13.cells.42.lag_gap	f:3f4e7f9190f32aa9
clock.rows.13.cells.42.tau_f	f:3fd70a3d70a3d70a
clock.rows.13.cells.42.tau_gov	f:3fa999999999999a
clock.rows.13.cells.42.slope_f	f:3f670d0e01506eda
clock.rows.13.cells.42.slope_r	f:3f5af380696cf819
clock.rows.13.cells.42.predicted	s:gov
clock.rows.13.cells.42.measured	s:gov
clock.rows.13.cells.42.margin	f:bfe236de8fef083c
clock.rows.13.cells.43	keys:10
clock.rows.13.cells.43.s	f:3fd8000000000004
clock.rows.13.cells.43.setpoint_gap	f:3f61be97abae3a44
clock.rows.13.cells.43.lag_gap	f:3f4d67f2eda60ed9
clock.rows.13.cells.43.tau_f	f:3fd70a3d70a3d70a
clock.rows.13.cells.43.tau_gov	f:3fa999999999999a
clock.rows.13.cells.43.slope_f	f:3f6648f84581667a
clock.rows.13.cells.43.slope_r	f:3f5ad8136d312f39
clock.rows.13.cells.43.predicted	s:gov
clock.rows.13.cells.43.measured	s:gov
clock.rows.13.cells.43.margin	f:bfe2be11ffe6d40f
clock.rows.13.cells.44	keys:10
clock.rows.13.cells.44.s	f:3fd851eb851eb856
clock.rows.13.cells.44.setpoint_gap	f:3f61c985a5730f2c
clock.rows.13.cells.44.lag_gap	f:3f4c9f12875eea79
clock.rows.13.cells.44.tau_f	f:3fd70a3d70a3d70a
clock.rows.13.cells.44.tau_gov	f:3fa999999999999a
clock.rows.13.cells.44.slope_f	f:3f65bbbd8c12356b
clock.rows.13.cells.44.slope_r	f:3f5abf23641dd879
clock.rows.13.cells.44.predicted	s:gov
clock.rows.13.cells.44.measured	s:gov
clock.rows.13.cells.44.margin	f:bfe320902cc09ca4
clock.rows.14	keys:20
clock.rows.14.coord	s:demand
clock.rows.14.tau_f	f:3fbeb851eb851eb8
clock.rows.14.tau_gov	f:3fc999999999999a
clock.rows.14.tau_q	f:3fa999999999999a
clock.rows.14.tau_s	f:3fa999999999999a
clock.rows.14.phi_lim	f:3fe8000000000000
clock.rows.14.phi_air	f:3fe8a3d70a3d70a4
clock.rows.14.max_Tt4	f:40929be3a2e205b4
clock.rows.14.riding4_valid	b:1
clock.rows.14.n_riding4	i:42
clock.rows.14.census	keys:2
clock.rows.14.census.fuel	i:22
clock.rows.14.census.gov	i:20
clock.rows.14.n_fuel	i:22
clock.rows.14.n_gov	i:20
clock.rows.14.n_scored	i:42
clock.rows.14.n_edge	i:0
clock.rows.14.n_agree	i:41
clock.rows.14.agreement	f:3fef3cf3cf3cf3cf
clock.rows.14.worst_miss	f:3fb8c9f830be8603
clock.rows.14.min_margin	f:3fa165e3a9525657
clock.rows.14.cells	len:42
clock.rows.14.cells.0	keys:10
clock.rows.14.cells.0.s	f:3fc47ae147ae147d
clock.rows.14.cells.0.setpoint_gap	f:3f547d3d3a870500
clock.rows.14.cells.0.lag_gap	f:3f620d2a22ae951c
clock.rows.14.cells.0.tau_f	f:3fd70a3d70a3d70a
clock.rows.14.cells.0.tau_gov	f:3fc999999999999a
clock.rows.14.cells.0.slope_f	f:3f7cc3d8e0f3ef99
clock.rows.14.cells.0.slope_r	f:3f5a980dc5a41d39
clock.rows.14.cells.0.predicted	s:fuel
clock.rows.14.cells.0.measured	s:fuel
clock.rows.14.cells.0.margin	f:3fdbadb1d66e5656
clock.rows.14.cells.1	keys:10
clock.rows.14.cells.1.s	f:3fc51eb851eb8521
clock.rows.14.cells.1.setpoint_gap	f:3f54ed3ab9267df8
clock.rows.14.cells.1.lag_gap	f:3f61bdbe61885c7c
clock.rows.14.cells.1.tau_f	f:3fd70a3d70a3d70a
clock.rows.14.cells.1.tau_gov	f:3fc999999999999a
clock.rows.14.cells.1.slope_f	f:3f7c5745da63c249
clock.rows.14.cells.1.slope_r	f:3f5aa48721e10d39
clock.rows.14.cells.1.predicted	s:fuel
clock.rows.14.cells.1.measured	s:fuel
clock.rows.14.cells.1.margin	f:3fda4119239233d7
clock.rows.14.cells.2	keys:10
clock.rows.14.cells.2.s	f:3fc5c28f5c28f5c5
clock.rows.14.cells.2.setpoint_gap	f:3f555b3eabe25c00
clock.rows.14.cells.2.lag_gap	f:3f617fa54d0efb8c
clock.rows.14.cells.2.tau_f	f:3fd70a3d70a3d70a
clock.rows.14.cells.2.tau_gov	f:3fc999999999999a
clock.rows.14.cells.2.slope_f	f:3f7c0390cde92521
clock.rows.14.cells.2.slope_r	f:3f5ab6d0c7f8d179
clock.rows.14.cells.2.predicted	s:fuel
clock.rows.14.cells.2.measured	s:fuel
clock.rows.14.cells.2.margin	f:3fd8f1f62ffbfae7
clock.rows.14.cells.3	keys:10
clock.rows.14.cells.3.s	f:3fc6666666666669
clock.rows.14.cells.3.setpoint_gap	f:3f55c7b43006ee00
clock.rows.14.cells.3.lag_gap	f:3f614f892a54bc7c
clock.rows.14.cells.3.tau_f	f:3fd70a3d70a3d70a
clock.rows.14.cells.3.tau_gov	f:3fc999999999999a
clock.rows.14.cells.3.slope_f	f:3f7bc3ef454468f1
clock.rows.14.cells.3.slope_r	f:3f5acdc57e9d3059
clock.rows.14.cells.3.predicted	s:fuel
clock.rows.14.cells.3.measured	s:fuel
clock.rows.14.cells.3.margin	f:3fd7bced23ade57c
clock.rows.14.cells.4	keys:10
clock.rows.14.cells.4.s	f:3fc70a3d70a3d70d
clock.rows.14.cells.4.setpoint_gap	f:3f5632f1c98c7be0
clock.rows.14.cells.4.lag_gap	f:3f612ab92430c4fc
clock.rows.14.cells.4.tau_f	f:3fd70a3d70a3d70a
clock.rows.14.cells.4.tau_gov	f:3fc999999999999a
clock.rows.14.cells.4.slope_f	f:3f7b9483bc6c8d41
clock.rows.14.cells.4.slope_r	f:3f5ae87915f2ad99
clock.rows.14.cells.4.predicted	s:fuel
clock.rows.14.cells.4.measured	s:fuel
clock.rows.14.cells.4.margin	f:3fd69eafb70009a5
clock.rows.14.cells.5	keys:10
clock.rows.14.cells.5.s	f:3fc7ae147ae147b1
clock.rows.14.cells.5.setpoint_gap	f:3f569d3d5dbe9ae0
clock.rows.14.cells.5.lag_gap	f:3f610f09833c048c
clock.rows.14.cells.5.tau_f	f:3fd70a3d70a3d70a
clock.rows.14.cells.5.tau_gov	f:3fc999999999999a
clock.rows.14.cells.5.slope_f	f:3f7b722ff3ec51b9
clock.rows.14.cells.5.slope_r	f:3f5b062d55808559
clock.rows.14.cells.5.predicted	s:fuel
clock.rows.14.cells.5.measured	s:fuel
clock.rows.14.cells.5.margin	f:3fd59421855f400a
clock.rows.14.cells.6	keys:10
clock.rows.14.cells.6.s	f:3fc851eb851eb855
clock.rows.14.cells.6.setpoint_gap	f:3f5706cf697d9c88
clock.rows.14.cells.6.lag_gap	f:3f60fab9ffeea5ac
clock.rows.14.cells.6.tau_f	f:3fd70a3d70a3d70a
clock.rows.14.cells.6.tau_gov	f:3fc999999999999a
clock.rows.14.cells.6.slope_f	f:3f7b5a70090b6751
clock.rows.14.cells.6.slope_r	f:3f5b26490e993bf9
clock.rows.14.cells.6.predicted	s:fuel
clock.rows.14.cells.6.measured	s:fuel
clock.rows.14.cells.6.margin	f:3fd49a6cc60e93d5
clock.rows.14.cells.7	keys:10
clock.rows.14.cells.7.s	f:3fc8f5c28f5c28f9
clock.rows.14.cells.7.setpoint_gap	f:3f576fd598d720f8
clock.rows.14.cells.7.lag_gap	f:3f60ec61050cf7ac
clock.rows.14.cells.7.tau_f	f:3fd70a3d70a3d70a
clock.rows.14.cells.7.tau_gov	f:3fc999999999999a
clock.rows.14.cells.7.slope_f	f:3f7b4b3ca7771df1
clock.rows.14.cells.7.slope_r	f:3f5b4850e9a4c479
clock.rows.14.cells.7.predicted	s:fuel
clock.rows.14.cells.7.measured	s:fuel
clock.rows.14.cells.7.margin	f:3fd3af0b9bdd9027
clock.rows.14.cells.8	keys:10
clock.rows.14.cells.8.s	f:3fc999999999999d
clock.rows.14.cells.8.setpoint_gap	f:3f57d874de7e2b20
clock.rows.14.cells.8.lag_gap	f:3f60e2daf09781ac
clock.rows.14.cells.8.tau_f	f:3fd70a3d70a3d70a
clock.rows.14.cells.8.tau_gov	f:3fc999999999999a
clock.rows.14.cells.8.slope_f	f:3f7b42f2f8b7c979
clock.rows.14.cells.8.slope_r	f:3f5b6be198d9cd19
clock.rows.14.cells.8.predicted	s:fuel
clock.rows.14.cells.8.measured	s:fuel
clock.rows.14.cells.8.margin	f:3fd2cfc99bb0b590
clock.rows.14.cells.9	keys:10
clock.rows.14.cells.9.s	f:3fca3d70a3d70a41
clock.rows.14.cells.9.setpoint_gap	f:3f5840cb23d20ff0
clock.rows.14.cells.9.lag_gap	f:3f60dd3c8f378bdc
clock.rows.14.cells.9.tau_f	f:3fd70a3d70a3d70a
clock.rows.14.cells.9.tau_gov	f:3fc999999999999a
clock.rows.14.cells.9.slope_f	f:3f7b404137979831
clock.rows.14.cells.9.slope_r	f:3f5b90ab2b4b3799
clock.rows.14.cells.9.predicted	s:fuel
clock.rows.14.cells.9.measured	s:fuel
clock.rows.14.cells.9.margin	f:3fd1fac0667205c2
clock.rows.14.cells.10	keys:10
clock.rows.14.cells.10.s	f:3fcae147ae147ae5
clock.rows.14.cells.10.setpoint_gap	f:3f58a8f0a56751f0
clock.rows.14.cells.10.lag_gap	f:3f60dac83364612c
clock.rows.14.cells.10.tau_f	f:3fd70a3d70a3d70a
clock.rows.14.cells.10.tau_gov	f:3fc999999999999a
clock.rows.14.cells.10.slope_f	f:3f7b42170338d159
clock.rows.14.cells.10.slope_r	f:3f5bb66d487a1799
clock.rows.14.cells.10.predicted	s:fuel
clock.rows.14.cells.10.measured	s:fuel
clock.rows.14.cells.10.margin	f:3fd12e5172dc5d25
clock.rows.14.cells.11	keys:10
clock.rows.14.cells.11.s	f:3fcb851eb851eb89
clock.rows.14.cells.11.setpoint_gap	f:3f5910f90c2f4628
clock.rows.14.cells.11.lag_gap	f:3f60dae4e7c9d5cc
clock.rows.14.cells.11.tau_f	f:3fd70a3d70a3d70a
clock.rows.14.cells.11.tau_gov	f:3fc999999999999a
clock.rows.14.cells.11.slope_f	f:3f7b4798b92bf2e9
clock.rows.14.cells.11.slope_r	f:3f5bdcf4275a1499
clock.rows.14.cells.11.predicted	s:fuel
clock.rows.14.cells.11.measured	s:fuel
clock.rows.14.cells.11.margin	f:3fd0691e7f8f81b2
clock.rows.14.cells.12	keys:10
clock.rows.14.cells.12.s	f:3fcc28f5c28f5c2d
clock.rows.14.cells.12.setpoint_gap	f:3f5978f45041c6f8
clock.rows.14.cells.12.lag_gap	f:3f60dd17550d74fc
clock.rows.14.cells.12.tau_f	f:3fd70a3d70a3d70a
clock.rows.14.cells.12.tau_gov	f:3fc999999999999a
clock.rows.14.cells.12.slope_f	f:3f7b5015412fca29
clock.rows.14.cells.12.slope_r	f:3f5c04161c6b1db9
clock.rows.14.cells.12.predicted	s:fuel
clock.rows.14.cells.12.measured	s:fuel
clock.rows.14.cells.12.margin	f:3fcf54034aa05ece
clock.rows.14.cells.13	keys:10
clock.rows.14.cells.13.s	f:3fccccccccccccd1
clock.rows.14.cells.13.setpoint_gap	f:3f59e0ef6fc9b6e8
clock.rows.14.cells.13.lag_gap	f:3f60e0fc06ff21cc
clock.rows.14.cells.13.tau_f	f:3fd70a3d70a3d70a
clock.rows.14.cells.13.tau_gov	f:3fc999999999999a
clock.rows.14.cells.13.slope_f	f:3f7b5afdd1ef9a51
clock.rows.14.cells.13.slope_r	f:3f5c2bb1a1929eb9
clock.rows.14.cells.13.predicted	s:fuel
clock.rows.14.cells.13.measured	s:fuel
clock.rows.14.cells.13.margin	f:3fcde00b45466f89
clock.rows.14.cells.14	keys:10
clock.rows.14.cells.14.s	f:3fcd70a3d70a3d75
clock.rows.14.cells.14.setpoint_gap	f:3f5a48f5028f03e0
clock.rows.14.cells.14.lag_gap	f:3f60e642cd62e96c
clock.rows.14.cells.14.tau_f	f:3fd70a3d70a3d70a
clock.rows.14.cells.14.tau_gov	f:3fc999999999999a
clock.rows.14.cells.14.slope_f	f:3f7b67df4d43f939
clock.rows.14.cells.14.slope_r	f:3f5c53abc00c4a99
clock.rows.14.cells.14.predicted	s:fuel
clock.rows.14.cells.14.measured	s:fuel
clock.rows.14.cells.14.margin	f:3fcc74bd6eebb0fa
clock.rows.14.cells.15	keys:10
clock.rows.14.cells.15.s	f:3fce147ae147ae19
clock.rows.14.cells.15.setpoint_gap	f:3f5ab10db0f54540
clock.rows.14.cells.15.lag_gap	f:3f60ecab018d9dfc
clock.rows.14.cells.15.tau_f	f:3fd70a3d70a3d70a
clock.rows.14.cells.15.tau_gov	f:3fc999999999999a
clock.rows.14.cells.15.slope_f	f:3f7b765ce53d1e29
clock.rows.14.cells.15.slope_r	f:3f5c7beec96313b9
clock.rows.14.cells.15.predicted	s:fuel
clock.rows.14.cells.15.measured	s:fuel
clock.rows.14.cells.15.margin	f:3fcb10c875cf24bf
clock.rows.14.cells.16	keys:10
clock.rows.14.cells.16.s	f:3fceb851eb851ebd
clock.rows.14.cells.16.setpoint_gap	f:3f5b194093f44f20
clock.rows.14.cells.16.lag_gap	f:3f60f40084a14bbc
clock.rows.14.cells.16.tau_f	f:3fd70a3d70a3d70a
clock.rows.14.cells.16.tau_gov	f:3fc999999999999a
clock.rows.14.cells.16.slope_f	f:3f7b862bca70bf09
clock.rows.14.cells.16.slope_r	f:3f5ca469501203b9
clock.rows.14.cells.16.predicted	s:fuel
clock.rows.14.cells.16.measured	s:fuel
clock.rows.14.cells.16.margin	f:3fc9b315f18cf329
clock.rows.14.cells.17	keys:10
clock.rows.14.cells.17.s	f:3fcf5c28f5c28f61
clock.rows.14.cells.17.setpoint_gap	f:3f5b8193827eb860
clock.rows.14.cells.17.lag_gap	f:3f60fc1952b726fa
clock.rows.14.cells.17.tau_f	f:3fd70a3d70a3d70a
clock.rows.14.cells.17.tau_gov	f:3fc999999999999a
clock.rows.14.cells.17.slope_f	f:3f7b970fb03f1e17
clock.rows.14.cells.17.slope_r	f:3f5ccd0d536bb94f
clock.rows.14.cells.17.predicted	s:fuel
clock.rows.14.cells.17.measured	s:fuel
clock.rows.14.cells.17.margin	f:3fc85ac0a5d58b40
clock.rows.14.cells.18	keys:10
clock.rows.14.cells.18.s	f:3fd0000000000002
clock.rows.14.cells.18.setpoint_gap	f:3f5bea0b4fee1398
clock.rows.14.cells.18.lag_gap	f:3f6104d38e2ae89a
clock.rows.14.cells.18.tau_f	f:3fd70a3d70a3d70a
clock.rows.14.cells.18.tau_gov	f:3fc999999999999a
clock.rows.14.cells.18.slope_f	f:3f7ba8d7fdadc557
clock.rows.14.cells.18.slope_r	f:3f5cf5cf94cfaa0f
clock.rows.14.cells.18.predicted	s:fuel
clock.rows.14.cells.18.measured	s:fuel
clock.rows.14.cells.18.margin	f:3fc7070c31e6ee3d
clock.rows.14.cells.19	keys:10
clock.rows.14.cells.19.s	f:3fd051eb851eb854
clock.rows.14.cells.19.setpoint_gap	f:3f5c52abfe5aa268
clock.rows.14.cells.19.lag_gap	f:3f610e13ebcd938c
clock.rows.14.cells.19.tau_f	f:3fd70a3d70a3d70a
clock.rows.14.cells.19.tau_gov	f:3fc999999999999a
clock.rows.14.cells.19.slope_f	f:3f7bbb5d89777571
clock.rows.14.cells.19.slope_r	f:3f5d1ea70e2123b9
clock.rows.14.cells.19.predicted	s:fuel
clock.rows.14.cells.19.measured	s:fuel
clock.rows.14.cells.19.margin	f:3fc5b75e08684ddf
clock.rows.14.cells.20	keys:10
clock.rows.14.cells.20.s	f:3fd0a3d70a3d70a6
clock.rows.14.cells.20.setpoint_gap	f:3f5cbb78e7351560
clock.rows.14.cells.20.lag_gap	f:3f6117c46d3f0cbc
clock.rows.14.cells.20.tau_f	f:3fd70a3d70a3d70a
clock.rows.14.cells.20.tau_gov	f:3fc999999999999a
clock.rows.14.cells.20.slope_f	f:3f7bce80c65fb571
clock.rows.14.cells.20.slope_r	f:3f5d478c830767d9
clock.rows.14.cells.20.predicted	s:fuel
clock.rows.14.cells.20.measured	s:fuel
clock.rows.14.cells.20.margin	f:3fc46b3787fd97be
clock.rows.14.cells.21	keys:10
clock.rows.14.cells.21.s	f:3fd0f5c28f5c28f8
clock.rows.14.cells.21.setpoint_gap	f:3f5d2474dc04c9e8
clock.rows.14.cells.21.lag_gap	f:3f611c82ccae6a5c
clock.rows.14.cells.21.tau_f	f:3fd70a3d70a3d70a
clock.rows.14.cells.21.tau_gov	f:3fc999999999999a
clock.rows.14.cells.21.slope_f	f:3f7bda7e275dc189
clock.rows.14.cells.21.slope_r	f:3f5d6e704fd2e379
clock.rows.14.cells.21.predicted	s:fuel
clock.rows.14.cells.21.measured	s:fuel
clock.rows.14.cells.21.margin	f:3fc30060e731356b
clock.rows.14.cells.22	keys:10
clock.rows.14.cells.22.s	f:3fd147ae147ae14a
clock.rows.14.cells.22.setpoint_gap	f:3f5d8d58fc76b990
clock.rows.14.cells.22.lag_gap	f:3f605c3a39d4925c
clock.rows.14.cells.22.tau_f	f:3fd70a3d70a3d70a
clock.rows.14.cells.22.tau_gov	f:3fc999999999999a
clock.rows.14.cells.22.slope_f	f:3f7aca32ac5fceb1
clock.rows.14.cells.22.slope_r	f:3f5d48c030641899
clock.rows.14.cells.22.predicted	s:fuel
clock.rows.14.cells.22.measured	s:gov
clock.rows.14.cells.22.margin	f:3fb8c9f830be8603
clock.rows.14.cells.23	keys:10
clock.rows.14.cells.23.s	f:3fd199999999999c
clock.rows.14.cells.23.setpoint_gap	f:3f5debd11fdea8f8
clock.rows.14.cells.23.lag_gap	f:3f5ce7885b9c9cf7
clock.rows.14.cells.23.tau_f	f:3fd70a3d70a3d70a
clock.rows.14.cells.23.tau_gov	f:3fc999999999999a
clock.rows.14.cells.23.slope_f	f:3f780e3062484a4a
clock.rows.14.cells.23.slope_r	f:3f5cad4c2cc63939
clock.rows.14.cells.23.predicted	s:gov
clock.rows.14.cells.23.measured	s:gov
clock.rows.14.cells.23.margin	f:bfa165e3a9525657
clock.rows.14.cells.24	keys:10
clock.rows.14.cells.24.s	f:3fd1eb851eb851ee
clock.rows.14.cells.24.setpoint_gap	f:3f5e3a431eaad590
clock.rows.14.cells.24.lag_gap	f:3f58b28a4a47f7b9
clock.rows.14.cells.24.tau_f	f:3fd70a3d70a3d70a
clock.rows.14.cells.24.tau_gov	f:3fc999999999999a
clock.rows.14.cells.24.slope_f	f:3f75092298d7a2e3
clock.rows.14.cells.24.slope_r	f:3f5bf845a5dbf159
clock.rows.14.cells.24.predicted	s:gov
clock.rows.14.cells.24.measured	s:gov
clock.rows.14.cells.24.margin	f:bfc76aef56d502e5
clock.rows.14.cells.25	keys:10
clock.rows.14.cells.25.s	f:3fd23d70a3d70a40
clock.rows.14.cells.25.setpoint_gap	f:3f5e7b9e9ca51608
clock.rows.14.cells.25.lag_gap	f:3f5542ee69a3bffa
clock.rows.14.cells.25.tau_f	f:3fd70a3d70a3d70a
clock.rows.14.cells.25.tau_gov	f:3fc999999999999a
clock.rows.14.cells.25.slope_f	f:3f72919ad1a9e7db
clock.rows.14.cells.25.slope_r	f:3f5b634c3bc7c579
clock.rows.14.cells.25.predicted	s:gov
clock.rows.14.cells.25.measured	s:gov
clock.rows.14.cells.25.margin	f:bfd35c5b231d6eaf
clock.rows.14.cells.26	keys:10
clock.rows.14.cells.26.s	f:3fd28f5c28f5c292
clock.rows.14.cells.26.setpoint_gap	f:3f5eb24b1c375010
clock.rows.14.cells.26.lag_gap	f:3f5274e9ceb8b41b
clock.rows.14.cells.26.tau_f	f:3fd70a3d70a3d70a
clock.rows.14.cells.26.tau_gov	f:3fc999999999999a
clock.rows.14.cells.26.slope_f	f:3f708decd93534ec
clock.rows.14.cells.26.slope_r	f:3f5ae87eabe39219
clock.rows.14.cells.26.predicted	s:gov
clock.rows.14.cells.26.measured	s:gov
clock.rows.14.cells.26.margin	f:bfd984e1a8591579
clock.rows.14.cells.27	keys:10
clock.rows.14.cells.27.s	f:3fd2e147ae147ae4
clock.rows.14.cells.27.setpoint_gap	f:3f5ee0406b4b56b0
clock.rows.14.cells.27.lag_gap	f:3f502b20c2dce4bc
clock.rows.14.cells.27.tau_f	f:3fd70a3d70a3d70a
clock.rows.14.cells.27.tau_gov	f:3fc999999999999a
clock.rows.14.cells.27.slope_f	f:3f6dd214d87f8639
clock.rows.14.cells.27.slope_r	f:3f5a830da37a9eb9
clock.rows.14.cells.27.predicted	s:gov
clock.rows.14.cells.27.measured	s:gov
clock.rows.14.cells.27.margin	f:bfde7c615e324017
clock.rows.14.cells.28	keys:10
clock.rows.14.cells.28.s	f:3fd3333333333336
clock.rows.14.cells.28.setpoint_gap	f:3f5f071ac030f500
clock.rows.14.cells.28.lag_gap	f:3f4c9b05e04ce738
clock.rows.14.cells.28.tau_f	f:3fd70a3d70a3d70a
clock.rows.14.cells.28.tau_gov	f:3fc999999999999a
clock.rows.14.cells.28.slope_f	f:3f6b23636b0ed869
clock.rows.14.cells.28.slope_r	f:3f5a2f0a6a41fc39
clock.rows.14.cells.28.predicted	s:gov
clock.rows.14.cells.28.measured	s:gov
clock.rows.14.cells.28.margin	f:bfe13fc17e42d639
clock.rows.14.cells.29	keys:10
clock.rows.14.cells.29.s	f:3fd3851eb851eb88
clock.rows.14.cells.29.setpoint_gap	f:3f5f282b4369b218
clock.rows.14.cells.29.lag_gap	f:3f4990b3a1d92ff8
clock.rows.14.cells.29.tau_f	f:3fd70a3d70a3d70a
clock.rows.14.cells.29.tau_gov	f:3fc999999999999a
clock.rows.14.cells.29.slope_f	f:3f68f37fd1308bea
clock.rows.14.cells.29.slope_r	f:3f59e93e42dc995a
clock.rows.14.cells.29.predicted	s:gov
clock.rows.14.cells.29.measured	s:gov
clock.rows.14.cells.29.margin	f:bfe2df19dd883ccb
clock.rows.14.cells.30	keys:10
clock.rows.14.cells.30.s	f:3fd3d70a3d70a3da
clock.rows.14.cells.30.setpoint_gap	f:3f5f4485a4fc85a0
clock.rows.14.cells.30.lag_gap	f:3f47170270b3f33a
clock.rows.14.cells.30.tau_f	f:3fd70a3d70a3d70a
clock.rows.14.cells.30.tau_gov	f:3fc999999999999a
clock.rows.14.cells.30.slope_f	f:3f672b4433b8d39a
clock.rows.14.cells.30.slope_r	f:3f59af0906d7801a
clock.rows.14.cells.30.predicted	s:gov
clock.rows.14.cells.30.measured	s:gov
clock.rows.14.cells.30.margin	f:bfe42f45da7a376d
clock.rows.14.cells.31	keys:10
clock.rows.14.cells.31.s	f:3fd428f5c28f5c2c
clock.rows.14.cells.31.setpoint_gap	f:3f5f5d0b41d1a320
clock.rows.14.cells.31.lag_gap	f:3f451385e268887a
clock.rows.14.cells.31.tau_f	f:3fd70a3d70a3d70a
clock.rows.14.cells.31.tau_gov	f:3fc999999999999a
clock.rows.14.cells.31.slope_f	f:3f65b7be9226f97b
clock.rows.14.cells.31.slope_r	f:3f597e45be86f9ba
clock.rows.14.cells.31.predicted	s:gov
clock.rows.14.cells.31.measured	s:gov
clock.rows.14.cells.31.margin	f:bfe53f7c37d2de8b
clock.rows.14.cells.32	keys:10
clock.rows.14.cells.32.s	f:3fd47ae147ae147e
clock.rows.14.cells.32.setpoint_gap	f:3f5f72744748c070
clock.rows.14.cells.32.lag_gap	f:3f43709efbdec03a
clock.rows.14.cells.32.tau_f	f:3fd70a3d70a3d70a
clock.rows.14.cells.32.tau_gov	f:3fc999999999999a
clock.rows.14.cells.32.slope_f	f:3f64896eac0b086b
clock.rows.14.cells.32.slope_r	f:3f59553428e13dba
clock.rows.14.cells.32.predicted	s:gov
clock.rows.14.cells.32.measured	s:gov
clock.rows.14.cells.32.margin	f:bfe61bf06db873d3
clock.rows.14.cells.33	keys:10
clock.rows.14.cells.33.s	f:3fd4ccccccccccd0
clock.rows.14.cells.33.setpoint_gap	f:3f5f8557305ef728
clock.rows.14.cells.33.lag_gap	f:3f421c9dea086b3b
clock.rows.14.cells.33.tau_f	f:3fd70a3d70a3d70a
clock.rows.14.cells.33.tau_gov	f:3fc999999999999a
clock.rows.14.cells.33.slope_f	f:3f6393a68815370b
clock.rows.14.cells.33.slope_r	f:3f5932665404207a
clock.rows.14.cells.33.predicted	s:gov
clock.rows.14.cells.33.measured	s:gov
clock.rows.14.cells.33.margin	f:bfe6ce73a415b2c6
clock.rows.14.cells.34	keys:10
clock.rows.14.cells.34.s	f:3fd51eb851eb8522
clock.rows.14.cells.34.setpoint_gap	f:3f5f962ee7e2bc18
clock.rows.14.cells.34.lag_gap	f:3f41090b8ad7d07b
clock.rows.14.cells.34.tau_f	f:3fd70a3d70a3d70a
clock.rows.14.cells.34.tau_gov	f:3fc999999999999a
clock.rows.14.cells.34.slope_f	f:3f62cc078eb4bbbb
clock.rows.14.cells.34.slope_r	f:3f5914b18d08b43a
clock.rows.14.cells.34.predicted	s:gov
clock.rows.14.cells.34.measured	s:gov
clock.rows.14.cells.34.margin	f:bfe75ef1602f8099
clock.rows.14.cells.35	keys:10
clock.rows.14.cells.35.s	f:3fd570a3d70a3d74
clock.rows.14.cells.35.setpoint_gap	f:3f5fa55fcdf98878
clock.rows.14.cells.35.lag_gap	f:3f402a13c50ab47b
clock.rows.14.cells.35.tau_f	f:3fd70a3d70a3d70a
clock.rows.14.cells.35.tau_gov	f:3fc999999999999a
clock.rows.14.cells.35.slope_f	f:3f622a173038facb
clock.rows.14.cells.35.slope_r	f:3f58fb220dcbf6da
clock.rows.14.cells.35.predicted	s:gov
clock.rows.14.cells.35.measured	s:gov
clock.rows.14.cells.35.margin	f:bfe7d3d0ef69fc90
clock.rows.14.cells.36	keys:10
clock.rows.14.cells.36.s	f:3fd5c28f5c28f5c6
clock.rows.14.cells.36.setpoint_gap	f:3f5fb33bd43b6f48
clock.rows.14.cells.36.lag_gap	f:3f3eec15bc028678
clock.rows.14.cells.36.tau_f	f:3fd70a3d70a3d70a
clock.rows.14.cells.36.tau_gov	f:3fc999999999999a
clock.rows.14.cells.36.slope_f	f:3f61a6e6e96ff5cc
clock.rows.14.cells.36.slope_r	f:3f58e4f0ea297ffa
clock.rows.14.cells.36.predicted	s:gov
clock.rows.14.cells.36.measured	s:gov
clock.rows.14.cells.36.margin	f:bfe83242171eae35
clock.rows.14.cells.37	keys:10
clock.rows.14.cells.37.s	f:3fd6147ae147ae18
clock.rows.14.cells.37.setpoint_gap	f:3f5fc005da8ab7a0
clock.rows.14.cells.37.lag_gap	f:3f3dca11faf05d78
clock.rows.14.cells.37.tau_f	f:3fd70a3d70a3d70a
clock.rows.14.cells.37.tau_gov	f:3fc999999999999a
clock.rows.14.cells.37.slope_f	f:3f613ccc322a99dc
clock.rows.14.cells.37.slope_r	f:3f58d17bd48681da
clock.rows.14.cells.37.predicted	s:gov
clock.rows.14.cells.37.measured	s:gov
clock.rows.14.cells.37.margin	f:bfe87e79d46ca468
clock.rows.14.cells.38	keys:10
clock.rows.14.cells.38.s	f:3fd666666666666a
clock.rows.14.cells.38.setpoint_gap	f:3f5fcbf46f452e80
clock.rows.14.cells.38.lag_gap	f:3f3ce12fcbf92f78
clock.rows.14.cells.38.tau_f	f:3fd70a3d70a3d70a
clock.rows.14.cells.38.tau_gov	f:3fc999999999999a
clock.rows.14.cells.38.slope_f	f:3f60e7257b83de4c
clock.rows.14.cells.38.slope_r	f:3f58c03e641671ba
clock.rows.14.cells.38.predicted	s:gov
clock.rows.14.cells.38.measured	s:gov
clock.rows.14.cells.38.margin	f:bfe8bbe2bd2e20f7
clock.rows.14.cells.39	keys:10
clock.rows.14.cells.39.s	f:3fd6b851eb851ebc
clock.rows.14.cells.39.setpoint_gap	f:3f5fd7340f361718
clock.rows.14.cells.39.lag_gap	f:3f3c26df37d5f3f8
clock.rows.14.cells.39.tau_f	f:3fd70a3d70a3d70a
clock.rows.14.cells.39.tau_gov	f:3fc999999999999a
clock.rows.14.cells.39.slope_f	f:3f60a229e45630dc
clock.rows.14.cells.39.slope_r	f:3f58b0cc969e0bba
clock.rows.14.cells.39.predicted	s:gov
clock.rows.14.cells.39.measured	s:gov
clock.rows.14.cells.39.margin	f:bfe8ed43b2960e0d
clock.rows.14.cells.40	keys:10
clock.rows.14.cells.40.s	f:3fd70a3d70a3d70e
clock.rows.14.cells.40.setpoint_gap	f:3f5fe1e8fc922000
clock.rows.14.cells.40.lag_gap	f:3f3b927e92ea0cf8
clock.rows.14.cells.40.tau_f	f:3fd70a3d70a3d70a
clock.rows.14.cells.40.tau_gov	f:3fc999999999999a
clock.rows.14.cells.40.slope_f	f:3f606ac1b50ce66c
clock.rows.14.cells.40.slope_r	f:3f58a2ce54237a1a
clock.rows.14.cells.40.predicted	s:gov
clock.rows.14.cells.40.measured	s:gov
clock.rows.14.cells.40.margin	f:bfe914def28b5143
clock.rows.14.cells.41	keys:10
clock.rows.14.cells.41.s	f:3fd75c28f5c28f60
clock.rows.14.cells.41.setpoint_gap	f:3f5fec30c0122748
clock.rows.14.cells.41.lag_gap	f:3f3c86339a4555f8
clock.rows.14.cells.41.tau_f	f:3fd70a3d70a3d70a
clock.rows.14.cells.41.tau_gov	f:3fc999999999999a
clock.rows.14.cells.41.slope_f	f:3f60ba655d0e469c
clock.rows.14.cells.41.slope_r	f:3f5890df9af652ba
clock.rows.14.cells.41.predicted	s:gov
clock.rows.14.cells.41.measured	s:gov
clock.rows.14.cells.41.margin	f:bfe8da064135f305
clock.rows.15	keys:20
clock.rows.15.coord	s:demand
clock.rows.15.tau_f	f:3fc999999999999a
clock.rows.15.tau_gov	f:3f947ae147ae147b
clock.rows.15.tau_q	f:3fa999999999999a
clock.rows.15.tau_s	f:3fa999999999999a
clock.rows.15.phi_lim	f:3fe8000000000000
clock.rows.15.phi_air	f:3fe8a3d70a3d70a4
clock.rows.15.max_Tt4	f:4092bcdcc362db1e
clock.rows.15.riding4_valid	b:1
clock.rows.15.n_riding4	i:47
clock.rows.15.census	keys:1
clock.rows.15.census.fuel	i:47
clock.rows.15.n_fuel	i:47
clock.rows.15.n_gov	i:0
clock.rows.15.n_scored	i:47
clock.rows.15.n_edge	i:0
clock.rows.15.n_agree	i:47
clock.rows.15.agreement	f:3ff0000000000000
clock.rows.15.worst_miss	n
clock.rows.15.min_margin	f:3fd5582e79f6e3dc
clock.rows.15.cells	len:47
clock.rows.15.cells.0	keys:10
clock.rows.15.cells.0.s	f:3fc3d70a3d70a3d9
clock.rows.15.cells.0.setpoint_gap	f:3f51ab34793520f0
clock.rows.15.cells.0.lag_gap	f:3f679bcc4af30533
clock.rows.15.cells.0.tau_f	f:3fe3333333333334
clock.rows.15.cells.0.tau_gov	f:3f947ae147ae147b
clock.rows.15.cells.0.slope_f	f:3f73dd601e6710eb
clock.rows.15.cells.0.slope_r	f:3f56e940f961e69a
clock.rows.15.cells.0.predicted	s:fuel
clock.rows.15.cells.0.measured	s:fuel
clock.rows.15.cells.0.margin	f:3fe406891e12bd98
clock.rows.15.cells.1	keys:10
clock.rows.15.cells.1.s	f:3fc47ae147ae147d
clock.rows.15.cells.1.setpoint_gap	f:3f51f1cce6a90370
clock.rows.15.cells.1.lag_gap	f:3f66d40775ac9823
clock.rows.15.cells.1.tau_f	f:3fe3333333333334
clock.rows.15.cells.1.tau_gov	f:3f947ae147ae147b
clock.rows.15.cells.1.slope_f	f:3f7336ba55b02053
clock.rows.15.cells.1.slope_r	f:3f56d46e3323b99a
clock.rows.15.cells.1.predicted	s:fuel
clock.rows.15.cells.1.measured	s:fuel
clock.rows.15.cells.1.margin	f:3fe36c44a93ed6ec
clock.rows.15.cells.2	keys:10
clock.rows.15.cells.2.s	f:3fc51eb851eb8521
clock.rows.15.cells.2.setpoint_gap	f:3f523582813e6060
clock.rows.15.cells.2.lag_gap	f:3f6633c3dbea720b
clock.rows.15.cells.2.tau_f	f:3fe3333333333334
clock.rows.15.cells.2.tau_gov	f:3f947ae147ae147b
clock.rows.15.cells.2.slope_f	f:3f72b110b63b912b
clock.rows.15.cells.2.slope_r	f:3f56c7538457803a
clock.rows.15.cells.2.predicted	s:fuel
clock.rows.15.cells.2.measured	s:fuel
clock.rows.15.cells.2.margin	f:3fe2e0aff4484afc
clock.rows.15.cells.3	keys:10
clock.rows.15.cells.3.s	f:3fc5c28f5c28f5c5
clock.rows.15.cells.3.setpoint_gap	f:3f5276e3c639e190
clock.rows.15.cells.3.lag_gap	f:3f65b39053e9e10b
clock.rows.15.cells.3.tau_f	f:3fe3333333333334
clock.rows.15.cells.3.tau_gov	f:3f947ae147ae147b
clock.rows.15.cells.3.slope_f	f:3f72462c74deaa4b
clock.rows.15.cells.3.slope_r	f:3f56c0760103eb3a
clock.rows.15.cells.3.predicted	s:fuel
clock.rows.15.cells.3.measured	s:fuel
clock.rows.15.cells.3.margin	f:3fe262f6c175ca7f
clock.rows.15.cells.4	keys:10
clock.rows.15.cells.4.s	f:3fc6666666666669
clock.rows.15.cells.4.setpoint_gap	f:3f52b66462117be0
clock.rows.15.cells.4.lag_gap	f:3f654d62466caa84
clock.rows.15.cells.4.tau_f	f:3fe3333333333334
clock.rows.15.cells.4.tau_gov	f:3f947ae147ae147b
clock.rows.15.cells.4.slope_f	f:3f71f1022f120d6c
clock.rows.15.cells.4.slope_r	f:3f56bea28e03af5a
clock.rows.15.cells.4.predicted	s:fuel
clock.rows.15.cells.4.measured	s:fuel
clock.rows.15.cells.4.margin	f:3fe1f1f7fa2b186a
clock.rows.15.cells.5	keys:10
clock.rows.15.cells.5.s	f:3fc70a3d70a3d70d
clock.rows.15.cells.5.setpoint_gap	f:3f52f4623c72e2e8
clock.rows.15.cells.5.lag_gap	f:3f64fc5265e07eb4
clock.rows.15.cells.5.tau_f	f:3fe3333333333334
clock.rows.15.cells.5.tau_gov	f:3f947ae147ae147b
clock.rows.15.cells.5.slope_f	f:3f71ad79bbf2be24
clock.rows.15.cells.5.slope_r	f:3f56c0e04e17a2da
clock.rows.15.cells.5.predicted	s:fuel
clock.rows.15.cells.5.measured	s:fuel
clock.rows.15.cells.5.margin	f:3fe18c6a205cbac5
clock.rows.15.cells.6	keys:10
clock.rows.15.cells.6.s	f:3fc7ae147ae147b1
clock.rows.15.cells.6.setpoint_gap	f:3f53312991c3ead0
clock.rows.15.cells.6.lag_gap	f:3f64bc65f3d943c4
clock.rows.15.cells.6.tau_f	f:3fe3333333333334
clock.rows.15.cells.6.tau_gov	f:3f947ae147ae147b
clock.rows.15.cells.6.slope_f	f:3f7178407950e4c4
clock.rows.15.cells.6.slope_r	f:3f56c6659d0cc39a
clock.rows.15.cells.6.predicted	s:fuel
clock.rows.15.cells.6.measured	s:fuel
clock.rows.15.cells.6.margin	f:3fe130f78b57ab97
clock.rows.15.cells.7	keys:10
clock.rows.15.cells.7.s	f:3fc851eb851eb855
clock.rows.15.cells.7.setpoint_gap	f:3f536cf8476931c8
clock.rows.15.cells.7.lag_gap	f:3f648a62433197a4
clock.rows.15.cells.7.tau_f	f:3fe3333333333334
clock.rows.15.cells.7.tau_gov	f:3f947ae147ae147b
clock.rows.15.cells.7.slope_f	f:3f714ea4250d2014
clock.rows.15.cells.7.slope_r	f:3f56ce8f1ec7cd9a
clock.rows.15.cells.7.predicted	s:fuel
clock.rows.15.cells.7.measured	s:fuel
clock.rows.15.cells.7.margin	f:3fe0de527f1a8989
clock.rows.15.cells.8	keys:10
clock.rows.15.cells.8.s	f:3fc8f5c28f5c28f9
clock.rows.15.cells.8.setpoint_gap	f:3f53a8009fbd5300
clock.rows.15.cells.8.lag_gap	f:3f6463a890b4735c
clock.rows.15.cells.8.tau_f	f:3fe3333333333334
clock.rows.15.cells.8.tau_gov	f:3f947ae147ae147b
clock.rows.15.cells.8.slope_f	f:3f712e74acd781c4
clock.rows.15.cells.8.slope_r	f:3f56d8d87e87c43a
clock.rows.15.cells.8.predicted	s:fuel
clock.rows.15.cells.8.measured	s:fuel
clock.rows.15.cells.8.margin	f:3fe093422cdf107e
clock.rows.15.cells.9	keys:10
clock.rows.15.cells.9.s	f:3fc999999999999d
clock.rows.15.cells.9.setpoint_gap	f:3f53e26b6bc77f40
clock.rows.15.cells.9.lag_gap	f:3f644618a4ebcd24
clock.rows.15.cells.9.tau_f	f:3fe3333333333334
clock.rows.15.cells.9.tau_gov	f:3f947ae147ae147b
clock.rows.15.cells.9.slope_f	f:3f7115eba87a2f4c
clock.rows.15.cells.9.slope_r	f:3f56e4d68d2a09da
clock.rows.15.cells.9.predicted	s:fuel
clock.rows.15.cells.9.measured	s:fuel
clock.rows.15.cells.9.margin	f:3fe04eaa131ef5bd
clock.rows.15.cells.10	keys:10
clock.rows.15.cells.10.s	f:3fca3d70a3d70a41
clock.rows.15.cells.10.setpoint_gap	f:3f541c59d325a198
clock.rows.15.cells.10.lag_gap	f:3f642ff8fac1a0a4
clock.rows.15.cells.10.tau_f	f:3fe3333333333334
clock.rows.15.cells.10.tau_gov	f:3f947ae147ae147b
clock.rows.15.cells.10.slope_f	f:3f7103986fddd02c
clock.rows.15.cells.10.slope_r	f:3f56f2327c56d4da
clock.rows.15.cells.10.predicted	s:fuel
clock.rows.15.cells.10.measured	s:fuel
clock.rows.15.cells.10.margin	f:3fe00f8d389d9fc3
clock.rows.15.cells.11	keys:10
clock.rows.15.cells.11.s	f:3fcae147ae147ae5
clock.rows.15.cells.11.setpoint_gap	f:3f5455e6c60cf0f8
clock.rows.15.cells.11.lag_gap	f:3f641fe3629df764
clock.rows.15.cells.11.tau_f	f:3fe3333333333334
clock.rows.15.cells.11.tau_gov	f:3f947ae147ae147b
clock.rows.15.cells.11.slope_f	f:3f70f64ff00e004c
clock.rows.15.cells.11.slope_r	f:3f5700a600db80da
clock.rows.15.cells.11.predicted	s:fuel
clock.rows.15.cells.11.measured	s:fuel
clock.rows.15.cells.11.margin	f:3fdfaa1d1dd6cf22
clock.rows.15.cells.12	keys:10
clock.rows.15.cells.12.s	f:3fcb851eb851eb89
clock.rows.15.cells.12.setpoint_gap	f:3f548f28298a6570
clock.rows.15.cells.12.lag_gap	f:3f6414b54ab062ec
clock.rows.15.cells.12.tau_f	f:3fe3333333333334
clock.rows.15.cells.12.tau_gov	f:3f947ae147ae147b
clock.rows.15.cells.12.slope_f	f:3f70ed1f8b71fc6c
clock.rows.15.cells.12.slope_r	f:3f570ff83087aeba
clock.rows.15.cells.12.predicted	s:fuel
clock.rows.15.cells.12.measured	s:fuel
clock.rows.15.cells.12.margin	f:3fdf3cdf0b8dc547
clock.rows.15.cells.13	keys:10
clock.rows.15.cells.13.s	f:3fcc28f5c28f5c2d
clock.rows.15.cells.13.setpoint_gap	f:3f54c82fcb249fb8
clock.rows.15.cells.13.lag_gap	f:3f640d82fd374824
clock.rows.15.cells.13.tau_f	f:3fe3333333333334
clock.rows.15.cells.13.tau_gov	f:3f947ae147ae147b
clock.rows.15.cells.13.slope_f	f:3f70e74272f28bbc
clock.rows.15.cells.13.slope_r	f:3f571ffaf819525a
clock.rows.15.cells.13.predicted	s:fuel
clock.rows.15.cells.13.measured	s:fuel
clock.rows.15.cells.13.margin	f:3fded61b2a4d5b32
clock.rows.15.cells.14	keys:10
clock.rows.15.cells.14.s	f:3fccccccccccccd1
clock.rows.15.cells.14.setpoint_gap	f:3f55010c26899ad8
clock.rows.15.cells.14.lag_gap	f:3f64098d464c46ec
clock.rows.15.cells.14.tau_f	f:3fe3333333333334
clock.rows.15.cells.14.tau_gov	f:3f947ae147ae147b
clock.rows.15.cells.14.slope_f	f:3f70e4190115d994
clock.rows.15.cells.14.slope_r	f:3f5730890c72497a
clock.rows.15.cells.14.predicted	s:fuel
clock.rows.15.cells.14.measured	s:fuel
clock.rows.15.cells.14.margin	f:3fde74be91d6d08c
clock.rows.15.cells.15	keys:10
clock.rows.15.cells.15.s	f:3fcd70a3d70a3d75
clock.rows.15.cells.15.setpoint_gap	f:3f5539c905f127b0
clock.rows.15.cells.15.lag_gap	f:3f6408390d67a2bc
clock.rows.15.cells.15.tau_f	f:3fe3333333333334
clock.rows.15.cells.15.tau_gov	f:3f947ae147ae147b
clock.rows.15.cells.15.slope_f	f:3f70e321b65e53ec
clock.rows.15.cells.15.slope_r	f:3f5741843fbbc57a
clock.rows.15.cells.15.predicted	s:fuel
clock.rows.15.cells.15.measured	s:fuel
clock.rows.15.cells.15.margin	f:3fde17e255041259
clock.rows.15.cells.16	keys:10
clock.rows.15.cells.16.s	f:3fce147ae147ae19
clock.rows.15.cells.16.setpoint_gap	f:3f557270043c23e8
clock.rows.15.cells.16.lag_gap	f:3f6409088483c41c
clock.rows.15.cells.16.tau_f	f:3fe3333333333334
clock.rows.15.cells.16.tau_gov	f:3f947ae147ae147b
clock.rows.15.cells.16.slope_f	f:3f70e3f3885bc13c
clock.rows.15.cells.16.slope_r	f:3f5752d42789f97a
clock.rows.15.cells.16.predicted	s:fuel
clock.rows.15.cells.16.measured	s:fuel
clock.rows.15.cells.16.margin	f:3fddbec583cc0cbe
clock.rows.15.cells.17	keys:10
clock.rows.15.cells.17.s	f:3fceb851eb851ebd
clock.rows.15.cells.17.setpoint_gap	f:3f55ab08f6855d90
clock.rows.15.cells.17.lag_gap	f:3f640b95a0782634
clock.rows.15.cells.17.tau_f	f:3fe3333333333334
clock.rows.15.cells.17.tau_gov	f:3f947ae147ae147b
clock.rows.15.cells.17.slope_f	f:3f70e63943a13a84
clock.rows.15.cells.17.slope_r	f:3f57646504a481da
clock.rows.15.cells.17.predicted	s:fuel
clock.rows.15.cells.17.measured	s:fuel
clock.rows.15.cells.17.margin	f:3fdd68c79d819e10
clock.rows.15.cells.18	keys:10
clock.rows.15.cells.18.s	f:3fcf5c28f5c28f61
clock.rows.15.cells.18.setpoint_gap	f:3f55e39a41c61078
clock.rows.15.cells.18.lag_gap	f:3f640f8d9c792e7c
clock.rows.15.cells.18.tau_f	f:3fe3333333333334
clock.rows.15.cells.18.tau_gov	f:3f947ae147ae147b
clock.rows.15.cells.18.slope_f	f:3f70e9adcccb6351
clock.rows.15.cells.18.slope_r	f:3f577626e000660c
clock.rows.15.cells.18.predicted	s:fuel
clock.rows.15.cells.18.measured	s:fuel
clock.rows.15.cells.18.margin	f:3fdd156393435f2e
clock.rows.15.cells.19	keys:10
clock.rows.15.cells.19.s	f:3fd0000000000002
clock.rows.15.cells.19.setpoint_gap	f:3f561c2920500e98
clock.rows.15.cells.19.lag_gap	f:3f6414ad5660ca04
clock.rows.15.cells.19.tau_f	f:3fe3333333333334
clock.rows.15.cells.19.tau_gov	f:3f947ae147ae147b
clock.rows.15.cells.19.slope_f	f:3f70ee191689e381
clock.rows.15.cells.19.slope_r	f:3f57880cd2d3bb6d
clock.rows.15.cells.19.predicted	s:fuel
clock.rows.15.cells.19.measured	s:fuel
clock.rows.15.cells.19.margin	f:3fdcc42b650284e0
clock.rows.15.cells.20	keys:10
clock.rows.15.cells.20.s	f:3fd051eb851eb854
clock.rows.15.cells.20.setpoint_gap	f:3f5654b9da2abe18
clock.rows.15.cells.20.lag_gap	f:3f641abe5ad7db0c
clock.rows.15.cells.20.tau_f	f:3fe3333333333334
clock.rows.15.cells.20.tau_gov	f:3f947ae147ae147b
clock.rows.15.cells.20.slope_f	f:3f70f34daa840f1c
clock.rows.15.cells.20.slope_r	f:3f579a0c719584ba
clock.rows.15.cells.20.predicted	s:fuel
clock.rows.15.cells.20.measured	s:fuel
clock.rows.15.cells.20.margin	f:3fdc74c456413ef0
clock.rows.15.cells.21	keys:10
clock.rows.15.cells.21.s	f:3fd0a3d70a3d70a6
clock.rows.15.cells.21.setpoint_gap	f:3f568d4ff2cc2a08
clock.rows.15.cells.21.lag_gap	f:3f6421948032e204
clock.rows.15.cells.21.tau_f	f:3fe3333333333334
clock.rows.15.cells.21.tau_gov	f:3f947ae147ae147b
clock.rows.15.cells.21.slope_f	f:3f70f926a9649d84
clock.rows.15.cells.21.slope_r	f:3f57ac1d53498c9a
clock.rows.15.cells.21.predicted	s:fuel
clock.rows.15.cells.21.measured	s:fuel
clock.rows.15.cells.21.margin	f:3fdc26e3b03d8e7c
clock.rows.15.cells.22	keys:10
clock.rows.15.cells.22.s	f:3fd0f5c28f5c28f8
clock.rows.15.cells.22.setpoint_gap	f:3f56c5ee4e309778
clock.rows.15.cells.22.lag_gap	f:3f64290bf5160504
clock.rows.15.cells.22.tau_f	f:3fe3333333333334
clock.rows.15.cells.22.tau_gov	f:3f947ae147ae147b
clock.rows.15.cells.22.slope_f	f:3f70ff862b91bffc
clock.rows.15.cells.22.slope_r	f:3f57be38afb808da
clock.rows.15.cells.22.predicted	s:fuel
clock.rows.15.cells.22.measured	s:fuel
clock.rows.15.cells.22.margin	f:3fdbda4c0390663d
clock.rows.15.cells.23	keys:10
clock.rows.15.cells.23.s	f:3fd147ae147ae14a
clock.rows.15.cells.23.setpoint_gap	f:3f56fe974ef16f10
clock.rows.15.cells.23.lag_gap	f:3f643107acff3144
clock.rows.15.cells.23.tau_f	f:3fe3333333333334
clock.rows.15.cells.23.tau_gov	f:3f947ae147ae147b
clock.rows.15.cells.23.slope_f	f:3f710653f04c96f4
clock.rows.15.cells.23.slope_r	f:3f57d0591037841a
clock.rows.15.cells.23.predicted	s:fuel
clock.rows.15.cells.23.measured	s:fuel
clock.rows.15.cells.23.margin	f:3fdb8ecad9f282e9
clock.rows.15.cells.24	keys:10
clock.rows.15.cells.24.s	f:3fd199999999999c
clock.rows.15.cells.24.setpoint_gap	f:3f57374ceeadfae8
clock.rows.15.cells.24.lag_gap	f:3f6439701904023c
clock.rows.15.cells.24.tau_f	f:3fe3333333333334
clock.rows.15.cells.24.tau_gov	f:3f947ae147ae147b
clock.rows.15.cells.24.slope_f	f:3f710d7c4c713adc
clock.rows.15.cells.24.slope_r	f:3f57e27a0f82b7fa
clock.rows.15.cells.24.predicted	s:fuel
clock.rows.15.cells.24.measured	s:fuel
clock.rows.15.cells.24.margin	f:3fdb4436c91eeee5
clock.rows.15.cells.25	keys:10
clock.rows.15.cells.25.s	f:3fd1eb851eb851ee
clock.rows.15.cells.25.setpoint_gap	f:3f577010d1d87ef0
clock.rows.15.cells.25.lag_gap	f:3f6442321e5baafc
clock.rows.15.cells.25.tau_f	f:3fe3333333333334
clock.rows.15.cells.25.tau_gov	f:3f947ae147ae147b
clock.rows.15.cells.25.slope_f	f:3f7114ef4cd01ba4
clock.rows.15.cells.25.slope_r	f:3f57f49825be2aba
clock.rows.15.cells.25.predicted	s:fuel
clock.rows.15.cells.25.measured	s:fuel
clock.rows.15.cells.25.margin	f:3fdafa6dd8ad3322
clock.rows.15.cells.26	keys:10
clock.rows.15.cells.26.s	f:3fd23d70a3d70a40
clock.rows.15.cells.26.setpoint_gap	f:3f57a8e457c652a0
clock.rows.15.cells.26.lag_gap	f:3f644b3e3f0a4aec
clock.rows.15.cells.26.tau_f	f:3fe3333333333334
clock.rows.15.cells.26.tau_gov	f:3f947ae147ae147b
clock.rows.15.cells.26.slope_f	f:3f711ca00262f484
clock.rows.15.cells.26.slope_r	f:3f5806b07e5d59fa
clock.rows.15.cells.26.predicted	s:fuel
clock.rows.15.cells.26.measured	s:fuel
clock.rows.15.cells.26.margin	f:3fdab1542e28722a
clock.rows.15.cells.27	keys:10
clock.rows.15.cells.27.s	f:3fd28f5c28f5c292
clock.rows.15.cells.27.setpoint_gap	f:3f57e1c8a7b7ae38
clock.rows.15.cells.27.lag_gap	f:3f645487eb382dbc
clock.rows.15.cells.27.tau_f	f:3fe3333333333334
clock.rows.15.cells.27.tau_gov	f:3f947ae147ae147b
clock.rows.15.cells.27.slope_f	f:3f712483f07769e4
clock.rows.15.cells.27.slope_r	f:3f5818c0d607c5ba
clock.rows.15.cells.27.predicted	s:fuel
clock.rows.15.cells.27.measured	s:fuel
clock.rows.15.cells.27.margin	f:3fda68d2f42f4dac
clock.rows.15.cells.28	keys:10
clock.rows.15.cells.28.s	f:3fd2e147ae147ae4
clock.rows.15.cells.28.setpoint_gap	f:3f581abebb69bdd8
clock.rows.15.cells.28.lag_gap	f:3f645e04f384c48c
clock.rows.15.cells.28.tau_f	f:3fe3333333333334
clock.rows.15.cells.28.tau_gov	f:3f947ae147ae147b
clock.rows.15.cells.28.slope_f	f:3f712c929663e81c
clock.rows.15.cells.28.slope_r	f:3f582ac75ef806ba
clock.rows.15.cells.28.predicted	s:fuel
clock.rows.15.cells.28.measured	s:fuel
clock.rows.15.cells.28.margin	f:3fda20d772e28bd4
clock.rows.15.cells.29	keys:10
clock.rows.15.cells.29.s	f:3fd3333333333336
clock.rows.15.cells.29.setpoint_gap	f:3f5853c767a9d628
clock.rows.15.cells.29.lag_gap	f:3f6467ad161dd254
clock.rows.15.cells.29.tau_f	f:3fe3333333333334
clock.rows.15.cells.29.tau_gov	f:3f947ae147ae147b
clock.rows.15.cells.29.slope_f	f:3f7134c50f95dfbc
clock.rows.15.cells.29.slope_r	f:3f583cc2aa9ab79a
clock.rows.15.cells.29.predicted	s:fuel
clock.rows.15.cells.29.measured	s:fuel
clock.rows.15.cells.29.margin	f:3fd9d952515bd8ee
clock.rows.15.cells.30	keys:10
clock.rows.15.cells.30.s	f:3fd3851eb851eb88
clock.rows.15.cells.30.setpoint_gap	f:3f588ce3634a5970
clock.rows.15.cells.30.lag_gap	f:3f647179a187164c
clock.rows.15.cells.30.tau_f	f:3fe3333333333334
clock.rows.15.cells.30.tau_gov	f:3f947ae147ae147b
clock.rows.15.cells.30.slope_f	f:3f713d15c5bc294c
clock.rows.15.cells.30.slope_r	f:3f584eb1976ea63a
clock.rows.15.cells.30.predicted	s:fuel
clock.rows.15.cells.30.measured	s:fuel
clock.rows.15.cells.30.margin	f:3fd99236f91abf42
clock.rows.15.cells.31	keys:10
clock.rows.15.cells.31.s	f:3fd3d70a3d70a3da
clock.rows.15.cells.31.setpoint_gap	f:3f58c6134cc74be8
clock.rows.15.cells.31.lag_gap	f:3f647b6528fea564
clock.rows.15.cells.31.tau_f	f:3fe3333333333334
clock.rows.15.cells.31.tau_gov	f:3f947ae147ae147b
clock.rows.15.cells.31.slope_f	f:3f71458031a5fb84
clock.rows.15.cells.31.slope_r	f:3f58609342554b1a
clock.rows.15.cells.31.predicted	s:fuel
clock.rows.15.cells.31.measured	s:fuel
clock.rows.15.cells.31.margin	f:3fd94b7b158b4c5e
clock.rows.15.cells.32	keys:10
clock.rows.15.cells.32.s	f:3fd428f5c28f5c2c
clock.rows.15.cells.32.setpoint_gap	f:3f58ff57aeda6030
clock.rows.15.cells.32.lag_gap	f:3f64856b472c297c
clock.rows.15.cells.32.tau_f	f:3fe3333333333334
clock.rows.15.cells.32.tau_gov	f:3f947ae147ae147b
clock.rows.15.cells.32.slope_f	f:3f714e00a810ea94
clock.rows.15.cells.32.slope_r	f:3f587266faadc13a
clock.rows.15.cells.32.predicted	s:fuel
clock.rows.15.cells.32.measured	s:fuel
clock.rows.15.cells.32.margin	f:3fd905162aba481b
clock.rows.15.cells.33	keys:10
clock.rows.15.cells.33.s	f:3fd47ae147ae147e
clock.rows.15.cells.33.setpoint_gap	f:3f5938b10431c170
clock.rows.15.cells.33.lag_gap	f:3f648f886c5fc264
clock.rows.15.cells.33.tau_f	f:3fe3333333333334
clock.rows.15.cells.33.tau_gov	f:3f947ae147ae147b
clock.rows.15.cells.33.slope_f	f:3f715694301e17a4
clock.rows.15.cells.33.slope_r	f:3f58842c38b3261a
clock.rows.15.cells.33.predicted	s:fuel
clock.rows.15.cells.33.measured	s:fuel
clock.rows.15.cells.33.margin	f:3fd8bf013f0cd3f7
clock.rows.15.cells.34	keys:10
clock.rows.15.cells.34.s	f:3fd4ccccccccccd0
clock.rows.15.cells.34.setpoint_gap	f:3f59721fba736350
clock.rows.15.cells.34.lag_gap	f:3f6499b9b639184c
clock.rows.15.cells.34.tau_f	f:3fe3333333333334
clock.rows.15.cells.34.tau_gov	f:3f947ae147ae147b
clock.rows.15.cells.34.slope_f	f:3f715f3861a219a4
clock.rows.15.cells.34.slope_r	f:3f5895e295ae877a
clock.rows.15.cells.34.predicted	s:fuel
clock.rows.15.cells.34.measured	s:fuel
clock.rows.15.cells.34.margin	f:3fd8793694a58f12
clock.rows.15.cells.35	keys:10
clock.rows.15.cells.35.s	f:3fd51eb851eb8522
clock.rows.15.cells.35.setpoint_gap	f:3f59aba434aed078
clock.rows.15.cells.35.lag_gap	f:3f64a3fcceedfb7c
clock.rows.15.cells.35.tau_f	f:3fe3333333333334
clock.rows.15.cells.35.tau_gov	f:3f947ae147ae147b
clock.rows.15.cells.35.slope_f	f:3f7167eb49d25b84
clock.rows.15.cells.35.slope_r	f:3f58a789c5a4a9ba
clock.rows.15.cells.35.predicted	s:fuel
clock.rows.15.cells.35.measured	s:fuel
clock.rows.15.cells.35.margin	f:3fd833b16fa3dbd0
clock.rows.15.cells.36	keys:10
clock.rows.15.cells.36.s	f:3fd570a3d70a3d74
clock.rows.15.cells.36.setpoint_gap	f:3f59e53ecd58e028
clock.rows.15.cells.36.lag_gap	f:3f64ae4fd2be919c
clock.rows.15.cells.36.tau_f	f:3fe3333333333334
clock.rows.15.cells.36.tau_gov	f:3f947ae147ae147b
clock.rows.15.cells.36.slope_f	f:3f7170ab551b01e4
clock.rows.15.cells.36.slope_r	f:3f58b9219238023a
clock.rows.15.cells.36.predicted	s:fuel
clock.rows.15.cells.36.measured	s:fuel
clock.rows.15.cells.36.margin	f:3fd7ee6de6e9d2d9
clock.rows.15.cells.37	keys:10
clock.rows.15.cells.37.s	f:3fd5c28f5c28f5c6
clock.rows.15.cells.37.setpoint_gap	f:3f5a1eefd7e7a790
clock.rows.15.cells.37.lag_gap	f:3f64b8b13a6c5844
clock.rows.15.cells.37.tau_f	f:3fe3333333333334
clock.rows.15.cells.37.tau_gov	f:3f947ae147ae147b
clock.rows.15.cells.37.slope_f	f:3f7179773d23e8c4
clock.rows.15.cells.37.slope_r	f:3f58caa9d682a19a
clock.rows.15.cells.37.predicted	s:fuel
clock.rows.15.cells.37.measured	s:fuel
clock.rows.15.cells.37.margin	f:3fd7a968bd816316
clock.rows.15.cells.38	keys:10
clock.rows.15.cells.38.s	f:3fd6147ae147ae18
clock.rows.15.cells.38.setpoint_gap	f:3f5a58b7a220af88
clock.rows.15.cells.38.lag_gap	f:3f64c31fc9c3449c
clock.rows.15.cells.38.tau_f	f:3fe3333333333334
clock.rows.15.cells.38.tau_gov	f:3f947ae147ae147b
clock.rows.15.cells.38.slope_f	f:3f71824dfa3bbe6c
clock.rows.15.cells.38.slope_r	f:3f58dc227bba75fa
clock.rows.15.cells.38.predicted	s:fuel
clock.rows.15.cells.38.measured	s:fuel
clock.rows.15.cells.38.margin	f:3fd7649f431345bb
clock.rows.15.cells.39	keys:10
clock.rows.15.cells.39.s	f:3fd666666666666a
clock.rows.15.cells.39.setpoint_gap	f:3f5a929675282e00
clock.rows.15.cells.39.lag_gap	f:3f64cd9a816fcc84
clock.rows.15.cells.39.tau_f	f:3fe3333333333334
clock.rows.15.cells.39.tau_gov	f:3f947ae147ae147b
clock.rows.15.cells.39.slope_f	f:3f718b2eb7849334
clock.rows.15.cells.39.slope_r	f:3f58ed8b76791d1a
clock.rows.15.cells.39.predicted	s:fuel
clock.rows.15.cells.39.measured	s:fuel
clock.rows.15.cells.39.margin	f:3fd7200f3a25c180
clock.rows.15.cells.40	keys:10
clock.rows.15.cells.40.s	f:3fd6b851eb851ebc
clock.rows.15.cells.40.setpoint_gap	f:3f5acc8c965d18f8
clock.rows.15.cells.40.lag_gap	f:3f64d82093808224
clock.rows.15.cells.40.tau_f	f:3fe3333333333334
clock.rows.15.cells.40.tau_gov	f:3f947ae147ae147b
clock.rows.15.cells.40.slope_f	f:3f719418c95b2774
clock.rows.15.cells.40.slope_r	f:3f58fee4c487a89a
clock.rows.15.cells.40.predicted	s:fuel
clock.rows.15.cells.40.measured	s:fuel
clock.rows.15.cells.40.margin	f:3fd6dbb6c3121db9
clock.rows.15.cells.41	keys:10
clock.rows.15.cells.41.s	f:3fd70a3d70a3d70e
clock.rows.15.cells.41.setpoint_gap	f:3f5b069a480bbfd0
clock.rows.15.cells.41.lag_gap	f:3f64e2b15a13ff5c
clock.rows.15.cells.41.tau_f	f:3fe3333333333334
clock.rows.15.cells.41.tau_gov	f:3f947ae147ae147b
clock.rows.15.cells.41.slope_f	f:3f719d0ba58eb6d4
clock.rows.15.cells.41.slope_r	f:3f59102e6b15f3ba
clock.rows.15.cells.41.predicted	s:fuel
clock.rows.15.cells.41.measured	s:fuel
clock.rows.15.cells.41.margin	f:3fd697944ad7f9fa
clock.rows.15.cells.42	keys:10
clock.rows.15.cells.42.s	f:3fd75c28f5c28f60
clock.rows.15.cells.42.setpoint_gap	f:3f5b40bfc9febf20
clock.rows.15.cells.42.lag_gap	f:3f64ed4c4fca11e4
clock.rows.15.cells.42.tau_f	f:3fe3333333333334
clock.rows.15.cells.42.tau_gov	f:3f947ae147ae147b
clock.rows.15.cells.42.slope_f	f:3f71a606dd1187f4
clock.rows.15.cells.42.slope_r	f:3f5921687548bd9a
clock.rows.15.cells.42.predicted	s:fuel
clock.rows.15.cells.42.measured	s:fuel
clock.rows.15.cells.42.margin	f:3fd653a67d198aeb
clock.rows.15.cells.43	keys:10
clock.rows.15.cells.43.s	f:3fd7ae147ae147b2
clock.rows.15.cells.43.setpoint_gap	f:3f5b7afd59f4aee0
clock.rows.15.cells.43.lag_gap	f:3f64f7f109a17ed4
clock.rows.15.cells.43.tau_f	f:3fe3333333333334
clock.rows.15.cells.43.tau_gov	f:3f947ae147ae147b
clock.rows.15.cells.43.slope_f	f:3f71af0a16d9e4fc
clock.rows.15.cells.43.slope_r	f:3f593292f30dcb9a
clock.rows.15.cells.43.predicted	s:fuel
clock.rows.15.cells.43.measured	s:fuel
clock.rows.15.cells.43.margin	f:3fd60fec38a9b993
clock.rows.15.cells.44	keys:10
clock.rows.15.cells.44.s	f:3fd8000000000004
clock.rows.15.cells.44.setpoint_gap	f:3f5bb55333ffa4f8
clock.rows.15.cells.44.lag_gap	f:3f65029f31fedf1c
clock.rows.15.cells.44.tau_f	f:3fe3333333333334
clock.rows.15.cells.44.tau_gov	f:3f947ae147ae147b
clock.rows.15.cells.44.slope_f	f:3f71b8150bbb234c
clock.rows.15.cells.44.slope_r	f:3f5943adf82964fa
clock.rows.15.cells.44.predicted	s:fuel
clock.rows.15.cells.44.measured	s:fuel
clock.rows.15.cells.44.margin	f:3fd5cc6486364d47
clock.rows.15.cells.45	keys:10
clock.rows.15.cells.45.s	f:3fd851eb851eb856
clock.rows.15.cells.45.setpoint_gap	f:3f5befc192d2cb70
clock.rows.15.cells.45.lag_gap	f:3f650d5684a44d34
clock.rows.15.cells.45.tau_f	f:3fe3333333333334
clock.rows.15.cells.45.tau_gov	f:3f947ae147ae147b
clock.rows.15.cells.45.slope_f	f:3f71c1278307bc9c
clock.rows.15.cells.45.slope_r	f:3f5954b99b72411a
clock.rows.15.cells.45.predicted	s:fuel
clock.rows.15.cells.45.measured	s:fuel
clock.rows.15.cells.45.margin	f:3fd5890e90aa9c0f
clock.rows.15.cells.46	keys:10
clock.rows.15.cells.46.s	f:3fd8a3d70a3d70a8
clock.rows.15.cells.46.setpoint_gap	f:3f5c2a48b0015f10
clock.rows.15.cells.46.lag_gap	f:3f65211f9a16ee4c
clock.rows.15.cells.46.tau_f	f:3fe3333333333334
clock.rows.15.cells.46.tau_gov	f:3f947ae147ae147b
clock.rows.15.cells.46.slope_f	f:3f71d1c793ec2e84
clock.rows.15.cells.46.slope_r	f:3f59653525c0b87a
clock.rows.15.cells.46.predicted	s:fuel
clock.rows.15.cells.46.measured	s:fuel
clock.rows.15.cells.46.margin	f:3fd5582e79f6e3dc
clock.rows.16	keys:20
clock.rows.16.coord	s:demand
clock.rows.16.tau_f	f:3fc999999999999a
clock.rows.16.tau_gov	f:3fa999999999999a
clock.rows.16.tau_q	f:3fa999999999999a
clock.rows.16.tau_s	f:3fa999999999999a
clock.rows.16.phi_lim	f:3fe8000000000000
clock.rows.16.phi_air	f:3fe8a3d70a3d70a4
clock.rows.16.max_Tt4	f:4092b7e383777650
clock.rows.16.riding4_valid	b:1
clock.rows.16.n_riding4	i:47
clock.rows.16.census	keys:1
clock.rows.16.census.fuel	i:47
clock.rows.16.n_fuel	i:47
clock.rows.16.n_gov	i:0
clock.rows.16.n_scored	i:47
clock.rows.16.n_edge	i:0
clock.rows.16.n_agree	i:47
clock.rows.16.agreement	f:3ff0000000000000
clock.rows.16.worst_miss	n
clock.rows.16.min_margin	f:3fd48fb323e6db15
clock.rows.16.cells	len:47
clock.rows.16.cells.0	keys:10
clock.rows.16.cells.0.s	f:3fc3d70a3d70a3d9
clock.rows.16.cells.0.setpoint_gap	f:3f51ab34793520f0
clock.rows.16.cells.0.lag_gap	f:3f6743d1b7d93b57
clock.rows.16.cells.0.tau_f	f:3fe3333333333334
clock.rows.16.cells.0.tau_gov	f:3fa999999999999a
clock.rows.16.cells.0.slope_f	f:3f73dd601e6710eb
clock.rows.16.cells.0.slope_r	f:3f56e940f961e69a
clock.rows.16.cells.0.predicted	s:fuel
clock.rows.16.cells.0.measured	s:fuel
clock.rows.16.cells.0.margin	f:3fe3d940bb77f396
clock.rows.16.cells.1	keys:10
clock.rows.16.cells.1.s	f:3fc47ae147ae147d
clock.rows.16.cells.1.setpoint_gap	f:3f51f1cce6a90370
clock.rows.16.cells.1.lag_gap	f:3f667c5cd8bf4227
clock.rows.16.cells.1.tau_f	f:3fe3333333333334
clock.rows.16.cells.1.tau_gov	f:3fa999999999999a
clock.rows.16.cells.1.slope_f	f:3f7336ba55b02053
clock.rows.16.cells.1.slope_r	f:3f56d46e3323b99a
clock.rows.16.cells.1.predicted	s:fuel
clock.rows.16.cells.1.measured	s:fuel
clock.rows.16.cells.1.margin	f:3fe33b3bbc32df94
clock.rows.16.cells.2	keys:10
clock.rows.16.cells.2.s	f:3fc51eb851eb8521
clock.rows.16.cells.2.setpoint_gap	f:3f523582813e6060
clock.rows.16.cells.2.lag_gap	f:3f65dc4b90f87e33
clock.rows.16.cells.2.tau_f	f:3fe3333333333334
clock.rows.16.cells.2.tau_gov	f:3fa999999999999a
clock.rows.16.cells.2.slope_f	f:3f72b110b63b912b
clock.rows.16.cells.2.slope_r	f:3f56c7538457803a
clock.rows.16.cells.2.predicted	s:fuel
clock.rows.16.cells.2.measured	s:fuel
clock.rows.16.cells.2.margin	f:3fe2ac2e6f3116bc
clock.rows.16.cells.3	keys:10
clock.rows.16.cells.3.s	f:3fc5c28f5c28f5c5
clock.rows.16.cells.3.setpoint_gap	f:3f5276e3c639e190
clock.rows.16.cells.3.lag_gap	f:3f655c3265d18013
clock.rows.16.cells.3.tau_f	f:3fe3333333333334
clock.rows.16.cells.3.tau_gov	f:3fa999999999999a
clock.rows.16.cells.3.slope_f	f:3f72462c74deaa4b
clock.rows.16.cells.3.slope_r	f:3f56c0760103eb3a
clock.rows.16.cells.3.predicted	s:fuel
clock.rows.16.cells.3.measured	s:fuel
clock.rows.16.cells.3.margin	f:3fe22b48514c98f8
clock.rows.16.cells.4	keys:10
clock.rows.16.cells.4.s	f:3fc6666666666669
clock.rows.16.cells.4.setpoint_gap	f:3f52b66462117be0
clock.rows.16.cells.4.lag_gap	f:3f64f60b5b559220
clock.rows.16.cells.4.tau_f	f:3fe3333333333334
clock.rows.16.cells.4.tau_gov	f:3fa999999999999a
clock.rows.16.cells.4.slope_f	f:3f71f1022f120d6c
clock.rows.16.cells.4.slope_r	f:3f56bea28e03af5a
clock.rows.16.cells.4.predicted	s:fuel
clock.rows.16.cells.4.measured	s:fuel
clock.rows.16.cells.4.margin	f:3fe1b767e96335ef
clock.rows.16.cells.5	keys:10
clock.rows.16.cells.5.s	f:3fc70a3d70a3d70d
clock.rows.16.cells.5.setpoint_gap	f:3f52f4623c72e2e8
clock.rows.16.cells.5.lag_gap	f:3f64a4f2df95e680
clock.rows.16.cells.5.tau_f	f:3fe3333333333334
clock.rows.16.cells.5.tau_gov	f:3fa999999999999a
clock.rows.16.cells.5.slope_f	f:3f71ad79bbf2be24
clock.rows.16.cells.5.slope_r	f:3f56c0e04e17a2da
clock.rows.16.cells.5.predicted	s:fuel
clock.rows.16.cells.5.measured	s:fuel
clock.rows.16.cells.5.margin	f:3fe14f40587e508e
clock.rows.16.cells.6	keys:10
clock.rows.16.cells.6.s	f:3fc7ae147ae147b1
clock.rows.16.cells.6.setpoint_gap	f:3f53312991c3ead0
clock.rows.16.cells.6.lag_gap	f:3f6464f13a73f408
clock.rows.16.cells.6.tau_f	f:3fe3333333333334
clock.rows.16.cells.6.tau_gov	f:3fa999999999999a
clock.rows.16.cells.6.slope_f	f:3f7178407950e4c4
clock.rows.16.cells.6.slope_r	f:3f56c6659d0cc39a
clock.rows.16.cells.6.predicted	s:fuel
clock.rows.16.cells.6.measured	s:fuel
clock.rows.16.cells.6.margin	f:3fe0f176a2310649
clock.rows.16.cells.7	keys:10
clock.rows.16.cells.7.s	f:3fc851eb851eb855
clock.rows.16.cells.7.setpoint_gap	f:3f536cf8476931c8
clock.rows.16.cells.7.lag_gap	f:3f6432ce32178e28
clock.rows.16.cells.7.tau_f	f:3fe3333333333334
clock.rows.16.cells.7.tau_gov	f:3fa999999999999a
clock.rows.16.cells.7.slope_f	f:3f714ea4250d2014
clock.rows.16.cells.7.slope_r	f:3f56ce8f1ec7cd9a
clock.rows.16.cells.7.predicted	s:fuel
clock.rows.16.cells.7.measured	s:fuel
clock.rows.16.cells.7.margin	f:3fe09cb6a3778a2c
clock.rows.16.cells.8	keys:10
clock.rows.16.cells.8.s	f:3fc8f5c28f5c28f9
clock.rows.16.cells.8.setpoint_gap	f:3f53a8009fbd5300
clock.rows.16.cells.8.lag_gap	f:3f640becff726a04
clock.rows.16.cells.8.tau_f	f:3fe3333333333334
clock.rows.16.cells.8.tau_gov	f:3fa999999999999a
clock.rows.16.cells.8.slope_f	f:3f712e74acd781c4
clock.rows.16.cells.8.slope_r	f:3f56d8d87e87c43a
clock.rows.16.cells.8.predicted	s:fuel
clock.rows.16.cells.8.measured	s:fuel
clock.rows.16.cells.8.margin	f:3fe04fc0be4b3510
clock.rows.16.cells.9	keys:10
clock.rows.16.cells.9.s	f:3fc999999999999d
clock.rows.16.cells.9.setpoint_gap	f:3f53e26b6bc77f40
clock.rows.16.cells.9.lag_gap	f:3f63ee2f06a4c550
clock.rows.16.cells.9.tau_f	f:3fe3333333333334
clock.rows.16.cells.9.tau_gov	f:3fa999999999999a
clock.rows.16.cells.9.slope_f	f:3f7115eba87a2f4c
clock.rows.16.cells.9.slope_r	f:3f56e4d68d2a09da
clock.rows.16.cells.9.predicted	s:fuel
clock.rows.16.cells.9.measured	s:fuel
clock.rows.16.cells.9.margin	f:3fe00971b269aa5d
clock.rows.16.cells.10	keys:10
clock.rows.16.cells.10.s	f:3fca3d70a3d70a41
clock.rows.16.cells.10.setpoint_gap	f:3f541c59d325a198
clock.rows.16.cells.10.lag_gap	f:3f63d7dc0fee67b0
clock.rows.16.cells.10.tau_f	f:3fe3333333333334
clock.rows.16.cells.10.tau_gov	f:3fa999999999999a
clock.rows.16.cells.10.slope_f	f:3f7103986fddd02c
clock.rows.16.cells.10.slope_r	f:3f56f2327c56d4da
clock.rows.16.cells.10.predicted	s:fuel
clock.rows.16.cells.10.measured	s:fuel
clock.rows.16.cells.10.margin	f:3fdf918c4cfc88c9
clock.rows.16.cells.11	keys:10
clock.rows.16.cells.11.s	f:3fcae147ae147ae5
clock.rows.16.cells.11.setpoint_gap	f:3f5455e6c60cf0f8
clock.rows.16.cells.11.lag_gap	f:3f63c78ef9a4e9f0
clock.rows.16.cells.11.tau_f	f:3fe3333333333334
clock.rows.16.cells.11.tau_gov	f:3fa999999999999a
clock.rows.16.cells.11.slope_f	f:3f70f64ff00e004c
clock.rows.16.cells.11.slope_r	f:3f5700a600db80da
clock.rows.16.cells.11.predicted	s:fuel
clock.rows.16.cells.11.measured	s:fuel
clock.rows.16.cells.11.margin	f:3fdf19b66f27f69c
clock.rows.16.cells.12	keys:10
clock.rows.16.cells.12.s	f:3fcb851eb851eb89
clock.rows.16.cells.12.setpoint_gap	f:3f548f28298a6570
clock.rows.16.cells.12.lag_gap	f:3f63bc260c856424
clock.rows.16.cells.12.tau_f	f:3fe3333333333334
clock.rows.16.cells.12.tau_gov	f:3fa999999999999a
clock.rows.16.cells.12.slope_f	f:3f70ed1f8b71fc6c
clock.rows.16.cells.12.slope_r	f:3f570ff83087aeba
clock.rows.16.cells.12.predicted	s:fuel
clock.rows.16.cells.12.measured	s:fuel
clock.rows.16.cells.12.margin	f:3fdea9da4291d64e
clock.rows.16.cells.13	keys:10
clock.rows.16.cells.13.s	f:3fcc28f5c28f5c2d
clock.rows.16.cells.13.setpoint_gap	f:3f54c82fcb249fb8
clock.rows.16.cells.13.lag_gap	f:3f63b4b643bc05a0
clock.rows.16.cells.13.tau_f	f:3fe3333333333334
clock.rows.16.cells.13.tau_gov	f:3fa999999999999a
clock.rows.16.cells.13.slope_f	f:3f70e74272f28bbc
clock.rows.16.cells.13.slope_r	f:3f571ffaf819525a
clock.rows.16.cells.13.predicted	s:fuel
clock.rows.16.cells.13.measured	s:fuel
clock.rows.16.cells.13.margin	f:3fde40a9987fd259
clock.rows.16.cells.14	keys:10
clock.rows.16.cells.14.s	f:3fccccccccccccd1
clock.rows.16.cells.14.setpoint_gap	f:3f55010c26899ad8
clock.rows.16.cells.14.lag_gap	f:3f63b080fa975cdc
clock.rows.16.cells.14.tau_f	f:3fe3333333333334
clock.rows.16.cells.14.tau_gov	f:3fa999999999999a
clock.rows.16.cells.14.slope_f	f:3f70e4190115d994
clock.rows.16.cells.14.slope_r	f:3f5730890c72497a
clock.rows.16.cells.14.predicted	s:fuel
clock.rows.16.cells.14.measured	s:fuel
clock.rows.16.cells.14.margin	f:3fdddd09a7a25b65
clock.rows.16.cells.15	keys:10
clock.rows.16.cells.15.s	f:3fcd70a3d70a3d75
clock.rows.16.cells.15.setpoint_gap	f:3f5539c905f127b0
clock.rows.16.cells.15.lag_gap	f:3f63aeeb8c72e62c
clock.rows.16.cells.15.tau_f	f:3fe3333333333334
clock.rows.16.cells.15.tau_gov	f:3fa999999999999a
clock.rows.16.cells.15.slope_f	f:3f70e321b65e53ec
clock.rows.16.cells.15.slope_r	f:3f5741843fbbc57a
clock.rows.16.cells.15.predicted	s:fuel
clock.rows.16.cells.15.measured	s:fuel
clock.rows.16.cells.15.margin	f:3fdd7e0cc7538950
clock.rows.16.cells.16	keys:10
clock.rows.16.cells.16.s	f:3fce147ae147ae19
clock.rows.16.cells.16.setpoint_gap	f:3f557270043c23e8
clock.rows.16.cells.16.lag_gap	f:3f63af78890aa80c
clock.rows.16.cells.16.tau_f	f:3fe3333333333334
clock.rows.16.cells.16.tau_gov	f:3fa999999999999a
clock.rows.16.cells.16.slope_f	f:3f70e3f3885bc13c
clock.rows.16.cells.16.slope_r	f:3f5752d42789f97a
clock.rows.16.cells.16.predicted	s:fuel
clock.rows.16.cells.16.measured	s:fuel
clock.rows.16.cells.16.margin	f:3fdd22ec53b28a7e
clock.rows.16.cells.17	keys:10
clock.rows.16.cells.17.s	f:3fceb851eb851ebd
clock.rows.16.cells.17.setpoint_gap	f:3f55ab08f6855d90
clock.rows.16.cells.17.lag_gap	f:3f63b1c2310a2960
clock.rows.16.cells.17.tau_f	f:3fe3333333333334
clock.rows.16.cells.17.tau_gov	f:3fa999999999999a
clock.rows.16.cells.17.slope_f	f:3f70e63943a13a84
clock.rows.16.cells.17.slope_r	f:3f57646504a481da
clock.rows.16.cells.17.predicted	s:fuel
clock.rows.16.cells.17.measured	s:fuel
clock.rows.16.cells.17.margin	f:3fdccb030021bd79
clock.rows.16.cells.18	keys:10
clock.rows.16.cells.18.s	f:3fcf5c28f5c28f61
clock.rows.16.cells.18.setpoint_gap	f:3f55e39a41c61078
clock.rows.16.cells.18.lag_gap	f:3f63b575fcf40e3c
clock.rows.16.cells.18.tau_f	f:3fe3333333333334
clock.rows.16.cells.18.tau_gov	f:3fa999999999999a
clock.rows.16.cells.18.slope_f	f:3f70e9adcccb6351
clock.rows.16.cells.18.slope_r	f:3f577626e000660c
clock.rows.16.cells.18.predicted	s:fuel
clock.rows.16.cells.18.measured	s:fuel
clock.rows.16.cells.18.margin	f:3fdc75c7baa0feff
clock.rows.16.cells.19	keys:10
clock.rows.16.cells.19.s	f:3fd0000000000002
clock.rows.16.cells.19.setpoint_gap	f:3f561c2920500e98
clock.rows.16.cells.19.lag_gap	f:3f63ba50fc2cf920
clock.rows.16.cells.19.tau_f	f:3fe3333333333334
clock.rows.16.cells.19.tau_gov	f:3fa999999999999a
clock.rows.16.cells.19.slope_f	f:3f70ee191689e381
clock.rows.16.cells.19.slope_r	f:3f57880cd2d3bb6d
clock.rows.16.cells.19.predicted	s:fuel
clock.rows.16.cells.19.measured	s:fuel
clock.rows.16.cells.19.margin	f:3fdc22c92bdbdfd2
clock.rows.16.cells.20	keys:10
clock.rows.16.cells.20.s	f:3fd051eb851eb854
clock.rows.16.cells.20.setpoint_gap	f:3f5654b9da2abe18
clock.rows.16.cells.20.lag_gap	f:3f63c01ce3612204
clock.rows.16.cells.20.tau_f	f:3fe3333333333334
clock.rows.16.cells.20.tau_gov	f:3fa999999999999a
clock.rows.16.cells.20.slope_f	f:3f70f34daa840f1c
clock.rows.16.cells.20.slope_r	f:3f579a0c719584ba
clock.rows.16.cells.20.predicted	s:fuel
clock.rows.16.cells.20.measured	s:fuel
clock.rows.16.cells.20.margin	f:3fdbd1a9d1c45bbe
clock.rows.16.cells.21	keys:10
clock.rows.16.cells.21.s	f:3fd0a3d70a3d70a6
clock.rows.16.cells.21.setpoint_gap	f:3f568d4ff2cc2a08
clock.rows.16.cells.21.lag_gap	f:3f63c6ada9307fe8
clock.rows.16.cells.21.tau_f	f:3fe3333333333334
clock.rows.16.cells.21.tau_gov	f:3fa999999999999a
clock.rows.16.cells.21.slope_f	f:3f70f926a9649d84
clock.rows.16.cells.21.slope_r	f:3f57ac1d53498c9a
clock.rows.16.cells.21.predicted	s:fuel
clock.rows.16.cells.21.measured	s:fuel
clock.rows.16.cells.21.margin	f:3fdb821caab09dbe
clock.rows.16.cells.22	keys:10
clock.rows.16.cells.22.s	f:3fd0f5c28f5c28f8
clock.rows.16.cells.22.setpoint_gap	f:3f56c5ee4e309778
clock.rows.16.cells.22.lag_gap	f:3f63cddf964a4c90
clock.rows.16.cells.22.tau_f	f:3fe3333333333334
clock.rows.16.cells.22.tau_gov	f:3fa999999999999a
clock.rows.16.cells.22.slope_f	f:3f70ff862b91bffc
clock.rows.16.cells.22.slope_r	f:3f57be38afb808da
clock.rows.16.cells.22.predicted	s:fuel
clock.rows.16.cells.22.measured	s:fuel
clock.rows.16.cells.22.margin	f:3fdb33e262fc6ca1
clock.rows.16.cells.23	keys:10
clock.rows.16.cells.23.s	f:3fd147ae147ae14a
clock.rows.16.cells.23.setpoint_gap	f:3f56fe974ef16f10
clock.rows.16.cells.23.lag_gap	f:3f63d595b32751d8
clock.rows.16.cells.23.tau_f	f:3fe3333333333334
clock.rows.16.cells.23.tau_gov	f:3fa999999999999a
clock.rows.16.cells.23.slope_f	f:3f710653f04c96f4
clock.rows.16.cells.23.slope_r	f:3f57d0591037841a
clock.rows.16.cells.23.predicted	s:fuel
clock.rows.16.cells.23.measured	s:fuel
clock.rows.16.cells.23.margin	f:3fdae6c6f5ae598a
clock.rows.16.cells.24	keys:10
clock.rows.16.cells.24.s	f:3fd199999999999c
clock.rows.16.cells.24.setpoint_gap	f:3f57374ceeadfae8
clock.rows.16.cells.24.lag_gap	f:3f63ddb881be353c
clock.rows.16.cells.24.tau_f	f:3fe3333333333334
clock.rows.16.cells.24.tau_gov	f:3fa999999999999a
clock.rows.16.cells.24.slope_f	f:3f710d7c4c713adc
clock.rows.16.cells.24.slope_r	f:3f57e27a0f82b7fa
clock.rows.16.cells.24.predicted	s:fuel
clock.rows.16.cells.24.measured	s:fuel
clock.rows.16.cells.24.margin	f:3fda9a9fb0d37332
clock.rows.16.cells.25	keys:10
clock.rows.16.cells.25.s	f:3fd1eb851eb851ee
clock.rows.16.cells.25.setpoint_gap	f:3f577010d1d87ef0
clock.rows.16.cells.25.lag_gap	f:3f63e634f4d4f9b4
clock.rows.16.cells.25.tau_f	f:3fe3333333333334
clock.rows.16.cells.25.tau_gov	f:3fa999999999999a
clock.rows.16.cells.25.slope_f	f:3f7114ef4cd01ba4
clock.rows.16.cells.25.slope_r	f:3f57f49825be2aba
clock.rows.16.cells.25.predicted	s:fuel
clock.rows.16.cells.25.measured	s:fuel
clock.rows.16.cells.25.margin	f:3fda4f498f1da740
clock.rows.16.cells.26	keys:10
clock.rows.16.cells.26.s	f:3fd23d70a3d70a40
clock.rows.16.cells.26.setpoint_gap	f:3f57a8e457c652a0
clock.rows.16.cells.26.lag_gap	f:3f63eefb994e032c
clock.rows.16.cells.26.tau_f	f:3fe3333333333334
clock.rows.16.cells.26.tau_gov	f:3fa999999999999a
clock.rows.16.cells.26.slope_f	f:3f711ca00262f484
clock.rows.16.cells.26.slope_r	f:3f5806b07e5d59fa
clock.rows.16.cells.26.predicted	s:fuel
clock.rows.16.cells.26.measured	s:fuel
clock.rows.16.cells.26.margin	f:3fda04a7d9bca8ce
clock.rows.16.cells.27	keys:10
clock.rows.16.cells.27.s	f:3fd28f5c28f5c292
clock.rows.16.cells.27.setpoint_gap	f:3f57e1c8a7b7ae38
clock.rows.16.cells.27.lag_gap	f:3f63f7ffe8024d54
clock.rows.16.cells.27.tau_f	f:3fe3333333333334
clock.rows.16.cells.27.tau_gov	f:3fa999999999999a
clock.rows.16.cells.27.slope_f	f:3f712483f07769e4
clock.rows.16.cells.27.slope_r	f:3f5818c0d607c5ba
clock.rows.16.cells.27.predicted	s:fuel
clock.rows.16.cells.27.measured	s:fuel
clock.rows.16.cells.27.margin	f:3fd9baa306f47660
clock.rows.16.cells.28	keys:10
clock.rows.16.cells.28.s	f:3fd2e147ae147ae4
clock.rows.16.cells.28.setpoint_gap	f:3f581abebb69bdd8
clock.rows.16.cells.28.lag_gap	f:3f640137b87e7cc4
clock.rows.16.cells.28.tau_f	f:3fe3333333333334
clock.rows.16.cells.28.tau_gov	f:3fa999999999999a
clock.rows.16.cells.28.slope_f	f:3f712c929663e81c
clock.rows.16.cells.28.slope_r	f:3f582ac75ef806ba
clock.rows.16.cells.28.predicted	s:fuel
clock.rows.16.cells.28.measured	s:fuel
clock.rows.16.cells.28.margin	f:3fd97127cb753ad3
clock.rows.16.cells.29	keys:10
clock.rows.16.cells.29.s	f:3fd3333333333336
clock.rows.16.cells.29.setpoint_gap	f:3f5853c767a9d628
clock.rows.16.cells.29.lag_gap	f:3f640a9ace6ffb18
clock.rows.16.cells.29.tau_f	f:3fe3333333333334
clock.rows.16.cells.29.tau_gov	f:3fa999999999999a
clock.rows.16.cells.29.slope_f	f:3f7134c50f95dfbc
clock.rows.16.cells.29.slope_r	f:3f583cc2aa9ab79a
clock.rows.16.cells.29.predicted	s:fuel
clock.rows.16.cells.29.measured	s:fuel
clock.rows.16.cells.29.margin	f:3fd9282655f3a47a
clock.rows.16.cells.30	keys:10
clock.rows.16.cells.30.s	f:3fd3851eb851eb88
clock.rows.16.cells.30.setpoint_gap	f:3f588ce3634a5970
clock.rows.16.cells.30.lag_gap	f:3f6414227cb23a34
clock.rows.16.cells.30.tau_f	f:3fe3333333333334
clock.rows.16.cells.30.tau_gov	f:3fa999999999999a
clock.rows.16.cells.30.slope_f	f:3f713d15c5bc294c
clock.rows.16.cells.30.slope_r	f:3f584eb1976ea63a
clock.rows.16.cells.30.predicted	s:fuel
clock.rows.16.cells.30.measured	s:fuel
clock.rows.16.cells.30.margin	f:3fd8df91adbc983f
clock.rows.16.cells.31	keys:10
clock.rows.16.cells.31.s	f:3fd3d70a3d70a3da
clock.rows.16.cells.31.setpoint_gap	f:3f58c6134cc74be8
clock.rows.16.cells.31.lag_gap	f:3f641dc959eb7258
clock.rows.16.cells.31.tau_f	f:3fe3333333333334
clock.rows.16.cells.31.tau_gov	f:3fa999999999999a
clock.rows.16.cells.31.slope_f	f:3f71458031a5fb84
clock.rows.16.cells.31.slope_r	f:3f58609342554b1a
clock.rows.16.cells.31.predicted	s:fuel
clock.rows.16.cells.31.measured	s:fuel
clock.rows.16.cells.31.margin	f:3fd8975f2e3ca512
clock.rows.16.cells.32	keys:10
clock.rows.16.cells.32.s	f:3fd428f5c28f5c2c
clock.rows.16.cells.32.setpoint_gap	f:3f58ff57aeda6030
clock.rows.16.cells.32.lag_gap	f:3f64278b03698e44
clock.rows.16.cells.32.tau_f	f:3fe3333333333334
clock.rows.16.cells.32.tau_gov	f:3fa999999999999a
clock.rows.16.cells.32.slope_f	f:3f714e00a810ea94
clock.rows.16.cells.32.slope_r	f:3f587266faadc13a
clock.rows.16.cells.32.predicted	s:fuel
clock.rows.16.cells.32.measured	s:fuel
clock.rows.16.cells.32.margin	f:3fd84f861a6a374d
clock.rows.16.cells.33	keys:10
clock.rows.16.cells.33.s	f:3fd47ae147ae147e
clock.rows.16.cells.33.setpoint_gap	f:3f5938b10431c170
clock.rows.16.cells.33.lag_gap	f:3f643163eb860838
clock.rows.16.cells.33.tau_f	f:3fe3333333333334
clock.rows.16.cells.33.tau_gov	f:3fa999999999999a
clock.rows.16.cells.33.slope_f	f:3f715694301e17a4
clock.rows.16.cells.33.slope_r	f:3f58842c38b3261a
clock.rows.16.cells.33.predicted	s:fuel
clock.rows.16.cells.33.measured	s:fuel
clock.rows.16.cells.33.margin	f:3fd807ff43c8a610
clock.rows.16.cells.34	keys:10
clock.rows.16.cells.34.s	f:3fd4ccccccccccd0
clock.rows.16.cells.34.setpoint_gap	f:3f59721fba736350
clock.rows.16.cells.34.lag_gap	f:3f643b51316af4fc
clock.rows.16.cells.34.tau_f	f:3fe3333333333334
clock.rows.16.cells.34.tau_gov	f:3fa999999999999a
clock.rows.16.cells.34.slope_f	f:3f715f3861a219a4
clock.rows.16.cells.34.slope_r	f:3f5895e295ae877a
clock.rows.16.cells.34.predicted	s:fuel
clock.rows.16.cells.34.measured	s:fuel
clock.rows.16.cells.34.margin	f:3fd7c0c4c194cdcb
clock.rows.16.cells.35	keys:10
clock.rows.16.cells.35.s	f:3fd51eb851eb8522
clock.rows.16.cells.35.setpoint_gap	f:3f59aba434aed078
clock.rows.16.cells.35.lag_gap	f:3f6445508071e994
clock.rows.16.cells.35.tau_f	f:3fe3333333333334
clock.rows.16.cells.35.tau_gov	f:3fa999999999999a
clock.rows.16.cells.35.slope_f	f:3f7167eb49d25b84
clock.rows.16.cells.35.slope_r	f:3f58a789c5a4a9ba
clock.rows.16.cells.35.predicted	s:fuel
clock.rows.16.cells.35.measured	s:fuel
clock.rows.16.cells.35.margin	f:3fd779d1b531e926
clock.rows.16.cells.36	keys:10
clock.rows.16.cells.36.s	f:3fd570a3d70a3d74
clock.rows.16.cells.36.setpoint_gap	f:3f59e53ecd58e028
clock.rows.16.cells.36.lag_gap	f:3f644f5ff5abcf04
clock.rows.16.cells.36.tau_f	f:3fe3333333333334
clock.rows.16.cells.36.tau_gov	f:3fa999999999999a
clock.rows.16.cells.36.slope_f	f:3f7170ab551b01e4
clock.rows.16.cells.36.slope_r	f:3f58b9219238023a
clock.rows.16.cells.36.predicted	s:fuel
clock.rows.16.cells.36.measured	s:fuel
clock.rows.16.cells.36.margin	f:3fd7332219710afe
clock.rows.16.cells.37	keys:10
clock.rows.16.cells.37.s	f:3fd5c28f5c28f5c6
clock.rows.16.cells.37.setpoint_gap	f:3f5a1eefd7e7a790
clock.rows.16.cells.37.lag_gap	f:3f64597e0a67d348
clock.rows.16.cells.37.tau_f	f:3fe3333333333334
clock.rows.16.cells.37.tau_gov	f:3fa999999999999a
clock.rows.16.cells.37.slope_f	f:3f7179773d23e8c4
clock.rows.16.cells.37.slope_r	f:3f58caa9d682a19a
clock.rows.16.cells.37.predicted	s:fuel
clock.rows.16.cells.37.measured	s:fuel
clock.rows.16.cells.37.margin	f:3fd6ecb29abcd8b7
clock.rows.16.cells.38	keys:10
clock.rows.16.cells.38.s	f:3fd6147ae147ae18
clock.rows.16.cells.38.setpoint_gap	f:3f5a58b7a220af88
clock.rows.16.cells.38.lag_gap	f:3f6463a982c96e5c
clock.rows.16.cells.38.tau_f	f:3fe3333333333334
clock.rows.16.cells.38.tau_gov	f:3fa999999999999a
clock.rows.16.cells.38.slope_f	f:3f71824dfa3bbe6c
clock.rows.16.cells.38.slope_r	f:3f58dc227bba75fa
clock.rows.16.cells.38.predicted	s:fuel
clock.rows.16.cells.38.measured	s:fuel
clock.rows.16.cells.38.margin	f:3fd6a680768fe668
clock.rows.16.cells.39	keys:10
clock.rows.16.cells.39.s	f:3fd666666666666a
clock.rows.16.cells.39.setpoint_gap	f:3f5a929675282e00
clock.rows.16.cells.39.lag_gap	f:3f646de15fa8dcb8
clock.rows.16.cells.39.tau_f	f:3fe3333333333334
clock.rows.16.cells.39.tau_gov	f:3fa999999999999a
clock.rows.16.cells.39.slope_f	f:3f718b2eb7849334
clock.rows.16.cells.39.slope_r	f:3f58ed8b76791d1a
clock.rows.16.cells.39.predicted	s:fuel
clock.rows.16.cells.39.measured	s:fuel
clock.rows.16.cells.39.margin	f:3fd6608960e17b81
clock.rows.16.cells.40	keys:10
clock.rows.16.cells.40.s	f:3fd6b851eb851ebc
clock.rows.16.cells.40.setpoint_gap	f:3f5acc8c965d18f8
clock.rows.16.cells.40.lag_gap	f:3f647824d31d3188
clock.rows.16.cells.40.tau_f	f:3fe3333333333334
clock.rows.16.cells.40.tau_gov	f:3fa999999999999a
clock.rows.16.cells.40.slope_f	f:3f719418c95b2774
clock.rows.16.cells.40.slope_r	f:3f58fee4c487a89a
clock.rows.16.cells.40.predicted	s:fuel
clock.rows.16.cells.40.measured	s:fuel
clock.rows.16.cells.40.margin	f:3fd61acb6e6f21fa
clock.rows.16.cells.41	keys:10
clock.rows.16.cells.41.s	f:3fd70a3d70a3d70e
clock.rows.16.cells.41.setpoint_gap	f:3f5b069a480bbfd0
clock.rows.16.cells.41.lag_gap	f:3f64827337311bb4
clock.rows.16.cells.41.tau_f	f:3fe3333333333334
clock.rows.16.cells.41.tau_gov	f:3fa999999999999a
clock.rows.16.cells.41.slope_f	f:3f719d0ba58eb6d4
clock.rows.16.cells.41.slope_r	f:3f59102e6b15f3ba
clock.rows.16.cells.41.predicted	s:fuel
clock.rows.16.cells.41.measured	s:fuel
clock.rows.16.cells.41.margin	f:3fd5d5450303711e
clock.rows.16.cells.42	keys:10
clock.rows.16.cells.42.s	f:3fd75c28f5c28f60
clock.rows.16.cells.42.setpoint_gap	f:3f5b40bfc9febf20
clock.rows.16.cells.42.lag_gap	f:3f648ccc06599e68
clock.rows.16.cells.42.tau_f	f:3fe3333333333334
clock.rows.16.cells.42.tau_gov	f:3fa999999999999a
clock.rows.16.cells.42.slope_f	f:3f71a606dd1187f4
clock.rows.16.cells.42.slope_r	f:3f5921687548bd9a
clock.rows.16.cells.42.predicted	s:fuel
clock.rows.16.cells.42.measured	s:fuel
clock.rows.16.cells.42.margin	f:3fd58ff4c2ff6cee
clock.rows.16.cells.43	keys:10
clock.rows.16.cells.43.s	f:3fd7ae147ae147b2
clock.rows.16.cells.43.setpoint_gap	f:3f5b7afd59f4aee0
clock.rows.16.cells.43.lag_gap	f:3f64972ed5585418
clock.rows.16.cells.43.tau_f	f:3fe3333333333334
clock.rows.16.cells.43.tau_gov	f:3fa999999999999a
clock.rows.16.cells.43.slope_f	f:3f71af0a16d9e4fc
clock.rows.16.cells.43.slope_r	f:3f593292f30dcb9a
clock.rows.16.cells.43.predicted	s:fuel
clock.rows.16.cells.43.measured	s:fuel
clock.rows.16.cells.43.margin	f:3fd54ad9878ab6b6
clock.rows.16.cells.44	keys:10
clock.rows.16.cells.44.s	f:3fd8000000000004
clock.rows.16.cells.44.setpoint_gap	f:3f5bb55333ffa4f8
clock.rows.16.cells.44.lag_gap	f:3f64a19b4e45ee3c
clock.rows.16.cells.44.tau_f	f:3fe3333333333334
clock.rows.16.cells.44.tau_gov	f:3fa999999999999a
clock.rows.16.cells.44.slope_f	f:3f71b8150bbb234c
clock.rows.16.cells.44.slope_r	f:3f5943adf82964fa
clock.rows.16.cells.44.predicted	s:fuel
clock.rows.16.cells.44.measured	s:fuel
clock.rows.16.cells.44.margin	f:3fd505f254f0ff3f
clock.rows.16.cells.45	keys:10
clock.rows.16.cells.45.s	f:3fd851eb851eb856
clock.rows.16.cells.45.setpoint_gap	f:3f5befc192d2cb70
clock.rows.16.cells.45.lag_gap	f:3f64ac112c8cd3e8
clock.rows.16.cells.45.tau_f	f:3fe3333333333334
clock.rows.16.cells.45.tau_gov	f:3fa999999999999a
clock.rows.16.cells.45.slope_f	f:3f71c1278307bc9c
clock.rows.16.cells.45.slope_r	f:3f5954b99b72411a
clock.rows.16.cells.45.predicted	s:fuel
clock.rows.16.cells.45.measured	s:fuel
clock.rows.16.cells.45.margin	f:3fd4c13e52c611ec
clock.rows.16.cells.46	keys:10
clock.rows.16.cells.46.s	f:3fd8a3d70a3d70a8
clock.rows.16.cells.46.setpoint_gap	f:3f5c2a48b0015f10
clock.rows.16.cells.46.lag_gap	f:3f64bf9af6f6999c
clock.rows.16.cells.46.tau_f	f:3fe3333333333334
clock.rows.16.cells.46.tau_gov	f:3fa999999999999a
clock.rows.16.cells.46.slope_f	f:3f71d1c793ec2e84
clock.rows.16.cells.46.slope_r	f:3f59653525c0b87a
clock.rows.16.cells.46.predicted	s:fuel
clock.rows.16.cells.46.measured	s:fuel
clock.rows.16.cells.46.margin	f:3fd48fb323e6db15
clock.rows.17	keys:20
clock.rows.17.coord	s:demand
clock.rows.17.tau_f	f:3fc999999999999a
clock.rows.17.tau_gov	f:3fc999999999999a
clock.rows.17.tau_q	f:3fa999999999999a
clock.rows.17.tau_s	f:3fa999999999999a
clock.rows.17.phi_lim	f:3fe8000000000000
clock.rows.17.phi_air	f:3fe8a3d70a3d70a4
clock.rows.17.max_Tt4	f:40929af73e0bc92f
clock.rows.17.riding4_valid	b:1
clock.rows.17.n_riding4	i:47
clock.rows.17.census	keys:1
clock.rows.17.census.fuel	i:47
clock.rows.17.n_fuel	i:47
clock.rows.17.n_gov	i:0
clock.rows.17.n_scored	i:47
clock.rows.17.n_edge	i:0
clock.rows.17.n_agree	i:47
clock.rows.17.agreement	f:3ff0000000000000
clock.rows.17.worst_miss	n
clock.rows.17.min_margin	f:3fd02bb5367ac616
clock.rows.17.cells	len:47
clock.rows.17.cells.0	keys:10
clock.rows.17.cells.0.s	f:3fc3d70a3d70a3d9
clock.rows.17.cells.0.setpoint_gap	f:3f51ab34793520f0
clock.rows.17.cells.0.lag_gap	f:3f658becd8584a0c
clock.rows.17.cells.0.tau_f	f:3fe3333333333334
clock.rows.17.cells.0.tau_gov	f:3fc999999999999a
clock.rows.17.cells.0.slope_f	f:3f73dd601e6710eb
clock.rows.17.cells.0.slope_r	f:3f56e940f961e69a
clock.rows.17.cells.0.predicted	s:fuel
clock.rows.17.cells.0.measured	s:fuel
clock.rows.17.cells.0.margin	f:3fe2e12bdcd9c8df
clock.rows.17.cells.1	keys:10
clock.rows.17.cells.1.s	f:3fc47ae147ae147d
clock.rows.17.cells.1.setpoint_gap	f:3f51f1cce6a90370
clock.rows.17.cells.1.lag_gap	f:3f64c607c81c943c
clock.rows.17.cells.1.tau_f	f:3fe3333333333334
clock.rows.17.cells.1.tau_gov	f:3fc999999999999a
clock.rows.17.cells.1.slope_f	f:3f7336ba55b02053
clock.rows.17.cells.1.slope_r	f:3f56d46e3323b99a
clock.rows.17.cells.1.predicted	s:fuel
clock.rows.17.cells.1.measured	s:fuel
clock.rows.17.cells.1.margin	f:3fe22dcf256179fe
clock.rows.17.cells.2	keys:10
clock.rows.17.cells.2.s	f:3fc51eb851eb8521
clock.rows.17.cells.2.setpoint_gap	f:3f523582813e6060
clock.rows.17.cells.2.lag_gap	f:3f6426f21a3ebafc
clock.rows.17.cells.2.tau_f	f:3fe3333333333334
clock.rows.17.cells.2.tau_gov	f:3fc999999999999a
clock.rows.17.cells.2.slope_f	f:3f72b110b63b912b
clock.rows.17.cells.2.slope_r	f:3f56c7538457803a
clock.rows.17.cells.2.predicted	s:fuel
clock.rows.17.cells.2.measured	s:fuel
clock.rows.17.cells.2.margin	f:3fe18af1cee9677c
clock.rows.17.cells.3	keys:10
clock.rows.17.cells.3.s	f:3fc5c28f5c28f5c5
clock.rows.17.cells.3.setpoint_gap	f:3f5276e3c639e190
clock.rows.17.cells.3.lag_gap	f:3f63a75cbf579b3c
clock.rows.17.cells.3.tau_f	f:3fe3333333333334
clock.rows.17.cells.3.tau_gov	f:3fc999999999999a
clock.rows.17.cells.3.slope_f	f:3f72462c74deaa4b
clock.rows.17.cells.3.slope_r	f:3f56c0760103eb3a
clock.rows.17.cells.3.predicted	s:fuel
clock.rows.17.cells.3.measured	s:fuel
clock.rows.17.cells.3.margin	f:3fe0f7de81958249
clock.rows.17.cells.4	keys:10
clock.rows.17.cells.4.s	f:3fc6666666666669
clock.rows.17.cells.4.setpoint_gap	f:3f52b66462117be0
clock.rows.17.cells.4.lag_gap	f:3f634158c3e2182d
clock.rows.17.cells.4.tau_f	f:3fe3333333333334
clock.rows.17.cells.4.tau_gov	f:3fc999999999999a
clock.rows.17.cells.4.slope_f	f:3f71f1022f120d6c
clock.rows.17.cells.4.slope_r	f:3f56bea28e03af5a
clock.rows.17.cells.4.predicted	s:fuel
clock.rows.17.cells.4.measured	s:fuel
clock.rows.17.cells.4.margin	f:3fe0737693cf7908
clock.rows.17.cells.5	keys:10
clock.rows.17.cells.5.s	f:3fc70a3d70a3d70d
clock.rows.17.cells.5.setpoint_gap	f:3f52f4623c72e2e8
clock.rows.17.cells.5.lag_gap	f:3f62f0154020ed7d
clock.rows.17.cells.5.tau_f	f:3fe3333333333334
clock.rows.17.cells.5.tau_gov	f:3fc999999999999a
clock.rows.17.cells.5.slope_f	f:3f71ad79bbf2be24
clock.rows.17.cells.5.slope_r	f:3f56c0e04e17a2da
clock.rows.17.cells.5.predicted	s:fuel
clock.rows.17.cells.5.measured	s:fuel
clock.rows.17.cells.5.margin	f:3fdff8bb9ed91979
clock.rows.17.cells.6	keys:10
clock.rows.17.cells.6.s	f:3fc7ae147ae147b1
clock.rows.17.cells.6.setpoint_gap	f:3f53312991c3ead0
clock.rows.17.cells.6.lag_gap	f:3f62afa99b79655d
clock.rows.17.cells.6.tau_f	f:3fe3333333333334
clock.rows.17.cells.6.tau_gov	f:3fc999999999999a
clock.rows.17.cells.6.slope_f	f:3f7178407950e4c4
clock.rows.17.cells.6.slope_r	f:3f56c6659d0cc39a
clock.rows.17.cells.6.predicted	s:fuel
clock.rows.17.cells.6.measured	s:fuel
clock.rows.17.cells.6.margin	f:3fdf223b6afffe36
clock.rows.17.cells.7	keys:10
clock.rows.17.cells.7.s	f:3fc851eb851eb855
clock.rows.17.cells.7.setpoint_gap	f:3f536cf8476931c8
clock.rows.17.cells.7.lag_gap	f:3f627ce9dc955ebd
clock.rows.17.cells.7.tau_f	f:3fe3333333333334
clock.rows.17.cells.7.tau_gov	f:3fc999999999999a
clock.rows.17.cells.7.slope_f	f:3f714ea4250d2014
clock.rows.17.cells.7.slope_r	f:3f56ce8f1ec7cd9a
clock.rows.17.cells.7.predicted	s:fuel
clock.rows.17.cells.7.measured	s:fuel
clock.rows.17.cells.7.margin	f:3fde607f256d5ff5
clock.rows.17.cells.8	keys:10
clock.rows.17.cells.8.s	f:3fc8f5c28f5c28f9
clock.rows.17.cells.8.setpoint_gap	f:3f53a8009fbd5300
clock.rows.17.cells.8.lag_gap	f:3f62554329283b4d
clock.rows.17.cells.8.tau_f	f:3fe3333333333334
clock.rows.17.cells.8.tau_gov	f:3fc999999999999a
clock.rows.17.cells.8.slope_f	f:3f712e74acd781c4
clock.rows.17.cells.8.slope_r	f:3f56d8d87e87c43a
clock.rows.17.cells.8.predicted	s:fuel
clock.rows.17.cells.8.measured	s:fuel
clock.rows.17.cells.8.margin	f:3fddb0bc51feb58f
clock.rows.17.cells.9	keys:10
clock.rows.17.cells.9.s	f:3fc999999999999d
clock.rows.17.cells.9.setpoint_gap	f:3f53e26b6bc77f40
clock.rows.17.cells.9.lag_gap	f:3f62369eef419e2d
clock.rows.17.cells.9.tau_f	f:3fe3333333333334
clock.rows.17.cells.9.tau_gov	f:3fc999999999999a
clock.rows.17.cells.9.slope_f	f:3f7115eba87a2f4c
clock.rows.17.cells.9.slope_r	f:3f56e4d68d2a09da
clock.rows.17.cells.9.predicted	s:fuel
clock.rows.17.cells.9.measured	s:fuel
clock.rows.17.cells.9.margin	f:3fdd1060d055bf89
clock.rows.17.cells.10	keys:10
clock.rows.17.cells.10.s	f:3fca3d70a3d70a41
clock.rows.17.cells.10.setpoint_gap	f:3f541c59d325a198
clock.rows.17.cells.10.lag_gap	f:3f621f4b79ce4aed
clock.rows.17.cells.10.tau_f	f:3fe3333333333334
clock.rows.17.cells.10.tau_gov	f:3fc999999999999a
clock.rows.17.cells.10.slope_f	f:3f7103986fddd02c
clock.rows.17.cells.10.slope_r	f:3f56f2327c56d4da
clock.rows.17.cells.10.predicted	s:fuel
clock.rows.17.cells.10.measured	s:fuel
clock.rows.17.cells.10.margin	f:3fdc7d1dbc67194e
clock.rows.17.cells.11	keys:10
clock.rows.17.cells.11.s	f:3fcae147ae147ae5
clock.rows.17.cells.11.setpoint_gap	f:3f5455e6c60cf0f8
clock.rows.17.cells.11.lag_gap	f:3f620de8ecc7a6ad
clock.rows.17.cells.11.tau_f	f:3fe3333333333334
clock.rows.17.cells.11.tau_gov	f:3fc999999999999a
clock.rows.17.cells.11.slope_f	f:3f70f64ff00e004c
clock.rows.17.cells.11.slope_r	f:3f5700a600db80da
clock.rows.17.cells.11.predicted	s:fuel
clock.rows.17.cells.11.measured	s:fuel
clock.rows.17.cells.11.margin	f:3fdbf4ead1125692
clock.rows.17.cells.12	keys:10
clock.rows.17.cells.12.s	f:3fcb851eb851eb89
clock.rows.17.cells.12.setpoint_gap	f:3f548f28298a6570
clock.rows.17.cells.12.lag_gap	f:3f620159d5ae6a3d
clock.rows.17.cells.12.tau_f	f:3fe3333333333334
clock.rows.17.cells.12.tau_gov	f:3fc999999999999a
clock.rows.17.cells.12.slope_f	f:3f70ed1f8b71fc6c
clock.rows.17.cells.12.slope_r	f:3f570ff83087aeba
clock.rows.17.cells.12.predicted	s:fuel
clock.rows.17.cells.12.measured	s:fuel
clock.rows.17.cells.12.margin	f:3fdb7604d8fe19a4
clock.rows.17.cells.13	keys:10
clock.rows.17.cells.13.s	f:3fcc28f5c28f5c2d
clock.rows.17.cells.13.setpoint_gap	f:3f54c82fcb249fb8
clock.rows.17.cells.13.lag_gap	f:3f61f8b6a453b90d
clock.rows.17.cells.13.tau_f	f:3fe3333333333334
clock.rows.17.cells.13.tau_gov	f:3fc999999999999a
clock.rows.17.cells.13.slope_f	f:3f70e74272f28bbc
clock.rows.17.cells.13.slope_r	f:3f571ffaf819525a
clock.rows.17.cells.13.predicted	s:fuel
clock.rows.17.cells.13.measured	s:fuel
clock.rows.17.cells.13.margin	f:3fdafee9226b6d1d
clock.rows.17.cells.14	keys:10
clock.rows.17.cells.14.s	f:3fccccccccccccd1
clock.rows.17.cells.14.setpoint_gap	f:3f55010c26899ad8
clock.rows.17.cells.14.lag_gap	f:3f61f343800eca8d
clock.rows.17.cells.14.tau_f	f:3fe3333333333334
clock.rows.17.cells.14.tau_gov	f:3fc999999999999a
clock.rows.17.cells.14.slope_f	f:3f70e4190115d994
clock.rows.17.cells.14.slope_r	f:3f5730890c72497a
clock.rows.17.cells.14.predicted	s:fuel
clock.rows.17.cells.14.measured	s:fuel
clock.rows.17.cells.14.margin	f:3fda8e4f5f454c9e
clock.rows.17.cells.15	keys:10
clock.rows.17.cells.15.s	f:3fcd70a3d70a3d75
clock.rows.17.cells.15.setpoint_gap	f:3f5539c905f127b0
clock.rows.17.cells.15.lag_gap	f:3f61f06807ab375d
clock.rows.17.cells.15.tau_f	f:3fe3333333333334
clock.rows.17.cells.15.tau_gov	f:3fc999999999999a
clock.rows.17.cells.15.slope_f	f:3f70e321b65e53ec
clock.rows.17.cells.15.slope_r	f:3f5741843fbbc57a
clock.rows.17.cells.15.predicted	s:fuel
clock.rows.17.cells.15.measured	s:fuel
clock.rows.17.cells.15.margin	f:3fda2322e7ce95f2
clock.rows.17.cells.16	keys:10
clock.rows.17.cells.16.s	f:3fce147ae147ae19
clock.rows.17.cells.16.setpoint_gap	f:3f557270043c23e8
clock.rows.17.cells.16.lag_gap	f:3f61efa89fad1bbd
clock.rows.17.cells.16.tau_f	f:3fe3333333333334
clock.rows.17.cells.16.tau_gov	f:3fc999999999999a
clock.rows.17.cells.16.slope_f	f:3f70e3f3885bc13c
clock.rows.17.cells.16.slope_r	f:3f5752d42789f97a
clock.rows.17.cells.16.predicted	s:fuel
clock.rows.17.cells.16.measured	s:fuel
clock.rows.17.cells.16.margin	f:3fd9bc7bfe445494
clock.rows.17.cells.17	keys:10
clock.rows.17.cells.17.s	f:3fceb851eb851ebd
clock.rows.17.cells.17.setpoint_gap	f:3f55ab08f6855d90
clock.rows.17.cells.17.lag_gap	f:3f61f0a103e4393d
clock.rows.17.cells.17.tau_f	f:3fe3333333333334
clock.rows.17.cells.17.tau_gov	f:3fc999999999999a
clock.rows.17.cells.17.slope_f	f:3f70e63943a13a84
clock.rows.17.cells.17.slope_r	f:3f57646504a481da
clock.rows.17.cells.17.predicted	s:fuel
clock.rows.17.cells.17.measured	s:fuel
clock.rows.17.cells.17.margin	f:3fd9599971f6d6cd
clock.rows.17.cells.18	keys:10
clock.rows.17.cells.18.s	f:3fcf5c28f5c28f61
clock.rows.17.cells.18.setpoint_gap	f:3f55e39a41c61078
clock.rows.17.cells.18.lag_gap	f:3f61f2ffdf5a6cfb
clock.rows.17.cells.18.tau_f	f:3fe3333333333334
clock.rows.17.cells.18.tau_gov	f:3fc999999999999a
clock.rows.17.cells.18.slope_f	f:3f70e9adcccb6351
clock.rows.17.cells.18.slope_r	f:3f577626e000660c
clock.rows.17.cells.18.predicted	s:fuel
clock.rows.17.cells.18.measured	s:fuel
clock.rows.17.cells.18.margin	f:3fd8f9dad41c8548
clock.rows.17.cells.19	keys:10
clock.rows.17.cells.19.s	f:3fd0000000000002
clock.rows.17.cells.19.setpoint_gap	f:3f561c2920500e98
clock.rows.17.cells.19.lag_gap	f:3f61f6833929e4ab
clock.rows.17.cells.19.tau_f	f:3fe3333333333334
clock.rows.17.cells.19.tau_gov	f:3fc999999999999a
clock.rows.17.cells.19.slope_f	f:3f70ee191689e381
clock.rows.17.cells.19.slope_r	f:3f57880cd2d3bb6d
clock.rows.17.cells.19.predicted	s:fuel
clock.rows.17.cells.19.measured	s:fuel
clock.rows.17.cells.19.margin	f:3fd89cbb537f35e6
clock.rows.17.cells.20	keys:10
clock.rows.17.cells.20.s	f:3fd051eb851eb854
clock.rows.17.cells.20.setpoint_gap	f:3f5654b9da2abe18
clock.rows.17.cells.20.lag_gap	f:3f61faf58e0f84dd
clock.rows.17.cells.20.tau_f	f:3fe3333333333334
clock.rows.17.cells.20.tau_gov	f:3fc999999999999a
clock.rows.17.cells.20.slope_f	f:3f70f34daa840f1c
clock.rows.17.cells.20.slope_r	f:3f579a0c719584ba
clock.rows.17.cells.20.predicted	s:fuel
clock.rows.17.cells.20.measured	s:fuel
clock.rows.17.cells.20.margin	f:3fd841cd41b431c2
clock.rows.17.cells.21	keys:10
clock.rows.17.cells.21.s	f:3fd0a3d70a3d70a6
clock.rows.17.cells.21.setpoint_gap	f:3f568d4ff2cc2a08
clock.rows.17.cells.21.lag_gap	f:3f62002b7624955d
clock.rows.17.cells.21.tau_f	f:3fe3333333333334
clock.rows.17.cells.21.tau_gov	f:3fc999999999999a
clock.rows.17.cells.21.slope_f	f:3f70f926a9649d84
clock.rows.17.cells.21.slope_r	f:3f57ac1d53498c9a
clock.rows.17.cells.21.predicted	s:fuel
clock.rows.17.cells.21.measured	s:fuel
clock.rows.17.cells.21.margin	f:3fd7e8b639cbdf6c
clock.rows.17.cells.22	keys:10
clock.rows.17.cells.22.s	f:3fd0f5c28f5c28f8
clock.rows.17.cells.22.setpoint_gap	f:3f56c5ee4e309778
clock.rows.17.cells.22.lag_gap	f:3f620601bc4fb24d
clock.rows.17.cells.22.tau_f	f:3fe3333333333334
clock.rows.17.cells.22.tau_gov	f:3fc999999999999a
clock.rows.17.cells.22.slope_f	f:3f70ff862b91bffc
clock.rows.17.cells.22.slope_r	f:3f57be38afb808da
clock.rows.17.cells.22.predicted	s:fuel
clock.rows.17.cells.22.measured	s:fuel
clock.rows.17.cells.22.margin	f:3fd7912bdaa51555
clock.rows.17.cells.23	keys:10
clock.rows.17.cells.23.s	f:3fd147ae147ae14a
clock.rows.17.cells.23.setpoint_gap	f:3f56fe974ef16f10
clock.rows.17.cells.23.lag_gap	f:3f620c5bd1eff4bd
clock.rows.17.cells.23.tau_f	f:3fe3333333333334
clock.rows.17.cells.23.tau_gov	f:3fc999999999999a
clock.rows.17.cells.23.slope_f	f:3f710653f04c96f4
clock.rows.17.cells.23.slope_r	f:3f57d0591037841a
clock.rows.17.cells.23.predicted	s:fuel
clock.rows.17.cells.23.measured	s:fuel
clock.rows.17.cells.23.margin	f:3fd73af104806d31
clock.rows.17.cells.24	keys:10
clock.rows.17.cells.24.s	f:3fd199999999999c
clock.rows.17.cells.24.setpoint_gap	f:3f57374ceeadfae8
clock.rows.17.cells.24.lag_gap	f:3f6213228d61343d
clock.rows.17.cells.24.tau_f	f:3fe3333333333334
clock.rows.17.cells.24.tau_gov	f:3fc999999999999a
clock.rows.17.cells.24.slope_f	f:3f710d7c4c713adc
clock.rows.17.cells.24.slope_r	f:3f57e27a0f82b7fa
clock.rows.17.cells.24.predicted	s:fuel
clock.rows.17.cells.24.measured	s:fuel
clock.rows.17.cells.24.margin	f:3fd6e5d3891c8181
clock.rows.17.cells.25	keys:10
clock.rows.17.cells.25.s	f:3fd1eb851eb851ee
clock.rows.17.cells.25.setpoint_gap	f:3f577010d1d87ef0
clock.rows.17.cells.25.lag_gap	f:3f621a432533834d
clock.rows.17.cells.25.tau_f	f:3fe3333333333334
clock.rows.17.cells.25.tau_gov	f:3fc999999999999a
clock.rows.17.cells.25.slope_f	f:3f7114ef4cd01ba4
clock.rows.17.cells.25.slope_r	f:3f57f49825be2aba
clock.rows.17.cells.25.predicted	s:fuel
clock.rows.17.cells.25.measured	s:fuel
clock.rows.17.cells.25.margin	f:3fd691aa3e3dc9da
clock.rows.17.cells.26	keys:10
clock.rows.17.cells.26.s	f:3fd23d70a3d70a40
clock.rows.17.cells.26.setpoint_gap	f:3f57a8e457c652a0
clock.rows.17.cells.26.lag_gap	f:3f6221ae5ca09c6c
clock.rows.17.cells.26.tau_f	f:3fe3333333333334
clock.rows.17.cells.26.tau_gov	f:3fc999999999999a
clock.rows.17.cells.26.slope_f	f:3f711ca00262f484
clock.rows.17.cells.26.slope_r	f:3f5806b07e5d59fa
clock.rows.17.cells.26.predicted	s:fuel
clock.rows.17.cells.26.measured	s:fuel
clock.rows.17.cells.26.margin	f:3fd63e5363e9f48f
clock.rows.17.cells.27	keys:10
clock.rows.17.cells.27.s	f:3fd28f5c28f5c292
clock.rows.17.cells.27.setpoint_gap	f:3f57e1c8a7b7ae38
clock.rows.17.cells.27.lag_gap	f:3f622957d7f4eb4c
clock.rows.17.cells.27.tau_f	f:3fe3333333333334
clock.rows.17.cells.27.tau_gov	f:3fc999999999999a
clock.rows.17.cells.27.slope_f	f:3f712483f07769e4
clock.rows.17.cells.27.slope_r	f:3f5818c0d607c5ba
clock.rows.17.cells.27.predicted	s:fuel
clock.rows.17.cells.27.measured	s:fuel
clock.rows.17.cells.27.margin	f:3fd5ebb3513e8066
clock.rows.17.cells.28	keys:10
clock.rows.17.cells.28.s	f:3fd2e147ae147ae4
clock.rows.17.cells.28.setpoint_gap	f:3f581abebb69bdd8
clock.rows.17.cells.28.lag_gap	f:3f623135915f15dc
clock.rows.17.cells.28.tau_f	f:3fe3333333333334
clock.rows.17.cells.28.tau_gov	f:3fc999999999999a
clock.rows.17.cells.28.slope_f	f:3f712c929663e81c
clock.rows.17.cells.28.slope_r	f:3f582ac75ef806ba
clock.rows.17.cells.28.predicted	s:fuel
clock.rows.17.cells.28.measured	s:fuel
clock.rows.17.cells.28.margin	f:3fd599b35c6ccb6a
clock.rows.17.cells.29	keys:10
clock.rows.17.cells.29.s	f:3fd3333333333336
clock.rows.17.cells.29.setpoint_gap	f:3f5853c767a9d628
clock.rows.17.cells.29.lag_gap	f:3f62393f680ac6ec
clock.rows.17.cells.29.tau_f	f:3fe3333333333334
clock.rows.17.cells.29.tau_gov	f:3fc999999999999a
clock.rows.17.cells.29.slope_f	f:3f7134c50f95dfbc
clock.rows.17.cells.29.slope_r	f:3f583cc2aa9ab79a
clock.rows.17.cells.29.predicted	s:fuel
clock.rows.17.cells.29.measured	s:fuel
clock.rows.17.cells.29.margin	f:3fd54840f40caf5f
clock.rows.17.cells.30	keys:10
clock.rows.17.cells.30.s	f:3fd3851eb851eb88
clock.rows.17.cells.30.setpoint_gap	f:3f588ce3634a5970
clock.rows.17.cells.30.lag_gap	f:3f62416ec489edbc
clock.rows.17.cells.30.tau_f	f:3fe3333333333334
clock.rows.17.cells.30.tau_gov	f:3fc999999999999a
clock.rows.17.cells.30.slope_f	f:3f713d15c5bc294c
clock.rows.17.cells.30.slope_r	f:3f584eb1976ea63a
clock.rows.17.cells.30.predicted	s:fuel
clock.rows.17.cells.30.measured	s:fuel
clock.rows.17.cells.30.margin	f:3fd4f74ce1599c60
clock.rows.17.cells.31	keys:10
clock.rows.17.cells.31.s	f:3fd3d70a3d70a3da
clock.rows.17.cells.31.setpoint_gap	f:3f58c6134cc74be8
clock.rows.17.cells.31.lag_gap	f:3f6249be4e8b731c
clock.rows.17.cells.31.tau_f	f:3fe3333333333334
clock.rows.17.cells.31.tau_gov	f:3fc999999999999a
clock.rows.17.cells.31.slope_f	f:3f71458031a5fb84
clock.rows.17.cells.31.slope_r	f:3f58609342554b1a
clock.rows.17.cells.31.predicted	s:fuel
clock.rows.17.cells.31.measured	s:fuel
clock.rows.17.cells.31.margin	f:3fd4a6caac59c982
clock.rows.17.cells.32	keys:10
clock.rows.17.cells.32.s	f:3fd428f5c28f5c2c
clock.rows.17.cells.32.setpoint_gap	f:3f58ff57aeda6030
clock.rows.17.cells.32.lag_gap	f:3f625229b09c862c
clock.rows.17.cells.32.tau_f	f:3fe3333333333334
clock.rows.17.cells.32.tau_gov	f:3fc999999999999a
clock.rows.17.cells.32.slope_f	f:3f714e00a810ea94
clock.rows.17.cells.32.slope_r	f:3f587266faadc13a
clock.rows.17.cells.32.predicted	s:fuel
clock.rows.17.cells.32.measured	s:fuel
clock.rows.17.cells.32.margin	f:3fd456b01c08c254
clock.rows.17.cells.33	keys:10
clock.rows.17.cells.33.s	f:3fd47ae147ae147e
clock.rows.17.cells.33.setpoint_gap	f:3f5938b10431c170
clock.rows.17.cells.33.lag_gap	f:3f625aad6745655c
clock.rows.17.cells.33.tau_f	f:3fe3333333333334
clock.rows.17.cells.33.tau_gov	f:3fc999999999999a
clock.rows.17.cells.33.slope_f	f:3f715694301e17a4
clock.rows.17.cells.33.slope_r	f:3f58842c38b3261a
clock.rows.17.cells.33.predicted	s:fuel
clock.rows.17.cells.33.measured	s:fuel
clock.rows.17.cells.33.margin	f:3fd406f4cd831ada
clock.rows.17.cells.34	keys:10
clock.rows.17.cells.34.s	f:3fd4ccccccccccd0
clock.rows.17.cells.34.setpoint_gap	f:3f59721fba736350
clock.rows.17.cells.34.lag_gap	f:3f6263469964446c
clock.rows.17.cells.34.tau_f	f:3fe3333333333334
clock.rows.17.cells.34.tau_gov	f:3fc999999999999a
clock.rows.17.cells.34.slope_f	f:3f715f3861a219a4
clock.rows.17.cells.34.slope_r	f:3f5895e295ae877a
clock.rows.17.cells.34.predicted	s:fuel
clock.rows.17.cells.34.measured	s:fuel
clock.rows.17.cells.34.margin	f:3fd3b791de305695
clock.rows.17.cells.35	keys:10
clock.rows.17.cells.35.s	f:3fd51eb851eb8522
clock.rows.17.cells.35.setpoint_gap	f:3f59aba434aed078
clock.rows.17.cells.35.lag_gap	f:3f626bf2f805900c
clock.rows.17.cells.35.tau_f	f:3fe3333333333334
clock.rows.17.cells.35.tau_gov	f:3fc999999999999a
clock.rows.17.cells.35.slope_f	f:3f7167eb49d25b84
clock.rows.17.cells.35.slope_r	f:3f58a789c5a4a9ba
clock.rows.17.cells.35.predicted	s:fuel
clock.rows.17.cells.35.measured	s:fuel
clock.rows.17.cells.35.margin	f:3fd36881a5820864
clock.rows.17.cells.36	keys:10
clock.rows.17.cells.36.s	f:3fd570a3d70a3d74
clock.rows.17.cells.36.setpoint_gap	f:3f59e53ecd58e028
clock.rows.17.cells.36.lag_gap	f:3f6274b0a44e020c
clock.rows.17.cells.36.tau_f	f:3fe3333333333334
clock.rows.17.cells.36.tau_gov	f:3fc999999999999a
clock.rows.17.cells.36.slope_f	f:3f7170ab551b01e4
clock.rows.17.cells.36.slope_r	f:3f58b9219238023a
clock.rows.17.cells.36.predicted	s:fuel
clock.rows.17.cells.36.measured	s:fuel
clock.rows.17.cells.36.margin	f:3fd319bf7b78ae4e
clock.rows.17.cells.37	keys:10
clock.rows.17.cells.37.s	f:3fd5c28f5c28f5c6
clock.rows.17.cells.37.setpoint_gap	f:3f5a1eefd7e7a790
clock.rows.17.cells.37.lag_gap	f:3f627d7e1a513a5c
clock.rows.17.cells.37.tau_f	f:3fe3333333333334
clock.rows.17.cells.37.tau_gov	f:3fc999999999999a
clock.rows.17.cells.37.slope_f	f:3f7179773d23e8c4
clock.rows.17.cells.37.slope_r	f:3f58caa9d682a19a
clock.rows.17.cells.37.predicted	s:fuel
clock.rows.17.cells.37.measured	s:fuel
clock.rows.17.cells.37.margin	f:3fd2cb4789a1218d
clock.rows.17.cells.38	keys:10
clock.rows.17.cells.38.s	f:3fd6147ae147ae18
clock.rows.17.cells.38.setpoint_gap	f:3f5a58b7a220af88
clock.rows.17.cells.38.lag_gap	f:3f62865a1fe83f1c
clock.rows.17.cells.38.tau_f	f:3fe3333333333334
clock.rows.17.cells.38.tau_gov	f:3fc999999999999a
clock.rows.17.cells.38.slope_f	f:3f71824dfa3bbe6c
clock.rows.17.cells.38.slope_r	f:3f58dc227bba75fa
clock.rows.17.cells.38.predicted	s:fuel
clock.rows.17.cells.38.measured	s:fuel
clock.rows.17.cells.38.margin	f:3fd27d16a4a95081
clock.rows.17.cells.39	keys:10
clock.rows.17.cells.39.s	f:3fd666666666666a
clock.rows.17.cells.39.setpoint_gap	f:3f5a929675282e00
clock.rows.17.cells.39.lag_gap	f:3f628f43b6c62dbc
clock.rows.17.cells.39.tau_f	f:3fe3333333333334
clock.rows.17.cells.39.tau_gov	f:3fc999999999999a
clock.rows.17.cells.39.slope_f	f:3f718b2eb7849334
clock.rows.17.cells.39.slope_r	f:3f58ed8b76791d1a
clock.rows.17.cells.39.predicted	s:fuel
clock.rows.17.cells.39.measured	s:fuel
clock.rows.17.cells.39.margin	f:3fd22f2a2cfc6686
clock.rows.17.cells.40	keys:10
clock.rows.17.cells.40.s	f:3fd6b851eb851ebc
clock.rows.17.cells.40.setpoint_gap	f:3f5acc8c965d18f8
clock.rows.17.cells.40.lag_gap	f:3f62983a112c9e7c
clock.rows.17.cells.40.tau_f	f:3fe3333333333334
clock.rows.17.cells.40.tau_gov	f:3fc999999999999a
clock.rows.17.cells.40.slope_f	f:3f719418c95b2774
clock.rows.17.cells.40.slope_r	f:3f58fee4c487a89a
clock.rows.17.cells.40.predicted	s:fuel
clock.rows.17.cells.40.measured	s:fuel
clock.rows.17.cells.40.margin	f:3fd1e17ff51b1633
clock.rows.17.cells.41	keys:10
clock.rows.17.cells.41.s	f:3fd70a3d70a3d70e
clock.rows.17.cells.41.setpoint_gap	f:3f5b069a480bbfd0
clock.rows.17.cells.41.lag_gap	f:3f62a13c88c2a96c
clock.rows.17.cells.41.tau_f	f:3fe3333333333334
clock.rows.17.cells.41.tau_gov	f:3fc999999999999a
clock.rows.17.cells.41.slope_f	f:3f719d0ba58eb6d4
clock.rows.17.cells.41.slope_r	f:3f59102e6b15f3ba
clock.rows.17.cells.41.predicted	s:fuel
clock.rows.17.cells.41.measured	s:fuel
clock.rows.17.cells.41.margin	f:3fd194162ca8e465
clock.rows.17.cells.42	keys:10
clock.rows.17.cells.42.s	f:3fd75c28f5c28f60
clock.rows.17.cells.42.setpoint_gap	f:3f5b40bfc9febf20
clock.rows.17.cells.42.lag_gap	f:3f62aa4a97275cfc
clock.rows.17.cells.42.tau_f	f:3fe3333333333334
clock.rows.17.cells.42.tau_gov	f:3fc999999999999a
clock.rows.17.cells.42.slope_f	f:3f71a606dd1187f4
clock.rows.17.cells.42.slope_r	f:3f5921687548bd9a
clock.rows.17.cells.42.predicted	s:fuel
clock.rows.17.cells.42.measured	s:fuel
clock.rows.17.cells.42.margin	f:3fd146eb4f52b3a6
clock.rows.17.cells.43	keys:10
clock.rows.17.cells.43.s	f:3fd7ae147ae147b2
clock.rows.17.cells.43.setpoint_gap	f:3f5b7afd59f4aee0
clock.rows.17.cells.43.lag_gap	f:3f62b363cfea7e6c
clock.rows.17.cells.43.tau_f	f:3fe3333333333334
clock.rows.17.cells.43.tau_gov	f:3fc999999999999a
clock.rows.17.cells.43.slope_f	f:3f71af0a16d9e4fc
clock.rows.17.cells.43.slope_r	f:3f593292f30dcb9a
clock.rows.17.cells.43.predicted	s:fuel
clock.rows.17.cells.43.measured	s:fuel
clock.rows.17.cells.43.margin	f:3fd0f9fe16d6f584
clock.rows.17.cells.44	keys:10
clock.rows.17.cells.44.s	f:3fd8000000000004
clock.rows.17.cells.44.setpoint_gap	f:3f5bb55333ffa4f8
clock.rows.17.cells.44.lag_gap	f:3f62bc87dba939dc
clock.rows.17.cells.44.tau_f	f:3fe3333333333334
clock.rows.17.cells.44.tau_gov	f:3fc999999999999a
clock.rows.17.cells.44.slope_f	f:3f71b8150bbb234c
clock.rows.17.cells.44.slope_r	f:3f5943adf82964fa
clock.rows.17.cells.44.predicted	s:fuel
clock.rows.17.cells.44.measured	s:fuel
clock.rows.17.cells.44.margin	f:3fd0ad4d6fa029cc
clock.rows.17.cells.45	keys:10
clock.rows.17.cells.45.s	f:3fd851eb851eb856
clock.rows.17.cells.45.setpoint_gap	f:3f5befc192d2cb70
clock.rows.17.cells.45.lag_gap	f:3f62c5b67417756c
clock.rows.17.cells.45.tau_f	f:3fe3333333333334
clock.rows.17.cells.45.tau_gov	f:3fc999999999999a
clock.rows.17.cells.45.slope_f	f:3f71c1278307bc9c
clock.rows.17.cells.45.slope_r	f:3f5954b99b72411a
clock.rows.17.cells.45.predicted	s:fuel
clock.rows.17.cells.45.measured	s:fuel
clock.rows.17.cells.45.margin	f:3fd060d86f7896ad
clock.rows.17.cells.46	keys:10
clock.rows.17.cells.46.s	f:3fd8a3d70a3d70a8
clock.rows.17.cells.46.setpoint_gap	f:3f5c2a48b0015f10
clock.rows.17.cells.46.lag_gap	f:3f62d803c754f22c
clock.rows.17.cells.46.tau_f	f:3fe3333333333334
clock.rows.17.cells.46.tau_gov	f:3fc999999999999a
clock.rows.17.cells.46.slope_f	f:3f71d1c793ec2e84
clock.rows.17.cells.46.slope_r	f:3f59653525c0b87a
clock.rows.17.cells.46.predicted	s:fuel
clock.rows.17.cells.46.measured	s:fuel
clock.rows.17.cells.46.margin	f:3fd02bb5367ac616
clock.rows.18	keys:20
clock.rows.18.coord	s:clip
clock.rows.18.tau_f	f:3f947ae147ae147b
clock.rows.18.tau_gov	f:3f947ae147ae147b
clock.rows.18.tau_q	f:3fa999999999999a
clock.rows.18.tau_s	f:3fa999999999999a
clock.rows.18.phi_lim	f:3fe8000000000000
clock.rows.18.phi_air	f:3fe8a3d70a3d70a4
clock.rows.18.max_Tt4	f:409348fa629cd593
clock.rows.18.riding4_valid	b:1
clock.rows.18.n_riding4	i:27
clock.rows.18.census	keys:1
clock.rows.18.census.gov	i:27
clock.rows.18.n_fuel	i:0
clock.rows.18.n_gov	i:27
clock.rows.18.n_scored	i:27
clock.rows.18.n_edge	i:0
clock.rows.18.n_agree	i:27
clock.rows.18.agreement	f:3ff0000000000000
clock.rows.18.worst_miss	n
clock.rows.18.min_margin	f:3fed7eeb600d3fa1
clock.rows.18.cells	len:27
clock.rows.18.cells.0	keys:10
clock.rows.18.cells.0.s	f:3fccccccccccccd1
clock.rows.18.cells.0.setpoint_gap	f:3f66b5b5b6940504
clock.rows.18.cells.0.lag_gap	f:3f2c6f68305fcb7a
clock.rows.18.cells.0.tau_f	f:3f947ae147ae147b
clock.rows.18.cells.0.tau_gov	f:3f947ae147ae147b
clock.rows.18.cells.0.slope_f	f:3f8e52039d066f30
clock.rows.18.cells.0.slope_r	f:3f9a44868168a313
clock.rows.18.cells.0.predicted	s:gov
clock.rows.18.cells.0.measured	s:gov
clock.rows.18.cells.0.margin	f:bfed7eeb600d3fa1
clock.rows.18.cells.1	keys:10
clock.rows.18.cells.1.s	f:3fcd70a3d70a3d75
clock.rows.18.cells.1.setpoint_gap	f:3f66cd1214770f64
clock.rows.18.cells.1.lag_gap	f:3f062ea23d9dc1f8
clock.rows.18.cells.1.tau_f	f:3f947ae147ae147b
clock.rows.18.cells.1.tau_gov	f:3f947ae147ae147b
clock.rows.18.cells.1.slope_f	f:3f981df4fe15f48a
clock.rows.18.cells.1.slope_r	f:3f9a4882d61a5c7b
clock.rows.18.cells.1.predicted	s:gov
clock.rows.18.cells.1.measured	s:gov
clock.rows.18.cells.1.margin	f:bfef83796dcdbb25
clock.rows.18.cells.2	keys:10
clock.rows.18.cells.2.s	f:3fce147ae147ae19
clock.rows.18.cells.2.setpoint_gap	f:3f66e212fb0f4088
clock.rows.18.cells.2.lag_gap	f:3f03fed30c9fe3f8
clock.rows.18.cells.2.tau_f	f:3f947ae147ae147b
clock.rows.18.cells.2.tau_gov	f:3f947ae147ae147b
clock.rows.18.cells.2.slope_f	f:3f985818e8d99b36
clock.rows.18.cells.2.slope_r	f:3f9a4bfb85153879
clock.rows.18.cells.2.predicted	s:gov
clock.rows.18.cells.2.measured	s:gov
clock.rows.18.cells.2.margin	f:bfef90271a291a3d
clock.rows.18.cells.3	keys:10
clock.rows.18.cells.3.s	f:3fceb851eb851ebd
clock.rows.18.cells.3.setpoint_gap	f:3f66f50fba904f2c
clock.rows.18.cells.3.lag_gap	f:3f022034775279f8
clock.rows.18.cells.3.tau_f	f:3f947ae147ae147b
clock.rows.18.cells.3.tau_gov	f:3f947ae147ae147b
clock.rows.18.cells.3.slope_f	f:3f9889de4c719c6a
clock.rows.18.cells.3.slope_r	f:3f9a4f036c18aa53
clock.rows.18.cells.3.predicted	s:gov
clock.rows.18.cells.3.measured	s:gov
clock.rows.18.cells.3.margin	f:bfef9af02fd326db
clock.rows.18.cells.4	keys:10
clock.rows.18.cells.4.s	f:3fcf5c28f5c28f61
clock.rows.18.cells.4.setpoint_gap	f:3f67065363fde57c
clock.rows.18.cells.4.lag_gap	f:3f0087560de47e08
clock.rows.18.cells.4.tau_f	f:3f947ae147ae147b
clock.rows.18.cells.4.tau_gov	f:3f947ae147ae147b
clock.rows.18.cells.4.slope_f	f:3f98b473890eac79
clock.rows.18.cells.4.slope_r	f:3f9a51aaf069fcc8
clock.rows.18.cells.4.predicted	s:gov
clock.rows.18.cells.4.measured	s:gov
clock.rows.18.cells.4.margin	f:bfefa41cf7617178
clock.rows.18.cells.5	keys:10
clock.rows.18.cells.5.s	f:3fd0000000000002
clock.rows.18.cells.5.setpoint_gap	f:3f67161e66ac1828
clock.rows.18.cells.5.lag_gap	f:3efe549a2e675810
clock.rows.18.cells.5.tau_f	f:3f947ae147ae147b
clock.rows.18.cells.5.tau_gov	f:3f947ae147ae147b
clock.rows.18.cells.5.slope_f	f:3f98d8debd5d7449
clock.rows.18.cells.5.slope_r	f:3f9a540044a18016
clock.rows.18.cells.5.predicted	s:gov
clock.rows.18.cells.5.measured	s:gov
clock.rows.18.cells.5.margin	f:bfefabeb02b5f5ef
clock.rows.18.cells.6	keys:10
clock.rows.18.cells.6.s	f:3fd051eb851eb854
clock.rows.18.cells.6.setpoint_gap	f:3f6724a7fe2c4cd4
clock.rows.18.cells.6.lag_gap	f:3efc010d780a4bf0
clock.rows.18.cells.6.tau_f	f:3f947ae147ae147b
clock.rows.18.cells.6.tau_gov	f:3f947ae147ae147b
clock.rows.18.cells.6.slope_f	f:3f98f80282331ed6
clock.rows.18.cells.6.slope_r	f:3f9a560faa8f9f8b
clock.rows.18.cells.6.predicted	s:gov
clock.rows.18.cells.6.measured	s:gov
clock.rows.18.cells.6.margin	f:bfefb28ec16a59b0
clock.rows.18.cells.7	keys:10
clock.rows.18.cells.7.s	f:3fd0a3d70a3d70a6
clock.rows.18.cells.7.setpoint_gap	f:3f67321f74242274
clock.rows.18.cells.7.lag_gap	f:3efa053bc3e32800
clock.rows.18.cells.7.tau_f	f:3f947ae147ae147b
clock.rows.18.cells.7.tau_gov	f:3f947ae147ae147b
clock.rows.18.cells.7.slope_f	f:3f9912a2450e29aa
clock.rows.18.cells.7.slope_r	f:3f9a57e3b01ec11d
clock.rows.18.cells.7.predicted	s:gov
clock.rows.18.cells.7.measured	s:gov
clock.rows.18.cells.7.margin	f:bfefb834d9ae900f
clock.rows.18.cells.8	keys:10
clock.rows.18.cells.8.s	f:3fd0f5c28f5c28f8
clock.rows.18.cells.8.setpoint_gap	f:3f673ead39f02ffc
clock.rows.18.cells.8.lag_gap	f:3ef85469eb369c00
clock.rows.18.cells.8.tau_f	f:3f947ae147ae147b
clock.rows.18.cells.8.tau_gov	f:3f947ae147ae147b
clock.rows.18.cells.8.slope_f	f:3f9929663ab3d5ba
clock.rows.18.cells.8.slope_r	f:3f9a598566b00057
clock.rows.18.cells.8.predicted	s:gov
clock.rows.18.cells.8.measured	s:gov
clock.rows.18.cells.8.margin	f:bfefbd034e70b3d7
clock.rows.18.cells.9	keys:10
clock.rows.18.cells.9.s	f:3fd147ae147ae14a
clock.rows.18.cells.9.setpoint_gap	f:3f674a73de0f5910
clock.rows.18.cells.9.lag_gap	f:3ef6e3a74dd5ac00
clock.rows.18.cells.9.tau_f	f:3f947ae147ae147b
clock.rows.18.cells.9.tau_gov	f:3f947ae147ae147b
clock.rows.18.cells.9.slope_f	f:3f993cdee989ca32
clock.rows.18.cells.9.slope_r	f:3f9a5afc94d6b917
clock.rows.18.cells.9.predicted	s:gov
clock.rows.18.cells.9.measured	s:gov
clock.rows.18.cells.9.margin	f:bfefc11a7a4c4747
clock.rows.18.cells.10	keys:10
clock.rows.18.cells.10.s	f:3fd199999999999c
clock.rows.18.cells.10.setpoint_gap	f:3f675590e13e05a8
clock.rows.18.cells.10.lag_gap	f:3ef5a990e5ebcc00
clock.rows.18.cells.10.tau_f	f:3f947ae147ae147b
clock.rows.18.cells.10.tau_gov	f:3f947ae147ae147b
clock.rows.18.cells.10.slope_f	f:3f994d884f5e97b6
clock.rows.18.cells.10.slope_r	f:3f9a5c4fe2989b2b
clock.rows.18.cells.10.predicted	s:gov
clock.rows.18.cells.10.measured	s:gov
clock.rows.18.cells.10.margin	f:bfefc495e59e798d
clock.rows.18.cells.11	keys:10
clock.rows.18.cells.11.s	f:3fd1eb851eb851ee
clock.rows.18.cells.11.setpoint_gap	f:3f67601d6ef544dc
clock.rows.18.cells.11.lag_gap	f:3ef49e1b7fa80800
clock.rows.18.cells.11.tau_f	f:3f947ae147ae147b
clock.rows.18.cells.11.tau_gov	f:3f947ae147ae147b
clock.rows.18.cells.11.slope_f	f:3f995bcca8c4a7c6
clock.rows.18.cells.11.slope_r	f:3f9a5d8500805c29
clock.rows.18.cells.11.predicted	s:gov
clock.rows.18.cells.11.measured	s:gov
clock.rows.18.cells.11.margin	f:bfefc78cfd28974f
clock.rows.18.cells.12	keys:10
clock.rows.18.cells.12.s	f:3fd23d70a3d70a40
clock.rows.18.cells.12.setpoint_gap	f:3f676a2efcbdadb0
clock.rows.18.cells.12.lag_gap	f:3ef3ba6483cfb800
clock.rows.18.cells.12.tau_f	f:3f947ae147ae147b
clock.rows.18.cells.12.tau_gov	f:3f947ae147ae147b
clock.rows.18.cells.12.slope_f	f:3f996806e177cc6a
clock.rows.18.cells.12.slope_r	f:3f9a5ea0c9e770e5
clock.rows.18.cells.12.predicted	s:gov
clock.rows.18.cells.12.measured	s:gov
clock.rows.18.cells.12.margin	f:bfefca13addbed9c
clock.rows.18.cells.13	keys:10
clock.rows.18.cells.13.s	f:3fd28f5c28f5c292
clock.rows.18.cells.13.setpoint_gap	f:3f6773d7d3791494
clock.rows.18.cells.13.lag_gap	f:3ef2f888b9565800
clock.rows.18.cells.13.tau_f	f:3f947ae147ae147b
clock.rows.18.cells.13.tau_gov	f:3f947ae147ae147b
clock.rows.18.cells.13.slope_f	f:3f997284b5d90866
clock.rows.18.cells.13.slope_r	f:3f9a5fa762e5bfb1
clock.rows.18.cells.13.predicted	s:gov
clock.rows.18.cells.13.measured	s:gov
clock.rows.18.cells.13.margin	f:bfefcc3ae9bcb514
clock.rows.18.cells.14	keys:10
clock.rows.18.cells.14.s	f:3fd2e147ae147ae4
clock.rows.18.cells.14.setpoint_gap	f:3f677d2785770408
clock.rows.18.cells.14.lag_gap	f:3ef2538061554c00
clock.rows.18.cells.14.tau_f	f:3f947ae147ae147b
clock.rows.18.cells.14.tau_gov	f:3f947ae147ae147b
clock.rows.18.cells.14.slope_f	f:3f997b888d97be3a
clock.rows.18.cells.14.slope_r	f:3f9a609c5258686f
clock.rows.18.cells.14.predicted	s:gov
clock.rows.18.cells.14.measured	s:gov
clock.rows.18.cells.14.margin	f:bfefce1119354487
clock.rows.18.cells.15	keys:10
clock.rows.18.cells.15.s	f:3fd3333333333336
clock.rows.18.cells.15.setpoint_gap	f:3f67862b53da69e0
clock.rows.18.cells.15.lag_gap	f:3ef1c70015e4ec00
clock.rows.18.cells.15.tau_f	f:3f947ae147ae147b
clock.rows.18.cells.15.tau_gov	f:3f947ae147ae147b
clock.rows.18.cells.15.slope_f	f:3f99834b175c2a6a
clock.rows.18.cells.15.slope_r	f:3f9a6182986dd7ef
clock.rows.18.cells.15.predicted	s:gov
clock.rows.18.cells.15.measured	s:gov
clock.rows.18.cells.15.margin	f:bfefcfa27bb5ac4c
clock.rows.18.cells.16	keys:10
clock.rows.18.cells.16.s	f:3fd3851eb851eb88
clock.rows.18.cells.16.setpoint_gap	f:3f678eee858ce8f4
clock.rows.18.cells.16.lag_gap	f:3ef14f5ddd754c00
clock.rows.18.cells.16.tau_f	f:3f947ae147ae147b
clock.rows.18.cells.16.tau_gov	f:3f947ae147ae147b
clock.rows.18.cells.16.slope_f	f:3f9989fcaccf1b4a
clock.rows.18.cells.16.slope_r	f:3f9a625cc21f557f
clock.rows.18.cells.16.predicted	s:gov
clock.rows.18.cells.16.measured	s:gov
clock.rows.18.cells.16.margin	f:bfefd0f97a10f585
clock.rows.18.cells.17	keys:10
clock.rows.18.cells.17.s	f:3fd3d70a3d70a3da
clock.rows.18.cells.17.setpoint_gap	f:3f67977ab1b7df2c
clock.rows.18.cells.17.lag_gap	f:3ef0e979ef747400
clock.rows.18.cells.17.tau_f	f:3f947ae147ae147b
clock.rows.18.cells.17.tau_gov	f:3f947ae147ae147b
clock.rows.18.cells.17.slope_f	f:3f998fc685c72342
clock.rows.18.cells.17.slope_r	f:3f9a632cf9f852eb
clock.rows.18.cells.17.predicted	s:gov
clock.rows.18.cells.17.measured	s:gov
clock.rows.18.cells.17.margin	f:bfefd21eecae20e8
clock.rows.18.cells.18	keys:10
clock.rows.18.cells.18.s	f:3fd428f5c28f5c2c
clock.rows.18.cells.18.setpoint_gap	f:3f679fd7ff7c5d68
clock.rows.18.cells.18.lag_gap	f:3ef092aab2f88400
clock.rows.18.cells.18.tau_f	f:3f947ae147ae147b
clock.rows.18.cells.18.tau_gov	f:3f947ae147ae147b
clock.rows.18.cells.18.slope_f	f:3f9994cbc0c5d736
clock.rows.18.cells.18.slope_r	f:3f9a63f51682f9a7
clock.rows.18.cells.18.predicted	s:gov
clock.rows.18.cells.18.measured	s:gov
clock.rows.18.cells.18.margin	f:bfefd31a5755b0b1
clock.rows.18.cells.19	keys:10
clock.rows.18.cells.19.s	f:3fd47ae147ae147e
clock.rows.18.cells.19.setpoint_gap	f:3f67a80d5c6ad7b0
clock.rows.18.cells.19.lag_gap	f:3ef048ab8c8cdc00
clock.rows.18.cells.19.tau_f	f:3f947ae147ae147b
clock.rows.18.cells.19.tau_gov	f:3f947ae147ae147b
clock.rows.18.cells.19.slope_f	f:3f99992a464bd556
clock.rows.18.cells.19.slope_r	f:3f9a64b6a6a8b613
clock.rows.18.cells.19.predicted	s:gov
clock.rows.18.cells.19.measured	s:gov
clock.rows.18.cells.19.margin	f:bfefd3f21c2182b5
clock.rows.18.cells.20	keys:10
clock.rows.18.cells.20.s	f:3fd4ccccccccccd0
clock.rows.18.cells.20.setpoint_gap	f:3f67b020ab08ea44
clock.rows.18.cells.20.lag_gap	f:3ef0098e1bc4e400
clock.rows.18.cells.20.tau_f	f:3f947ae147ae147b
clock.rows.18.cells.20.tau_gov	f:3f947ae147ae147b
clock.rows.18.cells.20.slope_f	f:3f999cfb8bf1a7be
clock.rows.18.cells.20.slope_r	f:3f9a6572fc4cc4df
clock.rows.18.cells.20.predicted	s:gov
clock.rows.18.cells.20.measured	s:gov
clock.rows.18.cells.20.margin	f:bfefd4aba6dcbd5a
clock.rows.18.cells.21	keys:10
clock.rows.18.cells.21.s	f:3fd51eb851eb8522
clock.rows.18.cells.21.setpoint_gap	f:3f67b816ea869c94
clock.rows.18.cells.21.lag_gap	f:3eefa75b28fac800
clock.rows.18.cells.21.tau_f	f:3f947ae147ae147b
clock.rows.18.cells.21.tau_gov	f:3f947ae147ae147b
clock.rows.18.cells.21.slope_f	f:3f99a0553b9e710e
clock.rows.18.cells.21.slope_r	f:3f9a662b355e906f
clock.rows.18.cells.21.predicted	s:gov
clock.rows.18.cells.21.measured	s:gov
clock.rows.18.cells.21.margin	f:bfefd54b91f08c35
clock.rows.18.cells.22	keys:10
clock.rows.18.cells.22.s	f:3fd570a3d70a3d74
clock.rows.18.cells.22.setpoint_gap	f:3f67bff4589d67a8
clock.rows.18.cells.22.lag_gap	f:3eef4b47d3b38800
clock.rows.18.cells.22.tau_f	f:3f947ae147ae147b
clock.rows.18.cells.22.tau_gov	f:3f947ae147ae147b
clock.rows.18.cells.22.slope_f	f:3f99a349c2aefcda
clock.rows.18.cells.22.slope_r	f:3f9a66e0439a1eeb
clock.rows.18.cells.22.predicted	s:gov
clock.rows.18.cells.22.measured	s:gov
clock.rows.18.cells.22.margin	f:bfefd5d5c5d125f8
clock.rows.18.cells.23	keys:10
clock.rows.18.cells.23.s	f:3fd5c28f5c28f5c6
clock.rows.18.cells.23.setpoint_gap	f:3f67c7bc8e707658
clock.rows.18.cells.23.lag_gap	f:3eeefc8114ca4800
clock.rows.18.cells.23.tau_f	f:3f947ae147ae147b
clock.rows.18.cells.23.tau_gov	f:3f947ae147ae147b
clock.rows.18.cells.23.slope_f	f:3f99a5e8cc6413fe
clock.rows.18.cells.23.slope_r	f:3f9a6792f326043f
clock.rows.18.cells.23.predicted	s:gov
clock.rows.18.cells.23.measured	s:gov
clock.rows.18.cells.23.margin	f:bfefd64d93baec12
clock.rows.18.cells.24	keys:10
clock.rows.18.cells.24.s	f:3fd6147ae147ae18
clock.rows.18.cells.24.setpoint_gap	f:3f67cf729927cccc
clock.rows.18.cells.24.lag_gap	f:3eeeb900ea184800
clock.rows.18.cells.24.tau_f	f:3f947ae147ae147b
clock.rows.18.cells.24.tau_gov	f:3f947ae147ae147b
clock.rows.18.cells.24.slope_f	f:3f99a83faa80f5e6
clock.rows.18.cells.24.slope_r	f:3f9a6843f0380da7
clock.rows.18.cells.24.predicted	s:gov
clock.rows.18.cells.24.measured	s:gov
clock.rows.18.cells.24.margin	f:bfefd6b5cc713932
clock.rows.18.cells.25	keys:10
clock.rows.18.cells.25.s	f:3fd666666666666a
clock.rows.18.cells.25.setpoint_gap	f:3f67d7190ee5827c
clock.rows.18.cells.25.lag_gap	f:3eee7f0eec3c3000
clock.rows.18.cells.25.tau_f	f:3f947ae147ae147b
clock.rows.18.cells.25.tau_gov	f:3f947ae147ae147b
clock.rows.18.cells.25.slope_f	f:3f99aa59ae9fd0ae
clock.rows.18.cells.25.slope_r	f:3f9a68f3cbe448d9
clock.rows.18.cells.25.predicted	s:gov
clock.rows.18.cells.25.measured	s:gov
clock.rows.18.cells.25.margin	f:bfefd710d3965c84
clock.rows.18.cells.26	keys:10
clock.rows.18.cells.26.s	f:3fd6b851eb851ebc
clock.rows.18.cells.26.setpoint_gap	f:3f67deb2209deae4
clock.rows.18.cells.26.lag_gap	f:3ef1ae0ba8633400
clock.rows.18.cells.26.tau_f	f:3f947ae147ae147b
clock.rows.18.cells.26.tau_gov	f:3f947ae147ae147b
clock.rows.18.cells.26.slope_f	f:3f998d4a987f9af6
clock.rows.18.cells.26.slope_r	f:3f9a6a4a2a3872ff
clock.rows.18.cells.26.predicted	s:gov
clock.rows.18.cells.26.measured	s:gov
clock.rows.18.cells.26.margin	f:bfefd098c3d276d3
clock.rows.19	keys:20
clock.rows.19.coord	s:clip
clock.rows.19.tau_f	f:3f947ae147ae147b
clock.rows.19.tau_gov	f:3fa999999999999a
clock.rows.19.tau_q	f:3fa999999999999a
clock.rows.19.tau_s	f:3fa999999999999a
clock.rows.19.phi_lim	f:3fe8000000000000
clock.rows.19.phi_air	f:3fe8a3d70a3d70a4
clock.rows.19.max_Tt4	f:4094050de9a9568f
clock.rows.19.riding4_valid	b:1
clock.rows.19.n_riding4	i:23
clock.rows.19.census	keys:1
clock.rows.19.census.gov	i:23
clock.rows.19.n_fuel	i:0
clock.rows.19.n_gov	i:23
clock.rows.19.n_scored	i:23
clock.rows.19.n_edge	i:0
clock.rows.19.n_agree	i:23
clock.rows.19.agreement	f:3ff0000000000000
clock.rows.19.worst_miss	n
clock.rows.19.min_margin	f:3fe8043aabfa2249
clock.rows.19.cells	len:23
clock.rows.19.cells.0	keys:10
clock.rows.19.cells.0.s	f:3fd0a3d70a3d70a6
clock.rows.19.cells.0.setpoint_gap	f:3f6d0ce7600c91e4
clock.rows.19.cells.0.lag_gap	f:3f4cfd8bde4ef1db
clock.rows.19.cells.0.tau_f	f:3f947ae147ae147b
clock.rows.19.cells.0.tau_gov	f:3fa999999999999a
clock.rows.19.cells.0.slope_f	f:3f932ed509b449af
clock.rows.19.cells.0.slope_r	f:3f99cacca206416e
clock.rows.19.cells.0.predicted	s:gov
clock.rows.19.cells.0.measured	s:gov
clock.rows.19.cells.0.margin	f:bfe8043aabfa2249
clock.rows.19.cells.1	keys:10
clock.rows.19.cells.1.s	f:3fd0f5c28f5c28f8
clock.rows.19.cells.1.setpoint_gap	f:3f6d38a491e031a8
clock.rows.19.cells.1.lag_gap	f:3f4b6ab8601527ab
clock.rows.19.cells.1.tau_f	f:3f947ae147ae147b
clock.rows.19.cells.1.tau_gov	f:3fa999999999999a
clock.rows.19.cells.1.slope_f	f:3f95ae0ef5cc02af
clock.rows.19.cells.1.slope_r	f:3f99ceb937f86d10
clock.rows.19.cells.1.predicted	s:gov
clock.rows.19.cells.1.measured	s:gov
clock.rows.19.cells.1.margin	f:bfe87e764a02c6fd
clock.rows.19.cells.2	keys:10
clock.rows.19.cells.2.s	f:3fd147ae147ae14a
clock.rows.19.cells.2.setpoint_gap	f:3f6d616fe0391548
clock.rows.19.cells.2.lag_gap	f:3f4b41126507dedb
clock.rows.19.cells.2.tau_f	f:3f947ae147ae147b
clock.rows.19.cells.2.tau_gov	f:3fa999999999999a
clock.rows.19.cells.2.slope_f	f:3f95f83e70e31f13
clock.rows.19.cells.2.slope_r	f:3f99d25e12b2f7b6
clock.rows.19.cells.2.predicted	s:gov
clock.rows.19.cells.2.measured	s:gov
clock.rows.19.cells.2.margin	f:bfe894396cb60b60
clock.rows.19.cells.3	keys:10
clock.rows.19.cells.3.s	f:3fd199999999999c
clock.rows.19.cells.3.setpoint_gap	f:3f6d878861617630
clock.rows.19.cells.3.lag_gap	f:3f4b1af68648c9fc
clock.rows.19.cells.3.tau_f	f:3f947ae147ae147b
clock.rows.19.cells.3.tau_gov	f:3fa999999999999a
clock.rows.19.cells.3.slope_f	f:3f963c41dccc3906
clock.rows.19.cells.3.slope_r	f:3f99d5c1390bfb72
clock.rows.19.cells.3.predicted	s:gov
clock.rows.19.cells.3.measured	s:gov
clock.rows.19.cells.3.margin	f:bfe8a81f56211cfd
clock.rows.19.cells.4	keys:10
clock.rows.19.cells.4.s	f:3fd1eb851eb851ee
clock.rows.19.cells.4.setpoint_gap	f:3f6dab28250afbe0
clock.rows.19.cells.4.lag_gap	f:3f4af81c8ecd73cc
clock.rows.19.cells.4.tau_f	f:3f947ae147ae147b
clock.rows.19.cells.4.tau_gov	f:3fa999999999999a
clock.rows.19.cells.4.slope_f	f:3f967a9817440886
clock.rows.19.cells.4.slope_r	f:3f99d8e848f53894
clock.rows.19.cells.4.predicted	s:gov
clock.rows.19.cells.4.measured	s:gov
clock.rows.19.cells.4.margin	f:bfe8ba56568a45b3
clock.rows.19.cells.5	keys:10
clock.rows.19.cells.5.s	f:3fd23d70a3d70a40
clock.rows.19.cells.5.setpoint_gap	f:3f6dcc848e50eaac
clock.rows.19.cells.5.lag_gap	f:3f4ad84169777b9c
clock.rows.19.cells.5.tau_f	f:3f947ae147ae147b
clock.rows.19.cells.5.tau_gov	f:3fa999999999999a
clock.rows.19.cells.5.slope_f	f:3f96b3b6fccfa156
clock.rows.19.cells.5.slope_r	f:3f99dbd87a3dba96
clock.rows.19.cells.5.predicted	s:gov
clock.rows.19.cells.5.measured	s:gov
clock.rows.19.cells.5.margin	f:bfe8cb07ebca8c82
clock.rows.19.cells.6	keys:10
clock.rows.19.cells.6.s	f:3fd28f5c28f5c292
clock.rows.19.cells.6.setpoint_gap	f:3f6debcea9f51260
clock.rows.19.cells.6.lag_gap	f:3f4abb26e4f3c0ec
clock.rows.19.cells.6.tau_f	f:3f947ae147ae147b
clock.rows.19.cells.6.tau_gov	f:3fa999999999999a
clock.rows.19.cells.6.slope_f	f:3f96e80bd02a5ac2
clock.rows.19.cells.6.slope_r	f:3f99de96a25c7ce0
clock.rows.19.cells.6.predicted	s:gov
clock.rows.19.cells.6.measured	s:gov
clock.rows.19.cells.6.margin	f:bfe8da594e9f4758
clock.rows.19.cells.7	keys:10
clock.rows.19.cells.7.s	f:3fd2e147ae147ae4
clock.rows.19.cells.7.setpoint_gap	f:3f6e093380696848
clock.rows.19.cells.7.lag_gap	f:3f4aa09372d1fc4c
clock.rows.19.cells.7.tau_f	f:3f947ae147ae147b
clock.rows.19.cells.7.tau_gov	f:3fa999999999999a
clock.rows.19.cells.7.slope_f	f:3f9717fbaae984a2
clock.rows.19.cells.7.slope_r	f:3f99e12738ed72bc
clock.rows.19.cells.7.predicted	s:gov
clock.rows.19.cells.7.measured	s:gov
clock.rows.19.cells.7.margin	f:bfe8e86bedd7c213
clock.rows.19.cells.8	keys:10
clock.rows.19.cells.8.s	f:3fd3333333333336
clock.rows.19.cells.8.setpoint_gap	f:3f6e24dc636606b4
clock.rows.19.cells.8.lag_gap	f:3f4a8851e41d96bc
clock.rows.19.cells.8.tau_f	f:3f947ae147ae147b
clock.rows.19.cells.8.tau_gov	f:3fa999999999999a
clock.rows.19.cells.8.slope_f	f:3f9743e3f31cf1e6
clock.rows.19.cells.8.slope_r	f:3f99e38e5c9e122a
clock.rows.19.cells.8.predicted	s:gov
clock.rows.19.cells.8.measured	s:gov
clock.rows.19.cells.8.margin	f:bfe8f55dd9fd50b8
clock.rows.19.cells.9	keys:10
clock.rows.19.cells.9.s	f:3fd3851eb851eb88
clock.rows.19.cells.9.setpoint_gap	f:3f6e3eef36ee9e10
clock.rows.19.cells.9.lag_gap	f:3f4a72312533cacc
clock.rows.19.cells.9.tau_f	f:3f947ae147ae147b
clock.rows.19.cells.9.tau_gov	f:3fa999999999999a
clock.rows.19.cells.9.slope_f	f:3f976c1ad2b64326
clock.rows.19.cells.9.slope_r	f:3f99e5cfd8561334
clock.rows.19.cells.9.predicted	s:gov
clock.rows.19.cells.9.measured	s:gov
clock.rows.19.cells.9.margin	f:bfe9014a23a8c418
clock.rows.19.cells.10	keys:10
clock.rows.19.cells.10.s	f:3fd3d70a3d70a3da
clock.rows.19.cells.10.setpoint_gap	f:3f6e578eb5c4bb30
clock.rows.19.cells.10.lag_gap	f:3f4a5e03fa242c5c
clock.rows.19.cells.10.tau_f	f:3f947ae147ae147b
clock.rows.19.cells.10.tau_gov	f:3fa999999999999a
clock.rows.19.cells.10.slope_f	f:3f9790efae4da7d2
clock.rows.19.cells.10.slope_r	f:3f99e7ef2875aba6
clock.rows.19.cells.10.predicted	s:gov
clock.rows.19.cells.10.measured	s:gov
clock.rows.19.cells.10.margin	f:bfe90c492e5f58f3
clock.rows.19.cells.11	keys:10
clock.rows.19.cells.11.s	f:3fd428f5c28f5c2c
clock.rows.19.cells.11.setpoint_gap	f:3f6e6edab15837f8
clock.rows.19.cells.11.lag_gap	f:3f4a4ba0bc9150dc
clock.rows.19.cells.11.tau_f	f:3f947ae147ae147b
clock.rows.19.cells.11.tau_gov	f:3fa999999999999a
clock.rows.19.cells.11.slope_f	f:3f97b2ab997bd8be
clock.rows.19.cells.11.slope_r	f:3f99e9ef800c5c6e
clock.rows.19.cells.11.predicted	s:gov
clock.rows.19.cells.11.measured	s:gov
clock.rows.19.cells.11.margin	f:bfe91670f987add0
clock.rows.19.cells.12	keys:10
clock.rows.19.cells.12.s	f:3fd47ae147ae147e
clock.rows.19.cells.12.setpoint_gap	f:3f6e84f04d556990
clock.rows.19.cells.12.lag_gap	f:3f4a3ae11bc0a38c
clock.rows.19.cells.12.tau_f	f:3f947ae147ae147b
clock.rows.19.cells.12.tau_gov	f:3fa999999999999a
clock.rows.19.cells.12.slope_f	f:3f97d191c78311fa
clock.rows.19.cells.12.slope_r	f:3f99ebd3cdf33a34
clock.rows.19.cells.12.predicted	s:gov
clock.rows.19.cells.12.measured	s:gov
clock.rows.19.cells.12.margin	f:bfe91fd560caa86c
clock.rows.19.cells.13	keys:10
clock.rows.19.cells.13.s	f:3fd4ccccccccccd0
clock.rows.19.cells.13.setpoint_gap	f:3f6e99ea36faca8c
clock.rows.19.cells.13.lag_gap	f:3f4a2ba1df52eecc
clock.rows.19.cells.13.tau_f	f:3f947ae147ae147b
clock.rows.19.cells.13.tau_gov	f:3fa999999999999a
clock.rows.19.cells.13.slope_f	f:3f97eddff7637bb6
clock.rows.19.cells.13.slope_r	f:3f99ed9ec1bba054
clock.rows.19.cells.13.predicted	s:gov
clock.rows.19.cells.13.measured	s:gov
clock.rows.19.cells.13.margin	f:bfe92888550134d2
clock.rows.19.cells.14	keys:10
clock.rows.19.cells.14.s	f:3fd51eb851eb8522
clock.rows.19.cells.14.setpoint_gap	f:3f6eade0d866b42c
clock.rows.19.cells.14.lag_gap	f:3f4a1dc2acf4ea3c
clock.rows.19.cells.14.tau_f	f:3f947ae147ae147b
clock.rows.19.cells.14.tau_gov	f:3fa999999999999a
clock.rows.19.cells.14.slope_f	f:3f9807cedac51d26
clock.rows.19.cells.14.slope_r	f:3f99ef52d067eada
clock.rows.19.cells.14.predicted	s:gov
clock.rows.19.cells.14.measured	s:gov
clock.rows.19.cells.14.margin	f:bfe9309a0ea551d1
clock.rows.19.cells.15	keys:10
clock.rows.19.cells.15.s	f:3fd570a3d70a3d74
clock.rows.19.cells.15.setpoint_gap	f:3f6ec0ea88120e34
clock.rows.19.cells.15.lag_gap	f:3f4a1125d135918c
clock.rows.19.cells.15.tau_f	f:3f947ae147ae147b
clock.rows.19.cells.15.tau_gov	f:3fa999999999999a
clock.rows.19.cells.15.slope_f	f:3f981f92775f84a2
clock.rows.19.cells.15.slope_r	f:3f99f0f238e7b004
clock.rows.19.cells.15.predicted	s:gov
clock.rows.19.cells.15.measured	s:gov
clock.rows.19.cells.15.margin	f:bfe938193a998697
clock.rows.19.cells.16	keys:10
clock.rows.19.cells.16.s	f:3fd5c28f5c28f5c6
clock.rows.19.cells.16.setpoint_gap	f:3f6ed31bb4af0990
clock.rows.19.cells.16.lag_gap	f:3f4a05b00b975ddc
clock.rows.19.cells.16.tau_f	f:3f947ae147ae147b
clock.rows.19.cells.16.tau_gov	f:3fa999999999999a
clock.rows.19.cells.16.slope_f	f:3f98355a82b465a6
clock.rows.19.cells.16.slope_r	f:3f99f27f0853901e
clock.rows.19.cells.16.predicted	s:gov
clock.rows.19.cells.16.measured	s:gov
clock.rows.19.cells.16.margin	f:bfe93f1321fbd201
clock.rows.19.cells.17	keys:10
clock.rows.19.cells.17.s	f:3fd6147ae147ae18
clock.rows.19.cells.17.setpoint_gap	f:3f6ee4870da3e8a4
clock.rows.19.cells.17.lag_gap	f:3f49fb485ddeb4ac
clock.rows.19.cells.17.tau_f	f:3f947ae147ae147b
clock.rows.19.cells.17.tau_gov	f:3fa999999999999a
clock.rows.19.cells.17.slope_f	f:3f984952b8154736
clock.rows.19.cells.17.slope_r	f:3f99f3fb1de6e700
clock.rows.19.cells.17.predicted	s:gov
clock.rows.19.cells.17.measured	s:gov
clock.rows.19.cells.17.margin	f:bfe94593cd9fe4df
clock.rows.19.cells.18	keys:10
clock.rows.19.cells.18.s	f:3fd666666666666a
clock.rows.19.cells.18.setpoint_gap	f:3f6ef53da8596844
clock.rows.19.cells.18.lag_gap	f:3f49f1d7de9209ec
clock.rows.19.cells.18.tau_f	f:3f947ae147ae147b
clock.rows.19.cells.18.tau_gov	f:3fa999999999999a
clock.rows.19.cells.18.slope_f	f:3f985ba329060e1e
clock.rows.19.cells.18.slope_r	f:3f99f5682eb74bd8
clock.rows.19.cells.18.predicted	s:gov
clock.rows.19.cells.18.measured	s:gov
clock.rows.19.cells.18.margin	f:bfe94ba625b707f7
clock.rows.19.cells.19	keys:10
clock.rows.19.cells.19.s	f:3fd6b851eb851ebc
clock.rows.19.cells.19.setpoint_gap	f:3f6f054f22935e38
clock.rows.19.cells.19.lag_gap	f:3f49e9498e94f78c
clock.rows.19.cells.19.tau_f	f:3f947ae147ae147b
clock.rows.19.cells.19.tau_gov	f:3fa999999999999a
clock.rows.19.cells.19.slope_f	f:3f986c70882297ea
clock.rows.19.cells.19.slope_r	f:3f99f6c7c92af114
clock.rows.19.cells.19.predicted	s:gov
clock.rows.19.cells.19.measured	s:gov
clock.rows.19.cells.19.margin	f:bfe951540e1a39c5
clock.rows.19.cells.20	keys:10
clock.rows.19.cells.20.s	f:3fd70a3d70a3d70e
clock.rows.19.cells.20.setpoint_gap	f:3f6f14c9c20827b8
clock.rows.19.cells.20.lag_gap	f:3f49e18a31c168fc
clock.rows.19.cells.20.tau_f	f:3f947ae147ae147b
clock.rows.19.cells.20.tau_gov	f:3fa999999999999a
clock.rows.19.cells.20.slope_f	f:3f987bdc6eb93b9e
clock.rows.19.cells.20.slope_r	f:3f99f81b582fc642
clock.rows.19.cells.20.predicted	s:gov
clock.rows.19.cells.20.measured	s:gov
clock.rows.19.cells.20.margin	f:bfe956a67f9b4ed4
clock.rows.19.cells.21	keys:10
clock.rows.19.cells.21.s	f:3fd75c28f5c28f60
clock.rows.19.cells.21.setpoint_gap	f:3f6f23ba9169a6c0
clock.rows.19.cells.21.lag_gap	f:3f49da882a5cb1bc
clock.rows.19.cells.21.tau_f	f:3f947ae147ae147b
clock.rows.19.cells.21.tau_gov	f:3fa999999999999a
clock.rows.19.cells.21.slope_f	f:3f988a059d55d296
clock.rows.19.cells.21.slope_r	f:3f99f9642635dcea
clock.rows.19.cells.21.predicted	s:gov
clock.rows.19.cells.21.measured	s:gov
clock.rows.19.cells.21.margin	f:bfe95ba59eb4e1ba
clock.rows.19.cells.22	keys:10
clock.rows.19.cells.22.s	f:3fd7ae147ae147b2
clock.rows.19.cells.22.setpoint_gap	f:3f6f322d7b0fd6a0
clock.rows.19.cells.22.lag_gap	f:3f49e34007a7cffc
clock.rows.19.cells.22.tau_f	f:3f947ae147ae147b
clock.rows.19.cells.22.tau_gov	f:3fa999999999999a
clock.rows.19.cells.22.slope_f	f:3f9880a6301df6c6
clock.rows.19.cells.22.slope_r	f:3f99fb174b3b44b2
clock.rows.19.cells.22.predicted	s:gov
clock.rows.19.cells.22.measured	s:gov
clock.rows.19.cells.22.margin	f:bfe95c7cd1102769
clock.rows.20	keys:20
clock.rows.20.coord	s:clip
clock.rows.20.tau_f	f:3f947ae147ae147b
clock.rows.20.tau_gov	f:3fc999999999999a
clock.rows.20.tau_q	f:3fa999999999999a
clock.rows.20.tau_s	f:3fa999999999999a
clock.rows.20.phi_lim	f:3fe8000000000000
clock.rows.20.phi_air	f:3fe8a3d70a3d70a4
clock.rows.20.max_Tt4	f:409691738dd6d6ee
clock.rows.20.riding4_valid	b:1
clock.rows.20.n_riding4	i:9
clock.rows.20.census	keys:1
clock.rows.20.census.gov	i:9
clock.rows.20.n_fuel	i:0
clock.rows.20.n_gov	i:9
clock.rows.20.n_scored	i:9
clock.rows.20.n_edge	i:0
clock.rows.20.n_agree	i:9
clock.rows.20.agreement	f:3ff0000000000000
clock.rows.20.worst_miss	n
clock.rows.20.min_margin	f:3fd1e0a56a277ef4
clock.rows.20.cells	len:9
clock.rows.20.cells.0	keys:10
clock.rows.20.cells.0.s	f:3fd851eb851eb856
clock.rows.20.cells.0.setpoint_gap	f:3f79fcb0fd0bf6e8
clock.rows.20.cells.0.lag_gap	f:3f72ba5a63cc4464
clock.rows.20.cells.0.tau_f	f:3f947ae147ae147b
clock.rows.20.cells.0.tau_gov	f:3fc999999999999a
clock.rows.20.cells.0.slope_f	f:3f825eedd6b581e3
clock.rows.20.cells.0.slope_r	f:3f9854167aaecf2e
clock.rows.20.cells.0.predicted	s:gov
clock.rows.20.cells.0.measured	s:gov
clock.rows.20.cells.0.margin	f:bfd1e0a56a277ef4
clock.rows.20.cells.1	keys:10
clock.rows.20.cells.1.s	f:3fd8a3d70a3d70a8
clock.rows.20.cells.1.setpoint_gap	f:3f7a30b6c3c4778c
clock.rows.20.cells.1.lag_gap	f:3f725245065e7934
clock.rows.20.cells.1.tau_f	f:3f947ae147ae147b
clock.rows.20.cells.1.tau_gov	f:3fc999999999999a
clock.rows.20.cells.1.slope_f	f:3f8c8a9508dde9c9
clock.rows.20.cells.1.slope_r	f:3f98542a88679664
clock.rows.20.cells.1.predicted	s:gov
clock.rows.20.cells.1.measured	s:gov
clock.rows.20.cells.1.margin	f:bfd33a9ac48bfeaf
clock.rows.20.cells.2	keys:10
clock.rows.20.cells.2.s	f:3fd8f5c28f5c28fa
clock.rows.20.cells.2.setpoint_gap	f:3f7a63afb5868cba
clock.rows.20.cells.2.lag_gap	f:3f724e3450c25e5c
clock.rows.20.cells.2.tau_f	f:3f947ae147ae147b
clock.rows.20.cells.2.tau_gov	f:3fc999999999999a
clock.rows.20.cells.2.slope_f	f:3f8cf28636135be1
clock.rows.20.cells.2.slope_r	f:3f9854481ada5424
clock.rows.20.cells.2.predicted	s:gov
clock.rows.20.cells.2.measured	s:gov
clock.rows.20.cells.2.margin	f:bfd39af0f7fbbfa6
clock.rows.20.cells.3	keys:10
clock.rows.20.cells.3.s	f:3fd947ae147ae14c
clock.rows.20.cells.3.setpoint_gap	f:3f7a95a27c147e32
clock.rows.20.cells.3.lag_gap	f:3f724a44b9e74914
clock.rows.20.cells.3.tau_f	f:3f947ae147ae147b
clock.rows.20.cells.3.tau_gov	f:3fc999999999999a
clock.rows.20.cells.3.slope_f	f:3f8d57f7cf55af49
clock.rows.20.cells.3.slope_r	f:3f98546f1925641c
clock.rows.20.cells.3.predicted	s:gov
clock.rows.20.cells.3.measured	s:gov
clock.rows.20.cells.3.margin	f:bfd3f7d3e9562d6d
clock.rows.20.cells.4	keys:10
clock.rows.20.cells.4.s	f:3fd999999999999e
clock.rows.20.cells.4.setpoint_gap	f:3f7ac69598c8e444
clock.rows.20.cells.4.lag_gap	f:3f7246759099d19c
clock.rows.20.cells.4.tau_f	f:3f947ae147ae147b
clock.rows.20.cells.4.tau_gov	f:3fc999999999999a
clock.rows.20.cells.4.slope_f	f:3f8dbaf9421c62b1
clock.rows.20.cells.4.slope_r	f:3f98549f6b41b158
clock.rows.20.cells.4.predicted	s:gov
clock.rows.20.cells.4.measured	s:gov
clock.rows.20.cells.4.margin	f:bfd4516dd4784ed0
clock.rows.20.cells.5	keys:10
clock.rows.20.cells.5.s	f:3fd9eb851eb851f0
clock.rows.20.cells.5.setpoint_gap	f:3f7af68f6572b684
clock.rows.20.cells.5.lag_gap	f:3f7242c6279b20dc
clock.rows.20.cells.5.tau_f	f:3f947ae147ae147b
clock.rows.20.cells.5.tau_gov	f:3fc999999999999a
clock.rows.20.cells.5.slope_f	f:3f8e1b99a8004e10
clock.rows.20.cells.5.slope_r	f:3f9854d8f9e85360
clock.rows.20.cells.5.predicted	s:gov
clock.rows.20.cells.5.measured	s:gov
clock.rows.20.cells.5.margin	f:bfd4a7e6636de16e
clock.rows.20.cells.6	keys:10
clock.rows.20.cells.6.s	f:3fda3d70a3d70a42
clock.rows.20.cells.6.setpoint_gap	f:3f7b2596152e56ae
clock.rows.20.cells.6.lag_gap	f:3f723f35d58344fc
clock.rows.20.cells.6.tau_f	f:3f947ae147ae147b
clock.rows.20.cells.6.tau_gov	f:3fc999999999999a
clock.rows.20.cells.6.slope_f	f:3f8e79e7c7c41068
clock.rows.20.cells.6.slope_r	f:3f98551bae7ab0a6
clock.rows.20.cells.6.predicted	s:gov
clock.rows.20.cells.6.measured	s:gov
clock.rows.20.cells.6.margin	f:bfd4fb62dfb4eb3f
clock.rows.20.cells.7	keys:10
clock.rows.20.cells.7.s	f:3fda8f5c28f5c294
clock.rows.20.cells.7.setpoint_gap	f:3f7b53afb53b6118
clock.rows.20.cells.7.lag_gap	f:3f723bc3f4a4935c
clock.rows.20.cells.7.tau_f	f:3f947ae147ae147b
clock.rows.20.cells.7.tau_gov	f:3fc999999999999a
clock.rows.20.cells.7.slope_f	f:3f8ed5f216722c48
clock.rows.20.cells.7.slope_r	f:3f98556772ed0736
clock.rows.20.cells.7.predicted	s:gov
clock.rows.20.cells.7.measured	s:gov
clock.rows.20.cells.7.margin	f:bfd54c065f24188d
clock.rows.20.cells.8	keys:10
clock.rows.20.cells.8.s	f:3fdae147ae147ae6
clock.rows.20.cells.8.setpoint_gap	f:3f7b80e22dcf22e2
clock.rows.20.cells.8.lag_gap	f:3f723b7ee237d6fc
clock.rows.20.cells.8.tau_f	f:3f947ae147ae147b
clock.rows.20.cells.8.tau_gov	f:3fc999999999999a
clock.rows.20.cells.8.slope_f	f:3f8ef011260df720
clock.rows.20.cells.8.slope_r	f:3f98565f76467f7c
clock.rows.20.cells.8.predicted	s:gov
clock.rows.20.cells.8.measured	s:gov
clock.rows.20.cells.8.margin	f:bfd592d3e7f1e6d9
clock.rows.21	keys:20
clock.rows.21.coord	s:clip
clock.rows.21.tau_f	f:3fa999999999999a
clock.rows.21.tau_gov	f:3f947ae147ae147b
clock.rows.21.tau_q	f:3fa999999999999a
clock.rows.21.tau_s	f:3fa999999999999a
clock.rows.21.phi_lim	f:3fe8000000000000
clock.rows.21.phi_air	f:3fe8a3d70a3d70a4
clock.rows.21.max_Tt4	f:409348fa629cd593
clock.rows.21.riding4_valid	b:1
clock.rows.21.n_riding4	i:27
clock.rows.21.census	keys:1
clock.rows.21.census.gov	i:27
clock.rows.21.n_fuel	i:0
clock.rows.21.n_gov	i:27
clock.rows.21.n_scored	i:27
clock.rows.21.n_edge	i:0
clock.rows.21.n_agree	i:27
clock.rows.21.agreement	f:3ff0000000000000
clock.rows.21.worst_miss	n
clock.rows.21.min_margin	f:3ff14fb2f65cd213
clock.rows.21.cells	len:27
clock.rows.21.cells.0	keys:10
clock.rows.21.cells.0.s	f:3fccccccccccccd1
clock.rows.21.cells.0.setpoint_gap	f:3f66b5b5b6940504
clock.rows.21.cells.0.lag_gap	f:bf2dc7a8fd1d32f8
clock.rows.21.cells.0.tau_f	f:3fa999999999999a
clock.rows.21.cells.0.tau_gov	f:3f947ae147ae147b
clock.rows.21.cells.0.slope_f	f:3f8e52039d066f30
clock.rows.21.cells.0.slope_r	f:3f9a44868168a313
clock.rows.21.cells.0.predicted	s:gov
clock.rows.21.cells.0.measured	s:gov
clock.rows.21.cells.0.margin	f:bff14fb2f65cd213
clock.rows.21.cells.1	keys:10
clock.rows.21.cells.1.s	f:3fcd70a3d70a3d75
clock.rows.21.cells.1.setpoint_gap	f:3f66cd1214770f64
clock.rows.21.cells.1.lag_gap	f:bf45c41588642d5c
clock.rows.21.cells.1.tau_f	f:3fa999999999999a
clock.rows.21.cells.1.tau_gov	f:3f947ae147ae147b
clock.rows.21.cells.1.slope_f	f:3f981df4fe15f48a
clock.rows.21.cells.1.slope_r	f:3f9a4882d61a5c7b
clock.rows.21.cells.1.predicted	s:gov
clock.rows.21.cells.1.measured	s:gov
clock.rows.21.cells.1.margin	f:bff3d1836734c942
clock.rows.21.cells.2	keys:10
clock.rows.21.cells.2.s	f:3fce147ae147ae19
clock.rows.21.cells.2.setpoint_gap	f:3f66e212fb0f4088
clock.rows.21.cells.2.lag_gap	f:bf461ee30ae8305c
clock.rows.21.cells.2.tau_f	f:3fa999999999999a
clock.rows.21.cells.2.tau_gov	f:3f947ae147ae147b
clock.rows.21.cells.2.slope_f	f:3f985818e8d99b36
clock.rows.21.cells.2.slope_r	f:3f9a4bfb85153879
clock.rows.21.cells.2.predicted	s:gov
clock.rows.21.cells.2.measured	s:gov
clock.rows.21.cells.2.margin	f:bff3dde187dda7cf
clock.rows.21.cells.3	keys:10
clock.rows.21.cells.3.s	f:3fceb851eb851ebd
clock.rows.21.cells.3.setpoint_gap	f:3f66f50fba904f2c
clock.rows.21.cells.3.lag_gap	f:bf466c94b00226dc
clock.rows.21.cells.3.tau_f	f:3fa999999999999a
clock.rows.21.cells.3.tau_gov	f:3f947ae147ae147b
clock.rows.21.cells.3.slope_f	f:3f9889de4c719c6a
clock.rows.21.cells.3.slope_r	f:3f9a4f036c18aa53
clock.rows.21.cells.3.predicted	s:gov
clock.rows.21.cells.3.measured	s:gov
clock.rows.21.cells.3.margin	f:bff3e83855e4283c
clock.rows.21.cells.4	keys:10
clock.rows.21.cells.4.s	f:3fcf5c28f5c28f61
clock.rows.21.cells.4.setpoint_gap	f:3f67065363fde57c
clock.rows.21.cells.4.lag_gap	f:bf46af03c68bf74d
clock.rows.21.cells.4.tau_f	f:3fa999999999999a
clock.rows.21.cells.4.tau_gov	f:3f947ae147ae147b
clock.rows.21.cells.4.slope_f	f:3f98b473890eac79
clock.rows.21.cells.4.slope_r	f:3f9a51aaf069fcc8
clock.rows.21.cells.4.predicted	s:gov
clock.rows.21.cells.4.measured	s:gov
clock.rows.21.cells.4.margin	f:bff3f0d4ef32190c
clock.rows.21.cells.5	keys:10
clock.rows.21.cells.5.s	f:3fd0000000000002
clock.rows.21.cells.5.setpoint_gap	f:3f67161e66ac1828
clock.rows.21.cells.5.lag_gap	f:bf46e7ca9ca90bed
clock.rows.21.cells.5.tau_f	f:3fa999999999999a
clock.rows.21.cells.5.tau_gov	f:3f947ae147ae147b
clock.rows.21.cells.5.slope_f	f:3f98d8debd5d7449
clock.rows.21.cells.5.slope_r	f:3f9a540044a18016
clock.rows.21.cells.5.predicted	s:gov
clock.rows.21.cells.5.measured	s:gov
clock.rows.21.cells.5.margin	f:bff3f7f925af2697
clock.rows.21.cells.6	keys:10
clock.rows.21.cells.6.s	f:3fd051eb851eb854
clock.rows.21.cells.6.setpoint_gap	f:3f6724a7fe2c4cd4
clock.rows.21.cells.6.lag_gap	f:bf47184be847cb3c
clock.rows.21.cells.6.tau_f	f:3fa999999999999a
clock.rows.21.cells.6.tau_gov	f:3f947ae147ae147b
clock.rows.21.cells.6.slope_f	f:3f98f80282331ed6
clock.rows.21.cells.6.slope_r	f:3f9a560faa8f9f8b
clock.rows.21.cells.6.predicted	s:gov
clock.rows.21.cells.6.measured	s:gov
clock.rows.21.cells.6.margin	f:bff3fddd20fc372f
clock.rows.21.cells.7	keys:10
clock.rows.21.cells.7.s	f:3fd0a3d70a3d70a6
clock.rows.21.cells.7.setpoint_gap	f:3f67321f74242274
clock.rows.21.cells.7.lag_gap	f:bf4741b9975f233c
clock.rows.21.cells.7.tau_f	f:3fa999999999999a
clock.rows.21.cells.7.tau_gov	f:3f947ae147ae147b
clock.rows.21.cells.7.slope_f	f:3f9912a2450e29aa
clock.rows.21.cells.7.slope_r	f:3f9a57e3b01ec11d
clock.rows.21.cells.7.predicted	s:gov
clock.rows.21.cells.7.measured	s:gov
clock.rows.21.cells.7.margin	f:bff402b0c4f2f76e
clock.rows.21.cells.8	keys:10
clock.rows.21.cells.8.s	f:3fd0f5c28f5c28f8
clock.rows.21.cells.8.setpoint_gap	f:3f673ead39f02ffc
clock.rows.21.cells.8.lag_gap	f:bf47651afd7be51c
clock.rows.21.cells.8.tau_f	f:3fa999999999999a
clock.rows.21.cells.8.tau_gov	f:3f947ae147ae147b
clock.rows.21.cells.8.slope_f	f:3f9929663ab3d5ba
clock.rows.21.cells.8.slope_r	f:3f9a598566b00057
clock.rows.21.cells.8.predicted	s:gov
clock.rows.21.cells.8.measured	s:gov
clock.rows.21.cells.8.margin	f:bff4069ce51837c0
clock.rows.21.cells.9	keys:10
clock.rows.21.cells.9.s	f:3fd147ae147ae14a
clock.rows.21.cells.9.setpoint_gap	f:3f674a73de0f5910
clock.rows.21.cells.9.lag_gap	f:bf4783525e1599dc
clock.rows.21.cells.9.tau_f	f:3fa999999999999a
clock.rows.21.cells.9.tau_gov	f:3f947ae147ae147b
clock.rows.21.cells.9.slope_f	f:3f993cdee989ca32
clock.rows.21.cells.9.slope_r	f:3f9a5afc94d6b917
clock.rows.21.cells.9.predicted	s:gov
clock.rows.21.cells.9.measured	s:gov
clock.rows.21.cells.9.margin	f:bff409c44c1b393d
clock.rows.21.cells.10	keys:10
clock.rows.21.cells.10.s	f:3fd199999999999c
clock.rows.21.cells.10.setpoint_gap	f:3f675590e13e05a8
clock.rows.21.cells.10.lag_gap	f:bf479d21d97d5c3c
clock.rows.21.cells.10.tau_f	f:3fa999999999999a
clock.rows.21.cells.10.tau_gov	f:3f947ae147ae147b
clock.rows.21.cells.10.slope_f	f:3f994d884f5e97b6
clock.rows.21.cells.10.slope_r	f:3f9a5c4fe2989b2b
clock.rows.21.cells.10.predicted	s:gov
clock.rows.21.cells.10.measured	s:gov
clock.rows.21.cells.10.margin	f:bff40c449d88d3d0
clock.rows.21.cells.11	keys:10
clock.rows.21.cells.11.s	f:3fd1eb851eb851ee
clock.rows.21.cells.11.setpoint_gap	f:3f67601d6ef544dc
clock.rows.21.cells.11.lag_gap	f:bf47b32fc60737dc
clock.rows.21.cells.11.tau_f	f:3fa999999999999a
clock.rows.21.cells.11.tau_gov	f:3f947ae147ae147b
clock.rows.21.cells.11.slope_f	f:3f995bcca8c4a7c6
clock.rows.21.cells.11.slope_r	f:3f9a5d8500805c29
clock.rows.21.cells.11.predicted	s:gov
clock.rows.21.cells.11.measured	s:gov
clock.rows.21.cells.11.margin	f:bff40e371702c6c5
clock.rows.21.cells.12	keys:10
clock.rows.21.cells.12.s	f:3fd23d70a3d70a40
clock.rows.21.cells.12.setpoint_gap	f:3f676a2efcbdadb0
clock.rows.21.cells.12.lag_gap	f:bf47c60a812150bc
clock.rows.21.cells.12.tau_f	f:3fa999999999999a
clock.rows.21.cells.12.tau_gov	f:3f947ae147ae147b
clock.rows.21.cells.12.slope_f	f:3f996806e177cc6a
clock.rows.21.cells.12.slope_r	f:3f9a5ea0c9e770e5
clock.rows.21.cells.12.predicted	s:gov
clock.rows.21.cells.12.measured	s:gov
clock.rows.21.cells.12.margin	f:bff40fb1359129b9
clock.rows.21.cells.13	keys:10
clock.rows.21.cells.13.s	f:3fd28f5c28f5c292
clock.rows.21.cells.13.setpoint_gap	f:3f6773d7d3791494
clock.rows.21.cells.13.lag_gap	f:bf47d62bc4f12c5c
clock.rows.21.cells.13.tau_f	f:3fa999999999999a
clock.rows.21.cells.13.tau_gov	f:3f947ae147ae147b
clock.rows.21.cells.13.slope_f	f:3f997284b5d90866
clock.rows.21.cells.13.slope_r	f:3f9a5fa762e5bfb1
clock.rows.21.cells.13.predicted	s:gov
clock.rows.21.cells.13.measured	s:gov
clock.rows.21.cells.13.margin	f:bff410c54302cbe3
clock.rows.21.cells.14	keys:10
clock.rows.21.cells.14.s	f:3fd2e147ae147ae4
clock.rows.21.cells.14.setpoint_gap	f:3f677d2785770408
clock.rows.21.cells.14.lag_gap	f:bf47e3fb8f209b9c
clock.rows.21.cells.14.tau_f	f:3fa999999999999a
clock.rows.21.cells.14.tau_gov	f:3f947ae147ae147b
clock.rows.21.cells.14.slope_f	f:3f997b888d97be3a
clock.rows.21.cells.14.slope_r	f:3f9a609c5258686f
clock.rows.21.cells.14.predicted	s:gov
clock.rows.21.cells.14.measured	s:gov
clock.rows.21.cells.14.margin	f:bff41182cec4421d
clock.rows.21.cells.15	keys:10
clock.rows.21.cells.15.s	f:3fd3333333333336
clock.rows.21.cells.15.setpoint_gap	f:3f67862b53da69e0
clock.rows.21.cells.15.lag_gap	f:bf47efd2a519f71c
clock.rows.21.cells.15.tau_f	f:3fa999999999999a
clock.rows.21.cells.15.tau_gov	f:3f947ae147ae147b
clock.rows.21.cells.15.slope_f	f:3f99834b175c2a6a
clock.rows.21.cells.15.slope_r	f:3f9a6182986dd7ef
clock.rows.21.cells.15.predicted	s:gov
clock.rows.21.cells.15.measured	s:gov
clock.rows.21.cells.15.margin	f:bff411f7151c7303
clock.rows.21.cells.16	keys:10
clock.rows.21.cells.16.s	f:3fd3851eb851eb88
clock.rows.21.cells.16.setpoint_gap	f:3f678eee858ce8f4
clock.rows.21.cells.16.lag_gap	f:bf47f9fcc137511c
clock.rows.21.cells.16.tau_f	f:3fa999999999999a
clock.rows.21.cells.16.tau_gov	f:3f947ae147ae147b
clock.rows.21.cells.16.slope_f	f:3f9989fcaccf1b4a
clock.rows.21.cells.16.slope_r	f:3f9a625cc21f557f
clock.rows.21.cells.16.predicted	s:gov
clock.rows.21.cells.16.measured	s:gov
clock.rows.21.cells.16.margin	f:bff4122d57546fc2
clock.rows.21.cells.17	keys:10
clock.rows.21.cells.17.s	f:3fd3d70a3d70a3da
clock.rows.21.cells.17.setpoint_gap	f:3f67977ab1b7df2c
clock.rows.21.cells.17.lag_gap	f:bf4802ba7380f91c
clock.rows.21.cells.17.tau_f	f:3fa999999999999a
clock.rows.21.cells.17.tau_gov	f:3f947ae147ae147b
clock.rows.21.cells.17.slope_f	f:3f998fc685c72342
clock.rows.21.cells.17.slope_r	f:3f9a632cf9f852eb
clock.rows.21.cells.17.predicted	s:gov
clock.rows.21.cells.17.measured	s:gov
clock.rows.21.cells.17.margin	f:bff4122f26f59f25
clock.rows.21.cells.18	keys:10
clock.rows.21.cells.18.s	f:3fd428f5c28f5c2c
clock.rows.21.cells.18.setpoint_gap	f:3f679fd7ff7c5d68
clock.rows.21.cells.18.lag_gap	f:bf480a42bfa10a7c
clock.rows.21.cells.18.tau_f	f:3fa999999999999a
clock.rows.21.cells.18.tau_gov	f:3f947ae147ae147b
clock.rows.21.cells.18.slope_f	f:3f9994cbc0c5d736
clock.rows.21.cells.18.slope_r	f:3f9a63f51682f9a7
clock.rows.21.cells.18.predicted	s:gov
clock.rows.21.cells.18.measured	s:gov
clock.rows.21.cells.18.margin	f:bff41204a5fb8259
clock.rows.21.cells.19	keys:10
clock.rows.21.cells.19.s	f:3fd47ae147ae147e
clock.rows.21.cells.19.setpoint_gap	f:3f67a80d5c6ad7b0
clock.rows.21.cells.19.lag_gap	f:bf4810c480b132bc
clock.rows.21.cells.19.tau_f	f:3fa999999999999a
clock.rows.21.cells.19.tau_gov	f:3f947ae147ae147b
clock.rows.21.cells.19.slope_f	f:3f99992a464bd556
clock.rows.21.cells.19.slope_r	f:3f9a64b6a6a8b613
clock.rows.21.cells.19.predicted	s:gov
clock.rows.21.cells.19.measured	s:gov
clock.rows.21.cells.19.margin	f:bff411b4bd9211c0
clock.rows.21.cells.20	keys:10
clock.rows.21.cells.20.s	f:3fd4ccccccccccd0
clock.rows.21.cells.20.setpoint_gap	f:3f67b020ab08ea44
clock.rows.21.cells.20.lag_gap	f:bf4816679a99323c
clock.rows.21.cells.20.tau_f	f:3fa999999999999a
clock.rows.21.cells.20.tau_gov	f:3f947ae147ae147b
clock.rows.21.cells.20.slope_f	f:3f999cfb8bf1a7be
clock.rows.21.cells.20.slope_r	f:3f9a6572fc4cc4df
clock.rows.21.cells.20.predicted	s:gov
clock.rows.21.cells.20.measured	s:gov
clock.rows.21.cells.20.margin	f:bff411454cc0682c
clock.rows.21.cells.21	keys:10
clock.rows.21.cells.21.s	f:3fd51eb851eb8522
clock.rows.21.cells.21.setpoint_gap	f:3f67b816ea869c94
clock.rows.21.cells.21.lag_gap	f:bf481b4dffcb39bc
clock.rows.21.cells.21.tau_f	f:3fa999999999999a
clock.rows.21.cells.21.tau_gov	f:3f947ae147ae147b
clock.rows.21.cells.21.slope_f	f:3f99a0553b9e710e
clock.rows.21.cells.21.slope_r	f:3f9a662b355e906f
clock.rows.21.cells.21.predicted	s:gov
clock.rows.21.cells.21.measured	s:gov
clock.rows.21.cells.21.margin	f:bff410bb502cc17c
clock.rows.21.cells.22	keys:10
clock.rows.21.cells.22.s	f:3fd570a3d70a3d74
clock.rows.21.cells.22.setpoint_gap	f:3f67bff4589d67a8
clock.rows.21.cells.22.lag_gap	f:bf481f9491592edc
clock.rows.21.cells.22.tau_f	f:3fa999999999999a
clock.rows.21.cells.22.tau_gov	f:3f947ae147ae147b
clock.rows.21.cells.22.slope_f	f:3f99a349c2aefcda
clock.rows.21.cells.22.slope_r	f:3f9a66e0439a1eeb
clock.rows.21.cells.22.predicted	s:gov
clock.rows.21.cells.22.measured	s:gov
clock.rows.21.cells.22.margin	f:bff4101b03fbf668
clock.rows.21.cells.23	keys:10
clock.rows.21.cells.23.s	f:3fd5c28f5c28f5c6
clock.rows.21.cells.23.setpoint_gap	f:3f67c7bc8e707658
clock.rows.21.cells.23.lag_gap	f:bf482353de9c463c
clock.rows.21.cells.23.tau_f	f:3fa999999999999a
clock.rows.21.cells.23.tau_gov	f:3f947ae147ae147b
clock.rows.21.cells.23.slope_f	f:3f99a5e8cc6413fe
clock.rows.21.cells.23.slope_r	f:3f9a6792f326043f
clock.rows.21.cells.23.predicted	s:gov
clock.rows.21.cells.23.measured	s:gov
clock.rows.21.cells.23.margin	f:bff40f6800a96af5
clock.rows.21.cells.24	keys:10
clock.rows.21.cells.24.s	f:3fd6147ae147ae18
clock.rows.21.cells.24.setpoint_gap	f:3f67cf729927cccc
clock.rows.21.cells.24.lag_gap	f:bf4826a0c8fc61fc
clock.rows.21.cells.24.tau_f	f:3fa999999999999a
clock.rows.21.cells.24.tau_gov	f:3f947ae147ae147b
clock.rows.21.cells.24.slope_f	f:3f99a83faa80f5e6
clock.rows.21.cells.24.slope_r	f:3f9a6843f0380da7
clock.rows.21.cells.24.predicted	s:gov
clock.rows.21.cells.24.measured	s:gov
clock.rows.21.cells.24.margin	f:bff40ea55394a519
clock.rows.21.cells.25	keys:10
clock.rows.21.cells.25.s	f:3fd666666666666a
clock.rows.21.cells.25.setpoint_gap	f:3f67d7190ee5827c
clock.rows.21.cells.25.lag_gap	f:bf48298d0fc9c31c
clock.rows.21.cells.25.tau_f	f:3fa999999999999a
clock.rows.21.cells.25.tau_gov	f:3f947ae147ae147b
clock.rows.21.cells.25.slope_f	f:3f99aa59ae9fd0ae
clock.rows.21.cells.25.slope_r	f:3f9a68f3cbe448d9
clock.rows.21.cells.25.predicted	s:gov
clock.rows.21.cells.25.measured	s:gov
clock.rows.21.cells.25.margin	f:bff40dd593e64e9a
clock.rows.21.cells.26	keys:10
clock.rows.21.cells.26.s	f:3fd6b851eb851ebc
clock.rows.21.cells.26.setpoint_gap	f:3f67deb2209deae4
clock.rows.21.cells.26.lag_gap	f:bf47fa3368561efc
clock.rows.21.cells.26.tau_f	f:3fa999999999999a
clock.rows.21.cells.26.tau_gov	f:3f947ae147ae147b
clock.rows.21.cells.26.slope_f	f:3f998d4a987f9af6
clock.rows.21.cells.26.slope_r	f:3f9a6a4a2a3872ff
clock.rows.21.cells.26.predicted	s:gov
clock.rows.21.cells.26.measured	s:gov
clock.rows.21.cells.26.margin	f:bff4049bf154697c
clock.rows.22	keys:20
clock.rows.22.coord	s:clip
clock.rows.22.tau_f	f:3fa999999999999a
clock.rows.22.tau_gov	f:3fa999999999999a
clock.rows.22.tau_q	f:3fa999999999999a
clock.rows.22.tau_s	f:3fa999999999999a
clock.rows.22.phi_lim	f:3fe8000000000000
clock.rows.22.phi_air	f:3fe8a3d70a3d70a4
clock.rows.22.max_Tt4	f:4094050de9a9568f
clock.rows.22.riding4_valid	b:1
clock.rows.22.n_riding4	i:23
clock.rows.22.census	keys:1
clock.rows.22.census.gov	i:23
clock.rows.22.n_fuel	i:0
clock.rows.22.n_gov	i:23
clock.rows.22.n_scored	i:23
clock.rows.22.n_edge	i:0
clock.rows.22.n_agree	i:23
clock.rows.22.agreement	f:3ff0000000000000
clock.rows.22.worst_miss	n
clock.rows.22.min_margin	f:3fed167f18e35dee
clock.rows.22.cells	len:23
clock.rows.22.cells.0	keys:10
clock.rows.22.cells.0.s	f:3fd0a3d70a3d70a6
clock.rows.22.cells.0.setpoint_gap	f:3f6d0ce7600c91e4
clock.rows.22.cells.0.lag_gap	f:3f35264b81064c00
clock.rows.22.cells.0.tau_f	f:3fa999999999999a
clock.rows.22.cells.0.tau_gov	f:3fa999999999999a
clock.rows.22.cells.0.slope_f	f:3f932ed509b449af
clock.rows.22.cells.0.slope_r	f:3f99cacca206416e
clock.rows.22.cells.0.predicted	s:gov
clock.rows.22.cells.0.measured	s:gov
clock.rows.22.cells.0.margin	f:bfed167f18e35dee
clock.rows.22.cells.1	keys:10
clock.rows.22.cells.1.s	f:3fd0f5c28f5c28f8
clock.rows.22.cells.1.setpoint_gap	f:3f6d38a491e031a8
clock.rows.22.cells.1.lag_gap	f:3f2a6aa80de90f40
clock.rows.22.cells.1.tau_f	f:3fa999999999999a
clock.rows.22.cells.1.tau_gov	f:3fa999999999999a
clock.rows.22.cells.1.slope_f	f:3f95ae0ef5cc02af
clock.rows.22.cells.1.slope_r	f:3f99ceb937f86d10
clock.rows.22.cells.1.predicted	s:gov
clock.rows.22.cells.1.measured	s:gov
clock.rows.22.cells.1.margin	f:bfee312430c2e451
clock.rows.22.cells.2	keys:10
clock.rows.22.cells.2.s	f:3fd147ae147ae14a
clock.rows.22.cells.2.setpoint_gap	f:3f6d616fe0391548
clock.rows.22.cells.2.lag_gap	f:3f28a730d8656a80
clock.rows.22.cells.2.tau_f	f:3fa999999999999a
clock.rows.22.cells.2.tau_gov	f:3fa999999999999a
clock.rows.22.cells.2.slope_f	f:3f95f83e70e31f13
clock.rows.22.cells.2.slope_r	f:3f99d25e12b2f7b6
clock.rows.22.cells.2.predicted	s:gov
clock.rows.22.cells.2.measured	s:gov
clock.rows.22.cells.2.margin	f:bfee52624dc5c4c6
clock.rows.22.cells.3	keys:10
clock.rows.22.cells.3.s	f:3fd199999999999c
clock.rows.22.cells.3.setpoint_gap	f:3f6d878861617630
clock.rows.22.cells.3.lag_gap	f:3f27099581980f88
clock.rows.22.cells.3.tau_f	f:3fa999999999999a
clock.rows.22.cells.3.tau_gov	f:3fa999999999999a
clock.rows.22.cells.3.slope_f	f:3f963c41dccc3906
clock.rows.22.cells.3.slope_r	f:3f99d5c1390bfb72
clock.rows.22.cells.3.predicted	s:gov
clock.rows.22.cells.3.measured	s:gov
clock.rows.22.cells.3.margin	f:bfee708fed50c010
clock.rows.22.cells.4	keys:10
clock.rows.22.cells.4.s	f:3fd1eb851eb851ee
clock.rows.22.cells.4.setpoint_gap	f:3f6dab28250afbe0
clock.rows.22.cells.4.lag_gap	f:3f258ece0ad466c8
clock.rows.22.cells.4.tau_f	f:3fa999999999999a
clock.rows.22.cells.4.tau_gov	f:3fa999999999999a
clock.rows.22.cells.4.slope_f	f:3f967a9817440886
clock.rows.22.cells.4.slope_r	f:3f99d8e848f53894
clock.rows.22.cells.4.predicted	s:gov
clock.rows.22.cells.4.measured	s:gov
clock.rows.22.cells.4.margin	f:bfee8bf841926351
clock.rows.22.cells.5	keys:10
clock.rows.22.cells.5.s	f:3fd23d70a3d70a40
clock.rows.22.cells.5.setpoint_gap	f:3f6dcc848e50eaac
clock.rows.22.cells.5.lag_gap	f:3f24340989270808
clock.rows.22.cells.5.tau_f	f:3fa999999999999a
clock.rows.22.cells.5.tau_gov	f:3fa999999999999a
clock.rows.22.cells.5.slope_f	f:3f96b3b6fccfa156
clock.rows.22.cells.5.slope_r	f:3f99dbd87a3dba96
clock.rows.22.cells.5.predicted	s:gov
clock.rows.22.cells.5.measured	s:gov
clock.rows.22.cells.5.margin	f:bfeea4dedd5b7b97
clock.rows.22.cells.6	keys:10
clock.rows.22.cells.6.s	f:3fd28f5c28f5c292
clock.rows.22.cells.6.setpoint_gap	f:3f6debcea9f51260
clock.rows.22.cells.6.lag_gap	f:3f22f6aba7a740c8
clock.rows.22.cells.6.tau_f	f:3fa999999999999a
clock.rows.22.cells.6.tau_gov	f:3fa999999999999a
clock.rows.22.cells.6.slope_f	f:3f96e80bd02a5ac2
clock.rows.22.cells.6.slope_r	f:3f99de96a25c7ce0
clock.rows.22.cells.6.predicted	s:gov
clock.rows.22.cells.6.measured	s:gov
clock.rows.22.cells.6.margin	f:bfeebb808a337173
clock.rows.22.cells.7	keys:10
clock.rows.22.cells.7.s	f:3fd2e147ae147ae4
clock.rows.22.cells.7.setpoint_gap	f:3f6e093380696848
clock.rows.22.cells.7.lag_gap	f:3f21d449f34c5a48
clock.rows.22.cells.7.tau_f	f:3fa999999999999a
clock.rows.22.cells.7.tau_gov	f:3fa999999999999a
clock.rows.22.cells.7.slope_f	f:3f9717fbaae984a2
clock.rows.22.cells.7.slope_r	f:3f99e12738ed72bc
clock.rows.22.cells.7.predicted	s:gov
clock.rows.22.cells.7.measured	s:gov
clock.rows.22.cells.7.margin	f:bfeed014049712c5
clock.rows.22.cells.8	keys:10
clock.rows.22.cells.8.s	f:3fd3333333333336
clock.rows.22.cells.8.setpoint_gap	f:3f6e24dc636606b4
clock.rows.22.cells.8.lag_gap	f:3f20caa909a0ce88
clock.rows.22.cells.8.tau_f	f:3fa999999999999a
clock.rows.22.cells.8.tau_gov	f:3fa999999999999a
clock.rows.22.cells.8.slope_f	f:3f9743e3f31cf1e6
clock.rows.22.cells.8.slope_r	f:3f99e38e5c9e122a
clock.rows.22.cells.8.predicted	s:gov
clock.rows.22.cells.8.measured	s:gov
clock.rows.22.cells.8.margin	f:bfeee2caa1d1d65b
clock.rows.22.cells.9	keys:10
clock.rows.22.cells.9.s	f:3fd3851eb851eb88
clock.rows.22.cells.9.setpoint_gap	f:3f6e3eef36ee9e10
clock.rows.22.cells.9.lag_gap	f:3f1faf737b30cd90
clock.rows.22.cells.9.tau_f	f:3fa999999999999a
clock.rows.22.cells.9.tau_gov	f:3fa999999999999a
clock.rows.22.cells.9.slope_f	f:3f976c1ad2b64326
clock.rows.22.cells.9.slope_r	f:3f99e5cfd8561334
clock.rows.22.cells.9.predicted	s:gov
clock.rows.22.cells.9.measured	s:gov
clock.rows.22.cells.9.margin	f:bfeef3d0e26243ee
clock.rows.22.cells.10	keys:10
clock.rows.22.cells.10.s	f:3fd3d70a3d70a3da
clock.rows.22.cells.10.setpoint_gap	f:3f6e578eb5c4bb30
clock.rows.22.cells.10.lag_gap	f:3f1df32c82003110
clock.rows.22.cells.10.tau_f	f:3fa999999999999a
clock.rows.22.cells.10.tau_gov	f:3fa999999999999a
clock.rows.22.cells.10.slope_f	f:3f9790efae4da7d2
clock.rows.22.cells.10.slope_r	f:3f99e7ef2875aba6
clock.rows.22.cells.10.predicted	s:gov
clock.rows.22.cells.10.measured	s:gov
clock.rows.22.cells.10.margin	f:bfef034ef36e0ee7
clock.rows.22.cells.11	keys:10
clock.rows.22.cells.11.s	f:3fd428f5c28f5c2c
clock.rows.22.cells.11.setpoint_gap	f:3f6e6edab15837f8
clock.rows.22.cells.11.lag_gap	f:3f1c5cfeba6cfc10
clock.rows.22.cells.11.tau_f	f:3fa999999999999a
clock.rows.22.cells.11.tau_gov	f:3fa999999999999a
clock.rows.22.cells.11.slope_f	f:3f97b2ab997bd8be
clock.rows.22.cells.11.slope_r	f:3f99e9ef800c5c6e
clock.rows.22.cells.11.predicted	s:gov
clock.rows.22.cells.11.measured	s:gov
clock.rows.22.cells.11.margin	f:bfef1169216ea6ab
clock.rows.22.cells.12	keys:10
clock.rows.22.cells.12.s	f:3fd47ae147ae147e
clock.rows.22.cells.12.setpoint_gap	f:3f6e84f04d556990
clock.rows.22.cells.12.lag_gap	f:3f1ae9b3859b9c90
clock.rows.22.cells.12.tau_f	f:3fa999999999999a
clock.rows.22.cells.12.tau_gov	f:3fa999999999999a
clock.rows.22.cells.12.slope_f	f:3f97d191c78311fa
clock.rows.22.cells.12.slope_r	f:3f99ebd3cdf33a34
clock.rows.22.cells.12.predicted	s:gov
clock.rows.22.cells.12.measured	s:gov
clock.rows.22.cells.12.margin	f:bfef1e403df28245
clock.rows.22.cells.13	keys:10
clock.rows.22.cells.13.s	f:3fd4ccccccccccd0
clock.rows.22.cells.13.setpoint_gap	f:3f6e99ea36faca8c
clock.rows.22.cells.13.lag_gap	f:3f199656eacea190
clock.rows.22.cells.13.tau_f	f:3fa999999999999a
clock.rows.22.cells.13.tau_gov	f:3fa999999999999a
clock.rows.22.cells.13.slope_f	f:3f97eddff7637bb6
clock.rows.22.cells.13.slope_r	f:3f99ed9ec1bba054
clock.rows.22.cells.13.predicted	s:gov
clock.rows.22.cells.13.measured	s:gov
clock.rows.22.cells.13.margin	f:bfef29f1fa0d1ee9
clock.rows.22.cells.14	keys:10
clock.rows.22.cells.14.s	f:3fd51eb851eb8522
clock.rows.22.cells.14.setpoint_gap	f:3f6eade0d866b42c
clock.rows.22.cells.14.lag_gap	f:3f186032ae8a4900
clock.rows.22.cells.14.tau_f	f:3fa999999999999a
clock.rows.22.cells.14.tau_gov	f:3fa999999999999a
clock.rows.22.cells.14.slope_f	f:3f9807cedac51d26
clock.rows.22.cells.14.slope_r	f:3f99ef52d067eada
clock.rows.22.cells.14.predicted	s:gov
clock.rows.22.cells.14.measured	s:gov
clock.rows.22.cells.14.margin	f:bfef349936d7ad44
clock.rows.22.cells.15	keys:10
clock.rows.22.cells.15.s	f:3fd570a3d70a3d74
clock.rows.22.cells.15.setpoint_gap	f:3f6ec0ea88120e34
clock.rows.22.cells.15.lag_gap	f:3f1744c9ad355e80
clock.rows.22.cells.15.tau_f	f:3fa999999999999a
clock.rows.22.cells.15.tau_gov	f:3fa999999999999a
clock.rows.22.cells.15.slope_f	f:3f981f92775f84a2
clock.rows.22.cells.15.slope_r	f:3f99f0f238e7b004
clock.rows.22.cells.15.predicted	s:gov
clock.rows.22.cells.15.measured	s:gov
clock.rows.22.cells.15.margin	f:bfef3e4e4d3577a3
clock.rows.22.cells.16	keys:10
clock.rows.22.cells.16.s	f:3fd5c28f5c28f5c6
clock.rows.22.cells.16.setpoint_gap	f:3f6ed31bb4af0990
clock.rows.22.cells.16.lag_gap	f:3f1641d37b288600
clock.rows.22.cells.16.tau_f	f:3fa999999999999a
clock.rows.22.cells.16.tau_gov	f:3fa999999999999a
clock.rows.22.cells.16.slope_f	f:3f98355a82b465a6
clock.rows.22.cells.16.slope_r	f:3f99f27f0853901e
clock.rows.22.cells.16.predicted	s:gov
clock.rows.22.cells.16.measured	s:gov
clock.rows.22.cells.16.margin	f:bfef47274de603ab
clock.rows.22.cells.17	keys:10
clock.rows.22.cells.17.s	f:3fd6147ae147ae18
clock.rows.22.cells.17.setpoint_gap	f:3f6ee4870da3e8a4
clock.rows.22.cells.17.lag_gap	f:3f1555384a7b3080
clock.rows.22.cells.17.tau_f	f:3fa999999999999a
clock.rows.22.cells.17.tau_gov	f:3fa999999999999a
clock.rows.22.cells.17.slope_f	f:3f984952b8154736
clock.rows.22.cells.17.slope_r	f:3f99f3fb1de6e700
clock.rows.22.cells.17.predicted	s:gov
clock.rows.22.cells.17.measured	s:gov
clock.rows.22.cells.17.margin	f:bfef4f383acc1c93
clock.rows.22.cells.18	keys:10
clock.rows.22.cells.18.s	f:3fd666666666666a
clock.rows.22.cells.18.setpoint_gap	f:3f6ef53da8596844
clock.rows.22.cells.18.lag_gap	f:3f147d0d15a97c80
clock.rows.22.cells.18.tau_f	f:3fa999999999999a
clock.rows.22.cells.18.tau_gov	f:3fa999999999999a
clock.rows.22.cells.18.slope_f	f:3f985ba329060e1e
clock.rows.22.cells.18.slope_r	f:3f99f5682eb74bd8
clock.rows.22.cells.18.predicted	s:gov
clock.rows.22.cells.18.measured	s:gov
clock.rows.22.cells.18.margin	f:bfef56933a32faf6
clock.rows.22.cells.19	keys:10
clock.rows.22.cells.19.s	f:3fd6b851eb851ebc
clock.rows.22.cells.19.setpoint_gap	f:3f6f054f22935e38
clock.rows.22.cells.19.lag_gap	f:3f13b7900d37a880
clock.rows.22.cells.19.tau_f	f:3fa999999999999a
clock.rows.22.cells.19.tau_gov	f:3fa999999999999a
clock.rows.22.cells.19.slope_f	f:3f986c70882297ea
clock.rows.22.cells.19.slope_r	f:3f99f6c7c92af114
clock.rows.22.cells.19.predicted	s:gov
clock.rows.22.cells.19.measured	s:gov
clock.rows.22.cells.19.margin	f:bfef5d48c4c1bca5
clock.rows.22.cells.20	keys:10
clock.rows.22.cells.20.s	f:3fd70a3d70a3d70e
clock.rows.22.cells.20.setpoint_gap	f:3f6f14c9c20827b8
clock.rows.22.cells.20.lag_gap	f:3f13032545ed5500
clock.rows.22.cells.20.tau_f	f:3fa999999999999a
clock.rows.22.cells.20.tau_gov	f:3fa999999999999a
clock.rows.22.cells.20.slope_f	f:3f987bdc6eb93b9e
clock.rows.22.cells.20.slope_r	f:3f99f81b582fc642
clock.rows.22.cells.20.predicted	s:gov
clock.rows.22.cells.20.measured	s:gov
clock.rows.22.cells.20.margin	f:bfef6367ceb68fe6
clock.rows.22.cells.21	keys:10
clock.rows.22.cells.21.s	f:3fd75c28f5c28f60
clock.rows.22.cells.21.setpoint_gap	f:3f6f23ba9169a6c0
clock.rows.22.cells.21.lag_gap	f:3f125e53a4cd5100
clock.rows.22.cells.21.tau_f	f:3fa999999999999a
clock.rows.22.cells.21.tau_gov	f:3fa999999999999a
clock.rows.22.cells.21.slope_f	f:3f988a059d55d296
clock.rows.22.cells.21.slope_r	f:3f99f9642635dcea
clock.rows.22.cells.21.predicted	s:gov
clock.rows.22.cells.21.measured	s:gov
clock.rows.22.cells.21.margin	f:bfef68fdecf0331d
clock.rows.22.cells.22	keys:10
clock.rows.22.cells.22.s	f:3fd7ae147ae147b2
clock.rows.22.cells.22.setpoint_gap	f:3f6f322d7b0fd6a0
clock.rows.22.cells.22.lag_gap	f:3f12ec0e27dd7f00
clock.rows.22.cells.22.tau_f	f:3fa999999999999a
clock.rows.22.cells.22.tau_gov	f:3fa999999999999a
clock.rows.22.cells.22.slope_f	f:3f9880a6301df6c6
clock.rows.22.cells.22.slope_r	f:3f99fb174b3b44b2
clock.rows.22.cells.22.predicted	s:gov
clock.rows.22.cells.22.measured	s:gov
clock.rows.22.cells.22.margin	f:bfef64b8d1351a24
clock.rows.23	keys:20
clock.rows.23.coord	s:clip
clock.rows.23.tau_f	f:3fa999999999999a
clock.rows.23.tau_gov	f:3fc999999999999a
clock.rows.23.tau_q	f:3fa999999999999a
clock.rows.23.tau_s	f:3fa999999999999a
clock.rows.23.phi_lim	f:3fe8000000000000
clock.rows.23.phi_air	f:3fe8a3d70a3d70a4
clock.rows.23.max_Tt4	f:409691738dd6d6ee
clock.rows.23.riding4_valid	b:1
clock.rows.23.n_riding4	i:9
clock.rows.23.census	keys:1
clock.rows.23.census.gov	i:9
clock.rows.23.n_fuel	i:0
clock.rows.23.n_gov	i:9
clock.rows.23.n_scored	i:9
clock.rows.23.n_edge	i:0
clock.rows.23.n_agree	i:9
clock.rows.23.agreement	f:3ff0000000000000
clock.rows.23.worst_miss	n
clock.rows.23.min_margin	f:3fd49793fa7dd955
clock.rows.23.cells	len:9
clock.rows.23.cells.0	keys:10
clock.rows.23.cells.0.s	f:3fd851eb851eb856
clock.rows.23.cells.0.setpoint_gap	f:3f79fcb0fd0bf6e8
clock.rows.23.cells.0.lag_gap	f:3f71a02d66467f28
clock.rows.23.cells.0.tau_f	f:3fa999999999999a
clock.rows.23.cells.0.tau_gov	f:3fc999999999999a
clock.rows.23.cells.0.slope_f	f:3f825eedd6b581e3
clock.rows.23.cells.0.slope_r	f:3f9854167aaecf2e
clock.rows.23.cells.0.predicted	s:gov
clock.rows.23.cells.0.measured	s:gov
clock.rows.23.cells.0.margin	f:bfd49793fa7dd955
clock.rows.23.cells.1	keys:10
clock.rows.23.cells.1.s	f:3fd8a3d70a3d70a8
clock.rows.23.cells.1.setpoint_gap	f:3f7a30b6c3c4778c
clock.rows.23.cells.1.lag_gap	f:3f709bdfec3cadbd
clock.rows.23.cells.1.tau_f	f:3fa999999999999a
clock.rows.23.cells.1.tau_gov	f:3fc999999999999a
clock.rows.23.cells.1.slope_f	f:3f8c8a9508dde9c9
clock.rows.23.cells.1.slope_r	f:3f98542a88679664
clock.rows.23.cells.1.predicted	s:gov
clock.rows.23.cells.1.measured	s:gov
clock.rows.23.cells.1.margin	f:bfd769e3d86027b8
clock.rows.23.cells.2	keys:10
clock.rows.23.cells.2.s	f:3fd8f5c28f5c28fa
clock.rows.23.cells.2.setpoint_gap	f:3f7a63afb5868cba
clock.rows.23.cells.2.lag_gap	f:3f709192a9acba21
clock.rows.23.cells.2.tau_f	f:3fa999999999999a
clock.rows.23.cells.2.tau_gov	f:3fc999999999999a
clock.rows.23.cells.2.slope_f	f:3f8cf28636135be1
clock.rows.23.cells.2.slope_r	f:3f9854481ada5424
clock.rows.23.cells.2.predicted	s:gov
clock.rows.23.cells.2.measured	s:gov
clock.rows.23.cells.2.margin	f:bfd7d144c90be5e6
clock.rows.23.cells.3	keys:10
clock.rows.23.cells.3.s	f:3fd947ae147ae14c
clock.rows.23.cells.3.setpoint_gap	f:3f7a95a27c147e32
clock.rows.23.cells.3.lag_gap	f:3f70878ce5c88b5d
clock.rows.23.cells.3.tau_f	f:3fa999999999999a
clock.rows.23.cells.3.tau_gov	f:3fc999999999999a
clock.rows.23.cells.3.slope_f	f:3f8d57f7cf55af49
clock.rows.23.cells.3.slope_r	f:3f98546f1925641c
clock.rows.23.cells.3.predicted	s:gov
clock.rows.23.cells.3.measured	s:gov
clock.rows.23.cells.3.margin	f:bfd834e4e3eb97d6
clock.rows.23.cells.4	keys:10
clock.rows.23.cells.4.s	f:3fd999999999999e
clock.rows.23.cells.4.setpoint_gap	f:3f7ac69598c8e444
clock.rows.23.cells.4.lag_gap	f:3f707dcd0264ea69
clock.rows.23.cells.4.tau_f	f:3fa999999999999a
clock.rows.23.cells.4.tau_gov	f:3fc999999999999a
clock.rows.23.cells.4.slope_f	f:3f8dbaf9421c62b1
clock.rows.23.cells.4.slope_r	f:3f98549f6b41b158
clock.rows.23.cells.4.predicted	s:gov
clock.rows.23.cells.4.measured	s:gov
clock.rows.23.cells.4.margin	f:bfd894f20a2c8ad0
clock.rows.23.cells.5	keys:10
clock.rows.23.cells.5.s	f:3fd9eb851eb851f0
clock.rows.23.cells.5.setpoint_gap	f:3f7af68f6572b684
clock.rows.23.cells.5.lag_gap	f:3f7074516a536e19
clock.rows.23.cells.5.tau_f	f:3fa999999999999a
clock.rows.23.cells.5.tau_gov	f:3fc999999999999a
clock.rows.23.cells.5.slope_f	f:3f8e1b99a8004e10
clock.rows.23.cells.5.slope_r	f:3f9854d8f9e85360
clock.rows.23.cells.5.predicted	s:gov
clock.rows.23.cells.5.measured	s:gov
clock.rows.23.cells.5.margin	f:bfd8f19753f7405f
clock.rows.23.cells.6	keys:10
clock.rows.23.cells.6.s	f:3fda3d70a3d70a42
clock.rows.23.cells.6.setpoint_gap	f:3f7b2596152e56ae
clock.rows.23.cells.6.lag_gap	f:3f706b189134f215
clock.rows.23.cells.6.tau_f	f:3fa999999999999a
clock.rows.23.cells.6.tau_gov	f:3fc999999999999a
clock.rows.23.cells.6.slope_f	f:3f8e79e7c7c41068
clock.rows.23.cells.6.slope_r	f:3f98551bae7ab0a6
clock.rows.23.cells.6.predicted	s:gov
clock.rows.23.cells.6.measured	s:gov
clock.rows.23.cells.6.margin	f:bfd94afd45beebd7
clock.rows.23.cells.7	keys:10
clock.rows.23.cells.7.s	f:3fda8f5c28f5c294
clock.rows.23.cells.7.setpoint_gap	f:3f7b53afb53b6118
clock.rows.23.cells.7.lag_gap	f:3f706220f34bce25
clock.rows.23.cells.7.tau_f	f:3fa999999999999a
clock.rows.23.cells.7.tau_gov	f:3fc999999999999a
clock.rows.23.cells.7.slope_f	f:3f8ed5f216722c48
clock.rows.23.cells.7.slope_r	f:3f98556772ed0736
clock.rows.23.cells.7.predicted	s:gov
clock.rows.23.cells.7.measured	s:gov
clock.rows.23.cells.7.margin	f:bfd9a14a00da8597
clock.rows.23.cells.8	keys:10
clock.rows.23.cells.8.s	f:3fdae147ae147ae6
clock.rows.23.cells.8.setpoint_gap	f:3f7b80e22dcf22e2
clock.rows.23.cells.8.lag_gap	f:3f70604aa79d66e1
clock.rows.23.cells.8.tau_f	f:3fa999999999999a
clock.rows.23.cells.8.tau_gov	f:3fc999999999999a
clock.rows.23.cells.8.slope_f	f:3f8ef011260df720
clock.rows.23.cells.8.slope_r	f:3f98565f76467f7c
clock.rows.23.cells.8.predicted	s:gov
clock.rows.23.cells.8.measured	s:gov
clock.rows.23.cells.8.margin	f:bfd9e49e4b4af501
clock.rows.24	keys:20
clock.rows.24.coord	s:clip
clock.rows.24.tau_f	f:3fb47ae147ae147b
clock.rows.24.tau_gov	f:3f947ae147ae147b
clock.rows.24.tau_q	f:3fa999999999999a
clock.rows.24.tau_s	f:3fa999999999999a
clock.rows.24.phi_lim	f:3fe8000000000000
clock.rows.24.phi_air	f:3fe8a3d70a3d70a4
clock.rows.24.max_Tt4	f:409348fa629cd593
clock.rows.24.riding4_valid	b:1
clock.rows.24.n_riding4	i:27
clock.rows.24.census	keys:1
clock.rows.24.census.gov	i:27
clock.rows.24.n_fuel	i:0
clock.rows.24.n_gov	i:27
clock.rows.24.n_scored	i:27
clock.rows.24.n_edge	i:0
clock.rows.24.n_agree	i:27
clock.rows.24.agreement	f:3ff0000000000000
clock.rows.24.worst_miss	n
clock.rows.24.min_margin	f:3ff3dff03cb30455
clock.rows.24.cells	len:27
clock.rows.24.cells.0	keys:10
clock.rows.24.cells.0.s	f:3fccccccccccccd1
clock.rows.24.cells.0.setpoint_gap	f:3f66b5b5b6940504
clock.rows.24.cells.0.lag_gap	f:bf45ffae8aa68c5a
clock.rows.24.cells.0.tau_f	f:3fb47ae147ae147b
clock.rows.24.cells.0.tau_gov	f:3f947ae147ae147b
clock.rows.24.cells.0.slope_f	f:3f8e52039d066f30
clock.rows.24.cells.0.slope_r	f:3f9a44868168a313
clock.rows.24.cells.0.predicted	s:gov
clock.rows.24.cells.0.measured	s:gov
clock.rows.24.cells.0.margin	f:bff3dff03cb30455
clock.rows.24.cells.1	keys:10
clock.rows.24.cells.1.s	f:3fcd70a3d70a3d75
clock.rows.24.cells.1.setpoint_gap	f:3f66cd1214770f64
clock.rows.24.cells.1.lag_gap	f:bf56758a9a511b6b
clock.rows.24.cells.1.tau_f	f:3fb47ae147ae147b
clock.rows.24.cells.1.tau_gov	f:3f947ae147ae147b
clock.rows.24.cells.1.slope_f	f:3f981df4fe15f48a
clock.rows.24.cells.1.slope_r	f:3f9a4882d61a5c7b
clock.rows.24.cells.1.predicted	s:gov
clock.rows.24.cells.1.measured	s:gov
clock.rows.24.cells.1.margin	f:bff7e14a1782b4f1
clock.rows.24.cells.2	keys:10
clock.rows.24.cells.2.s	f:3fce147ae147ae19
clock.rows.24.cells.2.setpoint_gap	f:3f66e212fb0f4088
clock.rows.24.cells.2.lag_gap	f:bf56bed9a34d2f7b
clock.rows.24.cells.2.tau_f	f:3fb47ae147ae147b
clock.rows.24.cells.2.tau_gov	f:3f947ae147ae147b
clock.rows.24.cells.2.slope_f	f:3f985818e8d99b36
clock.rows.24.cells.2.slope_r	f:3f9a4bfb85153879
clock.rows.24.cells.2.predicted	s:gov
clock.rows.24.cells.2.measured	s:gov
clock.rows.24.cells.2.margin	f:bff7f3af82a6c27f
clock.rows.24.cells.3	keys:10
clock.rows.24.cells.3.s	f:3fceb851eb851ebd
clock.rows.24.cells.3.setpoint_gap	f:3f66f50fba904f2c
clock.rows.24.cells.3.lag_gap	f:bf56fd9653bcbaab
clock.rows.24.cells.3.tau_f	f:3fb47ae147ae147b
clock.rows.24.cells.3.tau_gov	f:3f947ae147ae147b
clock.rows.24.cells.3.slope_f	f:3f9889de4c719c6a
clock.rows.24.cells.3.slope_r	f:3f9a4f036c18aa53
clock.rows.24.cells.3.predicted	s:gov
clock.rows.24.cells.3.measured	s:gov
clock.rows.24.cells.3.margin	f:bff802f893debd0a
clock.rows.24.cells.4	keys:10
clock.rows.24.cells.4.s	f:3fcf5c28f5c28f61
clock.rows.24.cells.4.setpoint_gap	f:3f67065363fde57c
clock.rows.24.cells.4.lag_gap	f:bf57333e76fb1b3c
clock.rows.24.cells.4.tau_f	f:3fb47ae147ae147b
clock.rows.24.cells.4.tau_gov	f:3f947ae147ae147b
clock.rows.24.cells.4.slope_f	f:3f98b473890eac79
clock.rows.24.cells.4.slope_r	f:3f9a51aaf069fcc8
clock.rows.24.cells.4.predicted	s:gov
clock.rows.24.cells.4.measured	s:gov
clock.rows.24.cells.4.margin	f:bff80f9b62b3795c
clock.rows.24.cells.5	keys:10
clock.rows.24.cells.5.s	f:3fd0000000000002
clock.rows.24.cells.5.setpoint_gap	f:3f67161e66ac1828
clock.rows.24.cells.5.lag_gap	f:bf57611d0562a94c
clock.rows.24.cells.5.tau_f	f:3fb47ae147ae147b
clock.rows.24.cells.5.tau_gov	f:3f947ae147ae147b
clock.rows.24.cells.5.slope_f	f:3f98d8debd5d7449
clock.rows.24.cells.5.slope_r	f:3f9a540044a18016
clock.rows.24.cells.5.predicted	s:gov
clock.rows.24.cells.5.measured	s:gov
clock.rows.24.cells.5.margin	f:bff819fcca035236
clock.rows.24.cells.6	keys:10
clock.rows.24.cells.6.s	f:3fd051eb851eb854
clock.rows.24.cells.6.setpoint_gap	f:3f6724a7fe2c4cd4
clock.rows.24.cells.6.lag_gap	f:bf5788501e27f46b
clock.rows.24.cells.6.tau_f	f:3fb47ae147ae147b
clock.rows.24.cells.6.tau_gov	f:3f947ae147ae147b
clock.rows.24.cells.6.slope_f	f:3f98f80282331ed6
clock.rows.24.cells.6.slope_r	f:3f9a560faa8f9f8b
clock.rows.24.cells.6.predicted	s:gov
clock.rows.24.cells.6.measured	s:gov
clock.rows.24.cells.6.margin	f:bff82272e1434186
clock.rows.24.cells.7	keys:10
clock.rows.24.cells.7.s	f:3fd0a3d70a3d70a6
clock.rows.24.cells.7.setpoint_gap	f:3f67321f74242274
clock.rows.24.cells.7.lag_gap	f:bf57a9ce866eafda
clock.rows.24.cells.7.tau_f	f:3fb47ae147ae147b
clock.rows.24.cells.7.tau_gov	f:3f947ae147ae147b
clock.rows.24.cells.7.slope_f	f:3f9912a2450e29aa
clock.rows.24.cells.7.slope_r	f:3f9a57e3b01ec11d
clock.rows.24.cells.7.predicted	s:gov
clock.rows.24.cells.7.measured	s:gov
clock.rows.24.cells.7.margin	f:bff829471d0ea6d4
clock.rows.24.cells.8	keys:10
clock.rows.24.cells.8.s	f:3fd0f5c28f5c28f8
clock.rows.24.cells.8.setpoint_gap	f:3f673ead39f02ffc
clock.rows.24.cells.8.lag_gap	f:bf57c66ca528bf8a
clock.rows.24.cells.8.tau_f	f:3fb47ae147ae147b
clock.rows.24.cells.8.tau_gov	f:3f947ae147ae147b
clock.rows.24.cells.8.slope_f	f:3f9929663ab3d5ba
clock.rows.24.cells.8.slope_r	f:3f9a598566b00057
clock.rows.24.cells.8.predicted	s:gov
clock.rows.24.cells.8.measured	s:gov
clock.rows.24.cells.8.margin	f:bff82eb822f81594
clock.rows.24.cells.9	keys:10
clock.rows.24.cells.9.s	f:3fd147ae147ae14a
clock.rows.24.cells.9.setpoint_gap	f:3f674a73de0f5910
clock.rows.24.cells.9.lag_gap	f:bf57dee0fb4cf08a
clock.rows.24.cells.9.tau_f	f:3fb47ae147ae147b
clock.rows.24.cells.9.tau_gov	f:3f947ae147ae147b
clock.rows.24.cells.9.slope_f	f:3f993cdee989ca32
clock.rows.24.cells.9.slope_r	f:3f9a5afc94d6b917
clock.rows.24.cells.9.predicted	s:gov
clock.rows.24.cells.9.measured	s:gov
clock.rows.24.cells.9.margin	f:bff832fb5b104ed6
clock.rows.24.cells.10	keys:10
clock.rows.24.cells.10.s	f:3fd199999999999c
clock.rows.24.cells.10.setpoint_gap	f:3f675590e13e05a8
clock.rows.24.cells.10.lag_gap	f:bf57f3c81d150b6a
clock.rows.24.cells.10.tau_f	f:3fb47ae147ae147b
clock.rows.24.cells.10.tau_gov	f:3f947ae147ae147b
clock.rows.24.cells.10.slope_f	f:3f994d884f5e97b6
clock.rows.24.cells.10.slope_r	f:3f9a5c4fe2989b2b
clock.rows.24.cells.10.predicted	s:gov
clock.rows.24.cells.10.measured	s:gov
clock.rows.24.cells.10.margin	f:bff8363e48426ad8
clock.rows.24.cells.11	keys:10
clock.rows.24.cells.11.s	f:3fd1eb851eb851ee
clock.rows.24.cells.11.setpoint_gap	f:3f67601d6ef544dc
clock.rows.24.cells.11.lag_gap	f:bf5805a83405d7fa
clock.rows.24.cells.11.tau_f	f:3fb47ae147ae147b
clock.rows.24.cells.11.tau_gov	f:3f947ae147ae147b
clock.rows.24.cells.11.slope_f	f:3f995bcca8c4a7c6
clock.rows.24.cells.11.slope_r	f:3f9a5d8500805c29
clock.rows.24.cells.11.predicted	s:gov
clock.rows.24.cells.11.measured	s:gov
clock.rows.24.cells.11.margin	f:bff838a7af7141e1
clock.rows.24.cells.12	keys:10
clock.rows.24.cells.12.s	f:3fd23d70a3d70a40
clock.rows.24.cells.12.setpoint_gap	f:3f676a2efcbdadb0
clock.rows.24.cells.12.lag_gap	f:bf5814f413308f9a
clock.rows.24.cells.12.tau_f	f:3fb47ae147ae147b
clock.rows.24.cells.12.tau_gov	f:3f947ae147ae147b
clock.rows.24.cells.12.slope_f	f:3f996806e177cc6a
clock.rows.24.cells.12.slope_r	f:3f9a5ea0c9e770e5
clock.rows.24.cells.12.predicted	s:gov
clock.rows.24.cells.12.measured	s:gov
clock.rows.24.cells.12.margin	f:bff83a5894345ca3
clock.rows.24.cells.13	keys:10
clock.rows.24.cells.13.s	f:3fd28f5c28f5c292
clock.rows.24.cells.13.setpoint_gap	f:3f6773d7d3791494
clock.rows.24.cells.13.lag_gap	f:bf58220de7d685ba
clock.rows.24.cells.13.tau_f	f:3fb47ae147ae147b
clock.rows.24.cells.13.tau_gov	f:3f947ae147ae147b
clock.rows.24.cells.13.slope_f	f:3f997284b5d90866
clock.rows.24.cells.13.slope_r	f:3f9a5fa762e5bfb1
clock.rows.24.cells.13.predicted	s:gov
clock.rows.24.cells.13.measured	s:gov
clock.rows.24.cells.13.margin	f:bff83b6d11273d3a
clock.rows.24.cells.14	keys:10
clock.rows.24.cells.14.s	f:3fd2e147ae147ae4
clock.rows.24.cells.14.setpoint_gap	f:3f677d2785770408
clock.rows.24.cells.14.lag_gap	f:bf582d4990a5f0ca
clock.rows.24.cells.14.tau_f	f:3fb47ae147ae147b
clock.rows.24.cells.14.tau_gov	f:3f947ae147ae147b
clock.rows.24.cells.14.slope_f	f:3f997b888d97be3a
clock.rows.24.cells.14.slope_r	f:3f9a609c5258686f
clock.rows.24.cells.14.predicted	s:gov
clock.rows.24.cells.14.measured	s:gov
clock.rows.24.cells.14.margin	f:bff83bfd10ede1f5
clock.rows.24.cells.15	keys:10
clock.rows.24.cells.15.s	f:3fd3333333333336
clock.rows.24.cells.15.setpoint_gap	f:3f67862b53da69e0
clock.rows.24.cells.15.lag_gap	f:bf5836eea5718aca
clock.rows.24.cells.15.tau_f	f:3fb47ae147ae147b
clock.rows.24.cells.15.tau_gov	f:3f947ae147ae147b
clock.rows.24.cells.15.slope_f	f:3f99834b175c2a6a
clock.rows.24.cells.15.slope_r	f:3f9a6182986dd7ef
clock.rows.24.cells.15.predicted	s:gov
clock.rows.24.cells.15.measured	s:gov
clock.rows.24.cells.15.margin	f:bff83c1cec5e0fdf
clock.rows.24.cells.16	keys:10
clock.rows.24.cells.16.s	f:3fd3851eb851eb88
clock.rows.24.cells.16.setpoint_gap	f:3f678eee858ce8f4
clock.rows.24.cells.16.lag_gap	f:bf583f3a38ad264a
clock.rows.24.cells.16.tau_f	f:3fb47ae147ae147b
clock.rows.24.cells.16.tau_gov	f:3f947ae147ae147b
clock.rows.24.cells.16.slope_f	f:3f9989fcaccf1b4a
clock.rows.24.cells.16.slope_r	f:3f9a625cc21f557f
clock.rows.24.cells.16.predicted	s:gov
clock.rows.24.cells.16.measured	s:gov
clock.rows.24.cells.16.margin	f:bff83bddf1a064c0
clock.rows.24.cells.17	keys:10
clock.rows.24.cells.17.s	f:3fd3d70a3d70a3da
clock.rows.24.cells.17.setpoint_gap	f:3f67977ab1b7df2c
clock.rows.24.cells.17.lag_gap	f:bf5846605b3ecaea
clock.rows.24.cells.17.tau_f	f:3fb47ae147ae147b
clock.rows.24.cells.17.tau_gov	f:3f947ae147ae147b
clock.rows.24.cells.17.slope_f	f:3f998fc685c72342
clock.rows.24.cells.17.slope_r	f:3f9a632cf9f852eb
clock.rows.24.cells.17.predicted	s:gov
clock.rows.24.cells.17.measured	s:gov
clock.rows.24.cells.17.margin	f:bff83b4ed7942dd5
clock.rows.24.cells.18	keys:10
clock.rows.24.cells.18.s	f:3fd428f5c28f5c2c
clock.rows.24.cells.18.setpoint_gap	f:3f679fd7ff7c5d68
clock.rows.24.cells.18.lag_gap	f:bf584c8d6a6cec8a
clock.rows.24.cells.18.tau_f	f:3fb47ae147ae147b
clock.rows.24.cells.18.tau_gov	f:3f947ae147ae147b
clock.rows.24.cells.18.slope_f	f:3f9994cbc0c5d736
clock.rows.24.cells.18.slope_r	f:3f9a63f51682f9a7
clock.rows.24.cells.18.predicted	s:gov
clock.rows.24.cells.18.measured	s:gov
clock.rows.24.cells.18.margin	f:bff83a7c204c2c57
clock.rows.24.cells.19	keys:10
clock.rows.24.cells.19.s	f:3fd47ae147ae147e
clock.rows.24.cells.19.setpoint_gap	f:3f67a80d5c6ad7b0
clock.rows.24.cells.19.lag_gap	f:bf5851e72ee3662a
clock.rows.24.cells.19.tau_f	f:3fb47ae147ae147b
clock.rows.24.cells.19.tau_gov	f:3f947ae147ae147b
clock.rows.24.cells.19.slope_f	f:3f99992a464bd556
clock.rows.24.cells.19.slope_r	f:3f9a64b6a6a8b613
clock.rows.24.cells.19.predicted	s:gov
clock.rows.24.cells.19.measured	s:gov
clock.rows.24.cells.19.margin	f:bff839706d136224
clock.rows.24.cells.20	keys:10
clock.rows.24.cells.20.s	f:3fd4ccccccccccd0
clock.rows.24.cells.20.setpoint_gap	f:3f67b020ab08ea44
clock.rows.24.cells.20.lag_gap	f:bf58568dd30845ca
clock.rows.24.cells.20.tau_f	f:3fb47ae147ae147b
clock.rows.24.cells.20.tau_gov	f:3f947ae147ae147b
clock.rows.24.cells.20.slope_f	f:3f999cfb8bf1a7be
clock.rows.24.cells.20.slope_r	f:3f9a6572fc4cc4df
clock.rows.24.cells.20.predicted	s:gov
clock.rows.24.cells.20.measured	s:gov
clock.rows.24.cells.20.margin	f:bff83834c61271aa
clock.rows.24.cells.21	keys:10
clock.rows.24.cells.21.s	f:3fd51eb851eb8522
clock.rows.24.cells.21.setpoint_gap	f:3f67b816ea869c94
clock.rows.24.cells.21.lag_gap	f:bf585a9cb61d2f4a
clock.rows.24.cells.21.tau_f	f:3fb47ae147ae147b
clock.rows.24.cells.21.tau_gov	f:3f947ae147ae147b
clock.rows.24.cells.21.slope_f	f:3f99a0553b9e710e
clock.rows.24.cells.21.slope_r	f:3f9a662b355e906f
clock.rows.24.cells.21.predicted	s:gov
clock.rows.24.cells.21.measured	s:gov
clock.rows.24.cells.21.margin	f:bff836d0d7613cdd
clock.rows.24.cells.22	keys:10
clock.rows.24.cells.22.s	f:3fd570a3d70a3d74
clock.rows.24.cells.22.setpoint_gap	f:3f67bff4589d67a8
clock.rows.24.cells.22.lag_gap	f:bf585e2b210095ea
clock.rows.24.cells.22.tau_f	f:3fb47ae147ae147b
clock.rows.24.cells.22.tau_gov	f:3f947ae147ae147b
clock.rows.24.cells.22.slope_f	f:3f99a349c2aefcda
clock.rows.24.cells.22.slope_r	f:3f9a66e0439a1eeb
clock.rows.24.cells.22.predicted	s:gov
clock.rows.24.cells.22.measured	s:gov
clock.rows.24.cells.22.margin	f:bff8354b250f59d3
clock.rows.24.cells.23	keys:10
clock.rows.24.cells.23.s	f:3fd5c28f5c28f5c6
clock.rows.24.cells.23.setpoint_gap	f:3f67c7bc8e707658
clock.rows.24.cells.23.lag_gap	f:bf58614ce0c5daca
clock.rows.24.cells.23.tau_f	f:3fb47ae147ae147b
clock.rows.24.cells.23.tau_gov	f:3f947ae147ae147b
clock.rows.24.cells.23.slope_f	f:3f99a5e8cc6413fe
clock.rows.24.cells.23.slope_r	f:3f9a6792f326043f
clock.rows.24.cells.23.predicted	s:gov
clock.rows.24.cells.23.measured	s:gov
clock.rows.24.cells.23.margin	f:bff833a937755fe0
clock.rows.24.cells.24	keys:10
clock.rows.24.cells.24.s	f:3fd6147ae147ae18
clock.rows.24.cells.24.setpoint_gap	f:3f67cf729927cccc
clock.rows.24.cells.24.lag_gap	f:bf586412cad0928a
clock.rows.24.cells.24.tau_f	f:3fb47ae147ae147b
clock.rows.24.cells.24.tau_gov	f:3f947ae147ae147b
clock.rows.24.cells.24.slope_f	f:3f99a83faa80f5e6
clock.rows.24.cells.24.slope_r	f:3f9a6843f0380da7
clock.rows.24.cells.24.predicted	s:gov
clock.rows.24.cells.24.measured	s:gov
clock.rows.24.cells.24.margin	f:bff831efc0f0ad97
clock.rows.24.cells.25	keys:10
clock.rows.24.cells.25.s	f:3fd666666666666a
clock.rows.24.cells.25.setpoint_gap	f:3f67d7190ee5827c
clock.rows.24.cells.25.lag_gap	f:bf58668b2da23b7a
clock.rows.24.cells.25.tau_f	f:3fb47ae147ae147b
clock.rows.24.cells.25.tau_gov	f:3f947ae147ae147b
clock.rows.24.cells.25.slope_f	f:3f99aa59ae9fd0ae
clock.rows.24.cells.25.slope_r	f:3f9a68f3cbe448d9
clock.rows.24.cells.25.predicted	s:gov
clock.rows.24.cells.25.measured	s:gov
clock.rows.24.cells.25.margin	f:bff83022be016ef0
clock.rows.24.cells.26	keys:10
clock.rows.24.cells.26.s	f:3fd6b851eb851ebc
clock.rows.24.cells.26.setpoint_gap	f:3f67deb2209deae4
clock.rows.24.cells.26.lag_gap	f:bf5840eb96f7abca
clock.rows.24.cells.26.tau_f	f:3fb47ae147ae147b
clock.rows.24.cells.26.tau_gov	f:3f947ae147ae147b
clock.rows.24.cells.26.slope_f	f:3f998d4a987f9af6
clock.rows.24.cells.26.slope_r	f:3f9a6a4a2a3872ff
clock.rows.24.cells.26.predicted	s:gov
clock.rows.24.cells.26.measured	s:gov
clock.rows.24.cells.26.margin	f:bff820eb80bf978e
clock.rows.25	keys:20
clock.rows.25.coord	s:clip
clock.rows.25.tau_f	f:3fb47ae147ae147b
clock.rows.25.tau_gov	f:3fa999999999999a
clock.rows.25.tau_q	f:3fa999999999999a
clock.rows.25.tau_s	f:3fa999999999999a
clock.rows.25.phi_lim	f:3fe8000000000000
clock.rows.25.phi_air	f:3fe8a3d70a3d70a4
clock.rows.25.max_Tt4	f:4094050de9a9568f
clock.rows.25.riding4_valid	b:1
clock.rows.25.n_riding4	i:23
clock.rows.25.census	keys:1
clock.rows.25.census.gov	i:23
clock.rows.25.n_fuel	i:0
clock.rows.25.n_gov	i:23
clock.rows.25.n_scored	i:23
clock.rows.25.n_edge	i:0
clock.rows.25.n_agree	i:23
clock.rows.25.agreement	f:3ff0000000000000
clock.rows.25.worst_miss	n
clock.rows.25.min_margin	f:3ff11461c2e64cca
clock.rows.25.cells	len:23
clock.rows.25.cells.0	keys:10
clock.rows.25.cells.0.s	f:3fd0a3d70a3d70a6
clock.rows.25.cells.0.setpoint_gap	f:3f6d0ce7600c91e4
clock.rows.25.cells.0.lag_gap	f:bf2f5d0175229770
clock.rows.25.cells.0.tau_f	f:3fb47ae147ae147b
clock.rows.25.cells.0.tau_gov	f:3fa999999999999a
clock.rows.25.cells.0.slope_f	f:3f932ed509b449af
clock.rows.25.cells.0.slope_r	f:3f99cacca206416e
clock.rows.25.cells.0.predicted	s:gov
clock.rows.25.cells.0.measured	s:gov
clock.rows.25.cells.0.margin	f:bff11461c2e64cca
clock.rows.25.cells.1	keys:10
clock.rows.25.cells.1.s	f:3fd0f5c28f5c28f8
clock.rows.25.cells.1.setpoint_gap	f:3f6d38a491e031a8
clock.rows.25.cells.1.lag_gap	f:bf3c6ac8b2414018
clock.rows.25.cells.1.tau_f	f:3fb47ae147ae147b
clock.rows.25.cells.1.tau_gov	f:3fa999999999999a
clock.rows.25.cells.1.slope_f	f:3f95ae0ef5cc02af
clock.rows.25.cells.1.slope_r	f:3f99ceb937f86d10
clock.rows.25.cells.1.predicted	s:gov
clock.rows.25.cells.1.measured	s:gov
clock.rows.25.cells.1.margin	f:bff1f1e90bc180d3
clock.rows.25.cells.2	keys:10
clock.rows.25.cells.2.s	f:3fd147ae147ae14a
clock.rows.25.cells.2.setpoint_gap	f:3f6d616fe0391548
clock.rows.25.cells.2.lag_gap	f:bf3ddaf3f1aa5338
clock.rows.25.cells.2.tau_f	f:3fb47ae147ae147b
clock.rows.25.cells.2.tau_gov	f:3fa999999999999a
clock.rows.25.cells.2.slope_f	f:3f95f83e70e31f13
clock.rows.25.cells.2.slope_r	f:3f99d25e12b2f7b6
clock.rows.25.cells.2.predicted	s:gov
clock.rows.25.cells.2.measured	s:gov
clock.rows.25.cells.2.margin	f:bff20845976abf17
clock.rows.25.cells.3	keys:10
clock.rows.25.cells.3.s	f:3fd199999999999c
clock.rows.25.cells.3.setpoint_gap	f:3f6d878861617630
clock.rows.25.cells.3.lag_gap	f:bf3f2c578af98470
clock.rows.25.cells.3.tau_f	f:3fb47ae147ae147b
clock.rows.25.cells.3.tau_gov	f:3fa999999999999a
clock.rows.25.cells.3.slope_f	f:3f963c41dccc3906
clock.rows.25.cells.3.slope_r	f:3f99d5c1390bfb72
clock.rows.25.cells.3.predicted	s:gov
clock.rows.25.cells.3.measured	s:gov
clock.rows.25.cells.3.margin	f:bff21c8042403191
clock.rows.25.cells.4	keys:10
clock.rows.25.cells.4.s	f:3fd1eb851eb851ee
clock.rows.25.cells.4.setpoint_gap	f:3f6dab28250afbe0
clock.rows.25.cells.4.lag_gap	f:bf4030b589634068
clock.rows.25.cells.4.tau_f	f:3fb47ae147ae147b
clock.rows.25.cells.4.tau_gov	f:3fa999999999999a
clock.rows.25.cells.4.slope_f	f:3f967a9817440886
clock.rows.25.cells.4.slope_r	f:3f99d8e848f53894
clock.rows.25.cells.4.predicted	s:gov
clock.rows.25.cells.4.measured	s:gov
clock.rows.25.cells.4.margin	f:bff22ecd164d4077
clock.rows.25.cells.5	keys:10
clock.rows.25.cells.5.s	f:3fd23d70a3d70a40
clock.rows.25.cells.5.setpoint_gap	f:3f6dcc848e50eaac
clock.rows.25.cells.5.lag_gap	f:bf40be3ca4e3f798
clock.rows.25.cells.5.tau_f	f:3fb47ae147ae147b
clock.rows.25.cells.5.tau_gov	f:3fa999999999999a
clock.rows.25.cells.5.slope_f	f:3f96b3b6fccfa156
clock.rows.25.cells.5.slope_r	f:3f99dbd87a3dba96
clock.rows.25.cells.5.predicted	s:gov
clock.rows.25.cells.5.measured	s:gov
clock.rows.25.cells.5.margin	f:bff23f5ae7763556
clock.rows.25.cells.6	keys:10
clock.rows.25.cells.6.s	f:3fd28f5c28f5c292
clock.rows.25.cells.6.setpoint_gap	f:3f6debcea9f51260
clock.rows.25.cells.6.lag_gap	f:bf413fd111202088
clock.rows.25.cells.6.tau_f	f:3fb47ae147ae147b
clock.rows.25.cells.6.tau_gov	f:3fa999999999999a
clock.rows.25.cells.6.slope_f	f:3f96e80bd02a5ac2
clock.rows.25.cells.6.slope_r	f:3f99de96a25c7ce0
clock.rows.25.cells.6.predicted	s:gov
clock.rows.25.cells.6.measured	s:gov
clock.rows.25.cells.6.margin	f:bff24e53e2e3cdc6
clock.rows.25.cells.7	keys:10
clock.rows.25.cells.7.s	f:3fd2e147ae147ae4
clock.rows.25.cells.7.setpoint_gap	f:3f6e093380696848
clock.rows.25.cells.7.lag_gap	f:bf41b66e792bcf28
clock.rows.25.cells.7.tau_f	f:3fb47ae147ae147b
clock.rows.25.cells.7.tau_gov	f:3fa999999999999a
clock.rows.25.cells.7.slope_f	f:3f9717fbaae984a2
clock.rows.25.cells.7.slope_r	f:3f99e12738ed72bc
clock.rows.25.cells.7.predicted	s:gov
clock.rows.25.cells.7.measured	s:gov
clock.rows.25.cells.7.margin	f:bff25bde0dab31bb
clock.rows.25.cells.8	keys:10
clock.rows.25.cells.8.s	f:3fd3333333333336
clock.rows.25.cells.8.setpoint_gap	f:3f6e24dc636606b4
clock.rows.25.cells.8.lag_gap	f:bf4222fd5f4d2f78
clock.rows.25.cells.8.tau_f	f:3fb47ae147ae147b
clock.rows.25.cells.8.tau_gov	f:3fa999999999999a
clock.rows.25.cells.8.slope_f	f:3f9743e3f31cf1e6
clock.rows.25.cells.8.slope_r	f:3f99e38e5c9e122a
clock.rows.25.cells.8.predicted	s:gov
clock.rows.25.cells.8.measured	s:gov
clock.rows.25.cells.8.margin	f:bff2681bb4d32dff
clock.rows.25.cells.9	keys:10
clock.rows.25.cells.9.s	f:3fd3851eb851eb88
clock.rows.25.cells.9.setpoint_gap	f:3f6e3eef36ee9e10
clock.rows.25.cells.9.lag_gap	f:bf42865446679768
clock.rows.25.cells.9.tau_f	f:3fb47ae147ae147b
clock.rows.25.cells.9.tau_gov	f:3fa999999999999a
clock.rows.25.cells.9.slope_f	f:3f976c1ad2b64326
clock.rows.25.cells.9.slope_r	f:3f99e5cfd8561334
clock.rows.25.cells.9.predicted	s:gov
clock.rows.25.cells.9.measured	s:gov
clock.rows.25.cells.9.margin	f:bff2732bd08de1e2
clock.rows.25.cells.10	keys:10
clock.rows.25.cells.10.s	f:3fd3d70a3d70a3da
clock.rows.25.cells.10.setpoint_gap	f:3f6e578eb5c4bb30
clock.rows.25.cells.10.lag_gap	f:bf42e138d9a42018
clock.rows.25.cells.10.tau_f	f:3fb47ae147ae147b
clock.rows.25.cells.10.tau_gov	f:3fa999999999999a
clock.rows.25.cells.10.slope_f	f:3f9790efae4da7d2
clock.rows.25.cells.10.slope_r	f:3f99e7ef2875aba6
clock.rows.25.cells.10.predicted	s:gov
clock.rows.25.cells.10.measured	s:gov
clock.rows.25.cells.10.margin	f:bff27d2a5c3e626d
clock.rows.25.cells.11	keys:10
clock.rows.25.cells.11.s	f:3fd428f5c28f5c2c
clock.rows.25.cells.11.setpoint_gap	f:3f6e6edab15837f8
clock.rows.25.cells.11.lag_gap	f:bf4334610df611d8
clock.rows.25.cells.11.tau_f	f:3fb47ae147ae147b
clock.rows.25.cells.11.tau_gov	f:3fa999999999999a
clock.rows.25.cells.11.slope_f	f:3f97b2ab997bd8be
clock.rows.25.cells.11.slope_r	f:3f99e9ef800c5c6e
clock.rows.25.cells.11.predicted	s:gov
clock.rows.25.cells.11.measured	s:gov
clock.rows.25.cells.11.margin	f:bff28630a4aacfc3
clock.rows.25.cells.12	keys:10
clock.rows.25.cells.12.s	f:3fd47ae147ae147e
clock.rows.25.cells.12.setpoint_gap	f:3f6e84f04d556990
clock.rows.25.cells.12.lag_gap	f:bf4380743a59bc68
clock.rows.25.cells.12.tau_f	f:3fb47ae147ae147b
clock.rows.25.cells.12.tau_gov	f:3fa999999999999a
clock.rows.25.cells.12.slope_f	f:3f97d191c78311fa
clock.rows.25.cells.12.slope_r	f:3f99ebd3cdf33a34
clock.rows.25.cells.12.predicted	s:gov
clock.rows.25.cells.12.measured	s:gov
clock.rows.25.cells.12.margin	f:bff28e558d8d2e0f
clock.rows.25.cells.13	keys:10
clock.rows.25.cells.13.s	f:3fd4ccccccccccd0
clock.rows.25.cells.13.setpoint_gap	f:3f6e99ea36faca8c
clock.rows.25.cells.13.lag_gap	f:bf43c60c249f4668
clock.rows.25.cells.13.tau_f	f:3fb47ae147ae147b
clock.rows.25.cells.13.tau_gov	f:3fa999999999999a
clock.rows.25.cells.13.slope_f	f:3f97eddff7637bb6
clock.rows.25.cells.13.slope_r	f:3f99ed9ec1bba054
clock.rows.25.cells.13.predicted	s:gov
clock.rows.25.cells.13.measured	s:gov
clock.rows.25.cells.13.margin	f:bff295adcf8c8480
clock.rows.25.cells.14	keys:10
clock.rows.25.cells.14.s	f:3fd51eb851eb8522
clock.rows.25.cells.14.setpoint_gap	f:3f6eade0d866b42c
clock.rows.25.cells.14.lag_gap	f:bf4405b6015257fa
clock.rows.25.cells.14.tau_f	f:3fb47ae147ae147b
clock.rows.25.cells.14.tau_gov	f:3fa999999999999a
clock.rows.25.cells.14.slope_f	f:3f9807cedac51d26
clock.rows.25.cells.14.slope_r	f:3f99ef52d067eada
clock.rows.25.cells.14.predicted	s:gov
clock.rows.25.cells.14.measured	s:gov
clock.rows.25.cells.14.margin	f:bff29c4c2f85045c
clock.rows.25.cells.15	keys:10
clock.rows.25.cells.15.s	f:3fd570a3d70a3d74
clock.rows.25.cells.15.setpoint_gap	f:3f6ec0ea88120e34
clock.rows.25.cells.15.lag_gap	f:bf443ff365e839ea
clock.rows.25.cells.15.tau_f	f:3fb47ae147ae147b
clock.rows.25.cells.15.tau_gov	f:3fa999999999999a
clock.rows.25.cells.15.slope_f	f:3f981f92775f84a2
clock.rows.25.cells.15.slope_r	f:3f99f0f238e7b004
clock.rows.25.cells.15.predicted	s:gov
clock.rows.25.cells.15.measured	s:gov
clock.rows.25.cells.15.margin	f:bff2a241afe8b457
clock.rows.25.cells.16	keys:10
clock.rows.25.cells.16.s	f:3fd5c28f5c28f5c6
clock.rows.25.cells.16.setpoint_gap	f:3f6ed31bb4af0990
clock.rows.25.cells.16.lag_gap	f:bf44753b2ccd3c5a
clock.rows.25.cells.16.tau_f	f:3fb47ae147ae147b
clock.rows.25.cells.16.tau_gov	f:3fa999999999999a
clock.rows.25.cells.16.slope_f	f:3f98355a82b465a6
clock.rows.25.cells.16.slope_r	f:3f99f27f0853901e
clock.rows.25.cells.16.predicted	s:gov
clock.rows.25.cells.16.measured	s:gov
clock.rows.25.cells.16.margin	f:bff2a79dbce81aaa
clock.rows.25.cells.17	keys:10
clock.rows.25.cells.17.s	f:3fd6147ae147ae18
clock.rows.25.cells.17.setpoint_gap	f:3f6ee4870da3e8a4
clock.rows.25.cells.17.lag_gap	f:bf44a5fa4b3fe88a
clock.rows.25.cells.17.tau_f	f:3fb47ae147ae147b
clock.rows.25.cells.17.tau_gov	f:3fa999999999999a
clock.rows.25.cells.17.slope_f	f:3f984952b8154736
clock.rows.25.cells.17.slope_r	f:3f99f3fb1de6e700
clock.rows.25.cells.17.predicted	s:gov
clock.rows.25.cells.17.measured	s:gov
clock.rows.25.cells.17.margin	f:bff2ac6e53fc2a23
clock.rows.25.cells.18	keys:10
clock.rows.25.cells.18.s	f:3fd666666666666a
clock.rows.25.cells.18.setpoint_gap	f:3f6ef53da8596844
clock.rows.25.cells.18.lag_gap	f:bf44d2949927aaca
clock.rows.25.cells.18.tau_f	f:3fb47ae147ae147b
clock.rows.25.cells.18.tau_gov	f:3fa999999999999a
clock.rows.25.cells.18.slope_f	f:3f985ba329060e1e
clock.rows.25.cells.18.slope_r	f:3f99f5682eb74bd8
clock.rows.25.cells.18.predicted	s:gov
clock.rows.25.cells.18.measured	s:gov
clock.rows.25.cells.18.margin	f:bff2b0c0275776fa
clock.rows.25.cells.19	keys:10
clock.rows.25.cells.19.s	f:3fd6b851eb851ebc
clock.rows.25.cells.19.setpoint_gap	f:3f6f054f22935e38
clock.rows.25.cells.19.lag_gap	f:bf44fb658b470d6a
clock.rows.25.cells.19.tau_f	f:3fb47ae147ae147b
clock.rows.25.cells.19.tau_gov	f:3fa999999999999a
clock.rows.25.cells.19.slope_f	f:3f986c70882297ea
clock.rows.25.cells.19.slope_r	f:3f99f6c7c92af114
clock.rows.25.cells.19.predicted	s:gov
clock.rows.25.cells.19.measured	s:gov
clock.rows.25.cells.19.margin	f:bff2b49ebdb49fc2
clock.rows.25.cells.20	keys:10
clock.rows.25.cells.20.s	f:3fd70a3d70a3d70e
clock.rows.25.cells.20.setpoint_gap	f:3f6f14c9c20827b8
clock.rows.25.cells.20.lag_gap	f:bf4520c0e04613ba
clock.rows.25.cells.20.tau_f	f:3fb47ae147ae147b
clock.rows.25.cells.20.tau_gov	f:3fa999999999999a
clock.rows.25.cells.20.slope_f	f:3f987bdc6eb93b9e
clock.rows.25.cells.20.slope_r	f:3f99f81b582fc642
clock.rows.25.cells.20.predicted	s:gov
clock.rows.25.cells.20.measured	s:gov
clock.rows.25.cells.20.margin	f:bff2b8148ee8e87b
clock.rows.25.cells.21	keys:10
clock.rows.25.cells.21.s	f:3fd75c28f5c28f60
clock.rows.25.cells.21.setpoint_gap	f:3f6f23ba9169a6c0
clock.rows.25.cells.21.lag_gap	f:bf4542f341295d7a
clock.rows.25.cells.21.tau_f	f:3fb47ae147ae147b
clock.rows.25.cells.21.tau_gov	f:3fa999999999999a
clock.rows.25.cells.21.slope_f	f:3f988a059d55d296
clock.rows.25.cells.21.slope_r	f:3f99f9642635dcea
clock.rows.25.cells.21.predicted	s:gov
clock.rows.25.cells.21.measured	s:gov
clock.rows.25.cells.21.margin	f:bff2bb2b1d95c23f
clock.rows.25.cells.22	keys:10
clock.rows.25.cells.22.s	f:3fd7ae147ae147b2
clock.rows.25.cells.22.setpoint_gap	f:3f6f322d7b0fd6a0
clock.rows.25.cells.22.lag_gap	f:bf45283c7db0703a
clock.rows.25.cells.22.tau_f	f:3fb47ae147ae147b
clock.rows.25.cells.22.tau_gov	f:3fa999999999999a
clock.rows.25.cells.22.slope_f	f:3f9880a6301df6c6
clock.rows.25.cells.22.slope_r	f:3f99fb174b3b44b2
clock.rows.25.cells.22.predicted	s:gov
clock.rows.25.cells.22.measured	s:gov
clock.rows.25.cells.22.margin	f:bff2b67a68ad066f
clock.rows.26	keys:20
clock.rows.26.coord	s:clip
clock.rows.26.tau_f	f:3fb47ae147ae147b
clock.rows.26.tau_gov	f:3fc999999999999a
clock.rows.26.tau_q	f:3fa999999999999a
clock.rows.26.tau_s	f:3fa999999999999a
clock.rows.26.phi_lim	f:3fe8000000000000
clock.rows.26.phi_air	f:3fe8a3d70a3d70a4
clock.rows.26.max_Tt4	f:409691738dd6d6ee
clock.rows.26.riding4_valid	b:1
clock.rows.26.n_riding4	i:9
clock.rows.26.census	keys:1
clock.rows.26.census.gov	i:9
clock.rows.26.n_fuel	i:0
clock.rows.26.n_gov	i:9
clock.rows.26.n_scored	i:9
clock.rows.26.n_edge	i:0
clock.rows.26.n_agree	i:9
clock.rows.26.agreement	f:3ff0000000000000
clock.rows.26.worst_miss	n
clock.rows.26.min_margin	f:3fd74e828ad433b4
clock.rows.26.cells	len:9
clock.rows.26.cells.0	keys:10
clock.rows.26.cells.0.s	f:3fd851eb851eb856
clock.rows.26.cells.0.setpoint_gap	f:3f79fcb0fd0bf6e8
clock.rows.26.cells.0.lag_gap	f:3f70860068c0b9ed
clock.rows.26.cells.0.tau_f	f:3fb47ae147ae147b
clock.rows.26.cells.0.tau_gov	f:3fc999999999999a
clock.rows.26.cells.0.slope_f	f:3f825eedd6b581e3
clock.rows.26.cells.0.slope_r	f:3f9854167aaecf2e
clock.rows.26.cells.0.predicted	s:gov
clock.rows.26.cells.0.measured	s:gov
clock.rows.26.cells.0.margin	f:bfd74e828ad433b4
clock.rows.26.cells.1	keys:10
clock.rows.26.cells.1.s	f:3fd8a3d70a3d70a8
clock.rows.26.cells.1.setpoint_gap	f:3f7a30b6c3c4778c
clock.rows.26.cells.1.lag_gap	f:3f6dcaf5a435c48a
clock.rows.26.cells.1.tau_f	f:3fb47ae147ae147b
clock.rows.26.cells.1.tau_gov	f:3fc999999999999a
clock.rows.26.cells.1.slope_f	f:3f8c8a9508dde9c9
clock.rows.26.cells.1.slope_r	f:3f98542a88679664
clock.rows.26.cells.1.predicted	s:gov
clock.rows.26.cells.1.measured	s:gov
clock.rows.26.cells.1.margin	f:bfdb992cec3450c3
clock.rows.26.cells.2	keys:10
clock.rows.26.cells.2.s	f:3fd8f5c28f5c28fa
clock.rows.26.cells.2.setpoint_gap	f:3f7a63afb5868cba
clock.rows.26.cells.2.lag_gap	f:3f6da9e2052e2bca
clock.rows.26.cells.2.tau_f	f:3fb47ae147ae147b
clock.rows.26.cells.2.tau_gov	f:3fc999999999999a
clock.rows.26.cells.2.slope_f	f:3f8cf28636135be1
clock.rows.26.cells.2.slope_r	f:3f9854481ada5424
clock.rows.26.cells.2.predicted	s:gov
clock.rows.26.cells.2.measured	s:gov
clock.rows.26.cells.2.margin	f:bfdc07989a1c0c28
clock.rows.26.cells.3	keys:10
clock.rows.26.cells.3.s	f:3fd947ae147ae14c
clock.rows.26.cells.3.setpoint_gap	f:3f7a95a27c147e32
clock.rows.26.cells.3.lag_gap	f:3f6d89aa23539b4a
clock.rows.26.cells.3.tau_f	f:3fb47ae147ae147b
clock.rows.26.cells.3.tau_gov	f:3fc999999999999a
clock.rows.26.cells.3.slope_f	f:3f8d57f7cf55af49
clock.rows.26.cells.3.slope_r	f:3f98546f1925641c
clock.rows.26.cells.3.predicted	s:gov
clock.rows.26.cells.3.measured	s:gov
clock.rows.26.cells.3.margin	f:bfdc71f5de810242
clock.rows.26.cells.4	keys:10
clock.rows.26.cells.4.s	f:3fd999999999999e
clock.rows.26.cells.4.setpoint_gap	f:3f7ac69598c8e444
clock.rows.26.cells.4.lag_gap	f:3f6d6a48e860066a
clock.rows.26.cells.4.tau_f	f:3fb47ae147ae147b
clock.rows.26.cells.4.tau_gov	f:3fc999999999999a
clock.rows.26.cells.4.slope_f	f:3f8dbaf9421c62b1
clock.rows.26.cells.4.slope_r	f:3f98549f6b41b158
clock.rows.26.cells.4.predicted	s:gov
clock.rows.26.cells.4.measured	s:gov
clock.rows.26.cells.4.margin	f:bfdcd8763fe0c6d3
clock.rows.26.cells.5	keys:10
clock.rows.26.cells.5.s	f:3fd9eb851eb851f0
clock.rows.26.cells.5.setpoint_gap	f:3f7af68f6572b684
clock.rows.26.cells.5.lag_gap	f:3f6d4bb95a1776aa
clock.rows.26.cells.5.tau_f	f:3fb47ae147ae147b
clock.rows.26.cells.5.tau_gov	f:3fc999999999999a
clock.rows.26.cells.5.slope_f	f:3f8e1b99a8004e10
clock.rows.26.cells.5.slope_r	f:3f9854d8f9e85360
clock.rows.26.cells.5.predicted	s:gov
clock.rows.26.cells.5.measured	s:gov
clock.rows.26.cells.5.margin	f:bfdd3b4844809f52
clock.rows.26.cells.6	keys:10
clock.rows.26.cells.6.s	f:3fda3d70a3d70a42
clock.rows.26.cells.6.setpoint_gap	f:3f7b2596152e56ae
clock.rows.26.cells.6.lag_gap	f:3f6d2df699cd3e5a
clock.rows.26.cells.6.tau_f	f:3fb47ae147ae147b
clock.rows.26.cells.6.tau_gov	f:3fc999999999999a
clock.rows.26.cells.6.slope_f	f:3f8e79e7c7c41068
clock.rows.26.cells.6.slope_r	f:3f98551bae7ab0a6
clock.rows.26.cells.6.predicted	s:gov
clock.rows.26.cells.6.measured	s:gov
clock.rows.26.cells.6.margin	f:bfdd9a97abc8ec71
clock.rows.26.cells.7	keys:10
clock.rows.26.cells.7.s	f:3fda8f5c28f5c294
clock.rows.26.cells.7.setpoint_gap	f:3f7b53afb53b6118
clock.rows.26.cells.7.lag_gap	f:3f6d10fbe3e611da
clock.rows.26.cells.7.tau_f	f:3fb47ae147ae147b
clock.rows.26.cells.7.tau_gov	f:3fc999999999999a
clock.rows.26.cells.7.slope_f	f:3f8ed5f216722c48
clock.rows.26.cells.7.slope_r	f:3f98556772ed0736
clock.rows.26.cells.7.predicted	s:gov
clock.rows.26.cells.7.measured	s:gov
clock.rows.26.cells.7.margin	f:bfddf68da290f2a3
clock.rows.26.cells.8	keys:10
clock.rows.26.cells.8.s	f:3fdae147ae147ae6
clock.rows.26.cells.8.setpoint_gap	f:3f7b80e22dcf22e2
clock.rows.26.cells.8.lag_gap	f:3f6d0a2cda05ed8a
clock.rows.26.cells.8.tau_f	f:3fb47ae147ae147b
clock.rows.26.cells.8.tau_gov	f:3fc999999999999a
clock.rows.26.cells.8.slope_f	f:3f8ef011260df720
clock.rows.26.cells.8.slope_r	f:3f98565f76467f7c
clock.rows.26.cells.8.predicted	s:gov
clock.rows.26.cells.8.measured	s:gov
clock.rows.26.cells.8.margin	f:bfde3668aea4032c
clock.rows.27	keys:20
clock.rows.27.coord	s:clip
clock.rows.27.tau_f	f:3fb999999999999a
clock.rows.27.tau_gov	f:3f947ae147ae147b
clock.rows.27.tau_q	f:3fa999999999999a
clock.rows.27.tau_s	f:3fa999999999999a
clock.rows.27.phi_lim	f:3fe8000000000000
clock.rows.27.phi_air	f:3fe8a3d70a3d70a4
clock.rows.27.max_Tt4	f:409348fa629cd593
clock.rows.27.riding4_valid	b:1
clock.rows.27.n_riding4	i:27
clock.rows.27.census	keys:1
clock.rows.27.census.gov	i:27
clock.rows.27.n_fuel	i:0
clock.rows.27.n_gov	i:27
clock.rows.27.n_scored	i:27
clock.rows.27.n_edge	i:0
clock.rows.27.n_agree	i:27
clock.rows.27.agreement	f:3ff0000000000000
clock.rows.27.worst_miss	n
clock.rows.27.min_margin	f:3ff5956e6b9725d6
clock.rows.27.cells	len:27
clock.rows.27.cells.0	keys:10
clock.rows.27.cells.0.s	f:3fccccccccccccd1
clock.rows.27.cells.0.setpoint_gap	f:3f66b5b5b6940504
clock.rows.27.cells.0.lag_gap	f:bf4fb386bce60c18
clock.rows.27.cells.0.tau_f	f:3fb999999999999a
clock.rows.27.cells.0.tau_gov	f:3f947ae147ae147b
clock.rows.27.cells.0.slope_f	f:3f8e52039d066f30
clock.rows.27.cells.0.slope_r	f:3f9a44868168a313
clock.rows.27.cells.0.predicted	s:gov
clock.rows.27.cells.0.measured	s:gov
clock.rows.27.cells.0.margin	f:bff5956e6b9725d6
clock.rows.27.cells.1	keys:10
clock.rows.27.cells.1.s	f:3fcd70a3d70a3d75
clock.rows.27.cells.1.setpoint_gap	f:3f66cd1214770f64
clock.rows.27.cells.1.lag_gap	f:bf5e2d35291073ea
clock.rows.27.cells.1.tau_f	f:3fb999999999999a
clock.rows.27.cells.1.tau_gov	f:3f947ae147ae147b
clock.rows.27.cells.1.slope_f	f:3f981df4fe15f48a
clock.rows.27.cells.1.slope_r	f:3f9a4882d61a5c7b
clock.rows.27.cells.1.predicted	s:gov
clock.rows.27.cells.1.measured	s:gov
clock.rows.27.cells.1.margin	f:bffa967937b6a765
clock.rows.27.cells.2	keys:10
clock.rows.27.cells.2.s	f:3fce147ae147ae19
clock.rows.27.cells.2.setpoint_gap	f:3f66e212fb0f4088
clock.rows.27.cells.2.lag_gap	f:bf5e891f0c88945a
clock.rows.27.cells.2.tau_f	f:3fb999999999999a
clock.rows.27.cells.2.tau_gov	f:3f947ae147ae147b
clock.rows.27.cells.2.slope_f	f:3f985818e8d99b36
clock.rows.27.cells.2.slope_r	f:3f9a4bfb85153879
clock.rows.27.cells.2.predicted	s:gov
clock.rows.27.cells.2.measured	s:gov
clock.rows.27.cells.2.margin	f:bffaace37f2cd449
clock.rows.27.cells.3	keys:10
clock.rows.27.cells.3.s	f:3fceb851eb851ebd
clock.rows.27.cells.3.setpoint_gap	f:3f66f50fba904f2c
clock.rows.27.cells.3.lag_gap	f:bf5ed7c8fb8f2a2a
clock.rows.27.cells.3.tau_f	f:3fb999999999999a
clock.rows.27.cells.3.tau_gov	f:3f947ae147ae147b
clock.rows.27.cells.3.slope_f	f:3f9889de4c719c6a
clock.rows.27.cells.3.slope_r	f:3f9a4f036c18aa53
clock.rows.27.cells.3.predicted	s:gov
clock.rows.27.cells.3.measured	s:gov
clock.rows.27.cells.3.margin	f:bffabf78bd307592
clock.rows.27.cells.4	keys:10
clock.rows.27.cells.4.s	f:3fcf5c28f5c28f61
clock.rows.27.cells.4.setpoint_gap	f:3f67065363fde57c
clock.rows.27.cells.4.lag_gap	f:bf5f1b11841e85a2
clock.rows.27.cells.4.tau_f	f:3fb999999999999a
clock.rows.27.cells.4.tau_gov	f:3f947ae147ae147b
clock.rows.27.cells.4.slope_f	f:3f98b473890eac79
clock.rows.27.cells.4.slope_r	f:3f9a51aaf069fcc8
clock.rows.27.cells.4.predicted	s:gov
clock.rows.27.cells.4.measured	s:gov
clock.rows.27.cells.4.margin	f:bffaceca5a5f0ee6
clock.rows.27.cells.5	keys:10
clock.rows.27.cells.5.s	f:3fd0000000000002
clock.rows.27.cells.5.setpoint_gap	f:3f67161e66ac1828
clock.rows.27.cells.5.lag_gap	f:bf5f54977f6c1632
clock.rows.27.cells.5.tau_f	f:3fb999999999999a
clock.rows.27.cells.5.tau_gov	f:3f947ae147ae147b
clock.rows.27.cells.5.slope_f	f:3f98d8debd5d7449
clock.rows.27.cells.5.slope_r	f:3f9a540044a18016
clock.rows.27.cells.5.predicted	s:gov
clock.rows.27.cells.5.measured	s:gov
clock.rows.27.cells.5.margin	f:bffadb548ce619f6
clock.rows.27.cells.6	keys:10
clock.rows.27.cells.6.s	f:3fd051eb851eb854
clock.rows.27.cells.6.setpoint_gap	f:3f6724a7fe2c4cd4
clock.rows.27.cells.6.lag_gap	f:bf5f85c18f7ffe4a
clock.rows.27.cells.6.tau_f	f:3fb999999999999a
clock.rows.27.cells.6.tau_gov	f:3f947ae147ae147b
clock.rows.27.cells.6.slope_f	f:3f98f80282331ed6
clock.rows.27.cells.6.slope_r	f:3f9a560faa8f9f8b
clock.rows.27.cells.6.predicted	s:gov
clock.rows.27.cells.6.measured	s:gov
clock.rows.27.cells.6.margin	f:bffae58161729dc0
clock.rows.27.cells.7	keys:10
clock.rows.27.cells.7.s	f:3fd0a3d70a3d70a6
clock.rows.27.cells.7.setpoint_gap	f:3f67321f74242274
clock.rows.27.cells.7.lag_gap	f:bf5fafc502ee195a
clock.rows.27.cells.7.tau_f	f:3fb999999999999a
clock.rows.27.cells.7.tau_gov	f:3f947ae147ae147b
clock.rows.27.cells.7.slope_f	f:3f9912a2450e29aa
clock.rows.27.cells.7.slope_r	f:3f9a57e3b01ec11d
clock.rows.27.cells.7.predicted	s:gov
clock.rows.27.cells.7.measured	s:gov
clock.rows.27.cells.7.margin	f:bffaedab57cbc66e
clock.rows.27.cells.8	keys:10
clock.rows.27.cells.8.s	f:3fd0f5c28f5c28f8
clock.rows.27.cells.8.setpoint_gap	f:3f673ead39f02ffc
clock.rows.27.cells.8.lag_gap	f:bf5fd3ac141a9d8a
clock.rows.27.cells.8.tau_f	f:3fb999999999999a
clock.rows.27.cells.8.tau_gov	f:3f947ae147ae147b
clock.rows.27.cells.8.slope_f	f:3f9929663ab3d5ba
clock.rows.27.cells.8.slope_r	f:3f9a598566b00057
clock.rows.27.cells.8.predicted	s:gov
clock.rows.27.cells.8.measured	s:gov
clock.rows.27.cells.8.margin	f:bffaf41fa18d5423
clock.rows.27.cells.9	keys:10
clock.rows.27.cells.9.s	f:3fd147ae147ae14a
clock.rows.27.cells.9.setpoint_gap	f:3f674a73de0f5910
clock.rows.27.cells.9.lag_gap	f:bf5ff25b8379084a
clock.rows.27.cells.9.tau_f	f:3fb999999999999a
clock.rows.27.cells.9.tau_gov	f:3f947ae147ae147b
clock.rows.27.cells.9.slope_f	f:3f993cdee989ca32
clock.rows.27.cells.9.slope_r	f:3f9a5afc94d6b917
clock.rows.27.cells.9.predicted	s:gov
clock.rows.27.cells.9.measured	s:gov
clock.rows.27.cells.9.margin	f:bffaf9200fb3b292
clock.rows.27.cells.10	keys:10
clock.rows.27.cells.10.s	f:3fd199999999999c
clock.rows.27.cells.10.setpoint_gap	f:3f675590e13e05a8
clock.rows.27.cells.10.lag_gap	f:bf60064bc951fa25
clock.rows.27.cells.10.tau_f	f:3fb999999999999a
clock.rows.27.cells.10.tau_gov	f:3f947ae147ae147b
clock.rows.27.cells.10.slope_f	f:3f994d884f5e97b6
clock.rows.27.cells.10.slope_r	f:3f9a5c4fe2989b2b
clock.rows.27.cells.10.predicted	s:gov
clock.rows.27.cells.10.measured	s:gov
clock.rows.27.cells.10.margin	f:bffafce4ba137a34
clock.rows.27.cells.11	keys:10
clock.rows.27.cells.11.s	f:3fd1eb851eb851ee
clock.rows.27.cells.11.setpoint_gap	f:3f67601d6ef544dc
clock.rows.27.cells.11.lag_gap	f:bf6011843503aaad
clock.rows.27.cells.11.tau_f	f:3fb999999999999a
clock.rows.27.cells.11.tau_gov	f:3f947ae147ae147b
clock.rows.27.cells.11.slope_f	f:3f995bcca8c4a7c6
clock.rows.27.cells.11.slope_r	f:3f9a5d8500805c29
clock.rows.27.cells.11.predicted	s:gov
clock.rows.27.cells.11.measured	s:gov
clock.rows.27.cells.11.margin	f:bffaff9d6a6593f5
clock.rows.27.cells.12	keys:10
clock.rows.27.cells.12.s	f:3fd23d70a3d70a40
clock.rows.27.cells.12.setpoint_gap	f:3f676a2efcbdadb0
clock.rows.27.cells.12.lag_gap	f:bf601b1efa783f8d
clock.rows.27.cells.12.tau_f	f:3fb999999999999a
clock.rows.27.cells.12.tau_gov	f:3f947ae147ae147b
clock.rows.27.cells.12.slope_f	f:3f996806e177cc6a
clock.rows.27.cells.12.slope_r	f:3f9a5ea0c9e770e5
clock.rows.27.cells.12.predicted	s:gov
clock.rows.27.cells.12.measured	s:gov
clock.rows.27.cells.12.margin	f:bffb0172d34bd3ea
clock.rows.27.cells.13	keys:10
clock.rows.27.cells.13.s	f:3fd28f5c28f5c292
clock.rows.27.cells.13.setpoint_gap	f:3f6773d7d3791494
clock.rows.27.cells.13.lag_gap	f:bf602359a05fe80d
clock.rows.27.cells.13.tau_f	f:3fb999999999999a
clock.rows.27.cells.13.tau_gov	f:3f947ae147ae147b
clock.rows.27.cells.13.slope_f	f:3f997284b5d90866
clock.rows.27.cells.13.slope_r	f:3f9a5fa762e5bfb1
clock.rows.27.cells.13.predicted	s:gov
clock.rows.27.cells.13.measured	s:gov
clock.rows.27.cells.13.margin	f:bffb02879a94de20
clock.rows.27.cells.14	keys:10
clock.rows.27.cells.14.s	f:3fd2e147ae147ae4
clock.rows.27.cells.14.setpoint_gap	f:3f677d2785770408
clock.rows.27.cells.14.lag_gap	f:bf602a68b604d965
clock.rows.27.cells.14.tau_f	f:3fb999999999999a
clock.rows.27.cells.14.tau_gov	f:3f947ae147ae147b
clock.rows.27.cells.14.slope_f	f:3f997b888d97be3a
clock.rows.27.cells.14.slope_r	f:3f9a609c5258686f
clock.rows.27.cells.14.predicted	s:gov
clock.rows.27.cells.14.measured	s:gov
clock.rows.27.cells.14.margin	f:bffb02f93d09a1dc
clock.rows.27.cells.15	keys:10
clock.rows.27.cells.15.s	f:3fd3333333333336
clock.rows.27.cells.15.setpoint_gap	f:3f67862b53da69e0
clock.rows.27.cells.15.lag_gap	f:bf6030791904f525
clock.rows.27.cells.15.tau_f	f:3fb999999999999a
clock.rows.27.cells.15.tau_gov	f:3f947ae147ae147b
clock.rows.27.cells.15.slope_f	f:3f99834b175c2a6a
clock.rows.27.cells.15.slope_r	f:3f9a6182986dd7ef
clock.rows.27.cells.15.predicted	s:gov
clock.rows.27.cells.15.measured	s:gov
clock.rows.27.cells.15.margin	f:bffb02e0d1347873
clock.rows.27.cells.16	keys:10
clock.rows.27.cells.16.s	f:3fd3851eb851eb88
clock.rows.27.cells.16.setpoint_gap	f:3f678eee858ce8f4
clock.rows.27.cells.16.lag_gap	f:bf6035b10f071265
clock.rows.27.cells.16.tau_f	f:3fb999999999999a
clock.rows.27.cells.16.tau_gov	f:3f947ae147ae147b
clock.rows.27.cells.16.slope_f	f:3f9989fcaccf1b4a
clock.rows.27.cells.16.slope_r	f:3f9a625cc21f557f
clock.rows.27.cells.16.predicted	s:gov
clock.rows.27.cells.16.measured	s:gov
clock.rows.27.cells.16.margin	f:bffb0253add30815
clock.rows.27.cells.17	keys:10
clock.rows.27.cells.17.s	f:3fd3d70a3d70a3da
clock.rows.27.cells.17.setpoint_gap	f:3f67977ab1b7df2c
clock.rows.27.cells.17.lag_gap	f:bf603a3138c97f95
clock.rows.27.cells.17.tau_f	f:3fb999999999999a
clock.rows.27.cells.17.tau_gov	f:3f947ae147ae147b
clock.rows.27.cells.17.slope_f	f:3f998fc685c72342
clock.rows.27.cells.17.slope_r	f:3f9a632cf9f852eb
clock.rows.27.cells.17.predicted	s:gov
clock.rows.27.cells.17.measured	s:gov
clock.rows.27.cells.17.margin	f:bffb0163f7fde24b
clock.rows.27.cells.18	keys:10
clock.rows.27.cells.18.s	f:3fd428f5c28f5c2c
clock.rows.27.cells.18.setpoint_gap	f:3f679fd7ff7c5d68
clock.rows.27.cells.18.lag_gap	f:bf603e15636a98b5
clock.rows.27.cells.18.tau_f	f:3fb999999999999a
clock.rows.27.cells.18.tau_gov	f:3f947ae147ae147b
clock.rows.27.cells.18.slope_f	f:3f9994cbc0c5d736
clock.rows.27.cells.18.slope_r	f:3f9a63f51682f9a7
clock.rows.27.cells.18.predicted	s:gov
clock.rows.27.cells.18.measured	s:gov
clock.rows.27.cells.18.margin	f:bffb00211c81f303
clock.rows.27.cells.19	keys:10
clock.rows.27.cells.19.s	f:3fd47ae147ae147e
clock.rows.27.cells.19.setpoint_gap	f:3f67a80d5c6ad7b0
clock.rows.27.cells.19.lag_gap	f:bf6041753c4aa205
clock.rows.27.cells.19.tau_f	f:3fb999999999999a
clock.rows.27.cells.19.tau_gov	f:3f947ae147ae147b
clock.rows.27.cells.19.slope_f	f:3f99992a464bd556
clock.rows.27.cells.19.slope_r	f:3f9a64b6a6a8b613
clock.rows.27.cells.19.predicted	s:gov
clock.rows.27.cells.19.measured	s:gov
clock.rows.27.cells.19.margin	f:bffafe98376997bd
clock.rows.27.cells.20	keys:10
clock.rows.27.cells.20.s	f:3fd4ccccccccccd0
clock.rows.27.cells.20.setpoint_gap	f:3f67b020ab08ea44
clock.rows.27.cells.20.lag_gap	f:bf604464eb6d5c75
clock.rows.27.cells.20.tau_f	f:3fb999999999999a
clock.rows.27.cells.20.tau_gov	f:3f947ae147ae147b
clock.rows.27.cells.20.slope_f	f:3f999cfb8bf1a7be
clock.rows.27.cells.20.slope_r	f:3f9a6572fc4cc4df
clock.rows.27.cells.20.predicted	s:gov
clock.rows.27.cells.20.measured	s:gov
clock.rows.27.cells.20.margin	f:bffafcd46c4922aa
clock.rows.27.cells.21	keys:10
clock.rows.27.cells.21.s	f:3fd51eb851eb8522
clock.rows.27.cells.21.setpoint_gap	f:3f67b816ea869c94
clock.rows.27.cells.21.lag_gap	f:bf6046f597cbc875
clock.rows.27.cells.21.tau_f	f:3fb999999999999a
clock.rows.27.cells.21.tau_gov	f:3f947ae147ae147b
clock.rows.27.cells.21.slope_f	f:3f99a0553b9e710e
clock.rows.27.cells.21.slope_r	f:3f9a662b355e906f
clock.rows.27.cells.21.predicted	s:gov
clock.rows.27.cells.21.measured	s:gov
clock.rows.27.cells.21.margin	f:bffafadf318439c9
clock.rows.27.cells.22	keys:10
clock.rows.27.cells.22.s	f:3fd570a3d70a3d74
clock.rows.27.cells.22.setpoint_gap	f:3f67bff4589d67a8
clock.rows.27.cells.22.lag_gap	f:bf604935d89c4a75
clock.rows.27.cells.22.tau_f	f:3fb999999999999a
clock.rows.27.cells.22.tau_gov	f:3f947ae147ae147b
clock.rows.27.cells.22.slope_f	f:3f99a349c2aefcda
clock.rows.27.cells.22.slope_r	f:3f9a66e0439a1eeb
clock.rows.27.cells.22.predicted	s:gov
clock.rows.27.cells.22.measured	s:gov
clock.rows.27.cells.22.margin	f:bffaf8c090719c1b
clock.rows.27.cells.23	keys:10
clock.rows.27.cells.23.s	f:3fd5c28f5c28f5c6
clock.rows.27.cells.23.setpoint_gap	f:3f67c7bc8e707658
clock.rows.27.cells.23.lag_gap	f:bf604b3216357ff5
clock.rows.27.cells.23.tau_f	f:3fb999999999999a
clock.rows.27.cells.23.tau_gov	f:3f947ae147ae147b
clock.rows.27.cells.23.slope_f	f:3f99a5e8cc6413fe
clock.rows.27.cells.23.slope_r	f:3f9a6792f326043f
clock.rows.27.cells.23.predicted	s:gov
clock.rows.27.cells.23.measured	s:gov
clock.rows.27.cells.23.margin	f:bffaf67f5bfd587e
clock.rows.27.cells.24	keys:10
clock.rows.27.cells.24.s	f:3fd6147ae147ae18
clock.rows.27.cells.24.setpoint_gap	f:3f67cf729927cccc
clock.rows.27.cells.24.lag_gap	f:bf604cf4dcd91475
clock.rows.27.cells.24.tau_f	f:3fb999999999999a
clock.rows.27.cells.24.tau_gov	f:3f947ae147ae147b
clock.rows.27.cells.24.slope_f	f:3f99a83faa80f5e6
clock.rows.27.cells.24.slope_r	f:3f9a6843f0380da7
clock.rows.27.cells.24.predicted	s:gov
clock.rows.27.cells.24.measured	s:gov
clock.rows.27.cells.24.margin	f:bffaf4215f2e0897
clock.rows.27.cells.25	keys:10
clock.rows.27.cells.25.s	f:3fd666666666666a
clock.rows.27.cells.25.setpoint_gap	f:3f67d7190ee5827c
clock.rows.27.cells.25.lag_gap	f:bf604e872365910d
clock.rows.27.cells.25.tau_f	f:3fb999999999999a
clock.rows.27.cells.25.tau_gov	f:3f947ae147ae147b
clock.rows.27.cells.25.slope_f	f:3f99aa59ae9fd0ae
clock.rows.27.cells.25.slope_r	f:3f9a68f3cbe448d9
clock.rows.27.cells.25.predicted	s:gov
clock.rows.27.cells.25.measured	s:gov
clock.rows.27.cells.25.margin	f:bffaf1ab84be2f2b
clock.rows.27.cells.26	keys:10
clock.rows.27.cells.26.s	f:3fd6b851eb851ebc
clock.rows.27.cells.26.setpoint_gap	f:3f67deb2209deae4
clock.rows.27.cells.26.lag_gap	f:bf60371117155f55
clock.rows.27.cells.26.tau_f	f:3fb999999999999a
clock.rows.27.cells.26.tau_gov	f:3f947ae147ae147b
clock.rows.27.cells.26.slope_f	f:3f998d4a987f9af6
clock.rows.27.cells.26.slope_r	f:3f9a6a4a2a3872ff
clock.rows.27.cells.26.predicted	s:gov
clock.rows.27.cells.26.measured	s:gov
clock.rows.27.cells.26.margin	f:bffade75e05c60f0
clock.rows.28	keys:20
clock.rows.28.coord	s:clip
clock.rows.28.tau_f	f:3fb999999999999a
clock.rows.28.tau_gov	f:3fa999999999999a
clock.rows.28.tau_q	f:3fa999999999999a
clock.rows.28.tau_s	f:3fa999999999999a
clock.rows.28.phi_lim	f:3fe8000000000000
clock.rows.28.phi_air	f:3fe8a3d70a3d70a4
clock.rows.28.max_Tt4	f:4094050de9a9568f
clock.rows.28.riding4_valid	b:1
clock.rows.28.n_riding4	i:23
clock.rows.28.census	keys:1
clock.rows.28.census.gov	i:23
clock.rows.28.n_fuel	i:0
clock.rows.28.n_gov	i:23
clock.rows.28.n_scored	i:23
clock.rows.28.n_edge	i:0
clock.rows.28.n_agree	i:23
clock.rows.28.agreement	f:3ff0000000000000
clock.rows.28.worst_miss	n
clock.rows.28.min_margin	f:3ff2c5233c8960ab
clock.rows.28.cells	len:23
clock.rows.28.cells.0	keys:10
clock.rows.28.cells.0.s	f:3fd0a3d70a3d70a6
clock.rows.28.cells.0.setpoint_gap	f:3f6d0ce7600c91e4
clock.rows.28.cells.0.lag_gap	f:bf441e2f1bd08318
clock.rows.28.cells.0.tau_f	f:3fb999999999999a
clock.rows.28.cells.0.tau_gov	f:3fa999999999999a
clock.rows.28.cells.0.slope_f	f:3f932ed509b449af
clock.rows.28.cells.0.slope_r	f:3f99cacca206416e
clock.rows.28.cells.0.predicted	s:gov
clock.rows.28.cells.0.measured	s:gov
clock.rows.28.cells.0.margin	f:bff2c5233c8960ab
clock.rows.28.cells.1	keys:10
clock.rows.28.cells.1.s	f:3fd0f5c28f5c28f8
clock.rows.28.cells.1.setpoint_gap	f:3f6d38a491e031a8
clock.rows.28.cells.1.lag_gap	f:bf4c156dec328d48
clock.rows.28.cells.1.tau_f	f:3fb999999999999a
clock.rows.28.cells.1.tau_gov	f:3fa999999999999a
clock.rows.28.cells.1.slope_f	f:3f95ae0ef5cc02af
clock.rows.28.cells.1.slope_r	f:3f99ceb937f86d10
clock.rows.28.cells.1.predicted	s:gov
clock.rows.28.cells.1.measured	s:gov
clock.rows.28.cells.1.margin	f:bff3d8230356dfef
clock.rows.28.cells.2	keys:10
clock.rows.28.cells.2.s	f:3fd147ae147ae14a
clock.rows.28.cells.2.setpoint_gap	f:3f6d616fe0391548
clock.rows.28.cells.2.lag_gap	f:bf4cfcfe181ed718
clock.rows.28.cells.2.tau_f	f:3fb999999999999a
clock.rows.28.cells.2.tau_gov	f:3fa999999999999a
clock.rows.28.cells.2.slope_f	f:3f95f83e70e31f13
clock.rows.28.cells.2.slope_r	f:3f99d25e12b2f7b6
clock.rows.28.cells.2.predicted	s:gov
clock.rows.28.cells.2.measured	s:gov
clock.rows.28.cells.2.margin	f:bff3f25337c55238
clock.rows.28.cells.3	keys:10
clock.rows.28.cells.3.s	f:3fd199999999999c
clock.rows.28.cells.3.setpoint_gap	f:3f6d878861617630
clock.rows.28.cells.3.lag_gap	f:bf4dd1373413f0f4
clock.rows.28.cells.3.tau_f	f:3fb999999999999a
clock.rows.28.cells.3.tau_gov	f:3fa999999999999a
clock.rows.28.cells.3.slope_f	f:3f963c41dccc3906
clock.rows.28.cells.3.slope_r	f:3f99d5c1390bfb72
clock.rows.28.cells.3.predicted	s:gov
clock.rows.28.cells.3.measured	s:gov
clock.rows.28.cells.3.margin	f:bff409fb1f501296
clock.rows.28.cells.4	keys:10
clock.rows.28.cells.4.s	f:3fd1eb851eb851ee
clock.rows.28.cells.4.setpoint_gap	f:3f6dab28250afbe0
clock.rows.28.cells.4.lag_gap	f:bf4e93a63c1e2724
clock.rows.28.cells.4.tau_f	f:3fb999999999999a
clock.rows.28.cells.4.tau_gov	f:3fa999999999999a
clock.rows.28.cells.4.slope_f	f:3f967a9817440886
clock.rows.28.cells.4.slope_r	f:3f99d8e848f53894
clock.rows.28.cells.4.predicted	s:gov
clock.rows.28.cells.4.measured	s:gov
clock.rows.28.cells.4.margin	f:bff41f5864a54a55
clock.rows.28.cells.5	keys:10
clock.rows.28.cells.5.s	f:3fd23d70a3d70a40
clock.rows.28.cells.5.setpoint_gap	f:3f6dcc848e50eaac
clock.rows.28.cells.5.lag_gap	f:bf4f45bbff027354
clock.rows.28.cells.5.tau_f	f:3fb999999999999a
clock.rows.28.cells.5.tau_gov	f:3fa999999999999a
clock.rows.28.cells.5.slope_f	f:3f96b3b6fccfa156
clock.rows.28.cells.5.slope_r	f:3f99dbd87a3dba96
clock.rows.28.cells.5.predicted	s:gov
clock.rows.28.cells.5.measured	s:gov
clock.rows.28.cells.5.margin	f:bff432a28d512fb1
clock.rows.28.cells.6	keys:10
clock.rows.28.cells.6.s	f:3fd28f5c28f5c292
clock.rows.28.cells.6.setpoint_gap	f:3f6debcea9f51260
clock.rows.28.cells.6.lag_gap	f:bf4fe8ce6326c104
clock.rows.28.cells.6.tau_f	f:3fb999999999999a
clock.rows.28.cells.6.tau_gov	f:3fa999999999999a
clock.rows.28.cells.6.slope_f	f:3f96e80bd02a5ac2
clock.rows.28.cells.6.slope_r	f:3f99de96a25c7ce0
clock.rows.28.cells.6.predicted	s:gov
clock.rows.28.cells.6.measured	s:gov
clock.rows.28.cells.6.margin	f:bff4440ba16a8679
clock.rows.28.cells.7	keys:10
clock.rows.28.cells.7.s	f:3fd2e147ae147ae4
clock.rows.28.cells.7.setpoint_gap	f:3f6e093380696848
clock.rows.28.cells.7.lag_gap	f:bf503f0ce3eaded2
clock.rows.28.cells.7.tau_f	f:3fb999999999999a
clock.rows.28.cells.7.tau_gov	f:3fa999999999999a
clock.rows.28.cells.7.slope_f	f:3f9717fbaae984a2
clock.rows.28.cells.7.slope_r	f:3f99e12738ed72bc
clock.rows.28.cells.7.predicted	s:gov
clock.rows.28.cells.7.measured	s:gov
clock.rows.28.cells.7.margin	f:bff453c0bfeaf74b
clock.rows.28.cells.8	keys:10
clock.rows.28.cells.8.s	f:3fd3333333333336
clock.rows.28.cells.8.setpoint_gap	f:3f6e24dc636606b4
clock.rows.28.cells.8.lag_gap	f:bf5083613ae30e1a
clock.rows.28.cells.8.tau_f	f:3fb999999999999a
clock.rows.28.cells.8.tau_gov	f:3fa999999999999a
clock.rows.28.cells.8.slope_f	f:3f9743e3f31cf1e6
clock.rows.28.cells.8.slope_r	f:3f99e38e5c9e122a
clock.rows.28.cells.8.predicted	s:gov
clock.rows.28.cells.8.measured	s:gov
clock.rows.28.cells.8.margin	f:bff461eaa21a0534
clock.rows.28.cells.9	keys:10
clock.rows.28.cells.9.s	f:3fd3851eb851eb88
clock.rows.28.cells.9.setpoint_gap	f:3f6e3eef36ee9e10
clock.rows.28.cells.9.lag_gap	f:bf50c1eb0a785c12
clock.rows.28.cells.9.tau_f	f:3fb999999999999a
clock.rows.28.cells.9.tau_gov	f:3fa999999999999a
clock.rows.28.cells.9.slope_f	f:3f976c1ad2b64326
clock.rows.28.cells.9.slope_r	f:3f99e5cfd8561334
clock.rows.28.cells.9.predicted	s:gov
clock.rows.28.cells.9.measured	s:gov
clock.rows.28.cells.9.margin	f:bff46eae10210c7e
clock.rows.28.cells.10	keys:10
clock.rows.28.cells.10.s	f:3fd3d70a3d70a3da
clock.rows.28.cells.10.setpoint_gap	f:3f6e578eb5c4bb30
clock.rows.28.cells.10.lag_gap	f:bf50fb26901e1cca
clock.rows.28.cells.10.tau_f	f:3fb999999999999a
clock.rows.28.cells.10.tau_gov	f:3fa999999999999a
clock.rows.28.cells.10.slope_f	f:3f9790efae4da7d2
clock.rows.28.cells.10.slope_r	f:3f99e7ef2875aba6
clock.rows.28.cells.10.predicted	s:gov
clock.rows.28.cells.10.measured	s:gov
clock.rows.28.cells.10.margin	f:bff47a2c48989f13
clock.rows.28.cells.11	keys:10
clock.rows.28.cells.11.s	f:3fd428f5c28f5c2c
clock.rows.28.cells.11.setpoint_gap	f:3f6e6edab15837f8
clock.rows.28.cells.11.lag_gap	f:bf512f8628bc440a
clock.rows.28.cells.11.tau_f	f:3fb999999999999a
clock.rows.28.cells.11.tau_gov	f:3fa999999999999a
clock.rows.28.cells.11.slope_f	f:3f97b2ab997bd8be
clock.rows.28.cells.11.slope_r	f:3f99e9ef800c5c6e
clock.rows.28.cells.11.predicted	s:gov
clock.rows.28.cells.11.measured	s:gov
clock.rows.28.cells.11.margin	f:bff484835ca2780b
clock.rows.28.cells.12	keys:10
clock.rows.28.cells.12.s	f:3fd47ae147ae147e
clock.rows.28.cells.12.setpoint_gap	f:3f6e84f04d556990
clock.rows.28.cells.12.lag_gap	f:bf515f7300dbee32
clock.rows.28.cells.12.tau_f	f:3fb999999999999a
clock.rows.28.cells.12.tau_gov	f:3fa999999999999a
clock.rows.28.cells.12.slope_f	f:3f97d191c78311fa
clock.rows.28.cells.12.slope_r	f:3f99ebd3cdf33a34
clock.rows.28.cells.12.predicted	s:gov
clock.rows.28.cells.12.measured	s:gov
clock.rows.28.cells.12.margin	f:bff48dce81efcc01
clock.rows.28.cells.13	keys:10
clock.rows.28.cells.13.s	f:3fd4ccccccccccd0
clock.rows.28.cells.13.setpoint_gap	f:3f6e99ea36faca8c
clock.rows.28.cells.13.lag_gap	f:bf518b4dbda2ac12
clock.rows.28.cells.13.tau_f	f:3fb999999999999a
clock.rows.28.cells.13.tau_gov	f:3fa999999999999a
clock.rows.28.cells.13.slope_f	f:3f97eddff7637bb6
clock.rows.28.cells.13.slope_r	f:3f99ed9ec1bba054
clock.rows.28.cells.13.predicted	s:gov
clock.rows.28.cells.13.measured	s:gov
clock.rows.28.cells.13.margin	f:bff496265be5d287
clock.rows.28.cells.14	keys:10
clock.rows.28.cells.14.s	f:3fd51eb851eb8522
clock.rows.28.cells.14.setpoint_gap	f:3f6eade0d866b42c
clock.rows.28.cells.14.lag_gap	f:bf51b36f1db50c5c
clock.rows.28.cells.14.tau_f	f:3fb999999999999a
clock.rows.28.cells.14.tau_gov	f:3fa999999999999a
clock.rows.28.cells.14.slope_f	f:3f9807cedac51d26
clock.rows.28.cells.14.slope_r	f:3f99ef52d067eada
clock.rows.28.cells.14.predicted	s:gov
clock.rows.28.cells.14.measured	s:gov
clock.rows.28.cells.14.margin	f:bff49da13ceb22d8
clock.rows.28.cells.15	keys:10
clock.rows.28.cells.15.s	f:3fd570a3d70a3d74
clock.rows.28.cells.15.setpoint_gap	f:3f6ec0ea88120e34
clock.rows.28.cells.15.lag_gap	f:bf51d82891791434
clock.rows.28.cells.15.tau_f	f:3fb999999999999a
clock.rows.28.cells.15.tau_gov	f:3fa999999999999a
clock.rows.28.cells.15.slope_f	f:3f981f92775f84a2
clock.rows.28.cells.15.slope_r	f:3f99f0f238e7b004
clock.rows.28.cells.15.predicted	s:gov
clock.rows.28.cells.15.measured	s:gov
clock.rows.28.cells.15.margin	f:bff4a45360c75a06
clock.rows.28.cells.16	keys:10
clock.rows.28.cells.16.s	f:3fd5c28f5c28f5c6
clock.rows.28.cells.16.setpoint_gap	f:3f6ed31bb4af0990
clock.rows.28.cells.16.lag_gap	f:bf51f9c4ca77628c
clock.rows.28.cells.16.tau_f	f:3fb999999999999a
clock.rows.28.cells.16.tau_gov	f:3fa999999999999a
clock.rows.28.cells.16.slope_f	f:3f98355a82b465a6
clock.rows.28.cells.16.slope_r	f:3f99f27f0853901e
clock.rows.28.cells.16.predicted	s:gov
clock.rows.28.cells.16.measured	s:gov
clock.rows.28.cells.16.margin	f:bff4aa4f20e0d5e3
clock.rows.28.cells.17	keys:10
clock.rows.28.cells.17.s	f:3fd6147ae147ae18
clock.rows.28.cells.17.setpoint_gap	f:3f6ee4870da3e8a4
clock.rows.28.cells.17.lag_gap	f:bf52188841cfb924
clock.rows.28.cells.17.tau_f	f:3fb999999999999a
clock.rows.28.cells.17.tau_gov	f:3fa999999999999a
clock.rows.28.cells.17.slope_f	f:3f984952b8154736
clock.rows.28.cells.17.slope_r	f:3f99f3fb1de6e700
clock.rows.28.cells.17.predicted	s:gov
clock.rows.28.cells.17.measured	s:gov
clock.rows.28.cells.17.margin	f:bff4afa5230ae760
clock.rows.28.cells.18	keys:10
clock.rows.28.cells.18.s	f:3fd666666666666a
clock.rows.28.cells.18.setpoint_gap	f:3f6ef53da8596844
clock.rows.28.cells.18.lag_gap	f:bf5234b1b5dd7384
clock.rows.28.cells.18.tau_f	f:3fb999999999999a
clock.rows.28.cells.18.tau_gov	f:3fa999999999999a
clock.rows.28.cells.18.slope_f	f:3f985ba329060e1e
clock.rows.28.cells.18.slope_r	f:3f99f5682eb74bd8
clock.rows.28.cells.18.predicted	s:gov
clock.rows.28.cells.18.measured	s:gov
clock.rows.28.cells.18.margin	f:bff4b4648380c7fa
clock.rows.28.cells.19	keys:10
clock.rows.28.cells.19.s	f:3fd6b851eb851ebc
clock.rows.28.cells.19.setpoint_gap	f:3f6f054f22935e38
clock.rows.28.cells.19.lag_gap	f:bf524e7a9f483234
clock.rows.28.cells.19.tau_f	f:3fb999999999999a
clock.rows.28.cells.19.tau_gov	f:3fa999999999999a
clock.rows.28.cells.19.slope_f	f:3f986c70882297ea
clock.rows.28.cells.19.slope_r	f:3f99f6c7c92af114
clock.rows.28.cells.19.predicted	s:gov
clock.rows.28.cells.19.measured	s:gov
clock.rows.28.cells.19.margin	f:bff4b89afa9720b8
clock.rows.28.cells.20	keys:10
clock.rows.28.cells.20.s	f:3fd70a3d70a3d70e
clock.rows.28.cells.20.setpoint_gap	f:3f6f14c9c20827b8
clock.rows.28.cells.20.lag_gap	f:bf5266179dcef3fc
clock.rows.28.cells.20.tau_f	f:3fb999999999999a
clock.rows.28.cells.20.tau_gov	f:3fa999999999999a
clock.rows.28.cells.20.slope_f	f:3f987bdc6eb93b9e
clock.rows.28.cells.20.slope_r	f:3f99f81b582fc642
clock.rows.28.cells.20.predicted	s:gov
clock.rows.28.cells.20.measured	s:gov
clock.rows.28.cells.20.margin	f:bff4bc54fe9ca8d7
clock.rows.28.cells.21	keys:10
clock.rows.28.cells.21.s	f:3fd75c28f5c28f60
clock.rows.28.cells.21.setpoint_gap	f:3f6f23ba9169a6c0
clock.rows.28.cells.21.lag_gap	f:bf527bb8dd2b069c
clock.rows.28.cells.21.tau_f	f:3fb999999999999a
clock.rows.28.cells.21.tau_gov	f:3fa999999999999a
clock.rows.28.cells.21.slope_f	f:3f988a059d55d296
clock.rows.28.cells.21.slope_r	f:3f99f9642635dcea
clock.rows.28.cells.21.predicted	s:gov
clock.rows.28.cells.21.measured	s:gov
clock.rows.28.cells.21.margin	f:bff4bf9de25432b6
clock.rows.28.cells.22	keys:10
clock.rows.28.cells.22.s	f:3fd7ae147ae147b2
clock.rows.28.cells.22.setpoint_gap	f:3f6f322d7b0fd6a0
clock.rows.28.cells.22.lag_gap	f:bf526b5daa66ed7c
clock.rows.28.cells.22.tau_f	f:3fb999999999999a
clock.rows.28.cells.22.tau_gov	f:3fa999999999999a
clock.rows.28.cells.22.slope_f	f:3f9880a6301df6c6
clock.rows.28.cells.22.slope_r	f:3f99fb174b3b44b2
clock.rows.28.cells.22.predicted	s:gov
clock.rows.28.cells.22.measured	s:gov
clock.rows.28.cells.22.margin	f:bff4b93913640204
clock.rows.29	keys:20
clock.rows.29.coord	s:clip
clock.rows.29.tau_f	f:3fb999999999999a
clock.rows.29.tau_gov	f:3fc999999999999a
clock.rows.29.tau_q	f:3fa999999999999a
clock.rows.29.tau_s	f:3fa999999999999a
clock.rows.29.phi_lim	f:3fe8000000000000
clock.rows.29.phi_air	f:3fe8a3d70a3d70a4
clock.rows.29.max_Tt4	f:409691738dd6d6ee
clock.rows.29.riding4_valid	b:1
clock.rows.29.n_riding4	i:9
clock.rows.29.census	keys:1
clock.rows.29.census.gov	i:9
clock.rows.29.n_fuel	i:0
clock.rows.29.n_gov	i:9
clock.rows.29.n_scored	i:9
clock.rows.29.n_edge	i:0
clock.rows.29.n_agree	i:9
clock.rows.29.agreement	f:3ff0000000000000
clock.rows.29.worst_miss	n
clock.rows.29.min_margin	f:3fd91dcc40631aa0
clock.rows.29.cells	len:9
clock.rows.29.cells.0	keys:10
clock.rows.29.cells.0.s	f:3fd851eb851eb856
clock.rows.29.cells.0.setpoint_gap	f:3f79fcb0fd0bf6e8
clock.rows.29.cells.0.lag_gap	f:3f6f93c4d4cf178a
clock.rows.29.cells.0.tau_f	f:3fb999999999999a
clock.rows.29.cells.0.tau_gov	f:3fc999999999999a
clock.rows.29.cells.0.slope_f	f:3f825eedd6b581e3
clock.rows.29.cells.0.slope_r	f:3f9854167aaecf2e
clock.rows.29.cells.0.predicted	s:gov
clock.rows.29.cells.0.measured	s:gov
clock.rows.29.cells.0.margin	f:bfd91dcc40631aa0
clock.rows.29.cells.1	keys:10
clock.rows.29.cells.1.s	f:3fd8a3d70a3d70a8
clock.rows.29.cells.1.setpoint_gap	f:3f7a30b6c3c4778c
clock.rows.29.cells.1.lag_gap	f:3f6b826ed6b35fea
clock.rows.29.cells.1.tau_f	f:3fb999999999999a
clock.rows.29.cells.1.tau_gov	f:3fc999999999999a
clock.rows.29.cells.1.slope_f	f:3f8c8a9508dde9c9
clock.rows.29.cells.1.slope_r	f:3f98542a88679664
clock.rows.29.cells.1.predicted	s:gov
clock.rows.29.cells.1.measured	s:gov
clock.rows.29.cells.1.margin	f:bfde635da41716cb
clock.rows.29.cells.2	keys:10
clock.rows.29.cells.2.s	f:3fd8f5c28f5c28fa
clock.rows.29.cells.2.setpoint_gap	f:3f7a63afb5868cba
clock.rows.29.cells.2.lag_gap	f:3f6b590a7bbbfb7a
clock.rows.29.cells.2.tau_f	f:3fb999999999999a
clock.rows.29.cells.2.tau_gov	f:3fc999999999999a
clock.rows.29.cells.2.slope_f	f:3f8cf28636135be1
clock.rows.29.cells.2.slope_r	f:3f9854481ada5424
clock.rows.29.cells.2.predicted	s:gov
clock.rows.29.cells.2.measured	s:gov
clock.rows.29.cells.2.margin	f:bfded67b257c25a9
clock.rows.29.cells.3	keys:10
clock.rows.29.cells.3.s	f:3fd947ae147ae14c
clock.rows.29.cells.3.setpoint_gap	f:3f7a95a27c147e32
clock.rows.29.cells.3.lag_gap	f:3f6b30b5087ff3aa
clock.rows.29.cells.3.tau_f	f:3fb999999999999a
clock.rows.29.cells.3.tau_gov	f:3fc999999999999a
clock.rows.29.cells.3.slope_f	f:3f8d57f7cf55af49
clock.rows.29.cells.3.slope_r	f:3f98546f1925641c
clock.rows.29.cells.3.predicted	s:gov
clock.rows.29.cells.3.measured	s:gov
clock.rows.29.cells.3.margin	f:bfdf4556858f4934
clock.rows.29.cells.4	keys:10
clock.rows.29.cells.4.s	f:3fd999999999999e
clock.rows.29.cells.4.setpoint_gap	f:3f7ac69598c8e444
clock.rows.29.cells.4.lag_gap	f:3f6b09682ac4277a
clock.rows.29.cells.4.tau_f	f:3fb999999999999a
clock.rows.29.cells.4.tau_gov	f:3fc999999999999a
clock.rows.29.cells.4.slope_f	f:3f8dbaf9421c62b1
clock.rows.29.cells.4.slope_r	f:3f98549f6b41b158
clock.rows.29.cells.4.predicted	s:gov
clock.rows.29.cells.4.measured	s:gov
clock.rows.29.cells.4.margin	f:bfdfb023b903997f
clock.rows.29.cells.5	keys:10
clock.rows.29.cells.5.s	f:3fd9eb851eb851f0
clock.rows.29.cells.5.setpoint_gap	f:3f7af68f6572b684
clock.rows.29.cells.5.lag_gap	f:3f6ae31db30d32fb
clock.rows.29.cells.5.tau_f	f:3fb999999999999a
clock.rows.29.cells.5.tau_gov	f:3fc999999999999a
clock.rows.29.cells.5.slope_f	f:3f8e1b99a8004e10
clock.rows.29.cells.5.slope_r	f:3f9854d8f9e85360
clock.rows.29.cells.5.predicted	s:gov
clock.rows.29.cells.5.measured	s:gov
clock.rows.29.cells.5.margin	f:bfe00b89c7c36f4f
clock.rows.29.cells.6	keys:10
clock.rows.29.cells.6.s	f:3fda3d70a3d70a42
clock.rows.29.cells.6.setpoint_gap	f:3f7b2596152e56ae
clock.rows.29.cells.6.lag_gap	f:3f6abdcf940f7a7b
clock.rows.29.cells.6.tau_f	f:3fb999999999999a
clock.rows.29.cells.6.tau_gov	f:3fc999999999999a
clock.rows.29.cells.6.slope_f	f:3f8e79e7c7c41068
clock.rows.29.cells.6.slope_r	f:3f98551bae7ab0a6
clock.rows.29.cells.6.predicted	s:gov
clock.rows.29.cells.6.measured	s:gov
clock.rows.29.cells.6.margin	f:bfe03d29f7e7cbc1
clock.rows.29.cells.7	keys:10
clock.rows.29.cells.7.s	f:3fda8f5c28f5c294
clock.rows.29.cells.7.setpoint_gap	f:3f7b53afb53b6118
clock.rows.29.cells.7.lag_gap	f:3f6a9977e21a603b
clock.rows.29.cells.7.tau_f	f:3fb999999999999a
clock.rows.29.cells.7.tau_gov	f:3fc999999999999a
clock.rows.29.cells.7.slope_f	f:3f8ed5f216722c48
clock.rows.29.cells.7.slope_r	f:3f98556772ed0736
clock.rows.29.cells.7.predicted	s:gov
clock.rows.29.cells.7.measured	s:gov
clock.rows.29.cells.7.margin	f:bfe06d08072ff300
clock.rows.29.cells.8	keys:10
clock.rows.29.cells.8.s	f:3fdae147ae147ae6
clock.rows.29.cells.8.setpoint_gap	f:3f7b80e22dcf22e2
clock.rows.29.cells.8.lag_gap	f:3f6a9091e13802bb
clock.rows.29.cells.8.tau_f	f:3fb999999999999a
clock.rows.29.cells.8.tau_gov	f:3fc999999999999a
clock.rows.29.cells.8.slope_f	f:3f8ef011260df720
clock.rows.29.cells.8.slope_r	f:3f98565f76467f7c
clock.rows.29.cells.8.predicted	s:gov
clock.rows.29.cells.8.measured	s:gov
clock.rows.29.cells.8.margin	f:bfe08bcd231a5ba4
clock.rows.30	keys:20
clock.rows.30.coord	s:clip
clock.rows.30.tau_f	f:3fbeb851eb851eb8
clock.rows.30.tau_gov	f:3f947ae147ae147b
clock.rows.30.tau_q	f:3fa999999999999a
clock.rows.30.tau_s	f:3fa999999999999a
clock.rows.30.phi_lim	f:3fe8000000000000
clock.rows.30.phi_air	f:3fe8a3d70a3d70a4
clock.rows.30.max_Tt4	f:409348fa629cd593
clock.rows.30.riding4_valid	b:1
clock.rows.30.n_riding4	i:27
clock.rows.30.census	keys:1
clock.rows.30.census.gov	i:27
clock.rows.30.n_fuel	i:0
clock.rows.30.n_gov	i:27
clock.rows.30.n_scored	i:27
clock.rows.30.n_edge	i:0
clock.rows.30.n_agree	i:27
clock.rows.30.agreement	f:3ff0000000000000
clock.rows.30.worst_miss	n
clock.rows.30.min_margin	f:3ff74aec9a7b4757
clock.rows.30.cells	len:27
clock.rows.30.cells.0	keys:10
clock.rows.30.cells.0.s	f:3fccccccccccccd1
clock.rows.30.cells.0.setpoint_gap	f:3f66b5b5b6940504
clock.rows.30.cells.0.lag_gap	f:bf54b3af7792c5ea
clock.rows.30.cells.0.tau_f	f:3fbeb851eb851eb8
clock.rows.30.cells.0.tau_gov	f:3f947ae147ae147b
clock.rows.30.cells.0.slope_f	f:3f8e52039d066f30
clock.rows.30.cells.0.slope_r	f:3f9a44868168a313
clock.rows.30.cells.0.predicted	s:gov
clock.rows.30.cells.0.measured	s:gov
clock.rows.30.cells.0.margin	f:bff74aec9a7b4757
clock.rows.30.cells.1	keys:10
clock.rows.30.cells.1.s	f:3fcd70a3d70a3d75
clock.rows.30.cells.1.setpoint_gap	f:3f66cd1214770f64
clock.rows.30.cells.1.lag_gap	f:bf62f26fdbe7e633
clock.rows.30.cells.1.tau_f	f:3fbeb851eb851eb8
clock.rows.30.cells.1.tau_gov	f:3f947ae147ae147b
clock.rows.30.cells.1.slope_f	f:3f981df4fe15f48a
clock.rows.30.cells.1.slope_r	f:3f9a4882d61a5c7b
clock.rows.30.cells.1.predicted	s:gov
clock.rows.30.cells.1.measured	s:gov
clock.rows.30.cells.1.margin	f:bffd4ba857ea99db
clock.rows.30.cells.2	keys:10
clock.rows.30.cells.2.s	f:3fce147ae147ae19
clock.rows.30.cells.2.setpoint_gap	f:3f66e212fb0f4088
clock.rows.30.cells.2.lag_gap	f:bf6329b23ae1fc9b
clock.rows.30.cells.2.tau_f	f:3fbeb851eb851eb8
clock.rows.30.cells.2.tau_gov	f:3f947ae147ae147b
clock.rows.30.cells.2.slope_f	f:3f985818e8d99b36
clock.rows.30.cells.2.slope_r	f:3f9a4bfb85153879
clock.rows.30.cells.2.predicted	s:gov
clock.rows.30.cells.2.measured	s:gov
clock.rows.30.cells.2.margin	f:bffd66177bb2e614
clock.rows.30.cells.3	keys:10
clock.rows.30.cells.3.s	f:3fceb851eb851ebd
clock.rows.30.cells.3.setpoint_gap	f:3f66f50fba904f2c
clock.rows.30.cells.3.lag_gap	f:bf6358fdd1b0ccd3
clock.rows.30.cells.3.tau_f	f:3fbeb851eb851eb8
clock.rows.30.cells.3.tau_gov	f:3f947ae147ae147b
clock.rows.30.cells.3.slope_f	f:3f9889de4c719c6a
clock.rows.30.cells.3.slope_r	f:3f9a4f036c18aa53
clock.rows.30.cells.3.predicted	s:gov
clock.rows.30.cells.3.measured	s:gov
clock.rows.30.cells.3.margin	f:bffd7bf8e6822e1c
clock.rows.30.cells.4	keys:10
clock.rows.30.cells.4.s	f:3fcf5c28f5c28f61
clock.rows.30.cells.4.setpoint_gap	f:3f67065363fde57c
clock.rows.30.cells.4.lag_gap	f:bf63817248a0f802
clock.rows.30.cells.4.tau_f	f:3fbeb851eb851eb8
clock.rows.30.cells.4.tau_gov	f:3f947ae147ae147b
clock.rows.30.cells.4.slope_f	f:3f98b473890eac79
clock.rows.30.cells.4.slope_r	f:3f9a51aaf069fcc8
clock.rows.30.cells.4.predicted	s:gov
clock.rows.30.cells.4.measured	s:gov
clock.rows.30.cells.4.margin	f:bffd8df9520aa471
clock.rows.30.cells.5	keys:10
clock.rows.30.cells.5.s	f:3fd0000000000002
clock.rows.30.cells.5.setpoint_gap	f:3f67161e66ac1828
clock.rows.30.cells.5.lag_gap	f:bf63a408fcbac18a
clock.rows.30.cells.5.tau_f	f:3fbeb851eb851eb8
clock.rows.30.cells.5.tau_gov	f:3f947ae147ae147b
clock.rows.30.cells.5.slope_f	f:3f98d8debd5d7449
clock.rows.30.cells.5.slope_r	f:3f9a540044a18016
clock.rows.30.cells.5.predicted	s:gov
clock.rows.30.cells.5.measured	s:gov
clock.rows.30.cells.5.margin	f:bffd9cac4fc8e1b6
clock.rows.30.cells.6	keys:10
clock.rows.30.cells.6.s	f:3fd051eb851eb854
clock.rows.30.cells.6.setpoint_gap	f:3f6724a7fe2c4cd4
clock.rows.30.cells.6.lag_gap	f:bf63c199806c0413
clock.rows.30.cells.6.tau_f	f:3fbeb851eb851eb8
clock.rows.30.cells.6.tau_gov	f:3f947ae147ae147b
clock.rows.30.cells.6.slope_f	f:3f98f80282331ed6
clock.rows.30.cells.6.slope_r	f:3f9a560faa8f9f8b
clock.rows.30.cells.6.predicted	s:gov
clock.rows.30.cells.6.measured	s:gov
clock.rows.30.cells.6.margin	f:bffda88fe1a1f9fa
clock.rows.30.cells.7	keys:10
clock.rows.30.cells.7.s	f:3fd0a3d70a3d70a6
clock.rows.30.cells.7.setpoint_gap	f:3f67321f74242274
clock.rows.30.cells.7.lag_gap	f:bf63daddbfb6c16b
clock.rows.30.cells.7.tau_f	f:3fbeb851eb851eb8
clock.rows.30.cells.7.tau_gov	f:3f947ae147ae147b
clock.rows.30.cells.7.slope_f	f:3f9912a2450e29aa
clock.rows.30.cells.7.slope_r	f:3f9a57e3b01ec11d
clock.rows.30.cells.7.predicted	s:gov
clock.rows.30.cells.7.measured	s:gov
clock.rows.30.cells.7.margin	f:bffdb20f9288e609
clock.rows.30.cells.8	keys:10
clock.rows.30.cells.8.s	f:3fd0f5c28f5c28f8
clock.rows.30.cells.8.setpoint_gap	f:3f673ead39f02ffc
clock.rows.30.cells.8.lag_gap	f:bf63f075c1863dc3
clock.rows.30.cells.8.tau_f	f:3fbeb851eb851eb8
clock.rows.30.cells.8.tau_gov	f:3f947ae147ae147b
clock.rows.30.cells.8.slope_f	f:3f9929663ab3d5ba
clock.rows.30.cells.8.slope_r	f:3f9a598566b00057
clock.rows.30.cells.8.predicted	s:gov
clock.rows.30.cells.8.measured	s:gov
clock.rows.30.cells.8.margin	f:bffdb987202292b2
clock.rows.30.cells.9	keys:10
clock.rows.30.cells.9.s	f:3fd147ae147ae14a
clock.rows.30.cells.9.setpoint_gap	f:3f674a73de0f5910
clock.rows.30.cells.9.lag_gap	f:bf6402eb05d29003
clock.rows.30.cells.9.tau_f	f:3fbeb851eb851eb8
clock.rows.30.cells.9.tau_gov	f:3f947ae147ae147b
clock.rows.30.cells.9.slope_f	f:3f993cdee989ca32
clock.rows.30.cells.9.slope_r	f:3f9a5afc94d6b917
clock.rows.30.cells.9.predicted	s:gov
clock.rows.30.cells.9.measured	s:gov
clock.rows.30.cells.9.margin	f:bffdbf44c457164e
clock.rows.30.cells.10	keys:10
clock.rows.30.cells.10.s	f:3fd199999999999c
clock.rows.30.cells.10.setpoint_gap	f:3f675590e13e05a8
clock.rows.30.cells.10.lag_gap	f:bf6412b384196e93
clock.rows.30.cells.10.tau_f	f:3fbeb851eb851eb8
clock.rows.30.cells.10.tau_gov	f:3f947ae147ae147b
clock.rows.30.cells.10.slope_f	f:3f994d884f5e97b6
clock.rows.30.cells.10.slope_r	f:3f9a5c4fe2989b2b
clock.rows.30.cells.10.predicted	s:gov
clock.rows.30.cells.10.measured	s:gov
clock.rows.30.cells.10.margin	f:bffdc38b2be4898f
clock.rows.30.cells.11	keys:10
clock.rows.30.cells.11.s	f:3fd1eb851eb851ee
clock.rows.30.cells.11.setpoint_gap	f:3f67601d6ef544dc
clock.rows.30.cells.11.lag_gap	f:bf6420345004695b
clock.rows.30.cells.11.tau_f	f:3fbeb851eb851eb8
clock.rows.30.cells.11.tau_gov	f:3f947ae147ae147b
clock.rows.30.cells.11.slope_f	f:3f995bcca8c4a7c6
clock.rows.30.cells.11.slope_r	f:3f9a5d8500805c29
clock.rows.30.cells.11.predicted	s:gov
clock.rows.30.cells.11.measured	s:gov
clock.rows.30.cells.11.margin	f:bffdc6932559e609
clock.rows.30.cells.12	keys:10
clock.rows.30.cells.12.s	f:3fd23d70a3d70a40
clock.rows.30.cells.12.setpoint_gap	f:3f676a2efcbdadb0
clock.rows.30.cells.12.lag_gap	f:bf642bc3eb58374b
clock.rows.30.cells.12.tau_f	f:3fbeb851eb851eb8
clock.rows.30.cells.12.tau_gov	f:3f947ae147ae147b
clock.rows.30.cells.12.slope_f	f:3f996806e177cc6a
clock.rows.30.cells.12.slope_r	f:3f9a5ea0c9e770e5
clock.rows.30.cells.12.predicted	s:gov
clock.rows.30.cells.12.measured	s:gov
clock.rows.30.cells.12.margin	f:bffdc88d12634b32
clock.rows.30.cells.13	keys:10
clock.rows.30.cells.13.s	f:3fd28f5c28f5c292
clock.rows.30.cells.13.setpoint_gap	f:3f6773d7d3791494
clock.rows.30.cells.13.lag_gap	f:bf6435ac4cd48d3b
clock.rows.30.cells.13.tau_f	f:3fbeb851eb851eb8
clock.rows.30.cells.13.tau_gov	f:3f947ae147ae147b
clock.rows.30.cells.13.slope_f	f:3f997284b5d90866
clock.rows.30.cells.13.slope_r	f:3f9a5fa762e5bfb1
clock.rows.30.cells.13.predicted	s:gov
clock.rows.30.cells.13.measured	s:gov
clock.rows.30.cells.13.margin	f:bffdc9a224027f06
clock.rows.30.cells.14	keys:10
clock.rows.30.cells.14.s	f:3fd2e147ae147ae4
clock.rows.30.cells.14.setpoint_gap	f:3f677d2785770408
clock.rows.30.cells.14.lag_gap	f:bf643e2ca3b6ba63
clock.rows.30.cells.14.tau_f	f:3fbeb851eb851eb8
clock.rows.30.cells.14.tau_gov	f:3f947ae147ae147b
clock.rows.30.cells.14.slope_f	f:3f997b888d97be3a
clock.rows.30.cells.14.slope_r	f:3f9a609c5258686f
clock.rows.30.cells.14.predicted	s:gov
clock.rows.30.cells.14.measured	s:gov
clock.rows.30.cells.14.margin	f:bffdc9f5692561c3
clock.rows.30.cells.15	keys:10
clock.rows.30.cells.15.s	f:3fd3333333333336
clock.rows.30.cells.15.setpoint_gap	f:3f67862b53da69e0
clock.rows.30.cells.15.lag_gap	f:bf64457adf5124e3
clock.rows.30.cells.15.tau_f	f:3fbeb851eb851eb8
clock.rows.30.cells.15.tau_gov	f:3f947ae147ae147b
clock.rows.30.cells.15.slope_f	f:3f99834b175c2a6a
clock.rows.30.cells.15.slope_r	f:3f9a6182986dd7ef
clock.rows.30.cells.15.predicted	s:gov
clock.rows.30.cells.15.measured	s:gov
clock.rows.30.cells.15.margin	f:bffdc9a4b60ae106
clock.rows.30.cells.16	keys:10
clock.rows.30.cells.16.s	f:3fd3851eb851eb88
clock.rows.30.cells.16.setpoint_gap	f:3f678eee858ce8f4
clock.rows.30.cells.16.lag_gap	f:bf644bc501b791a3
clock.rows.30.cells.16.tau_f	f:3fbeb851eb851eb8
clock.rows.30.cells.16.tau_gov	f:3f947ae147ae147b
clock.rows.30.cells.16.slope_f	f:3f9989fcaccf1b4a
clock.rows.30.cells.16.slope_r	f:3f9a625cc21f557f
clock.rows.30.cells.16.predicted	s:gov
clock.rows.30.cells.16.measured	s:gov
clock.rows.30.cells.16.margin	f:bffdc8c96a05ab6a
clock.rows.30.cells.17	keys:10
clock.rows.30.cells.17.s	f:3fd3d70a3d70a3da
clock.rows.30.cells.17.setpoint_gap	f:3f67977ab1b7df2c
clock.rows.30.cells.17.lag_gap	f:bf64513243f399b3
clock.rows.30.cells.17.tau_f	f:3fbeb851eb851eb8
clock.rows.30.cells.17.tau_gov	f:3f947ae147ae147b
clock.rows.30.cells.17.slope_f	f:3f998fc685c72342
clock.rows.30.cells.17.slope_r	f:3f9a632cf9f852eb
clock.rows.30.cells.17.predicted	s:gov
clock.rows.30.cells.17.measured	s:gov
clock.rows.30.cells.17.margin	f:bffdc779186796c2
clock.rows.30.cells.18	keys:10
clock.rows.30.cells.18.s	f:3fd428f5c28f5c2c
clock.rows.30.cells.18.setpoint_gap	f:3f679fd7ff7c5d68
clock.rows.30.cells.18.lag_gap	f:bf6455e4119ebb23
clock.rows.30.cells.18.tau_f	f:3fbeb851eb851eb8
clock.rows.30.cells.18.tau_gov	f:3f947ae147ae147b
clock.rows.30.cells.18.slope_f	f:3f9994cbc0c5d736
clock.rows.30.cells.18.slope_r	f:3f9a63f51682f9a7
clock.rows.30.cells.18.predicted	s:gov
clock.rows.30.cells.18.measured	s:gov
clock.rows.30.cells.18.margin	f:bffdc5c618b7b9ae
clock.rows.30.cells.19	keys:10
clock.rows.30.cells.19.s	f:3fd47ae147ae147e
clock.rows.30.cells.19.setpoint_gap	f:3f67a80d5c6ad7b0
clock.rows.30.cells.19.lag_gap	f:bf6459f6e12390f3
clock.rows.30.cells.19.tau_f	f:3fbeb851eb851eb8
clock.rows.30.cells.19.tau_gov	f:3f947ae147ae147b
clock.rows.30.cells.19.slope_f	f:3f99992a464bd556
clock.rows.30.cells.19.slope_r	f:3f9a64b6a6a8b613
clock.rows.30.cells.19.predicted	s:gov
clock.rows.30.cells.19.measured	s:gov
clock.rows.30.cells.19.margin	f:bffdc3c001bfcd56
clock.rows.30.cells.20	keys:10
clock.rows.30.cells.20.s	f:3fd4ccccccccccd0
clock.rows.30.cells.20.setpoint_gap	f:3f67b020ab08ea44
clock.rows.30.cells.20.lag_gap	f:bf645d82ed569603
clock.rows.30.cells.20.tau_f	f:3fbeb851eb851eb8
clock.rows.30.cells.20.tau_gov	f:3f947ae147ae147b
clock.rows.30.cells.20.slope_f	f:3f999cfb8bf1a7be
clock.rows.30.cells.20.slope_r	f:3f9a6572fc4cc4df
clock.rows.30.cells.20.predicted	s:gov
clock.rows.30.cells.20.measured	s:gov
clock.rows.30.cells.20.margin	f:bffdc174127fd3aa
clock.rows.30.cells.21	keys:10
clock.rows.30.cells.21.s	f:3fd51eb851eb8522
clock.rows.30.cells.21.setpoint_gap	f:3f67b816ea869c94
clock.rows.30.cells.21.lag_gap	f:bf64609cd488f943
clock.rows.30.cells.21.tau_f	f:3fbeb851eb851eb8
clock.rows.30.cells.21.tau_gov	f:3f947ae147ae147b
clock.rows.30.cells.21.slope_f	f:3f99a0553b9e710e
clock.rows.30.cells.21.slope_r	f:3f9a662b355e906f
clock.rows.30.cells.21.predicted	s:gov
clock.rows.30.cells.21.measured	s:gov
clock.rows.30.cells.21.margin	f:bffdbeed8ba736b5
clock.rows.30.cells.22	keys:10
clock.rows.30.cells.22.s	f:3fd570a3d70a3d74
clock.rows.30.cells.22.setpoint_gap	f:3f67bff4589d67a8
clock.rows.30.cells.22.lag_gap	f:bf64635620b849f3
clock.rows.30.cells.22.tau_f	f:3fbeb851eb851eb8
clock.rows.30.cells.22.tau_gov	f:3f947ae147ae147b
clock.rows.30.cells.22.slope_f	f:3f99a349c2aefcda
clock.rows.30.cells.22.slope_r	f:3f9a66e0439a1eeb
clock.rows.30.cells.22.predicted	s:gov
clock.rows.30.cells.22.measured	s:gov
clock.rows.30.cells.22.margin	f:bffdbc35fbd3de64
clock.rows.30.cells.23	keys:10
clock.rows.30.cells.23.s	f:3fd5c28f5c28f5c6
clock.rows.30.cells.23.setpoint_gap	f:3f67c7bc8e707658
clock.rows.30.cells.23.lag_gap	f:bf6465bdbc081283
clock.rows.30.cells.23.tau_f	f:3fbeb851eb851eb8
clock.rows.30.cells.23.tau_gov	f:3f947ae147ae147b
clock.rows.30.cells.23.slope_f	f:3f99a5e8cc6413fe
clock.rows.30.cells.23.slope_r	f:3f9a6792f326043f
clock.rows.30.cells.23.predicted	s:gov
clock.rows.30.cells.23.measured	s:gov
clock.rows.30.cells.23.margin	f:bffdb9558085511b
clock.rows.30.cells.24	keys:10
clock.rows.30.cells.24.s	f:3fd6147ae147ae18
clock.rows.30.cells.24.setpoint_gap	f:3f67cf729927cccc
clock.rows.30.cells.24.lag_gap	f:bf6467e05449dfa3
clock.rows.30.cells.24.tau_f	f:3fbeb851eb851eb8
clock.rows.30.cells.24.tau_gov	f:3f947ae147ae147b
clock.rows.30.cells.24.slope_f	f:3f99a83faa80f5e6
clock.rows.30.cells.24.slope_r	f:3f9a6843f0380da7
clock.rows.30.cells.24.predicted	s:gov
clock.rows.30.cells.24.measured	s:gov
clock.rows.30.cells.24.margin	f:bffdb652fd6b6397
clock.rows.30.cells.25	keys:10
clock.rows.30.cells.25.s	f:3fd666666666666a
clock.rows.30.cells.25.setpoint_gap	f:3f67d7190ee5827c
clock.rows.30.cells.25.lag_gap	f:bf6469c8affa045b
clock.rows.30.cells.25.tau_f	f:3fbeb851eb851eb8
clock.rows.30.cells.25.tau_gov	f:3f947ae147ae147b
clock.rows.30.cells.25.slope_f	f:3f99aa59ae9fd0ae
clock.rows.30.cells.25.slope_r	f:3f9a68f3cbe448d9
clock.rows.30.cells.25.predicted	s:gov
clock.rows.30.cells.25.measured	s:gov
clock.rows.30.cells.25.margin	f:bffdb3344b7aef66
clock.rows.30.cells.26	keys:10
clock.rows.30.cells.26.s	f:3fd6b851eb851ebc
clock.rows.30.cells.26.setpoint_gap	f:3f67deb2209deae4
clock.rows.30.cells.26.lag_gap	f:bf644dac62aee8c3
clock.rows.30.cells.26.tau_f	f:3fbeb851eb851eb8
clock.rows.30.cells.26.tau_gov	f:3f947ae147ae147b
clock.rows.30.cells.26.slope_f	f:3f998d4a987f9af6
clock.rows.30.cells.26.slope_r	f:3f9a6a4a2a3872ff
clock.rows.30.cells.26.predicted	s:gov
clock.rows.30.cells.26.measured	s:gov
clock.rows.30.cells.26.margin	f:bffd9c003ff92a53
clock.rows.31	keys:20
clock.rows.31.coord	s:clip
clock.rows.31.tau_f	f:3fbeb851eb851eb8
clock.rows.31.tau_gov	f:3fa999999999999a
clock.rows.31.tau_q	f:3fa999999999999a
clock.rows.31.tau_s	f:3fa999999999999a
clock.rows.31.phi_lim	f:3fe8000000000000
clock.rows.31.phi_air	f:3fe8a3d70a3d70a4
clock.rows.31.max_Tt4	f:4094050de9a9568f
clock.rows.31.riding4_valid	b:1
clock.rows.31.n_riding4	i:23
clock.rows.31.census	keys:1
clock.rows.31.census.gov	i:23
clock.rows.31.n_fuel	i:0
clock.rows.31.n_gov	i:23
clock.rows.31.n_scored	i:23
clock.rows.31.n_edge	i:0
clock.rows.31.n_agree	i:23
clock.rows.31.agreement	f:3ff0000000000000
clock.rows.31.worst_miss	n
clock.rows.31.min_margin	f:3ff475e4b62c748c
clock.rows.31.cells	len:23
clock.rows.31.cells.0	keys:10
clock.rows.31.cells.0.s	f:3fd0a3d70a3d70a6
clock.rows.31.cells.0.setpoint_gap	f:3f6d0ce7600c91e4
clock.rows.31.cells.0.lag_gap	f:bf50328eed2c302a
clock.rows.31.cells.0.tau_f	f:3fbeb851eb851eb8
clock.rows.31.cells.0.tau_gov	f:3fa999999999999a
clock.rows.31.cells.0.slope_f	f:3f932ed509b449af
clock.rows.31.cells.0.slope_r	f:3f99cacca206416e
clock.rows.31.cells.0.predicted	s:gov
clock.rows.31.cells.0.measured	s:gov
clock.rows.31.cells.0.margin	f:bff475e4b62c748c
clock.rows.31.cells.1	keys:10
clock.rows.31.cells.1.s	f:3fd0f5c28f5c28f8
clock.rows.31.cells.1.setpoint_gap	f:3f6d38a491e031a8
clock.rows.31.cells.1.lag_gap	f:bf54fabbbfa23d42
clock.rows.31.cells.1.tau_f	f:3fbeb851eb851eb8
clock.rows.31.cells.1.tau_gov	f:3fa999999999999a
clock.rows.31.cells.1.slope_f	f:3f95ae0ef5cc02af
clock.rows.31.cells.1.slope_r	f:3f99ceb937f86d10
clock.rows.31.cells.1.predicted	s:gov
clock.rows.31.cells.1.measured	s:gov
clock.rows.31.cells.1.margin	f:bff5be5cfaec3f0a
clock.rows.31.cells.2	keys:10
clock.rows.31.cells.2.s	f:3fd147ae147ae14a
clock.rows.31.cells.2.setpoint_gap	f:3f6d616fe0391548
clock.rows.31.cells.2.lag_gap	f:bf5586411bb4424a
clock.rows.31.cells.2.tau_f	f:3fbeb851eb851eb8
clock.rows.31.cells.2.tau_gov	f:3fa999999999999a
clock.rows.31.cells.2.slope_f	f:3f95f83e70e31f13
clock.rows.31.cells.2.slope_r	f:3f99d25e12b2f7b6
clock.rows.31.cells.2.predicted	s:gov
clock.rows.31.cells.2.measured	s:gov
clock.rows.31.cells.2.margin	f:bff5dc60d81fe559
clock.rows.31.cells.3	keys:10
clock.rows.31.cells.3.s	f:3fd199999999999c
clock.rows.31.cells.3.setpoint_gap	f:3f6d878861617630
clock.rows.31.cells.3.lag_gap	f:bf56062151558fd8
clock.rows.31.cells.3.tau_f	f:3fbeb851eb851eb8
clock.rows.31.cells.3.tau_gov	f:3fa999999999999a
clock.rows.31.cells.3.slope_f	f:3f963c41dccc3906
clock.rows.31.cells.3.slope_r	f:3f99d5c1390bfb72
clock.rows.31.cells.3.predicted	s:gov
clock.rows.31.cells.3.measured	s:gov
clock.rows.31.cells.3.margin	f:bff5f775fc5ff39d
clock.rows.31.cells.4	keys:10
clock.rows.31.cells.4.s	f:3fd1eb851eb851ee
clock.rows.31.cells.4.setpoint_gap	f:3f6dab28250afbe0
clock.rows.31.cells.4.lag_gap	f:bf567b4b776c86f0
clock.rows.31.cells.4.tau_f	f:3fbeb851eb851eb8
clock.rows.31.cells.4.tau_gov	f:3fa999999999999a
clock.rows.31.cells.4.slope_f	f:3f967a9817440886
clock.rows.31.cells.4.slope_r	f:3f99d8e848f53894
clock.rows.31.cells.4.predicted	s:gov
clock.rows.31.cells.4.measured	s:gov
clock.rows.31.cells.4.margin	f:bff60fe3b2fd5435
clock.rows.31.cells.5	keys:10
clock.rows.31.cells.5.s	f:3fd23d70a3d70a40
clock.rows.31.cells.5.setpoint_gap	f:3f6dcc848e50eaac
clock.rows.31.cells.5.lag_gap	f:bf56e69dac907788
clock.rows.31.cells.5.tau_f	f:3fbeb851eb851eb8
clock.rows.31.cells.5.tau_gov	f:3fa999999999999a
clock.rows.31.cells.5.slope_f	f:3f96b3b6fccfa156
clock.rows.31.cells.5.slope_r	f:3f99dbd87a3dba96
clock.rows.31.cells.5.predicted	s:gov
clock.rows.31.cells.5.measured	s:gov
clock.rows.31.cells.5.margin	f:bff625ea332c2a0e
clock.rows.31.cells.6	keys:10
clock.rows.31.cells.6.s	f:3fd28f5c28f5c292
clock.rows.31.cells.6.setpoint_gap	f:3f6debcea9f51260
clock.rows.31.cells.6.lag_gap	f:bf5748e5da96b0c0
clock.rows.31.cells.6.tau_f	f:3fbeb851eb851eb8
clock.rows.31.cells.6.tau_gov	f:3fa999999999999a
clock.rows.31.cells.6.slope_f	f:3f96e80bd02a5ac2
clock.rows.31.cells.6.slope_r	f:3f99de96a25c7ce0
clock.rows.31.cells.6.predicted	s:gov
clock.rows.31.cells.6.measured	s:gov
clock.rows.31.cells.6.margin	f:bff639c35ff13f2e
clock.rows.31.cells.7	keys:10
clock.rows.31.cells.7.s	f:3fd2e147ae147ae4
clock.rows.31.cells.7.setpoint_gap	f:3f6e093380696848
clock.rows.31.cells.7.lag_gap	f:bf57a2e28b3fd610
clock.rows.31.cells.7.tau_f	f:3fbeb851eb851eb8
clock.rows.31.cells.7.tau_gov	f:3fa999999999999a
clock.rows.31.cells.7.slope_f	f:3f9717fbaae984a2
clock.rows.31.cells.7.slope_r	f:3f99e12738ed72bc
clock.rows.31.cells.7.predicted	s:gov
clock.rows.31.cells.7.measured	s:gov
clock.rows.31.cells.7.margin	f:bff64ba3722abcdc
clock.rows.31.cells.8	keys:10
clock.rows.31.cells.8.s	f:3fd3333333333336
clock.rows.31.cells.8.setpoint_gap	f:3f6e24dc636606b4
clock.rows.31.cells.8.lag_gap	f:bf57f543c61f8478
clock.rows.31.cells.8.tau_f	f:3fbeb851eb851eb8
clock.rows.31.cells.8.tau_gov	f:3fa999999999999a
clock.rows.31.cells.8.slope_f	f:3f9743e3f31cf1e6
clock.rows.31.cells.8.slope_r	f:3f99e38e5c9e122a
clock.rows.31.cells.8.predicted	s:gov
clock.rows.31.cells.8.measured	s:gov
clock.rows.31.cells.8.margin	f:bff65bb98f60dc6b
clock.rows.31.cells.9	keys:10
clock.rows.31.cells.9.s	f:3fd3851eb851eb88
clock.rows.31.cells.9.setpoint_gap	f:3f6e3eef36ee9e10
clock.rows.31.cells.9.lag_gap	f:bf5840abf1bcec70
clock.rows.31.cells.9.tau_f	f:3fbeb851eb851eb8
clock.rows.31.cells.9.tau_gov	f:3fa999999999999a
clock.rows.31.cells.9.slope_f	f:3f976c1ad2b64326
clock.rows.31.cells.9.slope_r	f:3f99e5cfd8561334
clock.rows.31.cells.9.predicted	s:gov
clock.rows.31.cells.9.measured	s:gov
clock.rows.31.cells.9.margin	f:bff66a304fb4371c
clock.rows.31.cells.10	keys:10
clock.rows.31.cells.10.s	f:3fd3d70a3d70a3da
clock.rows.31.cells.10.setpoint_gap	f:3f6e578eb5c4bb30
clock.rows.31.cells.10.lag_gap	f:bf5885b0b36a2988
clock.rows.31.cells.10.tau_f	f:3fbeb851eb851eb8
clock.rows.31.cells.10.tau_gov	f:3fa999999999999a
clock.rows.31.cells.10.slope_f	f:3f9790efae4da7d2
clock.rows.31.cells.10.slope_r	f:3f99e7ef2875aba6
clock.rows.31.cells.10.predicted	s:gov
clock.rows.31.cells.10.measured	s:gov
clock.rows.31.cells.10.margin	f:bff6772e34f2dbba
clock.rows.31.cells.11	keys:10
clock.rows.31.cells.11.s	f:3fd428f5c28f5c2c
clock.rows.31.cells.11.setpoint_gap	f:3f6e6edab15837f8
clock.rows.31.cells.11.lag_gap	f:bf58c4dbca7d7f28
clock.rows.31.cells.11.tau_f	f:3fbeb851eb851eb8
clock.rows.31.cells.11.tau_gov	f:3fa999999999999a
clock.rows.31.cells.11.slope_f	f:3f97b2ab997bd8be
clock.rows.31.cells.11.slope_r	f:3f99e9ef800c5c6e
clock.rows.31.cells.11.predicted	s:gov
clock.rows.31.cells.11.measured	s:gov
clock.rows.31.cells.11.margin	f:bff682d6149a2054
clock.rows.31.cells.12	keys:10
clock.rows.31.cells.12.s	f:3fd47ae147ae147e
clock.rows.31.cells.12.setpoint_gap	f:3f6e84f04d556990
clock.rows.31.cells.12.lag_gap	f:bf58feabe48afe30
clock.rows.31.cells.12.tau_f	f:3fbeb851eb851eb8
clock.rows.31.cells.12.tau_gov	f:3fa999999999999a
clock.rows.31.cells.12.slope_f	f:3f97d191c78311fa
clock.rows.31.cells.12.slope_r	f:3f99ebd3cdf33a34
clock.rows.31.cells.12.predicted	s:gov
clock.rows.31.cells.12.measured	s:gov
clock.rows.31.cells.12.margin	f:bff68d47765269f5
clock.rows.31.cells.13	keys:10
clock.rows.31.cells.13.s	f:3fd4ccccccccccd0
clock.rows.31.cells.13.setpoint_gap	f:3f6e99ea36faca8c
clock.rows.31.cells.13.lag_gap	f:bf59339568f5b4f0
clock.rows.31.cells.13.tau_f	f:3fbeb851eb851eb8
clock.rows.31.cells.13.tau_gov	f:3fa999999999999a
clock.rows.31.cells.13.slope_f	f:3f97eddff7637bb6
clock.rows.31.cells.13.slope_r	f:3f99ed9ec1bba054
clock.rows.31.cells.13.predicted	s:gov
clock.rows.31.cells.13.measured	s:gov
clock.rows.31.cells.13.margin	f:bff6969ee83f208f
clock.rows.31.cells.14	keys:10
clock.rows.31.cells.14.s	f:3fd51eb851eb8522
clock.rows.31.cells.14.setpoint_gap	f:3f6eade0d866b42c
clock.rows.31.cells.14.lag_gap	f:bf5964033ac0ecb8
clock.rows.31.cells.14.tau_f	f:3fbeb851eb851eb8
clock.rows.31.cells.14.tau_gov	f:3fa999999999999a
clock.rows.31.cells.14.slope_f	f:3f9807cedac51d26
clock.rows.31.cells.14.slope_r	f:3f99ef52d067eada
clock.rows.31.cells.14.predicted	s:gov
clock.rows.31.cells.14.measured	s:gov
clock.rows.31.cells.14.margin	f:bff69ef64a514153
clock.rows.31.cells.15	keys:10
clock.rows.31.cells.15.s	f:3fd570a3d70a3d74
clock.rows.31.cells.15.setpoint_gap	f:3f6ec0ea88120e34
clock.rows.31.cells.15.lag_gap	f:bf5990576ffe0b70
clock.rows.31.cells.15.tau_f	f:3fbeb851eb851eb8
clock.rows.31.cells.15.tau_gov	f:3fa999999999999a
clock.rows.31.cells.15.slope_f	f:3f981f92775f84a2
clock.rows.31.cells.15.slope_r	f:3f99f0f238e7b004
clock.rows.31.cells.15.predicted	s:gov
clock.rows.31.cells.15.measured	s:gov
clock.rows.31.cells.15.margin	f:bff6a66511a5ffb4
clock.rows.31.cells.16	keys:10
clock.rows.31.cells.16.s	f:3fd5c28f5c28f5c6
clock.rows.31.cells.16.setpoint_gap	f:3f6ed31bb4af0990
clock.rows.31.cells.16.lag_gap	f:bf59b8ebfe8826e8
clock.rows.31.cells.16.tau_f	f:3fbeb851eb851eb8
clock.rows.31.cells.16.tau_gov	f:3fa999999999999a
clock.rows.31.cells.16.slope_f	f:3f98355a82b465a6
clock.rows.31.cells.16.slope_r	f:3f99f27f0853901e
clock.rows.31.cells.16.predicted	s:gov
clock.rows.31.cells.16.measured	s:gov
clock.rows.31.cells.16.margin	f:bff6ad0084d9911a
clock.rows.31.cells.17	keys:10
clock.rows.31.cells.17.s	f:3fd6147ae147ae18
clock.rows.31.cells.17.setpoint_gap	f:3f6ee4870da3e8a4
clock.rows.31.cells.17.lag_gap	f:bf59de135dff7e00
clock.rows.31.cells.17.tau_f	f:3fbeb851eb851eb8
clock.rows.31.cells.17.tau_gov	f:3fa999999999999a
clock.rows.31.cells.17.slope_f	f:3f984952b8154736
clock.rows.31.cells.17.slope_r	f:3f99f3fb1de6e700
clock.rows.31.cells.17.predicted	s:gov
clock.rows.31.cells.17.measured	s:gov
clock.rows.31.cells.17.margin	f:bff6b2dbf219a49b
clock.rows.31.cells.18	keys:10
clock.rows.31.cells.18.s	f:3fd666666666666a
clock.rows.31.cells.18.setpoint_gap	f:3f6ef53da8596844
clock.rows.31.cells.18.lag_gap	f:bf5a00191f2711a0
clock.rows.31.cells.18.tau_f	f:3fbeb851eb851eb8
clock.rows.31.cells.18.tau_gov	f:3fa999999999999a
clock.rows.31.cells.18.slope_f	f:3f985ba329060e1e
clock.rows.31.cells.18.slope_r	f:3f99f5682eb74bd8
clock.rows.31.cells.18.predicted	s:gov
clock.rows.31.cells.18.measured	s:gov
clock.rows.31.cells.18.margin	f:bff6b808dfaa18f9
clock.rows.31.cells.19	keys:10
clock.rows.31.cells.19.s	f:3fd6b851eb851ebc
clock.rows.31.cells.19.setpoint_gap	f:3f6f054f22935e38
clock.rows.31.cells.19.lag_gap	f:bf5a1f4278ecddb0
clock.rows.31.cells.19.tau_f	f:3fbeb851eb851eb8
clock.rows.31.cells.19.tau_gov	f:3fa999999999999a
clock.rows.31.cells.19.slope_f	f:3f986c70882297ea
clock.rows.31.cells.19.slope_r	f:3f99f6c7c92af114
clock.rows.31.cells.19.predicted	s:gov
clock.rows.31.cells.19.measured	s:gov
clock.rows.31.cells.19.margin	f:bff6bc973779a1ac
clock.rows.31.cells.20	keys:10
clock.rows.31.cells.20.s	f:3fd70a3d70a3d70e
clock.rows.31.cells.20.setpoint_gap	f:3f6f14c9c20827b8
clock.rows.31.cells.20.lag_gap	f:bf5a3bcecb7ade18
clock.rows.31.cells.20.tau_f	f:3fbeb851eb851eb8
clock.rows.31.cells.20.tau_gov	f:3fa999999999999a
clock.rows.31.cells.20.slope_f	f:3f987bdc6eb93b9e
clock.rows.31.cells.20.slope_r	f:3f99f81b582fc642
clock.rows.31.cells.20.predicted	s:gov
clock.rows.31.cells.20.measured	s:gov
clock.rows.31.cells.20.margin	f:bff6c0956e506931
clock.rows.31.cells.21	keys:10
clock.rows.31.cells.21.s	f:3fd75c28f5c28f60
clock.rows.31.cells.21.setpoint_gap	f:3f6f23ba9169a6c0
clock.rows.31.cells.21.lag_gap	f:bf5a55f819c15e78
clock.rows.31.cells.21.tau_f	f:3fbeb851eb851eb8
clock.rows.31.cells.21.tau_gov	f:3fa999999999999a
clock.rows.31.cells.21.slope_f	f:3f988a059d55d296
clock.rows.31.cells.21.slope_r	f:3f99f9642635dcea
clock.rows.31.cells.21.predicted	s:gov
clock.rows.31.cells.21.measured	s:gov
clock.rows.31.cells.21.margin	f:bff6c410a712a32b
clock.rows.31.cells.22	keys:10
clock.rows.31.cells.22.s	f:3fd7ae147ae147b2
clock.rows.31.cells.22.setpoint_gap	f:3f6f322d7b0fd6a0
clock.rows.31.cells.22.lag_gap	f:bf5a429d15f5a2d8
clock.rows.31.cells.22.tau_f	f:3fbeb851eb851eb8
clock.rows.31.cells.22.tau_gov	f:3fa999999999999a
clock.rows.31.cells.22.slope_f	f:3f9880a6301df6c6
clock.rows.31.cells.22.slope_r	f:3f99fb174b3b44b2
clock.rows.31.cells.22.predicted	s:gov
clock.rows.31.cells.22.measured	s:gov
clock.rows.31.cells.22.margin	f:bff6bbf7be1afd97
clock.rows.32	keys:20
clock.rows.32.coord	s:clip
clock.rows.32.tau_f	f:3fbeb851eb851eb8
clock.rows.32.tau_gov	f:3fc999999999999a
clock.rows.32.tau_q	f:3fa999999999999a
clock.rows.32.tau_s	f:3fa999999999999a
clock.rows.32.phi_lim	f:3fe8000000000000
clock.rows.32.phi_air	f:3fe8a3d70a3d70a4
clock.rows.32.max_Tt4	f:409691738dd6d6ee
clock.rows.32.riding4_valid	b:1
clock.rows.32.n_riding4	i:9
clock.rows.32.census	keys:1
clock.rows.32.census.gov	i:9
clock.rows.32.n_fuel	i:0
clock.rows.32.n_gov	i:9
clock.rows.32.n_scored	i:9
clock.rows.32.n_edge	i:0
clock.rows.32.n_agree	i:9
clock.rows.32.agreement	f:3ff0000000000000
clock.rows.32.worst_miss	n
clock.rows.32.min_margin	f:3fdaed15f5f2018b
clock.rows.32.cells	len:9
clock.rows.32.cells.0	keys:10
clock.rows.32.cells.0.s	f:3fd851eb851eb856
clock.rows.32.cells.0.setpoint_gap	f:3f79fcb0fd0bf6e8
clock.rows.32.cells.0.lag_gap	f:3f6e1b88d81cbb3a
clock.rows.32.cells.0.tau_f	f:3fbeb851eb851eb8
clock.rows.32.cells.0.tau_gov	f:3fc999999999999a
clock.rows.32.cells.0.slope_f	f:3f825eedd6b581e3
clock.rows.32.cells.0.slope_r	f:3f9854167aaecf2e
clock.rows.32.cells.0.predicted	s:gov
clock.rows.32.cells.0.measured	s:gov
clock.rows.32.cells.0.margin	f:bfdaed15f5f2018b
clock.rows.32.cells.1	keys:10
clock.rows.32.cells.1.s	f:3fd8a3d70a3d70a8
clock.rows.32.cells.1.setpoint_gap	f:3f7a30b6c3c4778c
clock.rows.32.cells.1.lag_gap	f:3f6939e80930fb4c
clock.rows.32.cells.1.tau_f	f:3fbeb851eb851eb8
clock.rows.32.cells.1.tau_gov	f:3fc999999999999a
clock.rows.32.cells.1.slope_f	f:3f8c8a9508dde9c9
clock.rows.32.cells.1.slope_r	f:3f98542a88679664
clock.rows.32.cells.1.predicted	s:gov
clock.rows.32.cells.1.measured	s:gov
clock.rows.32.cells.1.margin	f:bfe096c72dfcee68
clock.rows.32.cells.2	keys:10
clock.rows.32.cells.2.s	f:3fd8f5c28f5c28fa
clock.rows.32.cells.2.setpoint_gap	f:3f7a63afb5868cba
clock.rows.32.cells.2.lag_gap	f:3f690832f249cb2c
clock.rows.32.cells.2.tau_f	f:3fbeb851eb851eb8
clock.rows.32.cells.2.tau_gov	f:3fc999999999999a
clock.rows.32.cells.2.slope_f	f:3f8cf28636135be1
clock.rows.32.cells.2.slope_r	f:3f9854481ada5424
clock.rows.32.cells.2.predicted	s:gov
clock.rows.32.cells.2.measured	s:gov
clock.rows.32.cells.2.margin	f:bfe0d2aed86e1f94
clock.rows.32.cells.3	keys:10
clock.rows.32.cells.3.s	f:3fd947ae147ae14c
clock.rows.32.cells.3.setpoint_gap	f:3f7a95a27c147e32
clock.rows.32.cells.3.lag_gap	f:3f68d7bfedac4c0c
clock.rows.32.cells.3.tau_f	f:3fbeb851eb851eb8
clock.rows.32.cells.3.tau_gov	f:3fc999999999999a
clock.rows.32.cells.3.slope_f	f:3f8d57f7cf55af49
clock.rows.32.cells.3.slope_r	f:3f98546f1925641c
clock.rows.32.cells.3.predicted	s:gov
clock.rows.32.cells.3.measured	s:gov
clock.rows.32.cells.3.margin	f:bfe10c5b964ec812
clock.rows.32.cells.4	keys:10
clock.rows.32.cells.4.s	f:3fd999999999999e
clock.rows.32.cells.4.setpoint_gap	f:3f7ac69598c8e444
clock.rows.32.cells.4.lag_gap	f:3f68a8876d28488c
clock.rows.32.cells.4.tau_f	f:3fbeb851eb851eb8
clock.rows.32.cells.4.tau_gov	f:3fc999999999999a
clock.rows.32.cells.4.slope_f	f:3f8dbaf9421c62b1
clock.rows.32.cells.4.slope_r	f:3f98549f6b41b158
clock.rows.32.cells.4.predicted	s:gov
clock.rows.32.cells.4.measured	s:gov
clock.rows.32.cells.4.margin	f:bfe143e899133614
clock.rows.32.cells.5	keys:10
clock.rows.32.cells.5.s	f:3fd9eb851eb851f0
clock.rows.32.cells.5.setpoint_gap	f:3f7af68f6572b684
clock.rows.32.cells.5.lag_gap	f:3f687a820c02ef4c
clock.rows.32.cells.5.tau_f	f:3fbeb851eb851eb8
clock.rows.32.cells.5.tau_gov	f:3fc999999999999a
clock.rows.32.cells.5.slope_f	f:3f8e1b99a8004e10
clock.rows.32.cells.5.slope_r	f:3f9854d8f9e85360
clock.rows.32.cells.5.predicted	s:gov
clock.rows.32.cells.5.measured	s:gov
clock.rows.32.cells.5.margin	f:bfe1796f6d468ef5
clock.rows.32.cells.6	keys:10
clock.rows.32.cells.6.s	f:3fda3d70a3d70a42
clock.rows.32.cells.6.setpoint_gap	f:3f7b2596152e56ae
clock.rows.32.cells.6.lag_gap	f:3f684da88e51b69c
clock.rows.32.cells.6.tau_f	f:3fbeb851eb851eb8
clock.rows.32.cells.6.tau_gov	f:3fc999999999999a
clock.rows.32.cells.6.slope_f	f:3f8e79e7c7c41068
clock.rows.32.cells.6.slope_r	f:3f98551bae7ab0a6
clock.rows.32.cells.6.predicted	s:gov
clock.rows.32.cells.6.measured	s:gov
clock.rows.32.cells.6.margin	f:bfe1ad0819eb2149
clock.rows.32.cells.7	keys:10
clock.rows.32.cells.7.s	f:3fda8f5c28f5c294
clock.rows.32.cells.7.setpoint_gap	f:3f7b53afb53b6118
clock.rows.32.cells.7.lag_gap	f:3f6821f3e04eae9c
clock.rows.32.cells.7.tau_f	f:3fbeb851eb851eb8
clock.rows.32.cells.7.tau_gov	f:3fc999999999999a
clock.rows.32.cells.7.slope_f	f:3f8ed5f216722c48
clock.rows.32.cells.7.slope_r	f:3f98556772ed0736
clock.rows.32.cells.7.predicted	s:gov
clock.rows.32.cells.7.measured	s:gov
clock.rows.32.cells.7.margin	f:bfe1dec93d176cae
clock.rows.32.cells.8	keys:10
clock.rows.32.cells.8.s	f:3fdae147ae147ae6
clock.rows.32.cells.8.setpoint_gap	f:3f7b80e22dcf22e2
clock.rows.32.cells.8.lag_gap	f:3f6816f6e86a17ec
clock.rows.32.cells.8.tau_f	f:3fbeb851eb851eb8
clock.rows.32.cells.8.tau_gov	f:3fc999999999999a
clock.rows.32.cells.8.slope_f	f:3f8ef011260df720
clock.rows.32.cells.8.slope_r	f:3f98565f76467f7c
clock.rows.32.cells.8.predicted	s:gov
clock.rows.32.cells.8.measured	s:gov
clock.rows.32.cells.8.margin	f:bfe1fc65eee2b5b1
clock.rows.33	keys:20
clock.rows.33.coord	s:clip
clock.rows.33.tau_f	f:3fc999999999999a
clock.rows.33.tau_gov	f:3f947ae147ae147b
clock.rows.33.tau_q	f:3fa999999999999a
clock.rows.33.tau_s	f:3fa999999999999a
clock.rows.33.phi_lim	f:3fe8000000000000
clock.rows.33.phi_air	f:3fe8a3d70a3d70a4
clock.rows.33.max_Tt4	f:409348fa629cd593
clock.rows.33.riding4_valid	b:1
clock.rows.33.n_riding4	i:27
clock.rows.33.census	keys:1
clock.rows.33.census.gov	i:27
clock.rows.33.n_fuel	i:0
clock.rows.33.n_gov	i:27
clock.rows.33.n_scored	i:27
clock.rows.33.n_edge	i:0
clock.rows.33.n_agree	i:27
clock.rows.33.agreement	f:3ff0000000000000
clock.rows.33.worst_miss	n
clock.rows.33.min_margin	f:3ffa481cfbedea33
clock.rows.33.cells	len:27
clock.rows.33.cells.0	keys:10
clock.rows.33.cells.0.s	f:3fccccccccccccd1
clock.rows.33.cells.0.setpoint_gap	f:3f66b5b5b6940504
clock.rows.33.cells.0.lag_gap	f:bf640dafee08e2b3
clock.rows.33.cells.0.tau_f	f:3fc999999999999a
clock.rows.33.cells.0.tau_gov	f:3f947ae147ae147b
clock.rows.33.cells.0.slope_f	f:3f8e52039d066f30
clock.rows.33.cells.0.slope_r	f:3f9a44868168a313
clock.rows.33.cells.0.predicted	s:gov
clock.rows.33.cells.0.measured	s:gov
clock.rows.33.cells.0.margin	f:bffe20e5560bcd5e
clock.rows.33.cells.1	keys:10
clock.rows.33.cells.1.s	f:3fcd70a3d70a3d75
clock.rows.33.cells.1.setpoint_gap	f:3f66cd1214770f64
clock.rows.33.cells.1.lag_gap	f:bf7130e27cb34b98
clock.rows.33.cells.1.tau_f	f:3fc999999999999a
clock.rows.33.cells.1.tau_gov	f:3f947ae147ae147b
clock.rows.33.cells.1.slope_f	f:3f981df4fe15f48a
clock.rows.33.cells.1.slope_r	f:3f9a4882d61a5c7b
clock.rows.33.cells.1.predicted	s:gov
clock.rows.33.cells.1.measured	s:gov
clock.rows.33.cells.1.margin	f:bffa9c5849b1b302
clock.rows.33.cells.2	keys:10
clock.rows.33.cells.2.s	f:3fce147ae147ae19
clock.rows.33.cells.2.setpoint_gap	f:3f66e212fb0f4088
clock.rows.33.cells.2.lag_gap	f:bf715f1e86ac632c
clock.rows.33.cells.2.tau_f	f:3fc999999999999a
clock.rows.33.cells.2.tau_gov	f:3f947ae147ae147b
clock.rows.33.cells.2.slope_f	f:3f985818e8d99b36
clock.rows.33.cells.2.slope_r	f:3f9a4bfb85153879
clock.rows.33.cells.2.predicted	s:gov
clock.rows.33.cells.2.measured	s:gov
clock.rows.33.cells.2.margin	f:bffa89c6e71224c1
clock.rows.33.cells.3	keys:10
clock.rows.33.cells.3.s	f:3fceb851eb851ebd
clock.rows.33.cells.3.setpoint_gap	f:3f66f50fba904f2c
clock.rows.33.cells.3.lag_gap	f:bf7186b190aad5e8
clock.rows.33.cells.3.tau_f	f:3fc999999999999a
clock.rows.33.cells.3.tau_gov	f:3f947ae147ae147b
clock.rows.33.cells.3.slope_f	f:3f9889de4c719c6a
clock.rows.33.cells.3.slope_r	f:3f9a4f036c18aa53
clock.rows.33.cells.3.predicted	s:gov
clock.rows.33.cells.3.measured	s:gov
clock.rows.33.cells.3.margin	f:bffa7aa6032e6099
clock.rows.33.cells.4	keys:10
clock.rows.33.cells.4.s	f:3fcf5c28f5c28f61
clock.rows.33.cells.4.setpoint_gap	f:3f67065363fde57c
clock.rows.33.cells.4.lag_gap	f:bf71a88c3173e666
clock.rows.33.cells.4.tau_f	f:3fc999999999999a
clock.rows.33.cells.4.tau_gov	f:3f947ae147ae147b
clock.rows.33.cells.4.slope_f	f:3f98b473890eac79
clock.rows.33.cells.4.slope_r	f:3f9a51aaf069fcc8
clock.rows.33.cells.4.predicted	s:gov
clock.rows.33.cells.4.measured	s:gov
clock.rows.33.cells.4.margin	f:bffa6e613b4b47ab
clock.rows.33.cells.5	keys:10
clock.rows.33.cells.5.s	f:3fd0000000000002
clock.rows.33.cells.5.setpoint_gap	f:3f67161e66ac1828
clock.rows.33.cells.5.lag_gap	f:bf71c57ef866cdaa
clock.rows.33.cells.5.tau_f	f:3fc999999999999a
clock.rows.33.cells.5.tau_gov	f:3f947ae147ae147b
clock.rows.33.cells.5.slope_f	f:3f98d8debd5d7449
clock.rows.33.cells.5.slope_r	f:3f9a540044a18016
clock.rows.33.cells.5.predicted	s:gov
clock.rows.33.cells.5.measured	s:gov
clock.rows.33.cells.5.margin	f:bffa647f63d79551
clock.rows.33.cells.6	keys:10
clock.rows.33.cells.6.s	f:3fd051eb851eb854
clock.rows.33.cells.6.setpoint_gap	f:3f6724a7fe2c4cd4
clock.rows.33.cells.6.lag_gap	f:bf71de3e318e0be8
clock.rows.33.cells.6.tau_f	f:3fc999999999999a
clock.rows.33.cells.6.tau_gov	f:3f947ae147ae147b
clock.rows.33.cells.6.slope_f	f:3f98f80282331ed6
clock.rows.33.cells.6.slope_r	f:3f9a560faa8f9f8b
clock.rows.33.cells.6.predicted	s:gov
clock.rows.33.cells.6.measured	s:gov
clock.rows.33.cells.6.margin	f:bffa5c9ce87ceef5
clock.rows.33.cells.7	keys:10
clock.rows.33.cells.7.s	f:3fd0a3d70a3d70a6
clock.rows.33.cells.7.setpoint_gap	f:3f67321f74242274
clock.rows.33.cells.7.lag_gap	f:bf71f3655c5aca34
clock.rows.33.cells.7.tau_f	f:3fc999999999999a
clock.rows.33.cells.7.tau_gov	f:3f947ae147ae147b
clock.rows.33.cells.7.slope_f	f:3f9912a2450e29aa
clock.rows.33.cells.7.slope_r	f:3f9a57e3b01ec11d
clock.rows.33.cells.7.predicted	s:gov
clock.rows.33.cells.7.measured	s:gov
clock.rows.33.cells.7.margin	f:bffa566780f38bd0
clock.rows.33.cells.8	keys:10
clock.rows.33.cells.8.s	f:3fd0f5c28f5c28f8
clock.rows.33.cells.8.setpoint_gap	f:3f673ead39f02ffc
clock.rows.33.cells.8.lag_gap	f:bf72057a4fb4fce0
clock.rows.33.cells.8.tau_f	f:3fc999999999999a
clock.rows.33.cells.8.tau_gov	f:3f947ae147ae147b
clock.rows.33.cells.8.slope_f	f:3f9929663ab3d5ba
clock.rows.33.cells.8.slope_r	f:3f9a598566b00057
clock.rows.33.cells.8.predicted	s:gov
clock.rows.33.cells.8.measured	s:gov
clock.rows.33.cells.8.margin	f:bffa519adf0c4fa2
clock.rows.33.cells.9	keys:10
clock.rows.33.cells.9.s	f:3fd147ae147ae14a
clock.rows.33.cells.9.setpoint_gap	f:3f674a73de0f5910
clock.rows.33.cells.9.lag_gap	f:bf7214f00b155fc0
clock.rows.33.cells.9.tau_f	f:3fc999999999999a
clock.rows.33.cells.9.tau_gov	f:3f947ae147ae147b
clock.rows.33.cells.9.slope_f	f:3f993cdee989ca32
clock.rows.33.cells.9.slope_r	f:3f9a5afc94d6b917
clock.rows.33.cells.9.predicted	s:gov
clock.rows.33.cells.9.measured	s:gov
clock.rows.33.cells.9.margin	f:bffa4dfe15afeb35
clock.rows.33.cells.10	keys:10
clock.rows.33.cells.10.s	f:3fd199999999999c
clock.rows.33.cells.10.setpoint_gap	f:3f675590e13e05a8
clock.rows.33.cells.10.lag_gap	f:bf722229379ba028
clock.rows.33.cells.10.tau_f	f:3fc999999999999a
clock.rows.33.cells.10.tau_gov	f:3f947ae147ae147b
clock.rows.33.cells.10.slope_f	f:3f994d884f5e97b6
clock.rows.33.cells.10.slope_r	f:3f9a5c4fe2989b2b
clock.rows.33.cells.10.predicted	s:gov
clock.rows.33.cells.10.measured	s:gov
clock.rows.33.cells.10.margin	f:bffa4b618b05ac61
clock.rows.33.cells.11	keys:10
clock.rows.33.cells.11.s	f:3fd1eb851eb851ee
clock.rows.33.cells.11.setpoint_gap	f:3f67601d6ef544dc
clock.rows.33.cells.11.lag_gap	f:bf722d7a5e03b20c
clock.rows.33.cells.11.tau_f	f:3fc999999999999a
clock.rows.33.cells.11.tau_gov	f:3f947ae147ae147b
clock.rows.33.cells.11.slope_f	f:3f995bcca8c4a7c6
clock.rows.33.cells.11.slope_r	f:3f9a5d8500805c29
clock.rows.33.cells.11.predicted	s:gov
clock.rows.33.cells.11.measured	s:gov
clock.rows.33.cells.11.margin	f:bffa499d54a562e5
clock.rows.33.cells.12	keys:10
clock.rows.33.cells.12.s	f:3fd23d70a3d70a40
clock.rows.33.cells.12.setpoint_gap	f:3f676a2efcbdadb0
clock.rows.33.cells.12.lag_gap	f:bf72372bd76c0b24
clock.rows.33.cells.12.tau_f	f:3fc999999999999a
clock.rows.33.cells.12.tau_gov	f:3f947ae147ae147b
clock.rows.33.cells.12.slope_f	f:3f996806e177cc6a
clock.rows.33.cells.12.slope_r	f:3f9a5ea0c9e770e5
clock.rows.33.cells.12.predicted	s:gov
clock.rows.33.cells.12.measured	s:gov
clock.rows.33.cells.12.margin	f:bffa488fe59070b8
clock.rows.33.cells.13	keys:10
clock.rows.33.cells.13.s	f:3fd28f5c28f5c292
clock.rows.33.cells.13.setpoint_gap	f:3f6773d7d3791494
clock.rows.33.cells.13.lag_gap	f:bf723f7b7f5390fc
clock.rows.33.cells.13.tau_f	f:3fc999999999999a
clock.rows.33.cells.13.tau_gov	f:3f947ae147ae147b
clock.rows.33.cells.13.slope_f	f:3f997284b5d90866
clock.rows.33.cells.13.slope_r	f:3f9a5fa762e5bfb1
clock.rows.33.cells.13.predicted	s:gov
clock.rows.33.cells.13.measured	s:gov
clock.rows.33.cells.13.margin	f:bffa481cfbedea33
clock.rows.33.cells.14	keys:10
clock.rows.33.cells.14.s	f:3fd2e147ae147ae4
clock.rows.33.cells.14.setpoint_gap	f:3f677d2785770408
clock.rows.33.cells.14.lag_gap	f:bf72469e2d3f1f30
clock.rows.33.cells.14.tau_f	f:3fc999999999999a
clock.rows.33.cells.14.tau_gov	f:3f947ae147ae147b
clock.rows.33.cells.14.slope_f	f:3f997b888d97be3a
clock.rows.33.cells.14.slope_r	f:3f9a609c5258686f
clock.rows.33.cells.14.predicted	s:gov
clock.rows.33.cells.14.measured	s:gov
clock.rows.33.cells.14.margin	f:bffa482cc1016dfc
clock.rows.33.cells.15	keys:10
clock.rows.33.cells.15.s	f:3fd3333333333336
clock.rows.33.cells.15.setpoint_gap	f:3f67862b53da69e0
clock.rows.33.cells.15.lag_gap	f:bf724cc0fc40f1f0
clock.rows.33.cells.15.tau_f	f:3fc999999999999a
clock.rows.33.cells.15.tau_gov	f:3f947ae147ae147b
clock.rows.33.cells.15.slope_f	f:3f99834b175c2a6a
clock.rows.33.cells.15.slope_r	f:3f9a6182986dd7ef
clock.rows.33.cells.15.predicted	s:gov
clock.rows.33.cells.15.measured	s:gov
clock.rows.33.cells.15.margin	f:bffa48ab1112b437
clock.rows.33.cells.16	keys:10
clock.rows.33.cells.16.s	f:3fd3851eb851eb88
clock.rows.33.cells.16.setpoint_gap	f:3f678eee858ce8f4
clock.rows.33.cells.16.lag_gap	f:bf72520a663cc750
clock.rows.33.cells.16.tau_f	f:3fc999999999999a
clock.rows.33.cells.16.tau_gov	f:3f947ae147ae147b
clock.rows.33.cells.16.slope_f	f:3f9989fcaccf1b4a
clock.rows.33.cells.16.slope_r	f:3f9a625cc21f557f
clock.rows.33.cells.16.predicted	s:gov
clock.rows.33.cells.16.measured	s:gov
clock.rows.33.cells.16.margin	f:bffa4986e35d6a84
clock.rows.33.cells.17	keys:10
clock.rows.33.cells.17.s	f:3fd3d70a3d70a3da
clock.rows.33.cells.17.setpoint_gap	f:3f67977ab1b7df2c
clock.rows.33.cells.17.lag_gap	f:bf72569b384e0118
clock.rows.33.cells.17.tau_f	f:3fc999999999999a
clock.rows.33.cells.17.tau_gov	f:3f947ae147ae147b
clock.rows.33.cells.17.slope_f	f:3f998fc685c72342
clock.rows.33.cells.17.slope_r	f:3f9a632cf9f852eb
clock.rows.33.cells.17.predicted	s:gov
clock.rows.33.cells.17.measured	s:gov
clock.rows.33.cells.17.margin	f:bffa4ab1cbe55253
clock.rows.33.cells.18	keys:10
clock.rows.33.cells.18.s	f:3fd428f5c28f5c2c
clock.rows.33.cells.18.setpoint_gap	f:3f679fd7ff7c5d68
clock.rows.33.cells.18.lag_gap	f:bf725a8f6537a270
clock.rows.33.cells.18.tau_f	f:3fc999999999999a
clock.rows.33.cells.18.tau_gov	f:3f947ae147ae147b
clock.rows.33.cells.18.slope_f	f:3f9994cbc0c5d736
clock.rows.33.cells.18.slope_r	f:3f9a63f51682f9a7
clock.rows.33.cells.18.predicted	s:gov
clock.rows.33.cells.18.measured	s:gov
clock.rows.33.cells.18.margin	f:bffa4c1f925cc9e7
clock.rows.33.cells.19	keys:10
clock.rows.33.cells.19.s	f:3fd47ae147ae147e
clock.rows.33.cells.19.setpoint_gap	f:3f67a80d5c6ad7b0
clock.rows.33.cells.19.lag_gap	f:bf725dfeba43a658
clock.rows.33.cells.19.tau_f	f:3fc999999999999a
clock.rows.33.cells.19.tau_gov	f:3f947ae147ae147b
clock.rows.33.cells.19.slope_f	f:3f99992a464bd556
clock.rows.33.cells.19.slope_r	f:3f9a64b6a6a8b613
clock.rows.33.cells.19.predicted	s:gov
clock.rows.33.cells.19.measured	s:gov
clock.rows.33.cells.19.margin	f:bffa4dc5da4e29db
clock.rows.33.cells.20	keys:10
clock.rows.33.cells.20.s	f:3fd4ccccccccccd0
clock.rows.33.cells.20.setpoint_gap	f:3f67b020ab08ea44
clock.rows.33.cells.20.lag_gap	f:bf7260fd7a7dbe20
clock.rows.33.cells.20.tau_f	f:3fc999999999999a
clock.rows.33.cells.20.tau_gov	f:3f947ae147ae147b
clock.rows.33.cells.20.slope_f	f:3f999cfb8bf1a7be
clock.rows.33.cells.20.slope_r	f:3f9a6572fc4cc4df
clock.rows.33.cells.20.predicted	s:gov
clock.rows.33.cells.20.measured	s:gov
clock.rows.33.cells.20.margin	f:bffa4f9bd97bad98
clock.rows.33.cells.21	keys:10
clock.rows.33.cells.21.s	f:3fd51eb851eb8522
clock.rows.33.cells.21.setpoint_gap	f:3f67b816ea869c94
clock.rows.33.cells.21.lag_gap	f:bf72639ce3bede40
clock.rows.33.cells.21.tau_f	f:3fc999999999999a
clock.rows.33.cells.21.tau_gov	f:3f947ae147ae147b
clock.rows.33.cells.21.slope_f	f:3f99a0553b9e710e
clock.rows.33.cells.21.slope_r	f:3f9a662b355e906f
clock.rows.33.cells.21.predicted	s:gov
clock.rows.33.cells.21.measured	s:gov
clock.rows.33.cells.21.margin	f:bffa519a1a02b66d
clock.rows.33.cells.22	keys:10
clock.rows.33.cells.22.s	f:3fd570a3d70a3d74
clock.rows.33.cells.22.setpoint_gap	f:3f67bff4589d67a8
clock.rows.33.cells.22.lag_gap	f:bf7265eba09423f8
clock.rows.33.cells.22.tau_f	f:3fc999999999999a
clock.rows.33.cells.22.tau_gov	f:3f947ae147ae147b
clock.rows.33.cells.22.slope_f	f:3f99a349c2aefcda
clock.rows.33.cells.22.slope_r	f:3f9a66e0439a1eeb
clock.rows.33.cells.22.predicted	s:gov
clock.rows.33.cells.22.measured	s:gov
clock.rows.33.cells.22.margin	f:bffa53ba46459c50
clock.rows.33.cells.23	keys:10
clock.rows.33.cells.23.s	f:3fd5c28f5c28f5c6
clock.rows.33.cells.23.setpoint_gap	f:3f67c7bc8e707658
clock.rows.33.cells.23.lag_gap	f:bf7267f629a92e60
clock.rows.33.cells.23.tau_f	f:3fc999999999999a
clock.rows.33.cells.23.tau_gov	f:3f947ae147ae147b
clock.rows.33.cells.23.slope_f	f:3f99a5e8cc6413fe
clock.rows.33.cells.23.slope_r	f:3f9a6792f326043f
clock.rows.33.cells.23.predicted	s:gov
clock.rows.33.cells.23.measured	s:gov
clock.rows.33.cells.23.margin	f:bffa55f6fcfcfab7
clock.rows.33.cells.24	keys:10
clock.rows.33.cells.24.s	f:3fd6147ae147ae18
clock.rows.33.cells.24.setpoint_gap	f:3f67cf729927cccc
clock.rows.33.cells.24.lag_gap	f:bf7269c719068630
clock.rows.33.cells.24.tau_f	f:3fc999999999999a
clock.rows.33.cells.24.tau_gov	f:3f947ae147ae147b
clock.rows.33.cells.24.slope_f	f:3f99a83faa80f5e6
clock.rows.33.cells.24.slope_r	f:3f9a6843f0380da7
clock.rows.33.cells.24.predicted	s:gov
clock.rows.33.cells.24.measured	s:gov
clock.rows.33.cells.24.margin	f:bffa584bac1ba218
clock.rows.33.cells.25	keys:10
clock.rows.33.cells.25.s	f:3fd666666666666a
clock.rows.33.cells.25.setpoint_gap	f:3f67d7190ee5827c
clock.rows.33.cells.25.lag_gap	f:bf726b677125e8cc
clock.rows.33.cells.25.tau_f	f:3fc999999999999a
clock.rows.33.cells.25.tau_gov	f:3f947ae147ae147b
clock.rows.33.cells.25.slope_f	f:3f99aa59ae9fd0ae
clock.rows.33.cells.25.slope_r	f:3f9a68f3cbe448d9
clock.rows.33.cells.25.predicted	s:gov
clock.rows.33.cells.25.measured	s:gov
clock.rows.33.cells.25.margin	f:bffa5ab4716c01c8
clock.rows.33.cells.26	keys:10
clock.rows.33.cells.26.s	f:3fd6b851eb851ebc
clock.rows.33.cells.26.setpoint_gap	f:3f67deb2209deae4
clock.rows.33.cells.26.lag_gap	f:bf72540cc88a8740
clock.rows.33.cells.26.tau_f	f:3fc999999999999a
clock.rows.33.cells.26.tau_gov	f:3f947ae147ae147b
clock.rows.33.cells.26.slope_f	f:3f998d4a987f9af6
clock.rows.33.cells.26.slope_r	f:3f9a6a4a2a3872ff
clock.rows.33.cells.26.predicted	s:gov
clock.rows.33.cells.26.measured	s:gov
clock.rows.33.cells.26.margin	f:bffa6b36fcff3195
clock.rows.34	keys:20
clock.rows.34.coord	s:clip
clock.rows.34.tau_f	f:3fc999999999999a
clock.rows.34.tau_gov	f:3fa999999999999a
clock.rows.34.tau_q	f:3fa999999999999a
clock.rows.34.tau_s	f:3fa999999999999a
clock.rows.34.phi_lim	f:3fe8000000000000
clock.rows.34.phi_air	f:3fe8a3d70a3d70a4
clock.rows.34.max_Tt4	f:4094050de9a9568f
clock.rows.34.riding4_valid	b:1
clock.rows.34.n_riding4	i:23
clock.rows.34.census	keys:1
clock.rows.34.census.gov	i:23
clock.rows.34.n_fuel	i:0
clock.rows.34.n_gov	i:23
clock.rows.34.n_scored	i:23
clock.rows.34.n_edge	i:0
clock.rows.34.n_agree	i:23
clock.rows.34.agreement	f:3ff0000000000000
clock.rows.34.worst_miss	n
clock.rows.34.min_margin	f:3ffb38ea9cb8c414
clock.rows.34.cells	len:23
clock.rows.34.cells.0	keys:10
clock.rows.34.cells.0.s	f:3fd0a3d70a3d70a6
clock.rows.34.cells.0.setpoint_gap	f:3f6d0ce7600c91e4
clock.rows.34.cells.0.lag_gap	f:bf646036351df552
clock.rows.34.cells.0.tau_f	f:3fc999999999999a
clock.rows.34.cells.0.tau_gov	f:3fa999999999999a
clock.rows.34.cells.0.slope_f	f:3f932ed509b449af
clock.rows.34.cells.0.slope_r	f:3f99cacca206416e
clock.rows.34.cells.0.predicted	s:gov
clock.rows.34.cells.0.measured	s:gov
clock.rows.34.cells.0.margin	f:bffb38ea9cb8c414
clock.rows.34.cells.1	keys:10
clock.rows.34.cells.1.s	f:3fd0f5c28f5c28f8
clock.rows.34.cells.1.setpoint_gap	f:3f6d38a491e031a8
clock.rows.34.cells.1.lag_gap	f:bf685d6772e30bde
clock.rows.34.cells.1.tau_f	f:3fc999999999999a
clock.rows.34.cells.1.tau_gov	f:3fa999999999999a
clock.rows.34.cells.1.slope_f	f:3f95ae0ef5cc02af
clock.rows.34.cells.1.slope_r	f:3f99ceb937f86d10
clock.rows.34.cells.1.predicted	s:gov
clock.rows.34.cells.1.measured	s:gov
clock.rows.34.cells.1.margin	f:bffd5744d941bb7c
clock.rows.34.cells.2	keys:10
clock.rows.34.cells.2.s	f:3fd147ae147ae14a
clock.rows.34.cells.2.setpoint_gap	f:3f6d616fe0391548
clock.rows.34.cells.2.lag_gap	f:bf68d2a4ad23cea2
clock.rows.34.cells.2.tau_f	f:3fc999999999999a
clock.rows.34.cells.2.tau_gov	f:3fa999999999999a
clock.rows.34.cells.2.slope_f	f:3f95f83e70e31f13
clock.rows.34.cells.2.slope_r	f:3f99d25e12b2f7b6
clock.rows.34.cells.2.predicted	s:gov
clock.rows.34.cells.2.measured	s:gov
clock.rows.34.cells.2.margin	f:bffd8497598a31e2
clock.rows.34.cells.3	keys:10
clock.rows.34.cells.3.s	f:3fd199999999999c
clock.rows.34.cells.3.setpoint_gap	f:3f6d878861617630
clock.rows.34.cells.3.lag_gap	f:bf693e1c1741f6a8
clock.rows.34.cells.3.tau_f	f:3fc999999999999a
clock.rows.34.cells.3.tau_gov	f:3fa999999999999a
clock.rows.34.cells.3.slope_f	f:3f963c41dccc3906
clock.rows.34.cells.3.slope_r	f:3f99d5c1390bfb72
clock.rows.34.cells.3.predicted	s:gov
clock.rows.34.cells.3.measured	s:gov
clock.rows.34.cells.3.margin	f:bffdad61709f77b6
clock.rows.34.cells.4	keys:10
clock.rows.34.cells.4.s	f:3fd1eb851eb851ee
clock.rows.34.cells.4.setpoint_gap	f:3f6dab28250afbe0
clock.rows.34.cells.4.lag_gap	f:bf69a0966e712a34
clock.rows.34.cells.4.tau_f	f:3fc999999999999a
clock.rows.34.cells.4.tau_gov	f:3fa999999999999a
clock.rows.34.cells.4.slope_f	f:3f967a9817440886
clock.rows.34.cells.4.slope_r	f:3f99d8e848f53894
clock.rows.34.cells.4.predicted	s:gov
clock.rows.34.cells.4.measured	s:gov
clock.rows.34.cells.4.margin	f:bffdd210ec5d7bb2
clock.rows.34.cells.5	keys:10
clock.rows.34.cells.5.s	f:3fd23d70a3d70a40
clock.rows.34.cells.5.setpoint_gap	f:3f6dcc848e50eaac
clock.rows.34.cells.5.lag_gap	f:bf69face3066b780
clock.rows.34.cells.5.tau_f	f:3fc999999999999a
clock.rows.34.cells.5.tau_gov	f:3fa999999999999a
clock.rows.34.cells.5.slope_f	f:3f96b3b6fccfa156
clock.rows.34.cells.5.slope_r	f:3f99dbd87a3dba96
clock.rows.34.cells.5.predicted	s:gov
clock.rows.34.cells.5.measured	s:gov
clock.rows.34.cells.5.margin	f:bffdf308ca98137f
clock.rows.34.cells.6	keys:10
clock.rows.34.cells.6.s	f:3fd28f5c28f5c292
clock.rows.34.cells.6.setpoint_gap	f:3f6debcea9f51260
clock.rows.34.cells.6.lag_gap	f:bf6a4d703f51f8dc
clock.rows.34.cells.6.tau_f	f:3fc999999999999a
clock.rows.34.cells.6.tau_gov	f:3fa999999999999a
clock.rows.34.cells.6.slope_f	f:3f96e80bd02a5ac2
clock.rows.34.cells.6.slope_r	f:3f99de96a25c7ce0
clock.rows.34.cells.6.predicted	s:gov
clock.rows.34.cells.6.measured	s:gov
clock.rows.34.cells.6.margin	f:bffe10a25a0c21fc
clock.rows.34.cells.7	keys:10
clock.rows.34.cells.7.s	f:3fd2e147ae147ae4
clock.rows.34.cells.7.setpoint_gap	f:3f6e093380696848
clock.rows.34.cells.7.lag_gap	f:bf6a991c9449d984
clock.rows.34.cells.7.tau_f	f:3fc999999999999a
clock.rows.34.cells.7.tau_gov	f:3fa999999999999a
clock.rows.34.cells.7.slope_f	f:3f9717fbaae984a2
clock.rows.34.cells.7.slope_r	f:3f99e12738ed72bc
clock.rows.34.cells.7.predicted	s:gov
clock.rows.34.cells.7.measured	s:gov
clock.rows.34.cells.7.margin	f:bffe2b2e3b29d31d
clock.rows.34.cells.8	keys:10
clock.rows.34.cells.8.s	f:3fd3333333333336
clock.rows.34.cells.8.setpoint_gap	f:3f6e24dc636606b4
clock.rows.34.cells.8.lag_gap	f:bf6ade66f988aef8
clock.rows.34.cells.8.tau_f	f:3fc999999999999a
clock.rows.34.cells.8.tau_gov	f:3fa999999999999a
clock.rows.34.cells.8.slope_f	f:3f9743e3f31cf1e6
clock.rows.34.cells.8.slope_r	f:3f99e38e5c9e122a
clock.rows.34.cells.8.predicted	s:gov
clock.rows.34.cells.8.measured	s:gov
clock.rows.34.cells.8.margin	f:bffe42f5447c3943
clock.rows.34.cells.9	keys:10
clock.rows.34.cells.9.s	f:3fd3851eb851eb88
clock.rows.34.cells.9.setpoint_gap	f:3f6e3eef36ee9e10
clock.rows.34.cells.9.lag_gap	f:bf6b1dd7c76796f4
clock.rows.34.cells.9.tau_f	f:3fc999999999999a
clock.rows.34.cells.9.tau_gov	f:3fa999999999999a
clock.rows.34.cells.9.slope_f	f:3f976c1ad2b64326
clock.rows.34.cells.9.slope_r	f:3f99e5cfd8561334
clock.rows.34.cells.9.predicted	s:gov
clock.rows.34.cells.9.measured	s:gov
clock.rows.34.cells.9.margin	f:bffe58394e00e18f
clock.rows.34.cells.10	keys:10
clock.rows.34.cells.10.s	f:3fd3d70a3d70a3da
clock.rows.34.cells.10.setpoint_gap	f:3f6e578eb5c4bb30
clock.rows.34.cells.10.lag_gap	f:bf6b57eca04d2e40
clock.rows.34.cells.10.tau_f	f:3fc999999999999a
clock.rows.34.cells.10.tau_gov	f:3fa999999999999a
clock.rows.34.cells.10.slope_f	f:3f9790efae4da7d2
clock.rows.34.cells.10.slope_r	f:3f99e7ef2875aba6
clock.rows.34.cells.10.predicted	s:gov
clock.rows.34.cells.10.measured	s:gov
clock.rows.34.cells.10.margin	f:bffe6b35e65bce54
clock.rows.34.cells.11	keys:10
clock.rows.34.cells.11.s	f:3fd428f5c28f5c2c
clock.rows.34.cells.11.setpoint_gap	f:3f6e6edab15837f8
clock.rows.34.cells.11.lag_gap	f:bf6b8d1928c135d0
clock.rows.34.cells.11.tau_f	f:3fc999999999999a
clock.rows.34.cells.11.tau_gov	f:3fa999999999999a
clock.rows.34.cells.11.slope_f	f:3f97b2ab997bd8be
clock.rows.34.cells.11.slope_r	f:3f99e9ef800c5c6e
clock.rows.34.cells.11.predicted	s:gov
clock.rows.34.cells.11.measured	s:gov
clock.rows.34.cells.11.margin	f:bffe7c20f478c177
clock.rows.34.cells.12	keys:10
clock.rows.34.cells.12.s	f:3fd47ae147ae147e
clock.rows.34.cells.12.setpoint_gap	f:3f6e84f04d556990
clock.rows.34.cells.12.lag_gap	f:bf6bbdc7b9a39f14
clock.rows.34.cells.12.tau_f	f:3fc999999999999a
clock.rows.34.cells.12.tau_gov	f:3fa999999999999a
clock.rows.34.cells.12.slope_f	f:3f97d191c78311fa
clock.rows.34.cells.12.slope_r	f:3f99ebd3cdf33a34
clock.rows.34.cells.12.predicted	s:gov
clock.rows.34.cells.12.measured	s:gov
clock.rows.34.cells.12.margin	f:bffe8b2b47dce1c0
clock.rows.34.cells.13	keys:10
clock.rows.34.cells.13.s	f:3fd4ccccccccccd0
clock.rows.34.cells.13.setpoint_gap	f:3f6e99ea36faca8c
clock.rows.34.cells.13.lag_gap	f:bf6bea5a0b20ec34
clock.rows.34.cells.13.tau_f	f:3fc999999999999a
clock.rows.34.cells.13.tau_gov	f:3fa999999999999a
clock.rows.34.cells.13.slope_f	f:3f97eddff7637bb6
clock.rows.34.cells.13.slope_r	f:3f99ed9ec1bba054
clock.rows.34.cells.13.predicted	s:gov
clock.rows.34.cells.13.measured	s:gov
clock.rows.34.cells.13.margin	f:bffe988119a458ad
clock.rows.34.cells.14	keys:10
clock.rows.34.cells.14.s	f:3fd51eb851eb8522
clock.rows.34.cells.14.setpoint_gap	f:3f6eade0d866b42c
clock.rows.34.cells.14.lag_gap	f:bf6c1329d778371a
clock.rows.34.cells.14.tau_f	f:3fc999999999999a
clock.rows.34.cells.14.tau_gov	f:3fa999999999999a
clock.rows.34.cells.14.slope_f	f:3f9807cedac51d26
clock.rows.34.cells.14.slope_r	f:3f99ef52d067eada
clock.rows.34.cells.14.predicted	s:gov
clock.rows.34.cells.14.measured	s:gov
clock.rows.34.cells.14.margin	f:bffea44a7fe9bb44
clock.rows.34.cells.15	keys:10
clock.rows.34.cells.15.s	f:3fd570a3d70a3d74
clock.rows.34.cells.15.setpoint_gap	f:3f6ec0ea88120e34
clock.rows.34.cells.15.lag_gap	f:bf6c38897508f436
clock.rows.34.cells.15.tau_f	f:3fc999999999999a
clock.rows.34.cells.15.tau_gov	f:3fa999999999999a
clock.rows.34.cells.15.slope_f	f:3f981f92775f84a2
clock.rows.34.cells.15.slope_r	f:3f99f0f238e7b004
clock.rows.34.cells.15.predicted	s:gov
clock.rows.34.cells.15.measured	s:gov
clock.rows.34.cells.15.margin	f:bffeaeabd520966e
clock.rows.34.cells.16	keys:10
clock.rows.34.cells.16.s	f:3fd5c28f5c28f5c6
clock.rows.34.cells.16.setpoint_gap	f:3f6ed31bb4af0990
clock.rows.34.cells.16.lag_gap	f:bf6c5ac467659c32
clock.rows.34.cells.16.tau_f	f:3fc999999999999a
clock.rows.34.cells.16.tau_gov	f:3fa999999999999a
clock.rows.34.cells.16.slope_f	f:3f98355a82b465a6
clock.rows.34.cells.16.slope_r	f:3f99f27f0853901e
clock.rows.34.cells.16.predicted	s:gov
clock.rows.34.cells.16.measured	s:gov
clock.rows.34.cells.16.margin	f:bffeb7c614bc7dfd
clock.rows.34.cells.17	keys:10
clock.rows.34.cells.17.s	f:3fd6147ae147ae18
clock.rows.34.cells.17.setpoint_gap	f:3f6ee4870da3e8a4
clock.rows.34.cells.17.lag_gap	f:bf6c7a1fe75f48be
clock.rows.34.cells.17.tau_f	f:3fc999999999999a
clock.rows.34.cells.17.tau_gov	f:3fa999999999999a
clock.rows.34.cells.17.slope_f	f:3f984952b8154736
clock.rows.34.cells.17.slope_r	f:3f99f3fb1de6e700
clock.rows.34.cells.17.predicted	s:gov
clock.rows.34.cells.17.measured	s:gov
clock.rows.34.cells.17.margin	f:bffebfb72e54998b
clock.rows.34.cells.18	keys:10
clock.rows.34.cells.18.s	f:3fd666666666666a
clock.rows.34.cells.18.setpoint_gap	f:3f6ef53da8596844
clock.rows.34.cells.18.lag_gap	f:bf6c96db6226c50e
clock.rows.34.cells.18.tau_f	f:3fc999999999999a
clock.rows.34.cells.18.tau_gov	f:3fa999999999999a
clock.rows.34.cells.18.slope_f	f:3f985ba329060e1e
clock.rows.34.cells.18.slope_r	f:3f99f5682eb74bd8
clock.rows.34.cells.18.predicted	s:gov
clock.rows.34.cells.18.measured	s:gov
clock.rows.34.cells.18.margin	f:bffec69a504f5cf8
clock.rows.34.cells.19	keys:10
clock.rows.34.cells.19.s	f:3fd6b851eb851ebc
clock.rows.34.cells.19.setpoint_gap	f:3f6f054f22935e38
clock.rows.34.cells.19.lag_gap	f:bf6cb130efbfc5d6
clock.rows.34.cells.19.tau_f	f:3fc999999999999a
clock.rows.34.cells.19.tau_gov	f:3fa999999999999a
clock.rows.34.cells.19.slope_f	f:3f986c70882297ea
clock.rows.34.cells.19.slope_r	f:3f99f6c7c92af114
clock.rows.34.cells.19.predicted	s:gov
clock.rows.34.cells.19.measured	s:gov
clock.rows.34.cells.19.margin	f:bffecc882b03a582
clock.rows.34.cells.20	keys:10
clock.rows.34.cells.20.s	f:3fd70a3d70a3d70e
clock.rows.34.cells.20.setpoint_gap	f:3f6f14c9c20827b8
clock.rows.34.cells.20.lag_gap	f:bf6cc955c115434a
clock.rows.34.cells.20.tau_f	f:3fc999999999999a
clock.rows.34.cells.20.tau_gov	f:3fa999999999999a
clock.rows.34.cells.20.slope_f	f:3f987bdc6eb93b9e
clock.rows.34.cells.20.slope_r	f:3f99f81b582fc642
clock.rows.34.cells.20.predicted	s:gov
clock.rows.34.cells.20.measured	s:gov
clock.rows.34.cells.20.margin	f:bffed1972d1f6a9e
clock.rows.34.cells.21	keys:10
clock.rows.34.cells.21.s	f:3fd75c28f5c28f60
clock.rows.34.cells.21.setpoint_gap	f:3f6f23ba9169a6c0
clock.rows.34.cells.21.lag_gap	f:bf6cdf7a860d5efa
clock.rows.34.cells.21.tau_f	f:3fc999999999999a
clock.rows.34.cells.21.tau_gov	f:3fa999999999999a
clock.rows.34.cells.21.slope_f	f:3f988a059d55d296
clock.rows.34.cells.21.slope_r	f:3f99f9642635dcea
clock.rows.34.cells.21.predicted	s:gov
clock.rows.34.cells.21.measured	s:gov
clock.rows.34.cells.21.margin	f:bffed5dbba0c6504
clock.rows.34.cells.22	keys:10
clock.rows.34.cells.22.s	f:3fd7ae147ae147b2
clock.rows.34.cells.22.setpoint_gap	f:3f6f322d7b0fd6a0
clock.rows.34.cells.22.lag_gap	f:bf6ccfcd62183c2a
clock.rows.34.cells.22.tau_f	f:3fc999999999999a
clock.rows.34.cells.22.tau_gov	f:3fa999999999999a
clock.rows.34.cells.22.slope_f	f:3f9880a6301df6c6
clock.rows.34.cells.22.slope_r	f:3f99fb174b3b44b2
clock.rows.34.cells.22.predicted	s:gov
clock.rows.34.cells.22.measured	s:gov
clock.rows.34.cells.22.margin	f:bffec6f268f6ebe7
clock.rows.35	keys:20
clock.rows.35.coord	s:clip
clock.rows.35.tau_f	f:3fc999999999999a
clock.rows.35.tau_gov	f:3fc999999999999a
clock.rows.35.tau_q	f:3fa999999999999a
clock.rows.35.tau_s	f:3fa999999999999a
clock.rows.35.phi_lim	f:3fe8000000000000
clock.rows.35.phi_air	f:3fe8a3d70a3d70a4
clock.rows.35.max_Tt4	f:409691738dd6d6ee
clock.rows.35.riding4_valid	b:1
clock.rows.35.n_riding4	i:9
clock.rows.35.census	keys:1
clock.rows.35.census.gov	i:9
clock.rows.35.n_fuel	i:0
clock.rows.35.n_gov	i:9
clock.rows.35.n_scored	i:9
clock.rows.35.n_edge	i:0
clock.rows.35.n_agree	i:9
clock.rows.35.agreement	f:3ff0000000000000
clock.rows.35.worst_miss	n
clock.rows.35.min_margin	f:3fe1151e6616ce9c
clock.rows.35.cells	len:9
clock.rows.35.cells.0	keys:10
clock.rows.35.cells.0.s	f:3fd851eb851eb856
clock.rows.35.cells.0.setpoint_gap	f:3f79fcb0fd0bf6e8
clock.rows.35.cells.0.lag_gap	f:3f683a98e55349fc
clock.rows.35.cells.0.tau_f	f:3fc999999999999a
clock.rows.35.cells.0.tau_gov	f:3fc999999999999a
clock.rows.35.cells.0.slope_f	f:3f825eedd6b581e3
clock.rows.35.cells.0.slope_r	f:3f9854167aaecf2e
clock.rows.35.cells.0.predicted	s:gov
clock.rows.35.cells.0.measured	s:gov
clock.rows.35.cells.0.margin	f:bfe1151e6616ce9c
clock.rows.35.cells.1	keys:10
clock.rows.35.cells.1.s	f:3fd8a3d70a3d70a8
clock.rows.35.cells.1.setpoint_gap	f:3f7a30b6c3c4778c
clock.rows.35.cells.1.lag_gap	f:3f6017ccd32768cd
clock.rows.35.cells.1.tau_f	f:3fc999999999999a
clock.rows.35.cells.1.tau_gov	f:3fc999999999999a
clock.rows.35.cells.1.slope_f	f:3f8c8a9508dde9c9
clock.rows.35.cells.1.slope_r	f:3f98542a88679664
clock.rows.35.cells.1.predicted	s:gov
clock.rows.35.cells.1.measured	s:gov
clock.rows.35.cells.1.margin	f:bfe62b289dc27a77
clock.rows.35.cells.2	keys:10
clock.rows.35.cells.2.s	f:3fd8f5c28f5c28fa
clock.rows.35.cells.2.setpoint_gap	f:3f7a63afb5868cba
clock.rows.35.cells.2.lag_gap	f:3f5f89a9990213da
clock.rows.35.cells.2.tau_f	f:3fc999999999999a
clock.rows.35.cells.2.tau_gov	f:3fc999999999999a
clock.rows.35.cells.2.slope_f	f:3f8cf28636135be1
clock.rows.35.cells.2.slope_r	f:3f9854481ada5424
clock.rows.35.cells.2.predicted	s:gov
clock.rows.35.cells.2.measured	s:gov
clock.rows.35.cells.2.margin	f:bfe67073ef2e5297
clock.rows.35.cells.3	keys:10
clock.rows.35.cells.3.s	f:3fd947ae147ae14c
clock.rows.35.cells.3.setpoint_gap	f:3f7a95a27c147e32
clock.rows.35.cells.3.lag_gap	f:3f5ee7d704bb5b1a
clock.rows.35.cells.3.tau_f	f:3fc999999999999a
clock.rows.35.cells.3.tau_gov	f:3fc999999999999a
clock.rows.35.cells.3.slope_f	f:3f8d57f7cf55af49
clock.rows.35.cells.3.slope_r	f:3f98546f1925641c
clock.rows.35.cells.3.predicted	s:gov
clock.rows.35.cells.3.measured	s:gov
clock.rows.35.cells.3.margin	f:bfe6b31ce46b55f7
clock.rows.35.cells.4	keys:10
clock.rows.35.cells.4.s	f:3fd999999999999e
clock.rows.35.cells.4.setpoint_gap	f:3f7ac69598c8e444
clock.rows.35.cells.4.lag_gap	f:3f5e4a08ed71999a
clock.rows.35.cells.4.tau_f	f:3fc999999999999a
clock.rows.35.cells.4.tau_gov	f:3fc999999999999a
clock.rows.35.cells.4.slope_f	f:3f8dbaf9421c62b1
clock.rows.35.cells.4.slope_r	f:3f98549f6b41b158
clock.rows.35.cells.4.predicted	s:gov
clock.rows.35.cells.4.measured	s:gov
clock.rows.35.cells.4.margin	f:bfe6f3438b58db6d
clock.rows.35.cells.5	keys:10
clock.rows.35.cells.5.s	f:3fd9eb851eb851f0
clock.rows.35.cells.5.setpoint_gap	f:3f7af68f6572b684
clock.rows.35.cells.5.lag_gap	f:3f5db026dfb3c11c
clock.rows.35.cells.5.tau_f	f:3fc999999999999a
clock.rows.35.cells.5.tau_gov	f:3fc999999999999a
clock.rows.35.cells.5.slope_f	f:3f8e1b99a8004e10
clock.rows.35.cells.5.slope_r	f:3f9854d8f9e85360
clock.rows.35.cells.5.predicted	s:gov
clock.rows.35.cells.5.measured	s:gov
clock.rows.35.cells.5.margin	f:bfe7310603530d8e
clock.rows.35.cells.6	keys:10
clock.rows.35.cells.6.s	f:3fda3d70a3d70a42
clock.rows.35.cells.6.setpoint_gap	f:3f7b2596152e56ae
clock.rows.35.cells.6.lag_gap	f:3f5d1a18eeb54e3c
clock.rows.35.cells.6.tau_f	f:3fc999999999999a
clock.rows.35.cells.6.tau_gov	f:3fc999999999999a
clock.rows.35.cells.6.slope_f	f:3f8e79e7c7c41068
clock.rows.35.cells.6.slope_r	f:3f98551bae7ab0a6
clock.rows.35.cells.6.predicted	s:gov
clock.rows.35.cells.6.measured	s:gov
clock.rows.35.cells.6.margin	f:bfe76c80a1f8776b
clock.rows.35.cells.7	keys:10
clock.rows.35.cells.7.s	f:3fda8f5c28f5c294
clock.rows.35.cells.7.setpoint_gap	f:3f7b53afb53b6118
clock.rows.35.cells.7.lag_gap	f:3f5c87c7b23fd03c
clock.rows.35.cells.7.tau_f	f:3fc999999999999a
clock.rows.35.cells.7.tau_gov	f:3fc999999999999a
clock.rows.35.cells.7.slope_f	f:3f8ed5f216722c48
clock.rows.35.cells.7.slope_r	f:3f98556772ed0736
clock.rows.35.cells.7.predicted	s:gov
clock.rows.35.cells.7.measured	s:gov
clock.rows.35.cells.7.margin	f:bfe7a5ce14b55368
clock.rows.35.cells.8	keys:10
clock.rows.35.cells.8.s	f:3fdae147ae147ae6
clock.rows.35.cells.8.setpoint_gap	f:3f7b80e22dcf22e2
clock.rows.35.cells.8.lag_gap	f:3f5c61160a64d95c
clock.rows.35.cells.8.tau_f	f:3fc999999999999a
clock.rows.35.cells.8.tau_gov	f:3fc999999999999a
clock.rows.35.cells.8.slope_f	f:3f8ef011260df720
clock.rows.35.cells.8.slope_r	f:3f98565f76467f7c
clock.rows.35.cells.8.predicted	s:gov
clock.rows.35.cells.8.measured	s:gov
clock.rows.35.cells.8.margin	f:bfe7bec91e041de9
clock.control_all_gov	b:1
clock.control_n_riding4	len:1
clock.control_n_riding4.0	i:33
clock.control_clip_shared	keys:2
clock.control_clip_shared.fuel	i:7
clock.control_clip_shared.gov	i:16
clock.control_clip_fuel	i:7
clock.control_clip_rows	len:6
clock.control_clip_rows.0	keys:5
clock.control_clip_rows.0.tau_f	f:3f947ae147ae147b
clock.control_clip_rows.0.n_riding4	i:23
clock.control_clip_rows.0.census	keys:2
clock.control_clip_rows.0.census.fuel	i:13
clock.control_clip_rows.0.census.gov	i:10
clock.control_clip_rows.0.n_fuel	i:13
clock.control_clip_rows.0.max_Tt4	f:4093fed9f8101613
clock.control_clip_rows.1	keys:5
clock.control_clip_rows.1.tau_f	f:3fa999999999999a
clock.control_clip_rows.1.n_riding4	i:23
clock.control_clip_rows.1.census	keys:2
clock.control_clip_rows.1.census.fuel	i:7
clock.control_clip_rows.1.census.gov	i:16
clock.control_clip_rows.1.n_fuel	i:7
clock.control_clip_rows.1.max_Tt4	f:4093feb2af740d44
clock.control_clip_rows.2	keys:5
clock.control_clip_rows.2.tau_f	f:3fb47ae147ae147b
clock.control_clip_rows.2.n_riding4	i:23
clock.control_clip_rows.2.census	keys:2
clock.control_clip_rows.2.census.fuel	i:5
clock.control_clip_rows.2.census.gov	i:18
clock.control_clip_rows.2.n_fuel	i:5
clock.control_clip_rows.2.max_Tt4	f:4093feaaece9d08e
clock.control_clip_rows.3	keys:5
clock.control_clip_rows.3.tau_f	f:3fb999999999999a
clock.control_clip_rows.3.n_riding4	i:23
clock.control_clip_rows.3.census	keys:2
clock.control_clip_rows.3.census.fuel	i:5
clock.control_clip_rows.3.census.gov	i:18
clock.control_clip_rows.3.n_fuel	i:5
clock.control_clip_rows.3.max_Tt4	f:4093fea8cd97d9e1
clock.control_clip_rows.4	keys:5
clock.control_clip_rows.4.tau_f	f:3fbeb851eb851eb8
clock.control_clip_rows.4.n_riding4	i:23
clock.control_clip_rows.4.census	keys:2
clock.control_clip_rows.4.census.fuel	i:4
clock.control_clip_rows.4.census.gov	i:19
clock.control_clip_rows.4.n_fuel	i:4
clock.control_clip_rows.4.max_Tt4	f:4093fea786a28e79
clock.control_clip_rows.5	keys:5
clock.control_clip_rows.5.tau_f	f:3fc999999999999a
clock.control_clip_rows.5.n_riding4	i:23
clock.control_clip_rows.5.census	keys:2
clock.control_clip_rows.5.census.fuel	i:3
clock.control_clip_rows.5.census.gov	i:20
clock.control_clip_rows.5.n_fuel	i:3
clock.control_clip_rows.5.max_Tt4	f:4093fea56e0b8e31
clock.control_clip_tau_f_live	b:1
clock.all_fuel	b:0
clock.agreement	f:3fee79e79e79e79e
clock.n_scored	i:1054
clock.worst_miss	f:3fbe23ecbbd07fa9
clock.fuel_cells	keys:2
clock.fuel_cells.demand	len:12
clock.fuel_cells.demand.0	len:3
clock.fuel_cells.demand.0.0	f:3fb47ae147ae147b
clock.fuel_cells.demand.0.1	f:3f947ae147ae147b
clock.fuel_cells.demand.0.2	i:11
clock.fuel_cells.demand.1	len:3
clock.fuel_cells.demand.1.0	f:3fb47ae147ae147b
clock.fuel_cells.demand.1.1	f:3fa999999999999a
clock.fuel_cells.demand.1.2	i:9
clock.fuel_cells.demand.2	len:3
clock.fuel_cells.demand.2.0	f:3fb47ae147ae147b
clock.fuel_cells.demand.2.1	f:3fc999999999999a
clock.fuel_cells.demand.2.2	i:5
clock.fuel_cells.demand.3	len:3
clock.fuel_cells.demand.3.0	f:3fb999999999999a
clock.fuel_cells.demand.3.1	f:3f947ae147ae147b
clock.fuel_cells.demand.3.2	i:23
clock.fuel_cells.demand.4	len:3
clock.fuel_cells.demand.4.0	f:3fb999999999999a
clock.fuel_cells.demand.4.1	f:3fa999999999999a
clock.fuel_cells.demand.4.2	i:20
clock.fuel_cells.demand.5	len:3
clock.fuel_cells.demand.5.0	f:3fb999999999999a
clock.fuel_cells.demand.5.1	f:3fc999999999999a
clock.fuel_cells.demand.5.2	i:14
clock.fuel_cells.demand.6	len:3
clock.fuel_cells.demand.6.0	f:3fbeb851eb851eb8
clock.fuel_cells.demand.6.1	f:3f947ae147ae147b
clock.fuel_cells.demand.6.2	i:34
clock.fuel_cells.demand.7	len:3
clock.fuel_cells.demand.7.0	f:3fbeb851eb851eb8
clock.fuel_cells.demand.7.1	f:3fa999999999999a
clock.fuel_cells.demand.7.2	i:31
clock.fuel_cells.demand.8	len:3
clock.fuel_cells.demand.8.0	f:3fbeb851eb851eb8
clock.fuel_cells.demand.8.1	f:3fc999999999999a
clock.fuel_cells.demand.8.2	i:22
clock.fuel_cells.demand.9	len:3
clock.fuel_cells.demand.9.0	f:3fc999999999999a
clock.fuel_cells.demand.9.1	f:3f947ae147ae147b
clock.fuel_cells.demand.9.2	i:47
clock.fuel_cells.demand.10	len:3
clock.fuel_cells.demand.10.0	f:3fc999999999999a
clock.fuel_cells.demand.10.1	f:3fa999999999999a
clock.fuel_cells.demand.10.2	i:47
clock.fuel_cells.demand.11	len:3
clock.fuel_cells.demand.11.0	f:3fc999999999999a
clock.fuel_cells.demand.11.1	f:3fc999999999999a
clock.fuel_cells.demand.11.2	i:47
clock.fuel_cells.clip	len:0
clock.fuel_side	keys:2
clock.fuel_side.demand	len:3
clock.fuel_side.demand.0	s:fast_fuel
clock.fuel_side.demand.1	s:matched
clock.fuel_side.demand.2	s:slow_fuel
clock.fuel_side.clip	len:0
clock.tau_f_inert	keys:6
clock.tau_f_inert.demand@0.02	keys:8
clock.tau_f_inert.demand@0.02.n_tau_f	i:6
clock.tau_f_inert.demand@0.02.n_floats	i:1364
clock.tau_f_inert.demand@0.02.n_differing	i:1304
clock.tau_f_inert.demand@0.02.march_identical	b:0
clock.tau_f_inert.demand@0.02.Tt4_identical	b:0
clock.tau_f_inert.demand@0.02.riding4_identical	b:0
clock.tau_f_inert.demand@0.02.n_riding4	len:6
clock.tau_f_inert.demand@0.02.n_riding4.0	i:30
clock.tau_f_inert.demand@0.02.n_riding4.1	i:32
clock.tau_f_inert.demand@0.02.n_riding4.2	i:39
clock.tau_f_inert.demand@0.02.n_riding4.3	i:43
clock.tau_f_inert.demand@0.02.n_riding4.4	i:46
clock.tau_f_inert.demand@0.02.n_riding4.5	i:47
clock.tau_f_inert.demand@0.02.all_valid	b:1
clock.tau_f_inert.demand@0.05	keys:8
clock.tau_f_inert.demand@0.05.n_tau_f	i:6
clock.tau_f_inert.demand@0.05.n_floats	i:1364
clock.tau_f_inert.demand@0.05.n_differing	i:1304
clock.tau_f_inert.demand@0.05.march_identical	b:0
clock.tau_f_inert.demand@0.05.Tt4_identical	b:0
clock.tau_f_inert.demand@0.05.riding4_identical	b:0
clock.tau_f_inert.demand@0.05.n_riding4	len:6
clock.tau_f_inert.demand@0.05.n_riding4.0	i:31
clock.tau_f_inert.demand@0.05.n_riding4.1	i:33
clock.tau_f_inert.demand@0.05.n_riding4.2	i:39
clock.tau_f_inert.demand@0.05.n_riding4.3	i:42
clock.tau_f_inert.demand@0.05.n_riding4.4	i:45
clock.tau_f_inert.demand@0.05.n_riding4.5	i:47
clock.tau_f_inert.demand@0.05.all_valid	b:1
clock.tau_f_inert.demand@0.2	keys:8
clock.tau_f_inert.demand@0.2.n_tau_f	i:6
clock.tau_f_inert.demand@0.2.n_floats	i:1364
clock.tau_f_inert.demand@0.2.n_differing	i:1304
clock.tau_f_inert.demand@0.2.march_identical	b:0
clock.tau_f_inert.demand@0.2.Tt4_identical	b:0
clock.tau_f_inert.demand@0.2.riding4_identical	b:0
clock.tau_f_inert.demand@0.2.n_riding4	len:6
clock.tau_f_inert.demand@0.2.n_riding4.0	i:30
clock.tau_f_inert.demand@0.2.n_riding4.1	i:32
clock.tau_f_inert.demand@0.2.n_riding4.2	i:36
clock.tau_f_inert.demand@0.2.n_riding4.3	i:39
clock.tau_f_inert.demand@0.2.n_riding4.4	i:42
clock.tau_f_inert.demand@0.2.n_riding4.5	i:47
clock.tau_f_inert.demand@0.2.all_valid	b:1
clock.tau_f_inert.clip@0.02	keys:8
clock.tau_f_inert.clip@0.02.n_tau_f	i:6
clock.tau_f_inert.clip@0.02.n_floats	i:1364
clock.tau_f_inert.clip@0.02.n_differing	i:0
clock.tau_f_inert.clip@0.02.march_identical	b:1
clock.tau_f_inert.clip@0.02.Tt4_identical	b:1
clock.tau_f_inert.clip@0.02.riding4_identical	b:1
clock.tau_f_inert.clip@0.02.n_riding4	len:1
clock.tau_f_inert.clip@0.02.n_riding4.0	i:27
clock.tau_f_inert.clip@0.02.all_valid	b:1
clock.tau_f_inert.clip@0.05	keys:8
clock.tau_f_inert.clip@0.05.n_tau_f	i:6
clock.tau_f_inert.clip@0.05.n_floats	i:1364
clock.tau_f_inert.clip@0.05.n_differing	i:0
clock.tau_f_inert.clip@0.05.march_identical	b:1
clock.tau_f_inert.clip@0.05.Tt4_identical	b:1
clock.tau_f_inert.clip@0.05.riding4_identical	b:1
clock.tau_f_inert.clip@0.05.n_riding4	len:1
clock.tau_f_inert.clip@0.05.n_riding4.0	i:23
clock.tau_f_inert.clip@0.05.all_valid	b:1
clock.tau_f_inert.clip@0.2	keys:8
clock.tau_f_inert.clip@0.2.n_tau_f	i:6
clock.tau_f_inert.clip@0.2.n_floats	i:1364
clock.tau_f_inert.clip@0.2.n_differing	i:0
clock.tau_f_inert.clip@0.2.march_identical	b:1
clock.tau_f_inert.clip@0.2.Tt4_identical	b:1
clock.tau_f_inert.clip@0.2.riding4_identical	b:1
clock.tau_f_inert.clip@0.2.n_riding4	len:1
clock.tau_f_inert.clip@0.2.n_riding4.0	i:9
clock.tau_f_inert.clip@0.2.all_valid	b:1
clock.n_invalid	i:0
clock@rig	keys:2
clock@rig.lag_coord	s:demand
clock@rig.sm_air	n
mask	keys:16
mask.coord	s:demand
mask.clocks	len:2
mask.clocks.0	len:4
mask.clocks.0.0	f:3fc999999999999a
mask.clocks.0.1	f:3fa999999999999a
mask.clocks.0.2	f:3fa999999999999a
mask.clocks.0.3	f:3fa999999999999a
mask.clocks.1	len:4
mask.clocks.1.0	f:3fa999999999999a
mask.clocks.1.1	f:3fa999999999999a
mask.clocks.1.2	f:3fa999999999999a
mask.clocks.1.3	f:3fa999999999999a
mask.phi_lim	f:3fe8000000000000
mask.phi_air	f:3fe8a3d70a3d70a4
mask.ds	f:3f747ae147ae147b
mask.arms	len:2
mask.arms.0	keys:9
mask.arms.0.taus	len:4
mask.arms.0.taus.0	f:3fc999999999999a
mask.arms.0.taus.1	f:3fa999999999999a
mask.arms.0.taus.2	f:3fa999999999999a
mask.arms.0.taus.3	f:3fa999999999999a
mask.arms.0.riding4_valid	b:1
mask.arms.0.max_Tt4	f:4092b7e383777650
mask.arms.0.n_riding	i:47
mask.arms.0.n_sampled	i:47
mask.arms.0.n_interior	i:47
mask.arms.0.skipped	keys:2
mask.arms.0.skipped.switch	i:0
mask.arms.0.skipped.regime	i:0
mask.arms.0.by_authority	keys:1
mask.arms.0.by_authority.fuel	keys:4
mask.arms.0.by_authority.fuel.n	i:47
mask.arms.0.by_authority.fuel.max_cyc	f:3ff0b33cfe5d7f0c
mask.arms.0.by_authority.fuel.max_leak	f:0000000000000000
mask.arms.0.by_authority.fuel.zeros	len:1
mask.arms.0.by_authority.fuel.zeros.0	i:1
mask.arms.0.cells	len:47
mask.arms.0.cells.0	keys:9
mask.arms.0.cells.0.s	f:3fc3d70a3d70a3d9
mask.arms.0.cells.0.phi	f:3fe8abdf2048f828
mask.arms.0.cells.0.authority	s:fuel
mask.arms.0.cells.0.masked	s:gov
mask.arms.0.cells.0.mask_leak	f:0000000000000000
mask.arms.0.cells.0.c1	f:c046b1aa9d3945d0
mask.arms.0.cells.0.c0	f:3e70691d9fef1b26
mask.arms.0.cells.0.zeros	i:1
mask.arms.0.cells.0.cyc	f:3ff0ad8cdd8ce0f1
mask.arms.0.cells.1	keys:9
mask.arms.0.cells.1.s	f:3fc47ae147ae147d
mask.arms.0.cells.1.phi	f:3fe8ac41d6557781
mask.arms.0.cells.1.authority	s:fuel
mask.arms.0.cells.1.masked	s:gov
mask.arms.0.cells.1.mask_leak	f:0000000000000000
mask.arms.0.cells.1.c1	f:c046b62ecd3a641b
mask.arms.0.cells.1.c0	f:3e4211187c768488
mask.arms.0.cells.1.zeros	i:1
mask.arms.0.cells.1.cyc	f:3ff0adaca387e73e
mask.arms.0.cells.2	keys:9
mask.arms.0.cells.2.s	f:3fc51eb851eb8521
mask.arms.0.cells.2.phi	f:3fe8ac92ce2b1340
mask.arms.0.cells.2.authority	s:fuel
mask.arms.0.cells.2.masked	s:gov
mask.arms.0.cells.2.mask_leak	f:0000000000000000
mask.arms.0.cells.2.c1	f:c046baa4a07c3a45
mask.arms.0.cells.2.c0	f:3e4dcf28de0b5a40
mask.arms.0.cells.2.zeros	i:1
mask.arms.0.cells.2.cyc	f:3ff0adcc0a3a229f
mask.arms.0.cells.3	keys:9
mask.arms.0.cells.3.s	f:3fc5c28f5c28f5c5
mask.arms.0.cells.3.phi	f:3fe8acd564c8e068
mask.arms.0.cells.3.authority	s:fuel
mask.arms.0.cells.3.masked	s:gov
mask.arms.0.cells.3.mask_leak	f:0000000000000000
mask.arms.0.cells.3.c1	f:c046bf0f95c13f3b
mask.arms.0.cells.3.c0	f:3e78ee2082caea18
mask.arms.0.cells.3.zeros	i:1
mask.arms.0.cells.3.cyc	f:3ff0adeb2881cdb0
mask.arms.0.cells.4	keys:9
mask.arms.0.cells.4.s	f:3fc6666666666669
mask.arms.0.cells.4.phi	f:3fe8ad0c53b9db7f
mask.arms.0.cells.4.authority	s:fuel
mask.arms.0.cells.4.masked	s:gov
mask.arms.0.cells.4.mask_leak	f:0000000000000000
mask.arms.0.cells.4.c1	f:c046c3728819c3cb
mask.arms.0.cells.4.c0	f:be53a08786eceda0
mask.arms.0.cells.4.zeros	i:1
mask.arms.0.cells.4.cyc	f:3ff0ae0a10605422
mask.arms.0.cells.5	keys:9
mask.arms.0.cells.5.s	f:3fc70a3d70a3d70d
mask.arms.0.cells.5.phi	f:3fe8ad39d013622e
mask.arms.0.cells.5.authority	s:fuel
mask.arms.0.cells.5.masked	s:gov
mask.arms.0.cells.5.mask_leak	f:0000000000000000
mask.arms.0.cells.5.c1	f:c046c7cfdaaa40b0
mask.arms.0.cells.5.c0	f:3e61dc7c6b9bc6a0
mask.arms.0.cells.5.zeros	i:1
mask.arms.0.cells.5.cyc	f:3ff0ae28d1365055
mask.arms.0.cells.6	keys:9
mask.arms.0.cells.6.s	f:3fc7ae147ae147b1
mask.arms.0.cells.6.phi	f:3fe8ad5fa396a5d2
mask.arms.0.cells.6.authority	s:fuel
mask.arms.0.cells.6.masked	s:gov
mask.arms.0.cells.6.mask_leak	f:0000000000000000
mask.arms.0.cells.6.c1	f:c046cc295cc4a260
mask.arms.0.cells.6.c0	f:be61b3e12eeff788
mask.arms.0.cells.6.zeros	i:1
mask.arms.0.cells.6.cyc	f:3ff0ae4776bb9872
mask.arms.0.cells.7	keys:9
mask.arms.0.cells.7.s	f:3fc851eb851eb855
mask.arms.0.cells.7.phi	f:3fe8ad7f410fd82e
mask.arms.0.cells.7.authority	s:fuel
mask.arms.0.cells.7.masked	s:gov
mask.arms.0.cells.7.mask_leak	f:0000000000000000
mask.arms.0.cells.7.c1	f:c046d080a681f91b
mask.arms.0.cells.7.c0	f:3e48f5f108a8a480
mask.arms.0.cells.7.zeros	i:1
mask.arms.0.cells.7.cyc	f:3ff0ae660ac3a8b1
mask.arms.0.cells.8	keys:9
mask.arms.0.cells.8.s	f:3fc8f5c28f5c28f9
mask.arms.0.cells.8.phi	f:3fe8ad99d4d8fbe9
mask.arms.0.cells.8.authority	s:fuel
mask.arms.0.cells.8.masked	s:gov
mask.arms.0.cells.8.mask_leak	f:0000000000000000
mask.arms.0.cells.8.c1	f:c046d4d6e25b5dd0
mask.arms.0.cells.8.c0	f:3e6d405612f0f3e4
mask.arms.0.cells.8.zeros	i:1
mask.arms.0.cells.8.cyc	f:3ff0ae84952961a0
mask.arms.0.cells.9	keys:9
mask.arms.0.cells.9.s	f:3fc999999999999d
mask.arms.0.cells.9.phi	f:3fe8adb0523b22a6
mask.arms.0.cells.9.authority	s:fuel
mask.arms.0.cells.9.masked	s:gov
mask.arms.0.cells.9.mask_leak	f:0000000000000000
mask.arms.0.cells.9.c1	f:c046d92d16b85f80
mask.arms.0.cells.9.c0	f:3e643bb567b6af80
mask.arms.0.cells.9.zeros	i:1
mask.arms.0.cells.9.cyc	f:3ff0aea31c3a8b79
mask.arms.0.cells.10	keys:9
mask.arms.0.cells.10.s	f:3fca3d70a3d70a41
mask.arms.0.cells.10.phi	f:3fe8adc37e45c417
mask.arms.0.cells.10.authority	s:fuel
mask.arms.0.cells.10.masked	s:gov
mask.arms.0.cells.10.mask_leak	f:0000000000000000
mask.arms.0.cells.10.c1	f:c046dd84066727cb
mask.arms.0.cells.10.c0	f:3e7d504e281972a0
mask.arms.0.cells.10.zeros	i:1
mask.arms.0.cells.10.cyc	f:3ff0aec1a560265f
mask.arms.0.cells.11	keys:9
mask.arms.0.cells.11.s	f:3fcae147ae147ae5
mask.arms.0.cells.11.phi	f:3fe8add3f8974406
mask.arms.0.cells.11.authority	s:fuel
mask.arms.0.cells.11.masked	s:gov
mask.arms.0.cells.11.mask_leak	f:0000000000000000
mask.arms.0.cells.11.c1	f:c046e1dc5f1e9b8b
mask.arms.0.cells.11.c0	f:3e754bbaf2d99278
mask.arms.0.cells.11.zeros	i:1
mask.arms.0.cells.11.cyc	f:3ff0aee0343ef764
mask.arms.0.cells.12	keys:9
mask.arms.0.cells.12.s	f:3fcb851eb851eb89
mask.arms.0.cells.12.phi	f:3fe8ade2427a8202
mask.arms.0.cells.12.authority	s:fuel
mask.arms.0.cells.12.masked	s:gov
mask.arms.0.cells.12.mask_leak	f:0000000000000000
mask.arms.0.cells.12.c1	f:c046e636a44dbdab
mask.arms.0.cells.12.c0	f:3e7eabed91f6bf60
mask.arms.0.cells.12.zeros	i:1
mask.arms.0.cells.12.cyc	f:3ff0aefecc98ddf5
mask.arms.0.cells.13	keys:9
mask.arms.0.cells.13.s	f:3fcc28f5c28f5c2d
mask.arms.0.cells.13.phi	f:3fe8adeec4aa6c56
mask.arms.0.cells.13.authority	s:fuel
mask.arms.0.cells.13.masked	s:gov
mask.arms.0.cells.13.mask_leak	f:0000000000000000
mask.arms.0.cells.13.c1	f:c046ea9335e661cb
mask.arms.0.cells.13.c0	f:3e732f70d418e2f0
mask.arms.0.cells.13.zeros	i:1
mask.arms.0.cells.13.cyc	f:3ff0af1d70e1209c
mask.arms.0.cells.14	keys:9
mask.arms.0.cells.14.s	f:3fccccccccccccd1
mask.arms.0.cells.14.phi	f:3fe8adf9d3fd3d3d
mask.arms.0.cells.14.authority	s:fuel
mask.arms.0.cells.14.masked	s:gov
mask.arms.0.cells.14.mask_leak	f:0000000000000000
mask.arms.0.cells.14.c1	f:c046eef2808a1f3b
mask.arms.0.cells.14.c0	f:be43fe68354eac00
mask.arms.0.cells.14.zeros	i:1
mask.arms.0.cells.14.cyc	f:3ff0af3c233f7de4
mask.arms.0.cells.15	keys:9
mask.arms.0.cells.15.s	f:3fcd70a3d70a3d75
mask.arms.0.cells.15.phi	f:3fe8ae03b52c99be
mask.arms.0.cells.15.authority	s:fuel
mask.arms.0.cells.15.masked	s:gov
mask.arms.0.cells.15.mask_leak	f:0000000000000000
mask.arms.0.cells.15.c1	f:c046f354ae23ae35
mask.arms.0.cells.15.c0	f:3e7a169ba43c2210
mask.arms.0.cells.15.zeros	i:1
mask.arms.0.cells.15.cyc	f:3ff0af5ae5d60a29
mask.arms.0.cells.16	keys:9
mask.arms.0.cells.16.s	f:3fce147ae147ae19
mask.arms.0.cells.16.phi	f:3fe8ae0c9fe5b37c
mask.arms.0.cells.16.authority	s:fuel
mask.arms.0.cells.16.masked	s:gov
mask.arms.0.cells.16.mask_leak	f:0000000000000000
mask.arms.0.cells.16.c1	f:c046f7ba07f0fbb0
mask.arms.0.cells.16.c0	f:be80d8fa97eccbd0
mask.arms.0.cells.16.zeros	i:1
mask.arms.0.cells.16.cyc	f:3ff0af79b964f41c
mask.arms.0.cells.17	keys:9
mask.arms.0.cells.17.s	f:3fceb851eb851ebd
mask.arms.0.cells.17.phi	f:3fe8ae14c1445f5d
mask.arms.0.cells.17.authority	s:fuel
mask.arms.0.cells.17.masked	s:gov
mask.arms.0.cells.17.mask_leak	f:0000000000000000
mask.arms.0.cells.17.c1	f:c046fc22b69559f0
mask.arms.0.cells.17.c0	f:3e6c46ba4ed043a2
mask.arms.0.cells.17.zeros	i:1
mask.arms.0.cells.17.cyc	f:3ff0af989f9fc037
mask.arms.0.cells.18	keys:9
mask.arms.0.cells.18.s	f:3fcf5c28f5c28f61
mask.arms.0.cells.18.phi	f:3fe8ae1c3dd572d6
mask.arms.0.cells.18.authority	s:fuel
mask.arms.0.cells.18.masked	s:gov
mask.arms.0.cells.18.mask_leak	f:0000000000000000
mask.arms.0.cells.18.c1	f:c047008ecb44ea90
mask.arms.0.cells.18.c0	f:3e43547d325f11a0
mask.arms.0.cells.18.zeros	i:1
mask.arms.0.cells.18.cyc	f:3ff0afb798ea7986
mask.arms.0.cells.19	keys:9
mask.arms.0.cells.19.s	f:3fd0000000000002
mask.arms.0.cells.19.phi	f:3fe8ae2333375833
mask.arms.0.cells.19.authority	s:fuel
mask.arms.0.cells.19.masked	s:gov
mask.arms.0.cells.19.mask_leak	f:0000000000000000
mask.arms.0.cells.19.c1	f:c04704fe8084fc25
mask.arms.0.cells.19.c0	f:3e78b07c55446cb0
mask.arms.0.cells.19.zeros	i:1
mask.arms.0.cells.19.cyc	f:3ff0afd6a66b222e
mask.arms.0.cells.20	keys:9
mask.arms.0.cells.20.s	f:3fd051eb851eb854
mask.arms.0.cells.20.phi	f:3fe8ae29b96b6f74
mask.arms.0.cells.20.authority	s:fuel
mask.arms.0.cells.20.masked	s:gov
mask.arms.0.cells.20.mask_leak	f:0000000000000000
mask.arms.0.cells.20.c1	f:c0470971d61e55c5
mask.arms.0.cells.20.c0	f:3e812603cc27c8a8
mask.arms.0.cells.20.zeros	i:1
mask.arms.0.cells.20.cyc	f:3ff0aff5c852958d
mask.arms.0.cells.21	keys:9
mask.arms.0.cells.21.s	f:3fd0a3d70a3d70a6
mask.arms.0.cells.21.phi	f:3fe8ae2fe3e74983
mask.arms.0.cells.21.authority	s:fuel
mask.arms.0.cells.21.masked	s:gov
mask.arms.0.cells.21.mask_leak	f:0000000000000000
mask.arms.0.cells.21.c1	f:c0470de8d32c9580
mask.arms.0.cells.21.c0	f:3e72cce0b89b44a0
mask.arms.0.cells.21.zeros	i:1
mask.arms.0.cells.21.cyc	f:3ff0b014ff101ce7
mask.arms.0.cells.22	keys:9
mask.arms.0.cells.22.s	f:3fd0f5c28f5c28f8
mask.arms.0.cells.22.phi	f:3fe8ae35c271efba
mask.arms.0.cells.22.authority	s:fuel
mask.arms.0.cells.22.masked	s:gov
mask.arms.0.cells.22.mask_leak	f:0000000000000000
mask.arms.0.cells.22.c1	f:c04712639f7b25a0
mask.arms.0.cells.22.c0	f:3e62d0df85082288
mask.arms.0.cells.22.zeros	i:1
mask.arms.0.cells.22.cyc	f:3ff0b0344b1c61e3
mask.arms.0.cells.23	keys:9
mask.arms.0.cells.23.s	f:3fd147ae147ae14a
mask.arms.0.cells.23.phi	f:3fe8ae3b61d717b5
mask.arms.0.cells.23.authority	s:fuel
mask.arms.0.cells.23.masked	s:gov
mask.arms.0.cells.23.mask_leak	f:0000000000000000
mask.arms.0.cells.23.c1	f:c04716e22b023030
mask.arms.0.cells.23.c0	f:3e5b5e71598f5e48
mask.arms.0.cells.23.zeros	i:1
mask.arms.0.cells.23.cyc	f:3ff0b053aca428f9
mask.arms.0.cells.24	keys:9
mask.arms.0.cells.24.s	f:3fd199999999999c
mask.arms.0.cells.24.phi	f:3fe8ae40cc78439a
mask.arms.0.cells.24.authority	s:fuel
mask.arms.0.cells.24.masked	s:gov
mask.arms.0.cells.24.mask_leak	f:0000000000000000
mask.arms.0.cells.24.c1	f:c0471b648b54b665
mask.arms.0.cells.24.c0	f:3e14397ee3695a00
mask.arms.0.cells.24.zeros	i:1
mask.arms.0.cells.24.cyc	f:3ff0b07323f0dc3a
mask.arms.0.cells.25	keys:9
mask.arms.0.cells.25.s	f:3fd1eb851eb851ee
mask.arms.0.cells.25.phi	f:3fe8ae460ac24961
mask.arms.0.cells.25.authority	s:fuel
mask.arms.0.cells.25.masked	s:gov
mask.arms.0.cells.25.mask_leak	f:0000000000000000
mask.arms.0.cells.25.c1	f:c0471feac144470b
mask.arms.0.cells.25.c0	f:3e74379f2551a6a0
mask.arms.0.cells.25.zeros	i:1
mask.arms.0.cells.25.cyc	f:3ff0b092b12ab824
mask.arms.0.cells.26	keys:9
mask.arms.0.cells.26.s	f:3fd23d70a3d70a40
mask.arms.0.cells.26.phi	f:3fe8ae4b238c80b0
mask.arms.0.cells.26.authority	s:fuel
mask.arms.0.cells.26.masked	s:gov
mask.arms.0.cells.26.mask_leak	f:0000000000000000
mask.arms.0.cells.26.c1	f:c0472474cfe48a05
mask.arms.0.cells.26.c0	f:3e84cb3374ddb628
mask.arms.0.cells.26.zeros	i:1
mask.arms.0.cells.26.cyc	f:3ff0b0b2545171d4
mask.arms.0.cells.27	keys:9
mask.arms.0.cells.27.s	f:3fd28f5c28f5c292
mask.arms.0.cells.27.phi	f:3fe8ae501c65d6e8
mask.arms.0.cells.27.authority	s:fuel
mask.arms.0.cells.27.masked	s:gov
mask.arms.0.cells.27.mask_leak	f:0000000000000000
mask.arms.0.cells.27.c1	f:c0472902b2673fc5
mask.arms.0.cells.27.c0	f:be5e397417522c40
mask.arms.0.cells.27.zeros	i:1
mask.arms.0.cells.27.cyc	f:3ff0b0d20d351669
mask.arms.0.cells.28	keys:9
mask.arms.0.cells.28.s	f:3fd2e147ae147ae4
mask.arms.0.cells.28.phi	f:3fe8ae54f9d33ab0
mask.arms.0.cells.28.authority	s:fuel
mask.arms.0.cells.28.masked	s:gov
mask.arms.0.cells.28.mask_leak	f:0000000000000000
mask.arms.0.cells.28.c1	f:c0472d946f435d4b
mask.arms.0.cells.28.c0	f:be50c22a31ba1a60
mask.arms.0.cells.28.zeros	i:1
mask.arms.0.cells.28.cyc	f:3ff0b0f1dc4b9575
mask.arms.0.cells.29	keys:9
mask.arms.0.cells.29.s	f:3fd3333333333336
mask.arms.0.cells.29.phi	f:3fe8ae59bf822871
mask.arms.0.cells.29.authority	s:fuel
mask.arms.0.cells.29.masked	s:gov
mask.arms.0.cells.29.mask_leak	f:0000000000000000
mask.arms.0.cells.29.c1	f:c047322a0e3f2cb0
mask.arms.0.cells.29.c0	f:3e599a6daf130d10
mask.arms.0.cells.29.zeros	i:1
mask.arms.0.cells.29.cyc	f:3ff0b111c1719f58
mask.arms.0.cells.30	keys:9
mask.arms.0.cells.30.s	f:3fd3851eb851eb88
mask.arms.0.cells.30.phi	f:3fe8ae5e70719a60
mask.arms.0.cells.30.authority	s:fuel
mask.arms.0.cells.30.masked	s:gov
mask.arms.0.cells.30.mask_leak	f:0000000000000000
mask.arms.0.cells.30.c1	f:c04736c38248f505
mask.arms.0.cells.30.c0	f:be5186e83b5f4180
mask.arms.0.cells.30.zeros	i:1
mask.arms.0.cells.30.cyc	f:3ff0b131bc7e2b54
mask.arms.0.cells.31	keys:9
mask.arms.0.cells.31.s	f:3fd3d70a3d70a3da
mask.arms.0.cells.31.phi	f:3fe8ae630f132e81
mask.arms.0.cells.31.authority	s:fuel
mask.arms.0.cells.31.masked	s:gov
mask.arms.0.cells.31.mask_leak	f:0000000000000000
mask.arms.0.cells.31.c1	f:c0473b60c9b39fd0
mask.arms.0.cells.31.c0	f:be475940a9a69800
mask.arms.0.cells.31.zeros	i:1
mask.arms.0.cells.31.cyc	f:3ff0b151cda2536b
mask.arms.0.cells.32	keys:9
mask.arms.0.cells.32.s	f:3fd428f5c28f5c2c
mask.arms.0.cells.32.phi	f:3fe8ae679d65ffd7
mask.arms.0.cells.32.authority	s:fuel
mask.arms.0.cells.32.masked	s:gov
mask.arms.0.cells.32.mask_leak	f:0000000000000000
mask.arms.0.cells.32.c1	f:c0474001e4a59ff5
mask.arms.0.cells.32.c0	f:be7dc542d60e6160
mask.arms.0.cells.32.zeros	i:1
mask.arms.0.cells.32.cyc	f:3ff0b171f4a50470
mask.arms.0.cells.33	keys:9
mask.arms.0.cells.33.s	f:3fd47ae147ae147e
mask.arms.0.cells.33.phi	f:3fe8ae6c1d0c6399
mask.arms.0.cells.33.authority	s:fuel
mask.arms.0.cells.33.masked	s:gov
mask.arms.0.cells.33.mask_leak	f:0000000000000000
mask.arms.0.cells.33.c1	f:c04744a6d8154205
mask.arms.0.cells.33.c0	f:be72d1be6f399e30
mask.arms.0.cells.33.zeros	i:1
mask.arms.0.cells.33.cyc	f:3ff0b19231d02f03
mask.arms.0.cells.34	keys:9
mask.arms.0.cells.34.s	f:3fd4ccccccccccd0
mask.arms.0.cells.34.phi	f:3fe8ae708f5d8472
mask.arms.0.cells.34.authority	s:fuel
mask.arms.0.cells.34.masked	s:gov
mask.arms.0.cells.34.mask_leak	f:0000000000000000
mask.arms.0.cells.34.c1	f:c047494f9be98b4b
mask.arms.0.cells.34.c0	f:3e64399117de58ec
mask.arms.0.cells.34.zeros	i:1
mask.arms.0.cells.34.cyc	f:3ff0b1b284dc4b2b
mask.arms.0.cells.35	keys:9
mask.arms.0.cells.35.s	f:3fd51eb851eb8522
mask.arms.0.cells.35.phi	f:3fe8ae74f573a45a
mask.arms.0.cells.35.authority	s:fuel
mask.arms.0.cells.35.masked	s:gov
mask.arms.0.cells.35.mask_leak	f:0000000000000000
mask.arms.0.cells.35.c1	f:c0474dfc302702cb
mask.arms.0.cells.35.c0	f:3e7f065d28c05010
mask.arms.0.cells.35.zeros	i:1
mask.arms.0.cells.35.cyc	f:3ff0b1d2edb2b3cf
mask.arms.0.cells.36	keys:9
mask.arms.0.cells.36.s	f:3fd570a3d70a3d74
mask.arms.0.cells.36.phi	f:3fe8ae795037a887
mask.arms.0.cells.36.authority	s:fuel
mask.arms.0.cells.36.masked	s:gov
mask.arms.0.cells.36.mask_leak	f:0000000000000000
mask.arms.0.cells.36.c1	f:c04752ac870b52e0
mask.arms.0.cells.36.c0	f:be62668ae5f11320
mask.arms.0.cells.36.zeros	i:1
mask.arms.0.cells.36.cyc	f:3ff0b1f36c2b0536
mask.arms.0.cells.37	keys:9
mask.arms.0.cells.37.s	f:3fd5c28f5c28f5c6
mask.arms.0.cells.37.phi	f:3fe8ae7da06a7313
mask.arms.0.cells.37.authority	s:fuel
mask.arms.0.cells.37.masked	s:gov
mask.arms.0.cells.37.mask_leak	f:0000000000000000
mask.arms.0.cells.37.c1	f:c0475760aa459d65
mask.arms.0.cells.37.c0	f:3e4697f119f04100
mask.arms.0.cells.37.zeros	i:1
mask.arms.0.cells.37.cyc	f:3ff0b214007696a3
mask.arms.0.cells.38	keys:9
mask.arms.0.cells.38.s	f:3fd6147ae147ae18
mask.arms.0.cells.38.phi	f:3fe8ae81e6ac7560
mask.arms.0.cells.38.authority	s:fuel
mask.arms.0.cells.38.masked	s:gov
mask.arms.0.cells.38.mask_leak	f:0000000000000000
mask.arms.0.cells.38.c1	f:c0475c1895288610
mask.arms.0.cells.38.c0	f:be446d97c4835a80
mask.arms.0.cells.38.zeros	i:1
mask.arms.0.cells.38.cyc	f:3ff0b234aa779e8e
mask.arms.0.cells.39	keys:9
mask.arms.0.cells.39.s	f:3fd666666666666a
mask.arms.0.cells.39.phi	f:3fe8ae862383d1ff
mask.arms.0.cells.39.authority	s:fuel
mask.arms.0.cells.39.masked	s:gov
mask.arms.0.cells.39.mask_leak	f:0000000000000000
mask.arms.0.cells.39.c1	f:c04760d43e955075
mask.arms.0.cells.39.c0	f:3e719d5d6fe003b0
mask.arms.0.cells.39.zeros	i:1
mask.arms.0.cells.39.cyc	f:3ff0b2556a20c21f
mask.arms.0.cells.40	keys:9
mask.arms.0.cells.40.s	f:3fd6b851eb851ebc
mask.arms.0.cells.40.phi	f:3fe8ae8a5761542b
mask.arms.0.cells.40.authority	s:fuel
mask.arms.0.cells.40.masked	s:gov
mask.arms.0.cells.40.mask_leak	f:0000000000000000
mask.arms.0.cells.40.c1	f:c0476593a3c3e26b
mask.arms.0.cells.40.c0	f:3e432fd89751e620
mask.arms.0.cells.40.zeros	i:1
mask.arms.0.cells.40.cyc	f:3ff0b2763f3624b1
mask.arms.0.cells.41	keys:9
mask.arms.0.cells.41.s	f:3fd70a3d70a3d70e
mask.arms.0.cells.41.phi	f:3fe8ae8e82a47520
mask.arms.0.cells.41.authority	s:fuel
mask.arms.0.cells.41.masked	s:gov
mask.arms.0.cells.41.mask_leak	f:0000000000000000
mask.arms.0.cells.41.c1	f:c0476a56c4f50425
mask.arms.0.cells.41.c0	f:3e7185c52f046ee0
mask.arms.0.cells.41.zeros	i:1
mask.arms.0.cells.41.cyc	f:3ff0b29729d3159a
mask.arms.0.cells.42	keys:9
mask.arms.0.cells.42.s	f:3fd75c28f5c28f60
mask.arms.0.cells.42.phi	f:3fe8ae92a59e9e0d
mask.arms.0.cells.42.authority	s:fuel
mask.arms.0.cells.42.masked	s:gov
mask.arms.0.cells.42.mask_leak	f:0000000000000000
mask.arms.0.cells.42.c1	f:c0476f1da0d5f6bb
mask.arms.0.cells.42.c0	f:3e6c8f67dc75bd3e
mask.arms.0.cells.42.zeros	i:1
mask.arms.0.cells.42.cyc	f:3ff0b2b829cd6252
mask.arms.0.cells.43	keys:9
mask.arms.0.cells.43.s	f:3fd7ae147ae147b2
mask.arms.0.cells.43.phi	f:3fe8ae96c095cb88
mask.arms.0.cells.43.authority	s:fuel
mask.arms.0.cells.43.masked	s:gov
mask.arms.0.cells.43.mask_leak	f:0000000000000000
mask.arms.0.cells.43.c1	f:c04773e82c0f506b
mask.arms.0.cells.43.c0	f:be753a5bbbf72140
mask.arms.0.cells.43.zeros	i:1
mask.arms.0.cells.43.cyc	f:3ff0b2d93ef6e30e
mask.arms.0.cells.44	keys:9
mask.arms.0.cells.44.s	f:3fd8000000000004
mask.arms.0.cells.44.phi	f:3fe8ae9ad3c6b016
mask.arms.0.cells.44.authority	s:fuel
mask.arms.0.cells.44.masked	s:gov
mask.arms.0.cells.44.mask_leak	f:0000000000000000
mask.arms.0.cells.44.c1	f:c04778b66c8a809b
mask.arms.0.cells.44.c0	f:3e4c097674ff5780
mask.arms.0.cells.44.zeros	i:1
mask.arms.0.cells.44.cyc	f:3ff0b2fa69945a09
mask.arms.0.cells.45	keys:9
mask.arms.0.cells.45.s	f:3fd851eb851eb856
mask.arms.0.cells.45.phi	f:3fe8ae9edf666fa0
mask.arms.0.cells.45.authority	s:fuel
mask.arms.0.cells.45.masked	s:gov
mask.arms.0.cells.45.mask_leak	f:0000000000000000
mask.arms.0.cells.45.c1	f:c0477d885c5a0d55
mask.arms.0.cells.45.c0	f:3e66ae067df7f410
mask.arms.0.cells.45.zeros	i:1
mask.arms.0.cells.45.cyc	f:3ff0b31ba9756ced
mask.arms.0.cells.46	keys:9
mask.arms.0.cells.46.s	f:3fd8a3d70a3d70a8
mask.arms.0.cells.46.phi	f:3fe8aea2e3a405de
mask.arms.0.cells.46.authority	s:fuel
mask.arms.0.cells.46.masked	s:gov
mask.arms.0.cells.46.mask_leak	f:0000000000000000
mask.arms.0.cells.46.c1	f:c047825de8e8f6d0
mask.arms.0.cells.46.c0	f:3e525d9ff96c447c
mask.arms.0.cells.46.zeros	i:1
mask.arms.0.cells.46.cyc	f:3ff0b33cfe5d7f0c
mask.arms.1	keys:9
mask.arms.1.taus	len:4
mask.arms.1.taus.0	f:3fa999999999999a
mask.arms.1.taus.1	f:3fa999999999999a
mask.arms.1.taus.2	f:3fa999999999999a
mask.arms.1.taus.3	f:3fa999999999999a
mask.arms.1.riding4_valid	b:1
mask.arms.1.max_Tt4	f:4092b872d4b2a4d9
mask.arms.1.n_riding	i:33
mask.arms.1.n_sampled	i:33
mask.arms.1.n_interior	i:33
mask.arms.1.skipped	keys:2
mask.arms.1.skipped.switch	i:0
mask.arms.1.skipped.regime	i:0
mask.arms.1.by_authority	keys:1
mask.arms.1.by_authority.gov	keys:4
mask.arms.1.by_authority.gov.n	i:33
mask.arms.1.by_authority.gov.max_cyc	f:0000000000000000
mask.arms.1.by_authority.gov.max_leak	f:0000000000000000
mask.arms.1.by_authority.gov.zeros	len:1
mask.arms.1.by_authority.gov.zeros.0	i:1
mask.arms.1.cells	len:33
mask.arms.1.cells.0	keys:9
mask.arms.1.cells.0.s	f:3fc851eb851eb855
mask.arms.1.cells.0.phi	f:3fe8b0a1a7fe549d
mask.arms.1.cells.0.authority	s:gov
mask.arms.1.cells.0.masked	s:fuel
mask.arms.1.cells.0.mask_leak	f:0000000000000000
mask.arms.1.cells.0.c1	f:40b3b271a11318f6
mask.arms.1.cells.0.c0	f:becc6bfbec3d1eb8
mask.arms.1.cells.0.zeros	i:1
mask.arms.1.cells.0.cyc	f:0000000000000000
mask.arms.1.cells.1	keys:9
mask.arms.1.cells.1.s	f:3fc8f5c28f5c28f9
mask.arms.1.cells.1.phi	f:3fe8b1e36d989c78
mask.arms.1.cells.1.authority	s:gov
mask.arms.1.cells.1.masked	s:fuel
mask.arms.1.cells.1.mask_leak	f:0000000000000000
mask.arms.1.cells.1.c1	f:40b3b307408b028d
mask.arms.1.cells.1.c0	f:bec40dd68f4fdf8a
mask.arms.1.cells.1.zeros	i:1
mask.arms.1.cells.1.cyc	f:0000000000000000
mask.arms.1.cells.2	keys:9
mask.arms.1.cells.2.s	f:3fc999999999999d
mask.arms.1.cells.2.phi	f:3fe8b2e93aadfcf5
mask.arms.1.cells.2.authority	s:gov
mask.arms.1.cells.2.masked	s:fuel
mask.arms.1.cells.2.mask_leak	f:0000000000000000
mask.arms.1.cells.2.c1	f:40b3b39861cb51eb
mask.arms.1.cells.2.c0	f:bec508256d9ee776
mask.arms.1.cells.2.zeros	i:1
mask.arms.1.cells.2.cyc	f:0000000000000000
mask.arms.1.cells.3	keys:9
mask.arms.1.cells.3.s	f:3fca3d70a3d70a41
mask.arms.1.cells.3.phi	f:3fe8b3bdf530a11e
mask.arms.1.cells.3.authority	s:gov
mask.arms.1.cells.3.masked	s:fuel
mask.arms.1.cells.3.mask_leak	f:0000000000000000
mask.arms.1.cells.3.c1	f:40b3b425bb5a502e
mask.arms.1.cells.3.c0	f:becbbac0d092b574
mask.arms.1.cells.3.zeros	i:1
mask.arms.1.cells.3.cyc	f:0000000000000000
mask.arms.1.cells.4	keys:9
mask.arms.1.cells.4.s	f:3fcae147ae147ae5
mask.arms.1.cells.4.phi	f:3fe8b46a7b5d8285
mask.arms.1.cells.4.authority	s:gov
mask.arms.1.cells.4.masked	s:fuel
mask.arms.1.cells.4.mask_leak	f:0000000000000000
mask.arms.1.cells.4.c1	f:40b3b4afe18c70d3
mask.arms.1.cells.4.c0	f:bee04c9e0662cbf4
mask.arms.1.cells.4.zeros	i:1
mask.arms.1.cells.4.cyc	f:0000000000000000
mask.arms.1.cells.5	keys:9
mask.arms.1.cells.5.s	f:3fcb851eb851eb89
mask.arms.1.cells.5.phi	f:3fe8b4f60592d001
mask.arms.1.cells.5.authority	s:gov
mask.arms.1.cells.5.masked	s:fuel
mask.arms.1.cells.5.mask_leak	f:0000000000000000
mask.arms.1.cells.5.c1	f:40b3b5374d4c4dbc
mask.arms.1.cells.5.c0	f:bed86cef90ac62c3
mask.arms.1.cells.5.zeros	i:1
mask.arms.1.cells.5.cyc	f:0000000000000000
mask.arms.1.cells.6	keys:9
mask.arms.1.cells.6.s	f:3fcc28f5c28f5c2d
mask.arms.1.cells.6.phi	f:3fe8b56675bc9bd6
mask.arms.1.cells.6.authority	s:gov
mask.arms.1.cells.6.masked	s:fuel
mask.arms.1.cells.6.mask_leak	f:0000000000000000
mask.arms.1.cells.6.c1	f:40b3b5bc60e3a5a9
mask.arms.1.cells.6.c0	f:beda5065d2b157cb
mask.arms.1.cells.6.zeros	i:1
mask.arms.1.cells.6.cyc	f:0000000000000000
mask.arms.1.cells.7	keys:9
mask.arms.1.cells.7.s	f:3fccccccccccccd1
mask.arms.1.cells.7.phi	f:3fe8b5c097c5fb14
mask.arms.1.cells.7.authority	s:gov
mask.arms.1.cells.7.masked	s:fuel
mask.arms.1.cells.7.mask_leak	f:0000000000000000
mask.arms.1.cells.7.c1	f:40b3b63f6ca49285
mask.arms.1.cells.7.c0	f:bed903a055f664b2
mask.arms.1.cells.7.zeros	i:1
mask.arms.1.cells.7.cyc	f:0000000000000000
mask.arms.1.cells.8	keys:9
mask.arms.1.cells.8.s	f:3fcd70a3d70a3d75
mask.arms.1.cells.8.phi	f:3fe8b60855dd0489
mask.arms.1.cells.8.authority	s:gov
mask.arms.1.cells.8.masked	s:fuel
mask.arms.1.cells.8.mask_leak	f:0000000000000000
mask.arms.1.cells.8.c1	f:40b3b6c0b24cab2f
mask.arms.1.cells.8.c0	f:3ebf7e35008d6247
mask.arms.1.cells.8.zeros	i:1
mask.arms.1.cells.8.cyc	f:0000000000000000
mask.arms.1.cells.9	keys:9
mask.arms.1.cells.9.s	f:3fce147ae147ae19
mask.arms.1.cells.9.phi	f:3fe8b640e2d4059b
mask.arms.1.cells.9.authority	s:gov
mask.arms.1.cells.9.masked	s:fuel
mask.arms.1.cells.9.mask_leak	f:0000000000000000
mask.arms.1.cells.9.c1	f:40b3b7406740740f
mask.arms.1.cells.9.c0	f:bed6a59fdbbe52fd
mask.arms.1.cells.9.zeros	i:1
mask.arms.1.cells.9.cyc	f:0000000000000000
mask.arms.1.cells.10	keys:9
mask.arms.1.cells.10.s	f:3fceb851eb851ebd
mask.arms.1.cells.10.phi	f:3fe8b66cdc7d837f
mask.arms.1.cells.10.authority	s:gov
mask.arms.1.cells.10.masked	s:fuel
mask.arms.1.cells.10.mask_leak	f:0000000000000000
mask.arms.1.cells.10.c1	f:40b3b7beb7ce754f
mask.arms.1.cells.10.c0	f:bee7dea7c7f4c1c1
mask.arms.1.cells.10.zeros	i:1
mask.arms.1.cells.10.cyc	f:0000000000000000
mask.arms.1.cells.11	keys:9
mask.arms.1.cells.11.s	f:3fcf5c28f5c28f61
mask.arms.1.cells.11.phi	f:3fe8b68e6787759f
mask.arms.1.cells.11.authority	s:gov
mask.arms.1.cells.11.masked	s:fuel
mask.arms.1.cells.11.mask_leak	f:0000000000000000
mask.arms.1.cells.11.c1	f:40b3b83bc84a3b97
mask.arms.1.cells.11.c0	f:bec9a2017393fcbd
mask.arms.1.cells.11.zeros	i:1
mask.arms.1.cells.11.cyc	f:0000000000000000
mask.arms.1.cells.12	keys:9
mask.arms.1.cells.12.s	f:3fd0000000000002
mask.arms.1.cells.12.phi	f:3fe8b6a746113ccb
mask.arms.1.cells.12.authority	s:gov
mask.arms.1.cells.12.masked	s:fuel
mask.arms.1.cells.12.mask_leak	f:0000000000000000
mask.arms.1.cells.12.c1	f:40b3b8b7b64ab6e3
mask.arms.1.cells.12.c0	f:becd745c7c34bf70
mask.arms.1.cells.12.zeros	i:1
mask.arms.1.cells.12.cyc	f:0000000000000000
mask.arms.1.cells.13	keys:9
mask.arms.1.cells.13.s	f:3fd051eb851eb854
mask.arms.1.cells.13.phi	f:3fe8b6b8e9fc6385
mask.arms.1.cells.13.authority	s:gov
mask.arms.1.cells.13.masked	s:fuel
mask.arms.1.cells.13.mask_leak	f:0000000000000000
mask.arms.1.cells.13.c1	f:40b3b9329a91e05b
mask.arms.1.cells.13.c0	f:becc56b37d234d94
mask.arms.1.cells.13.zeros	i:1
mask.arms.1.cells.13.cyc	f:0000000000000000
mask.arms.1.cells.14	keys:9
mask.arms.1.cells.14.s	f:3fd0a3d70a3d70a6
mask.arms.1.cells.14.phi	f:3fe8b6c483c7c91a
mask.arms.1.cells.14.authority	s:gov
mask.arms.1.cells.14.masked	s:fuel
mask.arms.1.cells.14.mask_leak	f:0000000000000000
mask.arms.1.cells.14.c1	f:40b3b9ac898f66d0
mask.arms.1.cells.14.c0	f:beccd33e70650de8
mask.arms.1.cells.14.zeros	i:1
mask.arms.1.cells.14.cyc	f:0000000000000000
mask.arms.1.cells.15	keys:9
mask.arms.1.cells.15.s	f:3fd0f5c28f5c28f8
mask.arms.1.cells.15.phi	f:3fe8b6cb0e9d7c86
mask.arms.1.cells.15.authority	s:gov
mask.arms.1.cells.15.masked	s:fuel
mask.arms.1.cells.15.mask_leak	f:0000000000000000
mask.arms.1.cells.15.c1	f:40b3ba25944476d8
mask.arms.1.cells.15.c0	f:bec1cfdb960b0870
mask.arms.1.cells.15.zeros	i:1
mask.arms.1.cells.15.cyc	f:0000000000000000
mask.arms.1.cells.16	keys:9
mask.arms.1.cells.16.s	f:3fd147ae147ae14a
mask.arms.1.cells.16.phi	f:3fe8b6cd5a1b96bc
mask.arms.1.cells.16.authority	s:gov
mask.arms.1.cells.16.masked	s:fuel
mask.arms.1.cells.16.mask_leak	f:0000000000000000
mask.arms.1.cells.16.c1	f:40b3ba9dc8d18979
mask.arms.1.cells.16.c0	f:bed192a9abd01f0e
mask.arms.1.cells.16.zeros	i:1
mask.arms.1.cells.16.cyc	f:0000000000000000
mask.arms.1.cells.17	keys:9
mask.arms.1.cells.17.s	f:3fd199999999999c
mask.arms.1.cells.17.phi	f:3fe8b6cc12467629
mask.arms.1.cells.17.authority	s:gov
mask.arms.1.cells.17.masked	s:fuel
mask.arms.1.cells.17.mask_leak	f:0000000000000000
mask.arms.1.cells.17.c1	f:40b3bb153330b43f
mask.arms.1.cells.17.c0	f:becab1d9d247a7df
mask.arms.1.cells.17.zeros	i:1
mask.arms.1.cells.17.cyc	f:0000000000000000
mask.arms.1.cells.18	keys:9
mask.arms.1.cells.18.s	f:3fd1eb851eb851ee
mask.arms.1.cells.18.phi	f:3fe8b6c7c5fdb9c0
mask.arms.1.cells.18.authority	s:gov
mask.arms.1.cells.18.masked	s:fuel
mask.arms.1.cells.18.mask_leak	f:0000000000000000
mask.arms.1.cells.18.c1	f:40b3bb8bdd5bcde7
mask.arms.1.cells.18.c0	f:be9bdff50afdc7e7
mask.arms.1.cells.18.zeros	i:1
mask.arms.1.cells.18.cyc	f:0000000000000000
mask.arms.1.cells.19	keys:9
mask.arms.1.cells.19.s	f:3fd23d70a3d70a40
mask.arms.1.cells.19.phi	f:3fe8b6c0ec3c52ab
mask.arms.1.cells.19.authority	s:gov
mask.arms.1.cells.19.masked	s:fuel
mask.arms.1.cells.19.mask_leak	f:0000000000000000
mask.arms.1.cells.19.c1	f:40b3bc01cfb6703f
mask.arms.1.cells.19.c0	f:bec85665a61fbd78
mask.arms.1.cells.19.zeros	i:1
mask.arms.1.cells.19.cyc	f:0000000000000000
mask.arms.1.cells.20	keys:9
mask.arms.1.cells.20.s	f:3fd28f5c28f5c292
mask.arms.1.cells.20.phi	f:3fe8b6b7e85e38fd
mask.arms.1.cells.20.authority	s:gov
mask.arms.1.cells.20.masked	s:fuel
mask.arms.1.cells.20.mask_leak	f:0000000000000000
mask.arms.1.cells.20.c1	f:40b3bc77118b1d43
mask.arms.1.cells.20.c0	f:bed12fbf89f8e897
mask.arms.1.cells.20.zeros	i:1
mask.arms.1.cells.20.cyc	f:0000000000000000
mask.arms.1.cells.21	keys:9
mask.arms.1.cells.21.s	f:3fd2e147ae147ae4
mask.arms.1.cells.21.phi	f:3fe8b6ad0d9b2998
mask.arms.1.cells.21.authority	s:gov
mask.arms.1.cells.21.masked	s:fuel
mask.arms.1.cells.21.mask_leak	f:0000000000000000
mask.arms.1.cells.21.c1	f:40b3bceba901420a
mask.arms.1.cells.21.c0	f:bec9c94423281636
mask.arms.1.cells.21.zeros	i:1
mask.arms.1.cells.21.cyc	f:0000000000000000
mask.arms.1.cells.22	keys:9
mask.arms.1.cells.22.s	f:3fd3333333333336
mask.arms.1.cells.22.phi	f:3fe8b6a0a1dcc796
mask.arms.1.cells.22.authority	s:gov
mask.arms.1.cells.22.masked	s:fuel
mask.arms.1.cells.22.mask_leak	f:0000000000000000
mask.arms.1.cells.22.c1	f:40b3bd5f9b52e481
mask.arms.1.cells.22.c0	f:beda4712112dc123
mask.arms.1.cells.22.zeros	i:1
mask.arms.1.cells.22.cyc	f:0000000000000000
mask.arms.1.cells.23	keys:9
mask.arms.1.cells.23.s	f:3fd3851eb851eb88
mask.arms.1.cells.23.phi	f:3fe8b692e00f2f5e
mask.arms.1.cells.23.authority	s:gov
mask.arms.1.cells.23.masked	s:fuel
mask.arms.1.cells.23.mask_leak	f:0000000000000000
mask.arms.1.cells.23.c1	f:40b3bdd2ed253d70
mask.arms.1.cells.23.c0	f:bee33a5b618b9318
mask.arms.1.cells.23.zeros	i:1
mask.arms.1.cells.23.cyc	f:0000000000000000
mask.arms.1.cells.24	keys:9
mask.arms.1.cells.24.s	f:3fd3d70a3d70a3da
mask.arms.1.cells.24.phi	f:3fe8b683fa051e8f
mask.arms.1.cells.24.authority	s:gov
mask.arms.1.cells.24.masked	s:fuel
mask.arms.1.cells.24.mask_leak	f:0000000000000000
mask.arms.1.cells.24.c1	f:40b3be45a2948bcb
mask.arms.1.cells.24.c0	f:bebf19cb68535151
mask.arms.1.cells.24.zeros	i:1
mask.arms.1.cells.24.cyc	f:0000000000000000
mask.arms.1.cells.25	keys:9
mask.arms.1.cells.25.s	f:3fd428f5c28f5c2c
mask.arms.1.cells.25.phi	f:3fe8b6741a040c3d
mask.arms.1.cells.25.authority	s:gov
mask.arms.1.cells.25.masked	s:fuel
mask.arms.1.cells.25.mask_leak	f:0000000000000000
mask.arms.1.cells.25.c1	f:40b3beb7beebd94b
mask.arms.1.cells.25.c0	f:beb34759d08f20a4
mask.arms.1.cells.25.zeros	i:1
mask.arms.1.cells.25.cyc	f:0000000000000000
mask.arms.1.cells.26	keys:9
mask.arms.1.cells.26.s	f:3fd47ae147ae147e
mask.arms.1.cells.26.phi	f:3fe8b6636408ae12
mask.arms.1.cells.26.authority	s:gov
mask.arms.1.cells.26.masked	s:fuel
mask.arms.1.cells.26.mask_leak	f:0000000000000000
mask.arms.1.cells.26.c1	f:40b3bf29455063cc
mask.arms.1.cells.26.c0	f:bed26fddb7241f68
mask.arms.1.cells.26.zeros	i:1
mask.arms.1.cells.26.cyc	f:0000000000000000
mask.arms.1.cells.27	keys:9
mask.arms.1.cells.27.s	f:3fd4ccccccccccd0
mask.arms.1.cells.27.phi	f:3fe8b651f6d145ce
mask.arms.1.cells.27.authority	s:gov
mask.arms.1.cells.27.masked	s:fuel
mask.arms.1.cells.27.mask_leak	f:0000000000000000
mask.arms.1.cells.27.c1	f:40b3bf9a388debcc
mask.arms.1.cells.27.c0	f:bed9cbccc768f694
mask.arms.1.cells.27.zeros	i:1
mask.arms.1.cells.27.cyc	f:0000000000000000
mask.arms.1.cells.28	keys:9
mask.arms.1.cells.28.s	f:3fd51eb851eb8522
mask.arms.1.cells.28.phi	f:3fe8b63fecb88a4c
mask.arms.1.cells.28.authority	s:gov
mask.arms.1.cells.28.masked	s:fuel
mask.arms.1.cells.28.mask_leak	f:0000000000000000
mask.arms.1.cells.28.c1	f:40b3c00a9b2b5c75
mask.arms.1.cells.28.c0	f:bebba3b1a7240dc8
mask.arms.1.cells.28.zeros	i:1
mask.arms.1.cells.28.cyc	f:0000000000000000
mask.arms.1.cells.29	keys:9
mask.arms.1.cells.29.s	f:3fd570a3d70a3d74
mask.arms.1.cells.29.phi	f:3fe8b62d5c69f2f0
mask.arms.1.cells.29.authority	s:gov
mask.arms.1.cells.29.masked	s:fuel
mask.arms.1.cells.29.mask_leak	f:0000000000000000
mask.arms.1.cells.29.c1	f:40b3c07a6f32bda1
mask.arms.1.cells.29.c0	f:bee0759b1c260e28
mask.arms.1.cells.29.zeros	i:1
mask.arms.1.cells.29.cyc	f:0000000000000000
mask.arms.1.cells.30	keys:9
mask.arms.1.cells.30.s	f:3fd5c28f5c28f5c6
mask.arms.1.cells.30.phi	f:3fe8b61a597683db
mask.arms.1.cells.30.authority	s:gov
mask.arms.1.cells.30.masked	s:fuel
mask.arms.1.cells.30.mask_leak	f:0000000000000000
mask.arms.1.cells.30.c1	f:40b3c0e9b6dede14
mask.arms.1.cells.30.c0	f:bed0a268a266bcce
mask.arms.1.cells.30.zeros	i:1
mask.arms.1.cells.30.cyc	f:0000000000000000
mask.arms.1.cells.31	keys:9
mask.arms.1.cells.31.s	f:3fd6147ae147ae18
mask.arms.1.cells.31.phi	f:3fe8b606f4cfe19b
mask.arms.1.cells.31.authority	s:gov
mask.arms.1.cells.31.masked	s:fuel
mask.arms.1.cells.31.mask_leak	f:0000000000000000
mask.arms.1.cells.31.c1	f:40b3c15873d4bb3f
mask.arms.1.cells.31.c0	f:bedf92c597cb621e
mask.arms.1.cells.31.zeros	i:1
mask.arms.1.cells.31.cyc	f:0000000000000000
mask.arms.1.cells.32	keys:9
mask.arms.1.cells.32.s	f:3fd666666666666a
mask.arms.1.cells.32.phi	f:3fe8b5f33d2e5d03
mask.arms.1.cells.32.authority	s:gov
mask.arms.1.cells.32.masked	s:fuel
mask.arms.1.cells.32.mask_leak	f:0000000000000000
mask.arms.1.cells.32.c1	f:40b3c1c6a7f1c147
mask.arms.1.cells.32.c0	f:bed07c5cb37f284e
mask.arms.1.cells.32.zeros	i:1
mask.arms.1.cells.32.cyc	f:0000000000000000
mask.vacuous	b:0
mask.n_fuel_interior	i:47
mask.n_gov_interior	i:33
mask.all_differenced	b:1
mask.ever_two_authorities	b:0
mask.max_mask_leak	f:0000000000000000
mask.cyc_fuel_auth	f:3ff0b33cfe5d7f0c
mask.cyc_gov_auth	f:0000000000000000
mask.zeros_fuel_auth	len:1
mask.zeros_fuel_auth.0	i:1
mask.zeros_gov_auth	len:1
mask.zeros_gov_auth.0	i:1
mask@rig	keys:2
mask@rig.lag_coord	s:demand
mask@rig.sm_air	n
clock_latched	keys:23
clock_latched.phi_lim	f:3fe8000000000000
clock_latched.phi_air	f:3fe8a3d70a3d70a4
clock_latched.tau_fs	len:2
clock_latched.tau_fs.0	f:3fa999999999999a
clock_latched.tau_fs.1	f:3fc999999999999a
clock_latched.tau_govs	len:1
clock_latched.tau_govs.0	f:3fa999999999999a
clock_latched.tau_q	f:3fa999999999999a
clock_latched.tau_s	f:3fa999999999999a
clock_latched.coords	len:1
clock_latched.coords.0	s:demand-latched
clock_latched.ds	f:3f747ae147ae147b
clock_latched.rows	len:2
clock_latched.rows.0	keys:20
clock_latched.rows.0.coord	s:demand-latched
clock_latched.rows.0.tau_f	f:3fa999999999999a
clock_latched.rows.0.tau_gov	f:3fa999999999999a
clock_latched.rows.0.tau_q	f:3fa999999999999a
clock_latched.rows.0.tau_s	f:3fa999999999999a
clock_latched.rows.0.phi_lim	f:3fe8000000000000
clock_latched.rows.0.phi_air	f:3fe8a3d70a3d70a4
clock_latched.rows.0.max_Tt4	f:4092b782ae90d62d
clock_latched.rows.0.riding4_valid	b:1
clock_latched.rows.0.n_riding4	i:73
clock_latched.rows.0.census	keys:2
clock_latched.rows.0.census.fuel	i:42
clock_latched.rows.0.census.gov	i:31
clock_latched.rows.0.n_fuel	i:42
clock_latched.rows.0.n_gov	i:31
clock_latched.rows.0.n_scored	i:73
clock_latched.rows.0.n_edge	i:0
clock_latched.rows.0.n_agree	i:31
clock_latched.rows.0.agreement	f:3fdb2d96cb65b2d9
clock_latched.rows.0.worst_miss	f:3fffdc70945bc843
clock_latched.rows.0.min_margin	f:3fe2888428b84d7d
clock_latched.rows.0.cells	len:73
clock_latched.rows.0.cells.0	keys:10
clock_latched.rows.0.cells.0.s	f:3fbc28f5c28f5c2b
clock_latched.rows.0.cells.0.setpoint_gap	f:bf42322d7ab45cb0
clock_latched.rows.0.cells.0.lag_gap	f:bf56542f2cf305c4
clock_latched.rows.0.cells.0.tau_f	f:3fc3333333333334
clock_latched.rows.0.cells.0.tau_gov	f:3fa999999999999a
clock_latched.rows.0.cells.0.slope_f	f:3f919569b85a83aa
clock_latched.rows.0.cells.0.slope_r	f:3f98d70230dfc3ca
clock_latched.rows.0.cells.0.predicted	s:gov
clock_latched.rows.0.cells.0.measured	s:fuel
clock_latched.rows.0.cells.0.margin	f:bfe2f6209447c012
clock_latched.rows.0.cells.1	keys:10
clock_latched.rows.0.cells.1.s	f:3fbd70a3d70a3d73
clock_latched.rows.0.cells.1.setpoint_gap	f:bf409f0f3ec4cc80
clock_latched.rows.0.cells.1.lag_gap	f:bf53bf7dc2068a45
clock_latched.rows.0.cells.1.tau_f	f:3fc3333333333334
clock_latched.rows.0.cells.1.tau_gov	f:3fa999999999999a
clock_latched.rows.0.cells.1.slope_f	f:3f915084a5de4c36
clock_latched.rows.0.cells.1.slope_r	f:3f9b4230bf12b7cd
clock_latched.rows.0.cells.1.predicted	s:gov
clock_latched.rows.0.cells.1.measured	s:fuel
clock_latched.rows.0.cells.1.margin	f:bfe2888428b84d7d
clock_latched.rows.0.cells.2	keys:10
clock_latched.rows.0.cells.2.s	f:3fbeb851eb851ebb
clock_latched.rows.0.cells.2.setpoint_gap	f:bf3e072003ff7ec0
clock_latched.rows.0.cells.2.lag_gap	f:bf533d3a7243134a
clock_latched.rows.0.cells.2.tau_f	f:3fc3333333333334
clock_latched.rows.0.cells.2.tau_gov	f:3fa999999999999a
clock_latched.rows.0.cells.2.slope_f	f:3f9116f30ac5ded8
clock_latched.rows.0.cells.2.slope_r	f:3f9b3850117dc46c
clock_latched.rows.0.cells.2.predicted	s:gov
clock_latched.rows.0.cells.2.measured	s:fuel
clock_latched.rows.0.cells.2.margin	f:bfe3838d85ac5349
clock_latched.rows.0.cells.3	keys:10
clock_latched.rows.0.cells.3.s	f:3fc0000000000001
clock_latched.rows.0.cells.3.setpoint_gap	f:bf3ac25dd565d2e0
clock_latched.rows.0.cells.3.lag_gap	f:bf52cfe7fc54dfca
clock_latched.rows.0.cells.3.tau_f	f:3fc3333333333334
clock_latched.rows.0.cells.3.tau_gov	f:3fa999999999999a
clock_latched.rows.0.cells.3.slope_f	f:3f90e64a80e19eb0
clock_latched.rows.0.cells.3.slope_r	f:3f9b2efd873ac454
clock_latched.rows.0.cells.3.predicted	s:gov
clock_latched.rows.0.cells.3.measured	s:fuel
clock_latched.rows.0.cells.3.margin	f:bfe49ed4a0b0fd80
clock_latched.rows.0.cells.4	keys:10
clock_latched.rows.0.cells.4.s	f:3fc0a3d70a3d70a5
clock_latched.rows.0.cells.4.setpoint_gap	f:bf3772328f4b8fa0
clock_latched.rows.0.cells.4.lag_gap	f:bf52730b4f860ff5
clock_latched.rows.0.cells.4.tau_f	f:3fc3333333333334
clock_latched.rows.0.cells.4.tau_gov	f:3fa999999999999a
clock_latched.rows.0.cells.4.slope_f	f:3f90bca2f198bad8
clock_latched.rows.0.cells.4.slope_r	f:3f9b261ab1629c97
clock_latched.rows.0.cells.4.predicted	s:gov
clock_latched.rows.0.cells.4.measured	s:fuel
clock_latched.rows.0.cells.4.margin	f:bfe5d555d4b74070
clock_latched.rows.0.cells.5	keys:10
clock_latched.rows.0.cells.5.s	f:3fc147ae147ae149
clock_latched.rows.0.cells.5.setpoint_gap	f:bf3418779817d1c0
clock_latched.rows.0.cells.5.lag_gap	f:bf52231ad031684d
clock_latched.rows.0.cells.5.tau_f	f:3fc3333333333334
clock_latched.rows.0.cells.5.tau_gov	f:3fa999999999999a
clock_latched.rows.0.cells.5.slope_f	f:3f90987b05100662
clock_latched.rows.0.cells.5.slope_r	f:3f9b1d8f8af250c7
clock_latched.rows.0.cells.5.predicted	s:gov
clock_latched.rows.0.cells.5.measured	s:fuel
clock_latched.rows.0.cells.5.margin	f:bfe722db62706e72
clock_latched.rows.0.cells.6	keys:10
clock_latched.rows.0.cells.6.s	f:3fc1eb851eb851ed
clock_latched.rows.0.cells.6.setpoint_gap	f:bf30b6a04e16e520
clock_latched.rows.0.cells.6.lag_gap	f:bf51dd4b57fbaa8d
clock_latched.rows.0.cells.6.tau_f	f:3fc3333333333334
clock_latched.rows.0.cells.6.tau_gov	f:3fa999999999999a
clock_latched.rows.0.cells.6.slope_f	f:3f9078a26ea5ee64
clock_latched.rows.0.cells.6.slope_r	f:3f9b15491df735fd
clock_latched.rows.0.cells.6.predicted	s:gov
clock_latched.rows.0.cells.6.measured	s:fuel
clock_latched.rows.0.cells.6.margin	f:bfe883f51c36afc1
clock_latched.rows.0.cells.7	keys:10
clock_latched.rows.0.cells.7.s	f:3fc28f5c28f5c291
clock_latched.rows.0.cells.7.setpoint_gap	f:bf2a9b9ef39ea400
clock_latched.rows.0.cells.7.lag_gap	f:bf519f680822b9a5
clock_latched.rows.0.cells.7.tau_f	f:3fc3333333333334
clock_latched.rows.0.cells.7.tau_gov	f:3fa999999999999a
clock_latched.rows.0.cells.7.slope_f	f:3f905c28d41f931c
clock_latched.rows.0.cells.7.slope_r	f:3f9b0d3872335147
clock_latched.rows.0.cells.7.predicted	s:gov
clock_latched.rows.0.cells.7.measured	s:fuel
clock_latched.rows.0.cells.7.margin	f:bfe9f5e5950c485c
clock_latched.rows.0.cells.8	keys:10
clock_latched.rows.0.cells.8.s	f:3fc3333333333335
clock_latched.rows.0.cells.8.setpoint_gap	f:bf23bdd075ae1e80
clock_latched.rows.0.cells.8.lag_gap	f:bf5167b29d5fff4d
clock_latched.rows.0.cells.8.tau_f	f:3fc3333333333334
clock_latched.rows.0.cells.8.tau_gov	f:3fa999999999999a
clock_latched.rows.0.cells.8.slope_f	f:3f904250536e9eda
clock_latched.rows.0.cells.8.slope_r	f:3f9b0551b593dd6f
clock_latched.rows.0.cells.8.predicted	s:gov
clock_latched.rows.0.cells.8.measured	s:fuel
clock_latched.rows.0.cells.8.margin	f:bfeb768abf48fa02
clock_latched.rows.0.cells.9	keys:10
clock_latched.rows.0.cells.9.s	f:3fc3d70a3d70a3d9
clock_latched.rows.0.cells.9.setpoint_gap	f:bf19aa6d8fd3b200
clock_latched.rows.0.cells.9.lag_gap	f:bf5134ca75613bad
clock_latched.rows.0.cells.9.tau_f	f:3fc3333333333334
clock_latched.rows.0.cells.9.tau_gov	f:3fa999999999999a
clock_latched.rows.0.cells.9.slope_f	f:3f902a82e1a3b388
clock_latched.rows.0.cells.9.slope_r	f:3f9afd8b92319001
clock_latched.rows.0.cells.9.predicted	s:gov
clock_latched.rows.0.cells.9.measured	s:fuel
clock_latched.rows.0.cells.9.margin	f:bfed0445ce359959
clock_latched.rows.0.cells.10	keys:10
clock_latched.rows.0.cells.10.s	f:3fc47ae147ae147d
clock_latched.rows.0.cells.10.setpoint_gap	f:bf078b903a488c00
clock_latched.rows.0.cells.10.lag_gap	f:bf510598d9d44d4d
clock_latched.rows.0.cells.10.tau_f	f:3fc3333333333334
clock_latched.rows.0.cells.10.tau_gov	f:3fa999999999999a
clock_latched.rows.0.cells.10.slope_f	f:3f901449e829a626
clock_latched.rows.0.cells.10.slope_r	f:3f9af5dea83391d3
clock_latched.rows.0.cells.10.predicted	s:gov
clock_latched.rows.0.cells.10.measured	s:fuel
clock_latched.rows.0.cells.10.margin	f:bfee9de4929d4ee8
clock_latched.rows.0.cells.11	keys:10
clock_latched.rows.0.cells.11.s	f:3fc51eb851eb8521
clock_latched.rows.0.cells.11.setpoint_gap	f:3ee18546b560d000
clock_latched.rows.0.cells.11.lag_gap	f:bf50d941730bfc15
clock_latched.rows.0.cells.11.tau_f	f:3fc3333333333334
clock_latched.rows.0.cells.11.tau_gov	f:3fa999999999999a
clock_latched.rows.0.cells.11.slope_f	f:3f8ffe8f4d32a020
clock_latched.rows.0.cells.11.slope_r	f:3f9aee4523fcf517
clock_latched.rows.0.cells.11.predicted	s:gov
clock_latched.rows.0.cells.11.measured	s:fuel
clock_latched.rows.0.cells.11.margin	f:bff02146b6443aa5
clock_latched.rows.0.cells.12	keys:10
clock_latched.rows.0.cells.12.s	f:3fc5c28f5c28f5c5
clock_latched.rows.0.cells.12.setpoint_gap	f:3f1037a2199d6080
clock_latched.rows.0.cells.12.lag_gap	f:bf50af1601488bc5
clock_latched.rows.0.cells.12.tau_f	f:3fc3333333333334
clock_latched.rows.0.cells.12.tau_gov	f:3fa999999999999a
clock_latched.rows.0.cells.12.slope_f	f:3f8fd663f2d8661c
clock_latched.rows.0.cells.12.slope_r	f:3f9ae6ba6aa9ea75
clock_latched.rows.0.cells.12.predicted	s:gov
clock_latched.rows.0.cells.12.measured	s:fuel
clock_latched.rows.0.cells.12.margin	f:bff0f8d71aaa7359
clock_latched.rows.0.cells.13	keys:10
clock_latched.rows.0.cells.13.s	f:3fc6666666666669
clock_latched.rows.0.cells.13.setpoint_gap	f:3f1e4e2f174a1880
clock_latched.rows.0.cells.13.lag_gap	f:bf50868cab88e475
clock_latched.rows.0.cells.13.tau_f	f:3fc3333333333334
clock_latched.rows.0.cells.13.tau_gov	f:3fa999999999999a
clock_latched.rows.0.cells.13.slope_f	f:3f8faf9c74614288
clock_latched.rows.0.cells.13.slope_r	f:3f9adf3ad826c63b
clock_latched.rows.0.cells.13.predicted	s:gov
clock_latched.rows.0.cells.13.measured	s:fuel
clock_latched.rows.0.cells.13.margin	f:bff1d5770ced91c7
clock_latched.rows.0.cells.14	keys:10
clock_latched.rows.0.cells.14.s	f:3fc70a3d70a3d70d
clock_latched.rows.0.cells.14.setpoint_gap	f:3f2639ccb8473180
clock_latched.rows.0.cells.14.lag_gap	f:bf505f38585ed055
clock_latched.rows.0.cells.14.tau_f	f:3fc3333333333334
clock_latched.rows.0.cells.14.tau_gov	f:3fa999999999999a
clock_latched.rows.0.cells.14.slope_f	f:3f8f89dbfbc06e20
clock_latched.rows.0.cells.14.slope_r	f:3f9ad7c38b2a20c7
clock_latched.rows.0.cells.14.predicted	s:gov
clock_latched.rows.0.cells.14.measured	s:fuel
clock_latched.rows.0.cells.14.margin	f:bff2b71111f39c2b
clock_latched.rows.0.cells.15	keys:10
clock_latched.rows.0.cells.15.s	f:3fc7ae147ae147b1
clock_latched.rows.0.cells.15.setpoint_gap	f:3f2d53ae030de580
clock_latched.rows.0.cells.15.lag_gap	f:bf5038c2a2c48e3d
clock_latched.rows.0.cells.15.tau_f	f:3fc3333333333334
clock_latched.rows.0.cells.15.tau_gov	f:3fa999999999999a
clock_latched.rows.0.cells.15.slope_f	f:3f8f64d9051174ec
clock_latched.rows.0.cells.15.slope_r	f:3f9ad0523c247d97
clock_latched.rows.0.cells.15.predicted	s:gov
clock_latched.rows.0.cells.15.measured	s:fuel
clock_latched.rows.0.cells.15.margin	f:bff39da20d1e7ef7
clock_latched.rows.0.cells.16	keys:10
clock_latched.rows.0.cells.16.s	f:3fc851eb851eb855
clock_latched.rows.0.cells.16.setpoint_gap	f:3f323a462f16a500
clock_latched.rows.0.cells.16.lag_gap	f:bf5012e71432810d
clock_latched.rows.0.cells.16.tau_f	f:3fc3333333333334
clock_latched.rows.0.cells.16.tau_gov	f:3fa999999999999a
clock_latched.rows.0.cells.16.slope_f	f:3f8f40594eb8d5f8
clock_latched.rows.0.cells.16.slope_r	f:3f9ac8e51cd61fa5
clock_latched.rows.0.cells.16.predicted	s:gov
clock_latched.rows.0.cells.16.measured	s:fuel
clock_latched.rows.0.cells.16.margin	f:bff48935acb29e85
clock_latched.rows.0.cells.17	keys:10
clock_latched.rows.0.cells.17.s	f:3fc8f5c28f5c28f9
clock_latched.rows.0.cells.17.setpoint_gap	f:3f35ce241982eb80
clock_latched.rows.0.cells.17.lag_gap	f:bf4fdadebf095eea
clock_latched.rows.0.cells.17.tau_f	f:3fc3333333333334
clock_latched.rows.0.cells.17.tau_gov	f:3fa999999999999a
clock_latched.rows.0.cells.17.slope_f	f:3f8f1c2ea4144888
clock_latched.rows.0.cells.17.slope_r	f:3f9ac17abeb8917b
clock_latched.rows.0.cells.17.predicted	s:gov
clock_latched.rows.0.cells.17.measured	s:fuel
clock_latched.rows.0.cells.17.margin	f:bff579e3a669e4d2
clock_latched.rows.0.cells.18	keys:10
clock_latched.rows.0.cells.18.s	f:3fc999999999999d
clock_latched.rows.0.cells.18.setpoint_gap	f:3f396567187c09a0
clock_latched.rows.0.cells.18.lag_gap	f:bf4f9060cd543b0a
clock_latched.rows.0.cells.18.tau_f	f:3fc3333333333334
clock_latched.rows.0.cells.18.tau_gov	f:3fa999999999999a
clock_latched.rows.0.cells.18.slope_f	f:3f8ef83454c03594
clock_latched.rows.0.cells.18.slope_r	f:3f9aba11fecbab79
clock_latched.rows.0.cells.18.predicted	s:gov
clock_latched.rows.0.cells.18.measured	s:fuel
clock_latched.rows.0.cells.18.margin	f:bff66fcd9d0eb012
clock_latched.rows.0.cells.19	keys:10
clock_latched.rows.0.cells.19.s	f:3fca3d70a3d70a41
clock_latched.rows.0.cells.19.setpoint_gap	f:3f3d000a640533a0
clock_latched.rows.0.cells.19.lag_gap	f:bf4f460fc0f5ae7a
clock_latched.rows.0.cells.19.tau_f	f:3fc3333333333334
clock_latched.rows.0.cells.19.tau_gov	f:3fa999999999999a
clock_latched.rows.0.cells.19.slope_f	f:3f8ed44d3428c824
clock_latched.rows.0.cells.19.slope_r	f:3f9ab2a9f5a39f2b
clock_latched.rows.0.cells.19.predicted	s:gov
clock_latched.rows.0.cells.19.measured	s:fuel
clock_latched.rows.0.cells.19.margin	f:bff76b1d8dd8459f
clock_latched.rows.0.cells.20	keys:10
clock_latched.rows.0.cells.20.s	f:3fcae147ae147ae5
clock_latched.rows.0.cells.20.setpoint_gap	f:3f404f068ad240b0
clock_latched.rows.0.cells.20.lag_gap	f:bf4efbb4fa15818a
clock_latched.rows.0.cells.20.tau_f	f:3fc3333333333334
clock_latched.rows.0.cells.20.tau_gov	f:3fa999999999999a
clock_latched.rows.0.cells.20.slope_f	f:3f8eb06204c00f0c
clock_latched.rows.0.cells.20.slope_r	f:3f9aab41ead2a59d
clock_latched.rows.0.cells.20.predicted	s:gov
clock_latched.rows.0.cells.20.measured	s:fuel
clock_latched.rows.0.cells.20.margin	f:bff86c04aa08290e
clock_latched.rows.0.cells.21	keys:10
clock_latched.rows.0.cells.21.s	f:3fcb851eb851eb89
clock_latched.rows.0.cells.21.setpoint_gap	f:3f421fb8af97eb20
clock_latched.rows.0.cells.21.lag_gap	f:bf4eb124dbc84d5a
clock_latched.rows.0.cells.21.tau_f	f:3fc3333333333334
clock_latched.rows.0.cells.21.tau_gov	f:3fa999999999999a
clock_latched.rows.0.cells.21.slope_f	f:3f8e8c603839a0f8
clock_latched.rows.0.cells.21.slope_r	f:3f9aa3d94af9411d
clock_latched.rows.0.cells.21.predicted	s:gov
clock_latched.rows.0.cells.21.measured	s:fuel
clock_latched.rows.0.cells.21.margin	f:bff972ba868619a9
clock_latched.rows.0.cells.22	keys:10
clock_latched.rows.0.cells.22.s	f:3fcc28f5c28f5c2d
clock_latched.rows.0.cells.22.setpoint_gap	f:3f43f21df5fa12d0
clock_latched.rows.0.cells.22.lag_gap	f:bf4e663c7a5756ca
clock_latched.rows.0.cells.22.tau_f	f:3fc3333333333334
clock_latched.rows.0.cells.22.tau_gov	f:3fa999999999999a
clock_latched.rows.0.cells.22.slope_f	f:3f8e6838f2edf24c
clock_latched.rows.0.cells.22.slope_r	f:3f9a9c6f9fee5535
clock_latched.rows.0.cells.22.predicted	s:gov
clock_latched.rows.0.cells.22.measured	s:fuel
clock_latched.rows.0.cells.22.margin	f:bffa7f7c8fc2b8c3
clock_latched.rows.0.cells.23	keys:10
clock_latched.rows.0.cells.23.s	f:3fccccccccccccd1
clock_latched.rows.0.cells.23.setpoint_gap	f:3f45c639b1a9a230
clock_latched.rows.0.cells.23.lag_gap	f:bf4e1adfc634479a
clock_latched.rows.0.cells.23.tau_f	f:3fc3333333333334
clock_latched.rows.0.cells.23.tau_gov	f:3fa999999999999a
clock_latched.rows.0.cells.23.slope_f	f:3f8e43e04449d5ac
clock_latched.rows.0.cells.23.slope_r	f:3f9a95048a8e13c3
clock_latched.rows.0.cells.23.predicted	s:gov
clock_latched.rows.0.cells.23.measured	s:fuel
clock_latched.rows.0.cells.23.margin	f:bffb928db3f8f2ff
clock_latched.rows.0.cells.24	keys:10
clock_latched.rows.0.cells.24.s	f:3fcd70a3d70a3d75
clock_latched.rows.0.cells.24.setpoint_gap	f:3f479c1002e88650
clock_latched.rows.0.cells.24.lag_gap	f:bf4dcef81967daaa
clock_latched.rows.0.cells.24.tau_f	f:3fc3333333333334
clock_latched.rows.0.cells.24.tau_gov	f:3fa999999999999a
clock_latched.rows.0.cells.24.slope_f	f:3f8e1f4c89251ca8
clock_latched.rows.0.cells.24.slope_r	f:3f9a8d97bdd6c253
clock_latched.rows.0.cells.24.predicted	s:gov
clock_latched.rows.0.cells.24.measured	s:fuel
clock_latched.rows.0.cells.24.margin	f:bffcac36390a1fa1
clock_latched.rows.0.cells.25	keys:10
clock_latched.rows.0.cells.25.s	f:3fce147ae147ae19
clock_latched.rows.0.cells.25.setpoint_gap	f:3f4973a5af8204c0
clock_latched.rows.0.cells.25.lag_gap	f:bf4d827312cab7ce
clock_latched.rows.0.cells.25.tau_f	f:3fc3333333333334
clock_latched.rows.0.cells.25.tau_gov	f:3fa999999999999a
clock_latched.rows.0.cells.25.slope_f	f:3f8dfa75ef328d11
clock_latched.rows.0.cells.25.slope_r	f:3f9a8628fb0d20bb
clock_latched.rows.0.cells.25.predicted	s:gov
clock_latched.rows.0.cells.25.measured	s:fuel
clock_latched.rows.0.cells.25.margin	f:bffdccc3b5be9b8b
clock_latched.rows.0.cells.26	keys:10
clock_latched.rows.0.cells.26.s	f:3fceb851eb851ebd
clock_latched.rows.0.cells.26.setpoint_gap	f:3f4b4d0004035b80
clock_latched.rows.0.cells.26.lag_gap	f:bf4d3541aeb33abe
clock_latched.rows.0.cells.26.tau_f	f:3fc3333333333334
clock_latched.rows.0.cells.26.tau_gov	f:3fa999999999999a
clock_latched.rows.0.cells.26.slope_f	f:3f8dd5561295e2d9
clock_latched.rows.0.cells.26.slope_r	f:3f9a7eb80eb0cf91
clock_latched.rows.0.cells.26.predicted	s:gov
clock_latched.rows.0.cells.26.measured	s:fuel
clock_latched.rows.0.cells.26.margin	f:bffef4892841150c
clock_latched.rows.0.cells.27	keys:10
clock_latched.rows.0.cells.27.s	f:3fcf5c28f5c28f61
clock_latched.rows.0.cells.27.setpoint_gap	f:3f4d2824bb79a800
clock_latched.rows.0.cells.27.lag_gap	f:bf4ce757902f8ba0
clock_latched.rows.0.cells.27.tau_f	f:3fc3333333333334
clock_latched.rows.0.cells.27.tau_gov	f:3fa999999999999a
clock_latched.rows.0.cells.27.slope_f	f:3f8dafe7b021c3c0
clock_latched.rows.0.cells.27.slope_r	f:3f9a7744ce14ee5c
clock_latched.rows.0.cells.27.predicted	s:gov
clock_latched.rows.0.cells.27.measured	s:fuel
clock_latched.rows.0.cells.27.margin	f:bfffdc70945bc843
clock_latched.rows.0.cells.28	keys:10
clock_latched.rows.0.cells.28.s	f:3fd0000000000002
clock_latched.rows.0.cells.28.setpoint_gap	f:3f4f0519ec5692b0
clock_latched.rows.0.cells.28.lag_gap	f:bf4c98aa709934e0
clock_latched.rows.0.cells.28.tau_f	f:3fc3333333333334
clock_latched.rows.0.cells.28.tau_gov	f:3fa999999999999a
clock_latched.rows.0.cells.28.slope_f	f:3f8d8a2667e6c560
clock_latched.rows.0.cells.28.slope_r	f:3f9a6fcf157a6704
clock_latched.rows.0.cells.28.predicted	s:gov
clock_latched.rows.0.cells.28.measured	s:fuel
clock_latched.rows.0.cells.28.margin	f:bffebffb1f1caf8d
clock_latched.rows.0.cells.29	keys:10
clock_latched.rows.0.cells.29.s	f:3fd051eb851eb854
clock_latched.rows.0.cells.29.setpoint_gap	f:3f5071f2fcb3b5f8
clock_latched.rows.0.cells.29.lag_gap	f:bf4c4931ad742f3e
clock_latched.rows.0.cells.29.tau_f	f:3fc3333333333334
clock_latched.rows.0.cells.29.tau_gov	f:3fa999999999999a
clock_latched.rows.0.cells.29.slope_f	f:3f8d640e8ca616b1
clock_latched.rows.0.cells.29.slope_r	f:3f9a6856c6908485
clock_latched.rows.0.cells.29.predicted	s:gov
clock_latched.rows.0.cells.29.measured	s:fuel
clock_latched.rows.0.cells.29.margin	f:bffdc29981ef222a
clock_latched.rows.0.cells.30	keys:10
clock_latched.rows.0.cells.30.s	f:3fd0a3d70a3d70a6
clock_latched.rows.0.cells.30.setpoint_gap	f:3f516247c301ec18
clock_latched.rows.0.cells.30.lag_gap	f:bf4bf8e5ee3d9b6e
clock_latched.rows.0.cells.30.tau_f	f:3fc3333333333334
clock_latched.rows.0.cells.30.tau_gov	f:3fa999999999999a
clock_latched.rows.0.cells.30.slope_f	f:3f8d3d9cfd73349d
clock_latched.rows.0.cells.30.slope_r	f:3f9a60dbc7464dc9
clock_latched.rows.0.cells.30.predicted	s:gov
clock_latched.rows.0.cells.30.measured	s:fuel
clock_latched.rows.0.cells.30.margin	f:bffcdf6a2da1a136
clock_latched.rows.0.cells.31	keys:10
clock_latched.rows.0.cells.31.s	f:3fd0f5c28f5c28f8
clock_latched.rows.0.cells.31.setpoint_gap	f:3f52538eb663d2b0
clock_latched.rows.0.cells.31.lag_gap	f:bf4ba7c0dd22585e
clock_latched.rows.0.cells.31.tau_f	f:3fc3333333333334
clock_latched.rows.0.cells.31.tau_gov	f:3fa999999999999a
clock_latched.rows.0.cells.31.slope_f	f:3f8d16cf0760c7d5
clock_latched.rows.0.cells.31.slope_r	f:3f9a595e00dbb487
clock_latched.rows.0.cells.31.predicted	s:gov
clock_latched.rows.0.cells.31.measured	s:fuel
clock_latched.rows.0.cells.31.margin	f:bffc12842d49fa2b
clock_latched.rows.0.cells.32	keys:10
clock_latched.rows.0.cells.32.s	f:3fd147ae147ae14a
clock_latched.rows.0.cells.32.setpoint_gap	f:3f5345cb5c279298
clock_latched.rows.0.cells.32.lag_gap	f:bf4b55bceea43a4e
clock_latched.rows.0.cells.32.tau_f	f:3fc3333333333334
clock_latched.rows.0.cells.32.tau_gov	f:3fa999999999999a
clock_latched.rows.0.cells.32.slope_f	f:3f8cefa24d87bf79
clock_latched.rows.0.cells.32.slope_r	f:3f9a51dd5f24fac7
clock_latched.rows.0.cells.32.predicted	s:gov
clock_latched.rows.0.cells.32.measured	s:fuel
clock_latched.rows.0.cells.32.margin	f:bffb58bc46e626f2
clock_latched.rows.0.cells.33	keys:10
clock_latched.rows.0.cells.33.s	f:3fd199999999999c
clock_latched.rows.0.cells.33.setpoint_gap	f:3f5439014ec547a8
clock_latched.rows.0.cells.33.lag_gap	f:bf4b02d5350d12de
clock_latched.rows.0.cells.33.tau_f	f:3fc3333333333334
clock_latched.rows.0.cells.33.tau_gov	f:3fa999999999999a
clock_latched.rows.0.cells.33.slope_f	f:3f8cc814b6140369
clock_latched.rows.0.cells.33.slope_r	f:3f9a4a59cff5d955
clock_latched.rows.0.cells.33.predicted	s:gov
clock_latched.rows.0.cells.33.measured	s:fuel
clock_latched.rows.0.cells.33.margin	f:bffaaf7a133f4f55
clock_latched.rows.0.cells.34	keys:10
clock_latched.rows.0.cells.34.s	f:3fd1eb851eb851ee
clock_latched.rows.0.cells.34.setpoint_gap	f:3f552d343ba977a8
clock_latched.rows.0.cells.34.lag_gap	f:bf4aaf053d34839e
clock_latched.rows.0.cells.34.tau_f	f:3fc3333333333334
clock_latched.rows.0.cells.34.tau_gov	f:3fa999999999999a
clock_latched.rows.0.cells.34.slope_f	f:3f8ca0245b489449
clock_latched.rows.0.cells.34.slope_r	f:3f9a42d342ac0c2d
clock_latched.rows.0.cells.34.predicted	s:gov
clock_latched.rows.0.cells.34.measured	s:fuel
clock_latched.rows.0.cells.34.margin	f:bffa1498385a29cb
clock_latched.rows.0.cells.35	keys:10
clock_latched.rows.0.cells.35.s	f:3fd23d70a3d70a40
clock_latched.rows.0.cells.35.setpoint_gap	f:3f562267e17ed758
clock_latched.rows.0.cells.35.lag_gap	f:bf4a5a48f2a008be
clock_latched.rows.0.cells.35.tau_f	f:3fc3333333333334
clock_latched.rows.0.cells.35.tau_gov	f:3fa999999999999a
clock_latched.rows.0.cells.35.slope_f	f:3f8c77cf7fa45ae9
clock_latched.rows.0.cells.35.slope_r	f:3f9a3b49a7d282e9
clock_latched.rows.0.cells.35.predicted	s:gov
clock_latched.rows.0.cells.35.measured	s:fuel
clock_latched.rows.0.cells.35.margin	f:bff9864c8b8aa6b7
clock_latched.rows.0.cells.36	keys:10
clock_latched.rows.0.cells.36.s	f:3fd28f5c28f5c292
clock_latched.rows.0.cells.36.setpoint_gap	f:3f5718a00edcb888
clock_latched.rows.0.cells.36.lag_gap	f:bf4a049c8975c1be
clock_latched.rows.0.cells.36.tau_f	f:3fc3333333333334
clock_latched.rows.0.cells.36.tau_gov	f:3fa999999999999a
clock_latched.rows.0.cells.36.slope_f	f:3f8c4f14848127a1
clock_latched.rows.0.cells.36.slope_r	f:3f9a33bcf0d8225d
clock_latched.rows.0.cells.36.predicted	s:gov
clock_latched.rows.0.cells.36.measured	s:fuel
clock_latched.rows.0.cells.36.margin	f:bff90315e76824e9
clock_latched.rows.0.cells.37	keys:10
clock_latched.rows.0.cells.37.s	f:3fd2e147ae147ae4
clock_latched.rows.0.cells.37.setpoint_gap	f:3f580fe0a1452b98
clock_latched.rows.0.cells.37.lag_gap	f:bf49adfc6d05b40e
clock_latched.rows.0.cells.37.tau_f	f:3fc3333333333334
clock_latched.rows.0.cells.37.tau_gov	f:3fa999999999999a
clock_latched.rows.0.cells.37.slope_f	f:3f8c25f1e2a65a91
clock_latched.rows.0.cells.37.slope_r	f:3f9a2c2d0fd5f753
clock_latched.rows.0.cells.37.predicted	s:gov
clock_latched.rows.0.cells.37.measured	s:fuel
clock_latched.rows.0.cells.37.margin	f:bff889ae2e6c5092
clock_latched.rows.0.cells.38	keys:10
clock_latched.rows.0.cells.38.s	f:3fd3333333333336
clock_latched.rows.0.cells.38.setpoint_gap	f:3f59082d84624980
clock_latched.rows.0.cells.38.lag_gap	f:bf49566531f6877a
clock_latched.rows.0.cells.38.tau_f	f:3fc3333333333334
clock_latched.rows.0.cells.38.tau_gov	f:3fa999999999999a
clock_latched.rows.0.cells.38.slope_f	f:3f8bfc662467b511
clock_latched.rows.0.cells.38.slope_r	f:3f9a2499f7617aed
clock_latched.rows.0.cells.38.predicted	s:gov
clock_latched.rows.0.cells.38.measured	s:fuel
clock_latched.rows.0.cells.38.margin	f:bff818ff66626c4b
clock_latched.rows.0.cells.39	keys:10
clock_latched.rows.0.cells.39.s	f:3fd3851eb851eb88
clock_latched.rows.0.cells.39.setpoint_gap	f:3f5a018ab1756e38
clock_latched.rows.0.cells.39.lag_gap	f:bf48fdd38b4e1c6a
clock_latched.rows.0.cells.39.tau_f	f:3fc3333333333334
clock_latched.rows.0.cells.39.tau_gov	f:3fa999999999999a
clock_latched.rows.0.cells.39.slope_f	f:3f8bd26fe0fb8ad9
clock_latched.rows.0.cells.39.slope_r	f:3f9a1d039a687e83
clock_latched.rows.0.cells.39.predicted	s:gov
clock_latched.rows.0.cells.39.measured	s:fuel
clock_latched.rows.0.cells.39.margin	f:bff7b01b273ea693
clock_latched.rows.0.cells.40	keys:10
clock_latched.rows.0.cells.40.s	f:3fd3d70a3d70a3da
clock_latched.rows.0.cells.40.setpoint_gap	f:3f5afbfc2eee3e28
clock_latched.rows.0.cells.40.lag_gap	f:bf48a44441bb939a
clock_latched.rows.0.cells.40.tau_f	f:3fc3333333333334
clock_latched.rows.0.cells.40.tau_gov	f:3fa999999999999a
clock_latched.rows.0.cells.40.slope_f	f:3f8ba80db8c69531
clock_latched.rows.0.cells.40.slope_r	f:3f9a1569ec14a389
clock_latched.rows.0.cells.40.predicted	s:gov
clock_latched.rows.0.cells.40.measured	s:fuel
clock_latched.rows.0.cells.40.margin	f:bff74e33ce2fcea5
clock_latched.rows.0.cells.41	keys:10
clock_latched.rows.0.cells.41.s	f:3fd428f5c28f5c2c
clock_latched.rows.0.cells.41.setpoint_gap	f:3f5bf78610212a88
clock_latched.rows.0.cells.41.lag_gap	f:bf4881966397b55a
clock_latched.rows.0.cells.41.tau_f	f:3fc3333333333334
clock_latched.rows.0.cells.41.tau_gov	f:3fa999999999999a
clock_latched.rows.0.cells.41.slope_f	f:3f8b95104006ab05
clock_latched.rows.0.cells.41.slope_r	f:3f9a0e9a61cb2f2f
clock_latched.rows.0.cells.41.predicted	s:gov
clock_latched.rows.0.cells.41.measured	s:fuel
clock_latched.rows.0.cells.41.margin	f:bff70293600848fe
clock_latched.rows.0.cells.42	keys:10
clock_latched.rows.0.cells.42.s	f:3fd47ae147ae147e
clock_latched.rows.0.cells.42.setpoint_gap	f:3f5cf2658122b2e8
clock_latched.rows.0.cells.42.lag_gap	f:bf4bef07ed23c02e
clock_latched.rows.0.cells.42.tau_f	f:3fc3333333333334
clock_latched.rows.0.cells.42.tau_gov	f:3fa999999999999a
clock_latched.rows.0.cells.42.slope_f	f:3f8d06fa9d906ca9
clock_latched.rows.0.cells.42.slope_r	f:3f9a1512f8224ae3
clock_latched.rows.0.cells.42.predicted	s:gov
clock_latched.rows.0.cells.42.measured	s:gov
clock_latched.rows.0.cells.42.margin	f:bff7b851cd6b4441
clock_latched.rows.0.cells.43	keys:10
clock_latched.rows.0.cells.43.s	f:3fd4ccccccccccd0
clock_latched.rows.0.cells.43.setpoint_gap	f:3f5dd16091a03810
clock_latched.rows.0.cells.43.lag_gap	f:bf51cc030a5b81fd
clock_latched.rows.0.cells.43.tau_f	f:3fc3333333333334
clock_latched.rows.0.cells.43.tau_gov	f:3fa999999999999a
clock_latched.rows.0.cells.43.slope_f	f:3f902394f5e28198
clock_latched.rows.0.cells.43.slope_r	f:3f9a2bbb14b5224d
clock_latched.rows.0.cells.43.predicted	s:gov
clock_latched.rows.0.cells.43.measured	s:gov
clock_latched.rows.0.cells.43.margin	f:bff98cb6ccdec100
clock_latched.rows.0.cells.44	keys:10
clock_latched.rows.0.cells.44.s	f:3fd51eb851eb8522
clock_latched.rows.0.cells.44.setpoint_gap	f:3f5e8d4ce23a28c8
clock_latched.rows.0.cells.44.lag_gap	f:bf55b164432d5d45
clock_latched.rows.0.cells.44.tau_f	f:3fc3333333333334
clock_latched.rows.0.cells.44.tau_gov	f:3fa999999999999a
clock_latched.rows.0.cells.44.slope_f	f:3f91cb27fac468c0
clock_latched.rows.0.cells.44.slope_r	f:3f9a43ba9c5485ab
clock_latched.rows.0.cells.44.predicted	s:gov
clock_latched.rows.0.cells.44.measured	s:gov
clock_latched.rows.0.cells.44.margin	f:bffb5c4cf226dce3
clock_latched.rows.0.cells.45	keys:10
clock_latched.rows.0.cells.45.s	f:3fd570a3d70a3d74
clock_latched.rows.0.cells.45.setpoint_gap	f:3f5f2c594f50e088
clock_latched.rows.0.cells.45.lag_gap	f:bf58e732ffa8d923
clock_latched.rows.0.cells.45.tau_f	f:3fc3333333333334
clock_latched.rows.0.cells.45.tau_gov	f:3fa999999999999a
clock_latched.rows.0.cells.45.slope_f	f:3f93282600083d8b
clock_latched.rows.0.cells.45.slope_r	f:3f9a57724085a937
clock_latched.rows.0.cells.45.predicted	s:gov
clock_latched.rows.0.cells.45.measured	s:gov
clock_latched.rows.0.cells.45.margin	f:bffcc823c05cff60
clock_latched.rows.0.cells.46	keys:10
clock_latched.rows.0.cells.46.s	f:3fd5c28f5c28f5c6
clock_latched.rows.0.cells.46.setpoint_gap	f:3f5fb39686254440
clock_latched.rows.0.cells.46.lag_gap	f:bf5b8d3566d8852b
clock_latched.rows.0.cells.46.tau_f	f:3fc3333333333334
clock_latched.rows.0.cells.46.tau_gov	f:3fa999999999999a
clock_latched.rows.0.cells.46.slope_f	f:3f94480fd5b5da1f
clock_latched.rows.0.cells.46.slope_r	f:3f9a67acc092e7e9
clock_latched.rows.0.cells.46.predicted	s:gov
clock_latched.rows.0.cells.46.measured	s:gov
clock_latched.rows.0.cells.46.margin	f:bffde7cf14d0c280
clock_latched.rows.0.cells.47	keys:10
clock_latched.rows.0.cells.47.s	f:3fd6147ae147ae18
clock_latched.rows.0.cells.47.setpoint_gap	f:3f6013955e497b9c
clock_latched.rows.0.cells.47.lag_gap	f:bf5dbd6ebdaab38b
clock_latched.rows.0.cells.47.tau_f	f:3fc3333333333334
clock_latched.rows.0.cells.47.tau_gov	f:3fa999999999999a
clock_latched.rows.0.cells.47.slope_f	f:3f9535f3408150d7
clock_latched.rows.0.cells.47.slope_r	f:3f9a750f546e9219
clock_latched.rows.0.cells.47.predicted	s:gov
clock_latched.rows.0.cells.47.measured	s:gov
clock_latched.rows.0.cells.47.margin	f:bffecc9a3f17ffaf
clock_latched.rows.0.cells.48	keys:10
clock_latched.rows.0.cells.48.s	f:3fd666666666666a
clock_latched.rows.0.cells.48.setpoint_gap	f:3f60453e25f269e8
clock_latched.rows.0.cells.48.lag_gap	f:bf5f8d252fc66393
clock_latched.rows.0.cells.48.tau_f	f:3fc3333333333334
clock_latched.rows.0.cells.48.tau_gov	f:3fa999999999999a
clock_latched.rows.0.cells.48.slope_f	f:3f95fada55c2868f
clock_latched.rows.0.cells.48.slope_r	f:3f9a8020858f9737
clock_latched.rows.0.cells.48.predicted	s:gov
clock_latched.rows.0.cells.48.measured	s:gov
clock_latched.rows.0.cells.48.margin	f:bfff836f84db216f
clock_latched.rows.0.cells.49	keys:10
clock_latched.rows.0.cells.49.s	f:3fd6b851eb851ebc
clock_latched.rows.0.cells.49.setpoint_gap	f:3f60702a57df0210
clock_latched.rows.0.cells.49.lag_gap	f:bf6086ddd92f2608
clock_latched.rows.0.cells.49.tau_f	f:3fc3333333333334
clock_latched.rows.0.cells.49.tau_gov	f:3fa999999999999a
clock_latched.rows.0.cells.49.slope_f	f:3f969e28263e8d80
clock_latched.rows.0.cells.49.slope_r	f:3f9a894dd3c5c96d
clock_latched.rows.0.cells.49.predicted	s:gov
clock_latched.rows.0.cells.49.measured	s:gov
clock_latched.rows.0.cells.49.margin	f:bfffea05bf48cb17
clock_latched.rows.0.cells.50	keys:10
clock_latched.rows.0.cells.50.s	f:3fd70a3d70a3d70e
clock_latched.rows.0.cells.50.setpoint_gap	f:3f60957e9a3aac24
clock_latched.rows.0.cells.50.lag_gap	f:bf6126b331a7f330
clock_latched.rows.0.cells.50.tau_f	f:3fc3333333333334
clock_latched.rows.0.cells.50.tau_gov	f:3fa999999999999a
clock_latched.rows.0.cells.50.slope_f	f:3f9725e57148d0a2
clock_latched.rows.0.cells.50.slope_r	f:3f9a90f057b691ef
clock_latched.rows.0.cells.50.predicted	s:gov
clock_latched.rows.0.cells.50.measured	s:gov
clock_latched.rows.0.cells.50.margin	f:bfff788a668e4ce3
clock_latched.rows.0.cells.51	keys:10
clock_latched.rows.0.cells.51.s	f:3fd75c28f5c28f60
clock_latched.rows.0.cells.51.setpoint_gap	f:3f60b62b371afd0c
clock_latched.rows.0.cells.51.lag_gap	f:bf61abdf9d19e694
clock_latched.rows.0.cells.51.tau_f	f:3fc3333333333334
clock_latched.rows.0.cells.51.tau_gov	f:3fa999999999999a
clock_latched.rows.0.cells.51.slope_f	f:3f9796ffdd0827da
clock_latched.rows.0.cells.51.slope_r	f:3f9a97508e57b71d
clock_latched.rows.0.cells.51.predicted	s:gov
clock_latched.rows.0.cells.51.measured	s:gov
clock_latched.rows.0.cells.51.margin	f:bfff2188cc594214
clock_latched.rows.0.cells.52	keys:10
clock_latched.rows.0.cells.52.s	f:3fd7ae147ae147b2
clock_latched.rows.0.cells.52.setpoint_gap	f:3f60d2f5b2a76fec
clock_latched.rows.0.cells.52.lag_gap	f:bf621b201abb86c0
clock_latched.rows.0.cells.52.tau_f	f:3fc3333333333334
clock_latched.rows.0.cells.52.tau_gov	f:3fa999999999999a
clock_latched.rows.0.cells.52.slope_f	f:3f97f57de71ed7dc
clock_latched.rows.0.cells.52.slope_r	f:3f9a9ca97287b6b5
clock_latched.rows.0.cells.52.predicted	s:gov
clock_latched.rows.0.cells.52.measured	s:gov
clock_latched.rows.0.cells.52.margin	f:bffede0118d928fa
clock_latched.rows.0.cells.53	keys:10
clock_latched.rows.0.cells.53.s	f:3fd8000000000004
clock_latched.rows.0.cells.53.setpoint_gap	f:3f60ec809e6b0ee0
clock_latched.rows.0.cells.53.lag_gap	f:bf627853be3a393c
clock_latched.rows.0.cells.53.tau_f	f:3fc3333333333334
clock_latched.rows.0.cells.53.tau_gov	f:3fa999999999999a
clock_latched.rows.0.cells.53.slope_f	f:3f9844a9753deb82
clock_latched.rows.0.cells.53.slope_r	f:3f9aa12b04283371
clock_latched.rows.0.cells.53.predicted	s:gov
clock_latched.rows.0.cells.53.measured	s:gov
clock_latched.rows.0.cells.53.margin	f:bffea91c0e9b0f90
clock_latched.rows.0.cells.54	keys:10
clock_latched.rows.0.cells.54.s	f:3fd851eb851eb856
clock_latched.rows.0.cells.54.setpoint_gap	f:3f610351fb86facc
clock_latched.rows.0.cells.54.lag_gap	f:bf62c6a4a3725360
clock_latched.rows.0.cells.54.tau_f	f:3fc3333333333334
clock_latched.rows.0.cells.54.tau_gov	f:3fa999999999999a
clock_latched.rows.0.cells.54.slope_f	f:3f988732a5361618
clock_latched.rows.0.cells.54.slope_r	f:3f9aa4fc570471d9
clock_latched.rows.0.cells.54.predicted	s:gov
clock_latched.rows.0.cells.54.measured	s:gov
clock_latched.rows.0.cells.54.margin	f:bffe7f6746aaff11
clock_latched.rows.0.cells.55	keys:10
clock_latched.rows.0.cells.55.s	f:3fd8a3d70a3d70a8
clock_latched.rows.0.cells.55.setpoint_gap	f:3f6117d86f33e304
clock_latched.rows.0.cells.55.lag_gap	f:bf6308a9605c5e80
clock_latched.rows.0.cells.55.tau_f	f:3fc3333333333334
clock_latched.rows.0.cells.55.tau_gov	f:3fa999999999999a
clock_latched.rows.0.cells.55.slope_f	f:3f98bf4c3ac1acb4
clock_latched.rows.0.cells.55.slope_r	f:3f9aa83d3f5e19dd
clock_latched.rows.0.cells.55.predicted	s:gov
clock_latched.rows.0.cells.55.measured	s:gov
clock_latched.rows.0.cells.55.margin	f:bffe5e5f46ec871e
clock_latched.rows.0.cells.56	keys:10
clock_latched.rows.0.cells.56.s	f:3fd8f5c28f5c28fa
clock_latched.rows.0.cells.56.setpoint_gap	f:3f612a6f81042240
clock_latched.rows.0.cells.56.lag_gap	f:bf6340804d2d7d30
clock_latched.rows.0.cells.56.tau_f	f:3fc3333333333334
clock_latched.rows.0.cells.56.tau_gov	f:3fa999999999999a
clock_latched.rows.0.cells.56.slope_f	f:3f98eec2cfb5e556
clock_latched.rows.0.cells.56.slope_r	f:3f9aab07ae2ff70b
clock_latched.rows.0.cells.56.predicted	s:gov
clock_latched.rows.0.cells.56.measured	s:gov
clock_latched.rows.0.cells.56.margin	f:bffe44257d880f34
clock_latched.rows.0.cells.57	keys:10
clock_latched.rows.0.cells.57.s	f:3fd947ae147ae14c
clock_latched.rows.0.cells.57.setpoint_gap	f:3f613b63105c5f50
clock_latched.rows.0.cells.57.lag_gap	f:bf636fe5c053eff8
clock_latched.rows.0.cells.57.tau_f	f:3fc3333333333334
clock_latched.rows.0.cells.57.tau_gov	f:3fa999999999999a
clock_latched.rows.0.cells.57.slope_f	f:3f99170fb99c6004
clock_latched.rows.0.cells.57.slope_r	f:3f9aad70cc034821
clock_latched.rows.0.cells.57.predicted	s:gov
clock_latched.rows.0.cells.57.measured	s:gov
clock_latched.rows.0.cells.57.margin	f:bffe2f501f06eb73
clock_latched.rows.0.cells.58	keys:10
clock_latched.rows.0.cells.58.s	f:3fd999999999999e
clock_latched.rows.0.cells.58.setpoint_gap	f:3f614af226540bdc
clock_latched.rows.0.cells.58.lag_gap	f:bf6398462a5404dc
clock_latched.rows.0.cells.58.tau_f	f:3fc3333333333334
clock_latched.rows.0.cells.58.tau_gov	f:3fa999999999999a
clock_latched.rows.0.cells.58.slope_f	f:3f9939686d73144a
clock_latched.rows.0.cells.58.slope_r	f:3f9aaf89de8730b9
clock_latched.rows.0.cells.58.predicted	s:gov
clock_latched.rows.0.cells.58.measured	s:gov
clock_latched.rows.0.cells.58.margin	f:bffe1ec9e20251d2
clock_latched.rows.0.cells.59	keys:10
clock_latched.rows.0.cells.59.s	f:3fd9eb851eb851f0
clock_latched.rows.0.cells.59.setpoint_gap	f:3f615951425dfb30
clock_latched.rows.0.cells.59.lag_gap	f:bf63baccd3c3f678
clock_latched.rows.0.cells.59.tau_f	f:3fc3333333333334
clock_latched.rows.0.cells.59.tau_gov	f:3fa999999999999a
clock_latched.rows.0.cells.59.slope_f	f:3f9956cb06c3af04
clock_latched.rows.0.cells.59.slope_r	f:3f9ab16102e124e1
clock_latched.rows.0.cells.59.predicted	s:gov
clock_latched.rows.0.cells.59.measured	s:gov
clock_latched.rows.0.cells.59.margin	f:bffe11bbc94b5a74
clock_latched.rows.0.cells.60	keys:10
clock_latched.rows.0.cells.60.s	f:3fda3d70a3d70a42
clock_latched.rows.0.cells.60.setpoint_gap	f:3f6166ac3a7f5cf8
clock_latched.rows.0.cells.60.lag_gap	f:bf63d86fdcc3fa78
clock_latched.rows.0.cells.60.tau_f	f:3fc3333333333334
clock_latched.rows.0.cells.60.tau_gov	f:3fa999999999999a
clock_latched.rows.0.cells.60.slope_f	f:3f9970087995d42a
clock_latched.rows.0.cells.60.slope_r	f:3f9ab301c4d78a53
clock_latched.rows.0.cells.60.predicted	s:gov
clock_latched.rows.0.cells.60.measured	s:gov
clock_latched.rows.0.cells.60.margin	f:bffe077d7ef5d841
clock_latched.rows.0.cells.61	keys:10
clock_latched.rows.0.cells.61.s	f:3fda8f5c28f5c294
clock_latched.rows.0.cells.61.setpoint_gap	f:3f617327c34484a4
clock_latched.rows.0.cells.61.lag_gap	f:bf63f1fa006155f4
clock_latched.rows.0.cells.61.tau_f	f:3fc3333333333334
clock_latched.rows.0.cells.61.tau_gov	f:3fa999999999999a
clock_latched.rows.0.cells.61.slope_f	f:3f9985ccde23163a
clock_latched.rows.0.cells.61.slope_r	f:3f9ab4759975ebcd
clock_latched.rows.0.cells.61.predicted	s:gov
clock_latched.rows.0.cells.61.measured	s:gov
clock_latched.rows.0.cells.61.margin	f:bffdff8a1611f695
clock_latched.rows.0.cells.62	keys:10
clock_latched.rows.0.cells.62.s	f:3fdae147ae147ae6
clock_latched.rows.0.cells.62.setpoint_gap	f:3f617ee2afe22660
clock_latched.rows.0.cells.62.lag_gap	f:bf6408128670f0cc
clock_latched.rows.0.cells.62.tau_f	f:3fc3333333333334
clock_latched.rows.0.cells.62.tau_gov	f:3fa999999999999a
clock_latched.rows.0.cells.62.slope_f	f:3f9998a630e28bda
clock_latched.rows.0.cells.62.slope_r	f:3f9ab5c4428d4991
clock_latched.rows.0.cells.62.predicted	s:gov
clock_latched.rows.0.cells.62.measured	s:gov
clock_latched.rows.0.cells.62.margin	f:bffdf977d1855325
clock_latched.rows.0.cells.63	keys:10
clock_latched.rows.0.cells.63.s	f:3fdb333333333338
clock_latched.rows.0.cells.63.setpoint_gap	f:3f6189f6f7e18994
clock_latched.rows.0.cells.63.lag_gap	f:bf641b43bac7c9c4
clock_latched.rows.0.cells.63.tau_f	f:3fc3333333333334
clock_latched.rows.0.cells.63.tau_gov	f:3fa999999999999a
clock_latched.rows.0.cells.63.slope_f	f:3f99a909d0cc1cc4
clock_latched.rows.0.cells.63.slope_r	f:3f9ab6f41f70dde3
clock_latched.rows.0.cells.63.predicted	s:gov
clock_latched.rows.0.cells.63.measured	s:gov
clock_latched.rows.0.cells.63.margin	f:bffdf4f208a620b2
clock_latched.rows.0.cells.64	keys:10
clock_latched.rows.0.cells.64.s	f:3fdb851eb851eb8a
clock_latched.rows.0.cells.64.setpoint_gap	f:3f61947a8d3702a0
clock_latched.rows.0.cells.64.lag_gap	f:bf642c00309bec58
clock_latched.rows.0.cells.64.tau_f	f:3fc3333333333334
clock_latched.rows.0.cells.64.tau_gov	f:3fa999999999999a
clock_latched.rows.0.cells.64.slope_f	f:3f99b758f800dc00
clock_latched.rows.0.cells.64.slope_r	f:3f9ab80a6e7cc525
clock_latched.rows.0.cells.64.predicted	s:gov
clock_latched.rows.0.cells.64.measured	s:gov
clock_latched.rows.0.cells.64.margin	f:bffdf1b48ea7c34a
clock_latched.rows.0.cells.65	keys:10
clock_latched.rows.0.cells.65.s	f:3fdbd70a3d70a3dc
clock_latched.rows.0.cells.65.setpoint_gap	f:3f619e800b9987c0
clock_latched.rows.0.cells.65.lag_gap	f:bf643aa70badec4c
clock_latched.rows.0.cells.65.tau_f	f:3fc3333333333334
clock_latched.rows.0.cells.65.tau_gov	f:3fa999999999999a
clock_latched.rows.0.cells.65.slope_f	f:3f99c3e45fd3a230
clock_latched.rows.0.cells.65.slope_r	f:3f9ab90b824817d3
clock_latched.rows.0.cells.65.predicted	s:gov
clock_latched.rows.0.cells.65.measured	s:gov
clock_latched.rows.0.cells.65.margin	f:bffdef8832df80f1
clock_latched.rows.0.cells.66	keys:10
clock_latched.rows.0.cells.66.s	f:3fdc28f5c28f5c2e
clock_latched.rows.0.cells.66.setpoint_gap	f:3f61a817484a9128
clock_latched.rows.0.cells.66.lag_gap	f:bf6447877e14adc4
clock_latched.rows.0.cells.66.tau_f	f:3fc3333333333334
clock_latched.rows.0.cells.66.tau_gov	f:3fa999999999999a
clock_latched.rows.0.cells.66.slope_f	f:3f99ceef38042264
clock_latched.rows.0.cells.66.slope_r	f:3f9ab9faecd8b4c3
clock_latched.rows.0.cells.66.predicted	s:gov
clock_latched.rows.0.cells.66.measured	s:gov
clock_latched.rows.0.cells.66.margin	f:bffdee401000a48c
clock_latched.rows.0.cells.67	keys:10
clock_latched.rows.0.cells.67.s	f:3fdc7ae147ae1480
clock_latched.rows.0.cells.67.setpoint_gap	f:3f61b14dc8256a80
clock_latched.rows.0.cells.67.lag_gap	f:bf6452e3a0c23ec4
clock_latched.rows.0.cells.67.tau_f	f:3fc3333333333334
clock_latched.rows.0.cells.67.tau_gov	f:3fa999999999999a
clock_latched.rows.0.cells.67.slope_f	f:3f99d8b1918ba70a
clock_latched.rows.0.cells.67.slope_r	f:3f9abadba2bd5835
clock_latched.rows.0.cells.67.predicted	s:gov
clock_latched.rows.0.cells.67.measured	s:gov
clock_latched.rows.0.cells.67.margin	f:bffdedb775e34dfa
clock_latched.rows.0.cells.68	keys:10
clock_latched.rows.0.cells.68.s	f:3fdcccccccccccd2
clock_latched.rows.0.cells.68.setpoint_gap	f:3f61ba2f20b4f140
clock_latched.rows.0.cells.68.lag_gap	f:bf645cf2c5b44308
clock_latched.rows.0.cells.68.tau_f	f:3fc3333333333334
clock_latched.rows.0.cells.68.tau_gov	f:3fa999999999999a
clock_latched.rows.0.cells.68.slope_f	f:3f99e15a5748825a
clock_latched.rows.0.cells.68.slope_r	f:3f9abbb01796df7b
clock_latched.rows.0.cells.68.predicted	s:gov
clock_latched.rows.0.cells.68.measured	s:gov
clock_latched.rows.0.cells.68.margin	f:bffdedd048092d60
clock_latched.rows.0.cells.69	keys:10
clock_latched.rows.0.cells.69.s	f:3fdd1eb851eb8524
clock_latched.rows.0.cells.69.setpoint_gap	f:3f61c2c5482baf64
clock_latched.rows.0.cells.69.lag_gap	f:bf6465e35cf0c504
clock_latched.rows.0.cells.69.tau_f	f:3fc3333333333334
clock_latched.rows.0.cells.69.tau_gov	f:3fa999999999999a
clock_latched.rows.0.cells.69.slope_f	f:3f99e910e9e2ec46
clock_latched.rows.0.cells.69.slope_r	f:3f9abc7a554ed849
clock_latched.rows.0.cells.69.predicted	s:gov
clock_latched.rows.0.cells.69.measured	s:gov
clock_latched.rows.0.cells.69.margin	f:bffdee71b53afe36
clock_latched.rows.0.cells.70	keys:10
clock_latched.rows.0.cells.70.s	f:3fdd70a3d70a3d76
clock_latched.rows.0.cells.70.setpoint_gap	f:3f61cb18d7616a88
clock_latched.rows.0.cells.70.lag_gap	f:bf646ddc80b95d24
clock_latched.rows.0.cells.70.tau_f	f:3fc3333333333334
clock_latched.rows.0.cells.70.tau_gov	f:3fa999999999999a
clock_latched.rows.0.cells.70.slope_f	f:3f99eff670442728
clock_latched.rows.0.cells.70.slope_r	f:3f9abd3c0efd0c9f
clock_latched.rows.0.cells.70.predicted	s:gov
clock_latched.rows.0.cells.70.measured	s:gov
clock_latched.rows.0.cells.70.margin	f:bffdef8733c0216e
clock_latched.rows.0.cells.71	keys:10
clock_latched.rows.0.cells.71.s	f:3fddc28f5c28f5c8
clock_latched.rows.0.cells.71.setpoint_gap	f:3f61d33140636fd4
clock_latched.rows.0.cells.71.lag_gap	f:bf6474ff3986af68
clock_latched.rows.0.cells.71.tau_f	f:3fc3333333333334
clock_latched.rows.0.cells.71.tau_gov	f:3fa999999999999a
clock_latched.rows.0.cells.71.slope_f	f:3f99f626eab47996
clock_latched.rows.0.cells.71.slope_r	f:3f9abdf6b04cb63f
clock_latched.rows.0.cells.71.predicted	s:gov
clock_latched.rows.0.cells.71.measured	s:gov
clock_latched.rows.0.cells.71.margin	f:bffdf0ffb2d31449
clock_latched.rows.0.cells.72	keys:10
clock_latched.rows.0.cells.72.s	f:3fde147ae147ae1a
clock_latched.rows.0.cells.72.setpoint_gap	f:3f61db14fbab08fc
clock_latched.rows.0.cells.72.lag_gap	f:bf64777aa1c63008
clock_latched.rows.0.cells.72.tau_f	f:3fc3333333333334
clock_latched.rows.0.cells.72.tau_gov	f:3fa999999999999a
clock_latched.rows.0.cells.72.slope_f	f:3f99f8794bc9118e
clock_latched.rows.0.cells.72.slope_r	f:3f9abeb94eebbc97
clock_latched.rows.0.cells.72.predicted	s:gov
clock_latched.rows.0.cells.72.measured	s:gov
clock_latched.rows.0.cells.72.margin	f:bffdf579d09fa45e
clock_latched.rows.1	keys:20
clock_latched.rows.1.coord	s:demand-latched
clock_latched.rows.1.tau_f	f:3fc999999999999a
clock_latched.rows.1.tau_gov	f:3fa999999999999a
clock_latched.rows.1.tau_q	f:3fa999999999999a
clock_latched.rows.1.tau_s	f:3fa999999999999a
clock_latched.rows.1.phi_lim	f:3fe8000000000000
clock_latched.rows.1.phi_air	f:3fe8a3d70a3d70a4
clock_latched.rows.1.max_Tt4	f:4092b2c2b3a2a4d9
clock_latched.rows.1.riding4_valid	b:1
clock_latched.rows.1.n_riding4	i:98
clock_latched.rows.1.census	keys:1
clock_latched.rows.1.census.fuel	i:98
clock_latched.rows.1.n_fuel	i:98
clock_latched.rows.1.n_gov	i:0
clock_latched.rows.1.n_scored	i:98
clock_latched.rows.1.n_edge	i:0
clock_latched.rows.1.n_agree	i:26
clock_latched.rows.1.agreement	f:3fd0fac687d6343f
clock_latched.rows.1.worst_miss	f:3ff04b538aa1483a
clock_latched.rows.1.min_margin	f:3fe95b9665937906
clock_latched.rows.1.cells	len:98
clock_latched.rows.1.cells.0	keys:10
clock_latched.rows.1.cells.0.s	f:3fc28f5c28f5c291
clock_latched.rows.1.cells.0.setpoint_gap	f:bf4bcd9ec8cab5e0
clock_latched.rows.1.cells.0.lag_gap	f:bf8d5f9205fa6e94
clock_latched.rows.1.cells.0.tau_f	f:3fe3333333333334
clock_latched.rows.1.cells.0.tau_gov	f:3fa999999999999a
clock_latched.rows.1.cells.0.slope_f	f:3f9ad1bd780481ab
clock_latched.rows.1.cells.0.slope_r	f:3f9c192d646dc243
clock_latched.rows.1.cells.0.predicted	s:gov
clock_latched.rows.1.cells.0.measured	s:fuel
clock_latched.rows.1.cells.0.margin	f:bfee1b5e4e4e7bf9
clock_latched.rows.1.cells.1	keys:10
clock_latched.rows.1.cells.1.s	f:3fc3333333333335
clock_latched.rows.1.cells.1.setpoint_gap	f:bf4b926f666b23f0
clock_latched.rows.1.cells.1.lag_gap	f:bf8cfbe19cedce29
clock_latched.rows.1.cells.1.tau_f	f:3fe3333333333334
clock_latched.rows.1.cells.1.tau_gov	f:3fa999999999999a
clock_latched.rows.1.cells.1.slope_f	f:3f9a7e1a926b036d
clock_latched.rows.1.cells.1.slope_r	f:3f9c126ebbba1b93
clock_latched.rows.1.cells.1.predicted	s:gov
clock_latched.rows.1.cells.1.measured	s:fuel
clock_latched.rows.1.cells.1.margin	f:bfee18f0efad7c40
clock_latched.rows.1.cells.2	keys:10
clock_latched.rows.1.cells.2.s	f:3fc3d70a3d70a3d9
clock_latched.rows.1.cells.2.setpoint_gap	f:bf4b4c3c2c368530
clock_latched.rows.1.cells.2.lag_gap	f:bf8caac26a8f0580
clock_latched.rows.1.cells.2.tau_f	f:3fe3333333333334
clock_latched.rows.1.cells.2.tau_gov	f:3fa999999999999a
clock_latched.rows.1.cells.2.slope_f	f:3f9a3a04ef77b597
clock_latched.rows.1.cells.2.slope_r	f:3f9c0ca310064c25
clock_latched.rows.1.cells.2.predicted	s:gov
clock_latched.rows.1.cells.2.measured	s:fuel
clock_latched.rows.1.cells.2.margin	f:bfee18747310f3cf
clock_latched.rows.1.cells.3	keys:10
clock_latched.rows.1.cells.3.s	f:3fc47ae147ae147d
clock_latched.rows.1.cells.3.setpoint_gap	f:bf4afd1e1451fe00
clock_latched.rows.1.cells.3.lag_gap	f:bf8c68b966a452e0
clock_latched.rows.1.cells.3.tau_f	f:3fe3333333333334
clock_latched.rows.1.cells.3.tau_gov	f:3fa999999999999a
clock_latched.rows.1.cells.3.slope_f	f:3f9a02923f2148f1
clock_latched.rows.1.cells.3.slope_r	f:3f9c079cf3242e9d
clock_latched.rows.1.cells.3.predicted	s:gov
clock_latched.rows.1.cells.3.measured	s:fuel
clock_latched.rows.1.cells.3.margin	f:bfee1999118ee91f
clock_latched.rows.1.cells.4	keys:10
clock_latched.rows.1.cells.4.s	f:3fc51eb851eb8521
clock_latched.rows.1.cells.4.setpoint_gap	f:bf4aa6c81b91c0d0
clock_latched.rows.1.cells.4.lag_gap	f:bf8c32e96442f08a
clock_latched.rows.1.cells.4.tau_f	f:3fe3333333333334
clock_latched.rows.1.cells.4.tau_gov	f:3fa999999999999a
clock_latched.rows.1.cells.4.slope_f	f:3f99d55c69f18ce4
clock_latched.rows.1.cells.4.slope_r	f:3f9c03370cb5355b
clock_latched.rows.1.cells.4.predicted	s:gov
clock_latched.rows.1.cells.4.measured	s:fuel
clock_latched.rows.1.cells.4.margin	f:bfee1c186f5efc05
clock_latched.rows.1.cells.5	keys:10
clock_latched.rows.1.cells.5.s	f:3fc5c28f5c28f5c5
clock_latched.rows.1.cells.5.setpoint_gap	f:bf4a4a9aad092440
clock_latched.rows.1.cells.5.lag_gap	f:bf8c0700bbb4b5a7
clock_latched.rows.1.cells.5.tau_f	f:3fe3333333333334
clock_latched.rows.1.cells.5.tau_gov	f:3fa999999999999a
clock_latched.rows.1.cells.5.slope_f	f:3f99b072344dd07a
clock_latched.rows.1.cells.5.slope_r	f:3f9bff531e96ad41
clock_latched.rows.1.cells.5.predicted	s:gov
clock_latched.rows.1.cells.5.measured	s:fuel
clock_latched.rows.1.cells.5.margin	f:bfee1fb6373c249a
clock_latched.rows.1.cells.6	keys:10
clock_latched.rows.1.cells.6.s	f:3fc6666666666669
clock_latched.rows.1.cells.6.setpoint_gap	f:bf49e9b355b7e090
clock_latched.rows.1.cells.6.lag_gap	f:bf8be31e9bbdd248
clock_latched.rows.1.cells.6.tau_f	f:3fe3333333333334
clock_latched.rows.1.cells.6.tau_gov	f:3fa999999999999a
clock_latched.rows.1.cells.6.slope_f	f:3f999240e5465c12
clock_latched.rows.1.cells.6.slope_r	f:3f9bfbd8a9e21a17
clock_latched.rows.1.cells.6.predicted	s:gov
clock_latched.rows.1.cells.6.measured	s:fuel
clock_latched.rows.1.cells.6.margin	f:bfee243f55d4fd90
clock_latched.rows.1.cells.7	keys:10
clock_latched.rows.1.cells.7.s	f:3fc70a3d70a3d70d
clock_latched.rows.1.cells.7.setpoint_gap	f:bf4984f9785c6c90
clock_latched.rows.1.cells.7.lag_gap	f:bf8bc5bd80bf2baf
clock_latched.rows.1.cells.7.tau_f	f:3fe3333333333334
clock_latched.rows.1.cells.7.tau_gov	f:3fa999999999999a
clock_latched.rows.1.cells.7.slope_f	f:3f9979823d2b9a14
clock_latched.rows.1.cells.7.slope_r	f:3f9bf8b3d6938429
clock_latched.rows.1.cells.7.predicted	s:gov
clock_latched.rows.1.cells.7.measured	s:fuel
clock_latched.rows.1.cells.7.margin	f:bfee2988ff04b4eb
clock_latched.rows.1.cells.8	keys:10
clock_latched.rows.1.cells.8.s	f:3fc7ae147ae147b1
clock_latched.rows.1.cells.8.setpoint_gap	f:bf491d289544b460
clock_latched.rows.1.cells.8.lag_gap	f:bf8bada1cf8b62c8
clock_latched.rows.1.cells.8.tau_f	f:3fe3333333333334
clock_latched.rows.1.cells.8.tau_gov	f:3fa999999999999a
clock_latched.rows.1.cells.8.slope_f	f:3f99652de3b1befe
clock_latched.rows.1.cells.8.slope_r	f:3f9bf5d490e31827
clock_latched.rows.1.cells.8.predicted	s:gov
clock_latched.rows.1.cells.8.measured	s:fuel
clock_latched.rows.1.cells.8.margin	f:bfee2f6fa18251d1
clock_latched.rows.1.cells.9	keys:10
clock_latched.rows.1.cells.9.s	f:3fc851eb851eb855
clock_latched.rows.1.cells.9.setpoint_gap	f:bf48b2d89d196ec0
clock_latched.rows.1.cells.9.lag_gap	f:bf8b99cbc5a80a57
clock_latched.rows.1.cells.9.tau_f	f:3fe3333333333334
clock_latched.rows.1.cells.9.tau_gov	f:3fa999999999999a
clock_latched.rows.1.cells.9.slope_f	f:3f99546da0e00cfa
clock_latched.rows.1.cells.9.slope_r	f:3f9bf32dd1f03461
clock_latched.rows.1.cells.9.predicted	s:gov
clock_latched.rows.1.cells.9.measured	s:fuel
clock_latched.rows.1.cells.9.margin	f:bfee35d5e025d024
clock_latched.rows.1.cells.10	keys:10
clock_latched.rows.1.cells.10.s	f:3fc8f5c28f5c28f9
clock_latched.rows.1.cells.10.setpoint_gap	f:bf484684ae873720
clock_latched.rows.1.cells.10.lag_gap	f:bf8b896c19b9d2d5
clock_latched.rows.1.cells.10.tau_f	f:3fe3333333333334
clock_latched.rows.1.cells.10.tau_gov	f:3fa999999999999a
clock_latched.rows.1.cells.10.slope_f	f:3f994693d6635fcc
clock_latched.rows.1.cells.10.slope_r	f:3f9bf0b50b66414d
clock_latched.rows.1.cells.10.predicted	s:gov
clock_latched.rows.1.cells.10.measured	s:fuel
clock_latched.rows.1.cells.10.margin	f:bfee3ca39e0fffc9
clock_latched.rows.1.cells.11	keys:10
clock_latched.rows.1.cells.11.s	f:3fc999999999999d
clock_latched.rows.1.cells.11.setpoint_gap	f:bf47d8908c22c030
clock_latched.rows.1.cells.11.lag_gap	f:bf8b7bdac76e82c1
clock_latched.rows.1.cells.11.tau_f	f:3fe3333333333334
clock_latched.rows.1.cells.11.tau_gov	f:3fa999999999999a
clock_latched.rows.1.cells.11.slope_f	f:3f993b13ca247ae2
clock_latched.rows.1.cells.11.slope_r	f:3f9bee61af64a71d
clock_latched.rows.1.cells.11.predicted	s:gov
clock_latched.rows.1.cells.11.measured	s:fuel
clock_latched.rows.1.cells.11.margin	f:bfee43c52447001d
clock_latched.rows.1.cells.12	keys:10
clock_latched.rows.1.cells.12.s	f:3fca3d70a3d70a41
clock_latched.rows.1.cells.12.setpoint_gap	f:bf47694d09020a40
clock_latched.rows.1.cells.12.lag_gap	f:bf8b708f9c2c4f0e
clock_latched.rows.1.cells.12.tau_f	f:3fe3333333333334
clock_latched.rows.1.cells.12.tau_gov	f:3fa999999999999a
clock_latched.rows.1.cells.12.slope_f	f:3f99317b68bfa0a2
clock_latched.rows.1.cells.12.slope_r	f:3f9bec2ccf40711b
clock_latched.rows.1.cells.12.predicted	s:gov
clock_latched.rows.1.cells.12.measured	s:fuel
clock_latched.rows.1.cells.12.margin	f:bfee4b2a62fb3435
clock_latched.rows.1.cells.13	keys:10
clock_latched.rows.1.cells.13.s	f:3fcae147ae147ae5
clock_latched.rows.1.cells.13.setpoint_gap	f:bf46f8fb9e88e3e0
clock_latched.rows.1.cells.13.lag_gap	f:bf8b671c2e901452
clock_latched.rows.1.cells.13.tau_f	f:3fe3333333333334
clock_latched.rows.1.cells.13.tau_gov	f:3fa999999999999a
clock_latched.rows.1.cells.13.slope_f	f:3f99296e37dd9620
clock_latched.rows.1.cells.13.slope_r	f:3f9bea10ccc23e5b
clock_latched.rows.1.cells.13.predicted	s:gov
clock_latched.rows.1.cells.13.measured	s:fuel
clock_latched.rows.1.cells.13.margin	f:bfee52c64dff545e
clock_latched.rows.1.cells.14	keys:10
clock_latched.rows.1.cells.14.s	f:3fcb851eb851eb89
clock_latched.rows.1.cells.14.setpoint_gap	f:bf4687d1543dfd60
clock_latched.rows.1.cells.14.lag_gap	f:bf8b5f26fb64a112
clock_latched.rows.1.cells.14.tau_f	f:3fe3333333333334
clock_latched.rows.1.cells.14.tau_gov	f:3fa999999999999a
clock_latched.rows.1.cells.14.slope_f	f:3f9922a13e5b586c
clock_latched.rows.1.cells.14.slope_r	f:3f9be8091a59da6b
clock_latched.rows.1.cells.14.predicted	s:gov
clock_latched.rows.1.cells.14.measured	s:fuel
clock_latched.rows.1.cells.14.margin	f:bfee5a8e528141ae
clock_latched.rows.1.cells.15	keys:10
clock_latched.rows.1.cells.15.s	f:3fcc28f5c28f5c2d
clock_latched.rows.1.cells.15.setpoint_gap	f:bf4615f91ab253e0
clock_latched.rows.1.cells.15.lag_gap	f:bf8b5867701a0950
clock_latched.rows.1.cells.15.tau_f	f:3fe3333333333334
clock_latched.rows.1.cells.15.tau_gov	f:3fa999999999999a
clock_latched.rows.1.cells.15.slope_f	f:3f991cd7b35edfbe
clock_latched.rows.1.cells.15.slope_r	f:3f9be612076e1fd7
clock_latched.rows.1.cells.15.predicted	s:gov
clock_latched.rows.1.cells.15.measured	s:fuel
clock_latched.rows.1.cells.15.margin	f:bfee6279e35a063a
clock_latched.rows.1.cells.16	keys:10
clock_latched.rows.1.cells.16.s	f:3fccccccccccccd1
clock_latched.rows.1.cells.16.setpoint_gap	f:bf45a395b4391c10
clock_latched.rows.1.cells.16.lag_gap	f:bf8b52a2b582f607
clock_latched.rows.1.cells.16.tau_f	f:3fe3333333333334
clock_latched.rows.1.cells.16.tau_gov	f:3fa999999999999a
clock_latched.rows.1.cells.16.slope_f	f:3f9917e04e776b44
clock_latched.rows.1.cells.16.slope_r	f:3f9be428967b6af9
clock_latched.rows.1.cells.16.predicted	s:gov
clock_latched.rows.1.cells.16.measured	s:fuel
clock_latched.rows.1.cells.16.margin	f:bfee6a82191027cf
clock_latched.rows.1.cells.17	keys:10
clock_latched.rows.1.cells.17.s	f:3fcd70a3d70a3d75
clock_latched.rows.1.cells.17.setpoint_gap	f:bf4530c3411772b0
clock_latched.rows.1.cells.17.lag_gap	f:bf8b4da91646bb67
clock_latched.rows.1.cells.17.tau_f	f:3fe3333333333334
clock_latched.rows.1.cells.17.tau_gov	f:3fa999999999999a
clock_latched.rows.1.cells.17.slope_f	f:3f9913931a289076
clock_latched.rows.1.cells.17.slope_r	f:3f9be24a5b237391
clock_latched.rows.1.cells.17.predicted	s:gov
clock_latched.rows.1.cells.17.measured	s:fuel
clock_latched.rows.1.cells.17.margin	f:bfee72a162b5b61e
clock_latched.rows.1.cells.18	keys:10
clock_latched.rows.1.cells.18.s	f:3fce147ae147ae19
clock_latched.rows.1.cells.18.setpoint_gap	f:bf44bd9880b5a030
clock_latched.rows.1.cells.18.lag_gap	f:bf8b4953e373663f
clock_latched.rows.1.cells.18.tau_f	f:3fe3333333333334
clock_latched.rows.1.cells.18.tau_gov	f:3fa999999999999a
clock_latched.rows.1.cells.18.slope_f	f:3f990fcfb01931de
clock_latched.rows.1.cells.18.slope_r	f:3f9be0755eac5801
clock_latched.rows.1.cells.18.predicted	s:gov
clock_latched.rows.1.cells.18.measured	s:fuel
clock_latched.rows.1.cells.18.margin	f:bfee7ad34501b401
clock_latched.rows.1.cells.19	keys:10
clock_latched.rows.1.cells.19.s	f:3fceb851eb851ebd
clock_latched.rows.1.cells.19.setpoint_gap	f:bf444a27d6071490
clock_latched.rows.1.cells.19.lag_gap	f:bf8b4583bf3ec92c
clock_latched.rows.1.cells.19.tau_f	f:3fe3333333333334
clock_latched.rows.1.cells.19.tau_gov	f:3fa999999999999a
clock_latched.rows.1.cells.19.slope_f	f:3f990c7bcad8d7b0
clock_latched.rows.1.cells.19.slope_r	f:3f9bdea809b64097
clock_latched.rows.1.cells.19.predicted	s:gov
clock_latched.rows.1.cells.19.measured	s:fuel
clock_latched.rows.1.cells.19.margin	f:bfee8314254d4561
clock_latched.rows.1.cells.20	keys:10
clock_latched.rows.1.cells.20.s	f:3fcf5c28f5c28f61
clock_latched.rows.1.cells.20.setpoint_gap	f:bf43d6801aac36f0
clock_latched.rows.1.cells.20.lag_gap	f:bf8b421f3a94a834
clock_latched.rows.1.cells.20.tau_f	f:3fe3333333333334
clock_latched.rows.1.cells.20.tau_gov	f:3fa999999999999a
clock_latched.rows.1.cells.20.slope_f	f:3f9909821cff6a55
clock_latched.rows.1.cells.20.slope_r	f:3f9bdce1122a69fd
clock_latched.rows.1.cells.20.predicted	s:gov
clock_latched.rows.1.cells.20.measured	s:fuel
clock_latched.rows.1.cells.20.margin	f:bfee8b611e6b517a
clock_latched.rows.1.cells.21	keys:10
clock_latched.rows.1.cells.21.s	f:3fd0000000000002
clock_latched.rows.1.cells.21.setpoint_gap	f:bf4362ad4a2247e0
clock_latched.rows.1.cells.21.lag_gap	f:bf8b3f11b5bf59c6
clock_latched.rows.1.cells.21.tau_f	f:3fe3333333333334
clock_latched.rows.1.cells.21.tau_gov	f:3fa999999999999a
clock_latched.rows.1.cells.21.slope_f	f:3f9906d160815535
clock_latched.rows.1.cells.21.slope_r	f:3f9bdb1f6c967cd3
clock_latched.rows.1.cells.21.predicted	s:gov
clock_latched.rows.1.cells.21.measured	s:fuel
clock_latched.rows.1.cells.21.margin	f:bfee93b7dd9d7443
clock_latched.rows.1.cells.22	keys:10
clock_latched.rows.1.cells.22.s	f:3fd051eb851eb854
clock_latched.rows.1.cells.22.setpoint_gap	f:bf42eeb90c90f710
clock_latched.rows.1.cells.22.lag_gap	f:bf8b3c4a7773fe1a
clock_latched.rows.1.cells.22.tau_f	f:3fe3333333333334
clock_latched.rows.1.cells.22.tau_gov	f:3fa999999999999a
clock_latched.rows.1.cells.22.slope_f	f:3f99045b9391d5cc
clock_latched.rows.1.cells.22.slope_r	f:3f9bd962404e189b
clock_latched.rows.1.cells.22.predicted	s:gov
clock_latched.rows.1.cells.22.measured	s:fuel
clock_latched.rows.1.cells.22.margin	f:bfee9c16862f38f3
clock_latched.rows.1.cells.23	keys:10
clock_latched.rows.1.cells.23.s	f:3fd0a3d70a3d70a6
clock_latched.rows.1.cells.23.setpoint_gap	f:bf427aab2756ad60
clock_latched.rows.1.cells.23.lag_gap	f:bf8b39bbeff46226
clock_latched.rows.1.cells.23.tau_f	f:3fe3333333333334
clock_latched.rows.1.cells.23.tau_gov	f:3fa999999999999a
clock_latched.rows.1.cells.23.slope_f	f:3f9902155a71fba2
clock_latched.rows.1.cells.23.slope_r	f:3f9bd7a8ddcbf62b
clock_latched.rows.1.cells.23.predicted	s:gov
clock_latched.rows.1.cells.23.measured	s:fuel
clock_latched.rows.1.cells.23.margin	f:bfeea47b9a7ec652
clock_latched.rows.1.cells.24	keys:10
clock_latched.rows.1.cells.24.s	f:3fd0f5c28f5c28f8
clock_latched.rows.1.cells.24.setpoint_gap	f:bf420689d84b3640
clock_latched.rows.1.cells.24.lag_gap	f:bf8b375b1feda25c
clock_latched.rows.1.cells.24.tau_f	f:3fe3333333333334
clock_latched.rows.1.cells.24.tau_gov	f:3fa999999999999a
clock_latched.rows.1.cells.24.slope_f	f:3f98fff57f2e7f00
clock_latched.rows.1.cells.24.slope_r	f:3f9bd5f2b6e59c77
clock_latched.rows.1.cells.24.predicted	s:gov
clock_latched.rows.1.cells.24.measured	s:fuel
clock_latched.rows.1.cells.24.margin	f:bfeeace5e970209d
clock_latched.rows.1.cells.25	keys:10
clock_latched.rows.1.cells.25.s	f:3fd147ae147ae14a
clock_latched.rows.1.cells.25.setpoint_gap	f:bf41925a1fbfeba0
clock_latched.rows.1.cells.25.lag_gap	f:bf8b351f1c500880
clock_latched.rows.1.cells.25.tau_f	f:3fe3333333333334
clock_latched.rows.1.cells.25.tau_gov	f:3fa999999999999a
clock_latched.rows.1.cells.25.slope_f	f:3f98fdf489a21ec2
clock_latched.rows.1.cells.25.slope_r	f:3f9bd43f58791c27
clock_latched.rows.1.cells.25.predicted	s:gov
clock_latched.rows.1.cells.25.measured	s:fuel
clock_latched.rows.1.cells.25.margin	f:bfeeb5547f760d75
clock_latched.rows.1.cells.26	keys:10
clock_latched.rows.1.cells.26.s	f:3fd199999999999c
clock_latched.rows.1.cells.26.setpoint_gap	f:bf411e1ffc814b90
clock_latched.rows.1.cells.26.lag_gap	f:bf8b3300a9a3c2c4
clock_latched.rows.1.cells.26.tau_f	f:3fe3333333333334
clock_latched.rows.1.cells.26.tau_gov	f:3fa999999999999a
clock_latched.rows.1.cells.26.slope_f	f:3f98fc0c6b243fa0
clock_latched.rows.1.cells.26.slope_r	f:3f9bd28e654d5fe7
clock_latched.rows.1.cells.26.predicted	s:gov
clock_latched.rows.1.cells.26.measured	s:fuel
clock_latched.rows.1.cells.26.margin	f:bfeebdc69a823402
clock_latched.rows.1.cells.27	keys:10
clock_latched.rows.1.cells.27.s	f:3fd1eb851eb851ee
clock_latched.rows.1.cells.27.setpoint_gap	f:bf40a9de9c7f8f60
clock_latched.rows.1.cells.27.lag_gap	f:bf8b30f9ea683c8f
clock_latched.rows.1.cells.27.tau_f	f:3fe3333333333334
clock_latched.rows.1.cells.27.tau_gov	f:3fa999999999999a
clock_latched.rows.1.cells.27.slope_f	f:3f98fa383a2a70a2
clock_latched.rows.1.cells.27.slope_r	f:3f9bd0df91eaea11
clock_latched.rows.1.cells.27.predicted	s:gov
clock_latched.rows.1.cells.27.measured	s:fuel
clock_latched.rows.1.cells.27.margin	f:bfeec63ba04e3e09
clock_latched.rows.1.cells.28	keys:10
clock_latched.rows.1.cells.28.s	f:3fd23d70a3d70a40
clock_latched.rows.1.cells.28.setpoint_gap	f:bf4035988443b410
clock_latched.rows.1.cells.28.lag_gap	f:bf8b2f061ce47c46
clock_latched.rows.1.cells.28.tau_f	f:3fe3333333333334
clock_latched.rows.1.cells.28.tau_gov	f:3fa999999999999a
clock_latched.rows.1.cells.28.slope_f	f:3f98f873fad8e606
clock_latched.rows.1.cells.28.slope_r	f:3f9bcf32a13ded9b
clock_latched.rows.1.cells.28.predicted	s:gov
clock_latched.rows.1.cells.28.measured	s:fuel
clock_latched.rows.1.cells.28.margin	f:bfeeceb3168a5aad
clock_latched.rows.1.cells.29	keys:10
clock_latched.rows.1.cells.29.s	f:3fd28f5c28f5c292
clock_latched.rows.1.cells.29.setpoint_gap	f:bf3f829f5ddd2e60
clock_latched.rows.1.cells.29.lag_gap	f:bf8b2d21657c8fe8
clock_latched.rows.1.cells.29.tau_f	f:3fe3333333333334
clock_latched.rows.1.cells.29.tau_gov	f:3fa999999999999a
clock_latched.rows.1.cells.29.slope_f	f:3f98f6bc720f70dc
clock_latched.rows.1.cells.29.slope_r	f:3f9bcd8761dbab4f
clock_latched.rows.1.cells.29.predicted	s:gov
clock_latched.rows.1.cells.29.measured	s:fuel
clock_latched.rows.1.cells.29.margin	f:bfeed72c9c9347cc
clock_latched.rows.1.cells.30	keys:10
clock_latched.rows.1.cells.30.s	f:3fd2e147ae147ae4
clock_latched.rows.1.cells.30.setpoint_gap	f:bf3e9a0b50569ee0
clock_latched.rows.1.cells.30.lag_gap	f:bf8b2b48a32cc6f8
clock_latched.rows.1.cells.30.tau_f	f:3fe3333333333334
clock_latched.rows.1.cells.30.tau_gov	f:3fa999999999999a
clock_latched.rows.1.cells.30.slope_f	f:3f98f50f00f652f2
clock_latched.rows.1.cells.30.slope_r	f:3f9bcbddabcc1db7
clock_latched.rows.1.cells.30.predicted	s:gov
clock_latched.rows.1.cells.30.measured	s:fuel
clock_latched.rows.1.cells.30.margin	f:bfeedfa7e663dd46
clock_latched.rows.1.cells.31	keys:10
clock_latched.rows.1.cells.31.s	f:3fd3333333333336
clock_latched.rows.1.cells.31.setpoint_gap	f:bf3db17742731300
clock_latched.rows.1.cells.31.lag_gap	f:bf8b29794c406f3c
clock_latched.rows.1.cells.31.tau_f	f:3fe3333333333334
clock_latched.rows.1.cells.31.tau_gov	f:3fa999999999999a
clock_latched.rows.1.cells.31.slope_f	f:3f98f369877045f6
clock_latched.rows.1.cells.31.slope_r	f:3f9bca355ebeef3f
clock_latched.rows.1.cells.31.predicted	s:gov
clock_latched.rows.1.cells.31.measured	s:fuel
clock_latched.rows.1.cells.31.margin	f:bfeee824b884bd8a
clock_latched.rows.1.cells.32	keys:10
clock_latched.rows.1.cells.32.s	f:3fd3851eb851eb88
clock_latched.rows.1.cells.32.setpoint_gap	f:bf3cc8e503fb5140
clock_latched.rows.1.cells.32.lag_gap	f:bf8b27b151b49129
clock_latched.rows.1.cells.32.tau_f	f:3fe3333333333334
clock_latched.rows.1.cells.32.tau_gov	f:3fa999999999999a
clock_latched.rows.1.cells.32.slope_f	f:3f98f1ca4c2315be
clock_latched.rows.1.cells.32.slope_r	f:3f9bc88e6097595d
clock_latched.rows.1.cells.32.predicted	s:gov
clock_latched.rows.1.cells.32.measured	s:fuel
clock_latched.rows.1.cells.32.margin	f:bfeef0a2e4c88301
clock_latched.rows.1.cells.33	keys:10
clock_latched.rows.1.cells.33.s	f:3fd3d70a3d70a3da
clock_latched.rows.1.cells.33.setpoint_gap	f:bf3be055edadc900
clock_latched.rows.1.cells.33.lag_gap	f:bf8b25ef08045ec9
clock_latched.rows.1.cells.33.tau_f	f:3fe3333333333334
clock_latched.rows.1.cells.33.tau_gov	f:3fa999999999999a
clock_latched.rows.1.cells.33.slope_f	f:3f98f02fe908da7c
clock_latched.rows.1.cells.33.slope_r	f:3f9bc6e89c3e8a05
clock_latched.rows.1.cells.33.predicted	s:gov
clock_latched.rows.1.cells.33.measured	s:fuel
clock_latched.rows.1.cells.33.margin	f:bfeef92247ac7942
clock_latched.rows.1.cells.34	keys:10
clock_latched.rows.1.cells.34.s	f:3fd428f5c28f5c2c
clock_latched.rows.1.cells.34.setpoint_gap	f:bf3af7caf7afffa0
clock_latched.rows.1.cells.34.lag_gap	f:bf8b24311458c26a
clock_latched.rows.1.cells.34.tau_f	f:3fe3333333333334
clock_latched.rows.1.cells.34.tau_gov	f:3fa999999999999a
clock_latched.rows.1.cells.34.slope_f	f:3f98ee993bade51c
clock_latched.rows.1.cells.34.slope_r	f:3f9bc54400af253b
clock_latched.rows.1.cells.34.predicted	s:gov
clock_latched.rows.1.cells.34.measured	s:fuel
clock_latched.rows.1.cells.34.margin	f:bfef01a2c63d967d
clock_latched.rows.1.cells.35	keys:10
clock_latched.rows.1.cells.35.s	f:3fd47ae147ae147e
clock_latched.rows.1.cells.35.setpoint_gap	f:bf3a0f44cbc17700
clock_latched.rows.1.cells.35.lag_gap	f:bf8b22765d464d6a
clock_latched.rows.1.cells.35.tau_f	f:3fe3333333333334
clock_latched.rows.1.cells.35.tau_gov	f:3fa999999999999a
clock_latched.rows.1.cells.35.slope_f	f:3f98ed0558692d32
clock_latched.rows.1.cells.35.slope_r	f:3f9bc3a0802f1843
clock_latched.rows.1.cells.35.predicted	s:gov
clock_latched.rows.1.cells.35.measured	s:fuel
clock_latched.rows.1.cells.35.margin	f:bfef0a244c67c5d6
clock_latched.rows.1.cells.36	keys:10
clock_latched.rows.1.cells.36.s	f:3fd4ccccccccccd0
clock_latched.rows.1.cells.36.setpoint_gap	f:bf3926c3d3fe2180
clock_latched.rows.1.cells.36.lag_gap	f:bf8b20bdfe6ed3e3
clock_latched.rows.1.cells.36.tau_f	f:3fe3333333333334
clock_latched.rows.1.cells.36.tau_gov	f:3fa999999999999a
clock_latched.rows.1.cells.36.slope_f	f:3f98eb7380004558
clock_latched.rows.1.cells.36.slope_r	f:3f9bc1fe0faef951
clock_latched.rows.1.cells.36.predicted	s:gov
clock_latched.rows.1.cells.36.measured	s:fuel
clock_latched.rows.1.cells.36.margin	f:bfef12a6cb9aa5c1
clock_latched.rows.1.cells.37	keys:10
clock_latched.rows.1.cells.37.s	f:3fd51eb851eb8522
clock_latched.rows.1.cells.37.setpoint_gap	f:bf383e4846d6c660
clock_latched.rows.1.cells.37.lag_gap	f:bf8b1f073e78b7f5
clock_latched.rows.1.cells.37.tau_f	f:3fe3333333333334
clock_latched.rows.1.cells.37.tau_gov	f:3fa999999999999a
clock_latched.rows.1.cells.37.slope_f	f:3f98e9e3173feb36
clock_latched.rows.1.cells.37.slope_r	f:3f9bc05ca647d705
clock_latched.rows.1.cells.37.predicted	s:gov
clock_latched.rows.1.cells.37.measured	s:fuel
clock_latched.rows.1.cells.37.margin	f:bfef1b2a39b2d6fa
clock_latched.rows.1.cells.38	keys:10
clock_latched.rows.1.cells.38.s	f:3fd570a3d70a3d74
clock_latched.rows.1.cells.38.setpoint_gap	f:bf3755d230c5dc80
clock_latched.rows.1.cells.38.lag_gap	f:bf8b1d5186ec4306
clock_latched.rows.1.cells.38.tau_f	f:3fe3333333333334
clock_latched.rows.1.cells.38.tau_gov	f:3fa999999999999a
clock_latched.rows.1.cells.38.slope_f	f:3f98e853a02bb150
clock_latched.rows.1.cells.38.slope_r	f:3f9bbebc3cd1b193
clock_latched.rows.1.cells.38.predicted	s:gov
clock_latched.rows.1.cells.38.measured	s:fuel
clock_latched.rows.1.cells.38.margin	f:bfef23ae901a6d1d
clock_latched.rows.1.cells.39	keys:10
clock_latched.rows.1.cells.39.s	f:3fd5c28f5c28f5c6
clock_latched.rows.1.cells.39.setpoint_gap	f:bf366d617c2f1820
clock_latched.rows.1.cells.39.lag_gap	f:bf8b1b9c5d9b69cf
clock_latched.rows.1.cells.39.tau_f	f:3fe3333333333334
clock_latched.rows.1.cells.39.tau_gov	f:3fa999999999999a
clock_latched.rows.1.cells.39.slope_f	f:3f98e6c4b4780130
clock_latched.rows.1.cells.39.slope_r	f:3f9bbd1ccd8dec39
clock_latched.rows.1.cells.39.predicted	s:gov
clock_latched.rows.1.cells.39.measured	s:fuel
clock_latched.rows.1.cells.39.margin	f:bfef2c33cb159db9
clock_latched.rows.1.cells.40	keys:10
clock_latched.rows.1.cells.40.s	f:3fd6147ae147ae18
clock_latched.rows.1.cells.40.setpoint_gap	f:bf3584f5f7c212e0
clock_latched.rows.1.cells.40.lag_gap	f:bf8b19e75f482b5c
clock_latched.rows.1.cells.40.tau_f	f:3fe3333333333334
clock_latched.rows.1.cells.40.tau_gov	f:3fa999999999999a
clock_latched.rows.1.cells.40.slope_f	f:3f98e536010efa2a
clock_latched.rows.1.cells.40.slope_r	f:3f9bbb7e53e2086f
clock_latched.rows.1.cells.40.predicted	s:gov
clock_latched.rows.1.cells.40.measured	s:fuel
clock_latched.rows.1.cells.40.margin	f:bfef34b9e932eb8c
clock_latched.rows.1.cells.41	keys:10
clock_latched.rows.1.cells.41.s	f:3fd666666666666a
clock_latched.rows.1.cells.41.setpoint_gap	f:bf349c8f5ba804c0
clock_latched.rows.1.cells.41.lag_gap	f:bf8b18323b4dd76c
clock_latched.rows.1.cells.41.tau_f	f:3fe3333333333334
clock_latched.rows.1.cells.41.tau_gov	f:3fa999999999999a
clock_latched.rows.1.cells.41.slope_f	f:3f98e3a7426e2742
clock_latched.rows.1.cells.41.slope_r	f:3f9bb9e0cc1f6cef
clock_latched.rows.1.cells.41.predicted	s:gov
clock_latched.rows.1.cells.41.measured	s:fuel
clock_latched.rows.1.cells.41.margin	f:bfef3d40ead7d1e0
clock_latched.rows.1.cells.42	keys:10
clock_latched.rows.1.cells.42.s	f:3fd6b851eb851ebc
clock_latched.rows.1.cells.42.setpoint_gap	f:bf33b42d4db70500
clock_latched.rows.1.cells.42.lag_gap	f:bf8b167cb01cc3d5
clock_latched.rows.1.cells.42.tau_f	f:3fe3333333333334
clock_latched.rows.1.cells.42.tau_gov	f:3fa999999999999a
clock_latched.rows.1.cells.42.slope_f	f:3f98e21841b4762a
clock_latched.rows.1.cells.42.slope_r	f:3f9bb8443355e3b5
clock_latched.rows.1.cells.42.predicted	s:gov
clock_latched.rows.1.cells.42.measured	s:fuel
clock_latched.rows.1.cells.42.margin	f:bfef45c8d1e45119
clock_latched.rows.1.cells.43	keys:10
clock_latched.rows.1.cells.43.s	f:3fd70a3d70a3d70e
clock_latched.rows.1.cells.43.setpoint_gap	f:bf32cbcf64da4e00
clock_latched.rows.1.cells.43.lag_gap	f:bf8b14c688602cf9
clock_latched.rows.1.cells.43.tau_f	f:3fe3333333333334
clock_latched.rows.1.cells.43.tau_gov	f:3fa999999999999a
clock_latched.rows.1.cells.43.slope_f	f:3f98e088d23eb4c6
clock_latched.rows.1.cells.43.slope_r	f:3f9bb6a8872eb79d
clock_latched.rows.1.cells.43.predicted	s:gov
clock_latched.rows.1.cells.43.measured	s:fuel
clock_latched.rows.1.cells.43.margin	f:bfef4e51a168d117
clock_latched.rows.1.cells.44	keys:10
clock_latched.rows.1.cells.44.s	f:3fd75c28f5c28f60
clock_latched.rows.1.cells.44.setpoint_gap	f:bf31e3752bd5bb80
clock_latched.rows.1.cells.44.lag_gap	f:bf8b130f98adf4b4
clock_latched.rows.1.cells.44.tau_f	f:3fe3333333333334
clock_latched.rows.1.cells.44.tau_gov	f:3fa999999999999a
clock_latched.rows.1.cells.44.slope_f	f:3f98def8cfb7870a
clock_latched.rows.1.cells.44.slope_r	f:3f9bb50dc5cec57f
clock_latched.rows.1.cells.44.predicted	s:gov
clock_latched.rows.1.cells.44.measured	s:fuel
clock_latched.rows.1.cells.44.margin	f:bfef56db5d6ab976
clock_latched.rows.1.cells.45	keys:10
clock_latched.rows.1.cells.45.s	f:3fd7ae147ae147b2
clock_latched.rows.1.cells.45.setpoint_gap	f:bf30fb1e2383bfa0
clock_latched.rows.1.cells.45.lag_gap	f:bf8b1157bda65bc6
clock_latched.rows.1.cells.45.tau_f	f:3fe3333333333334
clock_latched.rows.1.cells.45.tau_gov	f:3fa999999999999a
clock_latched.rows.1.cells.45.slope_f	f:3f98dd681c85285e
clock_latched.rows.1.cells.45.slope_r	f:3f9bb373edbe4ebb
clock_latched.rows.1.cells.45.predicted	s:gov
clock_latched.rows.1.cells.45.measured	s:fuel
clock_latched.rows.1.cells.45.margin	f:bfef5f660ab4d699
clock_latched.rows.1.cells.46	keys:10
clock_latched.rows.1.cells.46.s	f:3fd8000000000004
clock_latched.rows.1.cells.46.setpoint_gap	f:bf3012c9c4a6eaa0
clock_latched.rows.1.cells.46.lag_gap	f:bf8b0f9eda6eba97
clock_latched.rows.1.cells.46.tau_f	f:3fe3333333333334
clock_latched.rows.1.cells.46.tau_gov	f:3fa999999999999a
clock_latched.rows.1.cells.46.slope_f	f:3f98dbd6a0836294
clock_latched.rows.1.cells.46.slope_r	f:3f9bb1dafdd55519
clock_latched.rows.1.cells.46.predicted	s:gov
clock_latched.rows.1.cells.46.measured	s:fuel
clock_latched.rows.1.cells.46.margin	f:bfef67f1aeb13768
clock_latched.rows.1.cells.47	keys:10
clock_latched.rows.1.cells.47.s	f:3fd851eb851eb856
clock_latched.rows.1.cells.47.setpoint_gap	f:bf2e54ef02c79080
clock_latched.rows.1.cells.47.lag_gap	f:bf8b0de4d775ceb8
clock_latched.rows.1.cells.47.tau_f	f:3fe3333333333334
clock_latched.rows.1.cells.47.tau_gov	f:3fa999999999999a
clock_latched.rows.1.cells.47.slope_f	f:3f98da4447fb253c
clock_latched.rows.1.cells.47.slope_r	f:3f9bb042f52babaf
clock_latched.rows.1.cells.47.predicted	s:gov
clock_latched.rows.1.cells.47.measured	s:fuel
clock_latched.rows.1.cells.47.margin	f:bfef707e4f4a9efe
clock_latched.rows.1.cells.48	keys:10
clock_latched.rows.1.cells.48.s	f:3fd8a3d70a3d70a8
clock_latched.rows.1.cells.48.setpoint_gap	f:bf2c844d8ce6c2c0
clock_latched.rows.1.cells.48.lag_gap	f:bf8b0c29a1736e86
clock_latched.rows.1.cells.48.tau_f	f:3fe3333333333334
clock_latched.rows.1.cells.48.tau_gov	f:3fa999999999999a
clock_latched.rows.1.cells.48.slope_f	f:3f98d8b102cbdf0e
clock_latched.rows.1.cells.48.slope_r	f:3f9baeabd30c237b
clock_latched.rows.1.cells.48.predicted	s:gov
clock_latched.rows.1.cells.48.measured	s:fuel
clock_latched.rows.1.cells.48.margin	f:bfef790bf2d40aae
clock_latched.rows.1.cells.49	keys:10
clock_latched.rows.1.cells.49.s	f:3fd8f5c28f5c28fa
clock_latched.rows.1.cells.49.setpoint_gap	f:bf2ab3adf837dcc0
clock_latched.rows.1.cells.49.lag_gap	f:bf8b0a6d28991ded
clock_latched.rows.1.cells.49.tau_f	f:3fe3333333333334
clock_latched.rows.1.cells.49.tau_gov	f:3fa999999999999a
clock_latched.rows.1.cells.49.slope_f	f:3f98d71cc3bdc60a
clock_latched.rows.1.cells.49.slope_r	f:3f9bad1596ea1d45
clock_latched.rows.1.cells.49.predicted	s:gov
clock_latched.rows.1.cells.49.measured	s:fuel
clock_latched.rows.1.cells.49.margin	f:bfef819a9ff51acd
clock_latched.rows.1.cells.50	keys:10
clock_latched.rows.1.cells.50.s	f:3fd947ae147ae14c
clock_latched.rows.1.cells.50.setpoint_gap	f:bf28e30f0df5af40
clock_latched.rows.1.cells.50.lag_gap	f:bf8b08af5fe9b312
clock_latched.rows.1.cells.50.tau_f	f:3fe3333333333334
clock_latched.rows.1.cells.50.tau_gov	f:3fa999999999999a
clock_latched.rows.1.cells.50.slope_f	f:3f98d5877ff4d634
clock_latched.rows.1.cells.50.slope_r	f:3f9bab8040590bcb
clock_latched.rows.1.cells.50.predicted	s:gov
clock_latched.rows.1.cells.50.measured	s:fuel
clock_latched.rows.1.cells.50.margin	f:bfef8a2a5d9a60aa
clock_latched.rows.1.cells.51	keys:10
clock_latched.rows.1.cells.51.s	f:3fd999999999999e
clock_latched.rows.1.cells.51.setpoint_gap	f:bf27126f915131c0
clock_latched.rows.1.cells.51.lag_gap	f:bf8b06f03cb0758b
clock_latched.rows.1.cells.51.tau_f	f:3fe3333333333334
clock_latched.rows.1.cells.51.tau_gov	f:3fa999999999999a
clock_latched.rows.1.cells.51.slope_f	f:3f98d3f12e7e3012
clock_latched.rows.1.cells.51.slope_r	f:3f9ba9ebcf05a979
clock_latched.rows.1.cells.51.predicted	s:gov
clock_latched.rows.1.cells.51.measured	s:fuel
clock_latched.rows.1.cells.51.margin	f:bfef92bb32e8cd64
clock_latched.rows.1.cells.52	keys:10
clock_latched.rows.1.cells.52.s	f:3fd9eb851eb851f0
clock_latched.rows.1.cells.52.setpoint_gap	f:bf2541ce407b7a40
clock_latched.rows.1.cells.52.lag_gap	f:bf8b052fb612b1d6
clock_latched.rows.1.cells.52.tau_f	f:3fe3333333333334
clock_latched.rows.1.cells.52.tau_gov	f:3fa999999999999a
clock_latched.rows.1.cells.52.slope_f	f:3f98d259c7f39d48
clock_latched.rows.1.cells.52.slope_r	f:3f9ba85842b06d13
clock_latched.rows.1.cells.52.predicted	s:gov
clock_latched.rows.1.cells.52.measured	s:fuel
clock_latched.rows.1.cells.52.margin	f:bfef9b4d2733a679
clock_latched.rows.1.cells.53	keys:10
clock_latched.rows.1.cells.53.s	f:3fda3d70a3d70a42
clock_latched.rows.1.cells.53.setpoint_gap	f:bf237129d57e3c40
clock_latched.rows.1.cells.53.lag_gap	f:bf8b036dc4b5de25
clock_latched.rows.1.cells.53.tau_f	f:3fe3333333333334
clock_latched.rows.1.cells.53.tau_gov	f:3fa999999999999a
clock_latched.rows.1.cells.53.slope_f	f:3f98d0c146304fc0
clock_latched.rows.1.cells.53.slope_r	f:3f9ba6c59b290f9d
clock_latched.rows.1.cells.53.predicted	s:gov
clock_latched.rows.1.cells.53.measured	s:fuel
clock_latched.rows.1.cells.53.margin	f:bfefa3e041f47845
clock_latched.rows.1.cells.54	keys:10
clock_latched.rows.1.cells.54.s	f:3fda8f5c28f5c294
clock_latched.rows.1.cells.54.setpoint_gap	f:bf21a08106eb2880
clock_latched.rows.1.cells.54.lag_gap	f:bf8b01aa6276d053
clock_latched.rows.1.cells.54.tau_f	f:3fe3333333333334
clock_latched.rows.1.cells.54.tau_gov	f:3fa999999999999a
clock_latched.rows.1.cells.54.slope_f	f:3f98cf27a413ec32
clock_latched.rows.1.cells.54.slope_r	f:3f9ba533d84aef29
clock_latched.rows.1.cells.54.predicted	s:gov
clock_latched.rows.1.cells.54.measured	s:fuel
clock_latched.rows.1.cells.54.margin	f:bfefac748ac4a778
clock_latched.rows.1.cells.55	keys:10
clock_latched.rows.1.cells.55.s	f:3fdae147ae147ae6
clock_latched.rows.1.cells.55.setpoint_gap	f:bf1f9fa510d60a80
clock_latched.rows.1.cells.55.lag_gap	f:bf8affe58a2e7176
clock_latched.rows.1.cells.55.tau_f	f:3fe3333333333334
clock_latched.rows.1.cells.55.tau_gov	f:3fa999999999999a
clock_latched.rows.1.cells.55.slope_f	f:3f98cd8cdd50e140
clock_latched.rows.1.cells.55.slope_r	f:3f9ba3a2f9fa2073
clock_latched.rows.1.cells.55.predicted	s:gov
clock_latched.rows.1.cells.55.measured	s:fuel
clock_latched.rows.1.cells.55.margin	f:bfefb50a095848ab
clock_latched.rows.1.cells.56	keys:10
clock_latched.rows.1.cells.56.s	f:3fdb333333333338
clock_latched.rows.1.cells.56.setpoint_gap	f:bf1bfe3a16627c00
clock_latched.rows.1.cells.56.lag_gap	f:bf8afe1f3782268d
clock_latched.rows.1.cells.56.tau_f	f:3fe3333333333334
clock_latched.rows.1.cells.56.tau_gov	f:3fa999999999999a
clock_latched.rows.1.cells.56.slope_f	f:3f98cbf0ee448cec
clock_latched.rows.1.cells.56.slope_r	f:3f9ba2130021199d
clock_latched.rows.1.cells.56.predicted	s:gov
clock_latched.rows.1.cells.56.measured	s:fuel
clock_latched.rows.1.cells.56.margin	f:bfefbda0c57a05e5
clock_latched.rows.1.cells.57	keys:10
clock_latched.rows.1.cells.57.s	f:3fdb851eb851eb8a
clock_latched.rows.1.cells.57.setpoint_gap	f:bf185cbe7cb5ea00
clock_latched.rows.1.cells.57.lag_gap	f:bf8afc5766bd02d9
clock_latched.rows.1.cells.57.tau_f	f:3fe3333333333334
clock_latched.rows.1.cells.57.tau_gov	f:3fa999999999999a
clock_latched.rows.1.cells.57.slope_f	f:3f98ca53d3d6bcde
clock_latched.rows.1.cells.57.slope_r	f:3f9ba083eaaebdfd
clock_latched.rows.1.cells.57.predicted	s:gov
clock_latched.rows.1.cells.57.measured	s:fuel
clock_latched.rows.1.cells.57.margin	f:bfefc638c707d0fc
clock_latched.rows.1.cells.58	keys:10
clock_latched.rows.1.cells.58.s	f:3fdbd70a3d70a3dc
clock_latched.rows.1.cells.58.setpoint_gap	f:bf14bb2f9e76f400
clock_latched.rows.1.cells.58.lag_gap	f:bf8afa8e14afce92
clock_latched.rows.1.cells.58.tau_f	f:3fe3333333333334
clock_latched.rows.1.cells.58.tau_gov	f:3fa999999999999a
clock_latched.rows.1.cells.58.slope_f	f:3f98c8b58b5ee976
clock_latched.rows.1.cells.58.slope_r	f:3f9b9ef5b994dfe3
clock_latched.rows.1.cells.58.predicted	s:gov
clock_latched.rows.1.cells.58.measured	s:fuel
clock_latched.rows.1.cells.58.margin	f:bfefced215f0432c
clock_latched.rows.1.cells.59	keys:10
clock_latched.rows.1.cells.59.s	f:3fdc28f5c28f5c2e
clock_latched.rows.1.cells.59.setpoint_gap	f:bf11198ad3360280
clock_latched.rows.1.cells.59.lag_gap	f:bf8af8c33e981f79
clock_latched.rows.1.cells.59.tau_f	f:3fe3333333333334
clock_latched.rows.1.cells.59.tau_gov	f:3fa999999999999a
clock_latched.rows.1.cells.59.slope_f	f:3f98c716128f5a58
clock_latched.rows.1.cells.59.slope_r	f:3f9b9d686cc70175
clock_latched.rows.1.cells.59.predicted	s:gov
clock_latched.rows.1.cells.59.measured	s:fuel
clock_latched.rows.1.cells.59.margin	f:bfefd76cba308471
clock_latched.rows.1.cells.60	keys:10
clock_latched.rows.1.cells.60.s	f:3fdc7ae147ae1480
clock_latched.rows.1.cells.60.setpoint_gap	f:bf0aef9adfa80100
clock_latched.rows.1.cells.60.lag_gap	f:bf8af6f6e20b1af9
clock_latched.rows.1.cells.60.tau_f	f:3fe3333333333334
clock_latched.rows.1.cells.60.tau_gov	f:3fa999999999999a
clock_latched.rows.1.cells.60.slope_f	f:3f98c57567635d7e
clock_latched.rows.1.cells.60.slope_r	f:3f9b9bdc0439543d
clock_latched.rows.1.cells.60.predicted	s:gov
clock_latched.rows.1.cells.60.measured	s:fuel
clock_latched.rows.1.cells.60.margin	f:bfefe008bbd29ba8
clock_latched.rows.1.cells.61	keys:10
clock_latched.rows.1.cells.61.s	f:3fdcccccccccccd2
clock_latched.rows.1.cells.61.setpoint_gap	f:bf03abe98da9a500
clock_latched.rows.1.cells.61.lag_gap	f:bf8af528fce52010
clock_latched.rows.1.cells.61.tau_f	f:3fe3333333333334
clock_latched.rows.1.cells.61.tau_gov	f:3fa999999999999a
clock_latched.rows.1.cells.61.slope_f	f:3f98c3d388119912
clock_latched.rows.1.cells.61.slope_r	f:3f9b9a507fdfec47
clock_latched.rows.1.cells.61.predicted	s:gov
clock_latched.rows.1.cells.61.measured	s:fuel
clock_latched.rows.1.cells.61.margin	f:bfefe8a622ec1af2
clock_latched.rows.1.cells.62	keys:10
clock_latched.rows.1.cells.62.s	f:3fdd1eb851eb8524
clock_latched.rows.1.cells.62.setpoint_gap	f:bef8cff8a2945c00
clock_latched.rows.1.cells.62.lag_gap	f:bf8af3598d3bb8fd
clock_latched.rows.1.cells.62.tau_f	f:3fe3333333333334
clock_latched.rows.1.cells.62.tau_gov	f:3fa999999999999a
clock_latched.rows.1.cells.62.slope_f	f:3f98c23073004784
clock_latched.rows.1.cells.62.slope_r	f:3f9b98c5dfae205d
clock_latched.rows.1.cells.62.predicted	s:gov
clock_latched.rows.1.cells.62.measured	s:fuel
clock_latched.rows.1.cells.62.margin	f:bfeff144f79d0a22
clock_latched.rows.1.cells.63	keys:10
clock_latched.rows.1.cells.63.s	f:3fdd70a3d70a3d76
clock_latched.rows.1.cells.63.setpoint_gap	f:bee48f371e80c000
clock_latched.rows.1.cells.63.lag_gap	f:bf8af1889152d2cd
clock_latched.rows.1.cells.63.tau_f	f:3fe3333333333334
clock_latched.rows.1.cells.63.tau_gov	f:3fa999999999999a
clock_latched.rows.1.cells.63.slope_f	f:3f98c08c26bc3068
clock_latched.rows.1.cells.63.slope_r	f:3f9b973c239608ed
clock_latched.rows.1.cells.63.predicted	s:gov
clock_latched.rows.1.cells.63.measured	s:fuel
clock_latched.rows.1.cells.63.margin	f:bfeff9e5420f11e6
clock_latched.rows.1.cells.64	keys:10
clock_latched.rows.1.cells.64.s	f:3fddc28f5c28f5c8
clock_latched.rows.1.cells.64.setpoint_gap	f:3ed1053bad046800
clock_latched.rows.1.cells.64.lag_gap	f:bf8aefb60793d99d
clock_latched.rows.1.cells.64.tau_f	f:3fe3333333333334
clock_latched.rows.1.cells.64.tau_gov	f:3fa999999999999a
clock_latched.rows.1.cells.64.slope_f	f:3f98bee6a1f136cc
clock_latched.rows.1.cells.64.slope_r	f:3f9b95b34b88117d
clock_latched.rows.1.cells.64.predicted	s:gov
clock_latched.rows.1.cells.64.measured	s:fuel
clock_latched.rows.1.cells.64.margin	f:bff00143853a64af
clock_latched.rows.1.cells.65	keys:10
clock_latched.rows.1.cells.65.s	f:3fde147ae147ae1a
clock_latched.rows.1.cells.65.setpoint_gap	f:3ef2cad19fbe2200
clock_latched.rows.1.cells.65.lag_gap	f:bf8aede1ee860780
clock_latched.rows.1.cells.65.tau_f	f:3fe3333333333334
clock_latched.rows.1.cells.65.tau_gov	f:3fa999999999999a
clock_latched.rows.1.cells.65.slope_f	f:3f98bd3fe363ea26
clock_latched.rows.1.cells.65.slope_r	f:3f9b942b5772aed7
clock_latched.rows.1.cells.65.predicted	s:gov
clock_latched.rows.1.cells.65.measured	s:fuel
clock_latched.rows.1.cells.65.margin	f:bff005952c849828
clock_latched.rows.1.cells.66	keys:10
clock_latched.rows.1.cells.66.s	f:3fde66666666666c
clock_latched.rows.1.cells.66.setpoint_gap	f:3f00aa7bb35cce00
clock_latched.rows.1.cells.66.lag_gap	f:bf8aec0c44c913ad
clock_latched.rows.1.cells.66.tau_f	f:3fe3333333333334
clock_latched.rows.1.cells.66.tau_gov	f:3fa999999999999a
clock_latched.rows.1.cells.66.slope_f	f:3f98bb97e9ed1218
clock_latched.rows.1.cells.66.slope_r	f:3f9b92a44742146d
clock_latched.rows.1.cells.66.predicted	s:gov
clock_latched.rows.1.cells.66.measured	s:fuel
clock_latched.rows.1.cells.66.margin	f:bff009e79b079f90
clock_latched.rows.1.cells.67	keys:10
clock_latched.rows.1.cells.67.s	f:3fdeb851eb851ebe
clock_latched.rows.1.cells.67.setpoint_gap	f:3f07efe58f02f400
clock_latched.rows.1.cells.67.lag_gap	f:bf8aea35090feffe
clock_latched.rows.1.cells.67.tau_f	f:3fe3333333333334
clock_latched.rows.1.cells.67.tau_gov	f:3fa999999999999a
clock_latched.rows.1.cells.67.slope_f	f:3f98b9eeb4754970
clock_latched.rows.1.cells.67.slope_r	f:3f9b911e1ae01163
clock_latched.rows.1.cells.67.predicted	s:gov
clock_latched.rows.1.cells.67.measured	s:fuel
clock_latched.rows.1.cells.67.margin	f:bff00e3ad4e8c898
clock_latched.rows.1.cells.68	keys:10
clock_latched.rows.1.cells.68.s	f:3fdf0a3d70a3d710
clock_latched.rows.1.cells.68.setpoint_gap	f:3f0f35abd437d800
clock_latched.rows.1.cells.68.lag_gap	f:bf8ae85c3a1d26dc
clock_latched.rows.1.cells.68.tau_f	f:3fe3333333333334
clock_latched.rows.1.cells.68.tau_gov	f:3fa999999999999a
clock_latched.rows.1.cells.68.slope_f	f:3f98b84441f1f2dc
clock_latched.rows.1.cells.68.slope_r	f:3f9b8f98d233ddc7
clock_latched.rows.1.cells.68.predicted	s:gov
clock_latched.rows.1.cells.68.measured	s:fuel
clock_latched.rows.1.cells.68.margin	f:bff0128ede51103e
clock_latched.rows.1.cells.69	keys:10
clock_latched.rows.1.cells.69.s	f:3fdf5c28f5c28f62
clock_latched.rows.1.cells.69.setpoint_gap	f:3f133de9fb5d6d00
clock_latched.rows.1.cells.69.lag_gap	f:bf8ae681d6bf99de
clock_latched.rows.1.cells.69.tau_f	f:3fe3333333333334
clock_latched.rows.1.cells.69.tau_gov	f:3fa999999999999a
clock_latched.rows.1.cells.69.slope_f	f:3f98b6989162800a
clock_latched.rows.1.cells.69.slope_r	f:3f9b8e146d21fddb
clock_latched.rows.1.cells.69.predicted	s:gov
clock_latched.rows.1.cells.69.measured	s:fuel
clock_latched.rows.1.cells.69.margin	f:bff016e3bb6d07a2
clock_latched.rows.1.cells.70	keys:10
clock_latched.rows.1.cells.70.s	f:3fdfae147ae147b4
clock_latched.rows.1.cells.70.setpoint_gap	f:3f16e131b6439480
clock_latched.rows.1.cells.70.lag_gap	f:bf8ae4a5ddd01673
clock_latched.rows.1.cells.70.tau_f	f:3fe3333333333334
clock_latched.rows.1.cells.70.tau_gov	f:3fa999999999999a
clock_latched.rows.1.cells.70.slope_f	f:3f98b4eba1ce6c14
clock_latched.rows.1.cells.70.slope_r	f:3f9b8c90eb8c3081
clock_latched.rows.1.cells.70.predicted	s:gov
clock_latched.rows.1.cells.70.measured	s:fuel
clock_latched.rows.1.cells.70.margin	f:bff01b39706cbf32
clock_latched.rows.1.cells.71	keys:10
clock_latched.rows.1.cells.71.s	f:3fe0000000000003
clock_latched.rows.1.cells.71.setpoint_gap	f:3f1a84afd6dcd480
clock_latched.rows.1.cells.71.lag_gap	f:bf7687ea784437f2
clock_latched.rows.1.cells.71.tau_f	f:3fe3333333333334
clock_latched.rows.1.cells.71.tau_gov	f:3fa999999999999a
clock_latched.rows.1.cells.71.slope_f	f:3f84ffe3dafab743
clock_latched.rows.1.cells.71.slope_r	f:3f8aaf85911667bd
clock_latched.rows.1.cells.71.predicted	s:gov
clock_latched.rows.1.cells.71.measured	s:fuel
clock_latched.rows.1.cells.71.margin	f:bff04b538aa1483a
clock_latched.rows.1.cells.72	keys:10
clock_latched.rows.1.cells.72.s	f:3fe028f5c28f5c2c
clock_latched.rows.1.cells.72.setpoint_gap	f:3f1e28671a3e1000
clock_latched.rows.1.cells.72.lag_gap	f:3f6172f3f55a9059
clock_latched.rows.1.cells.72.tau_f	f:3fe3333333333334
clock_latched.rows.1.cells.72.tau_gov	f:3fa999999999999a
clock_latched.rows.1.cells.72.slope_f	f:bf6da8483dc0c8c9
clock_latched.rows.1.cells.72.slope_r	f:bf4ba14ee7d88a39
clock_latched.rows.1.cells.72.predicted	s:fuel
clock_latched.rows.1.cells.72.measured	s:fuel
clock_latched.rows.1.cells.72.margin	f:3fee458baad5463f
clock_latched.rows.1.cells.73	keys:10
clock_latched.rows.1.cells.73.s	f:3fe051eb851eb855
clock_latched.rows.1.cells.73.setpoint_gap	f:3f20e62d1f3ceb40
clock_latched.rows.1.cells.73.lag_gap	f:3f617a76f686d921
clock_latched.rows.1.cells.73.tau_f	f:3fe3333333333334
clock_latched.rows.1.cells.73.tau_gov	f:3fa999999999999a
clock_latched.rows.1.cells.73.slope_f	f:bf6db5cdcfad0959
clock_latched.rows.1.cells.73.slope_r	f:bf4bd169e64de6b9
clock_latched.rows.1.cells.73.predicted	s:fuel
clock_latched.rows.1.cells.73.measured	s:fuel
clock_latched.rows.1.cells.73.margin	f:3fee10f7dcfb2129
clock_latched.rows.1.cells.74	keys:10
clock_latched.rows.1.cells.74.s	f:3fe07ae147ae147e
clock_latched.rows.1.cells.74.setpoint_gap	f:3f22b846014c14c0
clock_latched.rows.1.cells.74.lag_gap	f:3f6182005f7509a9
clock_latched.rows.1.cells.74.tau_f	f:3fe3333333333334
clock_latched.rows.1.cells.74.tau_gov	f:3fa999999999999a
clock_latched.rows.1.cells.74.slope_f	f:bf6dc35d7742e8f9
clock_latched.rows.1.cells.74.slope_r	f:bf4c016887f8aa39
clock_latched.rows.1.cells.74.predicted	s:fuel
clock_latched.rows.1.cells.74.measured	s:fuel
clock_latched.rows.1.cells.74.margin	f:3feddc8e61a4e9f2
clock_latched.rows.1.cells.75	keys:10
clock_latched.rows.1.cells.75.s	f:3fe0a3d70a3d70a7
clock_latched.rows.1.cells.75.setpoint_gap	f:3f248a7f9347eb00
clock_latched.rows.1.cells.75.lag_gap	f:3f618990345e4b35
clock_latched.rows.1.cells.75.tau_f	f:3fe3333333333334
clock_latched.rows.1.cells.75.tau_gov	f:3fa999999999999a
clock_latched.rows.1.cells.75.slope_f	f:bf6dd0f73baa2ae9
clock_latched.rows.1.cells.75.slope_r	f:bf4c314ad2708b79
clock_latched.rows.1.cells.75.predicted	s:fuel
clock_latched.rows.1.cells.75.measured	s:fuel
clock_latched.rows.1.cells.75.margin	f:3feda84f141c274e
clock_latched.rows.1.cells.76	keys:10
clock_latched.rows.1.cells.76.s	f:3fe0ccccccccccd0
clock_latched.rows.1.cells.76.setpoint_gap	f:3f265cdb35a03f00
clock_latched.rows.1.cells.76.lag_gap	f:3f6191267973fd49
clock_latched.rows.1.cells.76.tau_f	f:3fe3333333333334
clock_latched.rows.1.cells.76.tau_gov	f:3fa999999999999a
clock_latched.rows.1.cells.76.slope_f	f:bf6dde9b23ff87d9
clock_latched.rows.1.cells.76.slope_r	f:bf4c6110cbaa5239
clock_latched.rows.1.cells.76.predicted	s:fuel
clock_latched.rows.1.cells.76.measured	s:fuel
clock_latched.rows.1.cells.76.margin	f:3fed7439cfb0e8cd
clock_latched.rows.1.cells.77	keys:10
clock_latched.rows.1.cells.77.s	f:3fe0f5c28f5c28f9
clock_latched.rows.1.cells.77.setpoint_gap	f:3f282f5a4936ca40
clock_latched.rows.1.cells.77.lag_gap	f:3f6198c332e1eaa9
clock_latched.rows.1.cells.77.tau_f	f:3fe3333333333334
clock_latched.rows.1.cells.77.tau_gov	f:3fa999999999999a
clock_latched.rows.1.cells.77.slope_f	f:bf6dec4937585da9
clock_latched.rows.1.cells.77.slope_r	f:bf4c90ba79f83b39
clock_latched.rows.1.cells.77.predicted	s:fuel
clock_latched.rows.1.cells.77.measured	s:fuel
clock_latched.rows.1.cells.77.margin	f:3fed404e6fba0822
clock_latched.rows.1.cells.78	keys:10
clock_latched.rows.1.cells.78.s	f:3fe11eb851eb8522
clock_latched.rows.1.cells.78.setpoint_gap	f:3f2a01fe2f5cc680
clock_latched.rows.1.cells.78.lag_gap	f:3f61a06664d06081
clock_latched.rows.1.cells.78.tau_f	f:3fe3333333333334
clock_latched.rows.1.cells.78.tau_gov	f:3fa999999999999a
clock_latched.rows.1.cells.78.slope_f	f:bf6dfa017cc62b99
clock_latched.rows.1.cells.78.slope_r	f:bf4cc047e40a04b9
clock_latched.rows.1.cells.78.predicted	s:fuel
clock_latched.rows.1.cells.78.measured	s:fuel
clock_latched.rows.1.cells.78.margin	f:3fed0c8ccf958a5e
clock_latched.rows.1.cells.79	keys:10
clock_latched.rows.1.cells.79.s	f:3fe147ae147ae14b
clock_latched.rows.1.cells.79.setpoint_gap	f:3f2bd4c849d0fa00
clock_latched.rows.1.cells.79.lag_gap	f:3f61a810136561e4
clock_latched.rows.1.cells.79.tau_f	f:3fe3333333333334
clock_latched.rows.1.cells.79.tau_gov	f:3fa999999999999a
clock_latched.rows.1.cells.79.slope_f	f:bf6e07c3fb588648
clock_latched.rows.1.cells.79.slope_r	f:bf4cefb910ea9679
clock_latched.rows.1.cells.79.predicted	s:fuel
clock_latched.rows.1.cells.79.measured	s:fuel
clock_latched.rows.1.cells.79.margin	f:3fecd8f4caa8f047
clock_latched.rows.1.cells.80	keys:10
clock_latched.rows.1.cells.80.s	f:3fe170a3d70a3d74
clock_latched.rows.1.cells.80.setpoint_gap	f:3f2da7b9fabdb740
clock_latched.rows.1.cells.80.lag_gap	f:3f61afc042c60d14
clock_latched.rows.1.cells.80.tau_f	f:3fe3333333333334
clock_latched.rows.1.cells.80.tau_gov	f:3fa999999999999a
clock_latched.rows.1.cells.80.slope_f	f:bf6e1590ba1f6e28
clock_latched.rows.1.cells.80.slope_r	f:bf4d1f0e08009179
clock_latched.rows.1.cells.80.predicted	s:fuel
clock_latched.rows.1.cells.80.measured	s:fuel
clock_latched.rows.1.cells.80.margin	f:3feca5863c61a6b1
clock_latched.rows.1.cells.81	keys:10
clock_latched.rows.1.cells.81.s	f:3fe199999999999d
clock_latched.rows.1.cells.81.setpoint_gap	f:3f2f7ad4a4b74340
clock_latched.rows.1.cells.81.lag_gap	f:3f61b776f7180f84
clock_latched.rows.1.cells.81.tau_f	f:3fe3333333333334
clock_latched.rows.1.cells.81.tau_gov	f:3fa999999999999a
clock_latched.rows.1.cells.81.slope_f	f:bf6e2367c02dba38
clock_latched.rows.1.cells.81.slope_r	f:bf4d4e46d10e1179
clock_latched.rows.1.cells.81.predicted	s:fuel
clock_latched.rows.1.cells.81.measured	s:fuel
clock_latched.rows.1.cells.81.margin	f:3fec72410035861b
clock_latched.rows.1.cells.82	keys:10
clock_latched.rows.1.cells.82.s	f:3fe1c28f5c28f5c6
clock_latched.rows.1.cells.82.setpoint_gap	f:3f30a70cd55d1d60
clock_latched.rows.1.cells.82.lag_gap	f:3f61bf34348248ac
clock_latched.rows.1.cells.82.tau_f	f:3fe3333333333334
clock_latched.rows.1.cells.82.tau_gov	f:3fa999999999999a
clock_latched.rows.1.cells.82.slope_f	f:bf6e3149149a1b68
clock_latched.rows.1.cells.82.slope_r	f:bf4d7d63742e6df9
clock_latched.rows.1.cells.82.predicted	s:fuel
clock_latched.rows.1.cells.82.measured	s:fuel
clock_latched.rows.1.cells.82.margin	f:3fec3f24f1a33e9f
clock_latched.rows.1.cells.83	keys:10
clock_latched.rows.1.cells.83.s	f:3fe1eb851eb851ef
clock_latched.rows.1.cells.83.setpoint_gap	f:3f3190c538151c80
clock_latched.rows.1.cells.83.lag_gap	f:3f61c6f7ff2d0f68
clock_latched.rows.1.cells.83.tau_f	f:3fe3333333333334
clock_latched.rows.1.cells.83.tau_gov	f:3fa999999999999a
clock_latched.rows.1.cells.83.slope_f	f:bf6e3f34be7f8ea8
clock_latched.rows.1.cells.83.slope_r	f:bf4dac63f9d5ef39
clock_latched.rows.1.cells.83.predicted	s:fuel
clock_latched.rows.1.cells.83.measured	s:fuel
clock_latched.rows.1.cells.83.margin	f:3fec0c31ec32b1f5
clock_latched.rows.1.cells.84	keys:10
clock_latched.rows.1.cells.84.s	f:3fe2147ae147ae18
clock_latched.rows.1.cells.84.setpoint_gap	f:3f327a942c682920
clock_latched.rows.1.cells.84.lag_gap	f:3f61cec25b42e648
clock_latched.rows.1.cells.84.tau_f	f:3fe3333333333334
clock_latched.rows.1.cells.84.tau_gov	f:3fa999999999999a
clock_latched.rows.1.cells.84.slope_f	f:bf6e4d2ac4fe8438
clock_latched.rows.1.cells.84.slope_r	f:bf4ddb486ad0d439
clock_latched.rows.1.cells.84.predicted	s:fuel
clock_latched.rows.1.cells.84.measured	s:fuel
clock_latched.rows.1.cells.84.margin	f:3febd967cb757058
clock_latched.rows.1.cells.85	keys:10
clock_latched.rows.1.cells.85.s	f:3fe23d70a3d70a41
clock_latched.rows.1.cells.85.setpoint_gap	f:3f33647a646cf9e0
clock_latched.rows.1.cells.85.lag_gap	f:3f61d6934cf1cae0
clock_latched.rows.1.cells.85.tau_f	f:3fe3333333333334
clock_latched.rows.1.cells.85.tau_gov	f:3fa999999999999a
clock_latched.rows.1.cells.85.slope_f	f:bf6e5b2b2f3f0a58
clock_latched.rows.1.cells.85.slope_r	f:bf4e0a10d0428ab8
clock_latched.rows.1.cells.85.predicted	s:fuel
clock_latched.rows.1.cells.85.measured	s:fuel
clock_latched.rows.1.cells.85.margin	f:3feba6c66b075ac4
clock_latched.rows.1.cells.86	keys:10
clock_latched.rows.1.cells.86.s	f:3fe266666666666a
clock_latched.rows.1.cells.86.setpoint_gap	f:3f344e78926bdf80
clock_latched.rows.1.cells.86.lag_gap	f:3f61de6ad86ab6fc
clock_latched.rows.1.cells.86.tau_f	f:3fe3333333333334
clock_latched.rows.1.cells.86.tau_gov	f:3fa999999999999a
clock_latched.rows.1.cells.86.slope_f	f:bf6e6936046ff418
clock_latched.rows.1.cells.86.slope_r	f:bf4e38bd33a495f8
clock_latched.rows.1.cells.86.predicted	s:fuel
clock_latched.rows.1.cells.86.measured	s:fuel
clock_latched.rows.1.cells.86.margin	f:3feb744da68ee4e8
clock_latched.rows.1.cells.87	keys:10
clock_latched.rows.1.cells.87.s	f:3fe28f5c28f5c293
clock_latched.rows.1.cells.87.setpoint_gap	f:3f35388f68de2920
clock_latched.rows.1.cells.87.lag_gap	f:3f61e64901e1f014
clock_latched.rows.1.cells.87.tau_f	f:3fe3333333333334
clock_latched.rows.1.cells.87.tau_gov	f:3fa999999999999a
clock_latched.rows.1.cells.87.slope_f	f:bf6e774b4bc757e8
clock_latched.rows.1.cells.87.slope_r	f:bf4e674d9ec57578
clock_latched.rows.1.cells.87.predicted	s:fuel
clock_latched.rows.1.cells.87.measured	s:fuel
clock_latched.rows.1.cells.87.margin	f:3feb41fd59bd86c2
clock_latched.rows.1.cells.88	keys:10
clock_latched.rows.1.cells.88.s	f:3fe2b851eb851ebc
clock_latched.rows.1.cells.88.setpoint_gap	f:3f3622bf9a6da1a0
clock_latched.rows.1.cells.88.lag_gap	f:3f61ee2dcd8fe590
clock_latched.rows.1.cells.88.tau_f	f:3fe3333333333334
clock_latched.rows.1.cells.88.tau_gov	f:3fa999999999999a
clock_latched.rows.1.cells.88.slope_f	f:bf6e856b0c83fba8
clock_latched.rows.1.cells.88.slope_r	f:bf4e95c21bc772b8
clock_latched.rows.1.cells.88.predicted	s:fuel
clock_latched.rows.1.cells.88.measured	s:fuel
clock_latched.rows.1.cells.88.margin	f:3feb0fd560505408
clock_latched.rows.1.cells.89	keys:10
clock_latched.rows.1.cells.89.s	f:3fe2e147ae147ae5
clock_latched.rows.1.cells.89.setpoint_gap	f:3f370d09d9f41720
clock_latched.rows.1.cells.89.lag_gap	f:3f61f6193fb074d0
clock_latched.rows.1.cells.89.tau_f	f:3fe3333333333334
clock_latched.rows.1.cells.89.tau_gov	f:3fa999999999999a
clock_latched.rows.1.cells.89.slope_f	f:bf6e93954dec1778
clock_latched.rows.1.cells.89.slope_r	f:bf4ec41ab51fe5b8
clock_latched.rows.1.cells.89.predicted	s:fuel
clock_latched.rows.1.cells.89.measured	s:fuel
clock_latched.rows.1.cells.89.margin	f:3feaddd596102906
clock_latched.rows.1.cells.90	keys:10
clock_latched.rows.1.cells.90.s	f:3fe30a3d70a3d70e
clock_latched.rows.1.cells.90.setpoint_gap	f:3f37f76eda7ac2c0
clock_latched.rows.1.cells.90.lag_gap	f:3f61fe0b5c844934
clock_latched.rows.1.cells.90.tau_f	f:3fe3333333333334
clock_latched.rows.1.cells.90.tau_gov	f:3fa999999999999a
clock_latched.rows.1.cells.90.slope_f	f:bf6ea1ca174f9968
clock_latched.rows.1.cells.90.slope_r	f:bf4ef2577595e378
clock_latched.rows.1.cells.90.predicted	s:fuel
clock_latched.rows.1.cells.90.measured	s:fuel
clock_latched.rows.1.cells.90.margin	f:3feaabfdd6d2719a
clock_latched.rows.1.cells.91	keys:10
clock_latched.rows.1.cells.91.s	f:3fe3333333333337
clock_latched.rows.1.cells.91.setpoint_gap	f:3f38e1ef4f3a0540
clock_latched.rows.1.cells.91.lag_gap	f:3f62060428505dc8
clock_latched.rows.1.cells.91.tau_f	f:3fe3333333333334
clock_latched.rows.1.cells.91.tau_gov	f:3fa999999999999a
clock_latched.rows.1.cells.91.slope_f	f:bf6eb00970075288
clock_latched.rows.1.cells.91.slope_r	f:bf4f207868422b38
clock_latched.rows.1.cells.91.predicted	s:fuel
clock_latched.rows.1.cells.91.measured	s:fuel
clock_latched.rows.1.cells.91.margin	f:3fea7a4dfe795f7b
clock_latched.rows.1.cells.92	keys:10
clock_latched.rows.1.cells.92.s	f:3fe35c28f5c28f60
clock_latched.rows.1.cells.92.setpoint_gap	f:3f39cc8beb98be40
clock_latched.rows.1.cells.92.lag_gap	f:3f620e03a75da330
clock_latched.rows.1.cells.92.tau_f	f:3fe3333333333334
clock_latched.rows.1.cells.92.tau_gov	f:3fa999999999999a
clock_latched.rows.1.cells.92.slope_f	f:bf6ebe535f745468
clock_latched.rows.1.cells.92.slope_r	f:bf4f4e7d988cd4b8
clock_latched.rows.1.cells.92.predicted	s:fuel
clock_latched.rows.1.cells.92.measured	s:fuel
clock_latched.rows.1.cells.92.margin	f:3fea48c5e8f4397e
clock_latched.rows.1.cells.93	keys:10
clock_latched.rows.1.cells.93.s	f:3fe3851eb851eb89
clock_latched.rows.1.cells.93.setpoint_gap	f:3f3ab745632c07c0
clock_latched.rows.1.cells.93.lag_gap	f:3f621609ddfa2298
clock_latched.rows.1.cells.93.tau_f	f:3fe3333333333334
clock_latched.rows.1.cells.93.tau_gov	f:3fa999999999999a
clock_latched.rows.1.cells.93.slope_f	f:bf6ecca7ed01d0c8
clock_latched.rows.1.cells.93.slope_r	f:bf4f7c67122c5638
clock_latched.rows.1.cells.93.predicted	s:fuel
clock_latched.rows.1.cells.93.measured	s:fuel
clock_latched.rows.1.cells.93.margin	f:3fea176572400a6b
clock_latched.rows.1.cells.94	keys:10
clock_latched.rows.1.cells.94.s	f:3fe3ae147ae147b2
clock_latched.rows.1.cells.94.setpoint_gap	f:3f3ba21c69b6b8c0
clock_latched.rows.1.cells.94.lag_gap	f:3f621e16d0789888
clock_latched.rows.1.cells.94.tau_f	f:3fe3333333333334
clock_latched.rows.1.cells.94.tau_gov	f:3fa999999999999a
clock_latched.rows.1.cells.94.slope_f	f:bf6edb07202470d8
clock_latched.rows.1.cells.94.slope_r	f:bf4faa34e1257e38
clock_latched.rows.1.cells.94.predicted	s:fuel
clock_latched.rows.1.cells.94.measured	s:fuel
clock_latched.rows.1.cells.94.margin	f:3fe9e62c7667e8e8
clock_latched.rows.1.cells.95	keys:10
clock_latched.rows.1.cells.95.s	f:3fe3d70a3d70a3db
clock_latched.rows.1.cells.95.setpoint_gap	f:3f3c8d11b3291360
clock_latched.rows.1.cells.95.lag_gap	f:3f62262a83301ff8
clock_latched.rows.1.cells.95.tau_f	f:3fe3333333333334
clock_latched.rows.1.cells.95.tau_gov	f:3fa999999999999a
clock_latched.rows.1.cells.95.slope_f	f:bf6ee9710059bf38
clock_latched.rows.1.cells.95.slope_r	f:bf4fd7e711c9dd38
clock_latched.rows.1.cells.95.predicted	s:fuel
clock_latched.rows.1.cells.95.measured	s:fuel
clock_latched.rows.1.cells.95.margin	f:3fe9b51ad18533fe
clock_latched.rows.1.cells.96	keys:10
clock_latched.rows.1.cells.96.s	f:3fe4000000000004
clock_latched.rows.1.cells.96.setpoint_gap	f:3f3d7825f3a043a0
clock_latched.rows.1.cells.96.lag_gap	f:3f622e44fa7cfc80
clock_latched.rows.1.cells.96.tau_f	f:3fe3333333333334
clock_latched.rows.1.cells.96.tau_gov	f:3fa999999999999a
clock_latched.rows.1.cells.96.slope_f	f:bf6ef7e5952974c8
clock_latched.rows.1.cells.96.slope_r	f:bf5002bed85b7edc
clock_latched.rows.1.cells.96.predicted	s:fuel
clock_latched.rows.1.cells.96.measured	s:fuel
clock_latched.rows.1.cells.96.margin	f:3fe984305fc03a3b
clock_latched.rows.1.cells.97	keys:10
clock_latched.rows.1.cells.97.s	f:3fe428f5c28f5c2d
clock_latched.rows.1.cells.97.setpoint_gap	f:3f3e6359df662c20
clock_latched.rows.1.cells.97.lag_gap	f:3f624cc738e9c854
clock_latched.rows.1.cells.97.tau_f	f:3fe3333333333334
clock_latched.rows.1.cells.97.tau_gov	f:3fa999999999999a
clock_latched.rows.1.cells.97.slope_f	f:bf6f2bae4cd87398
clock_latched.rows.1.cells.97.slope_r	f:bf5019364fc3893c
clock_latched.rows.1.cells.97.predicted	s:fuel
clock_latched.rows.1.cells.97.measured	s:fuel
clock_latched.rows.1.cells.97.margin	f:3fe95b9665937906
clock_latched.control_all_gov	b:0
clock_latched.control_n_riding4	len:0
clock_latched.control_clip_shared	keys:2
clock_latched.control_clip_shared.fuel	i:7
clock_latched.control_clip_shared.gov	i:16
clock_latched.control_clip_fuel	i:7
clock_latched.control_clip_rows	len:2
clock_latched.control_clip_rows.0	keys:5
clock_latched.control_clip_rows.0.tau_f	f:3fa999999999999a
clock_latched.control_clip_rows.0.n_riding4	i:23
clock_latched.control_clip_rows.0.census	keys:2
clock_latched.control_clip_rows.0.census.fuel	i:7
clock_latched.control_clip_rows.0.census.gov	i:16
clock_latched.control_clip_rows.0.n_fuel	i:7
clock_latched.control_clip_rows.0.max_Tt4	f:4093feb2af740d44
clock_latched.control_clip_rows.1	keys:5
clock_latched.control_clip_rows.1.tau_f	f:3fc999999999999a
clock_latched.control_clip_rows.1.n_riding4	i:23
clock_latched.control_clip_rows.1.census	keys:2
clock_latched.control_clip_rows.1.census.fuel	i:3
clock_latched.control_clip_rows.1.census.gov	i:20
clock_latched.control_clip_rows.1.n_fuel	i:3
clock_latched.control_clip_rows.1.max_Tt4	f:4093fea56e0b8e31
clock_latched.control_clip_tau_f_live	b:1
clock_latched.all_fuel	b:0
clock_latched.agreement	f:3fd0fac687d6343f
clock_latched.n_scored	i:171
clock_latched.worst_miss	f:3fffdc70945bc843
clock_latched.fuel_cells	keys:1
clock_latched.fuel_cells.demand-latched	len:2
clock_latched.fuel_cells.demand-latched.0	len:3
clock_latched.fuel_cells.demand-latched.0.0	f:3fa999999999999a
clock_latched.fuel_cells.demand-latched.0.1	f:3fa999999999999a
clock_latched.fuel_cells.demand-latched.0.2	i:42
clock_latched.fuel_cells.demand-latched.1	len:3
clock_latched.fuel_cells.demand-latched.1.0	f:3fc999999999999a
clock_latched.fuel_cells.demand-latched.1.1	f:3fa999999999999a
clock_latched.fuel_cells.demand-latched.1.2	i:98
clock_latched.fuel_side	keys:1
clock_latched.fuel_side.demand-latched	len:2
clock_latched.fuel_side.demand-latched.0	s:matched
clock_latched.fuel_side.demand-latched.1	s:slow_fuel
clock_latched.tau_f_inert	keys:1
clock_latched.tau_f_inert.demand-latched@0.05	keys:8
clock_latched.tau_f_inert.demand-latched@0.05.n_tau_f	i:2
clock_latched.tau_f_inert.demand-latched@0.05.n_floats	i:1364
clock_latched.tau_f_inert.demand-latched@0.05.n_differing	i:1338
clock_latched.tau_f_inert.demand-latched@0.05.march_identical	b:0
clock_latched.tau_f_inert.demand-latched@0.05.Tt4_identical	b:0
clock_latched.tau_f_inert.demand-latched@0.05.riding4_identical	b:0
clock_latched.tau_f_inert.demand-latched@0.05.n_riding4	len:2
clock_latched.tau_f_inert.demand-latched@0.05.n_riding4.0	i:73
clock_latched.tau_f_inert.demand-latched@0.05.n_riding4.1	i:98
clock_latched.tau_f_inert.demand-latched@0.05.all_valid	b:1
clock_latched.n_invalid	i:0
clock_latched@rig	keys:2
clock_latched@rig.lag_coord	s:demand
clock_latched@rig.sm_air	n
clock_single	keys:23
clock_single.phi_lim	f:3fe8000000000000
clock_single.phi_air	f:3fe8a3d70a3d70a4
clock_single.tau_fs	len:1
clock_single.tau_fs.0	f:3fc999999999999a
clock_single.tau_govs	len:1
clock_single.tau_govs.0	f:3fa999999999999a
clock_single.tau_q	f:3fa999999999999a
clock_single.tau_s	f:3fa999999999999a
clock_single.coords	len:1
clock_single.coords.0	s:clip
clock_single.ds	f:3f747ae147ae147b
clock_single.rows	len:1
clock_single.rows.0	keys:20
clock_single.rows.0.coord	s:clip
clock_single.rows.0.tau_f	f:3fc999999999999a
clock_single.rows.0.tau_gov	f:3fa999999999999a
clock_single.rows.0.tau_q	f:3fa999999999999a
clock_single.rows.0.tau_s	f:3fa999999999999a
clock_single.rows.0.phi_lim	f:3fe8000000000000
clock_single.rows.0.phi_air	f:3fe8a3d70a3d70a4
clock_single.rows.0.max_Tt4	f:4094050de9a9568f
clock_single.rows.0.riding4_valid	b:1
clock_single.rows.0.n_riding4	i:23
clock_single.rows.0.census	keys:1
clock_single.rows.0.census.gov	i:23
clock_single.rows.0.n_fuel	i:0
clock_single.rows.0.n_gov	i:23
clock_single.rows.0.n_scored	i:23
clock_single.rows.0.n_edge	i:0
clock_single.rows.0.n_agree	i:23
clock_single.rows.0.agreement	f:3ff0000000000000
clock_single.rows.0.worst_miss	n
clock_single.rows.0.min_margin	f:3ffb38ea9cb8c414
clock_single.rows.0.cells	len:23
clock_single.rows.0.cells.0	keys:10
clock_single.rows.0.cells.0.s	f:3fd0a3d70a3d70a6
clock_single.rows.0.cells.0.setpoint_gap	f:3f6d0ce7600c91e4
clock_single.rows.0.cells.0.lag_gap	f:bf646036351df552
clock_single.rows.0.cells.0.tau_f	f:3fc999999999999a
clock_single.rows.0.cells.0.tau_gov	f:3fa999999999999a
clock_single.rows.0.cells.0.slope_f	f:3f932ed509b449af
clock_single.rows.0.cells.0.slope_r	f:3f99cacca206416e
clock_single.rows.0.cells.0.predicted	s:gov
clock_single.rows.0.cells.0.measured	s:gov
clock_single.rows.0.cells.0.margin	f:bffb38ea9cb8c414
clock_single.rows.0.cells.1	keys:10
clock_single.rows.0.cells.1.s	f:3fd0f5c28f5c28f8
clock_single.rows.0.cells.1.setpoint_gap	f:3f6d38a491e031a8
clock_single.rows.0.cells.1.lag_gap	f:bf685d6772e30bde
clock_single.rows.0.cells.1.tau_f	f:3fc999999999999a
clock_single.rows.0.cells.1.tau_gov	f:3fa999999999999a
clock_single.rows.0.cells.1.slope_f	f:3f95ae0ef5cc02af
clock_single.rows.0.cells.1.slope_r	f:3f99ceb937f86d10
clock_single.rows.0.cells.1.predicted	s:gov
clock_single.rows.0.cells.1.measured	s:gov
clock_single.rows.0.cells.1.margin	f:bffd5744d941bb7c
clock_single.rows.0.cells.2	keys:10
clock_single.rows.0.cells.2.s	f:3fd147ae147ae14a
clock_single.rows.0.cells.2.setpoint_gap	f:3f6d616fe0391548
clock_single.rows.0.cells.2.lag_gap	f:bf68d2a4ad23cea2
clock_single.rows.0.cells.2.tau_f	f:3fc999999999999a
clock_single.rows.0.cells.2.tau_gov	f:3fa999999999999a
clock_single.rows.0.cells.2.slope_f	f:3f95f83e70e31f13
clock_single.rows.0.cells.2.slope_r	f:3f99d25e12b2f7b6
clock_single.rows.0.cells.2.predicted	s:gov
clock_single.rows.0.cells.2.measured	s:gov
clock_single.rows.0.cells.2.margin	f:bffd8497598a31e2
clock_single.rows.0.cells.3	keys:10
clock_single.rows.0.cells.3.s	f:3fd199999999999c
clock_single.rows.0.cells.3.setpoint_gap	f:3f6d878861617630
clock_single.rows.0.cells.3.lag_gap	f:bf693e1c1741f6a8
clock_single.rows.0.cells.3.tau_f	f:3fc999999999999a
clock_single.rows.0.cells.3.tau_gov	f:3fa999999999999a
clock_single.rows.0.cells.3.slope_f	f:3f963c41dccc3906
clock_single.rows.0.cells.3.slope_r	f:3f99d5c1390bfb72
clock_single.rows.0.cells.3.predicted	s:gov
clock_single.rows.0.cells.3.measured	s:gov
clock_single.rows.0.cells.3.margin	f:bffdad61709f77b6
clock_single.rows.0.cells.4	keys:10
clock_single.rows.0.cells.4.s	f:3fd1eb851eb851ee
clock_single.rows.0.cells.4.setpoint_gap	f:3f6dab28250afbe0
clock_single.rows.0.cells.4.lag_gap	f:bf69a0966e712a34
clock_single.rows.0.cells.4.tau_f	f:3fc999999999999a
clock_single.rows.0.cells.4.tau_gov	f:3fa999999999999a
clock_single.rows.0.cells.4.slope_f	f:3f967a9817440886
clock_single.rows.0.cells.4.slope_r	f:3f99d8e848f53894
clock_single.rows.0.cells.4.predicted	s:gov
clock_single.rows.0.cells.4.measured	s:gov
clock_single.rows.0.cells.4.margin	f:bffdd210ec5d7bb2
clock_single.rows.0.cells.5	keys:10
clock_single.rows.0.cells.5.s	f:3fd23d70a3d70a40
clock_single.rows.0.cells.5.setpoint_gap	f:3f6dcc848e50eaac
clock_single.rows.0.cells.5.lag_gap	f:bf69face3066b780
clock_single.rows.0.cells.5.tau_f	f:3fc999999999999a
clock_single.rows.0.cells.5.tau_gov	f:3fa999999999999a
clock_single.rows.0.cells.5.slope_f	f:3f96b3b6fccfa156
clock_single.rows.0.cells.5.slope_r	f:3f99dbd87a3dba96
clock_single.rows.0.cells.5.predicted	s:gov
clock_single.rows.0.cells.5.measured	s:gov
clock_single.rows.0.cells.5.margin	f:bffdf308ca98137f
clock_single.rows.0.cells.6	keys:10
clock_single.rows.0.cells.6.s	f:3fd28f5c28f5c292
clock_single.rows.0.cells.6.setpoint_gap	f:3f6debcea9f51260
clock_single.rows.0.cells.6.lag_gap	f:bf6a4d703f51f8dc
clock_single.rows.0.cells.6.tau_f	f:3fc999999999999a
clock_single.rows.0.cells.6.tau_gov	f:3fa999999999999a
clock_single.rows.0.cells.6.slope_f	f:3f96e80bd02a5ac2
clock_single.rows.0.cells.6.slope_r	f:3f99de96a25c7ce0
clock_single.rows.0.cells.6.predicted	s:gov
clock_single.rows.0.cells.6.measured	s:gov
clock_single.rows.0.cells.6.margin	f:bffe10a25a0c21fc
clock_single.rows.0.cells.7	keys:10
clock_single.rows.0.cells.7.s	f:3fd2e147ae147ae4
clock_single.rows.0.cells.7.setpoint_gap	f:3f6e093380696848
clock_single.rows.0.cells.7.lag_gap	f:bf6a991c9449d984
clock_single.rows.0.cells.7.tau_f	f:3fc999999999999a
clock_single.rows.0.cells.7.tau_gov	f:3fa999999999999a
clock_single.rows.0.cells.7.slope_f	f:3f9717fbaae984a2
clock_single.rows.0.cells.7.slope_r	f:3f99e12738ed72bc
clock_single.rows.0.cells.7.predicted	s:gov
clock_single.rows.0.cells.7.measured	s:gov
clock_single.rows.0.cells.7.margin	f:bffe2b2e3b29d31d
clock_single.rows.0.cells.8	keys:10
clock_single.rows.0.cells.8.s	f:3fd3333333333336
clock_single.rows.0.cells.8.setpoint_gap	f:3f6e24dc636606b4
clock_single.rows.0.cells.8.lag_gap	f:bf6ade66f988aef8
clock_single.rows.0.cells.8.tau_f	f:3fc999999999999a
clock_single.rows.0.cells.8.tau_gov	f:3fa999999999999a
clock_single.rows.0.cells.8.slope_f	f:3f9743e3f31cf1e6
clock_single.rows.0.cells.8.slope_r	f:3f99e38e5c9e122a
clock_single.rows.0.cells.8.predicted	s:gov
clock_single.rows.0.cells.8.measured	s:gov
clock_single.rows.0.cells.8.margin	f:bffe42f5447c3943
clock_single.rows.0.cells.9	keys:10
clock_single.rows.0.cells.9.s	f:3fd3851eb851eb88
clock_single.rows.0.cells.9.setpoint_gap	f:3f6e3eef36ee9e10
clock_single.rows.0.cells.9.lag_gap	f:bf6b1dd7c76796f4
clock_single.rows.0.cells.9.tau_f	f:3fc999999999999a
clock_single.rows.0.cells.9.tau_gov	f:3fa999999999999a
clock_single.rows.0.cells.9.slope_f	f:3f976c1ad2b64326
clock_single.rows.0.cells.9.slope_r	f:3f99e5cfd8561334
clock_single.rows.0.cells.9.predicted	s:gov
clock_single.rows.0.cells.9.measured	s:gov
clock_single.rows.0.cells.9.margin	f:bffe58394e00e18f
clock_single.rows.0.cells.10	keys:10
clock_single.rows.0.cells.10.s	f:3fd3d70a3d70a3da
clock_single.rows.0.cells.10.setpoint_gap	f:3f6e578eb5c4bb30
clock_single.rows.0.cells.10.lag_gap	f:bf6b57eca04d2e40
clock_single.rows.0.cells.10.tau_f	f:3fc999999999999a
clock_single.rows.0.cells.10.tau_gov	f:3fa999999999999a
clock_single.rows.0.cells.10.slope_f	f:3f9790efae4da7d2
clock_single.rows.0.cells.10.slope_r	f:3f99e7ef2875aba6
clock_single.rows.0.cells.10.predicted	s:gov
clock_single.rows.0.cells.10.measured	s:gov
clock_single.rows.0.cells.10.margin	f:bffe6b35e65bce54
clock_single.rows.0.cells.11	keys:10
clock_single.rows.0.cells.11.s	f:3fd428f5c28f5c2c
clock_single.rows.0.cells.11.setpoint_gap	f:3f6e6edab15837f8
clock_single.rows.0.cells.11.lag_gap	f:bf6b8d1928c135d0
clock_single.rows.0.cells.11.tau_f	f:3fc999999999999a
clock_single.rows.0.cells.11.tau_gov	f:3fa999999999999a
clock_single.rows.0.cells.11.slope_f	f:3f97b2ab997bd8be
clock_single.rows.0.cells.11.slope_r	f:3f99e9ef800c5c6e
clock_single.rows.0.cells.11.predicted	s:gov
clock_single.rows.0.cells.11.measured	s:gov
clock_single.rows.0.cells.11.margin	f:bffe7c20f478c177
clock_single.rows.0.cells.12	keys:10
clock_single.rows.0.cells.12.s	f:3fd47ae147ae147e
clock_single.rows.0.cells.12.setpoint_gap	f:3f6e84f04d556990
clock_single.rows.0.cells.12.lag_gap	f:bf6bbdc7b9a39f14
clock_single.rows.0.cells.12.tau_f	f:3fc999999999999a
clock_single.rows.0.cells.12.tau_gov	f:3fa999999999999a
clock_single.rows.0.cells.12.slope_f	f:3f97d191c78311fa
clock_single.rows.0.cells.12.slope_r	f:3f99ebd3cdf33a34
clock_single.rows.0.cells.12.predicted	s:gov
clock_single.rows.0.cells.12.measured	s:gov
clock_single.rows.0.cells.12.margin	f:bffe8b2b47dce1c0
clock_single.rows.0.cells.13	keys:10
clock_single.rows.0.cells.13.s	f:3fd4ccccccccccd0
clock_single.rows.0.cells.13.setpoint_gap	f:3f6e99ea36faca8c
clock_single.rows.0.cells.13.lag_gap	f:bf6bea5a0b20ec34
clock_single.rows.0.cells.13.tau_f	f:3fc999999999999a
clock_single.rows.0.cells.13.tau_gov	f:3fa999999999999a
clock_single.rows.0.cells.13.slope_f	f:3f97eddff7637bb6
clock_single.rows.0.cells.13.slope_r	f:3f99ed9ec1bba054
clock_single.rows.0.cells.13.predicted	s:gov
clock_single.rows.0.cells.13.measured	s:gov
clock_single.rows.0.cells.13.margin	f:bffe988119a458ad
clock_single.rows.0.cells.14	keys:10
clock_single.rows.0.cells.14.s	f:3fd51eb851eb8522
clock_single.rows.0.cells.14.setpoint_gap	f:3f6eade0d866b42c
clock_single.rows.0.cells.14.lag_gap	f:bf6c1329d778371a
clock_single.rows.0.cells.14.tau_f	f:3fc999999999999a
clock_single.rows.0.cells.14.tau_gov	f:3fa999999999999a
clock_single.rows.0.cells.14.slope_f	f:3f9807cedac51d26
clock_single.rows.0.cells.14.slope_r	f:3f99ef52d067eada
clock_single.rows.0.cells.14.predicted	s:gov
clock_single.rows.0.cells.14.measured	s:gov
clock_single.rows.0.cells.14.margin	f:bffea44a7fe9bb44
clock_single.rows.0.cells.15	keys:10
clock_single.rows.0.cells.15.s	f:3fd570a3d70a3d74
clock_single.rows.0.cells.15.setpoint_gap	f:3f6ec0ea88120e34
clock_single.rows.0.cells.15.lag_gap	f:bf6c38897508f436
clock_single.rows.0.cells.15.tau_f	f:3fc999999999999a
clock_single.rows.0.cells.15.tau_gov	f:3fa999999999999a
clock_single.rows.0.cells.15.slope_f	f:3f981f92775f84a2
clock_single.rows.0.cells.15.slope_r	f:3f99f0f238e7b004
clock_single.rows.0.cells.15.predicted	s:gov
clock_single.rows.0.cells.15.measured	s:gov
clock_single.rows.0.cells.15.margin	f:bffeaeabd520966e
clock_single.rows.0.cells.16	keys:10
clock_single.rows.0.cells.16.s	f:3fd5c28f5c28f5c6
clock_single.rows.0.cells.16.setpoint_gap	f:3f6ed31bb4af0990
clock_single.rows.0.cells.16.lag_gap	f:bf6c5ac467659c32
clock_single.rows.0.cells.16.tau_f	f:3fc999999999999a
clock_single.rows.0.cells.16.tau_gov	f:3fa999999999999a
clock_single.rows.0.cells.16.slope_f	f:3f98355a82b465a6
clock_single.rows.0.cells.16.slope_r	f:3f99f27f0853901e
clock_single.rows.0.cells.16.predicted	s:gov
clock_single.rows.0.cells.16.measured	s:gov
clock_single.rows.0.cells.16.margin	f:bffeb7c614bc7dfd
clock_single.rows.0.cells.17	keys:10
clock_single.rows.0.cells.17.s	f:3fd6147ae147ae18
clock_single.rows.0.cells.17.setpoint_gap	f:3f6ee4870da3e8a4
clock_single.rows.0.cells.17.lag_gap	f:bf6c7a1fe75f48be
clock_single.rows.0.cells.17.tau_f	f:3fc999999999999a
clock_single.rows.0.cells.17.tau_gov	f:3fa999999999999a
clock_single.rows.0.cells.17.slope_f	f:3f984952b8154736
clock_single.rows.0.cells.17.slope_r	f:3f99f3fb1de6e700
clock_single.rows.0.cells.17.predicted	s:gov
clock_single.rows.0.cells.17.measured	s:gov
clock_single.rows.0.cells.17.margin	f:bffebfb72e54998b
clock_single.rows.0.cells.18	keys:10
clock_single.rows.0.cells.18.s	f:3fd666666666666a
clock_single.rows.0.cells.18.setpoint_gap	f:3f6ef53da8596844
clock_single.rows.0.cells.18.lag_gap	f:bf6c96db6226c50e
clock_single.rows.0.cells.18.tau_f	f:3fc999999999999a
clock_single.rows.0.cells.18.tau_gov	f:3fa999999999999a
clock_single.rows.0.cells.18.slope_f	f:3f985ba329060e1e
clock_single.rows.0.cells.18.slope_r	f:3f99f5682eb74bd8
clock_single.rows.0.cells.18.predicted	s:gov
clock_single.rows.0.cells.18.measured	s:gov
clock_single.rows.0.cells.18.margin	f:bffec69a504f5cf8
clock_single.rows.0.cells.19	keys:10
clock_single.rows.0.cells.19.s	f:3fd6b851eb851ebc
clock_single.rows.0.cells.19.setpoint_gap	f:3f6f054f22935e38
clock_single.rows.0.cells.19.lag_gap	f:bf6cb130efbfc5d6
clock_single.rows.0.cells.19.tau_f	f:3fc999999999999a
clock_single.rows.0.cells.19.tau_gov	f:3fa999999999999a
clock_single.rows.0.cells.19.slope_f	f:3f986c70882297ea
clock_single.rows.0.cells.19.slope_r	f:3f99f6c7c92af114
clock_single.rows.0.cells.19.predicted	s:gov
clock_single.rows.0.cells.19.measured	s:gov
clock_single.rows.0.cells.19.margin	f:bffecc882b03a582
clock_single.rows.0.cells.20	keys:10
clock_single.rows.0.cells.20.s	f:3fd70a3d70a3d70e
clock_single.rows.0.cells.20.setpoint_gap	f:3f6f14c9c20827b8
clock_single.rows.0.cells.20.lag_gap	f:bf6cc955c115434a
clock_single.rows.0.cells.20.tau_f	f:3fc999999999999a
clock_single.rows.0.cells.20.tau_gov	f:3fa999999999999a
clock_single.rows.0.cells.20.slope_f	f:3f987bdc6eb93b9e
clock_single.rows.0.cells.20.slope_r	f:3f99f81b582fc642
clock_single.rows.0.cells.20.predicted	s:gov
clock_single.rows.0.cells.20.measured	s:gov
clock_single.rows.0.cells.20.margin	f:bffed1972d1f6a9e
clock_single.rows.0.cells.21	keys:10
clock_single.rows.0.cells.21.s	f:3fd75c28f5c28f60
clock_single.rows.0.cells.21.setpoint_gap	f:3f6f23ba9169a6c0
clock_single.rows.0.cells.21.lag_gap	f:bf6cdf7a860d5efa
clock_single.rows.0.cells.21.tau_f	f:3fc999999999999a
clock_single.rows.0.cells.21.tau_gov	f:3fa999999999999a
clock_single.rows.0.cells.21.slope_f	f:3f988a059d55d296
clock_single.rows.0.cells.21.slope_r	f:3f99f9642635dcea
clock_single.rows.0.cells.21.predicted	s:gov
clock_single.rows.0.cells.21.measured	s:gov
clock_single.rows.0.cells.21.margin	f:bffed5dbba0c6504
clock_single.rows.0.cells.22	keys:10
clock_single.rows.0.cells.22.s	f:3fd7ae147ae147b2
clock_single.rows.0.cells.22.setpoint_gap	f:3f6f322d7b0fd6a0
clock_single.rows.0.cells.22.lag_gap	f:bf6ccfcd62183c2a
clock_single.rows.0.cells.22.tau_f	f:3fc999999999999a
clock_single.rows.0.cells.22.tau_gov	f:3fa999999999999a
clock_single.rows.0.cells.22.slope_f	f:3f9880a6301df6c6
clock_single.rows.0.cells.22.slope_r	f:3f99fb174b3b44b2
clock_single.rows.0.cells.22.predicted	s:gov
clock_single.rows.0.cells.22.measured	s:gov
clock_single.rows.0.cells.22.margin	f:bffec6f268f6ebe7
clock_single.control_all_gov	b:0
clock_single.control_n_riding4	len:0
clock_single.control_clip_shared	keys:0
clock_single.control_clip_fuel	i:0
clock_single.control_clip_rows	len:1
clock_single.control_clip_rows.0	keys:5
clock_single.control_clip_rows.0.tau_f	f:3fc999999999999a
clock_single.control_clip_rows.0.n_riding4	i:23
clock_single.control_clip_rows.0.census	keys:2
clock_single.control_clip_rows.0.census.fuel	i:3
clock_single.control_clip_rows.0.census.gov	i:20
clock_single.control_clip_rows.0.n_fuel	i:3
clock_single.control_clip_rows.0.max_Tt4	f:4093fea56e0b8e31
clock_single.control_clip_tau_f_live	b:0
clock_single.all_fuel	b:0
clock_single.agreement	f:3ff0000000000000
clock_single.n_scored	i:23
clock_single.worst_miss	n
clock_single.fuel_cells	keys:1
clock_single.fuel_cells.clip	len:0
clock_single.fuel_side	keys:1
clock_single.fuel_side.clip	len:0
clock_single.tau_f_inert	keys:1
clock_single.tau_f_inert.clip@0.05	n
clock_single.n_invalid	i:0
clock_single@rig	keys:2
clock_single@rig.lag_coord	s:demand
clock_single@rig.sm_air	n
mask_clip	keys:16
mask_clip.coord	s:clip
mask_clip.clocks	len:2
mask_clip.clocks.0	len:4
mask_clip.clocks.0.0	f:3fc999999999999a
mask_clip.clocks.0.1	f:3fa999999999999a
mask_clip.clocks.0.2	f:3fa999999999999a
mask_clip.clocks.0.3	f:3fa999999999999a
mask_clip.clocks.1	len:4
mask_clip.clocks.1.0	f:3fa999999999999a
mask_clip.clocks.1.1	f:3fa999999999999a
mask_clip.clocks.1.2	f:3fa999999999999a
mask_clip.clocks.1.3	f:3fa999999999999a
mask_clip.phi_lim	f:3fe8000000000000
mask_clip.phi_air	f:3fe8a3d70a3d70a4
mask_clip.ds	f:3f747ae147ae147b
mask_clip.arms	len:2
mask_clip.arms.0	keys:9
mask_clip.arms.0.taus	len:4
mask_clip.arms.0.taus.0	f:3fc999999999999a
mask_clip.arms.0.taus.1	f:3fa999999999999a
mask_clip.arms.0.taus.2	f:3fa999999999999a
mask_clip.arms.0.taus.3	f:3fa999999999999a
mask_clip.arms.0.riding4_valid	b:1
mask_clip.arms.0.max_Tt4	f:4094050de9a9568f
mask_clip.arms.0.n_riding	i:23
mask_clip.arms.0.n_sampled	i:12
mask_clip.arms.0.n_interior	i:12
mask_clip.arms.0.skipped	keys:2
mask_clip.arms.0.skipped.switch	i:0
mask_clip.arms.0.skipped.regime	i:0
mask_clip.arms.0.by_authority	keys:1
mask_clip.arms.0.by_authority.gov	keys:4
mask_clip.arms.0.by_authority.gov.n	i:12
mask_clip.arms.0.by_authority.gov.max_cyc	f:0000000000000000
mask_clip.arms.0.by_authority.gov.max_leak	f:0000000000000000
mask_clip.arms.0.by_authority.gov.zeros	len:1
mask_clip.arms.0.by_authority.gov.zeros.0	i:1
mask_clip.arms.0.cells	len:12
mask_clip.arms.0.cells.0	keys:9
mask_clip.arms.0.cells.0.s	f:3fd0a3d70a3d70a6
mask_clip.arms.0.cells.0.phi	f:3fe8bbb9ef8783e2
mask_clip.arms.0.cells.0.authority	s:gov
mask_clip.arms.0.cells.0.masked	s:fuel
mask_clip.arms.0.cells.0.mask_leak	f:0000000000000000
mask_clip.arms.0.cells.0.c1	f:40ada34f99af66ed
mask_clip.arms.0.cells.0.c0	f:bed3c02fc2a792d2
mask_clip.arms.0.cells.0.zeros	i:1
mask_clip.arms.0.cells.0.cyc	f:0000000000000000
mask_clip.arms.0.cells.1	keys:9
mask_clip.arms.0.cells.1.s	f:3fd147ae147ae14a
mask_clip.arms.0.cells.1.phi	f:3fe8bcbbbdf2b821
mask_clip.arms.0.cells.1.authority	s:gov
mask_clip.arms.0.cells.1.masked	s:fuel
mask_clip.arms.0.cells.1.mask_leak	f:0000000000000000
mask_clip.arms.0.cells.1.c1	f:40ada57a77292adc
mask_clip.arms.0.cells.1.c0	f:bed8e1c6455e0359
mask_clip.arms.0.cells.1.zeros	i:1
mask_clip.arms.0.cells.1.cyc	f:0000000000000000
mask_clip.arms.0.cells.2	keys:9
mask_clip.arms.0.cells.2.s	f:3fd1eb851eb851ee
mask_clip.arms.0.cells.2.phi	f:3fe8bd837943989d
mask_clip.arms.0.cells.2.authority	s:gov
mask_clip.arms.0.cells.2.masked	s:fuel
mask_clip.arms.0.cells.2.mask_leak	f:0000000000000000
mask_clip.arms.0.cells.2.c1	f:40ada799f2c1a754
mask_clip.arms.0.cells.2.c0	f:bebf8b337ce28372
mask_clip.arms.0.cells.2.zeros	i:1
mask_clip.arms.0.cells.2.cyc	f:0000000000000000
mask_clip.arms.0.cells.3	keys:9
mask_clip.arms.0.cells.3.s	f:3fd28f5c28f5c292
mask_clip.arms.0.cells.3.phi	f:3fe8be1ac138a14f
mask_clip.arms.0.cells.3.authority	s:gov
mask_clip.arms.0.cells.3.masked	s:fuel
mask_clip.arms.0.cells.3.mask_leak	f:0000000000000000
mask_clip.arms.0.cells.3.c1	f:40ada9af04cb5ac4
mask_clip.arms.0.cells.3.c0	f:bed4982693b9551a
mask_clip.arms.0.cells.3.zeros	i:1
mask_clip.arms.0.cells.3.cyc	f:0000000000000000
mask_clip.arms.0.cells.4	keys:9
mask_clip.arms.0.cells.4.s	f:3fd3333333333336
mask_clip.arms.0.cells.4.phi	f:3fe8be89be56f92c
mask_clip.arms.0.cells.4.authority	s:gov
mask_clip.arms.0.cells.4.masked	s:fuel
mask_clip.arms.0.cells.4.mask_leak	f:0000000000000000
mask_clip.arms.0.cells.4.c1	f:40adabba83329941
mask_clip.arms.0.cells.4.c0	f:3ec2637e82626f12
mask_clip.arms.0.cells.4.zeros	i:1
mask_clip.arms.0.cells.4.cyc	f:0000000000000000
mask_clip.arms.0.cells.5	keys:9
mask_clip.arms.0.cells.5.s	f:3fd3d70a3d70a3da
mask_clip.arms.0.cells.5.phi	f:3fe8bed751b92a6d
mask_clip.arms.0.cells.5.authority	s:gov
mask_clip.arms.0.cells.5.masked	s:fuel
mask_clip.arms.0.cells.5.mask_leak	f:0000000000000000
mask_clip.arms.0.cells.5.c1	f:40adadbd23fa07c1
mask_clip.arms.0.cells.5.c0	f:becbce5b1dfb14bf
mask_clip.arms.0.cells.5.zeros	i:1
mask_clip.arms.0.cells.5.cyc	f:0000000000000000
mask_clip.arms.0.cells.6	keys:9
mask_clip.arms.0.cells.6.s	f:3fd47ae147ae147e
mask_clip.arms.0.cells.6.phi	f:3fe8bf094266bfb8
mask_clip.arms.0.cells.6.authority	s:gov
mask_clip.arms.0.cells.6.masked	s:fuel
mask_clip.arms.0.cells.6.mask_leak	f:0000000000000000
mask_clip.arms.0.cells.6.c1	f:40adafb78426706d
mask_clip.arms.0.cells.6.c0	f:bea1ec9515f7c858
mask_clip.arms.0.cells.6.zeros	i:1
mask_clip.arms.0.cells.6.cyc	f:0000000000000000
mask_clip.arms.0.cells.7	keys:9
mask_clip.arms.0.cells.7.s	f:3fd51eb851eb8522
mask_clip.arms.0.cells.7.phi	f:3fe8bf2466a1eed3
mask_clip.arms.0.cells.7.authority	s:gov
mask_clip.arms.0.cells.7.masked	s:fuel
mask_clip.arms.0.cells.7.mask_leak	f:0000000000000000
mask_clip.arms.0.cells.7.c1	f:40adb1aa29273a8b
mask_clip.arms.0.cells.7.c0	f:bed527066494c15c
mask_clip.arms.0.cells.7.zeros	i:1
mask_clip.arms.0.cells.7.cyc	f:0000000000000000
mask_clip.arms.0.cells.8	keys:9
mask_clip.arms.0.cells.8.s	f:3fd5c28f5c28f5c6
mask_clip.arms.0.cells.8.phi	f:3fe8bf2cc88fcd64
mask_clip.arms.0.cells.8.authority	s:gov
mask_clip.arms.0.cells.8.masked	s:fuel
mask_clip.arms.0.cells.8.mask_leak	f:0000000000000000
mask_clip.arms.0.cells.8.c1	f:40adb3958649e99b
mask_clip.arms.0.cells.8.c0	f:bebcb6a99d59452e
mask_clip.arms.0.cells.8.zeros	i:1
mask_clip.arms.0.cells.8.cyc	f:0000000000000000
mask_clip.arms.0.cells.9	keys:9
mask_clip.arms.0.cells.9.s	f:3fd666666666666a
mask_clip.arms.0.cells.9.phi	f:3fe8bf25c62e6360
mask_clip.arms.0.cells.9.authority	s:gov
mask_clip.arms.0.cells.9.masked	s:fuel
mask_clip.arms.0.cells.9.mask_leak	f:0000000000000000
mask_clip.arms.0.cells.9.c1	f:40adb579fde6b7ed
mask_clip.arms.0.cells.9.c0	f:bec5201f7d16792c
mask_clip.arms.0.cells.9.zeros	i:1
mask_clip.arms.0.cells.9.cyc	f:0000000000000000
mask_clip.arms.0.cells.10	keys:9
mask_clip.arms.0.cells.10.s	f:3fd70a3d70a3d70e
mask_clip.arms.0.cells.10.phi	f:3fe8bf122cd9b7ee
mask_clip.arms.0.cells.10.authority	s:gov
mask_clip.arms.0.cells.10.masked	s:fuel
mask_clip.arms.0.cells.10.mask_leak	f:0000000000000000
mask_clip.arms.0.cells.10.c1	f:40adb757e558099f
mask_clip.arms.0.cells.10.c0	f:beb61ad47b223ddd
mask_clip.arms.0.cells.10.zeros	i:1
mask_clip.arms.0.cells.10.cyc	f:0000000000000000
mask_clip.arms.0.cells.11	keys:9
mask_clip.arms.0.cells.11.s	f:3fd7ae147ae147b2
mask_clip.arms.0.cells.11.phi	f:3fe8bef450c6fe63
mask_clip.arms.0.cells.11.authority	s:gov
mask_clip.arms.0.cells.11.masked	s:fuel
mask_clip.arms.0.cells.11.mask_leak	f:0000000000000000
mask_clip.arms.0.cells.11.c1	f:40adb92f86397167
mask_clip.arms.0.cells.11.c0	f:beb9b8ad9abbafeb
mask_clip.arms.0.cells.11.zeros	i:1
mask_clip.arms.0.cells.11.cyc	f:0000000000000000
mask_clip.arms.1	keys:9
mask_clip.arms.1.taus	len:4
mask_clip.arms.1.taus.0	f:3fa999999999999a
mask_clip.arms.1.taus.1	f:3fa999999999999a
mask_clip.arms.1.taus.2	f:3fa999999999999a
mask_clip.arms.1.taus.3	f:3fa999999999999a
mask_clip.arms.1.riding4_valid	b:1
mask_clip.arms.1.max_Tt4	f:4094050de9a9568f
mask_clip.arms.1.n_riding	i:23
mask_clip.arms.1.n_sampled	i:12
mask_clip.arms.1.n_interior	i:12
mask_clip.arms.1.skipped	keys:2
mask_clip.arms.1.skipped.switch	i:0
mask_clip.arms.1.skipped.regime	i:0
mask_clip.arms.1.by_authority	keys:1
mask_clip.arms.1.by_authority.gov	keys:4
mask_clip.arms.1.by_authority.gov.n	i:12
mask_clip.arms.1.by_authority.gov.max_cyc	f:0000000000000000
mask_clip.arms.1.by_authority.gov.max_leak	f:0000000000000000
mask_clip.arms.1.by_authority.gov.zeros	len:1
mask_clip.arms.1.by_authority.gov.zeros.0	i:1
mask_clip.arms.1.cells	len:12
mask_clip.arms.1.cells.0	keys:9
mask_clip.arms.1.cells.0.s	f:3fd0a3d70a3d70a6
mask_clip.arms.1.cells.0.phi	f:3fe8bbb9ef8783e2
mask_clip.arms.1.cells.0.authority	s:gov
mask_clip.arms.1.cells.0.masked	s:fuel
mask_clip.arms.1.cells.0.mask_leak	f:0000000000000000
mask_clip.arms.1.cells.0.c1	f:40cda34f99c71a65
mask_clip.arms.1.cells.0.c0	f:bef3c031c38c6c32
mask_clip.arms.1.cells.0.zeros	i:1
mask_clip.arms.1.cells.0.cyc	f:0000000000000000
mask_clip.arms.1.cells.1	keys:9
mask_clip.arms.1.cells.1.s	f:3fd147ae147ae14a
mask_clip.arms.1.cells.1.phi	f:3fe8bcbbbdf2b821
mask_clip.arms.1.cells.1.authority	s:gov
mask_clip.arms.1.cells.1.masked	s:fuel
mask_clip.arms.1.cells.1.mask_leak	f:0000000000000000
mask_clip.arms.1.cells.1.c1	f:40cda57a7747067d
mask_clip.arms.1.cells.1.c0	f:bef8e1b863c53b35
mask_clip.arms.1.cells.1.zeros	i:1
mask_clip.arms.1.cells.1.cyc	f:0000000000000000
mask_clip.arms.1.cells.2	keys:9
mask_clip.arms.1.cells.2.s	f:3fd1eb851eb851ee
mask_clip.arms.1.cells.2.phi	f:3fe8bd837943989d
mask_clip.arms.1.cells.2.authority	s:gov
mask_clip.arms.1.cells.2.masked	s:fuel
mask_clip.arms.1.cells.2.mask_leak	f:0000000000000000
mask_clip.arms.1.cells.2.c1	f:40cda799f2cb1de3
mask_clip.arms.1.cells.2.c0	f:bedf8b39aef10ab5
mask_clip.arms.1.cells.2.zeros	i:1
mask_clip.arms.1.cells.2.cyc	f:0000000000000000
mask_clip.arms.1.cells.3	keys:9
mask_clip.arms.1.cells.3.s	f:3fd28f5c28f5c292
mask_clip.arms.1.cells.3.phi	f:3fe8be1ac138a14f
mask_clip.arms.1.cells.3.authority	s:gov
mask_clip.arms.1.cells.3.masked	s:fuel
mask_clip.arms.1.cells.3.mask_leak	f:0000000000000000
mask_clip.arms.1.cells.3.c1	f:40cda9af04e41150
mask_clip.arms.1.cells.3.c0	f:bef4982630503752
mask_clip.arms.1.cells.3.zeros	i:1
mask_clip.arms.1.cells.3.cyc	f:0000000000000000
mask_clip.arms.1.cells.4	keys:9
mask_clip.arms.1.cells.4.s	f:3fd3333333333336
mask_clip.arms.1.cells.4.phi	f:3fe8be89be56f92c
mask_clip.arms.1.cells.4.authority	s:gov
mask_clip.arms.1.cells.4.masked	s:fuel
mask_clip.arms.1.cells.4.mask_leak	f:0000000000000000
mask_clip.arms.1.cells.4.c1	f:40cdabba832790b0
mask_clip.arms.1.cells.4.c0	f:3ee2638e62a320f0
mask_clip.arms.1.cells.4.zeros	i:1
mask_clip.arms.1.cells.4.cyc	f:0000000000000000
mask_clip.arms.1.cells.5	keys:9
mask_clip.arms.1.cells.5.s	f:3fd3d70a3d70a3da
mask_clip.arms.1.cells.5.phi	f:3fe8bed751b92a6d
mask_clip.arms.1.cells.5.authority	s:gov
mask_clip.arms.1.cells.5.masked	s:fuel
mask_clip.arms.1.cells.5.mask_leak	f:0000000000000000
mask_clip.arms.1.cells.5.c1	f:40cdadbd240ab6bf
mask_clip.arms.1.cells.5.c0	f:beebce5967d31fc8
mask_clip.arms.1.cells.5.zeros	i:1
mask_clip.arms.1.cells.5.cyc	f:0000000000000000
mask_clip.arms.1.cells.6	keys:9
mask_clip.arms.1.cells.6.s	f:3fd47ae147ae147e
mask_clip.arms.1.cells.6.phi	f:3fe8bf094266bfb8
mask_clip.arms.1.cells.6.authority	s:gov
mask_clip.arms.1.cells.6.masked	s:fuel
mask_clip.arms.1.cells.6.mask_leak	f:0000000000000000
mask_clip.arms.1.cells.6.c1	f:40cdafb7842920c0
mask_clip.arms.1.cells.6.c0	f:bec1ecc5b2d101c5
mask_clip.arms.1.cells.6.zeros	i:1
mask_clip.arms.1.cells.6.cyc	f:0000000000000000
mask_clip.arms.1.cells.7	keys:9
mask_clip.arms.1.cells.7.s	f:3fd51eb851eb8522
mask_clip.arms.1.cells.7.phi	f:3fe8bf2466a1eed3
mask_clip.arms.1.cells.7.authority	s:gov
mask_clip.arms.1.cells.7.masked	s:fuel
mask_clip.arms.1.cells.7.mask_leak	f:0000000000000000
mask_clip.arms.1.cells.7.c1	f:40cdb1aa29409c94
mask_clip.arms.1.cells.7.c0	f:bef5270743078434
mask_clip.arms.1.cells.7.zeros	i:1
mask_clip.arms.1.cells.7.cyc	f:0000000000000000
mask_clip.arms.1.cells.8	keys:9
mask_clip.arms.1.cells.8.s	f:3fd5c28f5c28f5c6
mask_clip.arms.1.cells.8.phi	f:3fe8bf2cc88fcd64
mask_clip.arms.1.cells.8.authority	s:gov
mask_clip.arms.1.cells.8.masked	s:fuel
mask_clip.arms.1.cells.8.mask_leak	f:0000000000000000
mask_clip.arms.1.cells.8.c1	f:40cdb395865286d1
mask_clip.arms.1.cells.8.c0	f:bedcb6b242fc9821
mask_clip.arms.1.cells.8.zeros	i:1
mask_clip.arms.1.cells.8.cyc	f:0000000000000000
mask_clip.arms.1.cells.9	keys:9
mask_clip.arms.1.cells.9.s	f:3fd666666666666a
mask_clip.arms.1.cells.9.phi	f:3fe8bf25c62e6360
mask_clip.arms.1.cells.9.authority	s:gov
mask_clip.arms.1.cells.9.masked	s:fuel
mask_clip.arms.1.cells.9.mask_leak	f:0000000000000000
mask_clip.arms.1.cells.9.c1	f:40cdb579fdf364c3
mask_clip.arms.1.cells.9.c0	f:bee5201087756dbf
mask_clip.arms.1.cells.9.zeros	i:1
mask_clip.arms.1.cells.9.cyc	f:0000000000000000
mask_clip.arms.1.cells.10	keys:9
mask_clip.arms.1.cells.10.s	f:3fd70a3d70a3d70e
mask_clip.arms.1.cells.10.phi	f:3fe8bf122cd9b7ee
mask_clip.arms.1.cells.10.authority	s:gov
mask_clip.arms.1.cells.10.masked	s:fuel
mask_clip.arms.1.cells.10.mask_leak	f:0000000000000000
mask_clip.arms.1.cells.10.c1	f:40cdb757e55eab4d
mask_clip.arms.1.cells.10.c0	f:bed61add2f0bbf70
mask_clip.arms.1.cells.10.zeros	i:1
mask_clip.arms.1.cells.10.cyc	f:0000000000000000
mask_clip.arms.1.cells.11	keys:9
mask_clip.arms.1.cells.11.s	f:3fd7ae147ae147b2
mask_clip.arms.1.cells.11.phi	f:3fe8bef450c6fe63
mask_clip.arms.1.cells.11.authority	s:gov
mask_clip.arms.1.cells.11.masked	s:fuel
mask_clip.arms.1.cells.11.mask_leak	f:0000000000000000
mask_clip.arms.1.cells.11.c1	f:40cdb92f864128bd
mask_clip.arms.1.cells.11.c0	f:bed9b89f0795eeea
mask_clip.arms.1.cells.11.zeros	i:1
mask_clip.arms.1.cells.11.cyc	f:0000000000000000
mask_clip.vacuous	b:1
mask_clip.n_fuel_interior	i:0
mask_clip.n_gov_interior	i:24
mask_clip.all_differenced	b:1
mask_clip.ever_two_authorities	b:0
mask_clip.max_mask_leak	f:0000000000000000
mask_clip.cyc_fuel_auth	n
mask_clip.cyc_gov_auth	f:0000000000000000
mask_clip.zeros_fuel_auth	len:0
mask_clip.zeros_gov_auth	len:1
mask_clip.zeros_gov_auth.0	i:1
mask_clip@rig	keys:2
mask_clip@rig.lag_coord	s:demand
mask_clip@rig.sm_air	n
