# slice AA step 4 -- rung 68 ORACLE, the SUITE's grid, uncoarsened. key<TAB>u64 (floats are IEEE-754 bits).
A/0/three/npts	341
A/0/three/0/nkeys	20
A/0/three/0/Tt4	4652007308841189378
A/0/three/0/b	4585439236324657495
A/0/three/0/b_cmd	4585439236324657495
A/0/three/0/branch	13126223303132988745
A/0/three/0/f	4580382169689562672
A/0/three/0/g	0
A/0/three/0/ic_iters	1
A/0/three/0/ic_res	0
A/0/three/0/mdot_air	4603364550124398404
A/0/three/0/mf	4576598004192639869
A/0/three/0/mf_sched	4576598004192639869
A/0/three/0/nu_hp	4605292294839495533
A/0/three/0/nu_lp	4604908498284992449
A/0/three/0/phi_hp	4606680258087474445
A/0/three/0/phi_lp	4605380978949069210
A/0/three/0/pi_hpc	4616236729973011810
A/0/three/0/pi_lpc	4611845222978564899
A/0/three/0/required	0
A/0/three/0/s	0
A/0/three/0/sp_thrust	4646329581975695664
A/0/three/37/nkeys	20
A/0/three/37/Tt4	4653077036033534247
A/0/three/37/b	4589435769104193934
A/0/three/37/b_cmd	4589917848368267852
A/0/three/37/branch	13126223303132988745
A/0/three/37/f	4582229255346334846
A/0/three/37/g	4566002472354597879
A/0/three/37/ic_iters	1
A/0/three/37/ic_res	0
A/0/three/37/mdot_air	4603230552113534443
A/0/three/37/mf	4578530791146665185
A/0/three/37/mf_sched	4579575747328622176
A/0/three/37/nu_hp	4605361233077531828
A/0/three/37/nu_lp	4604983962092839773
A/0/three/37/phi_hp	4606288967390412645
A/0/three/37/phi_lp	4605337083206841174
A/0/three/37/pi_hpc	4616531189274669838
A/0/three/37/pi_lpc	4611922959131830820
A/0/three/37/required	4567343199476699016
A/0/three/37/s	4595833347739043761
A/0/three/37/sp_thrust	4647856159753186536
A/0/three/74/nkeys	20
A/0/three/74/Tt4	4654130689183813076
A/0/three/74/b	4590351724507034863
A/0/three/74/b_cmd	4590347710055718825
A/0/three/74/branch	13126223303132988745
A/0/three/74/f	4584232931659553684
A/0/three/74/g	4568379120888627846
A/0/three/74/ic_iters	1
A/0/three/74/ic_res	0
A/0/three/74/mdot_air	4603343660240199022
A/0/three/74/mf	4580578068454910033
A/0/three/74/mf_sched	4581357155750199458
A/0/three/74/nu_hp	4605551654123715886
A/0/three/74/nu_lp	4605189021532807908
A/0/three/74/phi_hp	4606038501690355160
A/0/three/74/phi_lp	4605381345476375961
A/0/three/74/pi_hpc	4616930042955928650
A/0/three/74/pi_lpc	4612113922601978158
A/0/three/74/required	4568368900247080080
A/0/three/74/s	4600336947366414258
A/0/three/74/sp_thrust	4648786189731918786
A/0/three/111/nkeys	20
A/0/three/111/Tt4	4654842853167080029
A/0/three/111/b	4588050076252138813
A/0/three/111/b_cmd	4585547443708413828
A/0/three/111/branch	13126223303132988745
A/0/three/111/f	4585088733140530125
A/0/three/111/g	4566664131484733003
A/0/three/111/ic_iters	1
A/0/three/111/ic_res	0
A/0/three/111/mdot_air	4603824426943399852
A/0/three/111/mf	4581838676205201482
A/0/three/111/mf_sched	4582403389825004051
A/0/three/111/nu_hp	4605864081515116009
A/0/three/111/nu_lp	4605533922265954665
A/0/three/111/phi_hp	4606050733232025758
A/0/three/111/phi_lp	4605490415987082715
A/0/three/111/pi_hpc	4617365136347402163
A/0/three/111/pi_lpc	4612451287076965972
A/0/three/111/required	4553929308012982912
A/0/three/111/s	4603174215131657670
A/0/three/111/sp_thrust	4649502257875307799
A/0/three/148/nkeys	20
A/0/three/148/Tt4	4654643372787022222
A/0/three/148/b	4569017506476671378
A/0/three/148/b_cmd	0
A/0/three/148/branch	13126223303132988745
A/0/three/148/f	4584809998989513179
A/0/three/148/g	4558445061168840071
A/0/three/148/ic_iters	1
A/0/three/148/ic_res	0
A/0/three/148/mdot_air	4604549531641483070
A/0/three/148/mf	4582237582390714407
A/0/three/148/mf_sched	4582403389825004051
A/0/three/148/nu_hp	4606161398679001290
A/0/three/148/nu_lp	4605888209511754398
A/0/three/148/phi_hp	4606339502753855340
A/0/three/148/phi_lp	4605641364112330155
A/0/three/148/pi_hpc	4617581595617572027
A/0/three/148/pi_lpc	4612818031709578139
A/0/three/148/required	0
A/0/three/148/s	4604840546993784755
A/0/three/148/sp_thrust	4649520369961268008
A/0/three/185/nkeys	20
A/0/three/185/Tt4	4654392823376480172
A/0/three/185/b	4545064520238797961
A/0/three/185/b_cmd	0
A/0/three/185/branch	13126223303132988745
A/0/three/185/f	4584349034637941624
A/0/three/185/g	4550314808571908611
A/0/three/185/ic_iters	1
A/0/three/185/ic_res	0
A/0/three/185/mdot_air	4605116119764420151
A/0/three/185/mf	4582355086820667503
A/0/three/185/mf_sched	4582403389825004051
A/0/three/185/nu_hp	4606381490749155546
A/0/three/185/nu_lp	4606161566604272970
A/0/three/185/phi_hp	4606586075282557250
A/0/three/185/phi_lp	4606003914822634370
A/0/three/185/pi_hpc	4617730417370893827
A/0/three/185/pi_lpc	4613046671036142017
A/0/three/185/required	0
A/0/three/185/s	4606506878855911840
A/0/three/185/sp_thrust	4649431467014817759
A/0/three/222/nkeys	20
A/0/three/222/Tt4	4654209203236907255
A/0/three/222/b	4521208420870536839
A/0/three/222/b_cmd	0
A/0/three/222/branch	13126223303132988745
A/0/three/222/f	4583913188655846660
A/0/three/222/g	4542329497350031070
A/0/three/222/ic_iters	1
A/0/three/222/ic_res	0
A/0/three/222/mdot_air	4605519887392953590
A/0/three/222/mf	4582389318198855728
A/0/three/222/mf_sched	4582403389825004051
A/0/three/222/nu_hp	4606532252123397388
A/0/three/222/nu_lp	4606350658272345724
A/0/three/222/phi_hp	4606757689960322576
A/0/three/222/phi_lp	4606267140905223859
A/0/three/222/pi_hpc	4617824914966505755
A/0/three/222/pi_lpc	4613198857433159749
A/0/three/222/required	0
A/0/three/222/s	4607677814759028155
A/0/three/222/sp_thrust	4649351670571394476
A/0/three/259/nkeys	20
A/0/three/259/Tt4	4654088240210157109
A/0/three/259/b	4496894027073117486
A/0/three/259/b_cmd	0
A/0/three/259/branch	13126223303132988745
A/0/three/259/f	4583626972325252934
A/0/three/259/g	4534513083352762766
A/0/three/259/ic_iters	1
A/0/three/259/ic_res	0
A/0/three/259/mdot_air	4605794925625658363
A/0/three/259/mf	4582399290480352970
A/0/three/259/mf_sched	4582403389825004051
A/0/three/259/nu_hp	4606632242006384971
A/0/three/259/nu_lp	4606477870130140864
A/0/three/259/phi_hp	4606870511466189156
A/0/three/259/phi_lp	4606441521170012137
A/0/three/259/pi_hpc	4617884454835670966
A/0/three/259/pi_lpc	4613300448545396880
A/0/three/259/required	0
A/0/three/259/s	4608510980690091679
A/0/three/259/sp_thrust	4649295562020260313
A/0/three/296/nkeys	20
A/0/three/296/Tt4	4654010585751500868
A/0/three/296/b	4472954800631571360
A/0/three/296/b_cmd	0
A/0/three/296/branch	13126223303132988745
A/0/three/296/f	4583443057184588343
A/0/three/296/g	4526505553674877109
A/0/three/296/ic_iters	1
A/0/three/296/ic_res	0
A/0/three/296/mdot_air	4605978277341177013
A/0/three/296/mf	4582402195604350999
A/0/three/296/mf_sched	4582403389825004051
A/0/three/296/nu_hp	4606697551204721046
A/0/three/296/nu_lp	4606562562382667409
A/0/three/296/phi_hp	4606943347169763992
A/0/three/296/phi_lp	4606554952889293617
A/0/three/296/pi_hpc	4617921842104478738
A/0/three/296/pi_lpc	4613368203125151548
A/0/three/296/required	0
A/0/three/296/s	4609344146621155203
A/0/three/296/sp_thrust	4649258531594046517
A/0/three/333/nkeys	20
A/0/three/333/Tt4	4653960919131792937
A/0/three/333/b	4449068347971062157
A/0/three/333/b_cmd	0
A/0/three/333/branch	13126223303132988745
A/0/three/333/f	4583325209692304989
A/0/three/333/g	4518306824078345513
A/0/three/333/ic_iters	1
A/0/three/333/ic_res	0
A/0/three/333/mdot_air	4606099194814665488
A/0/three/333/mf	4582403041924768876
A/0/three/333/mf_sched	4582403389825004051
A/0/three/333/nu_hp	4606739836924793929
A/0/three/333/nu_lp	4606618696481309850
A/0/three/333/phi_hp	4606990072461519039
A/0/three/333/phi_lp	4606628232999769420
A/0/three/333/pi_hpc	4617945145555929005
A/0/three/333/pi_lpc	4613413455952069711
A/0/three/333/required	0
A/0/three/333/s	4610177312552218727
A/0/three/333/sp_thrust	4649234537599794349
A/0/three/340/nkeys	20
A/0/three/340/Tt4	4653953767460529517
A/0/three/340/b	4444506573326683796
A/0/three/340/b_cmd	0
A/0/three/340/branch	13126223303132988745
A/0/three/340/f	4583308220674558045
A/0/three/340/g	4517120595147640707
A/0/three/340/ic_iters	1
A/0/three/340/ic_res	0
A/0/three/340/mdot_air	4606116875210130695
A/0/three/340/mf	4582403114326437010
A/0/three/340/mf_sched	4582403389825004051
A/0/three/340/nu_hp	4606745949429330895
A/0/three/340/nu_lp	4606626947173391334
A/0/three/340/phi_hp	4606996798004666865
A/0/three/340/phi_lp	4606638823453773104
A/0/three/340/pi_hpc	4617948428538480556
A/0/three/340/pi_lpc	4613420152670649889
A/0/three/340/required	0
A/0/three/340/s	4610334938539176691
A/0/three/340/sp_thrust	4649231066341535152
A/0/two/npts	341
A/0/two/0/nkeys	20
A/0/two/0/Tt4	4652007308841189378
A/0/two/0/b	4585439236324657495
A/0/two/0/b_cmd	4585439236324657495
A/0/two/0/branch	13126223303132988745
A/0/two/0/f	4580382169689562672
A/0/two/0/g	0
A/0/two/0/ic_iters	1
A/0/two/0/ic_res	0
A/0/two/0/mdot_air	4603364550124398404
A/0/two/0/mf	4576598004192639869
A/0/two/0/mf_sched	4576598004192639869
A/0/two/0/nu_hp	4605292294839495533
A/0/two/0/nu_lp	4604908498284992449
A/0/two/0/phi_hp	4606680258087474445
A/0/two/0/phi_lp	4605380978949069210
A/0/two/0/pi_hpc	4616236729973011810
A/0/two/0/pi_lpc	4611845222978564899
A/0/two/0/required	0
A/0/two/0/s	0
A/0/two/0/sp_thrust	4646329581975695664
A/0/two/37/nkeys	20
A/0/two/37/Tt4	4653077036033534247
A/0/two/37/b	4589435769104193934
A/0/two/37/b_cmd	4589917848368267852
A/0/two/37/branch	13126223303132988745
A/0/two/37/f	4582229255346334846
A/0/two/37/g	4566002472354597879
A/0/two/37/ic_iters	1
A/0/two/37/ic_res	0
A/0/two/37/mdot_air	4603230552113534443
A/0/two/37/mf	4578530791146665185
A/0/two/37/mf_sched	4579575747328622176
A/0/two/37/nu_hp	4605361233077531828
A/0/two/37/nu_lp	4604983962092839773
A/0/two/37/phi_hp	4606288967390412645
A/0/two/37/phi_lp	4605337083206841174
A/0/two/37/pi_hpc	4616531189274669838
A/0/two/37/pi_lpc	4611922959131830820
A/0/two/37/required	4567343199476699016
A/0/two/37/s	4595833347739043761
A/0/two/37/sp_thrust	4647856159753186536
A/0/two/74/nkeys	20
A/0/two/74/Tt4	4654130689183813076
A/0/two/74/b	4590351724507034863
A/0/two/74/b_cmd	4590347710055718825
A/0/two/74/branch	13126223303132988745
A/0/two/74/f	4584232931659553684
A/0/two/74/g	4568379120888627846
A/0/two/74/ic_iters	1
A/0/two/74/ic_res	0
A/0/two/74/mdot_air	4603343660240199022
A/0/two/74/mf	4580578068454910033
A/0/two/74/mf_sched	4581357155750199458
A/0/two/74/nu_hp	4605551654123715886
A/0/two/74/nu_lp	4605189021532807908
A/0/two/74/phi_hp	4606038501690355160
A/0/two/74/phi_lp	4605381345476375961
A/0/two/74/pi_hpc	4616930042955928650
A/0/two/74/pi_lpc	4612113922601978158
A/0/two/74/required	4568368900247080080
A/0/two/74/s	4600336947366414258
A/0/two/74/sp_thrust	4648786189731918786
A/0/two/111/nkeys	20
A/0/two/111/Tt4	4654842853167080029
A/0/two/111/b	4588050076252138813
A/0/two/111/b_cmd	4585547443708413828
A/0/two/111/branch	13126223303132988745
A/0/two/111/f	4585088733140530125
A/0/two/111/g	4566664131484733003
A/0/two/111/ic_iters	1
A/0/two/111/ic_res	0
A/0/two/111/mdot_air	4603824426943399852
A/0/two/111/mf	4581838676205201482
A/0/two/111/mf_sched	4582403389825004051
A/0/two/111/nu_hp	4605864081515116009
A/0/two/111/nu_lp	4605533922265954665
A/0/two/111/phi_hp	4606050733232025758
A/0/two/111/phi_lp	4605490415987082715
A/0/two/111/pi_hpc	4617365136347402163
A/0/two/111/pi_lpc	4612451287076965972
A/0/two/111/required	4553929308012982912
A/0/two/111/s	4603174215131657670
A/0/two/111/sp_thrust	4649502257875307799
A/0/two/148/nkeys	20
A/0/two/148/Tt4	4654643372787022222
A/0/two/148/b	4569017506476671378
A/0/two/148/b_cmd	0
A/0/two/148/branch	13126223303132988745
A/0/two/148/f	4584809998989513179
A/0/two/148/g	4558445061168840071
A/0/two/148/ic_iters	1
A/0/two/148/ic_res	0
A/0/two/148/mdot_air	4604549531641483070
A/0/two/148/mf	4582237582390714407
A/0/two/148/mf_sched	4582403389825004051
A/0/two/148/nu_hp	4606161398679001290
A/0/two/148/nu_lp	4605888209511754398
A/0/two/148/phi_hp	4606339502753855340
A/0/two/148/phi_lp	4605641364112330155
A/0/two/148/pi_hpc	4617581595617572027
A/0/two/148/pi_lpc	4612818031709578139
A/0/two/148/required	0
A/0/two/148/s	4604840546993784755
A/0/two/148/sp_thrust	4649520369961268008
A/0/two/185/nkeys	20
A/0/two/185/Tt4	4654392823376480172
A/0/two/185/b	4545064520238797961
A/0/two/185/b_cmd	0
A/0/two/185/branch	13126223303132988745
A/0/two/185/f	4584349034637941624
A/0/two/185/g	4550314808571908611
A/0/two/185/ic_iters	1
A/0/two/185/ic_res	0
A/0/two/185/mdot_air	4605116119764420151
A/0/two/185/mf	4582355086820667503
A/0/two/185/mf_sched	4582403389825004051
A/0/two/185/nu_hp	4606381490749155546
A/0/two/185/nu_lp	4606161566604272970
A/0/two/185/phi_hp	4606586075282557250
A/0/two/185/phi_lp	4606003914822634370
A/0/two/185/pi_hpc	4617730417370893827
A/0/two/185/pi_lpc	4613046671036142017
A/0/two/185/required	0
A/0/two/185/s	4606506878855911840
A/0/two/185/sp_thrust	4649431467014817759
A/0/two/222/nkeys	20
A/0/two/222/Tt4	4654209203236907255
A/0/two/222/b	4521208420870536839
A/0/two/222/b_cmd	0
A/0/two/222/branch	13126223303132988745
A/0/two/222/f	4583913188655846660
A/0/two/222/g	4542329497350031070
A/0/two/222/ic_iters	1
A/0/two/222/ic_res	0
A/0/two/222/mdot_air	4605519887392953590
A/0/two/222/mf	4582389318198855728
A/0/two/222/mf_sched	4582403389825004051
A/0/two/222/nu_hp	4606532252123397388
A/0/two/222/nu_lp	4606350658272345724
A/0/two/222/phi_hp	4606757689960322576
A/0/two/222/phi_lp	4606267140905223859
A/0/two/222/pi_hpc	4617824914966505755
A/0/two/222/pi_lpc	4613198857433159749
A/0/two/222/required	0
A/0/two/222/s	4607677814759028155
A/0/two/222/sp_thrust	4649351670571394476
A/0/two/259/nkeys	20
A/0/two/259/Tt4	4654088240210157109
A/0/two/259/b	4496894027073117486
A/0/two/259/b_cmd	0
A/0/two/259/branch	13126223303132988745
A/0/two/259/f	4583626972325252934
A/0/two/259/g	4534513083352762766
A/0/two/259/ic_iters	1
A/0/two/259/ic_res	0
A/0/two/259/mdot_air	4605794925625658363
A/0/two/259/mf	4582399290480352970
A/0/two/259/mf_sched	4582403389825004051
A/0/two/259/nu_hp	4606632242006384971
A/0/two/259/nu_lp	4606477870130140864
A/0/two/259/phi_hp	4606870511466189156
A/0/two/259/phi_lp	4606441521170012137
A/0/two/259/pi_hpc	4617884454835670966
A/0/two/259/pi_lpc	4613300448545396880
A/0/two/259/required	0
A/0/two/259/s	4608510980690091679
A/0/two/259/sp_thrust	4649295562020260313
A/0/two/296/nkeys	20
A/0/two/296/Tt4	4654010585751500868
A/0/two/296/b	4472954800631571360
A/0/two/296/b_cmd	0
A/0/two/296/branch	13126223303132988745
A/0/two/296/f	4583443057184588343
A/0/two/296/g	4526505553674877109
A/0/two/296/ic_iters	1
A/0/two/296/ic_res	0
A/0/two/296/mdot_air	4605978277341177013
A/0/two/296/mf	4582402195604350999
A/0/two/296/mf_sched	4582403389825004051
A/0/two/296/nu_hp	4606697551204721046
A/0/two/296/nu_lp	4606562562382667409
A/0/two/296/phi_hp	4606943347169763992
A/0/two/296/phi_lp	4606554952889293617
A/0/two/296/pi_hpc	4617921842104478738
A/0/two/296/pi_lpc	4613368203125151548
A/0/two/296/required	0
A/0/two/296/s	4609344146621155203
A/0/two/296/sp_thrust	4649258531594046517
A/0/two/333/nkeys	20
A/0/two/333/Tt4	4653960919131792937
A/0/two/333/b	4449068347971062157
A/0/two/333/b_cmd	0
A/0/two/333/branch	13126223303132988745
A/0/two/333/f	4583325209692304989
A/0/two/333/g	4518306824078345513
A/0/two/333/ic_iters	1
A/0/two/333/ic_res	0
A/0/two/333/mdot_air	4606099194814665488
A/0/two/333/mf	4582403041924768876
A/0/two/333/mf_sched	4582403389825004051
A/0/two/333/nu_hp	4606739836924793929
A/0/two/333/nu_lp	4606618696481309850
A/0/two/333/phi_hp	4606990072461519039
A/0/two/333/phi_lp	4606628232999769420
A/0/two/333/pi_hpc	4617945145555929005
A/0/two/333/pi_lpc	4613413455952069711
A/0/two/333/required	0
A/0/two/333/s	4610177312552218727
A/0/two/333/sp_thrust	4649234537599794349
A/0/two/340/nkeys	20
A/0/two/340/Tt4	4653953767460529517
A/0/two/340/b	4444506573326683796
A/0/two/340/b_cmd	0
A/0/two/340/branch	13126223303132988745
A/0/two/340/f	4583308220674558045
A/0/two/340/g	4517120595147640707
A/0/two/340/ic_iters	1
A/0/two/340/ic_res	0
A/0/two/340/mdot_air	4606116875210130695
A/0/two/340/mf	4582403114326437010
A/0/two/340/mf_sched	4582403389825004051
A/0/two/340/nu_hp	4606745949429330895
A/0/two/340/nu_lp	4606626947173391334
A/0/two/340/phi_hp	4606996798004666865
A/0/two/340/phi_lp	4606638823453773104
A/0/two/340/pi_hpc	4617948428538480556
A/0/two/340/pi_lpc	4613420152670649889
A/0/two/340/required	0
A/0/two/340/s	4610334938539176691
A/0/two/340/sp_thrust	4649231066341535152
A/0/identical	1
A/1/three/npts	341
A/1/three/0/nkeys	16
A/1/three/0/Tt4	4652007308841189378
A/1/three/0/b	4585439236324657495
A/1/three/0/b_cmd	4585439236324657495
A/1/three/0/branch	13126223303132988745
A/1/three/0/f	4580382169689562672
A/1/three/0/mdot_air	4603364550124398404
A/1/three/0/mf	4576598004192639869
A/1/three/0/mf_sched	4576598004192639869
A/1/three/0/nu_hp	4605292294839495533
A/1/three/0/nu_lp	4604908498284992449
A/1/three/0/phi_hp	4606680258087474445
A/1/three/0/phi_lp	4605380978949069210
A/1/three/0/pi_hpc	4616236729973011810
A/1/three/0/pi_lpc	4611845222978564899
A/1/three/0/s	0
A/1/three/0/sp_thrust	4646329581975695664
A/1/three/37/nkeys	16
A/1/three/37/Tt4	4652007308841189383
A/1/three/37/b	4585439236324657484
A/1/three/37/b_cmd	4585439236324657535
A/1/three/37/branch	13126223303132988745
A/1/three/37/f	4580382169689562676
A/1/three/37/mdot_air	4603364550124398404
A/1/three/37/mf	4576598004192639872
A/1/three/37/mf_sched	4579575747328622176
A/1/three/37/nu_hp	4605292294839495533
A/1/three/37/nu_lp	4604908498284992449
A/1/three/37/phi_hp	4606680258087474445
A/1/three/37/phi_lp	4605380978949069209
A/1/three/37/pi_hpc	4616236729973011810
A/1/three/37/pi_lpc	4611845222978564899
A/1/three/37/s	4595833347739043761
A/1/three/37/sp_thrust	4646329581975695670
A/1/three/74/nkeys	16
A/1/three/74/Tt4	4652007308841189369
A/1/three/74/b	4585439236324657479
A/1/three/74/b_cmd	4585439236324657475
A/1/three/74/branch	13126223303132988745
A/1/three/74/f	4580382169689562663
A/1/three/74/mdot_air	4603364550124398406
A/1/three/74/mf	4576598004192639859
A/1/three/74/mf_sched	4581357155750199458
A/1/three/74/nu_hp	4605292294839495533
A/1/three/74/nu_lp	4604908498284992449
A/1/three/74/phi_hp	4606680258087474445
A/1/three/74/phi_lp	4605380978949069210
A/1/three/74/pi_hpc	4616236729973011810
A/1/three/74/pi_lpc	4611845222978564899
A/1/three/74/s	4600336947366414258
A/1/three/74/sp_thrust	4646329581975695660
A/1/three/111/nkeys	16
A/1/three/111/Tt4	4652007308841189369
A/1/three/111/b	4585439236324657443
A/1/three/111/b_cmd	4585439236324657435
A/1/three/111/branch	13126223303132988745
A/1/three/111/f	4580382169689562664
A/1/three/111/mdot_air	4603364550124398402
A/1/three/111/mf	4576598004192639861
A/1/three/111/mf_sched	4582403389825004051
A/1/three/111/nu_hp	4605292294839495533
A/1/three/111/nu_lp	4604908498284992449
A/1/three/111/phi_hp	4606680258087474446
A/1/three/111/phi_lp	4605380978949069210
A/1/three/111/pi_hpc	4616236729973011806
A/1/three/111/pi_lpc	4611845222978564899
A/1/three/111/s	4603174215131657670
A/1/three/111/sp_thrust	4646329581975695658
A/1/three/148/nkeys	16
A/1/three/148/Tt4	4652007308841189369
A/1/three/148/b	4585439236324657440
A/1/three/148/b_cmd	4585439236324657435
A/1/three/148/branch	13126223303132988745
A/1/three/148/f	4580382169689562664
A/1/three/148/mdot_air	4603364550124398402
A/1/three/148/mf	4576598004192639861
A/1/three/148/mf_sched	4582403389825004051
A/1/three/148/nu_hp	4605292294839495533
A/1/three/148/nu_lp	4604908498284992449
A/1/three/148/phi_hp	4606680258087474446
A/1/three/148/phi_lp	4605380978949069210
A/1/three/148/pi_hpc	4616236729973011806
A/1/three/148/pi_lpc	4611845222978564899
A/1/three/148/s	4604840546993784755
A/1/three/148/sp_thrust	4646329581975695658
A/1/three/185/nkeys	16
A/1/three/185/Tt4	4652007308841189369
A/1/three/185/b	4585439236324657440
A/1/three/185/b_cmd	4585439236324657435
A/1/three/185/branch	13126223303132988745
A/1/three/185/f	4580382169689562664
A/1/three/185/mdot_air	4603364550124398402
A/1/three/185/mf	4576598004192639861
A/1/three/185/mf_sched	4582403389825004051
A/1/three/185/nu_hp	4605292294839495533
A/1/three/185/nu_lp	4604908498284992449
A/1/three/185/phi_hp	4606680258087474446
A/1/three/185/phi_lp	4605380978949069210
A/1/three/185/pi_hpc	4616236729973011806
A/1/three/185/pi_lpc	4611845222978564899
A/1/three/185/s	4606506878855911840
A/1/three/185/sp_thrust	4646329581975695658
A/1/three/222/nkeys	16
A/1/three/222/Tt4	4652007308841189369
A/1/three/222/b	4585439236324657440
A/1/three/222/b_cmd	4585439236324657435
A/1/three/222/branch	13126223303132988745
A/1/three/222/f	4580382169689562664
A/1/three/222/mdot_air	4603364550124398402
A/1/three/222/mf	4576598004192639861
A/1/three/222/mf_sched	4582403389825004051
A/1/three/222/nu_hp	4605292294839495533
A/1/three/222/nu_lp	4604908498284992449
A/1/three/222/phi_hp	4606680258087474446
A/1/three/222/phi_lp	4605380978949069210
A/1/three/222/pi_hpc	4616236729973011806
A/1/three/222/pi_lpc	4611845222978564899
A/1/three/222/s	4607677814759028155
A/1/three/222/sp_thrust	4646329581975695658
A/1/three/259/nkeys	16
A/1/three/259/Tt4	4652007308841189369
A/1/three/259/b	4585439236324657440
A/1/three/259/b_cmd	4585439236324657435
A/1/three/259/branch	13126223303132988745
A/1/three/259/f	4580382169689562664
A/1/three/259/mdot_air	4603364550124398402
A/1/three/259/mf	4576598004192639861
A/1/three/259/mf_sched	4582403389825004051
A/1/three/259/nu_hp	4605292294839495533
A/1/three/259/nu_lp	4604908498284992449
A/1/three/259/phi_hp	4606680258087474446
A/1/three/259/phi_lp	4605380978949069210
A/1/three/259/pi_hpc	4616236729973011806
A/1/three/259/pi_lpc	4611845222978564899
A/1/three/259/s	4608510980690091679
A/1/three/259/sp_thrust	4646329581975695658
A/1/three/296/nkeys	16
A/1/three/296/Tt4	4652007308841189369
A/1/three/296/b	4585439236324657440
A/1/three/296/b_cmd	4585439236324657435
A/1/three/296/branch	13126223303132988745
A/1/three/296/f	4580382169689562664
A/1/three/296/mdot_air	4603364550124398402
A/1/three/296/mf	4576598004192639861
A/1/three/296/mf_sched	4582403389825004051
A/1/three/296/nu_hp	4605292294839495533
A/1/three/296/nu_lp	4604908498284992449
A/1/three/296/phi_hp	4606680258087474446
A/1/three/296/phi_lp	4605380978949069210
A/1/three/296/pi_hpc	4616236729973011806
A/1/three/296/pi_lpc	4611845222978564899
A/1/three/296/s	4609344146621155203
A/1/three/296/sp_thrust	4646329581975695658
A/1/three/333/nkeys	16
A/1/three/333/Tt4	4652007308841189369
A/1/three/333/b	4585439236324657440
A/1/three/333/b_cmd	4585439236324657435
A/1/three/333/branch	13126223303132988745
A/1/three/333/f	4580382169689562664
A/1/three/333/mdot_air	4603364550124398402
A/1/three/333/mf	4576598004192639861
A/1/three/333/mf_sched	4582403389825004051
A/1/three/333/nu_hp	4605292294839495533
A/1/three/333/nu_lp	4604908498284992449
A/1/three/333/phi_hp	4606680258087474446
A/1/three/333/phi_lp	4605380978949069210
A/1/three/333/pi_hpc	4616236729973011806
A/1/three/333/pi_lpc	4611845222978564899
A/1/three/333/s	4610177312552218727
A/1/three/333/sp_thrust	4646329581975695658
A/1/three/340/nkeys	16
A/1/three/340/Tt4	4652007308841189369
A/1/three/340/b	4585439236324657440
A/1/three/340/b_cmd	4585439236324657435
A/1/three/340/branch	13126223303132988745
A/1/three/340/f	4580382169689562664
A/1/three/340/mdot_air	4603364550124398402
A/1/three/340/mf	4576598004192639861
A/1/three/340/mf_sched	4582403389825004051
A/1/three/340/nu_hp	4605292294839495533
A/1/three/340/nu_lp	4604908498284992449
A/1/three/340/phi_hp	4606680258087474446
A/1/three/340/phi_lp	4605380978949069210
A/1/three/340/pi_hpc	4616236729973011806
A/1/three/340/pi_lpc	4611845222978564899
A/1/three/340/s	4610334938539176691
A/1/three/340/sp_thrust	4646329581975695658
A/1/two/npts	341
A/1/two/0/nkeys	16
A/1/two/0/Tt4	4652007308841189378
A/1/two/0/b	4585439236324657495
A/1/two/0/b_cmd	4585439236324657495
A/1/two/0/branch	13126223303132988745
A/1/two/0/f	4580382169689562672
A/1/two/0/mdot_air	4603364550124398404
A/1/two/0/mf	4576598004192639869
A/1/two/0/mf_sched	4576598004192639869
A/1/two/0/nu_hp	4605292294839495533
A/1/two/0/nu_lp	4604908498284992449
A/1/two/0/phi_hp	4606680258087474445
A/1/two/0/phi_lp	4605380978949069210
A/1/two/0/pi_hpc	4616236729973011810
A/1/two/0/pi_lpc	4611845222978564899
A/1/two/0/s	0
A/1/two/0/sp_thrust	4646329581975695664
A/1/two/37/nkeys	16
A/1/two/37/Tt4	4652007308841189383
A/1/two/37/b	4585439236324657484
A/1/two/37/b_cmd	4585439236324657535
A/1/two/37/branch	13126223303132988745
A/1/two/37/f	4580382169689562676
A/1/two/37/mdot_air	4603364550124398404
A/1/two/37/mf	4576598004192639872
A/1/two/37/mf_sched	4579575747328622176
A/1/two/37/nu_hp	4605292294839495533
A/1/two/37/nu_lp	4604908498284992449
A/1/two/37/phi_hp	4606680258087474445
A/1/two/37/phi_lp	4605380978949069209
A/1/two/37/pi_hpc	4616236729973011810
A/1/two/37/pi_lpc	4611845222978564899
A/1/two/37/s	4595833347739043761
A/1/two/37/sp_thrust	4646329581975695670
A/1/two/74/nkeys	16
A/1/two/74/Tt4	4652007308841189369
A/1/two/74/b	4585439236324657479
A/1/two/74/b_cmd	4585439236324657475
A/1/two/74/branch	13126223303132988745
A/1/two/74/f	4580382169689562663
A/1/two/74/mdot_air	4603364550124398406
A/1/two/74/mf	4576598004192639859
A/1/two/74/mf_sched	4581357155750199458
A/1/two/74/nu_hp	4605292294839495533
A/1/two/74/nu_lp	4604908498284992449
A/1/two/74/phi_hp	4606680258087474445
A/1/two/74/phi_lp	4605380978949069210
A/1/two/74/pi_hpc	4616236729973011810
A/1/two/74/pi_lpc	4611845222978564899
A/1/two/74/s	4600336947366414258
A/1/two/74/sp_thrust	4646329581975695660
A/1/two/111/nkeys	16
A/1/two/111/Tt4	4652007308841189369
A/1/two/111/b	4585439236324657443
A/1/two/111/b_cmd	4585439236324657435
A/1/two/111/branch	13126223303132988745
A/1/two/111/f	4580382169689562664
A/1/two/111/mdot_air	4603364550124398402
A/1/two/111/mf	4576598004192639861
A/1/two/111/mf_sched	4582403389825004051
A/1/two/111/nu_hp	4605292294839495533
A/1/two/111/nu_lp	4604908498284992449
A/1/two/111/phi_hp	4606680258087474446
A/1/two/111/phi_lp	4605380978949069210
A/1/two/111/pi_hpc	4616236729973011806
A/1/two/111/pi_lpc	4611845222978564899
A/1/two/111/s	4603174215131657670
A/1/two/111/sp_thrust	4646329581975695658
A/1/two/148/nkeys	16
A/1/two/148/Tt4	4652007308841189369
A/1/two/148/b	4585439236324657440
A/1/two/148/b_cmd	4585439236324657435
A/1/two/148/branch	13126223303132988745
A/1/two/148/f	4580382169689562664
A/1/two/148/mdot_air	4603364550124398402
A/1/two/148/mf	4576598004192639861
A/1/two/148/mf_sched	4582403389825004051
A/1/two/148/nu_hp	4605292294839495533
A/1/two/148/nu_lp	4604908498284992449
A/1/two/148/phi_hp	4606680258087474446
A/1/two/148/phi_lp	4605380978949069210
A/1/two/148/pi_hpc	4616236729973011806
A/1/two/148/pi_lpc	4611845222978564899
A/1/two/148/s	4604840546993784755
A/1/two/148/sp_thrust	4646329581975695658
A/1/two/185/nkeys	16
A/1/two/185/Tt4	4652007308841189369
A/1/two/185/b	4585439236324657440
A/1/two/185/b_cmd	4585439236324657435
A/1/two/185/branch	13126223303132988745
A/1/two/185/f	4580382169689562664
A/1/two/185/mdot_air	4603364550124398402
A/1/two/185/mf	4576598004192639861
A/1/two/185/mf_sched	4582403389825004051
A/1/two/185/nu_hp	4605292294839495533
A/1/two/185/nu_lp	4604908498284992449
A/1/two/185/phi_hp	4606680258087474446
A/1/two/185/phi_lp	4605380978949069210
A/1/two/185/pi_hpc	4616236729973011806
A/1/two/185/pi_lpc	4611845222978564899
A/1/two/185/s	4606506878855911840
A/1/two/185/sp_thrust	4646329581975695658
A/1/two/222/nkeys	16
A/1/two/222/Tt4	4652007308841189369
A/1/two/222/b	4585439236324657440
A/1/two/222/b_cmd	4585439236324657435
A/1/two/222/branch	13126223303132988745
A/1/two/222/f	4580382169689562664
A/1/two/222/mdot_air	4603364550124398402
A/1/two/222/mf	4576598004192639861
A/1/two/222/mf_sched	4582403389825004051
A/1/two/222/nu_hp	4605292294839495533
A/1/two/222/nu_lp	4604908498284992449
A/1/two/222/phi_hp	4606680258087474446
A/1/two/222/phi_lp	4605380978949069210
A/1/two/222/pi_hpc	4616236729973011806
A/1/two/222/pi_lpc	4611845222978564899
A/1/two/222/s	4607677814759028155
A/1/two/222/sp_thrust	4646329581975695658
A/1/two/259/nkeys	16
A/1/two/259/Tt4	4652007308841189369
A/1/two/259/b	4585439236324657440
A/1/two/259/b_cmd	4585439236324657435
A/1/two/259/branch	13126223303132988745
A/1/two/259/f	4580382169689562664
A/1/two/259/mdot_air	4603364550124398402
A/1/two/259/mf	4576598004192639861
A/1/two/259/mf_sched	4582403389825004051
A/1/two/259/nu_hp	4605292294839495533
A/1/two/259/nu_lp	4604908498284992449
A/1/two/259/phi_hp	4606680258087474446
A/1/two/259/phi_lp	4605380978949069210
A/1/two/259/pi_hpc	4616236729973011806
A/1/two/259/pi_lpc	4611845222978564899
A/1/two/259/s	4608510980690091679
A/1/two/259/sp_thrust	4646329581975695658
A/1/two/296/nkeys	16
A/1/two/296/Tt4	4652007308841189369
A/1/two/296/b	4585439236324657440
A/1/two/296/b_cmd	4585439236324657435
A/1/two/296/branch	13126223303132988745
A/1/two/296/f	4580382169689562664
A/1/two/296/mdot_air	4603364550124398402
A/1/two/296/mf	4576598004192639861
A/1/two/296/mf_sched	4582403389825004051
A/1/two/296/nu_hp	4605292294839495533
A/1/two/296/nu_lp	4604908498284992449
A/1/two/296/phi_hp	4606680258087474446
A/1/two/296/phi_lp	4605380978949069210
A/1/two/296/pi_hpc	4616236729973011806
A/1/two/296/pi_lpc	4611845222978564899
A/1/two/296/s	4609344146621155203
A/1/two/296/sp_thrust	4646329581975695658
A/1/two/333/nkeys	16
A/1/two/333/Tt4	4652007308841189369
A/1/two/333/b	4585439236324657440
A/1/two/333/b_cmd	4585439236324657435
A/1/two/333/branch	13126223303132988745
A/1/two/333/f	4580382169689562664
A/1/two/333/mdot_air	4603364550124398402
A/1/two/333/mf	4576598004192639861
A/1/two/333/mf_sched	4582403389825004051
A/1/two/333/nu_hp	4605292294839495533
A/1/two/333/nu_lp	4604908498284992449
A/1/two/333/phi_hp	4606680258087474446
A/1/two/333/phi_lp	4605380978949069210
A/1/two/333/pi_hpc	4616236729973011806
A/1/two/333/pi_lpc	4611845222978564899
A/1/two/333/s	4610177312552218727
A/1/two/333/sp_thrust	4646329581975695658
A/1/two/340/nkeys	16
A/1/two/340/Tt4	4652007308841189369
A/1/two/340/b	4585439236324657440
A/1/two/340/b_cmd	4585439236324657435
A/1/two/340/branch	13126223303132988745
A/1/two/340/f	4580382169689562664
A/1/two/340/mdot_air	4603364550124398402
A/1/two/340/mf	4576598004192639861
A/1/two/340/mf_sched	4582403389825004051
A/1/two/340/nu_hp	4605292294839495533
A/1/two/340/nu_lp	4604908498284992449
A/1/two/340/phi_hp	4606680258087474446
A/1/two/340/phi_lp	4605380978949069210
A/1/two/340/pi_hpc	4616236729973011806
A/1/two/340/pi_lpc	4611845222978564899
A/1/two/340/s	4610334938539176691
A/1/two/340/sp_thrust	4646329581975695658
A/1/identical	1
A/2/three/npts	216
A/2/three/0/nkeys	16
A/2/three/0/Tt4	4652007308841189373
A/2/three/0/branch	13126223303132988745
A/2/three/0/f	4580362397098397465
A/2/three/0/g	0
A/2/three/0/mdot_air	4603437906198678369
A/2/three/0/mf	4576651860380027810
A/2/three/0/mf_sched	4576651860380027810
A/2/three/0/nu_hp	4605289037695390238
A/2/three/0/nu_lp	4604982328959340258
A/2/three/0/phi_hp	4606672101246745290
A/2/three/0/phi_lp	4605138831325119760
A/2/three/0/pi_hpc	4616194662411773451
A/2/three/0/pi_lpc	4611954934909333047
A/2/three/0/required	4567087500998909594
A/2/three/0/s	0
A/2/three/0/sp_thrust	4646376948859877908
A/2/three/37/nkeys	16
A/2/three/37/Tt4	4651486258096422500
A/2/three/37/branch	13126223303132988745
A/2/three/37/f	4579588690605627278
A/2/three/37/g	4573655389726603887
A/2/three/37/mdot_air	4603464565956213323
A/2/three/37/mf	4576106992940216108
A/2/three/37/mf_sched	4579609676726676580
A/2/three/37/nu_hp	4605264724044818044
A/2/three/37/nu_lp	4604952802694946779
A/2/three/37/phi_hp	4606791633836910642
A/2/three/37/phi_lp	4605204598012285718
A/2/three/37/pi_hpc	4616030580818405758
A/2/three/37/pi_lpc	4611915908302802718
A/2/three/37/required	4575393281603779056
A/2/three/37/s	4595833347739043761
A/2/three/37/sp_thrust	4645892522380997168
A/2/three/74/nkeys	16
A/2/three/74/Tt4	4651265027302005918
A/2/three/74/branch	13126223303132988745
A/2/three/74/f	4579200402993205529
A/2/three/74/g	4577879905430969441
A/2/three/74/mdot_air	4603422290989818530
A/2/three/74/mf	4575841209423409349
A/2/three/74/mf_sched	4581364157054559891
A/2/three/74/nu_hp	4605225891646546939
A/2/three/74/nu_lp	4604906260712753575
A/2/three/74/phi_hp	4606823424452960444
A/2/three/74/phi_lp	4605196632255275693
A/2/three/74/pi_hpc	4615914169257910219
A/2/three/74/pi_lpc	4611873525915496066
A/2/three/74/required	4578756657765251649
A/2/three/74/s	4600336947366414258
A/2/three/74/sp_thrust	4645648674996911686
A/2/three/111/nkeys	16
A/2/three/111/Tt4	4650448995973623306
A/2/three/111/branch	13126223303132988745
A/2/three/111/f	4577702848591217427
A/2/three/111/g	4580488558357908736
A/2/three/111/mdot_air	4603442182826074338
A/2/three/111/mf	4574309348022064204
A/2/three/111/mf_sched	4582403389825004051
A/2/three/111/nu_hp	4605170229581176700
A/2/three/111/nu_lp	4604839710317114669
A/2/three/111/phi_hp	4607023464036911068
A/2/three/111/phi_lp	4605293631043123805
A/2/three/111/pi_hpc	4615608186745706318
A/2/three/111/pi_lpc	4611796639078511157
A/2/three/111/required	4580682180816776750
A/2/three/111/s	4603174215131657670
A/2/three/111/sp_thrust	4644838709376102812
A/2/three/148/nkeys	16
A/2/three/148/Tt4	4649643835311093200
A/2/three/148/branch	13126223303132988745
A/2/three/148/f	4576289747906196695
A/2/three/148/g	4580925528508446802
A/2/three/148/mdot_air	4603358655864700415
A/2/three/148/mf	4572561467419911940
A/2/three/148/mf_sched	4582403389825004051
A/2/three/148/nu_hp	4605054766906002901
A/2/three/148/nu_lp	4604699064748957713
A/2/three/148/phi_hp	4607194091251723521
A/2/three/148/phi_lp	4605331772512990582
A/2/three/148/pi_hpc	4615208424633961185
A/2/three/148/pi_lpc	4611645529394475149
A/2/three/148/required	4581022661206124459
A/2/three/148/s	4604840546993784755
A/2/three/148/sp_thrust	4643932451052202696
A/2/three/185/nkeys	16
A/2/three/185/Tt4	4648981267281293402
A/2/three/185/branch	13126223303132988745
A/2/three/185/f	4574689354491094351
A/2/three/185/g	4581277841960595395
A/2/three/185/mdot_air	4603219436383184285
A/2/three/185/mf	4571150805441581696
A/2/three/185/mf_sched	4582403389825004051
A/2/three/185/nu_hp	4604914016667349281
A/2/three/185/nu_lp	4604527800499290150
A/2/three/185/phi_hp	4607266991866925181
A/2/three/185/phi_lp	4605327315122185059
A/2/three/185/pi_hpc	4614811389268400580
A/2/three/185/pi_lpc	4611356507976923975
A/2/three/185/required	4581370793624740435
A/2/three/185/s	4606506878855911840
A/2/three/185/sp_thrust	4642990647497833964
A/2/three/215/nkeys	16
A/2/three/215/Tt4	4648446847741853078
A/2/three/215/branch	13126223303132988745
A/2/three/215/f	4572923434816739973
A/2/three/215/g	4581546890999848705
A/2/three/215/mdot_air	4603094172589800938
A/2/three/215/mf	4568998413127555216
A/2/three/215/mf_sched	4582403389825004051
A/2/three/215/nu_hp	4604785964175070244
A/2/three/215/nu_lp	4604371809644619123
A/2/three/215/phi_hp	4607333006421705380
A/2/three/215/phi_lp	4605325279414727341
A/2/three/215/pi_hpc	4614469458011512358
A/2/three/215/pi_lpc	4611105012843315260
A/2/three/215/required	4581632642016792276
A/2/three/215/s	4607520188772070191
A/2/three/215/sp_thrust	4641566320248126228
A/2/two/npts	216
A/2/two/0/nkeys	16
A/2/two/0/Tt4	4652007308841189373
A/2/two/0/branch	13126223303132988745
A/2/two/0/f	4580362397098397465
A/2/two/0/g	0
A/2/two/0/mdot_air	4603437906198678369
A/2/two/0/mf	4576651860380027810
A/2/two/0/mf_sched	4576651860380027810
A/2/two/0/nu_hp	4605289037695390238
A/2/two/0/nu_lp	4604982328959340258
A/2/two/0/phi_hp	4606672101246745290
A/2/two/0/phi_lp	4605138831325119760
A/2/two/0/pi_hpc	4616194662411773451
A/2/two/0/pi_lpc	4611954934909333047
A/2/two/0/required	4567087500998909594
A/2/two/0/s	0
A/2/two/0/sp_thrust	4646376948859877908
A/2/two/37/nkeys	16
A/2/two/37/Tt4	4651486258096422500
A/2/two/37/branch	13126223303132988745
A/2/two/37/f	4579588690605627278
A/2/two/37/g	4573655389726603887
A/2/two/37/mdot_air	4603464565956213323
A/2/two/37/mf	4576106992940216108
A/2/two/37/mf_sched	4579609676726676580
A/2/two/37/nu_hp	4605264724044818044
A/2/two/37/nu_lp	4604952802694946779
A/2/two/37/phi_hp	4606791633836910642
A/2/two/37/phi_lp	4605204598012285718
A/2/two/37/pi_hpc	4616030580818405758
A/2/two/37/pi_lpc	4611915908302802718
A/2/two/37/required	4575393281603779056
A/2/two/37/s	4595833347739043761
A/2/two/37/sp_thrust	4645892522380997168
A/2/two/74/nkeys	16
A/2/two/74/Tt4	4651265027302005918
A/2/two/74/branch	13126223303132988745
A/2/two/74/f	4579200402993205529
A/2/two/74/g	4577879905430969441
A/2/two/74/mdot_air	4603422290989818530
A/2/two/74/mf	4575841209423409349
A/2/two/74/mf_sched	4581364157054559891
A/2/two/74/nu_hp	4605225891646546939
A/2/two/74/nu_lp	4604906260712753575
A/2/two/74/phi_hp	4606823424452960444
A/2/two/74/phi_lp	4605196632255275693
A/2/two/74/pi_hpc	4615914169257910219
A/2/two/74/pi_lpc	4611873525915496066
A/2/two/74/required	4578756657765251649
A/2/two/74/s	4600336947366414258
A/2/two/74/sp_thrust	4645648674996911686
A/2/two/111/nkeys	16
A/2/two/111/Tt4	4650448995973623306
A/2/two/111/branch	13126223303132988745
A/2/two/111/f	4577702848591217427
A/2/two/111/g	4580488558357908736
A/2/two/111/mdot_air	4603442182826074338
A/2/two/111/mf	4574309348022064204
A/2/two/111/mf_sched	4582403389825004051
A/2/two/111/nu_hp	4605170229581176700
A/2/two/111/nu_lp	4604839710317114669
A/2/two/111/phi_hp	4607023464036911068
A/2/two/111/phi_lp	4605293631043123805
A/2/two/111/pi_hpc	4615608186745706318
A/2/two/111/pi_lpc	4611796639078511157
A/2/two/111/required	4580682180816776750
A/2/two/111/s	4603174215131657670
A/2/two/111/sp_thrust	4644838709376102812
A/2/two/148/nkeys	16
A/2/two/148/Tt4	4649643835311093200
A/2/two/148/branch	13126223303132988745
A/2/two/148/f	4576289747906196695
A/2/two/148/g	4580925528508446802
A/2/two/148/mdot_air	4603358655864700415
A/2/two/148/mf	4572561467419911940
A/2/two/148/mf_sched	4582403389825004051
A/2/two/148/nu_hp	4605054766906002901
A/2/two/148/nu_lp	4604699064748957713
A/2/two/148/phi_hp	4607194091251723521
A/2/two/148/phi_lp	4605331772512990582
A/2/two/148/pi_hpc	4615208424633961185
A/2/two/148/pi_lpc	4611645529394475149
A/2/two/148/required	4581022661206124459
A/2/two/148/s	4604840546993784755
A/2/two/148/sp_thrust	4643932451052202696
A/2/two/185/nkeys	16
A/2/two/185/Tt4	4648981267281293402
A/2/two/185/branch	13126223303132988745
A/2/two/185/f	4574689354491094351
A/2/two/185/g	4581277841960595395
A/2/two/185/mdot_air	4603219436383184285
A/2/two/185/mf	4571150805441581696
A/2/two/185/mf_sched	4582403389825004051
A/2/two/185/nu_hp	4604914016667349281
A/2/two/185/nu_lp	4604527800499290150
A/2/two/185/phi_hp	4607266991866925181
A/2/two/185/phi_lp	4605327315122185059
A/2/two/185/pi_hpc	4614811389268400580
A/2/two/185/pi_lpc	4611356507976923975
A/2/two/185/required	4581370793624740435
A/2/two/185/s	4606506878855911840
A/2/two/185/sp_thrust	4642990647497833964
A/2/two/215/nkeys	16
A/2/two/215/Tt4	4648446847741853078
A/2/two/215/branch	13126223303132988745
A/2/two/215/f	4572923434816739973
A/2/two/215/g	4581546890999848705
A/2/two/215/mdot_air	4603094172589800938
A/2/two/215/mf	4568998413127555216
A/2/two/215/mf_sched	4582403389825004051
A/2/two/215/nu_hp	4604785964175070244
A/2/two/215/nu_lp	4604371809644619123
A/2/two/215/phi_hp	4607333006421705380
A/2/two/215/phi_lp	4605325279414727341
A/2/two/215/pi_hpc	4614469458011512358
A/2/two/215/pi_lpc	4611105012843315260
A/2/two/215/required	4581632642016792276
A/2/two/215/s	4607520188772070191
A/2/two/215/sp_thrust	4641566320248126228
A/2/identical	1
A/3/three/npts	341
A/3/three/0/nkeys	14
A/3/three/0/Tt4	4652007308841189378
A/3/three/0/branch	13126223303132988745
A/3/three/0/f	4580382169689562672
A/3/three/0/mdot_air	4603364550124398404
A/3/three/0/mf	4576598004192639869
A/3/three/0/mf_sched	4576598004192639869
A/3/three/0/nu_hp	4605292294839495533
A/3/three/0/nu_lp	4604908498284992449
A/3/three/0/phi_hp	4606680258087474445
A/3/three/0/phi_lp	4605380978949069210
A/3/three/0/pi_hpc	4616236729973011810
A/3/three/0/pi_lpc	4611845222978564899
A/3/three/0/s	0
A/3/three/0/sp_thrust	4646329581975695664
A/3/three/37/nkeys	14
A/3/three/37/Tt4	4653609620530195803
A/3/three/37/branch	13126223303132988745
A/3/three/37/f	4583269039119317029
A/3/three/37/mdot_air	4603158245008881196
A/3/three/37/mf	4579575747328622176
A/3/three/37/mf_sched	4579575747328622176
A/3/three/37/nu_hp	4605396829805578864
A/3/three/37/nu_lp	4605016774756622461
A/3/three/37/phi_hp	4606105698738652248
A/3/three/37/phi_lp	4605380978949069210
A/3/three/37/pi_hpc	4616686386312183862
A/3/three/37/pi_lpc	4611946397717613153
A/3/three/37/s	4595833347739043761
A/3/three/37/sp_thrust	4648289363255617608
A/3/three/74/nkeys	14
A/3/three/74/Tt4	4654743076170853674
A/3/three/74/branch	13126223303132988745
A/3/three/74/f	4585037021245455300
A/3/three/74/mdot_air	4603439610069438643
A/3/three/74/mf	4581357155750199458
A/3/three/74/mf_sched	4581357155750199458
A/3/three/74/nu_hp	4605668396151326210
A/3/three/74/nu_lp	4605309142290274186
A/3/three/74/phi_hp	4605927991862913340
A/3/three/74/phi_lp	4605380978949069210
A/3/three/74/pi_hpc	4617163233402092086
A/3/three/74/pi_lpc	4612235860374795474
A/3/three/74/s	4600336947366414258
A/3/three/74/sp_thrust	4649310026146586344
A/3/three/111/nkeys	14
A/3/three/111/Tt4	4655021118860173318
A/3/three/111/branch	13126223303132988745
A/3/three/111/f	4585222425203721829
A/3/three/111/mdot_air	4604177672633094525
A/3/three/111/mf	4582403389825004051
A/3/three/111/mf_sched	4582403389825004051
A/3/three/111/nu_hp	4606030099903208050
A/3/three/111/nu_lp	4605724605994193932
A/3/three/111/phi_hp	4606120806946669190
A/3/three/111/phi_lp	4605380978949069211
A/3/three/111/pi_hpc	4617534722391254168
A/3/three/111/pi_lpc	4612690915441086935
A/3/three/111/s	4603174215131657670
A/3/three/111/sp_thrust	4649732952076390849
A/3/three/148/nkeys	14
A/3/three/148/Tt4	4654544309063013529
A/3/three/148/branch	13126223303132988745
A/3/three/148/f	4584675915318060612
A/3/three/148/mdot_air	4604904213375243504
A/3/three/148/mf	4582403389825004051
A/3/three/148/mf_sched	4582403389825004051
A/3/three/148/nu_hp	4606305761124608950
A/3/three/148/nu_lp	4606065514650148828
A/3/three/148/phi_hp	4606480460910061423
A/3/three/148/phi_lp	4605856730490666638
A/3/three/148/pi_hpc	4617694920070856582
A/3/three/148/pi_lpc	4612972310329705489
A/3/three/148/s	4604840546993784755
A/3/three/148/sp_thrust	4649513481388593779
A/3/three/185/nkeys	14
A/3/three/185/Tt4	4654282384631560417
A/3/three/185/branch	13126223303132988745
A/3/three/185/f	4584080428034080727
A/3/three/185/mdot_air	4605389109199733234
A/3/three/185/mf	4582403389825004051
A/3/three/185/mf_sched	4582403389825004051
A/3/three/185/nu_hp	4606485871506865636
A/3/three/185/nu_lp	4606290548781789977
A/3/three/185/phi_hp	4606699651942206023
A/3/three/185/phi_lp	4606181911526059444
A/3/three/185/pi_hpc	4617801246091425145
A/3/three/185/pi_lpc	4613151295855349822
A/3/three/185/s	4606506878855911840
A/3/three/185/sp_thrust	4649389646662978298
A/3/three/222/nkeys	14
A/3/three/222/Tt4	4654128293749416487
A/3/three/222/branch	13126223303132988745
A/3/three/222/f	4583720068552752449
A/3/three/222/mdot_air	4605711525523360072
A/3/three/222/mf	4582403389825004051
A/3/three/222/mf_sched	4582403389825004051
A/3/three/222/nu_hp	4606603057311050170
A/3/three/222/nu_lp	4606439120109368385
A/3/three/222/phi_hp	4606836177956702424
A/3/three/222/phi_lp	4606389380529285523
A/3/three/222/pi_hpc	4617869241345220692
A/3/three/222/pi_lpc	4613269316388156826
A/3/three/222/s	4607677814759028155
A/3/three/222/sp_thrust	4649315739068726450
A/3/three/259/nkeys	14
A/3/three/259/Tt4	4654034227298023878
A/3/three/259/branch	13126223303132988745
A/3/three/259/f	4583498606461923764
A/3/three/259/mdot_air	4605924371349402754
A/3/three/259/mf	4582403389825004051
A/3/three/259/mf_sched	4582403389825004051
A/3/three/259/nu_hp	4606679003474354249
A/3/three/259/nu_lp	4606537246954905303
A/3/three/259/phi_hp	4606922254431805747
A/3/three/259/phi_lp	4606522256804999941
A/3/three/259/pi_hpc	4617912309098575209
A/3/three/259/pi_lpc	4613347572907780509
A/3/three/259/s	4608510980690091679
A/3/three/259/sp_thrust	4649270248374390682
A/3/three/296/nkeys	14
A/3/three/296/Tt4	4653975467050279498
A/3/three/296/branch	13126223303132988745
A/3/three/296/f	4583359615686952035
A/3/three/296/mdot_air	4606064205870420691
A/3/three/296/mf	4582403389825004051
A/3/three/296/mf_sched	4582403389825004051
A/3/three/296/nu_hp	4606728029685825219
A/3/three/296/nu_lp	4606602063820275078
A/3/three/296/phi_hp	4606976885358718521
A/3/three/296/phi_lp	4606607518687117698
A/3/three/296/pi_hpc	4617939296276030850
A/3/three/296/pi_lpc	4613399694813439278
A/3/three/296/s	4609344146621155203
A/3/three/296/sp_thrust	4649241692628520034
A/3/three/333/nkeys	14
A/3/three/333/Tt4	4653938241772643421
A/3/three/333/branch	13126223303132988745
A/3/three/333/f	4583271280524440988
A/3/three/333/mdot_air	4606155730624623480
A/3/three/333/mf	4582403389825004051
A/3/three/333/mf_sched	4582403389825004051
A/3/three/333/nu_hp	4606759546725283157
A/3/three/333/nu_lp	4606644871460096229
A/3/three/333/phi_hp	4607011657776074110
A/3/three/333/phi_lp	4606662233435489682
A/3/three/333/pi_hpc	4617956003795659467
A/3/three/333/pi_lpc	4613434522908650059
A/3/three/333/s	4610177312552218727
A/3/three/333/sp_thrust	4649223548324343412
A/3/three/340/nkeys	14
A/3/three/340/Tt4	4653932894970708299
A/3/three/340/branch	13126223303132988745
A/3/three/340/f	4583258573648347603
A/3/three/340/mdot_air	4606169071325362829
A/3/three/340/mf	4582403389825004051
A/3/three/340/mf_sched	4582403389825004051
A/3/three/340/nu_hp	4606764086467125264
A/3/three/340/nu_lp	4606651155308096921
A/3/three/340/phi_hp	4607016647038904659
A/3/three/340/phi_lp	4606670118257456411
A/3/three/340/pi_hpc	4617958343430026211
A/3/three/340/pi_lpc	4613439679757875029
A/3/three/340/s	4610334938539176691
A/3/three/340/sp_thrust	4649220938821778644
A/3/two/npts	341
A/3/two/0/nkeys	14
A/3/two/0/Tt4	4652007308841189378
A/3/two/0/branch	13126223303132988745
A/3/two/0/f	4580382169689562672
A/3/two/0/mdot_air	4603364550124398404
A/3/two/0/mf	4576598004192639869
A/3/two/0/mf_sched	4576598004192639869
A/3/two/0/nu_hp	4605292294839495533
A/3/two/0/nu_lp	4604908498284992449
A/3/two/0/phi_hp	4606680258087474445
A/3/two/0/phi_lp	4605380978949069210
A/3/two/0/pi_hpc	4616236729973011810
A/3/two/0/pi_lpc	4611845222978564899
A/3/two/0/s	0
A/3/two/0/sp_thrust	4646329581975695664
A/3/two/37/nkeys	14
A/3/two/37/Tt4	4653609620530195803
A/3/two/37/branch	13126223303132988745
A/3/two/37/f	4583269039119317029
A/3/two/37/mdot_air	4603158245008881196
A/3/two/37/mf	4579575747328622176
A/3/two/37/mf_sched	4579575747328622176
A/3/two/37/nu_hp	4605396829805578864
A/3/two/37/nu_lp	4605016774756622461
A/3/two/37/phi_hp	4606105698738652248
A/3/two/37/phi_lp	4605380978949069210
A/3/two/37/pi_hpc	4616686386312183862
A/3/two/37/pi_lpc	4611946397717613153
A/3/two/37/s	4595833347739043761
A/3/two/37/sp_thrust	4648289363255617608
A/3/two/74/nkeys	14
A/3/two/74/Tt4	4654743076170853674
A/3/two/74/branch	13126223303132988745
A/3/two/74/f	4585037021245455300
A/3/two/74/mdot_air	4603439610069438643
A/3/two/74/mf	4581357155750199458
A/3/two/74/mf_sched	4581357155750199458
A/3/two/74/nu_hp	4605668396151326210
A/3/two/74/nu_lp	4605309142290274186
A/3/two/74/phi_hp	4605927991862913340
A/3/two/74/phi_lp	4605380978949069210
A/3/two/74/pi_hpc	4617163233402092086
A/3/two/74/pi_lpc	4612235860374795474
A/3/two/74/s	4600336947366414258
A/3/two/74/sp_thrust	4649310026146586344
A/3/two/111/nkeys	14
A/3/two/111/Tt4	4655021118860173318
A/3/two/111/branch	13126223303132988745
A/3/two/111/f	4585222425203721829
A/3/two/111/mdot_air	4604177672633094525
A/3/two/111/mf	4582403389825004051
A/3/two/111/mf_sched	4582403389825004051
A/3/two/111/nu_hp	4606030099903208050
A/3/two/111/nu_lp	4605724605994193932
A/3/two/111/phi_hp	4606120806946669190
A/3/two/111/phi_lp	4605380978949069211
A/3/two/111/pi_hpc	4617534722391254168
A/3/two/111/pi_lpc	4612690915441086935
A/3/two/111/s	4603174215131657670
A/3/two/111/sp_thrust	4649732952076390849
A/3/two/148/nkeys	14
A/3/two/148/Tt4	4654544309063013529
A/3/two/148/branch	13126223303132988745
A/3/two/148/f	4584675915318060612
A/3/two/148/mdot_air	4604904213375243504
A/3/two/148/mf	4582403389825004051
A/3/two/148/mf_sched	4582403389825004051
A/3/two/148/nu_hp	4606305761124608950
A/3/two/148/nu_lp	4606065514650148828
A/3/two/148/phi_hp	4606480460910061423
A/3/two/148/phi_lp	4605856730490666638
A/3/two/148/pi_hpc	4617694920070856582
A/3/two/148/pi_lpc	4612972310329705489
A/3/two/148/s	4604840546993784755
A/3/two/148/sp_thrust	4649513481388593779
A/3/two/185/nkeys	14
A/3/two/185/Tt4	4654282384631560417
A/3/two/185/branch	13126223303132988745
A/3/two/185/f	4584080428034080727
A/3/two/185/mdot_air	4605389109199733234
A/3/two/185/mf	4582403389825004051
A/3/two/185/mf_sched	4582403389825004051
A/3/two/185/nu_hp	4606485871506865636
A/3/two/185/nu_lp	4606290548781789977
A/3/two/185/phi_hp	4606699651942206023
A/3/two/185/phi_lp	4606181911526059444
A/3/two/185/pi_hpc	4617801246091425145
A/3/two/185/pi_lpc	4613151295855349822
A/3/two/185/s	4606506878855911840
A/3/two/185/sp_thrust	4649389646662978298
A/3/two/222/nkeys	14
A/3/two/222/Tt4	4654128293749416487
A/3/two/222/branch	13126223303132988745
A/3/two/222/f	4583720068552752449
A/3/two/222/mdot_air	4605711525523360072
A/3/two/222/mf	4582403389825004051
A/3/two/222/mf_sched	4582403389825004051
A/3/two/222/nu_hp	4606603057311050170
A/3/two/222/nu_lp	4606439120109368385
A/3/two/222/phi_hp	4606836177956702424
A/3/two/222/phi_lp	4606389380529285523
A/3/two/222/pi_hpc	4617869241345220692
A/3/two/222/pi_lpc	4613269316388156826
A/3/two/222/s	4607677814759028155
A/3/two/222/sp_thrust	4649315739068726450
A/3/two/259/nkeys	14
A/3/two/259/Tt4	4654034227298023878
A/3/two/259/branch	13126223303132988745
A/3/two/259/f	4583498606461923764
A/3/two/259/mdot_air	4605924371349402754
A/3/two/259/mf	4582403389825004051
A/3/two/259/mf_sched	4582403389825004051
A/3/two/259/nu_hp	4606679003474354249
A/3/two/259/nu_lp	4606537246954905303
A/3/two/259/phi_hp	4606922254431805747
A/3/two/259/phi_lp	4606522256804999941
A/3/two/259/pi_hpc	4617912309098575209
A/3/two/259/pi_lpc	4613347572907780509
A/3/two/259/s	4608510980690091679
A/3/two/259/sp_thrust	4649270248374390682
A/3/two/296/nkeys	14
A/3/two/296/Tt4	4653975467050279498
A/3/two/296/branch	13126223303132988745
A/3/two/296/f	4583359615686952035
A/3/two/296/mdot_air	4606064205870420691
A/3/two/296/mf	4582403389825004051
A/3/two/296/mf_sched	4582403389825004051
A/3/two/296/nu_hp	4606728029685825219
A/3/two/296/nu_lp	4606602063820275078
A/3/two/296/phi_hp	4606976885358718521
A/3/two/296/phi_lp	4606607518687117698
A/3/two/296/pi_hpc	4617939296276030850
A/3/two/296/pi_lpc	4613399694813439278
A/3/two/296/s	4609344146621155203
A/3/two/296/sp_thrust	4649241692628520034
A/3/two/333/nkeys	14
A/3/two/333/Tt4	4653938241772643421
A/3/two/333/branch	13126223303132988745
A/3/two/333/f	4583271280524440988
A/3/two/333/mdot_air	4606155730624623480
A/3/two/333/mf	4582403389825004051
A/3/two/333/mf_sched	4582403389825004051
A/3/two/333/nu_hp	4606759546725283157
A/3/two/333/nu_lp	4606644871460096229
A/3/two/333/phi_hp	4607011657776074110
A/3/two/333/phi_lp	4606662233435489682
A/3/two/333/pi_hpc	4617956003795659467
A/3/two/333/pi_lpc	4613434522908650059
A/3/two/333/s	4610177312552218727
A/3/two/333/sp_thrust	4649223548324343412
A/3/two/340/nkeys	14
A/3/two/340/Tt4	4653932894970708299
A/3/two/340/branch	13126223303132988745
A/3/two/340/f	4583258573648347603
A/3/two/340/mdot_air	4606169071325362829
A/3/two/340/mf	4582403389825004051
A/3/two/340/mf_sched	4582403389825004051
A/3/two/340/nu_hp	4606764086467125264
A/3/two/340/nu_lp	4606651155308096921
A/3/two/340/phi_hp	4607016647038904659
A/3/two/340/phi_lp	4606670118257456411
A/3/two/340/pi_hpc	4617958343430026211
A/3/two/340/pi_lpc	4613439679757875029
A/3/two/340/s	4610334938539176691
A/3/two/340/sp_thrust	4649220938821778644
A/3/identical	1
A/4/three/npts	341
A/4/three/0/nkeys	14
A/4/three/0/Tt4	4652007308841189379
A/4/three/0/branch	13126223303132988745
A/4/three/0/f	4580408039382119698
A/4/three/0/mdot_air	4603268013025272526
A/4/three/0/mf	4576525976520147492
A/4/three/0/mf_sched	4576525976520147492
A/4/three/0/nu_hp	4605296759753563736
A/4/three/0/nu_lp	4604813412686236824
A/4/three/0/phi_hp	4606691459874532763
A/4/three/0/phi_lp	4605723643779546934
A/4/three/0/pi_hpc	4616293200580197601
A/4/three/0/pi_lpc	4611702790823163479
A/4/three/0/s	0
A/4/three/0/sp_thrust	4646265112267773092
A/4/three/37/nkeys	14
A/4/three/37/Tt4	4653609970291326219
A/4/three/37/branch	13126223303132988745
A/4/three/37/f	4583280000052548637
A/4/three/37/mdot_air	4603117270648380940
A/4/three/37/mf	4579518522021733494
A/4/three/37/mf_sched	4579518522021733494
A/4/three/37/nu_hp	4605400156583563690
A/4/three/37/nu_lp	4604938242426159199
A/4/three/37/phi_hp	4606112437398098445
A/4/three/37/phi_lp	4605328590784492375
A/4/three/37/pi_hpc	4616714057802726455
A/4/three/37/pi_lpc	4611881535358961308
A/4/three/37/s	4595833347739043761
A/4/three/37/sp_thrust	4648274979503896265
A/4/three/74/nkeys	14
A/4/three/74/Tt4	4654746112576036057
A/4/three/74/branch	13126223303132988745
A/4/three/74/f	4585043055041364982
A/4/three/74/mdot_air	4603413537531918332
A/4/three/74/mf	4581335944279556964
A/4/three/74/mf_sched	4581335944279556964
A/4/three/74/nu_hp	4605669956963144710
A/4/three/74/nu_lp	4605257398966370022
A/4/three/74/phi_hp	4605931039580390228
A/4/three/74/phi_lp	4605310619134457114
A/4/three/74/pi_hpc	4617180332829597024
A/4/three/74/pi_lpc	4612196468897112660
A/4/three/74/s	4600336947366414258
A/4/three/74/sp_thrust	4649304113072409615
A/4/three/111/nkeys	14
A/4/three/111/Tt4	4655064829873376996
A/4/three/111/branch	13126223303132988745
A/4/three/111/f	4585276279742393539
A/4/three/111/mdot_air	4604100384382981376
A/4/three/111/mf	4582387379185519611
A/4/three/111/mf_sched	4582387379185519611
A/4/three/111/nu_hp	4606032200529602381
A/4/three/111/nu_lp	4605683182801336785
A/4/three/111/phi_hp	4606118183118902402
A/4/three/111/phi_lp	4605628948759095116
A/4/three/111/pi_hpc	4617592989854609381
A/4/three/111/pi_lpc	4612584380765492832
A/4/three/111/s	4603174215131657670
A/4/three/111/sp_thrust	4649748164205238506
A/4/three/148/nkeys	14
A/4/three/148/Tt4	4654580276792143914
A/4/three/148/branch	13126223303132988745
A/4/three/148/f	4584720812177408192
A/4/three/148/mdot_air	4604822148259779625
A/4/three/148/mf	4582387379185519611
A/4/three/148/mf_sched	4582387379185519611
A/4/three/148/nu_hp	4606311771720260984
A/4/three/148/nu_lp	4606018334075541415
A/4/three/148/phi_hp	4606482756694665571
A/4/three/148/phi_lp	4606051562977771312
A/4/three/148/pi_hpc	4617757668166486783
A/4/three/148/pi_lpc	4612859191211400783
A/4/three/148/s	4604840546993784755
A/4/three/148/sp_thrust	4649526298322184686
A/4/three/185/nkeys	14
A/4/three/185/Tt4	4654306763599218460
A/4/three/185/branch	13126223303132988745
A/4/three/185/f	4584143052818603826
A/4/three/185/mdot_air	4605318876917661139
A/4/three/185/mf	4582387379185519611
A/4/three/185/mf_sched	4582387379185519611
A/4/three/185/nu_hp	4606494760344547924
A/4/three/185/nu_lp	4606245549418931008
A/4/three/185/phi_hp	4606706389144237170
A/4/three/185/phi_lp	4606321239180027179
A/4/three/185/pi_hpc	4617858990335935647
A/4/three/185/pi_lpc	4613049989340176163
A/4/three/185/s	4606506878855911840
A/4/three/185/sp_thrust	4649397598301280818
A/4/three/222/nkeys	14
A/4/three/222/Tt4	4654143986679303317
A/4/three/222/branch	13126223303132988745
A/4/three/222/f	4583762204716050115
A/4/three/222/mdot_air	4605654552915044946
A/4/three/222/mf	4582387379185519611
A/4/three/222/mf_sched	4582387379185519611
A/4/three/222/nu_hp	4606613479490797301
A/4/three/222/nu_lp	4606399352567876513
A/4/three/222/phi_hp	4606845586398167148
A/4/three/222/phi_lp	4606495202075101161
A/4/three/222/pi_hpc	4617920628505955385
A/4/three/222/pi_lpc	4613181688806052010
A/4/three/222/s	4607677814759028155
A/4/three/222/sp_thrust	4649319826191227710
A/4/three/259/nkeys	14
A/4/three/259/Tt4	4654043905442719328
A/4/three/259/branch	13126223303132988745
A/4/three/259/f	4583526461212744495
A/4/three/259/mdot_air	4605878615759083805
A/4/three/259/mf	4582387379185519611
A/4/three/259/mf_sched	4582387379185519611
A/4/three/259/nu_hp	4606689835100898298
A/4/three/259/nu_lp	4606503211452622826
A/4/three/259/phi_hp	4606932866160513792
A/4/three/259/phi_lp	4606607439878799990
A/4/three/259/pi_hpc	4617957354585121243
A/4/three/259/pi_lpc	4613272379324051663
A/4/three/259/s	4608510980690091679
A/4/three/259/sp_thrust	4649271582613623399
A/4/three/296/nkeys	14
A/4/three/296/Tt4	4653981139455434680
A/4/three/296/branch	13126223303132988745
A/4/three/296/f	4583377906723398581
A/4/three/296/mdot_air	4606026837587080336
A/4/three/296/mf	4582387379185519611
A/4/three/296/mf_sched	4582387379185519611
A/4/three/296/nu_hp	4606738500546724905
A/4/three/296/nu_lp	4606573165410981245
A/4/three/296/phi_hp	4606987699393824523
A/4/three/296/phi_lp	4606679467031688675
A/4/three/296/pi_hpc	4617978571014316620
A/4/three/296/pi_lpc	4613334789265426120
A/4/three/296/s	4609344146621155203
A/4/three/296/sp_thrust	4649241165347910876
A/4/three/333/nkeys	14
A/4/three/333/Tt4	4653941323224045429
A/4/three/333/branch	13126223303132988745
A/4/three/333/f	4583283358478997644
A/4/three/333/mdot_air	4606124181326733764
A/4/three/333/mf	4582387379185519611
A/4/three/333/mf_sched	4582387379185519611
A/4/three/333/nu_hp	4606769208478924601
A/4/three/333/nu_lp	4606620168356458863
A/4/three/333/phi_hp	4607022071058426544
A/4/three/333/phi_lp	4606725298505081450
A/4/three/333/pi_hpc	4617990277103599924
A/4/three/333/pi_lpc	4613377737164243716
A/4/three/333/s	4610177312552218727
A/4/three/333/sp_thrust	4649221807080866972
A/4/three/340/nkeys	14
A/4/three/340/Tt4	4653935606238336748
A/4/three/340/branch	13126223303132988745
A/4/three/340/f	4583269761791083446
A/4/three/340/mdot_air	4606138378893794365
A/4/three/340/mf	4582387379185519611
A/4/three/340/mf_sched	4582387379185519611
A/4/three/340/nu_hp	4606773565959721561
A/4/three/340/nu_lp	4606627136584845643
A/4/three/340/phi_hp	4607026942050820724
A/4/three/340/phi_lp	4606731839085479018
A/4/three/340/pi_hpc	4617991761336881457
A/4/three/340/pi_lpc	4613384207452041504
A/4/three/340/s	4610334938539176691
A/4/three/340/sp_thrust	4649219023622013524
A/4/two/npts	341
A/4/two/0/nkeys	14
A/4/two/0/Tt4	4652007308841189379
A/4/two/0/branch	13126223303132988745
A/4/two/0/f	4580408039382119698
A/4/two/0/mdot_air	4603268013025272526
A/4/two/0/mf	4576525976520147492
A/4/two/0/mf_sched	4576525976520147492
A/4/two/0/nu_hp	4605296759753563736
A/4/two/0/nu_lp	4604813412686236824
A/4/two/0/phi_hp	4606691459874532763
A/4/two/0/phi_lp	4605723643779546934
A/4/two/0/pi_hpc	4616293200580197601
A/4/two/0/pi_lpc	4611702790823163479
A/4/two/0/s	0
A/4/two/0/sp_thrust	4646265112267773092
A/4/two/37/nkeys	14
A/4/two/37/Tt4	4653609970291326219
A/4/two/37/branch	13126223303132988745
A/4/two/37/f	4583280000052548637
A/4/two/37/mdot_air	4603117270648380940
A/4/two/37/mf	4579518522021733494
A/4/two/37/mf_sched	4579518522021733494
A/4/two/37/nu_hp	4605400156583563690
A/4/two/37/nu_lp	4604938242426159199
A/4/two/37/phi_hp	4606112437398098445
A/4/two/37/phi_lp	4605328590784492375
A/4/two/37/pi_hpc	4616714057802726455
A/4/two/37/pi_lpc	4611881535358961308
A/4/two/37/s	4595833347739043761
A/4/two/37/sp_thrust	4648274979503896265
A/4/two/74/nkeys	14
A/4/two/74/Tt4	4654746112576036057
A/4/two/74/branch	13126223303132988745
A/4/two/74/f	4585043055041364982
A/4/two/74/mdot_air	4603413537531918332
A/4/two/74/mf	4581335944279556964
A/4/two/74/mf_sched	4581335944279556964
A/4/two/74/nu_hp	4605669956963144710
A/4/two/74/nu_lp	4605257398966370022
A/4/two/74/phi_hp	4605931039580390228
A/4/two/74/phi_lp	4605310619134457114
A/4/two/74/pi_hpc	4617180332829597024
A/4/two/74/pi_lpc	4612196468897112660
A/4/two/74/s	4600336947366414258
A/4/two/74/sp_thrust	4649304113072409615
A/4/two/111/nkeys	14
A/4/two/111/Tt4	4655064829873376996
A/4/two/111/branch	13126223303132988745
A/4/two/111/f	4585276279742393539
A/4/two/111/mdot_air	4604100384382981376
A/4/two/111/mf	4582387379185519611
A/4/two/111/mf_sched	4582387379185519611
A/4/two/111/nu_hp	4606032200529602381
A/4/two/111/nu_lp	4605683182801336785
A/4/two/111/phi_hp	4606118183118902402
A/4/two/111/phi_lp	4605628948759095116
A/4/two/111/pi_hpc	4617592989854609381
A/4/two/111/pi_lpc	4612584380765492832
A/4/two/111/s	4603174215131657670
A/4/two/111/sp_thrust	4649748164205238506
A/4/two/148/nkeys	14
A/4/two/148/Tt4	4654580276792143914
A/4/two/148/branch	13126223303132988745
A/4/two/148/f	4584720812177408192
A/4/two/148/mdot_air	4604822148259779625
A/4/two/148/mf	4582387379185519611
A/4/two/148/mf_sched	4582387379185519611
A/4/two/148/nu_hp	4606311771720260984
A/4/two/148/nu_lp	4606018334075541415
A/4/two/148/phi_hp	4606482756694665571
A/4/two/148/phi_lp	4606051562977771312
A/4/two/148/pi_hpc	4617757668166486783
A/4/two/148/pi_lpc	4612859191211400783
A/4/two/148/s	4604840546993784755
A/4/two/148/sp_thrust	4649526298322184686
A/4/two/185/nkeys	14
A/4/two/185/Tt4	4654306763599218460
A/4/two/185/branch	13126223303132988745
A/4/two/185/f	4584143052818603826
A/4/two/185/mdot_air	4605318876917661139
A/4/two/185/mf	4582387379185519611
A/4/two/185/mf_sched	4582387379185519611
A/4/two/185/nu_hp	4606494760344547924
A/4/two/185/nu_lp	4606245549418931008
A/4/two/185/phi_hp	4606706389144237170
A/4/two/185/phi_lp	4606321239180027179
A/4/two/185/pi_hpc	4617858990335935647
A/4/two/185/pi_lpc	4613049989340176163
A/4/two/185/s	4606506878855911840
A/4/two/185/sp_thrust	4649397598301280818
A/4/two/222/nkeys	14
A/4/two/222/Tt4	4654143986679303317
A/4/two/222/branch	13126223303132988745
A/4/two/222/f	4583762204716050115
A/4/two/222/mdot_air	4605654552915044946
A/4/two/222/mf	4582387379185519611
A/4/two/222/mf_sched	4582387379185519611
A/4/two/222/nu_hp	4606613479490797301
A/4/two/222/nu_lp	4606399352567876513
A/4/two/222/phi_hp	4606845586398167148
A/4/two/222/phi_lp	4606495202075101161
A/4/two/222/pi_hpc	4617920628505955385
A/4/two/222/pi_lpc	4613181688806052010
A/4/two/222/s	4607677814759028155
A/4/two/222/sp_thrust	4649319826191227710
A/4/two/259/nkeys	14
A/4/two/259/Tt4	4654043905442719328
A/4/two/259/branch	13126223303132988745
A/4/two/259/f	4583526461212744495
A/4/two/259/mdot_air	4605878615759083805
A/4/two/259/mf	4582387379185519611
A/4/two/259/mf_sched	4582387379185519611
A/4/two/259/nu_hp	4606689835100898298
A/4/two/259/nu_lp	4606503211452622826
A/4/two/259/phi_hp	4606932866160513792
A/4/two/259/phi_lp	4606607439878799990
A/4/two/259/pi_hpc	4617957354585121243
A/4/two/259/pi_lpc	4613272379324051663
A/4/two/259/s	4608510980690091679
A/4/two/259/sp_thrust	4649271582613623399
A/4/two/296/nkeys	14
A/4/two/296/Tt4	4653981139455434680
A/4/two/296/branch	13126223303132988745
A/4/two/296/f	4583377906723398581
A/4/two/296/mdot_air	4606026837587080336
A/4/two/296/mf	4582387379185519611
A/4/two/296/mf_sched	4582387379185519611
A/4/two/296/nu_hp	4606738500546724905
A/4/two/296/nu_lp	4606573165410981245
A/4/two/296/phi_hp	4606987699393824523
A/4/two/296/phi_lp	4606679467031688675
A/4/two/296/pi_hpc	4617978571014316620
A/4/two/296/pi_lpc	4613334789265426120
A/4/two/296/s	4609344146621155203
A/4/two/296/sp_thrust	4649241165347910876
A/4/two/333/nkeys	14
A/4/two/333/Tt4	4653941323224045429
A/4/two/333/branch	13126223303132988745
A/4/two/333/f	4583283358478997644
A/4/two/333/mdot_air	4606124181326733764
A/4/two/333/mf	4582387379185519611
A/4/two/333/mf_sched	4582387379185519611
A/4/two/333/nu_hp	4606769208478924601
A/4/two/333/nu_lp	4606620168356458863
A/4/two/333/phi_hp	4607022071058426544
A/4/two/333/phi_lp	4606725298505081450
A/4/two/333/pi_hpc	4617990277103599924
A/4/two/333/pi_lpc	4613377737164243716
A/4/two/333/s	4610177312552218727
A/4/two/333/sp_thrust	4649221807080866972
A/4/two/340/nkeys	14
A/4/two/340/Tt4	4653935606238336748
A/4/two/340/branch	13126223303132988745
A/4/two/340/f	4583269761791083446
A/4/two/340/mdot_air	4606138378893794365
A/4/two/340/mf	4582387379185519611
A/4/two/340/mf_sched	4582387379185519611
A/4/two/340/nu_hp	4606773565959721561
A/4/two/340/nu_lp	4606627136584845643
A/4/two/340/phi_hp	4607026942050820724
A/4/two/340/phi_lp	4606731839085479018
A/4/two/340/pi_hpc	4617991761336881457
A/4/two/340/pi_lpc	4613384207452041504
A/4/two/340/s	4610334938539176691
A/4/two/340/sp_thrust	4649219023622013524
A/4/identical	1
B/traj/npts	341
B/traj/0/nkeys	24
B/traj/0/Tt4	4652007308841189378
B/traj/0/b	4585439236324657495
B/traj/0/b_cmd	4585439236324657495
B/traj/0/branch	13126223303132988745
B/traj/0/f	4580382169689562672
B/traj/0/g	0
B/traj/0/ic_iters	1
B/traj/0/ic_order	15359057144970489593
B/traj/0/ic_res	0
B/traj/0/mdot_air	4603364550124398404
B/traj/0/mf	4576598004192639869
B/traj/0/mf_sched	4576598004192639869
B/traj/0/nu_hp	4605292294839495533
B/traj/0/nu_lp	4604908498284992449
B/traj/0/phi_hp	4606680258087474445
B/traj/0/phi_lp	4605380978949069210
B/traj/0/pi_hpc	4616236729973011810
B/traj/0/pi_lpc	4611845222978564899
B/traj/0/required	0
B/traj/0/s	0
B/traj/0/sp_thrust	4646329581975695664
B/traj/0/v	0
B/traj/0/v_cmd	0
B/traj/0/v_regime	9087740570393753374
B/traj/1/nkeys	24
B/traj/1/Tt4	4652086705956466564
B/traj/1/b	4585455107902289489
B/traj/1/b_cmd	4585756047631510238
B/traj/1/branch	13126223303132988745
B/traj/1/f	4580458233086981836
B/traj/1/g	4529051497833581784
B/traj/1/ic_iters	1
B/traj/1/ic_order	15359057144970489593
B/traj/1/ic_res	0
B/traj/1/mdot_air	4603354421916870005
B/traj/1/mf	4576674852158753261
B/traj/1/mf_sched	4576678483736855607
B/traj/1/nu_hp	4605292373524981341
B/traj/1/nu_lp	4604908592829684797
B/traj/1/phi_hp	4606660016452079351
B/traj/1/phi_lp	4605367636447631487
B/traj/1/pi_hpc	4616246520736232314
B/traj/1/pi_lpc	4611848253627978027
B/traj/1/required	4548776353675600064
B/traj/1/s	4572414629676717179
B/traj/1/sp_thrust	4646398222368122869
B/traj/1/v	13774725945892757202
B/traj/1/v_cmd	13794527355405817214
B/traj/1/v_regime	10791139852042193048
B/traj/2/nkeys	24
B/traj/2/Tt4	4652159370898902521
B/traj/2/b	4585496641473201733
B/traj/2/b_cmd	4586014268350427294
B/traj/2/branch	13126223303132988745
B/traj/2/f	4580527708997609090
B/traj/2/g	4537360915319487432
B/traj/2/ic_iters	1
B/traj/2/ic_order	15359057144970489593
B/traj/2/ic_res	0
B/traj/2/mdot_air	4603346145553769228
B/traj/2/mf	4576745799823679219
B/traj/2/mf_sched	4576758963281071345
B/traj/2/nu_hp	4605292599552909112
B/traj/2/nu_lp	4604908856956819070
B/traj/2/phi_hp	4606641726083595801
B/traj/2/phi_lp	4605358010302655941
B/traj/2/pi_hpc	4616255273320427116
B/traj/2/pi_lpc	4611851975271984377
B/traj/2/required	4552589476317664512
B/traj/2/s	4576918229304087675
B/traj/2/sp_thrust	4646461434952761837
B/traj/2/v	13783042527540833098
B/traj/2/v_cmd	13798201358887855022
B/traj/2/v_regime	10791139852042193048
B/traj/3/nkeys	24
B/traj/3/Tt4	4652222756214900255
B/traj/3/b	4585556589454746778
B/traj/3/b_cmd	4586229027937992058
B/traj/3/branch	13126223303132988745
B/traj/3/f	4580592347620570340
B/traj/3/g	4542028972536018029
B/traj/3/ic_iters	1
B/traj/3/ic_order	15359057144970489593
B/traj/3/ic_res	0
B/traj/3/mdot_air	4603339262244177276
B/traj/3/mf	4576812473498045175
B/traj/3/mf_sched	4576839442825287083
B/traj/3/nu_hp	4605292960923791058
B/traj/3/nu_lp	4604909267532103818
B/traj/3/phi_hp	4606624895956191880
B/traj/3/phi_lp	4605351111276807516
B/traj/3/pi_hpc	4616263289597335659
B/traj/3/pi_lpc	4611856206593419311
B/traj/3/required	4554462847725113280
B/traj/3/s	4579800533065604792
B/traj/3/sp_thrust	4646520681201610329
B/traj/3/v	13787691706784397578
B/traj/3/v_cmd	13800143609188865206
B/traj/3/v_regime	10791139852042193048
B/traj/4/nkeys	24
B/traj/4/Tt4	4652254814880149065
B/traj/4/b	4585629626641277021
B/traj/4/b_cmd	4586411391352072136
B/traj/4/branch	13126223303132988745
B/traj/4/f	4580653447658163875
B/traj/4/g	4545241385162716820
B/traj/4/ic_iters	1
B/traj/4/ic_order	15359057144970489593
B/traj/4/ic_res	0
B/traj/4/mdot_air	4603333436846268754
B/traj/4/mf	4576876071113461752
B/traj/4/mf_sched	4576919922369502821
B/traj/4/nu_hp	4605293448775169268
B/traj/4/nu_lp	4604909807701616665
B/traj/4/phi_hp	4606609167135824334
B/traj/4/phi_lp	4605346217060584451
B/traj/4/pi_hpc	4616270790544976957
B/traj/4/pi_lpc	4611860814908282412
B/traj/4/required	4555831834312229408
B/traj/4/s	4581421828931458171
B/traj/4/sp_thrust	4646577037960652744
B/traj/4/v	13790935201609032154
B/traj/4/v_cmd	13801441549318706205
B/traj/4/v_regime	10791139852042193048
B/traj/5/nkeys	24
B/traj/5/Tt4	4652285561530013106
B/traj/5/b	4585711836964745115
B/traj/5/b_cmd	4586569465989534542
B/traj/5/branch	13126223303132988745
B/traj/5/f	4580711972487463424
B/traj/5/g	4547682885109376096
B/traj/5/ic_iters	1
B/traj/5/ic_order	15359057144970489593
B/traj/5/ic_res	0
B/traj/5/mdot_air	4603328423981367690
B/traj/5/mf	4576937476439344214
B/traj/5/mf_sched	4577000401913718559
B/traj/5/nu_hp	4605294056560799593
B/traj/5/nu_lp	4604910465218180918
B/traj/5/phi_hp	4606594276743823817
B/traj/5/phi_lp	4605342798771032808
B/traj/5/pi_hpc	4616277938275722247
B/traj/5/pi_lpc	4611865702896154987
B/traj/5/required	4557028858044442848
B/traj/5/s	4582862980812216730
B/traj/5/sp_thrust	4646631299344209636
B/traj/5/v	13793274770442988790
B/traj/5/v_cmd	13802566602004480878
B/traj/5/v_regime	10791139852042193048
B/traj/6/nkeys	24
B/traj/6/Tt4	4652315361101416203
B/traj/6/b	4585800338645122011
B/traj/6/b_cmd	4586709199995759877
B/traj/6/branch	13126223303132988745
B/traj/6/f	4580768636537333659
B/traj/6/g	4549478527347588897
B/traj/6/ic_iters	1
B/traj/6/ic_order	15359057144970489593
B/traj/6/ic_res	0
B/traj/6/mdot_air	4603324043713000641
B/traj/6/mf	4576997342343391196
B/traj/6/mf_sched	4577080881457934297
B/traj/6/nu_hp	4605294779445781011
B/traj/6/nu_lp	4604911231221041144
B/traj/6/phi_hp	4606580031995776377
B/traj/6/phi_lp	4605340468362687756
B/traj/6/pi_hpc	4616284851923145830
B/traj/6/pi_lpc	4611870799070893597
B/traj/6/required	4557869495170275680
B/traj/6/s	4584304132692975289
B/traj/6/sp_thrust	4646684051313215814
B/traj/6/v	13795159581630385244
B/traj/6/v_cmd	13803546916260688313
B/traj/6/v_regime	10791139852042193048
B/traj/7/nkeys	24
B/traj/7/Tt4	4652344483932828079
B/traj/7/b	4585893009778404902
B/traj/7/b_cmd	4586834961246173949
B/traj/7/branch	13126223303132988745
B/traj/7/f	4580823969470815311
B/traj/7/g	4550865418297777378
B/traj/7/ic_iters	1
B/traj/7/ic_order	15359057144970489593
B/traj/7/ic_res	0
B/traj/7/mdot_air	4603320163966189983
B/traj/7/mf	4577056151716510239
B/traj/7/mf_sched	4577161361002150035
B/traj/7/nu_hp	4605295613860267709
B/traj/7/nu_lp	4604912099342728560
B/traj/7/phi_hp	4606566291387806528
B/traj/7/phi_lp	4605338940700138240
B/traj/7/pi_hpc	4616291619164165497
B/traj/7/pi_lpc	4611876050884003875
B/traj/7/required	4558353822018017952
B/traj/7/s	4585204852618449388
B/traj/7/sp_thrust	4646735726408994754
B/traj/7/v	13796478289400131100
B/traj/7/v_cmd	13803994271222604002
B/traj/7/v_regime	10791139852042193048
B/traj/8/nkeys	24
B/traj/8/Tt4	4652373130241707924
B/traj/8/b	4585988287110437132
B/traj/8/b_cmd	4586949959019484838
B/traj/8/branch	13126223303132988745
B/traj/8/f	4580878363853100971
B/traj/8/g	4552297039508966226
B/traj/8/ic_iters	1
B/traj/8/ic_order	15359057144970489593
B/traj/8/ic_res	0
B/traj/8/mdot_air	4603316687750918991
B/traj/8/mf	4577114262179301152
B/traj/8/mf_sched	4577241840546365773
B/traj/8/nu_hp	4605296557169892919
B/traj/8/nu_lp	4604913065053596432
B/traj/8/phi_hp	4606552951002372986
B/traj/8/phi_lp	4605338006040322941
B/traj/8/pi_hpc	4616298304610713612
B/traj/8/pi_lpc	4611881419704149191
B/traj/8/required	4558800246179254000
B/traj/8/s	4585925428558828667
B/traj/8/sp_thrust	4646786644003097729
B/traj/8/v	13797834041601908050
B/traj/8/v_cmd	13804403196334414597
B/traj/8/v_regime	10791139852042193048
B/traj/9/nkeys	24
B/traj/9/Tt4	4652401448272194062
B/traj/9/b	4586085018296591962
B/traj/9/b_cmd	4587056552054987577
B/traj/9/branch	13126223303132988745
B/traj/9/f	4580932110541461794
B/traj/9/g	4553447819968726560
B/traj/9/ic_iters	1
B/traj/9/ic_order	15359057144970489593
B/traj/9/ic_res	0
B/traj/9/mdot_air	4603313543839943752
B/traj/9/mf	4577171938955440086
B/traj/9/mf_sched	4577322320090581511
B/traj/9/nu_hp	4605297607432227689
B/traj/9/nu_lp	4604914125179816500
B/traj/9/phi_hp	4606539934507997522
B/traj/9/phi_lp	4605337509978024706
B/traj/9/pi_hpc	4616304955940533405
B/traj/9/pi_lpc	4611886877146491921
B/traj/9/required	4559217175577251536
B/traj/9/s	4586646004499207946
B/traj/9/sp_thrust	4646837039939055826
B/traj/9/v	13799119824053466520
B/traj/9/v_cmd	13804782075019019360
B/traj/9/v_regime	10791139852042193048
B/traj/10/nkeys	24
B/traj/10/Tt4	4652429547748916417
B/traj/10/b	4586182353334866683
B/traj/10/b_cmd	4587156474119594043
B/traj/10/branch	13126223303132988745
B/traj/10/f	4580985424952104914
B/traj/10/g	4554185081375251562
B/traj/10/ic_iters	1
B/traj/10/ic_order	15359057144970489593
B/traj/10/ic_res	0
B/traj/10/mdot_air	4603310679946961250
B/traj/10/mf	4577229379080701918
B/traj/10/mf_sched	4577402799634797249
B/traj/10/nu_hp	4605298763216736073
B/traj/10/nu_lp	4604915277548417679
B/traj/10/phi_hp	4606527185839026249
B/traj/10/phi_lp	4605337338781934368
B/traj/10/pi_hpc	4616311608386559629
B/traj/10/pi_lpc	4611892402380306306
B/traj/10/required	4559610796324350272
B/traj/10/s	4587366580439587225
B/traj/10/sp_thrust	4646887088384847328
B/traj/10/v	13799812224514520786
B/traj/10/v_cmd	13805137071340685722
B/traj/10/v_regime	10791139852042193048
B/traj/11/nkeys	24
B/traj/11/Tt4	4652457509850257482
B/traj/11/b	4586279664735225146
B/traj/11/b_cmd	4587250999448727470
B/traj/11/branch	13126223303132988745
B/traj/11/f	4581038466551235694
B/traj/11/g	4554925221339738854
B/traj/11/ic_iters	1
B/traj/11/ic_order	15359057144970489593
B/traj/11/ic_res	0
B/traj/11/mdot_air	4603308057723684639
B/traj/11/mf	4577286729251027428
B/traj/11/mf_sched	4577483279179012987
B/traj/11/nu_hp	4605300023471632948
B/traj/11/nu_lp	4604916520725609855
B/traj/11/phi_hp	4606514663827812713
B/traj/11/phi_lp	4605337408646127556
B/traj/11/pi_hpc	4616318288029931056
B/traj/11/pi_lpc	4611897980149484440
B/traj/11/required	4559985656463509248
B/traj/11/s	4588087156379966504
B/traj/11/sp_thrust	4646936917955137802
B/traj/11/v	13800504364572562393
B/traj/11/v_cmd	13805472716560985755
B/traj/11/v_regime	10791139852042193048
B/traj/12/nkeys	24
B/traj/12/Tt4	4652485394600927082
B/traj/12/b	4586376488793031297
B/traj/12/b_cmd	4587341064234986804
B/traj/12/branch	13126223303132988745
B/traj/12/f	4581091353315403221
B/traj/12/g	4555664735056921568
B/traj/12/ic_iters	1
B/traj/12/ic_order	15359057144970489593
B/traj/12/ic_res	0
B/traj/12/mdot_air	4603305649085047360
B/traj/12/mf	4577344098991581206
B/traj/12/mf_sched	4577563758723228725
B/traj/12/nu_hp	4605301387425408547
B/traj/12/nu_lp	4604917853823734566
B/traj/12/phi_hp	4606502338263584357
B/traj/12/phi_lp	4605337657797427881
B/traj/12/pi_hpc	4616325014218462644
B/traj/12/pi_lpc	4611903599314681235
B/traj/12/required	4560345095240102464
B/traj/12/s	4588807732320345783
B/traj/12/sp_thrust	4646986623612290360
B/traj/12/v	13801192924680030421
B/traj/12/v_cmd	13805792340305740811
B/traj/12/v_regime	10791139852042193048
B/traj/13/nkeys	24
B/traj/13/Tt4	4652513246351201050
B/traj/13/b	4586472482374260966
B/traj/13/b_cmd	4587427355919156301
B/traj/13/branch	13126223303132988745
B/traj/13/f	4581144172457801043
B/traj/13/g	4556400996071398967
B/traj/13/ic_iters	1
B/traj/13/ic_order	15359057144970489593
B/traj/13/ic_res	0
B/traj/13/mdot_air	4603303433506864823
B/traj/13/mf	4577401570379094525
B/traj/13/mf_sched	4577644238267444463
B/traj/13/nu_hp	4605302854513987044
B/traj/13/nu_lp	4604919276358771520
B/traj/13/phi_hp	4606490186996156134
B/traj/13/phi_lp	4605338040692333818
B/traj/13/pi_hpc	4616331801344447856
B/traj/13/pi_lpc	4611909251778313675
B/traj/13/required	4560691559256137728
B/traj/13/s	4589348164275630243
B/traj/13/sp_thrust	4647036275454691969
B/traj/13/v	13801875444961918316
B/traj/13/v_cmd	13806098387725642935
B/traj/13/v_regime	10791139852042193048
B/traj/14/nkeys	24
B/traj/14/Tt4	4652541097837709258
B/traj/14/b	4586567391108771266
B/traj/14/b_cmd	4587510378857664945
B/traj/14/branch	13126223303132988745
B/traj/14/f	4581196988383606482
B/traj/14/g	4557132026494108299
B/traj/14/ic_iters	1
B/traj/14/ic_order	15359057144970489593
B/traj/14/ic_res	0
B/traj/14/mdot_air	4603301396036981571
B/traj/14/mf	4577459205222600597
B/traj/14/mf_sched	4577724717811660201
B/traj/14/nu_hp	4605304424326845757
B/traj/14/nu_lp	4604920788145125293
B/traj/14/phi_hp	4606478193806101678
B/traj/14/phi_lp	4605338523746324889
B/traj/14/pi_hpc	4616338660152372097
B/traj/14/pi_lpc	4611914931691179924
B/traj/14/required	4561026835570277264
B/traj/14/s	4589708452245819883
B/traj/14/sp_thrust	4647085925208199290
B/traj/14/v	13802550098803109306
B/traj/14/v_cmd	13806392652906664630
B/traj/14/v_regime	10791139852042193048
B/traj/15/nkeys	24
B/traj/15/Tt4	4652568973192740210
B/traj/15/b	4586661025977025726
B/traj/15/b_cmd	4587590502637695120
B/traj/15/branch	13126223303132988745
B/traj/15/f	4581249848589438486
B/traj/15/g	4557749575068339574
B/traj/15/ic_iters	1
B/traj/15/ic_order	15359057144970489593
B/traj/15/ic_res	0
B/traj/15/mdot_air	4603299525830676837
B/traj/15/mf	4577517050368577932
B/traj/15/mf_sched	4577805197355875939
B/traj/15/nu_hp	4605306096567161692
B/traj/15/nu_lp	4604922389217922105
B/traj/15/phi_hp	4606466346837833894
B/traj/15/phi_lp	4605339082188823519
B/traj/15/pi_hpc	4616345598701297377
B/traj/15/pi_lpc	4611920634866567529
B/traj/15/required	4561352223698256144
B/traj/15/s	4590068740216009523
B/traj/15/sp_thrust	4647135611021842573
B/traj/15/v	13803215526143313755
B/traj/15/v_cmd	13806676450701145114
B/traj/15/v_regime	10791139852042193048
B/traj/16/nkeys	24
B/traj/16/Tt4	4652596890174156279
B/traj/16/b	4586753246074032865
B/traj/16/b_cmd	4587667997635944286
B/traj/16/branch	13126223303132988745
B/traj/16/f	4581302788037732608
B/traj/16/g	4558107787733120799
B/traj/16/ic_iters	1
B/traj/16/ic_order	15359057144970489593
B/traj/16/ic_res	0
B/traj/16/mdot_air	4603297815071702728
B/traj/16/mf	4577575141621244843
B/traj/16/mf_sched	4577885676900091677
B/traj/16/nu_hp	4605307871022337047
B/traj/16/nu_lp	4604924079775617203
B/traj/16/phi_hp	4606454637446456281
B/traj/16/phi_lp	4605339697746048304
B/traj/16/pi_hpc	4616352623073351820
B/traj/16/pi_lpc	4611926358347410800
B/traj/16/required	4561668662600524048
B/traj/16/s	4590429028186199163
B/traj/16/sp_thrust	4647185361011158402
B/traj/16/v	13803701784311698725
B/traj/16/v_cmd	13806950743252395165
B/traj/16/v_regime	10791139852042193048
B/traj/17/nkeys	24
B/traj/17/Tt4	4652624861817652798
B/traj/17/b	4586843945920291994
B/traj/17/b_cmd	4587743061194260979
B/traj/17/branch	13126223303132988745
B/traj/17/f	4581355832399953746
B/traj/17/g	4558461620141187867
B/traj/17/ic_iters	1
B/traj/17/ic_order	15359057144970489593
B/traj/17/ic_res	0
B/traj/17/mdot_air	4603296258177205354
B/traj/17/mf	4577633506639956389
B/traj/17/mf_sched	4577966156444307415
B/traj/17/nu_hp	4605309747542204790
B/traj/17/nu_lp	4604925860137602711
B/traj/17/phi_hp	4606443059348944012
B/traj/17/phi_lp	4605340356933293128
B/traj/17/pi_hpc	4616359737895433962
B/traj/17/pi_lpc	4611932100086433933
B/traj/17/required	4561976824473846240
B/traj/17/s	4590789316156388803
B/traj/17/sp_thrust	4647235195876377800
B/traj/17/v	13804023873824718214
B/traj/17/v_cmd	13807216233170730136
B/traj/17/v_regime	10791139852042193048
B/traj/18/nkeys	24
B/traj/18/Tt4	4652652897660916075
B/traj/18/b	4586933046120151727
B/traj/18/b_cmd	4587815836890563018
B/traj/18/branch	13126223303132988745
B/traj/18/f	4581409000460931893
B/traj/18/g	4558810725794288153
B/traj/18/ic_iters	1
B/traj/18/ic_order	15359057144970489593
B/traj/18/ic_res	0
B/traj/18/mdot_air	4603294851211740413
B/traj/18/mf	4577692167080853359
B/traj/18/mf_sched	4578046635988523153
B/traj/18/nu_hp	4605311726022917436
B/traj/18/nu_lp	4604927730712896740
B/traj/18/phi_hp	4606431607999255410
B/traj/18/phi_lp	4605341049796093347
B/traj/18/pi_hpc	4616366946723442550
B/traj/18/pi_lpc	4611937858709751351
B/traj/18/required	4562211803284641656
B/traj/18/s	4591149604126578443
B/traj/18/sp_thrust	4647285130837089995
B/traj/18/v	13804340172599919044
B/traj/18/v_cmd	13807473432155468013
B/traj/18/v_regime	10791139852042193048
B/traj/19/nkeys	24
B/traj/19/Tt4	4652681004650543734
B/traj/19/b	4587020486484623177
B/traj/19/b_cmd	4587886428727382124
B/traj/19/branch	13126223303132988745
B/traj/19/f	4581462305901158129
B/traj/19/g	4559154828914723953
B/traj/19/ic_iters	1
B/traj/19/ic_order	15359057144970489593
B/traj/19/ic_res	0
B/traj/19/mdot_air	4603293591455356850
B/traj/19/mf	4577751140180041861
B/traj/19/mf_sched	4578127115532738892
B/traj/19/nu_hp	4605313806395041400
B/traj/19/nu_lp	4604929691977019804
B/traj/19/phi_hp	4606420280128263099
B/traj/19/phi_lp	4605341768982172792
B/traj/19/pi_hpc	4616374252325293400
B/traj/19/pi_lpc	4611943633342137284
B/traj/19/required	4562358246143439584
B/traj/19/s	4591509892096768083
B/traj/19/sp_thrust	4647335177061850076
B/traj/19/v	13804650461640262517
B/traj/19/v_cmd	13807722711534738056
B/traj/19/v_regime	10791139852042193048
B/traj/20/nkeys	24
B/traj/20/Tt4	4652709187813902178
B/traj/20/b	4587106220968637354
B/traj/20/b_cmd	4587954911578718664
B/traj/20/branch	13126223303132988745
B/traj/20/f	4581515758617882559
B/traj/20/g	4559493705718242358
B/traj/20/ic_iters	1
B/traj/20/ic_order	15359057144970489593
B/traj/20/ic_res	0
B/traj/20/mdot_air	4603292477085232783
B/traj/20/mf	4577810439924037699
B/traj/20/mf_sched	4578207595076954630
B/traj/20/nu_hp	4605315988614763451
B/traj/20/nu_lp	4604931744454920963
B/traj/20/phi_hp	4606409073405019983
B/traj/20/phi_lp	4605342509057210890
B/traj/20/pi_hpc	4616381656889404057
B/traj/20/pi_lpc	4611949423477876233
B/traj/20/required	4562501062084338096
B/traj/20/s	4591870180066957723
B/traj/20/sp_thrust	4647385342724581918
B/traj/20/v	13804954572879612742
B/traj/20/v_cmd	13807964339487630272
B/traj/20/v_regime	10791139852042193048
B/traj/21/nkeys	24
B/traj/21/Tt4	4652737450756825896
B/traj/21/b	4587190213944175989
B/traj/21/b_cmd	4588021338881906991
B/traj/21/branch	13126223303132988745
B/traj/21/f	4581569365704304763
B/traj/21/g	4559827170567741169
B/traj/21/ic_iters	1
B/traj/21/ic_order	15359057144970489593
B/traj/21/ic_res	0
B/traj/21/mdot_air	4603291506941016470
B/traj/21/mf	4577870077915159761
B/traj/21/mf_sched	4578288074621170368
B/traj/21/nu_hp	4605318272657400072
B/traj/21/nu_lp	4604933888708374471
B/traj/21/phi_hp	4606397986187359242
B/traj/21/phi_lp	4605343266000364507
B/traj/21/pi_hpc	4616389162178285839
B/traj/21/pi_lpc	4611955228885307645
B/traj/21/required	4562640320876490280
B/traj/21/s	4592230468037147363
B/traj/21/sp_thrust	4647435633785201285
B/traj/21/v	13805252375913699278
B/traj/21/v_cmd	13808117482987597941
B/traj/21/v_regime	10791139852042193048
B/traj/22/nkeys	24
B/traj/22/Tt4	4652765796032294886
B/traj/22/b	4587272437456907008
B/traj/22/b_cmd	4588085748300863218
B/traj/22/branch	13126223303132988745
B/traj/22/f	4581623132175319800
B/traj/22/g	4560155065734474909
B/traj/22/ic_iters	1
B/traj/22/ic_order	15359057144970489593
B/traj/22/ic_res	0
B/traj/22/mdot_air	4603290680351877052
B/traj/22/mf	4577930064011454640
B/traj/22/mf_sched	4578368554165386106
B/traj/22/nu_hp	4605320658512610888
B/traj/22/nu_lp	4604936125326680063
B/traj/22/phi_hp	4606387017338271100
B/traj/22/phi_lp	4605344036832327333
B/traj/22/pi_hpc	4616396769641703878
B/traj/22/pi_lpc	4611961049536279928
B/traj/22/required	4562776062380739416
B/traj/22/s	4592590756007337003
B/traj/22/sp_thrust	4647486054566452900
B/traj/22/v	13805543768235203046
B/traj/22/v_cmd	13808230906428390654
B/traj/22/v_regime	10791139852042193048
B/traj/23/nkeys	24
B/traj/23/Tt4	4652794225413537564
B/traj/23/b	4587352869206872711
B/traj/23/b_cmd	4588148165895532473
B/traj/23/branch	13126223303132988745
B/traj/23/f	4581677061505414351
B/traj/23/g	4560477253825633901
B/traj/23/ic_iters	1
B/traj/23/ic_order	15359057144970489593
B/traj/23/ic_res	0
B/traj/23/mdot_air	4603289997009051812
B/traj/23/mf	4577990406799972941
B/traj/23/mf_sched	4578449033709601844
B/traj/23/nu_hp	4605323146180873029
B/traj/23/nu_lp	4604938454919804644
B/traj/23/phi_hp	4606376166090712746
B/traj/23/phi_lp	4605344819341117815
B/traj/23/pi_hpc	4616404480500054958
B/traj/23/pi_lpc	4611966885554019480
B/traj/23/required	4562908304182566328
B/traj/23/s	4592951043977526643
B/traj/23/sp_thrust	4647536608180164764
B/traj/23/v	13805828668048721480
B/traj/23/v_cmd	13808340716932138103
B/traj/23/v_regime	10791139852042193048
B/traj/24/nkeys	24
B/traj/24/Tt4	4652822740096342398
B/traj/24/b	4587431491062195029
B/traj/24/b_cmd	4588208609191356852
B/traj/24/branch	13126223303132988745
B/traj/24/f	4581731156027345485
B/traj/24/g	4560793612182648985
B/traj/24/ic_iters	1
B/traj/24/ic_order	15359057144970489593
B/traj/24/ic_res	0
B/traj/24/mdot_air	4603289456871937237
B/traj/24/mf	4578051113946875236
B/traj/24/mf_sched	4578529513253817582
B/traj/24/nu_hp	4605325735670888506
B/traj/24/nu_lp	4604940878113328225
B/traj/24/phi_hp	4606365431948080672
B/traj/24/phi_lp	4605345611879929715
B/traj/24/pi_hpc	4616412295805807001
B/traj/24/pi_lpc	4611972737174613362
B/traj/24/required	4563037047231022232
B/traj/24/s	4593311331947716283
B/traj/24/sp_thrust	4647587296842237315
B/traj/24/v	13806107008984975367
B/traj/24/v_cmd	13808446947738785188
B/traj/24/v_regime	10791139852042193048
B/traj/25/nkeys	24
B/traj/25/Tt4	4652851340848940320
B/traj/25/b	4587508287965141024
B/traj/25/b_cmd	4588267089438770541
B/traj/25/branch	13126223303132988745
B/traj/25/f	4581785417227655224
B/traj/25/g	4561104028736005322
B/traj/25/ic_iters	1
B/traj/25/ic_order	15359057144970489593
B/traj/25/ic_res	0
B/traj/25/mdot_air	4603289060098911235
B/traj/25/mf	4578112192456506203
B/traj/25/mf_sched	4578609992798033320
B/traj/25/nu_hp	4605328426997681979
B/traj/25/nu_lp	4604943395544723278
B/traj/25/phi_hp	4606354814610941253
B/traj/25/phi_lp	4605346413218118791
B/traj/25/pi_hpc	4616420216488778437
B/traj/25/pi_lpc	4611978604718555640
B/traj/25/required	4563162280003567328
B/traj/25/s	4593671619917905921
B/traj/25/sp_thrust	4647638122105423618
B/traj/25/v	13806378736213047988
B/traj/25/v_cmd	13808549621251600823
B/traj/25/v_regime	10791139852042193048
B/traj/26/nkeys	24
B/traj/26/Tt4	4652880028123060843
B/traj/26/b	4587583247126989098
B/traj/26/b_cmd	4588323613276295672
B/traj/26/branch	13126223303132988745
B/traj/26/f	4581839845965745341
B/traj/26/g	4561408398936457199
B/traj/26/ic_iters	1
B/traj/26/ic_order	15359057144970489593
B/traj/26/ic_res	0
B/traj/26/mdot_air	4603288806996388747
B/traj/26/mf	4578173648863193699
B/traj/26/mf_sched	4578690472342249058
B/traj/26/nu_hp	4605331220181209389
B/traj/26/nu_lp	4604946007860619612
B/traj/26/phi_hp	4606344313923094895
B/traj/26/phi_lp	4605347222431368641
B/traj/26/pi_hpc	4616428243389513750
B/traj/26/pi_lpc	4611984488569732568
B/traj/26/required	4563283981581138568
B/traj/26/s	4593851763903000741
B/traj/26/sp_thrust	4647689085031372268
B/traj/26/v	13806643803581604047
B/traj/26/v_cmd	13808648752004671698
B/traj/26/v_regime	10791139852042193048
B/traj/27/nkeys	24
B/traj/27/Tt4	4652908802136238747
B/traj/27/b	4587656357435453372
B/traj/27/b_cmd	4588378183954511381
B/traj/27/branch	13126223303132988745
B/traj/27/f	4581894442636320584
B/traj/27/g	4561706623481669195
B/traj/27/ic_iters	1
B/traj/27/ic_order	15359057144970489593
B/traj/27/ic_res	0
B/traj/27/mdot_air	4603288697981319634
B/traj/27/mf	4578235489373333687
B/traj/27/mf_sched	4578770951886464796
B/traj/27/nu_hp	4605334115245344643
B/traj/27/nu_lp	4604948715714797700
B/traj/27/phi_hp	4606333929831874212
B/traj/27/phi_lp	4605348038820742819
B/traj/27/pi_hpc	4616436377283890827
B/traj/27/pi_lpc	4611990389159906064
B/traj/27/required	4563402123917545088
B/traj/27/s	4594031907888095561
B/traj/27/sp_thrust	4647727500882075972
B/traj/27/v	13806902171517367146
B/traj/27/v_cmd	13808744348847729097
B/traj/27/v_regime	10791139852042193048
B/traj/28/nkeys	24
B/traj/28/Tt4	4652937662932835045
B/traj/28/b	4587727609018538208
B/traj/28/b_cmd	4588430802236714460
B/traj/28/branch	13126223303132988745
B/traj/28/f	4581949207289880109
B/traj/28/g	4561998606630592000
B/traj/28/ic_iters	1
B/traj/28/ic_order	15359057144970489593
B/traj/28/ic_res	0
B/traj/28/mdot_air	4603288733553596530
B/traj/28/mf	4578297719970741750
B/traj/28/mf_sched	4578851431430680534
B/traj/28/nu_hp	4605337112217146104
B/traj/28/nu_lp	4604951519766720545
B/traj/28/phi_hp	4606323662358921428
B/traj/28/phi_lp	4605348861853033234
B/traj/28/pi_hpc	4616444618901270042
B/traj/28/pi_lpc	4611996306957260751
B/traj/28/required	4563516673513218880
B/traj/28/s	4594212051873190381
B/traj/28/sp_thrust	4647753120919435344
B/traj/28/v	13807153805480815247
B/traj/28/v_cmd	13808836416554689755
B/traj/28/v_regime	10791139852042193048
B/traj/29/nkeys	24
B/traj/29/Tt4	4652966610429300182
B/traj/29/b	4587796992923505330
B/traj/29/b_cmd	4588481467061554994
B/traj/29/branch	13126223303132988745
B/traj/29/f	4582004139722135701
B/traj/29/g	4562215338739182991
B/traj/29/ic_iters	1
B/traj/29/ic_order	15359057144970489593
B/traj/29/ic_res	0
B/traj/29/mdot_air	4603288914275768040
B/traj/29/mf	4578360346494866142
B/traj/29/mf_sched	4578931910974896272
B/traj/29/nu_hp	4605340211126330208
B/traj/29/nu_lp	4604954420680463759
B/traj/29/phi_hp	4606313511578680139
B/traj/29/phi_lp	4605349691116807731
B/traj/29/pi_hpc	4616452968937886626
B/traj/29/pi_lpc	4612002242457954128
B/traj/29/required	4563627592648585248
B/traj/29/s	4594392195858285201
B/traj/29/sp_thrust	4647778810464665531
B/traj/29/v	13807398674831838145
B/traj/29/v_cmd	13808924957007886360
B/traj/29/v_regime	10791139852042193048
B/traj/30/nkeys	24
B/traj/30/Tt4	4652995644447773242
B/traj/30/b	4587864500880540732
B/traj/30/b_cmd	4588530176030442277
B/traj/30/branch	13126223303132988745
B/traj/30/f	4582059239540417426
B/traj/30/g	4562354949460202597
B/traj/30/ic_iters	1
B/traj/30/ic_order	15359057144970489593
B/traj/30/ic_res	0
B/traj/30/mdot_air	4603289240758137262
B/traj/30/mf	4578423374698954429
B/traj/30/mf_sched	4579012390519112010
B/traj/30/nu_hp	4605343412004898453
B/traj/30/nu_lp	4604957419123940214
B/traj/30/phi_hp	4606303477602565827
B/traj/30/phi_lp	4605350526290029984
B/traj/30/pi_hpc	4616461428066739899
B/traj/30/pi_lpc	4612008196179885852
B/traj/30/required	4563734840291831248
B/traj/30/s	4594572339843380021
B/traj/30/sp_thrust	4647804569557042131
B/traj/30/v	13807636751996967867
B/traj/30/v_cmd	13809009970069918501
B/traj/30/v_regime	10791139852042193048
B/traj/31/nkeys	24
B/traj/31/Tt4	4653024764741048601
B/traj/31/b	4587930125128736232
B/traj/31/b_cmd	4588576925765960570
B/traj/31/branch	13126223303132988745
B/traj/31/f	4582114506213038834
B/traj/31/g	4562491301058238953
B/traj/31/ic_iters	1
B/traj/31/ic_order	15359057144970489593
B/traj/31/ic_res	0
B/traj/31/mdot_air	4603289713647830018
B/traj/31/mf	4578486810293415623
B/traj/31/mf_sched	4579092870063327748
B/traj/31/nu_hp	4605346714886878017
B/traj/31/nu_lp	4604960515768342704
B/traj/31/phi_hp	4606293560567316325
B/traj/31/phi_lp	4605351367116208778
B/traj/31/pi_hpc	4616469996944902705
B/traj/31/pi_lpc	4612014168658106923
B/traj/31/required	4563838372765922456
B/traj/31/s	4594752483828474841
B/traj/31/sp_thrust	4647830398180445089
B/traj/31/v	13807868011858409435
B/traj/31/v_cmd	13809091454225534727
B/traj/31/v_regime	10791139852042193048
B/traj/32/nkeys	24
B/traj/32/Tt4	4653053971011154544
B/traj/32/b	4587993858287911424
B/traj/32/b_cmd	4588621712175330837
B/traj/32/branch	13126223303132988745
B/traj/32/f	4582169939106046059
B/traj/32/g	4562624347933272742
B/traj/32/ic_iters	1
B/traj/32/ic_order	15359057144970489593
B/traj/32/ic_res	0
B/traj/32/mdot_air	4603290333620789449
B/traj/32/mf	4578550658978252137
B/traj/32/mf_sched	4579173349607543486
B/traj/32/nu_hp	4605350119808146600
B/traj/32/nu_lp	4604963711287748077
B/traj/32/phi_hp	4606283760626418966
B/traj/32/phi_lp	4605352213386833492
B/traj/32/pi_hpc	4616478676218931246
B/traj/32/pi_lpc	4612020160441440603
B/traj/32/required	4563938144237587040
B/traj/32/s	4594932627813569661
B/traj/32/sp_thrust	4647856296277482654
B/traj/32/v	13808064444412053406
B/traj/32/v_cmd	13809169407054233706
B/traj/32/v_regime	10791139852042193048
B/traj/33/nkeys	24
B/traj/33/Tt4	4653083262923205625
B/traj/33/b	4588055693264151698
B/traj/33/b_cmd	4588664530643983314
B/traj/33/branch	13126223303132988745
B/traj/33/f	4582225537510628211
B/traj/33/g	4562754044373615635
B/traj/33/ic_iters	1
B/traj/33/ic_order	15359057144970489593
B/traj/33/ic_res	0
B/traj/33/mdot_air	4603291101375927647
B/traj/33/mf	4578614926467425014
B/traj/33/mf_sched	4579253829151759224
B/traj/33/nu_hp	4605353626806319766
B/traj/33/nu_lp	4604967006358841085
B/traj/33/phi_hp	4606274077943802267
B/traj/33/phi_lp	4605353064928441981
B/traj/33/pi_hpc	4616487466528876207
B/traj/33/pi_lpc	4612026172089998778
B/traj/33/required	4564034107074625160
B/traj/33/s	4595112771798664481
B/traj/33/sp_thrust	4647882263759975591
B/traj/33/v	13808173223214001066
B/traj/33/v_cmd	13809243825578239826
B/traj/33/v_regime	10791139852042193048
B/traj/34/nkeys	24
B/traj/34/Tt4	4653112640115758951
B/traj/34/b	4588115623180140867
B/traj/34/b_cmd	4588705376177686705
B/traj/34/branch	13126223303132988745
B/traj/34/f	4582281300663616498
B/traj/34/g	4562880344408591950
B/traj/34/ic_iters	1
B/traj/34/ic_order	15359057144970489593
B/traj/34/ic_res	0
B/traj/34/mdot_air	4603292017630867768
B/traj/34/mf	4578679618507268712
B/traj/34/mf_sched	4579334308695974962
B/traj/34/nu_hp	4605357235920684716
B/traj/34/nu_lp	4604970401660727130
B/traj/34/phi_hp	4606264512689194216
B/traj/34/phi_lp	4605353921593101969
B/traj/34/pi_hpc	4616496368511264407
B/traj/34/pi_lpc	4612032204173360130
B/traj/34/required	4564126212105816592
B/traj/34/s	4595292915783759301
B/traj/34/sp_thrust	4647908300516754622
B/traj/34/v	13808278561098907742
B/traj/34/v_cmd	13809314706518758216
B/traj/34/v_regime	10791139852042193048
B/traj/35/nkeys	24
B/traj/35/Tt4	4653142102208585027
B/traj/35/b	4588173641323723809
B/traj/35/b_cmd	4588744243506812047
B/traj/35/branch	13126223303132988745
B/traj/35/f	4582337227762870076
B/traj/35/g	4563003201696311008
B/traj/35/ic_iters	1
B/traj/35/ic_order	15359057144970489593
B/traj/35/ic_res	0
B/traj/35/mdot_air	4603293083118858487
B/traj/35/mf	4578744740890519568
B/traj/35/mf_sched	4579414788240190700
B/traj/35/nu_hp	4605360947192168621
B/traj/35/nu_lp	4604973897874811143
B/traj/35/phi_hp	4606255065034707261
B/traj/35/phi_lp	4605354783251407379
B/traj/35/pi_hpc	4616505382801322505
B/traj/35/pi_lpc	4612038257269237473
B/traj/35/required	4564214408808741304
B/traj/35/s	4595473059768854121
B/traj/35/sp_thrust	4647934406419475117
B/traj/35/v	13808380448704074127
B/traj/35/v_cmd	13809382046484694139
B/traj/35/v_regime	10791139852042193048
B/traj/36/nkeys	24
B/traj/36/Tt4	4653171648808527085
B/traj/36/b	4588229741109869078
B/traj/36/b_cmd	4588781127162727512
B/traj/36/branch	13126223303132988745
B/traj/36/f	4582393317978879838
B/traj/36/g	4563122569437282158
B/traj/36/ic_iters	1
B/traj/36/ic_order	15359057144970489593
B/traj/36/ic_res	0
B/traj/36/mdot_air	4603294298586553311
B/traj/36/mf	4578810299467113912
B/traj/36/mf_sched	4579495267784406438
B/traj/36/nu_hp	4605364760663332744
B/traj/36/nu_lp	4604977495684725807
B/traj/36/phi_hp	4606245735152326081
B/traj/36/phi_lp	4605355649787327657
B/traj/36/pi_hpc	4616514510034643214
B/traj/36/pi_lpc	4612044331962506851
B/traj/36/required	4564298645444233400
B/traj/36/s	4595653203753948941
B/traj/36/sp_thrust	4647960581326968864
B/traj/36/v	13808478877235410020
B/traj/36/v_cmd	13809445842111665805
B/traj/36/v_regime	10791139852042193048
B/traj/37/nkeys	24
B/traj/37/Tt4	4653201279513947702
B/traj/37/b	4588283916052478148
B/traj/37/b_cmd	4588816021533677933
B/traj/37/branch	13126223303132988745
B/traj/37/f	4582449570463576090
B/traj/37/g	4563238400307037223
B/traj/37/ic_iters	1
B/traj/37/ic_order	15359057144970489593
B/traj/37/ic_res	0
B/traj/37/mdot_air	4603295664792427577
B/traj/37/mf	4578876300152610267
B/traj/37/mf_sched	4579575747328622176
B/traj/37/nu_hp	4605368676378385868
B/traj/37/nu_lp	4604981195776296738
B/traj/37/phi_hp	4606236523212060026
B/traj/37/phi_lp	4605356521094422078
B/traj/37/pi_hpc	4616523750848441131
B/traj/37/pi_lpc	4612050428844504245
B/traj/37/required	4564378869151295184
B/traj/37/s	4595833347739043761
B/traj/37/sp_thrust	4647986825088516832
B/traj/37/v	13808573838421071625
B/traj/37/v_cmd	13809506090164404756
B/traj/37/v_regime	10791139852042193048
B/traj/38/nkeys	24
B/traj/38/Tt4	4653230993918131857
B/traj/38/b	4588336159743427310
B/traj/38/b_cmd	4588848920905562778
B/traj/38/branch	13126223303132988745
B/traj/38/f	4582505984357069998
B/traj/38/g	4563350646402707943
B/traj/38/ic_iters	1
B/traj/38/ic_order	15359057144970489593
B/traj/38/ic_res	0
B/traj/38/mdot_air	4603297182505666467
B/traj/38/mf	4578942748934867166
B/traj/38/mf_sched	4579656226872837915
B/traj/38/nu_hp	4605372694383212253
B/traj/38/nu_lp	4604984998837535478
B/traj/38/phi_hp	4606227429380584646
B/traj/38/phi_lp	4605357397073059577
B/traj/38/pi_hpc	4616533105882507226
B/traj/38/pi_lpc	4612056548512520454
B/traj/38/required	4564455026012686456
B/traj/38/s	4596013491724138581
B/traj/38/sp_thrust	4648013137546326614
B/traj/38/v	13808665324477885230
B/traj/38/v_cmd	13809562787612202958
B/traj/38/v_regime	10791139852042193048
B/traj/39/nkeys	24
B/traj/39/Tt4	4653260791611919510
B/traj/39/b	4588386465836919175
B/traj/39/b_cmd	4588879819491596220
B/traj/39/branch	13126223303132988745
B/traj/39/f	4582562558792869293
B/traj/39/g	4563459259199823394
B/traj/39/ic_iters	1
B/traj/39/ic_order	15359057144970489593
B/traj/39/ic_res	0
B/traj/39/mdot_air	4603298852505400421
B/traj/39/mf	4579009651879443473
B/traj/39/mf_sched	4579736706417053653
B/traj/39/nu_hp	4605376814725410587
B/traj/39/nu_lp	4604988905558653568
B/traj/39/phi_hp	4606218453820243415
B/traj/39/phi_lp	4605358277628379108
B/traj/39/pi_hpc	4616542575779941463
B/traj/39/pi_lpc	4612062691569442814
B/traj/39/required	4564527061098736168
B/traj/39/s	4596193635709233401
B/traj/39/sp_thrust	4648039518537423681
B/traj/39/v	13808753328087135826
B/traj/39/v_cmd	13809615931684488705
B/traj/39/v_regime	10791139852042193048
B/traj/40/nkeys	24
B/traj/40/Tt4	4653290672185769710
B/traj/40/b	4588434828037729570
B/traj/40/b_cmd	4588908711453775809
B/traj/40/branch	13126223303132988745
B/traj/40/f	4582619292901968005
B/traj/40/g	4563564189516565425
B/traj/40/ic_iters	1
B/traj/40/ic_order	15359057144970489593
B/traj/40/ic_res	0
B/traj/40/mdot_air	4603300675580197759
B/traj/40/mf	4579077015134066457
B/traj/40/mf_sched	4579817185961269391
B/traj/40/nu_hp	4605381037454341329
B/traj/40/nu_lp	4604992916632092742
B/traj/40/phi_hp	4606209596688314830
B/traj/40/phi_lp	4605359162668795690
B/traj/40/pi_hpc	4616552161187722842
B/traj/40/pi_lpc	4612068858623505981
B/traj/40/required	4564594918494946760
B/traj/40/s	4596373779694328221
B/traj/40/sp_thrust	4648065967895111167
B/traj/40/v	13808837842377204461
B/traj/40/v_cmd	13809665519911765089
B/traj/40/v_regime	10791139852042193048
B/traj/41/nkeys	24
B/traj/41/Tt4	4653320635231405810
B/traj/41/b	4588481240092309400
B/traj/41/b_cmd	4588935590918322630
B/traj/41/branch	13126223303132988745
B/traj/41/f	4582676185816106588
B/traj/41/g	4563665387483439623
B/traj/41/ic_iters	1
B/traj/41/ic_order	15359057144970489593
B/traj/41/ic_res	0
B/traj/41/mdot_air	4603302652527747419
B/traj/41/mf	4579144844932422920
B/traj/41/mf_sched	4579897665505485129
B/traj/41/nu_hp	4605385362621180533
B/traj/41/nu_lp	4604997032752567579
B/traj/41/phi_hp	4606200858136474805
B/traj/41/phi_lp	4605360052104908108
B/traj/41/pi_hpc	4616561862757160064
B/traj/41/pi_lpc	4612075050288123821
B/traj/41/required	4564658541317515096
B/traj/41/s	4596553923679423041
B/traj/41/sp_thrust	4648092485450112273
B/traj/41/v	13808918860911204444
B/traj/41/v_cmd	13809711550155739623
B/traj/41/v_regime	10791139852042193048
B/traj/42/nkeys	24
B/traj/42/Tt4	4653350680343152279
B/traj/42/b	4588525695781976394
B/traj/42/b_cmd	4588960451986671956
B/traj/42/branch	13126223303132988745
B/traj/42/f	4582733236670421365
B/traj/42/g	4563762802516850059
B/traj/42/ic_iters	1
B/traj/42/ic_order	15359057144970489593
B/traj/42/ic_res	0
B/traj/42/mdot_air	4603304784154682887
B/traj/42/mf	4579213147597462354
B/traj/42/mf_sched	4579978145049700867
B/traj/42/nu_hp	4605389790278978735
B/traj/42/nu_lp	4605001254617117936
B/traj/42/phi_hp	4606192238310403251
B/traj/42/phi_lp	4605360945848702617
B/traj/42/pi_hpc	4616571681144254857
B/traj/42/pi_lpc	4612081267181781831
B/traj/42/required	4564717871719791344
B/traj/42/s	4596734067664517861
B/traj/42/sp_thrust	4648119071031479578
B/traj/42/v	13808996377678255842
B/traj/42/v_cmd	13809754020631474002
B/traj/42/v_regime	10791139852042193048
B/traj/43/nkeys	24
B/traj/43/Tt4	4653380807119044936
B/traj/43/b	4588568188917634057
B/traj/43/b_cmd	4588983288743183892
B/traj/43/branch	13126223303132988745
B/traj/43/f	4582790444605645543
B/traj/43/g	4563856383295458777
B/traj/43/ic_iters	1
B/traj/43/ic_order	15359057144970489593
B/traj/43/ic_res	0
B/traj/43/mdot_air	4603307071276510966
B/traj/43/mf	4579281929544352002
B/traj/43/mf_sched	4580058624593916605
B/traj/43/nu_hp	4605394320482723877
B/traj/43/nu_lp	4605005582925169188
B/traj/43/phi_hp	4606183737349496832
B/traj/43/phi_lp	4605361843812974605
B/traj/43/pi_hpc	4616581617010001480
B/traj/43/pi_lpc	4612087509927974942
B/traj/43/required	4564772850891929016
B/traj/43/s	4596914211649612681
B/traj/43/sp_thrust	4648145724467333373
B/traj/43/v	13809070387087398365
B/traj/43/v_cmd	13809792929923631863
B/traj/43/v_regime	10791139852042193048
B/traj/44/nkeys	24
B/traj/44/Tt4	4653411015161774992
B/traj/44/b	4588608713335603896
B/traj/44/b_cmd	4589004095260433978
B/traj/44/branch	13126223303132988745
B/traj/44/f	4582847808769981692
B/traj/44/g	4563946077738500327
B/traj/44/ic_iters	1
B/traj/44/ic_order	15359057144970489593
B/traj/44/ic_res	0
B/traj/44/mdot_air	4603309514717618871
B/traj/44/mf	4579351197283187546
B/traj/44/mf_sched	4580139104138132343
B/traj/44/nu_hp	4605398953289407503
B/traj/44/nu_lp	4605010018378598828
B/traj/44/phi_hp	4606175355386660366
B/traj/44/phi_lp	4605362745910910871
B/traj/44/pi_hpc	4616591671020639765
B/traj/44/pi_lpc	4612093779155179474
B/traj/44/required	4564823419055371608
B/traj/44/s	4597094355634707501
B/traj/44/sp_thrust	4648172445585475018
B/traj/44/v	13809140883963407315
B/traj/44/v_cmd	13809828276998345540
B/traj/44/v_regime	10791139852042193048
B/traj/45/nkeys	24
B/traj/45/Tt4	4653441304079511773
B/traj/45/b	4588647262894266608
B/traj/45/b_cmd	4589022865602709323
B/traj/45/branch	13126223303132988745
B/traj/45/f	4582905328320734649
B/traj/45/g	4564031832985435947
B/traj/45/ic_iters	1
B/traj/45/ic_order	15359057144970489593
B/traj/45/ic_res	0
B/traj/45/mdot_air	4603312115311340066
B/traj/45/mf	4579420957421536333
B/traj/45/mf_sched	4580190202359071257
B/traj/45/nu_hp	4605403688758093684
B/traj/45/nu_lp	4605014561681808371
B/traj/45/phi_hp	4606167092548156099
B/traj/45/phi_lp	4605363652055790124
B/traj/45/pi_hpc	4616601843847874581
B/traj/45/pi_lpc	4612100075496851045
B/traj/45/required	4564869515453390232
B/traj/45/s	4597274499619802321
B/traj/45/sp_thrust	4648199234213909221
B/traj/45/v	13809207863543971946
B/traj/45/v_cmd	13809860061211831208
B/traj/45/v_regime	10791139852042193048
B/traj/46/nkeys	24
B/traj/46/Tt4	4653471673486636995
B/traj/46/b	4588683831471288329
B/traj/46/b_cmd	4589039593828179505
B/traj/46/branch	13126223303132988745
B/traj/46/f	4582963002425770259
B/traj/46/g	4564113595376489714
B/traj/46/ic_iters	1
B/traj/46/ic_order	15359057144970489593
B/traj/46/ic_res	0
B/traj/46/mdot_air	4603314873900064370
B/traj/46/mf	4579491216666870350
B/traj/46/mf_sched	4580230442131179126
B/traj/46/nu_hp	4605408526949990260
B/traj/46/nu_lp	4605019213541799805
B/traj/46/phi_hp	4606158948953496158
B/traj/46/phi_lp	4605364562160770754
B/traj/46/pi_hpc	4616612136169071020
B/traj/46/pi_lpc	4612106399591442364
B/traj/46/required	4564911078338571016
B/traj/46/s	4597454643604897141
B/traj/46/sp_thrust	4648226090181300158
B/traj/46/v	13809271321477838795
B/traj/46/v_cmd	13809888282316572356
B/traj/46/v_regime	10791139852042193048
B/traj/47/nkeys	24
B/traj/47/Tt4	4653502123004415195
B/traj/47/b	4588718412961267250
B/traj/47/b_cmd	4589054273990079324
B/traj/47/branch	13126223303132988745
B/traj/47/f	4583020830264848771
B/traj/47/g	4564191310433725617
B/traj/47/ic_iters	1
B/traj/47/ic_order	15359057144970489593
B/traj/47/ic_res	0
B/traj/47/mdot_air	4603317791335381868
B/traj/47/mf	4579561981828931600
B/traj/47/mf_sched	4580270681903286995
B/traj/47/nu_hp	4605413467928522124
B/traj/47/nu_lp	4605023974668256021
B/traj/47/phi_hp	4606150924715366845
B/traj/47/phi_lp	4605365476138742816
B/traj/47/pi_hpc	4616622548667432396
B/traj/47/pi_lpc	4612112752082436476
B/traj/47/required	4564948044957901992
B/traj/47/s	4597634787589991961
B/traj/47/sp_thrust	4648253013317380046
B/traj/47/v	13809331253823627884
B/traj/47/v_cmd	13809912940465680354
B/traj/47/v_regime	10791139852042193048
B/traj/48/nkeys	24
B/traj/48/Tt4	4653532652261618309
B/traj/48/b	4588751001273679406
B/traj/48/b_cmd	4589066900137155828
B/traj/48/branch	13126223303132988745
B/traj/48/f	4583078811030868726
B/traj/48/g	4564264922842410245
B/traj/48/ic_iters	1
B/traj/48/ic_order	15359057144970489593
B/traj/48/ic_res	0
B/traj/48/mdot_air	4603320868478252815
B/traj/48/mf	4579633259822061759
B/traj/48/mf_sched	4580310921675394864
B/traj/48/nu_hp	4605418511759406334
B/traj/48/nu_lp	4605028845773624830
B/traj/48/phi_hp	4606143019939576813
B/traj/48/phi_lp	4605366393902227416
B/traj/48/pi_hpc	4616633082032166221
B/traj/48/pi_lpc	4612119133618392114
B/traj/48/required	4564980351535947288
B/traj/48/s	4597814931575086781
B/traj/48/sp_thrust	4648280003453323728
B/traj/48/v	13809387657049106791
B/traj/48/v_cmd	13809934036215877769
B/traj/48/v_regime	10791139852042193048
B/traj/49/nkeys	24
B/traj/49/Tt4	4653563260895117729
B/traj/49/b	4588781590331034558
B/traj/49/b_cmd	4589077466313562032
B/traj/49/branch	13126223303132988745
B/traj/49/f	4583136943931047896
B/traj/49/g	4564334376432469699
B/traj/49/ic_iters	1
B/traj/49/ic_order	15359057144970489593
B/traj/49/ic_res	0
B/traj/49/mdot_air	4603324106199197814
B/traj/49/mf	4579705057667520066
B/traj/49/mf_sched	4580351161447502733
B/traj/49/nu_hp	4605423658510728916
B/traj/49/nu_lp	4605033827573206292
B/traj/49/phi_hp	4606135234725023091
B/traj/49/phi_lp	4605367315363311075
B/traj/49/pi_hpc	4616643736958641874
B/traj/49/pi_lpc	4612125544852998833
B/traj/49/required	4565007933256451632
B/traj/49/s	4597995075560181601
B/traj/49/sp_thrust	4648307060422099305
B/traj/49/v	13809440528030764691
B/traj/49/v_cmd	13809951570529430852
B/traj/49/v_regime	10791139852042193048
B/traj/50/nkeys	24
B/traj/50/Tt4	4653593948550453741
B/traj/50/b	4588810174067176295
B/traj/50/b_cmd	4589085966558334795
B/traj/50/branch	13126223303132988745
B/traj/50/f	4583195228188060923
B/traj/50/g	4564399614159895412
B/traj/50/ic_iters	1
B/traj/50/ic_order	15359057144970489593
B/traj/50/ic_res	0
B/traj/50/mdot_air	4603327505378504266
B/traj/50/mf	4579777382495807590
B/traj/50/mf_sched	4580391401219610602
B/traj/50/nu_hp	4605428908253023261
B/traj/50/nu_lp	4605038920785243153
B/traj/50/phi_hp	4606127569163670514
B/traj/50/phi_lp	4605368240433606011
B/traj/50/pi_hpc	4616654514148542944
B/traj/50/pi_lpc	4612131986445140203
B/traj/50/required	4565030724242635656
B/traj/50/s	4598175219545276418
B/traj/50/sp_thrust	4648334184058802368
B/traj/50/v	13809489864053569940
B/traj/50/v_cmd	13809965544775274015
B/traj/50/v_regime	10791139852042193048
B/traj/51/nkeys	24
B/traj/51/Tt4	4653624714882389683
B/traj/51/b	4588836746425678187
B/traj/51/b_cmd	4589092394904554128
B/traj/51/branch	13126223303132988745
B/traj/51/f	4583253663041148364
B/traj/51/g	4564460578087988372
B/traj/51/ic_iters	1
B/traj/51/ic_order	15359057144970489593
B/traj/51/ic_res	0
B/traj/51/mdot_air	4603331066906445834
B/traj/51/mf	4579850241549011708
B/traj/51/mf_sched	4580431640991718471
B/traj/51/nu_hp	4605434261059350049
B/traj/51/nu_lp	4605044126131014267
B/traj/51/phi_hp	4606120023340541328
B/traj/51/phi_lp	4605369169024229396
B/traj/51/pi_hpc	4616665414310016214
B/traj/51/pi_lpc	4612138459058963658
B/traj/51/required	4565048657536361456
B/traj/51/s	4598265291537823828
B/traj/51/sp_thrust	4648361374200979213
B/traj/51/v	13809535662810825959
B/traj/51/v_cmd	13809975960729499116
B/traj/51/v_regime	10791139852042193048
B/traj/52/nkeys	24
B/traj/52/Tt4	4653655559555456092
B/traj/52/b	4588861301358300091
B/traj/52/b_cmd	4589096745378255210
B/traj/52/branch	13126223303132988745
B/traj/52/f	4583312247747207647
B/traj/52/g	4564517209368356228
B/traj/52/ic_iters	1
B/traj/52/ic_order	15359057144970489593
B/traj/52/ic_res	0
B/traj/52/mdot_air	4603334791683512968
B/traj/52/mf	4579923642183181464
B/traj/52/mf_sched	4580471880763826340
B/traj/52/nu_hp	4605439717005378669
B/traj/52/nu_lp	4605049444334930911
B/traj/52/phi_hp	4606112597333712729
B/traj/52/phi_lp	4605370101045796907
B/traj/52/pi_hpc	4616676438157819026
B/traj/52/pi_lpc	4612144963363956189
B/traj/52/required	4565061665076296896
B/traj/52/s	4598355363530371238
B/traj/52/sp_thrust	4648388630688943164
B/traj/52/v	13809577922404062179
B/traj/52/v_cmd	13809982820575344846
B/traj/52/v_regime	10791139852042193048
B/traj/53/nkeys	24
B/traj/53/Tt4	4653686482244488970
B/traj/53/b	4588883832823478323
B/traj/53/b_cmd	4589099011997151504
B/traj/53/branch	13126223303132988745
B/traj/53/f	4583370981581874161
B/traj/53/g	4564569448221596550
B/traj/53/ic_iters	1
B/traj/53/ic_order	15359057144970489593
B/traj/53/ic_res	0
B/traj/53/mdot_air	4603338680620652682
B/traj/53/mf	4579997591870742161
B/traj/53/mf_sched	4580512120535934209
B/traj/53/nu_hp	4605445276169470117
B/traj/53/nu_lp	4605054876124635956
B/traj/53/phi_hp	4606105291214320266
B/traj/53/phi_lp	4605371036408426671
B/traj/53/pi_hpc	4616687586413466099
B/traj/53/pi_lpc	4612151500035025173
B/traj/53/required	4565069677675176912
B/traj/53/s	4598445435522918648
B/traj/53/sp_thrust	4648415953366086992
B/traj/53/v	13809616641342914000
B/traj/53/v_cmd	13809986126902776032
B/traj/53/v_regime	10791139852042193048
B/traj/54/nkeys	24
B/traj/54/Tt4	4653717482635165014
B/traj/54/b	4588904334784830157
B/traj/54/b_cmd	4589099188769202165
B/traj/54/branch	13126223303132988745
B/traj/54/f	4583429863840598202
B/traj/54/g	4564617233917612891
B/traj/54/ic_iters	1
B/traj/54/ic_order	15359057144970489593
B/traj/54/ic_res	0
B/traj/54/mdot_air	4603342734639516603
B/traj/54/mf	4580072098202955857
B/traj/54/mf_sched	4580552360308042078
B/traj/54/nu_hp	4605450938632761361
B/traj/54/nu_lp	4605060422231105864
B/traj/54/phi_hp	4606098105046566171
B/traj/54/phi_lp	4605371975021751095
B/traj/54/pi_hpc	4616698859805376730
B/traj/54/pi_lpc	4612158069752583856
B/traj/54/required	4565072624996213600
B/traj/54/s	4598535507515466058
B/traj/54/sp_thrust	4648443342079193655
B/traj/54/v	13809651818544957442
B/traj/54/v_cmd	13809985882707729366
B/traj/54/v_regime	10791139852042193048
B/traj/55/nkeys	24
B/traj/55/Tt4	4653748560424536004
B/traj/55/b	4588922801209658134
B/traj/55/b_cmd	4589097269691054861
B/traj/55/branch	13126223303132988745
B/traj/55/f	4583488893839722179
B/traj/55/g	4564660504755520002
B/traj/55/ic_iters	1
B/traj/55/ic_order	15359057144970489593
B/traj/55/ic_res	0
B/traj/55/mdot_air	4603346954672716462
B/traj/55/mf	4580147168892433206
B/traj/55/mf_sched	4580592600080149947
B/traj/55/nu_hp	4605456704479251194
B/traj/55/nu_lp	4605066083388755515
B/traj/55/phi_hp	4606091038887731422
B/traj/55/phi_lp	4605372916794934559
B/traj/55/pi_hpc	4616710259069023174
B/traj/55/pi_lpc	4612164673202641180
B/traj/55/required	4565070435528704128
B/traj/55/s	4598625579508013468
B/traj/55/sp_thrust	4648470796678747010
B/traj/55/v	13809683453335473360
B/traj/55/v_cmd	13809982091391069931
B/traj/55/v_regime	10791139852042193048
B/traj/56/nkeys	24
B/traj/56/Tt4	4653779715321564033
B/traj/56/b	4588939226067443344
B/traj/56/b_cmd	4589093248746384488
B/traj/56/branch	13126223303132988745
B/traj/56/f	4583548070917561453
B/traj/56/g	4564699198043102195
B/traj/56/ic_iters	1
B/traj/56/ic_order	15359057144970489593
B/traj/56/ic_res	0
B/traj/56/mdot_air	4603351341664086419
B/traj/56/mf	4580191816405747801
B/traj/56/mf_sched	4580632839852257816
B/traj/56/nu_hp	4605462573795887579
B/traj/56/nu_lp	4605071860335545875
B/traj/56/phi_hp	4606084092788190910
B/traj/56/phi_lp	4605373861636695429
B/traj/56/pi_hpc	4616721784947080613
B/traj/56/pi_lpc	4612171311076895676
B/traj/56/required	4565063036562856560
B/traj/56/s	4598715651500560878
B/traj/56/sp_thrust	4648498317019243739
B/traj/56/v	13809711545447122847
B/traj/56/v_cmd	13809974756757303892
B/traj/56/v_regime	10791139852042193048
B/traj/57/nkeys	24
B/traj/57/Tt4	4653810947047658737
B/traj/57/b	4588953603328319562
B/traj/57/b_cmd	4589087119904142386
B/traj/57/branch	13126223303132988745
B/traj/57/f	4583607394435491141
B/traj/57/g	4564733250075793440
B/traj/57/ic_iters	1
B/traj/57/ic_order	15359057144970489593
B/traj/57/ic_res	0
B/traj/57/mdot_air	4603355896568951846
B/traj/57/mf	4580229927925812467
B/traj/57/mf_sched	4580673079624365685
B/traj/57/nu_hp	4605468546672656515
B/traj/57/nu_lp	4605077753813094534
B/traj/57/phi_hp	4606077266791431163
B/traj/57/phi_lp	4605374809455331370
B/traj/57/pi_hpc	4616733438189579199
B/traj/57/pi_lpc	4612177984072833332
B/traj/57/required	4565050354163843312
B/traj/57/s	4598805723493108288
B/traj/57/sp_thrust	4648525902959507396
B/traj/57/v	13809736095019519979
B/traj/57/v_cmd	13809963883013069313
B/traj/57/v_regime	10791139852042193048
B/traj/58/nkeys	24
B/traj/58/Tt4	4653842255337217388
B/traj/58/b	4588965926961522117
B/traj/58/b_cmd	4589078877116727709
B/traj/58/branch	13126223303132988745
B/traj/58/f	4583666863779040633
B/traj/58/g	4564762596115151768
B/traj/58/ic_iters	1
B/traj/58/ic_order	15359057144970489593
B/traj/58/ic_res	0
B/traj/58/mdot_air	4603360620354404490
B/traj/58/mf	4580268333570460440
B/traj/58/mf_sched	4580713319396473554
B/traj/58/nu_hp	4605474623202672454
B/traj/58/nu_lp	4605083764566789145
B/traj/58/phi_hp	4606070560934070300
B/traj/58/phi_lp	4605375760158747258
B/traj/58/pi_hpc	4616745219554058637
B/traj/58/pi_lpc	4612184692893829296
B/traj/58/required	4565032313145093680
B/traj/58/s	4598895795485655698
B/traj/58/sp_thrust	4648553554363005274
B/traj/58/v	13809757102598691980
B/traj/58/v_cmd	13809949474765428405
B/traj/58/v_regime	10791139852042193048
B/traj/59/nkeys	24
B/traj/59/Tt4	4653873639938168625
B/traj/59/b	4588976190933806820
B/traj/59/b_cmd	4589068514318086150
B/traj/59/branch	13126223303132988745
B/traj/59/f	4583726478358997398
B/traj/59/g	4564787170366802967
B/traj/59/ic_iters	1
B/traj/59/ic_order	15359057144970489593
B/traj/59/ic_res	0
B/traj/59/mdot_air	4603365513999583567
B/traj/59/mf	4580307037451840110
B/traj/59/mf_sched	4580753559168581423
B/traj/59/nu_hp	4605480803482270295
B/traj/59/nu_lp	4605089893345903810
B/traj/59/phi_hp	4606063975245879849
B/traj/59/phi_lp	4605376713654484877
B/traj/59/pi_hpc	4616757129805725315
B/traj/59/pi_lpc	4612191438249253363
B/traj/59/required	4565008837040807760
B/traj/59/s	4598985867478203108
B/traj/59/sp_thrust	4648581271098168573
B/traj/59/v	13809774569136419300
B/traj/59/v_cmd	13809931537019979269
B/traj/59/v_regime	10791139852042193048
B/traj/60/nkeys	24
B/traj/60/Tt4	4653905100612520201
B/traj/60/b	4588984389207835237
B/traj/60/b_cmd	4589056025421744216
B/traj/60/branch	13126223303132988745
B/traj/60/f	4583786237612520882
B/traj/60/g	4564806905957830272
B/traj/60/ic_iters	1
B/traj/60/ic_order	15359057144970489593
B/traj/60/ic_res	0
B/traj/60/mdot_air	4603370578495963114
B/traj/60/mf	4580346043749508772
B/traj/60/mf_sched	4580793798940689292
B/traj/60/nu_hp	4605487087611098995
B/traj/60/nu_lp	4605096140903718459
B/traj/60/phi_hp	4606057509749808252
B/traj/60/phi_lp	4605377669849754194
B/traj/60/pi_hpc	4616769169717612600
B/traj/60/pi_lpc	4612198220854579259
B/traj/60/required	4564979848077695936
B/traj/60/s	4599075939470750518
B/traj/60/sp_thrust	4648609053038716360
B/traj/60/v	13809788495989450291
B/traj/60/v_cmd	13809910075178791631
B/traj/60/v_regime	10791139852042193048
B/traj/61/nkeys	24
B/traj/61/Tt4	4653936637136911253
B/traj/61/b	4588990515740523541
B/traj/61/b_cmd	4589041404318781129
B/traj/61/branch	13126223303132988745
B/traj/61/f	4583846141004267465
B/traj/61/g	4564821734913587780
B/traj/61/ic_iters	1
B/traj/61/ic_order	15359057144970489593
B/traj/61/ic_res	0
B/traj/61/mdot_air	4603375814847645287
B/traj/61/mf	4580385356711881797
B/traj/61/mf_sched	4580834038712797161
B/traj/61/nu_hp	4605493475692216838
B/traj/61/nu_lp	4605102507997641275
B/traj/61/phi_hp	4606051164462005928
B/traj/61/phi_lp	4605378628651465781
B/traj/61/pi_hpc	4616781340070744207
B/traj/61/pi_lpc	4612205041431497683
B/traj/61/required	4564945267145919616
B/traj/61/s	4599166011463297928
B/traj/61/sp_thrust	4648636900063983460
B/traj/61/v	13809798884918586334
B/traj/61/v_cmd	13809885095038183324
B/traj/61/v_regime	10791139852042193048
B/traj/62/nkeys	24
B/traj/62/Tt4	4653968249303169370
B/traj/62/b	4588994564481352540
B/traj/62/b_cmd	4589024644875740656
B/traj/62/branch	13126223303132988745
B/traj/62/f	4583906188027527135
B/traj/62/g	4564831588133916046
B/traj/62/ic_iters	1
B/traj/62/ic_order	15359057144970489593
B/traj/62/ic_res	0
B/traj/62/mdot_air	4603381224071659756
B/traj/62/mf	4580424980657719149
B/traj/62/mf_sched	4580874278484905030
B/traj/62/nu_hp	4605499967832188395
B/traj/62/nu_lp	4605108995389334219
B/traj/62/phi_hp	4606044939391851646
B/traj/62/phi_lp	4605379589966264040
B/traj/62/pi_hpc	4616793641654301015
B/traj/62/pi_lpc	4612211900708033145
B/traj/62/required	4564905013769224624
B/traj/62/s	4599256083455845338
B/traj/62/sp_thrust	4648664812059252752
B/traj/62/v	13809805738087634696
B/traj/62/v_cmd	13809856602786336793
B/traj/62/v_regime	10791139852042193048
B/traj/63/nkeys	24
B/traj/63/Tt4	4653999936918872628
B/traj/63/b	4588996529370637143
B/traj/63/b_cmd	4589005740932485798
B/traj/63/branch	13126223303132988745
B/traj/63/f	4583966378205372165
B/traj/63/g	4564836395368738641
B/traj/63/ic_iters	1
B/traj/63/ic_order	15359057144970489593
B/traj/63/ic_res	0
B/traj/63/mdot_air	4603386807198269363
B/traj/63/mf	4580464919977650606
B/traj/63/mf_sched	4580914518257012899
B/traj/63/nu_hp	4605506564141183228
B/traj/63/nu_lp	4605115603844841725
B/traj/63/phi_hp	4606038834541980298
B/traj/63/phi_lp	4605380553700561316
B/traj/63/pi_hpc	4616806075265791466
B/traj/63/pi_lpc	4612218799418664667
B/traj/63/required	4564859006074237472
B/traj/63/s	4599346155448392748
B/traj/63/sp_thrust	4648692788916091822
B/traj/63/v	13809809058062226950
B/traj/63/v_cmd	13809824605000766377
B/traj/63/v_regime	10791139852042193048
B/traj/64/nkeys	24
B/traj/64/Tt4	4654031670232188664
B/traj/64/b	4588996401825219089
B/traj/64/b_cmd	4588984504806824652
B/traj/64/branch	13126223303132988745
B/traj/64/f	4584026652169912170
B/traj/64/g	4564836541143476304
B/traj/64/ic_iters	1
B/traj/64/ic_order	15359057144970489593
B/traj/64/ic_res	0
B/traj/64/mdot_air	4603392571333661643
B/traj/64/mf	4580505150638837371
B/traj/64/mf_sched	4580954758029120768
B/traj/64/nu_hp	4605513264715995159
B/traj/64/nu_lp	4605122334114944818
B/traj/64/phi_hp	4606032860490062420
B/traj/64/phi_lp	4605381528020723831
B/traj/64/pi_hpc	4616818636142040235
B/traj/64/pi_lpc	4612225736828538848
B/traj/64/required	4564807174965524176
B/traj/64/s	4599436227440940158
B/traj/64/sp_thrust	4648720808142695286
B/traj/64/v	13809808843573485869
B/traj/64/v_cmd	13809788802922075982
B/traj/64/v_regime	10791139852042193048
B/traj/65/nkeys	24
B/traj/65/Tt4	4654063276323238417
B/traj/65/b	4588994107603197215
B/traj/65/b_cmd	4588959935883258849
B/traj/65/branch	13126223303132988745
B/traj/65/f	4584086665511791542
B/traj/65/g	4564834647323091956
B/traj/65/ic_iters	1
B/traj/65/ic_order	15359057144970489593
B/traj/65/ic_res	0
B/traj/65/mdot_air	4603398550738025528
B/traj/65/mf	4580545508774719263
B/traj/65/mf_sched	4580994997801228638
B/traj/65/nu_hp	4605520069201731555
B/traj/65/nu_lp	4605129186429940288
B/traj/65/phi_hp	4606027078368338860
B/traj/65/phi_lp	4605382555555078641
B/traj/65/pi_hpc	4616831292955974760
B/traj/65/pi_lpc	4612232702876055641
B/traj/65/required	4564749824632701344
B/traj/65/s	4599526299433487568
B/traj/65/sp_thrust	4648748738507662750
B/traj/65/v	13809804983338751236
B/traj/65/v_cmd	13809747533971268450
B/traj/65/v_regime	10791139852042193048
B/traj/66/nkeys	24
B/traj/66/Tt4	4654094745695946893
B/traj/66/b	4588989534692648637
B/traj/66/b_cmd	4588932106473972240
B/traj/66/branch	13126223303132988745
B/traj/66/f	4584146399513444310
B/traj/66/g	4564830852062489217
B/traj/66/ic_iters	1
B/traj/66/ic_order	15359057144970489593
B/traj/66/ic_res	0
B/traj/66/mdot_air	4603404743765474055
B/traj/66/mf	4580585985750614802
B/traj/66/mf_sched	4581035237573336506
B/traj/66/nu_hp	4605526976863854142
B/traj/66/nu_lp	4605136160615978316
B/traj/66/phi_hp	4606021489908377213
B/traj/66/phi_lp	4605383627636086553
B/traj/66/pi_hpc	4616844045462252001
B/traj/66/pi_lpc	4612239693456931362
B/traj/66/required	4564687497017156640
B/traj/66/s	4599616371426034978
B/traj/66/sp_thrust	4648776572210922092
B/traj/66/v	13809797303727047942
B/traj/66/v_cmd	13809700949426631083
B/traj/66/v_regime	10791139852042193048
B/traj/67/nkeys	24
B/traj/67/Tt4	4654126083448378225
B/traj/67/b	4588982596668231685
B/traj/67/b_cmd	4588901156277323955
B/traj/67/branch	13126223303132988745
B/traj/67/f	4584205864400515383
B/traj/67/g	4564825061812843682
B/traj/67/ic_iters	1
B/traj/67/ic_order	15359057144970489593
B/traj/67/ic_res	0
B/traj/67/mdot_air	4603411146442363282
B/traj/67/mf	4580626587413325518
B/traj/67/mf_sched	4581075477345444376
B/traj/67/nu_hp	4605533986994009708
B/traj/67/nu_lp	4605143256571116172
B/traj/67/phi_hp	4606016091617309086
B/traj/67/phi_lp	4605384733666229713
B/traj/67/pi_hpc	4616856895873184419
B/traj/67/pi_lpc	4612246706072519557
B/traj/67/required	4564620617050978928
B/traj/67/s	4599706443418582388
B/traj/67/sp_thrust	4648804312685793162
B/traj/67/v	13809785675529359124
B/traj/67/v_cmd	13809649312808982985
B/traj/67/v_regime	10791139852042193048
B/traj/68/nkeys	24
B/traj/68/Tt4	4654157293290798796
B/traj/68/b	4588973227243393422
B/traj/68/b_cmd	4588867197557629665
B/traj/68/branch	13126223303132988745
B/traj/68/f	4584265067533178389
B/traj/68/g	4564817198440964746
B/traj/68/ic_iters	1
B/traj/68/ic_order	15359057144970489593
B/traj/68/ic_res	0
B/traj/68/mdot_air	4603417755651525167
B/traj/68/mf	4580667318646175819
B/traj/68/mf_sched	4581115717117552244
B/traj/68/nu_hp	4605541098904090908
B/traj/68/nu_lp	4605150474248594877
B/traj/68/phi_hp	4606010880521466991
B/traj/68/phi_lp	4605385865244927615
B/traj/68/pi_hpc	4616869845895678560
B/traj/68/pi_lpc	4612253738889217884
B/traj/68/required	4564549517269449776
B/traj/68/s	4599796515411129798
B/traj/68/sp_thrust	4648831962457471619
B/traj/68/v	13809770004526752708
B/traj/68/v_cmd	13809592840272281573
B/traj/68/v_regime	10791139852042193048
B/traj/69/nkeys	24
B/traj/69/Tt4	4654188377840484247
B/traj/69/b	4588961376037082656
B/traj/69/b_cmd	4588830320989432285
B/traj/69/branch	13126223303132988745
B/traj/69/f	4584324014013605762
B/traj/69/g	4564807196023373646
B/traj/69/ic_iters	1
B/traj/69/ic_order	15359057144970489593
B/traj/69/ic_res	0
B/traj/69/mdot_air	4603424568951043365
B/traj/69/mf	4580708183569383133
B/traj/69/mf_sched	4581155956889660114
B/traj/69/nu_hp	4605548311921618353
B/traj/69/nu_lp	4605157813643823851
B/traj/69/phi_hp	4606005854054157770
B/traj/69/phi_lp	4605387015704035515
B/traj/69/pi_hpc	4616882896834459364
B/traj/69/pi_lpc	4612260790598340753
B/traj/69/required	4564474456999215024
B/traj/69/s	4599886587403677208
B/traj/69/sp_thrust	4648859523334610380
B/traj/69/v	13809750224165411600
B/traj/69/v_cmd	13809531710790500955
B/traj/69/v_regime	10791139852042193048
B/traj/70/nkeys	24
B/traj/70/Tt4	4654219338855666170
B/traj/70/b	4588947005237179104
B/traj/70/b_cmd	4588790600262965049
B/traj/70/branch	13126223303132988745
B/traj/70/f	4584382707168246488
B/traj/70/g	4564794998306238069
B/traj/70/ic_iters	1
B/traj/70/ic_order	15359057144970489593
B/traj/70/ic_res	0
B/traj/70/mdot_air	4603431584431313847
B/traj/70/mf	4580749185698811975
B/traj/70/mf_sched	4581196196661767982
B/traj/70/nu_hp	4605555625386098249
B/traj/70/nu_lp	4605165274784103040
B/traj/70/phi_hp	4606001009967226074
B/traj/70/phi_lp	4605388179741704031
B/traj/70/pi_hpc	4616896049673606889
B/traj/70/pi_lpc	4612267860305573595
B/traj/70/required	4564395637557827376
B/traj/70/s	4599976659396224618
B/traj/70/sp_thrust	4648886996561212587
B/traj/70/v	13809726289788981027
B/traj/70/v_cmd	13809466074173930423
B/traj/70/v_regime	10791139852042193048
B/traj/71/nkeys	24
B/traj/71/Tt4	4654250177421172186
B/traj/71/b	4588930086970616681
B/traj/71/b_cmd	4588748095713310980
B/traj/71/branch	13126223303132988745
B/traj/71/f	4584441148930696357
B/traj/71/g	4564780556692796478
B/traj/71/ic_iters	1
B/traj/71/ic_order	15359057144970489593
B/traj/71/ic_res	0
B/traj/71/mdot_air	4603438800602300558
B/traj/71/mf	4580790328071759944
B/traj/71/mf_sched	4581236436433875852
B/traj/71/nu_hp	4605563038646152689
B/traj/71/nu_lp	4605172857720507826
B/traj/71/phi_hp	4605996346261374875
B/traj/71/phi_lp	4605389353133763439
B/traj/71/pi_hpc	4616909305140965801
B/traj/71/pi_lpc	4612274947443760939
B/traj/71/required	4564313214295163840
B/traj/71/s	4600066731388772028
B/traj/71/sp_thrust	4648914382937062523
B/traj/71/v	13809698174096680560
B/traj/71/v_cmd	13809396057376300199
B/traj/71/v_regime	10791139852042193048
B/traj/72/nkeys	24
B/traj/72/Tt4	4654280894095725882
B/traj/72/b	4588910601230442419
B/traj/72/b_cmd	4588702857180085989
B/traj/72/branch	13126223303132988745
B/traj/72/f	4584499340145639766
B/traj/72/g	4564763828648695596
B/traj/72/ic_iters	1
B/traj/72/ic_order	15359057144970489593
B/traj/72/ic_res	0
B/traj/72/mdot_air	4603446216304608534
B/traj/72/mf	4580831613346624117
B/traj/72/mf_sched	4581276676205983720
B/traj/72/nu_hp	4605570551057261854
B/traj/72/nu_lp	4605180562521482802
B/traj/72/phi_hp	4605991861131275348
B/traj/72/phi_lp	4605390532506218271
B/traj/72/pi_hpc	4616922663759027548
B/traj/72/pi_lpc	4612282051704102237
B/traj/72/required	4564227306133678448
B/traj/72/s	4600156803381319438
B/traj/72/sp_thrust	4648941682913215533
B/traj/72/v	13809665863566155196
B/traj/72/v_cmd	13809321769456058964
B/traj/72/v_regime	10791139852042193048
B/traj/73/nkeys	24
B/traj/73/Tt4	4654311489028818553
B/traj/73/b	4588888534241781795
B/traj/73/b_cmd	4588654926260634413
B/traj/73/branch	13126223303132988745
B/traj/73/f	4584557280810127162
B/traj/73/g	4564744776438447263
B/traj/73/ic_iters	1
B/traj/73/ic_order	15359057144970489593
B/traj/73/ic_res	0
B/traj/73/mdot_air	4603453830639345813
B/traj/73/mf	4580873043881872508
B/traj/73/mf_sched	4581316915978091590
B/traj/73/nu_hp	4605578161979990800
B/traj/73/nu_lp	4605188389267785842
B/traj/73/phi_hp	4605987552922338161
B/traj/73/phi_lp	4605391715155918005
B/traj/73/pi_hpc	4616936125885128238
B/traj/73/pi_lpc	4612289172981870429
B/traj/73/required	4564138003127463024
B/traj/73/s	4600246875373866848
B/traj/73/sp_thrust	4648968896667716854
B/traj/73/v	13809629355635572709
B/traj/73/v_cmd	13809243305477923444
B/traj/73/v_regime	10791139852042193048
B/traj/74/nkeys	24
B/traj/74/Tt4	4654341962053433446
B/traj/74/b	4588863877173686716
B/traj/74/b_cmd	4588604338085188893
B/traj/74/branch	13126223303132988745
B/traj/74/f	4584614970265103814
B/traj/74/g	4564723366124247284
B/traj/74/ic_iters	1
B/traj/74/ic_order	15359057144970489593
B/traj/74/ic_res	0
B/traj/74/mdot_air	4603461642912807780
B/traj/74/mf	4580914621798617875
B/traj/74/mf_sched	4581357155750199458
B/traj/74/nu_hp	4605585870778599927
B/traj/74/nu_lp	4605196338048499186
B/traj/74/phi_hp	4605983420096679518
B/traj/74/phi_lp	4605392898909208813
B/traj/74/pi_hpc	4616949691743207257
B/traj/74/pi_lpc	4612296311333588556
B/traj/74/required	4564045372451731728
B/traj/74/s	4600336947366414258
B/traj/74/sp_thrust	4648996024165647708
B/traj/74/v	13809588656483199638
B/traj/74/v_cmd	13809160749580020899
B/traj/74/v_regime	10791139852042193048
B/traj/75/nkeys	24
B/traj/75/Tt4	4654372312759607803
B/traj/75/b	4588836625123550766
B/traj/75/b_cmd	4588551122715240556
B/traj/75/branch	13126223303132988745
B/traj/75/f	4584668414005305456
B/traj/75/g	4564699566772681218
B/traj/75/ic_iters	1
B/traj/75/ic_order	15359057144970489593
B/traj/75/ic_res	0
B/traj/75/mdot_air	4603469652592855251
B/traj/75/mf	4580956349030198624
B/traj/75/mf_sched	4581397395522307328
B/traj/75/nu_hp	4605593676819959221
B/traj/75/nu_lp	4605204408957883716
B/traj/75/phi_hp	4605979461206337092
B/traj/75/phi_lp	4605394082010529384
B/traj/75/pi_hpc	4616963361448900199
B/traj/75/pi_lpc	4612303466943246318
B/traj/75/required	4563949463148746672
B/traj/75/s	4600427019358961668
B/traj/75/sp_thrust	4649023065206747904
B/traj/75/v	13809543779277117473
B/traj/75/v_cmd	13809074177384072345
B/traj/75/v_regime	10791139852042193048
B/traj/76/nkeys	24
B/traj/76/Tt4	4654402540552789381
B/traj/76/b	4588806776316309681
B/traj/76/b_cmd	4588495306244919603
B/traj/76/branch	13126223303132988745
B/traj/76/f	4584697005586906106
B/traj/76/g	4564673349826154508
B/traj/76/ic_iters	1
B/traj/76/ic_order	15359057144970489593
B/traj/76/ic_res	0
B/traj/76/mdot_air	4603477859274518007
B/traj/76/mf	4580998227361464411
B/traj/76/mf_sched	4581437635294415196
B/traj/76/nu_hp	4605601579472702937
B/traj/76/nu_lp	4605212602092899591
B/traj/76/phi_hp	4605975674872202061
B/traj/76/phi_lp	4605395263034614496
B/traj/76/pi_hpc	4616977135029366738
B/traj/76/pi_lpc	4612310640095648826
B/traj/76/required	4563850309888387984
B/traj/76/s	4600517091351509078
B/traj/76/sp_thrust	4649050019463190474
B/traj/76/v	13809494742794848455
B/traj/76/v_cmd	13808983657888353974
B/traj/76/v_regime	10791139852042193048
B/traj/77/nkeys	24
B/traj/77/Tt4	4654432644700127642
B/traj/77/b	4588774331472888124
B/traj/77/b_cmd	4588436911668292531
B/traj/77/branch	13126223303132988745
B/traj/77/f	4584725469291892621
B/traj/77/g	4564644688604845878
B/traj/77/ic_iters	1
B/traj/77/ic_order	15359057144970489593
B/traj/77/ic_res	0
B/traj/77/mdot_air	4603486262652876167
B/traj/77/mf	4581040258459904071
B/traj/77/mf_sched	4581477875066523066
B/traj/77/nu_hp	4605609578106574561
B/traj/77/nu_lp	4605220917551253517
B/traj/77/phi_hp	4605972059767457871
B/traj/77/phi_lp	4605396440817309987
B/traj/77/pi_hpc	4616991012438960027
B/traj/77/pi_lpc	4612317831155391893
B/traj/77/required	4563747935947932496
B/traj/77/s	4600607163344056488
B/traj/77/sp_thrust	4649076886509550294
B/traj/77/v	13809441570334003258
B/traj/77/v_cmd	13808889254953482531
B/traj/77/v_regime	10791139852042193048
B/traj/78/nkeys	24
B/traj/78/Tt4	4654462624367191215
B/traj/78/b	4588739293312003901
B/traj/78/b_cmd	4588375959562156840
B/traj/78/branch	13126223303132988745
B/traj/78/f	4584753804097455059
B/traj/78/g	4564613557912082838
B/traj/78/ic_iters	1
B/traj/78/ic_order	15359057144970489593
B/traj/78/ic_res	0
B/traj/78/mdot_air	4603494862501683166
B/traj/78/mf	4581082443900309630
B/traj/78/mf_sched	4581518114838630935
B/traj/78/nu_hp	4605617672091922317
B/traj/78/nu_lp	4605229355429862246
B/traj/78/phi_hp	4605968614604572083
B/traj/78/phi_lp	4605397614401059890
B/traj/78/pi_hpc	4617004993571611830
B/traj/78/pi_lpc	4612325040550275962
B/traj/78/required	4563642355573116816
B/traj/78/s	4600697235336603898
B/traj/78/sp_thrust	4649103665846584942
B/traj/78/v	13809384288851866059
B/traj/78/v_cmd	13808791028467682399
B/traj/78/v_regime	10791139852042193048
B/traj/79/nkeys	24
B/traj/79/Tt4	4654492478647089000
B/traj/79/b	4588701666157046584
B/traj/79/b_cmd	4588312468623420616
B/traj/79/branch	13126223303132988745
B/traj/79/f	4584782008905201900
B/traj/79/g	4564579933721663911
B/traj/79/ic_iters	1
B/traj/79/ic_order	15359057144970489593
B/traj/79/ic_res	0
B/traj/79/mdot_air	4603503658656517590
B/traj/79/mf	4581124785184318682
B/traj/79/mf_sched	4581558354610738804
B/traj/79/nu_hp	4605625860799313732
B/traj/79/nu_lp	4605237915823645091
B/traj/79/phi_hp	4605965338125089094
B/traj/79/phi_lp	4605398782991959146
B/traj/79/pi_hpc	4617019078270623775
B/traj/79/pi_lpc	4612332268758221224
B/traj/79/required	4563533575848906592
B/traj/79/s	4600787307329151308
B/traj/79/sp_thrust	4649130356920110775
B/traj/79/v	13809322928285060695
B/traj/79/v_cmd	13808689035259765257
B/traj/79/v_regime	10791139852042193048
B/traj/80/nkeys	24
B/traj/80/Tt4	4654522206583563200
B/traj/80/b	4588661455625742308
B/traj/80/b_cmd	4588246456091876251
B/traj/80/branch	13126223303132988745
B/traj/80/f	4584810082565121370
B/traj/80/g	4564543792930109898
B/traj/80/ic_iters	1
B/traj/80/ic_order	15359057144970489593
B/traj/80/ic_res	0
B/traj/80/mdot_air	4603512651001507680
B/traj/80/mf	4581167283755898676
B/traj/80/mf_sched	4581598594382846673
B/traj/80/nu_hp	4605634143599244325
B/traj/80/nu_lp	4605246598824576544
B/traj/80/phi_hp	4605962229091630986
B/traj/80/phi_lp	4605399945925922764
B/traj/80/pi_hpc	4617033266336410373
B/traj/80/pi_lpc	4612339516296944251
B/traj/80/required	4563421598181744176
B/traj/80/s	4600877379321698718
B/traj/80/sp_thrust	4649156959135990794
B/traj/80/v	13809257521010854610
B/traj/80/v_cmd	13808583329813551727
B/traj/80/v_regime	10791139852042193048
B/traj/81/nkeys	24
B/traj/81/Tt4	4654551807189298866
B/traj/81/b	4588618668385041363
B/traj/81/b_cmd	4588177938082648004
B/traj/81/branch	13126223303132988745
B/traj/81/f	4584838023894602364
B/traj/81/g	4564505113160359097
B/traj/81/ic_iters	1
B/traj/81/ic_order	15359057144970489593
B/traj/81/ic_res	0
B/traj/81/mdot_air	4603521839458873507
B/traj/81/mf	4581209941013615970
B/traj/81/mf_sched	4581638834154954542
B/traj/81/nu_hp	4605642519861920668
B/traj/81/nu_lp	4605255404520944545
B/traj/81/phi_hp	4605959286281638757
B/traj/81/phi_lp	4605401102642040088
B/traj/81/pi_hpc	4617047557532624571
B/traj/81/pi_lpc	4612346783715812585
B/traj/81/required	4563306419473906672
B/traj/81/s	4600967451314246128
B/traj/81/sp_thrust	4649183471872040096
B/traj/81/v	13809188101419853958
B/traj/81/v_cmd	13808473964826038183
B/traj/81/v_regime	10791139852042193048
B/traj/82/nkeys	24
B/traj/82/Tt4	4654581279460436837
B/traj/82/b	4588573311957388793
B/traj/82/b_cmd	4588106929847460333
B/traj/82/branch	13126223303132988745
B/traj/82/f	4584865831693532774
B/traj/82/g	4564463872606220471
B/traj/82/ic_iters	1
B/traj/82/ic_order	15359057144970489593
B/traj/82/ic_res	0
B/traj/82/mdot_air	4603531223980691511
B/traj/82/mf	4581252758320357504
B/traj/82/mf_sched	4581679073927062411
B/traj/82/nu_hp	4605650988957102180
B/traj/82/nu_lp	4605264332996771405
B/traj/82/phi_hp	4605956508482485486
B/traj/82/phi_lp	4605402252661591520
B/traj/82/pi_hpc	4617061951591006302
B/traj/82/pi_lpc	4612354071589416783
B/traj/82/required	4563188033053891552
B/traj/82/s	4601057523306793538
B/traj/82/sp_thrust	4649209894487487428
B/traj/82/v	13809114705576294935
B/traj/82/v_cmd	13808360991642608499
B/traj/82/v_regime	10791139852042193048
B/traj/83/nkeys	24
B/traj/83/Tt4	4654610622388073017
B/traj/83/b	4588525394567473122
B/traj/83/b_cmd	4588033445979812238
B/traj/83/branch	13126223303132988745
B/traj/83/f	4584893504756282874
B/traj/83/g	4564420049909117400
B/traj/83/ic_iters	1
B/traj/83/ic_order	15359057144970489593
B/traj/83/ic_res	0
B/traj/83/mdot_air	4603540804542411625
B/traj/83/mf	4581295737011034314
B/traj/83/mf_sched	4581719313699170280
B/traj/83/nu_hp	4605659550253989253
B/traj/83/nu_lp	4605273384331363402
B/traj/83/phi_hp	4605953894487670633
B/traj/83/phi_lp	4605403395571527171
B/traj/83/pi_hpc	4617076448215222940
B/traj/83/pi_lpc	4612361380512496758
B/traj/83/required	4563066429413468400
B/traj/83/s	4601147595299340948
B/traj/83/sp_thrust	4649236226330498790
B/traj/83/v	13809037370947213185
B/traj/83/v_cmd	13808244460595516202
B/traj/83/v_regime	10791139852042193048
B/traj/84/nkeys	24
B/traj/84/Tt4	4654639834967364829
B/traj/84/b	4588474925020861134
B/traj/84/b_cmd	4587957500575947603
B/traj/84/branch	13126223303132988745
B/traj/84/f	4584921041881214457
B/traj/84/g	4564373624060412437
B/traj/84/ic_iters	1
B/traj/84/ic_order	15359057144970489593
B/traj/84/ic_res	0
B/traj/84/mdot_air	4603550581137756163
B/traj/84/mf	4581338878398686244
B/traj/84/mf_sched	4581759553471278149
B/traj/84/nu_hp	4605668203121147907
B/traj/84/nu_lp	4605282558598962208
B/traj/84/phi_hp	4605951443093866567
B/traj/84/phi_lp	4605404531011461050
B/traj/84/pi_hpc	4617091047083913901
B/traj/84/pi_lpc	4612368711095935802
B/traj/84/required	4562941596791534816
B/traj/84/s	4601237667291888358
B/traj/84/sp_thrust	4649262466744163928
B/traj/84/v	13808956136185769691
B/traj/84/v_cmd	13808124421266269300
B/traj/84/v_regime	10791139852042193048
B/traj/85/nkeys	24
B/traj/85/Tt4	4654668916204737157
B/traj/85/b	4588421912607749006
B/traj/85/b_cmd	4587879107360995907
B/traj/85/branch	13126223303132988745
B/traj/85/f	4584948441878223933
B/traj/85/g	4564324574323996548
B/traj/85/ic_iters	1
B/traj/85/ic_order	15359057144970489593
B/traj/85/ic_res	0
B/traj/85/mdot_air	4603560553774708509
B/traj/85/mf	4581382183779320106
B/traj/85/mf_sched	4581799793243386018
B/traj/85/nu_hp	4605676946926463199
B/traj/85/nu_lp	4605291855868476955
B/traj/85/phi_hp	4605949153098636470
B/traj/85/phi_lp	4605405658663434751
B/traj/85/pi_hpc	4617105747853107349
B/traj/85/pi_lpc	4612376063963596458
B/traj/85/required	4562813521636578640
B/traj/85/s	4601327739284435768
B/traj/85/sp_thrust	4649288615071263416
B/traj/85/v	13808871040957155105
B/traj/85/v_cmd	13807965387858407753
B/traj/85/v_regime	10791139852042193048
B/traj/86/nkeys	24
B/traj/86/Tt4	4654697865123578176
B/traj/86/b	4588366367026496675
B/traj/86/b_cmd	4587798279787669162
B/traj/86/branch	13126223303132988745
B/traj/86/f	4584975703574722529
B/traj/86/g	4564272880174930461
B/traj/86/ic_iters	1
B/traj/86/ic_order	15359057144970489593
B/traj/86/ic_res	0
B/traj/86/mdot_air	4603570722472360591
B/traj/86/mf	4581425654435744605
B/traj/86/mf_sched	4581840033015493887
B/traj/86/nu_hp	4605685781037115237
B/traj/86/nu_lp	4605301276203280194
B/traj/86/phi_hp	4605947023298681546
B/traj/86/phi_lp	4605406778243862559
B/traj/86/pi_hpc	4617120550158141297
B/traj/86/pi_lpc	4612383439749819832
B/traj/86/required	4562682188972950912
B/traj/86/s	4601417811276983178
B/traj/86/sp_thrust	4649314670658067807
B/traj/86/v	13808782125797968778
B/traj/86/v_cmd	13807711569485693556
B/traj/86/v_regime	10791139852042193048
B/traj/87/nkeys	24
B/traj/87/Tt4	4654726680768734691
B/traj/87/b	4588308298322743856
B/traj/87/b_cmd	4587715031113338120
B/traj/87/branch	13126223303132988745
B/traj/87/f	4585002825820373395
B/traj/87/g	4564218521250800340
B/traj/87/ic_iters	1
B/traj/87/ic_order	15359057144970489593
B/traj/87/ic_res	0
B/traj/87/mdot_air	4603581087258437542
B/traj/87/mf	4581469291640610607
B/traj/87/mf_sched	4581880272787601756
B/traj/87/nu_hp	4605694704819572920
B/traj/87/nu_lp	4605310819661054512
B/traj/87/phi_hp	4605945052488505056
B/traj/87/phi_lp	4605407889497194407
B/traj/87/pi_hpc	4617135453615193961
B/traj/87/pi_lpc	4612390839097447908
B/traj/87/required	4562547582690927056
B/traj/87/s	4601507883269530588
B/traj/87/sp_thrust	4649340632857368313
B/traj/87/v	13808689432001915151
B/traj/87/v_cmd	13807451026629176856
B/traj/87/v_regime	10791139852042193048
B/traj/88/nkeys	24
B/traj/88/Tt4	4654755362210052227
B/traj/88/b	4588247716840798007
B/traj/88/b_cmd	4587629374460070712
B/traj/88/branch	13126223303132988745
B/traj/88/f	4585029807490839044
B/traj/88/g	4564161477313143434
B/traj/88/ic_iters	1
B/traj/88/ic_order	15359057144970489593
B/traj/88/ic_res	0
B/traj/88/mdot_air	4603591648167355900
B/traj/88/mf	4581513096658822032
B/traj/88/mf_sched	4581920512559709625
B/traj/88/nu_hp	4605703717639601557
B/traj/88/nu_lp	4605320486293679380
B/traj/88/phi_hp	4605943239459404965
B/traj/88/phi_lp	4605408992190931533
B/traj/88/pi_hpc	4617150457822505752
B/traj/88/pi_lpc	4612398262656258067
B/traj/88/required	4562409685776376976
B/traj/88/s	4601597955262077998
B/traj/88/sp_thrust	4649366501030896712
B/traj/88/v	13808593001526191430
B/traj/88/v_cmd	13807183855651978854
B/traj/88/v_regime	10791139852042193048
B/traj/89/nkeys	24
B/traj/89/Tt4	4654783908545154778
B/traj/89/b	4588184633184687178
B/traj/89/b_cmd	4587541322861255507
B/traj/89/branch	13126223303132988745
B/traj/89/f	4585056647490740525
B/traj/89/g	4564101728216848576
B/traj/89/ic_iters	1
B/traj/89/ic_order	15359057144970489593
B/traj/89/ic_res	0
B/traj/89/mdot_air	4603602405238702324
B/traj/89/mf	4581557070749448330
B/traj/89/mf_sched	4581960752331817494
B/traj/89/nu_hp	4605712818862281301
B/traj/89/nu_lp	4605330276147149958
B/traj/89/phi_hp	4605941582998725165
B/traj/89/phi_lp	4605410086111706651
B/traj/89/pi_hpc	4617165562361358572
B/traj/89/pi_lpc	4612405711081722345
B/traj/89/required	4562268480492589712
B/traj/89/s	4601688027254625408
B/traj/89/sp_thrust	4649392274551259848
B/traj/89/v	13808492876914144937
B/traj/89/v_cmd	13806910152680806853
B/traj/89/v_regime	10791139852042193048
B/traj/90/nkeys	24
B/traj/90/Tt4	4654812318901618056
B/traj/90/b	4588119058186824233
B/traj/90/b_cmd	4587450889297652217
B/traj/90/branch	13126223303132988745
B/traj/90/f	4585083344755987427
B/traj/90/g	4564039253885871499
B/traj/90/ic_iters	1
B/traj/90/ic_order	15359057144970489593
B/traj/90/ic_res	0
B/traj/90/mdot_air	4603613358516043480
B/traj/90/mf	4581601215167242267
B/traj/90/mf_sched	4582000992103925364
B/traj/90/nu_hp	4605722007852033988
B/traj/90/nu_lp	4605340189261521361
B/traj/90/phi_hp	4605940081889310885
B/traj/90/phi_lp	4605411171062202246
B/traj/90/pi_hpc	4617180766796863468
B/traj/90/pi_lpc	4612413185034022606
B/traj/90/required	4562101474522061504
B/traj/90/s	4601778099247172818
B/traj/90/sp_thrust	4649417952803487331
B/traj/90/v	13808389101230725911
B/traj/90/v_cmd	13806630013703298085
B/traj/90/v_regime	10791139852042193048
B/traj/91/nkeys	24
B/traj/91/Tt4	4654840592438658934
B/traj/91/b	4588051002882665246
B/traj/91/b_cmd	4587358086725119471
B/traj/91/branch	13126223303132988745
B/traj/91/f	4585109898255605526
B/traj/91/g	4563974034293950193
B/traj/91/ic_iters	1
B/traj/91/ic_order	15359057144970489593
B/traj/91/ic_res	0
B/traj/91/mdot_air	4603624508045996920
B/traj/91/mf	4581645531163845217
B/traj/91/mf_sched	4582041231876033232
B/traj/91/nu_hp	4605731283972656466
B/traj/91/nu_lp	4605350225670873222
B/traj/91/phi_hp	4605938734909124409
B/traj/91/phi_lp	4605412246858727890
B/traj/91/pi_hpc	4617196070678597842
B/traj/91/pi_lpc	4612420685177267391
B/traj/91/required	4561805719655701696
B/traj/91/s	4601868171239720228
B/traj/91/sp_thrust	4649443535186271278
B/traj/91/v	13808281718008007004
B/traj/91/v_cmd	13806343534637234816
B/traj/91/v_regime	10791139852042193048
B/traj/92/nkeys	24
B/traj/92/Tt4	4654868728348437892
B/traj/92/b	4587980478490088370
B/traj/92/b_cmd	4587262928095785675
B/traj/92/branch	13126223303132988745
B/traj/92/f	4585136306993162267
B/traj/92/g	4563906049449278410
B/traj/92/ic_iters	1
B/traj/92/ic_order	15359057144970489593
B/traj/92/ic_res	0
B/traj/92/mdot_air	4603635853877507312
B/traj/92/mf	4581690019988745073
B/traj/92/mf_sched	4582081471648141102
B/traj/92/nu_hp	4605740646587358896
B/traj/92/nu_lp	4605360385403290498
B/traj/92/phi_hp	4605937540830987374
B/traj/92/phi_lp	4605413313329315903
B/traj/92/pi_hpc	4617211473541124052
B/traj/92/pi_lpc	4612428212178867563
B/traj/92/required	4561503235550059232
B/traj/92/s	4601958243232267638
B/traj/92/sp_thrust	4649469021112960056
B/traj/92/v	13808170771198626094
B/traj/92/v_cmd	13806050811377730880
B/traj/92/v_regime	10791139852042193048
B/traj/93/nkeys	24
B/traj/93/Tt4	4654896725857051401
B/traj/93/b	4587907496392490213
B/traj/93/b_cmd	4587165426374060166
B/traj/93/branch	13126223303132988745
B/traj/93/f	4585162570007869615
B/traj/93/g	4563835279382312154
B/traj/93/ic_iters	1
B/traj/93/ic_order	15359057144970489593
B/traj/93/ic_res	0
B/traj/93/mdot_air	4603647396061284448
B/traj/93/mf	4581734682890038332
B/traj/93/mf_sched	4582121711420248970
B/traj/93/nu_hp	4605750095058806834
B/traj/93/nu_lp	4605370668480857294
B/traj/93/phi_hp	4605936498422422604
B/traj/93/phi_lp	4605414370312224530
B/traj/93/pi_hpc	4617226974904414925
B/traj/93/pi_lpc	4612435766709037119
B/traj/93/required	4561193983288479744
B/traj/93/s	4602048315224815048
B/traj/93/sp_thrust	4649494410012355210
B/traj/93/v	13808056305135470347
B/traj/93/v_cmd	13805751939827156012
B/traj/93/v_regime	10791139852042193048
B/traj/94/nkeys	24
B/traj/94/Tt4	4654924584225275282
B/traj/94/b	4587832068124810089
B/traj/94/b_cmd	4587065594548579789
B/traj/94/branch	13126223303132988745
B/traj/94/f	4585188686375427487
B/traj/94/g	4563761704136055540
B/traj/94/ic_iters	1
B/traj/94/ic_order	15359057144970489593
B/traj/94/ic_res	0
B/traj/94/mdot_air	4603659134649368376
B/traj/94/mf	4581779521115037241
B/traj/94/mf_sched	4582161951192356840
B/traj/94/nu_hp	4605759628749166142
B/traj/94/nu_lp	4605381074919661172
B/traj/94/phi_hp	4605935606445574379
B/traj/94/phi_lp	4605415417654761135
B/traj/94/pi_hpc	4617242574274206216
B/traj/94/pi_lpc	4612443349440392519
B/traj/94/required	4560877923459965248
B/traj/94/s	4602138387217362458
B/traj/94/sp_thrust	4649519701329350632
B/traj/94/v	13807840271474622106
B/traj/94/v_cmd	13805447015911584485
B/traj/94/v_regime	10791139852042193048
B/traj/95/nkeys	24
B/traj/95/Tt4	4654952302749107501
B/traj/95/b	4587754205361860368
B/traj/95/b_cmd	4586963445640959945
B/traj/95/branch	13126223303132988745
B/traj/95/f	4585214655208657827
B/traj/95/g	4563685303758308126
B/traj/95/ic_iters	1
B/traj/95/ic_order	15359057144970489593
B/traj/95/ic_res	0
B/traj/95/mdot_air	4603671069694794678
B/traj/95/mf	4581824535910754322
B/traj/95/mf_sched	4582202190964464708
B/traj/95/nu_hp	4605769247020149975
B/traj/95/nu_lp	4605391604729805937
B/traj/95/phi_hp	4605934863657190334
B/traj/95/phi_lp	4605416455212356640
B/traj/95/pi_hpc	4617258271142291859
B/traj/95/pi_lpc	4612450961047629668
B/traj/95/required	4560555016248123264
B/traj/95/s	4602228459209909868
B/traj/95/sp_thrust	4649544894525444818
B/traj/95/v	13807597531026352457
B/traj/95/v_cmd	13805136135586723689
B/traj/95/v_regime	10791139852042193048
B/traj/96/nkeys	24
B/traj/96/Tt4	4654979880760148700
B/traj/96/b	4587673919908473537
B/traj/96/b_cmd	4586858992712029303
B/traj/96/branch	13126223303132988745
B/traj/96/f	4585240475657969073
B/traj/96/g	4563606058295463744
B/traj/96/ic_iters	1
B/traj/96/ic_order	15359057144970489593
B/traj/96/ic_res	0
B/traj/96/mdot_air	4603683201251338338
B/traj/96/mf	4581869728524289966
B/traj/96/mf_sched	4582242430736572578
B/traj/96/nu_hp	4605778949233067259
B/traj/96/nu_lp	4605402257915431309
B/traj/96/phi_hp	4605934268808651941
B/traj/96/phi_lp	4605417482847837149
B/traj/96/pi_hpc	4617274064986774495
B/traj/96/pi_lpc	4612458602207262066
B/traj/96/required	4560225221501338272
B/traj/96/s	4602318531202457278
B/traj/96/sp_thrust	4649569989079150702
B/traj/96/v	13807348021960188031
B/traj/96/v_cmd	13804819394835666498
B/traj/96/v_regime	10791139852042193048
B/traj/97/nkeys	24
B/traj/97/Tt4	4655007317625851086
B/traj/97/b	4587591223691080843
B/traj/97/b_cmd	4586752248866088778
B/traj/97/branch	13126223303132988745
B/traj/97/f	4585266146911682616
B/traj/97/g	4563523947787535936
B/traj/97/ic_iters	1
B/traj/97/ic_order	15359057144970489593
B/traj/97/ic_res	0
B/traj/97/mdot_air	4603695529373319443
B/traj/97/mf	4581915100203143322
B/traj/97/mf_sched	4582282670508680446
B/traj/97/nu_hp	4605788734748872180
B/traj/97/nu_lp	4605413034474738230
B/traj/97/phi_hp	4605933820646043166
B/traj/97/phi_lp	4605418500430849956
B/traj/97/pi_hpc	4617289955272281199
B/traj/97/pi_lpc	4612466273597407078
B/traj/97/required	4559888498788123168
B/traj/97/s	4602408603195004688
B/traj/97/sp_thrust	4649594984486322379
B/traj/97/v	13807091835345957786
B/traj/97/v_cmd	13804496889660303794
B/traj/97/v_regime	10791139852042193048
B/traj/98/nkeys	24
B/traj/98/Tt4	4655034612749659967
B/traj/98/b	4587506128750419302
B/traj/98/b_cmd	4586643227253614498
B/traj/98/branch	13126223303132988745
B/traj/98/f	4585291668196246433
B/traj/98/g	4563438952264152845
B/traj/98/ic_iters	1
B/traj/98/ic_order	15359057144970489593
B/traj/98/ic_res	0
B/traj/98/mdot_air	4603708054115457289
B/traj/98/mf	4581960652195462635
B/traj/98/mf_sched	4582322910280788316
B/traj/98/nu_hp	4605798602928214330
B/traj/98/nu_lp	4605423934400018800
B/traj/98/phi_hp	4605933517910249032
B/traj/98/phi_lp	4605419507837410368
B/traj/98/pi_hpc	4617305941450152179
B/traj/98/pi_lpc	4612473975897610174
B/traj/98/required	4559544807440677504
B/traj/98/s	4602498675187552098
B/traj/98/sp_thrust	4649619880260414248
B/traj/98/v	13806829062723215608
B/traj/98/v_cmd	13804168716067850037
B/traj/98/v_regime	10791139852042193048
B/traj/99/nkeys	24
B/traj/99/Tt4	4655061765571067059
B/traj/99/b	4587418647235128774
B/traj/99/b_cmd	4586531941072743471
B/traj/99/branch	13126223303132988745
B/traj/99/f	4585317038776355687
B/traj/99/g	4563351051741317820
B/traj/99/ic_iters	1
B/traj/99/ic_order	15359057144970489593
B/traj/99/ic_res	0
B/traj/99/mdot_air	4603720775532762514
B/traj/99/mf	4582006385750247692
B/traj/99/mf_sched	4582363150052896184
B/traj/99/nu_hp	4605808553131489197
B/traj/99/nu_lp	4605434957677690065
B/traj/99/phi_hp	4605933359337077880
B/traj/99/phi_lp	4605420504949543113
B/traj/99/pi_hpc	4617322022958608571
B/traj/99/pi_lpc	4612481709788699037
B/traj/99/required	4559194106589148096
B/traj/99/s	4602588747180099508
B/traj/99/sp_thrust	4649644675932684543
B/traj/99/v	13806559796056239911
B/traj/99/v_cmd	13803834970053624251
B/traj/99/v_regime	10791139852042193048
B/traj/100/nkeys	24
B/traj/100/Tt4	4655088775565591177
B/traj/100/b	4587328791396051425
B/traj/100/b_cmd	4586418403569801232
B/traj/100/branch	13126223303132988745
B/traj/100/f	4585342257954996435
B/traj/100/g	4563260226218774494
B/traj/100/ic_iters	1
B/traj/100/ic_order	15359057144970489593
B/traj/100/ic_res	0
B/traj/100/mdot_air	4603733693680459020
B/traj/100/mf	4582052302117514517
B/traj/100/mf_sched	4582403389825004051
B/traj/100/nu_hp	4605818584718888785
B/traj/100/nu_lp	4605446104288331024
B/traj/100/phi_hp	4605933343657401939
B/traj/100/phi_lp	4605421491654997235
B/traj/100/pi_hpc	4617338199222904353
B/traj/100/pi_lpc	4612489475952661223
B/traj/100/required	4558836355188499168
B/traj/100/s	4602678819172646915
B/traj/100/sp_thrust	4649669371052353174
B/traj/100/v	13806284127691533013
B/traj/100/v_cmd	13803458637271407003
B/traj/100/v_regime	10791139852042193048
B/traj/101/nkeys	24
B/traj/101/Tt4	4655077880127712642
B/traj/101/b	4587226830367207895
B/traj/101/b_cmd	4586106772219694291
B/traj/101/branch	13126223303132988745
B/traj/101/f	4585329110116421429
B/traj/101/g	4563156635966117869
B/traj/101/ic_iters	1
B/traj/101/ic_order	15359057144970489593
B/traj/101/ic_res	0
B/traj/101/mdot_air	4603753475852665671
B/traj/101/mf	4582058776508305556
B/traj/101/mf_sched	4582403389825004051
B/traj/101/nu_hp	4605828618063681562
B/traj/101/nu_lp	4605457284904610616
B/traj/101/phi_hp	4605944932704664113
B/traj/101/phi_lp	4605430713393609945
B/traj/101/pi_hpc	4617347687953512432
B/traj/101/pi_lpc	4612495039836333254
B/traj/101/required	4557008473665327936
B/traj/101/s	4602723855168920620
B/traj/101/sp_thrust	4649666481233686712
B/traj/101/v	13805972437475739061
B/traj/101/v_cmd	13801576348551584918
B/traj/101/v_regime	10791139852042193048
B/traj/102/nkeys	24
B/traj/102/Tt4	4655068752906681514
B/traj/102/b	4587106322927670764
B/traj/102/b_cmd	4585823142439915364
B/traj/102/branch	13126223303132988745
B/traj/102/f	4585317819909765242
B/traj/102/g	4563033713265648572
B/traj/102/ic_iters	1
B/traj/102/ic_order	15359057144970489593
B/traj/102/ic_res	0
B/traj/102/mdot_air	4603772397580811849
B/traj/102/mf	4582066459177084887
B/traj/102/mf_sched	4582403389825004051
B/traj/102/nu_hp	4605838578603914353
B/traj/102/nu_lp	4605468420854745459
B/traj/102/phi_hp	4605955958750075800
B/traj/102/phi_lp	4605437822431447920
B/traj/102/pi_hpc	4617357618679022409
B/traj/102/pi_lpc	4612500025439741601
B/traj/102/required	4554462529083080640
B/traj/102/s	4602768891165194325
B/traj/102/sp_thrust	4649664683036520212
B/traj/102/v	13805605404400837956
B/traj/102/v_cmd	13799875552465125148
B/traj/102/v_regime	10791139852042193048
B/traj/103/nkeys	24
B/traj/103/Tt4	4655061015140282188
B/traj/103/b	4586971409327901630
B/traj/103/b_cmd	4585561757332884021
B/traj/103/branch	13126223303132988745
B/traj/103/f	4585307989558176991
B/traj/103/g	4562895568657838667
B/traj/103/ic_iters	1
B/traj/103/ic_order	15359057144970489593
B/traj/103/ic_res	0
B/traj/103/mdot_air	4603790641879176860
B/traj/103/mf	4582075093215073006
B/traj/103/mf_sched	4582403389825004051
B/traj/103/nu_hp	4605848472186528366
B/traj/103/nu_lp	4605479525402105455
B/traj/103/phi_hp	4605966531502782100
B/traj/103/phi_lp	4605443269624275747
B/traj/103/pi_hpc	4617367880733550075
B/traj/103/pi_lpc	4612504570107918526
B/traj/103/required	4551448406590880128
B/traj/103/s	4602813927161468030
B/traj/103/sp_thrust	4649663739424598022
B/traj/103/v	13805195993841594012
B/traj/103/v_cmd	13797608741068626976
B/traj/103/v_regime	10791139852042193048
B/traj/104/nkeys	24
B/traj/104/Tt4	4655054369363189462
B/traj/104/b	4586825348876953110
B/traj/104/b_cmd	4585318072149800560
B/traj/104/branch	13126223303132988745
B/traj/104/f	4585299306806488330
B/traj/104/g	4562745458396418686
B/traj/104/ic_iters	1
B/traj/104/ic_order	15359057144970489593
B/traj/104/ic_res	0
B/traj/104/mdot_air	4603808353244771854
B/traj/104/mf	4582084475106411755
B/traj/104/mf_sched	4582403389825004051
B/traj/104/nu_hp	4605858303443474049
B/traj/104/nu_lp	4605490608857317790
B/traj/104/phi_hp	4605976737392694462
B/traj/104/phi_lp	4605447411073396997
B/traj/104/pi_hpc	4617378386726779915
B/traj/104/pi_lpc	4612508781892716363
B/traj/104/required	4546782494109422848
B/traj/104/s	4602858963157741735
B/traj/104/sp_thrust	4649663463783506868
B/traj/104/v	13804754365465198810
B/traj/104/v_cmd	13794725570762171942
B/traj/104/v_regime	10791139852042193048
B/traj/105/nkeys	24
B/traj/105/Tt4	4655048582018842656
B/traj/105/b	4586670706462188732
B/traj/105/b_cmd	4585088501947368541
B/traj/105/branch	13126223303132988745
B/traj/105/f	4585291526588231803
B/traj/105/g	4562585959861461707
B/traj/105/ic_iters	1
B/traj/105/ic_order	15359057144970489593
B/traj/105/ic_res	0
B/traj/105/mdot_air	4603825645575262448
B/traj/105/mf	4582094443764846566
B/traj/105/mf_sched	4582403389825004051
B/traj/105/nu_hp	4605868076047043695
B/traj/105/nu_lp	4605501679198384658
B/traj/105/phi_hp	4605986644455855716
B/traj/105/phi_lp	4605450527560850515
B/traj/105/pi_hpc	4617389067733866650
B/traj/105/pi_lpc	4612512745619687084
B/traj/105/required	4531102342709817344
B/traj/105/s	4602903999154015440
B/traj/105/sp_thrust	4649663709273298244
B/traj/105/v	13804288476994246466
B/traj/105/v_cmd	13789031976375846064
B/traj/105/v_regime	10791139852042193048
B/traj/106/nkeys	24
B/traj/106/Tt4	4655043154909871212
B/traj/106/b	4586509450431174719
B/traj/106/b_cmd	4584867867423596816
B/traj/106/branch	13126223303132988745
B/traj/106/f	4585284135518370391
B/traj/106/g	4562424113814743354
B/traj/106/ic_iters	1
B/traj/106/ic_order	15359057144970489593
B/traj/106/ic_res	0
B/traj/106/mdot_air	4603842688898693419
B/traj/106/mf	4582104559142766463
B/traj/106/mf_sched	4582403389825004051
B/traj/106/nu_hp	4605877792514823410
B/traj/106/nu_lp	4605512742114239522
B/traj/106/phi_hp	4605996400015788579
B/traj/106/phi_lp	4605452941229246428
B/traj/106/pi_hpc	4617399798747162344
B/traj/106/pi_lpc	4612516543345719310
B/traj/106/required	0
B/traj/106/s	4602949035150289145
B/traj/106/sp_thrust	4649664136871327359
B/traj/106/v	13803806771063691913
B/traj/106/v_cmd	0
B/traj/106/v_regime	9087740570393753374
B/traj/107/nkeys	24
B/traj/107/Tt4	4655037258771099975
B/traj/107/b	4586342292818065181
B/traj/107/b_cmd	4584614373164521822
B/traj/107/branch	13126223303132988745
B/traj/107/f	4585276244956443708
B/traj/107/g	4562267364455424031
B/traj/107/ic_iters	1
B/traj/107/ic_order	15359057144970489593
B/traj/107/ic_res	0
B/traj/107/mdot_air	4603860056088889706
B/traj/107/mf	4582114355977723921
B/traj/107/mf_sched	4582403389825004051
B/traj/107/nu_hp	4605887452537853601
B/traj/107/nu_lp	4605523797633547052
B/traj/107/phi_hp	4606006214905279212
B/traj/107/phi_lp	4605455426984144168
B/traj/107/pi_hpc	4617410198316675878
B/traj/107/pi_lpc	4612520737233676734
B/traj/107/required	0
B/traj/107/s	4602994071146562850
B/traj/107/sp_thrust	4649664256838180848
B/traj/107/v	13803171404113059914
B/traj/107/v_cmd	0
B/traj/107/v_regime	9087740570393753374
B/traj/108/nkeys	24
B/traj/108/Tt4	4655030747875228548
B/traj/108/b	4586168645097254362
B/traj/108/b_cmd	4584130814978497508
B/traj/108/branch	13126223303132988745
B/traj/108/f	4585267688557465396
B/traj/108/g	4562085085376280922
B/traj/108/ic_iters	1
B/traj/108/ic_order	15359057144970489593
B/traj/108/ic_res	0
B/traj/108/mdot_air	4603877937166149781
B/traj/108/mf	4582123831634231880
B/traj/108/mf_sched	4582403389825004051
B/traj/108/nu_hp	4605897054214964693
B/traj/108/nu_lp	4605534840687371238
B/traj/108/phi_hp	4606016115215646952
B/traj/108/phi_lp	4605458199185055210
B/traj/108/pi_hpc	4617420144886532474
B/traj/108/pi_lpc	4612525555680910047
B/traj/108/required	0
B/traj/108/s	4603039107142836555
B/traj/108/sp_thrust	4649664004952297860
B/traj/108/v	13802348653359082951
B/traj/108/v_cmd	0
B/traj/108/v_regime	9087740570393753374
B/traj/109/nkeys	24
B/traj/109/Tt4	4655023674706640682
B/traj/109/b	4585987926872225331
B/traj/109/b_cmd	4583623427162125416
B/traj/109/branch	13126223303132988745
B/traj/109/f	4585258524297654972
B/traj/109/g	4561791805134989187
B/traj/109/ic_iters	1
B/traj/109/ic_order	15359057144970489593
B/traj/109/ic_res	0
B/traj/109/mdot_air	4603896285960821028
B/traj/109/mf	4582132996641772247
B/traj/109/mf_sched	4582403389825004051
B/traj/109/nu_hp	4605906595650424061
B/traj/109/nu_lp	4605545866148409609
B/traj/109/phi_hp	4606026086892911431
B/traj/109/phi_lp	4605461169264349401
B/traj/109/pi_hpc	4617429662629916871
B/traj/109/pi_lpc	4612530948898085923
B/traj/109/required	0
B/traj/109/s	4603084143139110260
B/traj/109/sp_thrust	4649663407019490604
B/traj/109/v	13801604197623731320
B/traj/109/v_cmd	0
B/traj/109/v_regime	9087740570393753374
B/traj/110/nkeys	24
B/traj/110/Tt4	4655016087962997129
B/traj/110/b	4585799739475251947
B/traj/110/b_cmd	4583094747572591562
B/traj/110/branch	13126223303132988745
B/traj/110/f	4585248805970689206
B/traj/110/g	4561508139763558553
B/traj/110/ic_iters	1
B/traj/110/ic_order	15359057144970489593
B/traj/110/ic_res	0
B/traj/110/mdot_air	4603915059905152612
B/traj/110/mf	4582141861184629454
B/traj/110/mf_sched	4582403389825004051
B/traj/110/nu_hp	4605916075091161523
B/traj/110/nu_lp	4605556869475254423
B/traj/110/phi_hp	4606036116976585103
B/traj/110/phi_lp	4605464262940427140
B/traj/110/pi_hpc	4617438774165230767
B/traj/110/pi_lpc	4612536871125199485
B/traj/110/required	0
B/traj/110/s	4603129179135383965
B/traj/110/sp_thrust	4649662487164879362
B/traj/110/v	13800930586157295089
B/traj/110/v_cmd	0
B/traj/110/v_regime	9087740570393753374
B/traj/111/nkeys	24
B/traj/111/Tt4	4655008032853979347
B/traj/111/b	4585603837371825056
B/traj/111/b_cmd	4582547087878464613
B/traj/111/branch	13126223303132988745
B/traj/111/f	4585238583516203333
B/traj/111/g	4561233774049064894
B/traj/111/ic_iters	1
B/traj/111/ic_order	15359057144970489593
B/traj/111/ic_res	0
B/traj/111/mdot_air	4603934219682467713
B/traj/111/mf	4582150435113207381
B/traj/111/mf_sched	4582403389825004051
B/traj/111/nu_hp	4605925490917827983
B/traj/111/nu_lp	4605567846643707919
B/traj/111/phi_hp	4606046193506383667
B/traj/111/phi_lp	4605467418262022379
B/traj/111/pi_hpc	4617447500678841937
B/traj/111/pi_lpc	4612543280231928251
B/traj/111/required	0
B/traj/111/s	4603174215131657670
B/traj/111/sp_thrust	4649661267959190012
B/traj/111/v	13800321077242033596
B/traj/111/v_cmd	0
B/traj/111/v_regime	9087740570393753374
B/traj/112/nkeys	24
B/traj/112/Tt4	4654999551369427101
B/traj/112/b	4585400103345223017
B/traj/112/b_cmd	4581982554666951516
B/traj/112/branch	13126223303132988745
B/traj/112/f	4585227903314546821
B/traj/112/g	4560968403112492809
B/traj/112/ic_iters	1
B/traj/112/ic_order	15359057144970489593
B/traj/112/ic_res	0
B/traj/112/mdot_air	4603953728921998959
B/traj/112/mf	4582158727954975259
B/traj/112/mf_sched	4582403389825004051
B/traj/112/nu_hp	4605934841636570101
B/traj/112/nu_lp	4605578794086666475
B/traj/112/phi_hp	4606056305438997022
B/traj/112/phi_lp	4605470583911158040
B/traj/112/pi_hpc	4617455862032863741
B/traj/112/pi_lpc	4612550137370933442
B/traj/112/required	0
B/traj/112/s	4603219251127931375
B/traj/112/sp_thrust	4649659770532056282
B/traj/112/v	13799769570718920675
B/traj/112/v_cmd	0
B/traj/112/v_regime	9087740570393753374
B/traj/113/nkeys	24
B/traj/113/Tt4	4654990682521203904
B/traj/113/b	4585188526994741663
B/traj/113/b_cmd	4581403068436218039
B/traj/113/branch	13126223303132988745
B/traj/113/f	4585216808452648028
B/traj/113/g	4560711732069949797
B/traj/113/ic_iters	1
B/traj/113/ic_order	15359057144970489593
B/traj/113/ic_res	0
B/traj/113/mdot_air	4603973553932053891
B/traj/113/mf	4582166748925054728
B/traj/113/mf_sched	4582403389825004051
B/traj/113/nu_hp	4605944125871437775
B/traj/113/nu_lp	4605589708641397902
B/traj/113/phi_hp	4606066442573541530
B/traj/113/phi_lp	4605473717728494392
B/traj/113/pi_hpc	4617463876860647883
B/traj/113/pi_lpc	4612557406675322059
B/traj/113/required	0
B/traj/113/s	4603264287124205080
B/traj/113/sp_thrust	4649658014674205664
B/traj/113/v	13799270546935313487
B/traj/113/v_cmd	0
B/traj/113/v_regime	9087740570393753374
B/traj/114/nkeys	24
B/traj/114/Tt4	4654981462562393531
B/traj/114/b	4584969186137396447
B/traj/114/b_cmd	4580810380706538560
B/traj/114/branch	13126223303132988745
B/traj/114/f	4585205338965006653
B/traj/114/g	4560463475704987159
B/traj/114/ic_iters	1
B/traj/114/ic_order	15359057144970489593
B/traj/114/ic_res	0
B/traj/114/mdot_air	4603993663465469423
B/traj/114/mf	4582174506936459810
B/traj/114/mf_sched	4582403389825004051
B/traj/114/nu_hp	4605953342357354013
B/traj/114/nu_lp	4605600587503219777
B/traj/114/phi_hp	4606076595484533080
B/traj/114/phi_lp	4605476785430651517
B/traj/114/pi_hpc	4617471562652140291
B/traj/114/pi_lpc	4612565054993098810
B/traj/114/required	0
B/traj/114/s	4603309323120478785
B/traj/114/sp_thrust	4649656018930089600
B/traj/114/v	13798608764741827892
B/traj/114/v_cmd	0
B/traj/114/v_regime	9087740570393753374
B/traj/115/nkeys	24
B/traj/115/Tt4	4654971925186826158
B/traj/115/b	4584742230752338631
B/traj/115/b_cmd	4580206089454691504
B/traj/115/branch	13126223303132988745
B/traj/115/f	4585193532053144540
B/traj/115/g	4560223358151663493
B/traj/115/ic_iters	1
B/traj/115/ic_order	15359057144970489593
B/traj/115/ic_res	0
B/traj/115/mdot_air	4604014028512369961
B/traj/115/mf	4582182010610001175
B/traj/115/mf_sched	4582403389825004051
B/traj/115/nu_hp	4605962489933587389
B/traj/115/nu_lp	4605611428184737566
B/traj/115/phi_hp	4606086755461402144
B/traj/115/phi_lp	4605479759493814726
B/traj/115/pi_hpc	4617478935830820827
B/traj/115/pi_lpc	4612573051652742981
B/traj/115/required	0
B/traj/115/s	4603354359116752490
B/traj/115/sp_thrust	4649653800682255320
B/traj/115/v	13797791632357476151
B/traj/115/v_cmd	0
B/traj/115/v_regime	9087740570393753374
B/traj/116/nkeys	24
B/traj/116/Tt4	4654962101711431300
B/traj/116/b	4584351317638158631
B/traj/116/b_cmd	4579022485066028401
B/traj/116/branch	13126223303132988745
B/traj/116/f	4585181422286277753
B/traj/116/g	4559991112587998607
B/traj/116/ic_iters	1
B/traj/116/ic_order	15359057144970489593
B/traj/116/ic_res	0
B/traj/116/mdot_air	4604034622116108780
B/traj/116/mf	4582189268283865703
B/traj/116/mf_sched	4582403389825004051
B/traj/116/nu_hp	4605971567537676048
B/traj/116/nu_lp	4605622228479925886
B/traj/116/phi_hp	4606096914453724613
B/traj/116/phi_lp	4605482618181790331
B/traj/116/pi_hpc	4617486011823601929
B/traj/116/pi_lpc	4612581368255103769
B/traj/116/required	0
B/traj/116/s	4603399395113026195
B/traj/116/sp_thrust	4649651376228537409
B/traj/116/v	13797052260333650283
B/traj/116/v_cmd	0
B/traj/116/v_regime	9087740570393753374
B/traj/117/nkeys	24
B/traj/117/Tt4	4654952021243502113
B/traj/117/b	4583868291519773547
B/traj/117/b_cmd	4577775984676464022
B/traj/117/branch	13126223303132988745
B/traj/117/f	4585169041785507391
B/traj/117/g	4559766480939477206
B/traj/117/ic_iters	1
B/traj/117/ic_order	15359057144970489593
B/traj/117/ic_res	0
B/traj/117/mdot_air	4604055419208981739
B/traj/117/mf	4582196288022881996
B/traj/117/mf_sched	4582403389825004051
B/traj/117/nu_hp	4605980574199759547
B/traj/117/nu_lp	4605632986432439708
B/traj/117/phi_hp	4606107065021468330
B/traj/117/phi_lp	4605485344699850136
B/traj/117/pi_hpc	4617492805124784543
B/traj/117/pi_lpc	4612589978487666446
B/traj/117/required	0
B/traj/117/s	4603444431109299900
B/traj/117/sp_thrust	4649648760852967088
B/traj/117/v	13796383248800041744
B/traj/117/v_cmd	0
B/traj/117/v_regime	9087740570393753374
B/traj/118/nkeys	24
B/traj/118/Tt4	4654941710834615169
B/traj/118/b	4583371544534195418
B/traj/118/b_cmd	4576514288201465477
B/traj/118/branch	13126223303132988745
B/traj/118/f	4585156420393444544
B/traj/118/g	4559549213592272884
B/traj/118/ic_iters	1
B/traj/118/ic_order	15359057144970489593
B/traj/118/ic_res	0
B/traj/118/mdot_air	4604076396464884002
B/traj/118/mf	4582203077627482131
B/traj/118/mf_sched	4582403389825004051
B/traj/118/nu_hp	4605989509037280848
B/traj/118/nu_lp	4605643700307628645
B/traj/118/phi_hp	4606117200289661427
B/traj/118/phi_lp	4605487926458330369
B/traj/118/pi_hpc	4617499329354947512
B/traj/118/pi_lpc	4612598857957939463
B/traj/118/required	0
B/traj/118/s	4603489467105573605
B/traj/118/sp_thrust	4649645968891147882
B/traj/118/v	13795777902076500228
B/traj/118/v_cmd	0
B/traj/118/v_regime	9087740570393753374
B/traj/119/nkeys	24
B/traj/119/Tt4	4654931195622670560
B/traj/119/b	4582861713862111049
B/traj/119/b_cmd	4574822011692672195
B/traj/119/branch	13126223303132988745
B/traj/119/f	4585143585830872472
B/traj/119/g	4559339069115873753
B/traj/119/ic_iters	1
B/traj/119/ic_order	15359057144970489593
B/traj/119/ic_res	0
B/traj/119/mdot_air	4604097532166558658
B/traj/119/mf	4582209644642369604
B/traj/119/mf_sched	4582403389825004051
B/traj/119/nu_hp	4605998371250025858
B/traj/119/nu_lp	4605654368567799927
B/traj/119/phi_hp	4606127313906976337
B/traj/119/phi_lp	4605490354432143378
B/traj/119/pi_hpc	4617505597315469437
B/traj/119/pi_lpc	4612607984043280459
B/traj/119/required	0
B/traj/119/s	4603534503101847310
B/traj/119/sp_thrust	4649643013790723855
B/traj/119/v	13795230161660537731
B/traj/119/v_cmd	0
B/traj/119/v_regime	9087740570393753374
B/traj/120/nkeys	24
B/traj/120/Tt4	4654920498963287866
B/traj/120/b	4582339477010120042
B/traj/120/b_cmd	4572250776086450017
B/traj/120/branch	13126223303132988745
B/traj/120/f	4585130563841793784
B/traj/120/g	4559135813994801485
B/traj/120/ic_iters	1
B/traj/120/ic_order	15359057144970489593
B/traj/120/ic_res	0
B/traj/120/mdot_air	4604118806085479039
B/traj/120/mf	4582215996364903113
B/traj/120/mf_sched	4582403389825004051
B/traj/120/nu_hp	4606007160115472100
B/traj/120/nu_lp	4605664989850336732
B/traj/120/phi_hp	4606137400007797289
B/traj/120/phi_lp	4605492622604203982
B/traj/120/pi_hpc	4617511621039241351
B/traj/120/pi_lpc	4612617335754941310
B/traj/120/required	0
B/traj/120/s	4603579539098121015
B/traj/120/sp_thrust	4649639908167466050
B/traj/120/v	13794734545591909265
B/traj/120/v_cmd	0
B/traj/120/v_regime	9087740570393753374
B/traj/121/nkeys	24
B/traj/121/Tt4	4654909642551605984
B/traj/121/b	4581805539259804564
B/traj/121/b_cmd	4568169090954761337
B/traj/121/branch	13126223303132988745
B/traj/121/f	4585117378328002481
B/traj/121/g	4558939222369125650
B/traj/121/ic_iters	1
B/traj/121/ic_order	15359057144970489593
B/traj/121/ic_res	0
B/traj/121/mdot_air	4604140199372729376
B/traj/121/mf	4582222139853205482
B/traj/121/mf_sched	4582403389825004051
B/traj/121/nu_hp	4606015874984421626
B/traj/121/nu_lp	4605675562948330306
B/traj/121/phi_hp	4606147453177400044
B/traj/121/phi_lp	4605494727482332590
B/traj/121/pi_hpc	4617517411838016623
B/traj/121/pi_lpc	4612626893614489173
B/traj/121/required	0
B/traj/121/s	4603624575094394720
B/traj/121/sp_thrust	4649636663857420186
B/traj/121/v	13794046528538994063
B/traj/121/v_cmd	0
B/traj/121/v_regime	9087740570393753374
B/traj/122/nkeys	24
B/traj/122/Tt4	4654898646535380965
B/traj/122/b	4581260623079427240
B/traj/122/b_cmd	4555149535563351938
B/traj/122/branch	13126223303132988745
B/traj/122/f	4585104051474150874
B/traj/122/g	4558749075783485005
B/traj/122/ic_iters	1
B/traj/122/ic_order	15359057144970489593
B/traj/122/ic_res	0
B/traj/122/mdot_air	4604161694459514354
B/traj/122/mf	4582228081934006753
B/traj/122/mf_sched	4582403389825004051
B/traj/122/nu_hp	4606024515276896220
B/traj/122/nu_lp	4605686086793428308
B/traj/122/phi_hp	4606157468419924463
B/traj/122/phi_lp	4605496667680527496
B/traj/122/pi_hpc	4617522980346756641
B/traj/122/pi_lpc	4612636639541067662
B/traj/122/required	0
B/traj/122/s	4603669611090668425
B/traj/122/sp_thrust	4649633291965491200
B/traj/122/v	13793234976157754852
B/traj/122/v_cmd	0
B/traj/122/v_regime	9087740570393753374
B/traj/123/nkeys	24
B/traj/123/Tt4	4654887590104848420
B/traj/123/b	4580728924123589777
B/traj/123/b_cmd	0
B/traj/123/branch	13126223303132988745
B/traj/123/f	4585090676751903363
B/traj/123/g	4558565162944336845
B/traj/123/ic_iters	1
B/traj/123/ic_order	15359057144970489593
B/traj/123/ic_res	0
B/traj/123/mdot_air	4604183186137238603
B/traj/123/mf	4582233829210230133
B/traj/123/mf_sched	4582403389825004051
B/traj/123/nu_hp	4606033080536097783
B/traj/123/nu_lp	4605696560046569389
B/traj/123/phi_hp	4606167432895272978
B/traj/123/phi_lp	4605498942521005558
B/traj/123/pi_hpc	4617528404168064448
B/traj/123/pi_lpc	4612646438445874979
B/traj/123/required	0
B/traj/123/s	4603714647086942130
B/traj/123/sp_thrust	4649629829133059170
B/traj/123/v	13792500653129995317
B/traj/123/v_cmd	0
B/traj/123/v_regime	9087740570393753374
B/traj/124/nkeys	24
B/traj/124/Tt4	4654876581597740119
B/traj/124/b	4580246288213957808
B/traj/124/b_cmd	0
B/traj/124/branch	13126223303132988745
B/traj/124/f	4585077382940211867
B/traj/124/g	4558387279485164666
B/traj/124/ic_iters	1
B/traj/124/ic_order	15359057144970489593
B/traj/124/ic_res	0
B/traj/124/mdot_air	4604204522927016829
B/traj/124/mf	4582239388068329263
B/traj/124/mf_sched	4582403389825004051
B/traj/124/nu_hp	4606041570668778966
B/traj/124/nu_lp	4605706979452545751
B/traj/124/phi_hp	4606177330281914766
B/traj/124/phi_lp	4605502295726139710
B/traj/124/pi_hpc	4617533795833955666
B/traj/124/pi_lpc	4612656093851091046
B/traj/124/required	0
B/traj/124/s	4603759683083215835
B/traj/124/sp_thrust	4649626324765194111
B/traj/124/v	13791836210117364949
B/traj/124/v_cmd	0
B/traj/124/v_regime	9087740570393753374
B/traj/125/nkeys	24
B/traj/125/Tt4	4654865628060803991
B/traj/125/b	4579458341252357950
B/traj/125/b_cmd	0
B/traj/125/branch	13126223303132988745
B/traj/125/f	4585064176897028574
B/traj/125/g	4558215227739383235
B/traj/125/ic_iters	1
B/traj/125/ic_order	15359057144970489593
B/traj/125/ic_res	0
B/traj/125/mdot_air	4604225699723955797
B/traj/125/mf	4582244764685384933
B/traj/125/mf_sched	4582403389825004051
B/traj/125/nu_hp	4606049985747334148
B/traj/125/nu_lp	4605717341220003718
B/traj/125/phi_hp	4606187158421146184
B/traj/125/phi_lp	4605506641233414054
B/traj/125/pi_hpc	4617539156391924472
B/traj/125/pi_lpc	4612665604243521527
B/traj/125/required	0
B/traj/125/s	4603804719079489540
B/traj/125/sp_thrust	4649622784403326284
B/traj/125/v	13791234997162924018
B/traj/125/v_cmd	0
B/traj/125/v_regime	9087740570393753374
B/traj/126/nkeys	24
B/traj/126/Tt4	4654854732184312353
B/traj/126/b	4578668043385669935
B/traj/126/b_cmd	0
B/traj/126/branch	13126223303132988745
B/traj/126/f	4585051060325487509
B/traj/126/g	4558048816520688722
B/traj/126/ic_iters	1
B/traj/126/ic_order	15359057144970489593
B/traj/126/ic_res	0
B/traj/126/mdot_air	4604246717479322354
B/traj/126/mf	4582249965035969136
B/traj/126/mf_sched	4582403389825004051
B/traj/126/nu_hp	4606058325867122048
B/traj/126/nu_lp	4605727641965728227
B/traj/126/phi_hp	4606196915854195047
B/traj/126/phi_lp	4605511869392956353
B/traj/126/pi_hpc	4617544482544728567
B/traj/126/pi_lpc	4612674975851167313
B/traj/126/required	0
B/traj/126/s	4603849755075763245
B/traj/126/sp_thrust	4649619211602727635
B/traj/126/v	13790690997136260072
B/traj/126/v_cmd	0
B/traj/126/v_regime	9087740570393753374
B/traj/127/nkeys	24
B/traj/127/Tt4	4654843896623447804
B/traj/127/b	4577952952239720618
B/traj/127/b_cmd	0
B/traj/127/branch	13126223303132988745
B/traj/127/f	4585038034977411955
B/traj/127/g	4557887860910609804
B/traj/127/ic_iters	1
B/traj/127/ic_order	15359057144970489593
B/traj/127/ic_res	0
B/traj/127/mdot_air	4604267576901002021
B/traj/127/mf	4582254994898784103
B/traj/127/mf_sched	4582403389825004051
B/traj/127/nu_hp	4606066591145938418
B/traj/127/nu_lp	4605737878675855965
B/traj/127/phi_hp	4606206601226022798
B/traj/127/phi_lp	4605517881736845501
B/traj/127/pi_hpc	4617549771441430846
B/traj/127/pi_lpc	4612684214257094147
B/traj/127/required	0
B/traj/127/s	4603894791072036950
B/traj/127/sp_thrust	4649615609807358700
B/traj/127/v	13790198765512133534
B/traj/127/v_cmd	0
B/traj/127/v_regime	9087740570393753374
B/traj/128/nkeys	24
B/traj/128/Tt4	4654833123965363996
B/traj/128/b	4577305910954947703
B/traj/128/b_cmd	0
B/traj/128/branch	13126223303132988745
B/traj/128/f	4585025102609998537
B/traj/128/g	4557732182053023678
B/traj/128/ic_iters	1
B/traj/128/ic_order	15359057144970489593
B/traj/128/ic_res	0
B/traj/128/mdot_air	4604288278509987566
B/traj/128/mf	4582259859863083669
B/traj/128/mf_sched	4582403389825004051
B/traj/128/nu_hp	4606074781723387213
B/traj/128/nu_lp	4605748048671116312
B/traj/128/phi_hp	4606216213286113537
B/traj/128/phi_lp	4605524589767993455
B/traj/128/pi_hpc	4617555020621635214
B/traj/128/pi_lpc	4612693324487847082
B/traj/128/required	0
B/traj/128/s	4603939827068310655
B/traj/128/sp_thrust	4649611982339769258
B/traj/128/v	13789484692751417123
B/traj/128/v_cmd	0
B/traj/128/v_regime	9087740570393753374
B/traj/129/nkeys	24
B/traj/129/Tt4	4654822416705122530
B/traj/129/b	4576720443736436990
B/traj/129/b_cmd	0
B/traj/129/branch	13126223303132988745
B/traj/129/f	4585012264952854561
B/traj/129/g	4557520391011875327
B/traj/129/ic_iters	1
B/traj/129/ic_order	15359057144970489593
B/traj/129/ic_res	0
B/traj/129/mdot_air	4604308822685668257
B/traj/129/mf	4582264565334884139
B/traj/129/mf_sched	4582403389825004051
B/traj/129/nu_hp	4606082897760187407
B/traj/129/nu_lp	4605758149575560529
B/traj/129/phi_hp	4606225750887686029
B/traj/129/phi_lp	4605531913894169551
B/traj/129/pi_hpc	4617560227967602914
B/traj/129/pi_lpc	4612702311087790364
B/traj/129/required	0
B/traj/129/s	4603984863064584360
B/traj/129/sp_thrust	4649608332394641698
B/traj/129/v	13788678682268773557
B/traj/129/v_cmd	0
B/traj/129/v_regime	9087740570393753374
B/traj/130/nkeys	24
B/traj/130/Tt4	4654811777228573286
B/traj/130/b	4576190691042107803
B/traj/130/b_cmd	0
B/traj/130/branch	13126223303132988745
B/traj/130/f	4584999523683218975
B/traj/130/g	4557229113694282793
B/traj/130/ic_iters	1
B/traj/130/ic_order	15359057144970489593
B/traj/130/ic_res	0
B/traj/130/mdot_air	4604329209702123654
B/traj/130/mf	4582269116542971522
B/traj/130/mf_sched	4582403389825004051
B/traj/130/nu_hp	4606090939437435454
B/traj/130/nu_lp	4605768179288392970
B/traj/130/phi_hp	4606235212985749620
B/traj/130/phi_lp	4605539782487434666
B/traj/130/pi_hpc	4617565391662975827
B/traj/130/pi_lpc	4612711178181860799
B/traj/130/required	0
B/traj/130/s	4604029899060858065
B/traj/130/sp_thrust	4649604663035152176
B/traj/130/v	13787949373758684560
B/traj/130/v_cmd	0
B/traj/130/v_regime	9087740570393753374
B/traj/131/nkeys	24
B/traj/131/Tt4	4654801207800653515
B/traj/131/b	4575711350938552717
B/traj/131/b_cmd	0
B/traj/131/branch	13126223303132988745
B/traj/131/f	4584986880407647515
B/traj/131/g	4556947385582902746
B/traj/131/ic_iters	1
B/traj/131/ic_order	15359057144970489593
B/traj/131/ic_res	0
B/traj/131/mdot_air	4604349439757183445
B/traj/131/mf	4582273518544711836
B/traj/131/mf_sched	4582403389825004051
B/traj/131/nu_hp	4606098906955839147
B/traj/131/nu_lp	4605778135958566392
B/traj/131/phi_hp	4606244598634329639
B/traj/131/phi_lp	4605548131052307396
B/traj/131/pi_hpc	4617570510157062199
B/traj/131/pi_lpc	4612719929528750147
B/traj/131/required	0
B/traj/131/s	4604074935057131770
B/traj/131/sp_thrust	4649600977191499925
B/traj/131/v	13787289468069686907
B/traj/131/v_cmd	0
B/traj/131/v_regime	9087740570393753374
B/traj/132/nkeys	24
B/traj/132/Tt4	4654790710557901789
B/traj/132/b	4574898030666780448
B/traj/132/b_cmd	0
B/traj/132/branch	13126223303132988745
B/traj/132/f	4584974336648797317
B/traj/132/g	4556674893617521497
B/traj/132/ic_iters	1
B/traj/132/ic_order	15359057144970489593
B/traj/132/ic_res	0
B/traj/132/mdot_air	4604369512995663775
B/traj/132/mf	4582277776231670918
B/traj/132/mf_sched	4582403389825004051
B/traj/132/nu_hp	4606106800534935239
B/traj/132/nu_lp	4605788017961844830
B/traj/132/phi_hp	4606253906983113686
B/traj/132/phi_lp	4605556901488509981
B/traj/132/pi_hpc	4617575582133824520
B/traj/132/pi_lpc	4612728568566154394
B/traj/132/required	0
B/traj/132/s	4604119971053405475
B/traj/132/sp_thrust	4649597277661092902
B/traj/132/v	13786692360655818493
B/traj/132/v_cmd	0
B/traj/132/v_regime	9087740570393753374
B/traj/133/nkeys	24
B/traj/133/Tt4	4654780287504235407
B/traj/133/b	4574113129556652807
B/traj/133/b_cmd	0
B/traj/133/branch	13126223303132988745
B/traj/133/f	4584961893836226497
B/traj/133/g	4556411335001259837
B/traj/133/ic_iters	1
B/traj/133/ic_order	15359057144970489593
B/traj/133/ic_res	0
B/traj/133/mdot_air	4604389429527911901
B/traj/133/mf	4582281894335050006
B/traj/133/mf_sched	4582403389825004051
B/traj/133/nu_hp	4606114620412300492
B/traj/133/nu_lp	4605797823880073155
B/traj/133/phi_hp	4606263137273712137
B/traj/133/phi_lp	4605566041436238019
B/traj/133/pi_hpc	4617580606484858456
B/traj/133/pi_lpc	4612737098449424943
B/traj/133/required	0
B/traj/133/s	4604165007049679180
B/traj/133/sp_thrust	4649593567109986476
B/traj/133/v	13786152075476222332
B/traj/133/v_cmd	0
B/traj/133/v_regime	9087740570393753374
B/traj/134/nkeys	24
B/traj/134/Tt4	4654769940509239549
B/traj/134/b	4573402921598417687
B/traj/134/b_cmd	0
B/traj/134/branch	13126223303132988745
B/traj/134/f	4584949553300346101
B/traj/134/g	4556156416864100917
B/traj/134/ic_iters	1
B/traj/134/ic_order	15359057144970489593
B/traj/134/ic_res	0
B/traj/134/mdot_air	4604409189444568635
B/traj/134/mf	4582285877430943114
B/traj/134/mf_sched	4582403389825004051
B/traj/134/nu_hp	4606122366842763679
B/traj/134/nu_lp	4605807552482423186
B/traj/134/phi_hp	4606272288835680828
B/traj/134/phi_lp	4605575503693645190
B/traj/134/pi_hpc	4617585582285772641
B/traj/134/pi_lpc	4612745522084713149
B/traj/134/required	0
B/traj/134/s	4604210043045952885
B/traj/134/sp_thrust	4649589848075257726
B/traj/134/v	13785663205185029491
B/traj/134/v_cmd	0
B/traj/134/v_regime	9087740570393753374
B/traj/135/nkeys	24
B/traj/135/Tt4	4654759671308374195
B/traj/135/b	4572760298805008117
B/traj/135/b_cmd	0
B/traj/135/branch	13126223303132988745
B/traj/135/f	4584937316268838038
B/traj/135/g	4555909855937448992
B/traj/135/ic_iters	1
B/traj/135/ic_order	15359057144970489593
B/traj/135/ic_res	0
B/traj/135/mdot_air	4604428792828280185
B/traj/135/mf	4582289729945422050
B/traj/135/mf_sched	4582403389825004051
B/traj/135/nu_hp	4606130040097624337
B/traj/135/nu_lp	4605817202708412891
B/traj/135/phi_hp	4606281361082418675
B/traj/135/phi_lp	4605585245697695932
B/traj/135/pi_hpc	4617590508775477744
B/traj/135/pi_lpc	4612753842157502866
B/traj/135/required	0
B/traj/135/s	4604255079042226590
B/traj/135/sp_thrust	4649586122968065704
B/traj/135/v	13784923254644756321
B/traj/135/v_cmd	0
B/traj/135/v_regime	9087740570393753374
B/traj/136/nkeys	24
B/traj/136/Tt4	4654749481504629811
B/traj/136/b	4572178829603176385
B/traj/136/b_cmd	0
B/traj/136/branch	13126223303132988745
B/traj/136/f	4584925183864992477
B/traj/136/g	4555671378239357400
B/traj/136/ic_iters	1
B/traj/136/ic_order	15359057144970489593
B/traj/136/ic_res	0
B/traj/136/mdot_air	4604448239762948643
B/traj/136/mf	4582293456159454732
B/traj/136/mf_sched	4582403389825004051
B/traj/136/nu_hp	4606137640463882708
B/traj/136/nu_lp	4605826773652518338
B/traj/136/phi_hp	4606290353507025369
B/traj/136/phi_lp	4605595229060766983
B/traj/136/pi_hpc	4617595385337973505
B/traj/136/pi_lpc	4612762061157266661
B/traj/136/required	0
B/traj/136/s	4604300115038500295
B/traj/136/sp_thrust	4649582394077201596
B/traj/136/v	13784122748216398219
B/traj/136/v_cmd	0
B/traj/136/v_regime	9087740570393753374
B/traj/137/nkeys	24
B/traj/137/Tt4	4654739372571262146
B/traj/137/b	4571652694464263965
B/traj/137/b_cmd	0
B/traj/137/branch	13126223303132988745
B/traj/137/f	4584913157107529810
B/traj/137/g	4555440718770075995
B/traj/137/ic_iters	1
B/traj/137/ic_order	15359057144970489593
B/traj/137/ic_res	0
B/traj/137/mdot_air	4604467530340996698
B/traj/137/mf	4582297060213662254
B/traj/137/mf_sched	4582403389825004051
B/traj/137/nu_hp	4606145168243484221
B/traj/137/nu_lp	4605836264550218260
B/traj/137/phi_hp	4606299265678182427
B/traj/137/phi_lp	4605605419156413727
B/traj/137/pi_hpc	4617600211486288907
B/traj/137/pi_lpc	4612770181398852397
B/traj/137/required	0
B/traj/137/s	4604345151034774000
B/traj/137/sp_thrust	4649578663572975611
B/traj/137/v	13783398419981028745
B/traj/137/v_cmd	0
B/traj/137/v_regime	9087740570393753374
B/traj/138/nkeys	24
B/traj/138/Tt4	4654729345855314953
B/traj/138/b	4571176627660508299
B/traj/138/b_cmd	0
B/traj/138/branch	13126223303132988745
B/traj/138/f	4584901236911561025
B/traj/138/g	4555217621217579722
B/traj/138/ic_iters	1
B/traj/138/ic_order	15359057144970489593
B/traj/138/ic_res	0
B/traj/138/mdot_air	4604486664669029701
B/traj/138/mf	4582300546112920008
B/traj/138/mf_sched	4582403389825004051
B/traj/138/nu_hp	4606152623752580990
B/traj/138/nu_lp	4605845674765328705
B/traj/138/phi_hp	4606308097236104566
B/traj/138/phi_lp	4605615784748593550
B/traj/138/pi_hpc	4617604986848284443
B/traj/138/pi_lpc	4612778205041101671
B/traj/138/required	0
B/traj/138/s	4604390187031047705
B/traj/138/sp_thrust	4649574933511320664
B/traj/138/v	13782743020631357618
B/traj/138/v_cmd	0
B/traj/138/v_regime	9087740570393753374
B/traj/139/nkeys	24
B/traj/139/Tt4	4654719402581702268
B/traj/139/b	4570338107346876622
B/traj/139/b_cmd	0
B/traj/139/branch	13126223303132988745
B/traj/139/f	4584889424090411444
B/traj/139/g	4555001837672751112
B/traj/139/ic_iters	1
B/traj/139/ic_order	15359057144970489593
B/traj/139/ic_res	0
B/traj/139/mdot_air	4604505642872205048
B/traj/139/mf	4582303917730807955
B/traj/139/mf_sched	4582403389825004051
B/traj/139/nu_hp	4606160007320812126
B/traj/139/nu_lp	4605855003778500704
B/traj/139/phi_hp	4606316847888594765
B/traj/139/phi_lp	4605626297659382227
B/traj/139/pi_hpc	4617609711154071054
B/traj/139/pi_lpc	4612786134103116174
B/traj/139/required	0
B/traj/139/s	4604435223027321410
B/traj/139/sp_thrust	4649571205838020366
B/traj/139/v	13782149990722299570
B/traj/139/v_cmd	0
B/traj/139/v_regime	9087740570393753374
B/traj/140/nkeys	24
B/traj/140/Tt4	4654709543857671386
B/traj/140/b	4569558566140139684
B/traj/140/b_cmd	0
B/traj/140/branch	13126223303132988745
B/traj/140/f	4584877719358089315
B/traj/140/g	4554793128353900209
B/traj/140/ic_iters	1
B/traj/140/ic_order	15359057144970489593
B/traj/140/ic_res	0
B/traj/140/mdot_air	4604524465097558841
B/traj/140/mf	4582307178813915000
B/traj/140/mf_sched	4582403389825004051
B/traj/140/nu_hp	4606167319290604109
B/traj/140/nu_lp	4605864251176767472
B/traj/140/phi_hp	4606325517407226572
B/traj/140/phi_lp	4605636932470853851
B/traj/140/pi_hpc	4617614384224836655
B/traj/140/pi_lpc	4612793970478518010
B/traj/140/required	0
B/traj/140/s	4604480259023595115
B/traj/140/sp_thrust	4649567482392989412
B/traj/140/v	13781613395021962259
B/traj/140/v_cmd	0
B/traj/140/v_regime	9087740570393753374
B/traj/141/nkeys	24
B/traj/141/Tt4	4654699770677507253
B/traj/141/b	4568853208023488850
B/traj/141/b_cmd	0
B/traj/141/branch	13126223303132988745
B/traj/141/f	4584866123332226133
B/traj/141/g	4554591261340315805
B/traj/141/ic_iters	1
B/traj/141/ic_order	15359057144970489593
B/traj/141/ic_res	0
B/traj/141/mdot_air	4604543131516492096
B/traj/141/mf	4582310332986002257
B/traj/141/mf_sched	4582403389825004051
B/traj/141/nu_hp	4606174560016492030
B/traj/141/nu_lp	4605873416644039609
B/traj/141/phi_hp	4606334105623669346
B/traj/141/phi_lp	4605647666257337215
B/traj/141/pi_hpc	4617619005962902888
B/traj/141/pi_lpc	4612801715947992589
B/traj/141/required	0
B/traj/141/s	4604525295019868820
B/traj/141/sp_thrust	4649563764914551810
B/traj/141/v	13781127863109958297
B/traj/141/v_cmd	0
B/traj/141/v_regime	9087740570393753374
B/traj/142/nkeys	24
B/traj/142/Tt4	4654690083927370215
B/traj/142/b	4568214973548613801
B/traj/142/b_cmd	0
B/traj/142/branch	13126223303132988745
B/traj/142/f	4584854636537351665
B/traj/142/g	4554396012314551905
B/traj/142/ic_iters	1
B/traj/142/ic_order	15359057144970489593
B/traj/142/ic_res	0
B/traj/142/mdot_air	4604561642326579989
B/traj/142/mf	4582313383752029817
B/traj/142/mf_sched	4582403389825004051
B/traj/142/nu_hp	4606181729864462183
B/traj/142/nu_lp	4605882499952457342
B/traj/142/phi_hp	4606342612426166001
B/traj/142/phi_lp	4605658478344727380
B/traj/142/pi_hpc	4617623576342859925
B/traj/142/pi_lpc	4612809372190355778
B/traj/142/required	0
B/traj/142/s	4604570331016142525
B/traj/142/sp_thrust	4649560055043675324
B/traj/142/v	13780362211503343064
B/traj/142/v_cmd	0
B/traj/142/v_regime	9087740570393753374
B/traj/143/nkeys	24
B/traj/143/Tt4	4654680484390184134
B/traj/143/b	4567637475061954048
B/traj/143/b_cmd	0
B/traj/143/branch	13126223303132988745
B/traj/143/f	4584843259408395772
B/traj/143/g	4554207164313163047
B/traj/143/ic_iters	1
B/traj/143/ic_order	15359057144970489593
B/traj/143/ic_res	0
B/traj/143/mdot_air	4604579997752836278
B/traj/143/mf	4582316334502051518
B/traj/143/mf_sched	4582403389825004051
B/traj/143/nu_hp	4606188829211316218
B/traj/143/nu_lp	4605891500954518198
B/traj/143/phi_hp	4606351037756168303
B/traj/143/phi_lp	4605669350093932019
B/traj/143/pi_hpc	4617628095403649123
B/traj/143/pi_lpc	4612816940792348114
B/traj/143/required	0
B/traj/143/s	4604615367012416230
B/traj/143/sp_thrust	4649556354328131314
B/traj/143/v	13779567171543390056
B/traj/143/v_cmd	0
B/traj/143/v_regime	9087740570393753374
B/traj/144/nkeys	24
B/traj/144/Tt4	4654670972750511468
B/traj/144/b	4567114932775031054
B/traj/144/b_cmd	0
B/traj/144/branch	13126223303132988745
B/traj/144/f	4584831992294332158
B/traj/144/g	4554024507485611491
B/traj/144/ic_iters	1
B/traj/144/ic_order	15359057144970489593
B/traj/144/ic_res	0
B/traj/144/mdot_air	4604598198048539771
B/traj/144/mf	4582319188514982011
B/traj/144/mf_sched	4582403389825004051
B/traj/144/nu_hp	4606195858444056855
B/traj/144/nu_lp	4605900419575906791
B/traj/144/phi_hp	4606359381605131309
B/traj/144/phi_lp	4605680264705878674
B/traj/144/pi_hpc	4617632563241481245
B/traj/144/pi_lpc	4612824423257326899
B/traj/144/required	0
B/traj/144/s	4604660403008689935
B/traj/144/sp_thrust	4649552664226557323
B/traj/144/v	13778847789573626076
B/traj/144/v_cmd	0
B/traj/144/v_regime	9087740570393753374
B/traj/145/nkeys	24
B/traj/145/Tt4	4654661549599367587
B/traj/145/b	4566634211683291795
B/traj/145/b_cmd	0
B/traj/145/branch	13126223303132988745
B/traj/145/f	4584820835461897748
B/traj/145/g	4553847838861078368
B/traj/145/ic_iters	1
B/traj/145/ic_order	15359057144970489593
B/traj/145/ic_res	0
B/traj/145/mdot_air	4604616243495709131
B/traj/145/mf	4582321948962240342
B/traj/145/mf_sched	4582403389825004051
B/traj/145/nu_hp	4606202817959294997
B/traj/145/nu_lp	4605909255808960781
B/traj/145/phi_hp	4606367644011465964
B/traj/145/phi_lp	4605691207045809310
B/traj/145/pi_hpc	4617636980003493192
B/traj/145/pi_lpc	4612831821013000569
B/traj/145/required	0
B/traj/145/s	4604705439004963640
B/traj/145/sp_thrust	4649548986112406278
B/traj/145/v	13778196865790559761
B/traj/145/v_cmd	0
B/traj/145/v_regime	9087740570393753374
B/traj/146/nkeys	24
B/traj/146/Tt4	4654652215438938759
B/traj/146/b	4565778568648101103
B/traj/146/b_cmd	0
B/traj/146/branch	13126223303132988745
B/traj/146/f	4584809789099336042
B/traj/146/g	4553676962122919670
B/traj/146/ic_iters	1
B/traj/146/ic_order	15359057144970489593
B/traj/146/ic_res	0
B/traj/146/mdot_air	4604634134405296313
B/traj/146/mf	4582324618911274071
B/traj/146/mf_sched	4582403389825004051
B/traj/146/nu_hp	4606209708162677971
B/traj/146/nu_lp	4605918009706713639
B/traj/146/phi_hp	4606375825057646949
B/traj/146/phi_lp	4605702163484849693
B/traj/146/pi_hpc	4617641345882059411
B/traj/146/pi_lpc	4612839135418327869
B/traj/146/required	0
B/traj/146/s	4604750475001237345
B/traj/146/sp_thrust	4649545321277771318
B/traj/146/v	13777607885541999494
B/traj/146/v_cmd	0
B/traj/146/v_regime	9087740570393753374
B/traj/147/nkeys	24
B/traj/147/Tt4	4654642970687178245
B/traj/147/b	4565004350743246745
B/traj/147/b_cmd	0
B/traj/147/branch	13126223303132988745
B/traj/147/f	4584798853320124844
B/traj/147/g	4553511687390516453
B/traj/147/ic_iters	1
B/traj/147/ic_order	15359057144970489593
B/traj/147/ic_res	0
B/traj/147/mdot_air	4604651871117154611
B/traj/147/mf	4582327201328967871
B/traj/147/mf_sched	4582403389825004051
B/traj/147/nu_hp	4606216529468338517
B/traj/147/nu_lp	4605926681377460695
B/traj/147/phi_hp	4606383924867471520
B/traj/147/phi_lp	4605713121757068298
B/traj/147/pi_hpc	4617645661109684568
B/traj/147/pi_lpc	4612846367769685925
B/traj/147/required	0
B/traj/147/s	4604795510997511050
B/traj/147/sp_thrust	4649541670937079276
B/traj/147/v	13777074954126342844
B/traj/147/v_cmd	0
B/traj/147/v_regime	9087740570393753374
B/traj/148/nkeys	24
B/traj/148/Tt4	4654633815682262223
B/traj/148/b	4564303809349763090
B/traj/148/b_cmd	0
B/traj/148/branch	13126223303132988745
B/traj/148/f	4584788028166657860
B/traj/148/g	4553351831008276842
B/traj/148/ic_iters	1
B/traj/148/ic_order	15359057144970489593
B/traj/148/ic_res	0
B/traj/148/mdot_air	4604669453999827404
B/traj/148/mf	4582329699084940365
B/traj/148/mf_sched	4582403389825004051
B/traj/148/nu_hp	4606223282298364096
B/traj/148/nu_lp	4605935270979800200
B/traj/148/phi_hp	4606391943603464238
B/traj/148/phi_lp	4605724070830438762
B/traj/148/pi_hpc	4617649925954413900
B/traj/148/pi_lpc	4612853519306396292
B/traj/148/required	0
B/traj/148/s	4604840546993784755
B/traj/148/sp_thrust	4649538036230648823
B/traj/148/v	13776592737796528620
B/traj/148/v_cmd	0
B/traj/148/v_regime	9087740570393753374
B/traj/149/nkeys	24
B/traj/149/Tt4	4654624750686893449
B/traj/149/b	4563669933226636824
B/traj/149/b_cmd	0
B/traj/149/branch	13126223303132988745
B/traj/149/f	4584777313613857390
B/traj/149/g	4553197215341555367
B/traj/149/ic_iters	1
B/traj/149/ic_order	15359057144970489593
B/traj/149/ic_res	0
B/traj/149/mdot_air	4604686883450194490
B/traj/149/mf	4582332114954732888
B/traj/149/mf_sched	4582403389825004051
B/traj/149/nu_hp	4606229967082286013
B/traj/149/nu_lp	4605943778718105805
B/traj/149/phi_hp	4606399881464421636
B/traj/149/phi_lp	4605735000790293910
B/traj/149/pi_hpc	4617654140715705317
B/traj/149/pi_lpc	4612860591215685304
B/traj/149/required	0
B/traj/149/s	4604885582990058460
B/traj/149/sp_thrust	4649534418228111815
B/traj/149/v	13775801560630053420
B/traj/149/v_cmd	0
B/traj/149/v_regime	9087740570393753374
B/traj/150/nkeys	24
B/traj/150/Tt4	4654615775892445020
B/traj/150/b	4563096378340077561
B/traj/150/b_cmd	0
B/traj/150/branch	13126223303132988745
B/traj/150/f	4584766709572701071
B/traj/150/g	4552956113886954277
B/traj/150/ic_iters	1
B/traj/150/ic_order	15359057144970489593
B/traj/150/ic_res	0
B/traj/150/mdot_air	4604704159893005591
B/traj/150/mf	4582334451622893709
B/traj/150/mf_sched	4582403389825004051
B/traj/150/nu_hp	4606236584256587852
B/traj/150/nu_lp	4605952204838391070
B/traj/150/phi_hp	4606407738683090847
B/traj/150/phi_lp	4605745902734012794
B/traj/150/pi_hpc	4617658305720714109
B/traj/150/pi_lpc	4612867584637144310
B/traj/150/required	0
B/traj/150/s	4604930618986332165
B/traj/150/sp_thrust	4649530817931697958
B/traj/150/v	13775011949809290193
B/traj/150/v_cmd	0
B/traj/150/v_regime	9087740570393753374
B/traj/151/nkeys	24
B/traj/151/Tt4	4654606891422940329
B/traj/151/b	4562577404370410494
B/traj/151/b_cmd	0
B/traj/151/branch	13126223303132988745
B/traj/151/f	4584756215893650527
B/traj/151/g	4552666825814323750
B/traj/151/ic_iters	1
B/traj/151/ic_order	15359057144970489593
B/traj/151/ic_res	0
B/traj/151/mdot_air	4604721283780325745
B/traj/151/mf	4582336711685961135
B/traj/151/mf_sched	4582403389825004051
B/traj/151/nu_hp	4606243134264232661
B/traj/151/nu_lp	4605960549624530385
B/traj/151/phi_hp	4606415515523975663
B/traj/151/phi_lp	4605756768675816828
B/traj/151/pi_hpc	4617662421320947336
B/traj/151/pi_lpc	4612874500666746583
B/traj/151/required	0
B/traj/151/s	4604975654982605870
B/traj/151/sp_thrust	4649527236279384592
B/traj/151/v	13774297480328257847
B/traj/151/v_cmd	0
B/traj/151/v_regime	9087740570393753374
B/traj/152/nkeys	24
B/traj/152/Tt4	4654598097338867881
B/traj/152/b	4562069211995951290
B/traj/152/b_cmd	0
B/traj/152/branch	13126223303132988745
B/traj/152/f	4584745832369973310
B/traj/152/g	4552387021732699438
B/traj/152/ic_iters	1
B/traj/152/ic_order	15359057144970489593
B/traj/152/ic_res	0
B/traj/152/mdot_air	4604738255590911465
B/traj/152/mf	4582338897655348825
B/traj/152/mf_sched	4582403389825004051
B/traj/152/nu_hp	4606249617554208344
B/traj/152/nu_lp	4605968813394804070
B/traj/152/phi_hp	4606423212281263786
B/traj/152/phi_lp	4605767591460670491
B/traj/152/pi_hpc	4617666487889249370
B/traj/152/pi_lpc	4612881340360470019
B/traj/152/required	0
B/traj/152/s	4605020690978879575
B/traj/152/sp_thrust	4649523674147913970
B/traj/152/v	13773651001549214242
B/traj/152/v_cmd	0
B/traj/152/v_regime	9087740570393753374
B/traj/153/nkeys	24
B/traj/153/Tt4	4654589393640831806
B/traj/153/b	4561219411943967494
B/traj/153/b_cmd	0
B/traj/153/branch	13126223303132988745
B/traj/153/f	4584735558740952541
B/traj/153/g	4552116390719876398
B/traj/153/ic_iters	1
B/traj/153/ic_order	15359057144970489593
B/traj/153/ic_res	0
B/traj/153/mdot_air	4604755075829534106
B/traj/153/mf	4582341011960136505
B/traj/153/mf_sched	4582403389825004051
B/traj/153/nu_hp	4606256034581090691
B/traj/153/nu_lp	4605976996498738467
B/traj/153/phi_hp	4606430829276868869
B/traj/153/phi_lp	4605778364686387226
B/traj/153/pi_hpc	4617670505817085291
B/traj/153/pi_lpc	4612888104737568427
B/traj/153/required	0
B/traj/153/s	4605065726975153280
B/traj/153/sp_thrust	4649520132355681619
B/traj/153/v	13773066043306981374
B/traj/153/v_cmd	0
B/traj/153/v_regime	9087740570393753374
B/traj/154/nkeys	24
B/traj/154/Tt4	4654580780273040439
B/traj/154/b	4560450480989430606
B/traj/154/b_cmd	0
B/traj/154/branch	13126223303132988745
B/traj/154/f	4584725394694980972
B/traj/154/g	4551854632046891906
B/traj/154/ic_iters	1
B/traj/154/ic_order	15359057144970489593
B/traj/154/ic_res	0
B/traj/154/mdot_air	4604771745026262730
B/traj/154/mf	4582343056949769196
B/traj/154/mf_sched	4582403389825004051
B/traj/154/nu_hp	4606262385804623488
B/traj/154/nu_lp	4605985099314214587
B/traj/154/phi_hp	4606438366858581154
B/traj/154/phi_lp	4605789082633134489
B/traj/154/pi_hpc	4617674475512091738
B/traj/154/pi_lpc	4612894794783528789
B/traj/154/required	0
B/traj/154/s	4605110762971426985
B/traj/154/sp_thrust	4649516611665499426
B/traj/154/v	13772536751153474991
B/traj/154/v_cmd	0
B/traj/154/v_regime	9087740570393753374
B/traj/155/nkeys	24
B/traj/155/Tt4	4654572257126636451
B/traj/155/b	4559754723426854835
B/traj/155/b_cmd	0
B/traj/155/branch	13126223303132988745
B/traj/155/f	4584715339872537860
B/traj/155/g	4551601454843851231
B/traj/155/ic_iters	1
B/traj/155/ic_order	15359057144970489593
B/traj/155/ic_res	0
B/traj/155/mdot_air	4604788263735717174
B/traj/155/mf	4582345034896667951
B/traj/155/mf_sched	4582403389825004051
B/traj/155/nu_hp	4606268671689315148
B/traj/155/nu_lp	4605993122244821350
B/traj/155/phi_hp	4606445825398320806
B/traj/155/phi_lp	4605799740199615017
B/traj/155/pi_hpc	4617678397395868890
B/traj/155/pi_lpc	4612901411452747185
B/traj/155/required	0
B/traj/155/s	4605155798967700690
B/traj/155/sp_thrust	4649513112787237760
B/traj/155/v	13772057827764526659
B/traj/155/v_cmd	0
B/traj/155/v_regime	9087740570393753374
B/traj/156/nkeys	24
B/traj/156/Tt4	4654563824042872797
B/traj/156/b	4559125175893327680
B/traj/156/b_cmd	0
B/traj/156/branch	13126223303132988745
B/traj/156/f	4584705393869048514
B/traj/156/g	4551356577776708945
B/traj/156/ic_iters	1
B/traj/156/ic_order	15359057144970489593
B/traj/156/ic_res	0
B/traj/156/mdot_air	4604804632536299553
B/traj/156/mf	4582346947998755000
B/traj/156/mf_sched	4582403389825004051
B/traj/156/nu_hp	4606274892704051314
B/traj/156/nu_lp	4606001065717431673
B/traj/156/phi_hp	4606453205290488153
B/traj/156/phi_lp	4605810332845274978
B/traj/156/pi_hpc	4617682271901989604
B/traj/156/pi_lpc	4612907955670952251
B/traj/156/required	0
B/traj/156/s	4605200834963974395
B/traj/156/sp_thrust	4649509636380350938
B/traj/156/v	13771241299346181477
B/traj/156/v_cmd	0
B/traj/156/v_regime	9087740570393753374
B/traj/157/nkeys	24
B/traj/157/Tt4	4654555480816139419
B/traj/157/b	4558555537676959803
B/traj/157/b_cmd	0
B/traj/157/branch	13126223303132988745
B/traj/157/f	4584695556237627418
B/traj/157/g	4551119728734646600
B/traj/157/ic_iters	1
B/traj/157/ic_order	15359057144970489593
B/traj/157/ic_res	0
B/traj/157/mdot_air	4604820852029411091
B/traj/157/mf	4582348798381896112
B/traj/157/mf_sched	4582403389825004051
B/traj/157/nu_hp	4606281049321722900
B/traj/157/nu_lp	4606008930179981699
B/traj/157/phi_hp	4606460506950405235
B/traj/157/phi_lp	4605820856537955352
B/traj/157/pi_hpc	4617686099474204599
B/traj/157/pi_lpc	4612914428337401594
B/traj/157/required	0
B/traj/157/s	4605245870960248100
B/traj/157/sp_thrust	4649506183056290580
B/traj/157/v	13770457080590305069
B/traj/157/v_cmd	0
B/traj/157/v_regime	9087740570393753374
B/traj/158/nkeys	24
B/traj/158/Tt4	4654547227196845792
B/traj/158/b	4558040107657357034
B/traj/158/b_cmd	0
B/traj/158/branch	13126223303132988745
B/traj/158/f	4584685826491706544
B/traj/158/g	4550890644527699385
B/traj/158/ic_iters	1
B/traj/158/ic_order	15359057144970489593
B/traj/158/ic_res	0
B/traj/158/mdot_air	4604836922838659721
B/traj/158/mf	4582350588102262888
B/traj/158/mf_sched	4582403389825004051
B/traj/158/nu_hp	4606287142018869039
B/traj/158/nu_lp	4606016716099435253
B/traj/158/phi_hp	4606467730812843755
B/traj/158/phi_lp	4605831307706461773
B/traj/158/pi_hpc	4617689880564824566
B/traj/158/pi_lpc	4612920830326873590
B/traj/158/required	0
B/traj/158/s	4605290906956521805
B/traj/158/sp_thrust	4649502753380811290
B/traj/158/v	13769747490051784750
B/traj/158/v_cmd	0
B/traj/158/v_regime	9087740570393753374
B/traj/159/nkeys	24
B/traj/159/Tt4	4654539062894164946
B/traj/159/b	4557504631595047476
B/traj/159/b_cmd	0
B/traj/159/branch	13126223303132988745
B/traj/159/f	4584676204107551263
B/traj/159/g	4550669070594295760
B/traj/159/ic_iters	1
B/traj/159/ic_order	15359057144970489593
B/traj/159/ic_res	0
B/traj/159/mdot_air	4604852845609063244
B/traj/159/mf	4582352319148617603
B/traj/159/mf_sched	4582403389825004051
B/traj/159/nu_hp	4606293171275334422
B/traj/159/nu_lp	4606024423959917286
B/traj/159/phi_hp	4606474877330633973
B/traj/159/phi_lp	4605841683197579978
B/traj/159/pi_hpc	4617693615633262362
B/traj/159/pi_lpc	4612927162491474721
B/traj/159/required	0
B/traj/159/s	4605335942952795510
B/traj/159/sp_thrust	4649499347876173248
B/traj/159/v	13769105425922886371
B/traj/159/v_cmd	0
B/traj/159/v_regime	9087740570393753374
B/traj/160/nkeys	24
B/traj/160/Tt4	4654530987578644276
B/traj/160/b	4556660634625925044
B/traj/160/b_cmd	0
B/traj/160/branch	13126223303132988745
B/traj/160/f	4584666688526666433
B/traj/160/g	4550454760718385081
B/traj/160/ic_iters	1
B/traj/160/ic_order	15359057144970489593
B/traj/160/ic_res	0
B/traj/160/mdot_air	4604868621006251243
B/traj/160/mf	4582353993444523156
B/traj/160/mf_sched	4582403389825004051
B/traj/160/nu_hp	4606299137573940537
B/traj/160/nu_lp	4606032054261001532
B/traj/160/phi_hp	4606481946973350443
B/traj/160/phi_lp	4605851980237111491
B/traj/160/pi_hpc	4617697305144719676
B/traj/160/pi_lpc	4612933425662280077
B/traj/160/required	0
B/traj/160/s	4605380978949069215
B/traj/160/sp_thrust	4649495967023246011
B/traj/160/v	13768524462221654284
B/traj/160/v_cmd	0
B/traj/160/v_regime	9087740570393753374
B/traj/161/nkeys	24
B/traj/161/Tt4	4654523000884688826
B/traj/161/b	4555896954518376726
B/traj/161/b_cmd	0
B/traj/161/branch	13126223303132988745
B/traj/161/f	4584650137653026624
B/traj/161/g	4550247476755838883
B/traj/161/ic_iters	1
B/traj/161/ic_order	15359057144970489593
B/traj/161/ic_res	0
B/traj/161/mdot_air	4604884249715669304
B/traj/161/mf	4582355612850480548
B/traj/161/mf_sched	4582403389825004051
B/traj/161/nu_hp	4606305041400170316
B/traj/161/nu_lp	4606039607516138962
B/traj/161/phi_hp	4606488940226069715
B/traj/161/phi_lp	4605862196394545564
B/traj/161/pi_hpc	4617700949569004727
B/traj/161/pi_lpc	4612939620650823107
B/traj/161/required	0
B/traj/161/s	4605426014945342920
B/traj/161/sp_thrust	4649492611263517872
B/traj/161/v	13767998784478640695
B/traj/161/v_cmd	0
B/traj/161/v_regime	9087740570393753374
B/traj/162/nkeys	24
B/traj/162/Tt4	4654515102412922496
B/traj/162/b	4555205948119062975
B/traj/162/b_cmd	0
B/traj/162/branch	13126223303132988745
B/traj/162/f	4584631530098070617
B/traj/162/g	4550046988369821799
B/traj/162/ic_iters	1
B/traj/162/ic_order	15359057144970489593
B/traj/162/ic_res	0
B/traj/162/mdot_air	4604899732441787661
B/traj/162/mf	4582357179165996306
B/traj/162/mf_sched	4582403389825004051
B/traj/162/nu_hp	4606310883241865722
B/traj/162/nu_lp	4606047084251214841
B/traj/162/phi_hp	4606495857588196087
B/traj/162/phi_lp	4605872329551021479
B/traj/162/pi_hpc	4617704549379468413
B/traj/162/pi_lpc	4612945748250448772
B/traj/162/required	0
B/traj/162/s	4605471050941616625
B/traj/162/sp_thrust	4649489281001014980
B/traj/162/v	13767523131543846637
B/traj/162/v_cmd	0
B/traj/162/v_regime	9087740570393753374
B/traj/163/nkeys	24
B/traj/163/Tt4	4654507291732432465
B/traj/163/b	4554580699616223918
B/traj/163/b_cmd	0
B/traj/163/branch	13126223303132988745
B/traj/163/f	4584613132426517883
B/traj/163/g	4549853072774838050
B/traj/163/ic_iters	1
B/traj/163/ic_order	15359057144970489593
B/traj/163/ic_res	0
B/traj/163/mdot_air	4604915069907316300
B/traj/163/mf	4582358694131582117
B/traj/163/mf_sched	4582403389825004051
B/traj/163/nu_hp	4606316663588937822
B/traj/163/nu_lp	4606054485003223294
B/traj/163/phi_hp	4606502699572351545
B/traj/163/phi_lp	4605882377870268842
B/traj/163/pi_hpc	4617708105052047679
B/traj/163/pi_lpc	4612951809237542866
B/traj/163/required	0
B/traj/163/s	4605516086937890330
B/traj/163/sp_thrust	4649485976604134132
B/traj/163/v	13766681424991313565
B/traj/163/v_cmd	0
B/traj/163/v_regime	9087740570393753374
B/traj/164/nkeys	24
B/traj/164/Tt4	4654499568382902203
B/traj/164/b	4554014951324036283
B/traj/164/b_cmd	0
B/traj/164/branch	13126223303132988745
B/traj/164/f	4584594943287245511
B/traj/164/g	4549665514489169087
B/traj/164/ic_iters	1
B/traj/164/ic_order	15359057144970489593
B/traj/164/ic_res	0
B/traj/164/mdot_air	4604930262852428474
B/traj/164/mf	4582360159430688906
B/traj/164/mf_sched	4582403389825004051
B/traj/164/nu_hp	4606322382933088904
B/traj/164/nu_lp	4606061810319049289
B/traj/164/phi_hp	4606509466703326034
B/traj/164/phi_lp	4605892339772244019
B/traj/164/pi_hpc	4617711617064406245
B/traj/164/pi_lpc	4612957804372649168
B/traj/164/required	0
B/traj/164/s	4605561122934164035
B/traj/164/sp_thrust	4649482698407393232
B/traj/164/v	13765902561479192630
B/traj/164/v_cmd	0
B/traj/164/v_regime	9087740570393753374
B/traj/165/nkeys	24
B/traj/165/Tt4	4654491931876637989
B/traj/165/b	4553503041053703954
B/traj/165/b_cmd	0
B/traj/165/branch	13126223303132988745
B/traj/165/f	4584576961280601442
B/traj/165/g	4549484105095427298
B/traj/165/ic_iters	1
B/traj/165/ic_order	15359057144970489593
B/traj/165/ic_res	0
B/traj/165/mdot_air	4604945312033993563
B/traj/165/mf	4582361576691577513
B/traj/165/mf_sched	4582403389825004051
B/traj/165/nu_hp	4606328041767546208
B/traj/165/nu_lp	4606069060754348862
B/traj/165/phi_hp	4606516159517084853
B/traj/165/phi_lp	4605902213909208000
B/traj/165/pi_hpc	4617715085895163256
B/traj/165/pi_lpc	4612963734401484569
B/traj/165/required	0
B/traj/165/s	4605606158930437740
B/traj/165/sp_thrust	4649479446713103058
B/traj/165/v	13765197816566043904
B/traj/165/v_cmd	0
B/traj/165/v_regime	9087740570393753374
B/traj/166/nkeys	24
B/traj/166/Tt4	4654484381700493998
B/traj/166/b	4552940467617372795
B/traj/166/b_cmd	0
B/traj/166/branch	13126223303132988745
B/traj/166/f	4584559184962036636
B/traj/166/g	4549308643008959692
B/traj/166/ic_iters	1
B/traj/166/ic_order	15359057144970489593
B/traj/166/ic_res	0
B/traj/166/mdot_air	4604960218224820893
B/traj/166/mf	4582362947489128041
B/traj/166/mf_sched	4582403389825004051
B/traj/166/nu_hp	4606333640586806869
B/traj/166/nu_lp	4606076236872519221
B/traj/166/phi_hp	4606522778559829783
B/traj/166/phi_lp	4605911999144015723
B/traj/166/pi_hpc	4617718512023201933
B/traj/166/pi_lpc	4612969600055861779
B/traj/166/required	0
B/traj/166/s	4605651194926711445
B/traj/166/sp_thrust	4649476221792963945
B/traj/166/v	13764560136940692693
B/traj/166/v_cmd	0
B/traj/166/v_regime	9087740570393753374
B/traj/167/nkeys	24
B/traj/167/Tt4	4654476917317700471
B/traj/167/b	4552102234103236186
B/traj/167/b_cmd	0
B/traj/167/branch	13126223303132988745
B/traj/167/f	4584541612845564559
B/traj/167/g	4549138933253844218
B/traj/167/ic_iters	1
B/traj/167/ic_order	15359057144970489593
B/traj/167/ic_res	0
B/traj/167/mdot_air	4604974982212915070
B/traj/167/mf	4582364273346589881
B/traj/167/mf_sched	4582403389825004051
B/traj/167/nu_hp	4606339179886393661
B/traj/167/nu_lp	4606083339243751125
B/traj/167/phi_hp	4606529324387111063
B/traj/167/phi_lp	4605921694530408856
B/traj/167/pi_hpc	4617721895927050451
B/traj/167/pi_lpc	4612975402054527915
B/traj/167/required	0
B/traj/167/s	4605696230922985150
B/traj/167/sp_thrust	4649473023889590698
B/traj/167/v	13763983140502688967
B/traj/167/v_cmd	0
B/traj/167/v_regime	9087740570393753374
B/traj/168/nkeys	24
B/traj/168/Tt4	4654469538169599683
B/traj/168/b	4551343768985888601
B/traj/168/b_cmd	0
B/traj/168/branch	13126223303132988745
B/traj/168/f	4584524243407054775
B/traj/168/g	4548974787246229796
B/traj/168/ic_iters	1
B/traj/168/ic_order	15359057144970489593
B/traj/168/ic_res	0
B/traj/168/mdot_air	4604989604800743824
B/traj/168/mf	4582365555737274369
B/traj/168/mf_sched	4582403389825004051
B/traj/168/nu_hp	4606344660162621171
B/traj/168/nu_lp	4606090368444156605
B/traj/168/phi_hp	4606535797562987275
B/traj/168/phi_lp	4605931299295124016
B/traj/168/pi_hpc	4617725238084328539
B/traj/168/pi_lpc	4612981141103926708
B/traj/168/required	0
B/traj/168/s	4605741266919258855
B/traj/168/sp_thrust	4649469853217969118
B/traj/168/v	13763461052488216770
B/traj/168/v_cmd	0
B/traj/168/v_regime	9087740570393753374
B/traj/169/nkeys	24
B/traj/169/Tt4	4654462243677293828
B/traj/169/b	4550657481305270606
B/traj/169/b_cmd	0
B/traj/169/branch	13126223303132988745
B/traj/169/f	4584507075087367062
B/traj/169/g	4548816022584779305
B/traj/169/ic_iters	1
B/traj/169/ic_order	15359057144970489593
B/traj/169/ic_res	0
B/traj/169/mdot_air	4605004086804518866
B/traj/169/mf	4582366796086191951
B/traj/169/mf_sched	4582403389825004051
B/traj/169/nu_hp	4606350081912372015
B/traj/169/nu_lp	4606097325054965715
B/traj/169/phi_hp	4606542198659230674
B/traj/169/phi_lp	4605940812821646464
B/traj/169/pi_hpc	4617728538971253384
B/traj/169/pi_lpc	4612986817898891302
B/traj/169/required	0
B/traj/169/s	4605786302915532560
B/traj/169/sp_thrust	4649466709966847048
B/traj/169/v	13762976834104607792
B/traj/169/v_cmd	0
B/traj/169/v_regime	9087740570393753374
B/traj/170/nkeys	24
B/traj/170/Tt4	4654455033243209160
B/traj/170/b	4550036502476059421
B/traj/170/b_cmd	0
B/traj/170/branch	13126223303132988745
B/traj/170/f	4584490106295332735
B/traj/170/g	4548662462847982670
B/traj/170/ic_iters	1
B/traj/170/ic_order	15359057144970489593
B/traj/170/ic_res	0
B/traj/170/mdot_air	4605018429053490606
B/traj/170/mf	4582367995771635674
B/traj/170/mf_sched	4582403389825004051
B/traj/170/nu_hp	4606355445632882754
B/traj/170/nu_lp	4606104209661786556
B/traj/170/phi_hp	4606548528254575149
B/traj/170/phi_lp	4605950234635455264
B/traj/170/pi_hpc	4617731799062199705
B/traj/170/pi_lpc	4612992433123273989
B/traj/170/required	0
B/traj/170/s	4605831338911806265
B/traj/170/sp_thrust	4649463594300063162
B/traj/170/v	13762121934923203350
B/traj/170/v_cmd	0
B/traj/170/v_regime	9087740570393753374
B/traj/171/nkeys	24
B/traj/171/Tt4	4654447906252580160
B/traj/171/b	4549474617544683045
B/traj/171/b_cmd	0
B/traj/171/branch	13126223303132988745
B/traj/171/f	4584473335410589161
B/traj/171/g	4548392251152028671
B/traj/171/ic_iters	1
B/traj/171/ic_order	15359057144970489593
B/traj/171/ic_res	0
B/traj/171/mdot_air	4605032632389256601
B/traj/171/mf	4582369156126712767
B/traj/171/mf_sched	4582403389825004051
B/traj/171/nu_hp	4606360751821539153
B/traj/171/nu_lp	4606111022853923335
B/traj/171/phi_hp	4606554786934004911
B/traj/171/phi_lp	4605959564390620878
B/traj/171/pi_hpc	4617735018829308385
B/traj/171/pi_lpc	4612997987450518497
B/traj/171/required	0
B/traj/171/s	4605876374908079970
B/traj/171/sp_thrust	4649460506357815977
B/traj/171/v	13761348390085149309
B/traj/171/v_cmd	0
B/traj/171/v_regime	9087740570393753374
B/traj/172/nkeys	24
B/traj/172/Tt4	4654440862074857570
B/traj/172/b	4548966202988088774
B/traj/172/b_cmd	0
B/traj/172/branch	13126223303132988745
B/traj/172/f	4584456760786273640
B/traj/172/g	4548104938739040321
B/traj/172/ic_iters	1
B/traj/172/ic_order	15359057144970489593
B/traj/172/ic_res	0
B/traj/172/mdot_air	4605046697665084706
B/traj/172/mf	4582370278440826003
B/traj/172/mf_sched	4582403389825004051
B/traj/172/nu_hp	4606366000975680449
B/traj/172/nu_lp	4606117765223747667
B/traj/172/phi_hp	4606560975288081424
B/traj/172/phi_lp	4605968801857629102
B/traj/172/pi_hpc	4617738198742139581
B/traj/172/pi_lpc	4613003481544180220
B/traj/172/required	0
B/traj/172/s	4605921410904353675
B/traj/172/sp_thrust	4649457446257876044
B/traj/172/v	13760648457707746585
B/traj/172/v_cmd	0
B/traj/172/v_regime	9087740570393753374
B/traj/173/nkeys	24
B/traj/173/Tt4	4654433900065043919
B/traj/173/b	4548376717219271850
B/traj/173/b_cmd	0
B/traj/173/branch	13126223303132988745
B/traj/173/f	4584440380751582557
B/traj/173/g	4547827045547231669
B/traj/173/ic_iters	1
B/traj/173/ic_order	15359057144970489593
B/traj/173/ic_res	0
B/traj/173/mdot_air	4605060625745250784
B/traj/173/mf	4582371363961106505
B/traj/173/mf_sched	4582403389825004051
B/traj/173/nu_hp	4606371193592412306
B/traj/173/nu_lp	4606124437366118762
B/traj/173/phi_hp	4606567093912306558
B/traj/173/phi_lp	4605977946912317220
B/traj/173/pi_hpc	4617741339267365874
B/traj/173/pi_lpc	4613008916058399059
B/traj/173/required	0
B/traj/173/s	4605966446900627380
B/traj/173/sp_thrust	4649454414096743728
B/traj/173/v	13760015132645208448
B/traj/173/v_cmd	0
B/traj/173/v_regime	9087740570393753374
B/traj/174/nkeys	24
B/traj/174/Tt4	4654427019564959879
B/traj/174/b	4547544207802854877
B/traj/174/b_cmd	0
B/traj/174/branch	13126223303132988745
B/traj/174/f	4584424193614201384
B/traj/174/g	4547558262777805234
B/traj/174/ic_iters	1
B/traj/174/ic_order	15359057144970489593
B/traj/174/ic_res	0
B/traj/174/mdot_air	4605074417504391426
B/traj/174/mf	4582372413893799577
B/traj/174/mf_sched	4582403389825004051
B/traj/174/nu_hp	4606376330168428148
B/traj/174/nu_lp	4606131039877848512
B/traj/174/phi_hp	4606573143406520204
B/traj/174/phi_lp	4605986999525819171
B/traj/174/pi_hpc	4617744440868501753
B/traj/174/pi_lpc	4613014291638329188
B/traj/174/required	0
B/traj/174/s	4606011482896901085
B/traj/174/sp_thrust	4649451409950755054
B/traj/174/v	13759442076378934096
B/traj/174/v_cmd	0
B/traj/174/v_regime	9087740570393753374
B/traj/175/nkeys	24
B/traj/175/Tt4	4654420219904444773
B/traj/175/b	4546790922063777684
B/traj/175/b_cmd	0
B/traj/175/branch	13126223303132988745
B/traj/175/f	4584408197662610997
B/traj/175/g	4547298291755592178
B/traj/175/ic_iters	1
B/traj/175/ic_order	15359057144970489593
B/traj/175/ic_res	0
B/traj/175/mdot_air	4605088073826871695
B/traj/175/mf	4582373429405605097
B/traj/175/mf_sched	4582403389825004051
B/traj/175/nu_hp	4606381411199838563
B/traj/175/nu_lp	4606137573357207851
B/traj/175/phi_hp	4606579124374330415
B/traj/175/phi_lp	4605995959755426152
B/traj/175/pi_hpc	4617747504005666016
B/traj/175/pi_lpc	4613019608920529718
B/traj/175/required	0
B/traj/175/s	4606056518893174790
B/traj/175/sp_thrust	4649448433877137882
B/traj/175/v	13758923553579599078
B/traj/175/v_cmd	0
B/traj/175/v_regime	9087740570393753374
B/traj/176/nkeys	24
B/traj/176/Tt4	4654413500402494324
B/traj/176/b	4546109320878845424
B/traj/176/b_cmd	0
B/traj/176/branch	13126223303132988745
B/traj/176/f	4584392391168275691
B/traj/176/g	4547046843597160284
B/traj/176/ic_iters	1
B/traj/176/ic_order	15359057144970489593
B/traj/176/ic_res	0
B/traj/176/mdot_air	4605101595606168198
B/traj/176/mf	4582374411624973972
B/traj/176/mf_sched	4582403389825004051
B/traj/176/nu_hp	4606386437182008487
B/traj/176/nu_lp	4606144038403471056
B/traj/176/phi_hp	4606585037422574344
B/traj/176/phi_lp	4606004827736277818
B/traj/176/pi_hpc	4617750529135373933
B/traj/176/pi_lpc	4613024868533319878
B/traj/176/required	0
B/traj/176/s	4606101554889448495
B/traj/176/sp_thrust	4649445485915020700
B/traj/176/v	13758411887795446276
B/traj/176/v_cmd	0
B/traj/176/v_regime	9087740570393753374
B/traj/177/nkeys	24
B/traj/177/Tt4	4654406860368338580
B/traj/177/b	4545492582566674281
B/traj/177/b_cmd	0
B/traj/177/branch	13126223303132988745
B/traj/177/f	4584376772387717828
B/traj/177/g	4546803638889802652
B/traj/177/ic_iters	1
B/traj/177/ic_order	15359057144970489593
B/traj/177/ic_res	0
B/traj/177/mdot_air	4605114983744267384
B/traj/177/mf	4582375361643362087
B/traj/177/mf_sched	4582403389825004051
B/traj/177/nu_hp	4606391408609401892
B/traj/177/nu_lp	4606150435616494973
B/traj/177/phi_hp	4606590883160808522
B/traj/177/phi_lp	4606013603673807452
B/traj/177/pi_hpc	4617753516710356361
B/traj/177/pi_lpc	4613030071097101930
B/traj/177/required	0
B/traj/177/s	4606146590885722200
B/traj/177/sp_thrust	4649442566086396044
B/traj/177/v	13757562826517647772
B/traj/177/v_cmd	0
B/traj/177/v_regime	9087740570393753374
B/traj/178/nkeys	24
B/traj/178/Tt4	4654400299102462885
B/traj/178/b	4544934534614135124
B/traj/178/b_cmd	0
B/traj/178/branch	13126223303132988745
B/traj/178/f	4584361339564484130
B/traj/178/g	4546568407381050394
B/traj/178/ic_iters	1
B/traj/178/ic_order	15359057144970489593
B/traj/178/ic_res	0
B/traj/178/mdot_air	4605128239151079289
B/traj/178/mf	4582376280516443151
B/traj/178/mf_sched	4582403389825004051
B/traj/178/nu_hp	4606396325975433701
B/traj/178/nu_lp	4606156765596330386
B/traj/178/phi_hp	4606596662200826790
B/traj/178/phi_lp	4606022287836871399
B/traj/178/pi_hpc	4617756467179403216
B/traj/178/pi_lpc	4613035217224654898
B/traj/178/required	0
B/traj/178/s	4606191626881995905
B/traj/178/sp_thrust	4649439674397040622
B/traj/178/v	13756794564033697768
B/traj/178/v_cmd	0
B/traj/178/v_regime	9087740570393753374
B/traj/179/nkeys	24
B/traj/179/Tt4	4654393815897574522
B/traj/179/b	4544429591899879474
B/traj/179/b_cmd	0
B/traj/179/branch	13126223303132988745
B/traj/179/f	4584346090931008227
B/traj/179/g	4546340887678364313
B/traj/179/ic_iters	1
B/traj/179/ic_order	15359057144970489593
B/traj/179/ic_res	0
B/traj/179/mdot_air	4605141362743866614
B/traj/179/mf	4582377169265281768
B/traj/179/mf_sched	4582403389825004051
B/traj/179/nu_hp	4606401189772328666
B/traj/179/nu_lp	4606163028942863002
B/traj/179/phi_hp	4606602375156204667
B/traj/179/phi_lp	4606030880551499810
B/traj/179/pi_hpc	4617759380987228984
B/traj/179/pi_lpc	4613040307521401702
B/traj/179/required	0
B/traj/179/s	4606236662878269610
B/traj/179/sp_thrust	4649436810837393985
B/traj/179/v	13756099411328376657
B/traj/179/v_cmd	0
B/traj/179/v_regime	9087740570393753374
B/traj/180/nkeys	24
B/traj/180/Tt4	4654387410039517653
B/traj/180/b	4543813377576507892
B/traj/180/b_cmd	0
B/traj/180/branch	13126223303132988745
B/traj/180/f	4584331024710374115
B/traj/180/g	4546120826958671863
B/traj/180/ic_iters	1
B/traj/180/ic_order	15359057144970489593
B/traj/180/ic_res	0
B/traj/180/mdot_air	4605154355446689053
B/traj/180/mf	4582378028877468067
B/traj/180/mf_sched	4582403389825004051
B/traj/180/nu_hp	4606406000490986960
B/traj/180/nu_lp	4606169226255481732
B/traj/180/phi_hp	4606608022641868624
B/traj/180/phi_lp	4606039382195211458
B/traj/180/pi_hpc	4617762258574358059
B/traj/180/pi_lpc	4613045342585652300
B/traj/180/required	0
B/traj/180/s	4606281698874543315
B/traj/180/sp_thrust	4649433975383397603
B/traj/180/v	13755470411092375666
B/traj/180/v_cmd	0
B/traj/180/v_regime	9087740570393753374
B/traj/181/nkeys	24
B/traj/181/Tt4	4654381080808138937
B/traj/181/b	4542986553169305799
B/traj/181/b_cmd	0
B/traj/181/branch	13126223303132988745
B/traj/181/f	4584316139117984756
B/traj/181/g	4545907980687426618
B/traj/181/ic_iters	1
B/traj/181/ic_order	15359057144970489593
B/traj/181/ic_res	0
B/traj/181/mdot_air	4605167218189863129
B/traj/181/mf	4582378860308215119
B/traj/181/mf_sched	4582403389825004051
B/traj/181/nu_hp	4606410758620856236
B/traj/181/nu_lp	4606175358132772157
B/traj/181/phi_hp	4606613605273689135
B/traj/181/phi_lp	4606047793191840884
B/traj/181/pi_hpc	4617765100377028145
B/traj/181/pi_lpc	4613050323008825058
B/traj/181/required	0
B/traj/181/s	4606326734870817020
B/traj/181/sp_thrust	4649431167997296086
B/traj/181/v	13754901268091333119
B/traj/181/v_cmd	0
B/traj/181/v_regime	9087740570393753374
B/traj/182/nkeys	24
B/traj/182/Tt4	4654374827478106176
B/traj/182/b	4542238411439754075
B/traj/182/b_cmd	0
B/traj/182/branch	13126223303132988745
B/traj/182/f	4584301432363140012
B/traj/182/g	4545702112346878068
B/traj/182/ic_iters	1
B/traj/182/ic_order	15359057144970489593
B/traj/182/ic_res	0
B/traj/182/mdot_air	4605179951909437141
B/traj/182/mf	4582379664481420387
B/traj/182/mf_sched	4582403389825004051
B/traj/182/nu_hp	4606415464649809916
B/traj/182/nu_lp	4606181425172233231
B/traj/182/phi_hp	4606619123668096260
B/traj/182/phi_lp	4606056114006830930
B/traj/182/pi_hpc	4617767906827109757
B/traj/182/pi_lpc	4613055249375648438
B/traj/182/required	0
B/traj/182/s	4606371770867090725
B/traj/182/sp_thrust	4649428388628402186
B/traj/182/v	13754386286161127284
B/traj/182/v_cmd	0
B/traj/182/v_regime	9087740570393753374
B/traj/183/nkeys	24
B/traj/183/Tt4	4654368649319682246
B/traj/183/b	4541561464747540817
B/traj/183/b_cmd	0
B/traj/183/branch	13126223303132988745
B/traj/183/f	4584286902650528118
B/traj/183/g	4545502993173249789
B/traj/183/ic_iters	1
B/traj/183/ic_order	15359057144970489593
B/traj/183/ic_res	0
B/traj/183/mdot_air	4605192557546681154
B/traj/183/mf	4582380442290692372
B/traj/183/mf_sched	4582403389825004051
B/traj/183/nu_hp	4606420119064031479
B/traj/183/nu_lp	4606187427970015451
B/traj/183/phi_hp	4606624578441716644
B/traj/183/phi_lp	4606064345142947912
B/traj/183/pi_hpc	4617770678352040316
B/traj/183/pi_lpc	4613060122264344781
B/traj/183/required	0
B/traj/183/s	4606416806863364430
B/traj/183/sp_thrust	4649425637213827136
B/traj/183/v	13753847360408214539
B/traj/183/v_cmd	0
B/traj/183/v_regime	9087740570393753374
B/traj/184/nkeys	24
B/traj/184/Tt4	4654362545599456339
B/traj/184/b	4540948937994925303
B/traj/184/b_cmd	0
B/traj/184/branch	13126223303132988745
B/traj/184/f	4584272548181634267
B/traj/184/g	4545310401902533938
B/traj/184/ic_iters	1
B/traj/184/ic_order	15359057144970489593
B/traj/184/ic_res	0
B/traj/184/mdot_air	4605205036047592233
B/traj/184/mf	4582381194600343606
B/traj/184/mf_sched	4582403389825004051
B/traj/184/nu_hp	4606424722347904530
B/traj/184/nu_lp	4606193367120678861
B/traj/184/phi_hp	4606629970211030863
B/traj/184/phi_lp	4606072487136381065
B/traj/184/pi_hpc	4617773415374771491
B/traj/184/pi_lpc	4613064942246798078
B/traj/184/required	0
B/traj/184/s	4606461842859638135
B/traj/184/sp_thrust	4649422913679177918
B/traj/184/v	13753004097168363831
B/traj/184/v_cmd	0
B/traj/184/v_regime	9087740570393753374
B/traj/185/nkeys	24
B/traj/185/Tt4	4654356515581034609
B/traj/185/b	4540394700819405563
B/traj/185/b_cmd	0
B/traj/185/branch	13126223303132988745
B/traj/185/f	4584258367156070259
B/traj/185/g	4545124124524619597
B/traj/185/ic_iters	1
B/traj/185/ic_order	15359057144970489593
B/traj/185/ic_res	0
B/traj/185/mdot_air	4605217388362414356
B/traj/185/mf	4582381922246351084
B/traj/185/mf_sched	4582403389825004051
B/traj/185/nu_hp	4606429274983908435
B/traj/185/nu_lp	4606199243216969409
B/traj/185/phi_hp	4606635299592050145
B/traj/185/phi_lp	4606080540553190960
B/traj/185/pi_hpc	4617776118313728207
B/traj/185/pi_lpc	4613069709888707132
B/traj/185/required	0
B/traj/185/s	4606506878855911840
B/traj/185/sp_thrust	4649420217939222782
B/traj/185/v	13752241080966575416
B/traj/185/v_cmd	0
B/traj/185/v_regime	9087740570393753374
B/traj/186/nkeys	24
B/traj/186/Tt4	4654350558525692140
B/traj/186/b	4539893206239101221
B/traj/186/b_cmd	0
B/traj/186/branch	13126223303132988745
B/traj/186/f	4584244357772828684
B/traj/186/g	4544943954045481747
B/traj/186/ic_iters	1
B/traj/186/ic_order	15359057144970489593
B/traj/186/ic_res	0
B/traj/186/mdot_air	4605229615445173143
B/traj/186/mf	4582382626037285216
B/traj/186/mf_sched	4582403389825004051
B/traj/186/nu_hp	4606433777452519315
B/traj/186/nu_lp	4606205056849612274
B/traj/186/phi_hp	4606640567200011445
B/traj/186/phi_lp	4606088505986075329
B/traj/186/pi_hpc	4617778787582778420
B/traj/186/pi_lpc	4613074425749725612
B/traj/186/required	0
B/traj/186/s	4606551914852185545
B/traj/186/sp_thrust	4649417549898526514
B/traj/186/v	13751550675294089691
B/traj/186/v_cmd	0
B/traj/186/v_regime	9087740570393753374
B/traj/187/nkeys	24
B/traj/187/Tt4	4654344673692988019
B/traj/187/b	4539250445884130213
B/traj/187/b_cmd	0
B/traj/187/branch	13126223303132988745
B/traj/187/f	4584230518231465059
B/traj/187/g	4544769690257166616
B/traj/187/ic_iters	1
B/traj/187/ic_order	15359057144970489593
B/traj/187/ic_res	0
B/traj/187/mdot_air	4605241718253225111
B/traj/187/mf	4582383306755208322
B/traj/187/mf_sched	4582403389825004051
B/traj/187/nu_hp	4606438230232116203
B/traj/187/nu_lp	4606210808607120927
B/traj/187/phi_hp	4606645773649089995
B/traj/187/phi_lp	4606096384051423313
B/traj/187/pi_hpc	4617781423591212302
B/traj/187/pi_lpc	4613079090383590298
B/traj/187/required	0
B/traj/187/s	4606596950848459250
B/traj/187/sp_thrust	4649414909452056672
B/traj/187/v	13750925970351411888
B/traj/187/v_cmd	0
B/traj/187/v_regime	9087740570393753374
B/traj/188/nkeys	24
B/traj/188/Tt4	4654338860341345313
B/traj/188/b	4538429267664564366
B/traj/188/b_cmd	0
B/traj/188/branch	13126223303132988745
B/traj/188/f	4584216846733211191
B/traj/188/g	4544601139515317803
B/traj/188/ic_iters	1
B/traj/188/ic_order	15359057144970489593
B/traj/188/ic_res	0
B/traj/188/mdot_air	4605253697746821254
B/traj/188/mf	4582383965156543669
B/traj/188/mf_sched	4582403389825004051
B/traj/188/nu_hp	4606442633798892165
B/traj/188/nu_lp	4606216499075620756
B/traj/188/phi_hp	4606650919552128636
B/traj/188/phi_lp	4606104175386632124
B/traj/188/pi_hpc	4617784026743730041
B/traj/188/pi_lpc	4613083704338238591
B/traj/188/required	0
B/traj/188/s	4606641986844732955
B/traj/188/sp_thrust	4649412296485762072
B/traj/188/v	13750360713892841662
B/traj/188/v_cmd	0
B/traj/188/v_regime	9087740570393753374
B/traj/189/nkeys	24
B/traj/189/Tt4	4654333117728597614
B/traj/189/b	4537686234817317954
B/traj/189/b_cmd	0
B/traj/189/branch	13126223303132988745
B/traj/189/f	4584203341482022962
B/traj/189/g	4544438114523995962
B/traj/189/ic_iters	1
B/traj/189/ic_order	15359057144970489593
B/traj/189/ic_res	0
B/traj/189/mdot_air	4605265554888684929
B/traj/189/mf	4582384601972916020
B/traj/189/mf_sched	4582403389825004051
B/traj/189/nu_hp	4606446988626770208
B/traj/189/nu_lp	4606222128838686211
B/traj/189/phi_hp	4606656005520382739
B/traj/189/phi_lp	4606111880647662272
B/traj/189/pi_hpc	4617786597440437279
B/traj/189/pi_lpc	4613088268155916580
B/traj/189/required	0
B/traj/189/s	4606687022841006660
B/traj/189/sp_thrust	4649409710877124794
B/traj/189/v	13749849248652010125
B/traj/189/v_cmd	0
B/traj/189/v_regime	9087740570393753374
B/traj/190/nkeys	24
B/traj/190/Tt4	4654327445112503752
B/traj/190/b	4537013910833397629
B/traj/190/b_cmd	0
B/traj/190/branch	13126223303132988745
B/traj/190/f	4584190000685565575
B/traj/190/g	4544280434127552940
B/traj/190/ic_iters	1
B/traj/190/ic_order	15359057144970489593
B/traj/190/ic_res	0
B/traj/190/mdot_air	4605277290643603483
B/traj/190/mf	4582385217911964625
B/traj/190/mf_sched	4582403389825004051
B/traj/190/nu_hp	4606451295187323782
B/traj/190/nu_lp	4606227698477190490
B/traj/190/phi_hp	4606661032163280365
B/traj/190/phi_lp	4606119500506809804
B/traj/190/pi_hpc	4617789136076847345
B/traj/190/pi_lpc	4613092782373278347
B/traj/190/required	0
B/traj/190/s	4606732058837280365
B/traj/190/sp_thrust	4649407152495686736
B/traj/190/v	13749283249082194150
B/traj/190/v_cmd	0
B/traj/190/v_regime	9087740570393753374
B/traj/191/nkeys	24
B/traj/191/Tt4	4654321841751232157
B/traj/191/b	4536405566880597122
B/traj/191/b_cmd	0
B/traj/191/branch	13126223303132988745
B/traj/191/f	4584176822556139023
B/traj/191/g	4544123822201827713
B/traj/191/ic_iters	1
B/traj/191/ic_order	15359057144970489593
B/traj/191/ic_res	0
B/traj/191/mdot_air	4605288905978033735
B/traj/191/mf	4582385813658129562
B/traj/191/mf_sched	4582403389825004051
B/traj/191/nu_hp	4606455553949701718
B/traj/191/nu_lp	4606233208569166872
B/traj/191/phi_hp	4606666000088196727
B/traj/191/phi_lp	4606127035650676186
B/traj/191/pi_hpc	4617791643043889577
B/traj/191/pi_lpc	4613097247521477636
B/traj/191/required	0
B/traj/191/s	4606777094833554070
B/traj/191/sp_thrust	4649404621203551903
B/traj/191/v	13748445744286866212
B/traj/191/v_cmd	0
B/traj/191/v_regime	9087740570393753374
B/traj/192/nkeys	24
B/traj/192/Tt4	4654316306903816381
B/traj/192/b	4535855114459204993
B/traj/192/b_cmd	0
B/traj/192/branch	13126223303132988745
B/traj/192/f	4584163805311546748
B/traj/192/g	4543828799977069661
B/traj/192/ic_iters	1
B/traj/192/ic_order	15359057144970489593
B/traj/192/ic_res	0
B/traj/192/mdot_air	4605300401859721008
B/traj/192/mf	4582386389873412293
B/traj/192/mf_sched	4582403389825004051
B/traj/192/nu_hp	4606459765380557421
B/traj/192/nu_lp	4606238659689680874
B/traj/192/phi_hp	4606670909900242189
B/traj/192/phi_lp	4606134486778317824
B/traj/192/pi_hpc	4617794118727923126
B/traj/192/pi_lpc	4613101664126252589
B/traj/192/required	0
B/traj/192/s	4606822130829827775
B/traj/192/sp_thrust	4649402116855865454
B/traj/192/v	13747687938541623669
B/traj/192/v_cmd	0
B/traj/192/v_regime	9087740570393753374
B/traj/193/nkeys	24
B/traj/193/Tt4	4654310839830583141
B/traj/193/b	4535357044466363592
B/traj/193/b_cmd	0
B/traj/193/branch	13126223303132988745
B/traj/193/f	4584150947175910027
B/traj/193/g	4543543449731183038
B/traj/193/ic_iters	1
B/traj/193/ic_order	15359057144970489593
B/traj/193/ic_res	0
B/traj/193/mdot_air	4605311779257331239
B/traj/193/mf	4582386947198111290
B/traj/193/mf_sched	4582403389825004051
B/traj/193/nu_hp	4606463929943982168
B/traj/193/nu_lp	4606244052410712479
B/traj/193/phi_hp	4606675762202063357
B/traj/193/phi_lp	4606141854599559301
B/traj/193/pi_hpc	4617796563510755487
B/traj/193/pi_lpc	4613106032708004223
B/traj/193/required	0
B/traj/193/s	4606867166826101480
B/traj/193/sp_thrust	4649399639301270508
B/traj/193/v	13747002247485612769
B/traj/193/v_cmd	0
B/traj/193/v_regime	9087740570393753374
B/traj/194/nkeys	24
B/traj/194/Tt4	4654305439793554201
B/traj/194/b	4534687919356342450
B/traj/194/b_cmd	0
B/traj/194/branch	13126223303132988745
B/traj/194/f	4584138246380430705
B/traj/194/g	4543267454378987681
B/traj/194/ic_iters	1
B/traj/194/ic_order	15359057144970489593
B/traj/194/ic_res	0
B/traj/194/mdot_air	4605323039140096247
B/traj/194/mf	4582387486251533547
B/traj/194/mf_sched	4582403389825004051
B/traj/194/nu_hp	4606468048101442339
B/traj/194/nu_lp	4606249387301047732
B/traj/194/phi_hp	4606680557593656439
B/traj/194/phi_lp	4606149139833455621
B/traj/194/pi_hpc	4617798977769665322
B/traj/194/pi_lpc	4613110353781869444
B/traj/194/required	0
B/traj/194/s	4606912202822375185
B/traj/194/sp_thrust	4649397188382343678
B/traj/194/v	13746381808504719507
B/traj/194/v_cmd	0
B/traj/194/v_regime	9087740570393753374
B/traj/195/nkeys	24
B/traj/195/Tt4	4654300106056823386
B/traj/195/b	4533872348767937561
B/traj/195/b_cmd	0
B/traj/195/branch	13126223303132988745
B/traj/195/f	4584125701164104684
B/traj/195/g	4543000507230592004
B/traj/195/ic_iters	1
B/traj/195/ic_order	15359057144970489593
B/traj/195/ic_res	0
B/traj/195/mdot_air	4605334182477471746
B/traj/195/mf	4582388007632682757
B/traj/195/mf_sched	4582403389825004051
B/traj/195/nu_hp	4606472120311720447
B/traj/195/nu_lp	4606254664926179061
B/traj/195/phi_hp	4606685296672192346
B/traj/195/phi_lp	4606156343206890159
B/traj/195/pi_hpc	4617801361877429108
B/traj/195/pi_lpc	4613114627857789079
B/traj/195/required	0
B/traj/195/s	4606957238818648890
B/traj/195/sp_thrust	4649394763936010258
B/traj/195/v	13745820412048345500
B/traj/195/v_cmd	0
B/traj/195/v_regime	9087740570393753374
B/traj/196/nkeys	24
B/traj/196/Tt4	4654294837886909875
B/traj/196/b	4533134389915651752
B/traj/196/b_cmd	0
B/traj/196/branch	13126223303132988745
B/traj/196/f	4584113309774388525
B/traj/196/g	4542742311650594907
B/traj/196/ic_iters	1
B/traj/196/ic_order	15359057144970489593
B/traj/196/ic_res	0
B/traj/196/mdot_air	4605345210238807679
B/traj/196/mf	4582388511920924939
B/traj/196/mf_sched	4582403389825004051
B/traj/196/nu_hp	4606476147030859808
B/traj/196/nu_lp	4606259885848213732
B/traj/196/phi_hp	4606689980031853098
B/traj/196/phi_lp	4606163465453296318
B/traj/196/pi_hpc	4617803716202350925
B/traj/196/pi_lpc	4613118855440571474
B/traj/196/required	0
B/traj/196/s	4607002274814922595
B/traj/196/sp_thrust	4649392365793939886
B/traj/196/v	13745312439482251184
B/traj/196/v_cmd	0
B/traj/196/v_regime	9087740570393753374
B/traj/197/nkeys	24
B/traj/197/Tt4	4654289634553089031
B/traj/197/b	4532466657072646592
B/traj/197/b_cmd	0
B/traj/197/branch	13126223303132988745
B/traj/197/f	4584101070467821457
B/traj/197/g	4542492580728460370
B/traj/197/ic_iters	1
B/traj/197/ic_order	15359057144970489593
B/traj/197/ic_res	0
B/traj/197/mdot_air	4605356123393031080
B/traj/197/mf	4582388999676632233
B/traj/197/mf_sched	4582403389825004051
B/traj/197/nu_hp	4606480128712112719
B/traj/197/nu_lp	4606265050625789889
B/traj/197/phi_hp	4606694608263678693
B/traj/197/phi_lp	4606170507311491818
B/traj/197/pi_hpc	4617806041108295377
B/traj/197/pi_lpc	4613123037029952235
B/traj/197/required	0
B/traj/197/s	4607047310811196300
B/traj/197/sp_thrust	4649389993782923672
B/traj/197/v	13744719550976201845
B/traj/197/v_cmd	0
B/traj/197/v_regime	9087740570393753374
B/traj/198/nkeys	24
B/traj/198/Tt4	4654284495327701756
B/traj/198/b	4531862467356313910
B/traj/198/b_cmd	0
B/traj/198/branch	13126223303132988745
B/traj/198/f	4584088981510604873
B/traj/198/g	4542251036959698460
B/traj/198/ic_iters	1
B/traj/198/ic_order	15359057144970489593
B/traj/198/ic_res	0
B/traj/198/mdot_air	4605366922908340640
B/traj/198/mf	4582389471441805596
B/traj/198/mf_sched	4582403389825004051
B/traj/198/nu_hp	4606484065805892000
B/traj/198/nu_lp	4606270159813999668
B/traj/198/phi_hp	4606699181955424234
B/traj/198/phi_lp	4606177469524615755
B/traj/198/pi_hpc	4617808336954722861
B/traj/198/pi_lpc	4613127173120650464
B/traj/198/required	0
B/traj/198/s	4607092346807470005
B/traj/198/sp_thrust	4649387647725233408
B/traj/198/v	13743887765302345755
B/traj/198/v_cmd	0
B/traj/198/v_regime	9087740570393753374
B/traj/199/nkeys	24
B/traj/199/Tt4	4654279419486443473
B/traj/199/b	4531315773843861737
B/traj/199/b_cmd	0
B/traj/199/branch	13126223303132988745
B/traj/199/f	4584077041179141387
B/traj/199/g	4542017411937498462
B/traj/199/ic_iters	1
B/traj/199/ic_order	15359057144970489593
B/traj/199/ic_res	0
B/traj/199/mdot_air	4605377609751913002
B/traj/199/mf	4582389927740677080
B/traj/199/mf_sched	4582403389825004051
B/traj/199/nu_hp	4606487958759725776
B/traj/199/nu_lp	4606275213964318926
B/traj/199/phi_hp	4606703701691426725
B/traj/199/phi_lp	4606184352839159352
B/traj/199/pi_hpc	4617810604096727056
B/traj/199/pi_lpc	4613131264202421876
B/traj/199/required	0
B/traj/199/s	4607137382803743710
B/traj/199/sp_thrust	4649385327438963740
B/traj/199/v	13743135134432677995
B/traj/199/v_cmd	0
B/traj/199/v_regime	9087740570393753374
B/traj/200/nkeys	24
B/traj/200/Tt4	4654274406308633802
B/traj/200/b	4530821105052788294
B/traj/200/b_cmd	0
B/traj/200/branch	13126223303132988745
B/traj/200/f	4584065247760535550
B/traj/200/g	4541791446054471482
B/traj/200/ic_iters	1
B/traj/200/ic_order	15359057144970489593
B/traj/200/ic_res	0
B/traj/200/mdot_air	4605388184889620678
B/traj/200/mf	4582390369080292367
B/traj/200/mf_sched	4582403389825004051
B/traj/200/nu_hp	4606491808018215367
B/traj/200/nu_lp	4606280213624543141
B/traj/200/phi_hp	4606708168052480876
B/traj/200/phi_lp	4606191158004082068
B/traj/200/pi_hpc	4617812842885074451
B/traj/200/pi_lpc	4613135310760109268
B/traj/200/required	0
B/traj/200/s	4607182418800017411
B/traj/200/sp_thrust	4649383032738358091
B/traj/200/v	13742454125798144994
B/traj/200/v_cmd	0
B/traj/200/v_regime	9087740570393753374
B/traj/201/nkeys	24
B/traj/201/Tt4	4654269455077467738
B/traj/201/b	4530125795226371779
B/traj/201/b_cmd	0
B/traj/201/branch	13126223303132988745
B/traj/201/f	4584053599553057879
B/traj/201/g	4541572888214171090
B/traj/201/ic_iters	1
B/traj/201/ic_order	15359057144970489593
B/traj/201/ic_res	0
B/traj/201/mdot_air	4605398649285760857
B/traj/201/mf	4582390795951074204
B/traj/201/mf_sched	4582403389825004051
B/traj/201/nu_hp	4606495614022996166
B/traj/201/nu_lp	4606285159338729090
B/traj/201/phi_hp	4606712581615723818
B/traj/201/phi_lp	4606197885770005768
B/traj/201/pi_hpc	4617815053666245305
B/traj/201/pi_lpc	4613139313273690539
B/traj/201/required	0
B/traj/201/s	4607204936798154263
B/traj/201/sp_thrust	4649380763434118901
B/traj/201/v	13741837923647795739
B/traj/201/v_cmd	0
B/traj/201/v_regime	9087740570393753374
B/traj/202/nkeys	24
B/traj/202/Tt4	4654264565080249395
B/traj/202/b	4529315793975945580
B/traj/202/b_cmd	0
B/traj/202/branch	13126223303132988745
B/traj/202/f	4584042094866574237
B/traj/202/g	4541361495552071440
B/traj/202/ic_iters	1
B/traj/202/ic_order	15359057144970489593
B/traj/202/ic_res	0
B/traj/202/mdot_air	4605409003902795258
B/traj/202/mf	4582391208827367367
B/traj/202/mf_sched	4582403389825004051
B/traj/202/nu_hp	4606499377212701386
B/traj/202/nu_lp	4606290051647141929
B/traj/202/phi_hp	4606716942954528045
B/traj/202/phi_lp	4606204536888479987
B/traj/202/pi_hpc	4617817236782476135
B/traj/202/pi_lpc	4613143272218324589
B/traj/202/required	0
B/traj/202/s	4607227454796291115
B/traj/202/sp_thrust	4649378519333702987
B/traj/202/v	13741280360834579095
B/traj/202/v_cmd	0
B/traj/202/v_regime	9087740570393753374
B/traj/203/nkeys	24
B/traj/203/Tt4	4654259735608609092
B/traj/203/b	4528582874469513064
B/traj/203/b_cmd	0
B/traj/203/branch	13126223303132988745
B/traj/203/f	4584030732022942140
B/traj/203/g	4541157033165692813
B/traj/203/ic_iters	1
B/traj/203/ic_order	15359057144970489593
B/traj/203/ic_res	0
B/traj/203/mdot_air	4605419249701100474
B/traj/203/mf	4582391608167965763
B/traj/203/mf_sched	4582403389825004051
B/traj/203/nu_hp	4606503098022928565
B/traj/203/nu_lp	4606294891086207332
B/traj/203/phi_hp	4606721252638402261
B/traj/203/phi_lp	4606211112111312203
B/traj/203/pi_hpc	4617819392571803242
B/traj/203/pi_lpc	4613147188064395417
B/traj/203/required	0
B/traj/203/s	4607249972794427967
B/traj/203/sp_thrust	4649376300241602585
B/traj/203/v	13740775857092575180
B/traj/203/v_cmd	0
B/traj/203/v_regime	9087740570393753374
B/traj/204/nkeys	24
B/traj/204/Tt4	4654254965958704686
B/traj/204/b	4527919701415611432
B/traj/204/b_cmd	0
B/traj/204/branch	13126223303132988745
B/traj/204/f	4584019509356375747
B/traj/204/g	4540959273853574702
B/traj/204/ic_iters	1
B/traj/204/ic_order	15359057144970489593
B/traj/204/ic_res	0
B/traj/204/mdot_air	4605429387638728812
B/traj/204/mf	4582391994416622244
B/traj/204/mf_sched	4582403389825004051
B/traj/204/nu_hp	4606506776886208711
B/traj/204/nu_lp	4606299678188468367
B/traj/204/phi_hp	4606725511232899770
B/traj/204/phi_lp	4606217612189957389
B/traj/204/pi_hpc	4617821521368107358
B/traj/204/pi_lpc	4613151061277554531
B/traj/204/required	0
B/traj/204/s	4607272490792564819
B/traj/204/sp_thrust	4649374105959612787
B/traj/204/v	13740156263268456129
B/traj/204/v_cmd	0
B/traj/204/v_regime	9087740570393753374
B/traj/205/nkeys	24
B/traj/205/Tt4	4654250255431407871
B/traj/205/b	4527319637567451714
B/traj/205/b_cmd	0
B/traj/205/branch	13126223303132988745
B/traj/205/f	4584008425213781036
B/traj/205/g	4540767997862806375
B/traj/205/ic_iters	1
B/traj/205/ic_order	15359057144970489593
B/traj/205/ic_res	0
B/traj/205/mdot_air	4605439418671178947
B/traj/205/mf	4582392368002541713
B/traj/205/mf_sched	4582403389825004051
B/traj/205/nu_hp	4606510414231977990
B/traj/205/nu_lp	4606304413482546811
B/traj/205/phi_hp	4606729719299533998
B/traj/205/phi_lp	4606224037874961854
B/traj/205/pi_hpc	4617823623501158860
B/traj/205/pi_lpc	4613154892318762003
B/traj/205/required	0
B/traj/205/s	4607295008790701671
B/traj/205/sp_thrust	4649371936287085860
B/traj/205/v	13739330157661548746
B/traj/205/v_cmd	0
B/traj/205/v_regime	9087740570393753374
B/traj/206/nkeys	24
B/traj/206/Tt4	4654245603332476276
B/traj/206/b	4526776677295242495
B/traj/206/b_cmd	0
B/traj/206/branch	13126223303132988745
B/traj/206/f	4583997477955062719
B/traj/206/g	4540582992644834369
B/traj/206/ic_iters	1
B/traj/206/ic_order	15359057144970489593
B/traj/206/ic_res	0
B/traj/206/mdot_air	4605449343751176609
B/traj/206/mf	4582392729340858065
B/traj/206/mf_sched	4582403389825004051
B/traj/206/nu_hp	4606514010486551851
B/traj/206/nu_lp	4606309097493108632
B/traj/206/phi_hp	4606733877395700839
B/traj/206/phi_lp	4606230389915456577
B/traj/206/pi_hpc	4617825699296663813
B/traj/206/pi_lpc	4613158681644326267
B/traj/206/required	0
B/traj/206/s	4607317526788838523
B/traj/206/sp_thrust	4649369791021173114
B/traj/206/v	13738582666329458687
B/traj/206/v_cmd	0
B/traj/206/v_regime	9087740570393753374
B/traj/207/nkeys	24
B/traj/207/Tt4	4654241008972712020
B/traj/207/b	4526285386479937386
B/traj/207/b_cmd	0
B/traj/207/branch	13126223303132988745
B/traj/207/f	4583986665953404312
B/traj/207/g	4540404052619275568
B/traj/207/ic_iters	1
B/traj/207/ic_order	15359057144970489593
B/traj/207/ic_res	0
B/traj/207/mdot_air	4605459163828464640
B/traj/207/mf	4582393078833095484
B/traj/207/mf_sched	4582403389825004051
B/traj/207/nu_hp	4606517566073101485
B/traj/207/nu_lp	4606313730740833377
B/traj/207/phi_hp	4606737986074607487
B/traj/207/phi_lp	4606236669058695925
B/traj/207/pi_hpc	4617827749076310350
B/traj/207/pi_lpc	4613162429705942853
B/traj/207/required	0
B/traj/207/s	4607340044786975375
B/traj/207/sp_thrust	4649367669957054795
B/traj/207/v	13737906308141258648
B/traj/207/v_cmd	0
B/traj/207/v_regime	9087740570393753374
B/traj/208/nkeys	24
B/traj/208/Tt4	4654236471668107505
B/traj/208/b	4525564070746339019
B/traj/208/b_cmd	0
B/traj/208/branch	13126223303132988745
B/traj/208/f	4583975987595522847
B/traj/208/g	4540230978945473408
B/traj/208/ic_iters	1
B/traj/208/ic_order	15359057144970489593
B/traj/208/ic_res	0
B/traj/208/mdot_air	4605468879849602341
B/traj/208/mf	4582393416867614629
B/traj/208/mf_sched	4582403389825004051
B/traj/208/nu_hp	4606521081411632531
B/traj/208/nu_lp	4606318313742387222
B/traj/208/phi_hp	4606742045885207342
B/traj/208/phi_lp	4606242876049637692
B/traj/208/pi_hpc	4617829773157815473
B/traj/208/pi_lpc	4613166136950732225
B/traj/208/required	0
B/traj/208/s	4607362562785112227
B/traj/208/sp_thrust	4649365572888158598
B/traj/208/v	13737294313889143195
B/traj/208/v_cmd	0
B/traj/208/v_regime	9087740570393753374
B/traj/209/nkeys	24
B/traj/209/Tt4	4654231990739978966
B/traj/209/b	4524759600802204292
B/traj/209/b_cmd	0
B/traj/209/branch	13126223303132988745
B/traj/209/f	4583965441281899320
B/traj/209/g	4540063579301543363
B/traj/209/ic_iters	1
B/traj/209/ic_order	15359057144970489593
B/traj/209/ic_res	0
B/traj/209/mdot_air	4605478492757773883
B/traj/209/mf	4582393743820044180
B/traj/209/mf_sched	4582403389825004051
B/traj/209/nu_hp	4606524556918965928
B/traj/209/nu_lp	4606322847010399474
B/traj/209/phi_hp	4606746057372140882
B/traj/209/phi_lp	4606249011630561219
B/traj/209/pi_hpc	4617831771854972057
B/traj/209/pi_lpc	4613169803821276825
B/traj/209/required	0
B/traj/209/s	4607385080783249079
B/traj/209/sp_thrust	4649363499606367193
B/traj/209/v	13736740558540044679
B/traj/209/v_cmd	0
B/traj/209/v_regime	9087740570393753374
B/traj/210/nkeys	24
B/traj/210/Tt4	4654227565515088578
B/traj/210/b	4524031686229128286
B/traj/210/b_cmd	0
B/traj/210/branch	13126223303132988745
B/traj/210/f	4583955025426986412
B/traj/210/g	4539901667670662179
B/traj/210/ic_iters	1
B/traj/210/ic_order	15359057144970489593
B/traj/210/ic_res	0
B/traj/210/mdot_air	4605488003492605330
B/traj/210/mf	4582394060053698245
B/traj/210/mf_sched	4582403389825004051
B/traj/210/nu_hp	4606527993008720832
B/traj/210/nu_lp	4606327331053442298
B/traj/210/phi_hp	4606750021075682001
B/traj/210/phi_lp	4606255076540720117
B/traj/210/pi_hpc	4617833745477695980
B/traj/210/pi_lpc	4613173430755657412
B/traj/210/required	0
B/traj/210/s	4607407598781385931
B/traj/210/sp_thrust	4649361449902215345
B/traj/210/v	13736239499934354751
B/traj/210/v_cmd	0
B/traj/210/v_regime	9087740570393753374
B/traj/211/nkeys	24
B/traj/211/Tt4	4654223195325755575
B/traj/211/b	4523373041826612626
B/traj/211/b_cmd	0
B/traj/211/branch	13126223303132988745
B/traj/211/f	4583944738459394453
B/traj/211/g	4539745064134363380
B/traj/211/ic_iters	1
B/traj/211/ic_order	15359057144970489593
B/traj/211/ic_res	0
B/traj/211/mdot_air	4605497412989990297
B/traj/211/mf	4582394365919980079
B/traj/211/mf_sched	4582403389825004051
B/traj/211/nu_hp	4606531390091299507
B/traj/211/nu_lp	4606331766376013494
B/traj/211/phi_hp	4606753937531689656
B/traj/211/phi_lp	4606261071516026841
B/traj/211/pi_hpc	4617835694332073328
B/traj/211/pi_lpc	4613177018187488923
B/traj/211/required	0
B/traj/211/s	4607430116779522783
B/traj/211/sp_thrust	4649359423565077070
B/traj/211/v	13735593383156444780
B/traj/211/v_cmd	0
B/traj/211/v_regime	9087740570393753374
B/traj/212/nkeys	24
B/traj/212/Tt4	4654218879509957043
B/traj/212/b	4522777075672051362
B/traj/212/b_cmd	0
B/traj/212/branch	13126223303132988745
B/traj/212/f	4583934578822056951
B/traj/212/g	4539558764955758743
B/traj/212/ic_iters	1
B/traj/212/ic_order	15359057144970489593
B/traj/212/ic_res	0
B/traj/212/mdot_air	4605506722181923652
B/traj/212/mf	4582394661758772567
B/traj/212/mf_sched	4582403389825004051
B/traj/212/nu_hp	4606534748573874112
B/traj/212/nu_lp	4606336153478522126
B/traj/212/phi_hp	4606757807271564556
B/traj/212/phi_lp	4606266997288766345
B/traj/212/pi_hpc	4617837618720407508
B/traj/212/pi_lpc	4613180566545955735
B/traj/212/required	0
B/traj/212/s	4607452634777659635
B/traj/212/sp_thrust	4649357420383343206
B/traj/212/v	13734772918828657032
B/traj/212/v_cmd	0
B/traj/212/v_regime	9087740570393753374
B/traj/213/nkeys	24
B/traj/213/Tt4	4654214617411418881
B/traj/213/b	4522237823146673534
B/traj/213/b_cmd	0
B/traj/213/branch	13126223303132988745
B/traj/213/f	4583924544972376630
B/traj/213/g	4539265757551375757
B/traj/213/ic_iters	1
B/traj/213/ic_order	15359057144970489593
B/traj/213/ic_res	0
B/traj/213/mdot_air	4605515931996343423
B/traj/213/mf	4582394947898815910
B/traj/213/mf_sched	4582403389825004051
B/traj/213/nu_hp	4606538068860375297
B/traj/213/nu_lp	4606340492857276840
B/traj/213/phi_hp	4606761630822210582
B/traj/213/phi_lp	4606272854587336518
B/traj/213/pi_hpc	4617839518941266307
B/traj/213/pi_lpc	4613184076255846631
B/traj/213/required	0
B/traj/213/s	4607475152775796487
B/traj/213/sp_thrust	4649355440144589875
B/traj/213/v	13734030531937462386
B/traj/213/v_cmd	0
B/traj/213/v_regime	9087740570393753374
B/traj/214/nkeys	24
B/traj/214/Tt4	4654210408379697484
B/traj/214/b	4521749887239741974
B/traj/214/b_cmd	0
B/traj/214/branch	13126223303132988745
B/traj/214/f	4583914635382353164
B/traj/214/g	4538982356072196164
B/traj/214/ic_iters	1
B/traj/214/ic_order	15359057144970489593
B/traj/214/ic_res	0
B/traj/214/mdot_air	4605525043356980201
B/traj/214/mf	4582395224658072921
B/traj/214/mf_sched	4582403389825004051
B/traj/214/nu_hp	4606541351351482544
B/traj/214/nu_lp	4606344785004476714
B/traj/214/phi_hp	4606765408706000773
B/traj/214/phi_lp	4606278644136013025
B/traj/214/pi_hpc	4617841395289528678
B/traj/214/pi_lpc	4613187547737589361
B/traj/214/required	0
B/traj/214/s	4607497670773933339
B/traj/214/sp_thrust	4649353482635738215
B/traj/214/v	13733358792438801050
B/traj/214/v_cmd	0
B/traj/214/v_regime	9087740570393753374
B/traj/215/nkeys	24
B/traj/215/Tt4	4654206251770252665
B/traj/215/b	4521002743187129593
B/traj/215/b_cmd	0
B/traj/215/branch	13126223303132988745
B/traj/215/f	4583904848538693559
B/traj/215/g	4538708245598536595
B/traj/215/ic_iters	1
B/traj/215/ic_order	15359057144970489593
B/traj/215/ic_res	0
B/traj/215/mdot_air	4605534057183214257
B/traj/215/mf	4582395492344082354
B/traj/215/mf_sched	4582403389825004051
B/traj/215/nu_hp	4606544596444616161
B/traj/215/nu_lp	4606349030408204487
B/traj/215/phi_hp	4606769141440747517
B/traj/215/phi_lp	4606284366654736604
B/traj/215/pi_hpc	4617843248056431425
B/traj/215/pi_lpc	4613190981407284974
B/traj/215/required	0
B/traj/215/s	4607520188772070191
B/traj/215/sp_thrust	4649351547643205832
B/traj/215/v	13732750977350181074
B/traj/215/v_cmd	0
B/traj/215/v_regime	9087740570393753374
B/traj/216/nkeys	24
B/traj/216/Tt4	4654202146944512155
B/traj/216/b	4520203766777308488
B/traj/216/b_cmd	0
B/traj/216/branch	13126223303132988745
B/traj/216/f	4583895182942905984
B/traj/216/g	4538443121535008828
B/traj/216/ic_iters	1
B/traj/216/ic_order	15359057144970489593
B/traj/216/ic_res	0
B/traj/216/mdot_air	4605542974389939781
B/traj/216/mf	4582395751254300643
B/traj/216/mf_sched	4582403389825004051
B/traj/216/nu_hp	4606547804533930880
B/traj/216/nu_lp	4606353229552422025
B/traj/216/phi_hp	4606772829539676982
B/traj/216/phi_lp	4606290022858921094
B/traj/216/pi_hpc	4617845077529615453
B/traj/216/pi_lpc	4613194377676741902
B/traj/216/required	0
B/traj/216/s	4607542706770207043
B/traj/216/sp_thrust	4649349634953050182
B/traj/216/v	13732201003464931896
B/traj/216/v_cmd	0
B/traj/216/v_regime	9087740570393753374
B/traj/217/nkeys	24
B/traj/217/Tt4	4654198093269928368
B/traj/217/b	4519480822960086984
B/traj/217/b_cmd	0
B/traj/217/branch	13126223303132988745
B/traj/217/f	4583885637111378283
B/traj/217/g	4538186689272049140
B/traj/217/ic_iters	1
B/traj/217/ic_order	15359057144970489593
B/traj/217/ic_res	0
B/traj/217/mdot_air	4605551795887436252
B/traj/217/mf	4582396001676432440
B/traj/217/mf_sched	4582403389825004051
B/traj/217/nu_hp	4606550976010310967
B/traj/217/nu_lp	4606357382916967902
B/traj/217/phi_hp	4606776473511407226
B/traj/217/phi_lp	4606295613459280215
B/traj/217/pi_hpc	4617846883993171830
B/traj/217/pi_lpc	4613197736953509878
B/traj/217/required	0
B/traj/217/s	4607565224768343895
B/traj/217/sp_thrust	4649347744351104452
B/traj/217/v	13731703366469537743
B/traj/217/v_cmd	0
B/traj/217/v_regime	9087740570393753374
B/traj/218/nkeys	24
B/traj/218/Tt4	4654194090120027609
B/traj/218/b	4518826676283871822
B/traj/218/b_cmd	0
B/traj/218/branch	13126223303132988745
B/traj/218/f	4583876209575441693
B/traj/218/g	4537938663858544041
B/traj/218/ic_iters	1
B/traj/218/ic_order	15359057144970489593
B/traj/218/ic_res	0
B/traj/218/mdot_air	4605560522581246515
B/traj/218/mf	4582396243888750316
B/traj/218/mf_sched	4582403389825004051
B/traj/218/nu_hp	4606554111261366795
B/traj/218/nu_lp	4606361490977556961
B/traj/218/phi_hp	4606780073859930137
B/traj/218/phi_lp	4606301139161671880
B/traj/218/pi_hpc	4617848667727687376
B/traj/218/pi_lpc	4613201059640913691
B/traj/218/required	0
B/traj/218/s	4607587742766480747
B/traj/218/sp_thrust	4649345875623106082
B/traj/218/v	13731030907856793268
B/traj/218/v_cmd	0
B/traj/218/v_regime	9087740570393753374
B/traj/219/nkeys	24
B/traj/219/Tt4	4654190136874452345
B/traj/219/b	4518234779840731985
B/traj/219/b_cmd	0
B/traj/219/branch	13126223303132988745
B/traj/219/f	4583866898881420881
B/traj/219/g	4537698769685188616
B/traj/219/ic_iters	1
B/traj/219/ic_order	15359057144970489593
B/traj/219/ic_res	0
B/traj/219/mdot_air	4605569155372061541
B/traj/219/mf	4582396478160403983
B/traj/219/mf_sched	4582403389825004051
B/traj/219/nu_hp	4606557210671432810
B/traj/219/nu_lp	4606365554205781748
B/traj/219/phi_hp	4606783631084596681
B/traj/219/phi_lp	4606306600666958348
B/traj/219/pi_hpc	4617850429010289901
B/traj/219/pi_lpc	4613204346138086874
B/traj/219/required	0
B/traj/219/s	4607610260764617599
B/traj/219/sp_thrust	4649344028554818415
B/traj/219/v	13730216046285168962
B/traj/219/v_cmd	0
B/traj/219/v_regime	9087740570393753374
B/traj/220/nkeys	24
B/traj/220/Tt4	4654186232918996758
B/traj/220/b	4517699209742862443
B/traj/220/b_cmd	0
B/traj/220/branch	13126223303132988745
B/traj/220/f	4583857703590670796
B/traj/220/g	4537466740178225614
B/traj/220/ic_iters	1
B/traj/220/ic_order	15359057144970489593
B/traj/220/ic_res	0
B/traj/220/mdot_air	4605577695155611531
B/traj/220/mf	4582396704751719377
B/traj/220/mf_sched	4582403389825004051
B/traj/220/nu_hp	4606560274621566827
B/traj/220/nu_lp	4606369573069115705
B/traj/220/phi_hp	4606787145680105646
B/traj/220/phi_lp	4606311998670881212
B/traj/220/pi_hpc	4617852168114693039
B/traj/220/pi_lpc	4613207596840005258
B/traj/220/required	0
B/traj/220/s	4607632778762754451
B/traj/220/sp_thrust	4649342202932145650
B/traj/220/v	13729478728977854354
B/traj/220/v_cmd	0
B/traj/220/v_regime	9087740570393753374
B/traj/221/nkeys	24
B/traj/221/Tt4	4654182377645636082
B/traj/221/b	4517214605834431411
B/traj/221/b_cmd	0
B/traj/221/branch	13126223303132988745
B/traj/221/f	4583848622279601383
B/traj/221/g	4537242317503224965
B/traj/221/ic_iters	1
B/traj/221/ic_order	15359057144970489593
B/traj/221/ic_res	0
B/traj/221/mdot_air	4605586142822563131
B/traj/221/mf	4582396923914487932
B/traj/221/mf_sched	4582403389825004051
B/traj/221/nu_hp	4606563303489550598
B/traj/221/nu_lp	4606373548030918025
B/traj/221/phi_hp	4606790618136495309
B/traj/221/phi_lp	4606317333863949756
B/traj/221/pi_hpc	4617853885311240557
B/traj/221/pi_lpc	4613210812137520498
B/traj/221/required	0
B/traj/221/s	4607655296760891303
B/traj/221/sp_thrust	4649340398541241482
B/traj/221/v	13728811576628797073
B/traj/221/v_cmd	0
B/traj/221/v_regime	9087740570393753374
B/traj/222/nkeys	24
B/traj/222/Tt4	4654178570452550001
B/traj/222/b	4516441809838265406
B/traj/222/b_cmd	0
B/traj/222/branch	13126223303132988745
B/traj/222/f	4583839653539690666
B/traj/222/g	4537025252278574560
B/traj/222/ic_iters	1
B/traj/222/ic_order	15359057144970489593
B/traj/222/ic_res	0
B/traj/222/mdot_air	4605594499258422695
B/traj/222/mf	4582397135892246380
B/traj/222/mf_sched	4582403389825004051
B/traj/222/nu_hp	4606566297649891597
B/traj/222/nu_lp	4606377479550440064
B/traj/222/phi_hp	4606794048939138198
B/traj/222/phi_lp	4606322606931341824
B/traj/222/pi_hpc	4617855580866950268
B/traj/222/pi_lpc	4613213992417393543
B/traj/222/required	0
B/traj/222/s	4607677814759028155
B/traj/222/sp_thrust	4649338615168611680
B/traj/222/v	13728207912165156955
B/traj/222/v_cmd	0
B/traj/222/v_regime	9087740570393753374
B/traj/223/nkeys	24
B/traj/223/Tt4	4654174810744140480
B/traj/223/b	4515648289448715945
B/traj/223/b_cmd	0
B/traj/223/branch	13126223303132988745
B/traj/223/f	4583830795977486955
B/traj/223/g	4536815303298363917
B/traj/223/ic_iters	1
B/traj/223/ic_order	15359057144970489593
B/traj/223/ic_res	0
B/traj/223/mdot_air	4605602765343445221
B/traj/223/mf	4582397340920547366
B/traj/223/mf_sched	4582403389825004051
B/traj/223/nu_hp	4606569257473825963
B/traj/223/nu_lp	4606381368082833229
B/traj/223/phi_hp	4606797438568738577
B/traj/223/phi_lp	4606327818552816088
B/traj/223/pi_hpc	4617857255045557412
B/traj/223/pi_lpc	4613217138062328059
B/traj/223/required	0
B/traj/223/s	4607700332757165007
B/traj/223/sp_thrust	4649336852601210899
B/traj/223/v	13727661693921037990
B/traj/223/v_cmd	0
B/traj/223/v_regime	9087740570393753374
B/traj/224/nkeys	24
B/traj/224/Tt4	4654171097931044344
B/traj/224/b	4514930282443236984
B/traj/224/b_cmd	0
B/traj/224/branch	13126223303132988745
B/traj/224/f	4583822048214600840
B/traj/224/g	4536612237264352804
B/traj/224/ic_iters	1
B/traj/224/ic_order	15359057144970489593
B/traj/224/ic_res	0
B/traj/224/mdot_air	4605610941952548844
B/traj/224/mf	4582397539227221205
B/traj/224/mf_sched	4582403389825004051
B/traj/224/nu_hp	4606572183329322552
B/traj/224/nu_lp	4606385214079158247
B/traj/224/phi_hp	4606800787501332588
B/traj/224/phi_lp	4606332969402634862
B/traj/224/pi_hpc	4617858908107557530
B/traj/224/pi_lpc	4613220249451003863
B/traj/224/required	0
B/traj/224/s	4607722850755301859
B/traj/224/sp_thrust	4649335110626533958
B/traj/224/v	13727167455170574996
B/traj/224/v_cmd	0
B/traj/224/v_regime	9087740570393753374
B/traj/225/nkeys	24
B/traj/225/Tt4	4654167431430140874
B/traj/225/b	4514280602779416915
B/traj/225/b_cmd	0
B/traj/225/branch	13126223303132988745
B/traj/225/f	4583813408887687527
B/traj/225/g	4536415828526726976
B/traj/225/ic_iters	1
B/traj/225/ic_order	15359057144970489593
B/traj/225/ic_res	0
B/traj/225/mdot_air	4605619029955234821
B/traj/225/mf	4582397731032629043
B/traj/225/mf_sched	4582403389825004051
B/traj/225/nu_hp	4606575075581088044
B/traj/225/nu_lp	4606389017986395739
B/traj/225/phi_hp	4606804096208290909
B/traj/225/phi_lp	4606338060149496640
B/traj/225/pi_hpc	4617860540310248857
B/traj/225/pi_lpc	4613223326958110337
B/traj/225/required	0
B/traj/225/s	4607745368753438711
B/traj/225/sp_thrust	4649333389032701842
B/traj/225/v	13726468834605134065
B/traj/225/v_cmd	0
B/traj/225/v_regime	9087740570393753374
B/traj/226/nkeys	24
B/traj/226/Tt4	4654163810664554803
B/traj/226/b	4513692748256605123
B/traj/226/b_cmd	0
B/traj/226/branch	13126223303132988745
B/traj/226/f	4583804876648420182
B/traj/226/g	4536225858833352946
B/traj/226/ic_iters	1
B/traj/226/ic_order	15359057144970489593
B/traj/226/ic_res	0
B/traj/226/mdot_air	4605627030215512517
B/traj/226/mf	4582397916549907729
B/traj/226/mf_sched	4582403389825004051
B/traj/226/nu_hp	4606577934590573057
B/traj/226/nu_lp	4606392780247458022
B/traj/226/phi_hp	4606807365156323751
B/traj/226/phi_lp	4606343091456477537
B/traj/226/pi_hpc	4617862151907774151
B/traj/226/pi_lpc	4613226370954379805
B/traj/226/required	0
B/traj/226/s	4607767886751575563
B/traj/226/sp_thrust	4649331687608542689
B/traj/226/v	13725659537529781133
B/traj/226/v_cmd	0
B/traj/226/v_regime	9087740570393753374
B/traj/227/nkeys	24
B/traj/227/Tt4	4654160235063654855
B/traj/227/b	4513160835439820408
B/traj/227/b_cmd	0
B/traj/227/branch	13126223303132988745
B/traj/227/f	4583796450163454782
B/traj/227/g	4536042117087253167
B/traj/227/ic_iters	1
B/traj/227/ic_order	15359057144970489593
B/traj/227/ic_res	0
B/traj/227/mdot_air	4605634943591829481
B/traj/227/mf	4582398095985206654
B/traj/227/mf_sched	4582403389825004051
B/traj/227/nu_hp	4606580760715979221
B/traj/227/nu_lp	4606396501301202066
B/traj/227/phi_hp	4606810594807488124
B/traj/227/phi_lp	4606348063980981008
B/traj/227/pi_hpc	4617863743151161993
B/traj/227/pi_lpc	4613229381806620931
B/traj/227/required	0
B/traj/227/s	4607790404749712415
B/traj/227/sp_thrust	4649330006143667956
B/traj/227/v	13724927255187361475
B/traj/227/v_cmd	0
B/traj/227/v_regime	9087740570393753374
B/traj/228/nkeys	24
B/traj/228/Tt4	4654156704063048250
B/traj/228/b	4512679540776462969
B/traj/228/b_cmd	0
B/traj/228/branch	13126223303132988745
B/traj/228/f	4583788128114387052
B/traj/228/g	4535864399112032121
B/traj/228/ic_iters	1
B/traj/228/ic_order	15359057144970489593
B/traj/228/ic_res	0
B/traj/228/mdot_air	4605642770937006402
B/traj/228/mf	4582398269537916831
B/traj/228/mf_sched	4582403389825004051
B/traj/228/nu_hp	4606583554312267167
B/traj/228/nu_lp	4606400181582443539
B/traj/228/phi_hp	4606813785619197119
B/traj/228/phi_lp	4606352978374695130
B/traj/228/pi_hpc	4617865314288367606
B/traj/228/pi_lpc	4613232359877752124
B/traj/228/required	0
B/traj/228/s	4607812922747849267
B/traj/228/sp_thrust	4649328344428544032
B/traj/228/v	13724264658663352327
B/traj/228/v_cmd	0
B/traj/228/v_regime	9087740570393753374
B/traj/229/nkeys	24
B/traj/229/Tt4	4654153217104571243
B/traj/229/b	4511881268007777572
B/traj/229/b_cmd	0
B/traj/229/branch	13126223303132988745
B/traj/229/f	4583779909197701890
B/traj/229/g	4535692507424992654
B/traj/229/ic_iters	1
B/traj/229/ic_order	15359057144970489593
B/traj/229/ic_res	0
B/traj/229/mdot_air	4605650513098176615
B/traj/229/mf	4582398437400892456
B/traj/229/mf_sched	4582403389825004051
B/traj/229/nu_hp	4606586315731165382
B/traj/229/nu_lp	4606403821521971869
B/traj/229/phi_hp	4606816938044231310
B/traj/229/phi_lp	4606357835283556993
B/traj/229/pi_hpc	4617866865564313052
B/traj/229/pi_lpc	4613235305526834926
B/traj/229/required	0
B/traj/229/s	4607835440745986119
B/traj/229/sp_thrust	4649326702254559436
B/traj/229/v	13723665116481059200
B/traj/229/v_cmd	0
B/traj/229/v_regime	9087740570393753374
B/traj/230/nkeys	24
B/traj/230/Tt4	4654149773636276112
B/traj/230/b	4511093166380632264
B/traj/230/b_cmd	0
B/traj/230/branch	13126223303132988745
B/traj/230/f	4583771792124715944
B/traj/230/g	4535526251017690446
B/traj/230/ic_iters	1
B/traj/230/ic_order	15359057144970489593
B/traj/230/ic_res	0
B/traj/230/mdot_air	4605658170916730038
B/traj/230/mf	4582398599760665212
B/traj/230/mf_sched	4582403389825004051
B/traj/230/nu_hp	4606589045321179897
B/traj/230/nu_lp	4606407421546566273
B/traj/230/phi_hp	4606820052530751915
B/traj/230/phi_lp	4606362635347723426
B/traj/230/pi_hpc	4617868397220926879
B/traj/230/pi_lpc	4613238219109107361
B/traj/230/required	0
B/traj/230/s	4607857958744122971
B/traj/230/sp_thrust	4649325079414087857
B/traj/230/v	13723122628231688543
B/traj/230/v_cmd	0
B/traj/230/v_regime	9087740570393753374
B/traj/231/nkeys	24
B/traj/231/Tt4	4654146373112414718
B/traj/231/b	4510380062474580172
B/traj/231/b_cmd	0
B/traj/231/branch	13126223303132988745
B/traj/231/f	4583763775621513626
B/traj/231/g	4535365445143682756
B/traj/231/ic_iters	1
B/traj/231/ic_order	15359057144970489593
B/traj/231/ic_res	0
B/traj/231/mdot_air	4605665745228261712
B/traj/231/mf	4582398756797651547
B/traj/231/mf_sched	4582403389825004051
B/traj/231/nu_hp	4606591743427604760
B/traj/231/nu_lp	4606410982079012683
B/traj/231/phi_hp	4606823129522315722
B/traj/231/phi_lp	4606367379201547798
B/traj/231/pi_hpc	4617869909497183380
B/traj/231/pi_lpc	4613241100976017366
B/traj/231/required	0
B/traj/231/s	4607880476742259823
B/traj/231/sp_thrust	4649323475700547271
B/traj/231/v	13722631764520348621
B/traj/231/v_cmd	0
B/traj/231/v_regime	9087740570393753374
B/traj/232/nkeys	24
B/traj/232/Tt4	4654143014993418855
B/traj/232/b	4509734819318987762
B/traj/232/b_cmd	0
B/traj/232/branch	13126223303132988745
B/traj/232/f	4583755858428877075
B/traj/232/g	4535209911113235596
B/traj/232/ic_iters	1
B/traj/232/ic_order	15359057144970489593
B/traj/232/ic_res	0
B/traj/232/mdot_air	4605673236862524116
B/traj/232/mf	4582398908686353156
B/traj/232/mf_sched	4582403389825004051
B/traj/232/nu_hp	4606594410392533254
B/traj/232/nu_lp	4606414503538121522
B/traj/232/phi_hp	4606826169457891747
B/traj/232/phi_lp	4606372067473562304
B/traj/232/pi_hpc	4617871402629141088
B/traj/232/pi_lpc	4613243951475256091
B/traj/232/required	0
B/traj/232/s	4607902994740396675
B/traj/232/sp_thrust	4649321890908455158
B/traj/232/v	13721907160655976856
B/traj/232/v_cmd	0
B/traj/232/v_regime	9087740570393753374
B/traj/233/nkeys	24
B/traj/233/Tt4	4654139698745877627
B/traj/233/b	4509150979115189415
B/traj/233/b_cmd	0
B/traj/233/branch	13126223303132988745
B/traj/233/f	4583748039302210441
B/traj/233/g	4534994127427432930
B/traj/233/ic_iters	1
B/traj/233/ic_order	15359057144970489593
B/traj/233/ic_res	0
B/traj/233/mdot_air	4605680646643383764
B/traj/233/mf	4582399055595550885
B/traj/233/mf_sched	4582403389825004051
B/traj/233/nu_hp	4606597046554869832
B/traj/233/nu_lp	4606417986338746276
B/traj/233/phi_hp	4606829172771879406
B/traj/233/phi_lp	4606376700786465371
B/traj/233/pi_hpc	4617872876849980850
B/traj/233/pi_lpc	4613246770950791285
B/traj/233/required	0
B/traj/233/s	4607925512738533527
B/traj/233/sp_thrust	4649320324833480165
B/traj/233/v	13721103390078270952
B/traj/233/v_cmd	0
B/traj/233/v_regime	9087740570393753374
B/traj/234/nkeys	24
B/traj/234/Tt4	4654136423842512080
B/traj/234/b	4508622698604785028
B/traj/234/b_cmd	0
B/traj/234/branch	13126223303132988745
B/traj/234/f	4583740317011459008
B/traj/234/g	4534703121083440836
B/traj/234/ic_iters	1
B/traj/234/ic_order	15359057144970489593
B/traj/234/ic_res	0
B/traj/234/mdot_air	4605687975388781637
B/traj/234/mf	4582399197688492287
B/traj/234/mf_sched	4582403389825004051
B/traj/234/nu_hp	4606599652250342720
B/traj/234/nu_lp	4606421430891802810
B/traj/234/phi_hp	4606832139894128075
B/traj/234/phi_lp	4606381279757113685
B/traj/234/pi_hpc	4617874332390043407
B/traj/234/pi_lpc	4613249559742900617
B/traj/234/required	0
B/traj/234/s	4607948030736670379
B/traj/234/sp_thrust	4649318777272490340
B/traj/234/v	13720376108318165986
B/traj/234/v_cmd	0
B/traj/234/v_regime	9087740570393753374
B/traj/235/nkeys	24
B/traj/235/Tt4	4654133189762147141
B/traj/235/b	4508144690588451998
B/traj/235/b_cmd	0
B/traj/235/branch	13126223303132988745
B/traj/235/f	4583732690341023280
B/traj/235/g	4534421655062090033
B/traj/235/ic_iters	1
B/traj/235/ic_order	15359057144970489593
B/traj/235/ic_res	0
B/traj/235/mdot_air	4605695223910697121
B/traj/235/mf	4582399335123073025
B/traj/235/mf_sched	4582403389825004051
B/traj/235/nu_hp	4606602227811517161
B/traj/235/nu_lp	4606424837604289382
B/traj/235/phi_hp	4606835071249958221
B/traj/235/phi_lp	4606385804996518707
B/traj/235/pi_hpc	4617875769476866293
B/traj/235/pi_lpc	4613252318188204904
B/traj/235/required	0
B/traj/235/s	4607970548734807231
B/traj/235/sp_thrust	4649317248023597998
B/traj/235/v	13719718036508557009
B/traj/235/v_cmd	0
B/traj/235/v_regime	9087740570393753374
B/traj/236/nkeys	24
B/traj/236/Tt4	4654129995989681210
B/traj/236/b	4507321115022080025
B/traj/236/b_cmd	0
B/traj/236/branch	13126223303132988745
B/traj/236/f	4583725158089668670
B/traj/236/g	4534149416594404934
B/traj/236/ic_iters	1
B/traj/236/ic_order	15359057144970489593
B/traj/236/ic_res	0
B/traj/236/mdot_air	4605702393015115790
B/traj/236/mf	4582399468052012324
B/traj/236/mf_sched	4582403389825004051
B/traj/236/nu_hp	4606604773567809266
B/traj/236/nu_lp	4606428206879307315
B/traj/236/phi_hp	4606837967260183581
B/traj/236/phi_lp	4606390277109847065
B/traj/236/pi_hpc	4617877188335220293
B/traj/236/pi_lpc	4613255046619701445
B/traj/236/required	0
B/traj/236/s	4607993066732944083
B/traj/236/sp_thrust	4649315736886201500
B/traj/236/v	13719122588457529947
B/traj/236/v_cmd	0
B/traj/236/v_regime	9087740570393753374
B/traj/237/nkeys	24
B/traj/237/Tt4	4654126842016053468
B/traj/237/b	4506538395153896515
B/traj/237/b_cmd	0
B/traj/237/branch	13126223303132988745
B/traj/237/f	4583717719070430949
B/traj/237/g	4533886103165196512
B/traj/237/ic_iters	1
B/traj/237/ic_order	15359057144970489593
B/traj/237/ic_res	0
B/traj/237/mdot_air	4605709483502000472
B/traj/237/mf	4582399596623022680
B/traj/237/mf_sched	4582403389825004051
B/traj/237/nu_hp	4606607289845500437
B/traj/237/nu_lp	4606431539116082275
B/traj/237/phi_hp	4606840828341134684
B/traj/237/phi_lp	4606394696696424721
B/traj/237/pi_hpc	4617878589187145407
B/traj/237/pi_lpc	4613257745366797167
B/traj/237/required	0
B/traj/237/s	4608015584731080935
B/traj/237/sp_thrust	4649314243661024068
B/traj/237/v	13718583804731658747
B/traj/237/v_cmd	0
B/traj/237/v_regime	9087740570393753374
B/traj/238/nkeys	24
B/traj/238/Tt4	4654123727338209053
B/traj/238/b	4505830160865169019
B/traj/238/b_cmd	0
B/traj/238/branch	13126223303132988745
B/traj/238/f	4583710372110517753
B/traj/238/g	4533631422176903197
B/traj/238/ic_iters	1
B/traj/238/ic_order	15359057144970489593
B/traj/238/ic_res	0
B/traj/238/mdot_air	4605716496165265648
B/traj/238/mf	4582399720978973995
B/traj/238/mf_sched	4582403389825004051
B/traj/238/nu_hp	4606609776967752333
B/traj/238/nu_lp	4606434834709986124
B/traj/238/phi_hp	4606843654904683506
B/traj/238/phi_lp	4606399064349744599
B/traj/238/pi_hpc	4617879972251986190
B/traj/238/pi_lpc	4613260414755341803
B/traj/238/required	0
B/traj/238/s	4608038102729217787
B/traj/238/sp_thrust	4649312768150149688
B/traj/238/v	13718096293012100765
B/traj/238/v_cmd	0
B/traj/238/v_regime	9087740570393753374
B/traj/239/nkeys	24
B/traj/239/Tt4	4654120651459062318
B/traj/239/b	4505189323921942553
B/traj/239/b_cmd	0
B/traj/239/branch	13126223303132988745
B/traj/239/f	4583703116051206611
B/traj/239/g	4533385090624452377
B/traj/239/ic_iters	1
B/traj/239/ic_order	15359057144970489593
B/traj/239/ic_res	0
B/traj/239/mdot_air	4605723431792755027
B/traj/239/mf	4582399841258052340
B/traj/239/mf_sched	4582403389825004051
B/traj/239/nu_hp	4606612235254622349
B/traj/239/nu_lp	4606438094052559306
B/traj/239/phi_hp	4606846447358269104
B/traj/239/phi_lp	4606403380657477311
B/traj/239/pi_hpc	4617881337746426642
B/traj/239/pi_lpc	4613263055107660986
B/traj/239/required	0
B/traj/239/s	4608060620727354639
B/traj/239/sp_thrust	4649311310157056352
B/traj/239/v	13717345883282579624
B/traj/239/v_cmd	0
B/traj/239/v_regime	9087740570393753374
B/traj/240/nkeys	24
B/traj/240/Tt4	4654117613887458276
B/traj/240/b	4504609470624325876
B/traj/240/b_cmd	0
B/traj/240/branch	13126223303132988745
B/traj/240/f	4583695949747739627
B/traj/240/g	4533146834780781207
B/traj/240/ic_iters	1
B/traj/240/ic_order	15359057144970489593
B/traj/240/ic_res	0
B/traj/240/mdot_air	4605730291166222225
B/traj/240/mf	4582399957593913508
B/traj/240/mf_sched	4582403389825004051
B/traj/240/nu_hp	4606614665023079574
B/traj/240/nu_lp	4606441317531533730
B/traj/240/phi_hp	4606849206104924251
B/traj/240/phi_lp	4606407646201484844
B/traj/240/pi_hpc	4617882685884524575
B/traj/240/pi_lpc	4613265666742589272
B/traj/240/required	0
B/traj/240/s	4608083138725491491
B/traj/240/sp_thrust	4649309869486646693
B/traj/240/v	13716547601463379990
B/traj/240/v_cmd	0
B/traj/240/v_regime	9087740570393753374
B/traj/241/nkeys	24
B/traj/241/Tt4	4654114614138132342
B/traj/241/b	4504084797616143646
B/traj/241/b_cmd	0
B/traj/241/branch	13126223303132988745
B/traj/241/f	4583688872069215128
B/traj/241/g	4532916389892667273
B/traj/241/ic_iters	1
B/traj/241/ic_order	15359057144970489593
B/traj/241/ic_res	0
B/traj/241/mdot_air	4605737075061314266
B/traj/241/mf	4582400070115831532
B/traj/241/mf_sched	4582403389825004051
B/traj/241/nu_hp	4606617066587021213
B/traj/241/nu_lp	4606444505530856110
B/traj/241/phi_hp	4606851931543303062
B/traj/241/phi_lp	4606411861557836981
B/traj/241/pi_hpc	4617884016877745434
B/traj/241/pi_lpc	4613268249975503086
B/traj/241/required	0
B/traj/241/s	4608105656723628343
B/traj/241/sp_thrust	4649308445945276162
B/traj/241/v	13715825286137799941
B/traj/241/v_cmd	0
B/traj/241/v_regime	9087740570393753374
B/traj/242/nkeys	24
B/traj/242/Tt4	4654111651731668585
B/traj/242/b	4503610053803102557
B/traj/242/b_cmd	0
B/traj/242/branch	13126223303132988745
B/traj/242/f	4583681881898476637
B/traj/242/g	4532693499886531111
B/traj/242/ic_iters	1
B/traj/242/ic_order	15359057144970489593
B/traj/242/ic_res	0
B/traj/242/mdot_air	4605743784247558036
B/traj/242/mf	4582400178948842341
B/traj/242/mf_sched	4582403389825004051
B/traj/242/nu_hp	4606619440257289432
B/traj/242/nu_lp	4606447658430711742
B/traj/242/phi_hp	4606854624067709301
B/traj/242/phi_lp	4606416027296830129
B/traj/242/pi_hpc	4617885330934995685
B/traj/242/pi_lpc	4613270805118353590
B/traj/242/required	0
B/traj/242/s	4608128174721765195
B/traj/242/sp_thrust	4649307039340778890
B/traj/242/v	13715171708144390403
B/traj/242/v_cmd	0
B/traj/242/v_regime	9087740570393753374
B/traj/243/nkeys	24
B/traj/243/Tt4	4654108726194456493
B/traj/243/b	4502761348225843981
B/traj/243/b_cmd	0
B/traj/243/branch	13126223303132988745
B/traj/243/f	4583674978131999205
B/traj/243/g	4532477917083883668
B/traj/243/ic_iters	1
B/traj/243/ic_order	15359057144970489593
B/traj/243/ic_res	0
B/traj/243/mdot_air	4605750419488349331
B/traj/243/mf	4582400284213882696
B/traj/243/mf_sched	4582403389825004051
B/traj/243/nu_hp	4606621786341688609
B/traj/243/nu_lp	4606450776607548672
B/traj/243/phi_hp	4606857284068125658
B/traj/243/phi_lp	4606420143983008567
B/traj/243/pi_hpc	4617886628262655647
B/traj/243/pi_lpc	4613273332479699466
B/traj/243/required	0
B/traj/243/s	4608150692719902047
B/traj/243/sp_thrust	4649305649482491280
B/traj/243/v	13714580326266778700
B/traj/243/v_cmd	0
B/traj/243/v_regime	9087740570393753374
B/traj/244/nkeys	24
B/traj/244/Tt4	4654105837058646489
B/traj/244/b	4501983973365867639
B/traj/244/b_cmd	0
B/traj/244/branch	13126223303132988745
B/traj/244/f	4583668159679773570
B/traj/244/g	4532269401926102504
B/traj/244/ic_iters	1
B/traj/244/ic_order	15359057144970489593
B/traj/244/ic_res	0
B/traj/244/mdot_air	4605756981540944555
B/traj/244/mf	4582400386027924581
B/traj/244/mf_sched	4582403389825004051
B/traj/244/nu_hp	4606624105145002968
B/traj/244/nu_lp	4606453860434102235
B/traj/244/phi_hp	4606859911930243629
B/traj/244/phi_lp	4606424212175187717
B/traj/244/pi_hpc	4617887909064611875
B/traj/244/pi_lpc	4613275832364739553
B/traj/244/required	0
B/traj/244/s	4608173210718038899
B/traj/244/sp_thrust	4649304276181273497
B/traj/244/v	13714045221767095221
B/traj/244/v_cmd	0
B/traj/244/v_regime	9087740570393753374
B/traj/245/nkeys	24
B/traj/245/Tt4	4654102983862104205
B/traj/245/b	4501280575441003796
B/traj/245/b_cmd	0
B/traj/245/branch	13126223303132988745
B/traj/245/f	4583661425465188177
B/traj/245/g	4532067722708230904
B/traj/245/ic_iters	1
B/traj/245/ic_order	15359057144970489593
B/traj/245/ic_res	0
B/traj/245/mdot_air	4605763471156454894
B/traj/245/mf	4582400484504105183
B/traj/245/mf_sched	4582403389825004051
B/traj/245/nu_hp	4606626396969014561
B/traj/245/nu_lp	4606456910279419932
B/traj/245/phi_hp	4606862508035494091
B/traj/245/phi_lp	4606428232426479445
B/traj/245/pi_hpc	4617889173542289037
B/traj/245/pi_lpc	4613278305075345465
B/traj/245/required	0
B/traj/245/s	4608195728716175751
B/traj/245/sp_thrust	4649302919249528972
B/traj/245/v	13713561039149362871
B/traj/245/v_cmd	0
B/traj/245/v_regime	9087740570393753374
B/traj/246/nkeys	24
B/traj/246/Tt4	4654100166148363686
B/traj/246/b	4500644114621164808
B/traj/246/b_cmd	0
B/traj/246/branch	13126223303132988745
B/traj/246/f	4583654774424909354
B/traj/246/g	4531872655321504094
B/traj/246/ic_iters	1
B/traj/246/ic_order	15359057144970489593
B/traj/246/ic_res	0
B/traj/246/mdot_air	4605769889079842913
B/traj/246/mf	4582400579751852608
B/traj/246/mf_sched	4582403389825004051
B/traj/246/nu_hp	4606628662112521592
B/traj/246/nu_lp	4606459926508886621
B/traj/246/phi_hp	4606865072761078543
B/traj/246/phi_lp	4606432205284319151
B/traj/246/pi_hpc	4617890421894681362
B/traj/246/pi_lpc	4613280750910093992
B/traj/246/required	0
B/traj/246/s	4608218246714312603
B/traj/246/sp_thrust	4649301578501221943
B/traj/246/v	13712784999776820632
B/traj/246/v_cmd	0
B/traj/246/v_regime	9087740570393753374
B/traj/247/nkeys	24
B/traj/247/Tt4	4654097383466579615
B/traj/247/b	4500068221004093748
B/traj/247/b_cmd	0
B/traj/247/branch	13126223303132988745
B/traj/247/f	4583648205508759880
B/traj/247/g	4531683983004316448
B/traj/247/ic_iters	1
B/traj/247/ic_order	15359057144970489593
B/traj/247/ic_res	0
B/traj/247/mdot_air	4605776236049921327
B/traj/247/mf	4582400671877007485
B/traj/247/mf_sched	4582403389825004051
B/traj/247/nu_hp	4606630900871357045
B/traj/247/nu_lp	4606462909484249992
B/traj/247/phi_hp	4606867606480000826
B/traj/247/phi_lp	4606436131290494476
B/traj/247/pi_hpc	4617891654318383560
B/traj/247/pi_lpc	4613283170164299450
B/traj/247/required	0
B/traj/247/s	4608240764712449455
B/traj/247/sp_thrust	4649300253751893200
B/traj/247/v	13711992169234698143
B/traj/247/v_cmd	0
B/traj/247/v_regime	9087740570393753374
B/traj/248/nkeys	24
B/traj/248/Tt4	4654094635371478560
B/traj/248/b	4499547130863357213
B/traj/248/b_cmd	0
B/traj/248/branch	13126223303132988745
B/traj/248/f	4583641717679595927
B/traj/248/g	4531501496101352964
B/traj/248/ic_iters	1
B/traj/248/ic_order	15359057144970489593
B/traj/248/ic_res	0
B/traj/248/mdot_air	4605782512799354137
B/traj/248/mf	4582400760981940572
B/traj/248/mf_sched	4582403389825004051
B/traj/248/nu_hp	4606633113538407610
B/traj/248/nu_lp	4606465859563646306
B/traj/248/phi_hp	4606870109561099478
B/traj/248/phi_lp	4606440010981175682
B/traj/248/pi_hpc	4617892871007621322
B/traj/248/pi_lpc	4613285563130045880
B/traj/248/required	0
B/traj/248/s	4608263282710586307
B/traj/248/sp_thrust	4649298944818674066
B/traj/248/v	13711274786429040385
B/traj/248/v_cmd	0
B/traj/248/v_regime	9087740570393753374
B/traj/249/nkeys	24
B/traj/249/Tt4	4654091921423309541
B/traj/249/b	4499055230183151532
B/traj/249/b_cmd	0
B/traj/249/branch	13126223303132988745
B/traj/249/f	4583635309913182921
B/traj/249/g	4531324991830617350
B/traj/249/ic_iters	1
B/traj/249/ic_order	15359057144970489593
B/traj/249/ic_res	0
B/traj/249/mdot_air	4605788720054659709
B/traj/249/mf	4582400847165666517
B/traj/249/mf_sched	4582403389825004051
B/traj/249/nu_hp	4606635300403632873
B/traj/249/nu_lp	4606468777101626371
B/traj/249/phi_hp	4606872582369080423
B/traj/249/phi_lp	4606443844886947222
B/traj/249/pi_hpc	4617894072154281409
B/traj/249/pi_lpc	4613287930096219079
B/traj/249/required	0
B/traj/249/s	4608285800708723159
B/traj/249/sp_thrust	4649297651520298822
B/traj/249/v	13710625671564626034
B/traj/249/v_cmd	0
B/traj/249/v_regime	9087740570393753374
B/traj/250/nkeys	24
B/traj/250/Tt4	4654089241187793714
B/traj/250/b	4498201964981873265
B/traj/250/b_cmd	0
B/traj/250/branch	13126223303132988745
B/traj/250/f	4583628981198070027
B/traj/250/g	4531154274058097834
B/traj/250/ic_iters	1
B/traj/250/ic_order	15359057144970489593
B/traj/250/ic_res	0
B/traj/250/mdot_air	4605794858536215964
B/traj/250/mf	4582400930523953880
B/traj/250/mf_sched	4582403389825004051
B/traj/250/nu_hp	4606637461754084760
B/traj/250/nu_lp	4606471662449181737
B/traj/250/phi_hp	4606875025264550226
B/traj/250/phi_lp	4606447633532840839
B/traj/250/pi_hpc	4617895257947941183
B/traj/250/pi_lpc	4613290271348538541
B/traj/250/required	0
B/traj/250/s	4608308318706860011
B/traj/250/sp_thrust	4649296373677115432
B/traj/250/v	13710038328093496513
B/traj/250/v_cmd	0
B/traj/250/v_regime	9087740570393753374
B/traj/251/nkeys	24
B/traj/251/Tt4	4654086594236073531
B/traj/251/b	4497429898630311642
B/traj/251/b_cmd	0
B/traj/251/branch	13126223303132988745
B/traj/251/f	4583622730535463841
B/traj/251/g	4530989153079820312
B/traj/251/ic_iters	1
B/traj/251/ic_order	15359057144970489593
B/traj/251/ic_res	0
B/traj/251/mdot_air	4605800928958267411
B/traj/251/mf	4582401011149431555
B/traj/251/mf_sched	4582403389825004051
B/traj/251/nu_hp	4606639597873927216
B/traj/251/nu_lp	4606474515953771081
B/traj/251/phi_hp	4606877438604049630
B/traj/251/phi_lp	4606451377438369672
B/traj/251/pi_hpc	4617896428575897827
B/traj/251/pi_lpc	4613292587169589187
B/traj/251/required	0
B/traj/251/s	4608330836704996863
B/traj/251/sp_thrust	4649295111111094898
B/traj/251/v	13709506877695438355
B/traj/251/v_cmd	0
B/traj/251/v_regime	9087740570393753374
B/traj/252/nkeys	24
B/traj/252/Tt4	4654083980144661236
B/traj/252/b	4496731304042930502
B/traj/252/b_cmd	0
B/traj/252/branch	13126223303132988745
B/traj/252/f	4583616556939101118
B/traj/252/g	4530829445411046640
B/traj/252/ic_iters	1
B/traj/252/ic_order	15359057144970489593
B/traj/252/ic_res	0
B/traj/252/mdot_air	4605806932028934105
B/traj/252/mf	4582401089131691698
B/traj/252/mf_sched	4582403389825004051
B/traj/252/nu_hp	4606641709044456093
B/traj/252/nu_lp	4606477337959346771
B/traj/252/phi_hp	4606879822740087512
B/traj/252/phi_lp	4606455077117563570
B/traj/252/pi_hpc	4617897584223197043
B/traj/252/pi_lpc	4613294877838852990
B/traj/252/required	0
B/traj/252/s	4608353354703133715
B/traj/252/sp_thrust	4649293863645839153
B/traj/252/v	13709026001445885407
B/traj/252/v_cmd	0
B/traj/252/v_regime	9087740570393753374
B/traj/253/nkeys	24
B/traj/253/Tt4	4654081398495386913
B/traj/253/b	4496099189462971019
B/traj/253/b_cmd	0
B/traj/253/branch	13126223303132988745
B/traj/253/f	4583610459435120887
B/traj/253/g	4530674973582383831
B/traj/253/ic_iters	1
B/traj/253/ic_order	15359057144970489593
B/traj/253/ic_res	0
B/traj/253/mdot_air	4605812868450222349
B/traj/253/mf	4582401164557389288
B/traj/253/mf_sched	4582403389825004051
B/traj/253/nu_hp	4606643795544119243
B/traj/253/nu_lp	4606480128806381586
B/traj/253/phi_hp	4606882178021175095
B/traj/253/phi_lp	4606458733079005334
B/traj/253/pi_hpc	4617898725072661415
B/traj/253/pi_lpc	4613297143632740413
B/traj/253/required	0
B/traj/253/s	4608375872701270567
B/traj/253/sp_thrust	4649292631106587650
B/traj/253/v	13708224507449071259
B/traj/253/v_cmd	0
B/traj/253/v_regime	9087740570393753374
B/traj/254/nkeys	24
B/traj/254/Tt4	4654078848875346081
B/traj/254/b	4495527228486726930
B/traj/254/b_cmd	0
B/traj/254/branch	13126223303132988745
B/traj/254/f	4583604437061935997
B/traj/254/g	4530429906750436191
B/traj/254/ic_iters	1
B/traj/254/ic_order	15359057144970489593
B/traj/254/ic_res	0
B/traj/254/mdot_air	4605818738918036964
B/traj/254/mf	4582401237510338412
B/traj/254/mf_sched	4582403389825004051
B/traj/254/nu_hp	4606645857648536788
B/traj/254/nu_lp	4606482888831895567
B/traj/254/phi_hp	4606884504791860447
B/traj/254/phi_lp	4606462345825867848
B/traj/254/pi_hpc	4617899851304918263
B/traj/254/pi_lpc	4613299384824621656
B/traj/254/required	0
B/traj/254/s	4608398390699407419
B/traj/254/sp_thrust	4649291413320222666
B/traj/254/v	13707437090958548575
B/traj/254/v_cmd	0
B/traj/254/v_regime	9087740570393753374
B/traj/255/nkeys	24
B/traj/255/Tt4	4654076330876846863
B/traj/255/b	4495009696746884670
B/traj/255/b_cmd	0
B/traj/255/branch	13126223303132988745
B/traj/255/f	4583598488870104114
B/traj/255/g	4530140887800823045
B/traj/255/ic_iters	1
B/traj/255/ic_order	15359057144970489593
B/traj/255/ic_res	0
B/traj/255/mdot_air	4605824544122195348
B/traj/255/mf	4582401308071605407
B/traj/255/mf_sched	4582403389825004051
B/traj/255/nu_hp	4606647895630521558
B/traj/255/nu_lp	4606485618369482996
B/traj/255/phi_hp	4606886803392763304
B/traj/255/phi_lp	4606465915855952176
B/traj/255/pi_hpc	4617900963098427176
B/traj/255/pi_lpc	4613301601684857764
B/traj/255/required	0
B/traj/255/s	4608420908697544271
B/traj/255/sp_thrust	4649290210115273372
B/traj/255/v	13706724606989805256
B/traj/255/v_cmd	0
B/traj/255/v_regime	9087740570393753374
B/traj/256/nkeys	24
B/traj/256/Tt4	4654073844097356917
B/traj/256/b	4494490401126715289
B/traj/256/b_cmd	0
B/traj/256/branch	13126223303132988745
B/traj/256/f	4583592613922198550
B/traj/256/g	4529861344019314246
B/traj/256/ic_iters	1
B/traj/256/ic_order	15359057144970489593
B/traj/256/ic_res	0
B/traj/256/mdot_air	4605830284746442918
B/traj/256/mf	4582401376319598940
B/traj/256/mf_sched	4582403389825004051
B/traj/256/nu_hp	4606649909760099678
B/traj/256/nu_lp	4606488317749339472
B/traj/256/phi_hp	4606889074160609952
B/traj/256/phi_lp	4606469443661726223
B/traj/256/pi_hpc	4617902060629507051
B/traj/256/pi_lpc	4613303794480831543
B/traj/256/required	0
B/traj/256/s	4608443426695681123
B/traj/256/sp_thrust	4649289021321918846
B/traj/256/v	13706079924776737473
B/traj/256/v_cmd	0
B/traj/256/v_regime	9087740570393753374
B/traj/257/nkeys	24
B/traj/257/Tt4	4654071388139450066
B/traj/257/b	4493642962670980492
B/traj/257/b_cmd	0
B/traj/257/branch	13126223303132988745
B/traj/257/f	4583586811292678799
B/traj/257/g	4529590964772953976
B/traj/257/ic_iters	1
B/traj/257/ic_order	15359057144970489593
B/traj/257/ic_res	0
B/traj/257/mdot_air	4605835961468470110
B/traj/257/mf	4582401442330157133
B/traj/257/mf_sched	4582403389825004051
B/traj/257/nu_hp	4606651900304531293
B/traj/257/nu_lp	4606490987298289074
B/traj/257/phi_hp	4606891317428268402
B/traj/257/phi_lp	4606472929730364197
B/traj/257/pi_hpc	4617903144072362893
B/traj/257/pi_lpc	4613305963476978264
B/traj/257/required	0
B/traj/257/s	4608465944693817975
B/traj/257/sp_thrust	4649287846771989943
B/traj/257/v	13705496592134770753
B/traj/257/v_cmd	0
B/traj/257/v_regime	9087740570393753374
B/traj/258/nkeys	24
B/traj/258/Tt4	4654068962610752700
B/traj/258/b	4492876168577289557
B/traj/258/b_cmd	0
B/traj/258/branch	13126223303132988745
B/traj/258/f	4583581080067760927
B/traj/258/g	4529329449612545922
B/traj/258/ic_iters	1
B/traj/258/ic_order	15359057144970489593
B/traj/258/ic_res	0
B/traj/258/mdot_air	4605841574959930682
B/traj/258/mf	4582401506176631842
B/traj/258/mf_sched	4582403389825004051
B/traj/258/nu_hp	4606653867528331416
B/traj/258/nu_lp	4606493627339811601
B/traj/258/phi_hp	4606893533524783710
B/traj/258/phi_lp	4606476374543786673
B/traj/258/pi_hpc	4617904213599112005
B/traj/258/pi_lpc	4613308108934816213
B/traj/258/required	0
B/traj/258/s	4608488462691954827
B/traj/258/sp_thrust	4649286686298970165
B/traj/258/v	13704968770885345191
B/traj/258/v_cmd	0
B/traj/258/v_regime	9087740570393753374
B/traj/259/nkeys	24
B/traj/259/Tt4	4654066567123890082
B/traj/259/b	4492182344526539486
B/traj/259/b_cmd	0
B/traj/259/branch	13126223303132988745
B/traj/259/f	4583575419345288047
B/traj/259/g	4529076507938789931
B/traj/259/ic_iters	1
B/traj/259/ic_order	15359057144970489593
B/traj/259/ic_res	0
B/traj/259/mdot_air	4605847125886461468
B/traj/259/mf	4582401567929970161
B/traj/259/mf_sched	4582403389825004051
B/traj/259/nu_hp	4606655811693290883
B/traj/259/nu_lp	4606496238194069863
B/traj/259/phi_hp	4606895722775413317
B/traj/259/phi_lp	4606479778578701158
B/traj/259/pi_hpc	4617905269379810039
B/traj/259/pi_lpc	4613310231112977022
B/traj/259/required	0
B/traj/259/s	4608510980690091679
B/traj/259/sp_thrust	4649285539737995588
B/traj/259/v	13704491178425568089
B/traj/259/v_cmd	0
B/traj/259/v_regime	9087740570393753374
B/traj/260/nkeys	24
B/traj/260/Tt4	4654064201296432473
B/traj/260/b	4491554546507018918
B/traj/260/b_cmd	0
B/traj/260/branch	13126223303132988745
B/traj/260/f	4583569828234600763
B/traj/260/g	4528831858679364007
B/traj/260/ic_iters	1
B/traj/260/ic_order	15359057144970489593
B/traj/260/ic_res	0
B/traj/260/mdot_air	4605852614907703283
B/traj/260/mf	4582401627658793263
B/traj/260/mf_sched	4582403389825004051
B/traj/260/nu_hp	4606657733058497409
B/traj/260/nu_lp	4606498820177937021
B/traj/260/phi_hp	4606897885501662639
B/traj/260/phi_lp	4606483142306643225
B/traj/260/pi_hpc	4617906311582476489
B/traj/260/pi_lpc	4613312330267235805
B/traj/260/required	0
B/traj/260/s	4608533498688228531
B/traj/260/sp_thrust	4649284406925853826
B/traj/260/v	13703664403628069722
B/traj/260/v_cmd	0
B/traj/260/v_regime	9087740570393753374
B/traj/261/nkeys	24
B/traj/261/Tt4	4654061864750841239
B/traj/261/b	4490986491316530976
B/traj/261/b_cmd	0
B/traj/261/branch	13126223303132988745
B/traj/261/f	4583564305856407861
B/traj/261/g	4528595229976592819
B/traj/261/ic_iters	1
B/traj/261/ic_order	15359057144970489593
B/traj/261/ic_res	0
B/traj/261/mdot_air	4605858042677323099
B/traj/261/mf	4582401685429472651
B/traj/261/mf_sched	4582403389825004051
B/traj/261/nu_hp	4606659631880356722
B/traj/261/nu_lp	4606501373605023954
B/traj/261/phi_hp	4606900022021320607
B/traj/261/phi_lp	4606486466194018018
B/traj/261/pi_hpc	4617907340373119921
B/traj/261/pi_lpc	4613314406650541093
B/traj/261/required	0
B/traj/261/s	4608556016686365383
B/traj/261/sp_thrust	4649283287700982208
B/traj/261/v	13702882364217873452
B/traj/261/v_cmd	0
B/traj/261/v_regime	9087740570393753374
B/traj/262/nkeys	24
B/traj/262/Tt4	4654059557114414916
B/traj/262/b	4490472493678107843
B/traj/262/b_cmd	0
B/traj/262/branch	13126223303132988745
B/traj/262/f	4583558851342657200
B/traj/262/g	4528366358885355655
B/traj/262/ic_iters	1
B/traj/262/ic_order	15359057144970489593
B/traj/262/ic_res	0
B/traj/262/mdot_air	4605863409843037349
B/traj/262/mf	4582401741306203910
B/traj/262/mf_sched	4582403389825004051
B/traj/262/nu_hp	4606661508412613776
B/traj/262/nu_lp	4606503898785706646
B/traj/262/phi_hp	4606902132648495281
B/traj/262/phi_lp	4606489750702142191
B/traj/262/pi_hpc	4617908355915762788
B/traj/262/pi_lpc	4613316460513044570
B/traj/262/required	0
B/traj/262/s	4608578534684502235
B/traj/262/sp_thrust	4649282181903465064
B/traj/262/v	13702174745633049984
B/traj/262/v_cmd	0
B/traj/262/v_regime	9087740570393753374
B/traj/263/nkeys	24
B/traj/263/Tt4	4654057278019235299
B/traj/263/b	4489925990191517791
B/traj/263/b_cmd	0
B/traj/263/branch	13126223303132988745
B/traj/263/f	4583553463836406950
B/traj/263/g	4528144991080898130
B/traj/263/ic_iters	1
B/traj/263/ic_order	15359057144970489593
B/traj/263/ic_res	0
B/traj/263/mdot_air	4605868717046636348
B/traj/263/mf	4582401795351078045
B/traj/263/mf_sched	4582403389825004051
B/traj/263/nu_hp	4606663362906374022
B/traj/263/nu_lp	4606506396027153580
B/traj/263/phi_hp	4606904217693649538
B/traj/263/phi_lp	4606492996287286170
B/traj/263/pi_hpc	4617909358372465979
B/traj/263/pi_lpc	4613318492102130562
B/traj/263/required	0
B/traj/263/s	4608601052682639087
B/traj/263/sp_thrust	4649281089375030314
B/traj/263/v	13701534465801804780
B/traj/263/v_cmd	0
B/traj/263/v_regime	9087740570393753374
B/traj/264/nkeys	24
B/traj/264/Tt4	4654055027102113552
B/traj/264/b	4489084338691864081
B/traj/264/b_cmd	0
B/traj/264/branch	13126223303132988745
B/traj/264/f	4583548142491697167
B/traj/264/g	4527930880576222964
B/traj/264/ic_iters	1
B/traj/264/ic_order	15359057144970489593
B/traj/264/ic_res	0
B/traj/264/mdot_air	4605873964924009677
B/traj/264/mf	4582401847624150476
B/traj/264/mf_sched	4582403389825004051
B/traj/264/nu_hp	4606665195610124731
B/traj/264/nu_lp	4606508865633353125
B/traj/264/phi_hp	4606906277463636741
B/traj/264/phi_lp	4606496203400716737
B/traj/264/pi_hpc	4617910347903352876
B/traj/264/pi_lpc	4613320501662445354
B/traj/264/required	0
B/traj/264/s	4608623570680775939
B/traj/264/sp_thrust	4649280009959045256
B/traj/264/v	13700955116600000447
B/traj/264/v_cmd	0
B/traj/264/v_regime	9087740570393753374
B/traj/265/nkeys	24
B/traj/265/Tt4	4654052804004536458
B/traj/265/b	4488322780853046167
B/traj/265/b_cmd	0
B/traj/265/branch	13126223303132988745
B/traj/265/f	4583542886473421909
B/traj/265/g	4527723789448745796
B/traj/265/ic_iters	1
B/traj/265/ic_order	15359057144970489593
B/traj/265/ic_res	0
B/traj/265/mdot_air	4605879154105172613
B/traj/265/mf	4582401898183507770
B/traj/265/mf_sched	4582403389825004051
B/traj/265/nu_hp	4606667006769756358
B/traj/265/nu_lp	4606511307905140908
B/traj/265/phi_hp	4606908312261736334
B/traj/265/phi_lp	4606499372488739820
B/traj/265/pi_hpc	4617911324666633208
B/traj/265/pi_lpc	4613322489435926269
B/traj/265/required	0
B/traj/265/s	4608646088678912791
B/traj/265/sp_thrust	4649278943500511780
B/traj/265/v	13700430899716612819
B/traj/265/v_cmd	0
B/traj/265/v_regime	9087740570393753374
B/traj/266/nkeys	24
B/traj/266/Tt4	4654050608372612729
B/traj/266/b	4487633694762064763
B/traj/266/b_cmd	0
B/traj/266/branch	13126223303132988745
B/traj/266/f	4583537694957201777
B/traj/266/g	4527523487575912281
B/traj/266/ic_iters	1
B/traj/266/ic_order	15359057144970489593
B/traj/266/ic_res	0
B/traj/266/mdot_air	4605884285214293507
B/traj/266/mf	4582401947085332192
B/traj/266/mf_sched	4582403389825004051
B/traj/266/nu_hp	4606668796628583937
B/traj/266/nu_lp	4606513723140227162
B/traj/266/phi_hp	4606910322387689501
B/traj/266/phi_lp	4606502503992743562
B/traj/266/pi_hpc	4617912288818626514
B/traj/266/pi_lpc	4613324455661830531
B/traj/266/required	0
B/traj/266/s	4608668606677049643
B/traj/266/sp_thrust	4649277889846060813
B/traj/266/v	13699956568622390566
B/traj/266/v_cmd	0
B/traj/266/v_regime	9087740570393753374
B/traj/267/nkeys	24
B/traj/267/Tt4	4654048439857019495
B/traj/267/b	4487010183826216376
B/traj/267/b_cmd	0
B/traj/267/branch	13126223303132988745
B/traj/267/f	4583532567129257091
B/traj/267/g	4527329752379482695
B/traj/267/ic_iters	1
B/traj/267/ic_order	15359057144970489593
B/traj/267/ic_res	0
B/traj/267/mdot_air	4605889358869721926
B/traj/267/mf	4582401994383964133
B/traj/267/mf_sched	4582403389825004051
B/traj/267/nu_hp	4606670565427368495
B/traj/267/nu_lp	4606516111633224036
B/traj/267/phi_hp	4606912308137734759
B/traj/267/phi_lp	4606505598349241524
B/traj/267/pi_hpc	4617913240513785233
B/traj/267/pi_lpc	4613326400576763870
B/traj/267/required	0
B/traj/267/s	4608691124675186495
B/traj/267/sp_thrust	4649276848843946244
B/traj/267/v	13699104685660795645
B/traj/267/v_cmd	0
B/traj/267/v_regime	9087740570393753374
B/traj/268/nkeys	24
B/traj/268/Tt4	4654046298112948995
B/traj/268/b	4486446007749800662
B/traj/268/b_cmd	0
B/traj/268/branch	13126223303132988745
B/traj/268/f	4583527502186281693
B/traj/268/g	4527142368578199884
B/traj/268/ic_iters	1
B/traj/268/ic_order	15359057144970489593
B/traj/268/ic_res	0
B/traj/268/mdot_air	4605894375684017875
B/traj/268/mf	4582402040131962493
B/traj/268/mf_sched	4582403389825004051
B/traj/268/nu_hp	4606672313404338482
B/traj/268/nu_lp	4606518473675672863
B/traj/268/phi_hp	4606914269804643326
B/traj/268/phi_lp	4606508655989916032
B/traj/268/pi_hpc	4617914179904717630
B/traj/268/pi_lpc	4613328324414709005
B/traj/268/required	0
B/traj/268/s	4608713642673323347
B/traj/268/sp_thrust	4649275820344038313
B/traj/268/v	13698327986612120449
B/traj/268/v_cmd	0
B/traj/268/v_regime	9087740570393753374
B/traj/269/nkeys	24
B/traj/269/Tt4	4654044182800055375
B/traj/269/b	4485935520079256858
B/traj/269/b_cmd	0
B/traj/269/branch	13126223303132988745
B/traj/269/f	4583522499335317350
B/traj/269/g	4526961127948565723
B/traj/269/ic_iters	1
B/traj/269/ic_order	15359057144970489593
B/traj/269/ic_res	0
B/traj/269/mdot_air	4605899336263981442
B/traj/269/mf	4582402084380163087
B/traj/269/mf_sched	4582403389825004051
B/traj/269/nu_hp	4606674040795211205
B/traj/269/nu_lp	4606520809556071370
B/traj/269/phi_hp	4606916207677754730
B/traj/269/phi_lp	4606511677341661724
B/traj/269/pi_hpc	4617915107142210159
B/traj/269/pi_lpc	4613330227407053730
B/traj/269/required	0
B/traj/269/s	4608736160671460199
B/traj/269/sp_thrust	4649274804197816320
B/traj/269/v	13697625200186664807
B/traj/269/v_cmd	0
B/traj/269/v_regime	9087740570393753374
B/traj/270/nkeys	24
B/traj/270/Tt4	4654042093582401858
B/traj/270/b	4485361994522308341
B/traj/270/b_cmd	0
B/traj/270/branch	13126223303132988745
B/traj/270/f	4583517557793629029
B/traj/270/g	4526785829093460256
B/traj/270/ic_iters	1
B/traj/270/ic_order	15359057144970489593
B/traj/270/ic_res	0
B/traj/270/mdot_air	4605904241210683533
B/traj/270/mf	4582402127177735134
B/traj/270/mf_sched	4582403389825004051
B/traj/270/nu_hp	4606675747833214255
B/traj/270/nu_lp	4606523119559900833
B/traj/270/phi_hp	4606918122043011940
B/traj/270/phi_lp	4606514662826629001
B/traj/270/pi_hpc	4617916022375249745
B/traj/270/pi_lpc	4613332109782618949
B/traj/270/required	0
B/traj/270/s	4608758678669597051
B/traj/270/sp_thrust	4649273800258361016
B/traj/270/v	13696989292674421587
B/traj/270/v_cmd	0
B/traj/270/v_regime	9087740570393753374
B/traj/271/nkeys	24
B/traj/271/Tt4	4654040030128408040
B/traj/271/b	4484526090460986130
B/traj/271/b_cmd	0
B/traj/271/branch	13126223303132988745
B/traj/271/f	4583512676788580797
B/traj/271/g	4526616277218346403
B/traj/271/ic_iters	1
B/traj/271/ic_order	15359057144970489593
B/traj/271/ic_res	0
B/traj/271/mdot_air	4605909091119497146
B/traj/271/mf	4582402168572235895
B/traj/271/mf_sched	4582403389825004051
B/traj/271/nu_hp	4606677434749106921
B/traj/271/nu_lp	4606525403969653154
B/traj/271/phi_hp	4606920013182996681
B/traj/271/phi_lp	4606517612862267716
B/traj/271/pi_hpc	4617916925751045646
B/traj/271/pi_lpc	4613333971767686350
B/traj/271/required	0
B/traj/271/s	4608781196667733903
B/traj/271/sp_thrust	4649272808380346398
B/traj/271/v	13696413899710812213
B/traj/271/v_cmd	0
B/traj/271/v_regime	9087740570393753374
B/traj/272/nkeys	24
B/traj/272/Tt4	4654037992110797508
B/traj/272/b	4483769733119899494
B/traj/272/b_cmd	0
B/traj/272/branch	13126223303132988745
B/traj/272/f	4583507855557512580
B/traj/272/g	4526452283914811546
B/traj/272/ic_iters	1
B/traj/272/ic_order	15359057144970489593
B/traj/272/ic_res	0
B/traj/272/mdot_air	4605913886580129309
B/traj/272/mf	4582402208609663515
B/traj/272/mf_sched	4582403389825004051
B/traj/272/nu_hp	4606679101771201592
B/traj/272/nu_lp	4606527663064857869
B/traj/272/phi_hp	4606921881376964466
B/traj/272/phi_lp	4606520527861370800
B/traj/272/pi_hpc	4617917817415051014
B/traj/272/pi_lpc	4613335813586025918
B/traj/272/required	0
B/traj/272/s	4608803714665870755
B/traj/272/sp_thrust	4649271828420031126
B/traj/272/v	13695893262580102316
B/traj/272/v_cmd	0
B/traj/272/v_regime	9087740570393753374
B/traj/273/nkeys	24
B/traj/273/Tt4	4654035979206545770
B/traj/273/b	4483085352634284015
B/traj/273/b_cmd	0
B/traj/273/branch	13126223303132988745
B/traj/273/f	4583503093347617803
B/traj/273/g	4526293666951205471
B/traj/273/ic_iters	1
B/traj/273/ic_order	15359057144970489593
B/traj/273/ic_res	0
B/traj/273/mdot_air	4605918628176653660
B/traj/273/mf	4582402247334508146
B/traj/273/mf_sched	4582403389825004051
B/traj/273/nu_hp	4606680749125385123
B/traj/273/nu_lp	4606529897122109065
B/traj/273/phi_hp	4606923726900879573
B/traj/273/phi_lp	4606523408232117886
B/traj/273/pi_hpc	4617918697510984202
B/traj/273/pi_lpc	4613337635458923164
B/traj/273/required	0
B/traj/273/s	4608826232664007607
B/traj/273/sp_thrust	4649270860235249500
B/traj/273/v	13695397874327008862
B/traj/273/v_cmd	0
B/traj/273/v_regime	9087740570393753374
B/traj/274/nkeys	24
B/traj/274/Tt4	4654033991096828450
B/traj/274/b	4482466099506630919
B/traj/274/b_cmd	0
B/traj/274/branch	13126223303132988745
B/traj/274/f	4583498389415821844
B/traj/274/g	4526140250070142013
B/traj/274/ic_iters	1
B/traj/274/ic_order	15359057144970489593
B/traj/274/ic_res	0
B/traj/274/mdot_air	4605923316487543682
B/traj/274/mf	4582402284789801374
B/traj/274/mf_sched	4582403389825004051
B/traj/274/nu_hp	4606682377035140175
B/traj/274/nu_lp	4606532106415092210
B/traj/274/phi_hp	4606925550027449792
B/traj/274/phi_lp	4606526254378118947
B/traj/274/pi_hpc	4617919566180849784
B/traj/274/pi_lpc	4613339437605206169
B/traj/274/required	0
B/traj/274/s	4608848750662144459
B/traj/274/sp_thrust	4649269903685402089
B/traj/274/v	13694545350912345506
B/traj/274/v_cmd	0
B/traj/274/v_regime	9087740570393753374
B/traj/275/nkeys	24
B/traj/275/Tt4	4654032027466969862
B/traj/275/b	4481905776054738111
B/traj/275/b_cmd	0
B/traj/275/branch	13126223303132988745
B/traj/275/f	4583493743028661459
B/traj/275/g	4525866100077930284
B/traj/275/ic_iters	1
B/traj/275/ic_order	15359057144970489593
B/traj/275/ic_res	0
B/traj/275/mdot_air	4605927952085706290
B/traj/275/mf	4582402321017164046
B/traj/275/mf_sched	4582403389825004051
B/traj/275/nu_hp	4606683985721566510
B/traj/275/nu_lp	4606534291214610886
B/traj/275/phi_hp	4606927351026161105
B/traj/275/phi_lp	4606529066698457856
B/traj/275/pi_hpc	4617920423564959201
B/traj/275/pi_lpc	4613341220241272339
B/traj/275/required	0
B/traj/275/s	4608871268660281311
B/traj/275/sp_thrust	4649268958631445968
B/traj/275/v	13693773955757130052
B/traj/275/v_cmd	0
B/traj/275/v_regime	9087740570393753374
B/traj/276/nkeys	24
B/traj/276/Tt4	4654030088006391875
B/traj/276/b	4481398774383336052
B/traj/276/b_cmd	0
B/traj/276/branch	13126223303132988745
B/traj/276/f	4583489153462165078
B/traj/276/g	4525579054950014600
B/traj/276/ic_iters	1
B/traj/276/ic_order	15359057144970489593
B/traj/276/ic_res	0
B/traj/276/mdot_air	4605932535538516197
B/traj/276/mf	4582402356056852512
B/traj/276/mf_sched	4582403389825004051
B/traj/276/nu_hp	4606685575403402244
B/traj/276/nu_lp	4606536451788613415
B/traj/276/phi_hp	4606929130163312134
B/traj/276/phi_lp	4606531845587735915
B/traj/276/pi_hpc	4617921269801951271
B/traj/276/pi_lpc	4613342983581114959
B/traj/276/required	0
B/traj/276/s	4608893786658418163
B/traj/276/sp_thrust	4649268024935884647
B/traj/276/v	13693075968493372788
B/traj/276/v_cmd	0
B/traj/276/v_regime	9087740570393753374
B/traj/277/nkeys	24
B/traj/277/Tt4	4654028172408563189
B/traj/277/b	4480798411283334063
B/traj/277/b_cmd	0
B/traj/277/branch	13126223303132988745
B/traj/277/f	4583484620001734136
B/traj/277/g	4525301420280631740
B/traj/277/ic_iters	1
B/traj/277/ic_order	15359057144970489593
B/traj/277/ic_res	0
B/traj/277/mdot_air	4605937067407850563
B/traj/277/mf	4582402389947803364
B/traj/277/mf_sched	4582403389825004051
B/traj/277/nu_hp	4606687146297045044
B/traj/277/nu_lp	4606538588402219377
B/traj/277/phi_hp	4606930887702048406
B/traj/277/phi_lp	4606534591436115269
B/traj/277/pi_hpc	4617922105028812313
B/traj/277/pi_lpc	4613344727836349492
B/traj/277/required	0
B/traj/277/s	4608916304656555015
B/traj/277/sp_thrust	4649267102462757690
B/traj/277/v	13692444403442602825
B/traj/277/v_cmd	0
B/traj/277/v_regime	9087740570393753374
B/traj/278/nkeys	24
B/traj/278/Tt4	4654026280370948960
B/traj/278/b	4479968215412451097
B/traj/278/b_cmd	0
B/traj/278/branch	13126223303132988745
B/traj/278/f	4583480141942025354
B/traj/278/g	4525032887558257955
B/traj/278/ic_iters	1
B/traj/278/ic_order	15359057144970489593
B/traj/278/ic_res	0
B/traj/278/mdot_air	4605941548250124148
B/traj/278/mf	4582402422727676701
B/traj/278/mf_sched	4582403389825004051
B/traj/278/nu_hp	4606688698616573272
B/traj/278/nu_lp	4606540701317746018
B/traj/278/phi_hp	4606932623902396466
B/traj/278/phi_lp	4606537304629362222
B/traj/278/pi_hpc	4617922929380896041
B/traj/278/pi_lpc	4613346453216239655
B/traj/278/required	0
B/traj/278/s	4608938822654691867
B/traj/278/sp_thrust	4649266191077630062
B/traj/278/v	13691872939700976759
B/traj/278/v_cmd	0
B/traj/278/v_regime	9087740570393753374
B/traj/279/nkeys	24
B/traj/279/Tt4	4654024411594960783
B/traj/279/b	4479217023056131031
B/traj/279/b_cmd	0
B/traj/279/branch	13126223303132988745
B/traj/279/f	4583475718586833998
B/traj/279/g	4524773158385580185
B/traj/279/ic_iters	1
B/traj/279/ic_order	15359057144970489593
B/traj/279/ic_res	0
B/traj/279/mdot_air	4605945978616324884
B/traj/279/mf	4582402454432897975
B/traj/279/mf_sched	4582403389825004051
B/traj/279/nu_hp	4606690232573767062
B/traj/279/nu_lp	4606542790794734532
B/traj/279/phi_hp	4606934339021297807
B/traj/279/phi_lp	4606539985548890490
B/traj/279/pi_hpc	4617923742991943175
B/traj/279/pi_lpc	4613348159927723217
B/traj/279/required	0
B/traj/279/s	4608961340652828719
B/traj/279/sp_thrust	4649265290647581166
B/traj/279/v	13691355857877663183
B/traj/279/v_cmd	0
B/traj/279/v_regime	9087740570393753374
B/traj/280/nkeys	24
B/traj/280/Tt4	4654022565785907137
B/traj/280/b	4478537316042419274
B/traj/280/b_cmd	0
B/traj/280/branch	13126223303132988745
B/traj/280/f	4583471349248978274
B/traj/280/g	4524521944147912797
B/traj/280/ic_iters	1
B/traj/280/ic_order	15359057144970489593
B/traj/280/ic_res	0
B/traj/280/mdot_air	4605950359052049864
B/traj/280/mf	4582402485098698472
B/traj/280/mf_sched	4582403389825004051
B/traj/280/nu_hp	4606691748378129332
B/traj/280/nu_lp	4606544857089976222
B/traj/280/phi_hp	4606936033312642495
B/traj/280/phi_lp	4606542634571804197
B/traj/280/pi_hpc	4617924545994100828
B/traj/280/pi_lpc	4613349848175437614
B/traj/280/required	0
B/traj/280/s	4608983858650965571
B/traj/280/sp_thrust	4649264401041193705
B/traj/280/v	13690833098500413531
B/traj/280/v_cmd	0
B/traj/280/v_regime	9087740570393753374
B/traj/281/nkeys	24
B/traj/281/Tt4	4654020742652944165
B/traj/281/b	4477922291647399862
B/traj/281/b_cmd	0
B/traj/281/branch	13126223303132988745
B/traj/281/f	4583467033250184617
B/traj/281/g	4524278965692484912
B/traj/281/ic_iters	1
B/traj/281/ic_order	15359057144970489593
B/traj/281/ic_res	0
B/traj/281/mdot_air	4605954690097541628
B/traj/281/mf	4582402514759154457
B/traj/281/mf_sched	4582403389825004051
B/traj/281/nu_hp	4606693246236906722
B/traj/281/nu_lp	4606546900457538532
B/traj/281/phi_hp	4606937707027302731
B/traj/281/phi_lp	4606545252070940883
B/traj/281/pi_hpc	4617925338517941595
B/traj/281/pi_lpc	4613351518161745272
B/traj/281/required	0
B/traj/281/s	4609006376649102423
B/traj/281/sp_thrust	4649263522128542262
B/traj/281/v	13689986396765808908
B/traj/281/v_cmd	0
B/traj/281/v_regime	9087740570393753374
B/traj/282/nkeys	24
B/traj/282/Tt4	4654018941909026937
B/traj/282/b	4477365794511371484
B/traj/282/b_cmd	0
B/traj/282/branch	13126223303132988745
B/traj/282/f	4583462769920974209
B/traj/282/g	4524043953018241947
B/traj/282/ic_iters	1
B/traj/282/ic_order	15359057144970489593
B/traj/282/ic_res	0
B/traj/282/mdot_air	4605958972287724828
B/traj/282/mf	4582402543447225043
B/traj/282/mf_sched	4582403389825004051
B/traj/282/nu_hp	4606694726355110455
B/traj/282/nu_lp	4606548921148790944
B/traj/282/phi_hp	4606939360413166061
B/traj/282/phi_lp	4606547838414914189
B/traj/282/pi_hpc	4617926120692482419
B/traj/282/pi_lpc	4613353170086758720
B/traj/282/required	0
B/traj/282/s	4609028894647239275
B/traj/282/sp_thrust	4649262653781181714
B/traj/282/v	13689220269285023598
B/traj/282/v_cmd	0
B/traj/282/v_regime	9087740570393753374
B/traj/283/nkeys	24
B/traj/283/Tt4	4654017163270861106
B/traj/283/b	4476862255034050407
B/traj/283/b_cmd	0
B/traj/283/branch	13126223303132988745
B/traj/283/f	4583458558600550475
B/traj/283/g	4523816644975816670
B/traj/283/ic_iters	1
B/traj/283/ic_order	15359057144970489593
B/traj/283/ic_res	0
B/traj/283/mdot_air	4605963206152243165
B/traj/283/mf	4582402571194788816
B/traj/283/mf_sched	4582403389825004051
B/traj/283/nu_hp	4606696188935537115
B/traj/283/nu_lp	4606550919412430740
B/traj/283/phi_hp	4606940993715168428
B/traj/283/phi_lp	4606550393968156444
B/traj/283/pi_hpc	4617926892645203202
B/traj/283/pi_lpc	4613354804148365442
B/traj/283/required	0
B/traj/283/s	4609051412645376127
B/traj/283/sp_thrust	4649261795872135466
B/traj/283/v	13688527048410628520
B/traj/283/v_cmd	0
B/traj/283/v_regime	9087740570393753374
B/traj/284/nkeys	24
B/traj/284/Tt4	4654015406458854965
B/traj/284/b	4476235237658206770
B/traj/284/b_cmd	0
B/traj/284/branch	13126223303132988745
B/traj/284/f	4583454398636687649
B/traj/284/g	4523596788977336374
B/traj/284/ic_iters	1
B/traj/284/ic_order	15359057144970489593
B/traj/284/ic_res	0
B/traj/284/mdot_air	4605967392215496615
B/traj/284/mf	4582402598032679255
B/traj/284/mf_sched	4582403389825004051
B/traj/284/nu_hp	4606697634178789343
B/traj/284/nu_lp	4606552895494508621
B/traj/284/phi_hp	4606942607175327028
B/traj/284/phi_lp	4606552919090961105
B/traj/284/pi_hpc	4617927654502065143
B/traj/284/pi_lpc	4613356420542252515
B/traj/284/required	0
B/traj/284/s	4609073930643512979
B/traj/284/sp_thrust	4649260948275883450
B/traj/284/v	13687899796167693064
B/traj/284/v_cmd	0
B/traj/284/v_regime	9087740570393753374
B/traj/285/nkeys	24
B/traj/285/Tt4	4654013671197072032
B/traj/285/b	4475410710997885335
B/traj/285/b_cmd	0
B/traj/285/branch	13126223303132988745
B/traj/285/f	4583450289385620546
B/traj/285/g	4523384140715743705
B/traj/285/ic_iters	1
B/traj/285/ic_order	15359057144970489593
B/traj/285/ic_res	0
B/traj/285/mdot_air	4605971530996678917
B/traj/285/mf	4582402623990719000
B/traj/285/mf_sched	4582403389825004051
B/traj/285/nu_hp	4606699062283296437
B/traj/285/nu_lp	4606554849638454184
B/traj/285/phi_hp	4606944201032772795
B/traj/285/phi_lp	4606555414139524889
B/traj/285/pi_hpc	4617928406387528890
B/traj/285/pi_lpc	4613358019461931008
B/traj/285/required	0
B/traj/285/s	4609096448641649831
B/traj/285/sp_thrust	4649260110868350072
B/traj/285/v	13687332234816325953
B/traj/285/v_cmd	0
B/traj/285/v_regime	9087740570393753374
B/traj/286/nkeys	24
B/traj/286/Tt4	4654011957213183988
B/traj/286/b	4474664648355876739
B/traj/286/b_cmd	0
B/traj/286/branch	13126223303132988745
B/traj/286/f	4583446230211935336
B/traj/286/g	4523178463893319245
B/traj/286/ic_iters	1
B/traj/286/ic_order	15359057144970489593
B/traj/286/ic_res	0
B/traj/286/mdot_air	4605975623009815268
B/traj/286/mf	4582402649097752988
B/traj/286/mf_sched	4582403389825004051
B/traj/286/nu_hp	4606700473445334865
B/traj/286/nu_lp	4606556782085101248
B/traj/286/phi_hp	4606945775523782832
B/traj/286/phi_lp	4606557879465989782
B/traj/286/pi_hpc	4617929148424572419
B/traj/286/pi_lpc	4613359601098760086
B/traj/286/required	0
B/traj/286/s	4609118966639786683
B/traj/286/sp_thrust	4649259283526891930
B/traj/286/v	13686818684022058315
B/traj/286/v_cmd	0
B/traj/286/v_regime	9087740570393753374
B/traj/287/nkeys	24
B/traj/287/Tt4	4654010264238424126
B/traj/287/b	4473989582900038286
B/traj/287/b_cmd	0
B/traj/287/branch	13126223303132988745
B/traj/287/f	4583442220488461512
B/traj/287/g	4522979529959104184
B/traj/287/ic_iters	1
B/traj/287/ic_order	15359057144970489593
B/traj/287/ic_res	0
B/traj/287/mdot_air	4605979668763800211
B/traj/287/mf	4582402673381680504
B/traj/287/mf_sched	4582403389825004051
B/traj/287/nu_hp	4606701867859048678
B/traj/287/nu_lp	4606558693072713031
B/traj/287/phi_hp	4606947330881812466
B/traj/287/phi_lp	4606560315418484779
B/traj/287/pi_hpc	4617929880734708661
B/traj/287/pi_lpc	4613361165641970939
B/traj/287/required	0
B/traj/287/s	4609141484637923535
B/traj/287/sp_thrust	4649258466130285438
B/traj/287/v	13686268740431562998
B/traj/287/v_cmd	0
B/traj/287/v_regime	9087740570393753374
B/traj/288/nkeys	24
B/traj/288/Tt4	4654008592007541257
B/traj/288/b	4473378758360641060
B/traj/288/b_cmd	0
B/traj/288/branch	13126223303132988745
B/traj/288/f	4583438259596164971
B/traj/288/g	4522787117854931305
B/traj/288/ic_iters	1
B/traj/288/ic_order	15359057144970489593
B/traj/288/ic_res	0
B/traj/288/mdot_air	4605983668762435777
B/traj/288/mf	4582402696869486189
B/traj/288/mf_sched	4582403389825004051
B/traj/288/nu_hp	4606703245716469823
B/traj/288/nu_lp	4606560582837007174
B/traj/288/phi_hp	4606948867337527042
B/traj/288/phi_lp	4606562722341167398
B/traj/288/pi_hpc	4617930603438002990
B/traj/288/pi_lpc	4613362713278690472
B/traj/288/required	0
B/traj/288/s	4609164002636060387
B/traj/288/sp_thrust	4649257658558714399
B/traj/288/v	13685427820622145720
B/traj/288/v_cmd	0
B/traj/288/v_regime	9087740570393753374
B/traj/289/nkeys	24
B/traj/289/Tt4	4654006940258754041
B/traj/289/b	4472826061411474222
B/traj/289/b_cmd	0
B/traj/289/branch	13126223303132988745
B/traj/289/f	4583434346924042189
B/traj/289/g	4522601013769782055
B/traj/289/ic_iters	1
B/traj/289/ic_order	15359057144970489593
B/traj/289/ic_res	0
B/traj/289/mdot_air	4605987623504469702
B/traj/289/mf	4582402719587270021
B/traj/289/mf_sched	4582403389825004051
B/traj/289/nu_hp	4606704607207538352
B/traj/289/nu_lp	4606562451611180603
B/traj/289/phi_hp	4606950385118833581
B/traj/289/phi_lp	4606565100574264978
B/traj/289/pi_hpc	4617931316653090372
B/traj/289/pi_lpc	4613364244193964697
B/traj/289/required	0
B/traj/289/s	4609186520634197239
B/traj/289/sp_thrust	4649256860693757371
B/traj/289/v	13684666924844092113
B/traj/289/v_cmd	0
B/traj/289/v_regime	9087740570393753374
B/traj/290/nkeys	24
B/traj/290/Tt4	4654005308733705814
B/traj/290/b	4472325960485732473
B/traj/290/b_cmd	0
B/traj/290/branch	13126223303132988745
B/traj/290/f	4583430481869015567
B/traj/290/g	4522421010902196758
B/traj/290/ic_iters	1
B/traj/290/ic_order	15359057144970489593
B/traj/290/ic_res	0
B/traj/290/mdot_air	4605991533483633853
B/traj/290/mf	4582402741560276318
B/traj/290/mf_sched	4582403389825004051
B/traj/290/nu_hp	4606705952520122528
B/traj/290/nu_lp	4606564299625934242
B/traj/290/phi_hp	4606951884450912064
B/traj/290/phi_lp	4606567450454115724
B/traj/290/pi_hpc	4617932020497192374
B/traj/290/pi_lpc	4613365758570781971
B/traj/290/required	0
B/traj/290/s	4609209038632334091
B/traj/290/sp_thrust	4649256072418375042
B/traj/290/v	13683978437810517533
B/traj/290/v_cmd	0
B/traj/290/v_regime	9087740570393753374
B/traj/291/nkeys	24
B/traj/291/Tt4	4654003697177419880
B/traj/291/b	4471672470849770719
B/traj/291/b_cmd	0
B/traj/291/branch	13126223303132988745
B/traj/291/f	4583426663835829937
B/traj/291/g	4522246909230473940
B/traj/291/ic_iters	1
B/traj/291/ic_order	15359057144970489593
B/traj/291/ic_res	0
B/traj/291/mdot_air	4605995399188682709
B/traj/291/mf	4582402762812921792
B/traj/291/mf_sched	4582403389825004051
B/traj/291/nu_hp	4606707281840038816
B/traj/291/nu_lp	4606566127109497554
B/traj/291/phi_hp	4606953365556246537
B/traj/291/phi_lp	4606569772313209446
B/traj/291/pi_hpc	4617932715086133924
B/traj/291/pi_lpc	4613367256590095911
B/traj/291/required	0
B/traj/291/s	4609231556630470943
B/traj/291/sp_thrust	4649255293616897484
B/traj/291/v	13683355468924275494
B/traj/291/v_cmd	0
B/traj/291/v_regime	9087740570393753374
B/traj/292/nkeys	24
B/traj/292/Tt4	4654002105338255280
B/traj/292/b	4470853574686317435
B/traj/292/b_cmd	0
B/traj/292/branch	13126223303132988745
B/traj/292/f	4583422892236950165
B/traj/292/g	4522078515290403422
B/traj/292/ic_iters	1
B/traj/292/ic_order	15359057144970489593
B/traj/292/ic_res	0
B/traj/292/mdot_air	4605999221103432022
B/traj/292/mf	4582402783368822679
B/traj/292/mf_sched	4582403389825004051
B/traj/292/nu_hp	4606708595351071768
B/traj/292/nu_lp	4606567934287652925
B/traj/292/phi_hp	4606954828654655890
B/traj/292/phi_lp	4606572066480228104
B/traj/292/pi_hpc	4617933400534359865
B/traj/292/pi_lpc	4613368738430848149
B/traj/292/required	0
B/traj/292/s	4609254074628607795
B/traj/292/sp_thrust	4649254524175011372
B/traj/292/v	13682791783314670463
B/traj/292/v_cmd	0
B/traj/292/v_regime	9087740570393753374
B/traj/293/nkeys	24
B/traj/293/Tt4	4654000532967862989
B/traj/293/b	4470112606729018774
B/traj/293/b_cmd	0
B/traj/293/branch	13126223303132988745
B/traj/293/f	4583419166492459891
B/traj/293/g	4521915641960286186
B/traj/293/ic_iters	1
B/traj/293/ic_order	15359057144970489593
B/traj/293/ic_res	0
B/traj/293/mdot_air	4606002999706797545
B/traj/293/mf	4582402803250820985
B/traj/293/mf_sched	4582403389825004051
B/traj/293/nu_hp	4606709893234993793
B/traj/293/nu_lp	4606569721383759881
B/traj/293/phi_hp	4606956273963324441
B/traj/293/phi_lp	4606574333280086089
B/traj/293/pi_hpc	4617934076954951284
B/traj/293/pi_lpc	4613370204269990833
B/traj/293/required	0
B/traj/293/s	4609276592626744647
B/traj/293/sp_thrust	4649253763979747108
B/traj/293/v	13682281739436889470
B/traj/293/v_cmd	0
B/traj/293/v_regime	9087740570393753374
B/traj/294/nkeys	24
B/traj/294/Tt4	4653998979821142680
B/traj/294/b	4469442151134956547
B/traj/294/b_cmd	0
B/traj/294/branch	13126223303132988745
B/traj/294/f	4583415486029961514
B/traj/294/g	4521758108253002128
B/traj/294/ic_iters	1
B/traj/294/ic_order	15359057144970489593
B/traj/294/ic_res	0
B/traj/294/mdot_air	4606006735472833745
B/traj/294/mf	4582402822481009862
B/traj/294/mf_sched	4582403389825004051
B/traj/294/nu_hp	4606711175671584805
B/traj/294/nu_lp	4606571488618779134
B/traj/294/phi_hp	4606957701696832149
B/traj/294/phi_lp	4606576573033970109
B/traj/294/pi_hpc	4617934744459641670
B/traj/294/pi_lpc	4613371654282508859
B/traj/294/required	0
B/traj/294/s	4609299110624881499
B/traj/294/sp_thrust	4649253012919465981
B/traj/294/v	13681704797267688774
B/traj/294/v_cmd	0
B/traj/294/v_regime	9087740570393753374
B/traj/295/nkeys	24
B/traj/295/Tt4	4653997445656199874
B/traj/295/b	4468835497771364267
B/traj/295/b_cmd	0
B/traj/295/branch	13126223303132988745
B/traj/295/f	4583411850284477186
B/traj/295/g	4521597452349811302
B/traj/295/ic_iters	1
B/traj/295/ic_order	15359057144970489593
B/traj/295/ic_res	0
B/traj/295/mdot_air	4606010428870772693
B/traj/295/mf	4582402841080758166
B/traj/295/mf_sched	4582403389825004051
B/traj/295/nu_hp	4606712442838651761
B/traj/295/nu_lp	4606573236211296466
B/traj/295/phi_hp	4606959112067184713
B/traj/295/phi_lp	4606578786059378974
B/traj/295/pi_hpc	4617935403158832825
B/traj/295/pi_lpc	4613373088641441900
B/traj/295/required	0
B/traj/295/s	4609321628623018351
B/traj/295/sp_thrust	4649252270883847216
B/traj/295/v	13680869619900064032
B/traj/295/v_cmd	0
B/traj/295/v_regime	9087740570393753374
B/traj/296/nkeys	24
B/traj/296/Tt4	4653995930234303600
B/traj/296/b	4468286575058484837
B/traj/296/b_cmd	0
B/traj/296/branch	13126223303132988745
B/traj/296/f	4583408258698351024
B/traj/296/g	4521302704582519122
B/traj/296/ic_iters	1
B/traj/296/ic_order	15359057144970489593
B/traj/296/ic_res	0
B/traj/296/mdot_air	4606014080365062939
B/traj/296/mf	4582402859070734197
B/traj/296/mf_sched	4582403389825004051
B/traj/296/nu_hp	4606713694912048072
B/traj/296/nu_lp	4606574964377546434
B/traj/296/phi_hp	4606960505283843254
B/traj/296/phi_lp	4606580972670162969
B/traj/296/pi_hpc	4617936053161610602
B/traj/296/pi_lpc	4613374507517906232
B/traj/296/required	0
B/traj/296/s	4609344146621155203
B/traj/296/sp_thrust	4649251537763875043
B/traj/296/v	13680113920098685879
B/traj/296/v_cmd	0
B/traj/296/v_regime	9087740570393753374
B/traj/297/nkeys	24
B/traj/297/Tt4	4653994433319844583
B/traj/297/b	4467789889203269796
B/traj/297/b_cmd	0
B/traj/297/branch	13126223303132988745
B/traj/297/f	4583404710721152502
B/traj/297/g	4521017619796312482
B/traj/297/ic_iters	1
B/traj/297/ic_order	15359057144970489593
B/traj/297/ic_res	0
B/traj/297/mdot_air	4606017690415408369
B/traj/297/mf	4582402876470928668
B/traj/297/mf_sched	4582403389825004051
B/traj/297/nu_hp	4606714932065692892
B/traj/297/nu_lp	4606576673331435912
B/traj/297/phi_hp	4606961881553753749
B/traj/297/phi_lp	4606583133176562937
B/traj/297/pi_hpc	4617936694575760442
B/traj/297/pi_lpc	4613375911081116294
B/traj/297/required	0
B/traj/297/s	4609366664619292055
B/traj/297/sp_thrust	4649250813451825762
B/traj/297/v	13679430134579656374
B/traj/297/v_cmd	0
B/traj/297/v_regime	9087740570393753374
B/traj/298/nkeys	24
B/traj/298/Tt4	4653992954680293808
B/traj/298/b	4467110108079971280
B/traj/298/b_cmd	0
B/traj/298/branch	13126223303132988745
B/traj/298/f	4583401205809580861
B/traj/298/g	4520741881200993724
B/traj/298/ic_iters	1
B/traj/298/ic_order	15359057144970489593
B/traj/298/ic_res	0
B/traj/298/mdot_air	4606021259476807148
B/traj/298/mf	4582402893300676917
B/traj/298/mf_sched	4582403389825004051
B/traj/298/nu_hp	4606716154471590288
B/traj/298/nu_lp	4606578363284567450
B/traj/298/phi_hp	4606963241081376317
B/traj/298/phi_lp	4606585267885249172
B/traj/298/pi_hpc	4617937327507782725
B/traj/298/pi_lpc	4613377299498406000
B/traj/298/required	0
B/traj/298/s	4609389182617428907
B/traj/298/sp_thrust	4649250097841254762
B/traj/298/v	13678811419800081515
B/traj/298/v_cmd	0
B/traj/298/v_regime	9087740570393753374
B/traj/299/nkeys	24
B/traj/299/Tt4	4653991494086161651
B/traj/299/b	4466296803964059390
B/traj/299/b_cmd	0
B/traj/299/branch	13126223303132988745
B/traj/299/f	4583397743427370767
B/traj/299/g	4520475182391983091
B/traj/299/ic_iters	1
B/traj/299/ic_order	15359057144970489593
B/traj/299/ic_res	0
B/traj/299/mdot_air	4606024787999590561
B/traj/299/mf	4582402909578680397
B/traj/299/mf_sched	4582403389825004051
B/traj/299/nu_hp	4606717362299848276
B/traj/299/nu_lp	4606580034446262467
B/traj/299/phi_hp	4606964584068714079
B/traj/299/phi_lp	4606587377099359920
B/traj/299/pi_hpc	4617937952062907864
B/traj/299/pi_lpc	4613378672935249898
B/traj/299/required	0
B/traj/299/s	4609411700615565759
B/traj/299/sp_thrust	4649249390826983578
B/traj/299/v	13678251583465717948
B/traj/299/v_cmd	0
B/traj/299/v_regime	9087740570393753374
B/traj/300/nkeys	24
B/traj/300/Tt4	4653990051310957461
B/traj/300/b	4465560895901077966
B/traj/300/b_cmd	0
B/traj/300/branch	13126223303132988745
B/traj/300/f	4583394323045199079
B/traj/300/g	4520217227009837676
B/traj/300/ic_iters	1
B/traj/300/ic_order	15359057144970489593
B/traj/300/ic_res	0
B/traj/300/mdot_air	4606028276429461940
B/traj/300/mf	4582402925323027452
B/traj/300/mf_sched	4582403389825004051
B/traj/300/nu_hp	4606718555718697737
B/traj/300/nu_lp	4606581687023584263
B/traj/300/phi_hp	4606965910715341806
B/traj/300/phi_lp	4606589461118539574
B/traj/300/pi_hpc	4617938568345111331
B/traj/300/pi_lpc	4613380031555284025
B/traj/300/required	0
B/traj/300/s	4609434218613702611
B/traj/300/sp_thrust	4649248692305086945
B/traj/300/v	13677745022556523254
B/traj/300/v_cmd	0
B/traj/300/v_regime	9087740570393753374
B/traj/301/nkeys	24
B/traj/301/Tt4	4653988626131149603
B/traj/301/b	4464895018689140011
B/traj/301/b_cmd	0
B/traj/301/branch	13126223303132988745
B/traj/301/f	4583390944140592694
B/traj/301/g	4519967728410932670
B/traj/301/ic_iters	1
B/traj/301/ic_order	15359057144970489593
B/traj/301/ic_res	0
B/traj/301/mdot_air	4606031725207535486
B/traj/301/mf	4582402940551213420
B/traj/301/mf_sched	4582403389825004051
B/traj/301/nu_hp	4606719734894511200
B/traj/301/nu_lp	4606583321221360856
B/traj/301/phi_hp	4606967221218434282
B/traj/301/phi_lp	4606591520238976632
B/traj/301/pi_hpc	4617939176457128403
B/traj/301/pi_lpc	4613381375520326603
B/traj/301/required	0
B/traj/301/s	4609456736611839463
B/traj/301/sp_thrust	4649248002172879876
B/traj/301/v	13677141266175503249
B/traj/301/v_cmd	0
B/traj/301/v_regime	9087740570393753374
B/traj/302/nkeys	24
B/traj/302/Tt4	4653987218326125957
B/traj/302/b	4464292508017383102
B/traj/302/b_cmd	0
B/traj/302/branch	13126223303132988745
B/traj/302/f	4583387606197837517
B/traj/302/g	4519726409348938957
B/traj/302/ic_iters	1
B/traj/302/ic_order	15359057144970489593
B/traj/302/ic_res	0
B/traj/302/mdot_air	4606035134770375072
B/traj/302/mf	4582402955280160075
B/traj/302/mf_sched	4582403389825004051
B/traj/302/nu_hp	4606720899991821495
B/traj/302/nu_lp	4606584937242207644
B/traj/302/phi_hp	4606968515772794475
B/traj/302/phi_lp	4606593554753441359
B/traj/302/pi_hpc	4617939776500468724
B/traj/302/pi_lpc	4613382704990398471
B/traj/302/required	0
B/traj/302/s	4609479254609976315
B/traj/302/sp_thrust	4649247320328904716
B/traj/302/v	13676311792035898967
B/traj/302/v_cmd	0
B/traj/302/v_regime	9087740570393753374
B/traj/303/nkeys	24
B/traj/303/Tt4	4653985827678154978
B/traj/303/b	4463747333767427260
B/traj/303/b_cmd	0
B/traj/303/branch	13126223303132988745
B/traj/303/f	4583384308707888662
B/traj/303/g	4519493001666743123
B/traj/303/ic_iters	1
B/traj/303/ic_order	15359057144970489593
B/traj/303/ic_res	0
B/traj/303/mdot_air	4606038505550032965
B/traj/303/mf	4582402969526234428
B/traj/303/mf_sched	4582403389825004051
B/traj/303/nu_hp	4606722051173340275
B/traj/303/nu_lp	4606586535286549886
B/traj/303/phi_hp	4606969794570881236
B/traj/303/phi_lp	4606595564951322992
B/traj/303/pi_hpc	4617940368575430755
B/traj/303/pi_lpc	4613384020123743309
B/traj/303/required	0
B/traj/303/s	4609501772608113167
B/traj/303/sp_thrust	4649246646672918320
B/traj/303/v	13675561252729104777
B/traj/303/v_cmd	0
B/traj/303/v_regime	9087740570393753374
B/traj/304/nkeys	24
B/traj/304/Tt4	4653984453972347135
B/traj/304/b	4463254039662032841
B/traj/304/b_cmd	0
B/traj/304/branch	13126223303132988745
B/traj/304/f	4583381051168281624
B/traj/304/g	4519267245998467524
B/traj/304/ic_iters	1
B/traj/304/ic_order	15359057144970489593
B/traj/304/ic_res	0
B/traj/304/mdot_air	4606041837974088578
B/traj/304/mf	4582402983305266915
B/traj/304/mf_sched	4582403389825004051
B/traj/304/nu_hp	4606723188599976410
B/traj/304/nu_lp	4606588115552645005
B/traj/304/phi_hp	4606971057802836914
B/traj/304/phi_lp	4606597551118666807
B/traj/304/pi_hpc	4617940952781116023
B/traj/304/pi_lpc	4613385321076847649
B/traj/304/required	0
B/traj/304/s	4609524290606250019
B/traj/304/sp_thrust	4649245981105879188
B/traj/304/v	13674882136619093389
B/traj/304/v_cmd	0
B/traj/304/v_regime	9087740570393753374
B/traj/305/nkeys	24
B/traj/305/Tt4	4653983096996616842
B/traj/305/b	4462548146589724500
B/traj/305/b_cmd	0
B/traj/305/branch	13126223303132988745
B/traj/305/f	4583377833083044594
B/traj/305/g	4519048891481259298
B/traj/305/ic_iters	1
B/traj/305/ic_order	15359057144970489593
B/traj/305/ic_res	0
B/traj/305/mdot_air	4606045132465686957
B/traj/305/mf	4582402996632568991
B/traj/305/mf_sched	4582403389825004051
B/traj/305/nu_hp	4606724312430854238
B/traj/305/nu_lp	4606589678236604714
B/traj/305/phi_hp	4606972305656514630
B/traj/305/phi_lp	4606599513538210811
B/traj/305/pi_hpc	4617941529215443102
B/traj/305/pi_lpc	4613386608004460673
B/traj/305/required	0
B/traj/305/s	4609546808604386871
B/traj/305/sp_thrust	4649245323529934634
B/traj/305/v	13674267646895900960
B/traj/305/v_cmd	0
B/traj/305/v_regime	9087740570393753374
B/traj/306/nkeys	24
B/traj/306/Tt4	4653981756541644910
B/traj/306/b	4461740396334588575
B/traj/306/b_cmd	0
B/traj/306/branch	13126223303132988745
B/traj/306/f	4583374653962611945
B/traj/306/g	4518837695476528059
B/traj/306/ic_iters	1
B/traj/306/ic_order	15359057144970489593
B/traj/306/ic_res	0
B/traj/306/mdot_air	4606048389443577388
B/traj/306/mf	4582403009522950139
B/traj/306/mf_sched	4582403389825004051
B/traj/306/nu_hp	4606725422823331693
B/traj/306/nu_lp	4606591223532416962
B/traj/306/phi_hp	4606973538317505228
B/traj/306/phi_lp	4606601452489422059
B/traj/306/pi_hpc	4617942097975161574
B/traj/306/pi_lpc	4613387881059613770
B/traj/306/required	0
B/traj/306/s	4609569326602523723
B/traj/306/sp_thrust	4649244673848408066
B/traj/306/v	13673711633550991831
B/traj/306/v_cmd	0
B/traj/306/v_regime	9087740570393753374
B/traj/307/nkeys	24
B/traj/307/Tt4	4653980432400841395
B/traj/307/b	4461009513613107022
B/traj/307/b_cmd	0
B/traj/307/branch	13126223303132988745
B/traj/307/f	4583371513323738712
B/traj/307/g	4518633423300322505
B/traj/307/ic_iters	1
B/traj/307/ic_order	15359057144970489593
B/traj/307/ic_res	0
B/traj/307/mdot_air	4606051609322151784
B/traj/307/mf	4582403021990734331
B/traj/307/mf_sched	4582403389825004051
B/traj/307/nu_hp	4606726519933018287
B/traj/307/nu_lp	4606592751631967697
B/traj/307/phi_hp	4606974755969163988
B/traj/307/phi_lp	4606603368248532752
B/traj/307/pi_hpc	4617942659155865725
B/traj/307/pi_lpc	4613389140393639925
B/traj/307/required	0
B/traj/307/s	4609591844600660575
B/traj/307/sp_thrust	4649244031965786265
B/traj/307/v	13673208531826017617
B/traj/307/v_cmd	0
B/traj/307/v_regime	9087740570393753374
B/traj/308/nkeys	24
B/traj/308/Tt4	4653979124370308929
B/traj/308/b	4460348183518608458
B/traj/308/b_cmd	0
B/traj/308/branch	13126223303132988745
B/traj/308/f	4583368410689416181
B/traj/308/g	4518435847962546331
B/traj/308/ic_iters	1
B/traj/308/ic_order	15359057144970489593
B/traj/308/ic_res	0
B/traj/308/mdot_air	4606054792511482962
B/traj/308/mf	4582403034049775944
B/traj/308/mf_sched	4582403389825004051
B/traj/308/nu_hp	4606727603913792966
B/traj/308/nu_lp	4606594262725062455
B/traj/308/phi_hp	4606975958792637144
B/traj/308/phi_lp	4606605261088575975
B/traj/308/pi_hpc	4617943212852008068
B/traj/308/pi_lpc	4613390386156192833
B/traj/308/required	0
B/traj/308/s	4609614362598797427
B/traj/308/sp_thrust	4649243397787706717
B/traj/308/v	13672578144341066666
B/traj/308/v_cmd	0
B/traj/308/v_regime	9087740570393753374
B/traj/309/nkeys	24
B/traj/309/Tt4	4653977832248806559
B/traj/309/b	4459749787249227613
B/traj/309/b_cmd	0
B/traj/309/branch	13126223303132988745
B/traj/309/f	4583365345588788616
B/traj/309/g	4518244749914723664
B/traj/309/ic_iters	1
B/traj/309/ic_order	15359057144970489593
B/traj/309/ic_res	0
B/traj/309/mdot_air	4606057939417362897
B/traj/309/mf	4582403045713475152
B/traj/309/mf_sched	4582403389825004051
B/traj/309/nu_hp	4606728674917821822
B/traj/309/nu_lp	4606595756999447764
B/traj/309/phi_hp	4606977146966887939
B/traj/309/phi_lp	4606607131279421076
B/traj/309/pi_hpc	4617943759156912759
B/traj/309/pi_lpc	4613391618495265873
B/traj/309/required	0
B/traj/309/s	4609636880596934279
B/traj/309/sp_thrust	4649242771220945034
B/traj/309/v	13671754334483492310
B/traj/309/v_cmd	0
B/traj/309/v_regime	9087740570393753374
B/traj/310/nkeys	24
B/traj/310/Tt4	4653976555837713972
B/traj/310/b	4459208335864831723
B/traj/310/b_cmd	0
B/traj/310/branch	13126223303132988745
B/traj/310/f	4583362317557070972
B/traj/310/g	4518059916806033728
B/traj/310/ic_iters	1
B/traj/310/ic_order	15359057144970489593
B/traj/310/ic_res	0
B/traj/310/mdot_air	4606061050441340735
B/traj/310/mf	4582403056994792821
B/traj/310/mf_sched	4582403389825004051
B/traj/310/nu_hp	4606729733095575673
B/traj/310/nu_lp	4606597234640832368
B/traj/310/phi_hp	4606978320668722598
B/traj/310/phi_lp	4606608979087808794
B/traj/310/pi_hpc	4617944298162788808
B/traj/310/pi_lpc	4613392837557210808
B/traj/310/required	0
B/traj/310/s	4609659398595071131
B/traj/310/sp_thrust	4649242152173402426
B/traj/310/v	13671008920431489374
B/traj/310/v_cmd	0
B/traj/310/v_regime	9087740570393753374
B/traj/311/nkeys	24
B/traj/311/Tt4	4653975294940996220
B/traj/311/b	4458718410347803407
B/traj/311/b_cmd	0
B/traj/311/branch	13126223303132988745
B/traj/311/f	4583359326135467698
B/traj/311/g	4517881143247343646
B/traj/311/ic_iters	1
B/traj/311/ic_order	15359057144970489593
B/traj/311/ic_res	0
B/traj/311/mdot_air	4606064125980760819
B/traj/311/mf	4582403067906264909
B/traj/311/mf_sched	4582403389825004051
B/traj/311/nu_hp	4606730778595847503
B/traj/311/nu_lp	4606598695832908275
B/traj/311/phi_hp	4606979480072815902
B/traj/311/phi_lp	4606610804777386039
B/traj/311/pi_hpc	4617944829960743150
B/traj/311/pi_lpc	4613394043486756343
B/traj/311/required	0
B/traj/311/s	4609681916593207983
B/traj/311/sp_thrust	4649241540554093210
B/traj/311/v	13670334441844210167
B/traj/311/v_cmd	0
B/traj/311/v_regime	9087740570393753374
B/traj/312/nkeys	24
B/traj/312/Tt4	4653974049365168874
B/traj/312/b	4457986583638787556
B/traj/312/b_cmd	0
B/traj/312/branch	13126223303132988745
B/traj/312/f	4583356370871092588
B/traj/312/g	4517708230582977165
B/traj/312/ic_iters	1
B/traj/312/ic_order	15359057144970489593
B/traj/312/ic_res	0
B/traj/312/mdot_air	4606067166428800352
B/traj/312/mf	4582403078460016396
B/traj/312/mf_sched	4582403389825004051
B/traj/312/nu_hp	4606731811565769762
B/traj/312/nu_lp	4606600140757371621
B/traj/312/phi_hp	4606980625351736598
B/traj/312/phi_lp	4606612608608740357
B/traj/312/pi_hpc	4617945354640793515
B/traj/312/pi_lpc	4613395236427026399
B/traj/312/required	0
B/traj/312/s	4609704434591344835
B/traj/312/sp_thrust	4649240936273132431
B/traj/312/v	13669724148325492918
B/traj/312/v_cmd	0
B/traj/312/v_regime	9087740570393753374
B/traj/313/nkeys	24
B/traj/313/Tt4	4653972818919263654
B/traj/313/b	4457184349318430523
B/traj/313/b_cmd	0
B/traj/313/branch	13126223303132988745
B/traj/313/f	4583353451316889705
B/traj/313/g	4517540986669965693
B/traj/313/ic_iters	1
B/traj/313/ic_order	15359057144970489593
B/traj/313/ic_res	0
B/traj/313/mdot_air	4606070172174507202
B/traj/313/mf	4582403088667774758
B/traj/313/mf_sched	4582403389825004051
B/traj/313/nu_hp	4606732832150831533
B/traj/313/nu_lp	4606601569593943355
B/traj/313/phi_hp	4606981756675972386
B/traj/313/phi_lp	4606614390839434033
B/traj/313/pi_hpc	4617945872291881231
B/traj/313/pi_lpc	4613396416519558267
B/traj/313/required	0
B/traj/313/s	4609726952589481687
B/traj/313/sp_thrust	4649240339241723550
B/traj/313/v	13669171931863750599
B/traj/313/v_cmd	0
B/traj/313/v_regime	9087740570393753374
B/traj/314/nkeys	24
B/traj/314/Tt4	4653971603414794457
B/traj/314/b	4456458457621584466
B/traj/314/b_cmd	0
B/traj/314/branch	13126223303132988745
B/traj/314/f	4583350567031555261
B/traj/314/g	4517379225664536349
B/traj/314/ic_iters	1
B/traj/314/ic_order	15359057144970489593
B/traj/314/ic_res	0
B/traj/314/mdot_air	4606073143602837292
B/traj/314/mf	4582403098540883000
B/traj/314/mf_sched	4582403389825004051
B/traj/314/nu_hp	4606733840494895558
B/traj/314/nu_lp	4606602982520389745
B/traj/314/phi_hp	4606982874213954821
B/traj/314/phi_lp	4606616151724037969
B/traj/314/pi_hpc	4617946383001883750
B/traj/314/pi_lpc	4613397583904320508
B/traj/314/required	0
B/traj/314/s	4609749470587618539
B/traj/314/sp_thrust	4649239749372146152
B/traj/314/v	13668672265701048833
B/traj/314/v_cmd	0
B/traj/314/v_regime	9087740570393753374
B/traj/315/nkeys	24
B/traj/315/Tt4	4653970402665723873
B/traj/315/b	4455801643593339522
B/traj/315/b_cmd	0
B/traj/315/branch	13126223303132988745
B/traj/315/f	4583347717579460600
B/traj/315/g	4517222767815599763
B/traj/315/ic_iters	1
B/traj/315/ic_order	15359057144970489593
B/traj/315/ic_res	0
B/traj/315/mdot_air	4606076081094692046
B/traj/315/mf	4582403108090312256
B/traj/315/mf_sched	4582403389825004051
B/traj/315/nu_hp	4606734836740215122
B/traj/315/nu_lp	4606604379712542705
B/traj/315/phi_hp	4606983978132083780
B/traj/315/phi_lp	4606617891514165129
B/traj/315/pi_hpc	4617946886857627186
B/traj/315/pi_lpc	4613398738719730665
B/traj/315/required	0
B/traj/315/s	4609771988585755391
B/traj/315/sp_thrust	4649239166577743836
B/traj/315/v	13668015428969654989
B/traj/315/v_cmd	0
B/traj/315/v_regime	9087740570393753374
B/traj/316/nkeys	24
B/traj/316/Tt4	4653969216488430109
B/traj/316/b	4455207333630057438
B/traj/316/b_cmd	0
B/traj/316/branch	13126223303132988745
B/traj/316/f	4583344902530576143
B/traj/316/g	4517032452277408827
B/traj/316/ic_iters	1
B/traj/316/ic_order	15359057144970489593
B/traj/316/ic_res	0
B/traj/316/mdot_air	4606078985026955442
B/traj/316/mf	4582403117326673987
B/traj/316/mf_sched	4582403389825004051
B/traj/316/nu_hp	4606735821027450804
B/traj/316/nu_lp	4606605761344319940
B/traj/316/phi_hp	4606985068594751805
B/traj/316/phi_lp	4606619610458503766
B/traj/316/pi_hpc	4617947383944898497
B/traj/316/pi_lpc	4613399881102672767
B/traj/316/required	0
B/traj/316/s	4609794506583892243
B/traj/316/sp_thrust	4649238590772912072
B/traj/316/v	13667197244714072952
B/traj/316/v_cmd	0
B/traj/316/v_regime	9087740570393753374
B/traj/317/nkeys	24
B/traj/317/Tt4	4653968044701674354
B/traj/317/b	4454669579688656185
B/traj/317/b_cmd	0
B/traj/317/branch	13126223303132988745
B/traj/317/f	4583342121460396354
B/traj/317/g	4516739717456115996
B/traj/317/ic_iters	1
B/traj/317/ic_order	15359057144970489593
B/traj/317/ic_res	0
B/traj/317/mdot_air	4606081855772531186
B/traj/317/mf	4582403126260231766
B/traj/317/mf_sched	4582403389825004051
B/traj/317/nu_hp	4606736793495687085
B/traj/317/nu_lp	4606607127587744915
B/traj/317/phi_hp	4606986145764368035
B/traj/317/phi_lp	4606621308802850255
B/traj/317/pi_hpc	4617947874348457751
B/traj/317/pi_lpc	4613401011188514689
B/traj/317/required	0
B/traj/317/s	4609817024582029095
B/traj/317/sp_thrust	4649238021873086244
B/traj/317/v	13666456920917712741
B/traj/317/v_cmd	0
B/traj/317/v_regime	9087740570393753374
B/traj/318/nkeys	24
B/traj/318/Tt4	4653966887126568576
B/traj/318/b	4454182999756703529
B/traj/318/b_cmd	0
B/traj/318/branch	13126223303132988745
B/traj/318/f	4583339373949865708
B/traj/318/g	4516456579623690013
B/traj/318/ic_iters	1
B/traj/318/ic_order	15359057144970489593
B/traj/318/ic_res	0
B/traj/318/mdot_air	4606084693700379324
B/traj/318/mf	4582403134900912687
B/traj/318/mf_sched	4582403389825004051
B/traj/318/nu_hp	4606737754282448816
B/traj/318/nu_lp	4606608478612966647
B/traj/318/phi_hp	4606987209801382029
B/traj/318/phi_lp	4606622986790141643
B/traj/318/pi_hpc	4617948358152049998
B/traj/318/pi_lpc	4613402129111125222
B/traj/318/required	0
B/traj/318/s	4609839542580165947
B/traj/318/sp_thrust	4649237459794729684
B/traj/318/v	13665787048184623658
B/traj/318/v_cmd	0
B/traj/318/v_regime	9087740570393753374
B/traj/319/nkeys	24
B/traj/319/Tt4	4653965743586543747
B/traj/319/b	4453425416505630090
B/traj/319/b_cmd	0
B/traj/319/branch	13126223303132988745
B/traj/319/f	4583336659585305616
B/traj/319/g	4516182724153415465
B/traj/319/ic_iters	1
B/traj/319/ic_order	15359057144970489593
B/traj/319/ic_res	0
B/traj/319/mdot_air	4606087499175553142
B/traj/319/mf	4582403143258318396
B/traj/319/mf_sched	4582403389825004051
B/traj/319/nu_hp	4606738703523717551
B/traj/319/nu_lp	4606609814588279313
B/traj/319/phi_hp	4606988260864307184
B/traj/319/phi_lp	4606624644660487893
B/traj/319/pi_hpc	4617948835438417275
B/traj/319/pi_lpc	4613403235002891061
B/traj/319/required	0
B/traj/319/s	4609862060578302799
B/traj/319/sp_thrust	4649236904455321895
B/traj/319/v	13665180922215497165
B/traj/319/v_cmd	0
B/traj/319/v_regime	9087740570393753374
B/traj/320/nkeys	24
B/traj/320/Tt4	4653964613907318472
B/traj/320/b	4452628660453042510
B/traj/320/b_cmd	0
B/traj/320/branch	13126223303132988745
B/traj/320/f	4583333977958342354
B/traj/320/g	4515917846733267455
B/traj/320/ic_iters	1
B/traj/320/ic_order	15359057144970489593
B/traj/320/ic_res	0
B/traj/320/mdot_air	4606090272559235418
B/traj/320/mf	4582403151341735759
B/traj/320/mf_sched	4582403389825004051
B/traj/320/nu_hp	4606739641353947737
B/traj/320/nu_lp	4606611135680141690
B/traj/320/phi_hp	4606989299109744008
B/traj/320/phi_lp	4606626282651203767
B/traj/320/pi_hpc	4617949306289310203
B/traj/320/pi_lpc	4613404328994733507
B/traj/320/required	0
B/traj/320/s	4609884578576439651
B/traj/320/sp_thrust	4649236355773346763
B/traj/320/v	13664632476708907672
B/traj/320/v_cmd	0
B/traj/320/v_regime	9087740570393753374
B/traj/321/nkeys	24
B/traj/321/Tt4	4653963497916868064
B/traj/321/b	4451907725698309295
B/traj/321/b_cmd	0
B/traj/321/branch	13126223303132988745
B/traj/321/f	4583331328665835946
B/traj/321/g	4515661653027755829
B/traj/321/ic_iters	1
B/traj/321/ic_order	15359057144970489593
B/traj/321/ic_res	0
B/traj/321/mdot_air	4606093014208774762
B/traj/321/mf	4582403159160147182
B/traj/321/mf_sched	4582403389825004051
B/traj/321/nu_hp	4606740567906082769
B/traj/321/nu_lp	4606612442053196407
B/traj/321/phi_hp	4606990324692403057
B/traj/321/phi_lp	4606627900996840435
B/traj/321/pi_hpc	4617949770785499604
B/traj/321/pi_lpc	4613405411216125027
B/traj/321/required	0
B/traj/321/s	4609907096574576503
B/traj/321/sp_thrust	4649235813668280940
B/traj/321/v	13664136222647839002
B/traj/321/v_cmd	0
B/traj/321/v_regime	9087740570393753374
B/traj/322/nkeys	24
B/traj/322/Tt4	4653962395445394002
B/traj/322/b	4451255396897173380
B/traj/322/b_cmd	0
B/traj/322/branch	13126223303132988745
B/traj/322/f	4583328711309809972
B/traj/322/g	4515413858350855467
B/traj/322/ic_iters	1
B/traj/322/ic_order	15359057144970489593
B/traj/322/ic_res	0
B/traj/322/mdot_air	4606095724477721781
B/traj/322/mf	4582403166722240593
B/traj/322/mf_sched	4582403389825004051
B/traj/322/nu_hp	4606741483311570902
B/traj/322/nu_lp	4606613733870289032
B/traj/322/phi_hp	4606991337765127640
B/traj/322/phi_lp	4606629499929216766
B/traj/322/pi_hpc	4617950229006788000
B/traj/322/pi_lpc	4613406481795105652
B/traj/322/required	0
B/traj/322/s	4609929614572713355
B/traj/322/sp_thrust	4649235278060582277
B/traj/322/v	13663453117285628694
B/traj/322/v_cmd	0
B/traj/322/v_regime	9087740570393753374
B/traj/323/nkeys	24
B/traj/323/Tt4	4653961306325293816
B/traj/323/b	4450665145335575561
B/traj/323/b_cmd	0
B/traj/323/branch	13126223303132988745
B/traj/323/f	4583326125497382365
B/traj/323/g	4515174187349659192
B/traj/323/ic_iters	1
B/traj/323/ic_order	15359057144970489593
B/traj/323/ic_res	0
B/traj/323/mdot_air	4606098403715864809
B/traj/323/mf	4582403174036419096
B/traj/323/mf_sched	4582403389825004051
B/traj/323/nu_hp	4606742387700381027
B/traj/323/nu_lp	4606615011292486976
B/traj/323/phi_hp	4606992338478916294
B/traj/323/phi_lp	4606631079677450279
B/traj/323/pi_hpc	4617950681032020826
B/traj/323/pi_lpc	4613407540858299117
B/traj/323/required	0
B/traj/323/s	4609952132570850207
B/traj/323/sp_thrust	4649234748871678356
B/traj/323/v	13662640520216138164
B/traj/323/v_cmd	0
B/traj/323/v_regime	9087740570393753374
B/traj/324/nkeys	24
B/traj/324/Tt4	4653960230391131387
B/traj/324/b	4450131063588208294
B/traj/324/b_cmd	0
B/traj/324/branch	13126223303132988745
B/traj/324/f	4583323570840697129
B/traj/324/g	4514942373698401776
B/traj/324/ic_iters	1
B/traj/324/ic_order	15359057144970489593
B/traj/324/ic_res	0
B/traj/324/mdot_air	4606101052269265671
B/traj/324/mf	4582403181110810309
B/traj/324/mf_sched	4582403389825004051
B/traj/324/nu_hp	4606743281201018310
B/traj/324/nu_lp	4606616274479098224
B/traj/324/phi_hp	4606993326982944940
B/traj/324/phi_lp	4606632640467987783
B/traj/324/pi_hpc	4617951126939097680
B/traj/324/pi_lpc	4613408588530928892
B/traj/324/required	0
B/traj/324/s	4609974650568987059
B/traj/324/sp_thrust	4649234226023955160
B/traj/324/v	13661905251915273027
B/traj/324/v_cmd	0
B/traj/324/v_regime	9087740570393753374
B/traj/325/nkeys	24
B/traj/325/Tt4	4653959167479607613
B/traj/325/b	4449647806395124865
B/traj/325/b_cmd	0
B/traj/325/branch	13126223303132988745
B/traj/325/f	4583321046956856936
B/traj/325/g	4514718159802515025
B/traj/325/ic_iters	1
B/traj/325/ic_order	15359057144970489593
B/traj/325/ic_res	0
B/traj/325/mdot_air	4606103670480295122
B/traj/325/mf	4582403187953275394
B/traj/325/mf_sched	4582403389825004051
B/traj/325/nu_hp	4606744163940539689
B/traj/325/nu_lp	4606617523587689894
B/traj/325/phi_hp	4606994303424588872
B/traj/325/phi_lp	4606634182524635767
B/traj/325/pi_hpc	4617951566804983317
B/traj/325/pi_lpc	4613409624936833977
B/traj/325/required	0
B/traj/325/s	4609997168567123911
B/traj/325/sp_thrust	4649233709440745754
B/traj/325/v	13661239953584088969
B/traj/325/v_cmd	0
B/traj/325/v_regime	9087740570393753374
B/traj/326/nkeys	24
B/traj/326/Tt4	4653958117429531504
B/traj/326/b	4448864642487306428
B/traj/326/b_cmd	0
B/traj/326/branch	13126223303132988745
B/traj/326/f	4583318553467856701
B/traj/326/g	4514501296512385097
B/traj/326/ic_iters	1
B/traj/326/ic_order	15359057144970489593
B/traj/326/ic_res	0
B/traj/326/mdot_air	4606106258687668032
B/traj/326/mf	4582403194571417792
B/traj/326/mf_sched	4582403389825004051
B/traj/326/nu_hp	4606745036044569236
B/traj/326/nu_lp	4606618758774106621
B/traj/326/phi_hp	4606995267949444446
B/traj/326/phi_lp	4606635706068590383
B/traj/326/pi_hpc	4617952000705718557
B/traj/326/pi_lpc	4613410650198484540
B/traj/326/required	0
B/traj/326/s	4610019686565260763
B/traj/326/sp_thrust	4649233199046319154
B/traj/326/v	13660637966705346214
B/traj/326/v_cmd	0
B/traj/326/v_regime	9087740570393753374
B/traj/327/nkeys	24
B/traj/327/Tt4	4653957080081791669
B/traj/327/b	4448073327292697928
B/traj/327/b_cmd	0
B/traj/327/branch	13126223303132988745
B/traj/327/f	4583316090000518032
B/traj/327/g	4514291542846493971
B/traj/327/ic_iters	1
B/traj/327/ic_order	15359057144970489593
B/traj/327/ic_res	0
B/traj/327/mdot_air	4606108817226478568
B/traj/327/mf	4582403200972591678
B/traj/327/mf_sched	4582403389825004051
B/traj/327/nu_hp	4606745897637313382
B/traj/327/nu_lp	4606619980192488768
B/traj/327/phi_hp	4606996220701350476
B/traj/327/phi_lp	4606637211318467189
B/traj/327/pi_hpc	4617952428716431131
B/traj/327/pi_lpc	4613411664436997400
B/traj/327/required	0
B/traj/327/s	4610042204563397615
B/traj/327/sp_thrust	4649232694765869262
B/traj/327/v	13660093266402951816
B/traj/327/v_cmd	0
B/traj/327/v_regime	9087740570393753374
B/traj/328/nkeys	24
B/traj/328/Tt4	4653956055279328147
B/traj/328/b	4447357315630296359
B/traj/328/b_cmd	0
B/traj/328/branch	13126223303132988745
B/traj/328/f	4583313656186424523
B/traj/328/g	4514088665723637417
B/traj/328/ic_iters	1
B/traj/328/ic_order	15359057144970489593
B/traj/328/ic_res	0
B/traj/328/mdot_air	4606111346428234875
B/traj/328/mf	4582403207163910125
B/traj/328/mf_sched	4582403389825004051
B/traj/328/nu_hp	4606746748841576004
B/traj/328/nu_lp	4606621187995290467
B/traj/328/phi_hp	4606997161822409518
B/traj/328/phi_lp	4606638698490330602
B/traj/328/pi_hpc	4617952850911346244
B/traj/328/pi_lpc	4613412667772151288
B/traj/328/required	0
B/traj/328/s	4610064722561534467
B/traj/328/sp_thrust	4649232196525503862
B/traj/328/v	13659600401143084025
B/traj/328/v_cmd	0
B/traj/328/v_regime	9087740570393753374
B/traj/329/nkeys	24
B/traj/329/Tt4	4653955042867104688
B/traj/329/b	4446709441427718080
B/traj/329/b_cmd	0
B/traj/329/branch	13126223303132988745
B/traj/329/f	4583311251661858025
B/traj/329/g	4513892439703921903
B/traj/329/ic_iters	1
B/traj/329/ic_order	15359057144970489593
B/traj/329/ic_res	0
B/traj/329/mdot_air	4606113846620893752
B/traj/329/mf	4582403213152253012
B/traj/329/mf_sched	4582403389825004051
B/traj/329/nu_hp	4606747589778773374
B/traj/329/nu_lp	4606622382333297489
B/traj/329/phi_hp	4606998091453008769
B/traj/329/phi_lp	4606640167797722962
B/traj/329/pi_hpc	4617953267363797191
B/traj/329/pi_lpc	4613413660322401962
B/traj/329/required	0
B/traj/329/s	4610087240559671319
B/traj/329/sp_thrust	4649231704252233788
B/traj/329/v	13658891206532302437
B/traj/329/v_cmd	0
B/traj/329/v_regime	9087740570393753374
B/traj/330/nkeys	24
B/traj/330/Tt4	4653954042692081376
B/traj/330/b	4446123220553942656
B/traj/330/b_cmd	0
B/traj/330/branch	13126223303132988745
B/traj/330/f	4583308876067735726
B/traj/330/g	4513702646738252637
B/traj/330/ic_iters	1
B/traj/330/ic_order	15359057144970489593
B/traj/330/ic_res	0
B/traj/330/mdot_air	4606116318128894998
B/traj/330/mf	4582403218944274669
B/traj/330/mf_sched	4582403389825004051
B/traj/330/nu_hp	4606748420568948977
B/traj/330/nu_lp	4606623563355644940
B/traj/330/phi_hp	4606999009731840777
B/traj/330/phi_lp	4606641619451693350
B/traj/330/pi_hpc	4617953678146235719
B/traj/330/pi_lpc	4613414642204897139
B/traj/330/required	0
B/traj/330/s	4610109758557808171
B/traj/330/sp_thrust	4649231217873962150
B/traj/330/v	13658084158495335673
B/traj/330/v_cmd	0
B/traj/330/v_regime	9087740570393753374
B/traj/331/nkeys	24
B/traj/331/Tt4	4653953054603187592
B/traj/331/b	4445592785924067886
B/traj/331/b_cmd	0
B/traj/331/branch	13126223303132988745
B/traj/331/f	4583306529049548054
B/traj/331/g	4513519075926034368
B/traj/331/ic_iters	1
B/traj/331/ic_order	15359057144970489593
B/traj/331/ic_res	0
B/traj/331/mdot_air	4606118761273195528
B/traj/331/mf	4582403224546411272
B/traj/331/mf_sched	4582403389825004051
B/traj/331/nu_hp	4606749241330788186
B/traj/331/nu_lp	4606624731209834795
B/traj/331/phi_hp	4606999916795923996
B/traj/331/phi_lp	4606643053660826165
B/traj/331/pi_hpc	4617954083330242286
B/traj/331/pi_lpc	4613415613535491270
B/traj/331/required	0
B/traj/331/s	4610132276555945023
B/traj/331/sp_thrust	4649230737319473633
B/traj/331/v	13657353911167186758
B/traj/331/v_cmd	0
B/traj/331/v_regime	9087740570393753374
B/traj/332/nkeys	24
B/traj/332/Tt4	4653952078451295431
B/traj/332/b	4445112828779658574
B/traj/332/b_cmd	0
B/traj/332/branch	13126223303132988745
B/traj/332/f	4583304210257297534
B/traj/332/g	4513341523280815694
B/traj/332/ic_iters	1
B/traj/332/ic_order	15359057144970489593
B/traj/332/ic_res	0
B/traj/332/mdot_air	4606121176371303410
B/traj/332/mf	4582403229964887994
B/traj/332/mf_sched	4582403389825004051
B/traj/332/nu_hp	4606750052181632808
B/traj/332/nu_lp	4606625886041753260
B/traj/332/phi_hp	4607000812780622931
B/traj/332/phi_lp	4606644470631269246
B/traj/332/pi_hpc	4617954482986536298
B/traj/332/pi_lpc	4613416574428760138
B/traj/332/required	0
B/traj/332/s	4610154794554081875
B/traj/332/sp_thrust	4649230262518423994
B/traj/332/v	13656693156000402814
B/traj/332/v_cmd	0
B/traj/332/v_regime	9087740570393753374
B/traj/333/nkeys	24
B/traj/333/Tt4	4653951114089193436
B/traj/333/b	4444304258899328674
B/traj/333/b_cmd	0
B/traj/333/branch	13126223303132988745
B/traj/333/f	4583301919345438425
B/traj/333/g	4513169791503616471
B/traj/333/ic_iters	1
B/traj/333/ic_order	15359057144970489593
B/traj/333/ic_res	0
B/traj/333/mdot_air	4606123563737311406
B/traj/333/mf	4582403235205725921
B/traj/333/mf_sched	4582403389825004051
B/traj/333/nu_hp	4606750853237495494
B/traj/333/nu_lp	4606627027995687964
B/traj/333/phi_hp	4607001697819668159
B/traj/333/phi_lp	4606645870566761822
B/traj/333/pi_hpc	4617954877184986100
B/traj/333/pi_lpc	4613417524998015284
B/traj/333/required	0
B/traj/333/s	4610177312552218727
B/traj/333/sp_thrust	4649229793401329568
B/traj/333/v	13656095279947177948
B/traj/333/v_cmd	0
B/traj/333/v_regime	9087740570393753374
B/traj/334/nkeys	24
B/traj/334/Tt4	4653950161371560646
B/traj/334/b	4443518347408371462
B/traj/334/b_cmd	0
B/traj/334/branch	13126223303132988745
B/traj/334/f	4583299655972817118
B/traj/334/g	4513003689763686426
B/traj/334/ic_iters	1
B/traj/334/ic_order	15359057144970489593
B/traj/334/ic_res	0
B/traj/334/mdot_air	4606125923681930563
B/traj/334/mf	4582403240274748746
B/traj/334/mf_sched	4582403389825004051
B/traj/334/nu_hp	4606751644613074014
B/traj/334/nu_lp	4606628157214344991
B/traj/334/phi_hp	4607002572045176181
B/traj/334/phi_lp	4606647253668662184
B/traj/334/pi_hpc	4617955265994618921
B/traj/334/pi_lpc	4613418465355318263
B/traj/334/required	0
B/traj/334/s	4610199830550355579
B/traj/334/sp_thrust	4649229329899556896
B/traj/334/v	13655554299273868093
B/traj/334/v_cmd	0
B/traj/334/v_regime	9087740570393753374
B/traj/335/nkeys	24
B/traj/335/Tt4	4653949220154941134
B/traj/335/b	4442807225219672466
B/traj/335/b_cmd	0
B/traj/335/branch	13126223303132988745
B/traj/335/f	4583297419802613540
B/traj/335/g	4512843033486451365
B/traj/335/ic_iters	1
B/traj/335/ic_order	15359057144970489593
B/traj/335/ic_res	0
B/traj/335/mdot_air	4606128256512523377
B/traj/335/mf	4582403245177589238
B/traj/335/mf_sched	4582403389825004051
B/traj/335/nu_hp	4606752426421765397
B/traj/335/nu_lp	4606629273838865744
B/traj/335/phi_hp	4607003435587668825
B/traj/335/phi_lp	4606648620135974897
B/traj/335/pi_hpc	4617955649483630700
B/traj/335/pi_lpc	4613419395611494771
B/traj/335/required	0
B/traj/335/s	4610222348548492431
B/traj/335/sp_thrust	4649228871945312534
B/traj/335/v	13655064799673882087
B/traj/335/v_cmd	0
B/traj/335/v_regime	9087740570393753374
B/traj/336/nkeys	24
B/traj/336/Tt4	4653948290297718752
B/traj/336/b	4442163775196255538
B/traj/336/b_cmd	0
B/traj/336/branch	13126223303132988745
B/traj/336/f	4583295210502283149
B/traj/336/g	4512687644148411323
B/traj/336/ic_iters	1
B/traj/336/ic_order	15359057144970489593
B/traj/336/ic_res	0
B/traj/336/mdot_air	4606130562533136765
B/traj/336/mf	4582403249919695502
B/traj/336/mf_sched	4582403389825004051
B/traj/336/nu_hp	4606753198775679943
B/traj/336/nu_lp	4606630378008843642
B/traj/336/phi_hp	4607004288576092667
B/traj/336/phi_lp	4606649970165377942
B/traj/336/pi_hpc	4617956027719395751
B/traj/336/pi_lpc	4613420315876148557
B/traj/336/required	0
B/traj/336/s	4610244866546629283
B/traj/336/sp_thrust	4649228419471632830
B/traj/336/v	13654329693971815627
B/traj/336/v_cmd	0
B/traj/336/v_regime	9087740570393753374
B/traj/337/nkeys	24
B/traj/337/Tt4	4653947371660092309
B/traj/337/b	4441581557485692024
B/traj/337/b_cmd	0
B/traj/337/branch	13126223303132988745
B/traj/337/f	4583293027743499878
B/traj/337/g	4512467871532288526
B/traj/337/ic_iters	1
B/traj/337/ic_order	15359057144970489593
B/traj/337/ic_res	0
B/traj/337/mdot_air	4606132842044534914
B/traj/337/mf	4582403254506337031
B/traj/337/mf_sched	4582403389825004051
B/traj/337/nu_hp	4606753961785655098
B/traj/337/nu_lp	4606631469862340660
B/traj/337/phi_hp	4607005131137838058
B/traj/337/phi_lp	4606651303951249402
B/traj/337/pi_hpc	4617956400768476399
B/traj/337/pi_lpc	4613421226257675223
B/traj/337/required	0
B/traj/337/s	4610267384544766135
B/traj/337/sp_thrust	4649227972412373930
B/traj/337/v	13653528157074346544
B/traj/337/v_cmd	0
B/traj/337/v_regime	9087740570393753374
B/traj/338/nkeys	24
B/traj/338/Tt4	4653946464104051094
B/traj/338/b	4441054745068010010
B/traj/338/b_cmd	0
B/traj/338/branch	13126223303132988745
B/traj/338/f	4583290871202099823
B/traj/338/g	4512177135909811702
B/traj/338/ic_iters	1
B/traj/338/ic_order	15359057144970489593
B/traj/338/ic_res	0
B/traj/338/mdot_air	4606135095344231686
B/traj/338/mf	4582403258942610568
B/traj/338/mf_sched	4582403389825004051
B/traj/338/nu_hp	4606754715561269201
B/traj/338/nu_lp	4606632549535903701
B/traj/338/phi_hp	4607005963398757987
B/traj/338/phi_lp	4606652621685693930
B/traj/338/pi_hpc	4617956768696632412
B/traj/338/pi_lpc	4613422126863275833
B/traj/338/required	0
B/traj/338/s	4610289902542902987
B/traj/338/sp_thrust	4649227530702201820
B/traj/338/v	13652802896431882863
B/traj/338/v_cmd	0
B/traj/338/v_regime	9087740570393753374
B/traj/339/nkeys	24
B/traj/339/Tt4	4653945567493350691
B/traj/339/b	4440578065437025661
B/traj/339/b_cmd	0
B/traj/339/branch	13126223303132988745
B/traj/339/f	4583288740558025682
B/traj/339/g	4511895931734669308
B/traj/339/ic_iters	1
B/traj/339/ic_order	15359057144970489593
B/traj/339/ic_res	0
B/traj/339/mdot_air	4606137322726522988
B/traj/339/mf	4582403263233445760
B/traj/339/mf_sched	4582403389825004051
B/traj/339/nu_hp	4606755460210855098
B/traj/339/nu_lp	4606633617164580810
B/traj/339/phi_hp	4607006785483186725
B/traj/339/phi_lp	4606653923558568938
B/traj/339/pi_hpc	4617957131568830379
B/traj/339/pi_lpc	4613423017798970391
B/traj/339/required	0
B/traj/339/s	4610312420541039839
B/traj/339/sp_thrust	4649227094276582480
B/traj/339/v	13652146653405307632
B/traj/339/v_cmd	0
B/traj/339/v_regime	9087740570393753374
B/traj/340/nkeys	24
B/traj/340/Tt4	4653944681693489166
B/traj/340/b	4439744263075540664
B/traj/340/b_cmd	0
B/traj/340/branch	13126223303132988745
B/traj/340/f	4583286635495271996
B/traj/340/g	4511623946528852921
B/traj/340/ic_iters	1
B/traj/340/ic_order	15359057144970489593
B/traj/340/ic_res	0
B/traj/340/mdot_air	4606139524482518740
B/traj/340/mf	4582403267383610643
B/traj/340/mf_sched	4582403389825004051
B/traj/340/nu_hp	4606756195841513628
B/traj/340/nu_lp	4606634672881937229
B/traj/340/phi_hp	4607007597513958230
B/traj/340/phi_lp	4606655209757510471
B/traj/340/pi_hpc	4617957489449252956
B/traj/340/pi_lpc	4613423899169611144
B/traj/340/required	0
B/traj/340/s	4610334938539176691
B/traj/340/sp_thrust	4649226663071772160
B/traj/340/v	13651552860105748866
B/traj/340/v_cmd	0
B/traj/340/v_regime	9087740570393753374
B/violation	4561396150357540474
B/violation_inc	4580330388101246201
B/n_riding	105
B/regime/dormant	236
B/regime/riding	105
B/regime/saturated	0
B/sat/npts	341
B/sat/0/nkeys	24
B/sat/0/Tt4	4652007308841189378
B/sat/0/b	4585439236324657495
B/sat/0/b_cmd	4585439236324657495
B/sat/0/branch	13126223303132988745
B/sat/0/f	4580382169689562672
B/sat/0/g	0
B/sat/0/ic_iters	1
B/sat/0/ic_order	15359057144970489593
B/sat/0/ic_res	0
B/sat/0/mdot_air	4603364550124398404
B/sat/0/mf	4576598004192639869
B/sat/0/mf_sched	4576598004192639869
B/sat/0/nu_hp	4605292294839495533
B/sat/0/nu_lp	4604908498284992449
B/sat/0/phi_hp	4606680258087474445
B/sat/0/phi_lp	4605380978949069210
B/sat/0/pi_hpc	4616236729973011810
B/sat/0/pi_lpc	4611845222978564899
B/sat/0/required	0
B/sat/0/s	0
B/sat/0/sp_thrust	4646329581975695664
B/sat/0/v	0
B/sat/0/v_cmd	0
B/sat/0/v_regime	9087740570393753374
B/sat/17/nkeys	24
B/sat/17/Tt4	4652622562910518736
B/sat/17/b	4586888505570856159
B/sat/17/b_cmd	4587921565277255209
B/sat/17/branch	13126223303132988745
B/sat/17/f	4581352916837607668
B/sat/17/g	4558632816574761796
B/sat/17/ic_iters	1
B/sat/17/ic_order	15359057144970489593
B/sat/17/ic_res	0
B/sat/17/mdot_air	4603290419240563008
B/sat/17/mf	4577622806862858019
B/sat/17/mf_sched	4577966156444307415
B/sat/17/nu_hp	4605309731900035187
B/sat/17/nu_lp	4604926006228030122
B/sat/17/phi_hp	4606444562984491378
B/sat/17/phi_lp	4605334353672243557
B/sat/17/pi_hpc	4616362174973750121
B/sat/17/pi_lpc	4611923054772163751
B/sat/17/required	4562406752481944784
B/sat/17/s	4590789316156388803
B/sat/17/sp_thrust	4647227079694003535
B/sat/17/v	13802938576177257205
B/sat/17/v_cmd	13804793865786233979
B/sat/17/v_regime	5041869447465158464
B/sat/34/nkeys	24
B/sat/34/Tt4	4653073621132809314
B/sat/34/b	4588573484523672239
B/sat/34/b_cmd	4589313976369289568
B/sat/34/branch	13126223303132988745
B/sat/34/f	4582213506215530231
B/sat/34/g	4563797453777316706
B/sat/34/ic_iters	1
B/sat/34/ic_order	15359057144970489593
B/sat/34/ic_res	0
B/sat/34/mdot_air	4603266180410672463
B/sat/34/mf	4578564979836178118
B/sat/34/mf_sched	4579334308695974962
B/sat/34/nu_hp	4605355919991849169
B/sat/34/nu_lp	4604971619319966283
B/sat/34/phi_hp	4606282484439425259
B/sat/34/phi_lp	4605340487524402066
B/sat/34/pi_hpc	4616503026367821722
B/sat/34/pi_lpc	4611982494335440401
B/sat/34/required	4565659256771257224
B/sat/34/s	4595292915783759301
B/sat/34/sp_thrust	4647865369560752359
B/sat/34/v	13804509217242822513
B/sat/34/v_cmd	13804793865786233979
B/sat/34/v_regime	5041869447465158464
B/sat/51/nkeys	24
B/sat/51/Tt4	4653540353897817959
B/sat/51/b	4589471859549612357
B/sat/51/b_cmd	4589725723720311071
B/sat/51/branch	13126223303132988745
B/sat/51/f	4583102281501164098
B/sat/51/g	4566416064120703187
B/sat/51/ic_iters	1
B/sat/51/ic_order	15359057144970489593
B/sat/51/ic_res	0
B/sat/51/mdot_air	4603288039630159969
B/sat/51/mf	4579605805794922356
B/sat/51/mf_sched	4580431640991718471
B/sat/51/nu_hp	4605428513659710151
B/sat/51/nu_lp	4605045343773759514
B/sat/51/phi_hp	4606152411058818974
B/sat/51/phi_lp	4605357662032763767
B/sat/51/pi_hpc	4616669719785047897
B/sat/51/pi_lpc	4612055185584966797
B/sat/51/required	4567111242612849416
B/sat/51/s	4598265291537823828
B/sat/51/sp_thrust	4648275563815239243
B/sat/51/v	13804741865107129616
B/sat/51/v_cmd	13804793865786233979
B/sat/51/v_regime	5041869447465158464
B/sat/68/nkeys	24
B/sat/68/Tt4	4654045478156398971
B/sat/68/b	4589710726337489492
B/sat/68/b_cmd	4589732503271759008
B/sat/68/branch	13126223303132988745
B/sat/68/f	4584061748992859545
B/sat/68/g	4567094890512232096
B/sat/68/ic_iters	1
B/sat/68/ic_order	15359057144970489593
B/sat/68/ic_res	0
B/sat/68/mdot_air	4603362218862125497
B/sat/68/mf	4580497158619312288
B/sat/68/mf_sched	4581115717117552244
B/sat/68/nu_hp	4605528242744815861
B/sat/68/nu_lp	4605149162647040931
B/sat/68/phi_hp	4606045304888732031
B/sat/68/phi_lp	4605378981455053292
B/sat/68/pi_hpc	4616865877816048227
B/sat/68/pi_lpc	4612156683610483775
B/sat/68/required	4567149184479851136
B/sat/68/s	4599796515411129798
B/sat/68/sp_thrust	4648722327851216473
B/sat/68/v	13804784366104293200
B/sat/68/v_cmd	13804793865786233979
B/sat/68/v_regime	5041869447465158464
B/sat/85/nkeys	24
B/sat/85/Tt4	4654564797865126470
B/sat/85/b	4589548109722749500
B/sat/85/b_cmd	4589340832217495561
B/sat/85/branch	13126223303132988745
B/sat/85/f	4584854808281521268
B/sat/85/g	4566952850699272582
B/sat/85/ic_iters	1
B/sat/85/ic_order	15359057144970489593
B/sat/85/ic_res	0
B/sat/85/mdot_air	4603492214331246771
B/sat/85/mf	4581198989721766001
B/sat/85/mf_sched	4581799793243386018
B/sat/85/nu_hp	4605656526498059938
B/sat/85/nu_lp	4605286096349961737
B/sat/85/phi_hp	4605971838738951402
B/sat/85/phi_lp	4605399789682294172
B/sat/85/pi_hpc	4617094342903629460
B/sat/85/pi_lpc	4612279150490826919
B/sat/85/required	4566116476625417344
B/sat/85/s	4601327739284435768
B/sat/85/sp_thrust	4649184730343256216
B/sat/85/v	13803708513658099176
B/sat/85/v_cmd	13801200386400052025
B/sat/85/v_regime	10791139852042193048
B/sat/102/nkeys	24
B/sat/102/Tt4	4654971537401871310
B/sat/102/b	4588819267092175702
B/sat/102/b_cmd	4587568598763616579
B/sat/102/branch	13126223303132988745
B/sat/102/f	4585231489090078014
B/sat/102/g	4566180270698501159
B/sat/102/ic_iters	1
B/sat/102/ic_order	15359057144970489593
B/sat/102/ic_res	0
B/sat/102/mdot_air	4603693025748919244
B/sat/102/mf	4581869799337531601
B/sat/102/mf_sched	4582403389825004051
B/sat/102/nu_hp	4605811286693063338
B/sat/102/nu_lp	4605457300151268794
B/sat/102/phi_hp	4605968772911698711
B/sat/102/phi_lp	4605436443947253084
B/sat/102/pi_hpc	4617337522266860775
B/sat/102/pi_lpc	4612405348097996760
B/sat/102/required	4562396103973975184
B/sat/102/s	4602768891165194325
B/sat/102/sp_thrust	4649566326407771780
B/sat/102/v	13796193797103185905
B/sat/102/v_cmd	0
B/sat/102/v_regime	9087740570393753374
B/sat/119/nkeys	24
B/sat/119/Tt4	4654873745219055498
B/sat/119/b	4585044726400872677
B/sat/119/b_cmd	4579500703044764188
B/sat/119/branch	13126223303132988745
B/sat/119/f	4585094065745368906
B/sat/119/g	4562849389834739857
B/sat/119/ic_iters	1
B/sat/119/ic_order	15359057144970489593
B/sat/119/ic_res	0
B/sat/119/mdot_air	4604036782261589929
B/sat/119/mf	4582077979391516682
B/sat/119/mf_sched	4582403389825004051
B/sat/119/nu_hp	4605965996373029234
B/sat/119/nu_lp	4605635624995567520
B/sat/119/phi_hp	4606120281437088968
B/sat/119/phi_lp	4605500321675771451
B/sat/119/pi_hpc	4617465309774853813
B/sat/119/pi_lpc	4612566407385554876
B/sat/119/required	0
B/sat/119/s	4603534503101847310
B/sat/119/sp_thrust	4649582646177591836
B/sat/119/v	13785524766157365305
B/sat/119/v_cmd	0
B/sat/119/v_regime	9087740570393753374
B/sat/136/nkeys	24
B/sat/136/Tt4	4654734680932497363
B/sat/136/b	4575017237016062786
B/sat/136/b_cmd	0
B/sat/136/branch	13126223303132988745
B/sat/136/f	4584917171600815783
B/sat/136/g	4559047777800744933
B/sat/136/ic_iters	1
B/sat/136/ic_order	15359057144970489593
B/sat/136/ic_res	0
B/sat/136/mdot_air	4604388068249103989
B/sat/136/mf	4582218747495967380
B/sat/136/mf_sched	4582403389825004051
B/sat/136/nu_hp	4606104760321093517
B/sat/136/nu_lp	4605804109997082210
B/sat/136/phi_hp	4606268743961151107
B/sat/136/phi_lp	4605564165869669474
B/sat/136/pi_hpc	4617555670126701721
B/sat/136/pi_lpc	4612739776573033209
B/sat/136/required	0
B/sat/136/s	4604300115038500295
B/sat/136/sp_thrust	4649557214744848092
B/sat/136/v	13774095155781170905
B/sat/136/v_cmd	0
B/sat/136/v_regime	9087740570393753374
B/sat/153/nkeys	24
B/sat/153/Tt4	4654595816216217671
B/sat/153/b	4563757041504683032
B/sat/153/b_cmd	0
B/sat/153/branch	13126223303132988745
B/sat/153/f	4584748001310023509
B/sat/153/g	4555340812889764036
B/sat/153/ic_iters	1
B/sat/153/ic_order	15359057144970489593
B/sat/153/ic_res	0
B/sat/153/mdot_air	4604695609857477880
B/sat/153/mf	4582298621243042128
B/sat/153/mf_sched	4582403389825004051
B/sat/153/nu_hp	4606225183379614307
B/sat/153/nu_lp	4605954428998390842
B/sat/153/phi_hp	4606404146971745882
B/sat/153/phi_lp	4605734911040987373
B/sat/153/pi_hpc	4617636244560883426
B/sat/153/pi_lpc	4612872227295389604
B/sat/153/required	0
B/sat/153/s	4605065726975153280
B/sat/153/sp_thrust	4649513169552630006
B/sat/153/v	13763313206815487712
B/sat/153/v_cmd	0
B/sat/153/v_regime	9087740570393753374
B/sat/170/nkeys	24
B/sat/170/Tt4	4654470278835312513
B/sat/170/b	4553067773791076743
B/sat/170/b_cmd	0
B/sat/170/branch	13126223303132988745
B/sat/170/f	4584531109058975909
B/sat/170/g	4551741256122047901
B/sat/170/ic_iters	1
B/sat/170/ic_order	15359057144970489593
B/sat/170/ic_res	0
B/sat/170/mdot_air	4604962394839639170
B/sat/170/mf	4582343942699182040
B/sat/170/mf_sched	4582403389825004051
B/sat/170/nu_hp	4606327743558692102
B/sat/170/nu_lp	4606083448507422896
B/sat/170/phi_hp	4606521690655339020
B/sat/170/phi_lp	4605907450224954426
B/sat/170/pi_hpc	4617703285316418251
B/sat/170/pi_lpc	4612979509440452866
B/sat/170/required	0
B/sat/170/s	4605831338911806265
B/sat/170/sp_thrust	4649465324405783436
B/sat/170/v	13752025008885758500
B/sat/170/v_cmd	0
B/sat/170/v_regime	9087740570393753374
B/sat/187/nkeys	24
B/sat/187/Tt4	4654362357110989865
B/sat/187/b	4541654491852579803
B/sat/187/b_cmd	0
B/sat/187/branch	13126223303132988745
B/sat/187/f	4584274861739853543
B/sat/187/g	4548263589052319467
B/sat/187/ic_iters	1
B/sat/187/ic_order	15359057144970489593
B/sat/187/ic_res	0
B/sat/187/mdot_air	4605191091403739246
B/sat/187/mf	4582369658713039756
B/sat/187/mf_sched	4582403389825004051
B/sat/187/nu_hp	4606413987188765232
B/sat/187/nu_lp	4606192461522354383
B/sat/187/phi_hp	4606621006597833575
B/sat/187/phi_lp	4606057749744518074
B/sat/187/pi_hpc	4617757769036923042
B/sat/187/pi_lpc	4613068364497875131
B/sat/187/required	0
B/sat/187/s	4606596950848459250
B/sat/187/sp_thrust	4649420301543945877
B/sat/187/v	13741122469354744881
B/sat/187/v_cmd	0
B/sat/187/v_regime	9087740570393753374
B/sat/204/nkeys	24
B/sat/204/Tt4	4654272150748782236
B/sat/204/b	4530889083234993817
B/sat/204/b_cmd	0
B/sat/204/branch	13126223303132988745
B/sat/204/f	4584061440307819846
B/sat/204/g	4544528134880849075
B/sat/204/ic_iters	1
B/sat/204/ic_order	15359057144970489593
B/sat/204/ic_res	0
B/sat/204/mdot_air	4605384894902670585
B/sat/204/mf	4582384250330897062
B/sat/204/mf_sched	4582403389825004051
B/sat/204/nu_hp	4606485889059028724
B/sat/204/nu_lp	4606283831404796573
B/sat/204/phi_hp	4606703621138650948
B/sat/204/phi_lp	4606183927884975388
B/sat/204/pi_hpc	4617801841163562279
B/sat/204/pi_lpc	4613142197831743533
B/sat/204/required	0
B/sat/204/s	4607272490792564819
B/sat/204/sp_thrust	4649380653216168300
B/sat/204/v	13729985292554191919
B/sat/204/v_cmd	0
B/sat/204/v_regime	9087740570393753374
B/sat/221/nkeys	24
B/sat/221/Tt4	4654197877291007024
B/sat/221/b	4519580171064148281
B/sat/221/b_cmd	0
B/sat/221/branch	13126223303132988745
B/sat/221/f	4583885944924969002
B/sat/221/g	4540685150207343600
B/sat/221/ic_iters	1
B/sat/221/ic_order	15359057144970489593
B/sat/221/ic_res	0
B/sat/221/mdot_air	4605547719633837999
B/sat/221/mf	4582392529814368789
B/sat/221/mf_sched	4582403389825004051
B/sat/221/nu_hp	4606545480064311156
B/sat/221/nu_lp	4606360048474618471
B/sat/221/phi_hp	4606771721952960911
B/sat/221/phi_lp	4606288483235372842
B/sat/221/pi_hpc	4617837457842929755
B/sat/221/pi_lpc	4613203531352744455
B/sat/221/required	0
B/sat/221/s	4607655296760891303
B/sat/221/sp_thrust	4649346916630770302
B/sat/221/v	13718953968578814091
B/sat/221/v_cmd	0
B/sat/221/v_regime	9087740570393753374
B/sat/238/nkeys	24
B/sat/238/Tt4	4654137194624145215
B/sat/238/b	4508695295763611175
B/sat/238/b_cmd	0
B/sat/238/branch	13126223303132988745
B/sat/238/f	4583742576732198989
B/sat/238/g	4536931234493736277
B/sat/238/ic_iters	1
B/sat/238/ic_order	15359057144970489593
B/sat/238/ic_res	0
B/sat/238/mdot_air	4605683681112373006
B/sat/238/mf	4582397227706489386
B/sat/238/mf_sched	4582403389825004051
B/sat/238/nu_hp	4606594661135139474
B/sat/238/nu_lp	4606423432935238425
B/sat/238/phi_hp	4606827561122697289
B/sat/238/phi_lp	4606374598547498174
B/sat/238/pi_hpc	4617866224008418860
B/sat/238/pi_lpc	4613254457950535956
B/sat/238/required	0
B/sat/238/s	4608038102729217787
B/sat/238/sp_thrust	4649318745431869107
B/sat/238/v	13707978074480228138
B/sat/238/v_cmd	0
B/sat/238/v_regime	9087740570393753374
B/sat/255/nkeys	24
B/sat/255/Tt4	4654087798835777064
B/sat/255/b	4497535997232180821
B/sat/255/b_cmd	0
B/sat/255/branch	13126223303132988745
B/sat/255/f	4583625811159036705
B/sat/255/g	4533278396671358321
B/sat/255/ic_iters	1
B/sat/255/ic_order	15359057144970489593
B/sat/255/ic_res	0
B/sat/255/mdot_air	4605796717405029189
B/sat/255/mf	4582399893354709124
B/sat/255/mf_sched	4582403389825004051
B/sat/255/nu_hp	4606635125830478439
B/sat/255/nu_lp	4606476040330806468
B/sat/255/phi_hp	4606873202859201019
B/sat/255/phi_lp	4606445287650483280
B/sat/255/pi_hpc	4617889435046436156
B/sat/255/pi_lpc	4613296738692104363
B/sat/255/required	0
B/sat/255/s	4608420908697544271
B/sat/255/sp_thrust	4649295468736169300
B/sat/255/v	13696809215424350818
B/sat/255/v_cmd	0
B/sat/255/v_regime	9087740570393753374
B/sat/272/nkeys	24
B/sat/272/Tt4	4654047649004898933
B/sat/272/b	4486523537735137640
B/sat/272/b_cmd	0
B/sat/272/branch	13126223303132988745
B/sat/272/f	4583530819351265869
B/sat/272/g	4529740264803861367
B/sat/272/ic_iters	1
B/sat/272/ic_order	15359057144970489593
B/sat/272/ic_res	0
B/sat/272/mdot_air	4605890398017277201
B/sat/272/mf	4582401405879954275
B/sat/272/mf_sched	4582403389825004051
B/sat/272/nu_hp	4606668340471890005
B/sat/272/nu_lp	4606519644557948678
B/sat/272/phi_hp	4606910439376753291
B/sat/272/phi_lp	4606503193048938408
B/sat/272/pi_hpc	4617908137704506698
B/sat/272/pi_lpc	4613331847358235374
B/sat/272/required	0
B/sat/272/s	4608803714665870755
B/sat/272/sp_thrust	4649276349993097526
B/sat/272/v	13686005562853130351
B/sat/272/v_cmd	0
B/sat/272/v_regime	9087740570393753374
B/sat/289/nkeys	24
B/sat/289/Tt4	4654015022217914998
B/sat/289/b	4475524018779900476
B/sat/289/b_cmd	0
B/sat/289/branch	13126223303132988745
B/sat/289/f	4583453549053101944
B/sat/289/g	4526224964948938479
B/sat/289/ic_iters	1
B/sat/289/ic_order	15359057144970489593
B/sat/289/ic_res	0
B/sat/289/mdot_air	4605967855558131436
B/sat/289/mf	4582402264107457918
B/sat/289/mf_sched	4582403389825004051
B/sat/289/nu_hp	4606695552509623432
B/sat/289/nu_lp	4606555753178442362
B/sat/289/phi_hp	4606940783226994875
B/sat/289/phi_lp	4606550560361894509
B/sat/289/pi_hpc	4617923180852334655
B/sat/289/pi_lpc	4613361010133033329
B/sat/289/required	0
B/sat/289/s	4609186520634197239
B/sat/289/sp_thrust	4649260697596843496
B/sat/289/v	13674689823493025403
B/sat/289/v_cmd	0
B/sat/289/v_regime	9087740570393753374
B/sat/306/nkeys	24
B/sat/306/Tt4	4653988498630734498
B/sat/306/b	4464375306004570824
B/sat/306/b_cmd	0
B/sat/306/branch	13126223303132988745
B/sat/306/f	4583390668544462925
B/sat/306/g	4522343045991409393
B/sat/306/ic_iters	1
B/sat/306/ic_order	15359057144970489593
B/sat/306/ic_res	0
B/sat/306/mdot_air	4606031784507722263
B/sat/306/mf	4582402751077477342
B/sat/306/mf_sched	4582403389825004051
B/sat/306/nu_hp	4606717811257960224
B/sat/306/nu_lp	4606585635346211987
B/sat/306/phi_hp	4606965491132430289
B/sat/306/phi_lp	4606589268002661420
B/sat/306/pi_hpc	4617935254825036372
B/sat/306/pi_lpc	4613385243612666747
B/sat/306/required	0
B/sat/306/s	4609569326602523723
B/sat/306/sp_thrust	4649247904862812578
B/sat/306/v	13663995692673065692
B/sat/306/v_cmd	0
B/sat/306/v_regime	9087740570393753374
B/sat/323/nkeys	24
B/sat/323/Tt4	4653966922282922081
B/sat/323/b	4453546423316643685
B/sat/323/b_cmd	0
B/sat/323/branch	13126223303132988745
B/sat/323/f	4583339466295634453
B/sat/323/g	4518544946587657580
B/sat/323/ic_iters	1
B/sat/323/ic_order	15359057144970489593
B/sat/323/ic_res	0
B/sat/323/mdot_air	4606084472570959034
B/sat/323/mf	4582403027390924313
B/sat/323/mf_sched	4582403389825004051
B/sat/323/nu_hp	4606735992739172099
B/sat/323/nu_lp	4606610353100561061
B/sat/323/phi_hp	4606985598125849555
B/sat/323/phi_lp	4606620873368714046
B/sat/323/pi_hpc	4617944921944608665
B/sat/323/pi_lpc	4613405389256097426
B/sat/323/required	0
B/sat/323/s	4609952132570850207
B/sat/323/sp_thrust	4649237457709395657
B/sat/323/v	13652597516027398088
B/sat/323/v_cmd	0
B/sat/323/v_regime	9087740570393753374
B/sat/340/nkeys	24
B/sat/340/Tt4	4653949357434210066
B/sat/340/b	4442252199135103727
B/sat/340/b_cmd	0
B/sat/340/branch	13126223303132988745
B/sat/340/f	4583297745764959959
B/sat/340/g	4514841967905527318
B/sat/340/ic_iters	1
B/sat/340/ic_order	15359057144970489593
B/sat/340/ic_res	0
B/sat/340/mdot_air	4606127845303376771
B/sat/340/mf	4582403184174951937
B/sat/340/mf_sched	4582403389825004051
B/sat/340/nu_hp	4606750824523658842
B/sat/340/nu_lp	4606630791707698777
B/sat/340/phi_hp	4607001952489503861
B/sat/340/phi_lp	4606646661031004673
B/sat/340/pi_hpc	4617952640549159915
B/sat/340/pi_lpc	4613422143247358151
B/sat/340/required	0
B/sat/340/s	4610334938539176691
B/sat/340/sp_thrust	4649228928632290182
B/sat/340/v	13641788761703138458
B/sat/340/v_cmd	0
B/sat/340/v_regime	9087740570393753374
B/sat/regime/dormant	243
B/sat/regime/riding	38
B/sat/regime/saturated	60
C/n_riding	105
C/n_sampled	11
C/n_rows	11
C/n_skipped	0
C/worst_on?	1
C/worst_on	4469524900884774912
C/worst_live?	1
C/worst_live	4581049165100585088
C/s_lo	4572414629676717179
C/s_hi	4602903999154015440
C/0/s	4572414629676717179
C/0/on/interior	1
C/0/on/R_q	13811799875283670239
C/0/on/R_v	4584814564147225682
C/0/on/C_g	13848972080938447673
C/0/on/C_v	4603245632427873916
C/0/on/V_g	4629409818110786733
C/0/on/V_q	4610679118191202673
C/0/on/v_base	13794527355405817214
C/0/on/cyclic	13830554455654365465
C/0/on/pair_RC	4607182418799834147
C/0/on/pair_RV	4607182418798387989
C/0/on/pair_CV	4607182418800129976
C/0/live/interior	1
C/0/live/R_q	13811763892467182739
C/0/live/R_v	4584792718072570682
C/0/live/C_g	13848967236051514079
C/0/live/C_v	4603238898759530791
C/0/live/V_g	4629409818110786733
C/0/live/V_q	4610679118191202673
C/0/live/v_base	13774725945892757202
C/0/live/cyclic	13830503341360453810
C/0/live/pair_RC	4607134359495339687
C/0/live/pair_RV	4607140136286739979
C/0/live/pair_CV	4607170456955341994
C/1/s	4588087156379966504
C/1/on/interior	1
C/1/on/R_q	13812158659857020239
C/1/on/R_v	4585022747947123182
C/1/on/C_g	13848767984715107829
C/1/on/C_v	4603252120757428916
C/1/on/V_g	4629036580293896475
C/1/on/V_q	4610668893730658630
C/1/on/v_base	13805472716560985755
C/1/on/cyclic	13830554455656152642
C/1/on/pair_RC	4607182418801296932
C/1/on/pair_RV	4607182418800663955
C/1/on/pair_CV	4607182418800178968
C/1/live/interior	1
C/1/live/R_q	13812041073362170239
C/1/live/R_v	4584951570379993182
C/1/live/C_g	13848752222424853923
C/1/live/C_v	4603230040019579853
C/1/live/V_g	4629036580293896475
C/1/live/V_q	4610668893730658630
C/1/live/v_base	13800504364572562393
C/1/live/cyclic	13830393029394210497
C/1/live/pair_RC	4607029854947763385
C/1/live/pair_RV	4607050555336188103
C/1/live/pair_CV	4607143244194179337
C/2/s	4592230468037147363
C/2/on/interior	1
C/2/on/R_q	13812530655854282739
C/2/on/R_v	4585247095005925682
C/2/on/C_g	13848573559721504314
C/2/on/C_v	4603266807876598916
C/2/on/V_g	4628668568487871084
C/2/on/V_q	4610645845681921911
C/2/on/v_base	13808117482987597941
C/2/on/cyclic	13830554455655273883
C/2/on/pair_RC	4607182418800292913
C/2/on/pair_RV	4607182418799708420
C/2/on/pair_CV	4607182418800312536
C/2/live/interior	1
C/2/live/R_q	13812428215250382739
C/2/live/R_v	4585185172350173182
C/2/live/C_g	13848551329301663115
C/2/live/C_v	4603247613827320791
C/2/live/V_g	4628668568487871084
C/2/live/V_q	4610645845681921911
C/2/live/v_base	13805252375913699278
C/2/live/cyclic	13830418339647253336
C/2/live/pair_RC	4607053269647726527
C/2/live/pair_RV	4607072760983003754
C/2/live/pair_CV	4607148463850773804
C/3/s	4594752483828474841
C/3/on/interior	1
C/3/on/R_q	13812740947657871986
C/3/on/R_v	4585510778723501932
C/3/on/C_g	13848184229940588896
C/3/on/C_v	4603296724052048603
C/3/on/V_g	4628275486847001943
C/3/on/V_q	4610599307996632849
C/3/on/v_base	13809091454225534727
C/3/on/cyclic	13830554455655887117
C/3/on/pair_RC	4607182418800806869
C/3/on/pair_RV	4607182418800192462
C/3/on/pair_CV	4607182418800081732
C/3/live/interior	1
C/3/live/R_q	13812700194790128236
C/3/live/R_v	4585461436375239432
C/3/live/C_g	13848163447117854521
C/3/live/C_v	4603281529863564853
C/3/live/V_g	4628275486847001943
C/3/live/V_q	4610599307996632849
C/3/live/v_base	13807868011858409435
C/3/live/cyclic	13830449939802727046
C/3/live/pair_RC	4607082871701065001
C/3/live/pair_RV	4607099345926065049
C/3/live/pair_CV	4607155696753331840
C/4/s	4596553923679423041
C/4/on/interior	1
C/4/on/R_q	13812969004699978236
C/4/on/R_v	4585821215379851932
C/4/on/C_g	13847785563919358427
C/4/on/C_v	4603343370791395791
C/4/on/V_g	4627859647569843740
C/4/on/V_q	4610527819188253161
C/4/on/v_base	13809711550155739623
C/4/on/cyclic	13830554455655559199
C/4/on/pair_RC	4607182418800510116
C/4/on/pair_RV	4607182418799174169
C/4/on/pair_CV	4607182418800477383
C/4/live/interior	1
C/4/live/R_q	13812939618682378236
C/4/live/R_v	4585785470774876932
C/4/live/C_g	13847771186955042021
C/4/live/C_v	4603332498646770478
C/4/live/V_g	4627859647569843740
C/4/live/V_q	4610527819188253161
C/4/live/v_base	13808918860911204444
C/4/live/cyclic	13830481959201736251
C/4/live/pair_RC	4607113105244330278
C/4/live/pair_RV	4607125539585520142
C/4/live/pair_CV	4607163470521695320
C/5/s	4598265291537823828
C/5/on/interior	1
C/5/on/R_q	13813222272790809486
C/5/on/R_v	4586186453997099432
C/5/on/C_g	13847383919504397490
C/5/on/C_v	4603408155340097353
C/5/on/V_g	4627425260515292959
C/5/on/V_q	4610430647362435974
C/5/on/v_base	13809975960729499116
C/5/on/cyclic	13830554455653986583
C/5/on/pair_RC	4607182418799386613
C/5/on/pair_RV	4607182418796714968
C/5/on/pair_CV	4607182418800277847
C/5/live/interior	1
C/5/live/R_q	13813205231973209486
C/5/live/R_v	4586165561548629432
C/5/live/C_g	13847376004253596708
C/5/live/C_v	4603401914648212666
C/5/live/V_g	4627425260515292959
C/5/live/V_q	4610430647362435974
C/5/live/v_base	13809535662810825959
C/5/live/cyclic	13830514151097129538
C/5/live/pair_RC	4607143736424233330
C/5/live/pair_RV	4607151188476609486
C/5/live/pair_CV	4607171676999472869
C/6/s	4599166011463297928
C/6/on/interior	1
C/6/on/R_q	13813503901400803236
C/6/on/R_v	4586616296538064432
C/6/on/C_g	13846980993831702177
C/6/on/C_v	4603492672764593291
C/6/on/V_g	4626977002540781240
C/6/on/V_q	4610307437147381286
C/6/on/v_base	13809885095038183324
C/6/on/cyclic	13830554455657345642
C/6/on/pair_RC	4607182418799481742
C/6/on/pair_RV	4607182418801045699
C/6/on/pair_CV	4607182418800171344
C/6/live/interior	1
C/6/live/R_q	13813500391494728236
C/6/live/R_v	4586611944341414432
C/6/live/C_g	13846979461727385771
C/6/live/C_v	4603491403464893603
C/6/live/V_g	4626977002540781240
C/6/live/V_q	4610307437147381286
C/6/live/v_base	13809798884918586334
C/6/live/cyclic	13830546524677552708
C/6/live/pair_RC	4607174777689606731
C/6/live/pair_RV	4607176346266841297
C/6/live/pair_CV	4607180268741859711
C/7/s	4600066731388772028
C/7/on/interior	1
C/7/on/R_q	13813814603704378236
C/7/on/R_v	4587119204339624432
C/7/on/C_g	13846582041361975615
C/7/on/C_v	4603598718960967041
C/7/on/V_g	4626522850431494131
C/7/on/V_q	4610158274060060974
C/7/on/v_base	13809396057376300199
C/7/on/cyclic	13830554455654453684
C/7/on/pair_RC	4607182418800038332
C/7/on/pair_RV	4607182418796318209
C/7/on/pair_CV	4607182418800491608
C/7/live/interior	1
C/7/live/R_q	13813827642834690736
C/7/live/R_v	4587135615122524432
C/7/live/C_g	13846587337999651396
C/7/live/C_v	4603603364103182041
C/7/live/V_g	4626522850431494131
C/7/live/V_q	4610158274060060974
C/7/live/v_base	13809698174096680560
C/7/live/cyclic	13830568484573514259
C/7/live/pair_RC	4607195987229100151
C/7/live/pair_RV	4607193040172773928
C/7/live/pair_CV	4607186276062961341
C/8/s	4600967451314246128
C/8/on/interior	1
C/8/on/R_q	13814150115598915735
C/8/on/R_v	4587699103038734432
C/8/on/C_g	13846196769053850615
C/8/on/C_v	4603728262189475166
C/8/on/V_g	4626074393283710927
C/8/on/V_q	4609983790844851599
C/8/on/v_base	13808473964826038183
C/8/on/cyclic	13830554455655257178
C/8/on/pair_RC	4607182418799859351
C/8/on/pair_RV	4607182418796633961
C/8/on/pair_CV	4607182418800363036
C/8/live/interior	1
C/8/live/R_q	13814183032530303235
C/8/live/R_v	4587741311407844432
C/8/live/C_g	13846209104267190458
C/8/live/C_v	4603739786826578291
C/8/live/V_g	4626074393283710927
C/8/live/V_q	4609983790844851599
C/8/live/v_base	13809188101419853958
C/8/live/cyclic	13830588100744411627
C/8/live/pair_RC	4607215084549057748
C/8/live/pair_RV	4607207635365608544
C/8/live/pair_CV	4607191765451324094
C/9/s	4601868171239720228
C/9/on/interior	1
C/9/on/R_q	13814511886062953235
C/9/on/R_v	4588367374054376932
C/9/on/C_g	13845826077243987333
C/9/on/C_v	4603882799959436728
C/9/on/V_g	4625636196679550771
C/9/on/V_q	4609786002299185193
C/9/on/v_base	13806343534637234816
C/9/on/cyclic	13830554455657800303
C/9/on/pair_RC	4607182418798957869
C/9/on/pair_RV	4607182418800547989
C/9/on/pair_CV	4607182418800636602
C/9/live/interior	1
C/9/live/R_q	13814566011320828235
C/9/live/R_v	4588438348444084432
C/9/live/C_g	13845844640607073271
C/9/live/C_v	4603901384798137666
C/9/live/V_g	4625636196679550771
C/9/live/V_q	4609786002299185193
C/9/live/v_base	13808281718008007004
C/9/live/cyclic	13830606886314746147
C/9/live/pair_RC	4607233519473437988
C/9/live/pair_RV	4607221368190669935
C/9/live/pair_CV	4607197083276051112
C/10/s	4602723855168920620
C/10/on/interior	1
C/10/on/R_q	13814884075326603235
C/10/on/R_v	4589113522565359432
C/10/on/C_g	13845485586462854521
C/10/on/C_v	4604063308575012978
C/10/on/V_g	4625224232043400869
C/10/on/V_q	4609568120439240271
C/10/on/v_base	13801576348551584918
C/10/on/cyclic	13830554455657236235
C/10/on/pair_RC	4607182418798798502
C/10/on/pair_RV	4607182418798982066
C/10/on/pair_CV	4607182418800358826
C/10/live/interior	1
C/10/live/R_q	13814975847332253235
C/10/live/R_v	4589202528517832428
C/10/live/C_g	13845514218004709990
C/10/live/C_v	4604094131957388603
C/10/live/V_g	4625224232043400869
C/10/live/V_q	4609568120439240271
C/10/live/v_base	13805972437475739061
C/10/live/cyclic	13830638704774983234
C/10/live/pair_RC	4607264834707939200
C/10/live/pair_RV	4607244551822932523
C/10/live/pair_CV	4607205994560285455
D/n_arms	4
D/ds	4566758108544739836
D/0/tau/0	4587366580439587226
D/0/tau/1	4587366580439587226
D/0/tau/2	4587366580439587226
D/0/rate_sum	13857013103465594880
D/0/n	262
D/0/n_sampled	14
D/0/skipped	1
D/0/n_rows	13
D/0/worst_zero?	1
D/0/worst_zero	4512053799536392792
D/0/dom_lo?	1
D/0/dom_lo	13857013103466460686
D/0/dom_hi?	1
D/0/dom_hi	13857013103465182794
D/0/0/s	4586213658934980382
D/0/0/c2	13857013103465594880
D/0/0/c1	13727164145332125696
D/0/0/c0	13648458427696939008
D/0/0/cyclic	13830554455655980414
D/0/0/dom	13857013103465886451
D/0/0/root/0	13857013103465886451
D/0/0/root/1	13728797621579688340
D/0/0/root/2	4505503852719253908
D/0/0/zero/0	13728797621579688340
D/0/0/zero/1	4505503852719253908
D/0/1/s	4590573143374275023
D/0/1/c2	13857013103465594880
D/0/1/c1	13726608258452422656
D/0/1/c0	13645553925051383808
D/0/1/cyclic	13830554455656019878
D/0/1/dom	13857013103465863219
D/0/1/root/0	13857013103465863219
D/0/1/root/1	4472180859268497408
D/0/1/root/2	4472180859268497408
D/0/1/zero/0	4472180859268497408
D/0/1/zero/1	4472180859268497408
D/0/2/s	4593455447135792143
D/0/2/c2	13857013103465594880
D/0/2/c1	13726456388408836096
D/0/2/c0	13628473402317602816
D/0/2/cyclic	13830554455656962051
D/0/2/dom	13857013103465858504
D/0/2/root/0	13857013103465858504
D/0/2/root/1	4472099856185294848
D/0/2/root/2	4472099856185294848
D/0/2/zero/0	4472099856185294848
D/0/2/zero/1	4472099856185294848
D/0/3/s	4595004685407607591
D/0/3/c2	13857013103465594880
D/0/3/c1	13733944054004056064
D/0/3/c0	13650544874684940288
D/0/3/cyclic	13830554455656573098
D/0/3/dom	13857013103466460686
D/0/3/root/0	13857013103466460686
D/0/3/root/1	4479511646888263680
D/0/3/root/2	4479511646888263680
D/0/3/zero/0	4479511646888263680
D/0/3/zero/1	4479511646888263680
D/0/4/s	4596445837288366151
D/0/4/c2	13857013103465594880
D/0/4/c1	13729403476855750656
D/0/4/c0	13645346175442747392
D/0/4/cyclic	13830554455657024613
D/0/4/dom	13857013103466025487
D/0/4/root/0	13857013103466025487
D/0/4/root/1	13728778534448479383
D/0/4/root/2	4505522087780105367
D/0/4/zero/0	13728778534448479383
D/0/4/zero/1	4505522087780105367
D/0/5/s	4597886989169124711
D/0/5/c2	13857013103465594880
D/0/5/c1	13726937154163048448
D/0/5/c0	4425465694060019712
D/0/5/cyclic	13830554455656369449
D/0/5/dom	13857013103465873429
D/0/5/root/0	13857013103465873429
D/0/5/root/1	4472356265732866048
D/0/5/root/2	4472356265732866048
D/0/5/zero/0	4472356265732866048
D/0/5/zero/1	4472356265732866048
D/0/6/s	4598751680297579843
D/0/6/c2	13857013103465594880
D/0/6/c1	4463734634282221568
D/0/6/c0	4420698158131052544
D/0/6/cyclic	13830554455655641404
D/0/6/dom	13857013103465594253
D/0/6/root/0	13857013103465594253
D/0/6/root/1	13655925620884897792
D/0/6/root/2	13655925620884897792
D/0/6/zero/0	13655925620884897792
D/0/6/zero/1	13655925620884897792
D/0/7/s	4599472256237959123
D/0/7/c2	13857013103465594880
D/0/7/c1	13729393755197276160
D/0/7/c0	4422486170487750656
D/0/7/cyclic	13830554455653718826
D/0/7/dom	13857013103466024883
D/0/7/root/0	13857013103466024883
D/0/7/root/1	13735368122365475416
D/0/7/root/2	4512053799536392792
D/0/7/zero/0	13735368122365475416
D/0/7/zero/1	4512053799536392792
D/0/8/s	4600192832178338403
D/0/8/c2	13857013103465594880
D/0/8/c1	4501900100221534208
D/0/8/c0	13654235295693930496
D/0/8/cyclic	13830554455654676460
D/0/8/dom	13857013103465368020
D/0/8/root/0	13857013103465368020
D/0/8/root/1	13694234117825101824
D/0/8/root/2	13694234117825101824
D/0/8/zero/0	13694234117825101824
D/0/8/zero/1	13694234117825101824
D/0/9/s	4600913408118717683
D/0/9/c2	13857013103465594880
D/0/9/c1	4497767104732200960
D/0/9/c0	4418431779602432000
D/0/9/cyclic	13830554455655993043
D/0/9/dom	13857013103465475697
D/0/9/root/0	13857013103465475697
D/0/9/root/1	13735405114478463080
D/0/9/root/2	4512017081152211048
D/0/9/zero/0	4512017081152211048
D/0/9/zero/1	13735405114478463080
D/0/10/s	4601633984059096963
D/0/10/c2	13857013103465594880
D/0/10/c1	4505733133047431168
D/0/10/c0	13643361926732840960
D/0/10/cyclic	13830554455653962002
D/0/10/dom	13857013103465182794
D/0/10/root/0	13857013103465182794
D/0/10/root/1	13733368190402831025
D/0/10/root/2	4509940844301394609
D/0/10/zero/0	4509940844301394609
D/0/10/zero/1	13733368190402831025
D/0/11/s	4602354559999476243
D/0/11/c2	13857013103465594880
D/0/11/c1	4499168028574875648
D/0/11/c0	4418221898203136000
D/0/11/cyclic	13830554455655906952
D/0/11/dom	13857013103465452835
D/0/11/root/0	13857013103465452835
D/0/11/root/1	13691319896615419904
D/0/11/root/2	13691319896615419904
D/0/11/zero/0	13691319896615419904
D/0/11/zero/1	13691319896615419904
D/0/12/s	4602876977556251217
D/0/12/c2	13857013103465594880
D/0/12/c1	13727348584112717824
D/0/12/c0	4420415114289610752
D/0/12/cyclic	13830554455658658922
D/0/12/dom	13857013103465897903
D/0/12/root/0	13857013103465897903
D/0/12/root/1	4472776725851275264
D/0/12/root/2	4472776725851275264
D/0/12/zero/0	4472776725851275264
D/0/12/zero/1	4472776725851275264
D/1/tau/0	4572414629676717179
D/1/tau/1	4587366580439587226
D/1/tau/2	4587366580439587226
D/1/rate_sum	13866020302720335872
D/1/n	365
D/1/n_sampled	19
D/1/skipped	0
D/1/n_rows	19
D/1/worst_zero?	1
D/1/worst_zero	4520828133869104699
D/1/dom_lo?	1
D/1/dom_lo	13866020302720837072
D/1/dom_hi?	1
D/1/dom_hi	13866020302719831423
D/1/0/s	4566758108544739836
D/1/0/c2	13866020302720335872
D/1/0/c1	13740844077073563648
D/1/0/c0	13661408298253942784
D/1/0/cyclic	13830554455656733251
D/1/0/dom	13866020302720486908
D/1/0/root/0	13866020302720486908
D/1/0/root/1	13739573895911794452
D/1/0/root/2	4516242402474551060
D/1/0/zero/0	13739573895911794452
D/1/0/zero/1	4516242402474551060
D/1/1/s	4586213658934980382
D/1/1/c2	13866020302720335872
D/1/1/c1	13748554846489804800
D/1/1/c0	4436831074022064128
D/1/1/cyclic	13830554455656630491
D/1/1/dom	13866020302720837072
D/1/1/root/0	13866020302720837072
D/1/1/root/1	4485188580041293824
D/1/1/root/2	4485188580041293824
D/1/1/zero/0	4485188580041293824
D/1/1/zero/1	4485188580041293824
D/1/2/s	4590573143374275023
D/1/2/c2	13866020302720335872
D/1/2/c1	13736441862028263424
D/1/2/c0	13653118026373922816
D/1/2/cyclic	13830554455655216518
D/1/2/dom	13866020302720412964
D/1/2/root/0	13866020302720412964
D/1/2/root/1	4472868552252063744
D/1/2/root/2	4472868552252063744
D/1/2/zero/0	4472868552252063744
D/1/2/zero/1	4472868552252063744
D/1/3/s	4593455447135792143
D/1/3/c2	13866020302720335872
D/1/3/c1	13745418543661318144
D/1/3/c0	4423798210997256192
D/1/3/cyclic	13830554455656251131
D/1/3/dom	13866020302720642344
D/1/3/root/0	13866020302720642344
D/1/3/root/1	13741699171565080009
D/1/3/root/2	4518368268685839817
D/1/3/zero/0	13741699171565080009
D/1/3/zero/1	4518368268685839817
D/1/4/s	4595004685407607591
D/1/4/c2	13866020302720335872
D/1/4/c1	13741545965997785088
D/1/4/c0	4423764033367179264
D/1/4/cyclic	13830554455656028557
D/1/4/dom	13866020302720508698
D/1/4/root/0	13866020302720508698
D/1/4/root/1	4478012686122090496
D/1/4/root/2	4478012686122090496
D/1/4/zero/0	4478012686122090496
D/1/4/zero/1	4478012686122090496
D/1/5/s	4596445837288366151
D/1/5/c2	13866020302720335872
D/1/5/c1	13734867007042486272
D/1/5/c0	13647201742067073024
D/1/5/cyclic	13830554455656107322
D/1/5/dom	13866020302720397148
D/1/5/root/0	13866020302720397148
D/1/5/root/1	4471488940037111808
D/1/5/root/2	4471488940037111808
D/1/5/zero/0	4471488940037111808
D/1/5/zero/1	4471488940037111808
D/1/6/s	4597886989169124711
D/1/6/c2	13866020302720335872
D/1/6/c1	13743578985277685760
D/1/6/c0	4428850951310278656
D/1/6/cyclic	13830554455656386668
D/1/6/dom	13866020302720571811
D/1/6/root/0	13866020302720571811
D/1/6/root/1	4480181232289710080
D/1/6/root/2	4480181232289710080
D/1/6/zero/0	4480181232289710080
D/1/6/zero/1	4480181232289710080
D/1/7/s	4598751680297579843
D/1/7/c2	13866020302720335872
D/1/7/c1	4512765111202480128
D/1/7/c0	4441437004846071808
D/1/7/cyclic	13830554455654412360
D/1/7/dom	13866020302720263510
D/1/7/root/0	13866020302720263510
D/1/7/root/1	13735988544326092217
D/1/7/root/2	4512587339264461682
D/1/7/zero/0	4512587339264461682
D/1/7/zero/1	13735988544326092217
D/1/8/s	4599472256237959123
D/1/8/c2	13866020302720335872
D/1/8/c1	4521984725312602112
D/1/8/c0	4427628631870668800
D/1/8/cyclic	13830554455654347849
D/1/8/dom	13866020302720033236
D/1/8/root/0	13866020302720033236
D/1/8/root/1	13705149313351417856
D/1/8/root/2	13705149313351417856
D/1/8/zero/0	13705149313351417856
D/1/8/zero/1	13705149313351417856
D/1/9/s	4600192832178338403
D/1/9/c2	13866020302720335872
D/1/9/c1	13746421089288847360
D/1/9/c0	13663793439249006592
D/1/9/cyclic	13830554455656602802
D/1/9/dom	13866020302720704590
D/1/9/root/0	13866020302720704590
D/1/9/root/1	13744150682231647803
D/1/9/root/2	4520828133869104699
D/1/9/zero/0	13744150682231647803
D/1/9/zero/1	4520828133869104699
D/1/10/s	4600913408118717683
D/1/10/c2	13866020302720335872
D/1/10/c1	4505291636179206144
D/1/10/c0	4410337488271310848
D/1/10/cyclic	13830554455655931424
D/1/10/dom	13866020302720311830
D/1/10/root/0	13866020302720311830
D/1/10/root/1	13688544282590314496
D/1/10/root/2	13688544282590314496
D/1/10/zero/0	13688544282590314496
D/1/10/zero/1	13688544282590314496
D/1/11/s	4601633984059096963
D/1/11/c2	13866020302720335872
D/1/11/c1	13726325310301929472
D/1/11/c0	4419805825816592384
D/1/11/cyclic	13830554455654429973
D/1/11/dom	13866020302720352094
D/1/11/root/0	13866020302720352094
D/1/11/root/1	13741137296043511118
D/1/11/root/2	4517767436468718926
D/1/11/zero/0	13741137296043511118
D/1/11/zero/1	4517767436468718926
D/1/12/s	4602354559999476243
D/1/12/c2	13866020302720335872
D/1/12/c1	13739570758588301312
D/1/12/c0	13659753908405272576
D/1/12/cyclic	13830554455656724502
D/1/12/dom	13866020302720461531
D/1/12/root/0	13866020302720461531
D/1/12/root/1	4476206051078701056
D/1/12/root/2	4476206051078701056
D/1/12/zero/0	4476206051078701056
D/1/12/zero/1	4476206051078701056
D/1/13/s	4602876977556251217
D/1/13/c2	13866020302720335872
D/1/13/c1	4525235152267247616
D/1/13/c0	4440283444032831488
D/1/13/cyclic	13830554455653551547
D/1/13/dom	13866020302719831423
D/1/13/root/0	13866020302719831423
D/1/13/root/1	13708616434291048448
D/1/13/root/2	13708616434291048448
D/1/13/zero/0	13708616434291048448
D/1/13/zero/1	13708616434291048448
D/1/14/s	4603237265526440857
D/1/14/c2	13866020302720335872
D/1/14/c1	4519064408470585344
D/1/14/c0	13668686562129346560
D/1/14/cyclic	13830554455653948703
D/1/14/dom	13866020302720135402
D/1/14/root/0	13866020302720135402
D/1/14/root/1	13742460077367165879
D/1/14/root/2	4519061133884457911
D/1/14/zero/0	4519061133884457911
D/1/14/zero/1	13742460077367165879
D/1/15/s	4603597553496630497
D/1/15/c2	13866020302720335872
D/1/15/c1	4519287769050120192
D/1/15/c0	13663737589796962304
D/1/15/cyclic	13830554455655903369
D/1/15/dom	13866020302720128468
D/1/15/root/0	13866020302720128468
D/1/15/root/1	13742159542769095488
D/1/15/root/2	4518759668620661568
D/1/15/zero/0	4518759668620661568
D/1/15/zero/1	13742159542769095488
D/1/16/s	4603957841466820137
D/1/16/c2	13866020302720335872
D/1/16/c1	4524137434190970880
D/1/16/c0	13662353613899431936
D/1/16/cyclic	13830554455652187169
D/1/16/dom	13866020302719899578
D/1/16/root/0	13866020302719899578
D/1/16/root/1	13707445540306812928
D/1/16/root/2	13707445540306812928
D/1/16/zero/0	13707445540306812928
D/1/16/zero/1	13707445540306812928
D/1/17/s	4604318129437009777
D/1/17/c2	13866020302720335872
D/1/17/c1	13742104086797352960
D/1/17/c0	4427471526924648448
D/1/17/cyclic	13830554455656360339
D/1/17/dom	13866020302720526024
D/1/17/root/0	13866020302720526024
D/1/17/root/1	4478608002949054464
D/1/17/root/2	4478608002949054464
D/1/17/zero/0	4478608002949054464
D/1/17/zero/1	4478608002949054464
D/1/18/s	4604678417407199417
D/1/18/c2	13866020302720335872
D/1/18/c1	4522952399832219648
D/1/18/c0	4444318153341665280
D/1/18/cyclic	13830554455653709739
D/1/18/dom	13866020302719973155
D/1/18/root/0	13866020302719973155
D/1/18/root/1	13706181497071861760
D/1/18/root/2	13706181497071861760
D/1/18/zero/0	13706181497071861760
D/1/18/zero/1	13706181497071861760
D/2/tau/0	4602678819172646912
D/2/tau/1	4587366580439587226
D/2/tau/2	4587366580439587226
D/2/rate_sum	13854479828675198976
D/2/n	160
D/2/n_sampled	8
D/2/skipped	1
D/2/n_rows	7
D/2/worst_zero?	1
D/2/worst_zero	4507543198196725019
D/2/dom_lo?	1
D/2/dom_lo	13854479828675361336
D/2/dom_hi?	1
D/2/dom_hi	13854479828675189458
D/2/0/s	4586213658934980382
D/2/0/c2	13854479828675198976
D/2/0/c1	13718070325176958976
D/2/0/c0	13629696065342013440
D/2/0/cyclic	13830554455656156274
D/2/0/dom	13854479828675301188
D/2/0/root/0	13854479828675301188
D/2/0/root/1	4465587586252931072
D/2/0/root/2	4465587586252931072
D/2/0/zero/0	4465587586252931072
D/2/0/zero/1	4465587586252931072
D/2/1/s	4590573143374275023
D/2/1/c2	13854479828675198976
D/2/1/c1	13719689532142518272
D/2/1/c0	13626760562332401664
D/2/1/cyclic	13830554455656021313
D/2/1/dom	13854479828675337093
D/2/1/root/0	13854479828675337093
D/2/1/root/1	4467812894708334592
D/2/1/root/2	4467812894708334592
D/2/1/zero/0	4467812894708334592
D/2/1/zero/1	4467812894708334592
D/2/2/s	4593455447135792143
D/2/2/c2	13854479828675198976
D/2/2/c1	4478942340383244288
D/2/2/c0	13627548055975755776
D/2/2/cyclic	13830554455651565799
D/2/2/dom	13854479828675189458
D/2/2/root/0	13854479828675189458
D/2/2/root/1	13673657444906041344
D/2/2/root/2	13673657444906041344
D/2/2/zero/0	13673657444906041344
D/2/2/zero/1	13673657444906041344
D/2/3/s	4595004685407607591
D/2/3/c2	13854479828675198976
D/2/3/c1	13718016427632361472
D/2/3/c0	13633576135416610816
D/2/3/cyclic	13830554455654059570
D/2/3/dom	13854479828675299993
D/2/3/root/0	13854479828675299993
D/2/3/root/1	4465505466478231552
D/2/3/root/2	4465505466478231552
D/2/3/zero/0	4465505466478231552
D/2/3/zero/1	4465505466478231552
D/2/4/s	4596445837288366151
D/2/4/c2	13854479828675198976
D/2/4/c1	13720782847206227968
D/2/4/c0	13633744322678489088
D/2/4/cyclic	13830554455657072570
D/2/4/dom	13854479828675361336
D/2/4/root/0	13854479828675361336
D/2/4/root/1	13730871651870864667
D/2/4/root/2	4507543198196725019
D/2/4/zero/0	13730871651870864667
D/2/4/zero/1	4507543198196725019
D/2/5/s	4597886989169124711
D/2/5/c2	13854479828675198976
D/2/5/c1	13713596189025239040
D/2/5/c0	13633639650122792960
D/2/5/cyclic	13830554455656434035
D/2/5/dom	13854479828675250409
D/2/5/root/0	13854479828675250409
D/2/5/root/1	4461128929163345920
D/2/5/root/2	4461128929163345920
D/2/5/zero/0	4461128929163345920
D/2/5/zero/1	4461128929163345920
D/2/6/s	4598751680297579843
D/2/6/c2	13854479828675198976
D/2/6/c1	13712998774106750976
D/2/6/c0	4410367578547945472
D/2/6/cyclic	13830554455655751735
D/2/6/dom	13854479828675246347
D/2/6/root/0	13854479828675246347
D/2/6/root/1	4460570652134342656
D/2/6/root/2	4460570652134342656
D/2/6/zero/0	4460570652134342656
D/2/6/zero/1	4460570652134342656
D/3/tau/0	4587366580439587226
D/3/tau/1	4581421828931458171
D/3/tau/2	4591870180066957722
D/3/rate_sum	13858701953325858816
D/3/n	247
D/3/n_sampled	13
D/3/skipped	1
D/3/n_rows	12
D/3/worst_zero?	1
D/3/worst_zero	4514069032477337508
D/3/dom_lo?	1
D/3/dom_lo	13858701953326295035
D/3/dom_hi?	1
D/3/dom_hi	13858701953325308598
D/3/0/s	4586213658934980382
D/3/0/c2	13858701953325858816
D/3/0/c1	4503608034768977920
D/3/0/c0	4430993092077682688
D/3/0/cyclic	13830554455655596841
D/3/0/dom	13858701953325753763
D/3/0/root/0	13858701953325753763
D/3/0/root/1	13693658454768484352
D/3/0/root/2	13693658454768484352
D/3/0/zero/0	13693658454768484352
D/3/0/zero/1	13693658454768484352
D/3/1/s	4590573143374275023
D/3/1/c2	13858701953325858816
D/3/1/c1	13732961740222627840
D/3/1/c0	4418988136672002048
D/3/1/cyclic	13830554455657898620
D/3/1/dom	13858701953326137751
D/3/1/root/0	13858701953326137751
D/3/1/root/1	4476866496789741568
D/3/1/root/2	4476866496789741568
D/3/1/zero/0	4476866496789741568
D/3/1/zero/1	4476866496789741568
D/3/2/s	4593455447135792143
D/3/2/c2	13858701953325858816
D/3/2/c1	4514011148323913728
D/3/2/c0	4413916790736814080
D/3/2/cyclic	13830554455655727425
D/3/2/dom	13858701953325308598
D/3/2/root/0	13858701953325308598
D/3/2/root/1	13704676403092389888
D/3/2/root/2	13704676403092389888
D/3/2/zero/0	13704676403092389888
D/3/2/zero/1	13704676403092389888
D/3/3/s	4595004685407607591
D/3/3/c2	13858701953325858816
D/3/3/c1	13710707928745377792
D/3/3/c0	4407108243357171712
D/3/3/cyclic	13830554455653166967
D/3/3/dom	13858701953325867917
D/3/3/root/0	13858701953325867917
D/3/3/root/1	13734770905794352801
D/3/3/root/2	4511401311970662049
D/3/3/zero/0	13734770905794352801
D/3/3/zero/1	4511401311970662049
D/3/4/s	4596445837288366151
D/3/4/c2	13858701953325858816
D/3/4/c1	13729373589252079616
D/3/4/c0	4425941943922458624
D/3/4/cyclic	13830554455655255429
D/3/4/dom	13858701953326019598
D/3/4/root/0	13858701953326019598
D/3/4/root/1	4473095257805815808
D/3/4/root/2	4473095257805815808
D/3/4/zero/0	4473095257805815808
D/3/4/zero/1	4473095257805815808
D/3/5/s	4597886989169124711
D/3/5/c2	13858701953325858816
D/3/5/c1	4508716982119432192
D/3/5/c0	13646220891980300288
D/3/5/cyclic	13830554455654673560
D/3/5/dom	13858701953325620521
D/3/5/root/0	13858701953325620521
D/3/5/root/1	13699130621060710400
D/3/5/root/2	13699130621060710400
D/3/5/zero/0	13699130621060710400
D/3/5/zero/1	13699130621060710400
D/3/6/s	4598751680297579843
D/3/6/c2	13858701953325858816
D/3/6/c1	13727270737830477824
D/3/6/c0	4424622747202617344
D/3/6/cyclic	13830554455656080264
D/3/6/dom	13858701953325970637
D/3/6/root/0	13858701953325970637
D/3/6/root/1	4470751511332257792
D/3/6/root/2	4470751511332257792
D/3/6/zero/0	4470751511332257792
D/3/6/zero/1	4470751511332257792
D/3/7/s	4599472256237959123
D/3/7/c2	13858701953325858816
D/3/7/c1	4506862148953047040
D/3/7/c0	4426635209363947520
D/3/7/cyclic	13830554455654927445
D/3/7/dom	13858701953325677997
D/3/7/root/0	13858701953325677997
D/3/7/root/1	13697155760738271232
D/3/7/root/2	13697155760738271232
D/3/7/zero/0	13697155760738271232
D/3/7/zero/1	13697155760738271232
D/3/8/s	4600192832178338403
D/3/8/c2	13858701953325858816
D/3/8/c1	13736159131042054144
D/3/8/c0	4429050179106111488
D/3/8/cyclic	13830554455653281051
D/3/8/dom	13858701953326295035
D/3/8/root/0	13858701953326295035
D/3/8/root/1	13734033210022248878
D/3/8/root/2	4510778269813653934
D/3/8/zero/0	13734033210022248878
D/3/8/zero/1	4510778269813653934
D/3/9/s	4600913408118717683
D/3/9/c2	13858701953325858816
D/3/9/c1	13722975837106470912
D/3/9/c0	13632979033330286592
D/3/9/cyclic	13830554455658060909
D/3/9/dom	13858701953325917156
D/3/9/root/0	13858701953325917156
D/3/9/root/1	13731459562485523081
D/3/9/root/2	4508111036838809924
D/3/9/zero/0	13731459562485523081
D/3/9/zero/1	4508111036838809924
D/3/10/s	4601633984059096963
D/3/10/c2	13858701953325858816
D/3/10/c1	13727664732360409088
D/3/10/c0	4418701552693280768
D/3/10/cyclic	13830554455656356887
D/3/10/dom	13858701953325979810
D/3/10/root/0	13858701953325979810
D/3/10/root/1	13737424829792331684
D/3/10/root/2	4514069032477337508
D/3/10/zero/0	13737424829792331684
D/3/10/zero/1	4514069032477337508
D/3/11/s	4602354559999476243
D/3/11/c2	13858701953325858816
D/3/11/c1	13724749972132331520
D/3/11/c0	13654858165920464896
D/3/11/cyclic	13830554455656103746
D/3/11/dom	13858701953325937810
D/3/11/root/0	13858701953325937810
D/3/11/root/1	4468495657069445120
D/3/11/root/2	4468495657069445120
D/3/11/zero/0	4468495657069445120
D/3/11/zero/1	4468495657069445120
E/s	4598445435522918648
E/floor	4466350071796989952
E/gain?	1
E/gain	4609265802226465220
E/resolves?	1
E/resolves	4463887314359590816
E/n_rows	5
E/0/delta	0
E/0/dep?	1
E/0/dep	13689722108651765760
E/0/n_off	0
E/0/cyclic	13830554455656606138
E/0/pair_RC	4607182418800293571
E/0/pair_RV	4607182418800503284
E/0/pair_CV	4607182418800333575
E/1/delta	4547007122018943789
E/1/dep?	1
E/1/dep	4549542655752458240
E/1/n_off	0
E/1/cyclic	13830553134699779635
E/1/pair_RC	4607181150282756961
E/1/pair_RV	4607181398495631524
E/1/pair_CV	4607182065659398885
E/2/delta	4562254508917369340
E/2/dep?	1
E/2/dep	4564404529366827520
E/2/n_off	0
E/2/cyclic	13830541249196848127
E/2/pair_RC	4607169735713295734
E/2/pair_RV	4607172215361685780
E/2/pair_CV	4607178887545552345
E/3/delta	4576918229304087675
E/3/dep?	1
E/3/dep	4579585681927174144
E/3/n_off	0
E/3/cyclic	13830422704715010080
E/3/pair_RC	4607055800245460580
E/3/pair_RV	4607080346383415825
E/3/pair_CV	4607147122022949638
E/4/delta	4584304132692975288
E/4/dep?	1
E/4/dep	4586451106974034688
E/4/n_off	0
E/4/cyclic	13830161312783653200
E/4/pair_RC	4606804009192146457
E/4/pair_RV	4606875957137167985
E/4/pair_CV	4607076634224148505
F/phi_lim	4605380978949069210
F/m_lim	4603292946394561070
F/sum_singles	4642815052068956164
F/delivered	4636493268169042939
F/bare/I	4583097979399224452
F/bare/I_inc	4586399690519997872
F/bare/min_phi	4604799488634795072
F/bare/end_s	4610334938539176691
F/bare/v_min	0
F/bare/v_max_used	0
F/bare/b_max_used	0
F/bare/credit	0
F/bare/credit_inc	0
F/bare/npts	341
F/bare/v_saturated	0
F/F/I	4577024239973346367
F/F/I_inc	4580365186205060107
F/F/min_phi	4605138831325119760
F/F/end_s	4607520188772070191
F/F/v_min	0
F/F/v_max_used	0
F/F/b_max_used	0
F/F/credit	4633718604500143954
F/F/credit_inc	4633960412258807126
F/F/npts	216
F/F/v_saturated	0
F/V/I	4566586863960524809
F/V/I_inc	4569208501059281351
F/V/min_phi	4605283005581406088
F/V/end_s	4610334938539176691
F/V/v_min	0
F/V/v_max_used	0
F/V/b_max_used	4591145703936804602
F/V/credit	4636208631389687833
F/V/credit_inc	4636239455169223092
F/V/npts	341
F/V/v_saturated	0
F/S/I	4567085824400209638
F/S/I_inc	4589574937396266913
F/S/min_phi	4605276762478677317
F/S/end_s	4610334938539176691
F/S/v_min	13818542385278375627
F/S/v_max_used	13666115176982958843
F/S/b_max_used	0
F/S/credit	4636153379898161222
F/S/credit_inc	13856649561141399000
F/S/npts	341
F/S/v_saturated	0
F/FV/I	4564692051119065512
F/FV/I_inc	4567689867597545263
F/FV/min_phi	4605318696076901482
F/FV/end_s	4610334938539176691
F/FV/v_min	0
F/FV/v_max_used	0
F/FV/b_max_used	4590351724507034863
F/FV/credit	4636320629051980818
F/FV/credit_inc	4636346510151138408
F/FV/npts	341
F/FV/v_saturated	0
F/FS/I	4569666831726228025
F/FS/I_inc	4587512153346806934
F/FS/min_phi	4605293461754114272
F/FS/end_s	4610334938539176691
F/FS/v_min	13818221249833928746
F/FS/v_max_used	0
F/FS/b_max_used	0
F/FS/credit	4635848266083698677
F/FS/credit_inc	13849084280003944598
F/FS/npts	341
F/FS/v_saturated	0
F/VS/I	4562360043980857169
F/VS/I_inc	4580636780571678357
F/VS/min_phi	4605321963191781138
F/VS/end_s	4610334938539176691
F/VS/v_min	13810687483994967567
F/VS/v_max_used	0
F/VS/b_max_used	4589328081560243048
F/VS/credit	4636458468178999158
F/VS/credit_inc	4633654078642547892
F/VS/npts	341
F/VS/v_saturated	0
F/FVS/I	4561396150357540474
F/FVS/I_inc	4580330388101246201
F/FVS/min_phi	4605337338781934368
F/FVS/end_s	4610334938539176691
F/FVS/v_min	13809809058062226950
F/FVS/v_max_used	0
F/FVS/b_max_used	4588996529370637143
F/FVS/credit	4636493268169042939
F/FVS/credit_inc	4633999661338650014
F/FVS/npts	341
F/FVS/v_saturated	0
F/marginal/fuel	4602580417369113856
F/marginal_inc/fuel	4612711741937651360
F/singles/fuel	4633718604500143954
F/erosion/fuel	4638316331223059834
F/marginal/valve	4621349634737512496
F/marginal_inc/valve	4635356595318205172
F/singles/valve	4636208631389687833
F/erosion/valve	4621869908252757161
F/marginal/stator	4612706870546005280
F/marginal_inc/stator	13853043939335677540
F/singles/stator	4636153379898161222
F/erosion/stator	4630457350467203810
G/v_max	4581421828931458171
G/n_saturated	60
G/n_riding	38
G/n_rows	2
G/0/s	4596373779694328221
G/0/regime	5041869447465158464
G/0/n_off	4
G/0/n_zero	0
G/0/V_g	0
G/0/V_q	0
G/0/pair_RC	4607064113037666696
G/0/pair_RV	0
G/0/pair_CV	0
G/0/c1	4650294303425166024
G/0/c0	13860466563938565312
G/0/root/0	13854179807322116494
G/0/root/1	13849694754071117824
G/0/root/2	13817287929496498752
G/1/s	4600877379321698718
G/1/regime	10791139852042193048
G/1/n_off	0
G/1/n_zero	2
G/1/V_g	4626233918120900869
G/1/V_q	4610066208162879724
G/1/pair_RC	4607203983219021600
G/1/pair_RV	4607199146655621303
G/1/pair_CV	4607188546251736060
G/1/c1	13839438400920140928
G/1/c0	13809334856126360064
G/1/root/0	13857022349024509574
G/1/root/1	4578435220893000132
G/1/root/2	4587807873586454415
H/order_members	1
H/start_spread_I?	1
H/start_spread_I	4610362116044583382
H/start_spread_withheld?	1
H/start_spread_withheld	4616408396169778830
H/order/gqv/g0	0
H/order/gqv/b0	4585439236324657495
H/order/gqv/v0	0
H/order/gqv/res	0
H/order/gqv/I	4561396150357540474
H/order/gqv/min_phi	4605337338781934368
H/order/gqv/withheld	4558414758188948737
H/order/gqv/iters	1
H/order/gvq/g0	0
H/order/gvq/b0	4585439236324657495
H/order/gvq/v0	0
H/order/gvq/res	0
H/order/gvq/I	4561396150357540474
H/order/gvq/min_phi	4605337338781934368
H/order/gvq/withheld	4558414758188948737
H/order/gvq/iters	1
H/order/qgv/g0	0
H/order/qgv/b0	4585439236324657495
H/order/qgv/v0	0
H/order/qgv/res	0
H/order/qgv/I	4561396150357540474
H/order/qgv/min_phi	4605337338781934368
H/order/qgv/withheld	4558414758188948737
H/order/qgv/iters	1
H/order/qvg/g0	0
H/order/qvg/b0	4585439236324657495
H/order/qvg/v0	0
H/order/qvg/res	0
H/order/qvg/I	4561396150357540474
H/order/qvg/min_phi	4605337338781934368
H/order/qvg/withheld	4558414758188948737
H/order/qvg/iters	1
H/order/vgq/g0	0
H/order/vgq/b0	4585439236324657495
H/order/vgq/v0	0
H/order/vgq/res	0
H/order/vgq/I	4561396150357540474
H/order/vgq/min_phi	4605337338781934368
H/order/vgq/withheld	4558414758188948737
H/order/vgq/iters	1
H/order/vqg/g0	0
H/order/vqg/b0	4585439236324657495
H/order/vqg/v0	0
H/order/vqg/res	0
H/order/vqg/I	4561396150357540474
H/order/vqg/min_phi	4605337338781934368
H/order/vqg/withheld	4558414758188948737
H/order/vqg/iters	1
H/start/none/g0	0
H/start/none/b0	4585439236324657495
H/start/none/v0	0
H/start/none/res	0
H/start/none/I	4561396150357540474
H/start/none/min_phi	4605337338781934368
H/start/none/withheld	4558414758188948737
H/start/none/iters	1
H/start/0.0000/g0	4566747135185614878
H/start/0.0000/b0	0
H/start/0.0000/v0	0
H/start/0.0000/res	0
H/start/0.0000/I	4565247256378470207
H/start/0.0000/min_phi	4605321783485679137
H/start/0.0000/withheld	4566485951820774916
H/start/0.0000/iters	2
H/start/0.0200/g0	4561708501207827888
H/start/0.0200/b0	4581421828931458171
H/start/0.0200/v0	13596867996295104519
H/start/0.0200/res	4373495959440328761
H/start/0.0200/I	4563252704582565555
H/start/0.0200/min_phi	4605330002182397885
H/start/0.0200/withheld	4563201749766668418
H/start/0.0200/iters	2
H/start/0.0600/g0	0
H/start/0.0600/b0	4588807732320345784
H/start/0.0600/v0	0
H/start/0.0600/res	0
H/start/0.0600/I	4558759575226921979
H/start/0.0600/min_phi	4605345354386677546
H/start/0.0600/withheld	4555445476819071275
H/start/0.0600/iters	1
I/0/c2	13857013103465594880
I/0/c1	4487126258331716666
I/0/c0	13620719926542150555
I/0/root/0	13857013103465571424
I/0/root/1	13679376004882104320
I/0/root/2	13679376004882104320
I/1/c2	13857013103465594880
I/1/c1	0
I/1/c0	0
I/1/root/0	13857013103465594880
I/1/root/1	0
I/1/root/2	9223372036854775808
I/2/c2	0
I/2/c1	4607182418800017408
I/2/c0	13830554455654793216
I/2/root/0	13827693118886181018
I/2/root/1	4599817482404034714
I/2/root/2	4599817482404034714
I/3/c2	13837309855095848960
I/3/c1	4613937818241073152
I/3/c0	13830554455654793216
I/3/root/0	13830554461058864541
I/3/root/1	13830554450250721891
I/3/root/2	13830554450250721891
I/4/c2	13835058055282163712
I/4/c1	4617315517961601024
I/4/c0	13845191154443747328
I/4/root/0	13835058055282163712
I/4/root/1	9223372036854775808
I/4/root/2	9223372036854775808
I/5/c2	13841813454723219456
I/5/c1	4622382067542392832
I/5/c0	13841813454723219456
I/5/root/0	13837309855095848960
I/5/root/1	13835058055282163712
I/5/root/2	13830554455654793216
I/6/c2	4607182418800017408
I/6/c1	13830554455654793216
I/6/c0	4607182418800017408
I/6/root/0	13830554455654793216
I/6/root/1	4607182418800017408
I/6/root/2	4607182418800017408
J/v_at_point/0	0
J/v_of_lp/0	0
J/v_of_hp/0	0
J/v_at_point/60	13809788495989450291
J/v_of_lp/60	0
J/v_of_hp/60	0
J/v_at_point/170	13762121934923203350
J/v_of_lp/170	0
J/v_of_hp/170	0
J/v_at_point/340	13651552860105748866
J/v_of_lp/340	0
J/v_of_hp/340	0
J/v_of_is_parent_outside_a_march	1
K/0/0/I	4561396150357540391
K/0/0/v_min	13809809058062226955
K/0/0/saturated	0
K/0/0/npts	341
K/0/1/I	4580544623075447845
K/0/1/v_min	13810738617294363034
K/0/1/saturated	1
K/0/1/npts	341
K/1/0/I	4561396150357540402
K/1/0/v_min	13809809058062226961
K/1/0/saturated	0
K/1/0/npts	341
K/1/1/I	4576161214847897539
K/1/1/v_min	13815241815778089098
K/1/1/saturated	1
K/1/1/npts	341
K/2/0/I	4561396150357540474
K/2/0/v_min	13809809058062226950
K/2/0/saturated	0
K/2/0/npts	341
K/2/1/I	4567085824400209638
K/2/1/v_min	13818542385278375627
K/2/1/saturated	0
K/2/1/npts	341
K/3/0/I	4563235601472710842
K/3/0/v_min	13804785270117775889
K/3/0/saturated	1
K/3/0/npts	341
K/3/1/I	4582089421040472639
K/3/1/v_min	13804793865786233979
K/3/1/saturated	1
K/3/1/npts	341
L/0/tau_s	4581421828931458171
L/0/I	4558225883054741540
L/0/v_min	13812856969442038259
L/1/tau_s	4602678819172646912
L/1/I	4564225636782810262
L/1/v_min	13798065606089712555
L/2/tau_s	4611686018427387904
L/2/I	4564569385297736180
L/2/v_min	13789483531959327423
L/3/tau_s	4621819117588971520
L/3/I	4564667219803720187
L/3/v_min	13778879470139015157
L/4/tau_s	4647503709213818880
L/4/I	4564691553011785793
L/4/v_min	13753813203369433826
