# slice AB step 4 -- rung 69 ORACLE, the SUITE's grid (A-I), uncoarsened, plus TWO declared extra grids (J, K). key<TAB>u64 (floats are IEEE-754 bits).
A/0/split/npts	341
A/0/split/0/nkeys	24
A/0/split/0/Tt4	4652007308841189378
A/0/split/0/b	4585439236324657495
A/0/split/0/b_cmd	4585439236324657495
A/0/split/0/branch	13126223303132988745
A/0/split/0/f	4580382169689562672
A/0/split/0/g	0
A/0/split/0/ic_iters	1
A/0/split/0/ic_order	15359057144970489593
A/0/split/0/ic_res	0
A/0/split/0/mdot_air	4603364550124398404
A/0/split/0/mf	4576598004192639869
A/0/split/0/mf_sched	4576598004192639869
A/0/split/0/nu_hp	4605292294839495533
A/0/split/0/nu_lp	4604908498284992449
A/0/split/0/phi_hp	4606680258087474445
A/0/split/0/phi_lp	4605380978949069210
A/0/split/0/pi_hpc	4616236729973011810
A/0/split/0/pi_lpc	4611845222978564899
A/0/split/0/required	0
A/0/split/0/s	0
A/0/split/0/sp_thrust	4646329581975695664
A/0/split/0/v	0
A/0/split/0/v_cmd	0
A/0/split/0/v_regime	9087740570393753374
A/0/split/37/nkeys	24
A/0/split/37/Tt4	4653201279513947702
A/0/split/37/b	4588283916052478148
A/0/split/37/b_cmd	4588816021533677933
A/0/split/37/branch	13126223303132988745
A/0/split/37/f	4582449570463576090
A/0/split/37/g	4563238400307037223
A/0/split/37/ic_iters	1
A/0/split/37/ic_order	15359057144970489593
A/0/split/37/ic_res	0
A/0/split/37/mdot_air	4603295664792427577
A/0/split/37/mf	4578876300152610267
A/0/split/37/mf_sched	4579575747328622176
A/0/split/37/nu_hp	4605368676378385868
A/0/split/37/nu_lp	4604981195776296738
A/0/split/37/phi_hp	4606236523212060026
A/0/split/37/phi_lp	4605356521094422078
A/0/split/37/pi_hpc	4616523750848441131
A/0/split/37/pi_lpc	4612050428844504245
A/0/split/37/required	4564378869151295184
A/0/split/37/s	4595833347739043761
A/0/split/37/sp_thrust	4647986825088516832
A/0/split/37/v	13808573838421071625
A/0/split/37/v_cmd	13809506090164404756
A/0/split/37/v_regime	10791139852042193048
A/0/split/74/nkeys	24
A/0/split/74/Tt4	4654341962053433446
A/0/split/74/b	4588863877173686716
A/0/split/74/b_cmd	4588604338085188893
A/0/split/74/branch	13126223303132988745
A/0/split/74/f	4584614970265103814
A/0/split/74/g	4564723366124247284
A/0/split/74/ic_iters	1
A/0/split/74/ic_order	15359057144970489593
A/0/split/74/ic_res	0
A/0/split/74/mdot_air	4603461642912807780
A/0/split/74/mf	4580914621798617875
A/0/split/74/mf_sched	4581357155750199458
A/0/split/74/nu_hp	4605585870778599927
A/0/split/74/nu_lp	4605196338048499186
A/0/split/74/phi_hp	4605983420096679518
A/0/split/74/phi_lp	4605392898909208813
A/0/split/74/pi_hpc	4616949691743207257
A/0/split/74/pi_lpc	4612296311333588556
A/0/split/74/required	4564045372451731728
A/0/split/74/s	4600336947366414258
A/0/split/74/sp_thrust	4648996024165647708
A/0/split/74/v	13809588656483199638
A/0/split/74/v_cmd	13809160749580020899
A/0/split/74/v_regime	10791139852042193048
A/0/split/111/nkeys	24
A/0/split/111/Tt4	4655008032853979347
A/0/split/111/b	4585603837371825056
A/0/split/111/b_cmd	4582547087878464613
A/0/split/111/branch	13126223303132988745
A/0/split/111/f	4585238583516203333
A/0/split/111/g	4561233774049064894
A/0/split/111/ic_iters	1
A/0/split/111/ic_order	15359057144970489593
A/0/split/111/ic_res	0
A/0/split/111/mdot_air	4603934219682467713
A/0/split/111/mf	4582150435113207381
A/0/split/111/mf_sched	4582403389825004051
A/0/split/111/nu_hp	4605925490917827983
A/0/split/111/nu_lp	4605567846643707919
A/0/split/111/phi_hp	4606046193506383667
A/0/split/111/phi_lp	4605467418262022379
A/0/split/111/pi_hpc	4617447500678841937
A/0/split/111/pi_lpc	4612543280231928251
A/0/split/111/required	0
A/0/split/111/s	4603174215131657670
A/0/split/111/sp_thrust	4649661267959190012
A/0/split/111/v	13800321077242033596
A/0/split/111/v_cmd	0
A/0/split/111/v_regime	9087740570393753374
A/0/split/148/nkeys	24
A/0/split/148/Tt4	4654633815682262223
A/0/split/148/b	4564303809349763090
A/0/split/148/b_cmd	0
A/0/split/148/branch	13126223303132988745
A/0/split/148/f	4584788028166657860
A/0/split/148/g	4553351831008276842
A/0/split/148/ic_iters	1
A/0/split/148/ic_order	15359057144970489593
A/0/split/148/ic_res	0
A/0/split/148/mdot_air	4604669453999827404
A/0/split/148/mf	4582329699084940365
A/0/split/148/mf_sched	4582403389825004051
A/0/split/148/nu_hp	4606223282298364096
A/0/split/148/nu_lp	4605935270979800200
A/0/split/148/phi_hp	4606391943603464238
A/0/split/148/phi_lp	4605724070830438762
A/0/split/148/pi_hpc	4617649925954413900
A/0/split/148/pi_lpc	4612853519306396292
A/0/split/148/required	0
A/0/split/148/s	4604840546993784755
A/0/split/148/sp_thrust	4649538036230648823
A/0/split/148/v	13776592737796528620
A/0/split/148/v_cmd	0
A/0/split/148/v_regime	9087740570393753374
A/0/split/185/nkeys	24
A/0/split/185/Tt4	4654356515581034609
A/0/split/185/b	4540394700819405563
A/0/split/185/b_cmd	0
A/0/split/185/branch	13126223303132988745
A/0/split/185/f	4584258367156070259
A/0/split/185/g	4545124124524619597
A/0/split/185/ic_iters	1
A/0/split/185/ic_order	15359057144970489593
A/0/split/185/ic_res	0
A/0/split/185/mdot_air	4605217388362414356
A/0/split/185/mf	4582381922246351084
A/0/split/185/mf_sched	4582403389825004051
A/0/split/185/nu_hp	4606429274983908435
A/0/split/185/nu_lp	4606199243216969409
A/0/split/185/phi_hp	4606635299592050145
A/0/split/185/phi_lp	4606080540553190960
A/0/split/185/pi_hpc	4617776118313728207
A/0/split/185/pi_lpc	4613069709888707132
A/0/split/185/required	0
A/0/split/185/s	4606506878855911840
A/0/split/185/sp_thrust	4649420217939222782
A/0/split/185/v	13752241080966575416
A/0/split/185/v_cmd	0
A/0/split/185/v_regime	9087740570393753374
A/0/split/222/nkeys	24
A/0/split/222/Tt4	4654178570452550001
A/0/split/222/b	4516441809838265406
A/0/split/222/b_cmd	0
A/0/split/222/branch	13126223303132988745
A/0/split/222/f	4583839653539690666
A/0/split/222/g	4537025252278574560
A/0/split/222/ic_iters	1
A/0/split/222/ic_order	15359057144970489593
A/0/split/222/ic_res	0
A/0/split/222/mdot_air	4605594499258422695
A/0/split/222/mf	4582397135892246380
A/0/split/222/mf_sched	4582403389825004051
A/0/split/222/nu_hp	4606566297649891597
A/0/split/222/nu_lp	4606377479550440064
A/0/split/222/phi_hp	4606794048939138198
A/0/split/222/phi_lp	4606322606931341824
A/0/split/222/pi_hpc	4617855580866950268
A/0/split/222/pi_lpc	4613213992417393543
A/0/split/222/required	0
A/0/split/222/s	4607677814759028155
A/0/split/222/sp_thrust	4649338615168611680
A/0/split/222/v	13728207912165156955
A/0/split/222/v_cmd	0
A/0/split/222/v_regime	9087740570393753374
A/0/split/259/nkeys	24
A/0/split/259/Tt4	4654066567123890082
A/0/split/259/b	4492182344526539486
A/0/split/259/b_cmd	0
A/0/split/259/branch	13126223303132988745
A/0/split/259/f	4583575419345288047
A/0/split/259/g	4529076507938789931
A/0/split/259/ic_iters	1
A/0/split/259/ic_order	15359057144970489593
A/0/split/259/ic_res	0
A/0/split/259/mdot_air	4605847125886461468
A/0/split/259/mf	4582401567929970161
A/0/split/259/mf_sched	4582403389825004051
A/0/split/259/nu_hp	4606655811693290883
A/0/split/259/nu_lp	4606496238194069863
A/0/split/259/phi_hp	4606895722775413317
A/0/split/259/phi_lp	4606479778578701158
A/0/split/259/pi_hpc	4617905269379810039
A/0/split/259/pi_lpc	4613310231112977022
A/0/split/259/required	0
A/0/split/259/s	4608510980690091679
A/0/split/259/sp_thrust	4649285539737995588
A/0/split/259/v	13704491178425568089
A/0/split/259/v_cmd	0
A/0/split/259/v_regime	9087740570393753374
A/0/split/296/nkeys	24
A/0/split/296/Tt4	4653995930234303600
A/0/split/296/b	4468286575058484837
A/0/split/296/b_cmd	0
A/0/split/296/branch	13126223303132988745
A/0/split/296/f	4583408258698351024
A/0/split/296/g	4521302704582519122
A/0/split/296/ic_iters	1
A/0/split/296/ic_order	15359057144970489593
A/0/split/296/ic_res	0
A/0/split/296/mdot_air	4606014080365062939
A/0/split/296/mf	4582402859070734197
A/0/split/296/mf_sched	4582403389825004051
A/0/split/296/nu_hp	4606713694912048072
A/0/split/296/nu_lp	4606574964377546434
A/0/split/296/phi_hp	4606960505283843254
A/0/split/296/phi_lp	4606580972670162969
A/0/split/296/pi_hpc	4617936053161610602
A/0/split/296/pi_lpc	4613374507517906232
A/0/split/296/required	0
A/0/split/296/s	4609344146621155203
A/0/split/296/sp_thrust	4649251537763875043
A/0/split/296/v	13680113920098685879
A/0/split/296/v_cmd	0
A/0/split/296/v_regime	9087740570393753374
A/0/split/333/nkeys	24
A/0/split/333/Tt4	4653951114089193436
A/0/split/333/b	4444304258899328674
A/0/split/333/b_cmd	0
A/0/split/333/branch	13126223303132988745
A/0/split/333/f	4583301919345438425
A/0/split/333/g	4513169791503616471
A/0/split/333/ic_iters	1
A/0/split/333/ic_order	15359057144970489593
A/0/split/333/ic_res	0
A/0/split/333/mdot_air	4606123563737311406
A/0/split/333/mf	4582403235205725921
A/0/split/333/mf_sched	4582403389825004051
A/0/split/333/nu_hp	4606750853237495494
A/0/split/333/nu_lp	4606627027995687964
A/0/split/333/phi_hp	4607001697819668159
A/0/split/333/phi_lp	4606645870566761822
A/0/split/333/pi_hpc	4617954877184986100
A/0/split/333/pi_lpc	4613417524998015284
A/0/split/333/required	0
A/0/split/333/s	4610177312552218727
A/0/split/333/sp_thrust	4649229793401329568
A/0/split/333/v	13656095279947177948
A/0/split/333/v_cmd	0
A/0/split/333/v_regime	9087740570393753374
A/0/split/340/nkeys	24
A/0/split/340/Tt4	4653944681693489166
A/0/split/340/b	4439744263075540664
A/0/split/340/b_cmd	0
A/0/split/340/branch	13126223303132988745
A/0/split/340/f	4583286635495271996
A/0/split/340/g	4511623946528852921
A/0/split/340/ic_iters	1
A/0/split/340/ic_order	15359057144970489593
A/0/split/340/ic_res	0
A/0/split/340/mdot_air	4606139524482518740
A/0/split/340/mf	4582403267383610643
A/0/split/340/mf_sched	4582403389825004051
A/0/split/340/nu_hp	4606756195841513628
A/0/split/340/nu_lp	4606634672881937229
A/0/split/340/phi_hp	4607007597513958230
A/0/split/340/phi_lp	4606655209757510471
A/0/split/340/pi_hpc	4617957489449252956
A/0/split/340/pi_lpc	4613423899169611144
A/0/split/340/required	0
A/0/split/340/s	4610334938539176691
A/0/split/340/sp_thrust	4649226663071772160
A/0/split/340/v	13651552860105748866
A/0/split/340/v_cmd	0
A/0/split/340/v_regime	9087740570393753374
A/0/three/npts	341
A/0/three/0/nkeys	24
A/0/three/0/Tt4	4652007308841189378
A/0/three/0/b	4585439236324657495
A/0/three/0/b_cmd	4585439236324657495
A/0/three/0/branch	13126223303132988745
A/0/three/0/f	4580382169689562672
A/0/three/0/g	0
A/0/three/0/ic_iters	1
A/0/three/0/ic_order	15359057144970489593
A/0/three/0/ic_res	0
A/0/three/0/mdot_air	4603364550124398404
A/0/three/0/mf	4576598004192639869
A/0/three/0/mf_sched	4576598004192639869
A/0/three/0/nu_hp	4605292294839495533
A/0/three/0/nu_lp	4604908498284992449
A/0/three/0/phi_hp	4606680258087474445
A/0/three/0/phi_lp	4605380978949069210
A/0/three/0/pi_hpc	4616236729973011810
A/0/three/0/pi_lpc	4611845222978564899
A/0/three/0/required	0
A/0/three/0/s	0
A/0/three/0/sp_thrust	4646329581975695664
A/0/three/0/v	0
A/0/three/0/v_cmd	0
A/0/three/0/v_regime	9087740570393753374
A/0/three/37/nkeys	24
A/0/three/37/Tt4	4653201279513947702
A/0/three/37/b	4588283916052478148
A/0/three/37/b_cmd	4588816021533677933
A/0/three/37/branch	13126223303132988745
A/0/three/37/f	4582449570463576090
A/0/three/37/g	4563238400307037223
A/0/three/37/ic_iters	1
A/0/three/37/ic_order	15359057144970489593
A/0/three/37/ic_res	0
A/0/three/37/mdot_air	4603295664792427577
A/0/three/37/mf	4578876300152610267
A/0/three/37/mf_sched	4579575747328622176
A/0/three/37/nu_hp	4605368676378385868
A/0/three/37/nu_lp	4604981195776296738
A/0/three/37/phi_hp	4606236523212060026
A/0/three/37/phi_lp	4605356521094422078
A/0/three/37/pi_hpc	4616523750848441131
A/0/three/37/pi_lpc	4612050428844504245
A/0/three/37/required	4564378869151295184
A/0/three/37/s	4595833347739043761
A/0/three/37/sp_thrust	4647986825088516832
A/0/three/37/v	13808573838421071625
A/0/three/37/v_cmd	13809506090164404756
A/0/three/37/v_regime	10791139852042193048
A/0/three/74/nkeys	24
A/0/three/74/Tt4	4654341962053433446
A/0/three/74/b	4588863877173686716
A/0/three/74/b_cmd	4588604338085188893
A/0/three/74/branch	13126223303132988745
A/0/three/74/f	4584614970265103814
A/0/three/74/g	4564723366124247284
A/0/three/74/ic_iters	1
A/0/three/74/ic_order	15359057144970489593
A/0/three/74/ic_res	0
A/0/three/74/mdot_air	4603461642912807780
A/0/three/74/mf	4580914621798617875
A/0/three/74/mf_sched	4581357155750199458
A/0/three/74/nu_hp	4605585870778599927
A/0/three/74/nu_lp	4605196338048499186
A/0/three/74/phi_hp	4605983420096679518
A/0/three/74/phi_lp	4605392898909208813
A/0/three/74/pi_hpc	4616949691743207257
A/0/three/74/pi_lpc	4612296311333588556
A/0/three/74/required	4564045372451731728
A/0/three/74/s	4600336947366414258
A/0/three/74/sp_thrust	4648996024165647708
A/0/three/74/v	13809588656483199638
A/0/three/74/v_cmd	13809160749580020899
A/0/three/74/v_regime	10791139852042193048
A/0/three/111/nkeys	24
A/0/three/111/Tt4	4655008032853979347
A/0/three/111/b	4585603837371825056
A/0/three/111/b_cmd	4582547087878464613
A/0/three/111/branch	13126223303132988745
A/0/three/111/f	4585238583516203333
A/0/three/111/g	4561233774049064894
A/0/three/111/ic_iters	1
A/0/three/111/ic_order	15359057144970489593
A/0/three/111/ic_res	0
A/0/three/111/mdot_air	4603934219682467713
A/0/three/111/mf	4582150435113207381
A/0/three/111/mf_sched	4582403389825004051
A/0/three/111/nu_hp	4605925490917827983
A/0/three/111/nu_lp	4605567846643707919
A/0/three/111/phi_hp	4606046193506383667
A/0/three/111/phi_lp	4605467418262022379
A/0/three/111/pi_hpc	4617447500678841937
A/0/three/111/pi_lpc	4612543280231928251
A/0/three/111/required	0
A/0/three/111/s	4603174215131657670
A/0/three/111/sp_thrust	4649661267959190012
A/0/three/111/v	13800321077242033596
A/0/three/111/v_cmd	0
A/0/three/111/v_regime	9087740570393753374
A/0/three/148/nkeys	24
A/0/three/148/Tt4	4654633815682262223
A/0/three/148/b	4564303809349763090
A/0/three/148/b_cmd	0
A/0/three/148/branch	13126223303132988745
A/0/three/148/f	4584788028166657860
A/0/three/148/g	4553351831008276842
A/0/three/148/ic_iters	1
A/0/three/148/ic_order	15359057144970489593
A/0/three/148/ic_res	0
A/0/three/148/mdot_air	4604669453999827404
A/0/three/148/mf	4582329699084940365
A/0/three/148/mf_sched	4582403389825004051
A/0/three/148/nu_hp	4606223282298364096
A/0/three/148/nu_lp	4605935270979800200
A/0/three/148/phi_hp	4606391943603464238
A/0/three/148/phi_lp	4605724070830438762
A/0/three/148/pi_hpc	4617649925954413900
A/0/three/148/pi_lpc	4612853519306396292
A/0/three/148/required	0
A/0/three/148/s	4604840546993784755
A/0/three/148/sp_thrust	4649538036230648823
A/0/three/148/v	13776592737796528620
A/0/three/148/v_cmd	0
A/0/three/148/v_regime	9087740570393753374
A/0/three/185/nkeys	24
A/0/three/185/Tt4	4654356515581034609
A/0/three/185/b	4540394700819405563
A/0/three/185/b_cmd	0
A/0/three/185/branch	13126223303132988745
A/0/three/185/f	4584258367156070259
A/0/three/185/g	4545124124524619597
A/0/three/185/ic_iters	1
A/0/three/185/ic_order	15359057144970489593
A/0/three/185/ic_res	0
A/0/three/185/mdot_air	4605217388362414356
A/0/three/185/mf	4582381922246351084
A/0/three/185/mf_sched	4582403389825004051
A/0/three/185/nu_hp	4606429274983908435
A/0/three/185/nu_lp	4606199243216969409
A/0/three/185/phi_hp	4606635299592050145
A/0/three/185/phi_lp	4606080540553190960
A/0/three/185/pi_hpc	4617776118313728207
A/0/three/185/pi_lpc	4613069709888707132
A/0/three/185/required	0
A/0/three/185/s	4606506878855911840
A/0/three/185/sp_thrust	4649420217939222782
A/0/three/185/v	13752241080966575416
A/0/three/185/v_cmd	0
A/0/three/185/v_regime	9087740570393753374
A/0/three/222/nkeys	24
A/0/three/222/Tt4	4654178570452550001
A/0/three/222/b	4516441809838265406
A/0/three/222/b_cmd	0
A/0/three/222/branch	13126223303132988745
A/0/three/222/f	4583839653539690666
A/0/three/222/g	4537025252278574560
A/0/three/222/ic_iters	1
A/0/three/222/ic_order	15359057144970489593
A/0/three/222/ic_res	0
A/0/three/222/mdot_air	4605594499258422695
A/0/three/222/mf	4582397135892246380
A/0/three/222/mf_sched	4582403389825004051
A/0/three/222/nu_hp	4606566297649891597
A/0/three/222/nu_lp	4606377479550440064
A/0/three/222/phi_hp	4606794048939138198
A/0/three/222/phi_lp	4606322606931341824
A/0/three/222/pi_hpc	4617855580866950268
A/0/three/222/pi_lpc	4613213992417393543
A/0/three/222/required	0
A/0/three/222/s	4607677814759028155
A/0/three/222/sp_thrust	4649338615168611680
A/0/three/222/v	13728207912165156955
A/0/three/222/v_cmd	0
A/0/three/222/v_regime	9087740570393753374
A/0/three/259/nkeys	24
A/0/three/259/Tt4	4654066567123890082
A/0/three/259/b	4492182344526539486
A/0/three/259/b_cmd	0
A/0/three/259/branch	13126223303132988745
A/0/three/259/f	4583575419345288047
A/0/three/259/g	4529076507938789931
A/0/three/259/ic_iters	1
A/0/three/259/ic_order	15359057144970489593
A/0/three/259/ic_res	0
A/0/three/259/mdot_air	4605847125886461468
A/0/three/259/mf	4582401567929970161
A/0/three/259/mf_sched	4582403389825004051
A/0/three/259/nu_hp	4606655811693290883
A/0/three/259/nu_lp	4606496238194069863
A/0/three/259/phi_hp	4606895722775413317
A/0/three/259/phi_lp	4606479778578701158
A/0/three/259/pi_hpc	4617905269379810039
A/0/three/259/pi_lpc	4613310231112977022
A/0/three/259/required	0
A/0/three/259/s	4608510980690091679
A/0/three/259/sp_thrust	4649285539737995588
A/0/three/259/v	13704491178425568089
A/0/three/259/v_cmd	0
A/0/three/259/v_regime	9087740570393753374
A/0/three/296/nkeys	24
A/0/three/296/Tt4	4653995930234303600
A/0/three/296/b	4468286575058484837
A/0/three/296/b_cmd	0
A/0/three/296/branch	13126223303132988745
A/0/three/296/f	4583408258698351024
A/0/three/296/g	4521302704582519122
A/0/three/296/ic_iters	1
A/0/three/296/ic_order	15359057144970489593
A/0/three/296/ic_res	0
A/0/three/296/mdot_air	4606014080365062939
A/0/three/296/mf	4582402859070734197
A/0/three/296/mf_sched	4582403389825004051
A/0/three/296/nu_hp	4606713694912048072
A/0/three/296/nu_lp	4606574964377546434
A/0/three/296/phi_hp	4606960505283843254
A/0/three/296/phi_lp	4606580972670162969
A/0/three/296/pi_hpc	4617936053161610602
A/0/three/296/pi_lpc	4613374507517906232
A/0/three/296/required	0
A/0/three/296/s	4609344146621155203
A/0/three/296/sp_thrust	4649251537763875043
A/0/three/296/v	13680113920098685879
A/0/three/296/v_cmd	0
A/0/three/296/v_regime	9087740570393753374
A/0/three/333/nkeys	24
A/0/three/333/Tt4	4653951114089193436
A/0/three/333/b	4444304258899328674
A/0/three/333/b_cmd	0
A/0/three/333/branch	13126223303132988745
A/0/three/333/f	4583301919345438425
A/0/three/333/g	4513169791503616471
A/0/three/333/ic_iters	1
A/0/three/333/ic_order	15359057144970489593
A/0/three/333/ic_res	0
A/0/three/333/mdot_air	4606123563737311406
A/0/three/333/mf	4582403235205725921
A/0/three/333/mf_sched	4582403389825004051
A/0/three/333/nu_hp	4606750853237495494
A/0/three/333/nu_lp	4606627027995687964
A/0/three/333/phi_hp	4607001697819668159
A/0/three/333/phi_lp	4606645870566761822
A/0/three/333/pi_hpc	4617954877184986100
A/0/three/333/pi_lpc	4613417524998015284
A/0/three/333/required	0
A/0/three/333/s	4610177312552218727
A/0/three/333/sp_thrust	4649229793401329568
A/0/three/333/v	13656095279947177948
A/0/three/333/v_cmd	0
A/0/three/333/v_regime	9087740570393753374
A/0/three/340/nkeys	24
A/0/three/340/Tt4	4653944681693489166
A/0/three/340/b	4439744263075540664
A/0/three/340/b_cmd	0
A/0/three/340/branch	13126223303132988745
A/0/three/340/f	4583286635495271996
A/0/three/340/g	4511623946528852921
A/0/three/340/ic_iters	1
A/0/three/340/ic_order	15359057144970489593
A/0/three/340/ic_res	0
A/0/three/340/mdot_air	4606139524482518740
A/0/three/340/mf	4582403267383610643
A/0/three/340/mf_sched	4582403389825004051
A/0/three/340/nu_hp	4606756195841513628
A/0/three/340/nu_lp	4606634672881937229
A/0/three/340/phi_hp	4607007597513958230
A/0/three/340/phi_lp	4606655209757510471
A/0/three/340/pi_hpc	4617957489449252956
A/0/three/340/pi_lpc	4613423899169611144
A/0/three/340/required	0
A/0/three/340/s	4610334938539176691
A/0/three/340/sp_thrust	4649226663071772160
A/0/three/340/v	13651552860105748866
A/0/three/340/v_cmd	0
A/0/three/340/v_regime	9087740570393753374
A/0/identical	1
A/0/carries_v	1
A/1/split/npts	341
A/1/split/0/nkeys	20
A/1/split/0/Tt4	4652007308841189378
A/1/split/0/b	4585439236324657495
A/1/split/0/b_cmd	4585439236324657495
A/1/split/0/branch	13126223303132988745
A/1/split/0/f	4580382169689562672
A/1/split/0/g	0
A/1/split/0/ic_iters	1
A/1/split/0/ic_res	0
A/1/split/0/mdot_air	4603364550124398404
A/1/split/0/mf	4576598004192639869
A/1/split/0/mf_sched	4576598004192639869
A/1/split/0/nu_hp	4605292294839495533
A/1/split/0/nu_lp	4604908498284992449
A/1/split/0/phi_hp	4606680258087474445
A/1/split/0/phi_lp	4605380978949069210
A/1/split/0/pi_hpc	4616236729973011810
A/1/split/0/pi_lpc	4611845222978564899
A/1/split/0/required	0
A/1/split/0/s	0
A/1/split/0/sp_thrust	4646329581975695664
A/1/split/37/nkeys	20
A/1/split/37/Tt4	4653077036033534247
A/1/split/37/b	4589435769104193934
A/1/split/37/b_cmd	4589917848368267852
A/1/split/37/branch	13126223303132988745
A/1/split/37/f	4582229255346334846
A/1/split/37/g	4566002472354597879
A/1/split/37/ic_iters	1
A/1/split/37/ic_res	0
A/1/split/37/mdot_air	4603230552113534443
A/1/split/37/mf	4578530791146665185
A/1/split/37/mf_sched	4579575747328622176
A/1/split/37/nu_hp	4605361233077531828
A/1/split/37/nu_lp	4604983962092839773
A/1/split/37/phi_hp	4606288967390412645
A/1/split/37/phi_lp	4605337083206841174
A/1/split/37/pi_hpc	4616531189274669838
A/1/split/37/pi_lpc	4611922959131830820
A/1/split/37/required	4567343199476699016
A/1/split/37/s	4595833347739043761
A/1/split/37/sp_thrust	4647856159753186536
A/1/split/74/nkeys	20
A/1/split/74/Tt4	4654130689183813076
A/1/split/74/b	4590351724507034863
A/1/split/74/b_cmd	4590347710055718825
A/1/split/74/branch	13126223303132988745
A/1/split/74/f	4584232931659553684
A/1/split/74/g	4568379120888627846
A/1/split/74/ic_iters	1
A/1/split/74/ic_res	0
A/1/split/74/mdot_air	4603343660240199022
A/1/split/74/mf	4580578068454910033
A/1/split/74/mf_sched	4581357155750199458
A/1/split/74/nu_hp	4605551654123715886
A/1/split/74/nu_lp	4605189021532807908
A/1/split/74/phi_hp	4606038501690355160
A/1/split/74/phi_lp	4605381345476375961
A/1/split/74/pi_hpc	4616930042955928650
A/1/split/74/pi_lpc	4612113922601978158
A/1/split/74/required	4568368900247080080
A/1/split/74/s	4600336947366414258
A/1/split/74/sp_thrust	4648786189731918786
A/1/split/111/nkeys	20
A/1/split/111/Tt4	4654842853167080029
A/1/split/111/b	4588050076252138813
A/1/split/111/b_cmd	4585547443708413828
A/1/split/111/branch	13126223303132988745
A/1/split/111/f	4585088733140530125
A/1/split/111/g	4566664131484733003
A/1/split/111/ic_iters	1
A/1/split/111/ic_res	0
A/1/split/111/mdot_air	4603824426943399852
A/1/split/111/mf	4581838676205201482
A/1/split/111/mf_sched	4582403389825004051
A/1/split/111/nu_hp	4605864081515116009
A/1/split/111/nu_lp	4605533922265954665
A/1/split/111/phi_hp	4606050733232025758
A/1/split/111/phi_lp	4605490415987082715
A/1/split/111/pi_hpc	4617365136347402163
A/1/split/111/pi_lpc	4612451287076965972
A/1/split/111/required	4553929308012982912
A/1/split/111/s	4603174215131657670
A/1/split/111/sp_thrust	4649502257875307799
A/1/split/148/nkeys	20
A/1/split/148/Tt4	4654643372787022222
A/1/split/148/b	4569017506476671378
A/1/split/148/b_cmd	0
A/1/split/148/branch	13126223303132988745
A/1/split/148/f	4584809998989513179
A/1/split/148/g	4558445061168840071
A/1/split/148/ic_iters	1
A/1/split/148/ic_res	0
A/1/split/148/mdot_air	4604549531641483070
A/1/split/148/mf	4582237582390714407
A/1/split/148/mf_sched	4582403389825004051
A/1/split/148/nu_hp	4606161398679001290
A/1/split/148/nu_lp	4605888209511754398
A/1/split/148/phi_hp	4606339502753855340
A/1/split/148/phi_lp	4605641364112330155
A/1/split/148/pi_hpc	4617581595617572027
A/1/split/148/pi_lpc	4612818031709578139
A/1/split/148/required	0
A/1/split/148/s	4604840546993784755
A/1/split/148/sp_thrust	4649520369961268008
A/1/split/185/nkeys	20
A/1/split/185/Tt4	4654392823376480172
A/1/split/185/b	4545064520238797961
A/1/split/185/b_cmd	0
A/1/split/185/branch	13126223303132988745
A/1/split/185/f	4584349034637941624
A/1/split/185/g	4550314808571908611
A/1/split/185/ic_iters	1
A/1/split/185/ic_res	0
A/1/split/185/mdot_air	4605116119764420151
A/1/split/185/mf	4582355086820667503
A/1/split/185/mf_sched	4582403389825004051
A/1/split/185/nu_hp	4606381490749155546
A/1/split/185/nu_lp	4606161566604272970
A/1/split/185/phi_hp	4606586075282557250
A/1/split/185/phi_lp	4606003914822634370
A/1/split/185/pi_hpc	4617730417370893827
A/1/split/185/pi_lpc	4613046671036142017
A/1/split/185/required	0
A/1/split/185/s	4606506878855911840
A/1/split/185/sp_thrust	4649431467014817759
A/1/split/222/nkeys	20
A/1/split/222/Tt4	4654209203236907255
A/1/split/222/b	4521208420870536839
A/1/split/222/b_cmd	0
A/1/split/222/branch	13126223303132988745
A/1/split/222/f	4583913188655846660
A/1/split/222/g	4542329497350031070
A/1/split/222/ic_iters	1
A/1/split/222/ic_res	0
A/1/split/222/mdot_air	4605519887392953590
A/1/split/222/mf	4582389318198855728
A/1/split/222/mf_sched	4582403389825004051
A/1/split/222/nu_hp	4606532252123397388
A/1/split/222/nu_lp	4606350658272345724
A/1/split/222/phi_hp	4606757689960322576
A/1/split/222/phi_lp	4606267140905223859
A/1/split/222/pi_hpc	4617824914966505755
A/1/split/222/pi_lpc	4613198857433159749
A/1/split/222/required	0
A/1/split/222/s	4607677814759028155
A/1/split/222/sp_thrust	4649351670571394476
A/1/split/259/nkeys	20
A/1/split/259/Tt4	4654088240210157109
A/1/split/259/b	4496894027073117486
A/1/split/259/b_cmd	0
A/1/split/259/branch	13126223303132988745
A/1/split/259/f	4583626972325252934
A/1/split/259/g	4534513083352762766
A/1/split/259/ic_iters	1
A/1/split/259/ic_res	0
A/1/split/259/mdot_air	4605794925625658363
A/1/split/259/mf	4582399290480352970
A/1/split/259/mf_sched	4582403389825004051
A/1/split/259/nu_hp	4606632242006384971
A/1/split/259/nu_lp	4606477870130140864
A/1/split/259/phi_hp	4606870511466189156
A/1/split/259/phi_lp	4606441521170012137
A/1/split/259/pi_hpc	4617884454835670966
A/1/split/259/pi_lpc	4613300448545396880
A/1/split/259/required	0
A/1/split/259/s	4608510980690091679
A/1/split/259/sp_thrust	4649295562020260313
A/1/split/296/nkeys	20
A/1/split/296/Tt4	4654010585751500868
A/1/split/296/b	4472954800631571360
A/1/split/296/b_cmd	0
A/1/split/296/branch	13126223303132988745
A/1/split/296/f	4583443057184588343
A/1/split/296/g	4526505553674877109
A/1/split/296/ic_iters	1
A/1/split/296/ic_res	0
A/1/split/296/mdot_air	4605978277341177013
A/1/split/296/mf	4582402195604350999
A/1/split/296/mf_sched	4582403389825004051
A/1/split/296/nu_hp	4606697551204721046
A/1/split/296/nu_lp	4606562562382667409
A/1/split/296/phi_hp	4606943347169763992
A/1/split/296/phi_lp	4606554952889293617
A/1/split/296/pi_hpc	4617921842104478738
A/1/split/296/pi_lpc	4613368203125151548
A/1/split/296/required	0
A/1/split/296/s	4609344146621155203
A/1/split/296/sp_thrust	4649258531594046517
A/1/split/333/nkeys	20
A/1/split/333/Tt4	4653960919131792937
A/1/split/333/b	4449068347971062157
A/1/split/333/b_cmd	0
A/1/split/333/branch	13126223303132988745
A/1/split/333/f	4583325209692304989
A/1/split/333/g	4518306824078345513
A/1/split/333/ic_iters	1
A/1/split/333/ic_res	0
A/1/split/333/mdot_air	4606099194814665488
A/1/split/333/mf	4582403041924768876
A/1/split/333/mf_sched	4582403389825004051
A/1/split/333/nu_hp	4606739836924793929
A/1/split/333/nu_lp	4606618696481309850
A/1/split/333/phi_hp	4606990072461519039
A/1/split/333/phi_lp	4606628232999769420
A/1/split/333/pi_hpc	4617945145555929005
A/1/split/333/pi_lpc	4613413455952069711
A/1/split/333/required	0
A/1/split/333/s	4610177312552218727
A/1/split/333/sp_thrust	4649234537599794349
A/1/split/340/nkeys	20
A/1/split/340/Tt4	4653953767460529517
A/1/split/340/b	4444506573326683796
A/1/split/340/b_cmd	0
A/1/split/340/branch	13126223303132988745
A/1/split/340/f	4583308220674558045
A/1/split/340/g	4517120595147640707
A/1/split/340/ic_iters	1
A/1/split/340/ic_res	0
A/1/split/340/mdot_air	4606116875210130695
A/1/split/340/mf	4582403114326437010
A/1/split/340/mf_sched	4582403389825004051
A/1/split/340/nu_hp	4606745949429330895
A/1/split/340/nu_lp	4606626947173391334
A/1/split/340/phi_hp	4606996798004666865
A/1/split/340/phi_lp	4606638823453773104
A/1/split/340/pi_hpc	4617948428538480556
A/1/split/340/pi_lpc	4613420152670649889
A/1/split/340/required	0
A/1/split/340/s	4610334938539176691
A/1/split/340/sp_thrust	4649231066341535152
A/1/three/npts	341
A/1/three/0/nkeys	20
A/1/three/0/Tt4	4652007308841189378
A/1/three/0/b	4585439236324657495
A/1/three/0/b_cmd	4585439236324657495
A/1/three/0/branch	13126223303132988745
A/1/three/0/f	4580382169689562672
A/1/three/0/g	0
A/1/three/0/ic_iters	1
A/1/three/0/ic_res	0
A/1/three/0/mdot_air	4603364550124398404
A/1/three/0/mf	4576598004192639869
A/1/three/0/mf_sched	4576598004192639869
A/1/three/0/nu_hp	4605292294839495533
A/1/three/0/nu_lp	4604908498284992449
A/1/three/0/phi_hp	4606680258087474445
A/1/three/0/phi_lp	4605380978949069210
A/1/three/0/pi_hpc	4616236729973011810
A/1/three/0/pi_lpc	4611845222978564899
A/1/three/0/required	0
A/1/three/0/s	0
A/1/three/0/sp_thrust	4646329581975695664
A/1/three/37/nkeys	20
A/1/three/37/Tt4	4653077036033534247
A/1/three/37/b	4589435769104193934
A/1/three/37/b_cmd	4589917848368267852
A/1/three/37/branch	13126223303132988745
A/1/three/37/f	4582229255346334846
A/1/three/37/g	4566002472354597879
A/1/three/37/ic_iters	1
A/1/three/37/ic_res	0
A/1/three/37/mdot_air	4603230552113534443
A/1/three/37/mf	4578530791146665185
A/1/three/37/mf_sched	4579575747328622176
A/1/three/37/nu_hp	4605361233077531828
A/1/three/37/nu_lp	4604983962092839773
A/1/three/37/phi_hp	4606288967390412645
A/1/three/37/phi_lp	4605337083206841174
A/1/three/37/pi_hpc	4616531189274669838
A/1/three/37/pi_lpc	4611922959131830820
A/1/three/37/required	4567343199476699016
A/1/three/37/s	4595833347739043761
A/1/three/37/sp_thrust	4647856159753186536
A/1/three/74/nkeys	20
A/1/three/74/Tt4	4654130689183813076
A/1/three/74/b	4590351724507034863
A/1/three/74/b_cmd	4590347710055718825
A/1/three/74/branch	13126223303132988745
A/1/three/74/f	4584232931659553684
A/1/three/74/g	4568379120888627846
A/1/three/74/ic_iters	1
A/1/three/74/ic_res	0
A/1/three/74/mdot_air	4603343660240199022
A/1/three/74/mf	4580578068454910033
A/1/three/74/mf_sched	4581357155750199458
A/1/three/74/nu_hp	4605551654123715886
A/1/three/74/nu_lp	4605189021532807908
A/1/three/74/phi_hp	4606038501690355160
A/1/three/74/phi_lp	4605381345476375961
A/1/three/74/pi_hpc	4616930042955928650
A/1/three/74/pi_lpc	4612113922601978158
A/1/three/74/required	4568368900247080080
A/1/three/74/s	4600336947366414258
A/1/three/74/sp_thrust	4648786189731918786
A/1/three/111/nkeys	20
A/1/three/111/Tt4	4654842853167080029
A/1/three/111/b	4588050076252138813
A/1/three/111/b_cmd	4585547443708413828
A/1/three/111/branch	13126223303132988745
A/1/three/111/f	4585088733140530125
A/1/three/111/g	4566664131484733003
A/1/three/111/ic_iters	1
A/1/three/111/ic_res	0
A/1/three/111/mdot_air	4603824426943399852
A/1/three/111/mf	4581838676205201482
A/1/three/111/mf_sched	4582403389825004051
A/1/three/111/nu_hp	4605864081515116009
A/1/three/111/nu_lp	4605533922265954665
A/1/three/111/phi_hp	4606050733232025758
A/1/three/111/phi_lp	4605490415987082715
A/1/three/111/pi_hpc	4617365136347402163
A/1/three/111/pi_lpc	4612451287076965972
A/1/three/111/required	4553929308012982912
A/1/three/111/s	4603174215131657670
A/1/three/111/sp_thrust	4649502257875307799
A/1/three/148/nkeys	20
A/1/three/148/Tt4	4654643372787022222
A/1/three/148/b	4569017506476671378
A/1/three/148/b_cmd	0
A/1/three/148/branch	13126223303132988745
A/1/three/148/f	4584809998989513179
A/1/three/148/g	4558445061168840071
A/1/three/148/ic_iters	1
A/1/three/148/ic_res	0
A/1/three/148/mdot_air	4604549531641483070
A/1/three/148/mf	4582237582390714407
A/1/three/148/mf_sched	4582403389825004051
A/1/three/148/nu_hp	4606161398679001290
A/1/three/148/nu_lp	4605888209511754398
A/1/three/148/phi_hp	4606339502753855340
A/1/three/148/phi_lp	4605641364112330155
A/1/three/148/pi_hpc	4617581595617572027
A/1/three/148/pi_lpc	4612818031709578139
A/1/three/148/required	0
A/1/three/148/s	4604840546993784755
A/1/three/148/sp_thrust	4649520369961268008
A/1/three/185/nkeys	20
A/1/three/185/Tt4	4654392823376480172
A/1/three/185/b	4545064520238797961
A/1/three/185/b_cmd	0
A/1/three/185/branch	13126223303132988745
A/1/three/185/f	4584349034637941624
A/1/three/185/g	4550314808571908611
A/1/three/185/ic_iters	1
A/1/three/185/ic_res	0
A/1/three/185/mdot_air	4605116119764420151
A/1/three/185/mf	4582355086820667503
A/1/three/185/mf_sched	4582403389825004051
A/1/three/185/nu_hp	4606381490749155546
A/1/three/185/nu_lp	4606161566604272970
A/1/three/185/phi_hp	4606586075282557250
A/1/three/185/phi_lp	4606003914822634370
A/1/three/185/pi_hpc	4617730417370893827
A/1/three/185/pi_lpc	4613046671036142017
A/1/three/185/required	0
A/1/three/185/s	4606506878855911840
A/1/three/185/sp_thrust	4649431467014817759
A/1/three/222/nkeys	20
A/1/three/222/Tt4	4654209203236907255
A/1/three/222/b	4521208420870536839
A/1/three/222/b_cmd	0
A/1/three/222/branch	13126223303132988745
A/1/three/222/f	4583913188655846660
A/1/three/222/g	4542329497350031070
A/1/three/222/ic_iters	1
A/1/three/222/ic_res	0
A/1/three/222/mdot_air	4605519887392953590
A/1/three/222/mf	4582389318198855728
A/1/three/222/mf_sched	4582403389825004051
A/1/three/222/nu_hp	4606532252123397388
A/1/three/222/nu_lp	4606350658272345724
A/1/three/222/phi_hp	4606757689960322576
A/1/three/222/phi_lp	4606267140905223859
A/1/three/222/pi_hpc	4617824914966505755
A/1/three/222/pi_lpc	4613198857433159749
A/1/three/222/required	0
A/1/three/222/s	4607677814759028155
A/1/three/222/sp_thrust	4649351670571394476
A/1/three/259/nkeys	20
A/1/three/259/Tt4	4654088240210157109
A/1/three/259/b	4496894027073117486
A/1/three/259/b_cmd	0
A/1/three/259/branch	13126223303132988745
A/1/three/259/f	4583626972325252934
A/1/three/259/g	4534513083352762766
A/1/three/259/ic_iters	1
A/1/three/259/ic_res	0
A/1/three/259/mdot_air	4605794925625658363
A/1/three/259/mf	4582399290480352970
A/1/three/259/mf_sched	4582403389825004051
A/1/three/259/nu_hp	4606632242006384971
A/1/three/259/nu_lp	4606477870130140864
A/1/three/259/phi_hp	4606870511466189156
A/1/three/259/phi_lp	4606441521170012137
A/1/three/259/pi_hpc	4617884454835670966
A/1/three/259/pi_lpc	4613300448545396880
A/1/three/259/required	0
A/1/three/259/s	4608510980690091679
A/1/three/259/sp_thrust	4649295562020260313
A/1/three/296/nkeys	20
A/1/three/296/Tt4	4654010585751500868
A/1/three/296/b	4472954800631571360
A/1/three/296/b_cmd	0
A/1/three/296/branch	13126223303132988745
A/1/three/296/f	4583443057184588343
A/1/three/296/g	4526505553674877109
A/1/three/296/ic_iters	1
A/1/three/296/ic_res	0
A/1/three/296/mdot_air	4605978277341177013
A/1/three/296/mf	4582402195604350999
A/1/three/296/mf_sched	4582403389825004051
A/1/three/296/nu_hp	4606697551204721046
A/1/three/296/nu_lp	4606562562382667409
A/1/three/296/phi_hp	4606943347169763992
A/1/three/296/phi_lp	4606554952889293617
A/1/three/296/pi_hpc	4617921842104478738
A/1/three/296/pi_lpc	4613368203125151548
A/1/three/296/required	0
A/1/three/296/s	4609344146621155203
A/1/three/296/sp_thrust	4649258531594046517
A/1/three/333/nkeys	20
A/1/three/333/Tt4	4653960919131792937
A/1/three/333/b	4449068347971062157
A/1/three/333/b_cmd	0
A/1/three/333/branch	13126223303132988745
A/1/three/333/f	4583325209692304989
A/1/three/333/g	4518306824078345513
A/1/three/333/ic_iters	1
A/1/three/333/ic_res	0
A/1/three/333/mdot_air	4606099194814665488
A/1/three/333/mf	4582403041924768876
A/1/three/333/mf_sched	4582403389825004051
A/1/three/333/nu_hp	4606739836924793929
A/1/three/333/nu_lp	4606618696481309850
A/1/three/333/phi_hp	4606990072461519039
A/1/three/333/phi_lp	4606628232999769420
A/1/three/333/pi_hpc	4617945145555929005
A/1/three/333/pi_lpc	4613413455952069711
A/1/three/333/required	0
A/1/three/333/s	4610177312552218727
A/1/three/333/sp_thrust	4649234537599794349
A/1/three/340/nkeys	20
A/1/three/340/Tt4	4653953767460529517
A/1/three/340/b	4444506573326683796
A/1/three/340/b_cmd	0
A/1/three/340/branch	13126223303132988745
A/1/three/340/f	4583308220674558045
A/1/three/340/g	4517120595147640707
A/1/three/340/ic_iters	1
A/1/three/340/ic_res	0
A/1/three/340/mdot_air	4606116875210130695
A/1/three/340/mf	4582403114326437010
A/1/three/340/mf_sched	4582403389825004051
A/1/three/340/nu_hp	4606745949429330895
A/1/three/340/nu_lp	4606626947173391334
A/1/three/340/phi_hp	4606996798004666865
A/1/three/340/phi_lp	4606638823453773104
A/1/three/340/pi_hpc	4617948428538480556
A/1/three/340/pi_lpc	4613420152670649889
A/1/three/340/required	0
A/1/three/340/s	4610334938539176691
A/1/three/340/sp_thrust	4649231066341535152
A/1/identical	1
A/1/carries_v	0
A/2/split/npts	341
A/2/split/0/nkeys	16
A/2/split/0/Tt4	4652007308841189378
A/2/split/0/b	4585439236324657495
A/2/split/0/b_cmd	4585439236324657495
A/2/split/0/branch	13126223303132988745
A/2/split/0/f	4580382169689562672
A/2/split/0/mdot_air	4603364550124398404
A/2/split/0/mf	4576598004192639869
A/2/split/0/mf_sched	4576598004192639869
A/2/split/0/nu_hp	4605292294839495533
A/2/split/0/nu_lp	4604908498284992449
A/2/split/0/phi_hp	4606680258087474445
A/2/split/0/phi_lp	4605380978949069210
A/2/split/0/pi_hpc	4616236729973011810
A/2/split/0/pi_lpc	4611845222978564899
A/2/split/0/s	0
A/2/split/0/sp_thrust	4646329581975695664
A/2/split/37/nkeys	16
A/2/split/37/Tt4	4652007308841189383
A/2/split/37/b	4585439236324657484
A/2/split/37/b_cmd	4585439236324657535
A/2/split/37/branch	13126223303132988745
A/2/split/37/f	4580382169689562676
A/2/split/37/mdot_air	4603364550124398404
A/2/split/37/mf	4576598004192639872
A/2/split/37/mf_sched	4579575747328622176
A/2/split/37/nu_hp	4605292294839495533
A/2/split/37/nu_lp	4604908498284992449
A/2/split/37/phi_hp	4606680258087474445
A/2/split/37/phi_lp	4605380978949069209
A/2/split/37/pi_hpc	4616236729973011810
A/2/split/37/pi_lpc	4611845222978564899
A/2/split/37/s	4595833347739043761
A/2/split/37/sp_thrust	4646329581975695670
A/2/split/74/nkeys	16
A/2/split/74/Tt4	4652007308841189369
A/2/split/74/b	4585439236324657479
A/2/split/74/b_cmd	4585439236324657475
A/2/split/74/branch	13126223303132988745
A/2/split/74/f	4580382169689562663
A/2/split/74/mdot_air	4603364550124398406
A/2/split/74/mf	4576598004192639859
A/2/split/74/mf_sched	4581357155750199458
A/2/split/74/nu_hp	4605292294839495533
A/2/split/74/nu_lp	4604908498284992449
A/2/split/74/phi_hp	4606680258087474445
A/2/split/74/phi_lp	4605380978949069210
A/2/split/74/pi_hpc	4616236729973011810
A/2/split/74/pi_lpc	4611845222978564899
A/2/split/74/s	4600336947366414258
A/2/split/74/sp_thrust	4646329581975695660
A/2/split/111/nkeys	16
A/2/split/111/Tt4	4652007308841189369
A/2/split/111/b	4585439236324657443
A/2/split/111/b_cmd	4585439236324657435
A/2/split/111/branch	13126223303132988745
A/2/split/111/f	4580382169689562664
A/2/split/111/mdot_air	4603364550124398402
A/2/split/111/mf	4576598004192639861
A/2/split/111/mf_sched	4582403389825004051
A/2/split/111/nu_hp	4605292294839495533
A/2/split/111/nu_lp	4604908498284992449
A/2/split/111/phi_hp	4606680258087474446
A/2/split/111/phi_lp	4605380978949069210
A/2/split/111/pi_hpc	4616236729973011806
A/2/split/111/pi_lpc	4611845222978564899
A/2/split/111/s	4603174215131657670
A/2/split/111/sp_thrust	4646329581975695658
A/2/split/148/nkeys	16
A/2/split/148/Tt4	4652007308841189369
A/2/split/148/b	4585439236324657440
A/2/split/148/b_cmd	4585439236324657435
A/2/split/148/branch	13126223303132988745
A/2/split/148/f	4580382169689562664
A/2/split/148/mdot_air	4603364550124398402
A/2/split/148/mf	4576598004192639861
A/2/split/148/mf_sched	4582403389825004051
A/2/split/148/nu_hp	4605292294839495533
A/2/split/148/nu_lp	4604908498284992449
A/2/split/148/phi_hp	4606680258087474446
A/2/split/148/phi_lp	4605380978949069210
A/2/split/148/pi_hpc	4616236729973011806
A/2/split/148/pi_lpc	4611845222978564899
A/2/split/148/s	4604840546993784755
A/2/split/148/sp_thrust	4646329581975695658
A/2/split/185/nkeys	16
A/2/split/185/Tt4	4652007308841189369
A/2/split/185/b	4585439236324657440
A/2/split/185/b_cmd	4585439236324657435
A/2/split/185/branch	13126223303132988745
A/2/split/185/f	4580382169689562664
A/2/split/185/mdot_air	4603364550124398402
A/2/split/185/mf	4576598004192639861
A/2/split/185/mf_sched	4582403389825004051
A/2/split/185/nu_hp	4605292294839495533
A/2/split/185/nu_lp	4604908498284992449
A/2/split/185/phi_hp	4606680258087474446
A/2/split/185/phi_lp	4605380978949069210
A/2/split/185/pi_hpc	4616236729973011806
A/2/split/185/pi_lpc	4611845222978564899
A/2/split/185/s	4606506878855911840
A/2/split/185/sp_thrust	4646329581975695658
A/2/split/222/nkeys	16
A/2/split/222/Tt4	4652007308841189369
A/2/split/222/b	4585439236324657440
A/2/split/222/b_cmd	4585439236324657435
A/2/split/222/branch	13126223303132988745
A/2/split/222/f	4580382169689562664
A/2/split/222/mdot_air	4603364550124398402
A/2/split/222/mf	4576598004192639861
A/2/split/222/mf_sched	4582403389825004051
A/2/split/222/nu_hp	4605292294839495533
A/2/split/222/nu_lp	4604908498284992449
A/2/split/222/phi_hp	4606680258087474446
A/2/split/222/phi_lp	4605380978949069210
A/2/split/222/pi_hpc	4616236729973011806
A/2/split/222/pi_lpc	4611845222978564899
A/2/split/222/s	4607677814759028155
A/2/split/222/sp_thrust	4646329581975695658
A/2/split/259/nkeys	16
A/2/split/259/Tt4	4652007308841189369
A/2/split/259/b	4585439236324657440
A/2/split/259/b_cmd	4585439236324657435
A/2/split/259/branch	13126223303132988745
A/2/split/259/f	4580382169689562664
A/2/split/259/mdot_air	4603364550124398402
A/2/split/259/mf	4576598004192639861
A/2/split/259/mf_sched	4582403389825004051
A/2/split/259/nu_hp	4605292294839495533
A/2/split/259/nu_lp	4604908498284992449
A/2/split/259/phi_hp	4606680258087474446
A/2/split/259/phi_lp	4605380978949069210
A/2/split/259/pi_hpc	4616236729973011806
A/2/split/259/pi_lpc	4611845222978564899
A/2/split/259/s	4608510980690091679
A/2/split/259/sp_thrust	4646329581975695658
A/2/split/296/nkeys	16
A/2/split/296/Tt4	4652007308841189369
A/2/split/296/b	4585439236324657440
A/2/split/296/b_cmd	4585439236324657435
A/2/split/296/branch	13126223303132988745
A/2/split/296/f	4580382169689562664
A/2/split/296/mdot_air	4603364550124398402
A/2/split/296/mf	4576598004192639861
A/2/split/296/mf_sched	4582403389825004051
A/2/split/296/nu_hp	4605292294839495533
A/2/split/296/nu_lp	4604908498284992449
A/2/split/296/phi_hp	4606680258087474446
A/2/split/296/phi_lp	4605380978949069210
A/2/split/296/pi_hpc	4616236729973011806
A/2/split/296/pi_lpc	4611845222978564899
A/2/split/296/s	4609344146621155203
A/2/split/296/sp_thrust	4646329581975695658
A/2/split/333/nkeys	16
A/2/split/333/Tt4	4652007308841189369
A/2/split/333/b	4585439236324657440
A/2/split/333/b_cmd	4585439236324657435
A/2/split/333/branch	13126223303132988745
A/2/split/333/f	4580382169689562664
A/2/split/333/mdot_air	4603364550124398402
A/2/split/333/mf	4576598004192639861
A/2/split/333/mf_sched	4582403389825004051
A/2/split/333/nu_hp	4605292294839495533
A/2/split/333/nu_lp	4604908498284992449
A/2/split/333/phi_hp	4606680258087474446
A/2/split/333/phi_lp	4605380978949069210
A/2/split/333/pi_hpc	4616236729973011806
A/2/split/333/pi_lpc	4611845222978564899
A/2/split/333/s	4610177312552218727
A/2/split/333/sp_thrust	4646329581975695658
A/2/split/340/nkeys	16
A/2/split/340/Tt4	4652007308841189369
A/2/split/340/b	4585439236324657440
A/2/split/340/b_cmd	4585439236324657435
A/2/split/340/branch	13126223303132988745
A/2/split/340/f	4580382169689562664
A/2/split/340/mdot_air	4603364550124398402
A/2/split/340/mf	4576598004192639861
A/2/split/340/mf_sched	4582403389825004051
A/2/split/340/nu_hp	4605292294839495533
A/2/split/340/nu_lp	4604908498284992449
A/2/split/340/phi_hp	4606680258087474446
A/2/split/340/phi_lp	4605380978949069210
A/2/split/340/pi_hpc	4616236729973011806
A/2/split/340/pi_lpc	4611845222978564899
A/2/split/340/s	4610334938539176691
A/2/split/340/sp_thrust	4646329581975695658
A/2/three/npts	341
A/2/three/0/nkeys	16
A/2/three/0/Tt4	4652007308841189378
A/2/three/0/b	4585439236324657495
A/2/three/0/b_cmd	4585439236324657495
A/2/three/0/branch	13126223303132988745
A/2/three/0/f	4580382169689562672
A/2/three/0/mdot_air	4603364550124398404
A/2/three/0/mf	4576598004192639869
A/2/three/0/mf_sched	4576598004192639869
A/2/three/0/nu_hp	4605292294839495533
A/2/three/0/nu_lp	4604908498284992449
A/2/three/0/phi_hp	4606680258087474445
A/2/three/0/phi_lp	4605380978949069210
A/2/three/0/pi_hpc	4616236729973011810
A/2/three/0/pi_lpc	4611845222978564899
A/2/three/0/s	0
A/2/three/0/sp_thrust	4646329581975695664
A/2/three/37/nkeys	16
A/2/three/37/Tt4	4652007308841189383
A/2/three/37/b	4585439236324657484
A/2/three/37/b_cmd	4585439236324657535
A/2/three/37/branch	13126223303132988745
A/2/three/37/f	4580382169689562676
A/2/three/37/mdot_air	4603364550124398404
A/2/three/37/mf	4576598004192639872
A/2/three/37/mf_sched	4579575747328622176
A/2/three/37/nu_hp	4605292294839495533
A/2/three/37/nu_lp	4604908498284992449
A/2/three/37/phi_hp	4606680258087474445
A/2/three/37/phi_lp	4605380978949069209
A/2/three/37/pi_hpc	4616236729973011810
A/2/three/37/pi_lpc	4611845222978564899
A/2/three/37/s	4595833347739043761
A/2/three/37/sp_thrust	4646329581975695670
A/2/three/74/nkeys	16
A/2/three/74/Tt4	4652007308841189369
A/2/three/74/b	4585439236324657479
A/2/three/74/b_cmd	4585439236324657475
A/2/three/74/branch	13126223303132988745
A/2/three/74/f	4580382169689562663
A/2/three/74/mdot_air	4603364550124398406
A/2/three/74/mf	4576598004192639859
A/2/three/74/mf_sched	4581357155750199458
A/2/three/74/nu_hp	4605292294839495533
A/2/three/74/nu_lp	4604908498284992449
A/2/three/74/phi_hp	4606680258087474445
A/2/three/74/phi_lp	4605380978949069210
A/2/three/74/pi_hpc	4616236729973011810
A/2/three/74/pi_lpc	4611845222978564899
A/2/three/74/s	4600336947366414258
A/2/three/74/sp_thrust	4646329581975695660
A/2/three/111/nkeys	16
A/2/three/111/Tt4	4652007308841189369
A/2/three/111/b	4585439236324657443
A/2/three/111/b_cmd	4585439236324657435
A/2/three/111/branch	13126223303132988745
A/2/three/111/f	4580382169689562664
A/2/three/111/mdot_air	4603364550124398402
A/2/three/111/mf	4576598004192639861
A/2/three/111/mf_sched	4582403389825004051
A/2/three/111/nu_hp	4605292294839495533
A/2/three/111/nu_lp	4604908498284992449
A/2/three/111/phi_hp	4606680258087474446
A/2/three/111/phi_lp	4605380978949069210
A/2/three/111/pi_hpc	4616236729973011806
A/2/three/111/pi_lpc	4611845222978564899
A/2/three/111/s	4603174215131657670
A/2/three/111/sp_thrust	4646329581975695658
A/2/three/148/nkeys	16
A/2/three/148/Tt4	4652007308841189369
A/2/three/148/b	4585439236324657440
A/2/three/148/b_cmd	4585439236324657435
A/2/three/148/branch	13126223303132988745
A/2/three/148/f	4580382169689562664
A/2/three/148/mdot_air	4603364550124398402
A/2/three/148/mf	4576598004192639861
A/2/three/148/mf_sched	4582403389825004051
A/2/three/148/nu_hp	4605292294839495533
A/2/three/148/nu_lp	4604908498284992449
A/2/three/148/phi_hp	4606680258087474446
A/2/three/148/phi_lp	4605380978949069210
A/2/three/148/pi_hpc	4616236729973011806
A/2/three/148/pi_lpc	4611845222978564899
A/2/three/148/s	4604840546993784755
A/2/three/148/sp_thrust	4646329581975695658
A/2/three/185/nkeys	16
A/2/three/185/Tt4	4652007308841189369
A/2/three/185/b	4585439236324657440
A/2/three/185/b_cmd	4585439236324657435
A/2/three/185/branch	13126223303132988745
A/2/three/185/f	4580382169689562664
A/2/three/185/mdot_air	4603364550124398402
A/2/three/185/mf	4576598004192639861
A/2/three/185/mf_sched	4582403389825004051
A/2/three/185/nu_hp	4605292294839495533
A/2/three/185/nu_lp	4604908498284992449
A/2/three/185/phi_hp	4606680258087474446
A/2/three/185/phi_lp	4605380978949069210
A/2/three/185/pi_hpc	4616236729973011806
A/2/three/185/pi_lpc	4611845222978564899
A/2/three/185/s	4606506878855911840
A/2/three/185/sp_thrust	4646329581975695658
A/2/three/222/nkeys	16
A/2/three/222/Tt4	4652007308841189369
A/2/three/222/b	4585439236324657440
A/2/three/222/b_cmd	4585439236324657435
A/2/three/222/branch	13126223303132988745
A/2/three/222/f	4580382169689562664
A/2/three/222/mdot_air	4603364550124398402
A/2/three/222/mf	4576598004192639861
A/2/three/222/mf_sched	4582403389825004051
A/2/three/222/nu_hp	4605292294839495533
A/2/three/222/nu_lp	4604908498284992449
A/2/three/222/phi_hp	4606680258087474446
A/2/three/222/phi_lp	4605380978949069210
A/2/three/222/pi_hpc	4616236729973011806
A/2/three/222/pi_lpc	4611845222978564899
A/2/three/222/s	4607677814759028155
A/2/three/222/sp_thrust	4646329581975695658
A/2/three/259/nkeys	16
A/2/three/259/Tt4	4652007308841189369
A/2/three/259/b	4585439236324657440
A/2/three/259/b_cmd	4585439236324657435
A/2/three/259/branch	13126223303132988745
A/2/three/259/f	4580382169689562664
A/2/three/259/mdot_air	4603364550124398402
A/2/three/259/mf	4576598004192639861
A/2/three/259/mf_sched	4582403389825004051
A/2/three/259/nu_hp	4605292294839495533
A/2/three/259/nu_lp	4604908498284992449
A/2/three/259/phi_hp	4606680258087474446
A/2/three/259/phi_lp	4605380978949069210
A/2/three/259/pi_hpc	4616236729973011806
A/2/three/259/pi_lpc	4611845222978564899
A/2/three/259/s	4608510980690091679
A/2/three/259/sp_thrust	4646329581975695658
A/2/three/296/nkeys	16
A/2/three/296/Tt4	4652007308841189369
A/2/three/296/b	4585439236324657440
A/2/three/296/b_cmd	4585439236324657435
A/2/three/296/branch	13126223303132988745
A/2/three/296/f	4580382169689562664
A/2/three/296/mdot_air	4603364550124398402
A/2/three/296/mf	4576598004192639861
A/2/three/296/mf_sched	4582403389825004051
A/2/three/296/nu_hp	4605292294839495533
A/2/three/296/nu_lp	4604908498284992449
A/2/three/296/phi_hp	4606680258087474446
A/2/three/296/phi_lp	4605380978949069210
A/2/three/296/pi_hpc	4616236729973011806
A/2/three/296/pi_lpc	4611845222978564899
A/2/three/296/s	4609344146621155203
A/2/three/296/sp_thrust	4646329581975695658
A/2/three/333/nkeys	16
A/2/three/333/Tt4	4652007308841189369
A/2/three/333/b	4585439236324657440
A/2/three/333/b_cmd	4585439236324657435
A/2/three/333/branch	13126223303132988745
A/2/three/333/f	4580382169689562664
A/2/three/333/mdot_air	4603364550124398402
A/2/three/333/mf	4576598004192639861
A/2/three/333/mf_sched	4582403389825004051
A/2/three/333/nu_hp	4605292294839495533
A/2/three/333/nu_lp	4604908498284992449
A/2/three/333/phi_hp	4606680258087474446
A/2/three/333/phi_lp	4605380978949069210
A/2/three/333/pi_hpc	4616236729973011806
A/2/three/333/pi_lpc	4611845222978564899
A/2/three/333/s	4610177312552218727
A/2/three/333/sp_thrust	4646329581975695658
A/2/three/340/nkeys	16
A/2/three/340/Tt4	4652007308841189369
A/2/three/340/b	4585439236324657440
A/2/three/340/b_cmd	4585439236324657435
A/2/three/340/branch	13126223303132988745
A/2/three/340/f	4580382169689562664
A/2/three/340/mdot_air	4603364550124398402
A/2/three/340/mf	4576598004192639861
A/2/three/340/mf_sched	4582403389825004051
A/2/three/340/nu_hp	4605292294839495533
A/2/three/340/nu_lp	4604908498284992449
A/2/three/340/phi_hp	4606680258087474446
A/2/three/340/phi_lp	4605380978949069210
A/2/three/340/pi_hpc	4616236729973011806
A/2/three/340/pi_lpc	4611845222978564899
A/2/three/340/s	4610334938539176691
A/2/three/340/sp_thrust	4646329581975695658
A/2/identical	1
A/2/carries_v	0
A/3/split/npts	216
A/3/split/0/nkeys	16
A/3/split/0/Tt4	4652007308841189373
A/3/split/0/branch	13126223303132988745
A/3/split/0/f	4580362397098397465
A/3/split/0/g	0
A/3/split/0/mdot_air	4603437906198678369
A/3/split/0/mf	4576651860380027810
A/3/split/0/mf_sched	4576651860380027810
A/3/split/0/nu_hp	4605289037695390238
A/3/split/0/nu_lp	4604982328959340258
A/3/split/0/phi_hp	4606672101246745290
A/3/split/0/phi_lp	4605138831325119760
A/3/split/0/pi_hpc	4616194662411773451
A/3/split/0/pi_lpc	4611954934909333047
A/3/split/0/required	4567087500998909594
A/3/split/0/s	0
A/3/split/0/sp_thrust	4646376948859877908
A/3/split/37/nkeys	16
A/3/split/37/Tt4	4651486258096422500
A/3/split/37/branch	13126223303132988745
A/3/split/37/f	4579588690605627278
A/3/split/37/g	4573655389726603887
A/3/split/37/mdot_air	4603464565956213323
A/3/split/37/mf	4576106992940216108
A/3/split/37/mf_sched	4579609676726676580
A/3/split/37/nu_hp	4605264724044818044
A/3/split/37/nu_lp	4604952802694946779
A/3/split/37/phi_hp	4606791633836910642
A/3/split/37/phi_lp	4605204598012285718
A/3/split/37/pi_hpc	4616030580818405758
A/3/split/37/pi_lpc	4611915908302802718
A/3/split/37/required	4575393281603779056
A/3/split/37/s	4595833347739043761
A/3/split/37/sp_thrust	4645892522380997168
A/3/split/74/nkeys	16
A/3/split/74/Tt4	4651265027302005918
A/3/split/74/branch	13126223303132988745
A/3/split/74/f	4579200402993205529
A/3/split/74/g	4577879905430969441
A/3/split/74/mdot_air	4603422290989818530
A/3/split/74/mf	4575841209423409349
A/3/split/74/mf_sched	4581364157054559891
A/3/split/74/nu_hp	4605225891646546939
A/3/split/74/nu_lp	4604906260712753575
A/3/split/74/phi_hp	4606823424452960444
A/3/split/74/phi_lp	4605196632255275693
A/3/split/74/pi_hpc	4615914169257910219
A/3/split/74/pi_lpc	4611873525915496066
A/3/split/74/required	4578756657765251649
A/3/split/74/s	4600336947366414258
A/3/split/74/sp_thrust	4645648674996911686
A/3/split/111/nkeys	16
A/3/split/111/Tt4	4650448995973623306
A/3/split/111/branch	13126223303132988745
A/3/split/111/f	4577702848591217427
A/3/split/111/g	4580488558357908736
A/3/split/111/mdot_air	4603442182826074338
A/3/split/111/mf	4574309348022064204
A/3/split/111/mf_sched	4582403389825004051
A/3/split/111/nu_hp	4605170229581176700
A/3/split/111/nu_lp	4604839710317114669
A/3/split/111/phi_hp	4607023464036911068
A/3/split/111/phi_lp	4605293631043123805
A/3/split/111/pi_hpc	4615608186745706318
A/3/split/111/pi_lpc	4611796639078511157
A/3/split/111/required	4580682180816776750
A/3/split/111/s	4603174215131657670
A/3/split/111/sp_thrust	4644838709376102812
A/3/split/148/nkeys	16
A/3/split/148/Tt4	4649643835311093200
A/3/split/148/branch	13126223303132988745
A/3/split/148/f	4576289747906196695
A/3/split/148/g	4580925528508446802
A/3/split/148/mdot_air	4603358655864700415
A/3/split/148/mf	4572561467419911940
A/3/split/148/mf_sched	4582403389825004051
A/3/split/148/nu_hp	4605054766906002901
A/3/split/148/nu_lp	4604699064748957713
A/3/split/148/phi_hp	4607194091251723521
A/3/split/148/phi_lp	4605331772512990582
A/3/split/148/pi_hpc	4615208424633961185
A/3/split/148/pi_lpc	4611645529394475149
A/3/split/148/required	4581022661206124459
A/3/split/148/s	4604840546993784755
A/3/split/148/sp_thrust	4643932451052202696
A/3/split/185/nkeys	16
A/3/split/185/Tt4	4648981267281293402
A/3/split/185/branch	13126223303132988745
A/3/split/185/f	4574689354491094351
A/3/split/185/g	4581277841960595395
A/3/split/185/mdot_air	4603219436383184285
A/3/split/185/mf	4571150805441581696
A/3/split/185/mf_sched	4582403389825004051
A/3/split/185/nu_hp	4604914016667349281
A/3/split/185/nu_lp	4604527800499290150
A/3/split/185/phi_hp	4607266991866925181
A/3/split/185/phi_lp	4605327315122185059
A/3/split/185/pi_hpc	4614811389268400580
A/3/split/185/pi_lpc	4611356507976923975
A/3/split/185/required	4581370793624740435
A/3/split/185/s	4606506878855911840
A/3/split/185/sp_thrust	4642990647497833964
A/3/split/215/nkeys	16
A/3/split/215/Tt4	4648446847741853078
A/3/split/215/branch	13126223303132988745
A/3/split/215/f	4572923434816739973
A/3/split/215/g	4581546890999848705
A/3/split/215/mdot_air	4603094172589800938
A/3/split/215/mf	4568998413127555216
A/3/split/215/mf_sched	4582403389825004051
A/3/split/215/nu_hp	4604785964175070244
A/3/split/215/nu_lp	4604371809644619123
A/3/split/215/phi_hp	4607333006421705380
A/3/split/215/phi_lp	4605325279414727341
A/3/split/215/pi_hpc	4614469458011512358
A/3/split/215/pi_lpc	4611105012843315260
A/3/split/215/required	4581632642016792276
A/3/split/215/s	4607520188772070191
A/3/split/215/sp_thrust	4641566320248126228
A/3/three/npts	216
A/3/three/0/nkeys	16
A/3/three/0/Tt4	4652007308841189373
A/3/three/0/branch	13126223303132988745
A/3/three/0/f	4580362397098397465
A/3/three/0/g	0
A/3/three/0/mdot_air	4603437906198678369
A/3/three/0/mf	4576651860380027810
A/3/three/0/mf_sched	4576651860380027810
A/3/three/0/nu_hp	4605289037695390238
A/3/three/0/nu_lp	4604982328959340258
A/3/three/0/phi_hp	4606672101246745290
A/3/three/0/phi_lp	4605138831325119760
A/3/three/0/pi_hpc	4616194662411773451
A/3/three/0/pi_lpc	4611954934909333047
A/3/three/0/required	4567087500998909594
A/3/three/0/s	0
A/3/three/0/sp_thrust	4646376948859877908
A/3/three/37/nkeys	16
A/3/three/37/Tt4	4651486258096422500
A/3/three/37/branch	13126223303132988745
A/3/three/37/f	4579588690605627278
A/3/three/37/g	4573655389726603887
A/3/three/37/mdot_air	4603464565956213323
A/3/three/37/mf	4576106992940216108
A/3/three/37/mf_sched	4579609676726676580
A/3/three/37/nu_hp	4605264724044818044
A/3/three/37/nu_lp	4604952802694946779
A/3/three/37/phi_hp	4606791633836910642
A/3/three/37/phi_lp	4605204598012285718
A/3/three/37/pi_hpc	4616030580818405758
A/3/three/37/pi_lpc	4611915908302802718
A/3/three/37/required	4575393281603779056
A/3/three/37/s	4595833347739043761
A/3/three/37/sp_thrust	4645892522380997168
A/3/three/74/nkeys	16
A/3/three/74/Tt4	4651265027302005918
A/3/three/74/branch	13126223303132988745
A/3/three/74/f	4579200402993205529
A/3/three/74/g	4577879905430969441
A/3/three/74/mdot_air	4603422290989818530
A/3/three/74/mf	4575841209423409349
A/3/three/74/mf_sched	4581364157054559891
A/3/three/74/nu_hp	4605225891646546939
A/3/three/74/nu_lp	4604906260712753575
A/3/three/74/phi_hp	4606823424452960444
A/3/three/74/phi_lp	4605196632255275693
A/3/three/74/pi_hpc	4615914169257910219
A/3/three/74/pi_lpc	4611873525915496066
A/3/three/74/required	4578756657765251649
A/3/three/74/s	4600336947366414258
A/3/three/74/sp_thrust	4645648674996911686
A/3/three/111/nkeys	16
A/3/three/111/Tt4	4650448995973623306
A/3/three/111/branch	13126223303132988745
A/3/three/111/f	4577702848591217427
A/3/three/111/g	4580488558357908736
A/3/three/111/mdot_air	4603442182826074338
A/3/three/111/mf	4574309348022064204
A/3/three/111/mf_sched	4582403389825004051
A/3/three/111/nu_hp	4605170229581176700
A/3/three/111/nu_lp	4604839710317114669
A/3/three/111/phi_hp	4607023464036911068
A/3/three/111/phi_lp	4605293631043123805
A/3/three/111/pi_hpc	4615608186745706318
A/3/three/111/pi_lpc	4611796639078511157
A/3/three/111/required	4580682180816776750
A/3/three/111/s	4603174215131657670
A/3/three/111/sp_thrust	4644838709376102812
A/3/three/148/nkeys	16
A/3/three/148/Tt4	4649643835311093200
A/3/three/148/branch	13126223303132988745
A/3/three/148/f	4576289747906196695
A/3/three/148/g	4580925528508446802
A/3/three/148/mdot_air	4603358655864700415
A/3/three/148/mf	4572561467419911940
A/3/three/148/mf_sched	4582403389825004051
A/3/three/148/nu_hp	4605054766906002901
A/3/three/148/nu_lp	4604699064748957713
A/3/three/148/phi_hp	4607194091251723521
A/3/three/148/phi_lp	4605331772512990582
A/3/three/148/pi_hpc	4615208424633961185
A/3/three/148/pi_lpc	4611645529394475149
A/3/three/148/required	4581022661206124459
A/3/three/148/s	4604840546993784755
A/3/three/148/sp_thrust	4643932451052202696
A/3/three/185/nkeys	16
A/3/three/185/Tt4	4648981267281293402
A/3/three/185/branch	13126223303132988745
A/3/three/185/f	4574689354491094351
A/3/three/185/g	4581277841960595395
A/3/three/185/mdot_air	4603219436383184285
A/3/three/185/mf	4571150805441581696
A/3/three/185/mf_sched	4582403389825004051
A/3/three/185/nu_hp	4604914016667349281
A/3/three/185/nu_lp	4604527800499290150
A/3/three/185/phi_hp	4607266991866925181
A/3/three/185/phi_lp	4605327315122185059
A/3/three/185/pi_hpc	4614811389268400580
A/3/three/185/pi_lpc	4611356507976923975
A/3/three/185/required	4581370793624740435
A/3/three/185/s	4606506878855911840
A/3/three/185/sp_thrust	4642990647497833964
A/3/three/215/nkeys	16
A/3/three/215/Tt4	4648446847741853078
A/3/three/215/branch	13126223303132988745
A/3/three/215/f	4572923434816739973
A/3/three/215/g	4581546890999848705
A/3/three/215/mdot_air	4603094172589800938
A/3/three/215/mf	4568998413127555216
A/3/three/215/mf_sched	4582403389825004051
A/3/three/215/nu_hp	4604785964175070244
A/3/three/215/nu_lp	4604371809644619123
A/3/three/215/phi_hp	4607333006421705380
A/3/three/215/phi_lp	4605325279414727341
A/3/three/215/pi_hpc	4614469458011512358
A/3/three/215/pi_lpc	4611105012843315260
A/3/three/215/required	4581632642016792276
A/3/three/215/s	4607520188772070191
A/3/three/215/sp_thrust	4641566320248126228
A/3/identical	1
A/3/carries_v	0
A/4/split/npts	341
A/4/split/0/nkeys	14
A/4/split/0/Tt4	4652007308841189378
A/4/split/0/branch	13126223303132988745
A/4/split/0/f	4580382169689562672
A/4/split/0/mdot_air	4603364550124398404
A/4/split/0/mf	4576598004192639869
A/4/split/0/mf_sched	4576598004192639869
A/4/split/0/nu_hp	4605292294839495533
A/4/split/0/nu_lp	4604908498284992449
A/4/split/0/phi_hp	4606680258087474445
A/4/split/0/phi_lp	4605380978949069210
A/4/split/0/pi_hpc	4616236729973011810
A/4/split/0/pi_lpc	4611845222978564899
A/4/split/0/s	0
A/4/split/0/sp_thrust	4646329581975695664
A/4/split/37/nkeys	14
A/4/split/37/Tt4	4653609620530195803
A/4/split/37/branch	13126223303132988745
A/4/split/37/f	4583269039119317029
A/4/split/37/mdot_air	4603158245008881196
A/4/split/37/mf	4579575747328622176
A/4/split/37/mf_sched	4579575747328622176
A/4/split/37/nu_hp	4605396829805578864
A/4/split/37/nu_lp	4605016774756622461
A/4/split/37/phi_hp	4606105698738652248
A/4/split/37/phi_lp	4605380978949069210
A/4/split/37/pi_hpc	4616686386312183862
A/4/split/37/pi_lpc	4611946397717613153
A/4/split/37/s	4595833347739043761
A/4/split/37/sp_thrust	4648289363255617608
A/4/split/74/nkeys	14
A/4/split/74/Tt4	4654743076170853674
A/4/split/74/branch	13126223303132988745
A/4/split/74/f	4585037021245455300
A/4/split/74/mdot_air	4603439610069438643
A/4/split/74/mf	4581357155750199458
A/4/split/74/mf_sched	4581357155750199458
A/4/split/74/nu_hp	4605668396151326210
A/4/split/74/nu_lp	4605309142290274186
A/4/split/74/phi_hp	4605927991862913340
A/4/split/74/phi_lp	4605380978949069210
A/4/split/74/pi_hpc	4617163233402092086
A/4/split/74/pi_lpc	4612235860374795474
A/4/split/74/s	4600336947366414258
A/4/split/74/sp_thrust	4649310026146586344
A/4/split/111/nkeys	14
A/4/split/111/Tt4	4655021118860173318
A/4/split/111/branch	13126223303132988745
A/4/split/111/f	4585222425203721829
A/4/split/111/mdot_air	4604177672633094525
A/4/split/111/mf	4582403389825004051
A/4/split/111/mf_sched	4582403389825004051
A/4/split/111/nu_hp	4606030099903208050
A/4/split/111/nu_lp	4605724605994193932
A/4/split/111/phi_hp	4606120806946669190
A/4/split/111/phi_lp	4605380978949069211
A/4/split/111/pi_hpc	4617534722391254168
A/4/split/111/pi_lpc	4612690915441086935
A/4/split/111/s	4603174215131657670
A/4/split/111/sp_thrust	4649732952076390849
A/4/split/148/nkeys	14
A/4/split/148/Tt4	4654544309063013529
A/4/split/148/branch	13126223303132988745
A/4/split/148/f	4584675915318060612
A/4/split/148/mdot_air	4604904213375243504
A/4/split/148/mf	4582403389825004051
A/4/split/148/mf_sched	4582403389825004051
A/4/split/148/nu_hp	4606305761124608950
A/4/split/148/nu_lp	4606065514650148828
A/4/split/148/phi_hp	4606480460910061423
A/4/split/148/phi_lp	4605856730490666638
A/4/split/148/pi_hpc	4617694920070856582
A/4/split/148/pi_lpc	4612972310329705489
A/4/split/148/s	4604840546993784755
A/4/split/148/sp_thrust	4649513481388593779
A/4/split/185/nkeys	14
A/4/split/185/Tt4	4654282384631560417
A/4/split/185/branch	13126223303132988745
A/4/split/185/f	4584080428034080727
A/4/split/185/mdot_air	4605389109199733234
A/4/split/185/mf	4582403389825004051
A/4/split/185/mf_sched	4582403389825004051
A/4/split/185/nu_hp	4606485871506865636
A/4/split/185/nu_lp	4606290548781789977
A/4/split/185/phi_hp	4606699651942206023
A/4/split/185/phi_lp	4606181911526059444
A/4/split/185/pi_hpc	4617801246091425145
A/4/split/185/pi_lpc	4613151295855349822
A/4/split/185/s	4606506878855911840
A/4/split/185/sp_thrust	4649389646662978298
A/4/split/222/nkeys	14
A/4/split/222/Tt4	4654128293749416487
A/4/split/222/branch	13126223303132988745
A/4/split/222/f	4583720068552752449
A/4/split/222/mdot_air	4605711525523360072
A/4/split/222/mf	4582403389825004051
A/4/split/222/mf_sched	4582403389825004051
A/4/split/222/nu_hp	4606603057311050170
A/4/split/222/nu_lp	4606439120109368385
A/4/split/222/phi_hp	4606836177956702424
A/4/split/222/phi_lp	4606389380529285523
A/4/split/222/pi_hpc	4617869241345220692
A/4/split/222/pi_lpc	4613269316388156826
A/4/split/222/s	4607677814759028155
A/4/split/222/sp_thrust	4649315739068726450
A/4/split/259/nkeys	14
A/4/split/259/Tt4	4654034227298023878
A/4/split/259/branch	13126223303132988745
A/4/split/259/f	4583498606461923764
A/4/split/259/mdot_air	4605924371349402754
A/4/split/259/mf	4582403389825004051
A/4/split/259/mf_sched	4582403389825004051
A/4/split/259/nu_hp	4606679003474354249
A/4/split/259/nu_lp	4606537246954905303
A/4/split/259/phi_hp	4606922254431805747
A/4/split/259/phi_lp	4606522256804999941
A/4/split/259/pi_hpc	4617912309098575209
A/4/split/259/pi_lpc	4613347572907780509
A/4/split/259/s	4608510980690091679
A/4/split/259/sp_thrust	4649270248374390682
A/4/split/296/nkeys	14
A/4/split/296/Tt4	4653975467050279498
A/4/split/296/branch	13126223303132988745
A/4/split/296/f	4583359615686952035
A/4/split/296/mdot_air	4606064205870420691
A/4/split/296/mf	4582403389825004051
A/4/split/296/mf_sched	4582403389825004051
A/4/split/296/nu_hp	4606728029685825219
A/4/split/296/nu_lp	4606602063820275078
A/4/split/296/phi_hp	4606976885358718521
A/4/split/296/phi_lp	4606607518687117698
A/4/split/296/pi_hpc	4617939296276030850
A/4/split/296/pi_lpc	4613399694813439278
A/4/split/296/s	4609344146621155203
A/4/split/296/sp_thrust	4649241692628520034
A/4/split/333/nkeys	14
A/4/split/333/Tt4	4653938241772643421
A/4/split/333/branch	13126223303132988745
A/4/split/333/f	4583271280524440988
A/4/split/333/mdot_air	4606155730624623480
A/4/split/333/mf	4582403389825004051
A/4/split/333/mf_sched	4582403389825004051
A/4/split/333/nu_hp	4606759546725283157
A/4/split/333/nu_lp	4606644871460096229
A/4/split/333/phi_hp	4607011657776074110
A/4/split/333/phi_lp	4606662233435489682
A/4/split/333/pi_hpc	4617956003795659467
A/4/split/333/pi_lpc	4613434522908650059
A/4/split/333/s	4610177312552218727
A/4/split/333/sp_thrust	4649223548324343412
A/4/split/340/nkeys	14
A/4/split/340/Tt4	4653932894970708299
A/4/split/340/branch	13126223303132988745
A/4/split/340/f	4583258573648347603
A/4/split/340/mdot_air	4606169071325362829
A/4/split/340/mf	4582403389825004051
A/4/split/340/mf_sched	4582403389825004051
A/4/split/340/nu_hp	4606764086467125264
A/4/split/340/nu_lp	4606651155308096921
A/4/split/340/phi_hp	4607016647038904659
A/4/split/340/phi_lp	4606670118257456411
A/4/split/340/pi_hpc	4617958343430026211
A/4/split/340/pi_lpc	4613439679757875029
A/4/split/340/s	4610334938539176691
A/4/split/340/sp_thrust	4649220938821778644
A/4/three/npts	341
A/4/three/0/nkeys	14
A/4/three/0/Tt4	4652007308841189378
A/4/three/0/branch	13126223303132988745
A/4/three/0/f	4580382169689562672
A/4/three/0/mdot_air	4603364550124398404
A/4/three/0/mf	4576598004192639869
A/4/three/0/mf_sched	4576598004192639869
A/4/three/0/nu_hp	4605292294839495533
A/4/three/0/nu_lp	4604908498284992449
A/4/three/0/phi_hp	4606680258087474445
A/4/three/0/phi_lp	4605380978949069210
A/4/three/0/pi_hpc	4616236729973011810
A/4/three/0/pi_lpc	4611845222978564899
A/4/three/0/s	0
A/4/three/0/sp_thrust	4646329581975695664
A/4/three/37/nkeys	14
A/4/three/37/Tt4	4653609620530195803
A/4/three/37/branch	13126223303132988745
A/4/three/37/f	4583269039119317029
A/4/three/37/mdot_air	4603158245008881196
A/4/three/37/mf	4579575747328622176
A/4/three/37/mf_sched	4579575747328622176
A/4/three/37/nu_hp	4605396829805578864
A/4/three/37/nu_lp	4605016774756622461
A/4/three/37/phi_hp	4606105698738652248
A/4/three/37/phi_lp	4605380978949069210
A/4/three/37/pi_hpc	4616686386312183862
A/4/three/37/pi_lpc	4611946397717613153
A/4/three/37/s	4595833347739043761
A/4/three/37/sp_thrust	4648289363255617608
A/4/three/74/nkeys	14
A/4/three/74/Tt4	4654743076170853674
A/4/three/74/branch	13126223303132988745
A/4/three/74/f	4585037021245455300
A/4/three/74/mdot_air	4603439610069438643
A/4/three/74/mf	4581357155750199458
A/4/three/74/mf_sched	4581357155750199458
A/4/three/74/nu_hp	4605668396151326210
A/4/three/74/nu_lp	4605309142290274186
A/4/three/74/phi_hp	4605927991862913340
A/4/three/74/phi_lp	4605380978949069210
A/4/three/74/pi_hpc	4617163233402092086
A/4/three/74/pi_lpc	4612235860374795474
A/4/three/74/s	4600336947366414258
A/4/three/74/sp_thrust	4649310026146586344
A/4/three/111/nkeys	14
A/4/three/111/Tt4	4655021118860173318
A/4/three/111/branch	13126223303132988745
A/4/three/111/f	4585222425203721829
A/4/three/111/mdot_air	4604177672633094525
A/4/three/111/mf	4582403389825004051
A/4/three/111/mf_sched	4582403389825004051
A/4/three/111/nu_hp	4606030099903208050
A/4/three/111/nu_lp	4605724605994193932
A/4/three/111/phi_hp	4606120806946669190
A/4/three/111/phi_lp	4605380978949069211
A/4/three/111/pi_hpc	4617534722391254168
A/4/three/111/pi_lpc	4612690915441086935
A/4/three/111/s	4603174215131657670
A/4/three/111/sp_thrust	4649732952076390849
A/4/three/148/nkeys	14
A/4/three/148/Tt4	4654544309063013529
A/4/three/148/branch	13126223303132988745
A/4/three/148/f	4584675915318060612
A/4/three/148/mdot_air	4604904213375243504
A/4/three/148/mf	4582403389825004051
A/4/three/148/mf_sched	4582403389825004051
A/4/three/148/nu_hp	4606305761124608950
A/4/three/148/nu_lp	4606065514650148828
A/4/three/148/phi_hp	4606480460910061423
A/4/three/148/phi_lp	4605856730490666638
A/4/three/148/pi_hpc	4617694920070856582
A/4/three/148/pi_lpc	4612972310329705489
A/4/three/148/s	4604840546993784755
A/4/three/148/sp_thrust	4649513481388593779
A/4/three/185/nkeys	14
A/4/three/185/Tt4	4654282384631560417
A/4/three/185/branch	13126223303132988745
A/4/three/185/f	4584080428034080727
A/4/three/185/mdot_air	4605389109199733234
A/4/three/185/mf	4582403389825004051
A/4/three/185/mf_sched	4582403389825004051
A/4/three/185/nu_hp	4606485871506865636
A/4/three/185/nu_lp	4606290548781789977
A/4/three/185/phi_hp	4606699651942206023
A/4/three/185/phi_lp	4606181911526059444
A/4/three/185/pi_hpc	4617801246091425145
A/4/three/185/pi_lpc	4613151295855349822
A/4/three/185/s	4606506878855911840
A/4/three/185/sp_thrust	4649389646662978298
A/4/three/222/nkeys	14
A/4/three/222/Tt4	4654128293749416487
A/4/three/222/branch	13126223303132988745
A/4/three/222/f	4583720068552752449
A/4/three/222/mdot_air	4605711525523360072
A/4/three/222/mf	4582403389825004051
A/4/three/222/mf_sched	4582403389825004051
A/4/three/222/nu_hp	4606603057311050170
A/4/three/222/nu_lp	4606439120109368385
A/4/three/222/phi_hp	4606836177956702424
A/4/three/222/phi_lp	4606389380529285523
A/4/three/222/pi_hpc	4617869241345220692
A/4/three/222/pi_lpc	4613269316388156826
A/4/three/222/s	4607677814759028155
A/4/three/222/sp_thrust	4649315739068726450
A/4/three/259/nkeys	14
A/4/three/259/Tt4	4654034227298023878
A/4/three/259/branch	13126223303132988745
A/4/three/259/f	4583498606461923764
A/4/three/259/mdot_air	4605924371349402754
A/4/three/259/mf	4582403389825004051
A/4/three/259/mf_sched	4582403389825004051
A/4/three/259/nu_hp	4606679003474354249
A/4/three/259/nu_lp	4606537246954905303
A/4/three/259/phi_hp	4606922254431805747
A/4/three/259/phi_lp	4606522256804999941
A/4/three/259/pi_hpc	4617912309098575209
A/4/three/259/pi_lpc	4613347572907780509
A/4/three/259/s	4608510980690091679
A/4/three/259/sp_thrust	4649270248374390682
A/4/three/296/nkeys	14
A/4/three/296/Tt4	4653975467050279498
A/4/three/296/branch	13126223303132988745
A/4/three/296/f	4583359615686952035
A/4/three/296/mdot_air	4606064205870420691
A/4/three/296/mf	4582403389825004051
A/4/three/296/mf_sched	4582403389825004051
A/4/three/296/nu_hp	4606728029685825219
A/4/three/296/nu_lp	4606602063820275078
A/4/three/296/phi_hp	4606976885358718521
A/4/three/296/phi_lp	4606607518687117698
A/4/three/296/pi_hpc	4617939296276030850
A/4/three/296/pi_lpc	4613399694813439278
A/4/three/296/s	4609344146621155203
A/4/three/296/sp_thrust	4649241692628520034
A/4/three/333/nkeys	14
A/4/three/333/Tt4	4653938241772643421
A/4/three/333/branch	13126223303132988745
A/4/three/333/f	4583271280524440988
A/4/three/333/mdot_air	4606155730624623480
A/4/three/333/mf	4582403389825004051
A/4/three/333/mf_sched	4582403389825004051
A/4/three/333/nu_hp	4606759546725283157
A/4/three/333/nu_lp	4606644871460096229
A/4/three/333/phi_hp	4607011657776074110
A/4/three/333/phi_lp	4606662233435489682
A/4/three/333/pi_hpc	4617956003795659467
A/4/three/333/pi_lpc	4613434522908650059
A/4/three/333/s	4610177312552218727
A/4/three/333/sp_thrust	4649223548324343412
A/4/three/340/nkeys	14
A/4/three/340/Tt4	4653932894970708299
A/4/three/340/branch	13126223303132988745
A/4/three/340/f	4583258573648347603
A/4/three/340/mdot_air	4606169071325362829
A/4/three/340/mf	4582403389825004051
A/4/three/340/mf_sched	4582403389825004051
A/4/three/340/nu_hp	4606764086467125264
A/4/three/340/nu_lp	4606651155308096921
A/4/three/340/phi_hp	4607016647038904659
A/4/three/340/phi_lp	4606670118257456411
A/4/three/340/pi_hpc	4617958343430026211
A/4/three/340/pi_lpc	4613439679757875029
A/4/three/340/s	4610334938539176691
A/4/three/340/sp_thrust	4649220938821778644
A/4/identical	1
A/4/carries_v	0
A/5/split/npts	341
A/5/split/0/nkeys	14
A/5/split/0/Tt4	4652007308841189379
A/5/split/0/branch	13126223303132988745
A/5/split/0/f	4580408039382119698
A/5/split/0/mdot_air	4603268013025272526
A/5/split/0/mf	4576525976520147492
A/5/split/0/mf_sched	4576525976520147492
A/5/split/0/nu_hp	4605296759753563736
A/5/split/0/nu_lp	4604813412686236824
A/5/split/0/phi_hp	4606691459874532763
A/5/split/0/phi_lp	4605723643779546934
A/5/split/0/pi_hpc	4616293200580197601
A/5/split/0/pi_lpc	4611702790823163479
A/5/split/0/s	0
A/5/split/0/sp_thrust	4646265112267773092
A/5/split/37/nkeys	14
A/5/split/37/Tt4	4653609970291326219
A/5/split/37/branch	13126223303132988745
A/5/split/37/f	4583280000052548637
A/5/split/37/mdot_air	4603117270648380940
A/5/split/37/mf	4579518522021733494
A/5/split/37/mf_sched	4579518522021733494
A/5/split/37/nu_hp	4605400156583563690
A/5/split/37/nu_lp	4604938242426159199
A/5/split/37/phi_hp	4606112437398098445
A/5/split/37/phi_lp	4605328590784492375
A/5/split/37/pi_hpc	4616714057802726455
A/5/split/37/pi_lpc	4611881535358961308
A/5/split/37/s	4595833347739043761
A/5/split/37/sp_thrust	4648274979503896265
A/5/split/74/nkeys	14
A/5/split/74/Tt4	4654746112576036057
A/5/split/74/branch	13126223303132988745
A/5/split/74/f	4585043055041364982
A/5/split/74/mdot_air	4603413537531918332
A/5/split/74/mf	4581335944279556964
A/5/split/74/mf_sched	4581335944279556964
A/5/split/74/nu_hp	4605669956963144710
A/5/split/74/nu_lp	4605257398966370022
A/5/split/74/phi_hp	4605931039580390228
A/5/split/74/phi_lp	4605310619134457114
A/5/split/74/pi_hpc	4617180332829597024
A/5/split/74/pi_lpc	4612196468897112660
A/5/split/74/s	4600336947366414258
A/5/split/74/sp_thrust	4649304113072409615
A/5/split/111/nkeys	14
A/5/split/111/Tt4	4655064829873376996
A/5/split/111/branch	13126223303132988745
A/5/split/111/f	4585276279742393539
A/5/split/111/mdot_air	4604100384382981376
A/5/split/111/mf	4582387379185519611
A/5/split/111/mf_sched	4582387379185519611
A/5/split/111/nu_hp	4606032200529602381
A/5/split/111/nu_lp	4605683182801336785
A/5/split/111/phi_hp	4606118183118902402
A/5/split/111/phi_lp	4605628948759095116
A/5/split/111/pi_hpc	4617592989854609381
A/5/split/111/pi_lpc	4612584380765492832
A/5/split/111/s	4603174215131657670
A/5/split/111/sp_thrust	4649748164205238506
A/5/split/148/nkeys	14
A/5/split/148/Tt4	4654580276792143914
A/5/split/148/branch	13126223303132988745
A/5/split/148/f	4584720812177408192
A/5/split/148/mdot_air	4604822148259779625
A/5/split/148/mf	4582387379185519611
A/5/split/148/mf_sched	4582387379185519611
A/5/split/148/nu_hp	4606311771720260984
A/5/split/148/nu_lp	4606018334075541415
A/5/split/148/phi_hp	4606482756694665571
A/5/split/148/phi_lp	4606051562977771312
A/5/split/148/pi_hpc	4617757668166486783
A/5/split/148/pi_lpc	4612859191211400783
A/5/split/148/s	4604840546993784755
A/5/split/148/sp_thrust	4649526298322184686
A/5/split/185/nkeys	14
A/5/split/185/Tt4	4654306763599218460
A/5/split/185/branch	13126223303132988745
A/5/split/185/f	4584143052818603826
A/5/split/185/mdot_air	4605318876917661139
A/5/split/185/mf	4582387379185519611
A/5/split/185/mf_sched	4582387379185519611
A/5/split/185/nu_hp	4606494760344547924
A/5/split/185/nu_lp	4606245549418931008
A/5/split/185/phi_hp	4606706389144237170
A/5/split/185/phi_lp	4606321239180027179
A/5/split/185/pi_hpc	4617858990335935647
A/5/split/185/pi_lpc	4613049989340176163
A/5/split/185/s	4606506878855911840
A/5/split/185/sp_thrust	4649397598301280818
A/5/split/222/nkeys	14
A/5/split/222/Tt4	4654143986679303317
A/5/split/222/branch	13126223303132988745
A/5/split/222/f	4583762204716050115
A/5/split/222/mdot_air	4605654552915044946
A/5/split/222/mf	4582387379185519611
A/5/split/222/mf_sched	4582387379185519611
A/5/split/222/nu_hp	4606613479490797301
A/5/split/222/nu_lp	4606399352567876513
A/5/split/222/phi_hp	4606845586398167148
A/5/split/222/phi_lp	4606495202075101161
A/5/split/222/pi_hpc	4617920628505955385
A/5/split/222/pi_lpc	4613181688806052010
A/5/split/222/s	4607677814759028155
A/5/split/222/sp_thrust	4649319826191227710
A/5/split/259/nkeys	14
A/5/split/259/Tt4	4654043905442719328
A/5/split/259/branch	13126223303132988745
A/5/split/259/f	4583526461212744495
A/5/split/259/mdot_air	4605878615759083805
A/5/split/259/mf	4582387379185519611
A/5/split/259/mf_sched	4582387379185519611
A/5/split/259/nu_hp	4606689835100898298
A/5/split/259/nu_lp	4606503211452622826
A/5/split/259/phi_hp	4606932866160513792
A/5/split/259/phi_lp	4606607439878799990
A/5/split/259/pi_hpc	4617957354585121243
A/5/split/259/pi_lpc	4613272379324051663
A/5/split/259/s	4608510980690091679
A/5/split/259/sp_thrust	4649271582613623399
A/5/split/296/nkeys	14
A/5/split/296/Tt4	4653981139455434680
A/5/split/296/branch	13126223303132988745
A/5/split/296/f	4583377906723398581
A/5/split/296/mdot_air	4606026837587080336
A/5/split/296/mf	4582387379185519611
A/5/split/296/mf_sched	4582387379185519611
A/5/split/296/nu_hp	4606738500546724905
A/5/split/296/nu_lp	4606573165410981245
A/5/split/296/phi_hp	4606987699393824523
A/5/split/296/phi_lp	4606679467031688675
A/5/split/296/pi_hpc	4617978571014316620
A/5/split/296/pi_lpc	4613334789265426120
A/5/split/296/s	4609344146621155203
A/5/split/296/sp_thrust	4649241165347910876
A/5/split/333/nkeys	14
A/5/split/333/Tt4	4653941323224045429
A/5/split/333/branch	13126223303132988745
A/5/split/333/f	4583283358478997644
A/5/split/333/mdot_air	4606124181326733764
A/5/split/333/mf	4582387379185519611
A/5/split/333/mf_sched	4582387379185519611
A/5/split/333/nu_hp	4606769208478924601
A/5/split/333/nu_lp	4606620168356458863
A/5/split/333/phi_hp	4607022071058426544
A/5/split/333/phi_lp	4606725298505081450
A/5/split/333/pi_hpc	4617990277103599924
A/5/split/333/pi_lpc	4613377737164243716
A/5/split/333/s	4610177312552218727
A/5/split/333/sp_thrust	4649221807080866972
A/5/split/340/nkeys	14
A/5/split/340/Tt4	4653935606238336748
A/5/split/340/branch	13126223303132988745
A/5/split/340/f	4583269761791083446
A/5/split/340/mdot_air	4606138378893794365
A/5/split/340/mf	4582387379185519611
A/5/split/340/mf_sched	4582387379185519611
A/5/split/340/nu_hp	4606773565959721561
A/5/split/340/nu_lp	4606627136584845643
A/5/split/340/phi_hp	4607026942050820724
A/5/split/340/phi_lp	4606731839085479018
A/5/split/340/pi_hpc	4617991761336881457
A/5/split/340/pi_lpc	4613384207452041504
A/5/split/340/s	4610334938539176691
A/5/split/340/sp_thrust	4649219023622013524
A/5/three/npts	341
A/5/three/0/nkeys	14
A/5/three/0/Tt4	4652007308841189379
A/5/three/0/branch	13126223303132988745
A/5/three/0/f	4580408039382119698
A/5/three/0/mdot_air	4603268013025272526
A/5/three/0/mf	4576525976520147492
A/5/three/0/mf_sched	4576525976520147492
A/5/three/0/nu_hp	4605296759753563736
A/5/three/0/nu_lp	4604813412686236824
A/5/three/0/phi_hp	4606691459874532763
A/5/three/0/phi_lp	4605723643779546934
A/5/three/0/pi_hpc	4616293200580197601
A/5/three/0/pi_lpc	4611702790823163479
A/5/three/0/s	0
A/5/three/0/sp_thrust	4646265112267773092
A/5/three/37/nkeys	14
A/5/three/37/Tt4	4653609970291326219
A/5/three/37/branch	13126223303132988745
A/5/three/37/f	4583280000052548637
A/5/three/37/mdot_air	4603117270648380940
A/5/three/37/mf	4579518522021733494
A/5/three/37/mf_sched	4579518522021733494
A/5/three/37/nu_hp	4605400156583563690
A/5/three/37/nu_lp	4604938242426159199
A/5/three/37/phi_hp	4606112437398098445
A/5/three/37/phi_lp	4605328590784492375
A/5/three/37/pi_hpc	4616714057802726455
A/5/three/37/pi_lpc	4611881535358961308
A/5/three/37/s	4595833347739043761
A/5/three/37/sp_thrust	4648274979503896265
A/5/three/74/nkeys	14
A/5/three/74/Tt4	4654746112576036057
A/5/three/74/branch	13126223303132988745
A/5/three/74/f	4585043055041364982
A/5/three/74/mdot_air	4603413537531918332
A/5/three/74/mf	4581335944279556964
A/5/three/74/mf_sched	4581335944279556964
A/5/three/74/nu_hp	4605669956963144710
A/5/three/74/nu_lp	4605257398966370022
A/5/three/74/phi_hp	4605931039580390228
A/5/three/74/phi_lp	4605310619134457114
A/5/three/74/pi_hpc	4617180332829597024
A/5/three/74/pi_lpc	4612196468897112660
A/5/three/74/s	4600336947366414258
A/5/three/74/sp_thrust	4649304113072409615
A/5/three/111/nkeys	14
A/5/three/111/Tt4	4655064829873376996
A/5/three/111/branch	13126223303132988745
A/5/three/111/f	4585276279742393539
A/5/three/111/mdot_air	4604100384382981376
A/5/three/111/mf	4582387379185519611
A/5/three/111/mf_sched	4582387379185519611
A/5/three/111/nu_hp	4606032200529602381
A/5/three/111/nu_lp	4605683182801336785
A/5/three/111/phi_hp	4606118183118902402
A/5/three/111/phi_lp	4605628948759095116
A/5/three/111/pi_hpc	4617592989854609381
A/5/three/111/pi_lpc	4612584380765492832
A/5/three/111/s	4603174215131657670
A/5/three/111/sp_thrust	4649748164205238506
A/5/three/148/nkeys	14
A/5/three/148/Tt4	4654580276792143914
A/5/three/148/branch	13126223303132988745
A/5/three/148/f	4584720812177408192
A/5/three/148/mdot_air	4604822148259779625
A/5/three/148/mf	4582387379185519611
A/5/three/148/mf_sched	4582387379185519611
A/5/three/148/nu_hp	4606311771720260984
A/5/three/148/nu_lp	4606018334075541415
A/5/three/148/phi_hp	4606482756694665571
A/5/three/148/phi_lp	4606051562977771312
A/5/three/148/pi_hpc	4617757668166486783
A/5/three/148/pi_lpc	4612859191211400783
A/5/three/148/s	4604840546993784755
A/5/three/148/sp_thrust	4649526298322184686
A/5/three/185/nkeys	14
A/5/three/185/Tt4	4654306763599218460
A/5/three/185/branch	13126223303132988745
A/5/three/185/f	4584143052818603826
A/5/three/185/mdot_air	4605318876917661139
A/5/three/185/mf	4582387379185519611
A/5/three/185/mf_sched	4582387379185519611
A/5/three/185/nu_hp	4606494760344547924
A/5/three/185/nu_lp	4606245549418931008
A/5/three/185/phi_hp	4606706389144237170
A/5/three/185/phi_lp	4606321239180027179
A/5/three/185/pi_hpc	4617858990335935647
A/5/three/185/pi_lpc	4613049989340176163
A/5/three/185/s	4606506878855911840
A/5/three/185/sp_thrust	4649397598301280818
A/5/three/222/nkeys	14
A/5/three/222/Tt4	4654143986679303317
A/5/three/222/branch	13126223303132988745
A/5/three/222/f	4583762204716050115
A/5/three/222/mdot_air	4605654552915044946
A/5/three/222/mf	4582387379185519611
A/5/three/222/mf_sched	4582387379185519611
A/5/three/222/nu_hp	4606613479490797301
A/5/three/222/nu_lp	4606399352567876513
A/5/three/222/phi_hp	4606845586398167148
A/5/three/222/phi_lp	4606495202075101161
A/5/three/222/pi_hpc	4617920628505955385
A/5/three/222/pi_lpc	4613181688806052010
A/5/three/222/s	4607677814759028155
A/5/three/222/sp_thrust	4649319826191227710
A/5/three/259/nkeys	14
A/5/three/259/Tt4	4654043905442719328
A/5/three/259/branch	13126223303132988745
A/5/three/259/f	4583526461212744495
A/5/three/259/mdot_air	4605878615759083805
A/5/three/259/mf	4582387379185519611
A/5/three/259/mf_sched	4582387379185519611
A/5/three/259/nu_hp	4606689835100898298
A/5/three/259/nu_lp	4606503211452622826
A/5/three/259/phi_hp	4606932866160513792
A/5/three/259/phi_lp	4606607439878799990
A/5/three/259/pi_hpc	4617957354585121243
A/5/three/259/pi_lpc	4613272379324051663
A/5/three/259/s	4608510980690091679
A/5/three/259/sp_thrust	4649271582613623399
A/5/three/296/nkeys	14
A/5/three/296/Tt4	4653981139455434680
A/5/three/296/branch	13126223303132988745
A/5/three/296/f	4583377906723398581
A/5/three/296/mdot_air	4606026837587080336
A/5/three/296/mf	4582387379185519611
A/5/three/296/mf_sched	4582387379185519611
A/5/three/296/nu_hp	4606738500546724905
A/5/three/296/nu_lp	4606573165410981245
A/5/three/296/phi_hp	4606987699393824523
A/5/three/296/phi_lp	4606679467031688675
A/5/three/296/pi_hpc	4617978571014316620
A/5/three/296/pi_lpc	4613334789265426120
A/5/three/296/s	4609344146621155203
A/5/three/296/sp_thrust	4649241165347910876
A/5/three/333/nkeys	14
A/5/three/333/Tt4	4653941323224045429
A/5/three/333/branch	13126223303132988745
A/5/three/333/f	4583283358478997644
A/5/three/333/mdot_air	4606124181326733764
A/5/three/333/mf	4582387379185519611
A/5/three/333/mf_sched	4582387379185519611
A/5/three/333/nu_hp	4606769208478924601
A/5/three/333/nu_lp	4606620168356458863
A/5/three/333/phi_hp	4607022071058426544
A/5/three/333/phi_lp	4606725298505081450
A/5/three/333/pi_hpc	4617990277103599924
A/5/three/333/pi_lpc	4613377737164243716
A/5/three/333/s	4610177312552218727
A/5/three/333/sp_thrust	4649221807080866972
A/5/three/340/nkeys	14
A/5/three/340/Tt4	4653935606238336748
A/5/three/340/branch	13126223303132988745
A/5/three/340/f	4583269761791083446
A/5/three/340/mdot_air	4606138378893794365
A/5/three/340/mf	4582387379185519611
A/5/three/340/mf_sched	4582387379185519611
A/5/three/340/nu_hp	4606773565959721561
A/5/three/340/nu_lp	4606627136584845643
A/5/three/340/phi_hp	4607026942050820724
A/5/three/340/phi_lp	4606731839085479018
A/5/three/340/pi_hpc	4617991761336881457
A/5/three/340/pi_lpc	4613384207452041504
A/5/three/340/s	4610334938539176691
A/5/three/340/sp_thrust	4649219023622013524
A/5/identical	1
A/5/carries_v	0
B/traj/npts	341
B/traj/0/nkeys	24
B/traj/0/Tt4	4652007308841189378
B/traj/0/b	4585439236324657495
B/traj/0/b_cmd	4585439236324657495
B/traj/0/branch	13126223303132988745
B/traj/0/f	4580382169689562672
B/traj/0/g	0
B/traj/0/ic_iters	1
B/traj/0/ic_order	15359057144970489593
B/traj/0/ic_res	0
B/traj/0/mdot_air	4603364550124398404
B/traj/0/mf	4576598004192639869
B/traj/0/mf_sched	4576598004192639869
B/traj/0/nu_hp	4605292294839495533
B/traj/0/nu_lp	4604908498284992449
B/traj/0/phi_hp	4606680258087474445
B/traj/0/phi_lp	4605380978949069210
B/traj/0/pi_hpc	4616236729973011810
B/traj/0/pi_lpc	4611845222978564899
B/traj/0/required	0
B/traj/0/s	0
B/traj/0/sp_thrust	4646329581975695664
B/traj/0/v	0
B/traj/0/v_cmd	0
B/traj/0/v_regime	9087740570393753374
B/traj/1/nkeys	24
B/traj/1/Tt4	4652087388174501885
B/traj/1/b	4585456464198497689
B/traj/1/b_cmd	4585796716918947605
B/traj/1/branch	13126223303132988745
B/traj/1/f	4580459168713281643
B/traj/1/g	4529686254706117286
B/traj/1/ic_iters	1
B/traj/1/ic_order	15359057144970489593
B/traj/1/ic_res	0
B/traj/1/mdot_air	4603353122101882675
B/traj/1/mf	4576674542218874094
B/traj/1/mf_sched	4576678483736855607
B/traj/1/nu_hp	4605292374065763455
B/traj/1/nu_lp	4604908597365487151
B/traj/1/phi_hp	4606659920421704176
B/traj/1/phi_lp	4605365896789796571
B/traj/1/pi_hpc	4616247136028427279
B/traj/1/pi_lpc	4611846647531833219
B/traj/1/required	4549371361456621312
B/traj/1/s	4572414629676717179
B/traj/1/sp_thrust	4646398010634955491
B/traj/1/v	4554596957865473002
B/traj/1/v_cmd	4574069139788741135
B/traj/1/v_regime	10791139852042193048
B/traj/2/nkeys	24
B/traj/2/Tt4	4652160765808897893
B/traj/2/b	4585506236225315211
B/traj/2/b_cmd	4586155628346588120
B/traj/2/branch	13126223303132988745
B/traj/2/f	4580530062342661857
B/traj/2/g	4538484629849817966
B/traj/2/ic_iters	1
B/traj/2/ic_order	15359057144970489593
B/traj/2/ic_res	0
B/traj/2/mdot_air	4603341619801548466
B/traj/2/mf	4576743605068737167
B/traj/2/mf_sched	4576758963281071345
B/traj/2/nu_hp	4605292602527480243
B/traj/2/nu_lp	4604908888951506123
B/traj/2/phi_hp	4606641656659211551
B/traj/2/phi_lp	4605352185798227009
B/traj/2/pi_hpc	4616257366068435863
B/traj/2/pi_lpc	4611846153407125418
B/traj/2/required	4553899791099460064
B/traj/2/s	4576918229304087675
B/traj/2/sp_thrust	4646459753896202019
B/traj/2/v	4562979490378317064
B/traj/2/v_cmd	4577741006148507985
B/traj/2/v_regime	10791139852042193048
B/traj/3/nkeys	24
B/traj/3/Tt4	4652223141398156027
B/traj/3/b	4585585066157673571
B/traj/3/b_cmd	4586505638619753877
B/traj/3/branch	13126223303132988745
B/traj/3/f	4580595144879092815
B/traj/3/g	4543698241725986177
B/traj/3/ic_iters	1
B/traj/3/ic_order	15359057144970489593
B/traj/3/ic_res	0
B/traj/3/mdot_air	4603330389839236547
B/traj/3/mf	4576805952915271861
B/traj/3/mf_sched	4576839442825287083
B/traj/3/nu_hp	4605292966859263602
B/traj/3/nu_lp	4604909362186712993
B/traj/3/phi_hp	4606625280230691893
B/traj/3/phi_lp	4605340152435998250
B/traj/3/pi_hpc	4616267291342600713
B/traj/3/pi_lpc	4611844344595927233
B/traj/3/required	4556491862852861472
B/traj/3/s	4579800533065604792
B/traj/3/sp_thrust	4646515509923672472
B/traj/3/v	4567502185459115966
B/traj/3/v_cmd	4579867489000033973
B/traj/3/v_regime	10791139852042193048
B/traj/4/nkeys	24
B/traj/4/Tt4	4652253856133294402
B/traj/4/b	4585688965334578976
B/traj/4/b_cmd	4586839423876352922
B/traj/4/branch	13126223303132988745
B/traj/4/f	4580654901146149685
B/traj/4/g	4546982434324962466
B/traj/4/ic_iters	1
B/traj/4/ic_order	15359057144970489593
B/traj/4/ic_res	0
B/traj/4/mdot_air	4603319679436424025
B/traj/4/mf	4576862469166881708
B/traj/4/mf_sched	4576919922369502821
B/traj/4/nu_hp	4605293454705132340
B/traj/4/nu_lp	4604910004242009921
B/traj/4/phi_hp	4606610572636042038
B/traj/4/phi_lp	4605329944801689552
B/traj/4/pi_hpc	4616276832300280263
B/traj/4/pi_lpc	4611841727674832713
B/traj/4/required	4558309578006642080
B/traj/4/s	4581421828931458171
B/traj/4/sp_thrust	4646566068782752661
B/traj/4/v	4570613059087872112
B/traj/4/v_cmd	4580748800012096108
B/traj/4/v_regime	10791139852042193048
B/traj/5/nkeys	24
B/traj/5/Tt4	4652282090050713481
B/traj/5/b	4585813754821929318
B/traj/5/b_cmd	4587152213284100062
B/traj/5/branch	13126223303132988745
B/traj/5/f	4580709938713930604
B/traj/5/g	4549656112492223871
B/traj/5/ic_iters	1
B/traj/5/ic_order	15359057144970489593
B/traj/5/ic_res	0
B/traj/5/mdot_air	4603309651592320587
B/traj/5/mf	4576914088031290537
B/traj/5/mf_sched	4577000401913718559
B/traj/5/nu_hp	4605294055031700773
B/traj/5/nu_lp	4604910801473659273
B/traj/5/phi_hp	4606597301327915744
B/traj/5/phi_lp	4605321588139241328
B/traj/5/pi_hpc	4616285949665188780
B/traj/5/pi_lpc	4611838713977444805
B/traj/5/required	4559479813908124656
B/traj/5/s	4582862980812216730
B/traj/5/sp_thrust	4646612255271625544
B/traj/5/v	4572514896244485872
B/traj/5/v_cmd	4581204804160508769
B/traj/5/v_regime	10791139852042193048
B/traj/6/nkeys	24
B/traj/6/Tt4	4652308223529159038
B/traj/6/b	4585955304495402792
B/traj/6/b_cmd	4587441336946485516
B/traj/6/branch	13126223303132988745
B/traj/6/f	4580760930938517495
B/traj/6/g	4551757148964599584
B/traj/6/ic_iters	1
B/traj/6/ic_order	15359057144970489593
B/traj/6/ic_res	0
B/traj/6/mdot_air	4603300400328219011
B/traj/6/mf	4576961738880625404
B/traj/6/mf_sched	4577080881457934297
B/traj/6/nu_hp	4605294758298820916
B/traj/6/nu_lp	4604911740305193271
B/traj/6/phi_hp	4606585233480693979
B/traj/6/phi_lp	4605315016594830429
B/traj/6/pi_hpc	4616294636015003727
B/traj/6/pi_lpc	4611835626148041407
B/traj/6/required	4560567580787112576
B/traj/6/s	4584304132692975289
B/traj/6/sp_thrust	4646654884708094908
B/traj/6/v	4574118932250553566
B/traj/6/v_cmd	4581431913718710355
B/traj/6/v_regime	10791139852042193048
B/traj/7/nkeys	24
B/traj/7/Tt4	4652332639054193804
B/traj/7/b	4586109707336503043
B/traj/7/b_cmd	4587705796965975500
B/traj/7/branch	13126223303132988745
B/traj/7/f	4580808570893254711
B/traj/7/g	4553597397669871942
B/traj/7/ic_iters	1
B/traj/7/ic_order	15359057144970489593
B/traj/7/ic_res	0
B/traj/7/mdot_air	4603291965085629900
B/traj/7/mf	4577006305563847817
B/traj/7/mf_sched	4577161361002150035
B/traj/7/nu_hp	4605295556516803845
B/traj/7/nu_lp	4604912807864749624
B/traj/7/phi_hp	4606574146185063288
B/traj/7/phi_lp	4605310100615807850
B/traj/7/pi_hpc	4616302908090606828
B/traj/7/pi_lpc	4611832707280321937
B/traj/7/required	4561568562423975312
B/traj/7/s	4585204852618449388
B/traj/7/sp_thrust	4646694730216980092
B/traj/7/v	4575620189769231669
B/traj/7/v_cmd	4581477400765151204
B/traj/7/v_regime	10791139852042193048
B/traj/8/nkeys	24
B/traj/8/Tt4	4652355703878916717
B/traj/8/b	4586273398011901946
B/traj/8/b_cmd	4587945875173234085
B/traj/8/branch	13126223303132988745
B/traj/8/f	4580853535726793571
B/traj/8/g	4554819367449389913
B/traj/8/ic_iters	1
B/traj/8/ic_order	15359057144970489593
B/traj/8/ic_res	0
B/traj/8/mdot_air	4603284343736856368
B/traj/8/mf	4577048598552453618
B/traj/8/mf_sched	4577241840546365773
B/traj/8/nu_hp	4605296443217358756
B/traj/8/nu_lp	4604913992414620731
B/traj/8/phi_hp	4606563833591126350
B/traj/8/phi_lp	4605306669851456459
B/traj/8/pi_hpc	4616310799980814594
B/traj/8/pi_lpc	4611830131319963913
B/traj/8/required	4562314792531528496
B/traj/8/s	4585925428558828667
B/traj/8/sp_thrust	4646732500005911636
B/traj/8/v	4576312524349714072
B/traj/8/v_cmd	4581384515515602789
B/traj/8/v_regime	10791139852042193048
B/traj/9/nkeys	24
B/traj/9/Tt4	4652377757656300668
B/traj/9/b	4586443224958187889
B/traj/9/b_cmd	4588162785639306381
B/traj/9/branch	13126223303132988745
B/traj/9/f	4580896460575783896
B/traj/9/g	4556091058367902886
B/traj/9/ic_iters	1
B/traj/9/ic_order	15359057144970489593
B/traj/9/ic_res	0
B/traj/9/mdot_air	4603277503941277929
B/traj/9/mf	4577089337755465826
B/traj/9/mf_sched	4577322320090581511
B/traj/9/nu_hp	4605297413362386279
B/traj/9/nu_lp	4604915283610464382
B/traj/9/phi_hp	4606554111495882806
B/traj/9/phi_lp	4605304531719288745
B/traj/9/pi_hpc	4616318357258902876
B/traj/9/pi_lpc	4611828013801022820
B/traj/9/required	4562730832479816488
B/traj/9/s	4586646004499207946
B/traj/9/sp_thrust	4646768823106655101
B/traj/9/v	4576894293388411318
B/traj/9/v_cmd	4581191538667297297
B/traj/9/v_regime	10791139852042193048
B/traj/10/nkeys	24
B/traj/10/Tt4	4652399104385218000
B/traj/10/b	4586616484875488179
B/traj/10/b_cmd	4588358375852637861
B/traj/10/branch	13126223303132988745
B/traj/10/f	4580937920893813730
B/traj/10/g	4557392606238887279
B/traj/10/ic_iters	1
B/traj/10/ic_order	15359057144970489593
B/traj/10/ic_res	0
B/traj/10/mdot_air	4603271392768539961
B/traj/10/mf	4577129143928713302
B/traj/10/mf_sched	4577402799634797249
B/traj/10/nu_hp	4605298463211277767
B/traj/10/nu_lp	4604916672625515340
B/traj/10/phi_hp	4606544819837376840
B/traj/10/phi_lp	4605303485981989918
B/traj/10/pi_hpc	4616325632089267652
B/traj/10/pi_lpc	4611826422289510016
B/traj/10/required	4563108731743389464
B/traj/10/s	4587366580439587225
B/traj/10/sp_thrust	4646804242094233924
B/traj/10/v	4577376987659042978
B/traj/10/v_cmd	4580931317770268754
B/traj/10/v_regime	10791139852042193048
B/traj/11/nkeys	24
B/traj/11/Tt4	4652420007967878032
B/traj/11/b	4586790927892271169
B/traj/11/b_cmd	4588534877220028333
B/traj/11/branch	13126223303132988745
B/traj/11/f	4580978421920168440
B/traj/11/g	4558175101717788385
B/traj/11/ic_iters	1
B/traj/11/ic_order	15359057144970489593
B/traj/11/ic_res	0
B/traj/11/mdot_air	4603265944630842892
B/traj/11/mf	4577168536776124429
B/traj/11/mf_sched	4577483279179012987
B/traj/11/nu_hp	4605299590163782684
B/traj/11/nu_lp	4604918152171526999
B/traj/11/phi_hp	4606535823519788920
B/traj/11/phi_lp	4605303335774958220
B/traj/11/pi_hpc	4616332679276768112
B/traj/11/pi_lpc	4611825386132860723
B/traj/11/required	4563452348840536840
B/traj/11/s	4588087156379966504
B/traj/11/sp_thrust	4646839211372441452
B/traj/11/v	4577759967305042600
B/traj/11/v_cmd	4580631179295598404
B/traj/11/v_regime	10791139852042193048
B/traj/12/nkeys	24
B/traj/12/Tt4	4652440690678673053
B/traj/12/b	4586964740819471441
B/traj/12/b_cmd	4588694703185247631
B/traj/12/branch	13126223303132988745
B/traj/12/f	4581018393979702085
B/traj/12/g	4558832353924183014
B/traj/12/ic_iters	1
B/traj/12/ic_order	15359057144970489593
B/traj/12/ic_res	0
B/traj/12/mdot_air	4603261087639207108
B/traj/12/mf	4577207938057440503
B/traj/12/mf_sched	4577563758723228725
B/traj/12/nu_hp	4605300792592062767
B/traj/12/nu_lp	4604919716443922455
B/traj/12/phi_hp	4606527011952553283
B/traj/12/phi_lp	4605303895561549820
B/traj/12/pi_hpc	4616339553197179301
B/traj/12/pi_lpc	4611824905276614146
B/traj/12/required	4563765917251372896
B/traj/12/s	4588807732320345783
B/traj/12/sp_thrust	4646874099724405223
B/traj/12/v	4578047333943381422
B/traj/12/v_cmd	4580313119515653630
B/traj/12/v_regime	10791139852042193048
B/traj/13/nkeys	24
B/traj/13/Tt4	4652461333881867623
B/traj/13/b	4587136514958655846
B/traj/13/b_cmd	4588840291604930137
B/traj/13/branch	13126223303132988745
B/traj/13/f	4581058192352748260
B/traj/13/g	4559484183548015180
B/traj/13/ic_iters	1
B/traj/13/ic_order	15359057144970489593
B/traj/13/ic_res	0
B/traj/13/mdot_air	4603256748538191012
B/traj/13/mf	4577247678250166730
B/traj/13/mf_sched	4577644238267444463
B/traj/13/nu_hp	4605302069672405450
B/traj/13/nu_lp	4604921361014286832
B/traj/13/phi_hp	4606518297643228716
B/traj/13/phi_lp	4605304996493733463
B/traj/13/pi_hpc	4616346305523684252
B/traj/13/pi_lpc	4611824958024697103
B/traj/13/required	4564053759622671000
B/traj/13/s	4589348164275630243
B/traj/13/sp_thrust	4646909195961825772
B/traj/13/v	4578246499800216962
B/traj/13/v_cmd	4579827560069619098
B/traj/13/v_regime	10791139852042193048
B/traj/14/nkeys	24
B/traj/14/Tt4	4652482080397044928
B/traj/14/b	4587305203937912615
B/traj/14/b_cmd	4588973986948384246
B/traj/14/branch	13126223303132988745
B/traj/14/f	4581098100556657977
B/traj/14/g	4560126619519955304
B/traj/14/ic_iters	1
B/traj/14/ic_order	15359057144970489593
B/traj/14/ic_res	0
B/traj/14/mdot_air	4603252856391435975
B/traj/14/mf	4577288005546136210
B/traj/14/mf_sched	4577724717811660201
B/traj/14/nu_hp	4605303421224298358
B/traj/14/nu_lp	4604923082689198707
B/traj/14/phi_hp	4606509614139299334
B/traj/14/phi_lp	4605306489634362676
B/traj/14/pi_hpc	4616352983650124245
B/traj/14/pi_lpc	4611825507700197540
B/traj/14/required	4564320071820025976
B/traj/14/s	4589708452245819883
B/traj/14/sp_thrust	4646944716657175345
B/traj/14/v	4578366979604361344
B/traj/14/v_cmd	4579213202223052081
B/traj/14/v_regime	10791139852042193048
B/traj/15/nkeys	24
B/traj/15/Tt4	4652503037986976650
B/traj/15/b	4587470076073787188
B/traj/15/b_cmd	4589097957283102289
B/traj/15/branch	13126223303132988745
B/traj/15/f	4581138336016630853
B/traj/15/g	4560756842021411780
B/traj/15/ic_iters	1
B/traj/15/ic_order	15359057144970489593
B/traj/15/ic_res	0
B/traj/15/mdot_air	4603249345194528925
B/traj/15/mf	4577329096184010919
B/traj/15/mf_sched	4577805197355875939
B/traj/15/nu_hp	4605304847562199723
B/traj/15/nu_lp	4604924879350635343
B/traj/15/phi_hp	4606500913569340722
B/traj/15/phi_lp	4605308247463065580
B/traj/15/pi_hpc	4616359629705333802
B/traj/15/pi_lpc	4611826508219439278
B/traj/15/required	4564568767792734256
B/traj/15/s	4590068740216009523
B/traj/15/sp_thrust	4646980815100817442
B/traj/15/v	4578419402176726070
B/traj/15/v_cmd	4578639876507007443
B/traj/15/v_regime	10791139852042193048
B/traj/16/nkeys	24
B/traj/16/Tt4	4652524283524645848
B/traj/16/b	4587630664836124348
B/traj/16/b_cmd	4589191080531904903
B/traj/16/branch	13126223303132988745
B/traj/16/f	4581179057255605982
B/traj/16/g	4561373008517233298
B/traj/16/ic_iters	1
B/traj/16/ic_order	15359057144970489593
B/traj/16/ic_res	0
B/traj/16/mdot_air	4603246155587238746
B/traj/16/mf	4577371065322237812
B/traj/16/mf_sched	4577885676900091677
B/traj/16/nu_hp	4605306349363372333
B/traj/16/nu_lp	4604926749789856248
B/traj/16/phi_hp	4606492163990126260
B/traj/16/phi_lp	4605310164046702674
B/traj/16/pi_hpc	4616366280052809708
B/traj/16/pi_lpc	4611827908630718715
B/traj/16/required	4564803376169598840
B/traj/16/s	4590429028186199163
B/traj/16/sp_thrust	4647017590782020334
B/traj/16/v	4578414729343694137
B/traj/16/v_cmd	4578118615790855766
B/traj/16/v_regime	10791139852042193048
B/traj/17/nkeys	24
B/traj/17/Tt4	4652545867478433256
B/traj/17/b	4587786720151032016
B/traj/17/b_cmd	4589246118380179002
B/traj/17/branch	13126223303132988745
B/traj/17/f	4581220371887969344
B/traj/17/g	4561974080952626986
B/traj/17/ic_iters	1
B/traj/17/ic_order	15359057144970489593
B/traj/17/ic_res	0
B/traj/17/mdot_air	4603243235827511874
B/traj/17/mf	4577413977839241444
B/traj/17/mf_sched	4577966156444307415
B/traj/17/nu_hp	4605307927553557661
B/traj/17/nu_lp	4604928693543780765
B/traj/17/phi_hp	4606483346704346148
B/traj/17/phi_lp	4605312154211077365
B/traj/17/pi_hpc	4616372965174726052
B/traj/17/pi_lpc	4611829656695153938
B/traj/17/required	4565026979792147000
B/traj/17/s	4590789316156388803
B/traj/17/sp_thrust	4647055098842838004
B/traj/17/v	4578363663575628302
B/traj/17/v_cmd	4577655141438188282
B/traj/17/v_regime	10791139852042193048
B/traj/18/nkeys	24
B/traj/18/Tt4	4652567818432615322
B/traj/18/b	4587938162531307642
B/traj/18/b_cmd	4589298807362148744
B/traj/18/branch	13126223303132988745
B/traj/18/f	4581262344850440638
B/traj/18/g	4562353041945930386
B/traj/18/ic_iters	1
B/traj/18/ic_order	15359057144970489593
B/traj/18/ic_res	0
B/traj/18/mdot_air	4603240542176761336
B/traj/18/mf	4577457858607649599
B/traj/18/mf_sched	4578046635988523153
B/traj/18/nu_hp	4605309583211017943
B/traj/18/nu_lp	4604930710740408980
B/traj/18/phi_hp	4606474453674668916
B/traj/18/phi_lp	4605314152005388395
B/traj/18/pi_hpc	4616379709847526864
B/traj/18/pi_lpc	4611831701603969437
B/traj/18/required	4565242189909856408
B/traj/18/s	4591149604126578443
B/traj/18/sp_thrust	4647093359091948726
B/traj/18/v	4578276222047503405
B/traj/18/v_cmd	4577250982936137221
B/traj/18/v_regime	10791139852042193048
B/traj/19/nkeys	24
B/traj/19/Tt4	4652590147431442880
B/traj/19/b	4588085041381483604
B/traj/19/b_cmd	4589349720468564832
B/traj/19/branch	13126223303132988745
B/traj/19/f	4581305006439677417
B/traj/19/g	4562638131745192991
B/traj/19/ic_iters	1
B/traj/19/ic_order	15359057144970489593
B/traj/19/ic_res	0
B/traj/19/mdot_air	4603238038831245742
B/traj/19/mf	4577502701926957512
B/traj/19/mf_sched	4578127115532738892
B/traj/19/nu_hp	4605311317488528081
B/traj/19/nu_lp	4604932801957760823
B/traj/19/phi_hp	4606465485124730849
B/traj/19/phi_lp	4605316108706328511
B/traj/19/pi_hpc	4616386533526763612
B/traj/19/pi_lpc	4611833995936322666
B/traj/19/required	4565451147438166128
B/traj/19/s	4591509892096768083
B/traj/19/sp_thrust	4647132364288397964
B/traj/19/v	4578161453115833142
B/traj/19/v_cmd	4576904496846702447
B/traj/19/v_regime	10791139852042193048
B/traj/20/nkeys	24
B/traj/20/Tt4	4652612851997512378
B/traj/20/b	4588227498287735432
B/traj/20/b_cmd	4589399306479154239
B/traj/20/branch	13126223303132988745
B/traj/20/f	4581348359846399230
B/traj/20/g	4562915744195982333
B/traj/20/ic_iters	1
B/traj/20/ic_order	15359057144970489593
B/traj/20/ic_res	0
B/traj/20/mdot_air	4603235697518570084
B/traj/20/mf	4577548479914824582
B/traj/20/mf_sched	4578207595076954630
B/traj/20/nu_hp	4605313131552215762
B/traj/20/nu_lp	4604934968099091943
B/traj/20/phi_hp	4606456447386897854
B/traj/20/phi_lp	4605317990565880516
B/traj/20/pi_hpc	4616393450870437895
B/traj/20/pi_lpc	4611836496965915269
B/traj/20/required	4565655544461351496
B/traj/20/s	4591870180066957723
B/traj/20/sp_thrust	4647172087510826692
B/traj/20/v	4578027271038013254
B/traj/20/v_cmd	4576611765495967431
B/traj/20/v_regime	10791139852042193048
B/traj/21/nkeys	24
B/traj/21/Tt4	4652635919728188623
B/traj/21/b	4588365735667976841
B/traj/21/b_cmd	4589447901422786401
B/traj/21/branch	13126223303132988745
B/traj/21/f	4581392387978646905
B/traj/21/g	4563186221850258371
B/traj/21/ic_iters	1
B/traj/21/ic_order	15359057144970489593
B/traj/21/ic_res	0
B/traj/21/mdot_air	4603233496862176701
B/traj/21/mf	4577595149752255816
B/traj/21/mf_sched	4578288074621170368
B/traj/21/nu_hp	4605315026535687117
B/traj/21/nu_lp	4604937210285753117
B/traj/21/phi_hp	4606447351030648403
B/traj/21/phi_lp	4605319776466614291
B/traj/21/pi_hpc	4616400472342001981
B/traj/21/pi_lpc	4611839167424190148
B/traj/21/required	4565856660006204992
B/traj/21/s	4592230468037147363
B/traj/21/sp_thrust	4647212488515466252
B/traj/21/v	4577880385721316058
B/traj/21/v_cmd	4576367366249397515
B/traj/21/v_regime	10791139852042193048
B/traj/22/nkeys	24
B/traj/22/Tt4	4652659331417466582
B/traj/22/b	4588499990817706555
B/traj/22/b_cmd	4589495742211352613
B/traj/22/branch	13126223303132988745
B/traj/22/f	4581437059452003252
B/traj/22/g	4563449978192400756
B/traj/22/ic_iters	1
B/traj/22/ic_order	15359057144970489593
B/traj/22/ic_res	0
B/traj/22/mdot_air	4603231421600641140
B/traj/22/mf	4577642659753703756
B/traj/22/mf_sched	4578368554165386106
B/traj/22/nu_hp	4605317003507598754
B/traj/22/nu_lp	4604939529767960053
B/traj/22/phi_hp	4606438209284250600
B/traj/22/phi_lp	4605321455611336098
B/traj/22/pi_hpc	4616407604845708209
B/traj/22/pi_lpc	4611841975823781711
B/traj/22/required	4566055404982182584
B/traj/22/s	4592590756007337003
B/traj/22/sp_thrust	4647253519056264805
B/traj/22/v	4577726306035403587
B/traj/22/v_cmd	4576165010306207116
B/traj/22/v_regime	10791139852042193048
B/traj/23/nkeys	24
B/traj/23/Tt4	4652683063685335582
B/traj/23/b	4588630515133334874
B/traj/23/b_cmd	4589542981266477686
B/traj/23/branch	13126223303132988745
B/traj/23/f	4581482333693014358
B/traj/23/g	4563707458244867535
B/traj/23/ic_iters	1
B/traj/23/ic_order	15359057144970489593
B/traj/23/ic_res	0
B/traj/23/mdot_air	4603229461733071241
B/traj/23/mf	4577690954291361146
B/traj/23/mf_sched	4578449033709601844
B/traj/23/nu_hp	4605319063450709711
B/traj/23/nu_lp	4604941927852900891
B/traj/23/phi_hp	4606429036745889192
B/traj/23/phi_lp	4605323025340799520
B/traj/23/pi_hpc	4616414852357718874
B/traj/23/pi_lpc	4611844896438865770
B/traj/23/required	4566252372047055792
B/traj/23/s	4592951043977526643
B/traj/23/sp_thrust	4647295127194085364
B/traj/23/v	4577569397470175776
B/traj/23/v_cmd	4575998055972979831
B/traj/23/v_regime	10791139852042193048
B/traj/24/nkeys	24
B/traj/24/Tt4	4652707091123208851
B/traj/24/b	4588757558116131622
B/traj/24/b_cmd	4589589701217123405
B/traj/24/branch	13126223303132988745
B/traj/24/f	4581528165155061022
B/traj/24/g	4563959107765343210
B/traj/24/ic_iters	1
B/traj/24/ic_order	15359057144970489593
B/traj/24/ic_res	0
B/traj/24/mdot_air	4603227611647299237
B/traj/24/mf	4577739977645517425
B/traj/24/mf_sched	4578529513253817582
B/traj/24/nu_hp	4605321207250436726
B/traj/24/nu_lp	4604944405848998559
B/traj/24/phi_hp	4606419848368190623
B/traj/24/phi_lp	4605324489144200488
B/traj/24/pi_hpc	4616422216525995300
B/traj/24/pi_lpc	4611847909029915773
B/traj/24/required	4566447886986452488
B/traj/24/s	4593311331947716283
B/traj/24/sp_thrust	4647337260660630509
B/traj/24/v	4577412977440622165
B/traj/24/v_cmd	4575859905636991997
B/traj/24/v_regime	10791139852042193048
B/traj/25/nkeys	24
B/traj/25/Tt4	4652731387983261570
B/traj/25/b	4588881355645312252
B/traj/25/b_cmd	4589635928980231086
B/traj/25/branch	13126223303132988745
B/traj/25/f	4581574506685270843
B/traj/25/g	4564205350228340985
B/traj/25/ic_iters	1
B/traj/25/ic_order	15359057144970489593
B/traj/25/ic_res	0
B/traj/25/mdot_air	4603225869274153554
B/traj/25/mf	4577789676881858441
B/traj/25/mf_sched	4578609992798033320
B/traj/25/nu_hp	4605323435691014454
B/traj/25/nu_lp	4604946965024733637
B/traj/25/phi_hp	4606410658691712252
B/traj/25/phi_lp	4605325854902508885
B/traj/25/pi_hpc	4616429697220319311
B/traj/25/pi_lpc	4611850998389841908
B/traj/25/required	4566642058968268096
B/traj/25/s	4593671619917905921
B/traj/25/sp_thrust	4647379869368574680
B/traj/25/v	4577259434151815263
B/traj/25/v_cmd	4575744298434847627
B/traj/25/v_regime	10791139852042193048
B/traj/26/nkeys	24
B/traj/26/Tt4	4652755929452612101
B/traj/26/b	4589002121946853713
B/traj/26/b_cmd	4589681648741611882
B/traj/26/branch	13126223303132988745
B/traj/26/f	4581621312108604819
B/traj/26/g	4564446570644319512
B/traj/26/ic_iters	1
B/traj/26/ic_order	15359057144970489593
B/traj/26/ic_res	0
B/traj/26/mdot_air	4603224235299125326
B/traj/26/mf	4577840003874076863
B/traj/26/mf_sched	4578690472342249058
B/traj/26/nu_hp	4605325749457503688
B/traj/26/nu_lp	4604949606580190261
B/traj/26/phi_hp	4606401481297847789
B/traj/26/phi_lp	4605327133384329227
B/traj/26/pi_hpc	4616437293020811581
B/traj/26/pi_lpc	4611854153777243820
B/traj/26/required	4566742424942662892
B/traj/26/s	4593851763903000741
B/traj/26/sp_thrust	4647422907174422168
B/traj/26/v	4577110357503141526
B/traj/26/v_cmd	4575633802923190205
B/traj/26/v_regime	10791139852042193048
B/traj/27/nkeys	24
B/traj/27/Tt4	4652780692561217925
B/traj/27/b	4589120044664659835
B/traj/27/b_cmd	4589726813528539319
B/traj/27/branch	13126223303132988745
B/traj/27/f	4581668538112879724
B/traj/27/g	4564683105205218004
B/traj/27/ic_iters	1
B/traj/27/ic_order	15359057144970489593
B/traj/27/ic_res	0
B/traj/27/mdot_air	4603222712452347357
B/traj/27/mf	4577890916598180290
B/traj/27/mf_sched	4578770951886464796
B/traj/27/nu_hp	4605328149142073632
B/traj/27/nu_lp	4604952331629383161
B/traj/27/phi_hp	4606392328449169145
B/traj/27/phi_lp	4605328336997769828
B/traj/27/pi_hpc	4616445001639026574
B/traj/27/pi_lpc	4611857368291140942
B/traj/27/required	4566838014268629188
B/traj/27/s	4594031907888095561
B/traj/27/sp_thrust	4647466333006942270
B/traj/27/v	4576966672931374751
B/traj/27/v_cmd	4575459755742356650
B/traj/27/v_regime	10791139852042193048
B/traj/28/nkeys	24
B/traj/28/Tt4	4652805656776126785
B/traj/28/b	4589201651371666347
B/traj/28/b_cmd	4589771355208949082
B/traj/28/branch	13126223303132988745
B/traj/28/f	4581716145528002099
B/traj/28/g	4564915235741245755
B/traj/28/ic_iters	1
B/traj/28/ic_order	15359057144970489593
B/traj/28/ic_res	0
B/traj/28/mdot_air	4603221304889042485
B/traj/28/mf	4577942379825392559
B/traj/28/mf_sched	4578851431430680534
B/traj/28/nu_hp	4605330635253190725
B/traj/28/nu_lp	4604955141191429858
B/traj/28/phi_hp	4606383210884902607
B/traj/28/phi_lp	4605329478789442183
B/traj/28/pi_hpc	4616452820270205441
B/traj/28/pi_lpc	4611860638230553654
B/traj/28/required	4566932670576028080
B/traj/28/s	4594212051873190381
B/traj/28/sp_thrust	4647510111473622702
B/traj/28/v	4576828771298878493
B/traj/28/v_cmd	4575300570497587661
B/traj/28/v_regime	10791139852042193048
B/traj/29/nkeys	24
B/traj/29/Tt4	4652830804335231126
B/traj/29/b	4589257992416719105
B/traj/29/b_cmd	4589815192866233460
B/traj/29/branch	13126223303132988745
B/traj/29/f	4581764100095758279
B/traj/29/g	4565143188015300406
B/traj/29/ic_iters	1
B/traj/29/ic_order	15359057144970489593
B/traj/29/ic_res	0
B/traj/29/mdot_air	4603220017665463308
B/traj/29/mf	4577994365335351465
B/traj/29/mf_sched	4578931910974896272
B/traj/29/nu_hp	4605333208226561750
B/traj/29/nu_lp	4604958036188721829
B/traj/29/phi_hp	4606374137740495055
B/traj/29/phi_lp	4605330571672824901
B/traj/29/pi_hpc	4616460745878673039
B/traj/29/pi_lpc	4611863962472079861
B/traj/29/required	4567026227399366744
B/traj/29/s	4594392195858285201
B/traj/29/sp_thrust	4647554213052196584
B/traj/29/v	4576696629883976268
B/traj/29/v_cmd	4575149063078625331
B/traj/29/v_regime	10791139852042193048
B/traj/30/nkeys	24
B/traj/30/Tt4	4652856120371732041
B/traj/30/b	4589313106041234027
B/traj/30/b_cmd	4589858239585689247
B/traj/30/branch	13126223303132988745
B/traj/30/f	4581812372824632484
B/traj/30/g	4565367132955540248
B/traj/30/ic_iters	1
B/traj/30/ic_order	15359057144970489593
B/traj/30/ic_res	0
B/traj/30/mdot_air	4603218856309757578
B/traj/30/mf	4578046851762037223
B/traj/30/mf_sched	4579012390519112010
B/traj/30/nu_hp	4605335868436891396
B/traj/30/nu_lp	4604961017450398146
B/traj/30/phi_hp	4606365116562592014
B/traj/30/phi_lp	4605331627862358184
B/traj/30/pi_hpc	4616468775420807696
B/traj/30/pi_lpc	4611867341889418578
B/traj/30/required	4567118502981185980
B/traj/30/s	4594572339843380021
B/traj/30/sp_thrust	4647598613965473200
B/traj/30/v	4576569921204636264
B/traj/30/v_cmd	4574999480065512853
B/traj/30/v_regime	10791139852042193048
B/traj/31/nkeys	24
B/traj/31/Tt4	4652881592876831125
B/traj/31/b	4589367029533184877
B/traj/31/b_cmd	4589900407751752637
B/traj/31/branch	13126223303132988745
B/traj/31/f	4581860940018631249
B/traj/31/g	4565587190022113948
B/traj/31/ic_iters	1
B/traj/31/ic_order	15359057144970489593
B/traj/31/ic_res	0
B/traj/31/mdot_air	4603217826483029764
B/traj/31/mf	4578099824172931248
B/traj/31/mf_sched	4579092870063327748
B/traj/31/nu_hp	4605338616209715517
B/traj/31/nu_lp	4604964085719613558
B/traj/31/phi_hp	4606356153393824600
B/traj/31/phi_lp	4605332658486310260
B/traj/31/pi_hpc	4616476906011635056
B/traj/31/pi_lpc	4611870778830802148
B/traj/31/required	4567209310791835816
B/traj/31/s	4594752483828474841
B/traj/31/sp_thrust	4647643295826729852
B/traj/31/v	4576448107800369273
B/traj/31/v_cmd	4574847396628334957
B/traj/31/v_regime	10791139852042193048
B/traj/32/nkeys	24
B/traj/32/Tt4	4652907212543335516
B/traj/32/b	4589419788424932585
B/traj/32/b_cmd	4589941612997515565
B/traj/32/branch	13126223303132988745
B/traj/32/f	4581909783061117643
B/traj/32/g	4565803432011359993
B/traj/32/ic_iters	1
B/traj/32/ic_order	15359057144970489593
B/traj/32/ic_res	0
B/traj/32/mdot_air	4603216933722966640
B/traj/32/mf	4578153273468491231
B/traj/32/mf_sched	4579173349607543486
B/traj/32/nu_hp	4605341451832754979
B/traj/32/nu_lp	4604967241663302418
B/traj/32/phi_hp	4606347252905255812
B/traj/32/phi_lp	4605333673350193721
B/traj/32/pi_hpc	4616485135042040817
B/traj/32/pi_lpc	4611874276663583962
B/traj/32/required	4567298467562571348
B/traj/32/s	4594932627813569661
B/traj/32/sp_thrust	4647688245130853070
B/traj/32/v	4576330522219864745
B/traj/32/v_cmd	4574689579295302822
B/traj/32/v_regime	10791139852042193048
B/traj/33/nkeys	24
B/traj/33/Tt4	4652932972527376510
B/traj/33/b	4589471398063664616
B/traj/33/b_cmd	4589981776973084417
B/traj/33/branch	13126223303132988745
B/traj/33/f	4581958888025155140
B/traj/33/g	4566015890712233164
B/traj/33/ic_iters	1
B/traj/33/ic_order	15359057144970489593
B/traj/33/ic_res	0
B/traj/33/mdot_air	4603216183260574705
B/traj/33/mf	4578207195675097822
B/traj/33/mf_sched	4579253829151759224
B/traj/33/nu_hp	4605344375566397394
B/traj/33/nu_lp	4604970485883355623
B/traj/33/phi_hp	4606338418557910306
B/traj/33/phi_lp	4605334680822852694
B/traj/33/pi_hpc	4616493460253994282
B/traj/33/pi_lpc	4611877839389785169
B/traj/33/required	4567385799096226768
B/traj/33/s	4595112771798664481
B/traj/33/sp_thrust	4647724134050213342
B/traj/33/v	4576216432332089722
B/traj/33/v_cmd	4574523828862739059
B/traj/33/v_regime	10791139852042193048
B/traj/34/nkeys	24
B/traj/34/Tt4	4652958868159706218
B/traj/34/b	4589521865245871827
B/traj/34/b_cmd	4590020829110403912
B/traj/34/branch	13126223303132988745
B/traj/34/f	4582008245171615516
B/traj/34/g	4566224562939302920
B/traj/34/ic_iters	1
B/traj/34/ic_order	15359057144970489593
B/traj/34/ic_res	0
B/traj/34/mdot_air	4603215579899650763
B/traj/34/mf	4578261591190929841
B/traj/34/mf_sched	4579334308695974962
B/traj/34/nu_hp	4605347387653053304
B/traj/34/nu_lp	4604973818928338541
B/traj/34/phi_hp	4606329652778307181
B/traj/34/phi_lp	4605335687818867883
B/traj/34/pi_hpc	4616501879781147911
B/traj/34/pi_lpc	4611881471332165968
B/traj/34/required	4567471144152951296
B/traj/34/s	4595292915783759301
B/traj/34/sp_thrust	4647746864129754757
B/traj/34/v	4576105092721376970
B/traj/34/v_cmd	4574348815737717476
B/traj/34/v_regime	10791139852042193048
B/traj/35/nkeys	24
B/traj/35/Tt4	4652984896632357490
B/traj/35/b	4589571189822901577
B/traj/35/b_cmd	4590058707562324426
B/traj/35/branch	13126223303132988745
B/traj/35/f	4582057848385934897
B/traj/35/g	4566429416569976381
B/traj/35/ic_iters	1
B/traj/35/ic_order	15359057144970489593
B/traj/35/ic_res	0
B/traj/35/mdot_air	4603215127948393495
B/traj/35/mf	4578316464031311396
B/traj/35/mf_sched	4579414788240190700
B/traj/35/nu_hp	4605350488325249035
B/traj/35/nu_lp	4604977241305075306
B/traj/35/phi_hp	4606320957136193711
B/traj/35/phi_lp	4605336699853269932
B/traj/35/pi_hpc	4616510392161836651
B/traj/35/pi_lpc	4611885176887249045
B/traj/35/required	4567554356720063080
B/traj/35/s	4595473059768854121
B/traj/35/sp_thrust	4647769719235017782
B/traj/35/v	4575995783371206237
B/traj/35/v_cmd	4574163917221184616
B/traj/35/v_regime	10791139852042193048
B/traj/36/nkeys	24
B/traj/36/Tt4	4653011056681062345
B/traj/36/b	4589619366210059716
B/traj/36/b_cmd	4590095359485728142
B/traj/36/branch	13126223303132988745
B/traj/36/f	4582107694594385741
B/traj/36/g	4566630396307583209
B/traj/36/ic_iters	1
B/traj/36/ic_order	15359057144970489593
B/traj/36/ic_res	0
B/traj/36/mdot_air	4603214831192889953
B/traj/36/mf	4578371821108326281
B/traj/36/mf_sched	4579495267784406438
B/traj/36/nu_hp	4605353677812411188
B/traj/36/nu_lp	4604980753489603260
B/traj/36/phi_hp	4606312332515644818
B/traj/36/phi_lp	4605337721147393914
B/traj/36/pi_hpc	4616518996330938320
B/traj/36/pi_lpc	4611888960339550703
B/traj/36/required	4567635306969899752
B/traj/36/s	4595653203753948941
B/traj/36/sp_thrust	4647792699266671706
B/traj/36/v	4575887837117295632
B/traj/36/v_cmd	4573969063731483513
B/traj/36/v_regime	10791139852042193048
B/traj/37/nkeys	24
B/traj/37/Tt4	4653037348278884052
B/traj/37/b	4589666384753697031
B/traj/37/b_cmd	4590130740824889500
B/traj/37/branch	13126223303132988745
B/traj/37/f	4582157783191412887
B/traj/37/g	4566738725564220216
B/traj/37/ic_iters	1
B/traj/37/ic_order	15359057144970489593
B/traj/37/ic_res	0
B/traj/37/mdot_air	4603214692902925490
B/traj/37/mf	4578427671569145234
B/traj/37/mf_sched	4579575747328622176
B/traj/37/nu_hp	4605356956346369195
B/traj/37/nu_lp	4604984355937157276
B/traj/37/phi_hp	4606303779273293918
B/traj/37/phi_lp	4605338754767792444
B/traj/37/pi_hpc	4616527691596354032
B/traj/37/pi_lpc	4611892825729924192
B/traj/37/required	4567713881192049660
B/traj/37/s	4595833347739043761
B/traj/37/sp_thrust	4647815805036402690
B/traj/37/v	4575780657488490946
B/traj/37/v_cmd	4573764598777223222
B/traj/37/v_regime	10791139852042193048
B/traj/38/nkeys	24
B/traj/38/Tt4	4653063772352130684
B/traj/38/b	4589712232929101154
B/traj/38/b_cmd	4590164815733994036
B/traj/38/branch	13126223303132988745
B/traj/38/f	4582208115501190267
B/traj/38/g	4566835225182974656
B/traj/38/ic_iters	1
B/traj/38/ic_order	15359057144970489593
B/traj/38/ic_res	0
B/traj/38/mdot_air	4603214715861535544
B/traj/38/mf	4578484026208672363
B/traj/38/mf_sched	4579656226872837915
B/traj/38/nu_hp	4605360324165654601
B/traj/38/nu_lp	4604988049090975715
B/traj/38/phi_hp	4606295297379673302
B/traj/38/phi_lp	4605339802783248912
B/traj/38/pi_hpc	4616536477605089838
B/traj/38/pi_lpc	4611896776770242076
B/traj/38/required	4567789980960415928
B/traj/38/s	4596013491724138581
B/traj/38/sp_thrust	4647839038016307728
B/traj/38/v	4575673728582560853
B/traj/38/v_cmd	4573551155634664789
B/traj/38/v_regime	10791139852042193048
B/traj/39/nkeys	24
B/traj/39/Tt4	4653090330525837726
B/traj/39/b	4589756896356905028
B/traj/39/b_cmd	4590197555758590631
B/traj/39/branch	13126223303132988745
B/traj/39/f	4582258694289228604
B/traj/39/g	4566929660335311495
B/traj/39/ic_iters	1
B/traj/39/ic_order	15359057144970489593
B/traj/39/ic_res	0
B/traj/39/mdot_air	4603214902410832100
B/traj/39/mf	4578540896964803891
B/traj/39/mf_sched	4579736706417053653
B/traj/39/nu_hp	4605363781518711238
B/traj/39/nu_lp	4604991833389827838
B/traj/39/phi_hp	4606286886541465615
B/traj/39/phi_lp	4605340866427940499
B/traj/39/pi_hpc	4616545354303121203
B/traj/39/pi_lpc	4611900816796498142
B/traj/39/required	4567863521764480348
B/traj/39/s	4596193635709233401
B/traj/39/sp_thrust	4647862400123030787
B/traj/39/v	4575476015731240285
B/traj/39/v_cmd	4573329552165836354
B/traj/39/v_regime	10791139852042193048
B/traj/40/nkeys	24
B/traj/40/Tt4	4653117024902948506
B/traj/40/b	4589800359637337290
B/traj/40/b_cmd	4590228938876044295
B/traj/40/branch	13126223303132988745
B/traj/40/f	4582309523333659015
B/traj/40/g	4567021980376392459
B/traj/40/ic_iters	1
B/traj/40/ic_order	15359057144970489593
B/traj/40/ic_res	0
B/traj/40/mdot_air	4603215254507809365
B/traj/40/mf	4578598296498749388
B/traj/40/mf_sched	4579817185961269391
B/traj/40/nu_hp	4605367328666151835
B/traj/40/nu_lp	4604995709274247728
B/traj/40/phi_hp	4606278546303920187
B/traj/40/phi_lp	4605341946261586365
B/traj/40/pi_hpc	4616554321892440116
B/traj/40/pi_lpc	4611904948752665631
B/traj/40/required	4567934431300588988
B/traj/40/s	4596373779694328221
B/traj/40/sp_thrust	4647885893537661794
B/traj/40/v	4575260735199832173
B/traj/40/v_cmd	4573100704014476732
B/traj/40/v_regime	10791139852042193048
B/traj/41/nkeys	24
B/traj/41/Tt4	4653143857878767933
B/traj/41/b	4589842607010290367
B/traj/41/b_cmd	4590258948475837128
B/traj/41/branch	13126223303132988745
B/traj/41/f	4582360607060728590
B/traj/41/g	4567112133114714932
B/traj/41/ic_iters	1
B/traj/41/ic_order	15359057144970489593
B/traj/41/ic_res	0
B/traj/41/mdot_air	4603215773784991887
B/traj/41/mf	4578656237858384508
B/traj/41/mf_sched	4579897665505485129
B/traj/41/nu_hp	4605370965882206391
B/traj/41/nu_lp	4604999677191524027
B/traj/41/phi_hp	4606270276133800119
B/traj/41/phi_lp	4605343042319908599
B/traj/41/pi_hpc	4616563380787949746
B/traj/41/pi_lpc	4611909175198191070
B/traj/41/required	4568002647585188736
B/traj/41/s	4596553923679423041
B/traj/41/sp_thrust	4647909520560533362
B/traj/41/v	4575043851327472112
B/traj/41/v_cmd	4572865555510922956
B/traj/41/v_regime	10791139852042193048
B/traj/42/nkeys	24
B/traj/42/Tt4	4653170831990279956
B/traj/42/b	4589883622855234160
B/traj/42/b_cmd	4590287572342568389
B/traj/42/branch	13126223303132988745
B/traj/42/f	4582411950245020109
B/traj/42/g	4567200065847741345
B/traj/42/ic_iters	1
B/traj/42/ic_order	15359057144970489593
B/traj/42/ic_res	0
B/traj/42/mdot_air	4603216461611886109
B/traj/42/mf	4578714734219343643
B/traj/42/mf_sched	4579978145049700867
B/traj/42/nu_hp	4605374693455508365
B/traj/42/nu_lp	4605003737599540446
B/traj/42/phi_hp	4606262075484033379
B/traj/42/phi_lp	4605344154250892961
B/traj/42/pi_hpc	4616572531576204959
B/traj/42/pi_lpc	4611913498332734054
B/traj/42/required	4568068117019299176
B/traj/42/s	4596734067664517861
B/traj/42/sp_thrust	4647933283498683102
B/traj/42/v	4574824961999873054
B/traj/42/v_cmd	4572625026971258736
B/traj/42/v_regime	10791139852042193048
B/traj/43/nkeys	24
B/traj/43/Tt4	4653197949798447846
B/traj/43/b	4589923392048847733
B/traj/43/b_cmd	4590314801688240517
B/traj/43/branch	13126223303132988745
B/traj/43/f	4582463557771861926
B/traj/43/g	4567285726116539132
B/traj/43/ic_iters	1
B/traj/43/ic_order	15359057144970489593
B/traj/43/ic_res	0
B/traj/43/mdot_air	4603217319154196845
B/traj/43/mf	4578773798696359934
B/traj/43/mf_sched	4580058624593916605
B/traj/43/nu_hp	4605378511689358586
B/traj/43/nu_lp	4605007890969591675
B/traj/43/phi_hp	4606253943841787583
B/traj/43/phi_lp	4605345281434150833
B/traj/43/pi_hpc	4616581774977409075
B/traj/43/pi_lpc	4611917920032600854
B/traj/43/required	4568130792503258052
B/traj/43/s	4596914211649612681
B/traj/43/sp_thrust	4647957184582829282
B/traj/43/v	4574603788197896316
B/traj/43/v_cmd	4572379976654341489
B/traj/43/v_regime	10791139852042193048
B/traj/44/nkeys	24
B/traj/44/Tt4	4653225213800597266
B/traj/44/b	4589961900200268518
B/traj/44/b_cmd	4590340630266180855
B/traj/44/branch	13126223303132988745
B/traj/44/f	4582515434457220151
B/traj/44/g	4567369062214635255
B/traj/44/ic_iters	1
B/traj/44/ic_order	15359057144970489593
B/traj/44/ic_res	0
B/traj/44/mdot_air	4603218347428654185
B/traj/44/mf	4578833444216051641
B/traj/44/mf_sched	4580139104138132343
B/traj/44/nu_hp	4605382420901595795
B/traj/44/nu_lp	4605012137788315699
B/traj/44/phi_hp	4606245880762013797
B/traj/44/phi_lp	4605346423082157409
B/traj/44/pi_hpc	4616591111811575463
B/traj/44/pi_lpc	4611922441894198290
B/traj/44/required	4568190631673654868
B/traj/44/s	4597094355634707501
B/traj/44/sp_thrust	4647981225910163659
B/traj/44/v	4574380155058731387
B/traj/44/v_cmd	4572131175404803272
B/traj/44/v_regime	10791139852042193048
B/traj/45/nkeys	24
B/traj/45/Tt4	4653252626369347225
B/traj/45/b	4589999133784441545
B/traj/45/b_cmd	4590365053586862811
B/traj/45/branch	13126223303132988745
B/traj/45/f	4582567584918942566
B/traj/45/g	4567450023488614265
B/traj/45/ic_iters	1
B/traj/45/ic_order	15359057144970489593
B/traj/45/ic_res	0
B/traj/45/mdot_air	4603219547352052455
B/traj/45/mf	4578893683441772628
B/traj/45/mf_sched	4580190202359071257
B/traj/45/nu_hp	4605386421424188606
B/traj/45/nu_lp	4605016478558889233
B/traj/45/phi_hp	4606237885888653287
B/traj/45/phi_lp	4605347578323294774
B/traj/45/pi_hpc	4616600542969346170
B/traj/45/pi_lpc	4611927065280703350
B/traj/45/required	4568247595310807284
B/traj/45/s	4597274499619802321
B/traj/45/sp_thrust	4648005409409026258
B/traj/45/v	4574153972856713331
B/traj/45/v_cmd	4571879291924797106
B/traj/45/v_regime	10791139852042193048
B/traj/46/nkeys	24
B/traj/46/Tt4	4653280189714236762
B/traj/46/b	4590035080193533575
B/traj/46/b_cmd	4590388068245966025
B/traj/46/branch	13126223303132988745
B/traj/46/f	4582620013492430655
B/traj/46/g	4567528560468029348
B/traj/46/ic_iters	1
B/traj/46/ic_order	15359057144970489593
B/traj/46/ic_res	0
B/traj/46/mdot_air	4603220919783729710
B/traj/46/mf	4578954528741134595
B/traj/46/mf_sched	4580230442131179126
B/traj/46/nu_hp	4605390513602647851
B/traj/46/nu_lp	4605020913801630465
B/traj/46/phi_hp	4606229958965709689
B/traj/46/phi_lp	4605348746267490643
B/traj/46/pi_hpc	4616610069387626484
B/traj/46/pi_lpc	4611931791368966366
B/traj/46/required	4568301645945282636
B/traj/46/s	4597454643604897141
B/traj/46/sp_thrust	4648029736821526726
B/traj/46/v	4573925218824264444
B/traj/46/v_cmd	4571624886647964649
B/traj/46/v_regime	10791139852042193048
B/traj/47/nkeys	24
B/traj/47/Tt4	4653307905862130265
B/traj/47/b	4590069727725064552
B/traj/47/b_cmd	4590409671367143034
B/traj/47/branch	13126223303132988745
B/traj/47/f	4582672724183531214
B/traj/47/g	4567604624860521615
B/traj/47/ic_iters	1
B/traj/47/ic_order	15359057144970489593
B/traj/47/ic_res	0
B/traj/47/mdot_air	4603222465561218845
B/traj/47/mf	4579015992187227266
B/traj/47/mf_sched	4580270681903286995
B/traj/47/nu_hp	4605394697795341861
B/traj/47/nu_lp	4605025444054144711
B/traj/47/phi_hp	4606222099840294038
B/traj/47/phi_lp	4605349926055849567
B/traj/47/pi_hpc	4616619692029937491
B/traj/47/pi_lpc	4611936621194416021
B/traj/47/required	4568352746675781740
B/traj/47/s	4597634787589991961
B/traj/47/sp_thrust	4648054209700355414
B/traj/47/v	4573693920458037341
B/traj/47/v_cmd	4571368412305132052
B/traj/47/v_regime	10791139852042193048
B/traj/48/nkeys	24
B/traj/48/Tt4	4653335776652612450
B/traj/48/b	4590103065523565411
B/traj/48/b_cmd	4590429860155987812
B/traj/48/branch	13126223303132988745
B/traj/48/f	4582725720651549848
B/traj/48/g	4567678169445157731
B/traj/48/ic_iters	1
B/traj/48/ic_order	15359057144970489593
B/traj/48/ic_res	0
B/traj/48/mdot_air	4603224185529187449
B/traj/48/mf	4579078085585283975
B/traj/48/mf_sched	4580310921675394864
B/traj/48/nu_hp	4605398974372781206
B/traj/48/nu_lp	4605030069871135939
B/traj/48/phi_hp	4606214308459582053
B/traj/48/phi_lp	4605351116896060431
B/traj/48/pi_hpc	4616629411871200835
B/traj/48/pi_lpc	4611941555692396386
B/traj/48/required	4568400860197990688
B/traj/48/s	4597814931575086781
B/traj/48/sp_thrust	4648078829416331368
B/traj/48/v	4573460140720211207
B/traj/48/v_cmd	4571066817110292309
B/traj/48/v_regime	10791139852042193048
B/traj/49/nkeys	24
B/traj/49/Tt4	4653363803744851020
B/traj/49/b	4590135083490417988
B/traj/49/b_cmd	4590448631557406437
B/traj/49/branch	13126223303132988745
B/traj/49/f	4582779006215691706
B/traj/49/g	4567749147893332127
B/traj/49/ic_iters	1
B/traj/49/ic_order	15359057144970489593
B/traj/49/ic_res	0
B/traj/49/mdot_air	4603226080562066578
B/traj/49/mf	4579140820517456114
B/traj/49/mf_sched	4580351161447502733
B/traj/49/nu_hp	4605403343716924303
B/traj/49/nu_lp	4605034791823991914
B/traj/49/phi_hp	4606206584863407832
B/traj/49/phi_lp	4605352318085570539
B/traj/49/pi_hpc	4616639229886541815
B/traj/49/pi_lpc	4611946595734933143
B/traj/49/required	4568445948034468648
B/traj/49/s	4597995075560181601
B/traj/49/sp_thrust	4648103597173618805
B/traj/49/v	4573223965350639248
B/traj/49/v_cmd	4570547508996482668
B/traj/49/v_regime	10791139852042193048
B/traj/50/nkeys	24
B/traj/50/Tt4	4653391988632764876
B/traj/50/b	4590165772174248114
B/traj/50/b_cmd	4590465982005754792
B/traj/50/branch	13126223303132988745
B/traj/50/f	4582832583878840263
B/traj/50/g	4567817514542495744
B/traj/50/ic_iters	1
B/traj/50/ic_order	15359057144970489593
B/traj/50/ic_res	0
B/traj/50/mdot_air	4603228151580960742
B/traj/50/mf	4579204208399380948
B/traj/50/mf_sched	4580391401219610602
B/traj/50/nu_hp	4605407806220541672
B/traj/50/nu_lp	4605039610500234389
B/traj/50/phi_hp	4606198929173978809
B/traj/50/phi_lp	4605353529024578640
B/traj/50/pi_hpc	4616649147043619603
B/traj/50/pi_lpc	4611951742162394928
B/traj/50/required	4568487969948910512
B/traj/50/s	4598175219545276418
B/traj/50/sp_thrust	4648128514029970716
B/traj/50/v	4572985492350750710
B/traj/50/v_cmd	4570025628831887248
B/traj/50/v_regime	10791139852042193048
B/traj/51/nkeys	24
B/traj/51/Tt4	4653420332665749113
B/traj/51/b	4590195122651966250
B/traj/51/b_cmd	4590481907255481865
B/traj/51/branch	13126223303132988745
B/traj/51/f	4582886456363315385
B/traj/51/g	4567883224143757849
B/traj/51/ic_iters	1
B/traj/51/ic_order	15359057144970489593
B/traj/51/ic_res	0
B/traj/51/mdot_air	4603230399565547825
B/traj/51/mf	4579268260543281160
B/traj/51/mf_sched	4580431640991718471
B/traj/51/nu_hp	4605412362286664625
B/traj/51/nu_lp	4605044526502909305
B/traj/51/phi_hp	4606191341583948878
B/traj/51/phi_lp	4605354749220850563
B/traj/51/pi_hpc	4616659164297957492
B/traj/51/pi_lpc	4611956995809891148
B/traj/51/required	4568526883523812756
B/traj/51/s	4598265291537823828
B/traj/51/sp_thrust	4648153580919798107
B/traj/51/v	4572744823581923617
B/traj/51/v_cmd	4569501386958946224
B/traj/51/v_regime	10791139852042193048
B/traj/52/nkeys	24
B/traj/52/Tt4	4653448837072642955
B/traj/52/b	4590223126408384566
B/traj/52/b_cmd	4590496402279374225
B/traj/52/branch	13126223303132988745
B/traj/52/f	4582940626154043454
B/traj/52/g	4567946231600282764
B/traj/52/ic_iters	1
B/traj/52/ic_order	15359057144970489593
B/traj/52/ic_res	0
B/traj/52/mdot_air	4603232825561731682
B/traj/52/mf	4579332988223365669
B/traj/52/mf_sched	4580471880763826340
B/traj/52/nu_hp	4605417012328134045
B/traj/52/nu_lp	4605049540449976168
B/traj/52/phi_hp	4606183822343845703
B/traj/52/phi_lp	4605355978288232546
B/traj/52/pi_hpc	4616669282590742571
B/traj/52/pi_lpc	4611962357528535028
B/traj/52/required	4568562643878264648
B/traj/52/s	4598355363530371238
B/traj/52/sp_thrust	4648178798678292614
B/traj/52/v	4572502058335627601
B/traj/52/v_cmd	4568974878443708008
B/traj/52/v_regime	10791139852042193048
B/traj/53/nkeys	24
B/traj/53/Tt4	4653477502987058781
B/traj/53/b	4590249775220357184
B/traj/53/b_cmd	4590509461221613859
B/traj/53/branch	13126223303132988745
B/traj/53/f	4582995095545375166
B/traj/53/g	4568006491709533443
B/traj/53/ic_iters	1
B/traj/53/ic_order	15359057144970489593
B/traj/53/ic_res	0
B/traj/53/mdot_air	4603235430685815381
B/traj/53/mf	4579398402740268737
B/traj/53/mf_sched	4580512120535934209
B/traj/53/nu_hp	4605421756767256573
B/traj/53/nu_lp	4605054652973741211
B/traj/53/phi_hp	4606176371749621473
B/traj/53/phi_lp	4605357215940553998
B/traj/53/pi_hpc	4616679502848585820
B/traj/53/pi_lpc	4611967828201909837
B/traj/53/required	4568595203501901176
B/traj/53/s	4598445435522918648
B/traj/53/sp_thrust	4648204168065232614
B/traj/53/v	4572257288675660032
B/traj/53/v_cmd	4568446106948658533
B/traj/53/v_regime	10791139852042193048
B/traj/54/nkeys	24
B/traj/54/Tt4	4653506331472600206
B/traj/54/b	4590275061049636714
B/traj/54/b_cmd	4590521077393542002
B/traj/54/branch	13126223303132988745
B/traj/54/f	4583049866688560725
B/traj/54/g	4568063958918909658
B/traj/54/ic_iters	1
B/traj/54/ic_order	15359057144970489593
B/traj/54/ic_res	0
B/traj/54/mdot_air	4603238216125931855
B/traj/54/mf	4579464515482140422
B/traj/54/mf_sched	4580552360308042078
B/traj/54/nu_hp	4605426596035568976
B/traj/54/nu_lp	4605059864720365990
B/traj/54/phi_hp	4606168990130892642
B/traj/54/phi_lp	4605358461982396755
B/traj/54/pi_hpc	4616689825984772574
B/traj/54/pi_lpc	4611973408758216821
B/traj/54/required	4568624512181611148
B/traj/54/s	4598535507515466058
B/traj/54/sp_thrust	4648229689787466304
B/traj/54/v	4572010596319687637
B/traj/54/v_cmd	4567915006833673233
B/traj/54/v_regime	10791139852042193048
B/traj/55/nkeys	24
B/traj/55/Tt4	4653535323546872453
B/traj/55/b	4590298975947138247
B/traj/55/b_cmd	4590531243301094784
B/traj/55/branch	13126223303132988745
B/traj/55/f	4583104941637611088
B/traj/55/g	4568118587101258151
B/traj/55/ic_iters	1
B/traj/55/ic_order	15359057144970489593
B/traj/55/ic_res	0
B/traj/55/mdot_air	4603241183141410680
B/traj/55/mf	4579531337980769036
B/traj/55/mf_sched	4580592600080149947
B/traj/55/nu_hp	4605431530573706506
B/traj/55/nu_lp	4605065176349471883
B/traj/55/phi_hp	4606161677840255629
B/traj/55/phi_lp	4605359716297978369
B/traj/55/pi_hpc	4616700252901583512
B/traj/55/pi_lpc	4611979100178666402
B/traj/55/required	4568650516999078588
B/traj/55/s	4598625579508013468
B/traj/55/sp_thrust	4648255364519383331
B/traj/55/v	4571762050813561344
B/traj/55/v_cmd	4567381462882006815
B/traj/55/v_regime	10791139852042193048
B/traj/56/nkeys	24
B/traj/56/Tt4	4653564480203520041
B/traj/56/b	4590321511970057862
B/traj/56/b_cmd	4590539950694183850
B/traj/56/branch	13126223303132988745
B/traj/56/f	4583160322391917810
B/traj/56/g	4568170329354126624
B/traj/56/ic_iters	1
B/traj/56/ic_order	15359057144970489593
B/traj/56/ic_res	0
B/traj/56/mdot_air	4603244333060685958
B/traj/56/mf	4579598881961767656
B/traj/56/mf_sched	4580632839852257816
B/traj/56/nu_hp	4605436560831367565
B/traj/56/nu_lp	4605070588533851678
B/traj/56/phi_hp	4606154435243914553
B/traj/56/phi_lp	4605360978839168261
B/traj/56/pi_hpc	4616710784493323581
B/traj/56/pi_lpc	4611984903502710363
B/traj/56/required	4568673162379323124
B/traj/56/s	4598715651500560878
B/traj/56/sp_thrust	4648281192920956288
B/traj/56/v	4571511708753231361
B/traj/56/v_cmd	4566845327312614227
B/traj/56/v_regime	10791139852042193048
B/traj/57/nkeys	24
B/traj/57/Tt4	4653593802431811225
B/traj/57/b	4590342661112298205
B/traj/57/b_cmd	4590547190629733356
B/traj/57/branch	13126223303132988745
B/traj/57/f	4583216010934562995
B/traj/57/g	4568219137824496335
B/traj/57/ic_iters	1
B/traj/57/ic_order	15359057144970489593
B/traj/57/ic_res	0
B/traj/57/mdot_air	4603247667278266069
B/traj/57/mf	4579667159388390966
B/traj/57/mf_sched	4580673079624365685
B/traj/57/nu_hp	4605441687267364745
B/traj/57/nu_lp	4605076101959291947
B/traj/57/phi_hp	4606147262713734006
B/traj/57/phi_lp	4605362249613436748
B/traj/57/pi_hpc	4616721421649754791
B/traj/57/pi_lpc	4611990819830711741
B/traj/57/required	4568692390172903812
B/traj/57/s	4598805723493108288
B/traj/57/sp_thrust	4648307175653153964
B/traj/57/v	4571259613821674980
B/traj/57/v_cmd	4565962845753729973
B/traj/57/v_regime	10791139852042193048
B/traj/58/nkeys	24
B/traj/58/Tt4	4653623291233524622
B/traj/58/b	4590362415247892251
B/traj/58/b_cmd	4590552953541536419
B/traj/58/branch	13126223303132988745
B/traj/58/f	4583272009265720630
B/traj/58/g	4568264963559039471
B/traj/58/ic_iters	1
B/traj/58/ic_order	15359057144970489593
B/traj/58/ic_res	0
B/traj/58/mdot_air	4603251187251200101
B/traj/58/mf	4579736182498970920
B/traj/58/mf_sched	4580713319396473554
B/traj/58/nu_hp	4605446910349751092
B/traj/58/nu_lp	4605081717324504164
B/traj/58/phi_hp	4606140160620732297
B/traj/58/phi_lp	4605363528672336471
B/traj/58/pi_hpc	4616732165259687475
B/traj/58/pi_lpc	4611996850324620976
B/traj/58/required	4568708139757080456
B/traj/58/s	4598895795485655698
B/traj/58/sp_thrust	4648333313390703125
B/traj/58/v	4570857973076192230
B/traj/58/v_cmd	4564879197083094400
B/traj/58/v_regime	10791139852042193048
B/traj/59/nkeys	24
B/traj/59/Tt4	4653652947637081675
B/traj/59/b	4590380766086563981
B/traj/59/b_cmd	4590557229311503573
B/traj/59/branch	13126223303132988745
B/traj/59/f	4583328319430931047
B/traj/59/g	4568307756378674210
B/traj/59/ic_iters	1
B/traj/59/ic_order	15359057144970489593
B/traj/59/ic_res	0
B/traj/59/mdot_air	4603254894495390424
B/traj/59/mf	4579805963838277974
B/traj/59/mf_sched	4580753559168581423
B/traj/59/nu_hp	4605452230556010074
B/traj/59/nu_lp	4605087435341158342
B/traj/59/phi_hp	4606133129329958177
B/traj/59/phi_lp	4605364816100938132
B/traj/59/pi_hpc	4616743016214539031
B/traj/59/pi_lpc	4612002996207178948
B/traj/59/required	4568720348143909900
B/traj/59/s	4598985867478203108
B/traj/59/sp_thrust	4648359606832306772
B/traj/59/v	4570346937751200295
B/traj/59/v_cmd	4563789343537321436
B/traj/59/v_regime	10791139852042193048
B/traj/60/nkeys	24
B/traj/60/Tt4	4653682772709013330
B/traj/60/b	4590397705140194091
B/traj/60/b_cmd	4590560007338178883
B/traj/60/branch	13126223303132988745
B/traj/60/f	4583384943544327646
B/traj/60/g	4568347464775286961
B/traj/60/ic_iters	1
B/traj/60/ic_order	15359057144970489593
B/traj/60/ic_res	0
B/traj/60/mdot_air	4603258790582021277
B/traj/60/mf	4579876516283340524
B/traj/60/mf_sched	4580793798940689292
B/traj/60/nu_hp	4605457648373298014
B/traj/60/nu_lp	4605093256734010121
B/traj/60/phi_hp	4606126169196641906
B/traj/60/phi_lp	4605366112008489475
B/traj/60/pi_hpc	4616753975411719172
B/traj/60/pi_lpc	4612009258760107441
B/traj/60/required	4568728950085798276
B/traj/60/s	4599075939470750518
B/traj/60/sp_thrust	4648386056708520572
B/traj/60/v	4569832520460398307
B/traj/60/v_cmd	4562692958350674803
B/traj/60/v_regime	10791139852042193048
B/traj/61/nkeys	24
B/traj/61/Tt4	4653712767562953591
B/traj/61/b	4590413223698741384
B/traj/61/b_cmd	4590561276599568626
B/traj/61/branch	13126223303132988745
B/traj/61/f	4583441883807114510
B/traj/61/g	4568384035827907860
B/traj/61/ic_iters	1
B/traj/61/ic_order	15359057144970489593
B/traj/61/ic_res	0
B/traj/61/mdot_air	4603262877134301224
B/traj/61/mf	4579947853064401037
B/traj/61/mf_sched	4580834038712797161
B/traj/61/nu_hp	4605463164298728483
B/traj/61/nu_lp	4605099182241110604
B/traj/61/phi_hp	4606119280563478571
B/traj/61/phi_lp	4605367416520440216
B/traj/61/pi_hpc	4616765043757744576
B/traj/61/pi_lpc	4612015639321681224
B/traj/61/required	4568733878171382580
B/traj/61/s	4599166011463297928
B/traj/61/sp_thrust	4648412663787549720
B/traj/61/v	4569314724841381721
B/traj/61/v_cmd	4561033056351673683
B/traj/61/v_regime	10791139852042193048
B/traj/62/nkeys	24
B/traj/62/Tt4	4653742933366422457
B/traj/62/b	4590427312814077236
B/traj/62/b_cmd	4590561025708336442
B/traj/62/branch	13126223303132988745
B/traj/62/f	4583499142521745677
B/traj/62/g	4568417415135309434
B/traj/62/ic_iters	1
B/traj/62/ic_order	15359057144970489593
B/traj/62/ic_res	0
B/traj/62/mdot_air	4603267155824654153
B/traj/62/mf	4580019987781766382
B/traj/62/mf_sched	4580874278484905030
B/traj/62/nu_hp	4605468778839689252
B/traj/62/nu_lp	4605105212614087497
B/traj/62/phi_hp	4606112463758883556
B/traj/62/phi_lp	4605368729771874220
B/traj/62/pi_hpc	4616776222171023329
B/traj/62/pi_lpc	4612022139284007410
B/traj/62/required	4568735062906718308
B/traj/62/s	4599256083455845338
B/traj/62/sp_thrust	4648439428879261536
B/traj/62/v	4568793540515690810
B/traj/62/v_cmd	4558812406251123465
B/traj/62/v_regime	10791139852042193048
B/traj/63/nkeys	24
B/traj/63/Tt4	4653773271345701300
B/traj/63/b	4590439963290194548
B/traj/63/b_cmd	4590559242958267290
B/traj/63/branch	13126223303132988745
B/traj/63/f	4583556722102350763
B/traj/63/g	4568447546761898375
B/traj/63/ic_iters	1
B/traj/63/ic_order	15359057144970489593
B/traj/63/ic_res	0
B/traj/63/mdot_air	4603271628372439896
B/traj/63/mf	4580092934419334884
B/traj/63/mf_sched	4580914518257012899
B/traj/63/nu_hp	4605474492514183643
B/traj/63/nu_lp	4605111348618486157
B/traj/63/phi_hp	4606105719096053992
B/traj/63/phi_lp	4605370051902312489
B/traj/63/pi_hpc	4616787511584280280
B/traj/63/pi_lpc	4612028760090271540
B/traj/63/required	4568732432778553456
B/traj/63/s	4599346155448392748
B/traj/63/sp_thrust	4648466352837720504
B/traj/63/v	4568268945895490764
B/traj/63/v_cmd	4555511302293002690
B/traj/63/v_regime	10791139852042193048
B/traj/64/nkeys	24
B/traj/64/Tt4	4653803782789120012
B/traj/64/b	4590451165678328756
B/traj/64/b_cmd	4590555916361585609
B/traj/64/branch	13126223303132988745
B/traj/64/f	4583614625081997103
B/traj/64/g	4568474373193837088
B/traj/64/ic_iters	1
B/traj/64/ic_order	15359057144970489593
B/traj/64/ic_res	0
B/traj/64/mdot_air	4603276296542241927
B/traj/64/mf	4580163764195680188
B/traj/64/mf_sched	4580954758029120768
B/traj/64/nu_hp	4605480305851189485
B/traj/64/nu_lp	4605117591034159741
B/traj/64/phi_hp	4606099046872674003
B/traj/64/phi_lp	4605371383051794353
B/traj/64/pi_hpc	4616798912946619104
B/traj/64/pi_lpc	4612035503232147755
B/traj/64/required	4568725914297976972
B/traj/64/s	4599436227440940158
B/traj/64/sp_thrust	4648493436562546212
B/traj/64/v	4567740910766215906
B/traj/64/v_cmd	4548881560311850174
B/traj/64/v_regime	10791139852042193048
B/traj/65/nkeys	24
B/traj/65/Tt4	4653834472721893520
B/traj/65/b	4590460910275655157
B/traj/65/b_cmd	4590551116550078970
B/traj/65/branch	13126223303132988745
B/traj/65/f	4583672862563476682
B/traj/65/g	4568497835302521293
B/traj/65/ic_iters	1
B/traj/65/ic_order	15359057144970489593
B/traj/65/ic_res	0
B/traj/65/mdot_air	4603281156762587219
B/traj/65/mf	4580201071204202532
B/traj/65/mf_sched	4580994997801228638
B/traj/65/nu_hp	4605486219391030250
B/traj/65/nu_lp	4605123940655698620
B/traj/65/phi_hp	4606092446442277762
B/traj/65/phi_lp	4605372715774088040
B/traj/65/pi_hpc	4616810430376900143
B/traj/65/pi_lpc	4612042363734517713
B/traj/65/required	4568715631953560032
B/traj/65/s	4599526299433487568
B/traj/65/sp_thrust	4648520682242099053
B/traj/65/v	4567213934448803389
B/traj/65/v_cmd	0
B/traj/65/v_regime	9087740570393753374
B/traj/66/nkeys	24
B/traj/66/Tt4	4653865364027377617
B/traj/66/b	4590469232545956646
B/traj/66/b_cmd	4590545585583835997
B/traj/66/branch	13126223303132988745
B/traj/66/f	4583731491246572718
B/traj/66/g	4568517982281811778
B/traj/66/ic_iters	1
B/traj/66/ic_order	15359057144970489593
B/traj/66/ic_res	0
B/traj/66/mdot_air	4603286161523268080
B/traj/66/mf	4580238792603899090
B/traj/66/mf_sched	4581035237573336506
B/traj/66/nu_hp	4605492233724662292
B/traj/66/nu_lp	4605130398605182996
B/traj/66/phi_hp	4606085914435646965
B/traj/66/phi_lp	4605373985306239029
B/traj/66/pi_hpc	4616822092950611648
B/traj/66/pi_lpc	4612049278921701974
B/traj/66/required	4568703341892830168
B/traj/66/s	4599616371426034978
B/traj/66/sp_thrust	4648548092072396326
B/traj/66/v	4566731697345479345
B/traj/66/v_cmd	0
B/traj/66/v_regime	9087740570393753374
B/traj/67/nkeys	24
B/traj/67/Tt4	4653896435775425707
B/traj/67/b	4590476199345768912
B/traj/67/b_cmd	4590539260651776549
B/traj/67/branch	13126223303132988745
B/traj/67/f	4583790470167858243
B/traj/67/g	4568534940365078125
B/traj/67/ic_iters	1
B/traj/67/ic_order	15359057144970489593
B/traj/67/ic_res	0
B/traj/67/mdot_air	4603291315269033884
B/traj/67/mf	4580276912615598666
B/traj/67/mf_sched	4581075477345444376
B/traj/67/nu_hp	4605498349424599971
B/traj/67/nu_lp	4605136966220639292
B/traj/67/phi_hp	4606079459721241289
B/traj/67/phi_lp	4605375203410149561
B/traj/67/pi_hpc	4616833898741219153
B/traj/67/pi_lpc	4612056245972879685
B/traj/67/required	4568688875629980832
B/traj/67/s	4599706443418582388
B/traj/67/sp_thrust	4648575649344024172
B/traj/67/v	4565940680107317806
B/traj/67/v_cmd	0
B/traj/67/v_regime	9087740570393753374
B/traj/68/nkeys	24
B/traj/68/Tt4	4653927668813408839
B/traj/68/b	4590481857034307998
B/traj/68/b_cmd	4590532000097089117
B/traj/68/branch	13126223303132988745
B/traj/68/f	4583849760369949751
B/traj/68/g	4568548787735932159
B/traj/68/ic_iters	1
B/traj/68/ic_order	15359057144970489593
B/traj/68/ic_res	0
B/traj/68/mdot_air	4603296627729872925
B/traj/68/mf	4580315421466349780
B/traj/68/mf_sched	4581115717117552244
B/traj/68/nu_hp	4605504566984437337
B/traj/68/nu_lp	4605143644693109657
B/traj/68/phi_hp	4606073089743672376
B/traj/68/phi_lp	4605376387193061803
B/traj/68/pi_hpc	4616845843018318591
B/traj/68/pi_lpc	4612063270605267669
B/traj/68/required	4568671866989621776
B/traj/68/s	4599796515411129798
B/traj/68/sp_thrust	4648603340711918760
B/traj/68/v	4565151035270725739
B/traj/68/v_cmd	0
B/traj/68/v_regime	9087740570393753374
B/traj/69/nkeys	24
B/traj/69/Tt4	4653959049390616455
B/traj/69/b	4590486235333054811
B/traj/69/b_cmd	4590523687306992887
B/traj/69/branch	13126223303132988745
B/traj/69/f	4583909333632020936
B/traj/69/g	4568559562958936800
B/traj/69/ic_iters	1
B/traj/69/ic_order	15359057144970489593
B/traj/69/ic_res	0
B/traj/69/mdot_air	4603302107154968484
B/traj/69/mf	4580354314335582070
B/traj/69/mf_sched	4581155956889660114
B/traj/69/nu_hp	4605510886842068090
B/traj/69/nu_lp	4605150435097580830
B/traj/69/phi_hp	4606066809809812647
B/traj/69/phi_lp	4605377549949809314
B/traj/69/pi_hpc	4616857922165225368
B/traj/69/pi_lpc	4612070358466113919
B/traj/69/required	4568652003053332568
B/traj/69/s	4599886587403677208
B/traj/69/sp_thrust	4648631156890575180
B/traj/69/v	4564436535010895864
B/traj/69/v_cmd	0
B/traj/69/v_regime	9087740570393753374
B/traj/70/nkeys	24
B/traj/70/Tt4	4653990568012576964
B/traj/70/b	4590489351050328973
B/traj/70/b_cmd	4590514225879211093
B/traj/70/branch	13126223303132988745
B/traj/70/f	4583969170212303896
B/traj/70/g	4568567273303410398
B/traj/70/ic_iters	1
B/traj/70/ic_order	15359057144970489593
B/traj/70/ic_res	0
B/traj/70/mdot_air	4603307760600179248
B/traj/70/mf	4580393590314630738
B/traj/70/mf_sched	4581196196661767982
B/traj/70/nu_hp	4605517309398538025
B/traj/70/nu_lp	4605157338422337899
B/traj/70/phi_hp	4606060623568928034
B/traj/70/phi_lp	4605378701943137909
B/traj/70/pi_hpc	4616870133468248276
B/traj/70/pi_lpc	4612077515083074730
B/traj/70/required	4568629013870908032
B/traj/70/s	4599976659396224618
B/traj/70/sp_thrust	4648659091765047247
B/traj/70/v	4563790028382042050
B/traj/70/v_cmd	0
B/traj/70/v_regime	9087740570393753374
B/traj/71/nkeys	24
B/traj/71/Tt4	4654022218523453958
B/traj/71/b	4590491211037481744
B/traj/71/b_cmd	4590503535708077280
B/traj/71/branch	13126223303132988745
B/traj/71/f	4584029257037718699
B/traj/71/g	4568571901390992644
B/traj/71/ic_iters	1
B/traj/71/ic_order	15359057144970489593
B/traj/71/ic_res	0
B/traj/71/mdot_air	4603313594161552543
B/traj/71/mf	4580433251575790828
B/traj/71/mf_sched	4581236436433875852
B/traj/71/nu_hp	4605523835032870795
B/traj/71/nu_lp	4605164355592491345
B/traj/71/phi_hp	4606054533394099959
B/traj/71/phi_lp	4605379851030736818
B/traj/71/pi_hpc	4616882474946562349
B/traj/71/pi_lpc	4612084745830862961
B/traj/71/required	4568602664070909936
B/traj/71/s	4600066731388772028
B/traj/71/sp_thrust	4648687141682017169
B/traj/71/v	4563205044940256537
B/traj/71/v_cmd	0
B/traj/71/v_regime	9087740570393753374
B/traj/72/nkeys	24
B/traj/72/Tt4	4654053996283598331
B/traj/72/b	4590491814528622680
B/traj/72/b_cmd	4590491546510017428
B/traj/72/branch	13126223303132988745
B/traj/72/f	4584089584084727714
B/traj/72/g	4568573418788101863
B/traj/72/ic_iters	1
B/traj/72/ic_order	15359057144970489593
B/traj/72/ic_res	0
B/traj/72/mdot_air	4603319613380957517
B/traj/72/mf	4580473301673260043
B/traj/72/mf_sched	4581276676205983720
B/traj/72/nu_hp	4605530464113672519
B/traj/72/nu_lp	4605171487488806857
B/traj/72/phi_hp	4606048541072281672
B/traj/72/phi_lp	4605381003470885682
B/traj/72/pi_hpc	4616894945008359497
B/traj/72/pi_lpc	4612092055853590322
B/traj/72/required	4568572746019276368
B/traj/72/s	4600156803381319438
B/traj/72/sp_thrust	4648715304062208925
B/traj/72/v	4562675729985249938
B/traj/72/v_cmd	0
B/traj/72/v_regime	9087740570393753374
B/traj/73/nkeys	24
B/traj/73/Tt4	4654085758545516503
B/traj/73/b	4590491140393465039
B/traj/73/b_cmd	4590477778408854846
B/traj/73/branch	13126223303132988745
B/traj/73/f	4584149866031845239
B/traj/73/g	4568572852605223375
B/traj/73/ic_iters	1
B/traj/73/ic_order	15359057144970489593
B/traj/73/ic_res	0
B/traj/73/mdot_air	4603325850664605391
B/traj/73/mf	4580513612218227724
B/traj/73/mf_sched	4581316915978091590
B/traj/73/nu_hp	4605537196813076171
B/traj/73/nu_lp	4605178734738716489
B/traj/73/phi_hp	4606042697125247403
B/traj/73/phi_lp	4605382201116190923
B/traj/73/pi_hpc	4616907515734739746
B/traj/73/pi_lpc	4612099442894703279
B/traj/73/required	4568539121184979112
B/traj/73/s	4600246875373866848
B/traj/73/sp_thrust	4648743471890759021
B/traj/73/v	4562196785964649154
B/traj/73/v_cmd	0
B/traj/73/v_regime	9087740570393753374
B/traj/74/nkeys	24
B/traj/74/Tt4	4654117375580476691
B/traj/74/b	4590489113971203138
B/traj/74/b_cmd	4590461813834309177
B/traj/74/branch	13126223303132988745
B/traj/74/f	4584209843096634574
B/traj/74/g	4568571142002833042
B/traj/74/ic_iters	1
B/traj/74/ic_order	15359057144970489593
B/traj/74/ic_res	0
B/traj/74/mdot_air	4603332334509920255
B/traj/74/mf	4580554065815634384
B/traj/74/mf_sched	4581357155750199458
B/traj/74/nu_hp	4605544032604393069
B/traj/74/nu_lp	4605186097150194981
B/traj/74/phi_hp	4606037045836387946
B/traj/74/phi_lp	4605383475165683393
B/traj/74/pi_hpc	4616920160959136839
B/traj/74/pi_lpc	4612106905413392117
B/traj/74/required	4568501831571730704
B/traj/74/s	4600336947366414258
B/traj/74/sp_thrust	4648771548277025956
B/traj/74/v	4561380416382505137
B/traj/74/v_cmd	0
B/traj/74/v_regime	9087740570393753374
B/traj/75/nkeys	24
B/traj/75/Tt4	4654148852049396954
B/traj/75/b	4590485654803059093
B/traj/75/b_cmd	4590443650309913574
B/traj/75/branch	13126223303132988745
B/traj/75/f	4584269523279816720
B/traj/75/g	4568568205634115912
B/traj/75/ic_iters	1
B/traj/75/ic_order	15359057144970489593
B/traj/75/ic_res	0
B/traj/75/mdot_air	4603339066291700603
B/traj/75/mf	4580594672633831895
B/traj/75/mf_sched	4581397395522307328
B/traj/75/nu_hp	4605550970815456953
B/traj/75/nu_lp	4605193574361469977
B/traj/75/phi_hp	4606031583322644950
B/traj/75/phi_lp	4605384818290517673
B/traj/75/pi_hpc	4616932879948926198
B/traj/75/pi_lpc	4612114448574459108
B/traj/75/required	4568460953324936776
B/traj/75/s	4600427019358961668
B/traj/75/sp_thrust	4648799537930670156
B/traj/75/v	4560596163843085910
B/traj/75/v_cmd	0
B/traj/75/v_regime	9087740570393753374
B/traj/76/nkeys	24
B/traj/76/Tt4	4654180192075710843
B/traj/76/b	4590480689874821783
B/traj/76/b_cmd	4590423285834180408
B/traj/76/branch	13126223303132988745
B/traj/76/f	4584328913598453332
B/traj/76/g	4568563967166933094
B/traj/76/ic_iters	1
B/traj/76/ic_order	15359057144970489593
B/traj/76/ic_res	0
B/traj/76/mdot_air	4603346047308803137
B/traj/76/mf	4580635442214337615
B/traj/76/mf_sched	4581437635294415196
B/traj/76/nu_hp	4605558010800724450
B/traj/76/nu_lp	4605201166040896149
B/traj/76/phi_hp	4606026305986531203
B/traj/76/phi_lp	4605386223793215048
B/traj/76/pi_hpc	4616945672005912845
B/traj/76/pi_lpc	4612122077141877774
B/traj/76/required	4568416553694922736
B/traj/76/s	4600517091351509078
B/traj/76/sp_thrust	4648827445027162216
B/traj/76/v	4559886542735949166
B/traj/76/v_cmd	0
B/traj/76/v_regime	9087740570393753374
B/traj/77/nkeys	24
B/traj/77/Tt4	4654211399293560563
B/traj/77/b	4590474152950139057
B/traj/77/b_cmd	4590400718810583220
B/traj/77/branch	13126223303132988745
B/traj/77/f	4584388020172899207
B/traj/77/g	4568558354839063023
B/traj/77/ic_iters	1
B/traj/77/ic_order	15359057144970489593
B/traj/77/ic_res	0
B/traj/77/mdot_air	4603353278794755177
B/traj/77/mf	4580676383527429244
B/traj/77/mf_sched	4581477875066523066
B/traj/77/nu_hp	4605565151939006897
B/traj/77/nu_lp	4605208871884734390
B/traj/77/phi_hp	4606021210489295178
B/traj/77/phi_lp	4605387685554207618
B/traj/77/pi_hpc	4616958536462261855
B/traj/77/pi_lpc	4612129795517619944
B/traj/77/required	4568368691711295024
B/traj/77/s	4600607163344056488
B/traj/77/sp_thrust	4648855273256162391
B/traj/77/v	4559244450947420322
B/traj/77/v_cmd	0
B/traj/77/v_regime	9087740570393753374
B/traj/78/nkeys	24
B/traj/78/Tt4	4654242476892201829
B/traj/78/b	4590465983961040610
B/traj/78/b_cmd	4590375947986597712
B/traj/78/branch	13126223303132988745
B/traj/78/f	4584446848307137175
B/traj/78/g	4568551301049294746
B/traj/78/ic_iters	1
B/traj/78/ic_order	15359057144970489593
B/traj/78/ic_res	0
B/traj/78/mdot_air	4603360761927170386
B/traj/78/mf	4580717505023258148
B/traj/78/mf_sched	4581518114838630935
B/traj/78/nu_hp	4605572393631389835
B/traj/78/nu_lp	4605216691615099450
B/traj/78/phi_hp	4606016293726456270
B/traj/78/phi_lp	4605389197982661893
B/traj/78/pi_hpc	4616971472676817439
B/traj/78/pi_lpc	4612137607776862733
B/traj/78/required	4568317418807063992
B/traj/78/s	4600697235336603898
B/traj/78/sp_thrust	4648883025865801613
B/traj/78/v	4558663462218717354
B/traj/78/v_cmd	0
B/traj/78/v_regime	9087740570393753374
B/traj/79/nkeys	24
B/traj/79/Tt4	4654273427656894460
B/traj/79/b	4590456128451049235
B/traj/79/b_cmd	4590348972400623277
B/traj/79/branch	13126223303132988745
B/traj/79/f	4584505402562947879
B/traj/79/g	4568542741981604329
B/traj/79/ic_iters	1
B/traj/79/ic_order	15359057144970489593
B/traj/79/ic_res	0
B/traj/79/mdot_air	4603368497836111919
B/traj/79/mf	4580758814678827319
B/traj/79/mf_sched	4581558354610738804
B/traj/79/nu_hp	4605579735299325763
B/traj/79/nu_lp	4605224624978065938
B/traj/79/phi_hp	4606011552805509269
B/traj/79/phi_lp	4605390755971274701
B/traj/79/pi_hpc	4616984480031769997
B/traj/79/pi_lpc	4612145517699919766
B/traj/79/required	4568262779395747272
B/traj/79/s	4600787307329151308
B/traj/79/sp_thrust	4648910705703201606
B/traj/79/v	4558137761829909582
B/traj/79/v_cmd	0
B/traj/79/v_regime	9087740570393753374
B/traj/80/nkeys	24
B/traj/80/Tt4	4654304254006535275
B/traj/80/b	4590444537066575246
B/traj/80/b_cmd	4590319791335760945
B/traj/80/branch	13126223303132988745
B/traj/80/f	4584563686828341640
B/traj/80/g	4568532617259839451
B/traj/80/ic_iters	1
B/traj/80/ic_order	15359057144970489593
B/traj/80/ic_res	0
B/traj/80/mdot_air	4603376487611529109
B/traj/80/mf	4580800320041155798
B/traj/80/mf_sched	4581598594382846673
B/traj/80/nu_hp	4605587176382886731
B/traj/80/nu_lp	4605232671741922826
B/traj/80/phi_hp	4606006985025613770
B/traj/80/phi_lp	4605392354854751944
B/traj/80/pi_hpc	4616997557929635138
B/traj/80/pi_lpc	4612153528801207371
B/traj/80/required	4568204811404531008
B/traj/80/s	4600877379321698718
B/traj/80/sp_thrust	4648938315251544192
B/traj/80/v	4557662088404351730
B/traj/80/v_cmd	0
B/traj/80/v_regime	9087740570393753374
B/traj/81/nkeys	24
B/traj/81/Tt4	4654334958028273814
B/traj/81/b	4590431165092607248
B/traj/81/b_cmd	4590288404279547601
B/traj/81/branch	13126223303132988745
B/traj/81/f	4584621704380656098
B/traj/81/g	4568520869630519998
B/traj/81/ic_iters	1
B/traj/81/ic_order	15359057144970489593
B/traj/81/ic_res	0
B/traj/81/mdot_air	4603384732309878240
B/traj/81/mf	4580842028266928598
B/traj/81/mf_sched	4581638834154954542
B/traj/81/nu_hp	4605594716339164278
B/traj/81/nu_lp	4605240831695566874
B/traj/81/phi_hp	4606002587859098672
B/traj/81/phi_lp	4605393990371697197
B/traj/81/pi_hpc	4617010705790512866
B/traj/81/pi_lpc	4612161644355526443
B/traj/81/required	4568143546766412448
B/traj/81/s	4600967451314246128
B/traj/81/sp_thrust	4648965856663975740
B/traj/81/v	4556820539603365102
B/traj/81/v_cmd	0
B/traj/81/v_regime	9087740570393753374
B/traj/82/nkeys	24
B/traj/82/Tt4	4654365541509335519
B/traj/82/b	4590415972029012109
B/traj/82/b_cmd	4590254810888864386
B/traj/82/branch	13126223303132988745
B/traj/82/f	4584671939303932068
B/traj/82/g	4568507444671534349
B/traj/82/ic_iters	1
B/traj/82/ic_order	15359057144970489593
B/traj/82/ic_res	0
B/traj/82/mdot_air	4603393232960024141
B/traj/82/mf	4580883946158909673
B/traj/82/mf_sched	4581679073927062411
B/traj/82/nu_hp	4605602354640805108
B/traj/82/nu_lp	4605249104647025773
B/traj/82/phi_hp	4605998358934626445
B/traj/82/phi_lp	4605395658629654193
B/traj/82/pi_hpc	4617023923049598540
B/traj/82/pi_lpc	4612169867421913629
B/traj/82/required	4568079011874102384
B/traj/82/s	4601057523306793538
B/traj/82/sp_thrust	4648993331794609232
B/traj/82/v	4556041642538401144
B/traj/82/v_cmd	0
B/traj/82/v_regime	9087740570393753374
B/traj/83/nkeys	24
B/traj/83/Tt4	4654396005966262292
B/traj/83/b	4590398921204038226
B/traj/83/b_cmd	4590219010959337020
B/traj/83/branch	13126223303132988745
B/traj/83/f	4584700685204729880
B/traj/83/g	4568492290524672328
B/traj/83/ic_iters	1
B/traj/83/ic_order	15359057144970489593
B/traj/83/ic_res	0
B/traj/83/mdot_air	4603401990568507376
B/traj/83/mf	4580926080199375295
B/traj/83/mf_sched	4581719313699170280
B/traj/83/nu_hp	4605610090774671719
B/traj/83/nu_lp	4605257490422102164
B/traj/83/phi_hp	4605994296021874280
B/traj/83/phi_lp	4605397356073062860
B/traj/83/pi_hpc	4617037209154920417
B/traj/83/pi_lpc	4612178200865291050
B/traj/83/required	4568011227998307640
B/traj/83/s	4601147595299340948
B/traj/83/sp_thrust	4649020742226865764
B/traj/83/v	4555336867265381819
B/traj/83/v_cmd	0
B/traj/83/v_regime	9087740570393753374
B/traj/84/nkeys	24
B/traj/84/Tt4	4654426352671766194
B/traj/84/b	4590379979421879771
B/traj/84/b_cmd	4590181004398632500
B/traj/84/branch	13126223303132988745
B/traj/84/f	4584729301112365369
B/traj/84/g	4568475357650087073
B/traj/84/ic_iters	1
B/traj/84/ic_order	15359057144970489593
B/traj/84/ic_res	0
B/traj/84/mdot_air	4603411006124251651
B/traj/84/mf	4580968436580806321
B/traj/84/mf_sched	4581759553471278149
B/traj/84/nu_hp	4605617924240618006
B/traj/84/nu_lp	4605265988863130110
B/traj/84/phi_hp	4605990397017601338
B/traj/84/phi_lp	4605399079453904524
B/traj/84/pi_hpc	4617050563565281478
B/traj/84/pi_lpc	4612186647376121884
B/traj/84/required	4567940211672885320
B/traj/84/s	4601237667291888358
B/traj/84/sp_thrust	4649048089299377692
B/traj/84/v	4554699160169281196
B/traj/84/v_cmd	0
B/traj/84/v_regime	9087740570393753374
B/traj/85/nkeys	24
B/traj/85/Tt4	4654456582679378615
B/traj/85/b	4590359116641405679
B/traj/85/b_cmd	4590140791203133537
B/traj/85/branch	13126223303132988745
B/traj/85/f	4584757787712716681
B/traj/85/g	4568456598600919619
B/traj/85/ic_iters	1
B/traj/85/ic_order	15359057144970489593
B/traj/85/ic_res	0
B/traj/85/mdot_air	4603420280602776695
B/traj/85/mf	4581011021234060122
B/traj/85/mf_sched	4581799793243386018
B/traj/85/nu_hp	4605625854550370578
B/traj/85/nu_lp	4605274599827836042
B/traj/85/phi_hp	4605986659932981930
B/traj/85/phi_lp	4605400825804826433
B/traj/85/pi_hpc	4617063985748385487
B/traj/85/pi_lpc	4612195209488259370
B/traj/85/required	4567865975049200320
B/traj/85/s	4601327739284435768
B/traj/85/sp_thrust	4649075374129657742
B/traj/85/v	4554122138874713248
B/traj/85/v_cmd	0
B/traj/85/v_regime	9087740570393753374
B/traj/86/nkeys	24
B/traj/86/Tt4	4654486696846064724
B/traj/86/b	4590336305683386846
B/traj/86/b_cmd	4590098371437539997
B/traj/86/branch	13126223303132988745
B/traj/86/f	4584786145510318425
B/traj/86/g	4568435967816452326
B/traj/86/ic_iters	1
B/traj/86/ic_order	15359057144970489593
B/traj/86/ic_res	0
B/traj/86/mdot_air	4603429814969974258
B/traj/86/mf	4581053839854226402
B/traj/86/mf_sched	4581840033015493887
B/traj/86/nu_hp	4605633881226507224
B/traj/86/nu_lp	4605283323188296614
B/traj/86/phi_hp	4605983082882094641
B/traj/86/phi_lp	4605402592414550200
B/traj/86/pi_hpc	4617077475179129601
B/traj/86/pi_lpc	4612203889595158910
B/traj/86/required	4567788526221892960
B/traj/86/s	4601417811276983178
B/traj/86/sp_thrust	4649102597635721926
B/traj/86/v	4553600028369089622
B/traj/86/v_cmd	0
B/traj/86/v_regime	9087740570393753374
B/traj/87/nkeys	24
B/traj/87/Tt4	4654516695852960907
B/traj/87/b	4590311521963768645
B/traj/87/b_cmd	4590053745217004938
B/traj/87/branch	13126223303132988745
B/traj/87/f	4584814374847510991
B/traj/87/g	4568413421432280803
B/traj/87/ic_iters	1
B/traj/87/ic_order	15359057144970489593
B/traj/87/ic_res	0
B/traj/87/mdot_air	4603439610185497625
B/traj/87/mf	4581096897924355712
B/traj/87/mf_sched	4581880272787601756
B/traj/87/nu_hp	4605642003801524619
B/traj/87/nu_lp	4605292158829986344
B/traj/87/phi_hp	4605979664071466609
B/traj/87/phi_lp	4605404376805382291
B/traj/87/pi_hpc	4617091031338047534
B/traj/87/pi_lpc	4612212689964606866
B/traj/87/required	4567707869528123424
B/traj/87/s	4601507883269530588
B/traj/87/sp_thrust	4649129760555838712
B/traj/87/v	4553115983137343353
B/traj/87/v_cmd	0
B/traj/87/v_regime	9087740570393753374
B/traj/88/nkeys	24
B/traj/88/Tt4	4654546580224381745
B/traj/88/b	4590284743250734553
B/traj/88/b_cmd	4590006912691463893
B/traj/88/branch	13126223303132988745
B/traj/88/f	4584842475922027334
B/traj/88/g	4568388917106109161
B/traj/88/ic_iters	1
B/traj/88/ic_order	15359057144970489593
B/traj/88/ic_res	0
B/traj/88/mdot_air	4603449667205809377
B/traj/88/mf	4581140200737235036
B/traj/88/mf_sched	4581920512559709625
B/traj/88/nu_hp	4605650221816987957
B/traj/88/nu_lp	4605301106650908358
B/traj/88/phi_hp	4605976401790580493
B/traj/88/phi_lp	4605406176712657564
B/traj/88/pi_hpc	4617104653709889173
B/traj/88/pi_lpc	4612221612752105198
B/traj/88/required	4567624005822228472
B/traj/88/s	4601597955262077998
B/traj/88/sp_thrust	4649156863466563064
B/traj/88/v	4552261047127537545
B/traj/88/v_cmd	0
B/traj/88/v_regime	9087740570393753374
B/traj/89/nkeys	24
B/traj/89/Tt4	4654576350345232605
B/traj/89/b	4590255949443490873
B/traj/89/b_cmd	4589957874031860056
B/traj/89/branch	13126223303132988745
B/traj/89/f	4584870448803136476
B/traj/89/g	4568362413857880658
B/traj/89/ic_iters	1
B/traj/89/ic_order	15359057144970489593
B/traj/89/ic_res	0
B/traj/89/mdot_air	4603459986986926417
B/traj/89/mf	4581183753415371468
B/traj/89/mf_sched	4581960752331817494
B/traj/89/nu_hp	4605658534822755761
B/traj/89/nu_lp	4605310166560801953
B/traj/89/phi_hp	4605973294403259562
B/traj/89/phi_lp	4605407990065958894
B/traj/89/pi_hpc	4617118341782323832
B/traj/89/pi_lpc	4612230660013037845
B/traj/89/required	4567536932727614424
B/traj/89/s	4601688027254625408
B/traj/89/sp_thrust	4649183906799200748
B/traj/89/v	4551487468965764882
B/traj/89/v_cmd	0
B/traj/89/v_regime	9087740570393753374
B/traj/90/nkeys	24
B/traj/90/Tt4	4654606006476953673
B/traj/90/b	4590225122370873230
B/traj/90/b_cmd	4589906629418009406
B/traj/90/branch	13126223303132988745
B/traj/90/f	4584898293446454426
B/traj/90/g	4568333871923055596
B/traj/90/ic_iters	1
B/traj/90/ic_order	15359057144970489593
B/traj/90/ic_res	0
B/traj/90/mdot_air	4603470570486897186
B/traj/90/mf	4581227560929332470
B/traj/90/mf_sched	4582000992103925364
B/traj/90/nu_hp	4605666942376273648
B/traj/90/nu_lp	4605319338480421122
B/traj/90/phi_hp	4605970340339853584
B/traj/90/phi_lp	4605409814971967766
B/traj/90/pi_hpc	4617132095044755893
B/traj/90/pi_lpc	4612239833713733023
B/traj/90/required	4567446644867571720
B/traj/90/s	4601778099247172818
B/traj/90/sp_thrust	4649210890854836550
B/traj/90/v	4550787506435811910
B/traj/90/v_cmd	0
B/traj/90/v_regime	9087740570393753374
B/traj/91/nkeys	24
B/traj/91/Tt4	4654635548772112333
B/traj/91/b	4590192245608033515
B/traj/91/b_cmd	4589853179027880496
B/traj/91/branch	13126223303132988745
B/traj/91/f	4584926009707525707
B/traj/91/g	4568303252617941067
B/traj/91/ic_iters	1
B/traj/91/ic_order	15359057144970489593
B/traj/91/ic_res	0
B/traj/91/mdot_air	4603481418668041229
B/traj/91/mf	4581271628114579655
B/traj/91/mf_sched	4582041231876033232
B/traj/91/nu_hp	4605675444041931324
B/traj/91/nu_lp	4605328622340878559
B/traj/91/phi_hp	4605967538090154603
B/traj/91/phi_lp	4605411649698811145
B/traj/91/pi_hpc	4617145912987242386
B/traj/91/pi_lpc	4612249135741524759
B/traj/91/required	4567353134076606992
B/traj/91/s	4601868171239720228
B/traj/91/sp_thrust	4649237815818048860
B/traj/91/v	4550154154090115588
B/traj/91/v_cmd	0
B/traj/91/v_regime	9087740570393753374
B/traj/92/nkeys	24
B/traj/92/Tt4	4654664977287751801
B/traj/92/b	4590157304309611695
B/traj/92/b_cmd	4589797523028095672
B/traj/92/branch	13126223303132988745
B/traj/92/f	4584953597354271104
B/traj/92/g	4568270518216063130
B/traj/92/ic_iters	1
B/traj/92/ic_order	15359057144970489593
B/traj/92/ic_res	0
B/traj/92/mdot_air	4603492532498978427
B/traj/92/mf	4581315959686922267
B/traj/92/mf_sched	4582081471648141102
B/traj/92/nu_hp	4605684039390477512
B/traj/92/nu_lp	4605338018083050055
B/traj/92/phi_hp	4605964886196977780
B/traj/92/phi_lp	4605413492661780326
B/traj/92/pi_hpc	4617159795099503513
B/traj/92/pi_lpc	4612258567913907471
B/traj/92/required	4567256389593760800
B/traj/92/s	4601958243232267638
B/traj/92/sp_thrust	4649264681769423078
B/traj/92/v	4549581073137016592
B/traj/92/v_cmd	0
B/traj/92/v_regime	9087740570393753374
B/traj/93/nkeys	24
B/traj/93/Tt4	4654694291997595886
B/traj/93/b	4590120285057931713
B/traj/93/b_cmd	4589739661565485726
B/traj/93/branch	13126223303132988745
B/traj/93/f	4584981056078390335
B/traj/93/g	4568235631834651933
B/traj/93/ic_iters	1
B/traj/93/ic_order	15359057144970489593
B/traj/93/ic_res	0
B/traj/93/mdot_air	4603503912956471653
B/traj/93/mf	4581360560256706534
B/traj/93/mf_sched	4582121711420248970
B/traj/93/nu_hp	4605692727998487968
B/traj/93/nu_lp	4605347525657034536
B/traj/93/phi_hp	4605962383250348214
B/traj/93/phi_lp	4605415342410306947
B/traj/93/pi_hpc	4617173740870017714
B/traj/93/pi_lpc	4612268131986868446
B/traj/93/required	4567156398239290064
B/traj/93/s	4602048315224815048
B/traj/93/sp_thrust	4649291488696966814
B/traj/93/v	4549062528000116880
B/traj/93/v_cmd	0
B/traj/93/v_regime	9087740570393753374
B/traj/94/nkeys	24
B/traj/94/Tt4	4654723492803202193
B/traj/94/b	4590081175724884695
B/traj/94/b_cmd	4589679594759551108
B/traj/94/branch	13126223303132988745
B/traj/94/f	4585008385505801986
B/traj/94/g	4568198557330384099
B/traj/94/ic_iters	1
B/traj/94/ic_order	15359057144970489593
B/traj/94/ic_res	0
B/traj/94/mdot_air	4603515561027103888
B/traj/94/mf	4581405434341847884
B/traj/94/mf_sched	4582161951192356840
B/traj/94/nu_hp	4605701509447882110
B/traj/94/nu_lp	4605357145021665349
B/traj/94/phi_hp	4605960027882239427
B/traj/94/phi_lp	4605417197616090153
B/traj/94/pi_hpc	4617187749785193848
B/traj/94/pi_lpc	4612277829662475268
B/traj/94/required	4567053144575995176
B/traj/94/s	4602138387217362458
B/traj/94/sp_thrust	4649318236506521354
B/traj/94/v	4548551034185413813
B/traj/94/v_cmd	0
B/traj/94/v_regime	9087740570393753374
B/traj/95/nkeys	24
B/traj/95/Tt4	4654752579544148847
B/traj/95/b	4590039965346277018
B/traj/95/b_cmd	4589617322695704779
B/traj/95/branch	13126223303132988745
B/traj/95/f	4585035585206196659
B/traj/95/g	4568159259203595318
B/traj/95/ic_iters	1
B/traj/95/ic_order	15359057144970489593
B/traj/95/ic_res	0
B/traj/95/mdot_air	4603527477708808719
B/traj/95/mf	4581450586379804349
B/traj/95/mf_sched	4582202190964464708
B/traj/95/nu_hp	4605710383325484144
B/traj/95/nu_lp	4605366876144068713
B/traj/95/phi_hp	4605957818761814242
B/traj/95/phi_lp	4605419057062277351
B/traj/95/pi_hpc	4617201821328613790
B/traj/95/pi_lpc	4612287662595788028
B/traj/95/required	4566946611056374584
B/traj/95/s	4602228459209909868
B/traj/95/sp_thrust	4649344925031255836
B/traj/95/v	4547701936330706355
B/traj/95/v_cmd	0
B/traj/95/v_regime	9087740570393753374
B/traj/96/nkeys	24
B/traj/96/Tt4	4654781552007333517
B/traj/96/b	4589996644007525956
B/traj/96/b_cmd	4589552845419185235
B/traj/96/branch	13126223303132988745
B/traj/96/f	4585062654701774017
B/traj/96/g	4568117702510239288
B/traj/96/ic_iters	1
B/traj/96/ic_order	15359057144970489593
B/traj/96/ic_res	0
B/traj/96/mdot_air	4603539664012270541
B/traj/96/mf	4581496020738581723
B/traj/96/mf_sched	4582242430736572578
B/traj/96/nu_hp	4605719349222624925
B/traj/96/nu_lp	4605376718999265563
B/traj/96/phi_hp	4605955754591122731
B/traj/96/phi_lp	4605420919633608482
B/traj/96/pi_hpc	4617215954980339275
B/traj/96/pi_lpc	4612297632401159609
B/traj/96/required	4566836778156714744
B/traj/96/s	4602318531202457278
B/traj/96/sp_thrust	4649371554040323457
B/traj/96/v	4546933640750597496
B/traj/96/v_cmd	0
B/traj/96/v_regime	9087740570393753374
B/traj/97/nkeys	24
B/traj/97/Tt4	4654810409935456916
B/traj/97/b	4589951202739682194
B/traj/97/b_cmd	4589486162929546726
B/traj/97/branch	13126223303132988745
B/traj/97/f	4585089593475228493
B/traj/97/g	4568073852780927727
B/traj/97/ic_iters	1
B/traj/97/ic_order	15359057144970489593
B/traj/97/ic_res	0
B/traj/97/mdot_air	4603552120962209487
B/traj/97/mf	4581541741726853536
B/traj/97/mf_sched	4582282670508680446
B/traj/97/nu_hp	4605728406734781075
B/traj/97/nu_lp	4605386673569813294
B/traj/97/phi_hp	4605953834101216168
B/traj/97/phi_lp	4605422784307441366
B/traj/97/pi_hpc	4617230150216277559
B/traj/97/pi_lpc	4612307740657981524
B/traj/97/required	4566723624499135232
B/traj/97/s	4602408603195004688
B/traj/97/sp_thrust	4649398123246752041
B/traj/97/v	4546238458098630746
B/traj/97/v_cmd	0
B/traj/97/v_regime	9087740570393753374
B/traj/98/nkeys	24
B/traj/98/Tt4	4654839153034757875
B/traj/98/b	4589903633424847283
B/traj/98/b_cmd	4589417275175644123
B/traj/98/branch	13126223303132988745
B/traj/98/f	4585116400977044142
B/traj/98/g	4568027675946440219
B/traj/98/ic_iters	1
B/traj/98/ic_order	15359057144970489593
B/traj/98/ic_res	0
B/traj/98/mdot_air	4603564849598563892
B/traj/98/mf	4581587753603272345
B/traj/98/mf_sched	4582322910280788316
B/traj/98/nu_hp	4605737555461248181
B/traj/98/nu_lp	4605396739845484179
B/traj/98/phi_hp	4605952056048639207
B/traj/98/phi_lp	4605424650145581728
B/traj/98/pi_hpc	4617244406507600931
B/traj/98/pi_lpc	4612317988915927367
B/traj/98/required	4566564231771382448
B/traj/98/s	4602498675187552098
B/traj/98/sp_thrust	4649424632314635606
B/traj/98/v	4545609430765781782
B/traj/98/v_cmd	0
B/traj/98/v_regime	9087740570393753374
B/traj/99/nkeys	24
B/traj/99/Tt4	4654867780982061189
B/traj/99/b	4589853928710135532
B/traj/99/b_cmd	4589346182051040236
B/traj/99/branch	13126223303132988745
B/traj/99/f	4585143076632153817
B/traj/99/g	4567979138269142547
B/traj/99/ic_iters	1
B/traj/99/ic_order	15359057144970489593
B/traj/99/ic_res	0
B/traj/99/mdot_air	4603577850977582150
B/traj/99/mf	4581634060585042422
B/traj/99/mf_sched	4582363150052896184
B/traj/99/nu_hp	4605746795004845151
B/traj/99/nu_lp	4605406917822977490
B/traj/99/phi_hp	4605950419212266102
B/traj/99/phi_lp	4605426516286848386
B/traj/99/pi_hpc	4617258723320215434
B/traj/99/pi_lpc	4612328378699741192
B/traj/99/required	4566324499412922800
B/traj/99/s	4602588747180099508
B/traj/99/sp_thrust	4649451080865687312
B/traj/99/v	4545040263246495057
B/traj/99/v_cmd	0
B/traj/99/v_regime	9087740570393753374
B/traj/100/nkeys	24
B/traj/100/Tt4	4654896293431195033
B/traj/100/b	4589802081929404489
B/traj/100/b_cmd	4589272883389776273
B/traj/100/branch	13126223303132988745
B/traj/100/f	4585169619846014092
B/traj/100/g	4567928206279798124
B/traj/100/ic_iters	1
B/traj/100/ic_order	15359057144970489593
B/traj/100/ic_res	0
B/traj/100/mdot_air	4603591126172834155
B/traj/100/mf	4581680666855818342
B/traj/100/mf_sched	4582403389825004051
B/traj/100/nu_hp	4605756124971647056
B/traj/100/nu_lp	4605417207505662582
B/traj/100/phi_hp	4605948922390449568
B/traj/100/phi_lp	4605428381940309279
B/traj/100/pi_hpc	4617273100114274856
B/traj/100/pi_lpc	4612338911513613674
B/traj/100/required	4566077977139611952
B/traj/100/s	4602678819172646915
B/traj/100/sp_thrust	4649477468485209632
B/traj/100/v	4544525259131262455
B/traj/100/v_cmd	0
B/traj/100/v_regime	9087740570393753374
B/traj/101/nkeys	24
B/traj/101/Tt4	4654885700581460262
B/traj/101/b	4589742898407359658
B/traj/101/b_cmd	4589014723379841763
B/traj/101/branch	13126223303132988745
B/traj/101/f	4585156658947497615
B/traj/101/g	4567869771155415368
B/traj/101/ic_iters	1
B/traj/101/ic_order	15359057144970489593
B/traj/101/ic_res	0
B/traj/101/mdot_air	4603611761563442491
B/traj/101/mf	4581687971246366186
B/traj/101/mf_sched	4582403389825004051
B/traj/101/nu_hp	4605765465311573154
B/traj/101/nu_lp	4605427518789822809
B/traj/101/phi_hp	4605959694708893820
B/traj/101/phi_lp	4605439241488232257
B/traj/101/pi_hpc	4617280339472715894
B/traj/101/pi_lpc	4612347597396458088
B/traj/101/required	4565222273767000240
B/traj/101/s	4602723855168920620
B/traj/101/sp_thrust	4649475293547665148
B/traj/101/v	4543986504173460888
B/traj/101/v_cmd	0
B/traj/101/v_regime	9087740570393753374
B/traj/102/nkeys	24
B/traj/102/Tt4	4654876570305039384
B/traj/102/b	4589672323833296634
B/traj/102/b_cmd	4588661811107320144
B/traj/102/branch	13126223303132988745
B/traj/102/f	4585145169495960096
B/traj/102/g	4567799812420842684
B/traj/102/ic_iters	1
B/traj/102/ic_order	15359057144970489593
B/traj/102/ic_res	0
B/traj/102/mdot_air	4603632194756111990
B/traj/102/mf	4581696716088187772
B/traj/102/mf_sched	4582403389825004051
B/traj/102/nu_hp	4605774740345269147
B/traj/102/nu_lp	4605437768187988312
B/traj/102/phi_hp	4605969931581026981
B/traj/102/phi_lp	4605448589433327178
B/traj/102/pi_hpc	4617287654559318892
B/traj/102/pi_lpc	4612356544123129368
B/traj/102/required	4564436278975660448
B/traj/102/s	4602768891165194325
B/traj/102/sp_thrust	4649474156970264969
B/traj/102/v	4543143204606476256
B/traj/102/v_cmd	0
B/traj/102/v_regime	9087740570393753374
B/traj/103/nkeys	24
B/traj/103/Tt4	4654868709854246511
B/traj/103/b	4589591891733787119
B/traj/103/b_cmd	4588317733229422263
B/traj/103/branch	13126223303132988745
B/traj/103/f	4585134957193676721
B/traj/103/g	4567719776651433856
B/traj/103/ic_iters	1
B/traj/103/ic_order	15359057144970489593
B/traj/103/ic_res	0
B/traj/103/mdot_air	4603652456447764112
B/traj/103/mf	4581706720559363875
B/traj/103/mf_sched	4582403389825004051
B/traj/103/nu_hp	4605783955625206390
B/traj/103/nu_lp	4605447964636220578
B/traj/103/phi_hp	4605979699127369551
B/traj/103/phi_lp	4605456625495069757
B/traj/103/pi_hpc	4617295030963268324
B/traj/103/pi_lpc	4612365723770335429
B/traj/103/required	4563711213105775360
B/traj/103/s	4602813927161468030
B/traj/103/sp_thrust	4649473919596442814
B/traj/103/v	4542380155534534799
B/traj/103/v_cmd	0
B/traj/103/v_regime	9087740570393753374
B/traj/104/nkeys	24
B/traj/104/Tt4	4654861952017976579
B/traj/104/b	4589502932964691743
B/traj/104/b_cmd	4587981375192377517
B/traj/104/branch	13126223303132988745
B/traj/104/f	4585125853635027018
B/traj/104/g	4567630927868286435
B/traj/104/ic_iters	1
B/traj/104/ic_order	15359057144970489593
B/traj/104/ic_res	0
B/traj/104/mdot_air	4603672573086218791
B/traj/104/mf	4581717826657257303
B/traj/104/mf_sched	4582403389825004051
B/traj/104/nu_hp	4605793115977026219
B/traj/104/nu_lp	4605458115886653663
B/traj/104/phi_hp	4605989054960625827
B/traj/104/phi_lp	4605463523749155428
B/traj/104/pi_hpc	4617302456051999323
B/traj/104/pi_lpc	4612375111635564208
B/traj/104/required	4563039343172579776
B/traj/104/s	4602858963157741735
B/traj/104/sp_thrust	4649474460368620962
B/traj/104/v	4541689720119901971
B/traj/104/v_cmd	0
B/traj/104/v_regime	9087740570393753374
B/traj/105/nkeys	24
B/traj/105/Tt4	4654856151774325522
B/traj/105/b	4589406602217699079
B/traj/105/b_cmd	4587651764729441126
B/traj/105/branch	13126223303132988745
B/traj/105/f	4585117712876392518
B/traj/105/g	4567534369743770337
B/traj/105/ic_iters	1
B/traj/105/ic_order	15359057144970489593
B/traj/105/ic_res	0
B/traj/105/mdot_air	4603692567474474847
B/traj/105/mf	4581729896422821815
B/traj/105/mf_sched	4582403389825004051
B/traj/105/nu_hp	4605802225593887832
B/traj/105/nu_lp	4605468228660622725
B/traj/105/phi_hp	4605998049238359600
B/traj/105/phi_lp	4605469435743406509
B/traj/105/pi_hpc	4617309918762639010
B/traj/105/pi_lpc	4612384685929936651
B/traj/105/required	4562413870670385600
B/traj/105/s	4602903999154015440
B/traj/105/sp_thrust	4649475674042216530
B/traj/105/v	4541064988265414139
B/traj/105/v_cmd	0
B/traj/105/v_regime	9087740570393753374
B/traj/106/nkeys	24
B/traj/106/Tt4	4654851183373290027
B/traj/106/b	4589303901124196090
B/traj/106/b_cmd	4587328054398767221
B/traj/106/branch	13126223303132988745
B/traj/106/f	4585110408455630332
B/traj/106/g	4567431065311578444
B/traj/106/ic_iters	1
B/traj/106/ic_order	15359057144970489593
B/traj/106/ic_res	0
B/traj/106/mdot_air	4603712459285186639
B/traj/106/mf	4581742809476845802
B/traj/106/mf_sched	4582403389825004051
B/traj/106/nu_hp	4605811288118801170
B/traj/106/nu_lp	4605478308782446586
B/traj/106/phi_hp	4606006725596116442
B/traj/106/phi_lp	4605474493280351882
B/traj/106/pi_hpc	4617317409415425778
B/traj/106/pi_lpc	4612394427482651165
B/traj/106/required	4561511233759585664
B/traj/106/s	4602949035150289145
B/traj/106/sp_thrust	4649477469172387039
B/traj/106/v	4540499707456029005
B/traj/106/v_cmd	0
B/traj/106/v_regime	9087740570393753374
B/traj/107/nkeys	24
B/traj/107/Tt4	4654846937796295971
B/traj/107/b	4589195698377907516
B/traj/107/b_cmd	4587009506087609283
B/traj/107/branch	13126223303132988745
B/traj/107/f	4585103830803238658
B/traj/107/g	4567321854409417375
B/traj/107/ic_iters	1
B/traj/107/ic_order	15359057144970489593
B/traj/107/ic_res	0
B/traj/107/mdot_air	4603732265499438530
B/traj/107/mf	4581756460839615935
B/traj/107/mf_sched	4582403389825004051
B/traj/107/nu_hp	4605820306716418735
B/traj/107/nu_lp	4605488361296196349
B/traj/107/phi_hp	4606015121971859449
B/traj/107/phi_lp	4605478810889968977
B/traj/107/pi_hpc	4617324919547392872
B/traj/107/pi_lpc	4612404319462418196
B/traj/107/required	4560411547006621664
B/traj/107/s	4602994071146562850
B/traj/107/sp_thrust	4649479766344896444
B/traj/107/v	4539988220181666984
B/traj/107/v_cmd	0
B/traj/107/v_regime	9087740570393753374
B/traj/108/nkeys	24
B/traj/108/Tt4	4654843320545437373
B/traj/108/b	4588997474208080160
B/traj/108/b_cmd	4586695477306880778
B/traj/108/branch	13126223303132988745
B/traj/108/f	4585097884994566629
B/traj/108/g	4567207469075910666
B/traj/108/ic_iters	1
B/traj/108/ic_order	15359057144970489593
B/traj/108/ic_res	0
B/traj/108/mdot_air	4603752000781583632
B/traj/108/mf	4581770759006304274
B/traj/108/mf_sched	4582403389825004051
B/traj/108/nu_hp	4605829284135593710
B/traj/108/nu_lp	4605498390567530050
B/traj/108/phi_hp	4606023271332332794
B/traj/108/phi_lp	4605482488018089274
B/traj/108/pi_hpc	4617332441764578931
B/traj/108/pi_lpc	4612414347118958346
B/traj/108/required	4559373099148481824
B/traj/108/s	4603039107142836555
B/traj/108/sp_thrust	4649482496624488926
B/traj/108/v	4539422390240642910
B/traj/108/v_cmd	0
B/traj/108/v_regime	9087740570393753374
B/traj/109/nkeys	24
B/traj/109/Tt4	4654840249720839513
B/traj/109/b	4588763381351458578
B/traj/109/b_cmd	4586385409103298989
B/traj/109/branch	13126223303132988745
B/traj/109/f	4585092488798794464
B/traj/109/g	4567088547112174539
B/traj/109/ic_iters	1
B/traj/109/ic_order	15359057144970489593
B/traj/109/ic_res	0
B/traj/109/mdot_air	4603771677799975608
B/traj/109/mf	4581785624251771290
B/traj/109/mf_sched	4582403389825004051
B/traj/109/nu_hp	4605838222763860203
B/traj/109/nu_lp	4605508400372440536
B/traj/109/phi_hp	4606031202311475983
B/traj/109/phi_lp	4605485610956492265
B/traj/109/pi_hpc	4617339969611058964
B/traj/109/pi_lpc	4612424497545979741
B/traj/109/required	4558387879116960576
B/traj/109/s	4603084143139110260
B/traj/109/sp_thrust	4649485600196303218
B/traj/109/v	4538584849366250424
B/traj/109/v_cmd	0
B/traj/109/v_regime	9087740570393753374
B/traj/110/nkeys	24
B/traj/110/Tt4	4654837654349523962
B/traj/110/b	4588522230177166662
B/traj/110/b_cmd	4586078815423763585
B/traj/110/branch	13126223303132988745
B/traj/110/f	4585087570986015540
B/traj/110/g	4566965644004674317
B/traj/110/ic_iters	1
B/traj/110/ic_order	15359057144970489593
B/traj/110/ic_res	0
B/traj/110/mdot_air	4603791307501815849
B/traj/110/mf	4581800987140208817
B/traj/110/mf_sched	4582403389825004051
B/traj/110/nu_hp	4605847124674854711
B/traj/110/nu_lp	4605518393974551231
B/traj/110/phi_hp	4606038939770374517
B/traj/110/phi_lp	4605488254540226024
B/traj/110/pi_hpc	4617347497453155320
B/traj/110/pi_lpc	4612434759465896671
B/traj/110/required	4557254949942391488
B/traj/110/s	4603129179135383965
B/traj/110/sp_thrust	4649489025178038764
B/traj/110/v	4537827010975317312
B/traj/110/v_cmd	0
B/traj/110/v_regime	9087740570393753374
B/traj/111/nkeys	24
B/traj/111/Tt4	4654835472933591301
B/traj/111/b	4588275002106555047
B/traj/111/b_cmd	4585775273776690376
B/traj/111/branch	13126223303132988745
B/traj/111/f	4585083069858678204
B/traj/111/g	4566839243390697995
B/traj/111/ic_iters	1
B/traj/111/ic_order	15359057144970489593
B/traj/111/ic_res	0
B/traj/111/mdot_air	4603810899349008160
B/traj/111/mf	4581816787216955858
B/traj/111/mf_sched	4582403389825004051
B/traj/111/nu_hp	4605855991669575278
B/traj/111/nu_lp	4605528374192402125
B/traj/111/phi_hp	4606046505287512498
B/traj/111/phi_lp	4605490483636544799
B/traj/111/pi_hpc	4617355020377279665
B/traj/111/pi_lpc	4612445123035773766
B/traj/111/required	4555457193842645056
B/traj/111/s	4603174215131657670
B/traj/111/sp_thrust	4649492726582724769
B/traj/111/v	4537141290380261373
B/traj/111/v_cmd	0
B/traj/111/v_regime	9087740570393753374
B/traj/112/nkeys	24
B/traj/112/Tt4	4654833652189487378
B/traj/112/b	4588022547700882695
B/traj/112/b_cmd	4585474417046556846
B/traj/112/branch	13126223303132988745
B/traj/112/f	4585078931977966810
B/traj/112/g	4566709766232027546
B/traj/112/ic_iters	1
B/traj/112/ic_order	15359057144970489593
B/traj/112/ic_res	0
B/traj/112/mdot_air	4603830461520811385
B/traj/112/mf	4581832971861789664
B/traj/112/mf_sched	4582403389825004051
B/traj/112/nu_hp	4605864825312265422
B/traj/112/nu_lp	4605538343457995524
B/traj/112/phi_hp	4606053917587341171
B/traj/112/phi_lp	4605492354448306318
B/traj/112/pi_hpc	4617362534099962455
B/traj/112/pi_lpc	4612455579673478856
B/traj/112/required	4553728999231893632
B/traj/112/s	4603219251127931375
B/traj/112/sp_thrust	4649496665413992242
B/traj/112/v	4536520824671332444
B/traj/112/v_cmd	0
B/traj/112/v_regime	9087740570393753374
B/traj/113/nkeys	24
B/traj/113/Tt4	4654832145953624814
B/traj/113/b	4587765604029819127
B/traj/113/b_cmd	4585175926330076273
B/traj/113/branch	13126223303132988745
B/traj/113/f	4585075111059489822
B/traj/113/g	4566505135539901467
B/traj/113/ic_iters	1
B/traj/113/ic_order	15359057144970489593
B/traj/113/ic_res	0
B/traj/113/mdot_air	4603850001088165826
B/traj/113/mf	4581849495284944081
B/traj/113/mf_sched	4582403389825004051
B/traj/113/nu_hp	4605873626961612733
B/traj/113/nu_lp	4605548303867716678
B/traj/113/phi_hp	4606061192914425485
B/traj/113/phi_lp	4605493915652906739
B/traj/113/pi_hpc	4617370034888739393
B/traj/113/pi_lpc	4612466121902727297
B/traj/113/required	4550982902487299456
B/traj/113/s	4603264287124205080
B/traj/113/sp_thrust	4649500807877676099
B/traj/113/v	4535959404030429465
B/traj/113/v_cmd	0
B/traj/113/v_regime	9087740570393753374
B/traj/114/nkeys	24
B/traj/114/Tt4	4654830914232731874
B/traj/114/b	4587504809749938801
B/traj/114/b_cmd	4584879524674628652
B/traj/114/branch	13126223303132988745
B/traj/114/f	4585071567015958055
B/traj/114/g	4566235977715273636
B/traj/114/ic_iters	1
B/traj/114/ic_order	15359057144970489593
B/traj/114/ic_res	0
B/traj/114/mdot_air	4603869524163809959
B/traj/114/mf	4581866317648983321
B/traj/114/mf_sched	4582403389825004051
B/traj/114/nu_hp	4605882397797866013
B/traj/114/nu_lp	4605558257226607089
B/traj/114/phi_hp	4606068345359703448
B/traj/114/phi_lp	4605495209395981967
B/traj/114/pi_hpc	4617377519492679287
B/traj/114/pi_lpc	4612476743215543801
B/traj/114/required	4546867032731442688
B/traj/114/s	4603309323120478785
B/traj/114/sp_thrust	4649505124695360870
B/traj/114/v	4535451409581266416
B/traj/114/v_cmd	0
B/traj/114/v_regime	9087740570393753374
B/traj/115/nkeys	24
B/traj/115/Tt4	4654829922380036937
B/traj/115/b	4587240718191697816
B/traj/115/b_cmd	4584505522559694430
B/traj/115/branch	13126223303132988745
B/traj/115/f	4585068265127435596
B/traj/115/g	4565962591276146777
B/traj/115/ic_iters	1
B/traj/115/ic_order	15359057144970489593
B/traj/115/ic_res	0
B/traj/115/mdot_air	4603889036031670606
B/traj/115/mf	4581883404301428749
B/traj/115/mf_sched	4582403389825004051
B/traj/115/nu_hp	4605891138846398896
B/traj/115/nu_lp	4605568205086846622
B/traj/115/phi_hp	4606075387144703421
B/traj/115/phi_lp	4605496272157257766
B/traj/115/pi_hpc	4617384985081450571
B/traj/115/pi_lpc	4612487437950611060
B/traj/115/required	4533763998261790720
B/traj/115/s	4603354359116752490
B/traj/115/sp_thrust	4649509590507121048
B/traj/115/v	4534858689545654218
B/traj/115/v_cmd	0
B/traj/115/v_regime	9087740570393753374
B/traj/116/nkeys	24
B/traj/116/Tt4	4654828867596418893
B/traj/116/b	4586973762352258482
B/traj/116/b_cmd	4583916647410566829
B/traj/116/branch	13126223303132988745
B/traj/116/f	4585064900563240174
B/traj/116/g	4565690157821151200
B/traj/116/ic_iters	1
B/traj/116/ic_order	15359057144970489593
B/traj/116/ic_res	0
B/traj/116/mdot_air	4603908592750160316
B/traj/116/mf	4581900431392365973
B/traj/116/mf_sched	4582403389825004051
B/traj/116/nu_hp	4605899850640382652
B/traj/116/nu_lp	4605578148375188164
B/traj/116/phi_hp	4606082414347050636
B/traj/116/phi_lp	4605497199192333029
B/traj/116/pi_hpc	4617392376480019264
B/traj/116/pi_lpc	4612498186316736344
B/traj/116/required	0
B/traj/116/s	4603399395113026195
B/traj/116/sp_thrust	4649513982181037434
B/traj/116/v	4534026868039108948
B/traj/116/v_cmd	0
B/traj/116/v_regime	9087740570393753374
B/traj/117/nkeys	24
B/traj/117/Tt4	4654827310189504537
B/traj/117/b	4586704082369048483
B/traj/117/b_cmd	4583323130361646229
B/traj/117/branch	13126223303132988745
B/traj/117/f	4585061030892500597
B/traj/117/g	4565426334804418305
B/traj/117/ic_iters	1
B/traj/117/ic_order	15359057144970489593
B/traj/117/ic_res	0
B/traj/117/mdot_air	4603928274732532692
B/traj/117/mf	4581916920330911779
B/traj/117/mf_sched	4582403389825004051
B/traj/117/nu_hp	4605908531740162493
B/traj/117/nu_lp	4605588085732815346
B/traj/117/phi_hp	4606089564210037066
B/traj/117/phi_lp	4605498102333774381
B/traj/117/pi_hpc	4617399608288200808
B/traj/117/pi_lpc	4612508961860420606
B/traj/117/required	0
B/traj/117/s	4603444431109299900
B/traj/117/sp_thrust	4649517974723212454
B/traj/117/v	4533274204746680292
B/traj/117/v_cmd	0
B/traj/117/v_regime	9087740570393753374
B/traj/118/nkeys	24
B/traj/118/Tt4	4654825257441760997
B/traj/118/b	4586431716781213994
B/traj/118/b_cmd	4582725187247150344
B/traj/118/branch	13126223303132988745
B/traj/118/f	4585056664124783141
B/traj/118/g	4565171160934866541
B/traj/118/ic_iters	1
B/traj/118/ic_order	15359057144970489593
B/traj/118/ic_res	0
B/traj/118/mdot_air	4603948076697770458
B/traj/118/mf	4581932868697758764
B/traj/118/mf_sched	4582403389825004051
B/traj/118/nu_hp	4605917179944145447
B/traj/118/nu_lp	4605598014923238217
B/traj/118/phi_hp	4606096832667432969
B/traj/118/phi_lp	4605498978759370269
B/traj/118/pi_hpc	4617406678824507850
B/traj/118/pi_lpc	4612519762883935009
B/traj/118/required	0
B/traj/118/s	4603489467105573605
B/traj/118/sp_thrust	4649521572095642395
B/traj/118/v	4532593166774817378
B/traj/118/v_cmd	0
B/traj/118/v_regime	9087740570393753374
B/traj/119/nkeys	24
B/traj/119/Tt4	4654822735025021469
B/traj/119/b	4586156720699661969
B/traj/119/b_cmd	4582123234452774273
B/traj/119/branch	13126223303132988745
B/traj/119/f	4585051826792472786
B/traj/119/g	4564924352659726756
B/traj/119/ic_iters	1
B/traj/119/ic_order	15359057144970489593
B/traj/119/ic_res	0
B/traj/119/mdot_air	4603967989899015584
B/traj/119/mf	4581948294214955001
B/traj/119/mf_sched	4582403389825004051
B/traj/119/nu_hp	4605925793153948926
B/traj/119/nu_lp	4605607933819805143
B/traj/119/phi_hp	4606104210006619142
B/traj/119/phi_lp	4605499822106990544
B/traj/119/pi_hpc	4617413590154546833
B/traj/119/pi_lpc	4612530588602913708
B/traj/119/required	0
B/traj/119/s	4603534503101847310
B/traj/119/sp_thrust	4649524791862633244
B/traj/119/v	4531976938078951869
B/traj/119/v_cmd	0
B/traj/119/v_regime	9087740570393753374
B/traj/120/nkeys	24
B/traj/120/Tt4	4654819767658217551
B/traj/120/b	4585879163391081003
B/traj/120/b_cmd	4581517671440967046
B/traj/120/branch	13126223303132988745
B/traj/120/f	4585046544460880760
B/traj/120/g	4564685635722195192
B/traj/120/ic_iters	1
B/traj/120/ic_order	15359057144970489593
B/traj/120/ic_res	0
B/traj/120/mdot_air	4603988005804495398
B/traj/120/mf	4581963214023550724
B/traj/120/mf_sched	4582403389825004051
B/traj/120/nu_hp	4605934369370988415
B/traj/120/nu_lp	4605617840399779074
B/traj/120/phi_hp	4606111686943802797
B/traj/120/phi_lp	4605500627056443656
B/traj/120/pi_hpc	4617420344391393227
B/traj/120/pi_lpc	4612541438103688313
B/traj/120/required	0
B/traj/120/s	4603579539098121015
B/traj/120/sp_thrust	4649527650943369410
B/traj/120/v	4531419351246356662
B/traj/120/v_cmd	0
B/traj/120/v_regime	9087740570393753374
B/traj/121/nkeys	24
B/traj/121/Tt4	4654816379129536224
B/traj/121/b	4585599126140936816
B/traj/121/b_cmd	4580908881380478962
B/traj/121/branch	13126223303132988745
B/traj/121/f	4585040841747813172
B/traj/121/g	4564454744856675494
B/traj/121/ic_iters	1
B/traj/121/ic_order	15359057144970489593
B/traj/121/ic_res	0
B/traj/121/mdot_air	4604008116098886714
B/traj/121/mf	4581977644702645705
B/traj/121/mf_sched	4582403389825004051
B/traj/121/nu_hp	4605942906693158986
B/traj/121/nu_lp	4605627732738842403
B/traj/121/phi_hp	4606119254607755632
B/traj/121/phi_lp	4605501389212113784
B/traj/121/pi_hpc	4617426943687231534
B/traj/121/pi_lpc	4612552310361123971
B/traj/121/required	0
B/traj/121/s	4603624575094394720
B/traj/121/sp_thrust	4649530165630897776
B/traj/121/v	4530914825770718296
B/traj/121/v_cmd	0
B/traj/121/v_regime	9087740570393753374
B/traj/122/nkeys	24
B/traj/122/Tt4	4654812592319200628
B/traj/122/b	4585316700349201627
B/traj/122/b_cmd	4580297231751950366
B/traj/122/branch	13126223303132988745
B/traj/122/f	4585034742344161574
B/traj/122/g	4564231423494011873
B/traj/122/ic_iters	1
B/traj/122/ic_order	15359057144970489593
B/traj/122/ic_res	0
B/traj/122/mdot_air	4604028312683867307
B/traj/122/mf	4581991602287812181
B/traj/122/mf_sched	4582403389825004051
B/traj/122/nu_hp	4605951403311602086
B/traj/122/nu_lp	4605637609005965672
B/traj/122/phi_hp	4606126904524087241
B/traj/122/phi_lp	4605502104997431887
B/traj/122/pi_hpc	4617433390225796126
B/traj/122/pi_lpc	4612563204254640858
B/traj/122/required	0
B/traj/122/s	4603669611090668425
B/traj/122/sp_thrust	4649532351610884404
B/traj/122/v	4530295399266591756
B/traj/122/v_cmd	0
B/traj/122/v_regime	9087740570393753374
B/traj/123/nkeys	24
B/traj/123/Tt4	4654808429222728962
B/traj/123/b	4585031985835553334
B/traj/123/b_cmd	4579205328825207445
B/traj/123/branch	13126223303132988745
B/traj/123/f	4585028269035330146
B/traj/123/g	4564015423476385877
B/traj/123/ic_iters	1
B/traj/123/ic_order	15359057144970489593
B/traj/123/ic_res	0
B/traj/123/mdot_air	4604048587677959784
B/traj/123/mf	4582005102288913806
B/traj/123/mf_sched	4582403389825004051
B/traj/123/nu_hp	4605959857507557263
B/traj/123/nu_lp	4605647467458611556
B/traj/123/phi_hp	4606134628600041848
B/traj/123/phi_lp	4605502771560031739
B/traj/123/pi_hpc	4617439686215541030
B/traj/123/pi_lpc	4612574118582598484
B/traj/123/required	0
B/traj/123/s	4603714647086942130
B/traj/123/sp_thrust	4649534223980117994
B/traj/123/v	4529469258071688123
B/traj/123/v_cmd	0
B/traj/123/v_regime	9087740570393753374
B/traj/124/nkeys	24
B/traj/124/Tt4	4654803910974540626
B/traj/124/b	4584745089333039088
B/traj/124/b_cmd	4577972676456711600
B/traj/124/branch	13126223303132988745
B/traj/124/f	4585021443723332240
B/traj/124/g	4563806504781559952
B/traj/124/ic_iters	1
B/traj/124/ic_order	15359057144970489593
B/traj/124/ic_res	0
B/traj/124/mdot_air	4604068933415759641
B/traj/124/mf	4582018159707340426
B/traj/124/mf_sched	4582403389825004051
B/traj/124/nu_hp	4605968267649298292
B/traj/124/nu_lp	4605657306438247987
B/traj/124/phi_hp	4606142419109806408
B/traj/124/phi_lp	4605503386686554367
B/traj/124/pi_hpc	4617445833883473473
B/traj/124/pi_lpc	4612585052075201593
B/traj/124/required	0
B/traj/124/s	4603759683083215835
B/traj/124/sp_thrust	4649535797264736959
B/traj/124/v	4528721734538244507
B/traj/124/v_cmd	0
B/traj/124/v_regime	9087740570393753374
B/traj/125/nkeys	24
B/traj/125/Tt4	4654799057871792038
B/traj/125/b	4584247825639315592
B/traj/125/b_cmd	4576736333011543050
B/traj/125/branch	13126223303132988745
B/traj/125/f	4585014287449405452
B/traj/125/g	4563604435256161381
B/traj/125/ic_iters	1
B/traj/125/ic_order	15359057144970489593
B/traj/125/ic_res	0
B/traj/125/mdot_air	4604089342446628991
B/traj/125/mf	4582030789052677837
B/traj/125/mf_sched	4582403389825004051
B/traj/125/nu_hp	4605976632189152937
B/traj/125/nu_lp	4605667124366146518
B/traj/125/phi_hp	4606150268680317451
B/traj/125/phi_lp	4605503948726164867
B/traj/125/pi_hpc	4617451835469592524
B/traj/125/pi_lpc	4612596003406070457
B/traj/125/required	0
B/traj/125/s	4603804719079489540
B/traj/125/sp_thrust	4649537085438159828
B/traj/125/v	4528045347213052219
B/traj/125/v_cmd	0
B/traj/125/v_regime	9087740570393753374
B/traj/126/nkeys	24
B/traj/126/Tt4	4654793889398336980
B/traj/126/b	4583665987320477248
B/traj/126/b_cmd	4575336616922198551
B/traj/126/branch	13126223303132988745
B/traj/126/f	4585006820417009543
B/traj/126/g	4563408990357710212
B/traj/126/ic_iters	1
B/traj/126/ic_order	15359057144970489593
B/traj/126/ic_res	0
B/traj/126/mdot_air	4604109807532927189
B/traj/126/mf	4582043004358831035
B/traj/126/mf_sched	4582403389825004051
B/traj/126/nu_hp	4605984949660605468
B/traj/126/nu_lp	4605676919739444067
B/traj/126/phi_hp	4606158170277554074
B/traj/126/phi_lp	4605504456521935836
B/traj/126/pi_hpc	4617457693221879463
B/traj/126/pi_lpc	4612606971202603770
B/traj/126/required	0
B/traj/126/s	4603849755075763245
B/traj/126/sp_thrust	4649538101938701131
B/traj/126/v	4527433326596693542
B/traj/126/v_cmd	0
B/traj/126/v_regime	9087740570393753374
B/traj/127/nkeys	24
B/traj/127/Tt4	4654788424248717310
B/traj/127/b	4583080483138859351
B/traj/127/b_cmd	4572852837830109161
B/traj/127/branch	13126223303132988745
B/traj/127/f	4584999062015085267
B/traj/127/g	4563219952905104516
B/traj/127/ic_iters	1
B/traj/127/ic_order	15359057144970489593
B/traj/127/ic_res	0
B/traj/127/mdot_air	4604130321647841607
B/traj/127/mf	4582054819199618891
B/traj/127/mf_sched	4582403389825004051
B/traj/127/nu_hp	4605993218675480871
B/traj/127/nu_lp	4605686691127448031
B/traj/127/phi_hp	4606166117193304534
B/traj/127/phi_lp	4605504909349333024
B/traj/127/pi_hpc	4617463409391791249
B/traj/127/pi_lpc	4612617954055249825
B/traj/127/required	0
B/traj/127/s	4603894791072036950
B/traj/127/sp_thrust	4649538859686857209
B/traj/127/v	4526879547392239098
B/traj/127/v_cmd	0
B/traj/127/v_regime	9087740570393753374
B/traj/128/nkeys	24
B/traj/128/Tt4	4654782680352100515
B/traj/128/b	4582491558027009548
B/traj/128/b_cmd	4569576871649110284
B/traj/128/branch	13126223303132988745
B/traj/128/f	4584991030841465025
B/traj/128/g	4563037112837285714
B/traj/128/ic_iters	1
B/traj/128/ic_order	15359057144970489593
B/traj/128/ic_res	0
B/traj/128/mdot_air	4604150877972874626
B/traj/128/mf	4582066246703857566
B/traj/128/mf_sched	4582403389825004051
B/traj/128/nu_hp	4606001437921209593
B/traj/128/nu_lp	4605696437168166447
B/traj/128/phi_hp	4606174103032393352
B/traj/128/phi_lp	4605505306861111694
B/traj/128/pi_hpc	4617468986230213155
B/traj/128/pi_lpc	4612628950525790369
B/traj/128/required	0
B/traj/128/s	4603939827068310655
B/traj/128/sp_thrust	4649539371102248869
B/traj/128/v	4526378467201328550
B/traj/128/v_cmd	0
B/traj/128/v_regime	9087740570393753374
B/traj/129/nkeys	24
B/traj/129/Tt4	4654776674896089594
B/traj/129/b	4581899460129346018
B/traj/129/b_cmd	4562542473399677964
B/traj/129/branch	13126223303132988745
B/traj/129/f	4584982744726337713
B/traj/129/g	4562860266979815791
B/traj/129/ic_iters	1
B/traj/129/ic_order	15359057144970489593
B/traj/129/ic_res	0
B/traj/129/mdot_air	4604171469895036315
B/traj/129/mf	4582077299569949436
B/traj/129/mf_sched	4582403389825004051
B/traj/129/nu_hp	4606009606158171563
B/traj/129/nu_lp	4605706156565046427
B/traj/129/phi_hp	4606182121700356551
B/traj/129/phi_lp	4605505649037998432
B/traj/129/pi_hpc	4617474425983830219
B/traj/129/pi_lpc	4612639959154731295
B/traj/129/required	0
B/traj/129/s	4603984863064584360
B/traj/129/sp_thrust	4649539648120209512
B/traj/129/v	4525732516600822574
B/traj/129/v_cmd	0
B/traj/129/v_regime	9087740570393753374
B/traj/130/nkeys	24
B/traj/130/Tt4	4654770438655883303
B/traj/130/b	4581310050752473084
B/traj/130/b_cmd	0
B/traj/130/branch	13126223303132988745
B/traj/130/f	4584974238020156660
B/traj/130/g	4562689218819107024
B/traj/130/ic_iters	1
B/traj/130/ic_order	15359057144970489593
B/traj/130/ic_res	0
B/traj/130/mdot_air	4604192069422832781
B/traj/130/mf	4582087990079993734
B/traj/130/mf_sched	4582403389825004051
B/traj/130/nu_hp	4606017722218478138
B/traj/130/nu_lp	4605715848074797343
B/traj/130/phi_hp	4606190165377334735
B/traj/130/phi_lp	4605506055431765029
B/traj/130/pi_hpc	4617479747018524441
B/traj/130/pi_lpc	4612650949809856677
B/traj/130/required	0
B/traj/130/s	4604029899060858065
B/traj/130/sp_thrust	4649539708351763362
B/traj/130/v	4524912016928060556
B/traj/130/v_cmd	0
B/traj/130/v_regime	9087740570393753374
B/traj/131/nkeys	24
B/traj/131/Tt4	4654764111481227481
B/traj/131/b	4580772113380020007
B/traj/131/b_cmd	0
B/traj/131/branch	13126223303132988745
B/traj/131/f	4584965676859377789
B/traj/131/g	4562523778284053337
B/traj/131/ic_iters	1
B/traj/131/ic_order	15359057144970489593
B/traj/131/ic_res	0
B/traj/131/mdot_air	4604212481812618535
B/traj/131/mf	4582098330113434589
B/traj/131/mf_sched	4582403389825004051
B/traj/131/nu_hp	4606025785245155308
B/traj/131/nu_lp	4605725508893432177
B/traj/131/phi_hp	4606198211332966790
B/traj/131/phi_lp	4605507555300279656
B/traj/131/pi_hpc	4617485092345425412
B/traj/131/pi_lpc	4612661670694736613
B/traj/131/required	0
B/traj/131/s	4604074935057131770
B/traj/131/sp_thrust	4649539616232059690
B/traj/131/v	4524169598055407754
B/traj/131/v_cmd	0
B/traj/131/v_regime	9087740570393753374
B/traj/132/nkeys	24
B/traj/132/Tt4	4654757707658589401
B/traj/132/b	4580285367472772996
B/traj/132/b_cmd	0
B/traj/132/branch	13126223303132988745
B/traj/132/f	4584957076018529349
B/traj/132/g	4562363761534820631
B/traj/132/ic_iters	1
B/traj/132/ic_order	15359057144970489593
B/traj/132/ic_res	0
B/traj/132/mdot_air	4604232698886780424
B/traj/132/mf	4582108331160261634
B/traj/132/mf_sched	4582403389825004051
B/traj/132/nu_hp	4606033794660096168
B/traj/132/nu_lp	4605735134905455524
B/traj/132/phi_hp	4606206254972544351
B/traj/132/phi_lp	4605510131170301286
B/traj/132/pi_hpc	4617490465329669677
B/traj/132/pi_lpc	4612672117769929977
B/traj/132/required	0
B/traj/132/s	4604119971053405475
B/traj/132/sp_thrust	4649539382311235102
B/traj/132/v	4523497829618723774
B/traj/132/v_cmd	0
B/traj/132/v_regime	9087740570393753374
B/traj/133/nkeys	24
B/traj/133/Tt4	4654751229222406128
B/traj/133/b	4579529062010054325
B/traj/133/b_cmd	0
B/traj/133/branch	13126223303132988745
B/traj/133/f	4584948435570171110
B/traj/133/g	4562208990758561394
B/traj/133/ic_iters	1
B/traj/133/ic_order	15359057144970489593
B/traj/133/ic_res	0
B/traj/133/mdot_air	4604252730457280899
B/traj/133/mf	4582118004333777836
B/traj/133/mf_sched	4582403389825004051
B/traj/133/nu_hp	4606041749913108334
B/traj/133/nu_lp	4605744722364444217
B/traj/133/phi_hp	4606214293528655457
B/traj/133/phi_lp	4605513669652756533
B/traj/133/pi_hpc	4617495856004581710
B/traj/133/pi_lpc	4612682310673155630
B/traj/133/required	0
B/traj/133/s	4604165007049679180
B/traj/133/sp_thrust	4649539011696551208
B/traj/133/v	4522889988345895733
B/traj/133/v_cmd	0
B/traj/133/v_regime	9087740570393753374
B/traj/134/nkeys	24
B/traj/134/Tt4	4654744678836001791
B/traj/134/b	4578732034179262028
B/traj/134/b_cmd	0
B/traj/134/branch	13126223303132988745
B/traj/134/f	4584939756427976484
B/traj/134/g	4561972165417340710
B/traj/134/ic_iters	1
B/traj/134/ic_order	15359057144970489593
B/traj/134/ic_res	0
B/traj/134/mdot_air	4604272584979924105
B/traj/134/mf	4582127360382948762
B/traj/134/mf_sched	4582403389825004051
B/traj/134/nu_hp	4606049650483120206
B/traj/134/nu_lp	4605754267861346171
B/traj/134/phi_hp	4606222324244798108
B/traj/134/phi_lp	4605518068778886855
B/traj/134/pi_hpc	4617501255565139305
B/traj/134/pi_lpc	4612692266994650006
B/traj/134/required	0
B/traj/134/s	4604210043045952885
B/traj/134/sp_thrust	4649538509585424977
B/traj/134/v	4522339990768193190
B/traj/134/v_cmd	0
B/traj/134/v_regime	9087740570393753374
B/traj/135/nkeys	24
B/traj/135/Tt4	4654738059656705959
B/traj/135/b	4578010853509417503
B/traj/135/b_cmd	0
B/traj/135/branch	13126223303132988745
B/traj/135/f	4584931040185914455
B/traj/135/g	4561682587132597937
B/traj/135/ic_iters	1
B/traj/135/ic_order	15359057144970489593
B/traj/135/ic_res	0
B/traj/135/mdot_air	4604292269742948793
B/traj/135/mf	4582136409704346973
B/traj/135/mf_sched	4582403389825004051
B/traj/135/nu_hp	4606057495878984174
B/traj/135/nu_lp	4605763768295944058
B/traj/135/phi_hp	4606230344396793470
B/traj/135/phi_lp	4605523236765185883
B/traj/135/pi_hpc	4617506656229769885
B/traj/135/pi_lpc	4612702002522075241
B/traj/135/required	0
B/traj/135/s	4604255079042226590
B/traj/135/sp_thrust	4649537881217526370
B/traj/135/v	4521842332334978766
B/traj/135/v_cmd	0
B/traj/135/v_regime	9087740570393753374
B/traj/136/nkeys	24
B/traj/136/Tt4	4654731375223954554
B/traj/136/b	4577358302195067058
B/traj/136/b_cmd	0
B/traj/136/branch	13126223303132988745
B/traj/136/f	4584922288983864614
B/traj/136/g	4561402502353146006
B/traj/136/ic_iters	1
B/traj/136/ic_order	15359057144970489593
B/traj/136/ic_res	0
B/traj/136/mdot_air	4604311791027483142
B/traj/136/mf	4582145162353704846
B/traj/136/mf_sched	4582403389825004051
B/traj/136/nu_hp	4606065285639976538
B/traj/136/nu_lp	4605773220850909346
B/traj/136/phi_hp	4606238351309557200
B/traj/136/phi_lp	4605529090926519405
B/traj/136/pi_hpc	4617512051120753380
B/traj/136/pi_lpc	4612711531451922198
B/traj/136/required	0
B/traj/136/s	4604300115038500295
B/traj/136/sp_thrust	4649537131835887322
B/traj/136/v	4521170038764852234
B/traj/136/v_cmd	0
B/traj/136/v_regime	9087740570393753374
B/traj/137/nkeys	24
B/traj/137/Tt4	4654724629366358887
B/traj/137/b	4576767849295168487
B/traj/137/b_cmd	0
B/traj/137/branch	13126223303132988745
B/traj/137/f	4584913505395135624
B/traj/137/g	4561131599844864627
B/traj/137/ic_iters	1
B/traj/137/ic_order	15359057144970489593
B/traj/137/ic_res	0
B/traj/137/mdot_air	4604331154244510079
B/traj/137/mf	4582153628057088639
B/traj/137/mf_sched	4582403389825004051
B/traj/137/nu_hp	4606073019336046949
B/traj/137/nu_lp	4605782622968197530
B/traj/137/phi_hp	4606246342370109177
B/traj/137/phi_lp	4605535556717271441
B/traj/137/pi_hpc	4617517434160357063
B/traj/137/pi_lpc	4612720866572633368
B/traj/137/required	0
B/traj/137/s	4604345151034774000
B/traj/137/sp_thrust	4649536266655408314
B/traj/137/v	4520355142089616098
B/traj/137/v_cmd	0
B/traj/137/v_regime	9087740570393753374
B/traj/138/nkeys	24
B/traj/138/Tt4	4654717826124477942
B/traj/138/b	4576233585369356514
B/traj/138/b_cmd	0
B/traj/138/branch	13126223303132988745
B/traj/138/f	4584904692332193617
B/traj/138/g	4560869578577101529
B/traj/138/ic_iters	1
B/traj/138/ic_order	15359057144970489593
B/traj/138/ic_res	0
B/traj/138/mdot_air	4604350364052154117
B/traj/138/mf	4582161816221706236
B/traj/138/mf_sched	4582403389825004051
B/traj/138/nu_hp	4606080696567861154
B/traj/138/nu_lp	4605791972327560338
B/traj/138/phi_hp	4606254315037531676
B/traj/138/phi_lp	4605542566883479955
B/traj/138/pi_hpc	4617522799980327341
B/traj/138/pi_lpc	4612730019423764588
B/traj/138/required	0
B/traj/138/s	4604390187031047705
B/traj/138/sp_thrust	4649535290837451938
B/traj/138/v	4519617793019237121
B/traj/138/v_cmd	0
B/traj/138/v_regime	9087740570393753374
B/traj/139/nkeys	24
B/traj/139/Tt4	4654710969686629643
B/traj/139/b	4575750163334384623
B/traj/139/b_cmd	0
B/traj/139/branch	13126223303132988745
B/traj/139/f	4584895852967578100
B/traj/139/g	4560616147388162994
B/traj/139/ic_iters	1
B/traj/139/ic_order	15359057144970489593
B/traj/139/ic_res	0
B/traj/139/mdot_air	4604369424456424266
B/traj/139/mf	4582169735946360565
B/traj/139/mf_sched	4582403389825004051
B/traj/139/nu_hp	4606088316966673438
B/traj/139/nu_lp	4605801266826973176
B/traj/139/phi_hp	4606262266850449956
B/traj/139/phi_lp	4605550060711504304
B/traj/139/pi_hpc	4617528143842768362
B/traj/139/pi_lpc	4612739000434768374
B/traj/139/required	0
B/traj/139/s	4604435223027321410
B/traj/139/sp_thrust	4649534209469455878
B/traj/139/v	4518950611929768084
B/traj/139/v_cmd	0
B/traj/139/v_regime	9087740570393753374
B/traj/140/nkeys	24
B/traj/140/Tt4	4654704064335558895
B/traj/140/b	4574968268489207553
B/traj/140/b_cmd	0
B/traj/140/branch	13126223303132988745
B/traj/140/f	4584886990667522721
B/traj/140/g	4560371024661770916
B/traj/140/ic_iters	1
B/traj/140/ic_order	15359057144970489593
B/traj/140/ic_res	0
B/traj/140/mdot_air	4604388338898000436
B/traj/140/mf	4582177396031560318
B/traj/140/mf_sched	4582403389825004051
B/traj/140/nu_hp	4606095880194059073
B/traj/140/nu_lp	4605810504564796224
B/traj/140/phi_hp	4606270195432500760
B/traj/140/phi_lp	4605557983360907647
B/traj/140/pi_hpc	4617533461570765959
B/traj/140/pi_lpc	4612747819046382010
B/traj/140/required	0
B/traj/140/s	4604480259023595115
B/traj/140/sp_thrust	4649533027548692804
B/traj/140/v	4518346921460725644
B/traj/140/v_cmd	0
B/traj/140/v_regime	9087740570393753374
B/traj/141/nkeys	24
B/traj/141/Tt4	4654697114404169488
B/traj/141/b	4574176683372303192
B/traj/141/b_cmd	0
B/traj/141/branch	13126223303132988745
B/traj/141/f	4584878108936234861
B/traj/141/g	4560133938014126856
B/traj/141/ic_iters	1
B/traj/141/ic_order	15359057144970489593
B/traj/141/ic_res	0
B/traj/141/mdot_air	4604407110327205345
B/traj/141/mf	4582184804989299195
B/traj/141/mf_sched	4582403389825004051
B/traj/141/nu_hp	4606103385941532116
B/traj/141/nu_lp	4605819683823505679
B/traj/141/phi_hp	4606278098496166888
B/traj/141/phi_lp	4605566285271021563
B/traj/141/pi_hpc	4617538749487383782
B/traj/141/pi_lpc	4612756483817112982
B/traj/141/required	0
B/traj/141/s	4604525295019868820
B/traj/141/sp_thrust	4649531749969462010
B/traj/141/v	4517800679685943455
B/traj/141/v_cmd	0
B/traj/141/v_regime	9087740570393753374
B/traj/142/nkeys	24
B/traj/142/Tt4	4654690124238841921
B/traj/142/b	4573460427474086243
B/traj/142/b_cmd	0
B/traj/142/branch	13126223303132988745
B/traj/142/f	4584869211369142055
B/traj/142/g	4559904623991235361
B/traj/142/ic_iters	1
B/traj/142/ic_order	15359057144970489593
B/traj/142/ic_res	0
B/traj/142/mdot_air	4604425741268941929
B/traj/142/mf	4582191971052514554
B/traj/142/mf_sched	4582403389825004051
B/traj/142/nu_hp	4606110833930069737
B/traj/142/nu_lp	4605828803054847874
B/traj/142/phi_hp	4606285973845285399
B/traj/142/phi_lp	4605574921632153124
B/traj/142/pi_hpc	4617544004361878757
B/traj/142/pi_lpc	4612765002516912130
B/traj/142/required	0
B/traj/142/s	4604570331016142525
B/traj/142/sp_thrust	4649530381513125334
B/traj/142/v	4517306419644053976
B/traj/142/v_cmd	0
B/traj/142/v_regime	9087740570393753374
B/traj/143/nkeys	24
B/traj/143/Tt4	4654683098169114794
B/traj/143/b	4572812332277783364
B/traj/143/b_cmd	0
B/traj/143/branch	13126223303132988745
B/traj/143/f	4584860301613701177
B/traj/143/g	4559682827776150203
B/traj/143/ic_iters	1
B/traj/143/ic_order	15359057144970489593
B/traj/143/ic_res	0
B/traj/143/mdot_air	4604444233879078914
B/traj/143/mf	4582198902184235965
B/traj/143/mf_sched	4582403389825004051
B/traj/143/nu_hp	4606118223909560867
B/traj/143/nu_lp	4605837860866283510
B/traj/143/phi_hp	4606293819376480980
B/traj/143/phi_lp	4605583851913649161
B/traj/143/pi_hpc	4617549223362163160
B/traj/143/pi_lpc	4612773382209793347
B/traj/143/required	0
B/traj/143/s	4604615367012416230
B/traj/143/sp_thrust	4649528926840502740
B/traj/143/v	4516607962994194121
B/traj/143/v_cmd	0
B/traj/143/v_regime	9087740570393753374
B/traj/144/nkeys	24
B/traj/144/Tt4	4654676040482715897
B/traj/144/b	4572225911440598658
B/traj/144/b_cmd	0
B/traj/144/branch	13126223303132988745
B/traj/144/f	4584851383336601671
B/traj/144/g	4559468302905818226
B/traj/144/ic_iters	1
B/traj/144/ic_order	15359057144970489593
B/traj/144/ic_res	0
B/traj/144/mdot_air	4604462589993524940
B/traj/144/mf	4582205606086433839
B/traj/144/mf_sched	4582403389825004051
B/traj/144/nu_hp	4606125555658194098
B/traj/144/nu_lp	4605846856008602287
B/traj/144/phi_hp	4606301633079729506
B/traj/144/phi_lp	4605593039442090073
B/traj/144/pi_hpc	4617554404012690772
B/traj/144/pi_lpc	4612781629326885350
B/traj/144/required	0
B/traj/144/s	4604660403008689935
B/traj/144/sp_thrust	4649527390486227486
B/traj/144/v	4515798631054943593
B/traj/144/v_cmd	0
B/traj/144/v_regime	9087740570393753374
B/traj/145/nkeys	24
B/traj/145/Tt4	4654668955405099450
B/traj/145/b	4571695295876332541
B/traj/145/b_cmd	0
B/traj/145/branch	13126223303132988745
B/traj/145/f	4584842460196386867
B/traj/145/g	4559260810997206162
B/traj/145/ic_iters	1
B/traj/145/ic_order	15359057144970489593
B/traj/145/ic_res	0
B/traj/145/mdot_air	4604480811171030960
B/traj/145/mf	4582212090208577966
B/traj/145/mf_sched	4582403389825004051
B/traj/145/nu_hp	4606132828981797414
B/traj/145/nu_lp	4605855787364599900
B/traj/145/phi_hp	4606309413038219892
B/traj/145/phi_lp	4605602451023780836
B/traj/145/pi_hpc	4617559544157067659
B/traj/145/pi_lpc	4612789749731174208
B/traj/145/required	0
B/traj/145/s	4604705439004963640
B/traj/145/sp_thrust	4649525776854729266
B/traj/145/v	4515066317166361994
B/traj/145/v_cmd	0
B/traj/145/v_regime	9087740570393753374
B/traj/146/nkeys	24
B/traj/146/Tt4	4654661847082785502
B/traj/146/b	4571215175015700899
B/traj/146/b_cmd	0
B/traj/146/branch	13126223303132988745
B/traj/146/f	4584833535820675736
B/traj/146/g	4559060121482406070
B/traj/146/ic_iters	1
B/traj/146/ic_order	15359057144970489593
B/traj/146/ic_res	0
B/traj/146/mdot_air	4604498898730595866
B/traj/146/mf	4582218361755915469
B/traj/146/mf_sched	4582403389825004051
B/traj/146/nu_hp	4606140043713140339
B/traj/146/nu_lp	4605864653938719853
B/traj/146/phi_hp	4606317157427652226
B/traj/146/phi_lp	4605612056606467627
B/traj/146/pi_hpc	4617564641924791457
B/traj/146/pi_lpc	4612797748775006900
B/traj/146/required	0
B/traj/146/s	4604750475001237345
B/traj/146/sp_thrust	4649524090217569826
B/traj/146/v	4514403692098202541
B/traj/146/v_cmd	0
B/traj/146/v_regime	9087740570393753374
B/traj/147/nkeys	24
B/traj/147/Tt4	4654654719569912423
B/traj/147/b	4570407865531884791
B/traj/147/b_cmd	0
B/traj/147/branch	13126223303132988745
B/traj/147/f	4584824613787298189
B/traj/147/g	4558866011352425056
B/traj/147/ic_iters	1
B/traj/147/ic_order	15359057144970489593
B/traj/147/ic_res	0
B/traj/147/mdot_air	4604516853784214232
B/traj/147/mf	4582224427697477376
B/traj/147/mf_sched	4582403389825004051
B/traj/147/nu_hp	4606147199711207462
B/traj/147/nu_lp	4605873454847571963
B/traj/147/phi_hp	4606324864515084982
B/traj/147/phi_lp	4605621828975856770
B/traj/147/pi_hpc	4617569695701608975
B/traj/147/pi_lpc	4612805631351269260
B/traj/147/required	0
B/traj/147/s	4604795510997511050
B/traj/147/sp_thrust	4649522334711902028
B/traj/147/v	4513804124088091812
B/traj/147/v_cmd	0
B/traj/147/v_regime	9087740570393753374
B/traj/148/nkeys	24
B/traj/148/Tt4	4654647576817507979
B/traj/148/b	4569621685961867013
B/traj/148/b_cmd	0
B/traj/148/branch	13126223303132988745
B/traj/148/f	4584815697608764873
B/traj/148/g	4558678264909374565
B/traj/148/ic_iters	1
B/traj/148/ic_order	15359057144970489593
B/traj/148/ic_res	0
B/traj/148/mdot_air	4604534677265591100
B/traj/148/mf	4582230294773822704
B/traj/148/mf_sched	4582403389825004051
B/traj/148/nu_hp	4606154296860450880
B/traj/148/nu_lp	4605882189311247881
B/traj/148/phi_hp	4606332532657424717
B/traj/148/phi_lp	4605631743483067802
B/traj/148/pi_hpc	4617574704103053664
B/traj/148/pi_lpc	4612813401939019968
B/traj/148/required	0
B/traj/148/s	4604840546993784755
B/traj/148/sp_thrust	4649520514339860772
B/traj/148/v	4513261612468743245
B/traj/148/v_cmd	0
B/traj/148/v_regime	9087740570393753374
B/traj/149/nkeys	24
B/traj/149/Tt4	4654640422665062871
B/traj/149/b	4568910321205181052
B/traj/149/b_cmd	0
B/traj/149/branch	13126223303132988745
B/traj/149/f	4584806790719582093
B/traj/149/g	4558496673526783874
B/traj/149/ic_iters	1
B/traj/149/ic_order	15359057144970489593
B/traj/149/ic_res	0
B/traj/149/mdot_air	4604552369955355529
B/traj/149/mf	4582235969504528663
B/traj/149/mf_sched	4582403389825004051
B/traj/149/nu_hp	4606161335070027953
B/traj/149/nu_lp	4605890856645361582
B/traj/149/phi_hp	4606340160299634532
B/traj/149/phi_lp	4605641777799628702
B/traj/149/pi_hpc	4617579665950785497
B/traj/149/pi_lpc	4612821064644252402
B/traj/149/required	0
B/traj/149/s	4604885582990058460
B/traj/149/sp_thrust	4649518632968726012
B/traj/149/v	4512770727611370936
B/traj/149/v_cmd	0
B/traj/149/v_regime	9087740570393753374
B/traj/150/nkeys	24
B/traj/150/Tt4	4654633260834055748
B/traj/150/b	4568266651697153218
B/traj/150/b_cmd	0
B/traj/150/branch	13126223303132988745
B/traj/150/f	4584797896465997195
B/traj/150/g	4558321035417771440
B/traj/150/ic_iters	1
B/traj/150/ic_order	15359057144970489593
B/traj/150/ic_res	0
B/traj/150/mdot_air	4604569932503225191
B/traj/150/mf	4582241458195435302
B/traj/150/mf_sched	4582403389825004051
B/traj/150/nu_hp	4606168314273029762
B/traj/150/nu_lp	4605899456253749595
B/traj/150/phi_hp	4606347745972724316
B/traj/150/phi_lp	4605651911697031336
B/traj/150/pi_hpc	4617584580251406382
B/traj/150/pi_lpc	4612828623236362973
B/traj/150/required	0
B/traj/150/s	4604930618986332165
B/traj/150/sp_thrust	4649516694331723681
B/traj/150/v	4512046286543239648
B/traj/150/v_cmd	0
B/traj/150/v_regime	9087740570393753374
B/traj/151/nkeys	24
B/traj/151/Tt4	4654626094923132357
B/traj/151/b	4567684235388683083
B/traj/151/b_cmd	0
B/traj/151/branch	13126223303132988745
B/traj/151/f	4584789018097821624
B/traj/151/g	4558151155410816500
B/traj/151/ic_iters	1
B/traj/151/ic_order	15359057144970489593
B/traj/151/ic_res	0
B/traj/151/mdot_air	4604587365447509343
B/traj/151/mf	4582246766945652643
B/traj/151/mf_sched	4582403389825004051
B/traj/151/nu_hp	4606175234425704844
B/traj/151/nu_lp	4605907987621771933
B/traj/151/phi_hp	4606355288291575007
B/traj/151/phi_lp	4605662126848220174
B/traj/151/pi_hpc	4617589446177467984
B/traj/151/pi_lpc	4612836081180826430
B/traj/151/required	0
B/traj/151/s	4604975654982605870
B/traj/151/sp_thrust	4649514702029351896
B/traj/151/v	4511242481339713430
B/traj/151/v_cmd	0
B/traj/151/v_regime	9087740570393753374
B/traj/152/nkeys	24
B/traj/152/Tt4	4654618928404687134
B/traj/152/b	4567157243272167738
B/traj/152/b_cmd	0
B/traj/152/branch	13126223303132988745
B/traj/152/f	4584780158762031423
B/traj/152/g	4557986844732881751
B/traj/152/ic_iters	1
B/traj/152/ic_order	15359057144970489593
B/traj/152/ic_res	0
B/traj/152/mdot_air	4604604669232281799
B/traj/152/mf	4582251901654338104
B/traj/152/mf_sched	4582403389825004051
B/traj/152/nu_hp	4606182095506682050
B/traj/152/nu_lp	4605916450310160227
B/traj/152/phi_hp	4606362785952639278
B/traj/152/phi_lp	4605672406648693903
B/traj/152/pi_hpc	4617594263050425081
B/traj/152/pi_lpc	4612843441668512220
B/traj/152/required	0
B/traj/152/s	4605020690978879575
B/traj/152/sp_thrust	4649512659531137726
B/traj/152/v	4510515168248867776
B/traj/152/v_cmd	0
B/traj/152/v_regime	9087740570393753374
B/traj/153/nkeys	24
B/traj/153/Tt4	4654611764622632783
B/traj/153/b	4566680401042940284
B/traj/153/b_cmd	0
B/traj/153/branch	13126223303132988745
B/traj/153/f	4584771321497888246
B/traj/153/g	4557827920799646112
B/traj/153/ic_iters	1
B/traj/153/ic_order	15359057144970489593
B/traj/153/ic_res	0
B/traj/153/mdot_air	4604621844222509766
B/traj/153/mf	4582256868027251718
B/traj/153/mf_sched	4582403389825004051
B/traj/153/nu_hp	4606188897516195792
B/traj/153/nu_lp	4605924843949364575
B/traj/153/phi_hp	4606370237731554225
B/traj/153/phi_lp	4605682736055167274
B/traj/153/pi_hpc	4617599030325319464
B/traj/153/pi_lpc	4612850707642019584
B/traj/153/required	0
B/traj/153/s	4605065726975153280
B/traj/153/sp_thrust	4649510570177744698
B/traj/153/v	4509857068090029722
B/traj/153/v_cmd	0
B/traj/153/v_regime	9087740570393753374
B/traj/154/nkeys	24
B/traj/154/Tt4	4654604606791175423
B/traj/154/b	4565847850471020431
B/traj/154/b_cmd	0
B/traj/154/branch	13126223303132988745
B/traj/154/f	4584762509233361160
B/traj/154/g	4557674207012614476
B/traj/154/ic_iters	1
B/traj/154/ic_order	15359057144970489593
B/traj/154/ic_res	0
B/traj/154/mdot_air	4604638890717384521
B/traj/154/mf	4582261671583096457
B/traj/154/mf_sched	4582403389825004051
B/traj/154/nu_hp	4606195640475316413
B/traj/154/nu_lp	4605933168234355144
B/traj/154/phi_hp	4606377642480695032
B/traj/154/phi_lp	4605693101439972695
B/traj/154/pi_hpc	4617603747577005530
B/traj/154/pi_lpc	4612857881819360848
B/traj/154/required	0
B/traj/154/s	4605110762971426985
B/traj/154/sp_thrust	4649508437183363466
B/traj/154/v	4509261594387557094
B/traj/154/v_cmd	0
B/traj/154/v_regime	9087740570393753374
B/traj/155/nkeys	24
B/traj/155/Tt4	4654597457994439297
B/traj/155/b	4565067039534692513
B/traj/155/b_cmd	0
B/traj/155/branch	13126223303132988745
B/traj/155/f	4584753724782660352
B/traj/155/g	4557408242226816033
B/traj/155/ic_iters	1
B/traj/155/ic_order	15359057144970489593
B/traj/155/ic_res	0
B/traj/155/mdot_air	4604655808962067751
B/traj/155/mf	4582266317659650690
B/traj/155/mf_sched	4582403389825004051
B/traj/155/nu_hp	4606202324425187988
B/traj/155/nu_lp	4605941422919838639
B/traj/155/phi_hp	4606384999126693465
B/traj/155/phi_lp	4605703490459585148
B/traj/155/pi_hpc	4617608414487752448
B/traj/155/pi_lpc	4612864966715281562
B/traj/155/required	0
B/traj/155/s	4605155798967700690
B/traj/155/sp_thrust	4649506263638328832
B/traj/155/v	4508722787451296018
B/traj/155/v_cmd	0
B/traj/155/v_regime	9087740570393753374
B/traj/156/nkeys	24
B/traj/156/Tt4	4654590321186807698
B/traj/156/b	4564360532519092900
B/traj/156/b_cmd	0
B/traj/156/branch	13126223303132988745
B/traj/156/f	4584744970844720448
B/traj/156/g	4557120641583685701
B/traj/156/ic_iters	1
B/traj/156/ic_order	15359057144970489593
B/traj/156/ic_res	0
B/traj/156/mdot_air	4604672599158038340
B/traj/156/mf	4582270811419699602
B/traj/156/mf_sched	4582403389825004051
B/traj/156/nu_hp	4606208949426275484
B/traj/156/nu_lp	4605949607815853437
B/traj/156/phi_hp	4606392306667941015
B/traj/156/phi_lp	4605713891935831800
B/traj/156/pi_hpc	4617613030836076908
B/traj/156/pi_lpc	4612871964660470468
B/traj/156/required	0
B/traj/156/s	4605200834963974395
B/traj/156/sp_thrust	4649504052511914703
B/traj/156/v	4508235254730106886
B/traj/156/v_cmd	0
B/traj/156/v_regime	9087740570393753374
B/traj/157/nkeys	24
B/traj/157/Tt4	4654583199193865663
B/traj/157/b	4563721258477365285
B/traj/157/b_cmd	0
B/traj/157/branch	13126223303132988745
B/traj/157/f	4584736250002493367
B/traj/157/g	4556842469611042981
B/traj/157/ic_iters	1
B/traj/157/ic_order	15359057144970489593
B/traj/157/ic_res	0
B/traj/157/mdot_air	4604689261472201122
B/traj/157/mf	4582275157856772144
B/traj/157/mf_sched	4582403389825004051
B/traj/157/nu_hp	4606215515557622891
B/traj/157/nu_lp	4605957722783710524
B/traj/157/phi_hp	4606399564172092657
B/traj/157/phi_lp	4605724295748504769
B/traj/157/pi_hpc	4617617596486678025
B/traj/157/pi_lpc	4612878877818882280
B/traj/157/required	0
B/traj/157/s	4605245870960248100
B/traj/157/sp_thrust	4649501806655266159
B/traj/157/v	4507485006685129334
B/traj/157/v_cmd	0
B/traj/157/v_regime	9087740570393753374
B/traj/158/nkeys	24
B/traj/158/Tt4	4654576094713846279
B/traj/158/b	4563142819351633575
B/traj/158/b_cmd	0
B/traj/158/branch	13126223303132988745
B/traj/158/f	4584727564722929887
B/traj/158/g	4556573417200305235
B/traj/158/ic_iters	1
B/traj/158/ic_order	15359057144970489593
B/traj/158/ic_res	0
B/traj/158/mdot_air	4604705796044898478
B/traj/158/mf	4582279361800689922
B/traj/158/mf_sched	4582403389825004051
B/traj/158/nu_hp	4606222022916123657
B/traj/158/nu_lp	4605965767732250381
B/traj/158/phi_hp	4606406770773584506
B/traj/158/phi_lp	4605734692738233102
B/traj/158/pi_hpc	4617622111381360620
B/traj/158/pi_lpc	4612885708203369826
B/traj/158/required	0
B/traj/158/s	4605290906956521805
B/traj/158/sp_thrust	4649499528804434006
B/traj/158/v	4506686690476560895
B/traj/158/v_cmd	0
B/traj/158/v_regime	9087740570393753374
B/traj/159/nkeys	24
B/traj/159/Tt4	4654569010319496044
B/traj/159/b	4562619425939204308
B/traj/159/b_cmd	0
B/traj/159/branch	13126223303132988745
B/traj/159/f	4584718917357545251
B/traj/159/g	4556313185376674431
B/traj/159/ic_iters	1
B/traj/159/ic_order	15359057144970489593
B/traj/159/ic_res	0
B/traj/159/mdot_air	4604722202996948089
B/traj/159/mf	4582283427922934153
B/traj/159/mf_sched	4582403389825004051
B/traj/159/nu_hp	4606228471615804513
B/traj/159/nu_lp	4605973742614388697
B/traj/159/phi_hp	4606413925671176145
B/traj/159/phi_lp	4605745074618592053
B/traj/159/pi_hpc	4617626575530845972
B/traj/159/pi_lpc	4612892457689799462
B/traj/159/required	0
B/traj/159/s	4605335942952795510
B/traj/159/sp_thrust	4649497221583482305
B/traj/159/v	4505964344034190350
B/traj/159/v_cmd	0
B/traj/159/v_regime	9087740570393753374
B/traj/160/nkeys	24
B/traj/160/Tt4	4654561948460286631
B/traj/160/b	4562145257378458235
B/traj/160/b_cmd	0
B/traj/160/branch	13126223303132988745
B/traj/160/f	4584710310143478316
B/traj/160/g	4556061484966912175
B/traj/160/ic_iters	1
B/traj/160/ic_order	15359057144970489593
B/traj/160/ic_res	0
B/traj/160/mdot_air	4604738482435815220
B/traj/160/mf	4582287360741836688
B/traj/160/mf_sched	4582403389825004051
B/traj/160/nu_hp	4606234861787123595
B/traj/160/nu_lp	4605981647423926249
B/traj/160/phi_hp	4606421028125526188
B/traj/160/phi_lp	4605755433896535025
B/traj/160/pi_hpc	4617630989007380409
B/traj/160/pi_lpc	4612899128029804027
B/traj/160/required	0
B/traj/160/s	4605380978949069215
B/traj/160/sp_thrust	4649494887507644076
B/traj/160/v	4505310737885141892
B/traj/160/v_cmd	0
B/traj/160/v_regime	9087740570393753374
B/traj/161/nkeys	24
B/traj/161/Tt4	4654554911464910270
B/traj/161/b	4561288220657761622
B/traj/161/b_cmd	0
B/traj/161/branch	13126223303132988745
B/traj/161/f	4584701745204965552
B/traj/161/g	4555818036278006363
B/traj/161/ic_iters	1
B/traj/161/ic_order	15359057144970489593
B/traj/161/ic_res	0
B/traj/161/mdot_air	4604754634461014958
B/traj/161/mf	4582291164627600842
B/traj/161/mf_sched	4582403389825004051
B/traj/161/nu_hp	4606241193576283563
B/traj/161/nu_lp	4605989482192600527
B/traj/161/phi_hp	4606428077456808259
B/traj/161/phi_lp	4605765763800329326
B/traj/161/pi_hpc	4617635351938061934
B/traj/161/pi_lpc	4612905720862310288
B/traj/161/required	0
B/traj/161/s	4605426014945342920
B/traj/161/sp_thrust	4649492528986503872
B/traj/161/v	4504719330531252257
B/traj/161/v_cmd	0
B/traj/161/v_regime	9087740570393753374
B/traj/162/nkeys	24
B/traj/162/Tt4	4654547901544004770
B/traj/162/b	4560512741693998300
B/traj/162/b_cmd	0
B/traj/162/branch	13126223303132988745
B/traj/162/f	4584693224555161777
B/traj/162/g	4555582568786372401
B/traj/162/ic_iters	1
B/traj/162/ic_order	15359057144970489593
B/traj/162/ic_res	0
B/traj/162/mdot_air	4604770659168828677
B/traj/162/mf	4582294843807157622
B/traj/162/mf_sched	4582403389825004051
B/traj/162/nu_hp	4606247467144560283
B/traj/162/nu_lp	4605997246987358718
B/traj/162/phi_hp	4606435073042372787
B/traj/162/phi_lp	4605776058214261104
B/traj/162/pi_hpc	4617639664498813732
B/traj/162/pi_lpc	4612912237723962980
B/traj/162/required	0
B/traj/162/s	4605471050941616625
B/traj/162/sp_thrust	4649490148327189552
B/traj/162/v	4504184202979677145
B/traj/162/v_cmd	0
B/traj/162/v_regime	9087740570393753374
B/traj/163/nkeys	24
B/traj/163/Tt4	4654540920793061341
B/traj/163/b	4559811059247124105
B/traj/163/b_cmd	0
B/traj/163/branch	13126223303132988745
B/traj/163/f	4584684750098248201
B/traj/163/g	4555354820837243617
B/traj/163/ic_iters	1
B/traj/163/ic_order	15359057144970489593
B/traj/163/ic_res	0
B/traj/163/mdot_air	4604786556656409116
B/traj/163/mf	4582298402368862759
B/traj/163/mf_sched	4582403389825004051
B/traj/163/nu_hp	4606253682667647505
B/traj/163/nu_lp	4606004941907833481
B/traj/163/phi_hp	4606442014314459233
B/traj/163/phi_lp	4605786311619450495
B/traj/163/pi_hpc	4617643926908940773
B/traj/163/pi_lpc	4612918680058554244
B/traj/163/required	0
B/traj/163/s	4605516086937890330
B/traj/163/sp_thrust	4649487747737557810
B/traj/163/v	4503699999503728800
B/traj/163/v_cmd	0
B/traj/163/v_regime	9087740570393753374
B/traj/164/nkeys	24
B/traj/164/Tt4	4654533971195475134
B/traj/164/b	4559176150656100576
B/traj/164/b_cmd	0
B/traj/164/branch	13126223303132988745
B/traj/164/f	4584676323631776406
B/traj/164/g	4555134539353916829
B/traj/164/ic_iters	1
B/traj/164/ic_order	15359057144970489593
B/traj/164/ic_res	0
B/traj/164/mdot_air	4604802327025340213
B/traj/164/mf	4582301844267039741
B/traj/164/mf_sched	4582403389825004051
B/traj/164/nu_hp	4606259840335017847
B/traj/164/nu_lp	4606012567084004624
B/traj/164/phi_hp	4606448900757961847
B/traj/164/phi_lp	4605796519040184640
B/traj/164/pi_hpc	4617648139426212807
B/traj/164/pi_lpc	4612925049225555829
B/traj/164/required	0
B/traj/164/s	4605561122934164035
B/traj/164/sp_thrust	4649485329329361050
B/traj/164/v	4502924120711624778
B/traj/164/v_cmd	0
B/traj/164/v_regime	9087740570393753374
B/traj/165/nkeys	24
B/traj/165/Tt4	4654527054625703572
B/traj/165/b	4558601661553870324
B/traj/165/b_cmd	0
B/traj/165/branch	13126223303132988745
B/traj/165/f	4584667946849203294
B/traj/165/g	4554921479556529977
B/traj/165/ic_iters	1
B/traj/165/ic_order	15359057144970489593
B/traj/165/ic_res	0
B/traj/165/mdot_air	4604817970384710439
B/traj/165/mf	4582305173326373910
B/traj/165/mf_sched	4582403389825004051
B/traj/165/nu_hp	4606265940349300305
B/traj/165/nu_lp	4606020122674031294
B/traj/165/phi_hp	4606455731908251772
B/traj/165/phi_lp	4605806675995236328
B/traj/165/pi_hpc	4617652302342422436
B/traj/165/pi_lpc	4612931346507841192
B/traj/165/required	0
B/traj/165/s	4605606158930437740
B/traj/165/sp_thrust	4649482895121384558
B/traj/165/v	4502131256014970321
B/traj/165/v_cmd	0
B/traj/165/v_regime	9087740570393753374
B/traj/166/nkeys	24
B/traj/166/Tt4	4654520172852502516
B/traj/166/b	4558081842270831058
B/traj/166/b_cmd	0
B/traj/166/branch	13126223303132988745
B/traj/166/f	4584654822021991290
B/traj/166/g	4554715404690059318
B/traj/166/ic_iters	1
B/traj/166/ic_order	15359057144970489593
B/traj/166/ic_res	0
B/traj/166/mdot_air	4604833486853751755
B/traj/166/mf	4582308393246162514
B/traj/166/mf_sched	4582403389825004051
B/traj/166/nu_hp	4606271982925674417
B/traj/166/nu_lp	4606027608862240674
B/traj/166/phi_hp	4606462507349057278
B/traj/166/phi_lp	4605816778453689223
B/traj/166/pi_hpc	4617656415979372592
B/traj/166/pi_lpc	4612937573118675583
B/traj/166/required	0
B/traj/166/s	4605651194926711445
B/traj/166/sp_thrust	4649480447042545149
B/traj/166/v	4501413842305011244
B/traj/166/v_cmd	0
B/traj/166/v_regime	9087740570393753374
B/traj/167/nkeys	24
B/traj/167/Tt4	4654513327542214494
B/traj/167/b	4557580157681686080
B/traj/167/b_cmd	0
B/traj/167/branch	13126223303132988745
B/traj/167/f	4584638276547530381
B/traj/167/g	4554516085761233937
B/traj/167/ic_iters	1
B/traj/167/ic_order	15359057144970489593
B/traj/167/ic_res	0
B/traj/167/mdot_air	4604848876564090915
B/traj/167/mf	4582311507604425411
B/traj/167/mf_sched	4582403389825004051
B/traj/167/nu_hp	4606277968291281141
B/traj/167/nu_lp	4606035025857260406
B/traj/167/phi_hp	4606469226710403361
B/traj/167/phi_lp	4605826822794838308
B/traj/167/pi_hpc	4617660480685252185
B/traj/167/pi_lpc	4612943730208044351
B/traj/167/required	0
B/traj/167/s	4605696230922985150
B/traj/167/sp_thrust	4649477986934943790
B/traj/167/v	4500764699477226147
B/traj/167/v_cmd	0
B/traj/167/v_regime	9087740570393753374
B/traj/168/nkeys	24
B/traj/168/Tt4	4654506520262086670
B/traj/168/b	4556728973461343902
B/traj/168/b_cmd	0
B/traj/168/branch	13126223303132988745
B/traj/168/f	4584621839407335611
B/traj/168/g	4554323301284075226
B/traj/168/ic_iters	1
B/traj/168/ic_order	15359057144970489593
B/traj/168/ic_res	0
B/traj/168/mdot_air	4604864139661654681
B/traj/168/mf	4582314519861881016
B/traj/168/mf_sched	4582403389825004051
B/traj/168/nu_hp	4606283896684650438
B/traj/168/nu_lp	4606042373890283099
B/traj/168/phi_hp	4606475889666611489
B/traj/168/phi_lp	4605836805771777056
B/traj/168/pi_hpc	4617664496831362823
B/traj/168/pi_lpc	4612949818868382604
B/traj/168/required	0
B/traj/168/s	4605741266919258855
B/traj/168/sp_thrust	4649475516556865945
B/traj/168/v	4500177330703790150
B/traj/168/v_cmd	0
B/traj/168/v_regime	9087740570393753374
B/traj/169/nkeys	24
B/traj/169/Tt4	4654499752483599514
B/traj/169/b	4555958790059370037
B/traj/169/b_cmd	0
B/traj/169/branch	13126223303132988745
B/traj/169/f	4584605513211381131
B/traj/169/g	4554136837033778568
B/traj/169/ic_iters	1
B/traj/169/ic_order	15359057144970489593
B/traj/169/ic_res	0
B/traj/169/mdot_air	4604879276308266256
B/traj/169/mf	4582317433365791901
B/traj/169/mf_sched	4582403389825004051
B/traj/169/nu_hp	4606289768355145495
B/traj/169/nu_lp	4606049653213452310
B/traj/169/phi_hp	4606482495934359995
B/traj/169/phi_lp	4605846724478321015
B/traj/169/pi_hpc	4617668464809163277
B/traj/169/pi_lpc	4612955840139762950
B/traj/169/required	0
B/traj/169/s	4605786302915532560
B/traj/169/sp_thrust	4649473037585724638
B/traj/169/v	4499645857411256256
B/traj/169/v_cmd	0
B/traj/169/v_regime	9087740570393753374
B/traj/170/nkeys	24
B/traj/170/Tt4	4654493025585789784
B/traj/170/b	4555261899235386510
B/traj/170/b_cmd	0
B/traj/170/branch	13126223303132988745
B/traj/170/f	4584589300390135203
B/traj/170/g	4553956485808663742
B/traj/170/ic_iters	1
B/traj/170/ic_order	15359057144970489593
B/traj/170/ic_res	0
B/traj/170/mdot_air	4604894286682966249
B/traj/170/mf	4582320251353684320
B/traj/170/mf_sched	4582403389825004051
B/traj/170/nu_hp	4606295583562423487
B/traj/170/nu_lp	4606056864098360304
B/traj/170/phi_hp	4606489045270804963
B/traj/170/phi_lp	4605856576318951826
B/traj/170/pi_hpc	4617672385027601463
B/traj/170/pi_lpc	4612961795014592717
B/traj/170/required	0
B/traj/170/s	4605831338911806265
B/traj/170/sp_thrust	4649470551620942120
B/traj/170/v	4499164960445923118
B/traj/170/v_cmd	0
B/traj/170/v_regime	9087740570393753374
B/traj/171/nkeys	24
B/traj/171/Tt4	4654486340858553873
B/traj/171/b	4554631326284440315
B/traj/171/b_cmd	0
B/traj/171/branch	13126223303132988745
B/traj/171/f	4584573203200600817
B/traj/171/g	4553782047199929521
B/traj/171/ic_iters	1
B/traj/171/ic_order	15359057144970489593
B/traj/171/ic_res	0
B/traj/171/mdot_air	4604909170983088029
B/traj/171/mf	4582322976956945792
B/traj/171/mf_sched	4582403389825004051
B/traj/171/nu_hp	4606301342575912713
B/traj/171/nu_lp	4606064006834648750
B/traj/171/phi_hp	4606495537471761567
B/traj/171/phi_lp	4605866358981496568
B/traj/171/pi_hpc	4617676257910706899
B/traj/171/pi_lpc	4612967684441866663
B/traj/171/required	0
B/traj/171/s	4605876374908079970
B/traj/171/sp_thrust	4649468060186766802
B/traj/171/v	4498363625932981486
B/traj/171/v_cmd	0
B/traj/171/v_regime	9087740570393753374
B/traj/172/nkeys	24
B/traj/172/Tt4	4654479699505919636
B/traj/172/b	4554060760231938537
B/traj/172/b_cmd	0
B/traj/172/branch	13126223303132988745
B/traj/172/f	4584557223732367284
B/traj/172/g	4553613327368956611
B/traj/172/ic_iters	1
B/traj/172/ic_order	15359057144970489593
B/traj/172/ic_res	0
B/traj/172/mdot_air	4604923929425114518
B/traj/172/mf	4582325613204304744
B/traj/172/mf_sched	4582403389825004051
B/traj/172/nu_hp	4606307045674305939
B/traj/172/nu_lp	4606071081728704283
B/traj/172/phi_hp	4606501972369945148
B/traj/172/phi_lp	4605876070412285037
B/traj/172/pi_hpc	4617680083895418994
B/traj/172/pi_lpc	4612973509331017142
B/traj/172/required	0
B/traj/172/s	4605921410904353675
B/traj/172/sp_thrust	4649465564735023040
B/traj/172/v	4497576175521160026
B/traj/172/v_cmd	0
B/traj/172/v_regime	9087740570393753374
B/traj/173/nkeys	24
B/traj/173/Tt4	4654473102649276642
B/traj/173/b	4553544490671407960
B/traj/173/b_cmd	0
B/traj/173/branch	13126223303132988745
B/traj/173/f	4584541363913644411
B/traj/173/g	4553450138831911470
B/traj/173/ic_iters	1
B/traj/173/ic_order	15359057144970489593
B/traj/173/ic_res	0
B/traj/173/mdot_air	4604938562245340368
B/traj/173/mf	4582328163025196074
B/traj/173/mf_sched	4582403389825004051
B/traj/173/nu_hp	4606312693145069711
B/traj/173/nu_lp	4606078089102441555
B/traj/173/phi_hp	4606508349833271571
B/traj/173/phi_lp	4605885708793552406
B/traj/173/pi_hpc	4617683863429629031
B/traj/173/pi_lpc	4612979270555399307
B/traj/173/required	0
B/traj/173/s	4605966446900627380
B/traj/173/sp_thrust	4649463066647791770
B/traj/173/v	4496863660859153526
B/traj/173/v_cmd	0
B/traj/173/v_regime	9087740570393753374
B/traj/174/nkeys	24
B/traj/174/Tt4	4654466551330556426
B/traj/174/b	4553015477954291292
B/traj/174/b_cmd	0
B/traj/174/branch	13126223303132988745
B/traj/174/f	4584525625517254989
B/traj/174/g	4553292300251411651
B/traj/174/ic_iters	1
B/traj/174/ic_order	15359057144970489593
B/traj/174/ic_res	0
B/traj/174/mdot_air	4604953069700361276
B/traj/174/mf	4582330629253016384
B/traj/174/mf_sched	4582403389825004051
B/traj/174/nu_hp	4606318285283969416
B/traj/174/nu_lp	4606085029292167031
B/traj/174/phi_hp	4606514669763215849
B/traj/174/phi_lp	4605895272522877225
B/traj/174/pi_hpc	4617687596970415665
B/traj/174/pi_lpc	4612984968955445567
B/traj/174/required	0
B/traj/174/s	4606011482896901085
B/traj/174/sp_thrust	4649460567240020588
B/traj/174/v	4496218950873670220
B/traj/174/v_cmd	0
B/traj/174/v_regime	9087740570393753374
B/traj/175/nkeys	24
B/traj/175/Tt4	4654460046515355679
B/traj/175/b	4552170106268967676
B/traj/175/b_cmd	0
B/traj/175/branch	13126223303132988745
B/traj/175/f	4584510010166564834
B/traj/175/g	4553139636235021172
B/traj/175/ic_iters	1
B/traj/175/ic_order	15359057144970489593
B/traj/175/ic_res	0
B/traj/175/mdot_air	4604967452067410177
B/traj/175/mf	4582333014628272485
B/traj/175/mf_sched	4582403389825004051
B/traj/175/nu_hp	4606323822394609821
B/traj/175/nu_lp	4606091902647517377
B/traj/175/phi_hp	4606520932093228097
B/traj/175/phi_lp	4605904760194464814
B/traj/175/pi_hpc	4617691284982456090
B/traj/175/pi_lpc	4612990605341520192
B/traj/175/required	0
B/traj/175/s	4606056518893174790
B/traj/175/sp_thrust	4649458067762062542
B/traj/175/v	4495635593102180469
B/traj/175/v_cmd	0
B/traj/175/v_regime	9087740570393753374
B/traj/176/nkeys	24
B/traj/176/Tt4	4654453589095996601
B/traj/176/b	4551405182266648669
B/traj/176/b_cmd	0
B/traj/176/branch	13126223303132988745
B/traj/176/f	4584494519341332845
B/traj/176/g	4552844731009132519
B/traj/176/ic_iters	1
B/traj/176/ic_order	15359057144970489593
B/traj/176/ic_res	0
B/traj/176/mdot_air	4604981709644557467
B/traj/176/mf	4582335321801626691
B/traj/176/mf_sched	4582403389825004051
B/traj/176/nu_hp	4606329304787990804
B/traj/176/nu_lp	4606098709530466787
B/traj/176/phi_hp	4606527136787205778
B/traj/176/phi_lp	4605914170582104369
B/traj/176/pi_hpc	4617694927936595911
B/traj/176/pi_lpc	4612996180496502038
B/traj/176/required	0
B/traj/176/s	4606101554889448495
B/traj/176/sp_thrust	4649455569402142928
B/traj/176/v	4495107749114620111
B/traj/176/v_cmd	0
B/traj/176/v_regime	9087740570393753374
B/traj/177/nkeys	24
B/traj/177/Tt4	4654447179894519571
B/traj/177/b	4550713050344700344
B/traj/177/b_cmd	0
B/traj/177/branch	13126223303132988745
B/traj/177/f	4584479154383466155
B/traj/177/g	4552559094501538540
B/traj/177/ic_iters	1
B/traj/177/ic_order	15359057144970489593
B/traj/177/ic_res	0
B/traj/177/mdot_air	4604995842750791543
B/traj/177/mf	4582337553336842269
B/traj/177/mf_sched	4582403389825004051
B/traj/177/nu_hp	4606334732782077996
B/traj/177/nu_lp	4606105450314398102
B/traj/177/phi_hp	4606533283838021048
B/traj/177/phi_lp	4605923502623644521
B/traj/177/pi_hpc	4617698526308563311
B/traj/177/pi_lpc	4613001695178120763
B/traj/177/required	0
B/traj/177/s	4606146590885722200
B/traj/177/sp_thrust	4649453073288754074
B/traj/177/v	4494630136080525966
B/traj/177/v_cmd	0
B/traj/177/v_regime	9087740570393753374
B/traj/178/nkeys	24
B/traj/178/Tt4	4654440819665604515
B/traj/178/b	4550086783426774426
B/traj/178/b_cmd	0
B/traj/178/branch	13126223303132988745
B/traj/178/f	4584463916502668202
B/traj/178/g	4552282822272410779
B/traj/178/ic_iters	1
B/traj/178/ic_order	15359057144970489593
B/traj/178/ic_res	0
B/traj/178/mdot_air	4605009851725993703
B/traj/178/mf	4582339711713632330
B/traj/178/mf_sched	4582403389825004051
B/traj/178/nu_hp	4606340106701388018
B/traj/178/nu_lp	4606112125383232988
B/traj/178/phi_hp	4606539373266101891
B/traj/178/phi_lp	4605932755406846710
B/traj/178/pi_hpc	4617702080577813788
B/traj/178/pi_lpc	4613007150121069570
B/traj/178/required	0
B/traj/178/s	4606191626881995905
B/traj/178/sp_thrust	4649450580492978276
B/traj/178/v	4493803519677822602
B/traj/178/v_cmd	0
B/traj/178/v_regime	9087740570393753374
B/traj/179/nkeys	24
B/traj/179/Tt4	4654434509099417857
B/traj/179/b	4549520113634425634
B/traj/179/b_cmd	0
B/traj/179/branch	13126223303132988745
B/traj/179/f	4584448806781969402
B/traj/179/g	4552015607324188135
B/traj/179/ic_iters	1
B/traj/179/ic_order	15359057144970489593
B/traj/179/ic_res	0
B/traj/179/mdot_air	4605023736930820235
B/traj/179/mf	4582341799330415319
B/traj/179/mf_sched	4582403389825004051
B/traj/179/nu_hp	4606345426876587998
B/traj/179/nu_lp	4606118735130616850
B/traj/179/phi_hp	4606545405118065826
B/traj/179/phi_lp	4605941928156489281
B/traj/179/pi_hpc	4617705591226493208
B/traj/179/pi_lpc	4613012546038915255
B/traj/179/required	0
B/traj/179/s	4606236662878269610
B/traj/179/sp_thrust	4649448092030739234
B/traj/179/v	4493021446577968055
B/traj/179/v_cmd	0
B/traj/179/v_regime	9087740570393753374
B/traj/180/nkeys	24
B/traj/180/Tt4	4654428248824382837
B/traj/180/b	4549007369556191234
B/traj/180/b_cmd	0
B/traj/180/branch	13126223303132988745
B/traj/180/f	4584433826183132054
B/traj/180/g	4551757152723886598
B/traj/180/ic_iters	1
B/traj/180/ic_order	15359057144970489593
B/traj/180/ic_res	0
B/traj/180/mdot_air	4605037498746503409
B/traj/180/mf	4582343818506980175
B/traj/180/mf_sched	4582403389825004051
B/traj/180/nu_hp	4606350693644109049
B/traj/180/nu_lp	4606125279959154511
B/traj/180/phi_hp	4606551379465404860
B/traj/180/phi_lp	4605951020222607224
B/traj/180/pi_hpc	4617709058738508138
B/traj/180/pi_lpc	4613017883625824601
B/traj/180/required	0
B/traj/180/s	4606281698874543315
B/traj/180/sp_thrust	4649445608864982650
B/traj/180/v	4492313797509478416
B/traj/180/v_cmd	0
B/traj/180/v_regime	9087740570393753374
B/traj/181/nkeys	24
B/traj/181/Tt4	4654422039409871634
B/traj/181/b	4548451215328402669
B/traj/181/b_cmd	0
B/traj/181/branch	13126223303132988745
B/traj/181/f	4584418975551923037
B/traj/181/g	4551507171273143166
B/traj/181/ic_iters	1
B/traj/181/ic_order	15359057144970489593
B/traj/181/ic_res	0
B/traj/181/mdot_air	4605051137574581673
B/traj/181/mf	4582345771487064108
B/traj/181/mf_sched	4582403389825004051
B/traj/181/nu_hp	4606355907345773377
B/traj/181/nu_lp	4606131760279693010
B/traj/181/phi_hp	4606557296403220277
B/traj/181/phi_lp	4605960031069763148
B/traj/181/pi_hpc	4617712483598693381
B/traj/181/pi_lpc	4613023163558124139
B/traj/181/required	0
B/traj/181/s	4606326734870817020
B/traj/181/sp_thrust	4649443131907786838
B/traj/181/v	4491673490095468923
B/traj/181/v_cmd	0
B/traj/181/v_regime	9087740570393753374
B/traj/182/nkeys	24
B/traj/182/Tt4	4654415881368818198
B/traj/182/b	4547611616485675534
B/traj/182/b_cmd	0
B/traj/182/branch	13126223303132988745
B/traj/182/f	4584404255623248920
B/traj/182/g	4551265385189077016
B/traj/182/ic_iters	1
B/traj/182/ic_order	15359057144970489593
B/traj/182/ic_res	0
B/traj/182/mdot_air	4605064653836568565
B/traj/182/mf	4582347660440845875
B/traj/182/mf_sched	4582403389825004051
B/traj/182/nu_hp	4606361068328434687
B/traj/182/nu_lp	4606138176510648190
B/traj/182/phi_hp	4606563156049005848
B/traj/182/phi_lp	4605968960267255248
B/traj/182/pi_hpc	4617715866292067553
B/traj/182/pi_lpc	4613028386495709055
B/traj/182/required	0
B/traj/182/s	4606371770867090725
B/traj/182/sp_thrust	4649440662022404344
B/traj/182/v	4491094115935745108
B/traj/182/v_cmd	0
B/traj/182/v_regime	9087740570393753374
B/traj/183/nkeys	24
B/traj/183/Tt4	4654409775160251113
B/traj/183/b	4546851915967819420
B/traj/183/b_cmd	0
B/traj/183/branch	13126223303132988745
B/traj/183/f	4584389667026149633
B/traj/183/g	4551031525795613281
B/traj/183/ic_iters	1
B/traj/183/ic_order	15359057144970489593
B/traj/183/ic_res	0
B/traj/183/mdot_air	4605078047973568681
B/traj/183/mf	4582349487467357310
B/traj/183/mf_sched	4582403389825004051
B/traj/183/nu_hp	4606366176943631551
B/traj/183/nu_lp	4606144529077371998
B/traj/183/phi_hp	4606568958541478288
B/traj/183/phi_lp	4605977807480176671
B/traj/183/pi_hpc	4617719207303168412
B/traj/183/pi_lpc	4613033553083315200
B/traj/183/required	0
B/traj/183/s	4606416806863364430
B/traj/183/sp_thrust	4649438200025235577
B/traj/183/v	4490569876469496010
B/traj/183/v_cmd	0
B/traj/183/v_regime	9087740570393753374
B/traj/184/nkeys	24
B/traj/184/Tt4	4654403721191746510
B/traj/184/b	4546164510450493789
B/traj/184/b_cmd	0
B/traj/184/branch	13126223303132988745
B/traj/184/f	4584375210288648071
B/traj/184/g	4550805333224926445
B/traj/184/ic_iters	1
B/traj/184/ic_order	15359057144970489593
B/traj/184/ic_res	0
B/traj/184/mdot_air	4605091320445848401
B/traj/184/mf	4582351254596815801
B/traj/184/mf_sched	4582403389825004051
B/traj/184/nu_hp	4606371233547253406
B/traj/184/nu_lp	4606150818411557684
B/traj/184/phi_hp	4606574704039453220
B/traj/184/phi_lp	4605986572461248680
B/traj/184/pi_hpc	4617722507115460463
B/traj/184/pi_lpc	4613038663951667227
B/traj/184/required	0
B/traj/184/s	4606461842859638135
B/traj/184/sp_thrust	4649435746687735890
B/traj/184/v	4490095524941453842
B/traj/184/v_cmd	0
B/traj/184/v_regime	9087740570393753374
B/traj/185/nkeys	24
B/traj/185/Tt4	4654397719821800970
B/traj/185/b	4545542520160710658
B/traj/185/b_cmd	0
B/traj/185/branch	13126223303132988745
B/traj/185/f	4584360885842453565
B/traj/185/g	4550586556128671583
B/traj/185/ic_iters	1
B/traj/185/ic_order	15359057144970489593
B/traj/185/ic_res	0
B/traj/185/mdot_air	4605104471732368218
B/traj/185/mf	4582352963792880292
B/traj/185/mf_sched	4582403389825004051
B/traj/185/nu_hp	4606376238499218841
B/traj/185/nu_lp	4606157044950680298
B/traj/185/phi_hp	4606580392720765623
B/traj/185/phi_lp	4605995255043357579
B/traj/185/pi_hpc	4617725766210807959
B/traj/185/pi_lpc	4613043719718514425
B/traj/185/required	0
B/traj/185/s	4606506878855911840
B/traj/185/sp_thrust	4649433302738257222
B/traj/185/v	4489243799293013462
B/traj/185/v_cmd	0
B/traj/185/v_regime	9087740570393753374
B/traj/186/nkeys	24
B/traj/186/Tt4	4654391771362125151
B/traj/186/b	4544979720021879014
B/traj/186/b_cmd	0
B/traj/186/branch	13126223303132988745
B/traj/186/f	4584346694027518607
B/traj/186/g	4550374951398682567
B/traj/186/ic_iters	1
B/traj/186/ic_order	15359057144970489593
B/traj/186/ic_res	0
B/traj/186/mdot_air	4605117502330282704
B/traj/186/mf	4582354616954833331
B/traj/186/mf_sched	4582403389825004051
B/traj/186/nu_hp	4606381192163165849
B/traj/186/nu_lp	4606163209137470110
B/traj/186/phi_hp	4606586024781233074
B/traj/186/phi_lp	4606003855132731470
B/traj/186/pi_hpc	4617728985069007086
B/traj/186/pi_lpc	4613048720989564887
B/traj/186/required	0
B/traj/186/s	4606551914852185545
B/traj/186/sp_thrust	4649430868863825888
B/traj/186/v	4488467066784738670
B/traj/186/v_cmd	0
B/traj/186/v_regime	9087740570393753374
B/traj/187/nkeys	24
B/traj/187/Tt4	4654385876079858661
B/traj/187/b	4544470477351258936
B/traj/187/b_cmd	0
B/traj/187/branch	13126223303132988745
B/traj/187/f	4584332635096448276
B/traj/187/g	4550170283896826878
B/traj/187/ic_iters	1
B/traj/187/ic_order	15359057144970489593
B/traj/187/ic_res	0
B/traj/187/mdot_air	4605130412754413741
B/traj/187/mf	4582356215919691579
B/traj/187/mf_sched	4582403389825004051
B/traj/187/nu_hp	4606386094906153699
B/traj/187/nu_lp	4606169311419416748
B/traj/187/phi_hp	4606591600433660740
B/traj/187/phi_lp	4606012372702699414
B/traj/187/pi_hpc	4617732164167371754
B/traj/187/pi_lpc	4613053668359327614
B/traj/187/required	0
B/traj/187/s	4606596950848459250
B/traj/187/sp_thrust	4649428445711857791
B/traj/187/v	4487764250083782578
B/traj/187/v_cmd	0
B/traj/187/v_regime	9087740570393753374
B/traj/188/nkeys	24
B/traj/188/Tt4	4654380034199707368
B/traj/188/b	4543887366955733019
B/traj/188/b_cmd	0
B/traj/188/branch	13126223303132988745
B/traj/188/f	4584318709218763191
B/traj/188/g	4549972326193716825
B/traj/188/ic_iters	1
B/traj/188/ic_order	15359057144970489593
B/traj/188/ic_res	0
B/traj/188/mdot_air	4605143203536702022
B/traj/188/mf	4582357762464247126
B/traj/188/mf_sched	4582403389825004051
B/traj/188/nu_hp	4606390947098376106
B/traj/188/nu_lp	4606175352248302032
B/traj/188/phi_hp	4606597119906886377
B/traj/188/phi_lp	4606020807787980280
B/traj/188/pi_hpc	4617735303980367880
B/traj/188/pi_lpc	4613058562411871385
B/traj/188/required	0
B/traj/188/s	4606641986844732955
B/traj/188/sp_thrust	4649426033891812770
B/traj/188/v	4487128315177131220
B/traj/188/v_cmd	0
B/traj/188/v_regime	9087740570393753374
B/traj/189/nkeys	24
B/traj/189/Tt4	4654374245906004175
B/traj/189/b	4543053501534230415
B/traj/189/b_cmd	0
B/traj/189/branch	13126223303132988745
B/traj/189/f	4584304916485016677
B/traj/189/g	4549780858315986833
B/traj/189/ic_iters	1
B/traj/189/ic_order	15359057144970489593
B/traj/189/ic_res	0
B/traj/189/mdot_air	4605155875225641036
B/traj/189/mf	4582359258307041892
B/traj/189/mf_sched	4582403389825004051
B/traj/189/nu_hp	4606395749112885377
B/traj/189/nu_lp	4606181332079759637
B/traj/189/phi_hp	4606602583444864421
B/traj/189/phi_lp	4606029160479454114
B/traj/189/pi_hpc	4617738404979291466
B/traj/189/pi_lpc	4613063403721508181
B/traj/189/required	0
B/traj/189/s	4606687022841006660
B/traj/189/sp_thrust	4649423633976789434
B/traj/189/v	4486552897426034072
B/traj/189/v_cmd	0
B/traj/189/v_regime	9087740570393753374
B/traj/190/nkeys	24
B/traj/190/Tt4	4654368511344694634
B/traj/190/b	4542298988830901552
B/traj/190/b_cmd	0
B/traj/190/branch	13126223303132988745
B/traj/190/f	4584291256910767781
B/traj/190/g	4549595667501855967
B/traj/190/ic_iters	1
B/traj/190/ic_order	15359057144970489593
B/traj/190/ic_res	0
B/traj/190/mdot_air	4605168428385697680
B/traj/190/mf	4582360705110277289
B/traj/190/mf_sched	4582403389825004051
B/traj/190/nu_hp	4606400501325327199
B/traj/190/nu_lp	4606187251372859858
B/traj/190/phi_hp	4606607991305787590
B/traj/190/phi_lp	4606037430919372774
B/traj/190/pi_hpc	4617741467631986266
B/traj/190/pi_lpc	4613068192853408548
B/traj/190/required	0
B/traj/190/s	4606732058837280365
B/traj/190/sp_thrust	4649421246505062176
B/traj/190/v	4486032237866675706
B/traj/190/v_cmd	0
B/traj/190/v_regime	9087740570393753374
B/traj/191/nkeys	24
B/traj/191/Tt4	4654362830625248930
B/traj/191/b	4541616277442703222
B/traj/191/b_cmd	0
B/traj/191/branch	13126223303132988745
B/traj/191/f	4584277730440412057
B/traj/191/g	4549416547964704065
B/traj/191/ic_iters	1
B/traj/191/ic_order	15359057144970489593
B/traj/191/ic_res	0
B/traj/191/mdot_air	4605180863596722978
B/traj/191/mf	4582362104481661288
B/traj/191/mf_sched	4582403389825004051
B/traj/191/nu_hp	4606405204113685765
B/traj/191/nu_lp	4606193110589717895
B/traj/191/phi_hp	4606613343761244770
B/traj/191/phi_lp	4606045619296970698
B/traj/191/pi_hpc	4617744492402597321
B/traj/191/pi_lpc	4613072930364155309
B/traj/191/required	0
B/traj/191/s	4606777094833554070
B/traj/191/sp_thrust	4649418871981561906
B/traj/191/v	4485537022284255545
B/traj/191/v_cmd	0
B/traj/191/v_regime	9087740570393753374
B/traj/192/nkeys	24
B/traj/192/Tt4	4654357203822501701
B/traj/192/b	4540998534576984316
B/traj/192/b_cmd	0
B/traj/192/branch	13126223303132988745
B/traj/192/f	4584264336950872223
B/traj/192/g	4549243300664398774
B/traj/192/ic_iters	1
B/traj/192/ic_order	15359057144970489593
B/traj/192/ic_res	0
B/traj/192/mdot_air	4605193181453356206
B/traj/192/mf	4582363457976194924
B/traj/192/mf_sched	4582403389825004051
B/traj/192/nu_hp	4606409857858038917
B/traj/192/nu_lp	4606198910195124172
B/traj/192/phi_hp	4606618641095413986
B/traj/192/phi_lp	4606053725844440462
B/traj/192/pi_hpc	4617747479751356796
B/traj/192/pi_lpc	4613077616802241674
B/traj/192/required	0
B/traj/192/s	4606822130829827775
B/traj/192/sp_thrust	4649416510879302096
B/traj/192/v	4484684462143537033
B/traj/192/v_cmd	0
B/traj/192/v_regime	9087740570393753374
B/traj/193/nkeys	24
B/traj/193/Tt4	4654351630978421446
B/traj/193/b	4540439577666724385
B/traj/193/b_cmd	0
B/traj/193/branch	13126223303132988745
B/traj/193/f	4584251076255151295
B/traj/193/g	4549075733086119371
B/traj/193/ic_iters	1
B/traj/193/ic_order	15359057144970489593
B/traj/193/ic_res	0
B/traj/193/mdot_air	4605205382564424832
B/traj/193/mf	4582364767097900231
B/traj/193/mf_sched	4582403389825004051
B/traj/193/nu_hp	4606414462940323004
B/traj/193/nu_lp	4606204650656195342
B/traj/193/phi_hp	4606623883604289256
B/traj/193/phi_lp	4606061750833240768
B/traj/193/pi_hpc	4617750430134398923
B/traj/193/pi_lpc	4613082252708519044
B/traj/193/required	0
B/traj/193/s	4606867166826101480
B/traj/193/sp_thrust	4649414163640751714
B/traj/193/v	4483913033757209647
B/traj/193/v_cmd	0
B/traj/193/v_regime	9087740570393753374
B/traj/194/nkeys	24
B/traj/194/Tt4	4654346112103811246
B/traj/194/b	4539933812493437065
B/traj/194/b_cmd	0
B/traj/194/branch	13126223303132988745
B/traj/194/f	4584237948105750983
B/traj/194/g	4548913659026431607
B/traj/194/ic_iters	1
B/traj/194/ic_order	15359057144970489593
B/traj/194/ic_res	0
B/traj/194/mdot_air	4605217467552343189
B/traj/194/mf	4582366033301491542
B/traj/194/mf_sched	4582403389825004051
B/traj/194/nu_hp	4606419019744107148
B/traj/194/nu_lp	4606210332442044708
B/traj/194/phi_hp	4606629071594939968
B/traj/194/phi_lp	4606069694570707694
B/traj/194/pi_hpc	4617753344003601305
B/traj/194/pi_lpc	4613086838616599509
B/traj/194/required	0
B/traj/194/s	4606912202822375185
B/traj/194/sp_thrust	4649411830679156653
B/traj/194/v	4483215016424696141
B/traj/194/v_cmd	0
B/traj/194/v_regime	9087740570393753374
B/traj/195/nkeys	24
B/traj/195/Tt4	4654340647179942514
B/traj/195/b	4539323930007445431
B/traj/195/b_cmd	0
B/traj/195/branch	13126223303132988745
B/traj/195/f	4584224952197958180
B/traj/195/g	4548756898386375846
B/traj/195/ic_iters	1
B/traj/195/ic_order	15359057144970489593
B/traj/195/ic_res	0
B/traj/195/mdot_air	4605229437052511933
B/traj/195/mf	4582367257993991978
B/traj/195/mf_sched	4582403389825004051
B/traj/195/nu_hp	4606423528654376628
B/traj/195/nu_lp	4606215956023470895
B/traj/195/phi_hp	4606634205384801814
B/traj/195/phi_lp	4606077557396942622
B/traj/195/pi_hpc	4617756221806449931
B/traj/195/pi_lpc	4613091375053217437
B/traj/195/required	0
B/traj/195/s	4606957238818648890
B/traj/195/sp_thrust	4649409512379811228
B/traj/195/v	4482583424166587951
B/traj/195/v_cmd	0
B/traj/195/v_regime	9087740570393753374
B/traj/196/nkeys	24
B/traj/196/Tt4	4654335236160123748
B/traj/196/b	4538495758854994600
B/traj/196/b_cmd	0
B/traj/196/branch	13126223303132988745
B/traj/196/f	4584212088173002852
B/traj/196/g	4548574930298476216
B/traj/196/ic_iters	1
B/traj/196/ic_order	15359057144970489593
B/traj/196/ic_res	0
B/traj/196/mdot_air	4605241291712720075
B/traj/196/mf	4582368442536296956
B/traj/196/mf_sched	4582403389825004051
B/traj/196/nu_hp	4606427990057325091
B/traj/196/nu_lp	4606221521872663690
B/traj/196/phi_hp	4606639285300997988
B/traj/196/phi_lp	4606085339681952628
B/traj/196/pi_hpc	4617759063985925532
B/traj/196/pi_lpc	4613095862538554123
B/traj/196/required	0
B/traj/196/s	4607002274814922595
B/traj/196/sp_thrust	4649407209101281304
B/traj/196/v	4482011935806741982
B/traj/196/v_cmd	0
B/traj/196/v_regime	9087740570393753374
B/traj/197/nkeys	24
B/traj/197/Tt4	4654329878971205953
B/traj/197/b	4537746398539838871
B/traj/197/b_cmd	0
B/traj/197/branch	13126223303132988745
B/traj/197/f	4584199355621090309
B/traj/197/g	4548281628950768998
B/traj/197/ic_iters	1
B/traj/197/ic_order	15359057144970489593
B/traj/197/ic_res	0
B/traj/197/mdot_air	4605253032192551547
B/traj/197/mf	4582369588244686438
B/traj/197/mf_sched	4582403389825004051
B/traj/197/nu_hp	4606432404340155308
B/traj/197/nu_lp	4606227030462926042
B/traj/197/phi_hp	4606644311679689639
B/traj/197/phi_lp	4606093041823021595
B/traj/197/pi_hpc	4617761870980409148
B/traj/197/pi_lpc	4613100301586529333
B/traj/197/required	0
B/traj/197/s	4607047310811196300
B/traj/197/sp_thrust	4649404921176580565
B/traj/197/v	4481494831707939855
B/traj/197/v_cmd	0
B/traj/197/v_regime	9087740570393753374
B/traj/198/nkeys	24
B/traj/198/Tt4	4654324575515026820
B/traj/198/b	4537068349225674149
B/traj/198/b_cmd	0
B/traj/198/branch	13126223303132988745
B/traj/198/f	4584186754084311529
B/traj/198/g	4547997943164873478
B/traj/198/ic_iters	1
B/traj/198/ic_order	15359057144970489593
B/traj/198/ic_res	0
B/traj/198/mdot_air	4605264659162797603
B/traj/198/mf	4582370696392287592
B/traj/198/mf_sched	4582403389825004051
B/traj/198/nu_hp	4606436771890888191
B/traj/198/nu_lp	4606232482268411287
B/traj/198/phi_hp	4606649284865454394
B/traj/198/phi_lp	4606100664242291798
B/traj/198/pi_hpc	4617764643223605011
B/traj/198/pi_lpc	4613104692705062831
B/traj/198/required	0
B/traj/198/s	4607092346807470005
B/traj/198/sp_thrust	4649402648914301502
B/traj/198/v	4480972243822236450
B/traj/198/v_cmd	0
B/traj/198/v_regime	9087740570393753374
B/traj/199/nkeys	24
B/traj/199/Tt4	4654319325669795315
B/traj/199/b	4536454824779368627
B/traj/199/b_cmd	0
B/traj/199/branch	13126223303132988745
B/traj/199/f	4584174283059434522
B/traj/199/g	4547723557705180692
B/traj/199/ic_iters	1
B/traj/199/ic_order	15359057144970489593
B/traj/199/ic_res	0
B/traj/199/mdot_air	4605276173304876414
B/traj/199/mf	4582371768210489517
B/traj/199/mf_sched	4582403389825004051
B/traj/199/nu_hp	4606441093098179814
B/traj/199/nu_lp	4606237877763874728
B/traj/199/phi_hp	4606654205210692087
B/traj/199/phi_lp	4606108207384538262
B/traj/199/pi_hpc	4617767381144478851
B/traj/199/pi_lpc	4613109036396309104
B/traj/199/required	0
B/traj/199/s	4607137382803743710
B/traj/199/sp_thrust	4649400392599702522
B/traj/199/v	4480125505612370186
B/traj/199/v_cmd	0
B/traj/199/v_regime	9087740570393753374
B/traj/200/nkeys	24
B/traj/200/Tt4	4654314129291418756
B/traj/200/b	4535899684853184654
B/traj/200/b_cmd	0
B/traj/200/branch	13126223303132988745
B/traj/200/f	4584161942000580615
B/traj/200/g	4547458167670734097
B/traj/200/ic_iters	1
B/traj/200/ic_order	15359057144970489593
B/traj/200/ic_res	0
B/traj/200/mdot_air	4605287575310261068
B/traj/200/mf	4582372804890311574
B/traj/200/mf_sched	4582403389825004051
B/traj/200/nu_hp	4606445368351146158
B/traj/200/nu_lp	4606243217424438759
B/traj/200/phi_hp	4606659073075056423
B/traj/200/phi_lp	4606115671715118960
B/traj/200/pi_hpc	4617770085167210273
B/traj/200/pi_lpc	4613113333156867841
B/traj/200/required	0
B/traj/200/s	4607182418800017411
B/traj/200/sp_thrust	4649398152495752786
B/traj/200/v	4479359345127400320
B/traj/200/v_cmd	0
B/traj/200/v_regime	9087740570393753374
B/traj/201/nkeys	24
B/traj/201/Tt4	4654308986214774098
B/traj/201/b	4535397373430226164
B/traj/201/b_cmd	0
B/traj/201/branch	13126223303132988745
B/traj/201/f	4584149730321788768
B/traj/201/g	4547201478156419367
B/traj/201/ic_iters	1
B/traj/201/ic_order	15359057144970489593
B/traj/201/ic_res	0
B/traj/201/mdot_air	4605298865879916809
B/traj/201/mf	4582373807583726866
B/traj/201/mf_sched	4582403389825004051
B/traj/201/nu_hp	4606449598039195340
B/traj/201/nu_lp	4606248501725370783
B/traj/201/phi_hp	4606663888824911840
B/traj/201/phi_lp	4606123057718086250
B/traj/201/pi_hpc	4617772755711157486
B/traj/201/pi_lpc	4613117583477972746
B/traj/201/required	0
B/traj/201/s	4607204936798154263
B/traj/201/sp_thrust	4649395928844136035
B/traj/201/v	4478666094389581399
B/traj/201/v_cmd	0
B/traj/201/v_regime	9087740570393753374
B/traj/202/nkeys	24
B/traj/202/Tt4	4654303896254925337
B/traj/202/b	4534760901674020450
B/traj/202/b_cmd	0
B/traj/202/branch	13126223303132988745
B/traj/202/f	4584137647399471605
B/traj/202/g	4546953203925261713
B/traj/202/ic_iters	1
B/traj/202/ic_order	15359057144970489593
B/traj/202/ic_res	0
B/traj/202/mdot_air	4605310045723748422
B/traj/202/mf	4582374777404942325
B/traj/202/mf_sched	4582403389825004051
B/traj/202/nu_hp	4606453782551867057
B/traj/202/nu_lp	4606253731141873212
B/traj/202/phi_hp	4606668652832814430
B/traj/202/phi_lp	4606130365894445660
B/traj/202/pi_hpc	4617775393190833219
B/traj/202/pi_lpc	4613121787845660913
B/traj/202/required	0
B/traj/202/s	4607227454796291115
B/traj/202/sp_thrust	4649393721866214968
B/traj/202/v	4478038815125100171
B/traj/202/v_cmd	0
B/traj/202/v_regime	9087740570393753374
B/traj/203/nkeys	24
B/traj/203/Tt4	4654298859208288883
B/traj/203/b	4533938385905809528
B/traj/203/b_cmd	0
B/traj/203/branch	13126223303132988745
B/traj/203/f	4584125692574766617
B/traj/203/g	4546713069091466567
B/traj/203/ic_iters	1
B/traj/203/ic_order	15359057144970489593
B/traj/203/ic_res	0
B/traj/203/mdot_air	4605321115560058499
B/traj/203/mf	4582375715431636838
B/traj/203/mf_sched	4582403389825004051
B/traj/203/nu_hp	4606457922278679020
B/traj/203/nu_lp	4606258906148884900
B/traj/203/phi_hp	4606673365477016100
B/traj/203/phi_lp	4606137596760549702
B/traj/203/pi_hpc	4617777998015890732
B/traj/203/pi_lpc	4613125946740924655
B/traj/203/required	0
B/traj/203/s	4607249972794427967
B/traj/203/sp_thrust	4649391531763957475
B/traj/203/v	4477471229323625138
B/traj/203/v_cmd	0
B/traj/203/v_regime	9087740570393753374
B/traj/204/nkeys	24
B/traj/204/Tt4	4654293874853748605
B/traj/204/b	4533194142794390978
B/traj/204/b_cmd	0
B/traj/204/branch	13126223303132988745
B/traj/204/f	4584113865155785840
B/traj/204/g	4546480806813851436
B/traj/204/ic_iters	1
B/traj/204/ic_order	15359057144970489593
B/traj/204/ic_res	0
B/traj/204/mdot_air	4605332076115017014
B/traj/204/mf	4582376622706158772
B/traj/204/mf_sched	4582403389825004051
B/traj/204/nu_hp	4606462017608980122
B/traj/204/nu_lp	4606264027220893387
B/traj/204/phi_hp	4606678027140991101
B/traj/204/phi_lp	4606144750846615468
B/traj/204/pi_hpc	4617780570591118550
B/traj/204/pi_lpc	4613130060639847784
B/traj/204/required	0
B/traj/204/s	4607272490792564819
B/traj/204/sp_thrust	4649389358720826022
B/traj/204/v	4476957656405982973
B/traj/204/v_cmd	0
B/traj/204/v_regime	9087740570393753374
B/traj/205/nkeys	24
B/traj/205/Tt4	4654288942953722472
B/traj/205/b	4532520723718062796
B/traj/205/b_cmd	0
B/traj/205/branch	13126223303132988745
B/traj/205/f	4584102164419767646
B/traj/205/g	4546256158999328249
B/traj/205/ic_iters	1
B/traj/205/ic_order	15359057144970489593
B/traj/205/ic_res	0
B/traj/205/mdot_air	4605342928122143019
B/traj/205/mf	4582377500236684253
B/traj/205/mf_sched	4582403389825004051
B/traj/205/nu_hp	4606466068931810121
B/traj/205/nu_lp	4606269094831757386
B/traj/205/phi_hp	4606682638212983828
B/traj/205/phi_lp	4606151828695355585
B/traj/205/pi_hpc	4617783111316443289
B/traj/205/pi_lpc	4613134130013727952
B/traj/205/required	0
B/traj/205/s	4607295008790701671
B/traj/205/sp_thrust	4649387202902631633
B/traj/205/v	4476407883135958836
B/traj/205/v_cmd	0
B/traj/205/v_regime	9087740570393753374
B/traj/206/nkeys	24
B/traj/206/Tt4	4654284063255182361
B/traj/206/b	4531911388884585695
B/traj/206/b_cmd	0
B/traj/206/branch	13126223303132988745
B/traj/206/f	4584090589615133837
B/traj/206/g	4546038876016106714
B/traj/206/ic_iters	1
B/traj/206/ic_order	15359057144970489593
B/traj/206/ic_res	0
B/traj/206/mdot_air	4605353672321798319
B/traj/206/mf	4582378348998337462
B/traj/206/mf_sched	4582403389825004051
B/traj/206/nu_hp	4606470076635765612
B/traj/206/nu_lp	4606274109454538970
B/traj/206/phi_hp	4606687199085577468
B/traj/206/phi_lp	4606158830860713274
B/traj/206/pi_hpc	4617785620586939431
B/traj/206/pi_lpc	4613138155329186393
B/traj/206/required	0
B/traj/206/s	4607317526788838523
B/traj/206/sp_thrust	4649385064458353564
B/traj/206/v	4475566927100360820
B/traj/206/v_cmd	0
B/traj/206/v_regime	9087740570393753374
B/traj/207/nkeys	24
B/traj/207/Tt4	4654279235490628861
B/traj/207/b	4531360039877199359
B/traj/207/b_cmd	0
B/traj/207/branch	13126223303132988745
B/traj/207/f	4584079139963455447
B/traj/207/g	4545828716416299982
B/traj/207/ic_iters	1
B/traj/207/ic_order	15359057144970489593
B/traj/207/ic_res	0
B/traj/207/mdot_air	4605364309460694071
B/traj/207/mf	4582379169934274207
B/traj/207/mf_sched	4582403389825004051
B/traj/207/nu_hp	4606474041108872060
B/traj/207/nu_lp	4606279071561344959
B/traj/207/phi_hp	4606691710155282262
B/traj/207/phi_lp	4606165757906692934
B/traj/207/pi_hpc	4617788098792845410
B/traj/207/pi_lpc	4613142137048266679
B/traj/207/required	0
B/traj/207/s	4607340044786975375
B/traj/207/sp_thrust	4649382943520926046
B/traj/207/v	4474805998543500400
B/traj/207/v_cmd	0
B/traj/207/v_regime	9087740570393753374
B/traj/208/nkeys	24
B/traj/208/Tt4	4654274459379022674
B/traj/208/b	4530861158619728425
B/traj/208/b_cmd	0
B/traj/208/branch	13126223303132988745
B/traj/208/f	4584067814661330532
B/traj/208/g	4545625446667624383
B/traj/208/ic_iters	1
B/traj/208/ic_order	15359057144970489593
B/traj/208/ic_res	0
B/traj/208/mdot_air	4605374840291410021
B/traj/208/mf	4582379963956729971
B/traj/208/mf_sched	4582403389825004051
B/traj/208/nu_hp	4606477962738461696
B/traj/208/nu_lp	4606283981623177032
B/traj/208/phi_hp	4606696171822142846
B/traj/208/phi_lp	4606172610406278404
B/traj/208/pi_hpc	4617790546319585197
B/traj/208/pi_lpc	4613146075628523496
B/traj/208/required	0
B/traj/208/s	4607362562785112227
B/traj/208/sp_thrust	4649380840207993259
B/traj/208/v	4474117481850432210
B/traj/208/v_cmd	0
B/traj/208/v_regime	9087740570393753374
B/traj/209/nkeys	24
B/traj/209/Tt4	4654269734626674276
B/traj/209/b	4530198279165124161
B/traj/209/b_cmd	0
B/traj/209/branch	13126223303132988745
B/traj/209/f	4584056612882177142
B/traj/209/g	4545428840893895089
B/traj/209/ic_iters	1
B/traj/209/ic_order	15359057144970489593
B/traj/209/ic_res	0
B/traj/209/mdot_air	4605385265571926806
B/traj/209/mf	4582380731948033601
B/traj/209/mf_sched	4582403389825004051
B/traj/209/nu_hp	4606481841911057060
B/traj/209/nu_lp	4606288840109790116
B/traj/209/phi_hp	4606700584489363868
B/traj/209/phi_lp	4606179388940431874
B/traj/209/pi_hpc	4617792963547794775
B/traj/209/pi_lpc	4613149971523102605
B/traj/209/required	0
B/traj/209/s	4607385080783249079
B/traj/209/sp_thrust	4649378754622633675
B/traj/209/v	4473494486127168122
B/traj/209/v_cmd	0
B/traj/209/v_regime	9087740570393753374
B/traj/210/nkeys	24
B/traj/210/Tt4	4654265060928093312
B/traj/210/b	4529381380161876438
B/traj/210/b_cmd	0
B/traj/210/branch	13126223303132988745
B/traj/210/f	4584045533777944476
B/traj/210/g	4545238680624029344
B/traj/210/ic_iters	1
B/traj/210/ic_order	15359057144970489593
B/traj/210/ic_res	0
B/traj/210/mdot_air	4605395586065171372
B/traj/210/mf	4582381474761587764
B/traj/210/mf_sched	4582403389825004051
B/traj/210/nu_hp	4606485679012259994
B/traj/210/nu_lp	4606293647489558642
B/traj/210/phi_hp	4606704948562953189
B/traj/210/phi_lp	4606186094097167024
B/traj/210/pi_hpc	4617795350853352908
B/traj/210/pi_lpc	4613153825180813024
B/traj/210/required	0
B/traj/210/s	4607407598781385931
B/traj/210/sp_thrust	4649376686854054897
B/traj/210/v	4472930776234419153
B/traj/210/v_cmd	0
B/traj/210/v_regime	9087740570393753374
B/traj/211/nkeys	24
B/traj/211/Tt4	4654260437966799498
B/traj/211/b	4528642219310025276
B/traj/211/b_cmd	0
B/traj/211/branch	13126223303132988745
B/traj/211/f	4584034576480745647
B/traj/211/g	4545054754549278340
B/traj/211/ic_iters	1
B/traj/211/ic_order	15359057144970489593
B/traj/211/ic_res	0
B/traj/211/mdot_air	4605405802538575565
B/traj/211/mf	4582382193222817260
B/traj/211/mf_sched	4582403389825004051
B/traj/211/nu_hp	4606489474426645889
B/traj/211/nu_lp	4606298404229350272
B/traj/211/phi_hp	4606709264451381721
B/traj/211/phi_lp	4606192726470690191
B/traj/211/pi_hpc	4617797708607415693
B/traj/211/pi_lpc	4613157637046192267
B/traj/211/required	0
B/traj/211/s	4607430116779522783
B/traj/211/sp_thrust	4649374636978260209
B/traj/211/v	4472420710384338907
B/traj/211/v_cmd	0
B/traj/211/v_regime	9087740570393753374
B/traj/212/nkeys	24
B/traj/212/Tt4	4654255865416096218
B/traj/212/b	4527973398852738401
B/traj/212/b_cmd	0
B/traj/212/branch	13126223303132988745
B/traj/212/f	4584023740104414510
B/traj/212/g	4544876858288417986
B/traj/212/ic_iters	1
B/traj/212/ic_order	15359057144970489593
B/traj/212/ic_res	0
B/traj/212/mdot_air	4605415915763647883
B/traj/212/mf	4582382888130086246
B/traj/212/mf_sched	4582403389825004051
B/traj/212/nu_hp	4606493228537663005
B/traj/212/nu_lp	4606303110794406727
B/traj/212/phi_hp	4606713532565259722
B/traj/212/phi_lp	4606199286660604603
B/traj/212/pi_hpc	4617800037176454321
B/traj/212/pi_lpc	4613161407559565445
B/traj/212/required	0
B/traj/212/s	4607452634777659635
B/traj/212/sp_thrust	4649372605058687701
B/traj/212/v	4471843937372531318
B/traj/212/v_cmd	0
B/traj/212/v_regime	9087740570393753374
B/traj/213/nkeys	24
B/traj/213/Tt4	4654251342939808537
B/traj/213/b	4527368225022218088
B/traj/213/b_cmd	0
B/traj/213/branch	13126223303132988745
B/traj/213/f	4584013023745989992
B/traj/213/g	4544704794160637635
B/traj/213/ic_iters	1
B/traj/213/ic_order	15359057144970489593
B/traj/213/ic_res	0
B/traj/213/mdot_air	4605425926515558315
B/traj/213/mf	4582383560255585388
B/traj/213/mf_sched	4582403389825004051
B/traj/213/nu_hp	4606496941727536672
B/traj/213/nu_lp	4606307767648231365
B/traj/213/phi_hp	4606717753317028315
B/traj/213/phi_lp	4606205775271172329
B/traj/213/pi_hpc	4617802336922295760
B/traj/213/pi_lpc	4613165137157098982
B/traj/213/required	0
B/traj/213/s	4607475152775796487
B/traj/213/sp_thrust	4649370591146823196
B/traj/213/v	4471008724026105829
B/traj/213/v_cmd	0
B/traj/213/v_regime	9087740570393753374
B/traj/214/nkeys	24
B/traj/214/Tt4	4654246870192986893
B/traj/214/b	4526820641046344664
B/traj/214/b_cmd	0
B/traj/214/branch	13126223303132988745
B/traj/214/f	4584002426487130385
B/traj/214/g	4544538370965874406
B/traj/214/ic_iters	1
B/traj/214/ic_order	15359057144970489593
B/traj/214/ic_res	0
B/traj/214/mdot_air	4605435835572736426
B/traj/214/mf	4582384210346189932
B/traj/214/mf_sched	4582403389825004051
B/traj/214/nu_hp	4606500614377178203
B/traj/214/nu_lp	4606312375252483189
B/traj/214/phi_hp	4606721927120666064
B/traj/214/phi_lp	4606212192910629719
B/traj/214/pi_hpc	4617804608202165859
B/traj/214/pi_lpc	4613168826270849584
B/traj/214/required	0
B/traj/214/s	4607497670773933339
B/traj/214/sp_thrust	4649368595282787843
B/traj/214/v	4470252991669759555
B/traj/214/v_cmd	0
B/traj/214/v_regime	9087740570393753374
B/traj/215/nkeys	24
B/traj/215/Tt4	4654242446822577893
B/traj/215/b	4526325166530575295
B/traj/215/b_cmd	0
B/traj/215/branch	13126223303132988745
B/traj/215/f	4583991947395460569
B/traj/215/g	4544377403772349001
B/traj/215/ic_iters	1
B/traj/215/ic_order	15359057144970489593
B/traj/215/ic_res	0
B/traj/215/mdot_air	4605445643716482180
B/traj/215/mf	4582384839124289641
B/traj/215/mf_sched	4582403389825004051
B/traj/215/nu_hp	4606504246866098342
B/traj/215/nu_lp	4606316934066876964
B/traj/215/phi_hp	4606726054391409683
B/traj/215/phi_lp	4606218540190552025
B/traj/215/pi_hpc	4617806851368734578
B/traj/215/pi_lpc	4613172475328809027
B/traj/215/required	0
B/traj/215/s	4607520188772070191
B/traj/215/sp_thrust	4649366617495901428
B/traj/215/v	4469569176693774084
B/traj/215/v_cmd	0
B/traj/215/v_regime	9087740570393753374
B/traj/216/nkeys	24
B/traj/216/Tt4	4654238072468063467
B/traj/216/b	4525636059709477177
B/traj/216/b_cmd	0
B/traj/216/branch	13126223303132988745
B/traj/216/f	4583981585525854660
B/traj/216/g	4544221713711066930
B/traj/216/ic_iters	1
B/traj/216/ic_order	15359057144970489593
B/traj/216/ic_res	0
B/traj/216/mdot_air	4605455351730589706
B/traj/216/mf	4582385447288591524
B/traj/216/mf_sched	4582403389825004051
B/traj/216/nu_hp	4606507839572325087
B/traj/216/nu_lp	4606321444549089162
B/traj/216/phi_hp	4606730135545488597
B/traj/216/phi_lp	4606224817725263608
B/traj/216/pi_hpc	4617809066770162911
B/traj/216/pi_lpc	4613176084754945276
B/traj/216/required	0
B/traj/216/s	4607542706770207043
B/traj/216/sp_thrust	4649364657805222207
B/traj/216/v	4468950435260440830
B/traj/216/v_cmd	0
B/traj/216/v_regime	9087740570393753374
B/traj/217/nkeys	24
B/traj/217/Tt4	4654233746762069800
B/traj/217/b	4524824739115637815
B/traj/217/b_cmd	0
B/traj/217/branch	13126223303132988745
B/traj/217/f	4583971339921656875
B/traj/217/g	4544010231537283105
B/traj/217/ic_iters	1
B/traj/217/ic_order	15359057144970489593
B/traj/217/ic_res	0
B/traj/217/mdot_air	4605464960400983902
B/traj/217/mf	4582386035514896251
B/traj/217/mf_sched	4582403389825004051
B/traj/217/nu_hp	4606511392872325725
B/traj/217/nu_lp	4606325907154669447
B/traj/217/phi_hp	4606734170999872396
B/traj/217/phi_lp	4606231026131290076
B/traj/217/pi_hpc	4617811254750151512
B/traj/217/pi_lpc	4613179654969240498
B/traj/217/required	0
B/traj/217/s	4607565224768343895
B/traj/217/sp_thrust	4649362716220064396
B/traj/217/v	4468390574808757152
B/traj/217/v_cmd	0
B/traj/217/v_regime	9087740570393753374
B/traj/218/nkeys	24
B/traj/218/Tt4	4654229469330947079
B/traj/218/b	4524090625817809691
B/traj/218/b_cmd	0
B/traj/218/branch	13126223303132988745
B/traj/218/f	4583961209615842876
B/traj/218/g	4543718933257418926
B/traj/218/ic_iters	1
B/traj/218/ic_order	15359057144970489593
B/traj/218/ic_res	0
B/traj/218/mdot_air	4605474470515369222
B/traj/218/mf	4582386604456849111
B/traj/218/mf_sched	4582403389825004051
B/traj/218/nu_hp	4606514907140932919
B/traj/218/nu_lp	4606330322336957445
B/traj/218/phi_hp	4606738161172031116
B/traj/218/phi_lp	4606237166026849424
B/traj/218/pi_hpc	4617813415647990336
B/traj/218/pi_lpc	4613183186387726216
B/traj/218/required	0
B/traj/218/s	4607587742766480747
B/traj/218/sp_thrust	4649360792740493864
B/traj/218/v	4467883992077306822
B/traj/218/v_cmd	0
B/traj/218/v_regime	9087740570393753374
B/traj/219/nkeys	24
B/traj/219/Tt4	4654225239795321453
B/traj/219/b	4523426372576686136
B/traj/219/b_cmd	0
B/traj/219/branch	13126223303132988745
B/traj/219/f	4583951193632124280
B/traj/219/g	4543437184870992235
B/traj/219/ic_iters	1
B/traj/219/ic_order	15359057144970489593
B/traj/219/ic_res	0
B/traj/219/mdot_air	4605483882862891086
B/traj/219/mf	4582387154746666350
B/traj/219/mf_sched	4582403389825004051
B/traj/219/nu_hp	4606518382751274707
B/traj/219/nu_lp	4606334690547004549
B/traj/219/phi_hp	4606742106479707385
B/traj/219/phi_lp	4606243238031379030
B/traj/219/pi_hpc	4617815549798609486
B/traj/219/pi_lpc	4613186679422516136
B/traj/219/required	0
B/traj/219/s	4607610260764617599
B/traj/219/sp_thrust	4649358887357803191
B/traj/219/v	4467280403698544235
B/traj/219/v_cmd	0
B/traj/219/v_regime	9087740570393753374
B/traj/220/nkeys	24
B/traj/220/Tt4	4654221057770620234
B/traj/220/b	4522825331334621002
B/traj/220/b_cmd	0
B/traj/220/branch	13126223303132988745
B/traj/220/f	4583941290985998505
B/traj/220/g	4543164673295259426
B/traj/220/ic_iters	1
B/traj/220/ic_order	15359057144970489593
B/traj/220/ic_res	0
B/traj/220/mdot_air	4605493198233809163
B/traj/220/mf	4582387686995837703
B/traj/220/mf_sched	4582403389825004051
B/traj/220/nu_hp	4606521820074708255
B/traj/220/nu_lp	4606339012233500523
B/traj/220/phi_hp	4606746007340700220
B/traj/220/phi_lp	4606249242765096017
B/traj/220/pi_hpc	4617817657532630739
B/traj/220/pi_lpc	4613190134481836897
B/traj/220/required	0
B/traj/220/s	4607632778762754451
B/traj/220/sp_thrust	4649357000054966670
B/traj/220/v	4466450893825829897
B/traj/220/v_cmd	0
B/traj/220/v_regime	9087740570393753374
B/traj/221/nkeys	24
B/traj/221/Tt4	4654216922867571454
B/traj/221/b	4522281486679753891
B/traj/221/b_cmd	0
B/traj/221/branch	13126223303132988745
B/traj/221/f	4583931500685746208
B/traj/221/g	4542901095711549995
B/traj/221/ic_iters	1
B/traj/221/ic_order	15359057144970489593
B/traj/221/ic_res	0
B/traj/221/mdot_air	4605502417419182743
B/traj/221/mf	4582388201795805886
B/traj/221/mf_sched	4582403389825004051
B/traj/221/nu_hp	4606525219480757236
B/traj/221/nu_lp	4606343287842704686
B/traj/221/phi_hp	4606749864172659884
B/traj/221/phi_lp	4606255180848588542
B/traj/221/pi_hpc	4617819739176419809
B/traj/221/pi_lpc	4613193551970057084
B/traj/221/required	0
B/traj/221/s	4607655296760891303
B/traj/221/sp_thrust	4649355130807076142
B/traj/221/v	4465700322186377737
B/traj/221/v_cmd	0
B/traj/221/v_regime	9087740570393753374
B/traj/222/nkeys	24
B/traj/222/Tt4	4654212834692678925
B/traj/222/b	4521789395641855571
B/traj/222/b_cmd	0
B/traj/222/branch	13126223303132988745
B/traj/222/f	4583921821733378637
B/traj/222/g	4542646159228770199
B/traj/222/ic_iters	1
B/traj/222/ic_order	15359057144970489593
B/traj/222/ic_res	0
B/traj/222/mdot_air	4605511541210567571
B/traj/222/mf	4582388699718623815
B/traj/222/mf_sched	4582403389825004051
B/traj/222/nu_hp	4606528581337052687
B/traj/222/nu_lp	4606347517818381459
B/traj/222/phi_hp	4606753677392893341
B/traj/222/phi_lp	4606261052902435687
B/traj/222/pi_hpc	4617821795052138989
B/traj/222/pi_lpc	4613196932287714715
B/traj/222/required	0
B/traj/222/s	4607677814759028155
B/traj/222/sp_thrust	4649353279581758397
B/traj/222/v	4465021176820564943
B/traj/222/v_cmd	0
B/traj/222/v_regime	9087740570393753374
B/traj/223/nkeys	24
B/traj/223/Tt4	4654208792848673778
B/traj/223/b	4521074240554724517
B/traj/223/b_cmd	0
B/traj/223/branch	13126223303132988745
B/traj/223/f	4583912253125536903
B/traj/223/g	4542399580557938383
B/traj/223/ic_iters	1
B/traj/223/ic_order	15359057144970489593
B/traj/223/ic_res	0
B/traj/223/mdot_air	4605520570399724213
B/traj/223/mf	4582389181317590284
B/traj/223/mf_sched	4582403389825004051
B/traj/223/nu_hp	4606531906009277224
B/traj/223/nu_lp	4606351702601740076
B/traj/223/phi_hp	4606757447418179909
B/traj/223/phi_lp	4606266859546853932
B/traj/223/pi_hpc	4617823825477800160
B/traj/223/pi_lpc	4613200275831543480
B/traj/223/required	0
B/traj/223/s	4607700332757165007
B/traj/223/sp_thrust	4649351446339574846
B/traj/223/v	4464406660625626309
B/traj/223/v_cmd	0
B/traj/223/v_regime	9087740570393753374
B/traj/224/nkeys	24
B/traj/224/Tt4	4654204796934943475
B/traj/224/b	4520268460276659660
B/traj/224/b_cmd	0
B/traj/224/branch	13126223303132988745
B/traj/224/f	4583902793854345213
B/traj/224/g	4542161085697390305
B/traj/224/ic_iters	1
B/traj/224/ic_order	15359057144970489593
B/traj/224/ic_res	0
B/traj/224/mdot_air	4605529505778337507
B/traj/224/mf	4582389647127864792
B/traj/224/mf_sched	4582403389825004051
B/traj/224/nu_hp	4606535193861112478
B/traj/224/nu_lp	4606355842631378273
B/traj/224/phi_hp	4606761174664596623
B/traj/224/phi_lp	4606272601401368381
B/traj/224/pi_hpc	4617825830767317957
B/traj/224/pi_lpc	4613203582994497936
B/traj/224/required	0
B/traj/224/s	4607722850755301859
B/traj/224/sp_thrust	4649349631034404172
B/traj/224/v	4463850623328088523
B/traj/224/v_cmd	0
B/traj/224/v_regime	9087740570393753374
B/traj/225/nkeys	24
B/traj/225/Tt4	4654200846547939307
B/traj/225/b	4519539360064306150
B/traj/225/b_cmd	0
B/traj/225/branch	13126223303132988745
B/traj/225/f	4583893442908220096
B/traj/225/g	4541930409628304657
B/traj/225/ic_iters	1
B/traj/225/ic_order	15359057144970489593
B/traj/225/ic_res	0
B/traj/225/mdot_air	4605538348137747010
B/traj/225/mf	4582390097667062224
B/traj/225/mf_sched	4582403389825004051
B/traj/225/nu_hp	4606538445254189632
B/traj/225/nu_lp	4606359938343229766
B/traj/225/phi_hp	4606764859547352901
B/traj/225/phi_lp	4606278279084506895
B/traj/225/pi_hpc	4617827811230563071
B/traj/225/pi_lpc	4613206854165777831
B/traj/225/required	0
B/traj/225/s	4607745368753438711
B/traj/225/sp_thrust	4649347833613808708
B/traj/225/v	4463347499929877676
B/traj/225/v_cmd	0
B/traj/225/v_regime	9087740570393753374
B/traj/226/nkeys	24
B/traj/226/Tt4	4654196941281563211
B/traj/226/b	4518879642850910731
B/traj/226/b_cmd	0
B/traj/226/branch	13126223303132988745
B/traj/226/f	4583884199272637411
B/traj/226/g	4541707296020210449
B/traj/226/ic_iters	1
B/traj/226/ic_order	15359057144970489593
B/traj/226/ic_res	0
B/traj/226/mdot_air	4605547098268687915
B/traj/226/mf	4582390533435828033
B/traj/226/mf_sched	4582403389825004051
B/traj/226/nu_hp	4606541660548042948
B/traj/226/nu_lp	4606363990170515351
B/traj/226/phi_hp	4606768502480634243
B/traj/226/phi_lp	4606283893213515646
B/traj/226/pi_hpc	4617829767173415382
B/traj/226/pi_lpc	4613210089730851674
B/traj/226/required	0
B/traj/226/s	4607767886751575563
B/traj/226/sp_thrust	4649346054019385008
B/traj/226/v	4462717279299936602
B/traj/226/v_cmd	0
B/traj/226/v_regime	9087740570393753374
B/traj/227/nkeys	24
B/traj/227/Tt4	4654193080727534913
B/traj/227/b	4518282705976835054
B/traj/227/b_cmd	0
B/traj/227/branch	13126223303132988745
B/traj/227/f	4583875061930859064
B/traj/227/g	4541491496946149008
B/traj/227/ic_iters	1
B/traj/227/ic_order	15359057144970489593
B/traj/227/ic_res	0
B/traj/227/mdot_air	4605555756961042582
B/traj/227/mf	4582390954918394560
B/traj/227/mf_sched	4582403389825004051
B/traj/227/nu_hp	4606544840100066155
B/traj/227/nu_lp	4606367998543697457
B/traj/227/phi_hp	4606772103877454320
B/traj/227/phi_lp	4606289444404094507
B/traj/227/pi_hpc	4617831698897817149
B/traj/227/pi_lpc	4613213290071479827
B/traj/227/required	0
B/traj/227/s	4607790404749712415
B/traj/227/sp_thrust	4649344292187099463
B/traj/227/v	4461893433953265118
B/traj/227/v_cmd	0
B/traj/227/v_regime	9087740570393753374
B/traj/228/nkeys	24
B/traj/228/Tt4	4654189264475740106
B/traj/228/b	4517742575108038603
B/traj/228/b_cmd	0
B/traj/228/branch	13126223303132988745
B/traj/228/f	4583866029864621056
B/traj/228/g	4541282772607174078
B/traj/228/ic_iters	1
B/traj/228/ic_order	15359057144970489593
B/traj/228/ic_res	0
B/traj/228/mdot_air	4605564325003601966
B/traj/228/mf	4582391362583119120
B/traj/228/mf_sched	4582403389825004051
B/traj/228/nu_hp	4606547984265471597
B/traj/228/nu_lp	4606371963890438005
B/traj/228/phi_hp	4606775664149515406
B/traj/228/phi_lp	4606294933270151041
B/traj/228/pi_hpc	4617833606701825816
B/traj/228/pi_lpc	4613216455565737058
B/traj/228/required	0
B/traj/228/s	4607812922747849267
B/traj/228/sp_thrust	4649342548047609380
B/traj/228/v	4461147987789396259
B/traj/228/v_cmd	0
B/traj/228/v_regime	9087740570393753374
B/traj/229/nkeys	24
B/traj/229/Tt4	4654185492114560642
B/traj/229/b	4517253844443043995
B/traj/229/b_cmd	0
B/traj/229/branch	13126223303132988745
B/traj/229/f	4583857102054784721
B/traj/229/g	4541080891065883879
B/traj/229/ic_iters	1
B/traj/229/ic_order	15359057144970489593
B/traj/229/ic_res	0
B/traj/229/mdot_air	4605572803183837040
B/traj/229/mf	4582391756883004453
B/traj/229/mf_sched	4582403389825004051
B/traj/229/nu_hp	4606551093397252034
B/traj/229/nu_lp	4606375886635559409
B/traj/229/phi_hp	4606779183707076530
B/traj/229/phi_lp	4606300360423571713
B/traj/229/pi_hpc	4617835490879666689
B/traj/229/pi_lpc	4613219586588034824
B/traj/229/required	0
B/traj/229/s	4607835440745986119
B/traj/229/sp_thrust	4649340821526570212
B/traj/229/v	4460473480146096570
B/traj/229/v_cmd	0
B/traj/229/v_regime	9087740570393753374
B/traj/230/nkeys	24
B/traj/230/Tt4	4654181763231187369
B/traj/230/b	4516512818967306384
B/traj/230/b_cmd	0
B/traj/230/branch	13126223303132988745
B/traj/230/f	4583848277481952556
B/traj/230/g	4540885627988689026
B/traj/230/ic_iters	1
B/traj/230/ic_order	15359057144970489593
B/traj/230/ic_res	0
B/traj/230/mdot_air	4605581192287679712
B/traj/230/mf	4582392138256202099
B/traj/230/mf_sched	4582403389825004051
B/traj/230/nu_hp	4606554167846144989
B/traj/230/nu_lp	4606379767201008591
B/traj/230/phi_hp	4606782662958829189
B/traj/230/phi_lp	4606305726474009273
B/traj/230/pi_hpc	4617837351721785144
B/traj/230/pi_lpc	4613222683509143281
B/traj/230/required	0
B/traj/230/s	4607857958744122971
B/traj/230/sp_thrust	4649339112544929428
B/traj/230/v	4459863160336402388
B/traj/230/v_cmd	0
B/traj/230/v_regime	9087740570393753374
B/traj/231/nkeys	24
B/traj/231/Tt4	4654178077411916522
B/traj/231/b	4515712541171514561
B/traj/231/b_cmd	0
B/traj/231/branch	13126223303132988745
B/traj/231/f	4583839555127050424
B/traj/231/g	4540696766396529911
B/traj/231/ic_iters	1
B/traj/231/ic_order	15359057144970489593
B/traj/231/ic_res	0
B/traj/231/mdot_air	4605589493099313215
B/traj/231/mf	4582392507126499285
B/traj/231/mf_sched	4582403389825004051
B/traj/231/nu_hp	4606557207960599542
B/traj/231/nu_lp	4606383606005823867
B/traj/231/phi_hp	4606786102311780194
B/traj/231/phi_lp	4606311032028685165
B/traj/231/pi_hpc	4617839189514898601
B/traj/231/pi_lpc	4613225746696213151
B/traj/231/required	0
B/traj/231/s	4607880476742259823
B/traj/231/sp_thrust	4649337421019207638
B/traj/231/v	4459310920085598228
B/traj/231/v_cmd	0
B/traj/231/v_regime	9087740570393753374
B/traj/232/nkeys	24
B/traj/232/Tt4	4654174434242430252
B/traj/232/b	4514988419811464777
B/traj/232/b_cmd	0
B/traj/232/branch	13126223303132988745
B/traj/232/f	4583830933971877436
B/traj/232/g	4540514096423766539
B/traj/232/ic_iters	1
B/traj/232/ic_order	15359057144970489593
B/traj/232/ic_res	0
B/traj/232/mdot_air	4605597706400971272
B/traj/232/mf	4582392863903789838
B/traj/232/mf_sched	4582403389825004051
B/traj/232/nu_hp	4606560214086745472
B/traj/232/nu_lp	4606387403466104574
B/traj/232/phi_hp	4606789502171141411
B/traj/232/phi_lp	4606316277692206025
B/traj/232/pi_hpc	4617841004542047851
B/traj/232/pi_lpc	4613228776512797470
B/traj/232/required	0
B/traj/232/s	4607902994740396675
B/traj/232/sp_thrust	4649335746861767372
B/traj/232/v	4458811232397661219
B/traj/232/v_cmd	0
B/traj/232/v_regime	9087740570393753374
B/traj/233/nkeys	24
B/traj/233/Tt4	4654170833308062089
B/traj/233/b	4514333207650340730
B/traj/233/b_cmd	0
B/traj/233/branch	13126223303132988745
B/traj/233/f	4583822412999625033
B/traj/233/g	4540337415084972899
B/traj/233/ic_iters	1
B/traj/233/ic_order	15359057144970489593
B/traj/233/ic_res	0
B/traj/233/mdot_air	4605605832972746431
B/traj/233/mf	4582393208984529669
B/traj/233/mf_sched	4582403389825004051
B/traj/233/nu_hp	4606563186568364665
B/traj/233/nu_lp	4606391159994983321
B/traj/233/phi_hp	4606792862940226042
B/traj/233/phi_lp	4606321464066393369
B/traj/233/pi_hpc	4617842797082648088
B/traj/233/pi_lpc	4613231773318873370
B/traj/233/required	0
B/traj/233/s	4607925512738533527
B/traj/233/sp_thrust	4649334089981070130
B/traj/233/v	4458154561381863992
B/traj/233/v_cmd	0
B/traj/233/v_regime	9087740570393753374
B/traj/234/nkeys	24
B/traj/234/Tt4	4654167274194048011
B/traj/234/b	4513740347116499651
B/traj/234/b_cmd	0
B/traj/234/branch	13126223303132988745
B/traj/234/f	4583813991195366727
B/traj/234/g	4540166526049376719
B/traj/234/ic_iters	1
B/traj/234/ic_order	15359057144970489593
B/traj/234/ic_res	0
B/traj/234/mdot_air	4605613873592406616
B/traj/234/mf	4582393542752177318
B/traj/234/mf_sched	4582403389825004051
B/traj/234/nu_hp	4606566125746864679
B/traj/234/nu_lp	4606394876002600738
B/traj/234/phi_hp	4606796185020351176
B/traj/234/phi_lp	4606326591750125490
B/traj/234/pi_hpc	4617844567412539335
B/traj/234/pi_lpc	4613234737470863789
B/traj/234/required	0
B/traj/234/s	4607948030736670379
B/traj/234/sp_thrust	4649332450281922128
B/traj/234/v	4457336341879531448
B/traj/234/v_cmd	0
B/traj/234/v_regime	9087740570393753374
B/traj/235/nkeys	24
B/traj/235/Tt4	4654163756485763643
B/traj/235/b	4513203904673210223
B/traj/235/b_cmd	0
B/traj/235/branch	13126223303132988745
B/traj/235/f	4583805667546519573
B/traj/235/g	4540001239422693971
B/traj/235/ic_iters	1
B/traj/235/ic_order	15359057144970489593
B/traj/235/ic_res	0
B/traj/235/mdot_air	4605621829035220170
B/traj/235/mf	4582393865577620058
B/traj/235/mf_sched	4582403389825004051
B/traj/235/nu_hp	4606569031961254400
B/traj/235/nu_lp	4606398551896082619
B/traj/235/phi_hp	4606799468810746395
B/traj/235/phi_lp	4606331661339191040
B/traj/235/pi_hpc	4617846315804036304
B/traj/235/pi_lpc	4613237669321659327
B/traj/235/required	0
B/traj/235/s	4607970548734807231
B/traj/235/sp_thrust	4649330827665709126
B/traj/235/v	4456595986190589624
B/traj/235/v_cmd	0
B/traj/235/v_regime	9087740570393753374
B/traj/236/nkeys	24
B/traj/236/Tt4	4654160279768948412
B/traj/236/b	4512718511433930326
B/traj/236/b_cmd	0
B/traj/236/branch	13126223303132988745
B/traj/236/f	4583797441043279020
B/traj/236/g	4539841371536115689
B/traj/236/ic_iters	1
B/traj/236/ic_order	15359057144970489593
B/traj/236/ic_res	0
B/traj/236/mdot_air	4605629700073788843
B/traj/236/mf	4582394177819586031
B/traj/236/mf_sched	4582403389825004051
B/traj/236/nu_hp	4606571905548121693
B/traj/236/nu_lp	4606402188079519339
B/traj/236/phi_hp	4606802714708467985
B/traj/236/phi_lp	4606336673426153210
B/traj/236/pi_hpc	4617848042525977749
B/traj/236/pi_lpc	4613240569220640166
B/traj/236/required	0
B/traj/236/s	4607993066732944083
B/traj/236/sp_thrust	4649329222030620968
B/traj/236/v	4455926084599896727
B/traj/236/v_cmd	0
B/traj/236/v_regime	9087740570393753374
B/traj/237/nkeys	24
B/traj/237/Tt4	4654156843629916991
B/traj/237/b	4511951792232329812
B/traj/237/b_cmd	0
B/traj/237/branch	13126223303132988745
B/traj/237/f	4583789310679027910
B/traj/237/g	4539686744742212622
B/traj/237/ic_iters	1
B/traj/237/ic_order	15359057144970489593
B/traj/237/ic_res	0
B/traj/237/mdot_air	4605637487477888584
B/traj/237/mf	4582394479825042873
B/traj/237/mf_sched	4582403389825004051
B/traj/237/nu_hp	4606574746841612965
B/traj/237/nu_lp	4606405784953947456
B/traj/237/phi_hp	4606805923108318860
B/traj/237/phi_lp	4606341628600224265
B/traj/237/pi_hpc	4617849747843775166
B/traj/237/pi_lpc	4613243437513698087
B/traj/237/required	0
B/traj/237/s	4608015584731080935
B/traj/237/sp_thrust	4649327633271865990
B/traj/237/v	4455319932519328142
B/traj/237/v_cmd	0
B/traj/237/v_regime	9087740570393753374
B/traj/238/nkeys	24
B/traj/238/Tt4	4654153447655758860
B/traj/238/b	4511156979343665552
B/traj/238/b_cmd	0
B/traj/238/branch	13126223303132988745
B/traj/238/f	4583781275450721233
B/traj/238/g	4539445950045601891
B/traj/238/ic_iters	1
B/traj/238/ic_order	15359057144970489593
B/traj/238/ic_res	0
B/traj/238/mdot_air	4605645192014317919
B/traj/238/mf	4582394771929583267
B/traj/238/mf_sched	4582403389825004051
B/traj/238/nu_hp	4606577556173414575
B/traj/238/nu_lp	4606409342917333390
B/traj/238/phi_hp	4606809094402773451
B/traj/238/phi_lp	4606346527447149364
B/traj/238/pi_hpc	4617851432019460900
B/traj/238/pi_lpc	4613246274543258715
B/traj/238/required	0
B/traj/238/s	4608038102729217787
B/traj/238/sp_thrust	4649326061281876006
B/traj/238/v	4454771463386126665
B/traj/238/v_cmd	0
B/traj/238/v_regime	9087740570393753374
B/traj/239/nkeys	24
B/traj/239/Tt4	4654150091434526293
B/traj/239/b	4510437802836518804
B/traj/239/b_cmd	0
B/traj/239/branch	13126223303132988745
B/traj/239/f	4583773334359247386
B/traj/239/g	4539156641153859145
B/traj/239/ic_iters	1
B/traj/239/ic_order	15359057144970489593
B/traj/239/ic_res	0
B/traj/239/mdot_air	4605652814446753551
B/traj/239/mf	4582395054457797859
B/traj/239/mf_sched	4582403389825004051
B/traj/239/nu_hp	4606580333872736003
B/traj/239/nu_lp	4606412862364559091
B/traj/239/phi_hp	4606812228981907847
B/traj/239/phi_lp	4606351370549099459
B/traj/239/pi_hpc	4617853095311735631
B/traj/239/pi_lpc	4613249080648303844
B/traj/239/required	0
B/traj/239/s	4608060620727354639
B/traj/239/sp_thrust	4649324505950501961
B/traj/239/v	4454275187946813474
B/traj/239/v_cmd	0
B/traj/239/v_regime	9087740570393753374
B/traj/240/nkeys	24
B/traj/240/Tt4	4654146774555411512
B/traj/240/b	4509787064963733409
B/traj/240/b_cmd	0
B/traj/240/branch	13126223303132988745
B/traj/240/f	4583765486409767340
B/traj/240/g	4538876816935654289
B/traj/240/ic_iters	1
B/traj/240/ic_order	15359057144970489593
B/traj/240/ic_res	0
B/traj/240/mdot_air	4605660355535613156
B/traj/240/mf	4582395327723635950
B/traj/240/mf_sched	4582403389825004051
B/traj/240/nu_hp	4606583080266294710
B/traj/240/nu_lp	4606416343687409595
B/traj/240/phi_hp	4606815327233334515
B/traj/240/phi_lp	4606356158484572411
B/traj/240/pi_hpc	4617854737976015228
B/traj/240/pi_lpc	4613251856164394025
B/traj/240/required	0
B/traj/240/s	4608083138725491491
B/traj/240/sp_thrust	4649322967165200904
B/traj/240/v	4453592247168567305
B/traj/240/v_cmd	0
B/traj/240/v_regime	9087740570393753374
B/traj/241/nkeys	24
B/traj/241/Tt4	4654143496608913279
B/traj/241/b	4509198252933766954
B/traj/241/b_cmd	0
B/traj/241/branch	13126223303132988745
B/traj/241/f	4583757730612032377
B/traj/241/g	4538606166446406332
B/traj/241/ic_iters	1
B/traj/241/ic_order	15359057144970489593
B/traj/241/ic_res	0
B/traj/241/mdot_air	4605667816037924876
B/traj/241/mf	4582395592030754356
B/traj/241/mf_sched	4582403389825004051
B/traj/241/nu_hp	4606585795678302625
B/traj/241/nu_lp	4606419787274562398
B/traj/241/phi_hp	4606818389542141809
B/traj/241/phi_lp	4606360891828302153
B/traj/241/pi_hpc	4617856360264476907
B/traj/241/pi_lpc	4613254601423691258
B/traj/241/required	0
B/traj/241/s	4608105656723628343
B/traj/241/sp_thrust	4649321444811214390
B/traj/241/v	4452779615093017962
B/traj/241/v_cmd	0
B/traj/241/v_regime	9087740570393753374
B/traj/242/nkeys	24
B/traj/242/Tt4	4654140257186993617
B/traj/242/b	4508665473728602182
B/traj/242/b_cmd	0
B/traj/242/branch	13126223303132988745
B/traj/242/f	4583750065980681762
B/traj/242/g	4538344388935510073
B/traj/242/ic_iters	1
B/traj/242/ic_order	15359057144970489593
B/traj/242/ic_res	0
B/traj/242/mdot_air	4605675196707203614
B/traj/242/mf	4582395847672854841
B/traj/242/mf_sched	4582403389825004051
B/traj/242/nu_hp	4606588480430454181
B/traj/242/nu_lp	4606423193511578552
B/traj/242/phi_hp	4606821416290837605
B/traj/242/phi_lp	4606365571151175082
B/traj/242/pi_hpc	4617857962426104830
B/traj/242/pi_lpc	4613257316754981991
B/traj/242/required	0
B/traj/242/s	4608128174721765195
B/traj/242/sp_thrust	4649319938771738890
B/traj/242/v	4452044315117358083
B/traj/242/v_cmd	0
B/traj/242/v_regime	9087740570393753374
B/traj/243/nkeys	24
B/traj/243/Tt4	4654137055883224972
B/traj/243/b	4508183395124548902
B/traj/243/b_cmd	0
B/traj/243/branch	13126223303132988745
B/traj/243/f	4583742491535521016
B/traj/243/g	4538091193512137831
B/traj/243/ic_iters	1
B/traj/243/ic_order	15359057144970489593
B/traj/243/ic_res	0
B/traj/243/mdot_air	4605682498293333512
B/traj/243/mf	4582396094934010478
B/traj/243/mf_sched	4582403389825004051
B/traj/243/nu_hp	4606591134841915842
B/traj/243/nu_lp	4606426562780895409
B/traj/243/phi_hp	4606824407859297287
B/traj/243/phi_lp	4606370197020153496
B/traj/243/pi_hpc	4617859544706734906
B/traj/243/pi_lpc	4613260002483700223
B/traj/243/required	0
B/traj/243/s	4608150692719902047
B/traj/243/sp_thrust	4649318448928088318
B/traj/243/v	4451378988125631937
B/traj/243/v_cmd	0
B/traj/243/v_regime	9087740570393753374
B/traj/244/nkeys	24
B/traj/244/Tt4	4654133892292928343
B/traj/244/b	4507391157653441189
B/traj/244/b_cmd	0
B/traj/244/branch	13126223303132988745
B/traj/244/f	4583735006301781849
B/traj/244/g	4537846298821997491
B/traj/244/ic_iters	1
B/traj/244/ic_order	15359057144970489593
B/traj/244/ic_res	0
B/traj/244/mdot_air	4605689721542456856
B/traj/244/mf	4582396334088981318
B/traj/244/mf_sched	4582403389825004051
B/traj/244/nu_hp	4606593759229317059
B/traj/244/nu_lp	4606429895461820935
B/traj/244/phi_hp	4606827364624715604
B/traj/244/phi_lp	4606374769998205517
B/traj/244/pi_hpc	4617861107349099128
B/traj/244/pi_lpc	4613262658931950858
B/traj/244/required	0
B/traj/244/s	4608173210718038899
B/traj/244/sp_thrust	4649316975159849246
B/traj/244/v	4450776975313755931
B/traj/244/v_cmd	0
B/traj/244/v_regime	9087740570393753374
B/traj/245/nkeys	24
B/traj/245/Tt4	4654130766013302701
B/traj/245/b	4506601772353350772
B/traj/245/b_cmd	0
B/traj/245/branch	13126223303132988745
B/traj/245/f	4583727609310364478
B/traj/245/g	4537609432734687684
B/traj/245/ic_iters	1
B/traj/245/ic_order	15359057144970489593
B/traj/245/ic_res	0
B/traj/245/mdot_air	4605696867196868694
B/traj/245/mf	4582396565403519707
B/traj/245/mf_sched	4582403389825004051
B/traj/245/nu_hp	4606596353906742589
B/traj/245/nu_lp	4606433191930529527
B/traj/245/phi_hp	4606830286961562397
B/traj/245/phi_lp	4606379290644241266
B/traj/245/pi_hpc	4617862650592868997
B/traj/245/pi_lpc	4613265286418533259
B/traj/245/required	0
B/traj/245/s	4608195728716175751
B/traj/245/sp_thrust	4649315517345028801
B/traj/245/v	4450232251546090075
B/traj/245/v_cmd	0
B/traj/245/v_regime	9087740570393753374
B/traj/246/nkeys	24
B/traj/246/Tt4	4654127676643546237
B/traj/246/b	4505887506931880210
B/traj/246/b_cmd	0
B/traj/246/branch	13126223303132988745
B/traj/246/f	4583720299598063356
B/traj/246/g	4537380332041302681
B/traj/246/ic_iters	1
B/traj/246/ic_order	15359057144970489593
B/traj/246/ic_res	0
B/traj/246/mdot_air	4605703935994917462
B/traj/246/mf	4582396789134665590
B/traj/246/mf_sched	4582403389825004051
B/traj/246/nu_hp	4606598919185726122
B/traj/246/nu_lp	4606436452560059255
B/traj/246/phi_hp	4606833175241541874
B/traj/246/phi_lp	4606383759513054713
B/traj/246/pi_hpc	4617864174674698533
B/traj/246/pi_lpc	4613267885258964968
B/traj/246/required	0
B/traj/246/s	4608218246714312603
B/traj/246/sp_thrust	4649314075360195869
B/traj/246/v	4449739365053964721
B/traj/246/v_cmd	0
B/traj/246/v_regime	9087740570393753374
B/traj/247/nkeys	24
B/traj/247/Tt4	4654124623784969699
B/traj/247/b	4505241212793580340
B/traj/247/b_cmd	0
B/traj/247/branch	13126223303132988745
B/traj/247/f	4583713076207776883
B/traj/247/g	4537158742161950982
B/traj/247/ic_iters	1
B/traj/247/ic_order	15359057144970489593
B/traj/247/ic_res	0
B/traj/247/mdot_air	4605710928670911078
B/traj/247/mf	4582397005531032145
B/traj/247/mf_sched	4582403389825004051
B/traj/247/nu_hp	4606601455375245166
B/traj/247/nu_lp	4606439677720310468
B/traj/247/phi_hp	4606836029833555390
B/traj/247/phi_lp	4606388177155271113
B/traj/247/pi_hpc	4617865679828266468
B/traj/247/pi_lpc	4613270455765505679
B/traj/247/required	0
B/traj/247/s	4608240764712449455
B/traj/247/sp_thrust	4649312649080615657
B/traj/247/v	4449030333903242444
B/traj/247/v_cmd	0
B/traj/247/v_regime	9087740570393753374
B/traj/248/nkeys	24
B/traj/248/Tt4	4654121607041102246
B/traj/248/b	4504656421621216432
B/traj/248/b_cmd	0
B/traj/248/branch	13126223303132988745
B/traj/248/f	4583705938188702049
B/traj/248/g	4536944416862862583
B/traj/248/ic_iters	1
B/traj/248/ic_order	15359057144970489593
B/traj/248/ic_res	0
B/traj/248/mdot_air	4605717845955028399
B/traj/248/mf	4582397214833082036
B/traj/248/mf_sched	4582403389825004051
B/traj/248/nu_hp	4606603962781717121
B/traj/248/nu_lp	4606442867778045700
B/traj/248/phi_hp	4606838851103667488
B/traj/248/phi_lp	4606392544117299490
B/traj/248/pi_hpc	4617867166284317846
B/traj/248/pi_lpc	4613272998247181333
B/traj/248/required	0
B/traj/248/s	4608263282710586307
B/traj/248/sp_thrust	4649311238380377955
B/traj/248/v	4448223251099264933
B/traj/248/v_cmd	0
B/traj/248/v_regime	9087740570393753374
B/traj/249/nkeys	24
B/traj/249/Tt4	4654118626017790178
B/traj/249/b	4504127280638792604
B/traj/249/b_cmd	0
B/traj/249/branch	13126223303132988745
B/traj/249/f	4583698884596514608
B/traj/249/g	4536737117982770569
B/traj/249/ic_iters	1
B/traj/249/ic_order	15359057144970489593
B/traj/249/ic_res	0
B/traj/249/mdot_air	4605724688573235885
B/traj/249/mf	4582397417273394626
B/traj/249/mf_sched	4582403389825004051
B/traj/249/nu_hp	4606606441708996506
B/traj/249/nu_lp	4606446023096890811
B/traj/249/phi_hp	4606841639415075125
B/traj/249/phi_lp	4606396860941290044
B/traj/249/pi_hpc	4617868634270704958
B/traj/249/pi_lpc	4613275513009808424
B/traj/249/required	0
B/traj/249/s	4608285800708723159
B/traj/249/sp_thrust	4649309843132519405
B/traj/249/v	4447492972312620932
B/traj/249/v_cmd	0
B/traj/249/v_regime	9087740570393753374
B/traj/250/nkeys	24
B/traj/250/Tt4	4654115680323288833
B/traj/250/b	4503648494035108684
B/traj/250/b_cmd	0
B/traj/250/branch	13126223303132988745
B/traj/250/f	4583691914493535526
B/traj/250/g	4536536615168262987
B/traj/250/ic_iters	1
B/traj/250/ic_order	15359057144970489593
B/traj/250/ic_res	0
B/traj/250/mdot_air	4605731457247209334
B/traj/250/mf	4582397613076924418
B/traj/250/mf_sched	4582403389825004051
B/traj/250/nu_hp	4606608892458373278
B/traj/250/nu_lp	4606449144037337305
B/traj/250/phi_hp	4606844395128079841
B/traj/250/phi_lp	4606401128165096122
B/traj/250/pi_hpc	4617870084012427636
B/traj/250/pi_lpc	4613278000356018474
B/traj/250/required	0
B/traj/250/s	4608308318706860011
B/traj/250/sp_thrust	4649308463209139944
B/traj/250/v	4446832188681010941
B/traj/250/v_cmd	0
B/traj/250/v_regime	9087740570393753374
B/traj/251/nkeys	24
B/traj/251/Tt4	4654112769568348062
B/traj/251/b	4502830912552699669
B/traj/251/b_cmd	0
B/traj/251/branch	13126223303132988745
B/traj/251/f	4583685026948884424
B/traj/251/g	4536342685617810917
B/traj/251/ic_iters	1
B/traj/251/ic_order	15359057144970489593
B/traj/251/ic_res	0
B/traj/251/mdot_air	4605738152694260344
B/traj/251/mf	4582397802461251032
B/traj/251/mf_sched	4582403389825004051
B/traj/251/nu_hp	4606611315328572199
B/traj/251/nu_lp	4606452230956745776
B/traj/251/phi_hp	4606847118600062782
B/traj/251/phi_lp	4606405346322240440
B/traj/251/pi_hpc	4617871515731672914
B/traj/251/pi_lpc	4613280460585282663
B/traj/251/required	0
B/traj/251/s	4608330836704996863
B/traj/251/sp_thrust	4649307098481513754
B/traj/251/v	4446234286871744035
B/traj/251/v_cmd	0
B/traj/251/v_regime	9087740570393753374
B/traj/252/nkeys	24
B/traj/252/Tt4	4654109893366291439
B/traj/252/b	4502046917777468923
B/traj/252/b_cmd	0
B/traj/252/branch	13126223303132988745
B/traj/252/f	4583678221038620456
B/traj/252/g	4536155113834188300
B/traj/252/ic_iters	1
B/traj/252/ic_order	15359057144970489593
B/traj/252/ic_res	0
B/traj/252/mdot_air	4605744775627267530
B/traj/252/mf	4582397985636820975
B/traj/252/mf_sched	4582403389825004051
B/traj/252/nu_hp	4606613710615753203
B/traj/252/nu_lp	4606455284209350414
B/traj/252/phi_hp	4606849810185462528
B/traj/252/phi_lp	4606409515941885522
B/traj/252/pi_hpc	4617872929647854033
B/traj/252/pi_lpc	4613282893993936605
B/traj/252/required	0
B/traj/252/s	4608353354703133715
B/traj/252/sp_thrust	4649305748820194828
B/traj/252/v	4445693282893401491
B/traj/252/v_cmd	0
B/traj/252/v_regime	9087740570393753374
B/traj/253/nkeys	24
B/traj/253/Tt4	4654107051333089725
B/traj/253/b	4501337529905036072
B/traj/253/b_cmd	0
B/traj/253/branch	13126223303132988745
B/traj/253/f	4583671495845871581
B/traj/253/g	4535973691385008409
B/traj/253/ic_iters	1
B/traj/253/ic_order	15359057144970489593
B/traj/253/ic_res	0
B/traj/253/mdot_air	4605751326754612111
B/traj/253/mf	4582398162807181503
B/traj/253/mf_sched	4582403389825004051
B/traj/253/nu_hp	4606616078613512721
B/traj/253/nu_lp	4606458304146264532
B/traj/253/phi_hp	4606852470235755348
B/traj/253/phi_lp	4606413637548807791
B/traj/253/pi_hpc	4617874325977648855
B/traj/253/pi_lpc	4613285300875205270
B/traj/253/required	0
B/traj/253/s	4608375872701270567
B/traj/253/sp_thrust	4649304414095117553
B/traj/253/v	4445203762206147970
B/traj/253/v_cmd	0
B/traj/253/v_regime	9087740570393753374
B/traj/254/nkeys	24
B/traj/254/Tt4	4654104243087428598
B/traj/254/b	4500695649156013613
B/traj/254/b_cmd	0
B/traj/254/branch	13126223303132988745
B/traj/254/f	4583664850460952338
B/traj/254/g	4535798216671110867
B/traj/254/ic_iters	1
B/traj/254/ic_order	15359057144970489593
B/traj/254/ic_res	0
B/traj/254/mdot_air	4605757806780117984
B/traj/254/mf	4582398334169206793
B/traj/254/mf_sched	4582403389825004051
B/traj/254/nu_hp	4606618419612885914
B/traj/254/nu_lp	4606461291115487056
B/traj/254/phi_hp	4606855099099438090
B/traj/254/phi_lp	4606417711663375491
B/traj/254/pi_hpc	4617875704935037620
B/traj/254/pi_lpc	4613287681519228041
B/traj/254/required	0
B/traj/254/s	4608398390699407419
B/traj/254/sp_thrust	4649303094175692284
B/traj/254/v	4444468818847910872
B/traj/254/v_cmd	0
B/traj/254/v_regime	9087740570393753374
B/traj/255/nkeys	24
B/traj/255/Tt4	4654101468250771204
B/traj/255/b	4500114851383770004
B/traj/255/b_cmd	0
B/traj/255/branch	13126223303132988745
B/traj/255/f	4583658283981471212
B/traj/255/g	4535628494702541847
B/traj/255/ic_iters	1
B/traj/255/ic_order	15359057144970489593
B/traj/255/ic_res	0
B/traj/255/mdot_air	4605764216402995773
B/traj/255/mf	4582398499913316724
B/traj/255/mf_sched	4582403389825004051
B/traj/255/nu_hp	4606620733902349783
B/traj/255/nu_lp	4606464245461909935
B/traj/255/phi_hp	4606857697122013290
B/traj/255/phi_lp	4606421738801529826
B/traj/255/pi_hpc	4617877066731340133
B/traj/255/pi_lpc	4613290036213083848
B/traj/255/required	0
B/traj/255/s	4608420908697544271
B/traj/255/sp_thrust	4649301788930896381
B/traj/255/v	4443667247420846707
B/traj/255/v_cmd	0
B/traj/255/v_regime	9087740570393753374
B/traj/256/nkeys	24
B/traj/256/Tt4	4654098726447415538
B/traj/256/b	4499589323779527527
B/traj/256/b_cmd	0
B/traj/256/branch	13126223303132988745
B/traj/256/f	4583651795512427627
B/traj/256/g	4535464336881878508
B/traj/256/ic_iters	1
B/traj/256/ic_order	15359057144970489593
B/traj/256/ic_res	0
B/traj/256/mdot_air	4605770556317791077
B/traj/256/mf	4582398660223688466
B/traj/256/mf_sched	4582403389825004051
B/traj/256/nu_hp	4606623021767827102
B/traj/256/nu_lp	4606467167527326424
B/traj/256/phi_hp	4606860264645976576
B/traj/256/phi_lp	4606425719474769502
B/traj/256/pi_hpc	4617878411575252331
B/traj/256/pi_lpc	4613292365240816466
B/traj/256/required	0
B/traj/256/s	4608443426695681123
B/traj/256/sp_thrust	4649300498229360660
B/traj/256/v	4442941955534710536
B/traj/256/v_cmd	0
B/traj/256/v_regime	9087740570393753374
B/traj/257/nkeys	24
B/traj/257/Tt4	4654096017304547045
B/traj/257/b	4499113806695923775
B/traj/257/b_cmd	0
B/traj/257/branch	13126223303132988745
B/traj/257/f	4583645384166299397
B/traj/257/g	4535305560794656905
B/traj/257/ic_iters	1
B/traj/257/ic_order	15359057144970489593
B/traj/257/ic_res	0
B/traj/257/mdot_air	4605776827214336404
B/traj/257/mf	4582398815278461143
B/traj/257/mf_sched	4582403389825004051
B/traj/257/nu_hp	4606625283492691149
B/traj/257/nu_lp	4606470057650440193
B/traj/257/phi_hp	4606862802010806191
B/traj/257/phi_lp	4606429654190138239
B/traj/257/pi_hpc	4617879739672882219
B/traj/257/pi_lpc	4613294668883459864
B/traj/257/required	0
B/traj/257/s	4608465944693817975
B/traj/257/sp_thrust	4649299221939451608
B/traj/257/v	4442285684237688798
B/traj/257/v_cmd	0
B/traj/257/v_regime	9087740570393753374
B/traj/258/nkeys	24
B/traj/258/Tt4	4654093340452286685
B/traj/258/b	4498271054270451425
B/traj/258/b_cmd	0
B/traj/258/branch	13126223303132988745
B/traj/258/f	4583639049063121065
B/traj/258/g	4535151990006670486
B/traj/258/ic_iters	1
B/traj/258/ic_order	15359057144970489593
B/traj/258/ic_res	0
B/traj/258/mdot_air	4605783029777706997
B/traj/258/mf	4582398965249933786
B/traj/258/mf_sched	4582403389825004051
B/traj/258/nu_hp	4606627519357771190
B/traj/258/nu_lp	4606472916166875223
B/traj/258/phi_hp	4606865309552954464
B/traj/258/phi_lp	4606433543450215135
B/traj/258/pi_hpc	4617881051227785342
B/traj/258/pi_lpc	4613296947419063650
B/traj/258/required	0
B/traj/258/s	4608488462691954827
B/traj/258/sp_thrust	4649297959929349506
B/traj/258/v	4441691865357969891
B/traj/258/v_cmd	0
B/traj/258/v_regime	9087740570393753374
B/traj/259/nkeys	24
B/traj/259/Tt4	4654090695523734580
B/traj/259/b	4497492413209465482
B/traj/259/b_cmd	0
B/traj/259/branch	13126223303132988745
B/traj/259/f	4583632789330553443
B/traj/259/g	4534882082973738407
B/traj/259/ic_iters	1
B/traj/259/ic_order	15359057144970489593
B/traj/259/ic_res	0
B/traj/259/mdot_air	4605789164688180049
B/traj/259/mf	4582399110304756790
B/traj/259/mf_sched	4582403389825004051
B/traj/259/nu_hp	4606629729641358679
B/traj/259/nu_lp	4606475743409186448
B/traj/259/phi_hp	4606867787605841321
B/traj/259/phi_lp	4606437387753107818
B/traj/259/pi_hpc	4617882346440999493
B/traj/259/pi_lpc	4613299201122718577
B/traj/259/required	0
B/traj/259/s	4608510980690091679
B/traj/259/sp_thrust	4649296712067122560
B/traj/259/v	4441154555767392234
B/traj/259/v_cmd	0
B/traj/259/v_regime	9087740570393753374
B/traj/260/nkeys	24
B/traj/260/Tt4	4654088082155009557
B/traj/260/b	4496787869578445614
B/traj/260/b_cmd	0
B/traj/260/branch	13126223303132988745
B/traj/260/f	4583626604103944969
B/traj/260/g	4534594749883819572
B/traj/260/ic_iters	1
B/traj/260/ic_order	15359057144970489593
B/traj/260/ic_res	0
B/traj/260/mdot_air	4605795232621197498
B/traj/260/mf	4582399250604117102
B/traj/260/mf_sched	4582403389825004051
B/traj/260/nu_hp	4606631914619214147
B/traj/260/nu_lp	4606478539706871106
B/traj/260/phi_hp	4606870236499849536
B/traj/260/phi_lp	4606441187592448130
B/traj/260/pi_hpc	4617883625511079033
B/traj/260/pi_lpc	4613301430266582107
B/traj/260/required	0
B/traj/260/s	4608533498688228531
B/traj/260/sp_thrust	4649295478220797299
B/traj/260/v	4440668377900727924
B/traj/260/v_cmd	0
B/traj/260/v_regime	9087740570393753374
B/traj/261/nkeys	24
B/traj/261/Tt4	4654085499985284799
B/traj/261/b	4496150372080712674
B/traj/261/b_cmd	0
B/traj/261/branch	13126223303132988745
B/traj/261/f	4583620492526385289
B/traj/261/g	4534316836692950838
B/traj/261/ic_iters	1
B/traj/261/ic_order	15359057144970489593
B/traj/261/ic_res	0
B/traj/261/mdot_air	4605801234247332151
B/traj/261/mf	4582399386303917331
B/traj/261/mf_sched	4582403389825004051
B/traj/261/nu_hp	4606634074564574739
B/traj/261/nu_lp	4606481305386380753
B/traj/261/phi_hp	4606872656562321632
B/traj/261/phi_lp	4606444943457390172
B/traj/261/pi_hpc	4617884888634128614
B/traj/261/pi_lpc	4613303635119904058
B/traj/261/required	0
B/traj/261/s	4608556016686365383
B/traj/261/sp_thrust	4649294258258425410
B/traj/261/v	4439907699283291056
B/traj/261/v_cmd	0
B/traj/261/v_regime	9087740570393753374
B/traj/262/nkeys	24
B/traj/262/Tt4	4654082948656819670
B/traj/262/b	4495573540438607745
B/traj/262/b_cmd	0
B/traj/262/branch	13126223303132988745
B/traj/262/f	4583614453748751268
B/traj/262/g	4534048034580111491
B/traj/262/ic_iters	1
B/traj/262/ic_order	15359057144970489593
B/traj/262/ic_res	0
B/traj/262/mdot_air	4605807170232256781
B/traj/262/mf	4582399517554948991
B/traj/262/mf_sched	4582403389825004051
B/traj/262/nu_hp	4606636209748162370
B/traj/262/nu_lp	4606484040771133920
B/traj/262/phi_hp	4606875048117558669
B/traj/262/phi_lp	4606448655832610781
B/traj/262/pi_hpc	4617886136003836209
B/traj/262/pi_lpc	4613305815949052208
B/traj/262/required	0
B/traj/262/s	4608578534684502235
B/traj/262/sp_thrust	4649293052048146999
B/traj/262/v	4439111601597255379
B/traj/262/v_cmd	0
B/traj/262/v_regime	9087740570393753374
B/traj/263/nkeys	24
B/traj/263/Tt4	4654080427814988112
B/traj/263/b	4495051601537644627
B/traj/263/b_cmd	0
B/traj/263/branch	13126223303132988745
B/traj/263/f	4583608486929746163
B/traj/263/g	4533788044848638021
B/traj/263/ic_iters	1
B/traj/263/ic_order	15359057144970489593
B/traj/263/ic_res	0
B/traj/263/mdot_air	4605813041236716548
B/traj/263/mf	4582399644503060062
B/traj/263/mf_sched	4582403389825004051
B/traj/263/nu_hp	4606638320438192472
B/traj/263/nu_lp	4606486746181529359
B/traj/263/phi_hp	4606877411486820312
B/traj/263/phi_lp	4606452325198311986
B/traj/263/pi_hpc	4617887367811505859
B/traj/263/pi_lpc	4613307973017537996
B/traj/263/required	0
B/traj/263/s	4608601052682639087
B/traj/263/sp_thrust	4649291859458250670
B/traj/263/v	4438391262557267072
B/traj/263/v_cmd	0
B/traj/263/v_regime	9087740570393753374
B/traj/264/nkeys	24
B/traj/264/Tt4	4654077937108303584
B/traj/264/b	4494566235178933814
B/traj/264/b_cmd	0
B/traj/264/branch	13126223303132988745
B/traj/264/f	4583602591235931959
B/traj/264/g	4533536578594308221
B/traj/264/ic_iters	1
B/traj/264/ic_order	15359057144970489593
B/traj/264/ic_res	0
B/traj/264/mdot_air	4605818847916504194
B/traj/264/mf	4582399767289317059
B/traj/264/mf_sched	4582403389825004051
B/traj/264/nu_hp	4606640406900383297
B/traj/264/nu_lp	4606489421934959865
B/traj/264/phi_hp	4606879746988326537
B/traj/264/phi_lp	4606455952030225636
B/traj/264/pi_hpc	4617888584246089665
B/traj/264/pi_lpc	4613310106586042215
B/traj/264/required	0
B/traj/264/s	4608623570680775939
B/traj/264/sp_thrust	4649290680357230335
B/traj/264/v	4437739472781171653
B/traj/264/v_cmd	0
B/traj/264/v_regime	9087740570393753374
B/traj/265/nkeys	24
B/traj/265/Tt4	4654075476188440859
B/traj/265/b	4493711580165204771
B/traj/265/b_cmd	0
B/traj/265/branch	13126223303132988745
B/traj/265/f	4583596765841755496
B/traj/265/g	4533293356384306776
B/traj/265/ic_iters	1
B/traj/265/ic_order	15359057144970489593
B/traj/265/ic_res	0
B/traj/265/mdot_air	4605824590922438067
B/traj/265/mf	4582399886050161786
B/traj/265/mf_sched	4582403389825004051
B/traj/265/nu_hp	4606642469397965754
B/traj/265/nu_lp	4606492068345826625
B/traj/265/phi_hp	4606882054937260744
B/traj/265/phi_lp	4606459536799619904
B/traj/265/pi_hpc	4617889785494219378
B/traj/265/pi_lpc	4613312216912440672
B/traj/265/required	0
B/traj/265/s	4608646088678912791
B/traj/265/sp_thrust	4649289514613839064
B/traj/265/v	4437149708949643914
B/traj/265/v_cmd	0
B/traj/265/v_regime	9087740570393753374
B/traj/266/nkeys	24
B/traj/266/Tt4	4654073044710254821
B/traj/266/b	4492938256259219718
B/traj/266/b_cmd	0
B/traj/266/branch	13126223303132988745
B/traj/266/f	4583591009929568654
B/traj/266/g	4533058107946715614
B/traj/266/ic_iters	1
B/traj/266/ic_order	15359057144970489593
B/traj/266/ic_res	0
B/traj/266/mdot_air	4605830270900342888
B/traj/266/mf	4582400000917562954
B/traj/266/mf_sched	4582403389825004051
B/traj/266/nu_hp	4606644508191693742
B/traj/266/nu_lp	4606494685725554076
B/traj/266/phi_hp	4606884335645774061
B/traj/266/phi_lp	4606463079973307501
B/traj/266/pi_hpc	4617890971740237447
B/traj/266/pi_lpc	4613314304251829883
B/traj/266/required	0
B/traj/266/s	4608668606677049643
B/traj/266/sp_thrust	4649288362097140010
B/traj/266/v	4436616068518733933
B/traj/266/v_cmd	0
B/traj/266/v_regime	9087740570393753374
B/traj/267/nkeys	24
B/traj/267/Tt4	4654070642331796307
B/traj/267/b	4492238523789437968
B/traj/267/b_cmd	0
B/traj/267/branch	13126223303132988745
B/traj/267/f	4583585322689642738
B/traj/267/g	4532830571870183977
B/traj/267/ic_iters	1
B/traj/267/ic_order	15359057144970489593
B/traj/267/ic_res	0
B/traj/267/mdot_air	4605835888491033180
B/traj/267/mf	4582400112019162823
B/traj/267/mf_sched	4582403389825004051
B/traj/267/nu_hp	4606646523539854969
B/traj/267/nu_lp	4606497274382605237
B/traj/267/phi_hp	4606886589422991074
B/traj/267/phi_lp	4606466582013655788
B/traj/267/pi_hpc	4617892143166227608
B/traj/267/pi_lpc	4613316368856552735
B/traj/267/required	0
B/traj/267/s	4608691124675186495
B/traj/267/sp_thrust	4649287222676554518
B/traj/267/v	4436133210645330423
B/traj/267/v_cmd	0
B/traj/267/v_regime	9087740570393753374
B/traj/268/nkeys	24
B/traj/268/Tt4	4654068268714325320
B/traj/268/b	4491605379610811824
B/traj/268/b_cmd	0
B/traj/268/branch	13126223303132988745
B/traj/268/f	4583579703320177657
B/traj/268/g	4532610495313444473
B/traj/268/ic_iters	1
B/traj/268/ic_order	15359057144970489593
B/traj/268/ic_res	0
B/traj/268/mdot_air	4605841444330299052
B/traj/268/mf	4582400219478419043
B/traj/268/mf_sched	4582403389825004051
B/traj/268/nu_hp	4606648515698282212
B/traj/268/nu_lp	4606499834622497490
B/traj/268/phi_hp	4606888816575016623
B/traj/268/phi_lp	4606470043378598353
B/traj/268/pi_hpc	4617893299952044898
B/traj/268/pi_lpc	4613318410976224124
B/traj/268/required	0
B/traj/268/s	4608713642673323347
B/traj/268/sp_thrust	4649286096221907616
B/traj/268/v	4435346972508670790
B/traj/268/v_cmd	0
B/traj/268/v_regime	9087740570393753374
B/traj/269/nkeys	24
B/traj/269/Tt4	4654065923522321634
B/traj/269/b	4491032487015084190
B/traj/269/b_cmd	0
B/traj/269/branch	13126223303132988745
B/traj/269/f	4583574151027306039
B/traj/269/g	4532397633724352328
B/traj/269/ic_iters	1
B/traj/269/ic_order	15359057144970489593
B/traj/269/ic_res	0
B/traj/269/mdot_air	4605846939048894470
B/traj/269/mf	4582400323414741842
B/traj/269/mf_sched	4582403389825004051
B/traj/269/nu_hp	4606650484920365013
B/traj/269/nu_lp	4606502366747818776
B/traj/269/phi_hp	4606891017404943757
B/traj/269/phi_lp	4606473464521648082
B/traj/269/pi_hpc	4617894442275345272
B/traj/269/pi_lpc	4613320430857756526
B/traj/269/required	0
B/traj/269/s	4608736160671460199
B/traj/269/sp_thrust	4649284982603470976
B/traj/269/v	4434556311184785270
B/traj/269/v_cmd	0
B/traj/269/v_regime	9087740570393753374
B/traj/270/nkeys	24
B/traj/270/Tt4	4654063606423492942
B/traj/270/b	4490514112310997487
B/traj/270/b_cmd	0
B/traj/270/branch	13126223303132988745
B/traj/270/f	4583568665025092487
B/traj/270/g	4532191750568135627
B/traj/270/ic_iters	1
B/traj/270/ic_order	15359057144970489593
B/traj/270/ic_res	0
B/traj/270/mdot_air	4605852373272527778
B/traj/270/mf	4582400423943626714
B/traj/270/mf_sched	4582403389825004051
B/traj/270/nu_hp	4606652431457061772
B/traj/270/nu_lp	4606504871058244193
B/traj/270/phi_hp	4606893192212862784
B/traj/270/phi_lp	4606476845891911778
B/traj/270/pi_hpc	4617895570311614661
B/traj/270/pi_lpc	4613322428745385555
B/traj/270/required	0
B/traj/270/s	4608758678669597051
B/traj/270/sp_thrust	4649283881692003381
B/traj/270/v	4433840891169134005
B/traj/270/v_cmd	0
B/traj/270/v_regime	9087740570393753374
B/traj/271/nkeys	24
B/traj/271/Tt4	4654061317088780744
B/traj/271/b	4490001306390992358
B/traj/271/b_cmd	0
B/traj/271/branch	13126223303132988745
B/traj/271/f	4583563244535528431
B/traj/271/g	4531992617064554567
B/traj/271/ic_iters	1
B/traj/271/ic_order	15359057144970489593
B/traj/271/ic_res	0
B/traj/271/mdot_air	4605857747621854596
B/traj/271/mf	4582400521176782759
B/traj/271/mf_sched	4582403389825004051
B/traj/271/nu_hp	4606654355556912223
B/traj/271/nu_lp	4606507347850552958
B/traj/271/phi_hp	4606895341295871224
B/traj/271/phi_lp	4606480187934105986
B/traj/271/pi_hpc	4617896684234197755
B/traj/271/pi_lpc	4613324404880695473
B/traj/271/required	0
B/traj/271/s	4608781196667733903
B/traj/271/sp_thrust	4649282793358788936
B/traj/271/v	4433193552310722154
B/traj/271/v_cmd	0
B/traj/271/v_regime	9087740570393753374
B/traj/272/nkeys	24
B/traj/272/Tt4	4654059055192364006
B/traj/272/b	4489152487613506149
B/traj/272/b_cmd	0
B/traj/272/branch	13126223303132988745
B/traj/272/f	4583557888788522667
B/traj/272/g	4531800011933677662
B/traj/272/ic_iters	1
B/traj/272/ic_order	15359057144970489593
B/traj/272/ic_res	0
B/traj/272/mdot_air	4605863062712472446
B/traj/272/mf	4582400615222256820
B/traj/272/mf_sched	4582403389825004051
B/traj/272/nu_hp	4606656257466050269
B/traj/272/nu_lp	4606509797418645722
B/traj/272/phi_hp	4606897464948084850
B/traj/272/phi_lp	4606483491088574180
B/traj/272/pi_hpc	4617897784214326010
B/traj/272/pi_lpc	4613326359502644576
B/traj/272/required	0
B/traj/272/s	4608803714665870755
B/traj/272/sp_thrust	4649281717475672970
B/traj/272/v	4432607815836423920
B/traj/272/v_cmd	0
B/traj/272/v_regime	9087740570393753374
B/traj/273/nkeys	24
B/traj/273/Tt4	4654056820411660772
B/traj/273/b	4488384444552932472
B/traj/273/b_cmd	0
B/traj/273/branch	13126223303132988745
B/traj/273/f	4583552597021887877
B/traj/273/g	4531613721149992390
B/traj/273/ic_iters	1
B/traj/273/ic_order	15359057144970489593
B/traj/273/ic_res	0
B/traj/273/mdot_air	4605868319154917822
B/traj/273/mf	4582400706184553541
B/traj/273/mf_sched	4582403389825004051
B/traj/273/nu_hp	4606658137428217154
B/traj/273/nu_lp	4606512220053562202
B/traj/273/phi_hp	4606899563460649512
B/traj/273/phi_lp	4606486755791305088
B/traj/273/pi_hpc	4617898870421145524
B/traj/273/pi_lpc	4613328292847590585
B/traj/273/required	0
B/traj/273/s	4608826232664007607
B/traj/273/sp_thrust	4649280653915095872
B/traj/273/v	4432077819509361092
B/traj/273/v_cmd	0
B/traj/273/v_regime	9087740570393753374
B/traj/274/nkeys	24
B/traj/274/Tt4	4654054612427327867
B/traj/274/b	4487689490390110637
B/traj/274/b_cmd	0
B/traj/274/branch	13126223303132988745
B/traj/274/f	4583547368481323480
B/traj/274/g	4531433537704577052
B/traj/274/ic_iters	1
B/traj/274/ic_order	15359057144970489593
B/traj/274/ic_res	0
B/traj/274/mdot_air	4605873517554664943
B/traj/274/mf	4582400794164751498
B/traj/274/mf_sched	4582403389825004051
B/traj/274/nu_hp	4606659995684774956
B/traj/274/nu_lp	4606514616043499118
B/traj/274/phi_hp	4606901637121753789
B/traj/274/phi_lp	4606489982473952086
B/traj/274/pi_hpc	4617899943021744333
B/traj/274/pi_lpc	4613330205149315898
B/traj/274/required	0
B/traj/274/s	4608848750662144459
B/traj/274/sp_thrust	4649279602550124890
B/traj/274/v	4431598258957772381
B/traj/274/v_cmd	0
B/traj/274/v_regime	9087740570393753374
B/traj/275/nkeys	24
B/traj/275/Tt4	4654052430923258689
B/traj/275/b	4487060669802808335
B/traj/275/b_cmd	0
B/traj/275/branch	13126223303132988745
B/traj/275/f	4583542202420394765
B/traj/275/g	4531259261375069567
B/traj/275/ic_iters	1
B/traj/275/ic_order	15359057144970489593
B/traj/275/ic_res	0
B/traj/275/mdot_air	4605878658512126396
B/traj/275/mf	4582400879260615515
B/traj/275/mf_sched	4582403389825004051
B/traj/275/nu_hp	4606661832474720375
B/traj/275/nu_lp	4606516985673828414
B/traj/275/phi_hp	4606903686216642534
B/traj/275/phi_lp	4606493171563853732
B/traj/275/pi_hpc	4617901002181179227
B/traj/275/pi_lpc	4613332096639052791
B/traj/275/required	0
B/traj/275/s	4608871268660281311
B/traj/275/sp_thrust	4649278563254483911
B/traj/275/v	4430786635841780397
B/traj/275/v_cmd	0
B/traj/275/v_regime	9087740570393753374
B/traj/276/nkeys	24
B/traj/276/Tt4	4654050275586579320
B/traj/276/b	4486491689354645188
B/traj/276/b_cmd	0
B/traj/276/branch	13126223303132988745
B/traj/276/f	4583537098100508838
B/traj/276/g	4531090698503177585
B/traj/276/ic_iters	1
B/traj/276/ic_order	15359057144970489593
B/traj/276/ic_res	0
B/traj/276/mdot_air	4605883742622655605
B/traj/276/mf	4582400961566705306
B/traj/276/mf_sched	4582403389825004051
B/traj/276/nu_hp	4606663648034698802
B/traj/276/nu_lp	4606519329227115735
B/traj/276/phi_hp	4606905711027631064
B/traj/276/phi_lp	4606496323484055188
B/traj/276/pi_hpc	4617902048062502267
B/traj/276/pi_lpc	4613333967545508476
B/traj/276/required	0
B/traj/276/s	4608893786658418163
B/traj/276/sp_thrust	4649277535902581462
B/traj/276/v	4430001373756418189
B/traj/276/v_cmd	0
B/traj/276/v_regime	9087740570393753374
B/traj/277/nkeys	24
B/traj/277/Tt4	4654048146107642994
B/traj/277/b	4485976854508380367
B/traj/277/b_cmd	0
B/traj/277/branch	13126223303132988745
B/traj/277/f	4583532054790887320
B/traj/277/g	4530927661779482687
B/traj/277/ic_iters	1
B/traj/277/ic_order	15359057144970489593
B/traj/277/ic_res	0
B/traj/277/mdot_air	4605888770476551009
B/traj/277/mf	4582401041174480548
B/traj/277/mf_sched	4582403389825004051
B/traj/277/nu_hp	4606665442599018656
B/traj/277/nu_lp	4606521646983139149
B/traj/277/phi_hp	4606907711834120077
B/traj/277/phi_lp	4606499438653330594
B/traj/277/pi_hpc	4617903080826786832
B/traj/277/pi_lpc	4613335818094890128
B/traj/277/required	0
B/traj/277/s	4608916304656555015
B/traj/277/sp_thrust	4649276520369536878
B/traj/277/v	4429290839174254262
B/traj/277/v_cmd	0
B/traj/277/v_regime	9087740570393753374
B/traj/278/nkeys	24
B/traj/278/Tt4	4654046042180022981
B/traj/278/b	4485436796405332428
B/traj/278/b_cmd	0
B/traj/278/branch	13126223303132988745
B/traj/278/f	4583527071768536131
B/traj/278/g	4530769970035299544
B/traj/278/ic_iters	1
B/traj/278/ic_order	15359057144970489593
B/traj/278/ic_res	0
B/traj/278/mdot_air	4605893742659061760
B/traj/278/mf	4582401118172402512
B/traj/278/mf_sched	4582403389825004051
B/traj/278/nu_hp	4606667216399665956
B/traj/278/nu_lp	4606523939218908093
B/traj/278/phi_hp	4606909688912611225
B/traj/278/phi_lp	4606502517486206310
B/traj/278/pi_hpc	4617904100633153235
B/traj/278/pi_lpc	4613337648510929751
B/traj/278/required	0
B/traj/278/s	4608938822654691867
B/traj/278/sp_thrust	4649275516531204789
B/traj/278/v	4428647920839265510
B/traj/278/v_cmd	0
B/traj/278/v_regime	9087740570393753374
B/traj/279/nkeys	24
B/traj/279/Tt4	4654043963500504092
B/traj/279/b	4484593774009816937
B/traj/279/b_cmd	0
B/traj/279/branch	13126223303132988745
B/traj/279/f	4583522148318212541
B/traj/279/g	4530613670947998502
B/traj/279/ic_iters	1
B/traj/279/ic_order	15359057144970489593
B/traj/279/ic_res	0
B/traj/279/mdot_air	4605898659750395125
B/traj/279/mf	4582401192646032366
B/traj/279/mf_sched	4582403389825004051
B/traj/279/nu_hp	4606668969666319132
B/traj/279/nu_lp	4606526206208682524
B/traj/279/phi_hp	4606911642536723273
B/traj/279/phi_lp	4606505560392984906
B/traj/279/pi_hpc	4617905107638794009
B/traj/279/pi_lpc	4613339459014908948
B/traj/279/required	0
B/traj/279/s	4608961340652828719
B/traj/279/sp_thrust	4649274524264197995
B/traj/279/v	4428066184220330125
B/traj/279/v_cmd	0
B/traj/279/v_regime	9087740570393753374
B/traj/280/nkeys	24
B/traj/280/Tt4	4654041909769072723
B/traj/280/b	4483830975733014690
B/traj/280/b_cmd	0
B/traj/280/branch	13126223303132988745
B/traj/280/f	4583517283732389535
B/traj/280/g	4530318627491460139
B/traj/280/ic_iters	1
B/traj/280/ic_order	15359057144970489593
B/traj/280/ic_res	0
B/traj/280/mdot_air	4605903522325725148
B/traj/280/mf	4582401264678126248
B/traj/280/mf_sched	4582403389825004051
B/traj/280/nu_hp	4606670702626364044
B/traj/280/nu_lp	4606528448223992257
B/traj/280/phi_hp	4606913572977208927
B/traj/280/phi_lp	4606508567779769984
B/traj/280/pi_hpc	4617906101998998700
B/traj/280/pi_lpc	4613341249825683537
B/traj/280/required	0
B/traj/280/s	4608983858650965571
B/traj/280/sp_thrust	4649273543445908714
B/traj/280/v	4427539807112394178
B/traj/280/v_cmd	0
B/traj/280/v_regime	9087740570393753374
B/traj/281/nkeys	24
B/traj/281/Tt4	4654039880688905696
B/traj/281/b	4483140767247228636
B/traj/281/b_cmd	0
B/traj/281/branch	13126223303132988745
B/traj/281/f	4583512477311217845
B/traj/281/g	4530033256709853750
B/traj/281/ic_iters	1
B/traj/281/ic_order	15359057144970489593
B/traj/281/ic_res	0
B/traj/281/mdot_air	4605908330955203019
B/traj/281/mf	4582401334348727226
B/traj/281/mf_sched	4582403389825004051
B/traj/281/nu_hp	4606672415504909199
B/traj/281/nu_lp	4606530665533656481
B/traj/281/phi_hp	4606915480501972046
B/traj/281/phi_lp	4606511540048491596
B/traj/281/pi_hpc	4617907083867178423
B/traj/281/pi_lpc	4613343021159708112
B/traj/281/required	0
B/traj/281/s	4609006376649102423
B/traj/281/sp_thrust	4649272573954528457
B/traj/281/v	4427063521365992186
B/traj/281/v_cmd	0
B/traj/281/v_regime	9087740570393753374
B/traj/282/nkeys	24
B/traj/282/Tt4	4654037875966357873
B/traj/282/b	4482516240726471198
B/traj/282/b_cmd	0
B/traj/282/branch	13126223303132988745
B/traj/282/f	4583507728362485678
B/traj/282/g	4529757241495179594
B/traj/282/ic_iters	1
B/traj/282/ic_order	15359057144970489593
B/traj/282/ic_res	0
B/traj/282/mdot_air	4605913086203968520
B/traj/282/mf	4582401401735254246
B/traj/282/mf_sched	4582403389825004051
B/traj/282/nu_hp	4606674108524801153
B/traj/282/nu_lp	4606532858403803427
B/traj/282/phi_hp	4606917365376085439
B/traj/282/phi_lp	4606514477596932367
B/traj/282/pi_hpc	4617908053394889916
B/traj/282/pi_lpc	4613344773231060418
B/traj/282/required	0
B/traj/282/s	4609028894647239275
B/traj/282/sp_thrust	4649271615669066406
B/traj/282/v	4426226686618666779
B/traj/282/v_cmd	0
B/traj/282/v_regime	9087740570393753374
B/traj/283/nkeys	24
B/traj/283/Tt4	4654035895310948581
B/traj/283/b	4481951145710745339
B/traj/283/b_cmd	0
B/traj/283/branch	13126223303132988745
B/traj/283/f	4583503036201576273
B/traj/283/g	4529490275135474621
B/traj/283/ic_iters	1
B/traj/283/ic_order	15359057144970489593
B/traj/283/ic_res	0
B/traj/283/mdot_air	4605917788632162940
B/traj/283/mf	4582401466912588158
B/traj/283/mf_sched	4582403389825004051
B/traj/283/nu_hp	4606675781906640084
B/traj/283/nu_lp	4606535027097890183
B/traj/283/phi_hp	4606919227861809143
B/traj/283/phi_lp	4606517380818754232
B/traj/283/pi_hpc	4617909010731859274
B/traj/283/pi_lpc	4613346506251465605
B/traj/283/required	0
B/traj/283/s	4609051412645376127
B/traj/283/sp_thrust	4649270668469366446
B/traj/283/v	4425446786901709476
B/traj/283/v_cmd	0
B/traj/283/v_regime	9087740570393753374
B/traj/284/nkeys	24
B/traj/284/Tt4	4654033938435347087
B/traj/284/b	4481439826549453492
B/traj/284/b_cmd	0
B/traj/284/branch	13126223303132988745
B/traj/284/f	4583498400151423615
B/traj/284/g	4529232060973989854
B/traj/284/ic_iters	1
B/traj/284/ic_order	15359057144970489593
B/traj/284/ic_res	0
B/traj/284/mdot_air	4605922438794943096
B/traj/284/mf	4582401529953154927
B/traj/284/mf_sched	4582403389825004051
B/traj/284/nu_hp	4606677435868795515
B/traj/284/nu_lp	4606537171876722634
B/traj/284/phi_hp	4606921068218609076
B/traj/284/phi_lp	4606520250103525627
B/traj/284/pi_hpc	4617909956026005381
B/traj/284/pi_lpc	4613348220430320306
B/traj/284/required	0
B/traj/284/s	4609073930643512979
B/traj/284/sp_thrust	4649269732236122951
B/traj/284/v	4424741104391567122
B/traj/284/v_cmd	0
B/traj/284/v_regime	9087740570393753374
B/traj/285/nkeys	24
B/traj/285/Tt4	4654032005055356951
B/traj/285/b	4480872702362052641
B/traj/285/b_cmd	0
B/traj/285/branch	13126223303132988745
B/traj/285/f	4583493819542466108
B/traj/285/g	4528982312079541266
B/traj/285/ic_iters	1
B/traj/285/ic_order	15359057144970489593
B/traj/285/ic_res	0
B/traj/285/mdot_air	4605927037242496656
B/traj/285/mf	4582401590927006111
B/traj/285/mf_sched	4582403389825004051
B/traj/285/nu_hp	4606679070627422189
B/traj/285/nu_lp	4606539292998475520
B/traj/285/phi_hp	4606922886703176116
B/traj/285/phi_lp	4606523085836749381
B/traj/285/pi_hpc	4617910889423462859
B/traj/285/pi_lpc	4613349915974716687
B/traj/285/required	0
B/traj/285/s	4609096448641649831
B/traj/285/sp_thrust	4649268806850895269
B/traj/285/v	4424102576393296190
B/traj/285/v_cmd	0
B/traj/285/v_regime	9087740570393753374
B/traj/286/nkeys	24
B/traj/286/Tt4	4654030094889899551
B/traj/286/b	4480035436766391118
B/traj/286/b_cmd	0
B/traj/286/branch	13126223303132988745
B/traj/286/f	4583489293712598744
B/traj/286/g	4528740750927667836
B/traj/286/ic_iters	1
B/traj/286/ic_order	15359057144970489593
B/traj/286/ic_res	0
B/traj/286/mdot_air	4605931584520058442
B/traj/286/mf	4582401649901896705
B/traj/286/mf_sched	4582403389825004051
B/traj/286/nu_hp	4606680686396476066
B/traj/286/nu_lp	4606541390718712593
B/traj/286/phi_hp	4606924683569445570
B/traj/286/phi_lp	4606525888399890875
B/traj/286/pi_hpc	4617911811068604806
B/traj/286/pi_lpc	4613351593089466179
B/traj/286/required	0
B/traj/286/s	4609118966639786683
B/traj/286/sp_thrust	4649267892196121080
B/traj/286/v	4423524812315660715
B/traj/286/v_cmd	0
B/traj/286/v_regime	9087740570393753374
B/traj/287/nkeys	24
B/traj/287/Tt4	4654028207660996686
B/traj/287/b	4479277847457976735
B/traj/287/b_cmd	0
B/traj/287/branch	13126223303132988745
B/traj/287/f	4583484822007123550
B/traj/287/g	4528507109092242494
B/traj/287/ic_iters	1
B/traj/287/ic_order	15359057144970489593
B/traj/287/ic_res	0
B/traj/287/mdot_air	4605936081167927873
B/traj/287/mf	4582401706943360432
B/traj/287/mf_sched	4582403389825004051
B/traj/287/nu_hp	4606682283387730447
B/traj/287/nu_lp	4606543465290406862
B/traj/287/phi_hp	4606926459068616917
B/traj/287/phi_lp	4606528658170406783
B/traj/287/pi_hpc	4617912721104065105
B/traj/287/pi_lpc	4613353251977123197
B/traj/287/required	0
B/traj/287/s	4609141484637923535
B/traj/287/sp_thrust	4649266988155128619
B/traj/287/v	4423002029712063226
B/traj/287/v_cmd	0
B/traj/287/v_regime	9087740570393753374
B/traj/288/nkeys	24
B/traj/288/Tt4	4654026343093752394
B/traj/288/b	4478592352242124336
B/traj/288/b_cmd	0
B/traj/288/branch	13126223303132988745
B/traj/288/f	4583480403778698624
B/traj/288/g	4528281126947193255
B/traj/288/ic_iters	1
B/traj/288/ic_order	15359057144970489593
B/traj/288/ic_res	0
B/traj/288/mdot_air	4605940527721487393
B/traj/288/mf	4582401762114782563
B/traj/288/mf_sched	4582403389825004051
B/traj/288/nu_hp	4606683861810792199
B/traj/288/nu_lp	4606545516963960923
B/traj/288/phi_hp	4606928213449173953
B/traj/288/phi_lp	4606531395521774141
B/traj/288/pi_hpc	4617913619670760431
B/traj/288/pi_lpc	4613354892838008635
B/traj/288/required	0
B/traj/288/s	4609164002636060387
B/traj/288/sp_thrust	4649266094612147812
B/traj/288/v	4422523158738134094
B/traj/288/v_cmd	0
B/traj/288/v_regime	9087740570393753374
B/traj/289/nkeys	24
B/traj/289/Tt4	4654024500916334022
B/traj/289/b	4477972090464750491
B/traj/289/b_cmd	0
B/traj/289/branch	13126223303132988745
B/traj/289/f	4583476038387285817
B/traj/289/g	4528062553378003102
B/traj/289/ic_iters	1
B/traj/289/ic_order	15359057144970489593
B/traj/289/ic_res	0
B/traj/289/mdot_air	4605944924711221900
B/traj/289/mf	4582401815477470353
B/traj/289/mf_sched	4582403389825004051
B/traj/289/nu_hp	4606685421873118083
B/traj/289/nu_lp	4606547545987227344
B/traj/289/phi_hp	4606929946956905120
B/traj/289/phi_lp	4606534100823519801
B/traj/289/pi_hpc	4617914506907911991
B/traj/289/pi_lpc	4613356515870233210
B/traj/289/required	0
B/traj/289/s	4609186520634197239
B/traj/289/sp_thrust	4649265211452320430
B/traj/289/v	4421667122193568337
B/traj/289/v_cmd	0
B/traj/289/v_regime	9087740570393753374
B/traj/290/nkeys	24
B/traj/290/Tt4	4654022680859952541
B/traj/290/b	4477410854348765984
B/traj/290/b_cmd	0
B/traj/290/branch	13126223303132988745
B/traj/290/f	4583471725200097101
B/traj/290/g	4527851145502668026
B/traj/290/ic_iters	1
B/traj/290/ic_order	15359057144970489593
B/traj/290/ic_res	0
B/traj/290/mdot_air	4605949272662738974
B/traj/290/mf	4582401867090721168
B/traj/290/mf_sched	4582403389825004051
B/traj/290/nu_hp	4606686963780031163
B/traj/290/nu_lp	4606549552605529114
B/traj/290/phi_hp	4606931659834924233
B/traj/290/phi_lp	4606536774441250267
B/traj/290/pi_hpc	4617915382953066777
B/traj/290/pi_lpc	4613358121269720654
B/traj/290/required	0
B/traj/290/s	4609209038632334091
B/traj/290/sp_thrust	4649264338561709177
B/traj/290/v	4420892548226674819
B/traj/290/v_cmd	0
B/traj/290/v_regime	9087740570393753374
B/traj/291/nkeys	24
B/traj/291/Tt4	4654020882658842294
B/traj/291/b	4476903026864668853
B/traj/291/b_cmd	0
B/traj/291/branch	13126223303132988745
B/traj/291/f	4583467463591539890
B/traj/291/g	4527646668401803150
B/traj/291/ic_iters	1
B/traj/291/ic_order	15359057144970489593
B/traj/291/ic_res	0
B/traj/291/mdot_air	4605953572096790094
B/traj/291/mf	4582401917011888371
B/traj/291/mf_sched	4582403389825004051
B/traj/291/nu_hp	4606688487734737293
B/traj/291/nu_lp	4606551537061680132
B/traj/291/phi_hp	4606933352323691281
B/traj/291/phi_lp	4606539416736681726
B/traj/291/pi_hpc	4617916247942118707
B/traj/291/pi_lpc	4613359709230230746
B/traj/291/required	0
B/traj/291/s	4609231556630470943
B/traj/291/sp_thrust	4649263475827305984
B/traj/291/v	4420191684654905806
B/traj/291/v_cmd	0
B/traj/291/v_regime	9087740570393753374
B/traj/292/nkeys	24
B/traj/292/Tt4	4654019106050240092
B/traj/292/b	4476309021420781206
B/traj/292/b_cmd	0
B/traj/292/branch	13126223303132988745
B/traj/292/f	4583463252943161239
B/traj/292/g	4527448894857597024
B/traj/292/ic_iters	1
B/traj/292/ic_order	15359057144970489593
B/traj/292/ic_res	0
B/traj/292/mdot_air	4605957823529292630
B/traj/292/mf	4582401965296445062
B/traj/292/mf_sched	4582403389825004051
B/traj/292/nu_hp	4606689993938341675
B/traj/292/nu_lp	4606553499596005733
B/traj/292/phi_hp	4606935024661033571
B/traj/292/phi_lp	4606542028067670447
B/traj/292/pi_hpc	4617917102009329328
B/traj/292/pi_lpc	4613361279943382155
B/traj/292/required	0
B/traj/292/s	4609254074628607795
B/traj/292/sp_thrust	4649262623137039301
B/traj/292/v	4419557517012785261
B/traj/292/v_cmd	0
B/traj/292/v_regime	9087740570393753374
B/traj/293/nkeys	24
B/traj/293/Tt4	4654017350774363750
B/traj/293/b	4475477473313153782
B/traj/293/b_cmd	0
B/traj/293/branch	13126223303132988745
B/traj/293/f	4583459092643591092
B/traj/293/g	4527257605101324020
B/traj/293/ic_iters	1
B/traj/293/ic_order	15359057144970489593
B/traj/293/ic_res	0
B/traj/293/mdot_air	4605962027471352597
B/traj/293/mf	4582402011998045715
B/traj/293/mf_sched	4582403389825004051
B/traj/293/nu_hp	4606691482589865469
B/traj/293/nu_lp	4606555440446363237
B/traj/293/phi_hp	4606936677082167009
B/traj/293/phi_lp	4606544608788243387
B/traj/293/pi_hpc	4617917945287348271
B/traj/293/pi_lpc	4613362833598675120
B/traj/293/required	0
B/traj/293/s	4609276592626744647
B/traj/293/sp_thrust	4649261780379780616
B/traj/293/v	4418983698348908013
B/traj/293/v_cmd	0
B/traj/293/v_regime	9087740570393753374
B/traj/294/nkeys	24
B/traj/294/Tt4	4654015616574390122
B/traj/294/b	4474725057402318452
B/traj/294/b_cmd	0
B/traj/294/branch	13126223303132988745
B/traj/294/f	4583454982088484651
B/traj/294/g	4527072586569134255
B/traj/294/ic_iters	1
B/traj/294/ic_order	15359057144970489593
B/traj/294/ic_res	0
B/traj/294/mdot_air	4605966184429288132
B/traj/294/mf	4582402057168585800
B/traj/294/mf_sched	4582403389825004051
B/traj/294/nu_hp	4606692953886262452
B/traj/294/nu_lp	4606557359848162515
B/traj/294/phi_hp	4606938309819717589
B/traj/294/phi_lp	4606547159248629036
B/traj/294/pi_hpc	4617918777907233354
B/traj/294/pi_lpc	4613364370383513979
B/traj/294/required	0
B/traj/294/s	4609299110624881499
B/traj/294/sp_thrust	4649260947445350114
B/traj/294/v	4418464485703631983
B/traj/294/v_cmd	0
B/traj/294/v_regime	9087740570393753374
B/traj/295/nkeys	24
B/traj/295/Tt4	4654013903196432699
B/traj/295/b	4474044243270597989
B/traj/295/b_cmd	0
B/traj/295/branch	13126223303132988745
B/traj/295/f	4583450920680464021
B/traj/295/g	4526893633665849667
B/traj/295/ic_iters	1
B/traj/295/ic_order	15359057144970489593
B/traj/295/ic_res	0
B/traj/295/mdot_air	4605970294904653701
B/traj/295/mf	4582402100858259453
B/traj/295/mf_sched	4582403389825004051
B/traj/295/nu_hp	4606694408022435724
B/traj/295/nu_lp	4606559258034386564
B/traj/295/phi_hp	4606939923103742979
B/traj/295/phi_lp	4606549679795288387
B/traj/295/pi_hpc	4617919599998470485
B/traj/295/pi_lpc	4613365890483229465
B/traj/295/required	0
B/traj/295/s	4609321628623018351
B/traj/295/sp_thrust	4649260124224521644
B/traj/295/v	4417958130812967491
B/traj/295/v_cmd	0
B/traj/295/v_regime	9087740570393753374
B/traj/296/nkeys	24
B/traj/296/Tt4	4654012210389518713
B/traj/296/b	4473428217113687375
B/traj/296/b_cmd	0
B/traj/296/branch	13126223303132988745
B/traj/296/f	4583446907829059043
B/traj/296/g	4526720547536503784
B/traj/296/ic_iters	1
B/traj/296/ic_order	15359057144970489593
B/traj/296/ic_res	0
B/traj/296/mdot_air	4605974359394264920
B/traj/296/mf	4582402143115615251
B/traj/296/mf_sched	4582403389825004051
B/traj/296/nu_hp	4606695845191254439
B/traj/296/nu_lp	4606561135235612078
B/traj/296/phi_hp	4606941517161754292
B/traj/296/phi_lp	4606552170770946169
B/traj/296/pi_hpc	4617920411688993174
B/traj/296/pi_lpc	4613367394081100916
B/traj/296/required	0
B/traj/296/s	4609344146621155203
B/traj/296/sp_thrust	4649259310609026890
B/traj/296/v	4417107939938790756
B/traj/296/v_cmd	0
B/traj/296/v_regime	9087740570393753374
B/traj/297/nkeys	24
B/traj/297/Tt4	4654010537905565881
B/traj/297/b	4472870813545933767
B/traj/297/b_cmd	0
B/traj/297/branch	13126223303132988745
B/traj/297/f	4583442942950647536
B/traj/297/g	4526553135845371306
B/traj/297/ic_iters	1
B/traj/297/ic_order	15359057144970489593
B/traj/297/ic_res	0
B/traj/297/mdot_air	4605978378390224124
B/traj/297/mf	4582402183987610156
B/traj/297/mf_sched	4582403389825004051
B/traj/297/nu_hp	4606697265583570563
B/traj/297/nu_lp	4606562991680030013
B/traj/297/phi_hp	4606943092218737965
B/traj/297/phi_lp	4606554632514622178
B/traj/297/pi_hpc	4617921213105201885
B/traj/297/pi_lpc	4613368881358378213
B/traj/297/required	0
B/traj/297/s	4609366664619292055
B/traj/297/sp_thrust	4649258506491558890
B/traj/297/v	4416338655353677865
B/traj/297/v_cmd	0
B/traj/297/v_regime	9087740570393753374
B/traj/298/nkeys	24
B/traj/298/Tt4	4654008885499358807
B/traj/298/b	4472366453895196512
B/traj/298/b_cmd	0
B/traj/298/branch	13126223303132988745
B/traj/298/f	4583439025468395010
B/traj/298/g	4526391212562241959
B/traj/298/ic_iters	1
B/traj/298/ic_order	15359057144970489593
B/traj/298/ic_res	0
B/traj/298/mdot_air	4605982352379946258
B/traj/298/mf	4582402223519661701
B/traj/298/mf_sched	4582403389825004051
B/traj/298/nu_hp	4606698669388235652
B/traj/298/nu_lp	4606564827593466132
B/traj/298/phi_hp	4606944648497177732
B/traj/298/phi_lp	4606557065361662698
B/traj/298/pi_hpc	4617922004371982969
B/traj/298/pi_lpc	4613370352494303595
B/traj/298/required	0
B/traj/298/s	4609389182617428907
B/traj/298/sp_thrust	4649257711765774884
B/traj/298/v	4415642577812895780
B/traj/298/v_cmd	0
B/traj/298/v_regime	9087740570393753374
B/traj/299/nkeys	24
B/traj/299/Tt4	4654007252928525014
B/traj/299/b	4471745750760542554
B/traj/299/b_cmd	0
B/traj/299/branch	13126223303132988745
B/traj/299/f	4583435154812193796
B/traj/299/g	4526234597755701126
B/traj/299/ic_iters	1
B/traj/299/ic_order	15359057144970489593
B/traj/299/ic_res	0
B/traj/299/mdot_air	4605986281846185594
B/traj/299/mf	4582402261755698455
B/traj/299/mf_sched	4582403389825004051
B/traj/299/nu_hp	4606700056792117636
B/traj/299/nu_lp	4606566643199401533
B/traj/299/phi_hp	4606946186217076681
B/traj/299/phi_lp	4606559469643772102
B/traj/299/pi_hpc	4617922785612727460
B/traj/299/pi_lpc	4613371807666133276
B/traj/299/required	0
B/traj/299/s	4609411700615565759
B/traj/299/sp_thrust	4649256926326298526
B/traj/299/v	4415012740751088370
B/traj/299/v_cmd	0
B/traj/299/v_regime	9087740570393753374
B/traj/300/nkeys	24
B/traj/300/Tt4	4654005639953510735
B/traj/300/b	4470919881097580445
B/traj/300/b_cmd	0
B/traj/300/branch	13126223303132988745
B/traj/300/f	4583431330418601826
B/traj/300/g	4526048609279026612
B/traj/300/ic_iters	1
B/traj/300/ic_order	15359057144970489593
B/traj/300/ic_res	0
B/traj/300/mdot_air	4605990167267062827
B/traj/300/mf	4582402298738208834
B/traj/300/mf_sched	4582403389825004051
B/traj/300/nu_hp	4606701427980117610
B/traj/300/nu_lp	4606568438718993139
B/traj/300/phi_hp	4606947705595979369
B/traj/300/phi_lp	4606561845689044451
B/traj/300/pi_hpc	4617923556949349537
B/traj/300/pi_lpc	4613373247049158874
B/traj/300/required	0
B/traj/300/s	4609434218613702611
B/traj/300/sp_thrust	4649256150068721542
B/traj/300/v	4414442840558675207
B/traj/300/v_cmd	0
B/traj/300/v_regime	9087740570393753374
B/traj/301/nkeys	24
B/traj/301/Tt4	4654004046337556404
B/traj/301/b	4470172603256419968
B/traj/301/b_cmd	0
B/traj/301/branch	13126223303132988745
B/traj/301/f	4583427551730780975
B/traj/301/g	4525755580787863319
B/traj/301/ic_iters	1
B/traj/301/ic_order	15359057144970489593
B/traj/301/ic_res	0
B/traj/301/mdot_air	4605994009116092620
B/traj/301/mf	4582402334508288322
B/traj/301/mf_sched	4582403389825004051
B/traj/301/nu_hp	4606702783135186620
B/traj/301/nu_lp	4606570214371094155
B/traj/301/phi_hp	4606949206848994017
B/traj/301/phi_lp	4606564193821995217
B/traj/301/pi_hpc	4617924318502304709
B/traj/301/pi_lpc	4613374670816728682
B/traj/301/required	0
B/traj/301/s	4609456736611839463
B/traj/301/sp_thrust	4649255382889604764
B/traj/301/v	4413927173493322562
B/traj/301/v_cmd	0
B/traj/301/v_regime	9087740570393753374
B/traj/302/nkeys	24
B/traj/302/Tt4	4654002471846671924
B/traj/302/b	4469496438242818925
B/traj/302/b_cmd	0
B/traj/302/branch	13126223303132988745
B/traj/302/f	4583423818198435109
B/traj/302/g	4525472158913210299
B/traj/302/ic_iters	1
B/traj/302/ic_order	15359057144970489593
B/traj/302/ic_res	0
B/traj/302/mdot_air	4605997807862211758
B/traj/302/mf	4582402369105685130
B/traj/302/mf_sched	4582403389825004051
B/traj/302/nu_hp	4606704122438342441
B/traj/302/nu_lp	4606571970372274483
B/traj/302/phi_hp	4606950690188814729
B/traj/302/phi_lp	4606566514363593037
B/traj/302/pi_hpc	4617925070390607855
B/traj/302/pi_lpc	4613376079140268705
B/traj/302/required	0
B/traj/302/s	4609479254609976315
B/traj/302/sp_thrust	4649254624686478676
B/traj/302/v	4413393522367066996
B/traj/302/v_cmd	0
B/traj/302/v_regime	9087740570393753374
B/traj/303/nkeys	24
B/traj/303/Tt4	4654000916249611757
B/traj/303/b	4468884618782324691
B/traj/303/b_cmd	0
B/traj/303/branch	13126223303132988745
B/traj/303/f	4583420129277747888
B/traj/303/g	4525198028712720447
B/traj/303/ic_iters	1
B/traj/303/ic_order	15359057144970489593
B/traj/303/ic_res	0
B/traj/303/mdot_air	4606001563969807489
B/traj/303/mf	4582402402568844369
B/traj/303/mf_sched	4582403389825004051
B/traj/303/nu_hp	4606705446068686339
B/traj/303/nu_lp	4606573706936841084
B/traj/303/phi_hp	4606952155825743742
B/traj/303/phi_lp	4606568807631291451
B/traj/303/pi_hpc	4617925812731850820
B/traj/303/pi_lpc	4613377472189303563
B/traj/303/required	0
B/traj/303/s	4609501772608113167
B/traj/303/sp_thrust	4649253875357843425
B/traj/303/v	4412549137244583622
B/traj/303/v_cmd	0
B/traj/303/v_regime	9087740570393753374
B/traj/304/nkeys	24
B/traj/304/Tt4	4653999379317849768
B/traj/304/b	4468331021591239740
B/traj/304/b_cmd	0
B/traj/304/branch	13126223303132988745
B/traj/304/f	4583416484431320281
B/traj/304/g	4524932885569084813
B/traj/304/ic_iters	1
B/traj/304/ic_order	15359057144970489593
B/traj/304/ic_res	0
B/traj/304/mdot_air	4606005277898746539
B/traj/304/mf	4582402434934950770
B/traj/304/mf_sched	4582403389825004051
B/traj/304/nu_hp	4606706754203419814
B/traj/304/nu_lp	4606575424276858290
B/traj/304/phi_hp	4606953603967713701
B/traj/304/phi_lp	4606571073939060766
B/traj/304/pi_hpc	4617926545642219986
B/traj/304/pi_lpc	4613378850131477189
B/traj/304/required	0
B/traj/304/s	4609524290606250019
B/traj/304/sp_thrust	4649253134803168363
B/traj/304/v	4411785105921318573
B/traj/304/v_cmd	0
B/traj/304/v_regime	9087740570393753374
B/traj/305/nkeys	24
B/traj/305/Tt4	4653997860825554013
B/traj/305/b	4467830106092851410
B/traj/305/b_cmd	0
B/traj/305/branch	13126223303132988745
B/traj/305/f	4583412883128108063
B/traj/305/g	4524676434851537590
B/traj/305/ic_iters	1
B/traj/305/ic_order	15359057144970489593
B/traj/305/ic_res	0
B/traj/305/mdot_air	4606008950104404237
B/traj/305/mf	4582402466239970002
B/traj/305/mf_sched	4582403389825004051
B/traj/305/nu_hp	4606708047017861314
B/traj/305/nu_lp	4606577122602168053
B/traj/305/phi_hp	4606955034820309895
B/traj/305/phi_lp	4606573313597419727
B/traj/305/pi_hpc	4617927269236513415
B/traj/305/pi_lpc	4613380213132573315
B/traj/305/required	0
B/traj/305/s	4609546808604386871
B/traj/305/sp_thrust	4649252402922891134
B/traj/305/v	4411093781728853734
B/traj/305/v_cmd	0
B/traj/305/v_regime	9087740570393753374
B/traj/306/nkeys	24
B/traj/306/Tt4	4653996360549561287
B/traj/306/b	4467182887579624888
B/traj/306/b_cmd	0
B/traj/306/branch	13126223303132988745
B/traj/306/f	4583409324843358989
B/traj/306/g	4524428391588458293
B/traj/306/ic_iters	1
B/traj/306/ic_order	15359057144970489593
B/traj/306/ic_res	0
B/traj/306/mdot_air	4606012581037694151
B/traj/306/mf	4582402496518688640
B/traj/306/mf_sched	4582403389825004051
B/traj/306/nu_hp	4606709324685462923
B/traj/306/nu_lp	4606578802120410128
B/traj/306/phi_hp	4606956448586792589
B/traj/306/phi_lp	4606575526913467413
B/traj/306/pi_hpc	4617927983628157873
B/traj/306/pi_lpc	4613381561356535819
B/traj/306/required	0
B/traj/306/s	4609569326602523723
B/traj/306/sp_thrust	4649251679618416294
B/traj/306/v	4410468245674854330
B/traj/306/v_cmd	0
B/traj/306/v_regime	9087740570393753374
B/traj/307/nkeys	24
B/traj/307/Tt4	4653994878269351661
B/traj/307/b	4466362657584577212
B/traj/307/b_cmd	0
B/traj/307/branch	13126223303132988745
B/traj/307/f	4583405809058550104
B/traj/307/g	4524188480150707311
B/traj/307/ic_iters	1
B/traj/307/ic_order	15359057144970489593
B/traj/307/ic_res	0
B/traj/307/mdot_air	4606016171145098031
B/traj/307/mf	4582402525804752818
B/traj/307/mf_sched	4582403389825004051
B/traj/307/nu_hp	4606710587377827008
B/traj/307/nu_lp	4606580463037042190
B/traj/307/phi_hp	4606957845468119178
B/traj/307/phi_lp	4606577714190914861
B/traj/307/pi_hpc	4617928688929225587
B/traj/307/pi_lpc	4613382894965488852
B/traj/307/required	0
B/traj/307/s	4609591844600660575
B/traj/307/sp_thrust	4649250964792113585
B/traj/307/v	4409902237195593644
B/traj/307/v_cmd	0
B/traj/307/v_regime	9087740570393753374
B/traj/308/nkeys	24
B/traj/308/Tt4	4653993413767022863
B/traj/308/b	4465620482726433260
B/traj/308/b_cmd	0
B/traj/308/branch	13126223303132988745
B/traj/308/f	4583402335261324870
B/traj/308/g	4523956433945342955
B/traj/308/ic_iters	1
B/traj/308/ic_order	15359057144970489593
B/traj/308/ic_res	0
B/traj/308/mdot_air	4606019720868695857
B/traj/308/mf	4582402554130705621
B/traj/308/mf_sched	4582403389825004051
B/traj/308/nu_hp	4606711835264722828
B/traj/308/nu_lp	4606582105555359872
B/traj/308/phi_hp	4606959225662966486
B/traj/308/phi_lp	4606579875730116816
B/traj/308/pi_hpc	4617929385250450712
B/traj/308/pi_lpc	4613384214119756771
B/traj/308/required	0
B/traj/308/s	4609614362598797427
B/traj/308/sp_thrust	4649250258347315742
B/traj/308/v	4409390091498240603
B/traj/308/v_cmd	0
B/traj/308/v_regime	9087740570393753374
B/traj/309/nkeys	24
B/traj/309/Tt4	4653991966827264630
B/traj/309/b	4464948935083227432
B/traj/309/b_cmd	0
B/traj/309/branch	13126223303132988745
B/traj/309/f	4583398902945430361
B/traj/309/g	4523731995119379659
B/traj/309/ic_iters	1
B/traj/309/ic_order	15359057144970489593
B/traj/309/ic_res	0
B/traj/309/mdot_air	4606023230646196498
B/traj/309/mf	4582402581528023244
B/traj/309/mf_sched	4582403389825004051
B/traj/309/nu_hp	4606713068514103100
B/traj/309/nu_lp	4606583729876516728
B/traj/309/phi_hp	4606960589367752869
B/traj/309/phi_lp	4606582011828103353
B/traj/309/pi_hpc	4617930072701245718
B/traj/309/pi_lpc	4613385518977883937
B/traj/309/required	0
B/traj/309/s	4609636880596934279
B/traj/309/sp_thrust	4649249560188316012
B/traj/309/v	4408829330535908258
B/traj/309/v_cmd	0
B/traj/309/v_regime	9087740570393753374
B/traj/310/nkeys	24
B/traj/310/Tt4	4653990537237332980
B/traj/310/b	4464341293592618179
B/traj/310/b_cmd	0
B/traj/310/branch	13126223303132988745
B/traj/310/f	4583395511610654480
B/traj/310/g	4523514914273258138
B/traj/310/ic_iters	1
B/traj/310/ic_order	15359057144970489593
B/traj/310/ic_res	0
B/traj/310/mdot_air	4606026700910968272
B/traj/310/mf	4582402608027149968
B/traj/310/mf_sched	4582403389825004051
B/traj/310/nu_hp	4606714287292120510
B/traj/310/nu_lp	4606585336199544111
B/traj/310/phi_hp	4606961936776660412
B/traj/310/phi_lp	4606584122778611439
B/traj/310/pi_hpc	4617930751389717383
B/traj/310/pi_lpc	4613386809696654247
B/traj/310/required	0
B/traj/310/s	4609659398595071131
B/traj/310/sp_thrust	4649248870220365255
B/traj/310/v	4407990711519017883
B/traj/310/v_cmd	0
B/traj/310/v_regime	9087740570393753374
B/traj/311/nkeys	24
B/traj/311/Tt4	4653989124787024498
B/traj/311/b	4463791476785359029
B/traj/311/b_cmd	0
B/traj/311/branch	13126223303132988745
B/traj/311/f	4583392160762763282
B/traj/311/g	4523304950183709113
B/traj/311/ic_iters	1
B/traj/311/ic_order	15359057144970489593
B/traj/311/ic_res	0
B/traj/311/mdot_air	4606030132092069905
B/traj/311/mf	4582402633657531993
B/traj/311/mf_sched	4582403389825004051
B/traj/311/nu_hp	4606715491763144177
B/traj/311/nu_lp	4606586924721370964
B/traj/311/phi_hp	4606963268081656958
B/traj/311/phi_lp	4606586208872116415
B/traj/311/pi_hpc	4617931421422682673
B/traj/311/pi_lpc	4613388086431110550
B/traj/311/required	0
B/traj/311/s	4609681916593207983
B/traj/311/sp_thrust	4649248188349668770
B/traj/311/v	4407231897584322338
B/traj/311/v_cmd	0
B/traj/311/v_regime	9087740570393753374
B/traj/312/nkeys	24
B/traj/312/Tt4	4653987729268650553
B/traj/312/b	4463293981920020678
B/traj/312/b_cmd	0
B/traj/312/branch	13126223303132988745
B/traj/312/f	4583388849913438362
B/traj/312/g	4523101869535702644
B/traj/312/ic_iters	1
B/traj/312/ic_order	15359057144970489593
B/traj/312/ic_res	0
B/traj/312/mdot_air	4606033524614281712
B/traj/312/mf	4582402658447650158
B/traj/312/mf_sched	4582403389825004051
B/traj/312/nu_hp	4606716682089776057
B/traj/312/nu_lp	4606588495636843522
B/traj/312/phi_hp	4606964583472518153
B/traj/312/phi_lp	4606588270395863389
B/traj/312/pi_hpc	4617932082905684408
B/traj/312/pi_lpc	4613389349334573825
B/traj/312/required	0
B/traj/312/s	4609704434591344835
B/traj/312/sp_thrust	4649247514483382778
B/traj/312/v	4406545294280687258
B/traj/312/v_cmd	0
B/traj/312/v_regime	9087740570393753374
B/traj/313/nkeys	24
B/traj/313/Tt4	4653986350477011570
B/traj/313/b	4462620429095448639
B/traj/313/b_cmd	0
B/traj/313/branch	13126223303132988745
B/traj/313/f	4583385578580214423
B/traj/313/g	4522905446663185210
B/traj/313/ic_iters	1
B/traj/313/ic_order	15359057144970489593
B/traj/313/ic_res	0
B/traj/313/mdot_air	4606036878898136888
B/traj/313/mf	4582402682425051588
B/traj/313/mf_sched	4582403389825004051
B/traj/313/nu_hp	4606717858432867287
B/traj/313/nu_lp	4606590049138744918
B/traj/313/phi_hp	4606965883136849357
B/traj/313/phi_lp	4606590307633898530
B/traj/313/pi_hpc	4617932735943006682
B/traj/313/pi_lpc	4613390598558662207
B/traj/313/required	0
B/traj/313/s	4609726952589481687
B/traj/313/sp_thrust	4649246848529610644
B/traj/313/v	4405924029863934351
B/traj/313/v_cmd	0
B/traj/313/v_regime	9087740570393753374
B/traj/314/nkeys	24
B/traj/314/Tt4	4653984988209371265
B/traj/314/b	4461805800256361740
B/traj/314/b_cmd	0
B/traj/314/branch	13126223303132988745
B/traj/314/f	4583382346286416968
B/traj/314/g	4522715463298316435
B/traj/314/ic_iters	1
B/traj/314/ic_order	15359057144970489593
B/traj/314/ic_res	0
B/traj/314/mdot_air	4606040195359953021
B/traj/314/mf	4582402705616380307
B/traj/314/mf_sched	4582403389825004051
B/traj/314/nu_hp	4606719020951534465
B/traj/314/nu_lp	4606591585417814695
B/traj/314/phi_hp	4606967167260107540
B/traj/314/phi_lp	4606592320867100273
B/traj/314/pi_hpc	4617933380637690073
B/traj/314/pi_lpc	4613391834253309819
B/traj/314/required	0
B/traj/314/s	4609749470587618539
B/traj/314/sp_thrust	4649246190397398774
B/traj/314/v	4405361886522240693
B/traj/314/v_cmd	0
B/traj/314/v_regime	9087740570393753374
B/traj/315/nkeys	24
B/traj/315/Tt4	4653983642265430976
B/traj/315/b	4461068693534174448
B/traj/315/b_cmd	0
B/traj/315/branch	13126223303132988745
B/traj/315/f	4583379152561100258
B/traj/315/g	4522531708328926817
B/traj/315/ic_iters	1
B/traj/315/ic_order	15359057144970489593
B/traj/315/ic_res	0
B/traj/315/mdot_air	4606043474411863682
B/traj/315/mf	4582402728047406844
B/traj/315/mf_sched	4582403389825004051
B/traj/315/nu_hp	4606720169803175862
B/traj/315/nu_lp	4606593104662768214
B/traj/315/phi_hp	4606968436025623023
B/traj/315/phi_lp	4606594310373210336
B/traj/315/pi_hpc	4617934017091546701
B/traj/315/pi_lpc	4613393056566785398
B/traj/315/required	0
B/traj/315/s	4609771988585755391
B/traj/315/sp_thrust	4649245539996732334
B/traj/315/v	4404853238146300958
B/traj/315/v_cmd	0
B/traj/315/v_regime	9087740570393753374
B/traj/316/nkeys	24
B/traj/316/Tt4	4653982312447303964
B/traj/316/b	4460401731730437305
B/traj/316/b_cmd	0
B/traj/316/branch	13126223303132988745
B/traj/316/f	4583375996938985373
B/traj/316/g	4522353977563926932
B/traj/316/ic_iters	1
B/traj/316/ic_order	15359057144970489593
B/traj/316/ic_res	0
B/traj/316/mdot_air	4606046716461850266
B/traj/316/mf	4582402749743056868
B/traj/316/mf_sched	4582403389825004051
B/traj/316/nu_hp	4606721305143487568
B/traj/316/nu_lp	4606594607060315961
B/traj/316/phi_hp	4606969689614621211
B/traj/316/phi_lp	4606596276426864735
B/traj/316/pi_hpc	4617934645405175021
B/traj/316/pi_lpc	4613394265645710768
B/traj/316/required	0
B/traj/316/s	4609794506583892243
B/traj/316/sp_thrust	4649244897238530630
B/traj/316/v	4404265552474528087
B/traj/316/v_cmd	0
B/traj/316/v_regime	9087740570393753374
B/traj/317/nkeys	24
B/traj/317/Tt4	4653980998559489839
B/traj/317/b	4459798239679348298
B/traj/317/b_cmd	0
B/traj/317/branch	13126223303132988745
B/traj/317/f	4583372878960398681
B/traj/317/g	4522182073506407447
B/traj/317/ic_iters	1
B/traj/317/ic_order	15359057144970489593
B/traj/317/ic_res	0
B/traj/317/mdot_air	4606049921913773782
B/traj/317/mf	4582402770727438890
B/traj/317/mf_sched	4582403389825004051
B/traj/317/nu_hp	4606722427126479556
B/traj/317/nu_lp	4606596092795182748
B/traj/317/phi_hp	4606970928206244143
B/traj/317/phi_lp	4606598219299624505
B/traj/317/pi_hpc	4617935265677974474
B/traj/317/pi_lpc	4613395461635079093
B/traj/317/required	0
B/traj/317/s	4609817024582029095
B/traj/317/sp_thrust	4649244262034642340
B/traj/317/v	4403432660187864158
B/traj/317/v_cmd	0
B/traj/317/v_regime	9087740570393753374
B/traj/318/nkeys	24
B/traj/318/Tt4	4653979700408849022
B/traj/318/b	4459252177440571048
B/traj/318/b_cmd	0
B/traj/318/branch	13126223303132988745
B/traj/318/f	4583369798171210434
B/traj/318/g	4522015805134177790
B/traj/318/ic_iters	1
B/traj/318/ic_order	15359057144970489593
B/traj/318/ic_res	0
B/traj/318/mdot_air	4606053091167406906
B/traj/318/mf	4582402791023871047
B/traj/318/mf_sched	4582403389825004051
B/traj/318/nu_hp	4606723535904491681
B/traj/318/nu_lp	4606597562050126803
B/traj/318/phi_hp	4606972151977571990
B/traj/318/phi_lp	4606600139260006400
B/traj/318/pi_hpc	4617935878008159908
B/traj/318/pi_lpc	4613396644678272975
B/traj/318/required	0
B/traj/318/s	4609839542580165947
B/traj/318/sp_thrust	4649243634297840501
B/traj/318/v	4402679028013429885
B/traj/318/v_cmd	0
B/traj/318/v_regime	9087740570393753374
B/traj/319/nkeys	24
B/traj/319/Tt4	4653978417804577265
B/traj/319/b	4458758079849591438
B/traj/319/b_cmd	0
B/traj/319/branch	13126223303132988745
B/traj/319/f	4583366754122773684
B/traj/319/g	4521854987687499626
B/traj/319/ic_iters	1
B/traj/319/ic_order	15359057144970489593
B/traj/319/ic_res	0
B/traj/319/mdot_air	4606056224618465981
B/traj/319/mf	4582402810654907018
B/traj/319/mf_sched	4582403389825004051
B/traj/319/nu_hp	4606724631628209592
B/traj/319/nu_lp	4606599015005958754
B/traj/319/phi_hp	4606973361103644467
B/traj/319/phi_lp	4606602036573513437
B/traj/319/pi_hpc	4617936482492775821
B/traj/319/pi_lpc	4613397814917082362
B/traj/319/required	0
B/traj/319/s	4609862060578302799
B/traj/319/sp_thrust	4649243013941817267
B/traj/319/v	4401997113360795213
B/traj/319/v_cmd	0
B/traj/319/v_regime	9087740570393753374
B/traj/320/nkeys	24
B/traj/320/Tt4	4653977150558180330
B/traj/320/b	4458058372544435810
B/traj/320/b_cmd	0
B/traj/320/branch	13126223303132988745
B/traj/320/f	4583363746371863584
B/traj/320/g	4521699442463779254
B/traj/320/ic_iters	1
B/traj/320/ic_order	15359057144970489593
B/traj/320/ic_res	0
B/traj/320/mdot_air	4606059322658643203
B/traj/320/mf	4582402829642361086
B/traj/320/mf_sched	4582403389825004051
B/traj/320/nu_hp	4606725714446680565
B/traj/320/nu_lp	4606600451841560493
B/traj/320/phi_hp	4606974555757482036
B/traj/320/phi_lp	4606603911502665197
B/traj/320/pi_hpc	4617937079227710449
B/traj/320/pi_lpc	4613398972491722262
B/traj/320/required	0
B/traj/320/s	4609884578576439651
B/traj/320/sp_thrust	4649242400881178535
B/traj/320/v	4401380091411291888
B/traj/320/v_cmd	0
B/traj/320/v_regime	9087740570393753374
B/traj/321/nkeys	24
B/traj/321/Tt4	4653975898483448693
B/traj/321/b	4457249306612345025
B/traj/321/b_cmd	0
B/traj/321/branch	13126223303132988745
B/traj/321/f	4583360774480616923
B/traj/321/g	4521483967358003592
B/traj/321/ic_iters	1
B/traj/321/ic_order	15359057144970489593
B/traj/321/ic_res	0
B/traj/321/mdot_air	4606062385675638721
B/traj/321/mf	4582402848007332373
B/traj/321/mf_sched	4582403389825004051
B/traj/321/nu_hp	4606726784507329255
B/traj/321/nu_lp	4606601872733903932
B/traj/321/phi_hp	4606975736110107106
B/traj/321/phi_lp	4606605764307028039
B/traj/321/pi_hpc	4617937668307709589
B/traj/321/pi_lpc	4613400117540850294
B/traj/321/required	0
B/traj/321/s	4609907096574576503
B/traj/321/sp_thrust	4649241795031438367
B/traj/321/v	4400821786813058174
B/traj/321/v_cmd	0
B/traj/321/v_regime	9087740570393753374
B/traj/322/nkeys	24
B/traj/322/Tt4	4653974661396432406
B/traj/322/b	4456517233417016829
B/traj/322/b_cmd	0
B/traj/322/branch	13126223303132988745
B/traj/322/f	4583357838016472037
B/traj/322/g	4521192940071240934
B/traj/322/ic_iters	1
B/traj/322/ic_order	15359057144970489593
B/traj/322/ic_res	0
B/traj/322/mdot_air	4606065414053192955
B/traj/322/mf	4582402865770228294
B/traj/322/mf_sched	4582403389825004051
B/traj/322/nu_hp	4606727841955973362
B/traj/322/nu_lp	4606603277858069636
B/traj/322/phi_hp	4606976902330565042
B/traj/322/phi_lp	4606607595243245167
B/traj/322/pi_hpc	4617938249826390373
B/traj/322/pi_lpc	4613401250201584039
B/traj/322/required	0
B/traj/322/s	4609929614572713355
B/traj/322/sp_thrust	4649241196309013241
B/traj/322/v	4400316611876153875
B/traj/322/v_cmd	0
B/traj/322/v_regime	9087740570393753374
B/traj/323/nkeys	24
B/traj/323/Tt4	4653973439115416061
B/traj/323/b	4455854826137139053
B/traj/323/b_cmd	0
B/traj/323/branch	13126223303132988745
B/traj/323/f	4583354936552109104
B/traj/323/g	4520911453793705245
B/traj/323/ic_iters	1
B/traj/323/ic_order	15359057144970489593
B/traj/323/ic_res	0
B/traj/323/mdot_air	4606068408171118687
B/traj/323/mf	4582402882950787226
B/traj/323/mf_sched	4582403389825004051
B/traj/323/nu_hp	4606728886936839206
B/traj/323/nu_lp	4606604667387265340
B/traj/323/phi_hp	4606978054585945071
B/traj/323/phi_lp	4606609404565066415
B/traj/323/pi_hpc	4617938823876254665
B/traj/323/pi_lpc	4613402370609518215
B/traj/323/required	0
B/traj/323/s	4609952132570850207
B/traj/323/sp_thrust	4649240604631216150
B/traj/323/v	4399702185357390871
B/traj/323/v_cmd	0
B/traj/323/v_regime	9087740570393753374
B/traj/324/nkeys	24
B/traj/324/Tt4	4653972231460893881
B/traj/324/b	4455255455190032646
B/traj/324/b_cmd	0
B/traj/324/branch	13126223303132988745
B/traj/324/f	4583352069665390771
B/traj/324/g	4520639195733911983
B/traj/324/ic_iters	1
B/traj/324/ic_order	15359057144970489593
B/traj/324/ic_res	0
B/traj/324/mdot_air	4606071368405333493
B/traj/324/mf	4582402899568100445
B/traj/324/mf_sched	4582403389825004051
B/traj/324/nu_hp	4606729919592577217
B/traj/324/nu_lp	4606606041492844343
B/traj/324/phi_hp	4606979193041401039
B/traj/324/phi_lp	4606611192523377993
B/traj/324/pi_hpc	4617939390548702543
B/traj/324/pi_lpc	4613403478898741696
B/traj/324/required	0
B/traj/324/s	4609974650568987059
B/traj/324/sp_thrust	4649240019916250605
B/traj/324/v	4398874980694471867
B/traj/324/v_cmd	0
B/traj/324/v_regime	9087740570393753374
B/traj/325/nkeys	24
B/traj/325/Tt4	4653971038255544944
B/traj/325/b	4454713121880680252
B/traj/325/b_cmd	0
B/traj/325/branch	13126223303132988745
B/traj/325/f	4583349236939303203
B/traj/325/g	4520375863354901096
B/traj/325/ic_iters	1
B/traj/325/ic_order	15359057144970489593
B/traj/325/ic_res	0
B/traj/325/mdot_air	4606074295127891860
B/traj/325/mf	4582402915640633344
B/traj/325/mf_sched	4582403389825004051
B/traj/325/nu_hp	4606730940064277329
B/traj/325/nu_lp	4606607400344323781
B/traj/325/phi_hp	4606980317860172071
B/traj/325/phi_lp	4606612959366231944
B/traj/325/pi_hpc	4617939949934045360
B/traj/325/pi_lpc	4613404575201854320
B/traj/325/required	0
B/traj/325/s	4609997168567123911
B/traj/325/sp_thrust	4649239442083204428
B/traj/325/v	4398126494895287893
B/traj/325/v_cmd	0
B/traj/325/v_regime	9087740570393753374
B/traj/326/nkeys	24
B/traj/326/Tt4	4653969859324208567
B/traj/326/b	4454222398364879105
B/traj/326/b_cmd	0
B/traj/326/branch	13126223303132988745
B/traj/326/f	4583346437961897540
B/traj/326/g	4520121164038053730
B/traj/326/ic_iters	1
B/traj/326/ic_order	15359057144970489593
B/traj/326/ic_res	0
B/traj/326/mdot_air	4606077188707017491
B/traj/326/mf	4582402931186245945
B/traj/326/mf_sched	4582403389825004051
B/traj/326/nu_hp	4606731948491484286
B/traj/326/nu_lp	4606608744109402778
B/traj/326/phi_hp	4606981429203603025
B/traj/326/phi_lp	4606614705338875435
B/traj/326/pi_hpc	4617940502121518790
B/traj/326/pi_lpc	4613405659649983553
B/traj/326/required	0
B/traj/326/s	4610019686565260763
B/traj/326/sp_thrust	4649238871052043505
B/traj/326/v	4397449236875968764
B/traj/326/v_cmd	0
B/traj/326/v_regime	9087740570393753374
B/traj/327/nkeys	24
B/traj/327/Tt4	4653968694493859800
B/traj/327/b	4453496715181880226
B/traj/327/b_cmd	0
B/traj/327/branch	13126223303132988745
B/traj/327/f	4583343672326231713
B/traj/327/g	4519874814757930327
B/traj/327/ic_iters	1
B/traj/327/ic_order	15359057144970489593
B/traj/327/ic_res	0
B/traj/327/mdot_air	4606080049507135527
B/traj/327/mf	4582402946222212749
B/traj/327/mf_sched	4582403389825004051
B/traj/327/nu_hp	4606732945012212850
B/traj/327/nu_lp	4606610072953980466
B/traj/327/phi_hp	4606982527231164915
B/traj/327/phi_lp	4606616430683779924
B/traj/327/pi_hpc	4617941047199295666
B/traj/327/pi_lpc	4613406732372800930
B/traj/327/required	0
B/traj/327/s	4610042204563397615
B/traj/327/sp_thrust	4649238306743605368
B/traj/327/v	4396836428422913091
B/traj/327/v_cmd	0
B/traj/327/v_regime	9087740570393753374
B/traj/328/nkeys	24
B/traj/328/Tt4	4653967543593585112
B/traj/328/b	4452693174169013992
B/traj/328/b_cmd	0
B/traj/328/branch	13126223303132988745
B/traj/328/f	4583340939630312734
B/traj/328/g	4519636541767768805
B/traj/328/ic_iters	1
B/traj/328/ic_order	15359057144970489593
B/traj/328/ic_res	0
B/traj/328/mdot_air	4606082877888904767
B/traj/328/mf	4582402960765241934
B/traj/328/mf_sched	4582403389825004051
B/traj/328/nu_hp	4606733929762962912
B/traj/328/nu_lp	4606611387042173884
B/traj/328/phi_hp	4606983612100475072
B/traj/328/phi_lp	4606618135640670055
B/traj/328/pi_hpc	4617941585254498644
B/traj/328/pi_lpc	4613407793498538406
B/traj/328/required	0
B/traj/328/s	4610064722561534467
B/traj/328/sp_thrust	4649237749079592710
B/traj/328/v	4396281936354271329
B/traj/328/v_cmd	0
B/traj/328/v_regime	9087740570393753374
B/traj/329/nkeys	24
B/traj/329/Tt4	4653966406454558213
B/traj/329/b	4451966100127784641
B/traj/329/b_cmd	0
B/traj/329/branch	13126223303132988745
B/traj/329/f	4583338239477039429
B/traj/329/g	4519406080295293330
B/traj/329/ic_iters	1
B/traj/329/ic_order	15359057144970489593
B/traj/329/ic_res	0
B/traj/329/mdot_air	4606085674209249678
B/traj/329/mf	4582402974831493916
B/traj/329/mf_sched	4582403389825004051
B/traj/329/nu_hp	4606734902878734509
B/traj/329/nu_lp	4606612686536335747
B/traj/329/phi_hp	4606984683967317278
B/traj/329/phi_lp	4606619820446552365
B/traj/329/pi_hpc	4617942116373212667
B/traj/329/pi_lpc	4613408843154004398
B/traj/329/required	0
B/traj/329/s	4610087240559671319
B/traj/329/sp_thrust	4649237197982566776
B/traj/329/v	4395780211137111689
B/traj/329/v_cmd	0
B/traj/329/v_regime	9087740570393753374
B/traj/330/nkeys	24
B/traj/330/Tt4	4653965282910016067
B/traj/330/b	4451308216270003778
B/traj/330/b_cmd	0
B/traj/330/branch	13126223303132988745
B/traj/330/f	4583335571474145568
B/traj/330/g	4519183174248495664
B/traj/330/ic_iters	1
B/traj/330/ic_order	15359057144970489593
B/traj/330/ic_res	0
B/traj/330/mdot_air	4606088438821392761
B/traj/330/mf	4582402988436599311
B/traj/330/mf_sched	4582403389825004051
B/traj/330/nu_hp	4606735864493042740
B/traj/330/nu_lp	4606613971597072088
B/traj/330/phi_hp	4606985742985661581
B/traj/330/phi_lp	4606621485335743827
B/traj/330/pi_hpc	4617942640640497428
B/traj/330/pi_lpc	4613409881464599845
B/traj/330/required	0
B/traj/330/s	4610109758557808171
B/traj/330/sp_thrust	4649236653375940722
B/traj/330/v	4395139226378255910
B/traj/330/v_cmd	0
B/traj/330/v_regime	9087740570393753374
B/traj/331/nkeys	24
B/traj/331/Tt4	4653964172795235023
B/traj/331/b	4450712938284838986
B/traj/331/b_cmd	0
B/traj/331/branch	13126223303132988745
B/traj/331/f	4583332935234143475
B/traj/331/g	4518967575931062146
B/traj/331/ic_iters	1
B/traj/331/ic_order	15359057144970489593
B/traj/331/ic_res	0
B/traj/331/mdot_air	4606091172074886290
B/traj/331/mf	4582403001595676303
B/traj/331/mf_sched	4582403389825004051
B/traj/331/nu_hp	4606736814737932581
B/traj/331/nu_lp	4606615242383259767
B/traj/331/phi_hp	4606986789307684223
B/traj/331/phi_lp	4606623130539900171
B/traj/331/pi_hpc	4617943158140399432
B/traj/331/pi_lpc	4613410908554333873
B/traj/331/required	0
B/traj/331/s	4610132276555945023
B/traj/331/sp_thrust	4649236115183972805
B/traj/331/v	4394317670499649192
B/traj/331/v_cmd	0
B/traj/331/v_regime	9087740570393753374
B/traj/332/nkeys	24
B/traj/332/Tt4	4653963075947507189
B/traj/332/b	4450174308440937439
B/traj/332/b_cmd	0
B/traj/332/branch	13126223303132988745
B/traj/332/f	4583330330374268095
B/traj/332/g	4518759045767130089
B/traj/332/ic_iters	1
B/traj/332/ic_order	15359057144970489593
B/traj/332/ic_res	0
B/traj/332/mdot_air	4606093874315644510
B/traj/332/mf	4582403014323347441
B/traj/332/mf_sched	4582403389825004051
B/traj/332/nu_hp	4606737753743993601
B/traj/332/nu_lp	4606616499052063853
B/traj/332/phi_hp	4606987823083787135
B/traj/332/phi_lp	4606624756288043984
B/traj/332/pi_hpc	4617943668955964102
B/traj/332/pi_lpc	4613411924545839498
B/traj/332/required	0
B/traj/332/s	4610154794554081875
B/traj/332/sp_thrust	4649235583331759598
B/traj/332/v	4393574295932340386
B/traj/332/v_cmd	0
B/traj/332/v_regime	9087740570393753374
B/traj/333/nkeys	24
B/traj/333/Tt4	4653961992206116936
B/traj/333/b	4449686935959556173
B/traj/333/b_cmd	0
B/traj/333/branch	13126223303132988745
B/traj/333/f	4583327756516421544
B/traj/333/g	4518557352035067735
B/traj/333/ic_iters	1
B/traj/333/ic_order	15359057144970489593
B/traj/333/ic_res	0
B/traj/333/mdot_air	4606096545885975413
B/traj/333/mf	4582403026633755892
B/traj/333/mf_sched	4582403389825004051
B/traj/333/nu_hp	4606738681640374576
B/traj/333/nu_lp	4606617741758954873
B/traj/333/phi_hp	4606988844462617453
B/traj/333/phi_lp	4606626362806592601
B/traj/333/pi_hpc	4617944173169247665
B/traj/333/pi_lpc	4613412929560389025
B/traj/333/required	0
B/traj/333/s	4610177312552218727
B/traj/333/sp_thrust	4649235057745229099
B/traj/333/v	4392901662747293104
B/traj/333/v_cmd	0
B/traj/333/v_regime	9087740570393753374
B/traj/334/nkeys	24
B/traj/334/Tt4	4653960921412317600
B/traj/334/b	4448935454281818655
B/traj/334/b_cmd	0
B/traj/334/branch	13126223303132988745
B/traj/334/f	4583325213287118085
B/traj/334/g	4518362270609981937
B/traj/334/ic_iters	1
B/traj/334/ic_order	15359057144970489593
B/traj/334/ic_res	0
B/traj/334/mdot_air	4606099187124612588
B/traj/334/mf	4582403038540581154
B/traj/334/mf_sched	4582403389825004051
B/traj/334/nu_hp	4606739598554797998
B/traj/334/nu_lp	4606618970657725931
B/traj/334/phi_hp	4606989853591086847
B/traj/334/phi_lp	4606627950319385823
B/traj/334/pi_hpc	4617944670861328889
B/traj/334/pi_lpc	4613413923717909329
B/traj/334/required	0
B/traj/334/s	4610199830550355579
B/traj/334/sp_thrust	4649234538351133764
B/traj/334/v	4392293039017717884
B/traj/334/v_cmd	0
B/traj/334/v_regime	9087740570393753374
B/traj/335/nkeys	24
B/traj/335/Tt4	4653959863409308370
B/traj/335/b	4448137400459814885
B/traj/335/b_cmd	0
B/traj/335/branch	13126223303132988745
B/traj/335/f	4583322700317429645
B/traj/335/g	4518173584714667448
B/traj/335/ic_iters	1
B/traj/335/ic_order	15359057144970489593
B/traj/335/ic_res	0
B/traj/335/mdot_air	4606101798366746919
B/traj/335/mf	4582403050057054257
B/traj/335/mf_sched	4582403389825004051
B/traj/335/nu_hp	4606740504613574479
B/traj/335/nu_lp	4606620185900509691
B/traj/335/phi_hp	4606990850614390660
B/traj/335/phi_lp	4606629519047713357
B/traj/335/pi_hpc	4617945162112320656
B/traj/335/pi_lpc	4613414907136996964
B/traj/335/required	0
B/traj/335/s	4610222348548492431
B/traj/335/sp_thrust	4649234025077043529
B/traj/335/v	4391742333443808366
B/traj/335/v_cmd	0
B/traj/335/v_regime	9087740570393753374
B/traj/336/nkeys	24
B/traj/336/Tt4	4653958818042211367
B/traj/336/b	4447415291434647549
B/traj/336/b_cmd	0
B/traj/336/branch	13126223303132988745
B/traj/336/f	4583320217242931767
B/traj/336/g	4517991084678721063
B/traj/336/ic_iters	1
B/traj/336/ic_order	15359057144970489593
B/traj/336/ic_res	0
B/traj/336/mdot_air	4606104379944058204
B/traj/336/mf	4582403061195972466
B/traj/336/mf_sched	4582403389825004051
B/traj/336/nu_hp	4606741399941617056
B/traj/336/nu_lp	4606621387637795230
B/traj/336/phi_hp	4606991835676026888
B/traj/336/phi_lp	4606631069210342082
B/traj/336/pi_hpc	4617945647001381407
B/traj/336/pi_lpc	4613415879934933132
B/traj/336/required	0
B/traj/336/s	4610244866546629283
B/traj/336/sp_thrust	4649233517851338756
B/traj/336/v	4391244034389076012
B/traj/336/v_cmd	0
B/traj/336/v_regime	9087740570393753374
B/traj/337/nkeys	24
B/traj/337/Tt4	4653957785158048898
B/traj/337/b	4446761900109587700
B/traj/337/b_cmd	0
B/traj/337/branch	13126223303132988745
B/traj/337/f	4583317763703650051
B/traj/337/g	4517814567705552935
B/traj/337/ic_iters	1
B/traj/337/ic_order	15359057144970489593
B/traj/337/ic_res	0
B/traj/337/mdot_air	4606106932184746667
B/traj/337/mf	4582403071969713504
B/traj/337/mf_sched	4582403389825004051
B/traj/337/nu_hp	4606742284662455383
B/traj/337/nu_lp	4606622576018444759
B/traj/337/phi_hp	4606992808917815085
B/traj/337/phi_lp	4606632601023543132
B/traj/337/pi_hpc	4617946125606726465
B/traj/337/pi_lpc	4613416842227698422
B/traj/337/required	0
B/traj/337/s	4610267384544766135
B/traj/337/sp_thrust	4649233016603203156
B/traj/337/v	4390576672750045652
B/traj/337/v_cmd	0
B/traj/337/v_regime	9087740570393753374
B/traj/338/nkeys	24
B/traj/338/Tt4	4653956764605720952
B/traj/338/b	4446170687136498859
B/traj/338/b_cmd	0
B/traj/338/branch	13126223303132988745
B/traj/338/f	4583315339344007150
B/traj/338/g	4517643837647036172
B/traj/338/ic_iters	1
B/traj/338/ic_order	15359057144970489593
B/traj/338/ic_res	0
B/traj/338/mdot_air	4606109455413564380
B/traj/338/mf	4582403082390249303
B/traj/338/mf_sched	4582403389825004051
B/traj/338/nu_hp	4606743158898249825
B/traj/338/nu_lp	4606623751189710204
B/traj/338/phi_hp	4606993770479914952
B/traj/338/phi_lp	4606634114701118646
B/traj/338/pi_hpc	4617946598005639195
B/traj/338/pi_lpc	4613417794129987476
B/traj/338/required	0
B/traj/338/s	4610289902542902987
B/traj/338/sp_thrust	4649232521262616703
B/traj/338/v	4389760727081543848
B/traj/338/v_cmd	0
B/traj/338/v_regime	9087740570393753374
B/traj/339/nkeys	24
B/traj/339/Tt4	4653955756235982833
B/traj/339/b	4445635735467961584
B/traj/339/b_cmd	0
B/traj/339/branch	13126223303132988745
B/traj/339/f	4583312943812770179
B/traj/339/g	4517478704785544298
B/traj/339/ic_iters	1
B/traj/339/ic_order	15359057144970489593
B/traj/339/ic_res	0
B/traj/339/mdot_air	4606111949951846475
B/traj/339/mf	4582403092469159306
B/traj/339/mf_sched	4582403389825004051
B/traj/339/nu_hp	4606744022769805437
B/traj/339/nu_lp	4606624913297249661
B/traj/339/phi_hp	4606994720500844911
B/traj/339/phi_lp	4606635610454428419
B/traj/339/pi_hpc	4617947064274482006
B/traj/339/pi_lpc	4613418735755223421
B/traj/339/required	0
B/traj/339/s	4610312420541039839
B/traj/339/sp_thrust	4649232031760348458
B/traj/339/v	4389022428842720847
B/traj/339/v_cmd	0
B/traj/339/v_regime	9087740570393753374
B/traj/340/nkeys	24
B/traj/340/Tt4	4653954759901423018
B/traj/340/b	4445151691137581488
B/traj/340/b_cmd	0
B/traj/340/branch	13126223303132988745
B/traj/340/f	4583310576762998662
B/traj/340/g	4517318985623134376
B/traj/340/ic_iters	1
B/traj/340/ic_order	15359057144970489593
B/traj/340/ic_res	0
B/traj/340/mdot_air	4606114416117542324
B/traj/340/mf	4582403102217643339
B/traj/340/mf_sched	4582403389825004051
B/traj/340/nu_hp	4606744876396585843
B/traj/340/nu_lp	4606626062485143709
B/traj/340/phi_hp	4606995659117500472
B/traj/340/phi_lp	4606637088492416272
B/traj/340/pi_hpc	4617947524488707231
B/traj/340/pi_lpc	4613419667215572178
B/traj/340/required	0
B/traj/340/s	4610334938539176691
B/traj/340/sp_thrust	4649231548027949418
B/traj/340/v	4388354388910049840
B/traj/340/v_cmd	0
B/traj/340/v_regime	9087740570393753374
B/violation	4564990682720819419
B/violation_inc	4552790679176828313
B/n_riding	64
B/v_min	0
B/v_max_seen	4578419402176726070
B/regime/dormant	277
B/regime/riding	64
B/regime/saturated	0
B/v0/npts	341
B/v0/0/nkeys	24
B/v0/0/Tt4	4651163801733261768
B/v0/0/b	4585439236324657580
B/v0/0/b_cmd	4585439236324657580
B/v0/0/branch	13126223303132988745
B/v0/0/f	4579047561419294822
B/v0/0/g	4564814308389459648
B/v0/0/ic_iters	2
B/v0/0/ic_order	15359057144970489593
B/v0/0/ic_res	4378835843943497728
B/v0/0/mdot_air	4603364550124398402
B/v0/0/mf	4575701568506325157
B/v0/0/mf_sched	4576598004192639869
B/v0/0/nu_hp	4605292294839495533
B/v0/0/nu_lp	4604908498284992449
B/v0/0/phi_hp	4606914148484959088
B/v0/0/phi_lp	4605380978949069210
B/v0/0/pi_hpc	4616161769634950490
B/v0/0/pi_lpc	4611642697605279678
B/v0/0/required	4564814308389459632
B/v0/0/s	0
B/v0/0/sp_thrust	4645511215722000221
B/v0/0/v	4587366580439587226
B/v0/0/v_cmd	0
B/v0/0/v_regime	9087740570393753374
B/v0/37/nkeys	24
B/v0/37/Tt4	4652741014621102916
B/v0/37/b	4589181615763728443
B/v0/37/b_cmd	4589797940969835868
B/v0/37/branch	13126223303132988745
B/v0/37/f	4581596409996604449
B/v0/37/g	4569273759371556946
B/v0/37/ic_iters	2
B/v0/37/ic_order	15359057144970489593
B/v0/37/ic_res	4378835843943497728
B/v0/37/mdot_air	4603210455107103038
B/v0/37/mf	4577793913117311052
B/v0/37/mf_sched	4579575747328622176
B/v0/37/nu_hp	4605314902399034587
B/v0/37/nu_lp	4604942548782520304
B/v0/37/phi_hp	4606399417920265051
B/v0/37/phi_lp	4605325258251270278
B/v0/37/pi_hpc	4616423506208482998
B/v0/37/pi_lpc	4611847649423059814
B/v0/37/required	4570500773989688724
B/v0/37/s	4595833347739043761
B/v0/37/sp_thrust	4647386490338453298
B/v0/37/v	4577166115249924673
B/v0/37/v_cmd	4576074748818084279
B/v0/37/v_regime	10791139852042193048
B/v0/74/nkeys	24
B/v0/74/Tt4	4653757817825699304
B/v0/74/b	4590568907525483828
B/v0/74/b_cmd	4590695265135022451
B/v0/74/branch	13126223303132988745
B/v0/74/f	4583531171996717539
B/v0/74/g	4571690123622315896
B/v0/74/ic_iters	2
B/v0/74/ic_order	15359057144970489593
B/v0/74/ic_res	4378835843943497728
B/v0/74/mdot_air	4603254136965300169
B/v0/74/mf	4580033439730288008
B/v0/74/mf_sched	4581357155750199458
B/v0/74/nu_hp	4605462882129308746
B/v0/74/nu_lp	4605101665140622459
B/v0/74/phi_hp	4606102100540634762
B/v0/74/phi_lp	4605369378080365060
B/v0/74/pi_hpc	4616773311358081738
B/v0/74/pi_lpc	4612019010038041828
B/v0/74/required	4571840214645197146
B/v0/74/s	4600336947366414258
B/v0/74/sp_thrust	4648447463193342560
B/v0/74/v	4568546206953051667
B/v0/74/v_cmd	4557673108416764094
B/v0/74/v_regime	10791139852042193048
B/v0/111/nkeys	24
B/v0/111/Tt4	4654504152218054796
B/v0/111/b	4589562964348581091
B/v0/111/b_cmd	4587866770032388101
B/v0/111/branch	13126223303132988745
B/v0/111/f	4584779144536796667
B/v0/111/g	4571266022137714914
B/v0/111/ic_iters	2
B/v0/111/ic_order	15359057144970489593
B/v0/111/ic_res	4378835843943497728
B/v0/111/mdot_air	4603628472789579515
B/v0/111/mf	4581249389828996058
B/v0/111/mf_sched	4582403389825004051
B/v0/111/nu_hp	4605735119706592486
B/v0/111/nu_lp	4605395527886129426
B/v0/111/phi_hp	4606057736691808558
B/v0/111/phi_lp	4605474245415704810
B/v0/111/pi_hpc	4617176138218475222
B/v0/111/pi_lpc	4612306431429514031
B/v0/111/required	4568392760053771352
B/v0/111/s	4603174215131657670
B/v0/111/sp_thrust	4649177483733578099
B/v0/111/v	4544787984424693743
B/v0/111/v_cmd	0
B/v0/111/v_regime	9087740570393753374
B/v0/148/nkeys	24
B/v0/148/Tt4	4654518247386846764
B/v0/148/b	4576630079022898122
B/v0/148/b_cmd	0
B/v0/148/branch	13126223303132988745
B/v0/148/f	4584721076540063636
B/v0/148/g	4566982775487052075
B/v0/148/ic_iters	2
B/v0/148/ic_order	15359057144970489593
B/v0/148/ic_res	4378835843943497728
B/v0/148/mdot_air	4604240541294730439
B/v0/148/mf	4581798845704911598
B/v0/148/mf_sched	4582403389825004051
B/v0/148/nu_hp	4606009236873954066
B/v0/148/nu_lp	4605713827749999477
B/v0/148/phi_hp	4606262585482153339
B/v0/148/phi_lp	4605491629339049861
B/v0/148/pi_hpc	4617410137978072325
B/v0/148/pi_lpc	4612652102992317721
B/v0/148/required	4553822511435357376
B/v0/148/s	4604840546993784755
B/v0/148/sp_thrust	4649350786313003540
B/v0/148/v	4520770855210706203
B/v0/148/v_cmd	0
B/v0/148/v_regime	9087740570393753374
B/v0/185/nkeys	24
B/v0/185/Tt4	4654478487957036798
B/v0/185/b	4552797482537363812
B/v0/185/b_cmd	0
B/v0/185/branch	13126223303132988745
B/v0/185/f	4584578691173079927
B/v0/185/g	4558802157500961640
B/v0/185/ic_iters	2
B/v0/185/ic_order	15359057144970489593
B/v0/185/ic_res	4378835843943497728
B/v0/185/mdot_air	4604807546999689719
B/v0/185/mf	4582226423130335608
B/v0/185/mf_sched	4582403389825004051
B/v0/185/nu_hp	4606253270743838172
B/v0/185/nu_lp	4606013830967399924
B/v0/185/phi_hp	4606461038536578778
B/v0/185/phi_lp	4605798091285166555
B/v0/185/pi_hpc	4617625195309886540
B/v0/185/pi_lpc	4612926138811161643
B/v0/185/required	0
B/v0/185/s	4606506878855911840
B/v0/185/sp_thrust	4649441949069824572
B/v0/185/v	4496547844595301318
B/v0/185/v_cmd	0
B/v0/185/v_regime	9087740570393753374
B/v0/222/nkeys	24
B/v0/222/Tt4	4654301918132991948
B/v0/222/b	4528469751037232272
B/v0/222/b_cmd	0
B/v0/222/branch	13126223303132988745
B/v0/222/f	4584138725491063279
B/v0/222/g	4550730925635728612
B/v0/222/ic_iters	2
B/v0/222/ic_order	15359057144970489593
B/v0/222/ic_res	4378835843943497728
B/v0/222/mdot_air	4605284775365420435
B/v0/222/mf	4582351835906106409
B/v0/222/mf_sched	4582403389825004051
B/v0/222/nu_hp	4606440193141937608
B/v0/222/nu_lp	4606244149062687980
B/v0/222/phi_hp	4606658642415856915
B/v0/222/phi_lp	4606111533478154544
B/v0/222/pi_hpc	4617759040798348369
B/v0/222/pi_lpc	4613115818189274270
B/v0/222/required	0
B/v0/222/s	4607677814759028155
B/v0/222/sp_thrust	4649387792463785894
B/v0/222/v	4472680916460694407
B/v0/222/v_cmd	0
B/v0/222/v_regime	9087740570393753374
B/v0/259/nkeys	24
B/v0/259/Tt4	4654156247100873492
B/v0/259/b	4504519972398845403
B/v0/259/b_cmd	0
B/v0/259/branch	13126223303132988745
B/v0/259/f	4583789437316481359
B/v0/259/g	4542814390067280353
B/v0/259/ic_iters	2
B/v0/259/ic_order	15359057144970489593
B/v0/259/ic_res	4378835843943497728
B/v0/259/mdot_air	4605630605328954000
B/v0/259/mf	4582388371142767350
B/v0/259/mf_sched	4582403389825004051
B/v0/259/nu_hp	4606569696576313056
B/v0/259/nu_lp	4606404948622092901
B/v0/259/phi_hp	4606801985960477335
B/v0/259/phi_lp	4606334923745599906
B/v0/259/pi_hpc	4617842500522008126
B/v0/259/pi_lpc	4613244697932671673
B/v0/259/required	0
B/v0/259/s	4608510980690091679
B/v0/259/sp_thrust	4649326073263665224
B/v0/259/v	4448634978035471194
B/v0/259/v_cmd	0
B/v0/259/v_regime	9087740570393753374
B/v0/296/nkeys	24
B/v0/296/Tt4	4654056266953147037
B/v0/296/b	4480656797256908995
B/v0/296/b_cmd	0
B/v0/296/branch	13126223303132988745
B/v0/296/f	4583551709028650125
B/v0/296/g	4535078118934536206
B/v0/296/ic_iters	2
B/v0/296/ic_order	15359057144970489593
B/v0/296/ic_res	4378835843943497728
B/v0/296/mdot_air	4605867254467434230
B/v0/296/mf	4582399014584072807
B/v0/296/mf_sched	4582403389825004051
B/v0/296/nu_hp	4606656015490749665
B/v0/296/nu_lp	4606513613654617209
B/v0/296/phi_hp	4606897880567487011
B/v0/296/phi_lp	4606484216524277116
B/v0/296/pi_hpc	4617894961042915051
B/v0/296/pi_lpc	4613331024674305017
B/v0/296/required	0
B/v0/296/s	4609344146621155203
B/v0/296/sp_thrust	4649280043524496568
B/v0/296/v	4424428316422837608
B/v0/296/v_cmd	0
B/v0/296/v_regime	9087740570393753374
B/v0/333/nkeys	24
B/v0/333/Tt4	4653990834677461708
B/v0/333/b	4456346418905885594
B/v0/333/b_cmd	0
B/v0/333/branch	13126223303132988745
B/v0/333/f	4583396330571140220
B/v0/333/g	4526834765887509618
B/v0/333/ic_iters	2
B/v0/333/ic_order	15359057144970489593
B/v0/333/ic_res	4378835843943497728
B/v0/333/mdot_air	4606025296515138766
B/v0/333/mf	4582402115230275650
B/v0/333/mf_sched	4582403389825004051
B/v0/333/nu_hp	4606712548860513025
B/v0/333/nu_lp	4606586104958381323
B/v0/333/phi_hp	4606960345525801044
B/v0/333/phi_lp	4606581850234673364
B/v0/333/pi_hpc	4617927922908318003
B/v0/333/pi_lpc	4613388675136877709
B/v0/333/required	0
B/v0/333/s	4610177312552218727
B/v0/333/sp_thrust	4649248917651420662
B/v0/333/v	4400574322891671426
B/v0/333/v_cmd	0
B/v0/333/v_regime	9087740570393753374
B/v0/340/nkeys	24
B/v0/340/Tt4	4653981352310651495
B/v0/340/b	4451796452068408385
B/v0/340/b_cmd	0
B/v0/340/branch	13126223303132988745
B/v0/340/f	4583373806093737542
B/v0/340/g	4525378925354058358
B/v0/340/ic_iters	2
B/v0/340/ic_order	15359057144970489593
B/v0/340/ic_res	4378835843943497728
B/v0/340/mdot_air	4606048520273628651
B/v0/340/mf	4582402380486734831
B/v0/340/mf_sched	4582403389825004051
B/v0/340/nu_hp	4606720765270654325
B/v0/340/nu_lp	4606596783787335175
B/v0/340/phi_hp	4606969388472018898
B/v0/340/phi_lp	4606596029078698685
B/v0/340/pi_hpc	4617932601625571083
B/v0/340/pi_lpc	4613397199920901817
B/v0/340/required	0
B/v0/340/s	4610334938539176691
B/v0/340/sp_thrust	4649244357597210385
B/v0/340/v	4396036162305270038
B/v0/340/v_cmd	0
B/v0/340/v_regime	9087740570393753374
B/sat/npts	341
B/sat/0/nkeys	24
B/sat/0/Tt4	4652044626432421010
B/sat/0/b	0
B/sat/0/b_cmd	0
B/sat/0/branch	13126223303132988745
B/sat/0/f	4580408775300914013
B/sat/0/g	0
B/sat/0/ic_iters	2
B/sat/0/ic_order	15359057144970489593
B/sat/0/ic_res	0
B/sat/0/mdot_air	4603386539013771057
B/sat/0/mf	4576651860380027810
B/sat/0/mf_sched	4576651860380027810
B/sat/0/nu_hp	4605289037695390238
B/sat/0/nu_lp	4604982328959340258
B/sat/0/phi_hp	4606665329748310916
B/sat/0/phi_lp	4605070862023985949
B/sat/0/pi_hpc	4616218949831765688
B/sat/0/pi_lpc	4611893737031220052
B/sat/0/required	0
B/sat/0/s	0
B/sat/0/sp_thrust	4646379239533621946
B/sat/0/v	4581421828931458171
B/sat/0/v_cmd	4581421828931458171
B/sat/0/v_regime	5041869447465158464
B/sat/17/nkeys	24
B/sat/17/Tt4	4652820987571331112
B/sat/17/b	0
B/sat/17/b_cmd	0
B/sat/17/branch	13126223303132988745
B/sat/17/f	4581730362374451287
B/sat/17/g	0
B/sat/17/ic_iters	2
B/sat/17/ic_order	15359057144970489593
B/sat/17/ic_res	0
B/sat/17/mdot_air	4603260272322604812
B/sat/17/mf	4578010857079839406
B/sat/17/mf_sched	4578010857079839406
B/sat/17/nu_hp	4605312905888703523
B/sat/17/nu_lp	4605017564965134026
B/sat/17/phi_hp	4606355175761662548
B/sat/17/phi_lp	4604869135267997143
B/sat/17/pi_hpc	4616395148918229727
B/sat/17/pi_lpc	4611961911029022549
B/sat/17/required	0
B/sat/17/s	4590789316156388803
B/sat/17/sp_thrust	4647564073386133382
B/sat/17/v	4581421828931458171
B/sat/17/v_cmd	4581421828931458171
B/sat/17/v_regime	5041869447465158464
B/sat/34/nkeys	24
B/sat/34/Tt4	4653465636714392836
B/sat/34/b	0
B/sat/34/b_cmd	0
B/sat/34/branch	13126223303132988745
B/sat/34/f	4582964033509606792
B/sat/34/g	0
B/sat/34/ic_iters	2
B/sat/34/ic_order	15359057144970489593
B/sat/34/ic_res	0
B/sat/34/mdot_air	4603239345850273826
B/sat/34/mf	4579369853779651004
B/sat/34/mf_sched	4579369853779651004
B/sat/34/nu_hp	4605378243102315994
B/sat/34/nu_lp	4605100458143627377
B/sat/34/phi_hp	4606136920791664446
B/sat/34/phi_lp	4604761793283132680
B/sat/34/pi_hpc	4616582284633402830
B/sat/34/pi_lpc	4612061077329312467
B/sat/34/required	0
B/sat/34/s	4595292915783759301
B/sat/34/sp_thrust	4648195166546883574
B/sat/34/v	4581421828931458171
B/sat/34/v_cmd	4581421828931458171
B/sat/34/v_regime	5041869447465158464
B/sat/51/nkeys	24
B/sat/51/Tt4	4654037132135844534
B/sat/51/b	0
B/sat/51/b_cmd	0
B/sat/51/branch	13126223303132988745
B/sat/51/f	4584050213945658713
B/sat/51/g	0
B/sat/51/ic_iters	2
B/sat/51/ic_order	15359057144970489593
B/sat/51/ic_res	0
B/sat/51/mdot_air	4603313195804260491
B/sat/51/mf	4580444835757628516
B/sat/51/mf_sched	4580444835757628516
B/sat/51/nu_hp	4605479166582633139
B/sat/51/nu_lp	4605223022207452921
B/sat/51/phi_hp	4606002442436297535
B/sat/51/phi_lp	4604741631539068878
B/sat/51/pi_hpc	4616781301821222680
B/sat/51/pi_lpc	4612187960430074824
B/sat/51/required	0
B/sat/51/s	4598265291537823828
B/sat/51/sp_thrust	4648699027008049176
B/sat/51/v	4581421828931458171
B/sat/51/v_cmd	4581421828931458171
B/sat/51/v_regime	5041869447465158464
B/sat/68/nkeys	24
B/sat/68/Tt4	4654520629784927842
B/sat/68/b	0
B/sat/68/b_cmd	0
B/sat/68/branch	13126223303132988745
B/sat/68/f	4584810318594715751
B/sat/68/g	0
B/sat/68/ic_iters	2
B/sat/68/ic_order	15359057144970489593
B/sat/68/ic_res	0
B/sat/68/mdot_air	4603470778130367532
B/sat/68/mf	4581124334107534315
B/sat/68/mf_sched	4581124334107534315
B/sat/68/nu_hp	4605609379724207172
B/sat/68/nu_lp	4605377460668275535
B/sat/68/phi_hp	4605939765169091668
B/sat/68/phi_lp	4604797901364238874
B/sat/68/pi_hpc	4616991687213888148
B/sat/68/pi_lpc	4612338566836722318
B/sat/68/required	0
B/sat/68/s	4599796515411129798
B/sat/68/sp_thrust	4649142459397763738
B/sat/68/v	4581421828931458171
B/sat/68/v_cmd	4581421828931458171
B/sat/68/v_regime	5041869447465158464
B/sat/85/nkeys	24
B/sat/85/Tt4	4654914561979343614
B/sat/85/b	0
B/sat/85/b_cmd	0
B/sat/85/branch	13126223303132988745
B/sat/85/f	4585170702390036232
B/sat/85/g	0
B/sat/85/ic_iters	2
B/sat/85/ic_order	15359057144970489593
B/sat/85/ic_res	0
B/sat/85/mdot_air	4603700674795130340
B/sat/85/mf	4581803832457440114
B/sat/85/mf_sched	4581803832457440114
B/sat/85/nu_hp	4605762583513826313
B/sat/85/nu_lp	4605556468156197238
B/sat/85/phi_hp	4605935200106353571
B/sat/85/phi_lp	4604917828964359538
B/sat/85/pi_hpc	4617211832146792468
B/sat/85/pi_lpc	4612508342328786170
B/sat/85/required	0
B/sat/85/s	4601327739284435768
B/sat/85/sp_thrust	4649523641322154217
B/sat/85/v	4581421828931458171
B/sat/85/v_cmd	4581421828931458171
B/sat/85/v_regime	5041869447465158464
B/sat/102/nkeys	24
B/sat/102/Tt4	4655154529319792814
B/sat/102/b	0
B/sat/102/b_cmd	0
B/sat/102/branch	13126223303132988745
B/sat/102/f	4585372965711269284
B/sat/102/g	0
B/sat/102/ic_iters	2
B/sat/102/ic_order	15359057144970489593
B/sat/102/ic_res	0
B/sat/102/mdot_air	4604004305930780646
B/sat/102/mf	4582403389825004051
B/sat/102/mf_sched	4582403389825004051
B/sat/102/nu_hp	4605932500133072842
B/sat/102/nu_lp	4605753126633164635
B/sat/102/phi_hp	4605996668788143022
B/sat/102/phi_lp	4605103747691425287
B/sat/102/pi_hpc	4617426010954297080
B/sat/102/pi_lpc	4612688218746752512
B/sat/102/required	0
B/sat/102/s	4602768891165194325
B/sat/102/sp_thrust	4649793317025529056
B/sat/102/v	4581421828931458171
B/sat/102/v_cmd	4581421828931458171
B/sat/102/v_regime	5041869447465158464
B/sat/119/nkeys	24
B/sat/119/Tt4	4654844672579184553
B/sat/119/b	0
B/sat/119/b_cmd	0
B/sat/119/branch	13126223303132988745
B/sat/119/f	4585019910877428370
B/sat/119/g	0
B/sat/119/ic_iters	2
B/sat/119/ic_order	15359057144970489593
B/sat/119/ic_res	0
B/sat/119/mdot_air	4604427839389175499
B/sat/119/mf	4582403389825004051
B/sat/119/mf_sched	4582403389825004051
B/sat/119/nu_hp	4606088470931655120
B/sat/119/nu_lp	4605932604805993447
B/sat/119/phi_hp	4606211473967875608
B/sat/119/phi_lp	4605435216426357054
B/sat/119/pi_hpc	4617508427974384353
B/sat/119/pi_lpc	4612868653946069740
B/sat/119/required	0
B/sat/119/s	4603534503101847310
B/sat/119/sp_thrust	4649652852166884214
B/sat/119/v	4576907354921055338
B/sat/119/v_cmd	0
B/sat/119/v_regime	9087740570393753374
B/sat/136/nkeys	24
B/sat/136/Tt4	4654619070570880591
B/sat/136/b	0
B/sat/136/b_cmd	0
B/sat/136/branch	13126223303132988745
B/sat/136/f	4584761350006150635
B/sat/136/g	0
B/sat/136/ic_iters	2
B/sat/136/ic_order	15359057144970489593
B/sat/136/ic_res	0
B/sat/136/mdot_air	4604779251769148367
B/sat/136/mf	4582403389825004051
B/sat/136/mf_sched	4582403389825004051
B/sat/136/nu_hp	4606215706941969132
B/sat/136/nu_lp	4606073807905027239
B/sat/136/phi_hp	4606378901113803324
B/sat/136/phi_lp	4605706164495928519
B/sat/136/pi_hpc	4617576105276991907
B/sat/136/pi_lpc	4613014406620454236
B/sat/136/required	0
B/sat/136/s	4604300115038500295
B/sat/136/sp_thrust	4649548560544713991
B/sat/136/v	4566051733819884338
B/sat/136/v_cmd	0
B/sat/136/v_regime	9087740570393753374
B/sat/153/nkeys	24
B/sat/153/Tt4	4654462064849304320
B/sat/153/b	0
B/sat/153/b_cmd	0
B/sat/153/branch	13126223303132988745
B/sat/153/f	4584496432390831577
B/sat/153/g	0
B/sat/153/ic_iters	2
B/sat/153/ic_order	15359057144970489593
B/sat/153/ic_res	0
B/sat/153/mdot_air	4605049598181006928
B/sat/153/mf	4582403389825004051
B/sat/153/mf_sched	4582403389825004051
B/sat/153/nu_hp	4606320287902695812
B/sat/153/nu_lp	4606187964183296221
B/sat/153/phi_hp	4606509214507424313
B/sat/153/phi_lp	4605902771204761394
B/sat/153/pi_hpc	4617643862470153587
B/sat/153/pi_lpc	4613108256266277695
B/sat/153/required	0
B/sat/153/s	4605065726975153280
B/sat/153/sp_thrust	4649474962809038583
B/sat/153/v	4554780311028531127
B/sat/153/v_cmd	0
B/sat/153/v_regime	9087740570393753374
B/sat/170/nkeys	24
B/sat/170/Tt4	4654343584970920525
B/sat/170/b	0
B/sat/170/b_cmd	0
B/sat/170/branch	13126223303132988745
B/sat/170/f	4584222020397418070
B/sat/170/g	0
B/sat/170/ic_iters	2
B/sat/170/ic_order	15359057144970489593
B/sat/170/ic_res	0
B/sat/170/mdot_air	4605269849928576726
B/sat/170/mf	4582403389825004051
B/sat/170/mf_sched	4582403389825004051
B/sat/170/nu_hp	4606406569067810254
B/sat/170/nu_lp	4606281687732091954
B/sat/170/phi_hp	4606613317571069511
B/sat/170/phi_lp	4606058153028572836
B/sat/170/pi_hpc	4617702226172785779
B/sat/170/pi_lpc	4613179833624222088
B/sat/170/required	0
B/sat/170/s	4605831338911806265
B/sat/170/sp_thrust	4649418877987584670
B/sat/170/v	4544105103755677591
B/sat/170/v_cmd	0
B/sat/170/v_regime	9087740570393753374
B/sat/187/nkeys	24
B/sat/187/Tt4	4654251517774537730
B/sat/187/b	0
B/sat/187/b_cmd	0
B/sat/187/branch	13126223303132988745
B/sat/187/f	4584007835886090273
B/sat/187/g	0
B/sat/187/ic_iters	2
B/sat/187/ic_order	15359057144970489593
B/sat/187/ic_res	0
B/sat/187/mdot_air	4605451819763941857
B/sat/187/mf	4582403389825004051
B/sat/187/mf_sched	4582403389825004051
B/sat/187/nu_hp	4606477808695819454
B/sat/187/nu_lp	4606358962295776419
B/sat/187/phi_hp	4606697268255084083
B/sat/187/phi_lp	4606183998665637578
B/sat/187/pi_hpc	4617750934120103541
B/sat/187/pi_lpc	4613237364532468826
B/sat/187/required	0
B/sat/187/s	4606596950848459250
B/sat/187/sp_thrust	4649374975719282847
B/sat/187/v	4532679831666797485
B/sat/187/v_cmd	0
B/sat/187/v_regime	9087740570393753374
B/sat/204/nkeys	24
B/sat/204/Tt4	4654178951304179782
B/sat/204/b	0
B/sat/204/b_cmd	0
B/sat/204/branch	13126223303132988745
B/sat/204/f	4583838357529527680
B/sat/204/g	0
B/sat/204/ic_iters	2
B/sat/204/ic_order	15359057144970489593
B/sat/204/ic_res	0
B/sat/204/mdot_air	4605602559982435607
B/sat/204/mf	4582403389825004051
B/sat/204/mf_sched	4582403389825004051
B/sat/204/nu_hp	4606536632879396073
B/sat/204/nu_lp	4606422762874292847
B/sat/204/phi_hp	4606765301659343464
B/sat/204/phi_lp	4606286669534865762
B/sat/204/pi_hpc	4617791271050244424
B/sat/204/pi_lpc	4613284301281292371
B/sat/204/required	0
B/sat/204/s	4607272490792564819
B/sat/204/sp_thrust	4649340177666327616
B/sat/204/v	4521905661424015519
B/sat/204/v_cmd	0
B/sat/204/v_regime	9087740570393753374
B/sat/221/nkeys	24
B/sat/221/Tt4	4654121224410209181
B/sat/221/b	0
B/sat/221/b_cmd	0
B/sat/221/branch	13126223303132988745
B/sat/221/f	4583703078778143109
B/sat/221/g	0
B/sat/221/ic_iters	2
B/sat/221/ic_order	15359057144970489593
B/sat/221/ic_res	0
B/sat/221/mdot_air	4605727439320245969
B/sat/221/mf	4582403389825004051
B/sat/221/mf_sched	4582403389825004051
B/sat/221/nu_hp	4606585200260322625
B/sat/221/nu_lp	4606475473008845042
B/sat/221/phi_hp	4606820623158243462
B/sat/221/phi_lp	4606370673892221070
B/sat/221/pi_hpc	4617824597658621736
B/sat/221/pi_lpc	4613322791627049553
B/sat/221/required	0
B/sat/221/s	4607655296760891303
B/sat/221/sp_thrust	4649312374932623271
B/sat/221/v	4510607721840676228
B/sat/221/v_cmd	0
B/sat/221/v_regime	9087740570393753374
B/sat/238/nkeys	24
B/sat/238/Tt4	4654074980862858006
B/sat/238/b	0
B/sat/238/b_cmd	0
B/sat/238/branch	13126223303132988745
B/sat/238/f	4583594393750139453
B/sat/238/g	0
B/sat/238/ic_iters	2
B/sat/238/ic_order	15359057144970489593
B/sat/238/ic_res	0
B/sat/238/mdot_air	4605830853128387489
B/sat/238/mf	4582403389825004051
B/sat/238/mf_sched	4582403389825004051
B/sat/238/nu_hp	4606625293394416341
B/sat/238/nu_lp	4606519039143359251
B/sat/238/phi_hp	4606865726075710516
B/sat/238/phi_lp	4606439518202957383
B/sat/238/pi_hpc	4617852102461168997
B/sat/238/pi_lpc	4613354437288423775
B/sat/238/required	0
B/sat/238/s	4608038102729217787
B/sat/238/sp_thrust	4649290026843328340
B/sat/238/v	4499713489580666380
B/sat/238/v_cmd	0
B/sat/238/v_regime	9087740570393753374
B/sat/255/nkeys	24
B/sat/255/Tt4	4654037729622834359
B/sat/255/b	0
B/sat/255/b_cmd	0
B/sat/255/branch	13126223303132988745
B/sat/255/f	4583506624833331355
B/sat/255/g	0
B/sat/255/ic_iters	2
B/sat/255/ic_order	15359057144970489593
B/sat/255/ic_res	0
B/sat/255/mdot_air	4605916455387654379
B/sat/255/mf	4582403389825004051
B/sat/255/mf_sched	4582403389825004051
B/sat/255/nu_hp	4606658385624863791
B/sat/255/nu_lp	4606555059433699928
B/sat/255/phi_hp	4606902575023947493
B/sat/255/phi_lp	4606496005459881597
B/sat/255/pi_hpc	4617874784916966109
B/sat/255/pi_lpc	4613380502505304532
B/sat/255/required	0
B/sat/255/s	4608420908697544271
B/sat/255/sp_thrust	4649271975997460041
B/sat/255/v	4488565909201326598
B/sat/255/v_cmd	0
B/sat/255/v_regime	9087740570393753374
B/sat/272/nkeys	24
B/sat/272/Tt4	4654007586418111154
B/sat/272/b	0
B/sat/272/b_cmd	0
B/sat/272/branch	13126223303132988745
B/sat/272/f	4583435453244453860
B/sat/272/g	0
B/sat/272/ic_iters	2
B/sat/272/ic_order	15359057144970489593
B/sat/272/ic_res	0
B/sat/272/mdot_air	4605987288459539090
B/sat/272/mf	4582403389825004051
B/sat/272/mf_sched	4582403389825004051
B/sat/272/nu_hp	4606685694829114462
B/sat/272/nu_lp	4606584848782134641
B/sat/272/phi_hp	4606932731211262370
B/sat/272/phi_lp	4606542397136665665
B/sat/272/pi_hpc	4617893477841247085
B/sat/272/pi_lpc	4613402002591555340
B/sat/272/required	0
B/sat/272/s	4608803714665870755
B/sat/272/sp_thrust	4649257338274791530
B/sat/272/v	4477543456958803424
B/sat/272/v_cmd	0
B/sat/272/v_regime	9087740570393753374
B/sat/289/nkeys	24
B/sat/289/Tt4	4653983105172383431
B/sat/289/b	0
B/sat/289/b_cmd	0
B/sat/289/branch	13126223303132988745
B/sat/289/f	4583377547056125319
B/sat/289/g	0
B/sat/289/ic_iters	2
B/sat/289/ic_order	15359057144970489593
B/sat/289/ic_res	0
B/sat/289/mdot_air	4606045882766881487
B/sat/289/mf	4582403389825004051
B/sat/289/mf_sched	4582403389825004051
B/sat/289/nu_hp	4606708227637159502
B/sat/289/nu_lp	4606609490340738851
B/sat/289/phi_hp	4606957443505283354
B/sat/289/phi_lp	4606580526135870846
B/sat/289/pi_hpc	4617908873174127203
B/sat/289/pi_lpc	4613419758731592314
B/sat/289/required	0
B/sat/289/s	4609186520634197239
B/sat/289/sp_thrust	4649245429741070494
B/sat/289/v	4466556452379809744
B/sat/289/v_cmd	0
B/sat/289/v_regime	9087740570393753374
B/sat/306/nkeys	24
B/sat/306/Tt4	4653963162764044097
B/sat/306/b	0
B/sat/306/b_cmd	0
B/sat/306/branch	13126223303132988745
B/sat/306/f	4583330305944713372
B/sat/306/g	0
B/sat/306/ic_iters	2
B/sat/306/ic_order	15359057144970489593
B/sat/306/ic_res	0
B/sat/306/mdot_air	4606094340316955289
B/sat/306/mf	4582403389825004051
B/sat/306/mf_sched	4582403389825004051
B/sat/306/nu_hp	4606726815988605401
B/sat/306/nu_lp	4606629877175142211
B/sat/306/phi_hp	4606977716364616225
B/sat/306/phi_lp	4606611882723794989
B/sat/306/pi_hpc	4617921544957590285
B/sat/306/pi_lpc	4613434437997959011
B/sat/306/required	0
B/sat/306/s	4609569326602523723
B/sat/306/sp_thrust	4649235715766178174
B/sat/306/v	4455397067872651091
B/sat/306/v_cmd	0
B/sat/306/v_regime	9087740570393753374
B/sat/323/nkeys	24
B/sat/323/Tt4	4653946878059166197
B/sat/323/b	0
B/sat/323/b_cmd	0
B/sat/323/branch	13126223303132988745
B/sat/323/f	4583291680970363251
B/sat/323/g	0
B/sat/323/ic_iters	2
B/sat/323/ic_order	15359057144970489593
B/sat/323/ic_res	0
B/sat/323/mdot_air	4606134405476014681
B/sat/323/mf	4582403389825004051
B/sat/323/mf_sched	4582403389825004051
B/sat/323/nu_hp	4606742147377329887
B/sat/323/nu_lp	4606646746186869140
B/sat/323/phi_hp	4606994361330453926
B/sat/323/phi_lp	4606637681698404029
B/sat/323/pi_hpc	4617931968895899289
B/sat/323/pi_lpc	4613446584138084753
B/sat/323/required	0
B/sat/323/s	4609952132570850207
B/sat/323/sp_thrust	4649227774703873166
B/sat/323/v	4444581549886901653
B/sat/323/v_cmd	0
B/sat/323/v_regime	9087740570393753374
B/sat/340/nkeys	24
B/sat/340/Tt4	4653933553841335663
B/sat/340/b	0
B/sat/340/b_cmd	0
B/sat/340/branch	13126223303132988745
B/sat/340/f	4583260044606936601
B/sat/340/g	0
B/sat/340/ic_iters	2
B/sat/340/ic_order	15359057144970489593
B/sat/340/ic_res	0
B/sat/340/mdot_air	4606167524712397075
B/sat/340/mf	4582403389825004051
B/sat/340/mf_sched	4582403389825004051
B/sat/340/nu_hp	4606754789871534157
B/sat/340/nu_lp	4606660705814671505
B/sat/340/phi_hp	4607008036547684214
B/sat/340/phi_lp	4606658915453735379
B/sat/340/pi_hpc	4617940538823157929
B/sat/340/pi_lpc	4613456641673246202
B/sat/340/required	0
B/sat/340/s	4610334938539176691
B/sat/340/sp_thrust	4649221271487087106
B/sat/340/v	4433275928851468225
B/sat/340/v_cmd	0
B/sat/340/v_regime	9087740570393753374
B/sat/regime/dormant	228
B/sat/regime/riding	1
B/sat/regime/saturated	112
B/at_lever/npts	341
B/at_lever/0/nkeys	24
B/at_lever/0/Tt4	4652007308841189378
B/at_lever/0/b	4585439236324657495
B/at_lever/0/b_cmd	4585439236324657495
B/at_lever/0/branch	13126223303132988745
B/at_lever/0/f	4580382169689562672
B/at_lever/0/g	0
B/at_lever/0/ic_iters	1
B/at_lever/0/ic_order	15359057144970489593
B/at_lever/0/ic_res	0
B/at_lever/0/mdot_air	4603364550124398404
B/at_lever/0/mf	4576598004192639869
B/at_lever/0/mf_sched	4576598004192639869
B/at_lever/0/nu_hp	4605292294839495533
B/at_lever/0/nu_lp	4604908498284992449
B/at_lever/0/phi_hp	4606680258087474445
B/at_lever/0/phi_lp	4605380978949069210
B/at_lever/0/pi_hpc	4616236729973011810
B/at_lever/0/pi_lpc	4611845222978564899
B/at_lever/0/required	0
B/at_lever/0/s	0
B/at_lever/0/sp_thrust	4646329581975695664
B/at_lever/0/v	0
B/at_lever/0/v_cmd	0
B/at_lever/0/v_regime	9087740570393753374
B/at_lever/37/nkeys	24
B/at_lever/37/Tt4	4653037348278884052
B/at_lever/37/b	4589666384753697031
B/at_lever/37/b_cmd	4590130740824889500
B/at_lever/37/branch	13126223303132988745
B/at_lever/37/f	4582157783191412887
B/at_lever/37/g	4566738725564220216
B/at_lever/37/ic_iters	1
B/at_lever/37/ic_order	15359057144970489593
B/at_lever/37/ic_res	0
B/at_lever/37/mdot_air	4603214692902925490
B/at_lever/37/mf	4578427671569145234
B/at_lever/37/mf_sched	4579575747328622176
B/at_lever/37/nu_hp	4605356956346369195
B/at_lever/37/nu_lp	4604984355937157276
B/at_lever/37/phi_hp	4606303779273293918
B/at_lever/37/phi_lp	4605338754767792444
B/at_lever/37/pi_hpc	4616527691596354032
B/at_lever/37/pi_lpc	4611892825729924192
B/at_lever/37/required	4567713881192049660
B/at_lever/37/s	4595833347739043761
B/at_lever/37/sp_thrust	4647815805036402690
B/at_lever/37/v	4575780657488490946
B/at_lever/37/v_cmd	4573764598777223222
B/at_lever/37/v_regime	10791139852042193048
B/at_lever/74/nkeys	24
B/at_lever/74/Tt4	4654117375580476691
B/at_lever/74/b	4590489113971203138
B/at_lever/74/b_cmd	4590461813834309177
B/at_lever/74/branch	13126223303132988745
B/at_lever/74/f	4584209843096634574
B/at_lever/74/g	4568571142002833042
B/at_lever/74/ic_iters	1
B/at_lever/74/ic_order	15359057144970489593
B/at_lever/74/ic_res	0
B/at_lever/74/mdot_air	4603332334509920255
B/at_lever/74/mf	4580554065815634384
B/at_lever/74/mf_sched	4581357155750199458
B/at_lever/74/nu_hp	4605544032604393069
B/at_lever/74/nu_lp	4605186097150194981
B/at_lever/74/phi_hp	4606037045836387946
B/at_lever/74/phi_lp	4605383475165683393
B/at_lever/74/pi_hpc	4616920160959136839
B/at_lever/74/pi_lpc	4612106905413392117
B/at_lever/74/required	4568501831571730704
B/at_lever/74/s	4600336947366414258
B/at_lever/74/sp_thrust	4648771548277025956
B/at_lever/74/v	4561380416382505137
B/at_lever/74/v_cmd	0
B/at_lever/74/v_regime	9087740570393753374
B/at_lever/111/nkeys	24
B/at_lever/111/Tt4	4654835472933591301
B/at_lever/111/b	4588275002106555047
B/at_lever/111/b_cmd	4585775273776690376
B/at_lever/111/branch	13126223303132988745
B/at_lever/111/f	4585083069858678204
B/at_lever/111/g	4566839243390697995
B/at_lever/111/ic_iters	1
B/at_lever/111/ic_order	15359057144970489593
B/at_lever/111/ic_res	0
B/at_lever/111/mdot_air	4603810899349008160
B/at_lever/111/mf	4581816787216955858
B/at_lever/111/mf_sched	4582403389825004051
B/at_lever/111/nu_hp	4605855991669575278
B/at_lever/111/nu_lp	4605528374192402125
B/at_lever/111/phi_hp	4606046505287512498
B/at_lever/111/phi_lp	4605490483636544799
B/at_lever/111/pi_hpc	4617355020377279665
B/at_lever/111/pi_lpc	4612445123035773766
B/at_lever/111/required	4555457193842645056
B/at_lever/111/s	4603174215131657670
B/at_lever/111/sp_thrust	4649492726582724769
B/at_lever/111/v	4537141290380261373
B/at_lever/111/v_cmd	0
B/at_lever/111/v_regime	9087740570393753374
B/at_lever/148/nkeys	24
B/at_lever/148/Tt4	4654647576817507979
B/at_lever/148/b	4569621685961867013
B/at_lever/148/b_cmd	0
B/at_lever/148/branch	13126223303132988745
B/at_lever/148/f	4584815697608764873
B/at_lever/148/g	4558678264909374565
B/at_lever/148/ic_iters	1
B/at_lever/148/ic_order	15359057144970489593
B/at_lever/148/ic_res	0
B/at_lever/148/mdot_air	4604534677265591100
B/at_lever/148/mf	4582230294773822704
B/at_lever/148/mf_sched	4582403389825004051
B/at_lever/148/nu_hp	4606154296860450880
B/at_lever/148/nu_lp	4605882189311247881
B/at_lever/148/phi_hp	4606332532657424717
B/at_lever/148/phi_lp	4605631743483067802
B/at_lever/148/pi_hpc	4617574704103053664
B/at_lever/148/pi_lpc	4612813401939019968
B/at_lever/148/required	0
B/at_lever/148/s	4604840546993784755
B/at_lever/148/sp_thrust	4649520514339860772
B/at_lever/148/v	4513261612468743245
B/at_lever/148/v_cmd	0
B/at_lever/148/v_regime	9087740570393753374
B/at_lever/185/nkeys	24
B/at_lever/185/Tt4	4654397719821800970
B/at_lever/185/b	4545542520160710658
B/at_lever/185/b_cmd	0
B/at_lever/185/branch	13126223303132988745
B/at_lever/185/f	4584360885842453565
B/at_lever/185/g	4550586556128671583
B/at_lever/185/ic_iters	1
B/at_lever/185/ic_order	15359057144970489593
B/at_lever/185/ic_res	0
B/at_lever/185/mdot_air	4605104471732368218
B/at_lever/185/mf	4582352963792880292
B/at_lever/185/mf_sched	4582403389825004051
B/at_lever/185/nu_hp	4606376238499218841
B/at_lever/185/nu_lp	4606157044950680298
B/at_lever/185/phi_hp	4606580392720765623
B/at_lever/185/phi_lp	4605995255043357579
B/at_lever/185/pi_hpc	4617725766210807959
B/at_lever/185/pi_lpc	4613043719718514425
B/at_lever/185/required	0
B/at_lever/185/s	4606506878855911840
B/at_lever/185/sp_thrust	4649433302738257222
B/at_lever/185/v	4489243799293013462
B/at_lever/185/v_cmd	0
B/at_lever/185/v_regime	9087740570393753374
B/at_lever/222/nkeys	24
B/at_lever/222/Tt4	4654212834692678925
B/at_lever/222/b	4521789395641855571
B/at_lever/222/b_cmd	0
B/at_lever/222/branch	13126223303132988745
B/at_lever/222/f	4583921821733378637
B/at_lever/222/g	4542646159228770199
B/at_lever/222/ic_iters	1
B/at_lever/222/ic_order	15359057144970489593
B/at_lever/222/ic_res	0
B/at_lever/222/mdot_air	4605511541210567571
B/at_lever/222/mf	4582388699718623815
B/at_lever/222/mf_sched	4582403389825004051
B/at_lever/222/nu_hp	4606528581337052687
B/at_lever/222/nu_lp	4606347517818381459
B/at_lever/222/phi_hp	4606753677392893341
B/at_lever/222/phi_lp	4606261052902435687
B/at_lever/222/pi_hpc	4617821795052138989
B/at_lever/222/pi_lpc	4613196932287714715
B/at_lever/222/required	0
B/at_lever/222/s	4607677814759028155
B/at_lever/222/sp_thrust	4649353279581758397
B/at_lever/222/v	4465021176820564943
B/at_lever/222/v_cmd	0
B/at_lever/222/v_regime	9087740570393753374
B/at_lever/259/nkeys	24
B/at_lever/259/Tt4	4654090695523734580
B/at_lever/259/b	4497492413209465482
B/at_lever/259/b_cmd	0
B/at_lever/259/branch	13126223303132988745
B/at_lever/259/f	4583632789330553443
B/at_lever/259/g	4534882082973738407
B/at_lever/259/ic_iters	1
B/at_lever/259/ic_order	15359057144970489593
B/at_lever/259/ic_res	0
B/at_lever/259/mdot_air	4605789164688180049
B/at_lever/259/mf	4582399110304756790
B/at_lever/259/mf_sched	4582403389825004051
B/at_lever/259/nu_hp	4606629729641358679
B/at_lever/259/nu_lp	4606475743409186448
B/at_lever/259/phi_hp	4606867787605841321
B/at_lever/259/phi_lp	4606437387753107818
B/at_lever/259/pi_hpc	4617882346440999493
B/at_lever/259/pi_lpc	4613299201122718577
B/at_lever/259/required	0
B/at_lever/259/s	4608510980690091679
B/at_lever/259/sp_thrust	4649296712067122560
B/at_lever/259/v	4441154555767392234
B/at_lever/259/v_cmd	0
B/at_lever/259/v_regime	9087740570393753374
B/at_lever/296/nkeys	24
B/at_lever/296/Tt4	4654012210389518713
B/at_lever/296/b	4473428217113687375
B/at_lever/296/b_cmd	0
B/at_lever/296/branch	13126223303132988745
B/at_lever/296/f	4583446907829059043
B/at_lever/296/g	4526720547536503784
B/at_lever/296/ic_iters	1
B/at_lever/296/ic_order	15359057144970489593
B/at_lever/296/ic_res	0
B/at_lever/296/mdot_air	4605974359394264920
B/at_lever/296/mf	4582402143115615251
B/at_lever/296/mf_sched	4582403389825004051
B/at_lever/296/nu_hp	4606695845191254439
B/at_lever/296/nu_lp	4606561135235612078
B/at_lever/296/phi_hp	4606941517161754292
B/at_lever/296/phi_lp	4606552170770946169
B/at_lever/296/pi_hpc	4617920411688993174
B/at_lever/296/pi_lpc	4613367394081100916
B/at_lever/296/required	0
B/at_lever/296/s	4609344146621155203
B/at_lever/296/sp_thrust	4649259310609026890
B/at_lever/296/v	4417107939938790756
B/at_lever/296/v_cmd	0
B/at_lever/296/v_regime	9087740570393753374
B/at_lever/333/nkeys	24
B/at_lever/333/Tt4	4653961992206116936
B/at_lever/333/b	4449686935959556173
B/at_lever/333/b_cmd	0
B/at_lever/333/branch	13126223303132988745
B/at_lever/333/f	4583327756516421544
B/at_lever/333/g	4518557352035067735
B/at_lever/333/ic_iters	1
B/at_lever/333/ic_order	15359057144970489593
B/at_lever/333/ic_res	0
B/at_lever/333/mdot_air	4606096545885975413
B/at_lever/333/mf	4582403026633755892
B/at_lever/333/mf_sched	4582403389825004051
B/at_lever/333/nu_hp	4606738681640374576
B/at_lever/333/nu_lp	4606617741758954873
B/at_lever/333/phi_hp	4606988844462617453
B/at_lever/333/phi_lp	4606626362806592601
B/at_lever/333/pi_hpc	4617944173169247665
B/at_lever/333/pi_lpc	4613412929560389025
B/at_lever/333/required	0
B/at_lever/333/s	4610177312552218727
B/at_lever/333/sp_thrust	4649235057745229099
B/at_lever/333/v	4392901662747293104
B/at_lever/333/v_cmd	0
B/at_lever/333/v_regime	9087740570393753374
B/at_lever/340/nkeys	24
B/at_lever/340/Tt4	4653954759901423018
B/at_lever/340/b	4445151691137581488
B/at_lever/340/b_cmd	0
B/at_lever/340/branch	13126223303132988745
B/at_lever/340/f	4583310576762998662
B/at_lever/340/g	4517318985623134376
B/at_lever/340/ic_iters	1
B/at_lever/340/ic_order	15359057144970489593
B/at_lever/340/ic_res	0
B/at_lever/340/mdot_air	4606114416117542324
B/at_lever/340/mf	4582403102217643339
B/at_lever/340/mf_sched	4582403389825004051
B/at_lever/340/nu_hp	4606744876396585843
B/at_lever/340/nu_lp	4606626062485143709
B/at_lever/340/phi_hp	4606995659117500472
B/at_lever/340/phi_lp	4606637088492416272
B/at_lever/340/pi_hpc	4617947524488707231
B/at_lever/340/pi_lpc	4613419667215572178
B/at_lever/340/required	0
B/at_lever/340/s	4610334938539176691
B/at_lever/340/sp_thrust	4649231548027949418
B/at_lever/340/v	4388354388910049840
B/at_lever/340/v_cmd	0
B/at_lever/340/v_regime	9087740570393753374
B/lim/m_lim	4603292946394561070
B/lim/v_max	4596373779694328218
B/lim/tau	4587366580439587226
B/lim/phi_lim_at	4605380978949069210
B/lim/from_phi_m_lim	4603292946394561070
B/lim/margin/0	4603292946394561070
B/lim/margin/1	4605094386245509268
B/lim/margin/2	4596428368780720584
B/lim/margin/3	4606595586121299433
C/n_riding	64
C/n_sampled	7
C/n_rows	7
C/n_skipped	0
C/worst_RC_inc?	1
C/worst_RC_inc	4466069614727528448
C/worst_RC_phi?	1
C/worst_RC_phi	4460021566335352832
C/worst_pair_gap?	1
C/worst_pair_gap	4575042462421011411
C/worst_RC_own?	1
C/worst_RC_own	4584497082820597248
C/k_lo?	1
C/k_lo	13835058939001976394
C/k_hi?	1
C/k_hi	13833546077682107878
C/s_lo	4572414629676717179
C/s_hi	4599436227440940158
C/0/s	4572414629676717179
C/0/k	13833546077682107878
C/0/pair_gap	4568651206185979867
C/0/v_base	13794451546836922395
C/0/inc/interior	1
C/0/inc/n_off	0
C/0/inc/v_base	13794451546836922395
C/0/inc/R_q	13811799754782895239
C/0/inc/R_v	4584814466558641932
C/0/inc/C_g	13848972152462441814
C/0/inc/C_v	4603245600007983916
C/0/inc/V_g	13855832641100768120
C/0/inc/V_q	13837202450927374954
C/0/inc/cyclic	4610184612839205401
C/0/inc/pair_RC	4607182418800492070
C/0/inc/pair_RV	13833556649693114301
C/0/inc/pair_CV	13833535505671101455
C/0/phi/interior	1
C/0/phi/n_off	0
C/0/phi/v_base	13794451546836922829
C/0/phi/R_q	13811799754783070239
C/0/phi/R_v	4584814466558648182
C/0/phi/C_g	13848972152461885173
C/0/phi/C_v	4603245600007956103
C/0/phi/V_g	4629410000904753408
C/0/phi/V_q	4610679169345012439
C/0/phi/cyclic	13830554455656527027
C/0/phi/pair_RC	4607182418800076515
C/0/phi/pair_RV	4607182418801166478
C/0/phi/pair_CV	4607182418800156729
C/0/own/interior	1
C/0/own/n_off	0
C/0/own/v_base	4554596957865473002
C/0/own/R_q	13811759067535645239
C/0/own/R_v	4584789764390890682
C/0/own/C_g	13848966673543174235
C/0/own/C_v	4603237986177259228
C/0/own/V_g	13855832641100768120
C/0/own/V_q	13837202450927374954
C/0/own/cyclic	4610136456073459213
C/0/own/pair_RC	4607128080287799817
C/0/own/pair_RV	13833516807944677318
C/0/own/pair_CV	13833524266503579470
C/1/s	4588087156379966504
C/1/k	13833749023559204780
C/1/pair_gap	4575042462421011411
C/1/v_base	13800374200638263200
C/1/inc/interior	1
C/1/inc/n_off	0
C/1/inc/v_base	13800374200638263200
C/1/inc/R_q	13812113961053207739
C/1/inc/R_v	4584985890229154432
C/1/inc/C_g	13848792481148008220
C/1/inc/C_v	4603239878345316416
C/1/inc/V_g	13855780284183203423
C/1/inc/V_q	13837374911167110012
C/1/inc/cyclic	4610405005269717559
C/1/inc/pair_RC	4607182418801765031
C/1/inc/pair_RV	13833777042123747212
C/1/inc/pair_CV	13833721004994662349
C/1/phi/interior	1
C/1/phi/n_off	0
C/1/phi/v_base	13800374200638263525
C/1/phi/R_q	13812113961053532739
C/1/phi/R_v	4584985890229119432
C/1/phi/C_g	13848792481146562907
C/1/phi/C_v	4603239878345348291
C/1/phi/V_g	4629100313537363271
C/1/phi/V_q	4610688207526720349
C/1/phi/cyclic	13830554455656472069
C/1/phi/pair_RC	4607182418800558659
C/1/phi/pair_RV	4607182418801029747
C/1/phi/pair_CV	4607182418800389098
C/1/own/interior	1
C/1/own/n_off	0
C/1/own/v_base	4577759967305042600
C/1/own/R_q	13811901325962420239
C/1/own/R_v	4584857472146363182
C/1/own/C_g	13848763930444746501
C/1/own/C_v	4603200169367883603
C/1/own/V_g	13855780284183203423
C/1/own/V_q	13837374911167110012
C/1/own/cyclic	4610154479182107757
C/1/own/pair_RC	4606906173130886992
C/1/own/pair_RV	13833571411496285167
C/1/own/pair_CV	13833660867918450220
C/2/s	4592230468037147363
C/2/k	13833907452588936446
C/2/pair_gap	4570745948419872333
C/2/v_base	13796014512817742416
C/2/inc/interior	1
C/2/inc/n_off	0
C/2/inc/v_base	13796014512817742416
C/2/inc/R_q	13812426098513557739
C/2/inc/R_v	4585159625463144432
C/2/inc/C_g	13848626563617832439
C/2/inc/C_v	4603238079016939228
C/2/inc/V_g	13855660338810184624
C/2/inc/V_q	13837530155068707864
C/2/inc/cyclic	4610550066127259845
C/2/inc/pair_RC	4607182418800595275
C/2/inc/pair_RV	13833922102980419306
C/2/inc/pair_CV	13833892802197453587
C/2/phi/interior	1
C/2/phi/n_off	0
C/2/phi/v_base	13796014512817743790
C/2/phi/R_q	13812426098513282739
C/2/phi/R_v	4585159625463115682
C/2/phi/C_g	13848626563617969157
C/2/phi/C_v	4603238079016957978
C/2/phi/V_g	4628808121913515615
C/2/phi/V_q	4610691054044365466
C/2/phi/cyclic	13830554455654637702
C/2/phi/pair_RC	4607182418800591002
C/2/phi/pair_RV	4607182418798205643
C/2/phi/pair_CV	4607182418800274341
C/2/own/interior	1
C/2/own/n_off	0
C/2/own/v_base	4577880385721316058
C/2/own/R_q	13812256042889507739
C/2/own/R_v	4585057392410006932
C/2/own/C_g	13848604147168135173
C/2/own/C_v	4603206568423011416
C/2/own/V_g	13855660338810184624
C/2/own/V_q	13837530155068707864
C/2/own/cyclic	4610351500094163150
C/2/own/pair_RC	4606966764839824498
C/2/own/pair_RV	13833761124166445045
C/2/own/pair_CV	13833843994921101031
C/3/s	4594752483828474841
C/3/k	13834127255040709287
C/3/pair_gap	4568724431754729197
C/3/v_base	13794601898708763668
C/3/inc/interior	1
C/3/inc/n_off	0
C/3/inc/v_base	13794601898708763668
C/3/inc/R_q	13812666126242078236
C/3/inc/R_v	4585383080950045682
C/3/inc/C_g	13848323581869768583
C/3/inc/C_v	4603255273693629541
C/3/inc/V_g	13855543755769468682
C/3/inc/V_q	13837704179861294387
C/3/inc/cyclic	4610766738188140897
C/3/inc/pair_RC	4607182418800424960
C/3/inc/pair_RV	13834138775041643759
C/3/inc/pair_CV	13834115735039774815
C/3/phi/interior	1
C/3/phi/n_off	0
C/3/phi/v_base	13794601898708763608
C/3/phi/R_q	13812666126242228236
C/3/phi/R_v	4585383080950044432
C/3/phi/C_g	13848323581870042021
C/3/phi/C_v	4603255273693649541
C/3/phi/V_g	4628460892955518789
C/3/phi/V_q	4610663934690276013
C/3/phi/cyclic	13830554455655648060
C/3/phi/pair_RC	4607182418800711422
C/3/phi/pair_RV	4607182418799980017
C/3/phi/pair_CV	4607182418800380116
C/3/own/interior	1
C/3/own/n_off	0
C/3/own/v_base	4576448107800369273
C/3/own/R_q	13812597860568703236
C/3/own/R_v	4585301075972370682
C/3/own/C_g	13848288561100159208
C/3/own/C_v	4603230163535932666
C/3/own/V_g	13855543755769468682
C/3/own/V_q	13837704179861294387
C/3/own/cyclic	4610608091485474081
C/3/own/pair_RC	4607014135038498665
C/3/own/pair_RV	13834011770712275082
C/3/own/pair_CV	13834075871215907499
C/4/s	4596553923679423041
C/4/k	13834388957074453338
C/4/pair_gap	4567000656623127743
C/4/v_base	13792242147882113326
C/4/inc/interior	1
C/4/inc/n_off	0
C/4/inc/v_base	13792242147882113326
C/4/inc/R_q	13812872471880296986
C/4/inc/R_v	4585652291626679432
C/4/inc/C_g	13847949723299417021
C/4/inc/C_v	4603289221088665791
C/4/inc/V_g	13855414196337309868
C/4/inc/V_q	13837889600548813528
C/4/inc/cyclic	4611025696858799268
C/4/inc/pair_RC	4607182418799705748
C/4/inc/pair_RV	13834397733711510470
C/4/inc/pair_CV	13834380180437396206
C/4/phi/interior	1
C/4/phi/n_off	0
C/4/phi/v_base	13792242147882113024
C/4/phi/R_q	13812872471880384486
C/4/phi/R_v	4585652291626713182
C/4/phi/C_g	13847949723300042021
C/4/phi/C_v	4603289221088687666
C/4/phi/V_g	4628080094935217275
C/4/phi/V_q	4610610928474490075
C/4/phi/cyclic	13830554455654227018
C/4/phi/pair_RC	4607182418800278629
C/4/phi/pair_RV	4607182418797077132
C/4/phi/pair_CV	4607182418800553571
C/4/own/interior	1
C/4/own/n_off	0
C/4/own/v_base	4575043851327472112
C/4/own/R_q	13812817698143965736
C/4/own/R_v	4585586342744030682
C/4/own/C_g	13847922640388518583
C/4/own/C_v	4603269250315652666
C/4/own/V_g	13855414196337309868
C/4/own/V_q	13837889600548813528
C/4/own/cyclic	4610898931983381137
C/4/own/pair_RC	4607051648791511565
C/4/own/pair_RV	13834297493302723602
C/4/own/pair_CV	13834347653453246331
C/5/s	4598265291537823828
C/5/k	13834696437145420153
C/5/pair_gap	4563237560117577211
C/5/v_base	13788683514434677260
C/5/inc/interior	1
C/5/inc/n_off	0
C/5/inc/v_base	13788683514434677260
C/5/inc/R_q	13813104053279871986
C/5/inc/R_v	4585973269953496932
C/5/inc/C_g	13847566401362542021
C/5/inc/C_v	4603340774182405791
C/5/inc/V_g	13855271683642384942
C/5/inc/V_q	13838087551438457327
C/5/inc/cyclic	4611329644552332166
C/5/inc/pair_RC	4607182418798528212
C/5/inc/pair_RV	13834701681404706704
C/5/inc/pair_CV	13834691192886133602
C/5/phi/interior	1
C/5/phi/n_off	0
C/5/phi/v_base	13788683514434676154
C/5/phi/R_q	13813104053279971986
C/5/phi/R_v	4585973269953488182
C/5/phi/C_g	13847566401364065458
C/5/phi/C_v	4603340774182420166
C/5/phi/V_g	4627672172642743520
C/5/phi/V_q	4610531764705013952
C/5/phi/cyclic	13830554455656168654
C/5/phi/pair_RC	4607182418800218791
C/5/phi/pair_RV	4607182418800034567
C/5/phi/pair_CV	4607182418800311897
C/5/own/interior	1
C/5/own/n_off	0
C/5/own/v_base	4572744823581923617
C/5/own/R_q	13813065167784815736
C/5/own/R_v	4585926188566148182
C/5/own/C_g	13847548045579182646
C/5/own/C_v	4603326740153865791
C/5/own/V_g	13855271683642384942
C/5/own/V_q	13838087551438457327
C/5/own/cyclic	4611239941006787570
C/5/own/pair_RC	4607092807270361259
C/5/own/pair_RV	13834631608898910766
C/5/own/pair_CV	13834667718401283753
C/6/s	4599166011463297928
C/6/k	13835058939001976394
C/6/pair_gap	4554486994618315516
C/6/v_base	13779901533668753925
C/6/inc/interior	1
C/6/inc/n_off	0
C/6/inc/v_base	13779901533668753925
C/6/inc/R_q	13813364496635796986
C/6/inc/R_v	4586355879693508182
C/6/inc/C_g	13847175116129963896
C/6/inc/C_v	4603411679573850166
C/6/inc/V_g	13855119109166313546
C/6/inc/V_q	13838301357934866885
C/6/inc/cyclic	4611687616567482772
C/6/inc/pair_RC	4607182418799446225
C/6/inc/pair_RV	13835059653420819247
C/6/inc/pair_CV	13835058224583133541
C/6/phi/interior	1
C/6/phi/n_off	0
C/6/phi/v_base	13779901533668781112
C/6/phi/R_q	13813364496635778236
C/6/phi/R_v	4586355879693426932
C/6/phi/C_g	13847175116129573271
C/6/phi/C_v	4603411679573889541
C/6/phi/V_g	4627241149097793798
C/6/phi/V_q	4610425430239988196
C/6/phi/cyclic	13830554455656186478
C/6/phi/pair_RC	4607182418798952394
C/6/phi/pair_RV	4607182418799772125
C/6/phi/pair_CV	4607182418800466088
C/6/own/interior	1
C/6/own/n_off	0
C/6/own/v_base	4569314724841381721
C/6/own/R_q	13813343754270221986
C/6/own/R_v	4586330535833461932
C/6/own/C_g	13847165856908049833
C/6/own/C_v	4603404278663127041
C/6/own/V_g	13855119109166313546
C/6/own/V_q	13838301357934866885
C/6/own/cyclic	4611641451518324558
C/6/own/pair_RC	4607136441658614261
C/6/own/pair_RV	13835024390213046474
C/6/own/pair_CV	13835045663149380161
D/n_arms	4
D/ds	4566758108544739836
D/0/tau/0	4587366580439587226
D/0/tau/1	4587366580439587226
D/0/tau/2	4587366580439587226
D/0/inc/rate_sum	13857013103465594880
D/0/inc/n	161
D/0/inc/n_sampled	9
D/0/inc/skipped	2
D/0/inc/n_rows	7
D/0/inc/n_zeros	1
D/0/inc/zeros/0	1
D/0/inc/max_c0_rel?	1
D/0/inc/max_c0_rel	4449418510976703859
D/0/inc/min_c1_rel?	1
D/0/inc/min_c1_rel	4603582806013251070
D/0/inc/all_complex?	1
D/0/inc/all_complex	1
D/0/inc/zeta_lo?	1
D/0/inc/zeta_lo	4603726636961063316
D/0/inc/zeta_hi?	1
D/0/inc/zeta_hi	4603987585139371195
D/0/inc/0/s	4586213658934980382
D/0/inc/0/c1	4656971176617840716
D/0/inc/0/c0	4528922086076317696
D/0/inc/0/c2	13857013103465594880
D/0/inc/0/k	13833714325953640210
D/0/inc/0/pair_RC	4607182418801307431
D/0/inc/0/cyclic	4610374212054184225
D/0/inc/0/worst_zero	4478999367590205556
D/0/inc/0/c1_rel	4603582806013251070
D/0/inc/0/c0_rel	4449418510976703859
D/0/inc/0/n_zero	1
D/0/inc/0/complex_pair	1
D/0/inc/0/zeta?	1
D/0/inc/0/zeta	4603987585139371195
D/0/inc/0/root/0/re	4478999367590205556
D/0/inc/0/root/0/im	0
D/0/inc/0/root/0/abs	4478999367590205556
D/0/inc/0/root/1/re	13852509503838627468
D/0/inc/0/root/1/im	4630195090378684071
D/0/inc/0/root/1/abs	4631739681379732563
D/0/inc/0/root/2/re	13852509503838627468
D/0/inc/0/root/2/im	13853567127233459879
D/0/inc/0/root/2/abs	4631739681379732563
D/0/inc/1/s	4590573143374275023
D/0/inc/1/c1	4657014800847910045
D/0/inc/1/c0	13744236240096460800
D/0/inc/1/c2	13857013103465594880
D/0/inc/1/k	13833826003981790872
D/0/inc/1/pair_RC	4607182418799290181
D/0/inc/1/cyclic	4610473014111069008
D/0/inc/1/worst_zero	4470820551662991015
D/0/inc/1/c1_rel	4603632440692796617
D/0/inc/1/c0_rel	4441056331422304635
D/0/inc/1/n_zero	1
D/0/inc/1/complex_pair	1
D/0/inc/1/zeta?	1
D/0/inc/1/zeta	4603961092362317772
D/0/inc/1/root/0/re	13694192588517766823
D/0/inc/1/root/0/im	0
D/0/inc/1/root/0/abs	4470820551662991015
D/0/inc/1/root/1/re	13852509503838111558
D/0/inc/1/root/1/im	4630234243815616151
D/0/inc/1/root/1/abs	4631769640323224986
D/0/inc/1/root/2/re	13852509503838111558
D/0/inc/1/root/2/im	13853606280670391959
D/0/inc/1/root/2/abs	4631769640323224986
D/0/inc/2/s	4593455447135792143
D/0/inc/2/c1	4657073663609854147
D/0/inc/2/c0	4518845561029263360
D/0/inc/2/c2	13857013103465594880
D/0/inc/2/k	13833976692652683570
D/0/inc/2/pair_RC	4607182418800285387
D/0/inc/2/cyclic	4610617739491474585
D/0/inc/2/worst_zero	4468854115108697026
D/0/inc/2/c1_rel	4603699413435275240
D/0/inc/2/c0_rel	4439113546256684213
D/0/inc/2/n_zero	1
D/0/inc/2/complex_pair	1
D/0/inc/2/zeta?	1
D/0/inc/2/zeta	4603925912804385961
D/0/inc/2/root/0/re	4468854115108697026
D/0/inc/2/root/0/im	0
D/0/inc/2/root/0/abs	4468854115108697026
D/0/inc/2/root/1/re	13852509503838308594
D/0/inc/2/root/1/im	4630286596718361285
D/0/inc/2/root/1/abs	4631809849216041167
D/0/inc/2/root/2/re	13852509503838308594
D/0/inc/2/root/2/im	13853658633573137093
D/0/inc/2/root/2/abs	4631809849216041167
D/0/inc/3/s	4595004685407607591
D/0/inc/3/c1	4657145845007152128
D/0/inc/3/c0	4518504107840897024
D/0/inc/3/c2	13857013103465594880
D/0/inc/3/k	13834161477029757134
D/0/inc/3/pair_RC	4607182418800266856
D/0/inc/3/cyclic	4610800650784478076
D/0/inc/3/worst_zero	4468457260383388510
D/0/inc/3/c1_rel	4603781539825089832
D/0/inc/3/c0_rel	4438699148550151321
D/0/inc/3/n_zero	1
D/0/inc/3/complex_pair	1
D/0/inc/3/zeta?	1
D/0/inc/3/zeta	4603883636761759092
D/0/inc/3/root/0/re	4468457260383388510
D/0/inc/3/root/0/im	0
D/0/inc/3/root/0/abs	4468457260383388510
D/0/inc/3/root/1/re	13852509503838302819
D/0/inc/3/root/1/im	4630350069356391595
D/0/inc/3/root/1/abs	4631858824756571132
D/0/inc/3/root/2/re	13852509503838302819
D/0/inc/3/root/2/im	13853722106211167403
D/0/inc/3/root/2/abs	4631858824756571132
D/0/inc/4/s	4596445837288366151
D/0/inc/4/c1	4657228105483952301
D/0/inc/4/c0	4525571072925368320
D/0/inc/4/c2	13857013103465594880
D/0/inc/4/k	13834372063850594646
D/0/inc/4/pair_RC	4607182418800724991
D/0/inc/4/cyclic	4611008999998336508
D/0/inc/4/worst_zero	4475176762471283883
D/0/inc/4/c1_rel	4603875133967582473
D/0/inc/4/c0_rel	4445683278331253999
D/0/inc/4/n_zero	1
D/0/inc/4/complex_pair	1
D/0/inc/4/zeta?	1
D/0/inc/4/zeta	4603836575893752459
D/0/inc/4/root/0/re	4475176762471283883
D/0/inc/4/root/0/im	0
D/0/inc/4/root/0/abs	4475176762471283883
D/0/inc/4/root/1/re	13852509503838445746
D/0/inc/4/root/1/im	4630421464968885744
D/0/inc/4/root/1/abs	4631914203686013355
D/0/inc/4/root/2/re	13852509503838445746
D/0/inc/4/root/2/im	13853793501823661552
D/0/inc/4/root/2/abs	4631914203686013355
D/0/inc/5/s	4597886989169124711
D/0/inc/5/c1	4657321645477098667
D/0/inc/5/c0	13738460608896958464
D/0/inc/5/c2	13857013103465594880
D/0/inc/5/k	13834611526232623117
D/0/inc/5/pair_RC	4607182418799727682
D/0/inc/5/cyclic	4611245682915254085
D/0/inc/5/worst_zero	4464728196450940522
D/0/inc/5/c1_rel	4603981561693117894
D/0/inc/5/c0_rel	4435516055424166158
D/0/inc/5/n_zero	1
D/0/inc/5/complex_pair	1
D/0/inc/5/zeta?	1
D/0/inc/5/zeta	4603784450832149338
D/0/inc/5/root/0/re	13688100233305716330
D/0/inc/5/root/0/im	0
D/0/inc/5/root/0/abs	4464728196450940522
D/0/inc/5/root/1/re	13852509503838179531
D/0/inc/5/root/1/im	4630501482852223431
D/0/inc/5/root/1/abs	4631976626531423253
D/0/inc/5/root/2/re	13852509503838179531
D/0/inc/5/root/2/im	13853873519706999239
D/0/inc/5/root/2/abs	4631976626531423253
D/0/inc/6/s	4598751680297579843
D/0/inc/6/c1	4657428491632027583
D/0/inc/6/c0	4526070162348048384
D/0/inc/6/c2	13857013103465594880
D/0/inc/6/k	13834885052389673960
D/0/inc/6/pair_RC	4607182418800738181
D/0/inc/6/cyclic	4611516236782043855
D/0/inc/6/worst_zero	4475315642483861771
D/0/inc/6/c1_rel	4604103128873837016
D/0/inc/6/c0_rel	4445986133186853635
D/0/inc/6/n_zero	1
D/0/inc/6/complex_pair	1
D/0/inc/6/zeta?	1
D/0/inc/6/zeta	4603726636961063316
D/0/inc/6/root/0/re	4475315642483861771
D/0/inc/6/root/0/im	0
D/0/inc/6/root/0/abs	4475315642483861771
D/0/inc/6/root/1/re	13852509503838449788
D/0/inc/6/root/1/im	4630591431394709978
D/0/inc/6/root/1/abs	4632047233187021983
D/0/inc/6/root/2/re	13852509503838449788
D/0/inc/6/root/2/im	13853963468249485786
D/0/inc/6/root/2/abs	4632047233187021983
D/0/phi/rate_sum	13857013103465594880
D/0/phi/n	262
D/0/phi/n_sampled	14
D/0/phi/skipped	1
D/0/phi/n_rows	13
D/0/phi/n_zeros	1
D/0/phi/zeros/0	2
D/0/phi/max_c0_rel?	1
D/0/phi/max_c0_rel	4351027451941772776
D/0/phi/min_c1_rel?	1
D/0/phi/min_c1_rel	4410403888081546044
D/0/phi/all_complex?	1
D/0/phi/all_complex	0
D/0/phi/zeta_lo?	1
D/0/phi/zeta_lo	4607182418800017408
D/0/phi/zeta_hi?	1
D/0/phi/zeta_hi	4607182418800017408
D/0/phi/0/s	4586213658934980382
D/0/phi/0/c1	13727164145332125696
D/0/phi/0/c0	13648458427696939008
D/0/phi/0/c2	13857013103465594880
D/0/phi/0/k	4607182418800329749
D/0/phi/0/pair_RC	4607182418800792269
D/0/phi/0/cyclic	13830554455655980414
D/0/phi/0/worst_zero	4493371313078927360
D/0/phi/0/c1_rel	4450395928516730407
D/0/phi/0/c0_rel	4345528787996433672
D/0/phi/0/n_zero	2
D/0/phi/0/complex_pair	0
D/0/phi/0/zeta?	1
D/0/phi/0/zeta	4607182418800017408
D/0/phi/0/root/0/re	4493997456939154688
D/0/phi/0/root/0/im	0
D/0/phi/0/root/0/abs	4493997456939154688
D/0/phi/0/root/1/re	13716743349933703168
D/0/phi/0/root/1/im	0
D/0/phi/0/root/1/abs	4493371313078927360
D/0/phi/0/root/2/re	13857013103465886451
D/0/phi/0/root/2/im	9223372036854775808
D/0/phi/0/root/2/abs	4633641066611110643
D/0/phi/1/s	4590573143374275023
D/0/phi/1/c1	13726608258452422656
D/0/phi/1/c0	13645553925051383808
D/0/phi/1/c2	13857013103465594880
D/0/phi/1/k	4607182418800306454
D/0/phi/1/pair_RC	4607182418800727344
D/0/phi/1/cyclic	13830554455656019878
D/0/phi/1/worst_zero	4495486813920917080
D/0/phi/1/c1_rel	4449970190284378021
D/0/phi/1/c0_rel	4342217970316001838
D/0/phi/1/n_zero	2
D/0/phi/1/complex_pair	0
D/0/phi/1/zeta?	1
D/0/phi/1/zeta	4607182418800017408
D/0/phi/1/root/0/re	13718858850775692888
D/0/phi/1/root/0/im	0
D/0/phi/1/root/0/abs	4495486813920917080
D/0/phi/1/root/1/re	4495774939986526208
D/0/phi/1/root/1/im	0
D/0/phi/1/root/1/abs	4495774939986526208
D/0/phi/1/root/2/re	13857013103465863218
D/0/phi/1/root/2/im	9223372036854775808
D/0/phi/1/root/2/abs	4633641066611087410
D/0/phi/2/s	4593455447135792143
D/0/phi/2/c1	13726456388408836096
D/0/phi/2/c0	13628473402317602816
D/0/phi/2/c2	13857013103465594880
D/0/phi/2/k	4607182418800849128
D/0/phi/2/pair_RC	4607182418799221322
D/0/phi/2/cyclic	13830554455656962051
D/0/phi/2/worst_zero	4506394399045263148
D/0/phi/2/c1_rel	4449883793104026556
D/0/phi/2/c0_rel	4325122778328752329
D/0/phi/2/n_zero	2
D/0/phi/2/complex_pair	0
D/0/phi/2/zeta?	1
D/0/phi/2/zeta	4607182418800017408
D/0/phi/2/root/0/re	13729766435900038956
D/0/phi/2/root/0/im	0
D/0/phi/2/root/0/abs	4506394399045263148
D/0/phi/2/root/1/re	4506465164991660032
D/0/phi/2/root/1/im	0
D/0/phi/2/root/1/abs	4506465164991660032
D/0/phi/2/root/2/re	13857013103465858504
D/0/phi/2/root/2/im	9223372036854775808
D/0/phi/2/root/2/abs	4633641066611082696
D/0/phi/3/s	4595004685407607591
D/0/phi/3/c1	13733944054004056064
D/0/phi/3/c0	13650544874684940288
D/0/phi/3/c2	13857013103465594880
D/0/phi/3/k	4607182418800698676
D/0/phi/3/pair_RC	4607182418802810744
D/0/phi/3/cyclic	13830554455656573098
D/0/phi/3/worst_zero	4510703448299417721
D/0/phi/3/c1_rel	4457489461990355690
D/0/phi/3/c0_rel	4347098859561328225
D/0/phi/3/n_zero	2
D/0/phi/3/complex_pair	0
D/0/phi/3/zeta?	1
D/0/phi/3/zeta	4607182418800017408
D/0/phi/3/root/0/re	13734075485154193529
D/0/phi/3/root/0/im	0
D/0/phi/3/root/0/abs	4510703448299417721
D/0/phi/3/root/1/re	4510819654763020288
D/0/phi/3/root/1/im	0
D/0/phi/3/root/1/abs	4510819654763020288
D/0/phi/3/root/2/re	13857013103466460686
D/0/phi/3/root/2/im	9223372036854775808
D/0/phi/3/root/2/abs	4633641066611684878
D/0/phi/4/s	4596445837288366151
D/0/phi/4/c1	13729403476855750656
D/0/phi/4/c0	13645346175442747392
D/0/phi/4/c2	13857013103465594880
D/0/phi/4/k	4607182418800884568
D/0/phi/4/pair_RC	4607182418800350004
D/0/phi/4/cyclic	13830554455657024613
D/0/phi/4/worst_zero	4476725138312869504
D/0/phi/4/c1_rel	4452943790161388139
D/0/phi/4/c0_rel	4342091904775709281
D/0/phi/4/n_zero	2
D/0/phi/4/complex_pair	0
D/0/phi/4/zeta?	1
D/0/phi/4/zeta	4607182418800017408
D/0/phi/4/root/0/re	13700097175167645312
D/0/phi/4/root/0/im	0
D/0/phi/4/root/0/abs	4476725138312869504
D/0/phi/4/root/1/re	4482602270994726912
D/0/phi/4/root/1/im	0
D/0/phi/4/root/1/abs	4482602270994726912
D/0/phi/4/root/2/re	13857013103466025487
D/0/phi/4/root/2/im	9223372036854775808
D/0/phi/4/root/2/abs	4633641066611249679
D/0/phi/5/s	4597886989169124711
D/0/phi/5/c1	13726937154163048448
D/0/phi/5/c0	4425465694060019712
D/0/phi/5/c2	13857013103465594880
D/0/phi/5/k	4607182418800369415
D/0/phi/5/pair_RC	4607182418800650431
D/0/phi/5/cyclic	13830554455656369449
D/0/phi/5/worst_zero	4502969489473384947
D/0/phi/5/c1_rel	4450157295399756249
D/0/phi/5/c0_rel	4345981381016383419
D/0/phi/5/n_zero	2
D/0/phi/5/complex_pair	0
D/0/phi/5/zeta?	1
D/0/phi/5/zeta	4607182418800017408
D/0/phi/5/root/0/re	13726341526328160755
D/0/phi/5/root/0/im	0
D/0/phi/5/root/0/abs	4502969489473384947
D/0/phi/5/root/1/re	4503119034220281856
D/0/phi/5/root/1/im	0
D/0/phi/5/root/1/abs	4503119034220281856
D/0/phi/5/root/2/re	13857013103465873428
D/0/phi/5/root/2/im	9223372036854775808
D/0/phi/5/root/2/abs	4633641066611097620
D/0/phi/6/s	4598751680297579843
D/0/phi/6/c1	4463734634282221568
D/0/phi/6/c0	4420698158131052544
D/0/phi/6/c2	13857013103465594880
D/0/phi/6/k	4607182418799659010
D/0/phi/6/pair_RC	4607182418800372797
D/0/phi/6/cyclic	13830554455655641404
D/0/phi/6/worst_zero	4500461334998895040
D/0/phi/6/c1_rel	4410403888081546044
D/0/phi/6/c0_rel	4341165201076915118
D/0/phi/6/n_zero	2
D/0/phi/6/complex_pair	0
D/0/phi/6/zeta?	1
D/0/phi/6/zeta	4607182418800017408
D/0/phi/6/root/0/re	4500461334998895040
D/0/phi/6/root/0/im	0
D/0/phi/6/root/0/abs	4500461334998895040
D/0/phi/6/root/1/re	13723833708505464832
D/0/phi/6/root/1/im	0
D/0/phi/6/root/1/abs	4500461671650689024
D/0/phi/6/root/2/re	13857013103465594253
D/0/phi/6/root/2/im	9223372036854775808
D/0/phi/6/root/2/abs	4633641066610818445
D/0/phi/7/s	4599472256237959123
D/0/phi/7/c1	13729393755197276160
D/0/phi/7/c0	4422486170487750656
D/0/phi/7/c2	13857013103465594880
D/0/phi/7/k	4607182418798024260
D/0/phi/7/pair_RC	4607182418804074573
D/0/phi/7/cyclic	13830554455653718826
D/0/phi/7/worst_zero	4501038150153018454
D/0/phi/7/c1_rel	4452932729074412712
D/0/phi/7/c0_rel	4342402613318152997
D/0/phi/7/n_zero	2
D/0/phi/7/complex_pair	0
D/0/phi/7/zeta?	1
D/0/phi/7/zeta	4607182418800017408
D/0/phi/7/root/0/re	13724410187007794262
D/0/phi/7/root/0/im	0
D/0/phi/7/root/0/abs	4501038150153018454
D/0/phi/7/root/1/re	4501269006585430016
D/0/phi/7/root/1/im	0
D/0/phi/7/root/1/abs	4501269006585430016
D/0/phi/7/root/2/re	13857013103466024884
D/0/phi/7/root/2/im	9223372036854775808
D/0/phi/7/root/2/abs	4633641066611249076
D/0/phi/8/s	4600192832178338403
D/0/phi/8/c1	4501900100221534208
D/0/phi/8/c0	13654235295693930496
D/0/phi/8/c2	13857013103465594880
D/0/phi/8/k	4607182418798835856
D/0/phi/8/pair_RC	4607182418800110033
D/0/phi/8/cyclic	13830554455654676460
D/0/phi/8/worst_zero	4519548199377195809
D/0/phi/8/c1_rel	4448863739516551168
D/0/phi/8/c0_rel	4351027451941772776
D/0/phi/8/n_zero	2
D/0/phi/8/complex_pair	0
D/0/phi/8/zeta?	1
D/0/phi/8/zeta	4607182418800017408
D/0/phi/8/root/0/re	4519548199377195809
D/0/phi/8/root/0/im	0
D/0/phi/8/root/0/abs	4519548199377195809
D/0/phi/8/root/1/re	13742927848555937792
D/0/phi/8/root/1/im	0
D/0/phi/8/root/1/abs	4519555811701161984
D/0/phi/8/root/2/re	13857013103465368016
D/0/phi/8/root/2/im	9223372036854775808
D/0/phi/8/root/2/abs	4633641066610592208
D/0/phi/9/s	4600913408118717683
D/0/phi/9/c1	4497767104732200960
D/0/phi/9/c0	4418431779602432000
D/0/phi/9/c2	13857013103465594880
D/0/phi/9/k	4607182418799624018
D/0/phi/9/pair_RC	4607182418799660039
D/0/phi/9/cyclic	13830554455655993043
D/0/phi/9/worst_zero	4499414273822705247
D/0/phi/9/c1_rel	4444781805041791941
D/0/phi/9/c0_rel	4338414656942624823
D/0/phi/9/n_zero	2
D/0/phi/9/complex_pair	0
D/0/phi/9/zeta?	1
D/0/phi/9/zeta	4607182418800017408
D/0/phi/9/root/0/re	4499414273822705247
D/0/phi/9/root/0/im	0
D/0/phi/9/root/0/abs	4499414273822705247
D/0/phi/9/root/1/re	13722850296286150656
D/0/phi/9/root/1/im	0
D/0/phi/9/root/1/abs	4499478259431374848
D/0/phi/9/root/2/re	13857013103465475698
D/0/phi/9/root/2/im	9223372036854775808
D/0/phi/9/root/2/abs	4633641066610699890
D/0/phi/10/s	4601633984059096963
D/0/phi/10/c1	4505733133047431168
D/0/phi/10/c0	13643361926732840960
D/0/phi/10/c2	13857013103465594880
D/0/phi/10/k	4607182418797382791
D/0/phi/10/pair_RC	4607182418800674015
D/0/phi/10/cyclic	13830554455653962002
D/0/phi/10/worst_zero	4491337945638240256
D/0/phi/10/c1_rel	4452604383138689552
D/0/phi/10/c0_rel	4340305625739363605
D/0/phi/10/n_zero	2
D/0/phi/10/complex_pair	0
D/0/phi/10/zeta?	1
D/0/phi/10/zeta	4607182418800017408
D/0/phi/10/root/0/re	13715594929872697032
D/0/phi/10/root/0/im	0
D/0/phi/10/root/0/abs	4492222893017921224
D/0/phi/10/root/1/re	4491337945638240256
D/0/phi/10/root/1/im	0
D/0/phi/10/root/1/abs	4491337945638240256
D/0/phi/10/root/2/re	13857013103465182794
D/0/phi/10/root/2/im	9223372036854775808
D/0/phi/10/root/2/abs	4633641066610406986
D/0/phi/11/s	4602354559999476243
D/0/phi/11/c1	4499168028574875648
D/0/phi/11/c0	4418221898203136000
D/0/phi/11/c2	13857013103465594880
D/0/phi/11/k	4607182418798794372
D/0/phi/11/pair_RC	4607182418800558627
D/0/phi/11/cyclic	13830554455655906952
D/0/phi/11/worst_zero	4499303186634932719
D/0/phi/11/c1_rel	4445755249109686318
D/0/phi/11/c0_rel	4338159938657731070
D/0/phi/11/n_zero	2
D/0/phi/11/complex_pair	0
D/0/phi/11/zeta?	1
D/0/phi/11/zeta	4607182418800017408
D/0/phi/11/root/0/re	4499303186634932719
D/0/phi/11/root/0/im	0
D/0/phi/11/root/0/abs	4499303186634932719
D/0/phi/11/root/1/re	13722751483584184320
D/0/phi/11/root/1/im	0
D/0/phi/11/root/1/abs	4499379446729408512
D/0/phi/11/root/2/re	13857013103465452835
D/0/phi/11/root/2/im	9223372036854775808
D/0/phi/11/root/2/abs	4633641066610677027
D/0/phi/12/s	4602876977556251217
D/0/phi/12/c1	13727348584112717824
D/0/phi/12/c0	4420415114289610752
D/0/phi/12/c2	13857013103465594880
D/0/phi/12/k	4607182418800480596
D/0/phi/12/pair_RC	4607182418800545540
D/0/phi/12/cyclic	13830554455658658922
D/0/phi/12/worst_zero	4500263734486359144
D/0/phi/12/c1_rel	4450605778862648561
D/0/phi/12/c0_rel	4340821690684457169
D/0/phi/12/n_zero	2
D/0/phi/12/complex_pair	0
D/0/phi/12/zeta?	1
D/0/phi/12/zeta	4607182418800017408
D/0/phi/12/root/0/re	13723635771341134952
D/0/phi/12/root/0/im	0
D/0/phi/12/root/0/abs	4500263734486359144
D/0/phi/12/root/1/re	4500426418559123456
D/0/phi/12/root/1/im	0
D/0/phi/12/root/1/abs	4500426418559123456
D/0/phi/12/root/2/re	13857013103465897903
D/0/phi/12/root/2/im	9223372036854775808
D/0/phi/12/root/2/abs	4633641066611122095
D/1/tau/0	4572414629676717179
D/1/tau/1	4587366580439587226
D/1/tau/2	4587366580439587226
D/1/inc/rate_sum	13866020302720335872
D/1/inc/n	250
D/1/inc/n_sampled	13
D/1/inc/skipped	0
D/1/inc/n_rows	13
D/1/inc/n_zeros	1
D/1/inc/zeros/0	1
D/1/inc/max_c0_rel?	1
D/1/inc/max_c0_rel	4437725307931426107
D/1/inc/min_c1_rel?	1
D/1/inc/min_c1_rel	4596486144182899904
D/1/inc/all_complex?	1
D/1/inc/all_complex	0
D/1/inc/zeta_lo?	1
D/1/inc/zeta_lo	4607182418800017408
D/1/inc/zeta_hi?	1
D/1/inc/zeta_hi	4607182418800017408
D/1/inc/0/s	4566758108544739836
D/1/inc/0/c1	4667657559155736829
D/1/inc/0/c0	4527828480330563584
D/1/inc/0/c2	13866020302720335872
D/1/inc/0/k	13833519258160430122
D/1/inc/0/pair_RC	4607182418800128593
D/1/inc/0/cyclic	4610151022495330010
D/1/inc/0/worst_zero	4467266260083605257
D/1/inc/0/c1_rel	4596486144182899904
D/1/inc/0/c0_rel	4421069680876300485
D/1/inc/0/n_zero	1
D/1/inc/0/complex_pair	0
D/1/inc/0/zeta?	1
D/1/inc/0/zeta	4607182418800017408
D/1/inc/0/root/0/re	4467266260083605257
D/1/inc/0/root/0/im	0
D/1/inc/0/root/0/abs	4467266260083605257
D/1/inc/0/root/1/re	13857859991782552422
D/1/inc/0/root/1/im	0
D/1/inc/0/root/1/abs	4634487954927776614
D/1/inc/0/root/2/re	13863626533724898339
D/1/inc/0/root/2/im	9223372036854775808
D/1/inc/0/root/2/abs	4640254496870122531
D/1/inc/1/s	4586213658934980382
D/1/inc/1/c1	4667673618165453284
D/1/inc/1/c0	4539936922583171072
D/1/inc/1/c2	13866020302720335872
D/1/inc/1/k	13833548329630522498
D/1/inc/1/pair_RC	4607182418800706221
D/1/inc/1/cyclic	4610181105337902147
D/1/inc/1/worst_zero	4478796436510082717
D/1/inc/1/c1_rel	4596504415767288404
D/1/inc/1/c0_rel	4432878538201538378
D/1/inc/1/n_zero	1
D/1/inc/1/complex_pair	0
D/1/inc/1/zeta?	1
D/1/inc/1/zeta	4607182418800017408
D/1/inc/1/root/0/re	4478796436510082717
D/1/inc/1/root/0/im	0
D/1/inc/1/root/0/abs	4478796436510082717
D/1/inc/1/root/1/re	13857879823811854756
D/1/inc/1/root/1/im	0
D/1/inc/1/root/1/abs	4634507786957078948
D/1/inc/1/root/2/re	13863616617710329160
D/1/inc/1/root/2/im	9223372036854775808
D/1/inc/1/root/2/abs	4640244580855553352
D/1/inc/2/s	4590573143374275023
D/1/inc/2/c1	4667687707504422374
D/1/inc/2/c0	13765212794653769728
D/1/inc/2/c2	13866020302720335872
D/1/inc/2/k	13833575327295938328
D/1/inc/2/pair_RC	4607182418798097569
D/1/inc/2/cyclic	4610207166928694574
D/1/inc/2/worst_zero	4481258536788893513
D/1/inc/2/c1_rel	4596520446304071013
D/1/inc/2/c0_rel	4435189089029393307
D/1/inc/2/n_zero	1
D/1/inc/2/complex_pair	0
D/1/inc/2/zeta?	1
D/1/inc/2/zeta	4607182418800017408
D/1/inc/2/root/0/re	13704630573643669321
D/1/inc/2/root/0/im	0
D/1/inc/2/root/0/abs	4481258536788893513
D/1/inc/2/root/1/re	13857897312891901160
D/1/inc/2/root/1/im	0
D/1/inc/2/root/1/abs	4634525276037125352
D/1/inc/2/root/2/re	13863607873170071919
D/1/inc/2/root/2/im	9223372036854775808
D/1/inc/2/root/2/abs	4640235836315296111
D/1/inc/3/s	4593455447135792143
D/1/inc/3/c1	4667706759662502875
D/1/inc/3/c0	4528181038022656000
D/1/inc/3/c2	13866020302720335872
D/1/inc/3/k	13833610926269239075
D/1/inc/3/pair_RC	4607182418800134016
D/1/inc/3/cyclic	4610242610291056425
D/1/inc/3/worst_zero	4467630497232487893
D/1/inc/3/c1_rel	4596542123426153717
D/1/inc/3/c0_rel	4421497555337577681
D/1/inc/3/n_zero	1
D/1/inc/3/complex_pair	0
D/1/inc/3/zeta?	1
D/1/inc/3/zeta	4607182418800017408
D/1/inc/3/root/0/re	4467630497232487893
D/1/inc/3/root/0/im	0
D/1/inc/3/root/0/abs	4467630497232487893
D/1/inc/3/root/1/re	13857921097602952688
D/1/inc/3/root/1/im	0
D/1/inc/3/root/1/abs	4634549060748176880
D/1/inc/3/root/2/re	13863595980814698977
D/1/inc/3/root/2/im	9223372036854775808
D/1/inc/3/root/2/abs	4640223943959923169
D/1/inc/4/s	4595004685407607591
D/1/inc/4/c1	4667729414763668080
D/1/inc/4/c0	13758184969279111168
D/1/inc/4/c2	13866020302720335872
D/1/inc/4/k	13833653194884452965
D/1/inc/4/pair_RC	4607182418799399657
D/1/inc/4/cyclic	4610284770206217908
D/1/inc/4/worst_zero	4473591953136947072
D/1/inc/4/c1_rel	4596567899896812794
D/1/inc/4/c0_rel	4427811275134416444
D/1/inc/4/n_zero	1
D/1/inc/4/complex_pair	0
D/1/inc/4/zeta?	1
D/1/inc/4/zeta	4607182418800017408
D/1/inc/4/root/0/re	13696963989991722880
D/1/inc/4/root/0/im	0
D/1/inc/4/root/0/abs	4473591953136947072
D/1/inc/4/root/1/re	13857949586634124954
D/1/inc/4/root/1/im	0
D/1/inc/4/root/1/abs	4634577549779349146
D/1/inc/4/root/2/re	13863581736299052434
D/1/inc/4/root/2/im	9223372036854775808
D/1/inc/4/root/2/abs	4640209699444276626
D/1/inc/5/s	4596445837288366151
D/1/inc/5/c1	4667755916276913219
D/1/inc/5/c0	4534604154315735040
D/1/inc/5/c2	13866020302720335872
D/1/inc/5/k	13833702629425692000
D/1/inc/5/pair_RC	4607182418800317099
D/1/inc/5/cyclic	4610334090418921809
D/1/inc/5/worst_zero	4473423534909436371
D/1/inc/5/c1_rel	4596598052729660597
D/1/inc/5/c0_rel	4427684585485108753
D/1/inc/5/n_zero	1
D/1/inc/5/complex_pair	0
D/1/inc/5/zeta?	1
D/1/inc/5/zeta	4607182418800017408
D/1/inc/5/root/0/re	4473423534909436371
D/1/inc/5/root/0/im	0
D/1/inc/5/root/0/abs	4473423534909436371
D/1/inc/5/root/1/re	13857983204059640680
D/1/inc/5/root/1/im	0
D/1/inc/5/root/1/abs	4634611167204864872
D/1/inc/5/root/2/re	13863564927586380964
D/1/inc/5/root/2/im	9223372036854775808
D/1/inc/5/root/2/abs	4640192890731605156
D/1/inc/6/s	4597886989169124711
D/1/inc/6/c1	4667786670492536774
D/1/inc/6/c0	13743399298878406656
D/1/inc/6/c2	13866020302720335872
D/1/inc/6/k	13833759990118928859
D/1/inc/6/pair_RC	4607182418799951394
D/1/inc/6/cyclic	4610391326524464823
D/1/inc/6/worst_zero	4459153520880197665
D/1/inc/6/c1_rel	4596633044192770064
D/1/inc/6/c0_rel	4413526095832588417
D/1/inc/6/n_zero	1
D/1/inc/6/complex_pair	0
D/1/inc/6/zeta?	1
D/1/inc/6/zeta	4607182418800017408
D/1/inc/6/root/0/re	13682525557734973473
D/1/inc/6/root/0/im	0
D/1/inc/6/root/0/abs	4459153520880197665
D/1/inc/6/root/1/re	13858022621515269649
D/1/inc/6/root/1/im	0
D/1/inc/6/root/1/abs	4634650584660493841
D/1/inc/6/root/2/re	13863545218858519262
D/1/inc/6/root/2/im	9223372036854775808
D/1/inc/6/root/2/abs	4640173182003743454
D/1/inc/7/s	4598751680297579843
D/1/inc/7/c1	4667822155802204742
D/1/inc/7/c0	4540187336431894528
D/1/inc/7/c2	13866020302720335872
D/1/inc/7/k	13833826168903151198
D/1/inc/7/pair_RC	4607182418800725637
D/1/inc/7/cyclic	4610457368922068841
D/1/inc/7/worst_zero	4478986999469792968
D/1/inc/7/c1_rel	4596673418589547841
D/1/inc/7/c0_rel	4433182447868018756
D/1/inc/7/n_zero	1
D/1/inc/7/complex_pair	0
D/1/inc/7/zeta?	1
D/1/inc/7/zeta	4607182418800017408
D/1/inc/7/root/0/re	4478986999469792968
D/1/inc/7/root/0/im	0
D/1/inc/7/root/0/abs	4478986999469792968
D/1/inc/7/root/1/re	13858068662661895294
D/1/inc/7/root/1/im	0
D/1/inc/7/root/1/abs	4634696625807119486
D/1/inc/7/root/2/re	13863522198285311664
D/1/inc/7/root/2/im	9223372036854775808
D/1/inc/7/root/2/abs	4640150161430535856
D/1/inc/8/s	4599472256237959123
D/1/inc/8/c1	4667862930621016523
D/1/inc/8/c0	13763228029914447872
D/1/inc/8/c2	13866020302720335872
D/1/inc/8/k	13833902206740631118
D/1/inc/8/pair_RC	4607182418798700478
D/1/inc/8/cyclic	4610533256989379908
D/1/inc/8/worst_zero	4478494882717323578
D/1/inc/8/c1_rel	4596719811272284801
D/1/inc/8/c0_rel	4432780319733908174
D/1/inc/8/n_zero	1
D/1/inc/8/complex_pair	0
D/1/inc/8/zeta?	1
D/1/inc/8/zeta	4607182418800017408
D/1/inc/8/root/0/re	13701866919572099386
D/1/inc/8/root/0/im	0
D/1/inc/8/root/0/abs	4478494882717323578
D/1/inc/8/root/1/re	13858122337776549806
D/1/inc/8/root/1/im	0
D/1/inc/8/root/1/abs	4634750300921773998
D/1/inc/8/root/2/re	13863495360727790387
D/1/inc/8/root/2/im	9223372036854775808
D/1/inc/8/root/2/abs	4640123323873014579
D/1/inc/9/s	4600192832178338403
D/1/inc/9/c1	4667909652077375638
D/1/inc/9/c0	4535782521966690304
D/1/inc/9/c2	13866020302720335872
D/1/inc/9/k	13833989328653012402
D/1/inc/9/pair_RC	4607182418800373432
D/1/inc/9/cyclic	4610620213835127140
D/1/inc/9/worst_zero	4474526031791660735
D/1/inc/9/c1_rel	4596772969907075616
D/1/inc/9/c0_rel	4428798736840421016
D/1/inc/9/n_zero	1
D/1/inc/9/complex_pair	0
D/1/inc/9/zeta?	1
D/1/inc/9/zeta	4607182418800017408
D/1/inc/9/root/0/re	4474526031791660735
D/1/inc/9/root/0/im	0
D/1/inc/9/root/0/abs	4474526031791660735
D/1/inc/9/root/1/re	13858184903814650024
D/1/inc/9/root/1/im	0
D/1/inc/9/root/1/abs	4634812866959874216
D/1/inc/9/root/2/re	13863464077708884314
D/1/inc/9/root/2/im	9223372036854775808
D/1/inc/9/root/2/abs	4640092040854108506
D/1/inc/10/s	4600913408118717683
D/1/inc/10/c1	4667963100795515627
D/1/inc/10/c0	4538781330535612416
D/1/inc/10/c2	13866020302720335872
D/1/inc/10/k	13834088989954679190
D/1/inc/10/pair_RC	4607182418800576068
D/1/inc/10/cyclic	4610719692406901186
D/1/inc/10/worst_zero	4477528963775869488
D/1/inc/10/c1_rel	4596833782670826003
D/1/inc/10/c0_rel	4431990106552910091
D/1/inc/10/n_zero	1
D/1/inc/10/complex_pair	0
D/1/inc/10/zeta?	1
D/1/inc/10/zeta	4607182418800017408
D/1/inc/10/root/0/re	4477528963775869488
D/1/inc/10/root/0/im	0
D/1/inc/10/root/0/abs	4477528963775869488
D/1/inc/10/root/1/re	13858257951311052648
D/1/inc/10/root/1/im	0
D/1/inc/10/root/1/abs	4634885914456276840
D/1/inc/10/root/2/re	13863427553960711770
D/1/inc/10/root/2/im	9223372036854775808
D/1/inc/10/root/2/abs	4640055517105935962
D/1/inc/11/s	4601633984059096963
D/1/inc/11/c1	4668024213482277951
D/1/inc/11/c0	4543728127668387840
D/1/inc/11/c2	13866020302720335872
D/1/inc/11/k	13834202937024764666
D/1/inc/11/pair_RC	4607182418801185108
D/1/inc/11/cyclic	4610833436150763664
D/1/inc/11/worst_zero	4482277120092829557
D/1/inc/11/c1_rel	4596903315327764470
D/1/inc/11/c0_rel	4436762644992449266
D/1/inc/11/n_zero	1
D/1/inc/11/complex_pair	0
D/1/inc/11/zeta?	1
D/1/inc/11/zeta	4607182418800017408
D/1/inc/11/root/0/re	4482277120092829557
D/1/inc/11/root/0/im	0
D/1/inc/11/root/0/abs	4482277120092829557
D/1/inc/11/root/1/re	13858343532907257946
D/1/inc/11/root/1/im	0
D/1/inc/11/root/1/abs	4634971496052482138
D/1/inc/11/root/2/re	13863384763162695612
D/1/inc/11/root/2/im	9223372036854775808
D/1/inc/11/root/2/abs	4640012726307919804
D/1/inc/12/s	4602354559999476243
D/1/inc/12/c1	4668094126247526778
D/1/inc/12/c0	4544723285661712384
D/1/inc/12/c2	13866020302720335872
D/1/inc/12/k	13834333288124529473
D/1/inc/12/pair_RC	4607182418801386434
D/1/inc/12/cyclic	4610963559621224069
D/1/inc/12/worst_zero	4483259306597610959
D/1/inc/12/c1_rel	4596982860518447580
D/1/inc/12/c0_rel	4437725307931426107
D/1/inc/12/n_zero	1
D/1/inc/12/complex_pair	0
D/1/inc/12/zeta?	1
D/1/inc/12/zeta	4607182418800017408
D/1/inc/12/root/0/re	4483259306597610959
D/1/inc/12/root/0/im	0
D/1/inc/12/root/0/abs	4483259306597610959
D/1/inc/12/root/1/re	13858444360205234344
D/1/inc/12/root/1/im	0
D/1/inc/12/root/1/abs	4635072323350458536
D/1/inc/12/root/2/re	13863334349513735999
D/1/inc/12/root/2/im	9223372036854775808
D/1/inc/12/root/2/abs	4639962312658960191
D/1/phi/rate_sum	13866020302720335872
D/1/phi/n	365
D/1/phi/n_sampled	19
D/1/phi/skipped	0
D/1/phi/n_rows	19
D/1/phi/n_zeros	1
D/1/phi/zeros/0	2
D/1/phi/max_c0_rel?	1
D/1/phi/max_c0_rel	4338246141929535347
D/1/phi/min_c1_rel?	1
D/1/phi/min_c1_rel	4431794825715948803
D/1/phi/all_complex?	1
D/1/phi/all_complex	0
D/1/phi/zeta_lo?	1
D/1/phi/zeta_lo	4607182418800017408
D/1/phi/zeta_hi?	1
D/1/phi/zeta_hi	4607182418800017408
D/1/phi/0/s	4566758108544739836
D/1/phi/0/c1	13740844077073563648
D/1/phi/0/c0	13661408298253942784
D/1/phi/0/c2	13866020302720335872
D/1/phi/0/k	4607182418800985260
D/1/phi/0/pair_RC	4607182418799127876
D/1/phi/0/cyclic	13830554455656733251
D/1/phi/0/worst_zero	4494933400736550504
D/1/phi/0/c1_rel	4446084764498193576
D/1/phi/0/c0_rel	4331337229878872943
D/1/phi/0/n_zero	2
D/1/phi/0/complex_pair	0
D/1/phi/0/zeta?	1
D/1/phi/0/zeta	4607182418800017408
D/1/phi/0/root/0/re	13718305437591326312
D/1/phi/0/root/0/im	0
D/1/phi/0/root/0/abs	4494933400736550504
D/1/phi/0/root/1/re	4495582095954935808
D/1/phi/0/root/1/im	0
D/1/phi/0/root/1/abs	4495582095954935808
D/1/phi/0/root/2/re	13866020302720486908
D/1/phi/0/root/2/im	9223372036854775808
D/1/phi/0/root/2/abs	4642648265865711100
D/1/phi/1/s	4586213658934980382
D/1/phi/1/c1	13748554846489804800
D/1/phi/1/c0	4436831074022064128
D/1/phi/1/c2	13866020302720335872
D/1/phi/1/k	4607182418800806296
D/1/phi/1/pair_RC	4607182418802707960
D/1/phi/1/cyclic	13830554455656630491
D/1/phi/1/worst_zero	4503874730669921488
D/1/phi/1/c1_rel	4454148721055160948
D/1/phi/1/c0_rel	4329874578768765309
D/1/phi/1/n_zero	2
D/1/phi/1/complex_pair	0
D/1/phi/1/zeta?	1
D/1/phi/1/zeta	4607182418800017408
D/1/phi/1/root/0/re	13727246767524697296
D/1/phi/1/root/0/im	0
D/1/phi/1/root/0/abs	4503874730669921488
D/1/phi/1/root/1/re	4504412889628540928
D/1/phi/1/root/1/im	0
D/1/phi/1/root/1/abs	4504412889628540928
D/1/phi/1/root/2/re	13866020302720837072
D/1/phi/1/root/2/im	9223372036854775808
D/1/phi/1/root/2/abs	4642648265866061264
D/1/phi/2/s	4590573143374275023
D/1/phi/2/c1	13736441862028263424
D/1/phi/2/c0	13653118026373922816
D/1/phi/2/c2	13866020302720335872
D/1/phi/2/k	4607182418800065314
D/1/phi/2/pair_RC	4607182418800802411
D/1/phi/2/cyclic	13830554455655216518
D/1/phi/2/worst_zero	4500123377938721146
D/1/phi/2/c1_rel	4441696517995311923
D/1/phi/2/c0_rel	4323200114928385970
D/1/phi/2/n_zero	2
D/1/phi/2/complex_pair	0
D/1/phi/2/zeta?	1
D/1/phi/2/zeta	4607182418800017408
D/1/phi/2/root/0/re	13723495414793496954
D/1/phi/2/root/0/im	0
D/1/phi/2/root/0/abs	4500123377938721146
D/1/phi/2/root/1/re	4500288931287269376
D/1/phi/2/root/1/im	0
D/1/phi/2/root/1/abs	4500288931287269376
D/1/phi/2/root/2/re	13866020302720412964
D/1/phi/2/root/2/im	9223372036854775808
D/1/phi/2/root/2/abs	4642648265865637156
D/1/phi/3/s	4593455447135792143
D/1/phi/3/c1	13745418543661318144
D/1/phi/3/c0	4423798210997256192
D/1/phi/3/c2	13866020302720335872
D/1/phi/3/k	4607182418800589950
D/1/phi/3/pair_RC	4607182418801428531
D/1/phi/3/cyclic	13830554455656251131
D/1/phi/3/worst_zero	4496903328810951276
D/1/phi/3/c1_rel	4450668994978267646
D/1/phi/3/c0_rel	4316943817004139850
D/1/phi/3/n_zero	2
D/1/phi/3/complex_pair	0
D/1/phi/3/zeta?	1
D/1/phi/3/zeta	4607182418800017408
D/1/phi/3/root/0/re	13720275365665727084
D/1/phi/3/root/0/im	0
D/1/phi/3/root/0/abs	4496903328810951276
D/1/phi/3/root/1/re	4498219618191540224
D/1/phi/3/root/1/im	0
D/1/phi/3/root/1/abs	4498219618191540224
D/1/phi/3/root/2/re	13866020302720642345
D/1/phi/3/root/2/im	9223372036854775808
D/1/phi/3/root/2/abs	4642648265865866537
D/1/phi/4/s	4595004685407607591
D/1/phi/4/c1	13741545965997785088
D/1/phi/4/c0	4423764033367179264
D/1/phi/4/c2	13866020302720335872
D/1/phi/4/k	4607182418800583011
D/1/phi/4/pair_RC	4607182418800600263
D/1/phi/4/cyclic	13830554455656028557
D/1/phi/4/worst_zero	4497148478182510304
D/1/phi/4/c1_rel	4446883358118641081
D/1/phi/4/c0_rel	4316902338019607970
D/1/phi/4/n_zero	2
D/1/phi/4/complex_pair	0
D/1/phi/4/zeta?	1
D/1/phi/4/zeta	4607182418800017408
D/1/phi/4/root/0/re	13720520515037286112
D/1/phi/4/root/0/im	0
D/1/phi/4/root/0/abs	4497148478182510304
D/1/phi/4/root/1/re	4497890758988136448
D/1/phi/4/root/1/im	0
D/1/phi/4/root/1/abs	4497890758988136448
D/1/phi/4/root/2/re	13866020302720508698
D/1/phi/4/root/2/im	9223372036854775808
D/1/phi/4/root/2/abs	4642648265865732890
D/1/phi/5/s	4596445837288366151
D/1/phi/5/c1	13734867007042486272
D/1/phi/5/c0	13647201742067073024
D/1/phi/5/c2	13866020302720335872
D/1/phi/5/k	4607182418800368562
D/1/phi/5/pair_RC	4607182418799972996
D/1/phi/5/cyclic	13830554455656107322
D/1/phi/5/worst_zero	4496060615441252352
D/1/phi/5/c1_rel	4440525178937932076
D/1/phi/5/c0_rel	4316982039316675564
D/1/phi/5/n_zero	2
D/1/phi/5/complex_pair	0
D/1/phi/5/zeta?	1
D/1/phi/5/zeta	4607182418800017408
D/1/phi/5/root/0/re	4496323793518262644
D/1/phi/5/root/0/im	0
D/1/phi/5/root/0/abs	4496323793518262644
D/1/phi/5/root/1/re	13719432652296028160
D/1/phi/5/root/1/im	0
D/1/phi/5/root/1/abs	4496060615441252352
D/1/phi/5/root/2/re	13866020302720397148
D/1/phi/5/root/2/im	9223372036854775808
D/1/phi/5/root/2/abs	4642648265865621340
D/1/phi/6/s	4597886989169124711
D/1/phi/6/c1	13743578985277685760
D/1/phi/6/c0	4428850951310278656
D/1/phi/6/c2	13866020302720335872
D/1/phi/6/k	4607182418800493340
D/1/phi/6/pair_RC	4607182418801038953
D/1/phi/6/cyclic	13830554455656386668
D/1/phi/6/worst_zero	4499853235618882954
D/1/phi/6/c1_rel	4449196482277105846
D/1/phi/6/c0_rel	4322113870038452705
D/1/phi/6/n_zero	2
D/1/phi/6/complex_pair	0
D/1/phi/6/zeta?	1
D/1/phi/6/zeta	4607182418800017408
D/1/phi/6/root/0/re	13723225272473658762
D/1/phi/6/root/0/im	0
D/1/phi/6/root/0/abs	4499853235618882954
D/1/phi/6/root/1/re	4500359910990544896
D/1/phi/6/root/1/im	0
D/1/phi/6/root/1/abs	4500359910990544896
D/1/phi/6/root/2/re	13866020302720571812
D/1/phi/6/root/2/im	9223372036854775808
D/1/phi/6/root/2/abs	4642648265865796004
D/1/phi/7/s	4598751680297579843
D/1/phi/7/c1	4512765111202480128
D/1/phi/7/c0	4441437004846071808
D/1/phi/7/c2	13866020302720335872
D/1/phi/7/k	4607182418799424326
D/1/phi/7/pair_RC	4607182418800314816
D/1/phi/7/cyclic	13830554455654412360
D/1/phi/7/worst_zero	4506254406005053512
D/1/phi/7/c1_rel	4441349821210521181
D/1/phi/7/c0_rel	4334502370568410147
D/1/phi/7/n_zero	2
D/1/phi/7/complex_pair	0
D/1/phi/7/zeta?	1
D/1/phi/7/zeta	4607182418800017408
D/1/phi/7/root/0/re	4506254406005053512
D/1/phi/7/root/0/im	0
D/1/phi/7/root/0/abs	4506254406005053512
D/1/phi/7/root/1/re	13729704141209468928
D/1/phi/7/root/1/im	0
D/1/phi/7/root/1/abs	4506332104354693120
D/1/phi/7/root/2/re	13866020302720263510
D/1/phi/7/root/2/im	9223372036854775808
D/1/phi/7/root/2/abs	4642648265865487702
D/1/phi/8/s	4599472256237959123
D/1/phi/8/c1	4521984725312602112
D/1/phi/8/c0	4427628631870668800
D/1/phi/8/c2	13866020302720335872
D/1/phi/8/k	4607182418799250366
D/1/phi/8/pair_RC	4607182418797290710
D/1/phi/8/cyclic	13830554455654347849
D/1/phi/8/worst_zero	4499224831215893670
D/1/phi/8/c1_rel	4450598701367384546
D/1/phi/8/c0_rel	4320630426949669899
D/1/phi/8/n_zero	2
D/1/phi/8/complex_pair	0
D/1/phi/8/zeta?	1
D/1/phi/8/zeta	4607182418800017408
D/1/phi/8/root/0/re	4499224831215893670
D/1/phi/8/root/0/im	0
D/1/phi/8/root/0/abs	4499224831215893670
D/1/phi/8/root/1/re	13723246774380920832
D/1/phi/8/root/1/im	0
D/1/phi/8/root/1/abs	4499874737526145024
D/1/phi/8/root/2/re	13866020302720033236
D/1/phi/8/root/2/im	9223372036854775808
D/1/phi/8/root/2/abs	4642648265865257428
D/1/phi/9/s	4600192832178338403
D/1/phi/9/c1	13746421089288847360
D/1/phi/9/c0	13663793439249006592
D/1/phi/9/c2	13866020302720335872
D/1/phi/9/k	4607182418800510972
D/1/phi/9/pair_RC	4607182418802183772
D/1/phi/9/cyclic	13830554455656602802
D/1/phi/9/worst_zero	4505248920998289844
D/1/phi/9/c1_rel	4451809669114478665
D/1/phi/9/c0_rel	4333347374595871915
D/1/phi/9/n_zero	2
D/1/phi/9/complex_pair	0
D/1/phi/9/zeta?	1
D/1/phi/9/zeta	4607182418800017408
D/1/phi/9/root/0/re	13728620957853065652
D/1/phi/9/root/0/im	0
D/1/phi/9/root/0/abs	4505248920998289844
D/1/phi/9/root/1/re	4505644829593567232
D/1/phi/9/root/1/im	0
D/1/phi/9/root/1/abs	4505644829593567232
D/1/phi/9/root/2/re	13866020302720704591
D/1/phi/9/root/2/im	9223372036854775808
D/1/phi/9/root/2/abs	4642648265865928783
D/1/phi/10/s	4600913408118717683
D/1/phi/10/c1	4505291636179206144
D/1/phi/10/c0	4410337488271310848
D/1/phi/10/c2	13866020302720335872
D/1/phi/10/k	4607182418800155592
D/1/phi/10/pair_RC	4607182418799458454
D/1/phi/10/cyclic	13830554455655931424
D/1/phi/10/worst_zero	4490769203422903091
D/1/phi/10/c1_rel	4434087659303582652
D/1/phi/10/c0_rel	4303493792028889555
D/1/phi/10/n_zero	2
D/1/phi/10/complex_pair	0
D/1/phi/10/zeta?	1
D/1/phi/10/zeta	4607182418800017408
D/1/phi/10/root/0/re	4490769203422903091
D/1/phi/10/root/0/im	0
D/1/phi/10/root/0/abs	4490769203422903091
D/1/phi/10/root/1/re	13714347763204882432
D/1/phi/10/root/1/im	0
D/1/phi/10/root/1/abs	4490975726350106624
D/1/phi/10/root/2/re	13866020302720311830
D/1/phi/10/root/2/im	9223372036854775808
D/1/phi/10/root/2/abs	4642648265865536022
D/1/phi/11/s	4601633984059096963
D/1/phi/11/c1	13726325310301929472
D/1/phi/11/c0	4419805825816592384
D/1/phi/11/c2	13866020302720335872
D/1/phi/11/k	4607182418798920000
D/1/phi/11/pair_RC	4607182418801561999
D/1/phi/11/cyclic	13830554455654429973
D/1/phi/11/worst_zero	4495545861636620411
D/1/phi/11/c1_rel	4431794825715948803
D/1/phi/11/c0_rel	4313060642376387308
D/1/phi/11/n_zero	2
D/1/phi/11/complex_pair	0
D/1/phi/11/zeta?	1
D/1/phi/11/zeta	4607182418800017408
D/1/phi/11/root/0/re	13718917898491396219
D/1/phi/11/root/0/im	0
D/1/phi/11/root/0/abs	4495545861636620411
D/1/phi/11/root/1/re	4495615536570302464
D/1/phi/11/root/1/im	0
D/1/phi/11/root/1/abs	4495615536570302464
D/1/phi/11/root/2/re	13866020302720352094
D/1/phi/11/root/2/im	9223372036854775808
D/1/phi/11/root/2/abs	4642648265865576286
D/1/phi/12/s	4602354559999476243
D/1/phi/12/c1	13739570758588301312
D/1/phi/12/c0	13659753908405272576
D/1/phi/12/c2	13866020302720335872
D/1/phi/12/k	4607182418800467334
D/1/phi/12/pair_RC	4607182418800301668
D/1/phi/12/cyclic	13830554455656724502
D/1/phi/12/worst_zero	4505825189329174442
D/1/phi/12/c1_rel	4445154669592483958
D/1/phi/12/c0_rel	4329329413339568300
D/1/phi/12/n_zero	2
D/1/phi/12/complex_pair	0
D/1/phi/12/zeta?	1
D/1/phi/12/zeta	4607182418800017408
D/1/phi/12/root/0/re	13729197226183950250
D/1/phi/12/root/0/im	0
D/1/phi/12/root/0/abs	4505825189329174442
D/1/phi/12/root/1/re	4505960114552832000
D/1/phi/12/root/1/im	0
D/1/phi/12/root/1/abs	4505960114552832000
D/1/phi/12/root/2/re	13866020302720461531
D/1/phi/12/root/2/im	9223372036854775808
D/1/phi/12/root/2/abs	4642648265865685723
D/1/phi/13/s	4602876977556251217
D/1/phi/13/c1	4525235152267247616
D/1/phi/13/c0	4440283444032831488
D/1/phi/13/c2	13866020302720335872
D/1/phi/13/k	4607182418798256072
D/1/phi/13/pair_RC	4607182418796441656
D/1/phi/13/cyclic	13830554455653551547
D/1/phi/13/worst_zero	4505311009631705046
D/1/phi/13/c1_rel	4454178498197045321
D/1/phi/13/c0_rel	4333263659418347246
D/1/phi/13/n_zero	2
D/1/phi/13/complex_pair	0
D/1/phi/13/zeta?	1
D/1/phi/13/zeta	4607182418800017408
D/1/phi/13/root/0/re	4505311009631705046
D/1/phi/13/root/0/im	0
D/1/phi/13/root/0/abs	4505311009631705046
D/1/phi/13/root/1/re	13729224695083958272
D/1/phi/13/root/1/im	0
D/1/phi/13/root/1/abs	4505852658229182464
D/1/phi/13/root/2/re	13866020302719831422
D/1/phi/13/root/2/im	9223372036854775808
D/1/phi/13/root/2/abs	4642648265865055614
D/1/phi/14/s	4603237265526440857
D/1/phi/14/c1	4519064408470585344
D/1/phi/14/c0	13668686562129346560
D/1/phi/14/c2	13866020302720335872
D/1/phi/14/k	4607182418798448522
D/1/phi/14/pair_RC	4607182418800450205
D/1/phi/14/cyclic	13830554455653948703
D/1/phi/14/worst_zero	4504190507463759234
D/1/phi/14/c1_rel	4447896525709127625
D/1/phi/14/c0_rel	4338246141929535347
D/1/phi/14/n_zero	2
D/1/phi/14/complex_pair	0
D/1/phi/14/zeta?	1
D/1/phi/14/zeta	4607182418800017408
D/1/phi/14/root/0/re	4504190507463759234
D/1/phi/14/root/0/im	0
D/1/phi/14/root/0/abs	4504190507463759234
D/1/phi/14/root/1/re	13727777796837605376
D/1/phi/14/root/1/im	0
D/1/phi/14/root/1/abs	4504405759982829568
D/1/phi/14/root/2/re	13866020302720135402
D/1/phi/14/root/2/im	9223372036854775808
D/1/phi/14/root/2/abs	4642648265865359594
D/1/phi/15/s	4603597553496630497
D/1/phi/15/c1	4519287769050120192
D/1/phi/15/c0	13663737589796962304
D/1/phi/15/c2	13866020302720335872
D/1/phi/15/k	4607182418799808192
D/1/phi/15/pair_RC	4607182418798042593
D/1/phi/15/cyclic	13830554455655903369
D/1/phi/15/worst_zero	4513437635837952000
D/1/phi/15/c1_rel	4448150660412953941
D/1/phi/15/c0_rel	4333313484320972152
D/1/phi/15/n_zero	2
D/1/phi/15/complex_pair	0
D/1/phi/15/zeta?	1
D/1/phi/15/zeta	4607182418800017408
D/1/phi/15/root/0/re	13736865347229511910
D/1/phi/15/root/0/im	0
D/1/phi/15/root/0/abs	4513493310374736102
D/1/phi/15/root/1/re	4513437635837952000
D/1/phi/15/root/1/im	0
D/1/phi/15/root/1/abs	4513437635837952000
D/1/phi/15/root/2/re	13866020302720128468
D/1/phi/15/root/2/im	9223372036854775808
D/1/phi/15/root/2/abs	4642648265865352660
D/1/phi/16/s	4603957841466820137
D/1/phi/16/c1	4524137434190970880
D/1/phi/16/c0	13662353613899431936
D/1/phi/16/c2	13866020302720335872
D/1/phi/16/k	4607182418797348739
D/1/phi/16/pair_RC	4607182418799559922
D/1/phi/16/cyclic	13830554455652187169
D/1/phi/16/worst_zero	4496202390164209664
D/1/phi/16/c1_rel	4453048005691217456
D/1/phi/16/c0_rel	4332473667243004095
D/1/phi/16/n_zero	2
D/1/phi/16/complex_pair	0
D/1/phi/16/zeta?	1
D/1/phi/16/zeta	4607182418800017408
D/1/phi/16/root/0/re	13721448294487737280
D/1/phi/16/root/0/im	0
D/1/phi/16/root/0/abs	4498076257632961472
D/1/phi/16/root/1/re	4496202390164209664
D/1/phi/16/root/1/im	0
D/1/phi/16/root/1/abs	4496202390164209664
D/1/phi/16/root/2/re	13866020302719899578
D/1/phi/16/root/2/im	9223372036854775808
D/1/phi/16/root/2/abs	4642648265865123770
D/1/phi/17/s	4604318129437009777
D/1/phi/17/c1	13742104086797352960
D/1/phi/17/c0	4427471526924648448
D/1/phi/17/c2	13866020302720335872
D/1/phi/17/k	4607182418799944018
D/1/phi/17/pair_RC	4607182418801967528
D/1/phi/17/cyclic	13830554455656360339
D/1/phi/17/worst_zero	4499262345477043968
D/1/phi/17/c1_rel	4447518375561704971
D/1/phi/17/c0_rel	4320439759732218236
D/1/phi/17/n_zero	2
D/1/phi/17/complex_pair	0
D/1/phi/17/zeta?	1
D/1/phi/17/zeta	4607182418800017408
D/1/phi/17/root/0/re	13722634382331819776
D/1/phi/17/root/0/im	0
D/1/phi/17/root/0/abs	4499262345477043968
D/1/phi/17/root/1/re	4499670693293588480
D/1/phi/17/root/1/im	0
D/1/phi/17/root/1/abs	4499670693293588480
D/1/phi/17/root/2/re	13866020302720526024
D/1/phi/17/root/2/im	9223372036854775808
D/1/phi/17/root/2/abs	4642648265865750216
D/1/phi/18/s	4604678417407199417
D/1/phi/18/c1	4522952399832219648
D/1/phi/18/c0	4444318153341665280
D/1/phi/18/c2	13866020302720335872
D/1/phi/18/k	4607182418797536070
D/1/phi/18/pair_RC	4607182418800148934
D/1/phi/18/cyclic	13830554455653709739
D/1/phi/18/worst_zero	4507818561839131755
D/1/phi/18/c1_rel	4451699699931927165
D/1/phi/18/c0_rel	4337482729453906433
D/1/phi/18/n_zero	2
D/1/phi/18/complex_pair	0
D/1/phi/18/zeta?	1
D/1/phi/18/zeta	4607182418800017408
D/1/phi/18/root/0/re	4507818561839131755
D/1/phi/18/root/0/im	0
D/1/phi/18/root/0/abs	4507818561839131755
D/1/phi/18/root/1/re	13731527663795830784
D/1/phi/18/root/1/im	0
D/1/phi/18/root/1/abs	4508155626941054976
D/1/phi/18/root/2/re	13866020302719973154
D/1/phi/18/root/2/im	9223372036854775808
D/1/phi/18/root/2/abs	4642648265865197346
D/2/tau/0	4602678819172646912
D/2/tau/1	4587366580439587226
D/2/tau/2	4587366580439587226
D/2/inc/rate_sum	13854479828675198976
D/2/inc/n	114
D/2/inc/n_sampled	6
D/2/inc/skipped	1
D/2/inc/n_rows	5
D/2/inc/n_zeros	1
D/2/inc/zeros/0	1
D/2/inc/max_c0_rel?	1
D/2/inc/max_c0_rel	4436049241901165784
D/2/inc/min_c1_rel?	1
D/2/inc/min_c1_rel	4604267163383241305
D/2/inc/all_complex?	1
D/2/inc/all_complex	1
D/2/inc/zeta_lo?	1
D/2/inc/zeta_lo	4603431900101570656
D/2/inc/zeta_hi?	1
D/2/inc/zeta_hi	4603651386928128903
D/2/inc/0/s	4586213658934980382
D/2/inc/0/c1	4652961978009911474
D/2/inc/0/c0	4508694995846299648
D/2/inc/0/c2	13854479828675198976
D/2/inc/0/k	13833798553878891648
D/2/inc/0/pair_RC	4607182418800572418
D/2/inc/0/cyclic	4610475062651913879
D/2/inc/0/worst_zero	4462806663307407575
D/2/inc/0/c1_rel	4604267163383241305
D/2/inc/0/c0_rel	4436049241901165784
D/2/inc/0/n_zero	1
D/2/inc/0/complex_pair	1
D/2/inc/0/zeta?	1
D/2/inc/0/zeta	4603651386928128903
D/2/inc/0/root/0/re	4462806663307407575
D/2/inc/0/root/0/im	0
D/2/inc/0/root/0/abs	4462806663307407575
D/2/inc/0/root/1/re	13849976229047860300
D/2/inc/0/root/1/im	4628412340546521156
D/2/inc/0/root/1/abs	4630058002285015910
D/2/inc/0/root/2/re	13849976229047860300
D/2/inc/0/root/2/im	13851784377401296964
D/2/inc/0/root/2/abs	4630058002285015910
D/2/inc/1/s	4590573143374275023
D/2/inc/1/c1	4653056659551684783
D/2/inc/1/c0	4506659426295349248
D/2/inc/1/c2	13854479828675198976
D/2/inc/1/k	13834009827342740088
D/2/inc/1/pair_RC	4607182418800420797
D/2/inc/1/cyclic	4610675242853097518
D/2/inc/1/worst_zero	4460436578262923878
D/2/inc/1/c1_rel	4604377088438542744
D/2/inc/1/c0_rel	4433728786900297116
D/2/inc/1/n_zero	1
D/2/inc/1/complex_pair	1
D/2/inc/1/zeta?	1
D/2/inc/1/zeta	4603602638775489381
D/2/inc/1/root/0/re	4460436578262923878
D/2/inc/1/root/0/im	0
D/2/inc/1/root/0/abs	4460436578262923878
D/2/inc/1/root/1/re	13849976229047851678
D/2/inc/1/root/1/im	4628522041911888942
D/2/inc/1/root/1/abs	4630101664618273203
D/2/inc/1/root/2/re	13849976229047851678
D/2/inc/1/root/2/im	13851894078766664750
D/2/inc/1/root/2/abs	4630101664618273203
D/2/inc/2/s	4593455447135792143
D/2/inc/2/c1	4653160436666853557
D/2/inc/2/c0	13709878313936224256
D/2/inc/2/c2	13854479828675198976
D/2/inc/2/k	13834236408625422128
D/2/inc/2/pair_RC	4607182418799974853
D/2/inc/2/cyclic	4610883568576447544
D/2/inc/2/worst_zero	4440514542082908859
D/2/inc/2/c1_rel	4604497573433931434
D/2/inc/2/c0_rel	4413822514319915775
D/2/inc/2/n_zero	1
D/2/inc/2/complex_pair	1
D/2/inc/2/zeta?	1
D/2/inc/2/zeta	4603550674895860588
D/2/inc/2/root/0/re	13663886578937684667
D/2/inc/2/root/0/im	0
D/2/inc/2/root/0/abs	4440514542082908859
D/2/inc/2/root/1/re	13849976229047827460
D/2/inc/2/root/1/im	4628640542460254323
D/2/inc/2/root/1/abs	4630149079186606278
D/2/inc/2/root/2/re	13849976229047827460
D/2/inc/2/root/2/im	13852012579315030131
D/2/inc/2/root/2/abs	4630149079186606278
D/2/inc/3/s	4595004685407607591
D/2/inc/3/c1	4653278119475925892
D/2/inc/3/c0	4500695069937893376
D/2/inc/3/c2	13854479828675198976
D/2/inc/3/k	13834501893183473204
D/2/inc/3/pair_RC	4607182418800173913
D/2/inc/3/cyclic	4611138792048791731
D/2/inc/3/worst_zero	4454496635593273783
D/2/inc/3/c1_rel	4604634202908409972
D/2/inc/3/c0_rel	4427933046129112841
D/2/inc/3/n_zero	1
D/2/inc/3/complex_pair	1
D/2/inc/3/zeta?	1
D/2/inc/3/zeta	4603493516420959040
D/2/inc/3/root/0/re	4454496635593273783
D/2/inc/3/root/0/im	0
D/2/inc/3/root/0/abs	4454496635593273783
D/2/inc/3/root/1/re	13849976229047837466
D/2/inc/3/root/1/im	4628772818919162132
D/2/inc/3/root/1/abs	4630202303694916043
D/2/inc/3/root/2/re	13849976229047837466
D/2/inc/3/root/2/im	13852144855773937940
D/2/inc/3/root/2/abs	4630202303694916043
D/2/inc/4/s	4596445837288366151
D/2/inc/4/c1	4653409304670515129
D/2/inc/4/c0	4508428041474539520
D/2/inc/4/c2	13854479828675198976
D/2/inc/4/k	13834802706173415888
D/2/inc/4/pair_RC	4607182418800505718
D/2/inc/4/cyclic	4611434116362203827
D/2/inc/4/worst_zero	4461697325387670715
D/2/inc/4/c1_rel	4604786508621855980
D/2/inc/4/c0_rel	4435580571344831412
D/2/inc/4/n_zero	1
D/2/inc/4/complex_pair	1
D/2/inc/4/zeta?	1
D/2/inc/4/zeta	4603431900101570656
D/2/inc/4/root/0/re	4461697325387670715
D/2/inc/4/root/0/im	0
D/2/inc/4/root/0/abs	4461697325387670715
D/2/inc/4/root/1/re	13849976229047856264
D/2/inc/4/root/1/im	4628917764996332013
D/2/inc/4/root/1/abs	4630260975635240323
D/2/inc/4/root/2/re	13849976229047856264
D/2/inc/4/root/2/im	13852289801851107821
D/2/inc/4/root/2/abs	4630260975635240323
D/2/phi/rate_sum	13854479828675198976
D/2/phi/n	160
D/2/phi/n_sampled	8
D/2/phi/skipped	1
D/2/phi/n_rows	7
D/2/phi/n_zeros	1
D/2/phi/zeros/0	2
D/2/phi/max_c0_rel?	1
D/2/phi/max_c0_rel	4337639210960497730
D/2/phi/min_c1_rel?	1
D/2/phi/min_c1_rel	4430508462483774875
D/2/phi/all_complex?	1
D/2/phi/all_complex	0
D/2/phi/zeta_lo?	1
D/2/phi/zeta_lo	4607182418800017408
D/2/phi/zeta_hi?	1
D/2/phi/zeta_hi	4607182418800017408
D/2/phi/0/s	4586213658934980382
D/2/phi/0/c1	13718070325176958976
D/2/phi/0/c0	13629696065342013440
D/2/phi/0/c2	13854479828675198976
D/2/phi/0/k	4607182418800486156
D/2/phi/0/pair_RC	4607182418800162662
D/2/phi/0/cyclic	13830554455656156274
D/2/phi/0/worst_zero	4474434651947008000
D/2/phi/0/c1_rel	4445900805002059423
D/2/phi/0/c0_rel	4333538393327189494
D/2/phi/0/n_zero	2
D/2/phi/0/complex_pair	0
D/2/phi/0/zeta?	1
D/2/phi/0/zeta	4607182418800017408
D/2/phi/0/root/0/re	4477262326647288672
D/2/phi/0/root/0/im	0
D/2/phi/0/root/0/abs	4477262326647288672
D/2/phi/0/root/1/re	13697806688801783808
D/2/phi/0/root/1/im	0
D/2/phi/0/root/1/abs	4474434651947008000
D/2/phi/0/root/2/re	13854479828675301188
D/2/phi/0/root/2/im	9223372036854775808
D/2/phi/0/root/2/abs	4631107791820525380
D/2/phi/1/s	4590573143374275023
D/2/phi/1/c1	13719689532142518272
D/2/phi/1/c0	13626760562332401664
D/2/phi/1/c2	13854479828675198976
D/2/phi/1/k	4607182418800403808
D/2/phi/1/pair_RC	4607182418801229185
D/2/phi/1/cyclic	13830554455656021313
D/2/phi/1/worst_zero	4497813014085856900
D/2/phi/1/c1_rel	4447780700617402642
D/2/phi/1/c0_rel	4330421884455966221
D/2/phi/1/n_zero	2
D/2/phi/1/complex_pair	0
D/2/phi/1/zeta?	1
D/2/phi/1/zeta	4607182418800017408
D/2/phi/1/root/0/re	13721185050940632708
D/2/phi/1/root/0/im	0
D/2/phi/1/root/0/abs	4497813014085856900
D/2/phi/1/root/1/re	4497961315637133312
D/2/phi/1/root/1/im	0
D/2/phi/1/root/1/abs	4497961315637133312
D/2/phi/1/root/2/re	13854479828675337093
D/2/phi/1/root/2/im	9223372036854775808
D/2/phi/1/root/2/abs	4631107791820561285
D/2/phi/2/s	4593455447135792143
D/2/phi/2/c1	4478942340383244288
D/2/phi/2/c0	13627548055975755776
D/2/phi/2/c2	13854479828675198976
D/2/phi/2/k	4607182418797455778
D/2/phi/2/pair_RC	4607182418801214559
D/2/phi/2/cyclic	13830554455651565799
D/2/phi/2/worst_zero	4479419519839764480
D/2/phi/2/c1_rel	4430508462483774875
D/2/phi/2/c0_rel	4331118477472525652
D/2/phi/2/n_zero	2
D/2/phi/2/complex_pair	0
D/2/phi/2/zeta?	1
D/2/phi/2/zeta	4607182418800017408
D/2/phi/2/root/0/re	13702955082507062896
D/2/phi/2/root/0/im	0
D/2/phi/2/root/0/abs	4479583045652287088
D/2/phi/2/root/1/re	4479419519839764480
D/2/phi/2/root/1/im	0
D/2/phi/2/root/1/abs	4479419519839764480
D/2/phi/2/root/2/re	13854479828675189458
D/2/phi/2/root/2/im	9223372036854775808
D/2/phi/2/root/2/abs	4631107791820413650
D/2/phi/3/s	4595004685407607591
D/2/phi/3/c1	13718016427632361472
D/2/phi/3/c0	13633576135416610816
D/2/phi/3/c2	13854479828675198976
D/2/phi/3/k	4607182418798739812
D/2/phi/3/pair_RC	4607182418801699234
D/2/phi/3/cyclic	13830554455654059570
D/2/phi/3/worst_zero	4503047272018338434
D/2/phi/3/c1_rel	4445838230074998375
D/2/phi/3/c0_rel	4337490437604563510
D/2/phi/3/n_zero	2
D/2/phi/3/complex_pair	0
D/2/phi/3/zeta?	1
D/2/phi/3/zeta	4607182418800017408
D/2/phi/3/root/0/re	13726419308873114242
D/2/phi/3/root/0/im	0
D/2/phi/3/root/0/abs	4503047272018338434
D/2/phi/3/root/1/re	4503101504848134144
D/2/phi/3/root/1/im	0
D/2/phi/3/root/1/abs	4503101504848134144
D/2/phi/3/root/2/re	13854479828675299992
D/2/phi/3/root/2/im	9223372036854775808
D/2/phi/3/root/2/abs	4631107791820524184
D/2/phi/4/s	4596445837288366151
D/2/phi/4/c1	13720782847206227968
D/2/phi/4/c0	13633744322678489088
D/2/phi/4/c2	13854479828675198976
D/2/phi/4/k	4607182418800739418
D/2/phi/4/pair_RC	4607182418800566343
D/2/phi/4/cyclic	13830554455657072570
D/2/phi/4/worst_zero	4492291407723396652
D/2/phi/4/c1_rel	4449050036927197119
D/2/phi/4/c0_rel	4337639210960497730
D/2/phi/4/n_zero	2
D/2/phi/4/complex_pair	0
D/2/phi/4/zeta?	1
D/2/phi/4/zeta	4607182418800017408
D/2/phi/4/root/0/re	13715663444578172460
D/2/phi/4/root/0/im	0
D/2/phi/4/root/0/abs	4492291407723396652
D/2/phi/4/root/1/re	4492640073421946880
D/2/phi/4/root/1/im	0
D/2/phi/4/root/1/abs	4492640073421946880
D/2/phi/4/root/2/re	13854479828675361336
D/2/phi/4/root/2/im	9223372036854775808
D/2/phi/4/root/2/abs	4631107791820585528
D/2/phi/5/s	4597886989169124711
D/2/phi/5/c1	13713596189025239040
D/2/phi/5/c0	13633639650122792960
D/2/phi/5/c2	13854479828675198976
D/2/phi/5/k	4607182418800115650
D/2/phi/5/pair_RC	4607182418800858267
D/2/phi/5/cyclic	13830554455656434035
D/2/phi/5/worst_zero	4501209054053439058
D/2/phi/5/c1_rel	4441431412403108625
D/2/phi/5/c0_rel	4337546620789213561
D/2/phi/5/n_zero	2
D/2/phi/5/complex_pair	0
D/2/phi/5/zeta?	1
D/2/phi/5/zeta	4607182418800017408
D/2/phi/5/root/0/re	13724581090908214866
D/2/phi/5/root/0/im	0
D/2/phi/5/root/0/abs	4501209054053439058
D/2/phi/5/root/1/re	4501236666555432960
D/2/phi/5/root/1/im	0
D/2/phi/5/root/1/abs	4501236666555432960
D/2/phi/5/root/2/re	13854479828675250408
D/2/phi/5/root/2/im	9223372036854775808
D/2/phi/5/root/2/abs	4631107791820474600
D/2/phi/6/s	4598751680297579843
D/2/phi/6/c1	13712998774106750976
D/2/phi/6/c0	4410367578547945472
D/2/phi/6/c2	13854479828675198976
D/2/phi/6/k	4607182418799511060
D/2/phi/6/pair_RC	4607182418800169720
D/2/phi/6/cyclic	13830554455655751735
D/2/phi/6/worst_zero	4496398016889864182
D/2/phi/6/c1_rel	4441006058476248995
D/2/phi/6/c0_rel	4337635047046979764
D/2/phi/6/n_zero	2
D/2/phi/6/complex_pair	0
D/2/phi/6/zeta?	1
D/2/phi/6/zeta	4607182418800017408
D/2/phi/6/root/0/re	13719770053744639990
D/2/phi/6/root/0/im	0
D/2/phi/6/root/0/abs	4496398016889864182
D/2/phi/6/root/1/re	4496448880484810752
D/2/phi/6/root/1/im	0
D/2/phi/6/root/1/abs	4496448880484810752
D/2/phi/6/root/2/re	13854479828675246346
D/2/phi/6/root/2/im	9223372036854775808
D/2/phi/6/root/2/abs	4631107791820470538
D/3/tau/0	4587366580439587226
D/3/tau/1	4581421828931458171
D/3/tau/2	4591870180066957722
D/3/inc/rate_sum	13858701953325858816
D/3/inc/n	113
D/3/inc/n_sampled	6
D/3/inc/skipped	1
D/3/inc/n_rows	5
D/3/inc/n_zeros	1
D/3/inc/zeros/0	1
D/3/inc/max_c0_rel?	1
D/3/inc/max_c0_rel	4446109558348915409
D/3/inc/min_c1_rel?	1
D/3/inc/min_c1_rel	4598991009027593932
D/3/inc/all_complex?	1
D/3/inc/all_complex	1
D/3/inc/zeta_lo?	1
D/3/inc/zeta_lo	4606186419458339960
D/3/inc/zeta_hi?	1
D/3/inc/zeta_hi	4606463010296463140
D/3/inc/0/s	4586213658934980382
D/3/inc/0/c1	4656026360930239390
D/3/inc/0/c0	13738639165552066560
D/3/inc/0/c2	13858701953325858816
D/3/inc/0/k	13833715025918691288
D/3/inc/0/pair_RC	4607182418799760236
D/3/inc/0/cyclic	4610364376023766924
D/3/inc/0/worst_zero	4466327131901097229
D/3/inc/0/c1_rel	4598991009027593932
D/3/inc/0/c0_rel	4429870669418037510
D/3/inc/0/n_zero	1
D/3/inc/0/complex_pair	1
D/3/inc/0/zeta?	1
D/3/inc/0/zeta	4606463010296463140
D/3/inc/0/root/0/re	13689699168755873037
D/3/inc/0/root/0/im	0
D/3/inc/0/root/0/abs	4466327131901097229
D/3/inc/0/root/1/re	13854198353698460077
D/3/inc/0/root/1/im	4625485130927622817
D/3/inc/0/root/1/abs	4631314976603230863
D/3/inc/0/root/2/re	13854198353698460077
D/3/inc/0/root/2/im	13848857167782398625
D/3/inc/0/root/2/abs	4631314976603230863
D/3/inc/1/s	4590573143374275023
D/3/inc/1/c1	4656137414836206300
D/3/inc/1/c0	4528862733419937792
D/3/inc/1/c2	13858701953325858816
D/3/inc/1/k	13833873090479390052
D/3/inc/1/pair_RC	4607182418801027639
D/3/inc/1/cyclic	4610512193889974586
D/3/inc/1/worst_zero	4479826259327650109
D/3/inc/1/c1_rel	4599062083527412754
D/3/inc/1/c0_rel	4443468309480857403
D/3/inc/1/n_zero	1
D/3/inc/1/complex_pair	1
D/3/inc/1/zeta?	1
D/3/inc/1/zeta	4606408190783075321
D/3/inc/1/root/0/re	4479826259327650109
D/3/inc/1/root/0/im	0
D/3/inc/1/root/0/abs	4479826259327650109
D/3/inc/1/root/1/re	13854198353698713928
D/3/inc/1/root/1/im	4625689516500443811
D/3/inc/1/root/1/abs	4631355714571081177
D/3/inc/1/root/2/re	13854198353698713928
D/3/inc/1/root/2/im	13849061553355219619
D/3/inc/1/root/2/abs	4631355714571081177
D/3/inc/2/s	4593455447135792143
D/3/inc/2/c1	4656272516962869617
D/3/inc/2/c0	4522735058120867840
D/3/inc/2/c2	13858701953325858816
D/3/inc/2/k	13834068440810701659
D/3/inc/2/pair_RC	4607182418800402298
D/3/inc/2/cyclic	4610702213071997387
D/3/inc/2/worst_zero	4473490898943741152
D/3/inc/2/c1_rel	4599148548888477277
D/3/inc/2/c0_rel	4437301656365666664
D/3/inc/2/n_zero	1
D/3/inc/2/complex_pair	1
D/3/inc/2/zeta?	1
D/3/inc/2/zeta	4606342944471890530
D/3/inc/2/root/0/re	4473490898943741152
D/3/inc/2/root/0/im	0
D/3/inc/2/root/0/abs	4473490898943741152
D/3/inc/2/root/1/re	13854198353698574468
D/3/inc/2/root/1/im	4625927411547931522
D/3/inc/2/root/1/abs	4631404913745837759
D/3/inc/2/root/2/re	13854198353698574468
D/3/inc/2/root/2/im	13849299448402707330
D/3/inc/2/root/2/abs	4631404913745837759
D/3/inc/3/s	4595004685407607591
D/3/inc/3/c1	4656430302524121626
D/3/inc/3/c0	4531547631133917184
D/3/inc/3/c2	13858701953325858816
D/3/inc/3/k	13834298127943143772
D/3/inc/3/pair_RC	4607182418801480356
D/3/inc/3/cyclic	4610929262127602178
D/3/inc/3/worst_zero	4482189780525903704
D/3/inc/3/c1_rel	4599249531647678563
D/3/inc/3/c0_rel	4446109558348915409
D/3/inc/3/n_zero	1
D/3/inc/3/complex_pair	1
D/3/inc/3/zeta?	1
D/3/inc/3/zeta	4606268672354292349
D/3/inc/3/root/0/re	4482189780525903704
D/3/inc/3/root/0/im	0
D/3/inc/3/root/0/abs	4482189780525903704
D/3/inc/3/root/1/re	13854198353698814967
D/3/inc/3/root/1/im	4626192235541262730
D/3/inc/3/root/1/abs	4631461884297421522
D/3/inc/3/root/2/re	13854198353698814967
D/3/inc/3/root/2/im	13849564272396038538
D/3/inc/3/root/2/abs	4631461884297421522
D/3/inc/4/s	4596445837288366151
D/3/inc/4/c1	4656610189237705500
D/3/inc/4/c0	4520989048923226112
D/3/inc/4/c2	13858701953325858816
D/3/inc/4/k	13834560419673210380
D/3/inc/4/pair_RC	4607182418800293871
D/3/inc/4/cyclic	4611189554582649520
D/3/inc/4/worst_zero	4471554827558629253
D/3/inc/4/c1_rel	4599364659144372242
D/3/inc/4/c0_rel	4435621829338338427
D/3/inc/4/n_zero	1
D/3/inc/4/complex_pair	1
D/3/inc/4/zeta?	1
D/3/inc/4/zeta	4606186419458339960
D/3/inc/4/root/0/re	4471554827558629253
D/3/inc/4/root/0/im	0
D/3/inc/4/root/0/abs	4471554827558629253
D/3/inc/4/root/1/re	13854198353698550075
D/3/inc/4/root/1/im	4626479386392787460
D/3/inc/4/root/1/abs	4631526209230802108
D/3/inc/4/root/2/re	13854198353698550075
D/3/inc/4/root/2/im	13849851423247563268
D/3/inc/4/root/2/abs	4631526209230802108
D/3/phi/rate_sum	13858701953325858816
D/3/phi/n	247
D/3/phi/n_sampled	13
D/3/phi/skipped	1
D/3/phi/n_rows	12
D/3/phi/n_zeros	1
D/3/phi/zeros/0	2
D/3/phi/max_c0_rel?	1
D/3/phi/max_c0_rel	4346053103818943496
D/3/phi/min_c1_rel?	1
D/3/phi/min_c1_rel	4430540290278733906
D/3/phi/all_complex?	1
D/3/phi/all_complex	0
D/3/phi/zeta_lo?	1
D/3/phi/zeta_lo	4607182418800017408
D/3/phi/zeta_hi?	1
D/3/phi/zeta_hi	4607182418800017408
D/3/phi/0/s	4586213658934980382
D/3/phi/0/c1	4503608034768977920
D/3/phi/0/c0	4430993092077682688
D/3/phi/0/c2	13858701953325858816
D/3/phi/0/k	4607182418800214376
D/3/phi/0/pair_RC	4607182418798651752
D/3/phi/0/cyclic	13830554455655596841
D/3/phi/0/worst_zero	4504588233594503154
D/3/phi/0/c1_rel	4446324601580400148
D/3/phi/0/c0_rel	4345627697349639799
D/3/phi/0/n_zero	2
D/3/phi/0/complex_pair	0
D/3/phi/0/zeta?	1
D/3/phi/0/zeta	4607182418800017408
D/3/phi/0/root/0/re	4504588233594503154
D/3/phi/0/root/0/im	0
D/3/phi/0/root/0/abs	4504588233594503154
D/3/phi/0/root/1/re	13728016670570577920
D/3/phi/0/root/1/im	0
D/3/phi/0/root/1/abs	4504644633715802112
D/3/phi/0/root/2/re	13858701953325753763
D/3/phi/0/root/2/im	9223372036854775808
D/3/phi/0/root/2/abs	4635329916470977955
D/3/phi/1/s	4590573143374275023
D/3/phi/1/c1	13732961740222627840
D/3/phi/1/c0	4418988136672002048
D/3/phi/1/c2	13858701953325858816
D/3/phi/1/k	4607182418801356350
D/3/phi/1/pair_RC	4607182418800782920
D/3/phi/1/cyclic	13830554455657898620
D/3/phi/1/worst_zero	4498665350131969849
D/3/phi/1/c1_rel	4452720129491295273
D/3/phi/1/c0_rel	4333550795796336607
D/3/phi/1/n_zero	2
D/3/phi/1/complex_pair	0
D/3/phi/1/zeta?	1
D/3/phi/1/zeta	4607182418800017408
D/3/phi/1/root/0/re	13722037386986745657
D/3/phi/1/root/0/im	0
D/3/phi/1/root/0/abs	4498665350131969849
D/3/phi/1/root/1/re	4499180192995999744
D/3/phi/1/root/1/im	0
D/3/phi/1/root/1/abs	4499180192995999744
D/3/phi/1/root/2/re	13858701953326137751
D/3/phi/1/root/2/im	9223372036854775808
D/3/phi/1/root/2/abs	4635329916471361943
D/3/phi/2/s	4593455447135792143
D/3/phi/2/c1	4514011148323913728
D/3/phi/2/c0	4413916790736814080
D/3/phi/2/c2	13858701953325858816
D/3/phi/2/k	4607182418800223919
D/3/phi/2/pair_RC	4607182418793998120
D/3/phi/2/cyclic	13830554455655727425
D/3/phi/2/worst_zero	4495465033471735496
D/3/phi/2/c1_rel	4457118571139390505
D/3/phi/2/c0_rel	4328465823949761020
D/3/phi/2/n_zero	2
D/3/phi/2/complex_pair	0
D/3/phi/2/zeta?	1
D/3/phi/2/zeta	4607182418800017408
D/3/phi/2/root/0/re	4495465033471735496
D/3/phi/2/root/0/im	0
D/3/phi/2/root/0/abs	4495465033471735496
D/3/phi/2/root/1/re	13720018654412668928
D/3/phi/2/root/1/im	0
D/3/phi/2/root/1/abs	4496646617557893120
D/3/phi/2/root/2/re	13858701953325308598
D/3/phi/2/root/2/im	9223372036854775808
D/3/phi/2/root/2/abs	4635329916470532790
D/3/phi/3/s	4595004685407607591
D/3/phi/3/c1	13710707928745377792
D/3/phi/3/c0	4407108243357171712
D/3/phi/3/c2	13858701953325858816
D/3/phi/3/k	4607182418798158006
D/3/phi/3/pair_RC	4607182418800355025
D/3/phi/3/cyclic	13830554455653166967
D/3/phi/3/worst_zero	4492714065763007516
D/3/phi/3/c1_rel	4430540290278733906
D/3/phi/3/c0_rel	4321710044215121019
D/3/phi/3/n_zero	2
D/3/phi/3/complex_pair	0
D/3/phi/3/zeta?	1
D/3/phi/3/zeta	4607182418800017408
D/3/phi/3/root/0/re	13716086102617783324
D/3/phi/3/root/0/im	0
D/3/phi/3/root/0/abs	4492714065763007516
D/3/phi/3/root/1/re	4492753155615883264
D/3/phi/3/root/1/im	0
D/3/phi/3/root/1/abs	4492753155615883264
D/3/phi/3/root/2/re	13858701953325867917
D/3/phi/3/root/2/im	9223372036854775808
D/3/phi/3/root/2/abs	4635329916471092109
D/3/phi/4/s	4596445837288366151
D/3/phi/4/c1	13729373589252079616
D/3/phi/4/c0	4425941943922458624
D/3/phi/4/c2	13858701953325858816
D/3/phi/4/k	4607182418799311251
D/3/phi/4/pair_RC	4607182418800886294
D/3/phi/4/cyclic	13830554455655255429
D/3/phi/4/worst_zero	4502056613690855900
D/3/phi/4/c1_rel	4449388304144657285
D/3/phi/4/c0_rel	4340563408029747249
D/3/phi/4/n_zero	2
D/3/phi/4/complex_pair	0
D/3/phi/4/zeta?	1
D/3/phi/4/zeta	4607182418800017408
D/3/phi/4/root/0/re	13725428650545631708
D/3/phi/4/root/0/im	0
D/3/phi/4/root/0/abs	4502056613690855900
D/3/phi/4/root/1/re	4502229252019585024
D/3/phi/4/root/1/im	0
D/3/phi/4/root/1/abs	4502229252019585024
D/3/phi/4/root/2/re	13858701953326019598
D/3/phi/4/root/2/im	9223372036854775808
D/3/phi/4/root/2/abs	4635329916471243790
D/3/phi/5/s	4597886989169124711
D/3/phi/5/c1	4508716982119432192
D/3/phi/5/c0	13646220891980300288
D/3/phi/5/c2	13858701953325858816
D/3/phi/5/k	4607182418798758852
D/3/phi/5/pair_RC	4607182418797940313
D/3/phi/5/cyclic	13830554455654673560
D/3/phi/5/worst_zero	4500288243252214714
D/3/phi/5/c1_rel	4451603046293317878
D/3/phi/5/c0_rel	4337396085101686686
D/3/phi/5/n_zero	2
D/3/phi/5/complex_pair	0
D/3/phi/5/zeta?	1
D/3/phi/5/zeta	4607182418800017408
D/3/phi/5/root/0/re	4500288243252214714
D/3/phi/5/root/0/im	0
D/3/phi/5/root/0/abs	4500288243252214714
D/3/phi/5/root/1/re	13723916147718356992
D/3/phi/5/root/1/im	0
D/3/phi/5/root/1/abs	4500544110863581184
D/3/phi/5/root/2/re	13858701953325620520
D/3/phi/5/root/2/im	9223372036854775808
D/3/phi/5/root/2/abs	4635329916470844712
D/3/phi/6/s	4598751680297579843
D/3/phi/6/c1	13727270737830477824
D/3/phi/6/c0	4424622747202617344
D/3/phi/6/c2	13858701953325858816
D/3/phi/6/k	4607182418799961653
D/3/phi/6/pair_RC	4607182418800503223
D/3/phi/6/cyclic	13830554455656080264
D/3/phi/6/worst_zero	4501424452380230124
D/3/phi/6/c1_rel	4446696654325006991
D/3/phi/6/c0_rel	4339212550588629778
D/3/phi/6/n_zero	2
D/3/phi/6/complex_pair	0
D/3/phi/6/zeta?	1
D/3/phi/6/zeta	4607182418800017408
D/3/phi/6/root/0/re	13724796489235005932
D/3/phi/6/root/0/im	0
D/3/phi/6/root/0/abs	4501424452380230124
D/3/phi/6/root/1/re	4501544519342227456
D/3/phi/6/root/1/im	0
D/3/phi/6/root/1/abs	4501544519342227456
D/3/phi/6/root/2/re	13858701953325970638
D/3/phi/6/root/2/im	9223372036854775808
D/3/phi/6/root/2/abs	4635329916471194830
D/3/phi/7/s	4599472256237959123
D/3/phi/7/c1	4506862148953047040
D/3/phi/7/c0	4426635209363947520
D/3/phi/7/c2	13858701953325858816
D/3/phi/7/k	4607182418798372807
D/3/phi/7/pair_RC	4607182418798741431
D/3/phi/7/cyclic	13830554455654927445
D/3/phi/7/worst_zero	4502369841864441419
D/3/phi/7/c1_rel	4450023149789029335
D/3/phi/7/c0_rel	4341273311841831879
D/3/phi/7/n_zero	2
D/3/phi/7/complex_pair	0
D/3/phi/7/zeta?	1
D/3/phi/7/zeta	4607182418800017408
D/3/phi/7/root/0/re	4502369841864441419
D/3/phi/7/root/0/im	0
D/3/phi/7/root/0/abs	4502369841864441419
D/3/phi/7/root/1/re	13725936031646089216
D/3/phi/7/root/1/im	0
D/3/phi/7/root/1/abs	4502563994791313408
D/3/phi/7/root/2/re	13858701953325677997
D/3/phi/7/root/2/im	9223372036854775808
D/3/phi/7/root/2/abs	4635329916470902189
D/3/phi/8/s	4600192832178338403
D/3/phi/8/c1	13736159131042054144
D/3/phi/8/c0	4429050179106111488
D/3/phi/8/c2	13858701953325858816
D/3/phi/8/k	4607182418797813262
D/3/phi/8/pair_RC	4607182418802510914
D/3/phi/8/cyclic	13830554455653281051
D/3/phi/8/worst_zero	4503825343759463618
D/3/phi/8/c1_rel	4455551781844497203
D/3/phi/8/c0_rel	4343638154466750890
D/3/phi/8/n_zero	2
D/3/phi/8/complex_pair	0
D/3/phi/8/zeta?	1
D/3/phi/8/zeta	4607182418800017408
D/3/phi/8/root/0/re	13727197380614239426
D/3/phi/8/root/0/im	0
D/3/phi/8/root/0/abs	4503825343759463618
D/3/phi/8/root/1/re	4504059537031954432
D/3/phi/8/root/1/im	0
D/3/phi/8/root/1/abs	4504059537031954432
D/3/phi/8/root/2/re	13858701953326295034
D/3/phi/8/root/2/im	9223372036854775808
D/3/phi/8/root/2/abs	4635329916471519226
D/3/phi/9/s	4600913408118717683
D/3/phi/9/c1	13722975837106470912
D/3/phi/9/c0	13632979033330286592
D/3/phi/9/c2	13858701953325858816
D/3/phi/9/k	4607182418800669542
D/3/phi/9/pair_RC	4607182418799839143
D/3/phi/9/cyclic	13830554455658060909
D/3/phi/9/worst_zero	4500703001031213056
D/3/phi/9/c1_rel	4442460189293941883
D/3/phi/9/c0_rel	4324160681017243337
D/3/phi/9/n_zero	2
D/3/phi/9/complex_pair	0
D/3/phi/9/zeta?	1
D/3/phi/9/zeta	4607182418800017408
D/3/phi/9/root/0/re	4500765643555507154
D/3/phi/9/root/0/im	0
D/3/phi/9/root/0/abs	4500765643555507154
D/3/phi/9/root/1/re	13724075037885988864
D/3/phi/9/root/1/im	0
D/3/phi/9/root/1/abs	4500703001031213056
D/3/phi/9/root/2/re	13858701953325917156
D/3/phi/9/root/2/im	9223372036854775808
D/3/phi/9/root/2/abs	4635329916471141348
D/3/phi/10/s	4601633984059096963
D/3/phi/10/c1	13727664732360409088
D/3/phi/10/c0	4418701552693280768
D/3/phi/10/c2	13858701953325858816
D/3/phi/10/k	4607182418799459408
D/3/phi/10/pair_RC	4607182418800620723
D/3/phi/10/cyclic	13830554455656356887
D/3/phi/10/worst_zero	4498594934784884735
D/3/phi/10/c1_rel	4447200967323319009
D/3/phi/10/c0_rel	4333257333802126017
D/3/phi/10/n_zero	2
D/3/phi/10/complex_pair	0
D/3/phi/10/zeta?	1
D/3/phi/10/zeta	4607182418800017408
D/3/phi/10/root/0/re	13721966971639660543
D/3/phi/10/root/0/im	0
D/3/phi/10/root/0/abs	4498594934784884735
D/3/phi/10/root/1/re	4498854768692690944
D/3/phi/10/root/1/im	0
D/3/phi/10/root/1/abs	4498854768692690944
D/3/phi/10/root/2/re	13858701953325979811
D/3/phi/10/root/2/im	9223372036854775808
D/3/phi/10/root/2/abs	4635329916471204003
D/3/phi/11/s	4602354559999476243
D/3/phi/11/c1	13724749972132331520
D/3/phi/11/c0	13654858165920464896
D/3/phi/11/c2	13858701953325858816
D/3/phi/11/k	4607182418798832474
D/3/phi/11/pair_RC	4607182418800503301
D/3/phi/11/cyclic	13830554455656103746
D/3/phi/11/worst_zero	4506667559285686272
D/3/phi/11/c1_rel	4444731082127043461
D/3/phi/11/c0_rel	4346053103818943496
D/3/phi/11/n_zero	2
D/3/phi/11/complex_pair	0
D/3/phi/11/zeta?	1
D/3/phi/11/zeta	4607182418800017408
D/3/phi/11/root/0/re	4506709968646100924
D/3/phi/11/root/0/im	0
D/3/phi/11/root/0/abs	4506709968646100924
D/3/phi/11/root/1/re	13730039596140462080
D/3/phi/11/root/1/im	0
D/3/phi/11/root/1/abs	4506667559285686272
D/3/phi/11/root/2/re	13858701953325937810
D/3/phi/11/root/2/im	9223372036854775808
D/3/phi/11/root/2/abs	4635329916471162002
E/n_rows	6
E/holds	1
E/worst_pred_err?	1
E/worst_pred_err	4556496878784772096
E/tightest?	1
E/tightest/s	4595112771798664481
E/tightest/zeta	4603536361426766780
E/tightest/floor	4603536361426821092
E/0/tau/0	4587366580439587226
E/0/tau/1	4587366580439587226
E/0/tau/2	4587366580439587226
E/0/n	64
E/0/live	1
E/0/n_off	0
E/0/s	4595112771798664481
E/0/k	13834176376229952572
E/0/A	4630826316843712512
E/0/z	4626322717216342016
E/0/A_over_z	4611686018427387904
E/0/det2	4657151665007277191
E/0/zeta_pred	4603880268516286904
E/0/zeta	4603880268516316476
E/0/floor	4603553991297813550
E/0/mod	4631862757987688670
E/0/mod_pred	4631862757987675732
E/0/rate_sum	4633641066610819072
E/0/complex_pair	1
E/1/tau/0	4587366580439587226
E/1/tau/1	4587366580439587226
E/1/tau/2	4582862980812216730
E/1/n	67
E/1/live	1
E/1/n_off	0
E/1/s	4595292915783759301
E/1/k	13834204259353110738
E/1/A	4630826316843712512
E/1/z	4630826316843712512
E/1/A_over_z	4607182418800017408
E/1/det2	4661666156479631346
E/1/zeta_pred	4603548063368194892
E/1/zeta	4603548063368297185
E/1/floor	4603548063368194892
E/1/mod	4634419149295455373
E/1/mod_pred	4634419149295405685
E/1/rate_sum	4635329916471083008
E/1/complex_pair	1
E/2/tau/0	4587366580439587226
E/2/tau/1	4587366580439587226
E/2/tau/2	4591870180066957722
E/2/n	58
E/2/live	1
E/2/n_off	0
E/2/s	4594572339843380021
E/2/k	13834101348370930746
E/2/A	4630826316843712512
E/2/z	4621819117588971520
E/2/A_over_z	4616189618054758400
E/2/det2	4652618757622476295
E/2/zeta_pred	4604918745253327029
E/2/zeta	4604918745253494361
E/2/floor	4603570040111716906
E/2/mod	4629896327087908245
E/2/mod_pred	4629896327087874197
E/2/rate_sum	4632233691727265792
E/2/complex_pair	1
E/3/tau/0	4591870180066957722
E/3/tau/1	4591870180066957722
E/3/tau/2	4587366580439587226
E/3/n	65
E/3/live	1
E/3/n_off	0
E/3/s	4595112771798664481
E/3/k	13834259573371556168
E/3/A	4626322717216342016
E/3/z	4626322717216342016
E/3/A_over_z	4607182418800017408
E/3/det2	4652680564263345600
E/3/zeta_pred	4603536361426821092
E/3/zeta	4603536361426766780
E/3/floor	4603536361426821092
E/3/mod	4629925849400909084
E/3/mod_pred	4629925849400935063
E/3/rate_sum	4630826316843712512
E/3/complex_pair	1
E/4/tau/0	4596373779694328218
E/4/tau/1	4581421828931458171
E/4/tau/2	4587366580439587226
E/4/n	44
E/4/live	1
E/4/n_off	0
E/4/s	4592951043977526643
E/4/k	13834138462214453156
E/4/A	4632937379169042432
E/4/z	4626322717216342016
E/4/A_over_z	4613374868287651840
E/4/det2	4658981269759191619
E/4/zeta_pred	4604265971610560349
E/4/zeta	4604267195851831249
E/4/floor	4603562083356377494
E/4/mod	4633000015338651875
E/4/mod_pred	4633001583781526615
E/4/rate_sum	4634978072750194688
E/4/complex_pair	1
E/5/tau/0	4581421828931458171
E/5/tau/1	4596373779694328218
E/5/tau/2	4587366580439587226
E/5/n	100
E/5/live	1
E/5/n_off	0
E/5/s	4598265291537823828
E/5/k	13833906699761564578
E/5/A	4632937379169042432
E/5/z	4626322717216342016
E/5/A_over_z	4613374868287651840
E/5/det2	4658856787972972168
E/5/zeta_pred	4604322812819389076
E/5/zeta	4604320192964143340
E/5/floor	4603612355612994861
E/5/mod	4632932716925086509
E/5/mod_pred	4632929420197972044
E/5/rate_sum	4634978072750194688
E/5/complex_pair	1
F/rate_sum	4633641066610819072
F/n	7
F/n_rows	7
F/max_mod?	1
F/max_mod	4632091968949140874
F/max_ratio?	1
F/max_ratio	4605530047960893997
F/max_bound?	1
F/max_bound	4605976193116017007
F/ds_lambda	4597993814389276521
F/0/s	4572414629676717179
F/0/mod	4631694285990604602
F/0/k	13833546077682107878
F/0/ratio	4605105852805121973
F/0/bound	4605526266209170682
F/1/s	4588087156379966504
F/1/mod	4631749004088615454
F/1/k	13833749023559204780
F/1/ratio	4605164218776333549
F/1/bound	4605588172670126256
F/2/s	4592230468037147363
F/2/mod	4631791404042614580
F/2/k	13833907452588936446
F/2/ratio	4605209445393932617
F/2/bound	4605636142742206217
F/3/s	4594752483828474841
F/3/mod	4631849781709325143
F/3/k	13834127255040709287
F/3/ratio	4605271714905090550
F/3/bound	4605702189532620892
F/4/s	4596553923679423041
F/4/mod	4631918626402148527
F/4/k	13834388957074453338
F/4/ratio	4605345149244102160
F/4/bound	4605780078411293346
F/5/s	4598265291537823828
F/5/mod	4631998623452001654
F/5/k	13834696437145420153
F/5/ratio	4605430479430612162
F/5/bound	4605870584741618062
F/6/s	4599166011463297928
F/6/mod	4632091968949140874
F/6/k	13835058939001976394
F/6/ratio	4605530047960893997
F/6/bound	4605976193116017007
G/inc/phi_lim	4605380978949069210
G/inc/m_lim	4603292946394561070
G/inc/sum_singles	4630570068781076876
G/inc/delivered	4636302977682646901
G/inc/bare/I	4583097979399224452
G/inc/bare/I_inc	4586399690519997872
G/inc/bare/min_phi	4604799488634795072
G/inc/bare/end_s	4610334938539176691
G/inc/bare/v_min	0
G/inc/bare/v_max_used	0
G/inc/bare/b_max_used	0
G/inc/bare/credit	0
G/inc/bare/credit_inc	0
G/inc/bare/npts	341
G/inc/bare/v_saturated	0
G/inc/F/I	4577024239973346367
G/inc/F/I_inc	4580365186205060107
G/inc/F/min_phi	4605138831325119760
G/inc/F/end_s	4607520188772070191
G/inc/F/v_min	0
G/inc/F/v_max_used	0
G/inc/F/b_max_used	0
G/inc/F/credit	4633718604500143954
G/inc/F/credit_inc	4633960412258807126
G/inc/F/npts	216
G/inc/F/v_saturated	0
G/inc/V/I	4566586863960524809
G/inc/V/I_inc	4569208501059281351
G/inc/V/min_phi	4605283005581406088
G/inc/V/end_s	4610334938539176691
G/inc/V/v_min	0
G/inc/V/v_max_used	0
G/inc/V/b_max_used	4591145703936804602
G/inc/V/credit	4636208631389687833
G/inc/V/credit_inc	4636239455169223092
G/inc/V/npts	341
G/inc/V/v_saturated	0
G/inc/S/I	4588154389467352222
G/inc/S/I_inc	4577123161365222934
G/inc/S/min_phi	4604237505984464932
G/inc/S/end_s	4610334938539176691
G/inc/S/v_min	4439984401461645414
G/inc/S/v_max_used	4596372608922956745
G/inc/S/b_max_used	0
G/inc/S/credit	13861154936103997180
G/inc/S/credit_inc	4635054017626437376
G/inc/S/npts	341
G/inc/S/v_saturated	1
G/inc/FV/I	4564692051119065512
G/inc/FV/I_inc	4567689867597545263
G/inc/FV/min_phi	4605318696076901482
G/inc/FV/end_s	4610334938539176691
G/inc/FV/v_min	0
G/inc/FV/v_max_used	0
G/inc/FV/b_max_used	4590351724507034863
G/inc/FV/credit	4636320629051980818
G/inc/FV/credit_inc	4636346510151138408
G/inc/FV/npts	341
G/inc/FV/v_saturated	0
G/inc/FS/I	4577580562917955950
G/inc/FS/I_inc	4560783638460825425
G/inc/FS/min_phi	4605140807873682038
G/inc/FS/end_s	4605380978949069215
G/inc/FS/v_min	0
G/inc/FS/v_max_used	4586297305206622662
G/inc/FS/b_max_used	0
G/inc/FS/credit	4633192478707344386
G/inc/FS/credit_inc	4636602569456551809
G/inc/FS/npts	161
G/inc/FS/v_saturated	0
G/inc/VS/I	4566797254727162673
G/inc/VS/I_inc	4556320541816753581
G/inc/VS/min_phi	4605246259482816319
G/inc/VS/end_s	4610334938539176691
G/inc/VS/v_min	0
G/inc/VS/v_max_used	4582130969632300874
G/inc/VS/b_max_used	4591325406101784893
G/inc/VS/credit	4636187493165796690
G/inc/VS/credit_inc	4636669573501981870
G/inc/VS/npts	341
G/inc/VS/v_saturated	0
G/inc/FVS/I	4564990682720819419
G/inc/FVS/I_inc	4552790679176828313
G/inc/FVS/min_phi	4605303335774958220
G/inc/FVS/end_s	4610334938539176691
G/inc/FVS/v_min	0
G/inc/FVS/v_max_used	4578419402176726070
G/inc/FVS/b_max_used	4590491814528622680
G/inc/FVS/credit	4636302977682646901
G/inc/FVS/credit_inc	4636699142247440564
G/inc/FVS/npts	341
G/inc/FVS/v_saturated	0
G/inc/marginal/fuel	4610069828251060416
G/inc/marginal_inc/fuel	4601241218755331584
G/inc/singles/fuel	4633718604500143954
G/inc/erosion/fuel	4630389439481809805
G/inc/marginal/valve	4630406277403208424
G/inc/marginal_inc/valve	4608859477789527232
G/inc/singles/valve	4636208631389687833
G/inc/erosion/valve	4612808796900111415
G/inc/marginal/stator	13821562407322164480
G/inc/marginal_inc/stator	4617328131968222400
G/inc/singles/stator	13861154936103997180
G/inc/erosion/stator	4646762998742944987
G/credit/inc/alone	13861154936103997180
G/credit/inc/alone_inc	4635054017626437376
G/credit/inc/marginal	13821562407322164480
G/credit/inc/marginal_inc	4617328131968222400
G/delivered/inc	4636302977682646901
G/delivered_inc/inc	4636699142247440564
G/phi/phi_lim	4605380978949069210
G/phi/m_lim	4603292946394561070
G/phi/sum_singles	4642815052068956164
G/phi/delivered	4636493268169042939
G/phi/bare/I	4583097979399224452
G/phi/bare/I_inc	4586399690519997872
G/phi/bare/min_phi	4604799488634795072
G/phi/bare/end_s	4610334938539176691
G/phi/bare/v_min	0
G/phi/bare/v_max_used	0
G/phi/bare/b_max_used	0
G/phi/bare/credit	0
G/phi/bare/credit_inc	0
G/phi/bare/npts	341
G/phi/bare/v_saturated	0
G/phi/F/I	4577024239973346367
G/phi/F/I_inc	4580365186205060107
G/phi/F/min_phi	4605138831325119760
G/phi/F/end_s	4607520188772070191
G/phi/F/v_min	0
G/phi/F/v_max_used	0
G/phi/F/b_max_used	0
G/phi/F/credit	4633718604500143954
G/phi/F/credit_inc	4633960412258807126
G/phi/F/npts	216
G/phi/F/v_saturated	0
G/phi/V/I	4566586863960524809
G/phi/V/I_inc	4569208501059281351
G/phi/V/min_phi	4605283005581406088
G/phi/V/end_s	4610334938539176691
G/phi/V/v_min	0
G/phi/V/v_max_used	0
G/phi/V/b_max_used	4591145703936804602
G/phi/V/credit	4636208631389687833
G/phi/V/credit_inc	4636239455169223092
G/phi/V/npts	341
G/phi/V/v_saturated	0
G/phi/S/I	4567085824400209638
G/phi/S/I_inc	4589574937396266913
G/phi/S/min_phi	4605276762478677317
G/phi/S/end_s	4610334938539176691
G/phi/S/v_min	13818542385278375627
G/phi/S/v_max_used	13666115176982958843
G/phi/S/b_max_used	0
G/phi/S/credit	4636153379898161222
G/phi/S/credit_inc	13856649561141399000
G/phi/S/npts	341
G/phi/S/v_saturated	0
G/phi/FV/I	4564692051119065512
G/phi/FV/I_inc	4567689867597545263
G/phi/FV/min_phi	4605318696076901482
G/phi/FV/end_s	4610334938539176691
G/phi/FV/v_min	0
G/phi/FV/v_max_used	0
G/phi/FV/b_max_used	4590351724507034863
G/phi/FV/credit	4636320629051980818
G/phi/FV/credit_inc	4636346510151138408
G/phi/FV/npts	341
G/phi/FV/v_saturated	0
G/phi/FS/I	4569666831726228025
G/phi/FS/I_inc	4587512153346806934
G/phi/FS/min_phi	4605293461754114272
G/phi/FS/end_s	4610334938539176691
G/phi/FS/v_min	13818221249833928746
G/phi/FS/v_max_used	0
G/phi/FS/b_max_used	0
G/phi/FS/credit	4635848266083698677
G/phi/FS/credit_inc	13849084280003944598
G/phi/FS/npts	341
G/phi/FS/v_saturated	0
G/phi/VS/I	4562360043980857169
G/phi/VS/I_inc	4580636780571678357
G/phi/VS/min_phi	4605321963191781138
G/phi/VS/end_s	4610334938539176691
G/phi/VS/v_min	13810687483994967567
G/phi/VS/v_max_used	0
G/phi/VS/b_max_used	4589328081560243048
G/phi/VS/credit	4636458468178999158
G/phi/VS/credit_inc	4633654078642547892
G/phi/VS/npts	341
G/phi/VS/v_saturated	0
G/phi/FVS/I	4561396150357540474
G/phi/FVS/I_inc	4580330388101246201
G/phi/FVS/min_phi	4605337338781934368
G/phi/FVS/end_s	4610334938539176691
G/phi/FVS/v_min	13809809058062226950
G/phi/FVS/v_max_used	0
G/phi/FVS/b_max_used	4588996529370637143
G/phi/FVS/credit	4636493268169042939
G/phi/FVS/credit_inc	4633999661338650014
G/phi/FVS/npts	341
G/phi/FVS/v_saturated	0
G/phi/marginal/fuel	4602580417369113856
G/phi/marginal_inc/fuel	4612711741937651360
G/phi/singles/fuel	4633718604500143954
G/phi/erosion/fuel	4638316331223059834
G/phi/marginal/valve	4621349634737512496
G/phi/marginal_inc/valve	4635356595318205172
G/phi/singles/valve	4636208631389687833
G/phi/erosion/valve	4621869908252757161
G/phi/marginal/stator	4612706870546005280
G/phi/marginal_inc/stator	13853043939335677540
G/phi/singles/stator	4636153379898161222
G/phi/erosion/stator	4630457350467203810
G/credit/phi/alone	4636153379898161222
G/credit/phi/alone_inc	13856649561141399000
G/credit/phi/marginal	4612706870546005280
G/credit/phi/marginal_inc	13853043939335677540
G/delivered/phi	4636493268169042939
G/delivered_inc/phi	4633999661338650014
G/common_max_rel	0
G/common/bare/inc	4583097979399224452
G/common/bare/phi	4583097979399224452
G/common/F/inc	4577024239973346367
G/common/F/phi	4577024239973346367
G/common/V/inc	4566586863960524809
G/common/V/phi	4566586863960524809
G/common/FV/inc	4564692051119065512
G/common/FV/phi	4564692051119065512
H/inc/base/n	851
H/inc/base/n_riding	161
H/inc/base/crossings	1
H/inc/base/e0	13791742764304621793
H/inc/base/survives?	0
H/inc/base/counter?	1
H/inc/base/counter	4607228099809280148
H/inc/base/v_lo	0
H/inc/base/v_hi	4578422688142575799
H/inc/displaced/n	851
H/inc/displaced/n_riding	155
H/inc/displaced/crossings	2
H/inc/displaced/e0	4577621316132907319
H/inc/displaced/survives?	1
H/inc/displaced/survives	4597252638230352772
H/inc/displaced/counter?	1
H/inc/displaced/counter	4596308198611235377
H/inc/displaced/v_lo	4396036041182257827
H/inc/displaced/v_hi	4587366580439587226
H/phi/base/n	851
H/phi/base/n_riding	264
H/phi/base/crossings	1
H/phi/base/e0	4565163746716802630
H/phi/base/survives?	0
H/phi/base/counter?	1
H/phi/base/counter	4622007355589118921
H/phi/base/v_lo	13809809356377754323
H/phi/base/v_hi	0
H/phi/displaced/n	851
H/phi/displaced/n_riding	314
H/phi/displaced/crossings	1
H/phi/displaced/e0	13606711480425644032
H/phi/displaced/survives?	1
H/phi/displaced/survives	4402813993522036736
H/phi/displaced/counter?	0
H/phi/displaced/v_lo	13814913896930051413
H/phi/displaced/v_hi	13667249448185571331
I/ncalls	94
I/n_complex	30
I/0/c2	13857013103465594880
I/0/c1	4656971176617840716
I/0/c0	4528922086076317696
I/0/root/0/re	4478999367590205556
I/0/root/0/im	0
I/0/root/0/abs	4478999367590205556
I/0/root/1/re	13852509503838627468
I/0/root/1/im	4630195090378684071
I/0/root/1/abs	4631739681379732563
I/0/root/2/re	13852509503838627468
I/0/root/2/im	13853567127233459879
I/0/root/2/abs	4631739681379732563
I/1/c2	13857013103465594880
I/1/c1	4657014800847910045
I/1/c0	13744236240096460800
I/1/root/0/re	13694192588517766823
I/1/root/0/im	0
I/1/root/0/abs	4470820551662991015
I/1/root/1/re	13852509503838111558
I/1/root/1/im	4630234243815616151
I/1/root/1/abs	4631769640323224986
I/1/root/2/re	13852509503838111558
I/1/root/2/im	13853606280670391959
I/1/root/2/abs	4631769640323224986
I/2/c2	13857013103465594880
I/2/c1	4657073663609854147
I/2/c0	4518845561029263360
I/2/root/0/re	4468854115108697026
I/2/root/0/im	0
I/2/root/0/abs	4468854115108697026
I/2/root/1/re	13852509503838308594
I/2/root/1/im	4630286596718361285
I/2/root/1/abs	4631809849216041167
I/2/root/2/re	13852509503838308594
I/2/root/2/im	13853658633573137093
I/2/root/2/abs	4631809849216041167
I/3/c2	13857013103465594880
I/3/c1	4657145845007152128
I/3/c0	4518504107840897024
I/3/root/0/re	4468457260383388510
I/3/root/0/im	0
I/3/root/0/abs	4468457260383388510
I/3/root/1/re	13852509503838302819
I/3/root/1/im	4630350069356391595
I/3/root/1/abs	4631858824756571132
I/3/root/2/re	13852509503838302819
I/3/root/2/im	13853722106211167403
I/3/root/2/abs	4631858824756571132
I/4/c2	13857013103465594880
I/4/c1	4657228105483952301
I/4/c0	4525571072925368320
I/4/root/0/re	4475176762471283883
I/4/root/0/im	0
I/4/root/0/abs	4475176762471283883
I/4/root/1/re	13852509503838445746
I/4/root/1/im	4630421464968885744
I/4/root/1/abs	4631914203686013355
I/4/root/2/re	13852509503838445746
I/4/root/2/im	13853793501823661552
I/4/root/2/abs	4631914203686013355
I/5/c2	13857013103465594880
I/5/c1	4657321645477098667
I/5/c0	13738460608896958464
I/5/root/0/re	13688100233305716330
I/5/root/0/im	0
I/5/root/0/abs	4464728196450940522
I/5/root/1/re	13852509503838179531
I/5/root/1/im	4630501482852223431
I/5/root/1/abs	4631976626531423253
I/5/root/2/re	13852509503838179531
I/5/root/2/im	13853873519706999239
I/5/root/2/abs	4631976626531423253
I/6/c2	13857013103465594880
I/6/c1	4657428491632027583
I/6/c0	4526070162348048384
I/6/root/0/re	4475315642483861771
I/6/root/0/im	0
I/6/root/0/abs	4475315642483861771
I/6/root/1/re	13852509503838449788
I/6/root/1/im	4630591431394709978
I/6/root/1/abs	4632047233187021983
I/6/root/2/re	13852509503838449788
I/6/root/2/im	13853963468249485786
I/6/root/2/abs	4632047233187021983
I/7/c2	13857013103465594880
I/7/c1	13727164145332125696
I/7/c0	13648458427696939008
I/7/root/0/re	4493997456939154688
I/7/root/0/im	0
I/7/root/0/abs	4493997456939154688
I/7/root/1/re	13716743349933703168
I/7/root/1/im	0
I/7/root/1/abs	4493371313078927360
I/7/root/2/re	13857013103465886451
I/7/root/2/im	9223372036854775808
I/7/root/2/abs	4633641066611110643
I/8/c2	13857013103465594880
I/8/c1	13726608258452422656
I/8/c0	13645553925051383808
I/8/root/0/re	13718858850775692888
I/8/root/0/im	0
I/8/root/0/abs	4495486813920917080
I/8/root/1/re	4495774939986526208
I/8/root/1/im	0
I/8/root/1/abs	4495774939986526208
I/8/root/2/re	13857013103465863218
I/8/root/2/im	9223372036854775808
I/8/root/2/abs	4633641066611087410
I/9/c2	13857013103465594880
I/9/c1	13726456388408836096
I/9/c0	13628473402317602816
I/9/root/0/re	13729766435900038956
I/9/root/0/im	0
I/9/root/0/abs	4506394399045263148
I/9/root/1/re	4506465164991660032
I/9/root/1/im	0
I/9/root/1/abs	4506465164991660032
I/9/root/2/re	13857013103465858504
I/9/root/2/im	9223372036854775808
I/9/root/2/abs	4633641066611082696
I/10/c2	13857013103465594880
I/10/c1	13733944054004056064
I/10/c0	13650544874684940288
I/10/root/0/re	13734075485154193529
I/10/root/0/im	0
I/10/root/0/abs	4510703448299417721
I/10/root/1/re	4510819654763020288
I/10/root/1/im	0
I/10/root/1/abs	4510819654763020288
I/10/root/2/re	13857013103466460686
I/10/root/2/im	9223372036854775808
I/10/root/2/abs	4633641066611684878
I/11/c2	13857013103465594880
I/11/c1	13729403476855750656
I/11/c0	13645346175442747392
I/11/root/0/re	13700097175167645312
I/11/root/0/im	0
I/11/root/0/abs	4476725138312869504
I/11/root/1/re	4482602270994726912
I/11/root/1/im	0
I/11/root/1/abs	4482602270994726912
I/11/root/2/re	13857013103466025487
I/11/root/2/im	9223372036854775808
I/11/root/2/abs	4633641066611249679
I/12/c2	13857013103465594880
I/12/c1	13726937154163048448
I/12/c0	4425465694060019712
I/12/root/0/re	13726341526328160755
I/12/root/0/im	0
I/12/root/0/abs	4502969489473384947
I/12/root/1/re	4503119034220281856
I/12/root/1/im	0
I/12/root/1/abs	4503119034220281856
I/12/root/2/re	13857013103465873428
I/12/root/2/im	9223372036854775808
I/12/root/2/abs	4633641066611097620
I/13/c2	13857013103465594880
I/13/c1	4463734634282221568
I/13/c0	4420698158131052544
I/13/root/0/re	4500461334998895040
I/13/root/0/im	0
I/13/root/0/abs	4500461334998895040
I/13/root/1/re	13723833708505464832
I/13/root/1/im	0
I/13/root/1/abs	4500461671650689024
I/13/root/2/re	13857013103465594253
I/13/root/2/im	9223372036854775808
I/13/root/2/abs	4633641066610818445
I/14/c2	13857013103465594880
I/14/c1	13729393755197276160
I/14/c0	4422486170487750656
I/14/root/0/re	13724410187007794262
I/14/root/0/im	0
I/14/root/0/abs	4501038150153018454
I/14/root/1/re	4501269006585430016
I/14/root/1/im	0
I/14/root/1/abs	4501269006585430016
I/14/root/2/re	13857013103466024884
I/14/root/2/im	9223372036854775808
I/14/root/2/abs	4633641066611249076
I/15/c2	13857013103465594880
I/15/c1	4501900100221534208
I/15/c0	13654235295693930496
I/15/root/0/re	4519548199377195809
I/15/root/0/im	0
I/15/root/0/abs	4519548199377195809
I/15/root/1/re	13742927848555937792
I/15/root/1/im	0
I/15/root/1/abs	4519555811701161984
I/15/root/2/re	13857013103465368016
I/15/root/2/im	9223372036854775808
I/15/root/2/abs	4633641066610592208
I/16/c2	13857013103465594880
I/16/c1	4497767104732200960
I/16/c0	4418431779602432000
I/16/root/0/re	4499414273822705247
I/16/root/0/im	0
I/16/root/0/abs	4499414273822705247
I/16/root/1/re	13722850296286150656
I/16/root/1/im	0
I/16/root/1/abs	4499478259431374848
I/16/root/2/re	13857013103465475698
I/16/root/2/im	9223372036854775808
I/16/root/2/abs	4633641066610699890
I/17/c2	13857013103465594880
I/17/c1	4505733133047431168
I/17/c0	13643361926732840960
I/17/root/0/re	13715594929872697032
I/17/root/0/im	0
I/17/root/0/abs	4492222893017921224
I/17/root/1/re	4491337945638240256
I/17/root/1/im	0
I/17/root/1/abs	4491337945638240256
I/17/root/2/re	13857013103465182794
I/17/root/2/im	9223372036854775808
I/17/root/2/abs	4633641066610406986
I/18/c2	13857013103465594880
I/18/c1	4499168028574875648
I/18/c0	4418221898203136000
I/18/root/0/re	4499303186634932719
I/18/root/0/im	0
I/18/root/0/abs	4499303186634932719
I/18/root/1/re	13722751483584184320
I/18/root/1/im	0
I/18/root/1/abs	4499379446729408512
I/18/root/2/re	13857013103465452835
I/18/root/2/im	9223372036854775808
I/18/root/2/abs	4633641066610677027
I/19/c2	13857013103465594880
I/19/c1	13727348584112717824
I/19/c0	4420415114289610752
I/19/root/0/re	13723635771341134952
I/19/root/0/im	0
I/19/root/0/abs	4500263734486359144
I/19/root/1/re	4500426418559123456
I/19/root/1/im	0
I/19/root/1/abs	4500426418559123456
I/19/root/2/re	13857013103465897903
I/19/root/2/im	9223372036854775808
I/19/root/2/abs	4633641066611122095
I/20/c2	13866020302720335872
I/20/c1	4667657559155736829
I/20/c0	4527828480330563584
I/20/root/0/re	4467266260083605257
I/20/root/0/im	0
I/20/root/0/abs	4467266260083605257
I/20/root/1/re	13857859991782552422
I/20/root/1/im	0
I/20/root/1/abs	4634487954927776614
I/20/root/2/re	13863626533724898339
I/20/root/2/im	9223372036854775808
I/20/root/2/abs	4640254496870122531
I/21/c2	13866020302720335872
I/21/c1	4667673618165453284
I/21/c0	4539936922583171072
I/21/root/0/re	4478796436510082717
I/21/root/0/im	0
I/21/root/0/abs	4478796436510082717
I/21/root/1/re	13857879823811854756
I/21/root/1/im	0
I/21/root/1/abs	4634507786957078948
I/21/root/2/re	13863616617710329160
I/21/root/2/im	9223372036854775808
I/21/root/2/abs	4640244580855553352
I/22/c2	13866020302720335872
I/22/c1	4667687707504422374
I/22/c0	13765212794653769728
I/22/root/0/re	13704630573643669321
I/22/root/0/im	0
I/22/root/0/abs	4481258536788893513
I/22/root/1/re	13857897312891901160
I/22/root/1/im	0
I/22/root/1/abs	4634525276037125352
I/22/root/2/re	13863607873170071919
I/22/root/2/im	9223372036854775808
I/22/root/2/abs	4640235836315296111
I/23/c2	13866020302720335872
I/23/c1	4667706759662502875
I/23/c0	4528181038022656000
I/23/root/0/re	4467630497232487893
I/23/root/0/im	0
I/23/root/0/abs	4467630497232487893
I/23/root/1/re	13857921097602952688
I/23/root/1/im	0
I/23/root/1/abs	4634549060748176880
I/23/root/2/re	13863595980814698977
I/23/root/2/im	9223372036854775808
I/23/root/2/abs	4640223943959923169
I/24/c2	13866020302720335872
I/24/c1	4667729414763668080
I/24/c0	13758184969279111168
I/24/root/0/re	13696963989991722880
I/24/root/0/im	0
I/24/root/0/abs	4473591953136947072
I/24/root/1/re	13857949586634124954
I/24/root/1/im	0
I/24/root/1/abs	4634577549779349146
I/24/root/2/re	13863581736299052434
I/24/root/2/im	9223372036854775808
I/24/root/2/abs	4640209699444276626
I/25/c2	13866020302720335872
I/25/c1	4667755916276913219
I/25/c0	4534604154315735040
I/25/root/0/re	4473423534909436371
I/25/root/0/im	0
I/25/root/0/abs	4473423534909436371
I/25/root/1/re	13857983204059640680
I/25/root/1/im	0
I/25/root/1/abs	4634611167204864872
I/25/root/2/re	13863564927586380964
I/25/root/2/im	9223372036854775808
I/25/root/2/abs	4640192890731605156
I/26/c2	13866020302720335872
I/26/c1	4667786670492536774
I/26/c0	13743399298878406656
I/26/root/0/re	13682525557734973473
I/26/root/0/im	0
I/26/root/0/abs	4459153520880197665
I/26/root/1/re	13858022621515269649
I/26/root/1/im	0
I/26/root/1/abs	4634650584660493841
I/26/root/2/re	13863545218858519262
I/26/root/2/im	9223372036854775808
I/26/root/2/abs	4640173182003743454
I/27/c2	13866020302720335872
I/27/c1	4667822155802204742
I/27/c0	4540187336431894528
I/27/root/0/re	4478986999469792968
I/27/root/0/im	0
I/27/root/0/abs	4478986999469792968
I/27/root/1/re	13858068662661895294
I/27/root/1/im	0
I/27/root/1/abs	4634696625807119486
I/27/root/2/re	13863522198285311664
I/27/root/2/im	9223372036854775808
I/27/root/2/abs	4640150161430535856
I/28/c2	13866020302720335872
I/28/c1	4667862930621016523
I/28/c0	13763228029914447872
I/28/root/0/re	13701866919572099386
I/28/root/0/im	0
I/28/root/0/abs	4478494882717323578
I/28/root/1/re	13858122337776549806
I/28/root/1/im	0
I/28/root/1/abs	4634750300921773998
I/28/root/2/re	13863495360727790387
I/28/root/2/im	9223372036854775808
I/28/root/2/abs	4640123323873014579
I/29/c2	13866020302720335872
I/29/c1	4667909652077375638
I/29/c0	4535782521966690304
I/29/root/0/re	4474526031791660735
I/29/root/0/im	0
I/29/root/0/abs	4474526031791660735
I/29/root/1/re	13858184903814650024
I/29/root/1/im	0
I/29/root/1/abs	4634812866959874216
I/29/root/2/re	13863464077708884314
I/29/root/2/im	9223372036854775808
I/29/root/2/abs	4640092040854108506
I/30/c2	13866020302720335872
I/30/c1	4667963100795515627
I/30/c0	4538781330535612416
I/30/root/0/re	4477528963775869488
I/30/root/0/im	0
I/30/root/0/abs	4477528963775869488
I/30/root/1/re	13858257951311052648
I/30/root/1/im	0
I/30/root/1/abs	4634885914456276840
I/30/root/2/re	13863427553960711770
I/30/root/2/im	9223372036854775808
I/30/root/2/abs	4640055517105935962
I/31/c2	13866020302720335872
I/31/c1	4668024213482277951
I/31/c0	4543728127668387840
I/31/root/0/re	4482277120092829557
I/31/root/0/im	0
I/31/root/0/abs	4482277120092829557
I/31/root/1/re	13858343532907257946
I/31/root/1/im	0
I/31/root/1/abs	4634971496052482138
I/31/root/2/re	13863384763162695612
I/31/root/2/im	9223372036854775808
I/31/root/2/abs	4640012726307919804
I/32/c2	13866020302720335872
I/32/c1	4668094126247526778
I/32/c0	4544723285661712384
I/32/root/0/re	4483259306597610959
I/32/root/0/im	0
I/32/root/0/abs	4483259306597610959
I/32/root/1/re	13858444360205234344
I/32/root/1/im	0
I/32/root/1/abs	4635072323350458536
I/32/root/2/re	13863334349513735999
I/32/root/2/im	9223372036854775808
I/32/root/2/abs	4639962312658960191
I/33/c2	13866020302720335872
I/33/c1	13740844077073563648
I/33/c0	13661408298253942784
I/33/root/0/re	13718305437591326312
I/33/root/0/im	0
I/33/root/0/abs	4494933400736550504
I/33/root/1/re	4495582095954935808
I/33/root/1/im	0
I/33/root/1/abs	4495582095954935808
I/33/root/2/re	13866020302720486908
I/33/root/2/im	9223372036854775808
I/33/root/2/abs	4642648265865711100
I/34/c2	13866020302720335872
I/34/c1	13748554846489804800
I/34/c0	4436831074022064128
I/34/root/0/re	13727246767524697296
I/34/root/0/im	0
I/34/root/0/abs	4503874730669921488
I/34/root/1/re	4504412889628540928
I/34/root/1/im	0
I/34/root/1/abs	4504412889628540928
I/34/root/2/re	13866020302720837072
I/34/root/2/im	9223372036854775808
I/34/root/2/abs	4642648265866061264
I/35/c2	13866020302720335872
I/35/c1	13736441862028263424
I/35/c0	13653118026373922816
I/35/root/0/re	13723495414793496954
I/35/root/0/im	0
I/35/root/0/abs	4500123377938721146
I/35/root/1/re	4500288931287269376
I/35/root/1/im	0
I/35/root/1/abs	4500288931287269376
I/35/root/2/re	13866020302720412964
I/35/root/2/im	9223372036854775808
I/35/root/2/abs	4642648265865637156
I/36/c2	13866020302720335872
I/36/c1	13745418543661318144
I/36/c0	4423798210997256192
I/36/root/0/re	13720275365665727084
I/36/root/0/im	0
I/36/root/0/abs	4496903328810951276
I/36/root/1/re	4498219618191540224
I/36/root/1/im	0
I/36/root/1/abs	4498219618191540224
I/36/root/2/re	13866020302720642345
I/36/root/2/im	9223372036854775808
I/36/root/2/abs	4642648265865866537
I/37/c2	13866020302720335872
I/37/c1	13741545965997785088
I/37/c0	4423764033367179264
I/37/root/0/re	13720520515037286112
I/37/root/0/im	0
I/37/root/0/abs	4497148478182510304
I/37/root/1/re	4497890758988136448
I/37/root/1/im	0
I/37/root/1/abs	4497890758988136448
I/37/root/2/re	13866020302720508698
I/37/root/2/im	9223372036854775808
I/37/root/2/abs	4642648265865732890
I/38/c2	13866020302720335872
I/38/c1	13734867007042486272
I/38/c0	13647201742067073024
I/38/root/0/re	4496323793518262644
I/38/root/0/im	0
I/38/root/0/abs	4496323793518262644
I/38/root/1/re	13719432652296028160
I/38/root/1/im	0
I/38/root/1/abs	4496060615441252352
I/38/root/2/re	13866020302720397148
I/38/root/2/im	9223372036854775808
I/38/root/2/abs	4642648265865621340
I/39/c2	13866020302720335872
I/39/c1	13743578985277685760
I/39/c0	4428850951310278656
I/39/root/0/re	13723225272473658762
I/39/root/0/im	0
I/39/root/0/abs	4499853235618882954
I/39/root/1/re	4500359910990544896
I/39/root/1/im	0
I/39/root/1/abs	4500359910990544896
I/39/root/2/re	13866020302720571812
I/39/root/2/im	9223372036854775808
I/39/root/2/abs	4642648265865796004
I/40/c2	13866020302720335872
I/40/c1	4512765111202480128
I/40/c0	4441437004846071808
I/40/root/0/re	4506254406005053512
I/40/root/0/im	0
I/40/root/0/abs	4506254406005053512
I/40/root/1/re	13729704141209468928
I/40/root/1/im	0
I/40/root/1/abs	4506332104354693120
I/40/root/2/re	13866020302720263510
I/40/root/2/im	9223372036854775808
I/40/root/2/abs	4642648265865487702
I/41/c2	13866020302720335872
I/41/c1	4521984725312602112
I/41/c0	4427628631870668800
I/41/root/0/re	4499224831215893670
I/41/root/0/im	0
I/41/root/0/abs	4499224831215893670
I/41/root/1/re	13723246774380920832
I/41/root/1/im	0
I/41/root/1/abs	4499874737526145024
I/41/root/2/re	13866020302720033236
I/41/root/2/im	9223372036854775808
I/41/root/2/abs	4642648265865257428
I/42/c2	13866020302720335872
I/42/c1	13746421089288847360
I/42/c0	13663793439249006592
I/42/root/0/re	13728620957853065652
I/42/root/0/im	0
I/42/root/0/abs	4505248920998289844
I/42/root/1/re	4505644829593567232
I/42/root/1/im	0
I/42/root/1/abs	4505644829593567232
I/42/root/2/re	13866020302720704591
I/42/root/2/im	9223372036854775808
I/42/root/2/abs	4642648265865928783
I/43/c2	13866020302720335872
I/43/c1	4505291636179206144
I/43/c0	4410337488271310848
I/43/root/0/re	4490769203422903091
I/43/root/0/im	0
I/43/root/0/abs	4490769203422903091
I/43/root/1/re	13714347763204882432
I/43/root/1/im	0
I/43/root/1/abs	4490975726350106624
I/43/root/2/re	13866020302720311830
I/43/root/2/im	9223372036854775808
I/43/root/2/abs	4642648265865536022
I/44/c2	13866020302720335872
I/44/c1	13726325310301929472
I/44/c0	4419805825816592384
I/44/root/0/re	13718917898491396219
I/44/root/0/im	0
I/44/root/0/abs	4495545861636620411
I/44/root/1/re	4495615536570302464
I/44/root/1/im	0
I/44/root/1/abs	4495615536570302464
I/44/root/2/re	13866020302720352094
I/44/root/2/im	9223372036854775808
I/44/root/2/abs	4642648265865576286
I/45/c2	13866020302720335872
I/45/c1	13739570758588301312
I/45/c0	13659753908405272576
I/45/root/0/re	13729197226183950250
I/45/root/0/im	0
I/45/root/0/abs	4505825189329174442
I/45/root/1/re	4505960114552832000
I/45/root/1/im	0
I/45/root/1/abs	4505960114552832000
I/45/root/2/re	13866020302720461531
I/45/root/2/im	9223372036854775808
I/45/root/2/abs	4642648265865685723
I/46/c2	13866020302720335872
I/46/c1	4525235152267247616
I/46/c0	4440283444032831488
I/46/root/0/re	4505311009631705046
I/46/root/0/im	0
I/46/root/0/abs	4505311009631705046
I/46/root/1/re	13729224695083958272
I/46/root/1/im	0
I/46/root/1/abs	4505852658229182464
I/46/root/2/re	13866020302719831422
I/46/root/2/im	9223372036854775808
I/46/root/2/abs	4642648265865055614
I/47/c2	13866020302720335872
I/47/c1	4519064408470585344
I/47/c0	13668686562129346560
I/47/root/0/re	4504190507463759234
I/47/root/0/im	0
I/47/root/0/abs	4504190507463759234
I/47/root/1/re	13727777796837605376
I/47/root/1/im	0
I/47/root/1/abs	4504405759982829568
I/47/root/2/re	13866020302720135402
I/47/root/2/im	9223372036854775808
I/47/root/2/abs	4642648265865359594
I/48/c2	13866020302720335872
I/48/c1	4519287769050120192
I/48/c0	13663737589796962304
I/48/root/0/re	13736865347229511910
I/48/root/0/im	0
I/48/root/0/abs	4513493310374736102
I/48/root/1/re	4513437635837952000
I/48/root/1/im	0
I/48/root/1/abs	4513437635837952000
I/48/root/2/re	13866020302720128468
I/48/root/2/im	9223372036854775808
I/48/root/2/abs	4642648265865352660
I/49/c2	13866020302720335872
I/49/c1	4524137434190970880
I/49/c0	13662353613899431936
I/49/root/0/re	13721448294487737280
I/49/root/0/im	0
I/49/root/0/abs	4498076257632961472
I/49/root/1/re	4496202390164209664
I/49/root/1/im	0
I/49/root/1/abs	4496202390164209664
I/49/root/2/re	13866020302719899578
I/49/root/2/im	9223372036854775808
I/49/root/2/abs	4642648265865123770
I/50/c2	13866020302720335872
I/50/c1	13742104086797352960
I/50/c0	4427471526924648448
I/50/root/0/re	13722634382331819776
I/50/root/0/im	0
I/50/root/0/abs	4499262345477043968
I/50/root/1/re	4499670693293588480
I/50/root/1/im	0
I/50/root/1/abs	4499670693293588480
I/50/root/2/re	13866020302720526024
I/50/root/2/im	9223372036854775808
I/50/root/2/abs	4642648265865750216
I/51/c2	13866020302720335872
I/51/c1	4522952399832219648
I/51/c0	4444318153341665280
I/51/root/0/re	4507818561839131755
I/51/root/0/im	0
I/51/root/0/abs	4507818561839131755
I/51/root/1/re	13731527663795830784
I/51/root/1/im	0
I/51/root/1/abs	4508155626941054976
I/51/root/2/re	13866020302719973154
I/51/root/2/im	9223372036854775808
I/51/root/2/abs	4642648265865197346
I/52/c2	13854479828675198976
I/52/c1	4652961978009911474
I/52/c0	4508694995846299648
I/52/root/0/re	4462806663307407575
I/52/root/0/im	0
I/52/root/0/abs	4462806663307407575
I/52/root/1/re	13849976229047860300
I/52/root/1/im	4628412340546521156
I/52/root/1/abs	4630058002285015910
I/52/root/2/re	13849976229047860300
I/52/root/2/im	13851784377401296964
I/52/root/2/abs	4630058002285015910
I/53/c2	13854479828675198976
I/53/c1	4653056659551684783
I/53/c0	4506659426295349248
I/53/root/0/re	4460436578262923878
I/53/root/0/im	0
I/53/root/0/abs	4460436578262923878
I/53/root/1/re	13849976229047851678
I/53/root/1/im	4628522041911888942
I/53/root/1/abs	4630101664618273203
I/53/root/2/re	13849976229047851678
I/53/root/2/im	13851894078766664750
I/53/root/2/abs	4630101664618273203
I/54/c2	13854479828675198976
I/54/c1	4653160436666853557
I/54/c0	13709878313936224256
I/54/root/0/re	13663886578937684667
I/54/root/0/im	0
I/54/root/0/abs	4440514542082908859
I/54/root/1/re	13849976229047827460
I/54/root/1/im	4628640542460254323
I/54/root/1/abs	4630149079186606278
I/54/root/2/re	13849976229047827460
I/54/root/2/im	13852012579315030131
I/54/root/2/abs	4630149079186606278
I/55/c2	13854479828675198976
I/55/c1	4653278119475925892
I/55/c0	4500695069937893376
I/55/root/0/re	4454496635593273783
I/55/root/0/im	0
I/55/root/0/abs	4454496635593273783
I/55/root/1/re	13849976229047837466
I/55/root/1/im	4628772818919162132
I/55/root/1/abs	4630202303694916043
I/55/root/2/re	13849976229047837466
I/55/root/2/im	13852144855773937940
I/55/root/2/abs	4630202303694916043
I/56/c2	13854479828675198976
I/56/c1	4653409304670515129
I/56/c0	4508428041474539520
I/56/root/0/re	4461697325387670715
I/56/root/0/im	0
I/56/root/0/abs	4461697325387670715
I/56/root/1/re	13849976229047856264
I/56/root/1/im	4628917764996332013
I/56/root/1/abs	4630260975635240323
I/56/root/2/re	13849976229047856264
I/56/root/2/im	13852289801851107821
I/56/root/2/abs	4630260975635240323
I/57/c2	13854479828675198976
I/57/c1	13718070325176958976
I/57/c0	13629696065342013440
I/57/root/0/re	4477262326647288672
I/57/root/0/im	0
I/57/root/0/abs	4477262326647288672
I/57/root/1/re	13697806688801783808
I/57/root/1/im	0
I/57/root/1/abs	4474434651947008000
I/57/root/2/re	13854479828675301188
I/57/root/2/im	9223372036854775808
I/57/root/2/abs	4631107791820525380
I/58/c2	13854479828675198976
I/58/c1	13719689532142518272
I/58/c0	13626760562332401664
I/58/root/0/re	13721185050940632708
I/58/root/0/im	0
I/58/root/0/abs	4497813014085856900
I/58/root/1/re	4497961315637133312
I/58/root/1/im	0
I/58/root/1/abs	4497961315637133312
I/58/root/2/re	13854479828675337093
I/58/root/2/im	9223372036854775808
I/58/root/2/abs	4631107791820561285
I/59/c2	13854479828675198976
I/59/c1	4478942340383244288
I/59/c0	13627548055975755776
I/59/root/0/re	13702955082507062896
I/59/root/0/im	0
I/59/root/0/abs	4479583045652287088
I/59/root/1/re	4479419519839764480
I/59/root/1/im	0
I/59/root/1/abs	4479419519839764480
I/59/root/2/re	13854479828675189458
I/59/root/2/im	9223372036854775808
I/59/root/2/abs	4631107791820413650
I/60/c2	13854479828675198976
I/60/c1	13718016427632361472
I/60/c0	13633576135416610816
I/60/root/0/re	13726419308873114242
I/60/root/0/im	0
I/60/root/0/abs	4503047272018338434
I/60/root/1/re	4503101504848134144
I/60/root/1/im	0
I/60/root/1/abs	4503101504848134144
I/60/root/2/re	13854479828675299992
I/60/root/2/im	9223372036854775808
I/60/root/2/abs	4631107791820524184
I/61/c2	13854479828675198976
I/61/c1	13720782847206227968
I/61/c0	13633744322678489088
I/61/root/0/re	13715663444578172460
I/61/root/0/im	0
I/61/root/0/abs	4492291407723396652
I/61/root/1/re	4492640073421946880
I/61/root/1/im	0
I/61/root/1/abs	4492640073421946880
I/61/root/2/re	13854479828675361336
I/61/root/2/im	9223372036854775808
I/61/root/2/abs	4631107791820585528
I/62/c2	13854479828675198976
I/62/c1	13713596189025239040
I/62/c0	13633639650122792960
I/62/root/0/re	13724581090908214866
I/62/root/0/im	0
I/62/root/0/abs	4501209054053439058
I/62/root/1/re	4501236666555432960
I/62/root/1/im	0
I/62/root/1/abs	4501236666555432960
I/62/root/2/re	13854479828675250408
I/62/root/2/im	9223372036854775808
I/62/root/2/abs	4631107791820474600
I/63/c2	13854479828675198976
I/63/c1	13712998774106750976
I/63/c0	4410367578547945472
I/63/root/0/re	13719770053744639990
I/63/root/0/im	0
I/63/root/0/abs	4496398016889864182
I/63/root/1/re	4496448880484810752
I/63/root/1/im	0
I/63/root/1/abs	4496448880484810752
I/63/root/2/re	13854479828675246346
I/63/root/2/im	9223372036854775808
I/63/root/2/abs	4631107791820470538
I/64/c2	13858701953325858816
I/64/c1	4656026360930239390
I/64/c0	13738639165552066560
I/64/root/0/re	13689699168755873037
I/64/root/0/im	0
I/64/root/0/abs	4466327131901097229
I/64/root/1/re	13854198353698460077
I/64/root/1/im	4625485130927622817
I/64/root/1/abs	4631314976603230863
I/64/root/2/re	13854198353698460077
I/64/root/2/im	13848857167782398625
I/64/root/2/abs	4631314976603230863
I/65/c2	13858701953325858816
I/65/c1	4656137414836206300
I/65/c0	4528862733419937792
I/65/root/0/re	4479826259327650109
I/65/root/0/im	0
I/65/root/0/abs	4479826259327650109
I/65/root/1/re	13854198353698713928
I/65/root/1/im	4625689516500443811
I/65/root/1/abs	4631355714571081177
I/65/root/2/re	13854198353698713928
I/65/root/2/im	13849061553355219619
I/65/root/2/abs	4631355714571081177
I/66/c2	13858701953325858816
I/66/c1	4656272516962869617
I/66/c0	4522735058120867840
I/66/root/0/re	4473490898943741152
I/66/root/0/im	0
I/66/root/0/abs	4473490898943741152
I/66/root/1/re	13854198353698574468
I/66/root/1/im	4625927411547931522
I/66/root/1/abs	4631404913745837759
I/66/root/2/re	13854198353698574468
I/66/root/2/im	13849299448402707330
I/66/root/2/abs	4631404913745837759
I/67/c2	13858701953325858816
I/67/c1	4656430302524121626
I/67/c0	4531547631133917184
I/67/root/0/re	4482189780525903704
I/67/root/0/im	0
I/67/root/0/abs	4482189780525903704
I/67/root/1/re	13854198353698814967
I/67/root/1/im	4626192235541262730
I/67/root/1/abs	4631461884297421522
I/67/root/2/re	13854198353698814967
I/67/root/2/im	13849564272396038538
I/67/root/2/abs	4631461884297421522
I/68/c2	13858701953325858816
I/68/c1	4656610189237705500
I/68/c0	4520989048923226112
I/68/root/0/re	4471554827558629253
I/68/root/0/im	0
I/68/root/0/abs	4471554827558629253
I/68/root/1/re	13854198353698550075
I/68/root/1/im	4626479386392787460
I/68/root/1/abs	4631526209230802108
I/68/root/2/re	13854198353698550075
I/68/root/2/im	13849851423247563268
I/68/root/2/abs	4631526209230802108
I/69/c2	13858701953325858816
I/69/c1	4503608034768977920
I/69/c0	4430993092077682688
I/69/root/0/re	4504588233594503154
I/69/root/0/im	0
I/69/root/0/abs	4504588233594503154
I/69/root/1/re	13728016670570577920
I/69/root/1/im	0
I/69/root/1/abs	4504644633715802112
I/69/root/2/re	13858701953325753763
I/69/root/2/im	9223372036854775808
I/69/root/2/abs	4635329916470977955
I/70/c2	13858701953325858816
I/70/c1	13732961740222627840
I/70/c0	4418988136672002048
I/70/root/0/re	13722037386986745657
I/70/root/0/im	0
I/70/root/0/abs	4498665350131969849
I/70/root/1/re	4499180192995999744
I/70/root/1/im	0
I/70/root/1/abs	4499180192995999744
I/70/root/2/re	13858701953326137751
I/70/root/2/im	9223372036854775808
I/70/root/2/abs	4635329916471361943
I/71/c2	13858701953325858816
I/71/c1	4514011148323913728
I/71/c0	4413916790736814080
I/71/root/0/re	4495465033471735496
I/71/root/0/im	0
I/71/root/0/abs	4495465033471735496
I/71/root/1/re	13720018654412668928
I/71/root/1/im	0
I/71/root/1/abs	4496646617557893120
I/71/root/2/re	13858701953325308598
I/71/root/2/im	9223372036854775808
I/71/root/2/abs	4635329916470532790
I/72/c2	13858701953325858816
I/72/c1	13710707928745377792
I/72/c0	4407108243357171712
I/72/root/0/re	13716086102617783324
I/72/root/0/im	0
I/72/root/0/abs	4492714065763007516
I/72/root/1/re	4492753155615883264
I/72/root/1/im	0
I/72/root/1/abs	4492753155615883264
I/72/root/2/re	13858701953325867917
I/72/root/2/im	9223372036854775808
I/72/root/2/abs	4635329916471092109
I/73/c2	13858701953325858816
I/73/c1	13729373589252079616
I/73/c0	4425941943922458624
I/73/root/0/re	13725428650545631708
I/73/root/0/im	0
I/73/root/0/abs	4502056613690855900
I/73/root/1/re	4502229252019585024
I/73/root/1/im	0
I/73/root/1/abs	4502229252019585024
I/73/root/2/re	13858701953326019598
I/73/root/2/im	9223372036854775808
I/73/root/2/abs	4635329916471243790
I/74/c2	13858701953325858816
I/74/c1	4508716982119432192
I/74/c0	13646220891980300288
I/74/root/0/re	4500288243252214714
I/74/root/0/im	0
I/74/root/0/abs	4500288243252214714
I/74/root/1/re	13723916147718356992
I/74/root/1/im	0
I/74/root/1/abs	4500544110863581184
I/74/root/2/re	13858701953325620520
I/74/root/2/im	9223372036854775808
I/74/root/2/abs	4635329916470844712
I/75/c2	13858701953325858816
I/75/c1	13727270737830477824
I/75/c0	4424622747202617344
I/75/root/0/re	13724796489235005932
I/75/root/0/im	0
I/75/root/0/abs	4501424452380230124
I/75/root/1/re	4501544519342227456
I/75/root/1/im	0
I/75/root/1/abs	4501544519342227456
I/75/root/2/re	13858701953325970638
I/75/root/2/im	9223372036854775808
I/75/root/2/abs	4635329916471194830
I/76/c2	13858701953325858816
I/76/c1	4506862148953047040
I/76/c0	4426635209363947520
I/76/root/0/re	4502369841864441419
I/76/root/0/im	0
I/76/root/0/abs	4502369841864441419
I/76/root/1/re	13725936031646089216
I/76/root/1/im	0
I/76/root/1/abs	4502563994791313408
I/76/root/2/re	13858701953325677997
I/76/root/2/im	9223372036854775808
I/76/root/2/abs	4635329916470902189
I/77/c2	13858701953325858816
I/77/c1	13736159131042054144
I/77/c0	4429050179106111488
I/77/root/0/re	13727197380614239426
I/77/root/0/im	0
I/77/root/0/abs	4503825343759463618
I/77/root/1/re	4504059537031954432
I/77/root/1/im	0
I/77/root/1/abs	4504059537031954432
I/77/root/2/re	13858701953326295034
I/77/root/2/im	9223372036854775808
I/77/root/2/abs	4635329916471519226
I/78/c2	13858701953325858816
I/78/c1	13722975837106470912
I/78/c0	13632979033330286592
I/78/root/0/re	4500765643555507154
I/78/root/0/im	0
I/78/root/0/abs	4500765643555507154
I/78/root/1/re	13724075037885988864
I/78/root/1/im	0
I/78/root/1/abs	4500703001031213056
I/78/root/2/re	13858701953325917156
I/78/root/2/im	9223372036854775808
I/78/root/2/abs	4635329916471141348
I/79/c2	13858701953325858816
I/79/c1	13727664732360409088
I/79/c0	4418701552693280768
I/79/root/0/re	13721966971639660543
I/79/root/0/im	0
I/79/root/0/abs	4498594934784884735
I/79/root/1/re	4498854768692690944
I/79/root/1/im	0
I/79/root/1/abs	4498854768692690944
I/79/root/2/re	13858701953325979811
I/79/root/2/im	9223372036854775808
I/79/root/2/abs	4635329916471204003
I/80/c2	13858701953325858816
I/80/c1	13724749972132331520
I/80/c0	13654858165920464896
I/80/root/0/re	4506709968646100924
I/80/root/0/im	0
I/80/root/0/abs	4506709968646100924
I/80/root/1/re	13730039596140462080
I/80/root/1/im	0
I/80/root/1/abs	4506667559285686272
I/80/root/2/re	13858701953325937810
I/80/root/2/im	9223372036854775808
I/80/root/2/abs	4635329916471162002
I/81/c2	13857013103465594880
I/81/c1	4657151665007239940
I/81/c0	4517135395246309376
I/81/root/0/re	4466831957343788189
I/81/root/0/im	0
I/81/root/0/abs	4466831957343788189
I/81/root/1/re	13852509503838284544
I/81/root/1/im	4630355153141836702
I/81/root/1/abs	4631862757987688670
I/81/root/2/re	13852509503838284544
I/81/root/2/im	13853727189996612510
I/81/root/2/abs	4631862757987688670
I/82/c2	13858701953325858816
I/82/c1	4661666156479527396
I/82/c0	4532396559605694464
I/82/root/0/re	4477793886768703252
I/82/root/0/im	0
I/82/root/0/abs	4477793886768703252
I/82/root/1/re	13854198353698654778
I/82/root/1/im	4632771411376528137
I/82/root/1/abs	4634419149295455373
I/82/root/2/re	13854198353698654778
I/82/root/2/im	13856143448231303945
I/82/root/2/abs	4634419149295455373
I/83/c2	13855605728582041600
I/83/c1	4652618757622194862
I/83/c0	4521047231259738112
I/83/root/0/re	4475322186668764474
I/83/root/0/im	0
I/83/root/0/abs	4475322186668764474
I/83/root/1/re	13851102128954896698
I/83/root/1/im	4626924105825471829
I/83/root/1/abs	4629896327087908245
I/83/root/2/re	13851102128954896698
I/83/root/2/im	13850296142680247637
I/83/root/2/abs	4629896327087908245
I/84/c2	13854198353698488320
I/84/c1	4652680564263400987
I/84/c0	13738139890770509824
I/84/root/0/re	13692483635188004677
I/84/root/0/im	0
I/84/root/0/abs	4469111598333228869
I/84/root/1/re	13849694754071029867
I/84/root/1/im	4628293461959888359
I/84/root/1/abs	4629925849400909084
I/84/root/2/re	13849694754071029867
I/84/root/2/im	13851665498814664167
I/84/root/2/abs	4629925849400909084
I/85/c2	13858350109604970496
I/85/c1	4658978551910841488
I/85/c0	4521619059392905216
I/85/root/0/re	4469074528806885129
I/85/root/0/im	0
I/85/root/0/abs	4469074528806885129
I/85/root/1/re	13853846509977643709
I/85/root/1/im	4630944534125573995
I/85/root/1/abs	4633000015338651875
I/85/root/2/re	13853846509977643709
I/85/root/2/im	13854316570980349803
I/85/root/2/abs	4633000015338651875
I/86/c2	13858350109604970496
I/86/c1	4658862449603141986
I/86/c0	4518168921647349760
I/86/root/0/re	4466104064235067375
I/86/root/0/im	0
I/86/root/0/abs	4466104064235067375
I/86/root/1/re	13853846509977627432
I/86/root/1/im	4630852831098222887
I/86/root/1/abs	4632932716925086509
I/86/root/2/re	13853846509977627432
I/86/root/2/im	13854224867952998695
I/86/root/2/abs	4632932716925086509
I/87/c2	13857013103465594880
I/87/c1	4656905454636932651
I/87/c0	4522420219796258816
I/87/root/0/re	4472672810802389023
I/87/root/0/im	0
I/87/root/0/abs	4472672810802389023
I/87/root/1/re	13852509503838372871
I/87/root/1/im	4630135517816273078
I/87/root/1/abs	4631694285990604602
I/87/root/2/re	13852509503838372871
I/87/root/2/im	13853507554671048886
I/87/root/2/abs	4631694285990604602
I/88/c2	13857013103465594880
I/88/c1	4656984730369925002
I/88/c0	4531076802994503680
I/88/root/0/re	4481263861007022729
I/88/root/0/im	0
I/88/root/0/abs	4481263861007022729
I/88/root/1/re	13852509503838769887
I/88/root/1/im	4630207287848322134
I/88/root/1/abs	4631749004088615454
I/88/root/2/re	13852509503838769887
I/88/root/2/im	13853579324703097942
I/88/root/2/abs	4631749004088615454
I/89/c2	13857013103465594880
I/89/c1	4657046616709892403
I/89/c0	4523779786174103552
I/89/root/0/re	4473791806424938025
I/89/root/0/im	0
I/89/root/0/abs	4473791806424938025
I/89/root/1/re	13852509503838405438
I/89/root/1/im	4630262608226434766
I/89/root/1/abs	4631791404042614580
I/89/root/2/re	13852509503838405438
I/89/root/2/im	13853634645081210574
I/89/root/2/abs	4631791404042614580
I/90/c2	13857013103465594880
I/90/c1	4657132477042649433
I/90/c0	4521896168170455040
I/90/root/0/re	4471839226540930046
I/90/root/0/im	0
I/90/root/0/abs	4471839226540930046
I/90/root/1/re	13852509503838352033
I/90/root/1/im	4630338373371539403
I/90/root/1/abs	4631849781709325143
I/90/root/2/re	13852509503838352033
I/90/root/2/im	13853710410226315211
I/90/root/2/abs	4631849781709325143
I/91/c2	13857013103465594880
I/91/c1	4657234704399690738
I/91/c0	13738852031144132608
I/91/root/0/re	13688558492965560722
I/91/root/0/im	0
I/91/root/0/abs	4465186456110784914
I/91/root/1/re	13852509503838176197
I/91/root/1/im	4630427150082135810
I/91/root/1/abs	4631918626402148527
I/91/root/2/re	13852509503838176197
I/91/root/2/im	13853799186936911618
I/91/root/2/abs	4631918626402148527
I/92/c2	13857013103465594880
I/92/c1	4657354813802527144
I/92/c0	13749537361136451584
I/92/root/0/re	13698924033338079997
I/92/root/0/im	0
I/92/root/0/abs	4475551996483304189
I/92/root/1/re	13852509503837992101
I/92/root/1/im	4630529568028917351
I/92/root/1/abs	4631998623452001654
I/92/root/2/re	13852509503837992101
I/92/root/2/im	13853901604883693159
I/92/root/2/abs	4631998623452001654
I/93/c2	13857013103465594880
I/93/c1	4657496761293206605
I/93/c0	13743158520411324416
I/93/root/0/re	13692565106797603530
I/93/root/0/im	0
I/93/root/0/abs	4469193069942827722
I/93/root/1/re	13852509503838135241
I/93/root/1/im	4630648127204223550
I/93/root/1/abs	4632091968949140874
I/93/root/2/re	13852509503838135241
I/93/root/2/im	13854020164058999358
I/93/root/2/abs	4632091968949140874
J/0/c2	13857013103465594880
J/0/c1	4501921540897168697
J/0/c0	13654324863199743466
J/0/root/0/re	4513252114019238626
J/0/root/0/im	0
J/0/root/0/abs	4513252114019238626
J/0/root/1/re	13736639419920678912
J/0/root/1/im	0
J/0/root/1/abs	4513267383065903104
J/0/root/2/re	13857013103465367353
J/0/root/2/im	9223372036854775808
J/0/root/2/abs	4633641066610591545
J/1/c2	13857013103465594880
J/1/c1	4487126258331716666
J/1/c0	13620719926542150555
J/1/root/0/re	13700804260519835788
J/1/root/0/im	0
J/1/root/0/abs	4477432223665059980
J/1/root/1/re	4477029241690521600
J/1/root/1/im	0
J/1/root/1/abs	4477029241690521600
J/1/root/2/re	13857013103465571423
J/1/root/2/im	9223372036854775808
J/1/root/2/abs	4633641066610795615
J/2/c2	13857013103465594880
J/2/c1	0
J/2/c0	0
J/2/root/0/re	0
J/2/root/0/im	0
J/2/root/0/abs	0
J/2/root/1/re	0
J/2/root/1/im	0
J/2/root/1/abs	0
J/2/root/2/re	13857013103465594880
J/2/root/2/im	9223372036854775808
J/2/root/2/abs	4633641066610819072
J/3/c2	0
J/3/c1	4607182418800017408
J/3/c0	13830554455654793216
J/3/root/0/re	13827693118886181017
J/3/root/0/im	0
J/3/root/0/abs	4604321082031405209
J/3/root/1/re	4599817482404034713
J/3/root/1/im	4607909936588849940
J/3/root/1/abs	4608130911984425979
J/3/root/2/re	4599817482404034713
J/3/root/2/im	13831281973443625748
J/3/root/2/abs	4608130911984425979
J/4/c2	13837309855095848960
J/4/c1	4613937818241073152
J/4/c0	13830554455654793216
J/4/root/0/re	13830554410296413047
J/4/root/0/im	0
J/4/root/0/abs	4607182373441637239
J/4/root/1/re	13830554466994388258
J/4/root/1/im	4526762769171915052
J/4/root/1/abs	4607182430139655278
J/4/root/2/re	13830554466994388258
J/4/root/2/im	13750134806026690860
J/4/root/2/abs	4607182430139655278
J/5/c2	13835058055282163712
J/5/c1	4617315517961601024
J/5/c0	13845191154443747328
J/5/root/0/re	13835058055282163712
J/5/root/0/im	0
J/5/root/0/abs	4611686018427387904
J/5/root/1/re	0
J/5/root/1/im	4612217596255138984
J/5/root/1/abs	4612217596255138984
J/5/root/2/re	9223372036854775808
J/5/root/2/im	13835589633109914792
J/5/root/2/abs	4612217596255138984
J/6/c2	13841813454723219456
J/6/c1	4622382067542392832
J/6/c0	13841813454723219456
J/6/root/0/re	13830554455654793217
J/6/root/0/im	0
J/6/root/0/abs	4607182418800017409
J/6/root/1/re	13835058055282163708
J/6/root/1/im	0
J/6/root/1/abs	4611686018427387900
J/6/root/2/re	13837309855095848962
J/6/root/2/im	9223372036854775808
J/6/root/2/abs	4613937818241073154
J/7/c2	4607182418800017408
J/7/c1	13830554455654793216
J/7/c0	4607182418800017408
J/7/root/0/re	4610962230318056897
J/7/root/0/im	0
J/7/root/0/abs	4610962230318056897
J/7/root/1/re	13824603279808760706
J/7/root/1/im	4603636200949547876
J/7/root/1/abs	4604816702287082095
J/7/root/2/re	13824603279808760706
J/7/root/2/im	13827008237804323684
J/7/root/2/abs	4604816702287082095
J/8/c2	13866020302720335872
J/8/c1	4547007122018943789
J/8/c0	13695778570484766357
J/8/root/0/re	13748007614375616548
J/8/root/0/im	0
J/8/root/0/abs	4524635577520840740
J/8/root/1/re	4523651751068303360
J/8/root/1/im	0
J/8/root/1/abs	4523651751068303360
J/8/root/2/re	13866020302705675716
J/8/root/2/im	9223372036854775808
J/8/root/2/abs	4642648265850899908
K/0/n_rows	1
K/0/n	0
K/0/live	0
K/0/holds	1
K/0/tightest?	0
K/0/worst_pred_err?	0
K/0/inc/n	0
K/0/inc/n_rows	0
K/0/inc/all_complex?	0
K/0/inc/zeta_lo?	0
K/0/inc/max_c0_rel?	0
K/0/phi/n	0
K/0/phi/n_rows	0
K/0/phi/all_complex?	0
K/0/phi/zeta_lo?	0
K/0/phi/max_c0_rel?	0
K/1/n	72
K/1/live	0
K/1/n_off	1
K/1/off/0	8965597144586026965
K/1/holds	1
K/1/tightest?	0
