A/Tt4_max	4652992471259676672
A/arm0/clip/arrested	0
A/arm0/clip/breach	13795608000401718528
A/arm0/clip/failed?	0
A/arm0/clip/first_gov	4596553923679423041
A/arm0/clip/first_gov?	1
A/arm0/clip/handovers/0	4596553923679423041
A/arm0/clip/handovers/n	1
A/arm0/clip/ic_iters	1
A/arm0/clip/max_Tt4	4653359076125231290
A/arm0/clip/max_clip	4576689421494617604
A/arm0/clip/min_phi	4605337338781934368
A/arm0/clip/n	341
A/arm0/clip/overshoot	4635566094785743776
A/arm0/dTt4_coord	13867064509717488346
A/arm0/dTt4_coord?	1
A/arm0/dTt4_floor	0
A/arm0/dTt4_floor?	1
A/arm0/demand-latched/arrested	1
A/arm0/demand-latched/breach	13596367275031527424
A/arm0/demand-latched/failed?	0
A/arm0/demand-latched/first_gov?	0
A/arm0/demand-latched/handovers/n	0
A/arm0/demand-latched/ic_iters	1
A/arm0/demand-latched/max_Tt4	4652007308841189383
A/arm0/demand-latched/max_clip	4579201576202627243
A/arm0/demand-latched/min_phi	4605380978949069208
A/arm0/demand-latched/n	341
A/arm0/demand-latched/overshoot	13864612927836782564
A/arm0/demand/arrested	1
A/arm0/demand/breach	13596367275031527424
A/arm0/demand/failed?	0
A/arm0/demand/first_gov?	0
A/arm0/demand/handovers/n	0
A/arm0/demand/ic_iters	2
A/arm0/demand/max_Tt4	4652007308841189383
A/arm0/demand/max_clip	4579201576202627243
A/arm0/demand/min_phi	4605380978949069208
A/arm0/demand/n	341
A/arm0/demand/overshoot	13864612927836782564
A/arm0/dphi_coord	4572235963546942464
A/arm0/dphi_coord?	1
A/arm0/holds_redline	1
A/arm0/holds_redline?	1
A/arm0/inc	0
A/arm0/phi_lim	4605380978949069210
A/arm0/sm	4601859982876761368
A/arm1/clip/arrested	0
A/arm1/clip/breach	13793746550635597568
A/arm1/clip/failed?	0
A/arm1/clip/first_gov	4595653203753948941
A/arm1/clip/first_gov?	1
A/arm1/clip/handovers/0	4595653203753948941
A/arm1/clip/handovers/n	1
A/arm1/clip/ic_iters	1
A/arm1/clip/max_Tt4	4653349212473004199
A/arm1/clip/max_clip	4576581169276482805
A/arm1/clip/min_phi	4604988549997416643
A/arm1/clip/n	341
A/arm1/clip/overshoot	4635408276350110320
A/arm1/dTt4_coord	13858943516266985664
A/arm1/dTt4_coord?	1
A/arm1/dTt4_floor	4599673587373367296
A/arm1/dTt4_floor?	1
A/arm1/demand-latched/arrested	0
A/arm1/demand-latched/breach	4573464675255955072
A/arm1/demand-latched/failed?	0
A/arm1/demand-latched/first_gov	4605020690978879575
A/arm1/demand-latched/first_gov?	1
A/arm1/demand-latched/handovers/0	4605020690978879575
A/arm1/demand-latched/handovers/n	1
A/arm1/demand-latched/ic_iters	1
A/arm1/demand-latched/max_Tt4	4652980805744209645
A/arm1/demand-latched/max_clip	4577981160225406105
A/arm1/demand-latched/min_phi	4605073930456241071
A/arm1/demand-latched/n	341
A/arm1/demand-latched/overshoot	13836527199573911040
A/arm1/demand/arrested	0
A/arm1/demand/breach	4562219339365880320
A/arm1/demand/failed?	0
A/arm1/demand/first_gov	4603804719079489540
A/arm1/demand/first_gov?	1
A/arm1/demand/handovers/0	4603804719079489540
A/arm1/demand/handovers/n	1
A/arm1/demand/ic_iters	2
A/arm1/demand/max_Tt4	4652982271068295451
A/arm1/demand/max_clip	4577569406865336474
A/arm1/demand/min_phi	4605029629487604059
A/arm1/demand/n	341
A/arm1/demand/overshoot	13835776953641978368
A/arm1/dphi_coord	4571908196897672192
A/arm1/dphi_coord?	1
A/arm1/holds_redline	1
A/arm1/holds_redline?	1
A/arm1/inc	0
A/arm1/phi_lim	4605020690978879570
A/arm1/sm	4600549844803344492
A/arm2/clip/arrested	0
A/arm2/clip/breach	4586356947373818544
A/arm2/clip/failed?	0
A/arm2/clip/first_gov	4592590756007337003
A/arm2/clip/first_gov?	1
A/arm2/clip/handovers/n	0
A/arm2/clip/ic_iters	1
A/arm2/clip/max_Tt4	4653340721792536557
A/arm2/clip/max_clip	4576560983171018783
A/arm2/clip/min_phi	4604867516919721617
A/arm2/clip/n	341
A/arm2/clip/overshoot	4635272425462628048
A/arm2/dTt4_coord	13858774494157441824
A/arm2/dTt4_coord?	1
A/arm2/dTt4_floor	4595481779336658944
A/arm2/dTt4_floor?	1
A/arm2/demand-latched/arrested	0
A/arm2/demand-latched/breach	4587345640873866576
A/arm2/demand-latched/failed?	0
A/arm2/demand-latched/first_gov	4597094355634707501
A/arm2/demand-latched/first_gov?	1
A/arm2/demand-latched/handovers/0	4597094355634707501
A/arm2/demand-latched/handovers/n	1
A/arm2/demand-latched/ic_iters	1
A/arm2/demand-latched/max_Tt4	4652983573547134489
A/arm2/demand-latched/max_clip	4577074256252727508
A/arm2/demand-latched/min_phi	4604929310263474619
A/arm2/demand-latched/n	341
A/arm2/demand-latched/overshoot	13835110084476390912
A/arm2/demand/arrested	0
A/arm2/demand/breach	4586852873990843392
A/arm2/demand/failed?	0
A/arm2/demand/first_gov	4592590756007337003
A/arm2/demand/first_gov?	1
A/arm2/demand/handovers/n	0
A/arm2/demand/ic_iters	2
A/arm2/demand/max_Tt4	4652984344269674299
A/arm2/demand/max_clip	4576971405094057039
A/arm2/demand/min_phi	4604898512333285670
A/arm2/demand/n	341
A/arm2/demand/overshoot	13834372893789852672
A/arm2/dphi_coord	4570081248398710016
A/arm2/dphi_coord?	1
A/arm2/holds_redline	1
A/arm2/holds_redline?	1
A/arm2/inc	0
A/arm2/phi_lim	4604480259023595110
A/arm2/sm	4598584637693219184
A/arm3/clip/arrested	0
A/arm3/clip/breach	13799494821778932608
A/arm3/clip/failed?	0
A/arm3/clip/first_gov	4597995075560181601
A/arm3/clip/first_gov?	1
A/arm3/clip/handovers/0	4597995075560181601
A/arm3/clip/handovers/n	1
A/arm3/clip/ic_iters	1
A/arm3/clip/max_Tt4	4653356460107733118
A/arm3/clip/max_clip	4576712158731418038
A/arm3/clip/min_phi	4605303335774958220
A/arm3/clip/n	341
A/arm3/clip/overshoot	4635524238505773024
A/arm3/dTt4_coord	13867054045647495668
A/arm3/dTt4_coord?	1
A/arm3/dTt4_floor	0
A/arm3/dTt4_floor?	1
A/arm3/demand-latched/arrested	1
A/arm3/demand-latched/breach	13596367275031527424
A/arm3/demand-latched/failed?	0
A/arm3/demand-latched/first_gov?	0
A/arm3/demand-latched/handovers/n	0
A/arm3/demand-latched/ic_iters	1
A/arm3/demand-latched/max_Tt4	4652007308841189378
A/arm3/demand-latched/max_clip	4579201576202627272
A/arm3/demand-latched/min_phi	4605380978949069208
A/arm3/demand-latched/n	341
A/arm3/demand-latched/overshoot	13864612927836782584
A/arm3/demand/arrested	1
A/arm3/demand/breach	13596367275031527424
A/arm3/demand/failed?	0
A/arm3/demand/first_gov?	0
A/arm3/demand/handovers/n	0
A/arm3/demand/ic_iters	2
A/arm3/demand/max_Tt4	4652007308841189378
A/arm3/demand/max_clip	4579201576202627272
A/arm3/demand/min_phi	4605380978949069208
A/arm3/demand/n	341
A/arm3/demand/overshoot	13864612927836782584
A/arm3/dphi_coord	4576122784924156672
A/arm3/dphi_coord?	1
A/arm3/holds_redline	1
A/arm3/holds_redline?	1
A/arm3/inc	1
A/arm3/phi_lim	4605380978949069210
A/arm3/sm	4601859982876761368
A/arm4/clip/arrested	0
A/arm4/clip/breach	13797486353624130688
A/arm4/clip/failed?	0
A/arm4/clip/first_gov	4596553923679423041
A/arm4/clip/first_gov?	1
A/arm4/clip/handovers/0	4596553923679423041
A/arm4/clip/handovers/n	1
A/arm4/clip/ic_iters	1
A/arm4/clip/max_Tt4	4653340206478063100
A/arm4/clip/max_clip	4576586499435763520
A/arm4/clip/min_phi	4604962376177194633
A/arm4/clip/n	341
A/arm4/clip/overshoot	4635264180431052736
A/arm4/dTt4_coord	13858799420347928080
A/arm4/dTt4_coord?	1
A/arm4/dTt4_floor	4599673587373367296
A/arm4/dTt4_floor?	1
A/arm4/demand-latched/arrested	0
A/arm4/demand-latched/breach	4573464675255955072
A/arm4/demand-latched/failed?	0
A/arm4/demand-latched/first_gov	4605020690978879575
A/arm4/demand-latched/first_gov?	1
A/arm4/demand-latched/handovers/0	4605020690978879575
A/arm4/demand-latched/handovers/n	1
A/arm4/demand-latched/ic_iters	1
A/arm4/demand-latched/max_Tt4	4652980805744209645
A/arm4/demand-latched/max_clip	4577981160225406105
A/arm4/demand-latched/min_phi	4605073930456241071
A/arm4/demand-latched/n	341
A/arm4/demand-latched/overshoot	13836527199573911040
A/arm4/demand/arrested	0
A/arm4/demand/breach	4562219339365880320
A/arm4/demand/failed?	0
A/arm4/demand/first_gov	4603804719079489540
A/arm4/demand/first_gov?	1
A/arm4/demand/handovers/0	4603804719079489540
A/arm4/demand/handovers/n	1
A/arm4/demand/ic_iters	2
A/arm4/demand/max_Tt4	4652982271068295451
A/arm4/demand/max_clip	4577569406865336474
A/arm4/demand/min_phi	4605029629487604059
A/arm4/demand/n	341
A/arm4/demand/overshoot	13835776953641978368
A/arm4/dphi_coord	4575258445886089472
A/arm4/dphi_coord?	1
A/arm4/holds_redline	1
A/arm4/holds_redline?	1
A/arm4/inc	1
A/arm4/phi_lim	4605020690978879570
A/arm4/sm	4600549844803344492
A/arm5/clip/arrested	0
A/arm5/clip/breach	4586356947373818544
A/arm5/clip/failed?	0
A/arm5/clip/first_gov	4592590756007337003
A/arm5/clip/first_gov?	1
A/arm5/clip/handovers/n	0
A/arm5/clip/ic_iters	1
A/arm5/clip/max_Tt4	4653340721792536557
A/arm5/clip/max_clip	4576560983171018783
A/arm5/clip/min_phi	4604867516919721617
A/arm5/clip/n	341
A/arm5/clip/overshoot	4635272425462628048
A/arm5/dTt4_coord	13858774494157441824
A/arm5/dTt4_coord?	1
A/arm5/dTt4_floor	4595481779336658944
A/arm5/dTt4_floor?	1
A/arm5/demand-latched/arrested	0
A/arm5/demand-latched/breach	4587345640873866576
A/arm5/demand-latched/failed?	0
A/arm5/demand-latched/first_gov	4597094355634707501
A/arm5/demand-latched/first_gov?	1
A/arm5/demand-latched/handovers/0	4597094355634707501
A/arm5/demand-latched/handovers/n	1
A/arm5/demand-latched/ic_iters	1
A/arm5/demand-latched/max_Tt4	4652983573547134489
A/arm5/demand-latched/max_clip	4577074256252727508
A/arm5/demand-latched/min_phi	4604929310263474619
A/arm5/demand-latched/n	341
A/arm5/demand-latched/overshoot	13835110084476390912
A/arm5/demand/arrested	0
A/arm5/demand/breach	4586852873990843392
A/arm5/demand/failed?	0
A/arm5/demand/first_gov	4592590756007337003
A/arm5/demand/first_gov?	1
A/arm5/demand/handovers/n	0
A/arm5/demand/ic_iters	2
A/arm5/demand/max_Tt4	4652984344269674299
A/arm5/demand/max_clip	4576971405094057039
A/arm5/demand/min_phi	4604898512333285670
A/arm5/demand/n	341
A/arm5/demand/overshoot	13834372893789852672
A/arm5/dphi_coord	4570081248398710016
A/arm5/dphi_coord?	1
A/arm5/holds_redline	1
A/arm5/holds_redline?	1
A/arm5/inc	1
A/arm5/phi_lim	4604480259023595110
A/arm5/sm	4598584637693219184
A/arrested/0/inc	0
A/arrested/0/phi	4605380978949069210
A/arrested/1/inc	1
A/arrested/1/phi	4605380978949069210
A/arrested/n	2
A/ds	4572414629676717179
A/floors/0	4605380978949069210
A/floors/1	4605020690978879570
A/floors/2	4604480259023595110
A/floors/n	3
A/n_arms	6
A/redline_flips/0/inc	0
A/redline_flips/0/phi	4605380978949069210
A/redline_flips/1/inc	0
A/redline_flips/1/phi	4605020690978879570
A/redline_flips/2/inc	0
A/redline_flips/2/phi	4604480259023595110
A/redline_flips/3/inc	1
A/redline_flips/3/phi	4605380978949069210
A/redline_flips/4/inc	1
A/redline_flips/4/phi	4605020690978879570
A/redline_flips/5/inc	1
A/redline_flips/5/phi	4604480259023595110
A/redline_flips/n	6
A/taus/0	4587366580439587226
A/taus/1	4587366580439587226
A/taus/2	4587366580439587226
A/taus/3	4587366580439587226
B/biggest_moved	4648162355600353446
B/biggest_moved?	1
B/ds	4566758108544739836
B/inc	0
B/min_sign_changed	6
B/min_sign_changed?	1
B/n	41
B/phi_lim	4605380978949069210
B/row0/authority	9674992558986367437
B/row0/biggest_moved	4648162355600353446
B/row0/mask_leak_g	0
B/row0/mask_leak_g?	1
B/row0/mask_leak_w	0
B/row0/mask_leak_w?	1
B/row0/n_sign_changed	6
B/row0/pairs_gap	0
B/row0/poly_gap	0
B/row0/poly_scale	4652992471259724662
B/row0/s	4592734871195412863
B/row0/worst_flip	0
B/row0/worst_keep	0
B/row1/authority	9674992558986367437
B/row1/biggest_moved	4648123737050377860
B/row1/mask_leak_g	0
B/row1/mask_leak_g?	1
B/row1/mask_leak_w	0
B/row1/mask_leak_w?	1
B/row1/n_sign_changed	6
B/row1/pairs_gap	0
B/row1/poly_gap	0
B/row1/poly_scale	4652992471258772830
B/row1/s	4593311331947716287
B/row1/worst_flip	0
B/row1/worst_keep	0
B/row10/authority	9674992558986367437
B/row10/biggest_moved	4647759036393438163
B/row10/mask_leak_g	0
B/row10/mask_leak_g?	1
B/row10/mask_leak_w	0
B/row10/mask_leak_w?	1
B/row10/n_sign_changed	6
B/row10/pairs_gap	0
B/row10/poly_gap	4519645297339181739
B/row10/poly_scale	4652992471259398451
B/row10/s	4596085549318176511
B/row10/worst_flip	4460592474489162706
B/row10/worst_keep	0
B/row11/authority	9674992558986367437
B/row11/biggest_moved	4647716792392894950
B/row11/mask_leak_g	0
B/row11/mask_leak_g?	1
B/row11/mask_leak_w	0
B/row11/mask_leak_w?	1
B/row11/n_sign_changed	6
B/row11/pairs_gap	0
B/row11/poly_gap	4518920172283974997
B/row11/poly_scale	4652992471259073729
B/row11/s	4596373779694328223
B/row11/worst_flip	4457731732169800801
B/row11/worst_keep	0
B/row12/authority	15345845413248555367
B/row12/biggest_moved	4647654460991610880
B/row12/mask_leak_g	0
B/row12/mask_leak_g?	1
B/row12/mask_leak_w	0
B/row12/mask_leak_w?	1
B/row12/n_sign_changed	6
B/row12/pairs_gap	4450310230814752768
B/row12/poly_gap	4527687912570001468
B/row12/poly_scale	4669560729263203816
B/row12/s	4596662010070479935
B/row12/worst_flip	4463947443149920146
B/row12/worst_keep	0
B/row13/authority	15345845413248555367
B/row13/biggest_moved	4647605694199179240
B/row13/mask_leak_g	0
B/row13/mask_leak_g?	1
B/row13/mask_leak_w	0
B/row13/mask_leak_w?	1
B/row13/n_sign_changed	6
B/row13/pairs_gap	4436498099174637568
B/row13/poly_gap	4517819838093105616
B/row13/poly_scale	4669563625204954341
B/row13/s	4596950240446631647
B/row13/worst_flip	4450147708000226729
B/row13/worst_keep	0
B/row14/authority	15345845413248555367
B/row14/biggest_moved	4647558012656405802
B/row14/mask_leak_g	0
B/row14/mask_leak_g?	1
B/row14/mask_leak_w	0
B/row14/mask_leak_w?	1
B/row14/n_sign_changed	6
B/row14/pairs_gap	4429981963771707392
B/row14/poly_gap	4519430514274507728
B/row14/poly_scale	4669566265413112689
B/row14/s	4597238470822783359
B/row14/worst_flip	4453203319923996764
B/row14/worst_keep	0
B/row15/authority	15345845413248555367
B/row15/biggest_moved	4647511336194821330
B/row15/mask_leak_g	0
B/row15/mask_leak_g?	1
B/row15/mask_leak_w	0
B/row15/mask_leak_w?	1
B/row15/n_sign_changed	6
B/row15/pairs_gap	4438795820778651648
B/row15/poly_gap	4519192859997728784
B/row15/poly_scale	4669568711890372336
B/row15/s	4597526701198935071
B/row15/worst_flip	4452562529362187719
B/row15/worst_keep	0
B/row16/authority	15345845413248555367
B/row16/biggest_moved	4647465585321737833
B/row16/mask_leak_g	0
B/row16/mask_leak_g?	1
B/row16/mask_leak_w	0
B/row16/mask_leak_w?	1
B/row16/n_sign_changed	6
B/row16/pairs_gap	0
B/row16/poly_gap	0
B/row16/poly_scale	4669571009725306936
B/row16/s	4597814931575086783
B/row16/worst_flip	0
B/row16/worst_keep	0
B/row17/authority	15345845413248555367
B/row17/biggest_moved	4647420684430746622
B/row17/mask_leak_g	0
B/row17/mask_leak_g?	1
B/row17/mask_leak_w	0
B/row17/mask_leak_w?	1
B/row17/n_sign_changed	6
B/row17/pairs_gap	0
B/row17/poly_gap	0
B/row17/poly_scale	4669573191858565920
B/row17/s	4598103161951238495
B/row17/worst_flip	0
B/row17/worst_keep	0
B/row18/authority	15345845413248555367
B/row18/biggest_moved	4647376563521829386
B/row18/mask_leak_g	0
B/row18/mask_leak_g?	1
B/row18/mask_leak_w	0
B/row18/mask_leak_w?	1
B/row18/n_sign_changed	6
B/row18/pairs_gap	0
B/row18/poly_gap	0
B/row18/poly_scale	4669575282489522873
B/row18/s	4598283305936333311
B/row18/worst_flip	0
B/row18/worst_keep	0
B/row19/authority	15345845413248555367
B/row19/biggest_moved	4647333159005087442
B/row19/mask_leak_g	0
B/row19/mask_leak_g?	1
B/row19/mask_leak_w	0
B/row19/mask_leak_w?	1
B/row19/n_sign_changed	6
B/row19/pairs_gap	4442678617243123712
B/row19/poly_gap	4527166624581446508
B/row19/poly_scale	4669577299498566081
B/row19/s	4598427421124409167
B/row19/worst_flip	4458857082099962378
B/row19/worst_keep	0
B/row2/authority	9674992558986367437
B/row2/biggest_moved	4648084714071892753
B/row2/mask_leak_g	0
B/row2/mask_leak_g?	1
B/row2/mask_leak_w	0
B/row2/mask_leak_w?	1
B/row2/n_sign_changed	6
B/row2/pairs_gap	0
B/row2/poly_gap	0
B/row2/poly_scale	4652992471259335014
B/row2/s	4593779706308962815
B/row2/worst_flip	0
B/row2/worst_keep	0
B/row20/authority	15345845413248555367
B/row20/biggest_moved	4647290413858078165
B/row20/mask_leak_g	0
B/row20/mask_leak_g?	1
B/row20/mask_leak_w	0
B/row20/mask_leak_w?	1
B/row20/n_sign_changed	6
B/row20/pairs_gap	4434993503411372032
B/row20/poly_gap	4523818422115534508
B/row20/poly_scale	4669579256194005469
B/row20/s	4598571536312485023
B/row20/worst_flip	4457479358316391211
B/row20/worst_keep	0
B/row21/authority	15345845413248555367
B/row21/biggest_moved	4647248277419381876
B/row21/mask_leak_g	0
B/row21/mask_leak_g?	1
B/row21/mask_leak_w	0
B/row21/mask_leak_w?	1
B/row21/n_sign_changed	6
B/row21/pairs_gap	0
B/row21/poly_gap	0
B/row21/poly_scale	4669581162562880581
B/row21/s	4598715651500560879
B/row21/worst_flip	0
B/row21/worst_keep	0
B/row22/authority	15345845413248555367
B/row22/biggest_moved	4647206705029263468
B/row22/mask_leak_g	0
B/row22/mask_leak_g?	1
B/row22/mask_leak_w	0
B/row22/mask_leak_w?	1
B/row22/n_sign_changed	6
B/row22/pairs_gap	0
B/row22/poly_gap	0
B/row22/poly_scale	4669583026162886609
B/row22/s	4598859766688636735
B/row22/worst_flip	0
B/row22/worst_keep	0
B/row23/authority	15345845413248555367
B/row23/biggest_moved	4647165657520706338
B/row23/mask_leak_g	0
B/row23/mask_leak_g?	1
B/row23/mask_leak_w	0
B/row23/mask_leak_w?	1
B/row23/n_sign_changed	6
B/row23/pairs_gap	4437545572978655232
B/row23/poly_gap	4526348819801793282
B/row23/poly_scale	4669584852768219956
B/row23/s	4599003881876712591
B/row23/worst_flip	4459574003743332809
B/row23/worst_keep	0
B/row24/authority	15345845413248555367
B/row24/biggest_moved	4647125100664236612
B/row24/mask_leak_g	0
B/row24/mask_leak_g?	1
B/row24/mask_leak_w	0
B/row24/mask_leak_w?	1
B/row24/n_sign_changed	6
B/row24/pairs_gap	4441586750657134592
B/row24/poly_gap	4523058308697101940
B/row24/poly_scale	4669586646841099499
B/row24/s	4599147997064788447
B/row24/worst_flip	4455447127257177022
B/row24/worst_keep	0
B/row25/authority	15345845413248555367
B/row25/biggest_moved	4647085004666171427
B/row25/mask_leak_g	0
B/row25/mask_leak_g?	1
B/row25/mask_leak_w	0
B/row25/mask_leak_w?	1
B/row25/n_sign_changed	6
B/row25/pairs_gap	0
B/row25/poly_gap	0
B/row25/poly_scale	4669588411864590264
B/row25/s	4599292112252864303
B/row25/worst_flip	0
B/row25/worst_keep	0
B/row26/authority	15345845413248555367
B/row26/biggest_moved	4647045343626388712
B/row26/mask_leak_g	0
B/row26/mask_leak_g?	1
B/row26/mask_leak_w	0
B/row26/mask_leak_w?	1
B/row26/n_sign_changed	6
B/row26/pairs_gap	4424814259121160192
B/row26/poly_gap	4505935269523064960
B/row26/poly_scale	4669590150589776501
B/row26/s	4599436227440940159
B/row26/worst_flip	4438791746963898494
B/row26/worst_keep	0
B/row27/authority	15345845413248555367
B/row27/biggest_moved	4647006095073159952
B/row27/mask_leak_g	0
B/row27/mask_leak_g?	1
B/row27/mask_leak_w	0
B/row27/mask_leak_w?	1
B/row27/n_sign_changed	6
B/row27/pairs_gap	4445859637526265856
B/row27/poly_gap	4518522026410783008
B/row27/poly_scale	4669591865215829283
B/row27/s	4599580342629016015
B/row27/worst_flip	4459750667305388562
B/row27/worst_keep	0
B/row28/authority	15345845413248555367
B/row28/biggest_moved	4646967239525570841
B/row28/mask_leak_g	0
B/row28/mask_leak_g?	1
B/row28/mask_leak_w	0
B/row28/mask_leak_w?	1
B/row28/n_sign_changed	6
B/row28/pairs_gap	4431721391166849024
B/row28/poly_gap	4519848000306093888
B/row28/poly_scale	4669593557522868741
B/row28/s	4599724457817091871
B/row28/worst_flip	4456293262742119760
B/row28/worst_keep	0
B/row29/authority	15345845413248555367
B/row29/biggest_moved	4646928760097140665
B/row29/mask_leak_g	0
B/row29/mask_leak_g?	1
B/row29/mask_leak_w	0
B/row29/mask_leak_w?	1
B/row29/n_sign_changed	6
B/row29/pairs_gap	4438527831999250432
B/row29/poly_gap	4523283896116043512
B/row29/poly_scale	4669595228967121880
B/row29/s	4599868573005167727
B/row29/worst_flip	4455151502471835237
B/row29/worst_keep	0
B/row3/authority	9674992558986367437
B/row3/biggest_moved	4648045294349718681
B/row3/mask_leak_g	0
B/row3/mask_leak_g?	1
B/row3/mask_leak_w	0
B/row3/mask_leak_w?	1
B/row3/n_sign_changed	6
B/row3/pairs_gap	0
B/row3/poly_gap	4513061669388506454
B/row3/poly_scale	4652992471260057228
B/row3/s	4594067936685114527
B/row3/worst_flip	4450909418747831233
B/row3/worst_keep	0
B/row30/authority	15345845413248555367
B/row30/biggest_moved	4646890642167352457
B/row30/mask_leak_g	0
B/row30/mask_leak_g?	1
B/row30/mask_leak_w	0
B/row30/mask_leak_w?	1
B/row30/n_sign_changed	6
B/row30/pairs_gap	0
B/row30/poly_gap	0
B/row30/poly_scale	4669596880753286601
B/row30/s	4600012688193243583
B/row30/worst_flip	0
B/row30/worst_keep	0
B/row31/authority	15345845413248555367
B/row31/biggest_moved	4646852873046634073
B/row31/mask_leak_g	0
B/row31/mask_leak_g?	1
B/row31/mask_leak_w	0
B/row31/mask_leak_w?	1
B/row31/n_sign_changed	6
B/row31/pairs_gap	4438557089316470784
B/row31/poly_gap	4523432259379436000
B/row31/poly_scale	4669598513891855781
B/row31/s	4600156803381319439
B/row31/worst_flip	4455371315125237122
B/row31/worst_keep	0
B/row32/authority	15345845413248555367
B/row32/biggest_moved	4646815441722387857
B/row32/mask_leak_g	0
B/row32/mask_leak_g?	1
B/row32/mask_leak_w	0
B/row32/mask_leak_w?	1
B/row32/n_sign_changed	6
B/row32/pairs_gap	4448799783158546432
B/row32/poly_gap	4526920066444548220
B/row32/poly_scale	4669600129237239849
B/row32/s	4600300918569395295
B/row32/worst_flip	4463015130747628952
B/row32/worst_keep	0
B/row33/authority	15345845413248555367
B/row33/biggest_moved	4646778338625616617
B/row33/mask_leak_g	0
B/row33/mask_leak_g?	1
B/row33/mask_leak_w	0
B/row33/mask_leak_w?	1
B/row33/n_sign_changed	6
B/row33/pairs_gap	4435642318350974976
B/row33/poly_gap	4509747797040370432
B/row33/poly_scale	4669601727521756963
B/row33/s	4600445033757471151
B/row33/worst_flip	4449733805381308558
B/row33/worst_keep	0
B/row34/authority	15345845413248555367
B/row34/biggest_moved	4646741555421658487
B/row34/mask_leak_g	0
B/row34/mask_leak_g?	1
B/row34/mask_leak_w	0
B/row34/mask_leak_w?	1
B/row34/n_sign_changed	6
B/row34/pairs_gap	0
B/row34/poly_gap	0
B/row34/poly_scale	4669603309375201936
B/row34/s	4600589148945547007
B/row34/worst_flip	0
B/row34/worst_keep	0
B/row35/authority	15345845413248555367
B/row35/biggest_moved	4646705084832222147
B/row35/mask_leak_g	0
B/row35/mask_leak_g?	1
B/row35/mask_leak_w	0
B/row35/mask_leak_w?	1
B/row35/n_sign_changed	6
B/row35/pairs_gap	4448905735706771456
B/row35/poly_gap	4527586183124160034
B/row35/poly_scale	4669604875347953200
B/row35/s	4600733264133622863
B/row35/worst_flip	4463132492818385887
B/row35/worst_keep	0
B/row36/authority	15345845413248555367
B/row36/biggest_moved	4646668920495303507
B/row36/mask_leak_g	0
B/row36/mask_leak_g?	1
B/row36/mask_leak_w	0
B/row36/mask_leak_w?	1
B/row36/n_sign_changed	6
B/row36/pairs_gap	4453048042685202432
B/row36/poly_gap	4531197132998452268
B/row36/poly_scale	4669606425921078016
B/row36/s	4600877379321698719
B/row36/worst_flip	4467327641102935185
B/row36/worst_keep	0
B/row37/authority	15345845413248555367
B/row37/biggest_moved	4646633056798254557
B/row37/mask_leak_g	0
B/row37/mask_leak_g?	1
B/row37/mask_leak_w	0
B/row37/mask_leak_w?	1
B/row37/n_sign_changed	6
B/row37/pairs_gap	4449933216438026240
B/row37/poly_gap	4528730369615683792
B/row37/poly_scale	4669607961524061861
B/row37/s	4601021494509774575
B/row37/worst_flip	4463926273719303921
B/row37/worst_keep	0
B/row38/authority	15345845413248555367
B/row38/biggest_moved	4646597488807789775
B/row38/mask_leak_g	0
B/row38/mask_leak_g?	1
B/row38/mask_leak_w	0
B/row38/mask_leak_w?	1
B/row38/n_sign_changed	6
B/row38/pairs_gap	4448217969708761088
B/row38/poly_gap	4526853290363739774
B/row38/poly_scale	4669609482538067739
B/row38/s	4601165609697850431
B/row38/worst_flip	4462506862981885725
B/row38/worst_keep	0
B/row39/authority	15345845413248555367
B/row39/biggest_moved	4646562212137371988
B/row39/mask_leak_g	0
B/row39/mask_leak_g?	1
B/row39/mask_leak_w	0
B/row39/mask_leak_w?	1
B/row39/n_sign_changed	6
B/row39/pairs_gap	0
B/row39/poly_gap	0
B/row39/poly_scale	4669610989306249768
B/row39/s	4601309724885926287
B/row39/worst_flip	0
B/row39/worst_keep	0
B/row4/authority	9674992558986367437
B/row4/biggest_moved	4648005486502031913
B/row4/mask_leak_g	0
B/row4/mask_leak_g?	1
B/row4/mask_leak_w	0
B/row4/mask_leak_w?	1
B/row4/n_sign_changed	6
B/row4/pairs_gap	0
B/row4/poly_gap	0
B/row4/poly_scale	4652992471259540862
B/row4/s	4594356167061266239
B/row4/worst_flip	0
B/row4/worst_keep	0
B/row40/authority	15345845413248555367
B/row40/biggest_moved	4646527222890424891
B/row40/mask_leak_g	0
B/row40/mask_leak_g?	1
B/row40/mask_leak_w	0
B/row40/mask_leak_w?	1
B/row40/n_sign_changed	6
B/row40/pairs_gap	4436077982653612032
B/row40/poly_gap	4517915283783486880
B/row40/poly_scale	4669612482137736925
B/row40/s	4601453840074002143
B/row40/worst_flip	4450072856357860355
B/row40/worst_keep	0
B/row5/authority	9674992558986367437
B/row5/biggest_moved	4647965299796965995
B/row5/mask_leak_g	0
B/row5/mask_leak_g?	1
B/row5/mask_leak_w	0
B/row5/mask_leak_w?	1
B/row5/n_sign_changed	6
B/row5/pairs_gap	0
B/row5/poly_gap	4508302502027154776
B/row5/poly_scale	4652992471259331699
B/row5/s	4594644397437417951
B/row5/worst_flip	4450218126509121017
B/row5/worst_keep	0
B/row6/authority	9674992558986367437
B/row6/biggest_moved	4647924743979094901
B/row6/mask_leak_g	0
B/row6/mask_leak_g?	1
B/row6/mask_leak_w	0
B/row6/mask_leak_w?	1
B/row6/n_sign_changed	6
B/row6/pairs_gap	0
B/row6/poly_gap	4517973243664356694
B/row6/poly_scale	4652992471259484253
B/row6/s	4594932627813569663
B/row6/worst_flip	4460171470330875971
B/row6/worst_keep	0
B/row7/authority	9674992558986367437
B/row7/biggest_moved	4647883829174804130
B/row7/mask_leak_g	0
B/row7/mask_leak_g?	1
B/row7/mask_leak_w	0
B/row7/mask_leak_w?	1
B/row7/n_sign_changed	6
B/row7/pairs_gap	0
B/row7/poly_gap	4519528644595766613
B/row7/poly_scale	4652992471259933070
B/row7/s	4595220858189721375
B/row7/worst_flip	4460881907461197339
B/row7/worst_keep	0
B/row8/authority	9674992558986367437
B/row8/biggest_moved	4647842565813585868
B/row8/mask_leak_g	0
B/row8/mask_leak_g?	1
B/row8/mask_leak_w	0
B/row8/mask_leak_w?	1
B/row8/n_sign_changed	6
B/row8/pairs_gap	0
B/row8/poly_gap	0
B/row8/poly_scale	4652992471258599056
B/row8/s	4595509088565873087
B/row8/worst_flip	0
B/row8/worst_keep	0
B/row9/authority	9674992558986367437
B/row9/biggest_moved	4647800964576494804
B/row9/mask_leak_g	0
B/row9/mask_leak_g?	1
B/row9/mask_leak_w	0
B/row9/mask_leak_w?	1
B/row9/n_sign_changed	6
B/row9/pairs_gap	0
B/row9/poly_gap	4505324680941753685
B/row9/poly_scale	4652992471259649461
B/row9/s	4595797318942024799
B/row9/worst_flip	4453283999515406464
B/row9/worst_keep	0
B/rows/n	41
B/skipped/regime	171
B/skipped/switch	1
B/taus/0	4587366580439587226
B/taus/1	4587366580439587226
B/taus/2	4587366580439587226
B/taus/3	4587366580439587226
B/worst_flip	4467327641102935185
B/worst_flip?	1
B/worst_keep	0
B/worst_keep?	1
B/worst_mask_leak	0
B/worst_mask_leak?	1
B/worst_pairs_gap	4453048042685202432
B/worst_pairs_gap?	1
B/worst_poly_gap	4531197132998452268
B/worst_poly_gap?	1
B/worst_poly_rel	4473576992027748175
B/worst_poly_rel?	1
C/coord_dTt4	4641734103406040952
C/coord_dg_at_mid	4565758131232743696
C/coord_dg_at_mid?	1
C/coord_dg_post	4567309481589397696
C/coord_dg_post?	1
C/coord_dg_ramp	4567290278751725920
C/coord_dg_ramp?	1
C/ds	4572414629676717179
C/floor_dTt4	4634286287953826632
C/floor_dg_riding	4567862998764575588
C/floor_dg_riding?	1
C/forcing	4564038101486290640
C/forcing_ratio	4608393675701400272
C/forcing_ratio?	1
C/inc	0
C/max_Tt4/clip	4653349212473004199
C/max_Tt4/demand	4652982271068295451
C/max_Tt4/demand-latched	4652980805744209645
C/min_phi/clip	4604988549997416643
C/min_phi/demand	4605029629487604059
C/min_phi/demand-latched	4605073930456241071
C/n	341
C/n_both_riding	332
C/phi_lim	4605020690978879570
C/slope	4583651319642609796
C/taus/0	4587366580439587226
C/taus/1	4587366580439587226
C/taus/2	4587366580439587226
C/taus/3	4587366580439587226
D/both_sched_exist	1
D/cell0/exists	1
D/cell0/ic_iters	2
D/cell0/ic_res	0
D/cell0/max_Tt4	4652982271068295451
D/cell0/max_masked_over_sched	4607873961953388592
D/cell0/max_masked_over_sched?	1
D/cell0/max_masked_w	4582126619468776962
D/cell0/max_masked_w?	1
D/cell0/n	341
D/cell0/name	5564540478260570101
D/cell1/exists	0
D/cell1/name	2261588194330070351
D/cell1/why	6518674629323229336
D/cell1/why/len	240
D/cell2/exists	1
D/cell2/ic_iters	1
D/cell2/ic_res	0
D/cell2/max_Tt4	4652980805744209645
D/cell2/max_masked_over_sched	4607059580838127704
D/cell2/max_masked_over_sched?	1
D/cell2/max_masked_w	4581847490935447086
D/cell2/max_masked_w?	1
D/cell2/n	341
D/cell2/name	8084644437377683679
D/cell3/exists	1
D/cell3/ic_iters	1
D/cell3/ic_res	0
D/cell3/max_Tt4	4653695644443461912
D/cell3/max_masked_over_sched	4607182418800017408
D/cell3/max_masked_over_sched?	1
D/cell3/max_masked_w	4582403389825004051
D/cell3/max_masked_w?	1
D/cell3/n	341
D/cell3/name	13737482759488850041
D/ds	4572414629676717179
D/inc	0
D/no_equilibrium_without_a_stop	1
D/phi_lim	4605020690978879570
D/taus/0	4587366580439587226
D/taus/1	4587366580439587226
D/taus/2	4587366580439587226
D/taus/3	4587366580439587226
E/bit_identical	0
E/inc	0
E/n	241
E/non_vacuous	1
E/nu0/0	4605179056901318180
E/nu0/1	4605409153841723899
E/phi_lim	4605020690978879570
E/riding	241
E/span_Tt4/0	4652826917191433560
E/span_Tt4/1	4652988255056127589
E/worst/0	4372995238176751616
E/worst/0/name	13456717864866443997
E/worst/1	4368491638549381120
E/worst/1/name	13453032301889437625
E/worst/2	4430416133425725440
E/worst/2/name	7865424710186393779
E/worst/3	4383691287291756544
E/worst/3/name	827698459650723429
E/worst/4	4345973640412528640
E/worst/4/name	624135609590501978
E/worst/5	4357373376969310208
E/worst/5/name	12638190499090526629
E/worst/6	0
E/worst/6/name	12638203693230065161
E/worst/7	4346501405993861120
E/worst/7/name	5804484289153654911
E/worst/8	4346501405993861120
E/worst/8/name	8903103400056426325
E/worst_any	4430416133425725440
F/decayed	1
F/decayed?	1
F/delta_post_first	4564036823101142880
F/delta_post_first?	1
F/delta_post_last	4400096000778174464
F/delta_post_last?	1
F/ds	4572414629676717179
F/inc	0
F/mean_delta_late	4564018470256074023
F/mean_delta_late?	1
F/n	341
F/n_on_ramp	77
F/n_post	241
F/phi_lim	4605020690978879570
F/predicted	4564038101486290640
F/ratio_late	4607154769902512527
F/ratio_late?	1
F/row0/cap	4578322582364179393
F/row0/delta	0
F/row0/g_clip	0
F/row0/g_dem	0
F/row0/on_ramp	1
F/row0/req	0
F/row0/riding	0
F/row0/s	0
F/row1/cap	4578322762745296636
F/row1/delta	13773080458700297408
F/row1/g_clip	0
F/row1/g_dem	13773080458700297408
F/row1/on_ramp	1
F/row1/req	0
F/row1/riding	0
F/row1/s	4572414629676717179
F/row10/cap	4578340783000099682
F/row10/delta	13781199134006776880
F/row10/g_clip	0
F/row10/g_dem	13781199134006776880
F/row10/on_ramp	1
F/row10/req	0
F/row10/riding	0
F/row10/s	4587366580439587225
F/row100/cap	4579070859782953596
F/row100/delta	4564036823101142880
F/row100/g_clip	4576010485385769457
F/row100/g_dem	4576809735411044573
F/row100/on_ramp	0
F/row100/req	4576728720612313514
F/row100/riding	1
F/row100/s	4602678819172646915
F/row101/cap	4579078584169868920
F/row101/delta	4563397423080922784
F/row101/g_clip	4576082308908423863
F/row101/g_dem	4576801633931171467
F/row101/on_ramp	0
F/row101/req	4576720996225398190
F/row101/riding	1
F/row101/s	4602723855168920620
F/row102/cap	4579085953724222113
F/row102/delta	4562821963062724696
F/row102/g_clip	4576146177640121296
F/row102/g_dem	4576793570160594139
F/row102/on_ramp	0
F/row102/req	4576713626671044997
F/row102/riding	1
F/row102/s	4602768891165194325
F/row103/cap	4579093002219215156
F/row103/delta	4562304049046346424
F/row103/g_clip	4576202922543213666
F/row103/g_dem	4576785575811639225
F/row103/on_ramp	0
F/row103/req	4576706578176051954
F/row103/riding	1
F/row103/s	4602813927161468030
F/row104/cap	4579099760031504860
F/row104/delta	4561529430336899504
F/row104/g_clip	4576253288106497495
F/row104/g_dem	4576777676048080498
F/row104/on_ramp	0
F/row104/req	4576699820363762250
F/row104/riding	1
F/row104/s	4602858963157741735
F/row105/cap	4579106254486674876
F/row105/delta	4560690409630366704
F/row105/g_clip	4576297941332223970
F/row105/g_dem	4576769890479648673
F/row105/on_ramp	0
F/row105/req	4576693325908592234
F/row105/riding	1
F/row105/s	4602903999154015440
F/row106/cap	4579112510169009553
F/row106/delta	4559935290994487184
F/row106/g_clip	4576337479789860796
F/row106/g_dem	4576762234022543029
F/row106/on_ramp	0
F/row106/req	4576687070226257557
F/row106/riding	1
F/row106/s	4602949035150289145
F/row107/cap	4579118549199347846
F/row107/delta	4559255684222195616
F/row107/g_clip	4576372438833500472
F/row107/g_dem	4576754717642914482
F/row107/on_ramp	0
F/row107/req	4576681031195919264
F/row107/riding	1
F/row107/s	4602994071146562850
F/row108/cap	4579124391484382582
F/row108/delta	4558644038127133200
F/row108/g_clip	4576403298069742351
F/row108/g_dem	4576747348998214960
F/row108/on_ramp	0
F/row108/req	4576675188910884528
F/row108/riding	1
F/row108/s	4603039107142836555
F/row109/cap	4579130054940404457
F/row109/delta	4558093556641577024
F/row109/g_clip	4576430487153856569
F/row109/g_dem	4576740132989481917
F/row109/on_ramp	0
F/row109/req	4576669525454862653
F/row109/riding	1
F/row109/s	4603084143139110260
F/row11/cap	4578345415076832043
F/row11/delta	13780734162998101120
F/row11/g_clip	0
F/row11/g_dem	13780734162998101120
F/row11/on_ramp	1
F/row11/req	0
F/row11/riding	0
F/row11/s	4588087156379966504
F/row110/cap	4579135555694164871
F/row110/delta	4557553423710211008
F/row110/g_clip	4576454390983957177
F/row110/g_dem	4576733072236019991
F/row110/on_ramp	0
F/row110/req	4576664024701102239
F/row110/riding	1
F/row110/s	4603129179135383965
F/row111/cap	4579140908263243765
F/row111/delta	4556661643703610016
F/row111/g_clip	4576475354355671683
F/row111/g_dem	4576726167482528216
F/row111/on_ramp	0
F/row111/req	4576658672132023345
F/row111/riding	1
F/row111/s	4603174215131657670
F/row112/cap	4579146125718051987
F/row112/delta	4555859041697669120
F/row112/g_clip	4576493686133306849
F/row112/g_dem	4576719417947477729
F/row112/on_ramp	0
F/row112/req	4576653454677215123
F/row112/riding	1
F/row112/s	4603219251127931375
F/row113/cap	4579151219827370465
F/row113/delta	4555136699892322304
F/row113/g_clip	4576509662987697676
F/row113/g_dem	4576712821620451468
F/row113/on_ramp	0
F/row113/req	4576648360567896645
F/row113/riding	1
F/row113/s	4603264287124205080
F/row114/cap	4579156201189125987
F/row114/delta	4554486592267510176
F/row114/g_clip	4576523532745717573
F/row114/g_dem	4576706375515195986
F/row114/on_ramp	0
F/row114/req	4576643379206141123
F/row114/riding	1
F/row114/s	4603309323120478785
F/row115/cap	4579161079347923358
F/row115/delta	4553901495405179264
F/row115/g_clip	4576535517391759928
F/row115/g_dem	4576700075884290500
F/row115/on_ramp	0
F/row115/req	4576638501047343752
F/row115/riding	1
F/row115/s	4603354359116752490
F/row116/cap	4579165862900693613
F/row116/delta	4553374908229081440
F/row116/g_clip	4576545815757318310
F/row116/g_dem	4576693918400595825
F/row116/on_ramp	0
F/row116/req	4576633717494573497
F/row116/riding	1
F/row116/s	4603399395113026195
F/row117/cap	4579170559591675003
F/row117/delta	4552662736269615296
F/row117/g_clip	4576554605931043829
F/row117/g_dem	4576687898309993592
F/row117/on_ramp	0
F/row117/req	4576629020803592107
F/row117/riding	1
F/row117/s	4603444431109299900
F/row118/cap	4579175176397816493
F/row118/delta	4551809665044336832
F/row118/g_clip	4576562047418298657
F/row118/g_dem	4576682010559353444
F/row118/on_ramp	0
F/row118/req	4576624403997450617
F/row118/riding	1
F/row118/s	4603489467105573605
F/row119/cap	4579179719605579705
F/row119/delta	4551041900941586176
F/row119/g_clip	4576568283076213853
F/row119/g_dem	4576676249903163161
F/row119/on_ramp	0
F/row119/req	4576619860789687405
F/row119/riding	1
F/row119/s	4603534503101847310
F/row12/cap	4578350683486932427
F/row12/delta	13779908853764589312
F/row12/g_clip	0
F/row12/g_dem	13779908853764589312
F/row12/on_ramp	1
F/row12/req	0
F/row12/riding	0
F/row12/s	4588807732320345783
F/row120/cap	4579184194880014355
F/row120/delta	4550350913249110592
F/row120/g_clip	4576573440847561208
F/row120/g_dem	4576670610991815585
F/row120/on_ramp	0
F/row120/req	4576615385515252755
F/row120/riding	1
F/row120/s	4603579539098121015
F/row121/cap	4579188607326891157
F/row121/delta	4549729024325882560
F/row121/g_clip	4576577635314330363
F/row121/g_dem	4576665088444159302
F/row121/on_ramp	0
F/row121/req	4576610973068375953
F/row121/riding	1
F/row121/s	4603624575094394720
F/row122/cap	4579192961548596042
F/row122/delta	4549169324294977344
F/row122/g_clip	4576580969089734922
F/row122/g_dem	4576659676906580967
F/row122/on_ramp	0
F/row122/req	4576606618846671068
F/row122/riding	1
F/row122/s	4603669611090668425
F/row123/cap	4579197261694416506
F/row123/delta	4548665594267162624
F/row123/g_clip	4576583534065428537
F/row123/g_dem	4576654371100589977
F/row123/on_ramp	0
F/row123/req	4576602318700850604
F/row123/riding	1
F/row123/s	4603714647086942130
F/row124/cap	4579201511505786714
F/row124/delta	4547788850840057856
F/row124/g_clip	4576585412528970744
F/row124/g_dem	4576649165860616040
F/row124/on_ramp	0
F/row124/req	4576598068889480396
F/row124/riding	1
F/row124/s	4603759683083215835
F/row125/cap	4579205714356999896
F/row125/delta	4546972808194998144
F/row125/g_clip	4576586678165021709
F/row125/g_dem	4576644056163502476
F/row125/on_ramp	0
F/row125/req	4576593866038267214
F/row125/riding	1
F/row125/s	4603804719079489540
F/row126/cap	4579209873291844542
F/row126/delta	4546238369814444288
F/row126/g_clip	4576587396952346260
F/row126/g_dem	4576639037150978950
F/row126/on_ramp	0
F/row126/req	4576589707103422568
F/row126/riding	1
F/row126/s	4603849755075763245
F/row127/cap	4579213991056574820
F/row127/delta	4545577375271945856
F/row127/g_clip	4576587627967453891
F/row127/g_dem	4576634104146223312
F/row127/on_ramp	0
F/row127/req	4576585589338692290
F/row127/riding	1
F/row127/s	4603894791072036950
F/row128/cap	4579218070129583485
F/row128/delta	4544982480183697280
F/row128/g_clip	4576587424104577731
F/row128/g_dem	4576629252665470210
F/row128/on_ramp	0
F/row128/req	4576581510265683625
F/row128/riding	1
F/row128/s	4603939827068310655
F/row129/cap	4579222112748108688
F/row129/delta	4544447074604273664
F/row129/g_clip	4576586832720688320
F/row129/g_dem	4576624478425491552
F/row129/on_ramp	0
F/row129/req	4576577467647158422
F/row129/riding	1
F/row129/s	4603984863064584360
F/row13/cap	4578356461639873177
F/row13/delta	13778927123223255968
F/row13/g_clip	0
F/row13/g_dem	13778927123223255968
F/row13/on_ramp	1
F/row13/req	0
F/row13/riding	0
F/row13/s	4589348164275630243
F/row130/cap	4579226120932272114
F/row130/delta	4543798395148754176
F/row130/g_clip	4576585896213335330
F/row130/g_dem	4576619777347658239
F/row130/on_ramp	0
F/row130/req	4576573459462994996
F/row130/riding	1
F/row130/s	4604029899060858065
F/row131/cap	4579230096506716158
F/row131/delta	4542931038110087680
F/row131/g_clip	4576584652538301297
F/row131/g_dem	4576615145559191915
F/row131/on_ramp	0
F/row131/req	4576569483888550952
F/row131/riding	1
F/row131/s	4604074935057131770
F/row132/cap	4579234041120080675
F/row132/delta	4542150416775288064
F/row132/g_clip	4576583135673326262
F/row132/g_dem	4576610579392127819
F/row132/on_ramp	0
F/row132/req	4576565539275186435
F/row132/riding	1
F/row132/s	4604119971053405475
F/row133/cap	4579237956262535549
F/row133/delta	4541447857573968384
F/row133/g_clip	4576581376033512279
F/row133/g_dem	4576606075380433681
F/row133/on_ramp	0
F/row133/req	4576561624132731561
F/row133/riding	1
F/row133/s	4604165007049679180
F/row134/cap	4579241843281563752
F/row134/delta	4540815554292780544
F/row134/g_clip	4576579400843434207
F/row134/g_dem	4576601630255663469
F/row134/on_ramp	0
F/row134/req	4576557737113703358
F/row134/riding	1
F/row134/s	4604210043045952885
F/row135/cap	4579245703396169800
F/row135/delta	4540246481339711488
F/row135/g_clip	4576577234470461122
F/row135/g_dem	4576597240941467458
F/row135/on_ramp	0
F/row135/req	4576553876999097310
F/row135/riding	1
F/row135/s	4604255079042226590
F/row136/cap	4579249537709671062
F/row136/delta	4539734315681949184
F/row136/g_clip	4576574898723324741
F/row136/g_dem	4576592904547230443
F/row136/on_ramp	0
F/row136/req	4576550042685596048
F/row136/riding	1
F/row136/s	4604300115038500295
F/row137/cap	4579253347221213422
F/row137/delta	4538918308790466560
F/row137/g_clip	4576572413119551872
F/row137/g_dem	4576588618361067004
F/row137/on_ramp	0
F/row137/req	4576546233174053688
F/row137/riding	1
F/row137/s	4604345151034774000
F/row138/cap	4579257132836138945
F/row138/delta	4538088600424891392
F/row138/g_clip	4576569795125002054
F/row138/g_dem	4576584379842365672
F/row138/on_ramp	0
F/row138/req	4576542447559128165
F/row138/riding	1
F/row138/s	4604390187031047705
F/row139/cap	4579260895375319860
F/row139/delta	4537341862895874048
F/row139/g_clip	4576567060368414665
F/row139/g_dem	4576580186614041921
F/row139/on_ramp	0
F/row139/req	4576538685019947250
F/row139/riding	1
F/row139/s	4604435223027321410
F/row14/cap	4578362656625981199
F/row14/delta	13777806244681972448
F/row14/g_clip	0
F/row14/g_dem	13777806244681972448
F/row14/on_ramp	1
F/row14/req	0
F/row14/riding	0
F/row14/s	4589708452245819883
F/row140/cap	4579264635583562304
F/row140/delta	4536669799119758336
F/row140/g_clip	4576564222833567924
F/row140/g_dem	4576576036454632454
F/row140/on_ramp	0
F/row140/req	4576534944811704806
F/row140/riding	1
F/row140/s	4604480259023595115
F/row141/cap	4579268354137172566
F/row141/delta	4536064941721254400
F/row141/g_clip	4576561295031381612
F/row141/g_dem	4576571927290339689
F/row141/on_ramp	0
F/row141/req	4576531226258094544
F/row141/riding	1
F/row141/s	4604525295019868820
F/row142/cap	4579272051650769292
F/row142/delta	4535520570062600704
F/row142/g_clip	4576558288154052905
F/row142/g_dem	4576567857187115174
F/row142/on_ramp	0
F/row142/req	4576527528744497818
F/row142/riding	1
F/row142/s	4604570331016142525
F/row143/cap	4579275728683417003
F/row143/delta	4534936446377535488
F/row143/g_clip	4576555212213097396
F/row143/g_dem	4576563824342853438
F/row143/on_ramp	0
F/row143/req	4576523851711850107
F/row143/riding	1
F/row143/s	4604615367012416230
F/row144/cap	4579279385744148513
F/row144/delta	4534054564290516992
F/row144/g_clip	4576552076162972667
F/row144/g_dem	4576559827079753105
F/row144/on_ramp	0
F/row144/req	4576520194651118597
F/row144/riding	1
F/row144/s	4604660403008689935
F/row145/cap	4579283023296937197
F/row145/delta	4533260870412199936
F/row145/g_clip	4576548888011787260
F/row145/g_dem	4576555863836889654
F/row145/on_ramp	0
F/row145/req	4576516557098329913
F/row145/riding	1
F/row145/s	4604705439004963640
F/row146/cap	4579286641765173943
F/row146/delta	4532546545921715200
F/row146/g_clip	4576545654920441525
F/row146/g_dem	4576551933163033680
F/row146/on_ramp	0
F/row146/req	4576512938630093167
F/row146/riding	1
F/row146/s	4604750475001237345
F/row147/cap	4579290241535698135
F/row147/delta	4531903653880279040
F/row147/g_clip	4576542383291406689
F/row147/g_dem	4576548033709739629
F/row147/on_ramp	0
F/row147/req	4576509338859568975
F/row147/riding	1
F/row147/s	4604795510997511050
F/row148/cap	4579293822962427158
F/row148/delta	4531325051042985984
F/row148/g_clip	4576539078848222918
F/row148/g_dem	4576544164224722564
F/row148/on_ramp	0
F/row148/req	4576505757432839952
F/row148/riding	1
F/row148/s	4604840546993784755
F/row149/cap	4579297386369624403
F/row149/delta	4530804308489422848
F/row149/g_clip	4576535746706684621
F/row149/g_dem	4576540323545534303
F/row149/on_ramp	0
F/row149/req	4576502194025642707
F/row149/riding	1
F/row149/s	4604885582990058460
F/row15/cap	4578369200211390265
F/row15/delta	13776561466806868960
F/row15/g_clip	0
F/row15/g_dem	13776561466806868960
F/row15/on_ramp	1
F/row15/req	0
F/row15/riding	0
F/row15/s	4590068740216009523
F/row150/cap	4579300932054841745
F/row150/delta	4530050055247710208
F/row150/g_clip	4576532391438580430
F/row150/g_dem	4576536510593545143
F/row150/on_ramp	0
F/row150/req	4576498648340425365
F/row150/riding	1
F/row150/s	4604930618986332165
F/row151/cap	4579304460291568960
F/row151/delta	4529206452310935552
F/row151/g_clip	4576529017128764924
F/row151/g_dem	4576532724368233165
F/row151/on_ramp	0
F/row151/req	4576495120103698150
F/row151/riding	1
F/row151/s	4604975654982605870
F/row152/cap	4579307971331619318
F/row152/delta	4528447209667840000
F/row152/g_clip	4576525627426258247
F/row152/g_dem	4576528963941779664
F/row152/on_ramp	0
F/row152/req	4576491609063647792
F/row152/riding	1
F/row152/s	4605020690978879575
F/row153/cap	4579311465407277514
F/row153/delta	4527763891289053184
F/row153/g_clip	4576522225589997202
F/row153/g_dem	4576525228453966477
F/row153/on_ramp	0
F/row153/req	4576488114987989596
F/row153/riding	1
F/row153/s	4605065726975153280
F/row154/cap	4579314942733233707
F/row154/delta	4527148904748146688
F/row154/g_clip	4576518814529796441
F/row154/g_dem	4576521517107368789
F/row154/on_ramp	0
F/row154/req	4576484637662033403
F/row154/riding	1
F/row154/s	4605110762971426985
F/row155/cap	4579318403508324934
F/row155/delta	4526595416861329408
F/row155/g_clip	4576515396843020137
F/row155/g_dem	4576517829162835250
F/row155/on_ramp	0
F/row155/req	4576481176886942176
F/row155/riding	1
F/row155/s	4605155798967700690
F/row156/cap	4579321847917103039
F/row156/delta	4526076930019041280
F/row156/g_clip	4576511974847412341
F/row156/g_dem	4576514163935245943
F/row156/on_ramp	0
F/row156/req	4576477732478164071
F/row156/riding	1
F/row156/s	4605200834963974395
F/row157/cap	4579325276131246488
F/row157/delta	4525180279642398720
F/row157/g_clip	4576508550610487514
F/row157/g_dem	4576510520789537756
F/row157/on_ramp	0
F/row157/req	4576474304264020622
F/row157/riding	1
F/row157/s	4605245870960248100
F/row158/cap	4579328688310831510
F/row158/delta	4524373294303420416
F/row158/g_clip	4576505125975840825
F/row158/g_dem	4576506899136986043
F/row158/on_ramp	0
F/row158/req	4576470892084435600
F/row158/riding	1
F/row158/s	4605290906956521805
F/row159/cap	4579332084605476609
F/row159/delta	4523647007498342400
F/row159/g_clip	4576501702586700302
F/row159/g_dem	4576503298431730999
F/row159/on_ramp	0
F/row159/req	4576467495789790501
F/row159/riding	1
F/row159/s	4605335942952795510
F/row16/cap	4578376042275756870
F/row16/delta	13773901329971834496
F/row16/g_clip	0
F/row16/g_dem	13773901329971834496
F/row16/on_ramp	1
F/row16/req	0
F/row16/riding	0
F/row16/s	4590429028186199163
F/row160/cap	4579335465155373127
F/row160/delta	4522993349373767680
F/row160/g_clip	4576498281907009322
F/row160/g_dem	4576499718167536949
F/row160/on_ramp	0
F/row160/req	4576464115239893983
F/row160/riding	1
F/row160/s	4605380978949069215
F/row161/cap	4579338830092213045
F/row161/delta	4522405057061650432
F/row161/g_clip	4576494865240297788
F/row161/g_dem	4576496157874772652
F/row161/on_ramp	0
F/row161/req	4576460750303054065
F/row161/riding	1
F/row161/s	4605426014945342920
F/row162/cap	4579342179540024412
F/row162/delta	4521875593980743680
F/row162/g_clip	4576491453746573416
F/row162/g_dem	4576492617117600793
F/row162/on_ramp	0
F/row162/req	4576457400855242698
F/row162/riding	1
F/row162/s	4605471050941616625
F/row163/cap	4579345513615923520
F/row163/delta	4521184128535887872
F/row163/g_clip	4576488048457440344
F/row163/g_dem	4576489095491364984
F/row163/on_ramp	0
F/row163/req	4576454066779343590
F/row163/riding	1
F/row163/s	4605516086937890330
F/row164/cap	4579348832430792073
F/row164/delta	4520326398344822784
F/row164/g_clip	4576484650289630669
F/row164/g_dem	4576485592620162845
F/row164/on_ramp	0
F/row164/req	4576450747964475037
F/row164/riding	1
F/row164/s	4605561122934164035
F/row165/cap	4579352136089886980
F/row165/delta	4519554441172860928
F/row165/g_clip	4576481260057115106
F/row165/g_dem	4576482108154594064
F/row165/on_ramp	0
F/row165/req	4576447444305380130
F/row165/riding	1
F/row165/s	4605606158930437740
F/row166/cap	4579355424693389201
F/row166/delta	4518859679718105088
F/row166/g_clip	4576477878481941608
F/row166/g_dem	4576478641769672671
F/row166/on_ramp	0
F/row166/req	4576444155701877909
F/row166/riding	1
F/row166/s	4605651194926711445
F/row167/cap	4579358698336898044
F/row167/delta	4518234394408820736
F/row167/g_clip	4576474506203935238
F/row167/g_dem	4576475193162893195
F/row167/on_ramp	0
F/row167/req	4576440882058369066
F/row167/riding	1
F/row167/s	4605696230922985150
F/row168/cap	4579361957111876097
F/row168/delta	4517671637630459904
F/row168/g_clip	4576471143789378621
F/row168/g_dem	4576471762052440782
F/row168/on_ramp	0
F/row168/req	4576437623283391013
F/row168/riding	1
F/row168/s	4605741266919258855
F/row169/cap	4579365201106049803
F/row169/delta	4517165156529938432
F/row169/g_clip	4576467791738779860
F/row169/g_dem	4576468348175535805
F/row169/on_ramp	0
F/row169/req	4576434379289217307
F/row169/riding	1
F/row169/s	4605786302915532560
F/row17/cap	4578383146013985052
F/row17/delta	13769980714966608128
F/row17/g_clip	0
F/row17/g_dem	13769980714966608128
F/row17/on_ramp	1
F/row17/req	0
F/row17/riding	0
F/row17/s	4590789316156388803
F/row170/cap	4579368430403770041
F/row170/delta	4516308220826320896
F/row170/g_clip	4576464450493823605
F/row170/g_dem	4576464951286903955
F/row170/on_ramp	0
F/row170/req	4576431149991497069
F/row170/riding	1
F/row170/s	4605831338911806265
F/row171/cap	4579371645086336863
F/row171/delta	4515487721443475456
F/row171/g_clip	4576461120443590951
F/row171/g_dem	4576461571157363266
F/row171/on_ramp	0
F/row171/req	4576427935308930247
F/row171/riding	1
F/row171/s	4605876374908079970
F/row172/cap	4579374845232291687
F/row172/delta	4514749271998906368
F/row172/g_clip	4576457801930124881
F/row172/g_dem	4576458207572519964
F/row172/on_ramp	0
F/row172/req	4576424735162975423
F/row172/riding	1
F/row172/s	4605921410904353675
F/row173/cap	4579378030917680404
F/row173/delta	4514084667498807296
F/row173/g_clip	4576454495253409935
F/row173/g_dem	4576454860331565510
F/row173/on_ramp	0
F/row173/req	4576421549477586706
F/row173/riding	1
F/row173/s	4605966446900627380
F/row174/cap	4579381202216290223
F/row174/delta	4513486523448721408
F/row174/g_clip	4576451200675827612
F/row174/g_dem	4576451529246167630
F/row174/on_ramp	0
F/row174/req	4576418378178976887
F/row174/riding	1
F/row174/s	4606011482896901085
F/row175/cap	4579384359199862795
F/row175/delta	4512948193803632640
F/row175/g_clip	4576447918426142540
F/row175/g_dem	4576448214139448556
F/row175/on_ramp	0
F/row175/req	4576415221195404315
F/row175/riding	1
F/row175/s	4606056518893174790
F/row176/cap	4579387501938286189
F/row176/delta	4512320567620861952
F/row176/g_clip	4576444648703068718
F/row176/g_dem	4576444914845044132
F/row176/on_ramp	0
F/row176/req	4576412078456980921
F/row176/riding	1
F/row176/s	4606101554889448495
F/row177/cap	4579390630499767520
F/row177/delta	4511448473595838464
F/row177/g_clip	4576441391678459938
F/row177/g_dem	4576441631206237811
F/row177/on_ramp	0
F/row177/req	4576408949895499590
F/row177/riding	1
F/row177/s	4606146590885722200
F/row178/cap	4579393744950988444
F/row178/delta	4510663588973314048
F/row178/g_clip	4576438147500163903
F/row178/g_dem	4576438363075163989
F/row178/on_ramp	0
F/row178/req	4576405835444278666
F/row178/riding	1
F/row178/s	4606191626881995905
F/row179/cap	4579396845357245015
F/row179/delta	4509957192813051904
F/row179/g_clip	4576434916294575379
F/row179/g_dem	4576435110312075457
F/row179/on_ramp	0
F/row179/req	4576402735038022095
F/row179/riding	1
F/row179/s	4606236662878269610
F/row18/cap	4578390484419097616
F/row18/delta	13756010310101655552
F/row18/g_clip	0
F/row18/g_dem	13756010310101655552
F/row18/on_ramp	1
F/row18/req	0
F/row18/riding	0
F/row18/s	4591149604126578443
F/row180/cap	4579399931782573674
F/row180/delta	4509321436268789760
F/row180/g_clip	4576431698168920051
F/row180/g_dem	4576431872784670121
F/row180/on_ramp	0
F/row180/req	4576399648612693436
F/row180/riding	1
F/row180/s	4606281698874543315
F/row181/cap	4579403004289864477
F/row181/delta	4508749255378927616
F/row181/g_clip	4576428493213297390
F/row181/g_dem	4576428650367472452
F/row181/on_ramp	0
F/row181/req	4576396576105402633
F/row181/riding	1
F/row181/s	4606326734870817020
F/row182/cap	4579406062940963097
F/row182/delta	4508234292578091008
F/row182/g_clip	4576425301502507914
F/row182/g_dem	4576425442941265470
F/row182/on_ramp	0
F/row182/req	4576393517454304013
F/row182/riding	1
F/row182/s	4606371770867090725
F/row183/cap	4579409107796762541
F/row183/delta	4507438425116770304
F/row183/g_clip	4576422123097687524
F/row183/g_dem	4576422250392569324
F/row183/on_ramp	0
F/row183/req	4576390472598504569
F/row183/riding	1
F/row183/s	4606416806863364430
F/row184/cap	4579412138917285727
F/row184/delta	4506604185379405824
F/row184/g_clip	4576418958047769229
F/row184/g_dem	4576419072613162849
F/row184/on_ramp	0
F/row184/req	4576387441477981383
F/row184/riding	1
F/row184/s	4606461842859638135
F/row185/cap	4579415156361759734
F/row185/delta	4505853369615777792
F/row185/g_clip	4576415806390790444
F/row185/g_dem	4576415909499644702
F/row185/on_ramp	0
F/row185/req	4576384424033507376
F/row185/riding	1
F/row185/s	4606506878855911840
F/row186/cap	4579418160188682591
F/row186/delta	4505177635428499456
F/row186/g_clip	4576412668155062137
F/row186/g_dem	4576412760953030969
F/row186/on_ramp	0
F/row186/req	4576381420206584519
F/row186/riding	1
F/row186/s	4606551914852185545
F/row187/cap	4579421150455883434
F/row187/delta	4504569474659975168
F/row187/g_clip	4576409543360214375
F/row187/g_dem	4576409626878386324
F/row187/on_ramp	0
F/row187/req	4576378429939383676
F/row187/riding	1
F/row187/s	4606596950848459250
F/row188/cap	4579424127220576487
F/row188/delta	4504022129968283648
F/row188/g_clip	4576406432018131305
F/row188/g_dem	4576406507184486059
F/row188/on_ramp	0
F/row188/req	4576375453174690623
F/row188/riding	1
F/row188/s	4606641986844732955
F/row189/cap	4579427090539409702
F/row189/delta	4503459412120961024
F/row189/g_clip	4576403334133787237
F/row189/g_dem	4576403401783506515
F/row189/on_ramp	0
F/row189/req	4576372489855857408
F/row189/riding	1
F/row189/s	4606687022841006660
F/row19/cap	4578398037699536847
F/row19/delta	4545291311889991424
F/row19/g_clip	0
F/row19/g_dem	4545291311889991424
F/row19/on_ramp	1
F/row19/req	0
F/row19/riding	0
F/row19/s	4591509892096768083
F/row190/cap	4579430040468508513
F/row190/delta	4502572713720414208
F/row190/g_clip	4576400249705994254
F/row190/g_dem	4576400310590741604
F/row190/on_ramp	0
F/row190/req	4576369539926758597
F/row190/riding	1
F/row190/s	4606732058837280365
F/row191/cap	4579432977063515096
F/row191/delta	4501774685159948288
F/row191/g_clip	4576397178728070688
F/row191/g_dem	4576397233524343303
F/row191/on_ramp	0
F/row191/req	4576366603331752014
F/row191/riding	1
F/row191/s	4606777094833554070
F/row192/cap	4579435900379623710
F/row192/delta	4501056459455463424
F/row192/g_clip	4576394121188438821
F/row192/g_dem	4576394170505084174
F/row192/on_ramp	0
F/row192/req	4576363680015643400
F/row192/riding	1
F/row192/s	4606822130829827775
F/row193/cap	4579438810471612507
F/row193/delta	4500410056321531904
F/row193/g_clip	4576391077071159279
F/row193/g_dem	4576391121456140097
F/row193/on_ramp	0
F/row193/req	4576360769923654603
F/row193/riding	1
F/row193/s	4606867166826101480
F/row194/cap	4579441707393872001
F/row194/delta	4499828293501059072
F/row194/g_clip	4576388046356408811
F/row194/g_dem	4576388086302891548
F/row194/on_ramp	0
F/row194/req	4576357873001395109
F/row194/riding	1
F/row194/s	4606912202822375185
F/row195/cap	4579444591200430804
F/row195/delta	4499304706962489344
F/row195/g_clip	4576385029020907441
F/row195/g_dem	4576385064972741904
F/row195/on_ramp	0
F/row195/req	4576354989194836306
F/row195/riding	1
F/row195/s	4606957238818648890
F/row196/cap	4579447461944978621
F/row196/delta	4498570930412322816
F/row196/g_clip	4576382025038300328
F/row196/g_dem	4576382057394951344
F/row196/on_ramp	0
F/row196/req	4576352118450288489
F/row196/riding	1
F/row196/s	4607002274814922595
F/row197/cap	4579450319680886994
F/row197/delta	4497722720220086272
F/row197/g_clip	4576379034379499144
F/row197/g_dem	4576379063500485059
F/row197/on_ramp	0
F/row197/req	4576349260714380116
F/row197/riding	1
F/row197/s	4607047310811196300
F/row198/cap	4579453164461227862
F/row198/delta	4496959331047047168
F/row198/g_clip	4576376057012987241
F/row198/g_dem	4576376083221874565
F/row198/on_ramp	0
F/row198/req	4576346415934039248
F/row198/riding	1
F/row198/s	4607092346807470005
F/row199/cap	4579455996338790246
F/row199/delta	4496272280791023616
F/row199/g_clip	4576373092905092442
F/row199/g_dem	4576373116493091033
F/row199/on_ramp	0
F/row199/req	4576343584056476864
F/row199/riding	1
F/row199/s	4607137382803743710
F/row2/cap	4578323302236141490
F/row2/delta	13777050004512314624
F/row2/g_clip	0
F/row2/g_dem	13777050004512314624
F/row2/on_ramp	1
F/row2/req	0
F/row2/riding	0
F/row2/s	4576918229304087675
F/row20/cap	4578405791380163904
F/row20/delta	4550341834869860736
F/row20/g_clip	0
F/row20/g_dem	4550341834869860736
F/row20/on_ramp	1
F/row20/req	0
F/row20/riding	0
F/row20/s	4591870180066957723
F/row200/cap	4579458815366095295
F/row200/delta	4495653935560785920
F/row200/g_clip	4576370142020230884
F/row200/g_dem	4576370163249429616
F/row200/on_ramp	0
F/row200/req	4576340765029171815
F/row200/riding	1
F/row200/s	4607182418800017411
F/row201/cap	4579461621595409690
F/row201/delta	4495097424853598208
F/row201/g_clip	4576367204321124977
F/row201/g_dem	4576367223427403836
F/row201/on_ramp	0
F/row201/req	4576337958799857420
F/row201/riding	1
F/row201/s	4607204936798154263
F/row202/cap	4579464415078757704
F/row202/delta	4494596565217050624
F/row202/g_clip	4576364279768998221
F/row202/g_dem	4576364296964649194
F/row202/on_ramp	0
F/row202/req	4576335165316509406
F/row202/riding	1
F/row202/s	4607227454796291115
F/row203/cap	4579467195867932030
F/row203/delta	4493699154972246016
F/row203/g_clip	4576361368323749340
F/row203/g_dem	4576361383799835215
F/row203/on_ramp	0
F/row203/req	4576332384527335080
F/row203/riding	1
F/row203/s	4607249972794427967
F/row204/cap	4579469964014503520
F/row204/delta	4492887762361384960
F/row204/g_clip	4576358469944107914
F/row204/g_dem	4576358483872585202
F/row204/on_ramp	0
F/row204/req	4576329616380763590
F/row204/riding	1
F/row204/s	4607272490792564819
F/row205/cap	4579472719569829815
F/row205/delta	4492157509011243008
F/row205/g_clip	4576355584587773482
F/row205/g_dem	4576355597123403041
F/row205/on_ramp	0
F/row205/req	4576326860825437295
F/row205/riding	1
F/row205/s	4607295008790701671
F/row206/cap	4579475462585063165
F/row206/delta	4491500280996167680
F/row206/g_clip	4576352712211539863
F/row206/g_dem	4576352723493606466
F/row206/on_ramp	0
F/row206/req	4576324117810203945
F/row206/riding	1
F/row206/s	4607317526788838523
F/row207/cap	4579478193111157441
F/row207/delta	4490908775782809600
F/row207/g_clip	4576349852771406271
F/row207/g_dem	4576349862925266214
F/row207/on_ramp	0
F/row207/req	4576321387284109669
F/row207/riding	1
F/row207/s	4607340044786975375
F/row208/cap	4579480911198874309
F/row208/delta	4490376421090787328
F/row208/g_clip	4576347006222676611
F/row208/g_dem	4576347015361150560
F/row208/on_ramp	0
F/row208/req	4576318669196392801
F/row208/riding	1
F/row208/s	4607362562785112227
F/row209/cap	4579483616898788847
F/row209/delta	4489705775247130624
F/row209/g_clip	4576344172520048230
F/row209/g_dem	4576344180744674784
F/row209/on_ramp	0
F/row209/req	4576315963496478263
F/row209/riding	1
F/row209/s	4607385080783249079
F/row21/cap	4578413734904665350
F/row21/delta	4553491793632447520
F/row21/g_clip	0
F/row21/g_dem	4553491793632447520
F/row21/on_ramp	1
F/row21/req	0
F/row21/riding	0
F/row21/s	4592230468037147363
F/row210/cap	4579486310261294535
F/row210/delta	4488843360646201344
F/row210/g_clip	4576341351617691233
F/row210/g_dem	4576341359019855132
F/row210/on_ramp	0
F/row210/req	4576313270133972575
F/row210/riding	1
F/row210/s	4607407598781385931
F/row211/cap	4579488991336607742
F/row211/delta	4488067187504840704
F/row211/g_clip	4576338543469319367
F/row211/g_dem	4576338550131266876
F/row211/on_ramp	0
F/row211/req	4576310589058659368
F/row211/riding	1
F/row211/s	4607430116779522783
F/row212/cap	4579491660174771666
F/row212/delta	4487368631677616128
F/row212/g_clip	4576335748028253367
F/row212/g_dem	4576335754024006125
F/row212/on_ramp	0
F/row212/req	4576307920220495444
F/row212/riding	1
F/row212/s	4607452634777659635
F/row213/cap	4579494316825659897
F/row213/delta	4486739931433009152
F/row213/g_clip	4576332965247477575
F/row213/g_dem	4576332970643655057
F/row213/on_ramp	0
F/row213/req	4576305263569607213
F/row213/riding	1
F/row213/s	4607475152775796487
F/row214/cap	4579496961338979612
F/row214/delta	4486174101213282304
F/row214/g_clip	4576330195079690539
F/row214/g_dem	4576330199936250273
F/row214/on_ramp	0
F/row214/req	4576302619056287498
F/row214/riding	1
F/row214/s	4607497670773933339
F/row215/cap	4579499593764274389
F/row215/delta	4485664854015737856
F/row215/g_clip	4576327437477350235
F/row215/g_dem	4576327441848253996
F/row215/on_ramp	0
F/row215/req	4576299986630992721
F/row215/riding	1
F/row215/s	4607520188772070191
F/row216/cap	4579502214150926684
F/row216/delta	4484827834212155392
F/row216/g_clip	4576324692392714484
F/row216/g_dem	4576324696326527868
F/row216/on_ramp	0
F/row216/req	4576297366244340426
F/row216/riding	1
F/row216/s	4607542706770207043
F/row217/cap	4579504822548160139
F/row217/delta	4484002853752406016
F/row217/g_clip	4576321959777877078
F/row217/g_dem	4576321963318309124
F/row217/on_ramp	0
F/row217/req	4576294757847106971
F/row217/riding	1
F/row217/s	4607565224768343895
F/row218/cap	4579507419005041481
F/row218/delta	4483260371339051008
F/row218/g_clip	4576319239584800067
F/row218/g_dem	4576319242771188909
F/row218/on_ramp	0
F/row218/req	4576292161390225629
F/row218/riding	1
F/row218/s	4607587742766480747
F/row219/cap	4579510003570482344
F/row219/delta	4482592137166192640
F/row219/g_clip	4576316531765342623
F/row219/g_dem	4576316534633092581
F/row219/on_ramp	0
F/row219/req	4576289576824784766
F/row219/riding	1
F/row219/s	4607610260764617599
F/row22/cap	4578421860606302848
F/row22/delta	4555298323603095136
F/row22/g_clip	0
F/row22/g_dem	4555298323603095136
F/row22/on_ramp	1
F/row22/req	0
F/row22/riding	0
F/row22/s	4592590756007337003
F/row220/cap	4579512576293240808
F/row220/delta	4481990726411878400
F/row220/g_clip	4576313836271286837
F/row220/g_dem	4576313838852261800
F/row220/on_ramp	0
F/row220/req	4576287004102026302
F/row220/riding	1
F/row220/s	4607632778762754451
F/row221/cap	4579515137221922775
F/row221/delta	4481449456729849856
F/row221/g_clip	4576311153054360784
F/row221/g_dem	4576311155377238250
F/row221/on_ramp	0
F/row221/req	4576284443173344335
F/row221/riding	1
F/row221/s	4607655296760891303
F/row222/cap	4579517686404983208
F/row222/delta	4480842998799663104
F/row222/g_clip	4576308482066259139
F/row222/g_dem	4576308484156848858
F/row222/on_ramp	0
F/row222/req	4576281893990283902
F/row222/riding	1
F/row222/s	4607677814759028155
F/row223/cap	4579520223890727180
F/row223/delta	4479966141917167616
F/row223/g_clip	4576305823258661615
F/row223/g_dem	4576305825140192362
F/row223/on_ramp	0
F/row223/req	4576279356504539930
F/row223/riding	1
F/row223/s	4607700332757165007
F/row224/cap	4579522749727310837
F/row224/delta	4479176970726277120
F/row224/g_clip	4576303176583249446
F/row224/g_dem	4576303178276627119
F/row224/on_ramp	0
F/row224/req	4576276830667956273
F/row224/riding	1
F/row224/s	4607722850755301859
F/row225/cap	4579525263962742224
F/row225/delta	4478466716648603648
F/row225/g_clip	4576300541991720129
F/row225/g_dem	4576300543515760034
F/row225/on_ramp	0
F/row225/req	4576274316432524886
F/row225/riding	1
F/row225/s	4607745368753438711
F/row226/cap	4579527766644882030
F/row226/delta	4477827487979536384
F/row226/g_clip	4576297919435800605
F/row226/g_dem	4576297920807436519
F/row226/on_ramp	0
F/row226/req	4576271813750385080
F/row226/riding	1
F/row226/s	4607767886751575563
F/row227/cap	4579530257821444204
F/row227/delta	4477252182181150720
F/row227/g_clip	4576295308867259052
F/row227/g_dem	4576295310101731375
F/row227/on_ramp	0
F/row227/req	4576269322573822906
F/row227/riding	1
F/row227/s	4607790404749712415
F/row228/cap	4579532737539996543
F/row228/delta	4476734406962184192
F/row228/g_clip	4576292710237915437
F/row228/g_dem	4576292711348940528
F/row228/on_ramp	0
F/row228/req	4576266842855270567
F/row228/riding	1
F/row228/s	4607812922747849267
F/row229/cap	4579535205847961115
F/row229/delta	4475958788922277888
F/row229/g_clip	4576290123499650950
F/row229/g_dem	4576290124499573532
F/row229/on_ramp	0
F/row229/req	4576264374547305995
F/row229/riding	1
F/row229/s	4607835440745986119
F/row23/cap	4578430162949586900
F/row23/delta	4557154009474931904
F/row23/g_clip	0
F/row23/g_dem	4557154009474931904
F/row23/on_ramp	1
F/row23/req	4547351947500328192
F/row23/riding	1
F/row23/s	4592951043977526643
F/row230/cap	4579537662792614774
F/row230/delta	4475119993066881024
F/row230/g_clip	4576287548604416454
F/row230/g_dem	4576287549504346778
F/row230/on_ramp	0
F/row230/req	4576261917602652336
F/row230/riding	1
F/row230/s	4607857958744122971
F/row231/cap	4579540108421089433
F/row231/delta	4474365076798701568
F/row231/g_clip	4576284985504240042
F/row231/g_dem	4576284986314177334
F/row231/on_ramp	0
F/row231/req	4576259471974177677
F/row231/riding	1
F/row231/s	4607880476742259823
F/row232/cap	4579542542780372420
F/row232/delta	4473685652147273728
F/row232/g_clip	4576282434151233806
F/row232/g_dem	4576282434880177368
F/row232/on_ramp	0
F/row232/req	4576257037614894690
F/row232/riding	1
F/row232/s	4607902994740396675
F/row233/cap	4579544965917306759
F/row233/delta	4473074169969377280
F/row233/g_clip	4576279894497599894
F/row233/g_dem	4576279895153649100
F/row233/on_ramp	0
F/row233/req	4576254614477960351
F/row233/riding	1
F/row233/s	4607925512738533527
F/row234/cap	4579547377878591356
F/row234/delta	4472523836004237312
F/row234/g_clip	4576277366495635940
F/row234/g_dem	4576277367086080225
F/row234/on_ramp	0
F/row234/req	4576252202516675754
F/row234/riding	1
F/row234/s	4607948030736670379
F/row235/cap	4579549778710781235
F/row235/delta	4471982640907419648
F/row235/g_clip	4576274850097739921
F/row235/g_dem	4576274850629139778
F/row235/on_ramp	0
F/row235/req	4576249801684485875
F/row235/riding	1
F/row235/s	4607970548734807231
F/row236/cap	4579552168460287685
F/row236/delta	4471091099900837888
F/row236/g_clip	4576272345256414516
F/row236/g_dem	4576272345734674388
F/row236/on_ramp	0
F/row236/req	4576247411934979425
F/row236/riding	1
F/row236/s	4607993066732944083
F/row237/cap	4579554547173378385
F/row237/delta	4470288712986525696
F/row237/g_clip	4576269851924271007
F/row237/g_dem	4576269852354704892
F/row237/on_ramp	0
F/row237/req	4576245033221888725
F/row237/riding	1
F/row237/s	4608015584731080935
F/row238/cap	4579556914896177547
F/row238/delta	4469566564751900672
F/row238/g_clip	4576267370054032779
F/row238/g_dem	4576267370441423275
F/row238/on_ramp	0
F/row238/req	4576242665499089563
F/row238/riding	1
F/row238/s	4608038102729217787
F/row239/cap	4579559271674665980
F/row239/delta	4468916631359193088
F/row239/g_clip	4576264899598538457
F/row239/g_dem	4576264899947189904
F/row239/on_ramp	0
F/row239/req	4576240308720601130
F/row239/riding	1
F/row239/s	4608060620727354639
F/row24/cap	4578438637971396372
F/row24/delta	4558251552612870131
F/row24/g_clip	4532296443996043058
F/row24/g_dem	4558348096651755984
F/row24/on_ramp	1
F/row24/req	4552567607046337344
F/row24/riding	1
F/row24/s	4593311331947716283
F/row240/cap	4579561617554681185
F/row240/delta	4468331691307433984
F/row240/g_clip	4576262440510744724
F/row240/g_dem	4576262440824531027
F/row240/on_ramp	0
F/row240/req	4576237962840585925
F/row240/riding	1
F/row240/s	4608083138725491491
F/row241/cap	4579563952581917420
F/row241/delta	4467805245254139904
F/row241/g_clip	4576259992743728844
F/row241/g_dem	4576259993026136517
F/row241/on_ramp	0
F/row241/req	4576235627813349690
F/row241/riding	1
F/row241/s	4608105656723628343
F/row242/cap	4579566276801925735
F/row242/delta	4467092057227264000
F/row242/g_clip	4576257556250690929
F/row242/g_dem	4576257556504857834
F/row242/on_ramp	0
F/row242/req	4576233303593341375
F/row242/riding	1
F/row242/s	4608128174721765195
F/row243/cap	4579568590260114044
F/row243/delta	4466239214597439488
F/row243/g_clip	4576255130984955974
F/row243/g_dem	4576255131213706188
F/row243/on_ramp	0
F/row243/req	4576230990135153066
F/row243/riding	1
F/row243/s	4608150692719902047
F/row244/cap	4579570893001747103
F/row244/delta	4465471656260796416
F/row244/g_clip	4576252716899975683
F/row244/g_dem	4576252717105850876
F/row244/on_ramp	0
F/row244/req	4576228687393520007
F/row244/riding	1
F/row244/s	4608173210718038899
F/row245/cap	4579573185071946578
F/row245/delta	4464780853754462208
F/row245/g_clip	4576250313949330115
F/row245/g_dem	4576250314134617789
F/row245/on_ramp	0
F/row245/req	4576226395323320532
F/row245/riding	1
F/row245/s	4608195728716175751
F/row246/cap	4579575466515691052
F/row246/delta	4464159131468562432
F/row246/g_clip	4576247922086729157
F/row246/g_dem	4576247922253488063
F/row246/on_ramp	0
F/row246/req	4576224113879576058
F/row246/riding	1
F/row246/s	4608218246714312603
F/row247/cap	4579577737377816016
F/row247/delta	4463599581417963520
F/row247/g_clip	4576245541266013847
F/row247/g_dem	4576245541416096862
F/row247/on_ramp	0
F/row247/req	4576221843017451094
F/row247/riding	1
F/row247/s	4608240764712449455
F/row248/cap	4579579997703013938
F/row248/delta	4463095986369069056
F/row248/g_clip	4576243171441157572
F/row248/g_dem	4576243171576232285
F/row248/on_ramp	0
F/row248/req	4576219582692253172
F/row248/riding	1
F/row248/s	4608263282710586307
F/row249/cap	4579582247535834179
F/row249/delta	4462218270979653632
F/row249/g_clip	4576240812566267132
F/row249/g_dem	4576240812687834374
F/row249/on_ramp	0
F/row249/req	4576217332859432931
F/row249/riding	1
F/row249/s	4608285800708723159
F/row25/cap	4578447282869015206
F/row25/delta	4559019375396210004
F/row25/g_clip	4539889292133848504
F/row25/g_dem	4559317154606944944
F/row25/on_ramp	1
F/row25/req	4555134889870091200
F/row25/riding	1
F/row25/s	4593671619917905921
F/row250/cap	4579584486920683106
F/row250/delta	4461402447042052096
F/row250/g_clip	4576238464595583712
F/row250/g_dem	4576238464704994230
F/row250/on_ramp	0
F/row250/req	4576215093474584004
F/row250/riding	1
F/row250/s	4608308318706860011
F/row251/cap	4579586715901823996
F/row251/delta	4460668205471367168
F/row251/g_clip	4576236127483483741
F/row251/g_dem	4576236127581953207
F/row251/on_ramp	0
F/row251/req	4576212864493443114
F/row251/riding	1
F/row251/s	4608330836704996863
F/row252/cap	4579588934523377127
F/row252/delta	4460007388111437824
F/row252/g_clip	4576233801184479678
F/row252/g_dem	4576233801273102198
F/row252/on_ramp	0
F/row252/req	4576210645871889983
F/row252/riding	1
F/row252/s	4608353354703133715
F/row253/cap	4579591142829319728
F/row253/delta	4459412652447236096
F/row253/g_clip	4576231485653220708
F/row253/g_dem	4576231485732980976
F/row253/on_ramp	0
F/row253/req	4576208437565947382
F/row253/riding	1
F/row253/s	4608375872701270567
F/row254/cap	4579593340863486033
F/row254/delta	4458877390403141632
F/row254/g_clip	4576229180844493375
F/row254/g_dem	4576229180916277617
F/row254/on_ramp	0
F/row254/req	4576206239531781077
F/row254/riding	1
F/row254/s	4608398390699407419
F/row255/cap	4579595528669567222
F/row255/delta	4458227677949591552
F/row255/g_clip	4576226886713222145
F/row255/g_dem	4576226886777827963
F/row255/on_ramp	0
F/row255/req	4576204051725699888
F/row255/riding	1
F/row255/s	4608420908697544271
F/row256/cap	4579597706291111540
F/row256/delta	4457360553446211584
F/row256/g_clip	4576224603214469919
F/row256/g_dem	4576224603272615156
F/row256/on_ramp	0
F/row256/req	4576201874104155570
F/row256/riding	1
F/row256/s	4608443426695681123
F/row257/cap	4579599873771524193
F/row257/delta	4456580141245530112
F/row257/g_clip	4576222330303438484
F/row257/g_dem	4576222330355769197
F/row257/on_ramp	0
F/row257/req	4576199706623742917
F/row257/riding	1
F/row257/s	4608465944693817975
F/row258/cap	4579602031154067474
F/row258/delta	4455877770345447424
F/row258/g_clip	4576220067935468927
F/row258/g_dem	4576220067982566569
F/row258/on_ramp	0
F/row258/req	4576197549241199636
F/row258/riding	1
F/row258/s	4608488462691954827
F/row259/cap	4579604178481860700
F/row259/delta	4455245636521951232
F/row259/g_clip	4576217816066041998
F/row259/g_dem	4576217816108429876
F/row259/on_ramp	0
F/row259/req	4576195401913406410
F/row259/riding	1
F/row259/s	4608510980690091679
F/row26/cap	4578456095696439314
F/row26/delta	4559710415901215882
F/row26/g_clip	4544372141197107628
F/row26/g_dem	4560303380502171840
F/row26/on_ramp	1
F/row26/req	4557410990827459200
F/row26/riding	1
F/row26/s	4593851763903000741
F/row260/cap	4579606315797880304
F/row260/delta	4454676716027117568
F/row260/g_clip	4576215574650778439
F/row260/g_dem	4576215574688927529
F/row260/on_ramp	0
F/row260/req	4576193264597386806
F/row260/riding	1
F/row260/s	4608533498688228531
F/row261/cap	4579608443144959811
F/row261/delta	4454164687608610816
F/row261/g_clip	4576213343645439276
F/row261/g_dem	4576213343679773457
F/row261/on_ramp	0
F/row261/req	4576191137250307299
F/row261/riding	1
F/row261/s	4608556016686365383
F/row262/cap	4579610560565789901
F/row262/delta	4453347692621332480
F/row262/g_clip	4576211123005926078
F/row262/g_dem	4576211123036826841
F/row262/on_ramp	0
F/row262/req	4576189019829477209
F/row262/riding	1
F/row262/s	4608578534684502235
F/row263/cap	4579612668102918446
F/row263/delta	4452518206661197824
F/row263/g_clip	4576208912688281191
F/row263/g_dem	4576208912716091878
F/row263/on_ramp	0
F/row263/req	4576186912292348664
F/row263/riding	1
F/row263/s	4608601052682639087
F/row264/cap	4579614765798750549
F/row264/delta	4451771669404450816
F/row264/g_clip	4576206712648687938
F/row264/g_dem	4576206712673717557
F/row264/on_ramp	0
F/row264/req	4576184814596516561
F/row264/riding	1
F/row264/s	4608623570680775939
F/row265/cap	4579616853695548582
F/row265/delta	4451099785658630144
F/row265/g_clip	4576204522843470800
F/row265/g_dem	4576204522865997457
F/row265/on_ramp	0
F/row265/req	4576182726699718528
F/row265/riding	1
F/row265/s	4608646088678912791
F/row266/cap	4579618931835432233
F/row266/delta	4450495090233704448
F/row266/g_clip	4576202343229095573
F/row266/g_dem	4576202343249369564
F/row266/on_ramp	0
F/row266/req	4576180648559834877
F/row266/riding	1
F/row266/s	4608668606677049643
F/row267/cap	4579621000260378612
F/row267/delta	4449950864458645504
F/row267/g_clip	4576200173762169503
F/row267/g_dem	4576200173780416095
F/row267/on_ramp	0
F/row267/req	4576178580134888498
F/row267/riding	1
F/row267/s	4608691124675186495
F/row268/cap	4579623059012222207
F/row268/delta	4449365690733821952
F/row268/g_clip	4576198014399441402
F/row268/g_dem	4576198014415863335
F/row268/on_ramp	0
F/row268/req	4576176521383044903
F/row268/riding	1
F/row268/s	4608713642673323347
F/row269/cap	4579625108132655080
F/row269/delta	4448484045080231936
F/row269/g_clip	4576195865097801752
F/row269/g_dem	4576195865112581492
F/row269/on_ramp	0
F/row269/req	4576174472262612030
F/row269/riding	1
F/row269/s	4608736160671460199
F/row27/cap	4578465075140495969
F/row27/delta	4560332352355721190
F/row27/g_clip	4547407916389646158
F/row27/g_dem	4561304788855744464
F/row27/on_ramp	1
F/row27/req	4558662291475763840
F/row27/riding	1
F/row27/s	4594031907888095561
F/row270/cap	4579627147663226836
F/row270/delta	4447690563830939648
F/row270/g_clip	4576193725814282780
F/row270/g_dem	4576193725827584546
F/row270/on_ramp	0
F/row270/req	4576172432732040274
F/row270/riding	1
F/row270/s	4608758678669597051
F/row271/cap	4579629177645344731
F/row271/delta	4446976431028699136
F/row271/g_clip	4576191596506058529
F/row271/g_dem	4576191596518030119
F/row271/on_ramp	0
F/row271/req	4576170402749922379
F/row271/riding	1
F/row271/s	4608781196667733903
F/row272/cap	4579631198120273767
F/row272/delta	4446333711184560128
F/row272/g_clip	4576189477130444914
F/row272/g_dem	4576189477141219345
F/row272/on_ramp	0
F/row272/req	4576168382274993343
F/row272/riding	1
F/row272/s	4608803714665870755
F/row273/cap	4579633209129136766
F/row273/delta	4445755263378522112
F/row273/g_clip	4576187367644899757
F/row273/g_dem	4576187367654596745
F/row273/on_ramp	0
F/row273/req	4576166371266130344
F/row273/riding	1
F/row273/s	4608826232664007607
F/row274/cap	4579635210712914437
F/row274/delta	4445234660192026624
F/row274/g_clip	4576185268007022816
F/row274/g_dem	4576185268015750105
F/row274/on_ramp	0
F/row274/req	4576164369682352673
F/row274/riding	1
F/row274/s	4608848750662144459
F/row275/cap	4579637202912445505
F/row275/delta	4444479402541056000
F/row275/g_clip	4576183178174555802
F/row275/g_dem	4576183178182410362
F/row275/on_ramp	0
F/row275/req	4576162377482821605
F/row275/riding	1
F/row275/s	4608871268660281311
F/row276/cap	4579639185768426806
F/row276/delta	4443636025582944256
F/row276/g_clip	4576181098105382382
F/row276/g_dem	4576181098112451486
F/row276/on_ramp	0
F/row276/req	4576160394626840304
F/row276/riding	1
F/row276/s	4608893786658418163
F/row277/cap	4579641159321413364
F/row277/delta	4442876986750140416
F/row277/g_clip	4576179027757528174
F/row277/g_dem	4576179027763890368
F/row277/on_ramp	0
F/row277/req	4576158421073853746
F/row277/riding	1
F/row277/s	4608916304656555015
F/row278/cap	4579643123611818517
F/row278/delta	4442193851800616960
F/row278/g_clip	4576176967089160731
F/row278/g_dem	4576176967094886706
F/row278/on_ramp	0
F/row278/req	4576156456783448593
F/row278/riding	1
F/row278/s	4608938822654691867
F/row279/cap	4579645078679914051
F/row279/delta	4441579030453420032
F/row279/g_clip	4576174916058589517
F/row279/g_dem	4576174916063742895
F/row279/on_ramp	0
F/row279/req	4576154501715353059
F/row279/riding	1
F/row279/s	4608961340652828719
F/row28/cap	4578474220355809200
F/row28/delta	4560892095164775959
F/row28/g_clip	4549842022698591203
F/row28/g_dem	4562233008680764296
F/row28/on_ramp	1
F/row28/req	4559795023748221888
F/row28/riding	1
F/row28/s	4594212051873190381
F/row280/cap	4579647024565830264
F/row280/delta	4441025690489323520
F/row280/g_clip	4576172874624265871
F/row280/g_dem	4576172874628903911
F/row280/on_ramp	0
F/row280/req	4576152555829436846
F/row280/riding	1
F/row280/s	4608983858650965571
F/row281/cap	4579648961309556157
F/row281/delta	4440506139032944640
F/row281/g_clip	4576170842744782968
F/row281/g_dem	4576170842748957205
F/row281/on_ramp	0
F/row281/req	4576150619085710953
F/row281/riding	1
F/row281/s	4609006376649102423
F/row282/cap	4579650888950939509
F/row282/delta	4439609727818661888
F/row282/g_clip	4576168820378875767
F/row282/g_dem	4576168820382632580
F/row282/on_ramp	0
F/row282/req	4576148691444327601
F/row282/riding	1
F/row282/s	4609028894647239275
F/row283/cap	4579652807529687034
F/row283/delta	4438802959014297600
F/row283/g_clip	4576166807485420950
F/row283/g_dem	4576166807488802082
F/row283/on_ramp	0
F/row283/req	4576146772865580076
F/row283/riding	1
F/row283/s	4609051412645376127
F/row284/cap	4579654717085364505
F/row284/delta	4438076864728137728
F/row284/g_clip	4576164804023436863
F/row284/g_dem	4576164804026479881
F/row284/on_ramp	0
F/row284/req	4576144863309902605
F/row284/riding	1
F/row284/s	4609073930643512979
F/row285/cap	4579656617657396924
F/row285/delta	4437423381159084032
F/row285/g_clip	4576162809952083437
F/row285/g_dem	4576162809954822153
F/row285/on_ramp	0
F/row285/req	4576142962737870186
F/row285/riding	1
F/row285/s	4609096448641649831
F/row286/cap	4579658509285068627
F/row286/delta	4436835245517438976
F/row286/g_clip	4576160825230662112
F/row286/g_dem	4576160825233126956
F/row286/on_ramp	0
F/row286/req	4576141071110198483
F/row286/riding	1
F/row286/s	4609118966639786683
F/row287/cap	4579660392007523451
F/row287/delta	4436305925157945344
F/row287/g_clip	4576158849818615749
F/row287/g_dem	4576158849820834109
F/row287/on_ramp	0
F/row287/req	4576139188387743659
F/row287/riding	1
F/row287/s	4609141484637923535
F/row288/cap	4579662265863764928
F/row288/delta	4435613438990876672
F/row288/g_clip	4576156883675528540
F/row288/g_dem	4576156883677525064
F/row288/on_ramp	0
F/row288/req	4576137314531502182
F/row288/riding	1
F/row288/s	4609164002636060387
F/row289/cap	4579664130892656350
F/row289/delta	4434755940180295680
F/row289/g_clip	4576154926761125904
F/row289/g_dem	4576154926762922776
F/row289/on_ramp	0
F/row289/req	4576135449502610760
F/row289/riding	1
F/row289/s	4609186520634197239
F/row29/cap	4578483530843157258
F/row29/delta	4561395863692925238
F/row29/g_clip	4551933343021075302
F/row29/g_dem	4562746307985149448
F/row29/on_ramp	1
F/row29/req	4560925111668122688
F/row29/riding	1
F/row29/s	4594392195858285201
F/row290/cap	4579665987132921051
F/row290/delta	4433984186096812032
F/row290/g_clip	4576152979035274390
F/row290/g_dem	4576152979036891574
F/row290/on_ramp	0
F/row290/req	4576133593262346059
F/row290/riding	1
F/row290/s	4609209038632334091
F/row291/cap	4579667834623142484
F/row291/delta	4433289612575637504
F/row291/g_clip	4576151040457981557
F/row291/g_dem	4576151040459437023
F/row291/on_ramp	0
F/row291/req	4576131745772124626
F/row291/riding	1
F/row291/s	4609231556630470943
F/row292/cap	4579669673401764427
F/row292/delta	4432664492970606592
F/row292/g_clip	4576149110989395864
F/row292/g_dem	4576149110990705783
F/row292/on_ramp	0
F/row292/req	4576129906993502683
F/row292/riding	1
F/row292/s	4609254074628607795
F/row293/cap	4579671503507091141
F/row293/delta	4432101886614568960
F/row293/g_clip	4576147190589806546
F/row293/g_dem	4576147190590985473
F/row293/on_ramp	0
F/row293/req	4576128076888175969
F/row293/riding	1
F/row293/s	4609276592626744647
F/row294/cap	4579673324977287612
F/row294/delta	4431595544330108928
F/row294/g_clip	4576145279219643488
F/row294/g_dem	4576145279220704523
F/row294/on_ramp	0
F/row294/req	4576126255417979498
F/row294/riding	1
F/row294/s	4609299110624881499
F/row295/cap	4579675137850379628
F/row295/delta	4430737628907700224
F/row295/g_clip	4576143376839477089
F/row295/g_dem	4576143376840432020
F/row295/on_ramp	0
F/row295/req	4576124442544887482
F/row295/riding	1
F/row295/s	4609321628623018351
F/row296/cap	4579676942164254079
F/row296/delta	4429917350283706368
F/row296/g_clip	4576141483410018128
F/row296/g_dem	4576141483410877566
F/row296/on_ramp	0
F/row296/req	4576122638231013031
F/row296/riding	1
F/row296/s	4609344146621155203
F/row297/cap	4579678737956659050
F/row297/delta	4429179096945131520
F/row297/g_clip	4576139598892117618
F/row297/g_dem	4576139598892891112
F/row297/on_ramp	0
F/row297/req	4576120842438608060
F/row297/riding	1
F/row297/s	4609366664619292055
F/row298/cap	4579680525265204106
F/row298/delta	4428514674094374912
F/row298/g_clip	4576137723246766662
F/row298/g_dem	4576137723247462807
F/row298/on_ramp	0
F/row298/req	4576119055130063004
F/row298/riding	1
F/row298/s	4609389182617428907
F/row299/cap	4579682304127360414
F/row299/delta	4427916694387687424
F/row299/g_clip	4576135856435096296
F/row299/g_dem	4576135856435722827
F/row299/on_ramp	0
F/row299/req	4576117276267906696
F/row299/riding	1
F/row299/s	4609411700615565759
F/row3/cap	4578324198359914987
F/row3/delta	13778824650328617216
F/row3/g_clip	0
F/row3/g_dem	13778824650328617216
F/row3/on_ramp	1
F/row3/req	0
F/row3/riding	0
F/row3/s	4579800533065604792
F/row30/cap	4578493006359828750
F/row30/delta	4561849255368259596
F/row30/g_clip	4553703394875421383
F/row30/g_dem	4563264781755091128
F/row30/on_ramp	1
F/row30/req	4562052559118848560
F/row30/riding	1
F/row30/s	4594572339843380021
F/row300/cap	4579684074580461008
F/row300/delta	4427378509215694848
F/row300/g_clip	4576133998418377336
F/row300/g_dem	4576133998418941214
F/row300/on_ramp	0
F/row300/req	4576115505814806102
F/row300/riding	1
F/row300/s	4609434218613702611
F/row301/cap	4579685836661700953
F/row301/delta	4426749846262644736
F/row301/g_clip	4576132149158020213
F/row301/g_dem	4576132149158527703
F/row301/on_ramp	0
F/row301/req	4576113743733566157
F/row301/riding	1
F/row301/s	4609456736611839463
F/row302/cap	4579687590408137565
F/row302/delta	4425877985081425920
F/row302/g_clip	4576130308615574807
F/row302/g_dem	4576130308616031548
F/row302/on_ramp	0
F/row302/req	4576111989987129545
F/row302/riding	1
F/row302/s	4609479254609976315
F/row303/cap	4579689335856690643
F/row303/delta	4425093311736315904
F/row303/g_clip	4576128476752730281
F/row303/g_dem	4576128476753141348
F/row303/on_ramp	0
F/row303/req	4576110244538576467
F/row303/riding	1
F/row303/s	4609501772608113167
F/row304/cap	4579691073044142680
F/row304/delta	4424387098853769216
F/row304/g_clip	4576126653531314900
F/row304/g_dem	4576126653531684860
F/row304/on_ramp	0
F/row304/req	4576108507351124430
F/row304/riding	1
F/row304/s	4609524290606250019
F/row305/cap	4579692802007139051
F/row305/delta	4423751512413437952
F/row305/g_clip	4576124838913295853
F/row305/g_dem	4576124838913628817
F/row305/on_ramp	0
F/row305/req	4576106778388128059
F/row305/riding	1
F/row305/s	4609546808604386871
F/row306/cap	4579694522782188302
F/row306/delta	4423179474309218304
F/row306/g_clip	4576123032860779074
F/row306/g_dem	4576123032861078741
F/row306/on_ramp	0
F/row306/req	4576105057613078808
F/row306/riding	1
F/row306/s	4609569326602523723
F/row307/cap	4579696235405662307
F/row307/delta	4422664662349250560
F/row307/g_clip	4576121235336009047
F/row307/g_dem	4576121235336278748
F/row307/on_ramp	0
F/row307/req	4576103344989604803
F/row307/riding	1
F/row307/s	4609591844600660575
F/row308/cap	4579697939913796535
F/row308/delta	4421867808476889088
F/row308/g_clip	4576119446301368623
F/row308/g_dem	4576119446301611354
F/row308/on_ramp	0
F/row308/req	4576101640481470575
F/row308/riding	1
F/row308/s	4609614362598797427
F/row309/cap	4579699636342690293
F/row309/delta	4421033794547482624
F/row309/g_clip	4576117665719378818
F/row309/g_dem	4576117665719597276
F/row309/on_ramp	0
F/row309/req	4576099944052576817
F/row309/riding	1
F/row309/s	4609636880596934279
F/row31/cap	4578502646853575803
F/row31/delta	4562201865201186486
F/row31/g_clip	4554979284921754761
F/row31/g_dem	4563787780520574936
F/row31/on_ramp	1
F/row31/req	4562661894731338952
F/row31/riding	1
F/row31/s	4594752483828474841
F/row310/cap	4579701324728306952
F/row310/delta	4420283171703095296
F/row310/g_clip	4576115893552698618
F/row310/g_dem	4576115893552895230
F/row310/on_ramp	0
F/row310/req	4576098255666960158
F/row310/riding	1
F/row310/s	4609659398595071131
F/row311/cap	4579703005106474166
F/row311/delta	4419607624887042048
F/row311/g_clip	4576114129764124772
F/row311/g_dem	4576114129764301723
F/row311/on_ramp	0
F/row311/req	4576096575288792944
F/row311/riding	1
F/row311/s	4609681916593207983
F/row312/cap	4579704677512884154
F/row312/delta	4418999629316620288
F/row312/g_clip	4576112374316591589
F/row312/g_dem	4576112374316750845
F/row312/on_ramp	0
F/row312/req	4576094902882382956
F/row312/riding	1
F/row312/s	4609704434591344835
F/row313/cap	4579706341983093921
F/row313/delta	4418452416123371520
F/row313/g_clip	4576110627173170726
F/row313/g_dem	4576110627173314056
F/row313/on_ramp	0
F/row313/req	4576093238412173189
F/row313/riding	1
F/row313/s	4609726952589481687
F/row314/cap	4579707998552525501
F/row314/delta	4417888641536229376
F/row314/g_clip	4576108888297070972
F/row314/g_dem	4576108888297199969
F/row314/on_ramp	0
F/row314/req	4576091581842741609
F/row314/riding	1
F/row314/s	4609749470587618539
F/row315/cap	4579709647256466241
F/row315/delta	4417002160286334976
F/row315/g_clip	4576107157651638036
F/row315/g_dem	4576107157651754133
F/row315/on_ramp	0
F/row315/req	4576089933138800869
F/row315/riding	1
F/row315/s	4609771988585755391
F/row316/cap	4579711288130069015
F/row316/delta	4416204395880906752
F/row316/g_clip	4576105435200354319
F/row316/g_dem	4576105435200458807
F/row316/on_ramp	0
F/row316/req	4576088292265198095
F/row316/riding	1
F/row316/s	4609794506583892243
F/row317/cap	4579712921208352511
F/row317/delta	4415486346068492288
F/row317/g_clip	4576103720906838697
F/row317/g_dem	4576103720906932736
F/row317/on_ramp	0
F/row317/req	4576086659186914599
F/row317/riding	1
F/row317/s	4609817024582029095
F/row318/cap	4579714546526201491
F/row318/delta	4414840108109266944
F/row318/g_clip	4576102014734846287
F/row318/g_dem	4576102014734930922
F/row318/on_ramp	0
F/row318/req	4576085033869065619
F/row318/riding	1
F/row318/s	4609839542580165947
F/row319/cap	4579716164118367040
F/row319/delta	4414258535177650176
F/row319/g_clip	4576100316648268220
F/row319/g_dem	4576100316648344392
F/row319/on_ramp	0
F/row319/req	4576083416276900070
F/row319/riding	1
F/row319/s	4609862060578302799
F/row32/cap	4578512452413968625
F/row32/delta	4562385488829696895
F/row32/g_clip	4556352547526958181
F/row32/g_dem	4564314719800386200
F/row32/on_ramp	1
F/row32/req	4563222978106931240
F/row32/riding	1
F/row32/s	4594932627813569661
F/row320/cap	4579717774019466828
F/row320/delta	4413735098923352064
F/row320/g_clip	4576098626611131405
F/row320/g_dem	4576098626611199960
F/row320/on_ramp	0
F/row320/req	4576081806375800282
F/row320/riding	1
F/row320/s	4609884578576439651
F/row321/cap	4579719376263985397
F/row321/delta	4413000281558614016
F/row321/g_clip	4576096944587598293
F/row321/g_dem	4576096944587659992
F/row321/on_ramp	0
F/row321/req	4576080204131281713
F/row321/riding	1
F/row321/s	4609907096574576503
F/row322/cap	4579720970886274411
F/row322/delta	4412152283215691776
F/row322/g_clip	4576095270541966635
F/row322/g_dem	4576095270542022164
F/row322/on_ramp	0
F/row322/req	4576078609508992699
F/row322/riding	1
F/row322/s	4609929614572713355
F/row323/cap	4579722557920552956
F/row323/delta	4411389222146015232
F/row323/g_clip	4576093604438669241
F/row323/g_dem	4576093604438719218
F/row323/on_ramp	0
F/row323/req	4576077022474714154
F/row323/riding	1
F/row323/s	4609952132570850207
F/row324/cap	4579724137400907788
F/row324/delta	4410702439695515648
F/row324/g_clip	4576091946242273732
F/row324/g_dem	4576091946242318712
F/row324/on_ramp	0
F/row324/req	4576075442994359322
F/row324/riding	1
F/row324/s	4609974650568987059
F/row325/cap	4579725709361293629
F/row325/delta	4410084239282798592
F/row325/g_clip	4576090295917482291
F/row325/g_dem	4576090295917522773
F/row325/on_ramp	0
F/row325/req	4576073871033973481
F/row325/riding	1
F/row325/s	4609997168567123911
F/row326/cap	4579727273835533441
F/row326/delta	4409527886399143936
F/row326/g_clip	4576088653429131410
F/row326/g_dem	4576088653429167844
F/row326/on_ramp	0
F/row326/req	4576072306559733669
F/row326/riding	1
F/row326/s	4610019686565260763
F/row327/cap	4579728830857318709
F/row327/delta	4409027058852691968
F/row327/g_clip	4576087018742191636
F/row327/g_dem	4576087018742224426
F/row327/on_ramp	0
F/row327/req	4576070749537948401
F/row327/riding	1
F/row327/s	4610042204563397615
F/row328/cap	4579730380460209721
F/row328/delta	4408129032730705920
F/row328/g_clip	4576085391821767312
F/row328/g_dem	4576085391821796824
F/row328/on_ramp	0
F/row328/req	4576069199935057389
F/row328/riding	1
F/row328/s	4610064722561534467
F/row329/cap	4579731922677635860
F/row329/delta	4407317593149407232
F/row329/g_clip	4576083772633096320
F/row329/g_dem	4576083772633122880
F/row329/on_ramp	0
F/row329/req	4576067657717631250
F/row329/riding	1
F/row329/s	4610087240559671319
F/row33/cap	4578522423236581995
F/row33/delta	4562550750095356272
F/row33/g_clip	4557727870060410063
F/row33/g_dem	4564845073489775576
F/row33/on_ramp	1
F/row33/req	4563782739384759152
F/row33/riding	1
F/row33/s	4595112771798664481
F/row330/cap	4579733457542895899
F/row330/delta	4406587517428563968
F/row330/g_clip	4576082161141549813
F/row330/g_dem	4576082161141573717
F/row330/on_ramp	0
F/row330/req	4576066122852371211
F/row330/riding	1
F/row330/s	4610109758557808171
F/row331/cap	4579734985089158285
F/row331/delta	4405930284353060864
F/row331/g_clip	4576080557312631953
F/row331/g_dem	4576080557312653466
F/row331/on_ramp	0
F/row331/req	4576064595306108825
F/row331/riding	1
F/row331/s	4610132276555945023
F/row332/cap	4579736505349461417
F/row332/delta	4405339021975224320
F/row332/g_clip	4576078961111979640
F/row332/g_dem	4576078961111999002
F/row332/on_ramp	0
F/row332/req	4576063075045805693
F/row332/riding	1
F/row332/s	4610154794554081875
F/row333/cap	4579738018356713999
F/row333/delta	4404806858347380736
F/row333/g_clip	4576077372505362245
F/row333/g_dem	4576077372505379671
F/row333/on_ramp	0
F/row333/req	4576061562038553111
F/row333/riding	1
F/row333/s	4610177312552218727
F/row334/cap	4579739524143695259
F/row334/delta	4404135056742809600
F/row334/g_clip	4576075791458681332
F/row334/g_dem	4576075791458697015
F/row334/on_ramp	0
F/row334/req	4576060056251571851
F/row334/riding	1
F/row334/s	4610199830550355579
F/row335/cap	4579741022743055293
F/row335/delta	4403273039626633216
F/row335/g_clip	4576074217937970384
F/row335/g_dem	4576074217937984499
F/row335/on_ramp	0
F/row335/req	4576058557652211817
F/row335/riding	1
F/row335/s	4610222348548492431
F/row336/cap	4579742514187315380
F/row336/delta	4402497334173237248
F/row336/g_clip	4576072651909394527
F/row336/g_dem	4576072651909407231
F/row336/on_ramp	0
F/row336/req	4576057066207951730
F/row336/riding	1
F/row336/s	4610244866546629283
F/row337/cap	4579743998508868244
F/row337/delta	4401799144289599488
F/row337/g_clip	4576071093339250247
F/row337/g_dem	4576071093339261681
F/row337/on_ramp	0
F/row337/req	4576055581886398866
F/row337/riding	1
F/row337/s	4610267384544766135
F/row338/cap	4579745475739978392
F/row338/delta	4401170773394325504
F/row338/g_clip	4576069542193965109
F/row338/g_dem	4576069542193975400
F/row338/on_ramp	0
F/row338/req	4576054104655288718
F/row338/riding	1
F/row338/s	4610289902542902987
F/row339/cap	4579746945912782383
F/row339/delta	4400605074661834752
F/row339/g_clip	4576067998440097470
F/row339/g_dem	4576067998440106732
F/row339/on_ramp	0
F/row339/req	4576052634482484727
F/row339/riding	1
F/row339/s	4610312420541039839
F/row34/cap	4578532559596643883
F/row34/delta	4562699485234449715
F/row34/g_clip	4558496988678689642
F/row34/g_dem	4565378367938008808
F/row34/on_ramp	1
F/row34/req	4564341176362998920
F/row34/riding	1
F/row34/s	4595292915783759301
F/row340/cap	4579748409059289215
F/row340/delta	4400096000778174464
F/row340/g_clip	4576066462044336196
F/row340/g_dem	4576066462044344532
F/row340/on_ramp	0
F/row340/req	4576051171335977895
F/row340/riding	1
F/row340/s	4610334938539176691
F/row35/cap	4578542861829660855
F/row35/delta	4562833346859633800
F/row35/g_clip	4559300882830789217
F/row35/g_dem	4565914176639242680
F/row35/on_ramp	1
F/row35/req	4564898286357598008
F/row35/riding	1
F/row35/s	4595473059768854121
F/row36/cap	4578553114231556946
F/row36/delta	4562953822322299490
F/row36/g_clip	4560135809566598652
F/row36/g_dem	4566452115469813088
F/row36/on_ramp	1
F/row36/req	4565455795001164152
F/row36/riding	1
F/row36/s	4595653203753948941
F/row37/cap	4578563004492935019
F/row37/delta	4563062250238698606
F/row37/g_clip	4560998745357540372
F/row37/g_dem	4566821016717683004
F/row37/on_ramp	1
F/row37/req	4566016200768874440
F/row37/riding	1
F/row37/s	4595833347739043761
F/row38/cap	4578572569720872043
F/row38/delta	4563159835363457803
F/row38/g_clip	4561887468722929978
F/row38/g_dem	4567091990121410004
F/row38/on_ramp	1
F/row38/req	4566579206804113112
F/row38/riding	1
F/row38/s	4596013491724138581
F/row39/cap	4578581853514315941
F/row39/delta	4563247661975741093
F/row39/g_clip	4562473171742570403
F/row39/g_dem	4567364016486526244
F/row39/on_ramp	1
F/row39/req	4566897243234489872
F/row39/riding	1
F/row39/s	4596193635709233401
F/row4/cap	4578325448642246586
F/row4/delta	13780168888015870848
F/row4/g_clip	0
F/row4/g_dem	13780168888015870848
F/row4/on_ramp	1
F/row4/req	0
F/row4/riding	0
F/row4/s	4581421828931458171
F/row40/cap	4578590892785575590
F/row40/delta	4563326705926796053
F/row40/g_clip	4562940300999843043
F/row40/g_dem	4567637103090690044
F/row40/on_ramp	1
F/row40/req	4567180850078818712
F/row40/riding	1
F/row40/s	4596373779694328221
F/row41/cap	4578599718857658227
F/row41/delta	4563397845482745509
F/row41/g_clip	4563417438700254187
F/row41/g_dem	4567911241718870344
F/row41/on_ramp	1
F/row41/req	4567465309719855596
F/row41/riding	1
F/row41/s	4596553923679423041
F/row42/cap	4578608358377190893
F/row42/delta	4563461871083100023
F/row42/g_clip	4563903754558831593
F/row42/g_dem	4568186412448336304
F/row42/on_ramp	1
F/row42/req	4567750515571092368
F/row42/riding	1
F/row42/s	4596734067664517861
F/row43/cap	4578616834073183647
F/row43/delta	4563519494123419091
F/row43/g_clip	4564398480001798613
F/row43/g_dem	4568462586689979348
F/row43/on_ramp	1
F/row43/req	4568036376716488788
F/row43/riding	1
F/row43/s	4596914211649612681
F/row44/cap	4578625165387376029
F/row44/delta	4563571354859706241
F/row44/g_clip	4564900905129548215
F/row44/g_dem	4568739729621997724
F/row44/on_ramp	1
F/row44/req	4568322815389086692
F/row44/riding	1
F/row44/s	4597094355634707501
F/row45/cap	4578633368997893369
F/row45/delta	4563618029522364674
F/row45/g_clip	4565410375479042438
F/row45/g_dem	4569017802128074052
F/row45/on_ramp	1
F/row45/req	4568609764876384764
F/row45/riding	1
F/row45/s	4597274499619802321
F/row46/cap	4578641459254437148
F/row46/delta	4563660036718757283
F/row46/g_clip	4565926288691046853
F/row46/g_dem	4569296762332272564
F/row46/on_ramp	1
F/row46/req	4568897167779577088
F/row46/riding	1
F/row46/s	4597454643604897141
F/row47/cap	4578649448540223252
F/row47/delta	4563697843195510613
F/row47/g_clip	4566448091162489291
F/row47/g_dem	4569576566806370448
F/row47/on_ramp	1
F/row47/req	4569184974565800104
F/row47/riding	1
F/row47/s	4597634787589991961
F/row48/cap	4578657347573320027
F/row48/delta	4563731869024588608
F/row48/g_clip	4566812648448857516
F/row48/g_dem	4569857171511680844
F/row48/on_ramp	1
F/row48/req	4569473142362780436
F/row48/riding	1
F/row48/s	4597814931575086781
F/row49/cap	4578665165657876898
F/row49/delta	4563762492270758824
F/row49/g_clip	4567078697840249808
F/row49/g_dem	4570138532526158244
F/row49/on_ramp	1
F/row49/req	4569761633953920392
F/row49/riding	1
F/row49/s	4597995075560181601
F/row5/cap	4578327050610967931
F/row5/delta	13781070875724042000
F/row5/g_clip	0
F/row5/g_dem	13781070875724042000
F/row5/on_ramp	1
F/row5/req	0
F/row5/riding	0
F/row5/s	4582862980812216730
F/row50/cap	4578672910893922593
F/row50/delta	4563790053192312004
F/row50/g_clip	4567346991451616866
F/row50/g_dem	4570420606598301892
F/row50/on_ramp	1
F/row50/req	4570050416939105044
F/row50/riding	1
F/row50/s	4598175219545276418
F/row51/cap	4578680590352900546
F/row51/delta	4563814858021709864
F/row51/g_clip	4567617334000365684
F/row51/g_dem	4570703351561749640
F/row51/on_ramp	1
F/row51/req	4570339463032560664
F/row51/riding	1
F/row51/s	4598265291537823828
F/row52/cap	4578688210224853678
F/row52/delta	4563837182368167956
F/row52/g_clip	4567889546903585182
F/row52/g_dem	4570986726638198184
F/row52/on_ramp	1
F/row52/req	4570628747474115576
F/row52/riding	1
F/row52/s	4598355363530371238
F/row53/cap	4578695775942130856
F/row53/delta	4563857274279980222
F/row53/g_clip	4568163466960638221
F/row53/g_dem	4571212157216105398
F/row53/on_ramp	1
F/row53/req	4570918248534374296
F/row53/riding	1
F/row53/s	4598445435522918648
F/row54/cap	4578703292283628564
F/row54/delta	4563875357000611256
F/row54/g_clip	4568438945118011828
F/row54/g_dem	4571354416974949960
F/row54/on_ramp	1
F/row54/req	4571180784439402168
F/row54/riding	1
F/row54/s	4598535507515466058
F/row55/cap	4578710763462873196
F/row55/delta	4563891631449179202
F/row55/g_clip	4568715845315985735
F/row55/g_dem	4571496935686078900
F/row55/on_ramp	1
F/row55/req	4571325724045596624
F/row55/riding	1
F/row55/s	4598625579508013468
F/row56/cap	4578718193202666349
F/row56/delta	4563906278452890340
F/row56/g_clip	4568994043415401142
F/row56/g_dem	4571639696486714388
F/row56/on_ramp	1
F/row56/req	4571470746530694034
F/row56/riding	1
F/row56/s	4598715651500560878
F/row57/cap	4578725584798536431
F/row57/delta	4563919460756230362
F/row57/g_clip	4569273426201894491
F/row57/g_dem	4571782683455796068
F/row57/on_ramp	1
F/row57/req	4571615845303637586
F/row57/riding	1
F/row57/s	4598805723493108288
F/row58/cap	4578732941172845986
F/row58/delta	4563931324829236402
F/row58/g_clip	4569553890464327215
F/row58/g_dem	4571925881605263940
F/row58/on_ramp	1
F/row58/req	4571761014519702196
F/row58/riding	1
F/row58/s	4598895795485655698
F/row59/cap	4578740264921080782
F/row59/delta	4563942002494941822
F/row59/g_clip	4569835342143729589
F/row59/g_dem	4572069276861391482
F/row59/on_ramp	1
F/row59/req	4571906248987916320
F/row59/riding	1
F/row59/s	4598985867478203108
F/row6/cap	4578329001795885607
F/row6/delta	13781376634957572112
F/row6/g_clip	0
F/row6/g_dem	13781376634957572112
F/row6/on_ramp	1
F/row6/req	0
F/row6/riding	0
F/row6/s	4584304132692975289
F/row60/cap	4578747558351581375
F/row60/delta	4563951612394076700
F/row60/g_clip	4570117695548834550
F/row60/g_dem	4572212856038727682
F/row60/on_ramp	1
F/row60/req	4572051544091598850
F/row60/riding	1
F/row60/s	4599075939470750518
F/row61/cap	4578754814260122414
F/row61/delta	4563960261303298102
F/row61/g_clip	4570400872634165521
F/row61/g_dem	4572356606808698518
F/row61/on_ramp	1
F/row61/req	4572196914239200492
F/row61/riding	1
F/row61/s	4599166011463297928
F/row62/cap	4578762069633296599
F/row62/delta	4563968045321597354
F/row62/g_clip	4570684806040483723
F/row62/g_dem	4572500519516432432
F/row62/on_ramp	1
F/row62/req	4572342285457535838
F/row62/riding	1
F/row62/s	4599256083455845338
F/row63/cap	4578769480917696462
F/row63/delta	4563975050938066676
F/row63/g_clip	4570969420349837174
F/row63/g_dem	4572644578075226488
F/row63/on_ramp	1
F/row63/req	4572487344853419828
F/row63/riding	1
F/row63/s	4599346155448392748
F/row64/cap	4578777039395796756
F/row64/delta	4563981355992889084
F/row64/g_clip	4571204103444242759
F/row64/g_dem	4572788736717729542
F/row64/on_ramp	1
F/row64/req	4572632109861902960
F/row64/riding	1
F/row64/s	4599436227440940158
F/row65/cap	4578784726909579007
F/row65/delta	4563987030542229236
F/row65/g_clip	4571346904086008779
F/row65/g_dem	4572932955996830600
F/row65/on_ramp	1
F/row65/req	4572776616799022174
F/row65/riding	1
F/row65/s	4599526299433487568
F/row66/cap	4578792527139991551
F/row66/delta	4563992137636635376
F/row66/g_clip	4571489875357310118
F/row66/g_dem	4573077204041733474
F/row66/on_ramp	1
F/row66/req	4572920898302880802
F/row66/riding	1
F/row66/s	4599616371426034978
F/row67/cap	4578800425415243966
F/row67/delta	4563996734021600912
F/row67/g_clip	4571632977651867186
F/row67/g_dem	4573221455432531926
F/row67/on_ramp	1
F/row67/req	4573064983717059692
F/row67/riding	1
F/row67/s	4599706443418582388
F/row68/cap	4578808408540191812
F/row68/delta	4564000870768069876
F/row68/g_clip	4571776178258386437
F/row68/g_dem	4573365690225668418
F/row68/on_ramp	1
F/row68/req	4573208899431847716
F/row68/riding	1
F/row68/s	4599796515411129798
F/row69/cap	4578816464644298910
F/row69/delta	4564004593839891948
F/row69/g_clip	4571919450375732565
F/row69/g_dem	4573509893110970064
F/row69/on_ramp	1
F/row69/req	4573352669188317236
F/row69/riding	1
F/row69/s	4599886587403677208
F/row7/cap	4578331299728553400
F/row7/delta	13781527034591870528
F/row7/g_clip	0
F/row7/g_dem	13781527034591870528
F/row7/on_ramp	1
F/row7/req	0
F/row7/riding	0
F/row7/s	4585204852618449388
F/row70/cap	4578824583045996212
F/row70/delta	4564007944604531832
F/row70/g_clip	4572062772256991032
F/row70/g_dem	4573654052683388502
F/row70/on_ramp	1
F/row70/req	4573496314349606352
F/row70/riding	1
F/row70/s	4599976659396224618
F/row71/cap	4578832754131539411
F/row71/delta	4564010960292707712
F/row71/g_clip	4572206126466252564
F/row71/g_dem	4573798160814694004
F/row71/on_ramp	1
F/row71/req	4573639854143203670
F/row71/riding	1
F/row71/s	4600066731388772028
F/row72/cap	4578840969246709073
F/row72/delta	4564013674412065996
F/row72/g_clip	4572349499233947675
F/row72/g_dem	4573942212112228686
F/row72/on_ramp	1
F/row72/req	4573783305877548062
F/row72/riding	1
F/row72/s	4600156803381319438
F/row73/cap	4578849220599904714
F/row73/delta	4564016117119488472
F/row73/g_clip	4572492879898307714
F/row73/g_dem	4574086203453444344
F/row73/on_ramp	1
F/row73/req	4573926685135840500
F/row73/riding	1
F/row73/s	4600246875373866848
F/row74/cap	4578857501175362500
F/row74/delta	4564018315556168684
F/row74/g_clip	4572636260422060993
F/row74/g_dem	4574230133586367676
F/row74/on_ramp	1
F/row74/req	4574070005949608644
F/row74/riding	1
F/row74/s	4600336947366414258
F/row75/cap	4578865804655380337
F/row75/delta	4564020294149180872
F/row75/g_clip	4572779634974815758
F/row75/g_dem	4574374002787375488
F/row75/on_ramp	1
F/row75/req	4574213280954256686
F/row75/riding	1
F/row75/s	4600427019358961668
F/row76/cap	4578874125350567334
F/row76/delta	4564022074882891860
F/row76/g_clip	4572922999572759851
F/row76/g_dem	4574517812568747328
F/row76/on_ramp	1
F/row76/req	4574356521528566412
F/row76/riding	1
F/row76/s	4600517091351509078
F/row77/cap	4578882458137250329
F/row77/delta	4564023677543231732
F/row77/g_clip	4573066351768340507
F/row77/g_dem	4574661565429412952
F/row77/on_ramp	1
F/row77/req	4574499737919884138
F/row77/riding	1
F/row77/s	4600607163344056488
F/row78/cap	4578890798401270771
F/row78/delta	4564025119937537616
F/row78/g_clip	4573209690383494870
F/row78/g_dem	4574805264643143786
F/row78/on_ramp	1
F/row78/req	4574642939356526970
F/row78/riding	1
F/row78/s	4600697235336603898
F/row79/cap	4578899141987493018
F/row79/delta	4564026418092412928
F/row79/g_clip	4573353015280798080
F/row79/g_dem	4574948914079165824
F/row79/on_ramp	1
F/row79/req	4574786134148766196
F/row79/riding	1
F/row79/s	4600787307329151308
F/row8/cap	4578333941942044349
F/row8/delta	13781538165383260592
F/row8/g_clip	0
F/row8/g_dem	13781538165383260592
F/row8/on_ramp	1
F/row8/req	0
F/row8/riding	0
F/row8/s	4585925428558828667
F/row80/cap	4578907485154421958
F/row80/delta	4564027586431800696
F/row80/g_clip	4573496327167594892
F/row80/g_dem	4575092518050809578
F/row80/on_ramp	1
F/row80/req	4574929329779592032
F/row80/riding	1
F/row80/s	4600877379321698718
F/row81/cap	4578915824533395069
F/row81/delta	4564028637937249688
F/row81/g_clip	4573639627428794606
F/row81/g_dem	4575236081188371540
F/row81/on_ramp	1
F/row81/req	4575072532986329526
F/row81/riding	1
F/row81/s	4600967451314246128
F/row82/cap	4578924157091873308
F/row82/delta	4564029584292153792
F/row82/g_clip	4573782917984548098
F/row82/g_dem	4575379608332851058
F/row82/on_ramp	1
F/row82/req	4575215749834056768
F/row82/riding	1
F/row82/s	4601057523306793538
F/row83/cap	4578932480100407028
F/row83/delta	4564030436011567468
F/row83/g_clip	4573926201169498965
F/row83/g_dem	4575523104447655344
F/row83/on_ramp	1
F/row83/req	4575358985781673044
F/row83/riding	1
F/row83/s	4601147595299340948
F/row84/cap	4578940791102899353
F/row84/delta	4564031202559039780
F/row84/g_clip	4574069479630716373
F/row84/g_dem	4575661897977082383
F/row84/on_ramp	1
F/row84/req	4575502245741372110
F/row84/riding	1
F/row84/s	4601237667291888358
F/row85/cap	4578949087889829539
F/row85/delta	4564031892451764876
F/row85/g_clip	4574212756241781947
F/row85/g_dem	4575733622519205807
F/row85/on_ramp	1
F/row85/req	4575645534132195458
F/row85/riding	1
F/row85/s	4601327739284435768
F/row86/cap	4578957368474135390
F/row86/delta	4564032513355217448
F/row86/g_clip	4574356034030823298
F/row86/g_dem	4575805339026658054
F/row86/on_ramp	1
F/row86/req	4575723038168345704
F/row86/riding	1
F/row86/s	4601417811276983178
F/row87/cap	4578965631069484939
F/row87/delta	4564033072168324764
F/row87/g_clip	4574499316120567715
F/row87/g_dem	4575877049923168677
F/row87/on_ramp	1
F/row87/req	4575794716555338013
F/row87/riding	1
F/row87/s	4601507883269530588
F/row88/cap	4578973874070696398
F/row88/delta	4564033575100121368
F/row88/g_clip	4574642605678736152
F/row88/g_dem	4575948757568727471
F/row88/on_ramp	1
F/row88/req	4575866414536468414
F/row88/riding	1
F/row88/s	4601597955262077998
F/row89/cap	4578982096036090215
F/row89/delta	4564034027738738288
F/row89/g_clip	4574785905877313826
F/row89/g_dem	4576020464247843423
F/row89/on_ramp	1
F/row89/req	4575938133553416455
F/row89/riding	1
F/row89/s	4601688027254625408
F/row9/cap	4578336959941602485
F/row9/delta	13781424505065350208
F/row9/g_clip	0
F/row9/g_dem	13781424505065350208
F/row9/on_ramp	1
F/row9/req	0
F/row9/riding	0
F/row9/s	4586646004499207946
F/row90/cap	4578990295671579654
F/row90/delta	4564034435113493516
F/row90/g_clip	4574929219859423341
F/row90/g_dem	4576092172160742584
F/row90/on_ramp	1
F/row90/req	4576009874900268874
F/row90/riding	1
F/row90/s	4601778099247172818
F/row91/cap	4578998471816325983
F/row91/delta	4564034801750773240
F/row91/g_clip	4575072550712692388
F/row91/g_dem	4576163883417037073
F/row91/on_ramp	1
F/row91/req	4576081639737864405
F/row91/riding	1
F/row91/s	4601868171239720228
F/row92/cap	4579006623429802508
F/row92/delta	4564035131724324972
F/row92/g_clip	4575215901448153637
F/row92/g_dem	4576235600031461664
F/row92/on_ramp	1
F/row92/req	4576153429106729738
F/row92/riding	1
F/row92/s	4601958243232267638
F/row93/cap	4579014749580127272
F/row93/delta	4564035428700521532
F/row93/g_clip	4575359274983841827
F/row93/g_dem	4576307323921330329
F/row93/on_ramp	1
F/row93/req	4576225243938746832
F/row93/riding	1
F/row93/s	4602048315224815048
F/row94/cap	4579022849433538559
F/row94/delta	4564035695979098452
F/row94/g_clip	4575502674132364617
F/row94/g_dem	4576379056905413839
F/row94/on_ramp	1
F/row94/req	4576297085067677405
F/row94/riding	1
F/row94/s	4602138387217362458
F/row95/cap	4579030922244900237
F/row95/delta	4564035936529817668
F/row95/g_clip	4575646101591821243
F/row95/g_dem	4576450800703982054
F/row95/on_ramp	1
F/row95/req	4576368953238657585
F/row95/riding	1
F/row95/s	4602228459209909868
F/row96/cap	4579038967349134969
F/row96/delta	4564036153025464960
F/row96/g_clip	4575723390673976089
F/row96/g_dem	4576522556939791465
F/row96/on_ramp	1
F/row96/req	4576440849116764711
F/row96/riding	1
F/row96/s	4602318531202457278
F/row97/cap	4579046984153494069
F/row97/delta	4564036347871547544
F/row97/g_clip	4575795136518254951
F/row97/g_dem	4576594327139830650
F/row97/on_ramp	1
F/row97/req	4576512773294747471
F/row97/riding	1
F/row97/s	4602408603195004688
F/row98/cap	4579054972130581269
F/row98/delta	4564036523233021848
F/row98/g_clip	4575866900195904203
F/row98/g_dem	4576666112737664190
F/row98/on_ramp	1
F/row98/req	4576584726300002129
F/row98/riding	1
F/row98/s	4602498675187552098
F/row99/cap	4579062930812056648
F/row99/delta	4564036681058348720
F/row99/g_clip	4575938682806313996
F/row99/g_dem	4576737915076239842
F/row99/on_ramp	1
F/row99/req	4576656708600868608
F/row99/riding	1
F/row99/s	4602588747180099508
F/rows/n	341
F/slope	4583651319642609796
F/taus/0	4587366580439587226
F/taus/1	4587366580439587226
F/taus/2	4587366580439587226
F/taus/3	4587366580439587226
F/worst_rel_late	4578170018304588979
F/worst_rel_late?	1
G/0/clip/col/Tt4/last	4652985282065039273
G/0/clip/col/Tt4/max	4653359076125231290
G/0/clip/col/Tt4/min	4652007308841189378
G/0/clip/col/Tt4/n	341
G/0/clip/col/b/last	4435260147846446898
G/0/clip/col/b/max	4588529797127673050
G/0/clip/col/b/min	4435260147846446898
G/0/clip/col/b/n	341
G/0/clip/col/b_cmd/last	0
G/0/clip/col/b_cmd/max	4588908711453775809
G/0/clip/col/b_cmd/min	0
G/0/clip/col/b_cmd/n	341
G/0/clip/col/cap_fuel/n	0
G/0/clip/col/cap_gov/n	0
G/0/clip/col/f/last	4581778222014893031
G/0/clip/col/f/max	4582715137421941781
G/0/clip/col/f/min	4580382169689562672
G/0/clip/col/f/n	341
G/0/clip/col/g/last	4576092468879208148
G/0/clip/col/g/max	4576689421494617604
G/0/clip/col/g/min	0
G/0/clip/col/g/n	341
G/0/clip/col/g_fuel/last	4571422320591548017
G/0/clip/col/g_fuel/max	4576263476561320165
G/0/clip/col/g_fuel/min	0
G/0/clip/col/g_fuel/n	341
G/0/clip/col/g_gov/last	4576092468879208148
G/0/clip/col/g_gov/max	4576689421494617604
G/0/clip/col/g_gov/min	0
G/0/clip/col/g_gov/n	341
G/0/clip/col/ic_res/last	0
G/0/clip/col/ic_res/max	0
G/0/clip/col/ic_res/min	0
G/0/clip/col/ic_res/n	341
G/0/clip/col/mdot_air/last	4604468552230552753
G/0/clip/col/mdot_air/max	4604468552230552753
G/0/clip/col/mdot_air/min	4603288697981319634
G/0/clip/col/mdot_air/n	341
G/0/clip/col/mf/last	4579707111516058962
G/0/clip/col/mf/max	4579707111516058962
G/0/clip/col/mf/min	4576598004192639869
G/0/clip/col/mf/n	341
G/0/clip/col/mf_sched/last	4582403389825004051
G/0/clip/col/mf_sched/max	4582403389825004051
G/0/clip/col/mf_sched/min	4576598004192639869
G/0/clip/col/mf_sched/n	341
G/0/clip/col/nu_hp/last	4605926193140301295
G/0/clip/col/nu_hp/max	4605926193140301295
G/0/clip/col/nu_hp/min	4605292294839495533
G/0/clip/col/nu_hp/n	341
G/0/clip/col/nu_lp/last	4605678836506445345
G/0/clip/col/nu_lp/max	4605678836506445345
G/0/clip/col/nu_lp/min	4604908498284992449
G/0/clip/col/nu_lp/n	341
G/0/clip/col/phi_hp/last	4606757368056668446
G/0/clip/col/phi_hp/max	4606757368056668446
G/0/clip/col/phi_hp/min	4606204318954021010
G/0/clip/col/phi_hp/n	341
G/0/clip/col/phi_lp/last	4605729616546907989
G/0/clip/col/phi_lp/max	4605729616546907989
G/0/clip/col/phi_lp/min	4605337338781934368
G/0/clip/col/phi_lp/n	341
G/0/clip/col/pi_hpc/last	4616954159966687944
G/0/clip/col/pi_hpc/max	4616954159966687944
G/0/clip/col/pi_hpc/min	4616236729973011810
G/0/clip/col/pi_hpc/n	341
G/0/clip/col/pi_lpc/last	4612555182044335452
G/0/clip/col/pi_lpc/max	4612555182044335452
G/0/clip/col/pi_lpc/min	4611845222978564899
G/0/clip/col/pi_lpc/n	341
G/0/clip/col/required/last	4576075413607996378
G/0/clip/col/required/max	4576854382426130649
G/0/clip/col/required/min	0
G/0/clip/col/required/n	341
G/0/clip/col/required_fuel/last	4570220363323805088
G/0/clip/col/required_fuel/max	4576347201475259886
G/0/clip/col/required_fuel/min	0
G/0/clip/col/required_fuel/n	341
G/0/clip/col/required_gov/last	4576075413607996378
G/0/clip/col/required_gov/max	4576854382426130649
G/0/clip/col/required_gov/min	0
G/0/clip/col/required_gov/n	341
G/0/clip/col/s/last	4610334938539176691
G/0/clip/col/s/max	4610334938539176691
G/0/clip/col/s/min	0
G/0/clip/col/s/n	341
G/0/clip/col/sp_thrust/last	4648118062420628497
G/0/clip/col/sp_thrust/max	4648230883979119778
G/0/clip/col/sp_thrust/min	4646329581975695664
G/0/clip/col/sp_thrust/n	341
G/0/clip/col/v/last	13634538442127954494
G/0/clip/col/v/max	0
G/0/clip/col/v/min	13809003466085983542
G/0/clip/col/v/n	341
G/0/clip/col/v_cmd/last	0
G/0/clip/col/v_cmd/max	0
G/0/clip/col/v_cmd/min	13809665519911765089
G/0/clip/col/v_cmd/n	341
G/0/clip/col/w_fuel/n	0
G/0/clip/col/w_gov/n	0
G/0/clip/coord	1403765810143580635
G/0/clip/keys	30
G/0/clip/marched	1
G/0/clip/n	341
G/0/clip/neg/g_fuel	0
G/0/clip/neg/g_gov	0
G/0/clip/neg/required_fuel	0
G/0/clip/neg/required_gov	0
G/0/clip/p0/Tt4	4652007308841189378
G/0/clip/p0/authority	9087740570393753374
G/0/clip/p0/b	4585439236324657495
G/0/clip/p0/b_cmd	4585439236324657495
G/0/clip/p0/branch	13126223303132988745
G/0/clip/p0/cap_fuel?	0
G/0/clip/p0/cap_gov?	0
G/0/clip/p0/f	4580382169689562672
G/0/clip/p0/g	0
G/0/clip/p0/g_fuel	0
G/0/clip/p0/g_gov	0
G/0/clip/p0/ic_iters	1
G/0/clip/p0/ic_order	16448961268219989400
G/0/clip/p0/ic_res	0
G/0/clip/p0/mdot_air	4603364550124398404
G/0/clip/p0/mf	4576598004192639869
G/0/clip/p0/mf_sched	4576598004192639869
G/0/clip/p0/nu_hp	4605292294839495533
G/0/clip/p0/nu_lp	4604908498284992449
G/0/clip/p0/phi_hp	4606680258087474445
G/0/clip/p0/phi_lp	4605380978949069210
G/0/clip/p0/pi_hpc	4616236729973011810
G/0/clip/p0/pi_lpc	4611845222978564899
G/0/clip/p0/required	0
G/0/clip/p0/required_fuel	0
G/0/clip/p0/required_gov	0
G/0/clip/p0/s	0
G/0/clip/p0/share_law	580772045163143161
G/0/clip/p0/sp_thrust	4646329581975695664
G/0/clip/p0/v	0
G/0/clip/p0/v_cmd	0
G/0/clip/p0/v_regime	9087740570393753374
G/0/clip/p0/v_regime?	1
G/0/clip/p0/w_fuel?	0
G/0/clip/p0/w_gov?	0
G/0/clip/p10/Tt4	4652429547748916417
G/0/clip/p10/authority	9674992558986367437
G/0/clip/p10/b	4586182353334866683
G/0/clip/p10/b_cmd	4587156474119594043
G/0/clip/p10/branch	13126223303132988745
G/0/clip/p10/cap_fuel?	0
G/0/clip/p10/cap_gov?	0
G/0/clip/p10/f	4580985424952104914
G/0/clip/p10/g	4554185081375251562
G/0/clip/p10/g_fuel	4554185081375251562
G/0/clip/p10/g_gov	0
G/0/clip/p10/ic_iters	1
G/0/clip/p10/ic_order	16448961268219989400
G/0/clip/p10/ic_res	0
G/0/clip/p10/mdot_air	4603310679946961250
G/0/clip/p10/mf	4577229379080701918
G/0/clip/p10/mf_sched	4577402799634797249
G/0/clip/p10/nu_hp	4605298763216736073
G/0/clip/p10/nu_lp	4604915277548417679
G/0/clip/p10/phi_hp	4606527185839026249
G/0/clip/p10/phi_lp	4605337338781934368
G/0/clip/p10/pi_hpc	4616311608386559629
G/0/clip/p10/pi_lpc	4611892402380306306
G/0/clip/p10/required	4559610796324350272
G/0/clip/p10/required_fuel	4559610796324350272
G/0/clip/p10/required_gov	0
G/0/clip/p10/s	4587366580439587225
G/0/clip/p10/share_law	580772045163143161
G/0/clip/p10/sp_thrust	4646887088384847328
G/0/clip/p10/v	13799812224514520786
G/0/clip/p10/v_cmd	13805137071340685722
G/0/clip/p10/v_regime	10791139852042193048
G/0/clip/p10/v_regime?	1
G/0/clip/p10/w_fuel?	0
G/0/clip/p10/w_gov?	0
G/0/clip/p100/Tt4	4653347087193703480
G/0/clip/p100/authority	15345845413248555367
G/0/clip/p100/b	4585025843203616956
G/0/clip/p100/b_cmd	4583721685867770550
G/0/clip/p100/branch	13126223303132988745
G/0/clip/p100/cap_fuel?	0
G/0/clip/p100/cap_gov?	0
G/0/clip/p100/f	4582640166731163214
G/0/clip/p100/g	4576122449921299637
G/0/clip/p100/g_fuel	4574695234303392190
G/0/clip/p100/g_gov	4576122449921299637
G/0/clip/p100/ic_iters	1
G/0/clip/p100/ic_order	16448961268219989400
G/0/clip/p100/ic_res	0
G/0/clip/p100/mdot_air	4603672394275872550
G/0/clip/p100/mf	4579677130473967473
G/0/clip/p100/mf_sched	4582403389825004051
G/0/clip/p100/nu_hp	4605622456982772163
G/0/clip/p100/nu_lp	4605251153069451202
G/0/clip/p100/phi_hp	4606383964171789542
G/0/clip/p100/phi_lp	4605417237529996304
G/0/clip/p100/pi_hpc	4616816180475552080
G/0/clip/p100/pi_lpc	4612178966662164695
G/0/clip/p100/required	4576854382426130649
G/0/clip/p100/required_fuel	4575871729291166677
G/0/clip/p100/required_gov	4576854382426130649
G/0/clip/p100/s	4602678819172646915
G/0/clip/p100/share_law	580772045163143161
G/0/clip/p100/sp_thrust	4648230883979119778
G/0/clip/p100/v	13790641958112691930
G/0/clip/p100/v_cmd	0
G/0/clip/p100/v_regime	9087740570393753374
G/0/clip/p100/v_regime?	1
G/0/clip/p100/w_fuel?	0
G/0/clip/p100/w_gov?	0
G/0/clip/p105/Tt4	4653191189346520597
G/0/clip/p105/authority	15345845413248555367
G/0/clip/p105/b	4584047418473297216
G/0/clip/p105/b_cmd	4580699965167748316
G/0/clip/p105/branch	13126223303132988745
G/0/clip/p105/cap_fuel?	0
G/0/clip/p105/cap_gov?	0
G/0/clip/p105/f	4582326633729689683
G/0/clip/p105/g	4576402296061979421
G/0/clip/p105/g_fuel	4575244957014307463
G/0/clip/p105/g_gov	4576402296061979421
G/0/clip/p105/ic_iters	1
G/0/clip/p105/ic_order	16448961268219989400
G/0/clip/p105/ic_res	0
G/0/clip/p105/mdot_air	4603741850278246954
G/0/clip/p105/mf	4579397284333287689
G/0/clip/p105/mf_sched	4582403389825004051
G/0/clip/p105/nu_hp	4605638298141928085
G/0/clip/p105/nu_lp	4605270880339505838
G/0/clip/p105/phi_hp	4606458774850735114
G/0/clip/p105/phi_lp	4605453336256340971
G/0/clip/p105/pi_hpc	4616793714073706739
G/0/clip/p105/pi_lpc	4612188204480751493
G/0/clip/p105/required	4576816698644737582
G/0/clip/p105/required_fuel	4575901218513012101
G/0/clip/p105/required_gov	4576816698644737582
G/0/clip/p105/s	4602903999154015440
G/0/clip/p105/share_law	580772045163143161
G/0/clip/p105/sp_thrust	4648116059246894014
G/0/clip/p105/v	13787229980700110916
G/0/clip/p105/v_cmd	0
G/0/clip/p105/v_regime	9087740570393753374
G/0/clip/p105/v_regime?	1
G/0/clip/p105/w_fuel?	0
G/0/clip/p105/w_gov?	0
G/0/clip/p110/Tt4	4653099273369074212
G/0/clip/p110/authority	15345845413248555367
G/0/clip/p110/b	4582272966636702757
G/0/clip/p110/b_cmd	4577179152520110996
G/0/clip/p110/branch	13126223303132988745
G/0/clip/p110/cap_fuel?	0
G/0/clip/p110/cap_gov?	0
G/0/clip/p110/f	4582139617362392834
G/0/clip/p110/g	4576557950031601222
G/0/clip/p110/g_fuel	4575648019411819473
G/0/clip/p110/g_gov	4576557950031601222
G/0/clip/p110/ic_iters	1
G/0/clip/p110/ic_order	16448961268219989400
G/0/clip/p110/ic_res	0
G/0/clip/p110/mdot_air	4603794307409929488
G/0/clip/p110/mf	4579241630363665888
G/0/clip/p110/mf_sched	4582403389825004051
G/0/clip/p110/nu_hp	4605651364027024238
G/0/clip/p110/nu_lp	4605287755097725738
G/0/clip/p110/phi_hp	4606506160404120692
G/0/clip/p110/phi_lp	4605458309554984624
G/0/clip/p110/pi_hpc	4616781002388686307
G/0/clip/p110/pi_lpc	4612202107625470728
G/0/clip/p110/required	4576782459147282845
G/0/clip/p110/required_fuel	4576021440172256023
G/0/clip/p110/required_gov	4576782459147282845
G/0/clip/p110/s	4603129179135383965
G/0/clip/p110/share_law	580772045163143161
G/0/clip/p110/sp_thrust	4648050636122388751
G/0/clip/p110/v	13784050586356687588
G/0/clip/p110/v_cmd	0
G/0/clip/p110/v_regime	9087740570393753374
G/0/clip/p110/v_regime?	1
G/0/clip/p110/w_fuel?	0
G/0/clip/p110/w_gov?	0
G/0/clip/p115/Tt4	4653045231131680066
G/0/clip/p115/authority	15345845413248555367
G/0/clip/p115/b	4580536164692948080
G/0/clip/p115/b_cmd	4572991319893087797
G/0/clip/p115/branch	13126223303132988745
G/0/clip/p115/cap_fuel?	0
G/0/clip/p115/cap_gov?	0
G/0/clip/p115/f	4582027430669994431
G/0/clip/p115/g	4576639533649185274
G/0/clip/p115/g_fuel	4575825734352481246
G/0/clip/p115/g_gov	4576639533649185274
G/0/clip/p115/ic_iters	1
G/0/clip/p115/ic_order	16448961268219989400
G/0/clip/p115/ic_res	0
G/0/clip/p115/mdot_air	4603835588146759713
G/0/clip/p115/mf	4579160046746081836
G/0/clip/p115/mf_sched	4582403389825004051
G/0/clip/p115/nu_hp	4605662705939275039
G/0/clip/p115/nu_lp	4605303024367396735
G/0/clip/p115/phi_hp	4606536833754849851
G/0/clip/p115/phi_lp	4605451225062584862
G/0/clip/p115/pi_hpc	4616774829914493974
G/0/clip/p115/pi_lpc	4612217730241935618
G/0/clip/p115/required	4576751164902972231
G/0/clip/p115/required_fuel	4576150915128745779
G/0/clip/p115/required_gov	4576751164902972231
G/0/clip/p115/s	4603354359116752490
G/0/clip/p115/share_law	580772045163143161
G/0/clip/p115/sp_thrust	4648014661642798733
G/0/clip/p115/v	13781084094709758279
G/0/clip/p115/v_cmd	0
G/0/clip/p115/v_regime	9087740570393753374
G/0/clip/p115/v_regime?	1
G/0/clip/p115/w_fuel?	0
G/0/clip/p115/w_gov?	0
G/0/clip/p120/Tt4	4653013617791966796
G/0/clip/p120/authority	15345845413248555367
G/0/clip/p120/b	4577848208812702112
G/0/clip/p120/b_cmd	4565985711014102224
G/0/clip/p120/branch	13126223303132988745
G/0/clip/p120/cap_fuel?	0
G/0/clip/p120/cap_gov?	0
G/0/clip/p120/f	4581959615042496364
G/0/clip/p120/g	4576677221885417704
G/0/clip/p120/g_fuel	4575977592810837866
G/0/clip/p120/g_gov	4576677221885417704
G/0/clip/p120/ic_iters	1
G/0/clip/p120/ic_order	16448961268219989400
G/0/clip/p120/ic_res	0
G/0/clip/p120/mdot_air	4603869563923958028
G/0/clip/p120/mf	4579122358509849406
G/0/clip/p120/mf_sched	4582403389825004051
G/0/clip/p120/nu_hp	4605672952148572598
G/0/clip/p120/nu_lp	4605317366146371267
G/0/clip/p120/phi_hp	4606557420594439998
G/0/clip/p120/phi_lp	4605440925650426937
G/0/clip/p120/pi_hpc	4616772890896112820
G/0/clip/p120/pi_lpc	4612233672748027959
G/0/clip/p120/required	4576722213949332842
G/0/clip/p120/required_fuel	4576258859530084981
G/0/clip/p120/required_gov	4576722213949332842
G/0/clip/p120/s	4603579539098121015
G/0/clip/p120/share_law	580772045163143161
G/0/clip/p120/sp_thrust	4647996122552539264
G/0/clip/p120/v	13777554791764656428
G/0/clip/p120/v_cmd	0
G/0/clip/p120/v_regime	9087740570393753374
G/0/clip/p120/v_regime?	1
G/0/clip/p120/w_fuel?	0
G/0/clip/p120/w_gov?	0
G/0/clip/p125/Tt4	4652995304553733427
G/0/clip/p125/authority	15345845413248555367
G/0/clip/p125/b	4574974469487632856
G/0/clip/p125/b_cmd	0
G/0/clip/p125/branch	13126223303132988745
G/0/clip/p125/cap_fuel?	0
G/0/clip/p125/cap_gov?	0
G/0/clip/p125/f	4581918212733695010
G/0/clip/p125/g	4576689094863584879
G/0/clip/p125/g_fuel	4576105738446826810
G/0/clip/p125/g_gov	4576689094863584879
G/0/clip/p125/ic_iters	1
G/0/clip/p125/ic_order	16448961268219989400
G/0/clip/p125/ic_res	0
G/0/clip/p125/mdot_air	4603898678780514708
G/0/clip/p125/mf	4579110485531682231
G/0/clip/p125/mf_sched	4582403389825004051
G/0/clip/p125/nu_hp	4605682477970317779
G/0/clip/p125/nu_lp	4605331142756367543
G/0/clip/p125/phi_hp	4606571945849763519
G/0/clip/p125/phi_lp	4605431763118036290
G/0/clip/p125/pi_hpc	4616773684222536595
G/0/clip/p125/pi_lpc	4612249215810715556
G/0/clip/p125/required	4576695152863022670
G/0/clip/p125/required_fuel	4576333267227789835
G/0/clip/p125/required_gov	4576695152863022670
G/0/clip/p125/s	4603804719079489540
G/0/clip/p125/share_law	580772045163143161
G/0/clip/p125/sp_thrust	4647987839217114626
G/0/clip/p125/v	13774233074291489932
G/0/clip/p125/v_cmd	0
G/0/clip/p125/v_regime	9087740570393753374
G/0/clip/p125/v_regime?	1
G/0/clip/p125/w_fuel?	0
G/0/clip/p125/w_gov?	0
G/0/clip/p130/Tt4	4652985059707724695
G/0/clip/p130/authority	15345845413248555367
G/0/clip/p130/b	4571699056973701799
G/0/clip/p130/b_cmd	0
G/0/clip/p130/branch	13126223303132988745
G/0/clip/p130/cap_fuel?	0
G/0/clip/p130/cap_gov?	0
G/0/clip/p130/f	4581893093517169700
G/0/clip/p130/g	4576686096543142820
G/0/clip/p130/g_fuel	4576199677014200766
G/0/clip/p130/g_gov	4576686096543142820
G/0/clip/p130/ic_iters	1
G/0/clip/p130/ic_order	16448961268219989400
G/0/clip/p130/ic_res	0
G/0/clip/p130/mdot_air	4603923899318057294
G/0/clip/p130/mf	4579113483852124290
G/0/clip/p130/mf_sched	4582403389825004051
G/0/clip/p130/nu_hp	4605691510555149323
G/0/clip/p130/nu_lp	4605344511291974299
G/0/clip/p130/phi_hp	4606582814587612718
G/0/clip/p130/phi_lp	4605429389617276155
G/0/clip/p130/pi_hpc	4616776624092546876
G/0/clip/p130/pi_lpc	4612263233993122150
G/0/clip/p130/required	4576670179164126925
G/0/clip/p130/required_fuel	4576345256076646049
G/0/clip/p130/required_gov	4576670179164126925
G/0/clip/p130/s	4604029899060858065
G/0/clip/p130/share_law	580772045163143161
G/0/clip/p130/sp_thrust	4647985543119432009
G/0/clip/p130/v	13771163170838854776
G/0/clip/p130/v_cmd	0
G/0/clip/p130/v_regime	9087740570393753374
G/0/clip/p130/v_regime?	1
G/0/clip/p130/w_fuel?	0
G/0/clip/p130/w_gov?	0
G/0/clip/p135/Tt4	4652979472322228536
G/0/clip/p135/authority	15345845413248555367
G/0/clip/p135/b	4568271214140956884
G/0/clip/p135/b_cmd	0
G/0/clip/p135/branch	13126223303132988745
G/0/clip/p135/cap_fuel?	0
G/0/clip/p135/cap_gov?	0
G/0/clip/p135/f	4581877461821388571
G/0/clip/p135/g	4576674804162067406
G/0/clip/p135/g_fuel	4576251051612994609
G/0/clip/p135/g_gov	4576674804162067406
G/0/clip/p135/ic_iters	1
G/0/clip/p135/ic_order	16448961268219989400
G/0/clip/p135/ic_res	0
G/0/clip/p135/mdot_air	4603946521912557225
G/0/clip/p135/mf	4579124776233199704
G/0/clip/p135/mf_sched	4582403389825004051
G/0/clip/p135/nu_hp	4605700186990256869
G/0/clip/p135/nu_lp	4605357517380986426
G/0/clip/p135/phi_hp	4606591530343058686
G/0/clip/p135/phi_lp	4605432189046492787
G/0/clip/p135/pi_hpc	4616780876168473346
G/0/clip/p135/pi_lpc	4612275998574885538
G/0/clip/p135/required	4576646772648313440
G/0/clip/p135/required_fuel	4576312304736902003
G/0/clip/p135/required_gov	4576646772648313440
G/0/clip/p135/s	4604255079042226590
G/0/clip/p135/share_law	580772045163143161
G/0/clip/p135/sp_thrust	4647986609459003907
G/0/clip/p135/v	13767951397122086726
G/0/clip/p135/v_cmd	0
G/0/clip/p135/v_regime	9087740570393753374
G/0/clip/p135/v_regime?	1
G/0/clip/p135/w_fuel?	0
G/0/clip/p135/w_gov?	0
G/0/clip/p140/Tt4	4652976529822248322
G/0/clip/p140/authority	15345845413248555367
G/0/clip/p140/b	4565072574061299497
G/0/clip/p140/b_cmd	0
G/0/clip/p140/branch	13126223303132988745
G/0/clip/p140/cap_fuel?	0
G/0/clip/p140/cap_gov?	0
G/0/clip/p140/f	4581867267043105572
G/0/clip/p140/g	4576658994684745396
G/0/clip/p140/g_fuel	4576263364181018940
G/0/clip/p140/g_gov	4576658994684745396
G/0/clip/p140/ic_iters	1
G/0/clip/p140/ic_order	16448961268219989400
G/0/clip/p140/ic_res	0
G/0/clip/p140/mdot_air	4603967461646637227
G/0/clip/p140/mf	4579140585710521714
G/0/clip/p140/mf_sched	4582403389825004051
G/0/clip/p140/nu_hp	4605708587088720808
G/0/clip/p140/nu_lp	4605370183981131235
G/0/clip/p140/phi_hp	4606598968873511367
G/0/clip/p140/phi_lp	4605438086153010335
G/0/clip/p140/pi_hpc	4616785849752056545
G/0/clip/p140/pi_lpc	4612287889666079209
G/0/clip/p140/required	4576624485036388886
G/0/clip/p140/required_fuel	4576252450741925051
G/0/clip/p140/required_gov	4576624485036388886
G/0/clip/p140/s	4604480259023595115
G/0/clip/p140/share_law	580772045163143161
G/0/clip/p140/sp_thrust	4647989522260255094
G/0/clip/p140/v	13764502653145391627
G/0/clip/p140/v_cmd	0
G/0/clip/p140/v_regime	9087740570393753374
G/0/clip/p140/v_regime?	1
G/0/clip/p140/w_fuel?	0
G/0/clip/p140/w_gov?	0
G/0/clip/p145/Tt4	4652975085585777990
G/0/clip/p145/authority	15345845413248555367
G/0/clip/p145/b	4562149196813979867
G/0/clip/p145/b_cmd	0
G/0/clip/p145/branch	13126223303132988745
G/0/clip/p145/cap_fuel?	0
G/0/clip/p145/cap_gov?	0
G/0/clip/p145/f	4581860198714683788
G/0/clip/p145/g	4576640824422607637
G/0/clip/p145/g_fuel	4576255860288264266
G/0/clip/p145/g_gov	4576640824422607637
G/0/clip/p145/ic_iters	1
G/0/clip/p145/ic_order	16448961268219989400
G/0/clip/p145/ic_res	0
G/0/clip/p145/mdot_air	4603987254247706362
G/0/clip/p145/mf	4579158755972659473
G/0/clip/p145/mf_sched	4582403389825004051
G/0/clip/p145/nu_hp	4605716757594925558
G/0/clip/p145/nu_lp	4605382524860286464
G/0/clip/p145/phi_hp	4606605630591624819
G/0/clip/p145/phi_lp	4605445809186750546
G/0/clip/p145/pi_hpc	4616791200842337893
G/0/clip/p145/pi_lpc	4612299140614862454
G/0/clip/p145/required	4576603049443709094
G/0/clip/p145/required_fuel	4576176618854453844
G/0/clip/p145/required_gov	4576603049443709094
G/0/clip/p145/s	4604705439004963640
G/0/clip/p145/share_law	580772045163143161
G/0/clip/p145/sp_thrust	4647993419583585846
G/0/clip/p145/v	13761278658684992993
G/0/clip/p145/v_cmd	0
G/0/clip/p145/v_regime	9087740570393753374
G/0/clip/p145/v_regime?	1
G/0/clip/p145/w_fuel?	0
G/0/clip/p145/w_gov?	0
G/0/clip/p15/Tt4	4652568973192740210
G/0/clip/p15/authority	9674992558986367437
G/0/clip/p15/b	4586661025977025726
G/0/clip/p15/b_cmd	4587590502637695120
G/0/clip/p15/branch	13126223303132988745
G/0/clip/p15/cap_fuel?	0
G/0/clip/p15/cap_gov?	0
G/0/clip/p15/f	4581249848589438486
G/0/clip/p15/g	4557749575068339574
G/0/clip/p15/g_fuel	4557749575068339574
G/0/clip/p15/g_gov	0
G/0/clip/p15/ic_iters	1
G/0/clip/p15/ic_order	16448961268219989400
G/0/clip/p15/ic_res	0
G/0/clip/p15/mdot_air	4603299525830676837
G/0/clip/p15/mf	4577517050368577932
G/0/clip/p15/mf_sched	4577805197355875939
G/0/clip/p15/nu_hp	4605306096567161692
G/0/clip/p15/nu_lp	4604922389217922105
G/0/clip/p15/phi_hp	4606466346837833894
G/0/clip/p15/phi_lp	4605339082188823519
G/0/clip/p15/pi_hpc	4616345598701297377
G/0/clip/p15/pi_lpc	4611920634866567529
G/0/clip/p15/required	4561352223698256144
G/0/clip/p15/required_fuel	4561352223698256144
G/0/clip/p15/required_gov	0
G/0/clip/p15/s	4590068740216009523
G/0/clip/p15/share_law	580772045163143161
G/0/clip/p15/sp_thrust	4647135611021842573
G/0/clip/p15/v	13803215526143313755
G/0/clip/p15/v_cmd	13806676450701145114
G/0/clip/p15/v_regime	10791139852042193048
G/0/clip/p15/v_regime?	1
G/0/clip/p15/w_fuel?	0
G/0/clip/p15/w_gov?	0
G/0/clip/p150/Tt4	4652974486342117369
G/0/clip/p150/authority	15345845413248555367
G/0/clip/p150/b	4558605733634669639
G/0/clip/p150/b_cmd	0
G/0/clip/p150/branch	13126223303132988745
G/0/clip/p150/cap_fuel?	0
G/0/clip/p150/cap_gov?	0
G/0/clip/p150/f	4581854938100274263
G/0/clip/p150/g	4576621520582774744
G/0/clip/p150/g_fuel	4576237065808161875
G/0/clip/p150/g_gov	4576621520582774744
G/0/clip/p150/ic_iters	1
G/0/clip/p150/ic_order	16448961268219989400
G/0/clip/p150/ic_res	0
G/0/clip/p150/mdot_air	4604006214720607146
G/0/clip/p150/mf	4579178059812492366
G/0/clip/p150/mf_sched	4582403389825004051
G/0/clip/p150/nu_hp	4605724726325524594
G/0/clip/p150/nu_lp	4605394549499443017
G/0/clip/p150/phi_hp	4606611801251527899
G/0/clip/p150/phi_lp	4605454576814149733
G/0/clip/p150/pi_hpc	4616796729072577303
G/0/clip/p150/pi_lpc	4612309896293470480
G/0/clip/p150/required	4576582304684109592
G/0/clip/p150/required_fuel	4576091463904316708
G/0/clip/p150/required_gov	4576582304684109592
G/0/clip/p150/s	4604930618986332165
G/0/clip/p150/share_law	580772045163143161
G/0/clip/p150/sp_thrust	4647997812643573744
G/0/clip/p150/v	13758327299292855354
G/0/clip/p150/v_cmd	0
G/0/clip/p150/v_regime	9087740570393753374
G/0/clip/p150/v_regime?	1
G/0/clip/p150/w_fuel?	0
G/0/clip/p150/w_gov?	0
G/0/clip/p155/Tt4	4652974360290710417
G/0/clip/p155/authority	15345845413248555367
G/0/clip/p155/b	4555266838921331022
G/0/clip/p155/b_cmd	0
G/0/clip/p155/branch	13126223303132988745
G/0/clip/p155/cap_fuel?	0
G/0/clip/p155/cap_gov?	0
G/0/clip/p155/f	4581850732725413983
G/0/clip/p155/g	4576601778386611202
G/0/clip/p155/g_fuel	4576207629205875401
G/0/clip/p155/g_gov	4576601778386611202
G/0/clip/p155/ic_iters	1
G/0/clip/p155/ic_order	16448961268219989400
G/0/clip/p155/ic_res	0
G/0/clip/p155/mdot_air	4604024529447423772
G/0/clip/p155/mf	4579197802008655908
G/0/clip/p155/mf_sched	4582403389825004051
G/0/clip/p155/nu_hp	4605732510273611157
G/0/clip/p155/nu_lp	4605406265519961650
G/0/clip/p155/phi_hp	4606617644032807873
G/0/clip/p155/phi_lp	4605463908658303519
G/0/clip/p155/pi_hpc	4616802317852197576
G/0/clip/p155/pi_lpc	4612320247787393959
G/0/clip/p155/required	4576562151728351651
G/0/clip/p155/required_fuel	4576001055330991980
G/0/clip/p155/required_gov	4576562151728351651
G/0/clip/p155/s	4605155798967700690
G/0/clip/p155/share_law	580772045163143161
G/0/clip/p155/sp_thrust	4648002425480246347
G/0/clip/p155/v	13754849962547815174
G/0/clip/p155/v_cmd	0
G/0/clip/p155/v_regime	9087740570393753374
G/0/clip/p155/v_regime?	1
G/0/clip/p155/w_fuel?	0
G/0/clip/p155/w_gov?	0
G/0/clip/p160/Tt4	4652974496221542929
G/0/clip/p160/authority	15345845413248555367
G/0/clip/p160/b	4552176098413631042
G/0/clip/p160/b_cmd	0
G/0/clip/p160/branch	13126223303132988745
G/0/clip/p160/cap_fuel?	0
G/0/clip/p160/cap_gov?	0
G/0/clip/p160/f	4581847153558765948
G/0/clip/p160/g	4576581988998829330
G/0/clip/p160/g_fuel	4576168590076049446
G/0/clip/p160/g_gov	4576581988998829330
G/0/clip/p160/ic_iters	1
G/0/clip/p160/ic_order	16448961268219989400
G/0/clip/p160/ic_res	0
G/0/clip/p160/mdot_air	4604042309793263267
G/0/clip/p160/mf	4579217591396437780
G/0/clip/p160/mf_sched	4582403389825004051
G/0/clip/p160/nu_hp	4605740120251518550
G/0/clip/p160/nu_lp	4605417679829406854
G/0/clip/p160/phi_hp	4606623252246705706
G/0/clip/p160/phi_lp	4605473509579449959
G/0/clip/p160/pi_hpc	4616807899506025041
G/0/clip/p160/pi_lpc	4612330253308578274
G/0/clip/p160/required	4576542528317915095
G/0/clip/p160/required_fuel	4575907888776798079
G/0/clip/p160/required_gov	4576542528317915095
G/0/clip/p160/s	4605380978949069215
G/0/clip/p160/share_law	580772045163143161
G/0/clip/p160/sp_thrust	4648007103364998223
G/0/clip/p160/v	13751488438495587613
G/0/clip/p160/v_cmd	0
G/0/clip/p160/v_regime	9087740570393753374
G/0/clip/p160/v_regime?	1
G/0/clip/p160/w_fuel?	0
G/0/clip/p160/w_gov?	0
G/0/clip/p165/Tt4	4652974774465333136
G/0/clip/p165/authority	15345845413248555367
G/0/clip/p165/b	4549011003977293105
G/0/clip/p165/b_cmd	0
G/0/clip/p165/branch	13126223303132988745
G/0/clip/p165/cap_fuel?	0
G/0/clip/p165/cap_gov?	0
G/0/clip/p165/f	4581843956202356814
G/0/clip/p165/g	4576562370196749197
G/0/clip/p165/g_fuel	4576121129698295564
G/0/clip/p165/g_gov	4576562370196749197
G/0/clip/p165/ic_iters	1
G/0/clip/p165/ic_order	16448961268219989400
G/0/clip/p165/ic_res	0
G/0/clip/p165/mdot_air	4604059623353956048
G/0/clip/p165/mf	4579237210198517913
G/0/clip/p165/mf_sched	4582403389825004051
G/0/clip/p165/nu_hp	4605747563547502286
G/0/clip/p165/nu_lp	4605428799122236377
G/0/clip/p165/phi_hp	4606628679460415043
G/0/clip/p165/phi_lp	4605483198621653453
G/0/clip/p165/pi_hpc	4616813434937415515
G/0/clip/p165/pi_lpc	4612339950904330410
G/0/clip/p165/required	4576523394035640098
G/0/clip/p165/required_fuel	4575813498633947798
G/0/clip/p165/required_gov	4576523394035640098
G/0/clip/p165/s	4605606158930437740
G/0/clip/p165/share_law	580772045163143161
G/0/clip/p165/sp_thrust	4648011760488275213
G/0/clip/p165/v	13748370247199764242
G/0/clip/p165/v_cmd	0
G/0/clip/p165/v_regime	9087740570393753374
G/0/clip/p165/v_regime?	1
G/0/clip/p165/w_fuel?	0
G/0/clip/p165/w_gov?	0
G/0/clip/p170/Tt4	4652975127450976898
G/0/clip/p170/authority	15345845413248555367
G/0/clip/p170/b	4545546928938364670
G/0/clip/p170/b_cmd	0
G/0/clip/p170/branch	13126223303132988745
G/0/clip/p170/cap_fuel?	0
G/0/clip/p170/cap_gov?	0
G/0/clip/p170/f	4581841001517191875
G/0/clip/p170/g	4576543041156400867
G/0/clip/p170/g_fuel	4576066433472850931
G/0/clip/p170/g_gov	4576543041156400867
G/0/clip/p170/ic_iters	1
G/0/clip/p170/ic_order	16448961268219989400
G/0/clip/p170/ic_res	0
G/0/clip/p170/mdot_air	4604076512185336086
G/0/clip/p170/mf	4579256539238866243
G/0/clip/p170/mf_sched	4582403389825004051
G/0/clip/p170/nu_hp	4605754845443150201
G/0/clip/p170/nu_lp	4605439630068145131
G/0/clip/p170/phi_hp	4606633956685478014
G/0/clip/p170/phi_lp	4605492865261049802
G/0/clip/p170/pi_hpc	4616818901752738817
G/0/clip/p170/pi_lpc	4612349366217800266
G/0/clip/p170/required	4576504721478111340
G/0/clip/p170/required_fuel	4575718830850884959
G/0/clip/p170/required_gov	4576504721478111340
G/0/clip/p170/s	4605831338911806265
G/0/clip/p170/share_law	580772045163143161
G/0/clip/p170/sp_thrust	4648016350113987097
G/0/clip/p170/v	13745266648163464983
G/0/clip/p170/v_cmd	0
G/0/clip/p170/v_regime	9087740570393753374
G/0/clip/p170/v_regime?	1
G/0/clip/p170/w_fuel?	0
G/0/clip/p170/w_gov?	0
G/0/clip/p175/Tt4	4652975517194979591
G/0/clip/p175/authority	15345845413248555367
G/0/clip/p175/b	4542304336950961859
G/0/clip/p175/b_cmd	0
G/0/clip/p175/branch	13126223303132988745
G/0/clip/p175/cap_fuel?	0
G/0/clip/p175/cap_gov?	0
G/0/clip/p175/f	4581838210264343851
G/0/clip/p175/g	4576524065165448939
G/0/clip/p175/g_fuel	4576005619331433139
G/0/clip/p175/g_gov	4576524065165448939
G/0/clip/p175/ic_iters	1
G/0/clip/p175/ic_order	16448961268219989400
G/0/clip/p175/ic_res	0
G/0/clip/p175/mdot_air	4604093003440707152
G/0/clip/p175/mf	4579275515229818171
G/0/clip/p175/mf_sched	4582403389825004051
G/0/clip/p175/nu_hp	4605761970077961959
G/0/clip/p175/nu_lp	4605450179358058907
G/0/clip/p175/phi_hp	4606639102165660043
G/0/clip/p175/phi_lp	4605502442427486979
G/0/clip/p175/pi_hpc	4616824287323429649
G/0/clip/p175/pi_lpc	4612358517240210830
G/0/clip/p175/required	4576486491018511449
G/0/clip/p175/required_fuel	4575591719645544640
G/0/clip/p175/required_gov	4576486491018511449
G/0/clip/p175/s	4606056518893174790
G/0/clip/p175/share_law	580772045163143161
G/0/clip/p175/sp_thrust	4648020847579978236
G/0/clip/p175/v	13741782375945051993
G/0/clip/p175/v_cmd	0
G/0/clip/p175/v_regime	9087740570393753374
G/0/clip/p175/v_regime?	1
G/0/clip/p175/w_fuel?	0
G/0/clip/p175/w_gov?	0
G/0/clip/p180/Tt4	4652975922473523073
G/0/clip/p180/authority	15345845413248555367
G/0/clip/p180/b	4539330417607960605
G/0/clip/p180/b_cmd	0
G/0/clip/p180/branch	13126223303132988745
G/0/clip/p180/cap_fuel?	0
G/0/clip/p180/cap_gov?	0
G/0/clip/p180/f	4581835537217702896
G/0/clip/p180/g	4576505473957752949
G/0/clip/p180/g_fuel	4575939704548832224
G/0/clip/p180/g_gov	4576505473957752949
G/0/clip/p180/ic_iters	1
G/0/clip/p180/ic_order	16448961268219989400
G/0/clip/p180/ic_res	0
G/0/clip/p180/mdot_air	4604109115577329578
G/0/clip/p180/mf	4579294106437514161
G/0/clip/p180/mf_sched	4582403389825004051
G/0/clip/p180/nu_hp	4605768940940433164
G/0/clip/p180/nu_lp	4605460453691847569
G/0/clip/p180/phi_hp	4606644126937717226
G/0/clip/p180/phi_lp	4605511889859537230
G/0/clip/p180/pi_hpc	4616829584732000747
G/0/clip/p180/pi_lpc	4612367417225552230
G/0/clip/p180/required	4576468687693530671
G/0/clip/p180/required_fuel	4575404340817316624
G/0/clip/p180/required_gov	4576468687693530671
G/0/clip/p180/s	4606281698874543315
G/0/clip/p180/share_law	580772045163143161
G/0/clip/p180/sp_thrust	4648025240636281107
G/0/clip/p180/v	13738515283529358213
G/0/clip/p180/v_cmd	0
G/0/clip/p180/v_regime	9087740570393753374
G/0/clip/p180/v_regime?	1
G/0/clip/p180/w_fuel?	0
G/0/clip/p180/w_gov?	0
G/0/clip/p185/Tt4	4652976331526846664
G/0/clip/p185/authority	15345845413248555367
G/0/clip/p185/b	4535903619783587288
G/0/clip/p185/b_cmd	0
G/0/clip/p185/branch	13126223303132988745
G/0/clip/p185/cap_fuel?	0
G/0/clip/p185/cap_gov?	0
G/0/clip/p185/f	4581832956415894693
G/0/clip/p185/g	4576487281537983933
G/0/clip/p185/g_fuel	4575869594423748787
G/0/clip/p185/g_gov	4576487281537983933
G/0/clip/p185/ic_iters	1
G/0/clip/p185/ic_order	16448961268219989400
G/0/clip/p185/ic_res	0
G/0/clip/p185/mdot_air	4604124861975836679
G/0/clip/p185/mf	4579312298857283177
G/0/clip/p185/mf_sched	4582403389825004051
G/0/clip/p185/nu_hp	4605775761145894508
G/0/clip/p185/nu_lp	4605470459747395276
G/0/clip/p185/phi_hp	4606649037982165444
G/0/clip/p185/phi_lp	4605521183833817629
G/0/clip/p185/pi_hpc	4616834790403265741
G/0/clip/p185/pi_lpc	4612376076479691476
G/0/clip/p185/required	4576451299351046557
G/0/clip/p185/required_fuel	4575218757875163620
G/0/clip/p185/required_gov	4576451299351046557
G/0/clip/p185/s	4606506878855911840
G/0/clip/p185/share_law	580772045163143161
G/0/clip/p185/sp_thrust	4648029523968284381
G/0/clip/p185/v	13735511643651026769
G/0/clip/p185/v_cmd	0
G/0/clip/p185/v_regime	9087740570393753374
G/0/clip/p185/v_regime?	1
G/0/clip/p185/w_fuel?	0
G/0/clip/p185/w_gov?	0
G/0/clip/p190/Tt4	4652976737920057013
G/0/clip/p190/authority	15345845413248555367
G/0/clip/p190/b	4532525497032090798
G/0/clip/p190/b_cmd	0
G/0/clip/p190/branch	13126223303132988745
G/0/clip/p190/cap_fuel?	0
G/0/clip/p190/cap_gov?	0
G/0/clip/p190/f	4581830452778695792
G/0/clip/p190/g	4576469492010219347
G/0/clip/p190/g_fuel	4575796082971721832
G/0/clip/p190/g_gov	4576469492010219347
G/0/clip/p190/ic_iters	1
G/0/clip/p190/ic_order	16448961268219989400
G/0/clip/p190/ic_res	0
G/0/clip/p190/mdot_air	4604140253049169620
G/0/clip/p190/mf	4579330088385047763
G/0/clip/p190/mf_sched	4582403389825004051
G/0/clip/p190/nu_hp	4605782433592904286
G/0/clip/p190/nu_lp	4605480204148306511
G/0/clip/p190/phi_hp	4606653840003005432
G/0/clip/p190/phi_lp	4605530310828299720
G/0/clip/p190/pi_hpc	4616839902720380996
G/0/clip/p190/pi_lpc	4612384503458919389
G/0/clip/p190/required	4576434315547700002
G/0/clip/p190/required_fuel	4575035256497380164
G/0/clip/p190/required_gov	4576434315547700002
G/0/clip/p190/s	4606732058837280365
G/0/clip/p190/share_law	580772045163143161
G/0/clip/p190/sp_thrust	4648033696101885088
G/0/clip/p190/v	13732151425926331404
G/0/clip/p190/v_cmd	0
G/0/clip/p190/v_regime	9087740570393753374
G/0/clip/p190/v_regime?	1
G/0/clip/p190/w_fuel?	0
G/0/clip/p190/w_gov?	0
G/0/clip/p195/Tt4	4652977138201409119
G/0/clip/p195/authority	15345845413248555367
G/0/clip/p195/b	4529387170487111836
G/0/clip/p195/b_cmd	0
G/0/clip/p195/branch	13126223303132988745
G/0/clip/p195/cap_fuel?	0
G/0/clip/p195/cap_gov?	0
G/0/clip/p195/f	4581828017353698961
G/0/clip/p195/g	4576452103995093686
G/0/clip/p195/g_fuel	4575719859808649818
G/0/clip/p195/g_gov	4576452103995093686
G/0/clip/p195/ic_iters	1
G/0/clip/p195/ic_order	16448961268219989400
G/0/clip/p195/ic_res	0
G/0/clip/p195/mdot_air	4604155297469851527
G/0/clip/p195/mf	4579347476400173424
G/0/clip/p195/mf_sched	4582403389825004051
G/0/clip/p195/nu_hp	4605788961050681758
G/0/clip/p195/nu_lp	4605489693436702357
G/0/clip/p195/phi_hp	4606658536429402257
G/0/clip/p195/phi_lp	4605539263613552610
G/0/clip/p195/pi_hpc	4616844921216318194
G/0/clip/p195/pi_lpc	4612392705444492389
G/0/clip/p195/required	4576417726893045711
G/0/clip/p195/required_fuel	4574854018004536860
G/0/clip/p195/required_gov	4576417726893045711
G/0/clip/p195/s	4606957238818648890
G/0/clip/p195/share_law	580772045163143161
G/0/clip/p195/sp_thrust	4648037757661159070
G/0/clip/p195/v	13728751436007169537
G/0/clip/p195/v_cmd	0
G/0/clip/p195/v_regime	9087740570393753374
G/0/clip/p195/v_regime?	1
G/0/clip/p195/w_fuel?	0
G/0/clip/p195/w_gov?	0
G/0/clip/p20/Tt4	4652709187813902178
G/0/clip/p20/authority	9674992558986367437
G/0/clip/p20/b	4587106220968637354
G/0/clip/p20/b_cmd	4587954911578718664
G/0/clip/p20/branch	13126223303132988745
G/0/clip/p20/cap_fuel?	0
G/0/clip/p20/cap_gov?	0
G/0/clip/p20/f	4581515758617882559
G/0/clip/p20/g	4559493705718242358
G/0/clip/p20/g_fuel	4559493705718242358
G/0/clip/p20/g_gov	0
G/0/clip/p20/ic_iters	1
G/0/clip/p20/ic_order	16448961268219989400
G/0/clip/p20/ic_res	0
G/0/clip/p20/mdot_air	4603292477085232783
G/0/clip/p20/mf	4577810439924037699
G/0/clip/p20/mf_sched	4578207595076954630
G/0/clip/p20/nu_hp	4605315988614763451
G/0/clip/p20/nu_lp	4604931744454920963
G/0/clip/p20/phi_hp	4606409073405019983
G/0/clip/p20/phi_lp	4605342509057210890
G/0/clip/p20/pi_hpc	4616381656889404057
G/0/clip/p20/pi_lpc	4611949423477876233
G/0/clip/p20/required	4562501062084338096
G/0/clip/p20/required_fuel	4562501062084338096
G/0/clip/p20/required_gov	0
G/0/clip/p20/s	4591870180066957723
G/0/clip/p20/share_law	580772045163143161
G/0/clip/p20/sp_thrust	4647385342724581918
G/0/clip/p20/v	13804954572879612742
G/0/clip/p20/v_cmd	13807964339487630272
G/0/clip/p20/v_regime	10791139852042193048
G/0/clip/p20/v_regime?	1
G/0/clip/p20/w_fuel?	0
G/0/clip/p20/w_gov?	0
G/0/clip/p200/Tt4	4652977530581833473
G/0/clip/p200/authority	15345845413248555367
G/0/clip/p200/b	4526328678541950936
G/0/clip/p200/b_cmd	0
G/0/clip/p200/branch	13126223303132988745
G/0/clip/p200/cap_fuel?	0
G/0/clip/p200/cap_gov?	0
G/0/clip/p200/f	4581825644629312169
G/0/clip/p200/g	4576435113112036474
G/0/clip/p200/g_fuel	4575625818269241480
G/0/clip/p200/g_gov	4576435113112036474
G/0/clip/p200/ic_iters	1
G/0/clip/p200/ic_order	16448961268219989400
G/0/clip/p200/ic_res	0
G/0/clip/p200/mdot_air	4604170002882901748
G/0/clip/p200/mf	4579364467283230636
G/0/clip/p200/mf_sched	4582403389825004051
G/0/clip/p200/nu_hp	4605795346207524859
G/0/clip/p200/nu_lp	4605498934052626013
G/0/clip/p200/phi_hp	4606663129977093838
G/0/clip/p200/phi_lp	4605548038842054683
G/0/clip/p200/pi_hpc	4616849846101456035
G/0/clip/p200/pi_lpc	4612400688956761048
G/0/clip/p200/required	4576401524659810681
G/0/clip/p200/required_fuel	4574675158633846988
G/0/clip/p200/required_gov	4576401524659810681
G/0/clip/p200/s	4607182418800017411
G/0/clip/p200/share_law	580772045163143161
G/0/clip/p200/sp_thrust	4648041710391843158
G/0/clip/p200/v	13725586583234916028
G/0/clip/p200/v_cmd	0
G/0/clip/p200/v_regime	9087740570393753374
G/0/clip/p200/v_regime?	1
G/0/clip/p200/w_fuel?	0
G/0/clip/p200/w_gov?	0
G/0/clip/p205/Tt4	4652977914193135577
G/0/clip/p205/authority	15345845413248555367
G/0/clip/p205/b	4522829591621703749
G/0/clip/p205/b_cmd	0
G/0/clip/p205/branch	13126223303132988745
G/0/clip/p205/cap_fuel?	0
G/0/clip/p205/cap_gov?	0
G/0/clip/p205/f	4581823331021023227
G/0/clip/p205/g	4576418513367923876
G/0/clip/p205/g_fuel	4575465926241272519
G/0/clip/p205/g_gov	4576418513367923876
G/0/clip/p205/ic_iters	1
G/0/clip/p205/ic_order	16448961268219989400
G/0/clip/p205/ic_res	0
G/0/clip/p205/mdot_air	4604184376318891144
G/0/clip/p205/mf	4579381067027343234
G/0/clip/p205/mf_sched	4582403389825004051
G/0/clip/p205/nu_hp	4605801591697250235
G/0/clip/p205/nu_lp	4605507932319552984
G/0/clip/p205/phi_hp	4606667622961478181
G/0/clip/p205/phi_lp	4605556635561487559
G/0/clip/p205/pi_hpc	4616854677987422098
G/0/clip/p205/pi_lpc	4612408460009369236
G/0/clip/p205/required	4576385700552751077
G/0/clip/p205/required_fuel	4574498753645971864
G/0/clip/p205/required_gov	4576385700552751077
G/0/clip/p205/s	4607295008790701671
G/0/clip/p205/share_law	580772045163143161
G/0/clip/p205/sp_thrust	4648045556617016889
G/0/clip/p205/v	13722587515483713889
G/0/clip/p205/v_cmd	0
G/0/clip/p205/v_regime	9087740570393753374
G/0/clip/p205/v_regime?	1
G/0/clip/p205/w_fuel?	0
G/0/clip/p205/w_gov?	0
G/0/clip/p210/Tt4	4652978288673079412
G/0/clip/p210/authority	15345845413248555367
G/0/clip/p210/b	4519544528056116571
G/0/clip/p210/b_cmd	0
G/0/clip/p210/branch	13126223303132988745
G/0/clip/p210/cap_fuel?	0
G/0/clip/p210/cap_gov?	0
G/0/clip/p210/f	4581821074021960864
G/0/clip/p210/g	4576402297930110492
G/0/clip/p210/g_fuel	4575303696170850061
G/0/clip/p210/g_gov	4576402297930110492
G/0/clip/p210/ic_iters	1
G/0/clip/p210/ic_order	16448961268219989400
G/0/clip/p210/ic_res	0
G/0/clip/p210/mdot_air	4604198424432356309
G/0/clip/p210/mf	4579397282465156618
G/0/clip/p210/mf_sched	4582403389825004051
G/0/clip/p210/nu_hp	4605807700113321136
G/0/clip/p210/nu_lp	4605516694434851154
G/0/clip/p210/phi_hp	4606672017471168523
G/0/clip/p210/phi_lp	4605565054297686981
G/0/clip/p210/pi_hpc	4616859417725464783
G/0/clip/p210/pi_lpc	4612416024265266745
G/0/clip/p210/required	4576370246572009500
G/0/clip/p210/required_fuel	4574324852138236824
G/0/clip/p210/required_gov	4576370246572009500
G/0/clip/p210/s	4607407598781385931
G/0/clip/p210/share_law	580772045163143161
G/0/clip/p210/sp_thrust	4648049298935788354
G/0/clip/p210/v	13719068911638455151
G/0/clip/p210/v_cmd	0
G/0/clip/p210/v_regime	9087740570393753374
G/0/clip/p210/v_regime?	1
G/0/clip/p210/w_fuel?	0
G/0/clip/p210/w_gov?	0
G/0/clip/p215/Tt4	4652978653934470800
G/0/clip/p215/authority	15345845413248555367
G/0/clip/p215/b	4516519088061110117
G/0/clip/p215/b_cmd	0
G/0/clip/p215/branch	13126223303132988745
G/0/clip/p215/cap_fuel?	0
G/0/clip/p215/cap_gov?	0
G/0/clip/p215/f	4581818871728358735
G/0/clip/p215/g	4576386459554466397
G/0/clip/p215/g_fuel	4575139874024313771
G/0/clip/p215/g_gov	4576386459554466397
G/0/clip/p215/ic_iters	1
G/0/clip/p215/ic_order	16448961268219989400
G/0/clip/p215/ic_res	0
G/0/clip/p215/mdot_air	4604212153638631195
G/0/clip/p215/mf	4579413120840800713
G/0/clip/p215/mf_sched	4582403389825004051
G/0/clip/p215/nu_hp	4605813674016127450
G/0/clip/p215/nu_lp	4605525226463984764
G/0/clip/p215/phi_hp	4606676315463486958
G/0/clip/p215/phi_lp	4605573296488659830
G/0/clip/p215/pi_hpc	4616864066311631628
G/0/clip/p215/pi_lpc	4612423387132476122
G/0/clip/p215/required	4576355154932740157
G/0/clip/p215/required_fuel	4574153486163422104
G/0/clip/p215/required_gov	4576355154932740157
G/0/clip/p215/s	4607520188772070191
G/0/clip/p215/share_law	580772045163143161
G/0/clip/p215/sp_thrust	4648052940058015050
G/0/clip/p215/v	13715760172835339320
G/0/clip/p215/v_cmd	0
G/0/clip/p215/v_regime	9087740570393753374
G/0/clip/p215/v_regime?	1
G/0/clip/p215/w_fuel?	0
G/0/clip/p215/w_gov?	0
G/0/clip/p220/Tt4	4652979010037393644
G/0/clip/p220/authority	15345845413248555367
G/0/clip/p220/b	4513207707072532990
G/0/clip/p220/b_cmd	0
G/0/clip/p220/branch	13126223303132988745
G/0/clip/p220/cap_fuel?	0
G/0/clip/p220/cap_gov?	0
G/0/clip/p220/f	4581816722575816520
G/0/clip/p220/g	4576370990821062661
G/0/clip/p220/g_fuel	4574975095212891462
G/0/clip/p220/g_gov	4576370990821062661
G/0/clip/p220/ic_iters	1
G/0/clip/p220/ic_order	16448961268219989400
G/0/clip/p220/ic_res	0
G/0/clip/p220/mdot_air	4604225570191693051
G/0/clip/p220/mf	4579428589574204449
G/0/clip/p220/mf_sched	4582403389825004051
G/0/clip/p220/nu_hp	4605819515936494614
G/0/clip/p220/nu_lp	4605533534337429622
G/0/clip/p220/phi_hp	4606680518816509989
G/0/clip/p220/phi_lp	4605581364134881742
G/0/clip/p220/pi_hpc	4616868624830899855
G/0/clip/p220/pi_lpc	4612430553822924627
G/0/clip/p220/required	4576340418018192531
G/0/clip/p220/required_fuel	4573984676359540108
G/0/clip/p220/required_gov	4576340418018192531
G/0/clip/p220/s	4607632778762754451
G/0/clip/p220/share_law	580772045163143161
G/0/clip/p220/sp_thrust	4648056482714791086
G/0/clip/p220/v	13712706013312450966
G/0/clip/p220/v_cmd	0
G/0/clip/p220/v_regime	9087740570393753374
G/0/clip/p220/v_regime?	1
G/0/clip/p220/w_fuel?	0
G/0/clip/p220/w_gov?	0
G/0/clip/p225/Tt4	4652979357119006064
G/0/clip/p225/authority	15345845413248555367
G/0/clip/p225/b	4509791677509361986
G/0/clip/p225/b_cmd	0
G/0/clip/p225/branch	13126223303132988745
G/0/clip/p225/cap_fuel?	0
G/0/clip/p225/cap_gov?	0
G/0/clip/p225/f	4581814625193582209
G/0/clip/p225/g	4576355884263227627
G/0/clip/p225/g_fuel	4574809900109115676
G/0/clip/p225/g_gov	4576355884263227627
G/0/clip/p225/ic_iters	1
G/0/clip/p225/ic_order	16448961268219989400
G/0/clip/p225/ic_res	0
G/0/clip/p225/mdot_air	4604238680227839849
G/0/clip/p225/mf	4579443696132039483
G/0/clip/p225/mf_sched	4582403389825004051
G/0/clip/p225/nu_hp	4605825228377145577
G/0/clip/p225/nu_lp	4605541623849493347
G/0/clip/p225/phi_hp	4606684629357078331
G/0/clip/p225/phi_lp	4605589259582808645
G/0/clip/p225/pi_hpc	4616873094424012800
G/0/clip/p225/pi_lpc	4612437529388659868
G/0/clip/p225/required	4576326028352645333
G/0/clip/p225/required_fuel	4573818435441878444
G/0/clip/p225/required_gov	4576326028352645333
G/0/clip/p225/s	4607745368753438711
G/0/clip/p225/share_law	580772045163143161
G/0/clip/p225/sp_thrust	4648059929610879724
G/0/clip/p225/v	13709458969961397423
G/0/clip/p225/v_cmd	0
G/0/clip/p225/v_regime	9087740570393753374
G/0/clip/p225/v_regime?	1
G/0/clip/p225/w_fuel?	0
G/0/clip/p225/w_gov?	0
G/0/clip/p230/Tt4	4652979695355282166
G/0/clip/p230/authority	15345845413248555367
G/0/clip/p230/b	4506607367656571117
G/0/clip/p230/b_cmd	0
G/0/clip/p230/branch	13126223303132988745
G/0/clip/p230/cap_fuel?	0
G/0/clip/p230/cap_gov?	0
G/0/clip/p230/f	4581812578324586870
G/0/clip/p230/g	4576341132437874468
G/0/clip/p230/g_fuel	4574644747605780918
G/0/clip/p230/g_gov	4576341132437874468
G/0/clip/p230/ic_iters	1
G/0/clip/p230/ic_order	16448961268219989400
G/0/clip/p230/ic_res	0
G/0/clip/p230/mdot_air	4604251489789643175
G/0/clip/p230/mf	4579458447957392642
G/0/clip/p230/mf_sched	4582403389825004051
G/0/clip/p230/nu_hp	4605830813813076519
G/0/clip/p230/nu_lp	4605549500658444281
G/0/clip/p230/phi_hp	4606688648875609528
G/0/clip/p230/phi_lp	4605596985390435811
G/0/clip/p230/pi_hpc	4616877476267552668
G/0/clip/p230/pi_lpc	4612444318744239955
G/0/clip/p230/required	4576311978586073591
G/0/clip/p230/required_fuel	4573654770385137936
G/0/clip/p230/required_gov	4576311978586073591
G/0/clip/p230/s	4607857958744122971
G/0/clip/p230/share_law	580772045163143161
G/0/clip/p230/sp_thrust	4648063283400198514
G/0/clip/p230/v	13706021809731349565
G/0/clip/p230/v_cmd	0
G/0/clip/p230/v_regime	9087740570393753374
G/0/clip/p230/v_regime?	1
G/0/clip/p230/w_fuel?	0
G/0/clip/p230/w_gov?	0
G/0/clip/p235/Tt4	4652980024940372234
G/0/clip/p235/authority	15345845413248555367
G/0/clip/p235/b	4503651887759599302
G/0/clip/p235/b_cmd	0
G/0/clip/p235/branch	13126223303132988745
G/0/clip/p235/cap_fuel?	0
G/0/clip/p235/cap_gov?	0
G/0/clip/p235/f	4581810580781901732
G/0/clip/p235/g	4576326727963712371
G/0/clip/p235/g_fuel	4574480026860016875
G/0/clip/p235/g_gov	4576326727963712371
G/0/clip/p235/ic_iters	1
G/0/clip/p235/ic_order	16448961268219989400
G/0/clip/p235/ic_res	0
G/0/clip/p235/mdot_air	4604264004838574065
G/0/clip/p235/mf	4579472852431554739
G/0/clip/p235/mf_sched	4582403389825004051
G/0/clip/p235/nu_hp	4605836274691377808
G/0/clip/p235/nu_lp	4605557170287522900
G/0/clip/p235/phi_hp	4606692579133731410
G/0/clip/p235/phi_lp	4605604544243401971
G/0/clip/p235/pi_hpc	4616881771561734608
G/0/clip/p235/pi_lpc	4612450926680692676
G/0/clip/p235/required	4576298261485709400
G/0/clip/p235/required_fuel	4573493683802718040
G/0/clip/p235/required_gov	4576298261485709400
G/0/clip/p235/s	4607970548734807231
G/0/clip/p235/share_law	580772045163143161
G/0/clip/p235/sp_thrust	4648066546673860128
G/0/clip/p235/v	13702811867072307082
G/0/clip/p235/v_cmd	0
G/0/clip/p235/v_regime	9087740570393753374
G/0/clip/p235/v_regime?	1
G/0/clip/p235/w_fuel?	0
G/0/clip/p235/w_gov?	0
G/0/clip/p240/Tt4	4652980346075607508
G/0/clip/p240/authority	15345845413248555367
G/0/clip/p240/b	4500118968181542944
G/0/clip/p240/b_cmd	0
G/0/clip/p240/branch	13126223303132988745
G/0/clip/p240/cap_fuel?	0
G/0/clip/p240/cap_gov?	0
G/0/clip/p240/f	4581808631425233521
G/0/clip/p240/g	4576312663542027928
G/0/clip/p240/g_fuel	4574316067404276211
G/0/clip/p240/g_gov	4576312663542027928
G/0/clip/p240/ic_iters	1
G/0/clip/p240/ic_order	16448961268219989400
G/0/clip/p240/ic_res	0
G/0/clip/p240/mdot_air	4604276231261177095
G/0/clip/p240/mf	4579486916853239182
G/0/clip/p240/mf_sched	4582403389825004051
G/0/clip/p240/nu_hp	4605841613430791550
G/0/clip/p240/nu_lp	4605564638126538501
G/0/clip/p240/phi_hp	4606696421868057915
G/0/clip/p240/phi_lp	4605611938902251688
G/0/clip/p240/pi_hpc	4616885981522712731
G/0/clip/p240/pi_lpc	4612457357874351102
G/0/clip/p240/required	4576284869931613160
G/0/clip/p240/required_fuel	4573335174833655192
G/0/clip/p240/required_gov	4576284869931613160
G/0/clip/p240/s	4608083138725491491
G/0/clip/p240/share_law	580772045163143161
G/0/clip/p240/sp_thrust	4648069721954972767
G/0/clip/p240/v	13699877553384583199
G/0/clip/p240/v_cmd	0
G/0/clip/p240/v_regime	9087740570393753374
G/0/clip/p240/v_regime?	1
G/0/clip/p240/w_fuel?	0
G/0/clip/p240/w_gov?	0
G/0/clip/p245/Tt4	4652980658963737991
G/0/clip/p245/authority	15345845413248555367
G/0/clip/p245/b	4496792863508845721
G/0/clip/p245/b_cmd	0
G/0/clip/p245/branch	13126223303132988745
G/0/clip/p245/cap_fuel?	0
G/0/clip/p245/cap_gov?	0
G/0/clip/p245/f	4581806729148354739
G/0/clip/p245/g	4576298931968078430
G/0/clip/p245/g_fuel	4574153147815543931
G/0/clip/p245/g_gov	4576298931968078430
G/0/clip/p245/ic_iters	1
G/0/clip/p245/ic_order	16448961268219989400
G/0/clip/p245/ic_res	0
G/0/clip/p245/mdot_air	4604288174871617597
G/0/clip/p245/mf	4579500648427188680
G/0/clip/p245/mf_sched	4582403389825004051
G/0/clip/p245/nu_hp	4605846832421163425
G/0/clip/p245/nu_lp	4605571909433847443
G/0/clip/p245/phi_hp	4606700178791926036
G/0/clip/p245/phi_lp	4605619172168928758
G/0/clip/p245/pi_hpc	4616890107377531718
G/0/clip/p245/pi_lpc	4612463616892591513
G/0/clip/p245/required	4576271796914540049
G/0/clip/p245/required_fuel	4573179239727300316
G/0/clip/p245/required_gov	4576271796914540049
G/0/clip/p245/s	4608195728716175751
G/0/clip/p245/share_law	580772045163143161
G/0/clip/p245/sp_thrust	4648072811697023713
G/0/clip/p245/v	13696362030762796850
G/0/clip/p245/v_cmd	0
G/0/clip/p245/v_regime	9087740570393753374
G/0/clip/p245/v_regime?	1
G/0/clip/p245/w_fuel?	0
G/0/clip/p245/w_gov?	0
G/0/clip/p25/Tt4	4652851340848940320
G/0/clip/p25/authority	9674992558986367437
G/0/clip/p25/b	4587508287965141024
G/0/clip/p25/b_cmd	4588267089438770541
G/0/clip/p25/branch	13126223303132988745
G/0/clip/p25/cap_fuel?	0
G/0/clip/p25/cap_gov?	0
G/0/clip/p25/f	4581785417227655224
G/0/clip/p25/g	4561104028736005322
G/0/clip/p25/g_fuel	4561104028736005322
G/0/clip/p25/g_gov	4543694795955402349
G/0/clip/p25/ic_iters	1
G/0/clip/p25/ic_order	16448961268219989400
G/0/clip/p25/ic_res	0
G/0/clip/p25/mdot_air	4603289060098911235
G/0/clip/p25/mf	4578112192456506203
G/0/clip/p25/mf_sched	4578609992798033320
G/0/clip/p25/nu_hp	4605328426997681979
G/0/clip/p25/nu_lp	4604943395544723278
G/0/clip/p25/phi_hp	4606354814610941253
G/0/clip/p25/phi_lp	4605346413218118791
G/0/clip/p25/pi_hpc	4616420216488778437
G/0/clip/p25/pi_lpc	4611978604718555640
G/0/clip/p25/required	4563162280003567328
G/0/clip/p25/required_fuel	4563162280003567328
G/0/clip/p25/required_gov	4556079461854818816
G/0/clip/p25/s	4593671619917905921
G/0/clip/p25/share_law	580772045163143161
G/0/clip/p25/sp_thrust	4647638122105423618
G/0/clip/p25/v	13806378736213047988
G/0/clip/p25/v_cmd	13808549621251600823
G/0/clip/p25/v_regime	10791139852042193048
G/0/clip/p25/v_regime?	1
G/0/clip/p25/w_fuel?	0
G/0/clip/p25/w_gov?	0
G/0/clip/p250/Tt4	4652980963805979108
G/0/clip/p250/authority	15345845413248555367
G/0/clip/p250/b	4493717638111748816
G/0/clip/p250/b_cmd	0
G/0/clip/p250/branch	13126223303132988745
G/0/clip/p250/cap_fuel?	0
G/0/clip/p250/cap_gov?	0
G/0/clip/p250/f	4581804872872441595
G/0/clip/p250/g	4576285526137459991
G/0/clip/p250/g_fuel	4573991503127610477
G/0/clip/p250/g_gov	4576285526137459991
G/0/clip/p250/ic_iters	1
G/0/clip/p250/ic_order	16448961268219989400
G/0/clip/p250/ic_res	0
G/0/clip/p250/mdot_air	4604299841412235250
G/0/clip/p250/mf	4579514054257807119
G/0/clip/p250/mf_sched	4582403389825004051
G/0/clip/p250/nu_hp	4605851934022872629
G/0/clip/p250/nu_lp	4605578989338575006
G/0/clip/p250/phi_hp	4606703851596081226
G/0/clip/p250/phi_lp	4605626246865165059
G/0/clip/p250/pi_hpc	4616894150360639743
G/0/clip/p250/pi_lpc	4612469708197712675
G/0/clip/p250/required	4576259035535083659
G/0/clip/p250/required_fuel	4573025872242079948
G/0/clip/p250/required_gov	4576259035535083659
G/0/clip/p250/s	4608308318706860011
G/0/clip/p250/share_law	580772045163143161
G/0/clip/p250/sp_thrust	4648075818284120614
G/0/clip/p250/v	13693013048250358156
G/0/clip/p250/v_cmd	0
G/0/clip/p250/v_regime	9087740570393753374
G/0/clip/p250/v_regime?	1
G/0/clip/p250/w_fuel?	0
G/0/clip/p250/w_gov?	0
G/0/clip/p255/Tt4	4652981260800546320
G/0/clip/p255/authority	15345845413248555367
G/0/clip/p255/b	4490517786642975534
G/0/clip/p255/b_cmd	0
G/0/clip/p255/branch	13126223303132988745
G/0/clip/p255/cap_fuel?	0
G/0/clip/p255/cap_gov?	0
G/0/clip/p255/f	4581803061542564241
G/0/clip/p255/g	4576272439049791649
G/0/clip/p255/g_fuel	4573831331156889324
G/0/clip/p255/g_gov	4576272439049791649
G/0/clip/p255/ic_iters	1
G/0/clip/p255/ic_order	16448961268219989400
G/0/clip/p255/ic_res	0
G/0/clip/p255/mdot_air	4604311236553044822
G/0/clip/p255/mf	4579527141345475461
G/0/clip/p255/mf_sched	4582403389825004051
G/0/clip/p255/nu_hp	4605856920566283245
G/0/clip/p255/nu_lp	4605585882842988366
G/0/clip/p255/phi_hp	4606707441948840522
G/0/clip/p255/phi_lp	4605633165818252896
G/0/clip/p255/pi_hpc	4616898111711333122
G/0/clip/p255/pi_lpc	4612475636149712595
G/0/clip/p255/required	4576246579003494625
G/0/clip/p255/required_fuel	4572875063929512588
G/0/clip/p255/required_gov	4576246579003494625
G/0/clip/p255/s	4608420908697544271
G/0/clip/p255/share_law	580772045163143161
G/0/clip/p255/sp_thrust	4648078744032163894
G/0/clip/p255/v	13689910070618229287
G/0/clip/p255/v_cmd	0
G/0/clip/p255/v_regime	9087740570393753374
G/0/clip/p255/v_regime?	1
G/0/clip/p255/w_fuel?	0
G/0/clip/p255/w_gov?	0
G/0/clip/p260/Tt4	4652981550141964790
G/0/clip/p260/authority	15345845413248555367
G/0/clip/p260/b	4487065126994824388
G/0/clip/p260/b_cmd	0
G/0/clip/p260/branch	13126223303132988745
G/0/clip/p260/cap_fuel?	0
G/0/clip/p260/cap_gov?	0
G/0/clip/p260/f	4581801294125831886
G/0/clip/p260/g	4576259663810955588
G/0/clip/p260/g_fuel	4573672797894660790
G/0/clip/p260/g_gov	4576259663810955588
G/0/clip/p260/ic_iters	1
G/0/clip/p260/ic_order	16448961268219989400
G/0/clip/p260/ic_res	0
G/0/clip/p260/mdot_air	4604322365890722976
G/0/clip/p260/mf	4579539916584311522
G/0/clip/p260/mf_sched	4582403389825004051
G/0/clip/p260/nu_hp	4605861794351238307
G/0/clip/p260/nu_lp	4605592594824958990
G/0/clip/p260/phi_hp	4606710951496013646
G/0/clip/p260/phi_lp	4605639931851426001
G/0/clip/p260/pi_hpc	4616901992671766886
G/0/clip/p260/pi_lpc	4612481405008422812
G/0/clip/p260/required	4576234420639820352
G/0/clip/p260/required_fuel	4572726804347008452
G/0/clip/p260/required_gov	4576234420639820352
G/0/clip/p260/s	4608533498688228531
G/0/clip/p260/share_law	580772045163143161
G/0/clip/p260/sp_thrust	4648081591190459177
G/0/clip/p260/v	13686772389852445910
G/0/clip/p260/v_cmd	0
G/0/clip/p260/v_regime	9087740570393753374
G/0/clip/p260/v_regime?	1
G/0/clip/p260/w_fuel?	0
G/0/clip/p260/w_gov?	0
G/0/clip/p265/Tt4	4652981832020774436
G/0/clip/p265/authority	15345845413248555367
G/0/clip/p265/b	4483836382582691492
G/0/clip/p265/b_cmd	0
G/0/clip/p265/branch	13126223303132988745
G/0/clip/p265/cap_fuel?	0
G/0/clip/p265/cap_gov?	0
G/0/clip/p265/f	4581799569610388524
G/0/clip/p265/g	4576247193634540364
G/0/clip/p265/g_fuel	4573516042100395285
G/0/clip/p265/g_gov	4576247193634540364
G/0/clip/p265/ic_iters	1
G/0/clip/p265/ic_order	16448961268219989400
G/0/clip/p265/ic_res	0
G/0/clip/p265/mdot_air	4604333234947387796
G/0/clip/p265/mf	4579552386760726746
G/0/clip/p265/mf_sched	4582403389825004051
G/0/clip/p265/nu_hp	4605866557646606054
G/0/clip/p265/nu_lp	4605599130040473381
G/0/clip/p265/phi_hp	4606714381860726584
G/0/clip/p265/phi_lp	4605646547777140902
G/0/clip/p265/pi_hpc	4616905794485319336
G/0/clip/p265/pi_lpc	4612487018935278775
G/0/clip/p265/required	4576222553874159699
G/0/clip/p265/required_fuel	4572581081226057084
G/0/clip/p265/required_gov	4576222553874159699
G/0/clip/p265/s	4608646088678912791
G/0/clip/p265/share_law	580772045163143161
G/0/clip/p265/sp_thrust	4648084361943514718
G/0/clip/p265/v	13683299311232368759
G/0/clip/p265/v_cmd	0
G/0/clip/p265/v_regime	9087740570393753374
G/0/clip/p265/v_regime?	1
G/0/clip/p265/w_fuel?	0
G/0/clip/p265/w_gov?	0
G/0/clip/p270/Tt4	4652982106623430771
G/0/clip/p270/authority	15345845413248555367
G/0/clip/p270/b	4480879261205226158
G/0/clip/p270/b_cmd	0
G/0/clip/p270/branch	13126223303132988745
G/0/clip/p270/cap_fuel?	0
G/0/clip/p270/cap_gov?	0
G/0/clip/p270/f	4581797887004832445
G/0/clip/p270/g	4576235021842818716
G/0/clip/p270/g_fuel	4573361179213340377
G/0/clip/p270/g_gov	4576235021842818716
G/0/clip/p270/ic_iters	1
G/0/clip/p270/ic_order	16448961268219989400
G/0/clip/p270/ic_res	0
G/0/clip/p270/mdot_air	4604343849169342852
G/0/clip/p270/mf	4579564558552448394
G/0/clip/p270/mf_sched	4582403389825004051
G/0/clip/p270/nu_hp	4605871212689881623
G/0/clip/p270/nu_lp	4605605493126164900
G/0/clip/p270/phi_hp	4606717734643220973
G/0/clip/p270/phi_lp	4605653016392206911
G/0/clip/p270/pi_hpc	4616909518395186954
G/0/clip/p270/pi_lpc	4612492481994893771
G/0/clip/p270/required	4576210972246914893
G/0/clip/p270/required_fuel	4572437880612058164
G/0/clip/p270/required_gov	4576210972246914893
G/0/clip/p270/s	4608758678669597051
G/0/clip/p270/share_law	580772045163143161
G/0/clip/p270/sp_thrust	4648087058412894170
G/0/clip/p270/v	13680045797343991374
G/0/clip/p270/v_cmd	0
G/0/clip/p270/v_regime	9087740570393753374
G/0/clip/p270/v_regime?	1
G/0/clip/p270/w_fuel?	0
G/0/clip/p270/w_gov?	0
G/0/clip/p275/Tt4	4652982374132299254
G/0/clip/p275/authority	15345845413248555367
G/0/clip/p275/b	4477414832490044754
G/0/clip/p275/b_cmd	0
G/0/clip/p275/branch	13126223303132988745
G/0/clip/p275/cap_fuel?	0
G/0/clip/p275/cap_gov?	0
G/0/clip/p275/f	4581796245337837839
G/0/clip/p275/g	4576223141867426717
G/0/clip/p275/g_fuel	4573208304683522302
G/0/clip/p275/g_gov	4576223141867426717
G/0/clip/p275/ic_iters	1
G/0/clip/p275/ic_order	16448961268219989400
G/0/clip/p275/ic_res	0
G/0/clip/p275/mdot_air	4604354213925880042
G/0/clip/p275/mf	4579576438527840393
G/0/clip/p275/mf_sched	4582403389825004051
G/0/clip/p275/nu_hp	4605875761686844215
G/0/clip/p275/nu_lp	4605611688601848435
G/0/clip/p275/phi_hp	4606721011420663982
G/0/clip/p275/phi_lp	4605659340474114851
G/0/clip/p275/pi_hpc	4616913165643137753
G/0/clip/p275/pi_lpc	4612497798156535918
G/0/clip/p275/required	4576199669408975074
G/0/clip/p275/required_fuel	4572297186985717404
G/0/clip/p275/required_gov	4576199669408975074
G/0/clip/p275/s	4608871268660281311
G/0/clip/p275/share_law	580772045163143161
G/0/clip/p275/sp_thrust	4648089682659061660
G/0/clip/p275/v	13677058629059382545
G/0/clip/p275/v_cmd	0
G/0/clip/p275/v_regime	9087740570393753374
G/0/clip/p275/v_regime?	1
G/0/clip/p275/w_fuel?	0
G/0/clip/p275/w_gov?	0
G/0/clip/p280/Tt4	4652982634725691585
G/0/clip/p280/authority	15345845413248555367
G/0/clip/p280/b	4474049069002092150
G/0/clip/p280/b_cmd	0
G/0/clip/p280/branch	13126223303132988745
G/0/clip/p280/cap_fuel?	0
G/0/clip/p280/cap_gov?	0
G/0/clip/p280/f	4581794643657865318
G/0/clip/p280/g	4576211547249826774
G/0/clip/p280/g_fuel	4573057496808978157
G/0/clip/p280/g_gov	4576211547249826774
G/0/clip/p280/ic_iters	1
G/0/clip/p280/ic_order	16448961268219989400
G/0/clip/p280/ic_res	0
G/0/clip/p280/mdot_air	4604364334508190962
G/0/clip/p280/mf	4579588033145440336
G/0/clip/p280/mf_sched	4582403389825004051
G/0/clip/p280/nu_hp	4605880206811268197
G/0/clip/p280/nu_lp	4605617720873045646
G/0/clip/p280/phi_hp	4606724213746984503
G/0/clip/p280/phi_lp	4605665522778162946
G/0/clip/p280/pi_hpc	4616916737468380777
G/0/clip/p280/pi_lpc	4612502971295566328
G/0/clip/p280/required	4576188639121797048
G/0/clip/p280/required_fuel	4572158983372060876
G/0/clip/p280/required_gov	4576188639121797048
G/0/clip/p280/s	4608983858650965571
G/0/clip/p280/share_law	580772045163143161
G/0/clip/p280/sp_thrust	4648092236683189842
G/0/clip/p280/v	13673661511583733087
G/0/clip/p280/v_cmd	0
G/0/clip/p280/v_regime	9087740570393753374
G/0/clip/p280/v_regime?	1
G/0/clip/p280/w_fuel?	0
G/0/clip/p280/w_gov?	0
G/0/clip/p285/Tt4	4652982888577919281
G/0/clip/p285/authority	15345845413248555367
G/0/clip/p285/b	4470925735008445306
G/0/clip/p285/b_cmd	0
G/0/clip/p285/branch	13126223303132988745
G/0/clip/p285/cap_fuel?	0
G/0/clip/p285/cap_gov?	0
G/0/clip/p285/f	4581793081032906096
G/0/clip/p285/g	4576200231641595206
G/0/clip/p285/g_fuel	4572908819153435305
G/0/clip/p285/g_gov	4576200231641595206
G/0/clip/p285/ic_iters	1
G/0/clip/p285/ic_order	16448961268219989400
G/0/clip/p285/ic_res	0
G/0/clip/p285/mdot_air	4604374216128410851
G/0/clip/p285/mf	4579599348753671904
G/0/clip/p285/mf_sched	4582403389825004051
G/0/clip/p285/nu_hp	4605884550204685849
G/0/clip/p285/nu_lp	4605623594233492467
G/0/clip/p285/phi_hp	4606727343152741357
G/0/clip/p285/phi_lp	4605671566035129598
G/0/clip/p285/pi_hpc	4616920235106526652
G/0/clip/p285/pi_lpc	4612508005194871303
G/0/clip/p285/required	4576177875257367119
G/0/clip/p285/required_fuel	4572023251440764852
G/0/clip/p285/required_gov	4576177875257367119
G/0/clip/p285/s	4609096448641649831
G/0/clip/p285/share_law	580772045163143161
G/0/clip/p285/sp_thrust	4648094722428919048
G/0/clip/p285/v	13670273640796937000
G/0/clip/p285/v_cmd	0
G/0/clip/p285/v_regime	9087740570393753374
G/0/clip/p285/v_regime?	1
G/0/clip/p285/w_fuel?	0
G/0/clip/p285/w_gov?	0
G/0/clip/p290/Tt4	4652983135859353255
G/0/clip/p290/authority	15345845413248555367
G/0/clip/p290/b	4467833656670878307
G/0/clip/p290/b_cmd	0
G/0/clip/p290/branch	13126223303132988745
G/0/clip/p290/cap_fuel?	0
G/0/clip/p290/cap_gov?	0
G/0/clip/p290/f	4581791556550234109
G/0/clip/p290/g	4576189188804555229
G/0/clip/p290/g_fuel	4572762322607705303
G/0/clip/p290/g_gov	4576189188804555229
G/0/clip/p290/ic_iters	1
G/0/clip/p290/ic_order	16448961268219989400
G/0/clip/p290/ic_res	0
G/0/clip/p290/mdot_air	4604383863918804579
G/0/clip/p290/mf	4579610391590711881
G/0/clip/p290/mf_sched	4582403389825004051
G/0/clip/p290/nu_hp	4605888793976199153
G/0/clip/p290/nu_lp	4605629312867623093
G/0/clip/p290/phi_hp	4606730401145024473
G/0/clip/p290/phi_lp	4605677472949336297
G/0/clip/p290/pi_hpc	4616923659788623897
G/0/clip/p290/pi_lpc	4612512903546306174
G/0/clip/p290/required	4576167371798038625
G/0/clip/p290/required_fuel	4571889971600048412
G/0/clip/p290/required_gov	4576167371798038625
G/0/clip/p290/s	4609209038632334091
G/0/clip/p290/share_law	580772045163143161
G/0/clip/p290/sp_thrust	4648097141784063716
G/0/clip/p290/v	13667123489282039925
G/0/clip/p290/v_cmd	0
G/0/clip/p290/v_regime	9087740570393753374
G/0/clip/p290/v_regime?	1
G/0/clip/p290/w_fuel?	0
G/0/clip/p290/w_gov?	0
G/0/clip/p295/Tt4	4652983376736484675
G/0/clip/p295/authority	15345845413248555367
G/0/clip/p295/b	4464345600663434973
G/0/clip/p295/b_cmd	0
G/0/clip/p295/branch	13126223303132988745
G/0/clip/p295/cap_fuel?	0
G/0/clip/p295/cap_gov?	0
G/0/clip/p295/f	4581790069316155032
G/0/clip/p295/g	4576178412610767261
G/0/clip/p295/g_fuel	4572618047148617874
G/0/clip/p295/g_gov	4576178412610767261
G/0/clip/p295/ic_iters	1
G/0/clip/p295/ic_order	16448961268219989400
G/0/clip/p295/ic_res	0
G/0/clip/p295/mdot_air	4604393282931096136
G/0/clip/p295/mf	4579621167784499849
G/0/clip/p295/mf_sched	4582403389825004051
G/0/clip/p295/nu_hp	4605892940202337980
G/0/clip/p295/nu_lp	4605634880853026406
G/0/clip/p295/phi_hp	4606733389207388207
G/0/clip/p295/phi_lp	4605683246197001504
G/0/clip/p295/pi_hpc	4616927012740261536
G/0/clip/p295/pi_lpc	4612517669952159256
G/0/clip/p295/required	4576157122836245933
G/0/clip/p295/required_fuel	4571759123085507920
G/0/clip/p295/required_gov	4576157122836245933
G/0/clip/p295/s	4609321628623018351
G/0/clip/p295/share_law	580772045163143161
G/0/clip/p295/sp_thrust	4648099496582266090
G/0/clip/p295/v	13664091487696729211
G/0/clip/p295/v_cmd	0
G/0/clip/p295/v_regime	9087740570393753374
G/0/clip/p295/v_regime?	1
G/0/clip/p295/w_fuel?	0
G/0/clip/p295/w_gov?	0
G/0/clip/p30/Tt4	4652995644447773242
G/0/clip/p30/authority	9674992558986367437
G/0/clip/p30/b	4587864500880540732
G/0/clip/p30/b_cmd	4588530176030442277
G/0/clip/p30/branch	13126223303132988745
G/0/clip/p30/cap_fuel?	0
G/0/clip/p30/cap_gov?	0
G/0/clip/p30/f	4582059239540417426
G/0/clip/p30/g	4562354949460202597
G/0/clip/p30/g_fuel	4562354949460202597
G/0/clip/p30/g_gov	4554689223967161028
G/0/clip/p30/ic_iters	1
G/0/clip/p30/ic_order	16448961268219989400
G/0/clip/p30/ic_res	0
G/0/clip/p30/mdot_air	4603289240758137262
G/0/clip/p30/mf	4578423374698954429
G/0/clip/p30/mf_sched	4579012390519112010
G/0/clip/p30/nu_hp	4605343412004898453
G/0/clip/p30/nu_lp	4604957419123940214
G/0/clip/p30/phi_hp	4606303477602565827
G/0/clip/p30/phi_lp	4605350526290029984
G/0/clip/p30/pi_hpc	4616461428066739899
G/0/clip/p30/pi_lpc	4612008196179885852
G/0/clip/p30/required	4563734840291831248
G/0/clip/p30/required_fuel	4563734840291831248
G/0/clip/p30/required_gov	4562402805024251576
G/0/clip/p30/s	4594572339843380021
G/0/clip/p30/share_law	580772045163143161
G/0/clip/p30/sp_thrust	4647804569557042131
G/0/clip/p30/v	13807636751996967867
G/0/clip/p30/v_cmd	13809009970069918501
G/0/clip/p30/v_regime	10791139852042193048
G/0/clip/p30/v_regime?	1
G/0/clip/p30/w_fuel?	0
G/0/clip/p30/w_gov?	0
G/0/clip/p300/Tt4	4652983611371985547
G/0/clip/p300/authority	15345845413248555367
G/0/clip/p300/b	4461073918277548724
G/0/clip/p300/b_cmd	0
G/0/clip/p300/branch	13126223303132988745
G/0/clip/p300/cap_fuel?	0
G/0/clip/p300/cap_gov?	0
G/0/clip/p300/f	4581788618455748571
G/0/clip/p300/g	4576167897042384940
G/0/clip/p300/g_fuel	4572476023341222880
G/0/clip/p300/g_gov	4576167897042384940
G/0/clip/p300/ic_iters	1
G/0/clip/p300/ic_order	16448961268219989400
G/0/clip/p300/ic_res	0
G/0/clip/p300/mdot_air	4604402478135938422
G/0/clip/p300/mf	4579631683352882170
G/0/clip/p300/mf_sched	4582403389825004051
G/0/clip/p300/nu_hp	4605896990926962013
G/0/clip/p300/nu_lp	4605640302162871907
G/0/clip/p300/phi_hp	4606736308799814902
G/0/clip/p300/phi_lp	4605688888424821432
G/0/clip/p300/pi_hpc	4616930295180731671
G/0/clip/p300/pi_lpc	4612522307926638850
G/0/clip/p300/required	4576147122574099251
G/0/clip/p300/required_fuel	4571630684044732768
G/0/clip/p300/required_gov	4576147122574099251
G/0/clip/p300/s	4609434218613702611
G/0/clip/p300/share_law	580772045163143161
G/0/clip/p300/sp_thrust	4648101788604598730
G/0/clip/p300/v	13660583700441950202
G/0/clip/p300/v_cmd	0
G/0/clip/p300/v_regime	9087740570393753374
G/0/clip/p300/v_regime?	1
G/0/clip/p300/w_fuel?	0
G/0/clip/p300/w_gov?	0
G/0/clip/p305/Tt4	4652983839924768735
G/0/clip/p305/authority	15345845413248555367
G/0/clip/p305/b	4458064710481397654
G/0/clip/p305/b_cmd	0
G/0/clip/p305/branch	13126223303132988745
G/0/clip/p305/cap_fuel?	0
G/0/clip/p305/cap_gov?	0
G/0/clip/p305/f	4581787203112603494
G/0/clip/p305/g	4576157636191384048
G/0/clip/p305/g_fuel	4572336273623070185
G/0/clip/p305/g_gov	4576157636191384048
G/0/clip/p305/ic_iters	1
G/0/clip/p305/ic_order	16448961268219989400
G/0/clip/p305/ic_res	0
G/0/clip/p305/mdot_air	4604411454422517791
G/0/clip/p305/mf	4579641944203883062
G/0/clip/p305/mf_sched	4582403389825004051
G/0/clip/p305/nu_hp	4605900948161203849
G/0/clip/p305/nu_lp	4605645580668303002
G/0/clip/p305/phi_hp	4606739161358706487
G/0/clip/p305/phi_lp	4605694402248735582
G/0/clip/p305/pi_hpc	4616933508322247678
G/0/clip/p305/pi_lpc	4612526820897383208
G/0/clip/p305/required	4576137365322866308
G/0/clip/p305/required_fuel	4571504631618224684
G/0/clip/p305/required_gov	4576137365322866308
G/0/clip/p305/s	4609546808604386871
G/0/clip/p305/share_law	580772045163143161
G/0/clip/p305/sp_thrust	4648104019581117783
G/0/clip/p305/v	13657288082832296262
G/0/clip/p305/v_cmd	0
G/0/clip/p305/v_regime	9087740570393753374
G/0/clip/p305/v_regime?	1
G/0/clip/p305/w_fuel?	0
G/0/clip/p305/w_gov?	0
G/0/clip/p310/Tt4	4652984062550047639
G/0/clip/p310/authority	15345845413248555367
G/0/clip/p310/b	4454716966035508034
G/0/clip/p310/b_cmd	0
G/0/clip/p310/branch	13126223303132988745
G/0/clip/p310/cap_fuel?	0
G/0/clip/p310/cap_gov?	0
G/0/clip/p310/f	4581785822448546283
G/0/clip/p310/g	4576147624259171350
G/0/clip/p310/g_fuel	4572198813403482265
G/0/clip/p310/g_gov	4576147624259171350
G/0/clip/p310/ic_iters	1
G/0/clip/p310/ic_order	16448961268219989400
G/0/clip/p310/ic_res	0
G/0/clip/p310/mdot_air	4604420216598286472
G/0/clip/p310/mf	4579651956136095760
G/0/clip/p310/mf_sched	4582403389825004051
G/0/clip/p310/nu_hp	4605904813883450818
G/0/clip/p310/nu_lp	4605650720140796021
G/0/clip/p310/phi_hp	4606741948296902286
G/0/clip/p310/phi_lp	4605699790252848398
G/0/clip/p310/pi_hpc	4616936653369214664
G/0/clip/p310/pi_lpc	4612531212206991353
G/0/clip/p310/required	4576127845502348213
G/0/clip/p310/required_fuel	4571380942016943976
G/0/clip/p310/required_gov	4576127845502348213
G/0/clip/p310/s	4609659398595071131
G/0/clip/p310/share_law	580772045163143161
G/0/clip/p310/sp_thrust	4648106191192369083
G/0/clip/p310/v	13654249840128870292
G/0/clip/p310/v_cmd	0
G/0/clip/p310/v_regime	9087740570393753374
G/0/clip/p310/v_regime?	1
G/0/clip/p310/w_fuel?	0
G/0/clip/p310/w_gov?	0
G/0/clip/p315/Tt4	4652984279399395808
G/0/clip/p315/authority	15345845413248555367
G/0/clip/p315/b	4451312879467643303
G/0/clip/p315/b_cmd	0
G/0/clip/p315/branch	13126223303132988745
G/0/clip/p315/cap_fuel?	0
G/0/clip/p315/cap_gov?	0
G/0/clip/p315/f	4581784475643364565
G/0/clip/p315/g	4576137855556080530
G/0/clip/p315/g_fuel	4572063652005721599
G/0/clip/p315/g_gov	4576137855556080530
G/0/clip/p315/ic_iters	1
G/0/clip/p315/ic_order	16448961268219989400
G/0/clip/p315/ic_res	0
G/0/clip/p315/mdot_air	4604428769388815660
G/0/clip/p315/mf	4579661724839186580
G/0/clip/p315/mf_sched	4582403389825004051
G/0/clip/p315/nu_hp	4605908590039363138
G/0/clip/p315/nu_lp	4605655724254483706
G/0/clip/p315/phi_hp	4606744671003720949
G/0/clip/p315/phi_lp	4605705054988486778
G/0/clip/p315/pi_hpc	4616939731517549585
G/0/clip/p315/pi_lpc	4612535485114571944
G/0/clip/p315/required	4576118557640156764
G/0/clip/p315/required_fuel	4571259590596694052
G/0/clip/p315/required_gov	4576118557640156764
G/0/clip/p315/s	4609771988585755391
G/0/clip/p315/share_law	580772045163143161
G/0/clip/p315/sp_thrust	4648108305070848850
G/0/clip/p315/v	13650967139835080428
G/0/clip/p315/v_cmd	0
G/0/clip/p315/v_regime	9087740570393753374
G/0/clip/p315/v_regime?	1
G/0/clip/p315/w_fuel?	0
G/0/clip/p315/w_gov?	0
G/0/clip/p320/Tt4	4652984490620806827
G/0/clip/p320/authority	15345845413248555367
G/0/clip/p320/b	4448143057207058290
G/0/clip/p320/b_cmd	0
G/0/clip/p320/branch	13126223303132988745
G/0/clip/p320/cap_fuel?	0
G/0/clip/p320/cap_gov?	0
G/0/clip/p320/f	4581783161894526705
G/0/clip/p320/g	4576128324500762510
G/0/clip/p320/g_fuel	4571930793475697750
G/0/clip/p320/g_gov	4576128324500762510
G/0/clip/p320/ic_iters	1
G/0/clip/p320/ic_order	16448961268219989400
G/0/clip/p320/ic_res	0
G/0/clip/p320/mdot_air	4604437117437761641
G/0/clip/p320/mf	4579671255894504600
G/0/clip/p320/mf_sched	4582403389825004051
G/0/clip/p320/nu_hp	4605912278541926139
G/0/clip/p320/nu_lp	4605660596588442195
G/0/clip/p320/phi_hp	4606747330845024791
G/0/clip/p320/phi_lp	4605710198973378411
G/0/clip/p320/pi_hpc	4616942743954048629
G/0/clip/p320/pi_lpc	4612539642797306687
G/0/clip/p320/required	4576109496370900952
G/0/clip/p320/required_fuel	4571127482077917656
G/0/clip/p320/required_gov	4576109496370900952
G/0/clip/p320/s	4609884578576439651
G/0/clip/p320/share_law	580772045163143161
G/0/clip/p320/sp_thrust	4648110362802420798
G/0/clip/p320/v	13647541690556938940
G/0/clip/p320/v_cmd	0
G/0/clip/p320/v_regime	9087740570393753374
G/0/clip/p320/v_regime?	1
G/0/clip/p320/w_fuel?	0
G/0/clip/p320/w_gov?	0
G/0/clip/p325/Tt4	4652984696358754535
G/0/clip/p325/authority	15345845413248555367
G/0/clip/p325/b	4445155122129772827
G/0/clip/p325/b_cmd	0
G/0/clip/p325/branch	13126223303132988745
G/0/clip/p325/cap_fuel?	0
G/0/clip/p325/cap_gov?	0
G/0/clip/p325/f	4581781880416898436
G/0/clip/p325/g	4576119025619477525
G/0/clip/p325/g_fuel	4571800237277247323
G/0/clip/p325/g_gov	4576119025619477525
G/0/clip/p325/ic_iters	1
G/0/clip/p325/ic_order	16448961268219989400
G/0/clip/p325/ic_res	0
G/0/clip/p325/mdot_air	4604445265306937832
G/0/clip/p325/mf	4579680554775789585
G/0/clip/p325/mf_sched	4582403389825004051
G/0/clip/p325/nu_hp	4605915881271534399
G/0/clip/p325/nu_lp	4605665340628940731
G/0/clip/p325/phi_hp	4606749929163305049
G/0/clip/p325/phi_lp	4605715224690939572
G/0/clip/p325/pi_hpc	4616945691855799866
G/0/clip/p325/pi_lpc	4612543688352024844
G/0/clip/p325/required	4576100656435289901
G/0/clip/p325/required_fuel	4570893977962909080
G/0/clip/p325/required_gov	4576100656435289901
G/0/clip/p325/s	4609997168567123911
G/0/clip/p325/share_law	580772045163143161
G/0/clip/p325/sp_thrust	4648112365927690994
G/0/clip/p325/v	13644345954007101972
G/0/clip/p325/v_cmd	0
G/0/clip/p325/v_regime	9087740570393753374
G/0/clip/p325/v_regime?	1
G/0/clip/p325/w_fuel?	0
G/0/clip/p325/w_gov?	0
G/0/clip/p330/Tt4	4652984896754253784
G/0/clip/p330/authority	15345845413248555367
G/0/clip/p330/b	4441632861936021409
G/0/clip/p330/b_cmd	0
G/0/clip/p330/branch	13126223303132988745
G/0/clip/p330/cap_fuel?	0
G/0/clip/p330/cap_gov?	0
G/0/clip/p330/f	4581780630442457700
G/0/clip/p330/g	4576109953545296283
G/0/clip/p330/g_fuel	4571671978890958253
G/0/clip/p330/g_gov	4576109953545296283
G/0/clip/p330/ic_iters	1
G/0/clip/p330/ic_order	16448961268219989400
G/0/clip/p330/ic_res	0
G/0/clip/p330/mdot_air	4604453217476485169
G/0/clip/p330/mf	4579689626849970827
G/0/clip/p330/mf_sched	4582403389825004051
G/0/clip/p330/nu_hp	4605919400076105704
G/0/clip/p330/nu_lp	4605669959771653500
G/0/clip/p330/phi_hp	4606752467277786328
G/0/clip/p330/phi_lp	4605720134589662693
G/0/clip/p330/pi_hpc	4616948576389639129
G/0/clip/p330/pi_lpc	4612547624796785308
G/0/clip/p330/required	4576092032679159424
G/0/clip/p330/required_fuel	4570664993481143960
G/0/clip/p330/required_gov	4576092032679159424
G/0/clip/p330/s	4610109758557808171
G/0/clip/p330/share_law	580772045163143161
G/0/clip/p330/sp_thrust	4648114315943342012
G/0/clip/p330/v	13641416072256996177
G/0/clip/p330/v_cmd	0
G/0/clip/p330/v_regime	9087740570393753374
G/0/clip/p330/v_regime?	1
G/0/clip/p330/w_fuel?	0
G/0/clip/p330/w_gov?	0
G/0/clip/p335/Tt4	4652985091944921686
G/0/clip/p335/authority	15345845413248555367
G/0/clip/p335/b	4438319687755969893
G/0/clip/p335/b_cmd	0
G/0/clip/p335/branch	13126223303132988745
G/0/clip/p335/cap_fuel?	0
G/0/clip/p335/cap_gov?	0
G/0/clip/p335/f	4581779411220008304
G/0/clip/p335/g	4576101103017217410
G/0/clip/p335/g_fuel	4571546010330915497
G/0/clip/p335/g_gov	4576101103017217410
G/0/clip/p335/ic_iters	1
G/0/clip/p335/ic_order	16448961268219989400
G/0/clip/p335/ic_res	0
G/0/clip/p335/mdot_air	4604460978345134355
G/0/clip/p335/mf	4579698477378049700
G/0/clip/p335/mf_sched	4582403389825004051
G/0/clip/p335/nu_hp	4605922836771222832
G/0/clip/p335/nu_lp	4605674457323833106
G/0/clip/p335/phi_hp	4606754946484549014
G/0/clip/p335/phi_lp	4605724931082595959
G/0/clip/p335/pi_hpc	4616951398711647446
G/0/clip/p335/pi_lpc	4612551455072462873
G/0/clip/p335/required	4576083620052429109
G/0/clip/p335/required_fuel	4570440473872633544
G/0/clip/p335/required_gov	4576083620052429109
G/0/clip/p335/s	4610222348548492431
G/0/clip/p335/share_law	580772045163143161
G/0/clip/p335/sp_thrust	4648116214303427530
G/0/clip/p335/v	13637874745377476622
G/0/clip/p335/v_cmd	0
G/0/clip/p335/v_regime	9087740570393753374
G/0/clip/p335/v_regime?	1
G/0/clip/p335/w_fuel?	0
G/0/clip/p335/w_gov?	0
G/0/clip/p340/Tt4	4652985282065039273
G/0/clip/p340/authority	15345845413248555367
G/0/clip/p340/b	4435260147846446898
G/0/clip/p340/b_cmd	0
G/0/clip/p340/branch	13126223303132988745
G/0/clip/p340/cap_fuel?	0
G/0/clip/p340/cap_gov?	0
G/0/clip/p340/f	4581778222014893031
G/0/clip/p340/g	4576092468879208148
G/0/clip/p340/g_fuel	4571422320591548017
G/0/clip/p340/g_gov	4576092468879208148
G/0/clip/p340/ic_iters	1
G/0/clip/p340/ic_order	16448961268219989400
G/0/clip/p340/ic_res	0
G/0/clip/p340/mdot_air	4604468552230552753
G/0/clip/p340/mf	4579707111516058962
G/0/clip/p340/mf_sched	4582403389825004051
G/0/clip/p340/nu_hp	4605926193140301295
G/0/clip/p340/nu_lp	4605678836506445345
G/0/clip/p340/phi_hp	4606757368056668446
G/0/clip/p340/phi_lp	4605729616546907989
G/0/clip/p340/pi_hpc	4616954159966687944
G/0/clip/p340/pi_lpc	4612555182044335452
G/0/clip/p340/required	4576075413607996378
G/0/clip/p340/required_fuel	4570220363323805088
G/0/clip/p340/required_gov	4576075413607996378
G/0/clip/p340/s	4610334938539176691
G/0/clip/p340/share_law	580772045163143161
G/0/clip/p340/sp_thrust	4648118062420628497
G/0/clip/p340/v	13634538442127954494
G/0/clip/p340/v_cmd	0
G/0/clip/p340/v_regime	9087740570393753374
G/0/clip/p340/v_regime?	1
G/0/clip/p340/w_fuel?	0
G/0/clip/p340/w_gov?	0
G/0/clip/p35/Tt4	4653142102208585027
G/0/clip/p35/authority	9674992558986367437
G/0/clip/p35/b	4588173641323723809
G/0/clip/p35/b_cmd	4588744243506812047
G/0/clip/p35/branch	13126223303132988745
G/0/clip/p35/cap_fuel?	0
G/0/clip/p35/cap_gov?	0
G/0/clip/p35/f	4582337227762870076
G/0/clip/p35/g	4563003201696311008
G/0/clip/p35/g_fuel	4563003201696311008
G/0/clip/p35/g_gov	4559944426933876246
G/0/clip/p35/ic_iters	1
G/0/clip/p35/ic_order	16448961268219989400
G/0/clip/p35/ic_res	0
G/0/clip/p35/mdot_air	4603293083118858487
G/0/clip/p35/mf	4578744740890519568
G/0/clip/p35/mf_sched	4579414788240190700
G/0/clip/p35/nu_hp	4605360947192168621
G/0/clip/p35/nu_lp	4604973897874811143
G/0/clip/p35/phi_hp	4606255065034707261
G/0/clip/p35/phi_lp	4605354783251407379
G/0/clip/p35/pi_hpc	4616505382801322505
G/0/clip/p35/pi_lpc	4612038257269237473
G/0/clip/p35/required	4565269093361823368
G/0/clip/p35/required_fuel	4564214408808741304
G/0/clip/p35/required_gov	4565269093361823368
G/0/clip/p35/s	4595473059768854121
G/0/clip/p35/share_law	580772045163143161
G/0/clip/p35/sp_thrust	4647934406419475117
G/0/clip/p35/v	13808380448704074127
G/0/clip/p35/v_cmd	13809382046484694139
G/0/clip/p35/v_regime	10791139852042193048
G/0/clip/p35/v_regime?	1
G/0/clip/p35/w_fuel?	0
G/0/clip/p35/w_gov?	0
G/0/clip/p40/Tt4	4653290672185769710
G/0/clip/p40/authority	9674992558986367437
G/0/clip/p40/b	4588434828037729570
G/0/clip/p40/b_cmd	4588908711453775809
G/0/clip/p40/branch	13126223303132988745
G/0/clip/p40/cap_fuel?	0
G/0/clip/p40/cap_gov?	0
G/0/clip/p40/f	4582619292901968005
G/0/clip/p40/g	4563564189516565425
G/0/clip/p40/g_fuel	4563564189516565425
G/0/clip/p40/g_gov	4563312031449223341
G/0/clip/p40/ic_iters	1
G/0/clip/p40/ic_order	16448961268219989400
G/0/clip/p40/ic_res	0
G/0/clip/p40/mdot_air	4603300675580197759
G/0/clip/p40/mf	4579077015134066457
G/0/clip/p40/mf_sched	4579817185961269391
G/0/clip/p40/nu_hp	4605381037454341329
G/0/clip/p40/nu_lp	4604992916632092742
G/0/clip/p40/phi_hp	4606209596688314830
G/0/clip/p40/phi_lp	4605359162668795690
G/0/clip/p40/pi_hpc	4616552161187722842
G/0/clip/p40/pi_lpc	4612068858623505981
G/0/clip/p40/required	4567376127479422992
G/0/clip/p40/required_fuel	4564594918494946760
G/0/clip/p40/required_gov	4567376127479422992
G/0/clip/p40/s	4596373779694328221
G/0/clip/p40/share_law	580772045163143161
G/0/clip/p40/sp_thrust	4648065967895111167
G/0/clip/p40/v	13808837842377204461
G/0/clip/p40/v_cmd	13809665519911765089
G/0/clip/p40/v_regime	10791139852042193048
G/0/clip/p40/v_regime?	1
G/0/clip/p40/w_fuel?	0
G/0/clip/p40/w_gov?	0
G/0/clip/p45/Tt4	4653328037380683216
G/0/clip/p45/authority	15345845413248555367
G/0/clip/p45/b	4588521676471141878
G/0/clip/p45/b_cmd	4588391993814697291
G/0/clip/p45/branch	13126223303132988745
G/0/clip/p45/cap_fuel?	0
G/0/clip/p45/cap_gov?	0
G/0/clip/p45/f	4582683291703407115
G/0/clip/p45/g	4565800566322232489
G/0/clip/p45/g_fuel	4564119854281108868
G/0/clip/p45/g_gov	4565800566322232489
G/0/clip/p45/ic_iters	1
G/0/clip/p45/ic_order	16448961268219989400
G/0/clip/p45/ic_res	0
G/0/clip/p45/mdot_air	4603332734320802581
G/0/clip/p45/mf	4579199865754436765
G/0/clip/p45/mf_sched	4580190202359071257
G/0/clip/p45/nu_hp	4605402734306622650
G/0/clip/p45/nu_lp	4605013501849757236
G/0/clip/p45/phi_hp	4606211794616217519
G/0/clip/p45/phi_lp	4605386946558978804
G/0/clip/p45/pi_hpc	4616579461659323718
G/0/clip/p45/pi_lpc	4612089409831420164
G/0/clip/p45/required	4568798651021764612
G/0/clip/p45/required_fuel	4565513904459466376
G/0/clip/p45/required_gov	4568798651021764612
G/0/clip/p45/s	4597274499619802321
G/0/clip/p45/share_law	580772045163143161
G/0/clip/p45/sp_thrust	4648108904262511770
G/0/clip/p45/v	13808989369885758206
G/0/clip/p45/v_cmd	13808764385209978218
G/0/clip/p45/v_regime	10791139852042193048
G/0/clip/p45/v_regime?	1
G/0/clip/p45/w_fuel?	0
G/0/clip/p45/w_gov?	0
G/0/clip/p5/Tt4	4652285561530013106
G/0/clip/p5/authority	9674992558986367437
G/0/clip/p5/b	4585711836964745115
G/0/clip/p5/b_cmd	4586569465989534542
G/0/clip/p5/branch	13126223303132988745
G/0/clip/p5/cap_fuel?	0
G/0/clip/p5/cap_gov?	0
G/0/clip/p5/f	4580711972487463424
G/0/clip/p5/g	4547682885109376096
G/0/clip/p5/g_fuel	4547682885109376096
G/0/clip/p5/g_gov	0
G/0/clip/p5/ic_iters	1
G/0/clip/p5/ic_order	16448961268219989400
G/0/clip/p5/ic_res	0
G/0/clip/p5/mdot_air	4603328423981367690
G/0/clip/p5/mf	4576937476439344214
G/0/clip/p5/mf_sched	4577000401913718559
G/0/clip/p5/nu_hp	4605294056560799593
G/0/clip/p5/nu_lp	4604910465218180918
G/0/clip/p5/phi_hp	4606594276743823817
G/0/clip/p5/phi_lp	4605342798771032808
G/0/clip/p5/pi_hpc	4616277938275722247
G/0/clip/p5/pi_lpc	4611865702896154987
G/0/clip/p5/required	4557028858044442848
G/0/clip/p5/required_fuel	4557028858044442848
G/0/clip/p5/required_gov	0
G/0/clip/p5/s	4582862980812216730
G/0/clip/p5/share_law	580772045163143161
G/0/clip/p5/sp_thrust	4646631299344209636
G/0/clip/p5/v	13793274770442988790
G/0/clip/p5/v_cmd	13802566602004480878
G/0/clip/p5/v_regime	10791139852042193048
G/0/clip/p5/v_regime?	1
G/0/clip/p5/w_fuel?	0
G/0/clip/p5/w_gov?	0
G/0/clip/p50/Tt4	4653342253365972236
G/0/clip/p50/authority	15345845413248555367
G/0/clip/p50/b	4588368407200091671
G/0/clip/p50/b_cmd	4587926930437718307
G/0/clip/p50/branch	13126223303132988745
G/0/clip/p50/cap_fuel?	0
G/0/clip/p50/cap_gov?	0
G/0/clip/p50/f	4582703035947379042
G/0/clip/p50/g	4567546120505262909
G/0/clip/p50/g_fuel	4565060120138507948
G/0/clip/p50/g_gov	4567546120505262909
G/0/clip/p50/ic_iters	1
G/0/clip/p50/ic_order	16448961268219989400
G/0/clip/p50/ic_res	0
G/0/clip/p50/mdot_air	4603364425308996948
G/0/clip/p50/mf	4579272056908689157
G/0/clip/p50/mf_sched	4580391401219610602
G/0/clip/p50/nu_hp	4605424393146127642
G/0/clip/p50/nu_lp	4605034180305967985
G/0/clip/p50/phi_hp	4606223777519683825
G/0/clip/p50/phi_lp	4605401226032010002
G/0/clip/p50/pi_hpc	4616604620257681953
G/0/clip/p50/pi_lpc	4612100852857787750
G/0/clip/p50/required	4570248271004082064
G/0/clip/p50/required_fuel	4567052590093634048
G/0/clip/p50/required_gov	4570248271004082064
G/0/clip/p50/s	4598175219545276418
G/0/clip/p50/share_law	580772045163143161
G/0/clip/p50/sp_thrust	4648131592243203701
G/0/clip/p50/v	13808724548997736749
G/0/clip/p50/v_cmd	13807891527287854565
G/0/clip/p50/v_regime	10791139852042193048
G/0/clip/p50/v_regime?	1
G/0/clip/p50/w_fuel?	0
G/0/clip/p50/w_gov?	0
G/0/clip/p55/Tt4	4653351075915829814
G/0/clip/p55/authority	15345845413248555367
G/0/clip/p55/b	4588107917582219179
G/0/clip/p55/b_cmd	4587525406524213325
G/0/clip/p55/branch	13126223303132988745
G/0/clip/p55/cap_fuel?	0
G/0/clip/p55/cap_gov?	0
G/0/clip/p55/f	4582712751645314007
G/0/clip/p55/g	4568920555240780493
G/0/clip/p55/g_fuel	4566507787585057302
G/0/clip/p55/g_gov	4568920555240780493
G/0/clip/p55/ic_iters	1
G/0/clip/p55/ic_order	16448961268219989400
G/0/clip/p55/ic_res	0
G/0/clip/p55/mdot_air	4603394805099474040
G/0/clip/p55/mf	4579330845945888451
G/0/clip/p55/mf_sched	4580592600080149947
G/0/clip/p55/nu_hp	4605445862691022282
G/0/clip/p55/nu_lp	4605055096459910620
G/0/clip/p55/phi_hp	4606237951478364660
G/0/clip/p55/phi_lp	4605407571032790111
G/0/clip/p55/pi_hpc	4616629577460589008
G/0/clip/p55/pi_lpc	4612108690774369013
G/0/clip/p55/required	4571431932723423948
G/0/clip/p55/required_fuel	4568263147082093168
G/0/clip/p55/required_gov	4571431932723423948
G/0/clip/p55/s	4598625579508013468
G/0/clip/p55/share_law	580772045163143161
G/0/clip/p55/sp_thrust	4648149075460632238
G/0/clip/p55/v	13808277450837616033
G/0/clip/p55/v_cmd	13806525637145162239
G/0/clip/p55/v_regime	10791139852042193048
G/0/clip/p55/v_regime?	1
G/0/clip/p55/w_fuel?	0
G/0/clip/p55/w_gov?	0
G/0/clip/p60/Tt4	4653356025290665862
G/0/clip/p60/authority	15345845413248555367
G/0/clip/p60/b	4587798236311276373
G/0/clip/p60/b_cmd	4587150396438798406
G/0/clip/p60/branch	13126223303132988745
G/0/clip/p60/cap_fuel?	0
G/0/clip/p60/cap_gov?	0
G/0/clip/p60/f	4582715137421941781
G/0/clip/p60/g	4570330862742540147
G/0/clip/p60/g_fuel	4567522290666783006
G/0/clip/p60/g_gov	4570330862742540147
G/0/clip/p60/ic_iters	1
G/0/clip/p60/ic_order	16448961268219989400
G/0/clip/p60/ic_res	0
G/0/clip/p60/mdot_air	4603424831013104398
G/0/clip/p60/mf	4579380666791527227
G/0/clip/p60/mf_sched	4580793798940689292
G/0/clip/p60/nu_hp	4605467049364105024
G/0/clip/p60/nu_lp	4605076272877073140
G/0/clip/p60/phi_hp	4606253506643756512
G/0/clip/p60/phi_lp	4605410400118321363
G/0/clip/p60/pi_hpc	4616653873432401602
G/0/clip/p60/pi_lpc	4612115002326622687
G/0/clip/p60/required	4572165978249839970
G/0/clip/p60/required_fuel	4569593512816066912
G/0/clip/p60/required_gov	4572165978249839970
G/0/clip/p60/s	4599075939470750518
G/0/clip/p60/share_law	580772045163143161
G/0/clip/p60/sp_thrust	4648162994114114275
G/0/clip/p60/v	13807462867658884196
G/0/clip/p60/v_cmd	13805262452374914372
G/0/clip/p60/v_regime	10791139852042193048
G/0/clip/p60/v_regime?	1
G/0/clip/p60/w_fuel?	0
G/0/clip/p60/w_gov?	0
G/0/clip/p65/Tt4	4653358384760340580
G/0/clip/p65/authority	15345845413248555367
G/0/clip/p65/b	4587466055748873138
G/0/clip/p65/b_cmd	4586789407441220478
G/0/clip/p65/branch	13126223303132988745
G/0/clip/p65/cap_fuel?	0
G/0/clip/p65/cap_gov?	0
G/0/clip/p65/f	4582712595266660173
G/0/clip/p65/g	4571459158462758325
G/0/clip/p65/g_fuel	4568632921495784215
G/0/clip/p65/g_gov	4571459158462758325
G/0/clip/p65/ic_iters	1
G/0/clip/p65/ic_order	16448961268219989400
G/0/clip/p65/ic_res	0
G/0/clip/p65/mdot_air	4603454770147545073
G/0/clip/p65/mf	4579424606412125154
G/0/clip/p65/mf_sched	4580994997801228638
G/0/clip/p65/nu_hp	4605487892126714597
G/0/clip/p65/nu_lp	4605097686838519120
G/0/clip/p65/phi_hp	4606269821678072672
G/0/clip/p65/phi_lp	4605411541357167996
G/0/clip/p65/pi_hpc	4616677396661072942
G/0/clip/p65/pi_lpc	4612120744608881792
G/0/clip/p65/required	4572901742794200048
G/0/clip/p65/required_fuel	4570988493221910884
G/0/clip/p65/required_gov	4572901742794200048
G/0/clip/p65/s	4599526299433487568
G/0/clip/p65/share_law	580772045163143161
G/0/clip/p65/sp_thrust	4648174545669196100
G/0/clip/p65/v	13806338700568582580
G/0/clip/p65/v_cmd	13804057003835660367
G/0/clip/p65/v_regime	10791139852042193048
G/0/clip/p65/v_regime?	1
G/0/clip/p65/w_fuel?	0
G/0/clip/p65/w_gov?	0
G/0/clip/p70/Tt4	4653359076125231290
G/0/clip/p70/authority	15345845413248555367
G/0/clip/p70/b	4587124711958325407
G/0/clip/p70/b_cmd	4586438272244081079
G/0/clip/p70/branch	13126223303132988745
G/0/clip/p70/cap_fuel?	0
G/0/clip/p70/cap_gov?	0
G/0/clip/p70/f	4582706883742967444
G/0/clip/p70/g	4572183739103884156
G/0/clip/p70/g_fuel	4569863967556183604
G/0/clip/p70/g_gov	4572183739103884156
G/0/clip/p70/ic_iters	1
G/0/clip/p70/ic_order	16448961268219989400
G/0/clip/p70/ic_res	0
G/0/clip/p70/mdot_air	4603484669728881985
G/0/clip/p70/mf	4579464713812640926
G/0/clip/p70/mf_sched	4581196196661767982
G/0/clip/p70/nu_hp	4605508353907200449
G/0/clip/p70/nu_lp	4605119304639744028
G/0/clip/p70/phi_hp	4606286469421508890
G/0/clip/p70/phi_lp	4605411812079473302
G/0/clip/p70/pi_hpc	4616700144428554562
G/0/clip/p70/pi_lpc	4612126388155044260
G/0/clip/p70/required	4573638608928192192
G/0/clip/p70/required_fuel	4571787082002471860
G/0/clip/p70/required_gov	4573638608928192192
G/0/clip/p70/s	4599976659396224618
G/0/clip/p70/share_law	580772045163143161
G/0/clip/p70/sp_thrust	4648184541443022904
G/0/clip/p70/v	13805191842235778121
G/0/clip/p70/v_cmd	13802254846968745628
G/0/clip/p70/v_regime	10791139852042193048
G/0/clip/p70/v_regime?	1
G/0/clip/p70/w_fuel?	0
G/0/clip/p70/w_gov?	0
G/0/clip/p75/Tt4	4653358719061999109
G/0/clip/p75/authority	15345845413248555367
G/0/clip/p75/b	4586781342658344371
G/0/clip/p75/b_cmd	4586095595716283726
G/0/clip/p75/branch	13126223303132988745
G/0/clip/p75/cap_fuel?	0
G/0/clip/p75/cap_gov?	0
G/0/clip/p75/f	4582699195813671359
G/0/clip/p75/g	4572913330850806505
G/0/clip/p75/g_fuel	4571166408463181935
G/0/clip/p75/g_gov	4572913330850806505
G/0/clip/p75/ic_iters	1
G/0/clip/p75/ic_order	16448961268219989400
G/0/clip/p75/ic_res	0
G/0/clip/p75/mdot_air	4603514513964665449
G/0/clip/p75/mf	4579502315660258444
G/0/clip/p75/mf_sched	4581397395522307328
G/0/clip/p75/nu_hp	4605528413900695534
G/0/clip/p75/nu_lp	4605141092207628875
G/0/clip/p75/phi_hp	4606303170981813096
G/0/clip/p75/phi_lp	4605411610288689811
G/0/clip/p75/pi_hpc	4616722143407909590
G/0/clip/p75/pi_lpc	4612132174770109066
G/0/clip/p75/required	4574376274709653394
G/0/clip/p75/required_fuel	4572514226807916828
G/0/clip/p75/required_gov	4574376274709653394
G/0/clip/p75/s	4600427019358961668
G/0/clip/p75/share_law	580772045163143161
G/0/clip/p75/sp_thrust	4648193511828579240
G/0/clip/p75/v	13804046503565394939
G/0/clip/p75/v_cmd	13800001970549217013
G/0/clip/p75/v_regime	10791139852042193048
G/0/clip/p75/v_regime?	1
G/0/clip/p75/w_fuel?	0
G/0/clip/p75/w_gov?	0
G/0/clip/p80/Tt4	4653357716967549454
G/0/clip/p80/authority	15345845413248555367
G/0/clip/p80/b	4586439950984396963
G/0/clip/p80/b_cmd	4585760874397889336
G/0/clip/p80/branch	13126223303132988745
G/0/clip/p80/cap_fuel?	0
G/0/clip/p80/cap_gov?	0
G/0/clip/p80/f	4582690312182821390
G/0/clip/p80/g	4573646240773717935
G/0/clip/p80/g_fuel	4571852952391136336
G/0/clip/p80/g_gov	4573646240773717935
G/0/clip/p80/ic_iters	1
G/0/clip/p80/ic_order	16448961268219989400
G/0/clip/p80/ic_res	0
G/0/clip/p80/mdot_air	4603544273870541793
G/0/clip/p80/mf	4579538258419881418
G/0/clip/p80/mf_sched	4581598594382846673
G/0/clip/p80/nu_hp	4605548061909382616
G/0/clip/p80/nu_lp	4605163017897884582
G/0/clip/p80/phi_hp	4606319749728474418
G/0/clip/p80/phi_lp	4605411145477767049
G/0/clip/p80/pi_hpc	4616743424842439760
G/0/clip/p80/pi_lpc	4612138229809608878
G/0/clip/p80/required	4575114587528372000
G/0/clip/p80/required_fuel	4573248262245960974
G/0/clip/p80/required_gov	4575114587528372000
G/0/clip/p80/s	4600877379321698718
G/0/clip/p80/share_law	580772045163143161
G/0/clip/p80/sp_thrust	4648201797122705749
G/0/clip/p80/v	13802299086790083553
G/0/clip/p80/v_cmd	13796606292335307689
G/0/clip/p80/v_regime	10791139852042193048
G/0/clip/p80/v_regime?	1
G/0/clip/p80/w_fuel?	0
G/0/clip/p80/w_gov?	0
G/0/clip/p85/Tt4	4653356327973237868
G/0/clip/p85/authority	15345845413248555367
G/0/clip/p85/b	4586102834595659674
G/0/clip/p85/b_cmd	4585433872590677536
G/0/clip/p85/branch	13126223303132988745
G/0/clip/p85/cap_fuel?	0
G/0/clip/p85/cap_gov?	0
G/0/clip/p85/f	4582680734362497977
G/0/clip/p85/g	4574381399826650383
G/0/clip/p85/g_fuel	4572559178937812540
G/0/clip/p85/g_gov	4574381399826650383
G/0/clip/p85/ic_iters	1
G/0/clip/p85/ic_order	16448961268219989400
G/0/clip/p85/ic_res	0
G/0/clip/p85/mdot_air	4603573921576366235
G/0/clip/p85/mf	4579573076614493884
G/0/clip/p85/mf_sched	4581799793243386018
G/0/clip/p85/nu_hp	4605567294494354532
G/0/clip/p85/nu_lp	4605185052871066667
G/0/clip/p85/phi_hp	4606336096435438428
G/0/clip/p85/phi_lp	4605410534718757910
G/0/clip/p85/pi_hpc	4616764017768754941
G/0/clip/p85/pi_lpc	4612144615389494015
G/0/clip/p85/required	4575755346224287375
G/0/clip/p85/required_fuel	4573986680181666234
G/0/clip/p85/required_gov	4575755346224287375
G/0/clip/p85/s	4601327739284435768
G/0/clip/p85/share_law	580772045163143161
G/0/clip/p85/sp_thrust	4648209613354082588
G/0/clip/p85/v	13800082394997658733
G/0/clip/p85/v_cmd	13790213926440256425
G/0/clip/p85/v_regime	10791139852042193048
G/0/clip/p85/v_regime?	1
G/0/clip/p85/w_fuel?	0
G/0/clip/p85/w_gov?	0
G/0/clip/p90/Tt4	4653354478789847777
G/0/clip/p90/authority	15345845413248555367
G/0/clip/p90/b	4585770354661293260
G/0/clip/p90/b_cmd	4585100807042743798
G/0/clip/p90/branch	13126223303132988745
G/0/clip/p90/cap_fuel?	0
G/0/clip/p90/cap_gov?	0
G/0/clip/p90/f	4582670221799987519
G/0/clip/p90/g	4575118074401256547
G/0/clip/p90/g_fuel	4573278176720963125
G/0/clip/p90/g_gov	4575118074401256547
G/0/clip/p90/ic_iters	1
G/0/clip/p90/ic_order	16448961268219989400
G/0/clip/p90/ic_res	0
G/0/clip/p90/mdot_air	4603603887174213598
G/0/clip/p90/mf	4579607137048269494
G/0/clip/p90/mf_sched	4582000992103925364
G/0/clip/p90/nu_hp	4605586111870488048
G/0/clip/p90/nu_lp	4605207167444995519
G/0/clip/p90/phi_hp	4606352204886762610
G/0/clip/p90/phi_lp	4605410404335648695
G/0/clip/p90/pi_hpc	4616783699350171107
G/0/clip/p90/pi_lpc	4612151901697557080
G/0/clip/p90/required	4576124593952479197
G/0/clip/p90/required_fuel	4574720352908261480
G/0/clip/p90/required_gov	4576124593952479197
G/0/clip/p90/s	4601778099247172818
G/0/clip/p90/share_law	580772045163143161
G/0/clip/p90/sp_thrust	4648217028796165910
G/0/clip/p90/v	13796985609450700198
G/0/clip/p90/v_cmd	0
G/0/clip/p90/v_regime	9087740570393753374
G/0/clip/p90/v_regime?	1
G/0/clip/p90/w_fuel?	0
G/0/clip/p90/w_gov?	0
G/0/clip/p95/Tt4	4653351076308413287
G/0/clip/p95/authority	15345845413248555367
G/0/clip/p95/b	4585419561890140423
G/0/clip/p95/b_cmd	4584677974270694716
G/0/clip/p95/branch	13126223303132988745
G/0/clip/p95/cap_fuel?	0
G/0/clip/p95/cap_gov?	0
G/0/clip/p95/f	4582656017061549759
G/0/clip/p95/g	4575755714376913925
G/0/clip/p95/g_fuel	4573993711180610814
G/0/clip/p95/g_gov	4575755714376913925
G/0/clip/p95/ic_iters	1
G/0/clip/p95/ic_order	16448961268219989400
G/0/clip/p95/ic_res	0
G/0/clip/p95/mdot_air	4603636996728406288
G/0/clip/p95/mf	4579641468297274499
G/0/clip/p95/mf_sched	4582202190964464708
G/0/clip/p95/nu_hp	4605604502899404905
G/0/clip/p95/nu_lp	4605229247820219567
G/0/clip/p95/phi_hp	4606368275922070891
G/0/clip/p95/phi_lp	4605413414170547478
G/0/clip/p95/pi_hpc	4616800927529485757
G/0/clip/p95/pi_lpc	4612163627203101384
G/0/clip/p95/required	4576490685112437017
G/0/clip/p95/required_fuel	4575410663367610152
G/0/clip/p95/required_gov	4576490685112437017
G/0/clip/p95/s	4602228459209909868
G/0/clip/p95/share_law	580772045163143161
G/0/clip/p95/sp_thrust	4648223936130925170
G/0/clip/p95/v	13793965676894362346
G/0/clip/p95/v_cmd	0
G/0/clip/p95/v_regime	9087740570393753374
G/0/clip/p95/v_regime?	1
G/0/clip/p95/w_fuel?	0
G/0/clip/p95/w_gov?	0
G/0/clip/phi_lim	4605380978949069210
G/0/demand-latched/col/Tt4/last	4652007308841189376
G/0/demand-latched/col/Tt4/max	4652007308841189383
G/0/demand-latched/col/Tt4/min	4652007308841189369
G/0/demand-latched/col/Tt4/n	341
G/0/demand-latched/col/b/last	4585439236324657509
G/0/demand-latched/col/b/max	4585439236324657524
G/0/demand-latched/col/b/min	4585439236324657465
G/0/demand-latched/col/b/n	341
G/0/demand-latched/col/b_cmd/last	4585439236324657506
G/0/demand-latched/col/b_cmd/max	4585439236324657544
G/0/demand-latched/col/b_cmd/min	4585439236324657379
G/0/demand-latched/col/b_cmd/n	341
G/0/demand-latched/col/cap_fuel/last	4576598004192639862
G/0/demand-latched/col/cap_fuel/max	4576598004192639893
G/0/demand-latched/col/cap_fuel/min	4576598004192639851
G/0/demand-latched/col/cap_fuel/n	341
G/0/demand-latched/col/cap_gov/last	4578248897747917313
G/0/demand-latched/col/cap_gov/max	4578248897747917322
G/0/demand-latched/col/cap_gov/min	4576598004192639869
G/0/demand-latched/col/cap_gov/n	341
G/0/demand-latched/col/f/last	4580382169689562671
G/0/demand-latched/col/f/max	4580382169689562674
G/0/demand-latched/col/f/min	4580382169689562665
G/0/demand-latched/col/f/n	341
G/0/demand-latched/col/g/last	4579201576202627243
G/0/demand-latched/col/g/max	4579201576202627243
G/0/demand-latched/col/g/min	0
G/0/demand-latched/col/g/n	341
G/0/demand-latched/col/g_fuel/last	4579201576202627243
G/0/demand-latched/col/g_fuel/max	4579201576202627243
G/0/demand-latched/col/g_fuel/min	0
G/0/demand-latched/col/g_fuel/n	341
G/0/demand-latched/col/g_gov/last	4577550682647349807
G/0/demand-latched/col/g_gov/max	4577550930201610362
G/0/demand-latched/col/g_gov/min	0
G/0/demand-latched/col/g_gov/n	341
G/0/demand-latched/col/ic_res/last	0
G/0/demand-latched/col/ic_res/max	0
G/0/demand-latched/col/ic_res/min	0
G/0/demand-latched/col/ic_res/n	341
G/0/demand-latched/col/mdot_air/last	4603364550124398403
G/0/demand-latched/col/mdot_air/max	4603364550124398413
G/0/demand-latched/col/mdot_air/min	4603364550124398400
G/0/demand-latched/col/mdot_air/n	341
G/0/demand-latched/col/mf/last	4576598004192639867
G/0/demand-latched/col/mf/max	4576598004192639870
G/0/demand-latched/col/mf/min	4576598004192639863
G/0/demand-latched/col/mf/n	341
G/0/demand-latched/col/mf_sched/last	4582403389825004051
G/0/demand-latched/col/mf_sched/max	4582403389825004051
G/0/demand-latched/col/mf_sched/min	4576598004192639869
G/0/demand-latched/col/mf_sched/n	341
G/0/demand-latched/col/nu_hp/last	4605292294839495533
G/0/demand-latched/col/nu_hp/max	4605292294839495533
G/0/demand-latched/col/nu_hp/min	4605292294839495533
G/0/demand-latched/col/nu_hp/n	341
G/0/demand-latched/col/nu_lp/last	4604908498284992449
G/0/demand-latched/col/nu_lp/max	4604908498284992449
G/0/demand-latched/col/nu_lp/min	4604908498284992449
G/0/demand-latched/col/nu_lp/n	341
G/0/demand-latched/col/phi_hp/last	4606680258087474445
G/0/demand-latched/col/phi_hp/max	4606680258087474449
G/0/demand-latched/col/phi_hp/min	4606680258087474438
G/0/demand-latched/col/phi_hp/n	341
G/0/demand-latched/col/phi_lp/last	4605380978949069210
G/0/demand-latched/col/phi_lp/max	4605380978949069220
G/0/demand-latched/col/phi_lp/min	4605380978949069208
G/0/demand-latched/col/phi_lp/n	341
G/0/demand-latched/col/pi_hpc/last	4616236729973011810
G/0/demand-latched/col/pi_hpc/max	4616236729973011813
G/0/demand-latched/col/pi_hpc/min	4616236729973011806
G/0/demand-latched/col/pi_hpc/n	341
G/0/demand-latched/col/pi_lpc/last	4611845222978564899
G/0/demand-latched/col/pi_lpc/max	4611845222978564904
G/0/demand-latched/col/pi_lpc/min	4611845222978564899
G/0/demand-latched/col/pi_lpc/n	341
G/0/demand-latched/col/required/last	4579201576202627248
G/0/demand-latched/col/required/max	4579201576202627248
G/0/demand-latched/col/required/min	0
G/0/demand-latched/col/required/n	341
G/0/demand-latched/col/required_fuel/last	4579201576202627248
G/0/demand-latched/col/required_fuel/max	4579201576202627248
G/0/demand-latched/col/required_fuel/min	0
G/0/demand-latched/col/required_fuel/n	341
G/0/demand-latched/col/required_gov/last	4577550682647349797
G/0/demand-latched/col/required_gov/max	4577550682647349797
G/0/demand-latched/col/required_gov/min	0
G/0/demand-latched/col/required_gov/n	341
G/0/demand-latched/col/s/last	4610334938539176691
G/0/demand-latched/col/s/max	4610334938539176691
G/0/demand-latched/col/s/min	0
G/0/demand-latched/col/s/n	341
G/0/demand-latched/col/sp_thrust/last	4646329581975695665
G/0/demand-latched/col/sp_thrust/max	4646329581975695670
G/0/demand-latched/col/sp_thrust/min	4646329581975695658
G/0/demand-latched/col/sp_thrust/n	341
G/0/demand-latched/col/v/last	13592569603443572659
G/0/demand-latched/col/v/max	0
G/0/demand-latched/col/v/min	13609637409726621866
G/0/demand-latched/col/v/n	341
G/0/demand-latched/col/v_cmd/last	0
G/0/demand-latched/col/v_cmd/max	0
G/0/demand-latched/col/v_cmd/min	13610951680647784314
G/0/demand-latched/col/v_cmd/n	341
G/0/demand-latched/col/w_fuel/last	4576598004192639867
G/0/demand-latched/col/w_fuel/max	4576598004192639870
G/0/demand-latched/col/w_fuel/min	4576598004192639863
G/0/demand-latched/col/w_fuel/n	341
G/0/demand-latched/col/w_gov/last	4578248897747917303
G/0/demand-latched/col/w_gov/max	4578248897747917303
G/0/demand-latched/col/w_gov/min	4576598004192639869
G/0/demand-latched/col/w_gov/n	341
G/0/demand-latched/coord	4551893238594259504
G/0/demand-latched/keys	35
G/0/demand-latched/marched	1
G/0/demand-latched/n	341
G/0/demand-latched/neg/g_fuel	0
G/0/demand-latched/neg/g_gov	0
G/0/demand-latched/neg/required_fuel	0
G/0/demand-latched/neg/required_gov	0
G/0/demand-latched/p0/Tt4	4652007308841189378
G/0/demand-latched/p0/authority	9087740570393753374
G/0/demand-latched/p0/b	4585439236324657495
G/0/demand-latched/p0/b_cmd	4585439236324657495
G/0/demand-latched/p0/branch	13126223303132988745
G/0/demand-latched/p0/cap_fuel	4576598004192639869
G/0/demand-latched/p0/cap_fuel?	1
G/0/demand-latched/p0/cap_gov	4576598004192639869
G/0/demand-latched/p0/cap_gov?	1
G/0/demand-latched/p0/f	4580382169689562672
G/0/demand-latched/p0/g	0
G/0/demand-latched/p0/g_fuel	0
G/0/demand-latched/p0/g_gov	0
G/0/demand-latched/p0/ic_iters	1
G/0/demand-latched/p0/ic_order	16448961268219989400
G/0/demand-latched/p0/ic_res	0
G/0/demand-latched/p0/lag_coord	4551893238594259504
G/0/demand-latched/p0/mdot_air	4603364550124398404
G/0/demand-latched/p0/mf	4576598004192639869
G/0/demand-latched/p0/mf_sched	4576598004192639869
G/0/demand-latched/p0/nu_hp	4605292294839495533
G/0/demand-latched/p0/nu_lp	4604908498284992449
G/0/demand-latched/p0/phi_hp	4606680258087474445
G/0/demand-latched/p0/phi_lp	4605380978949069210
G/0/demand-latched/p0/pi_hpc	4616236729973011810
G/0/demand-latched/p0/pi_lpc	4611845222978564899
G/0/demand-latched/p0/required	0
G/0/demand-latched/p0/required_fuel	0
G/0/demand-latched/p0/required_gov	0
G/0/demand-latched/p0/s	0
G/0/demand-latched/p0/share_law	580772045163143161
G/0/demand-latched/p0/sp_thrust	4646329581975695664
G/0/demand-latched/p0/v	0
G/0/demand-latched/p0/v_cmd	0
G/0/demand-latched/p0/v_regime	9087740570393753374
G/0/demand-latched/p0/v_regime?	1
G/0/demand-latched/p0/w_fuel	4576598004192639869
G/0/demand-latched/p0/w_fuel?	1
G/0/demand-latched/p0/w_gov	4576598004192639869
G/0/demand-latched/p0/w_gov?	1
G/0/demand-latched/p10/Tt4	4652007308841189373
G/0/demand-latched/p10/authority	9674992558986367437
G/0/demand-latched/p10/b	4585439236324657484
G/0/demand-latched/p10/b_cmd	4585439236324657453
G/0/demand-latched/p10/branch	13126223303132988745
G/0/demand-latched/p10/cap_fuel	4576598004192639878
G/0/demand-latched/p10/cap_fuel?	1
G/0/demand-latched/p10/cap_gov	4577402799634797249
G/0/demand-latched/p10/cap_gov?	1
G/0/demand-latched/p10/f	4580382169689562668
G/0/demand-latched/p10/g	4564081186436201032
G/0/demand-latched/p10/g_fuel	4564081186436201032
G/0/demand-latched/p10/g_gov	4561278862894744528
G/0/demand-latched/p10/ic_iters	1
G/0/demand-latched/p10/ic_order	16448961268219989400
G/0/demand-latched/p10/ic_res	0
G/0/demand-latched/p10/lag_coord	4551893238594259504
G/0/demand-latched/p10/mdot_air	4603364550124398404
G/0/demand-latched/p10/mf	4576598004192639864
G/0/demand-latched/p10/mf_sched	4577402799634797249
G/0/demand-latched/p10/nu_hp	4605292294839495533
G/0/demand-latched/p10/nu_lp	4604908498284992449
G/0/demand-latched/p10/phi_hp	4606680258087474445
G/0/demand-latched/p10/phi_lp	4605380978949069210
G/0/demand-latched/p10/pi_hpc	4616236729973011810
G/0/demand-latched/p10/pi_lpc	4611845222978564899
G/0/demand-latched/p10/required	4564081186436200920
G/0/demand-latched/p10/required_fuel	4564081186436200920
G/0/demand-latched/p10/required_gov	0
G/0/demand-latched/p10/s	4587366580439587225
G/0/demand-latched/p10/share_law	580772045163143161
G/0/demand-latched/p10/sp_thrust	4646329581975695662
G/0/demand-latched/p10/v	13586756430638772154
G/0/demand-latched/p10/v_cmd	0
G/0/demand-latched/p10/v_regime	9087740570393753374
G/0/demand-latched/p10/v_regime?	1
G/0/demand-latched/p10/w_fuel	4576598004192639864
G/0/demand-latched/p10/w_fuel?	1
G/0/demand-latched/p10/w_gov	4576894072158348932
G/0/demand-latched/p10/w_gov?	1
G/0/demand-latched/p100/Tt4	4652007308841189378
G/0/demand-latched/p100/authority	9674992558986367437
G/0/demand-latched/p100/b	4585439236324657510
G/0/demand-latched/p100/b_cmd	4585439236324657501
G/0/demand-latched/p100/branch	13126223303132988745
G/0/demand-latched/p100/cap_fuel	4576598004192639862
G/0/demand-latched/p100/cap_fuel?	1
G/0/demand-latched/p100/cap_gov	4578248897747917313
G/0/demand-latched/p100/cap_gov?	1
G/0/demand-latched/p100/f	4580382169689562672
G/0/demand-latched/p100/g	4579201576202627242
G/0/demand-latched/p100/g_fuel	4579201576202627242
G/0/demand-latched/p100/g_gov	4577550930201610362
G/0/demand-latched/p100/ic_iters	1
G/0/demand-latched/p100/ic_order	16448961268219989400
G/0/demand-latched/p100/ic_res	0
G/0/demand-latched/p100/lag_coord	4551893238594259504
G/0/demand-latched/p100/mdot_air	4603364550124398404
G/0/demand-latched/p100/mf	4576598004192639868
G/0/demand-latched/p100/mf_sched	4582403389825004051
G/0/demand-latched/p100/nu_hp	4605292294839495533
G/0/demand-latched/p100/nu_lp	4604908498284992449
G/0/demand-latched/p100/phi_hp	4606680258087474445
G/0/demand-latched/p100/phi_lp	4605380978949069210
G/0/demand-latched/p100/pi_hpc	4616236729973011810
G/0/demand-latched/p100/pi_lpc	4611845222978564899
G/0/demand-latched/p100/required	4579201576202627248
G/0/demand-latched/p100/required_fuel	4579201576202627248
G/0/demand-latched/p100/required_gov	4577550682647349797
G/0/demand-latched/p100/s	4602678819172646915
G/0/demand-latched/p100/share_law	580772045163143161
G/0/demand-latched/p100/sp_thrust	4646329581975695664
G/0/demand-latched/p100/v	13596277257891794731
G/0/demand-latched/p100/v_cmd	0
G/0/demand-latched/p100/v_regime	9087740570393753374
G/0/demand-latched/p100/v_regime?	1
G/0/demand-latched/p100/w_fuel	4576598004192639868
G/0/demand-latched/p100/w_fuel?	1
G/0/demand-latched/p100/w_gov	4578248650193656748
G/0/demand-latched/p100/w_gov?	1
G/0/demand-latched/p105/Tt4	4652007308841189376
G/0/demand-latched/p105/authority	9674992558986367437
G/0/demand-latched/p105/b	4585439236324657509
G/0/demand-latched/p105/b_cmd	4585439236324657506
G/0/demand-latched/p105/branch	13126223303132988745
G/0/demand-latched/p105/cap_fuel	4576598004192639862
G/0/demand-latched/p105/cap_fuel?	1
G/0/demand-latched/p105/cap_gov	4578248897747917313
G/0/demand-latched/p105/cap_gov?	1
G/0/demand-latched/p105/f	4580382169689562671
G/0/demand-latched/p105/g	4579201576202627243
G/0/demand-latched/p105/g_fuel	4579201576202627243
G/0/demand-latched/p105/g_gov	4577550832796666777
G/0/demand-latched/p105/ic_iters	1
G/0/demand-latched/p105/ic_order	16448961268219989400
G/0/demand-latched/p105/ic_res	0
G/0/demand-latched/p105/lag_coord	4551893238594259504
G/0/demand-latched/p105/mdot_air	4603364550124398403
G/0/demand-latched/p105/mf	4576598004192639867
G/0/demand-latched/p105/mf_sched	4582403389825004051
G/0/demand-latched/p105/nu_hp	4605292294839495533
G/0/demand-latched/p105/nu_lp	4604908498284992449
G/0/demand-latched/p105/phi_hp	4606680258087474445
G/0/demand-latched/p105/phi_lp	4605380978949069210
G/0/demand-latched/p105/pi_hpc	4616236729973011810
G/0/demand-latched/p105/pi_lpc	4611845222978564899
G/0/demand-latched/p105/required	4579201576202627248
G/0/demand-latched/p105/required_fuel	4579201576202627248
G/0/demand-latched/p105/required_gov	4577550682647349797
G/0/demand-latched/p105/s	4602903999154015440
G/0/demand-latched/p105/share_law	580772045163143161
G/0/demand-latched/p105/sp_thrust	4646329581975695665
G/0/demand-latched/p105/v	13594486098153448962
G/0/demand-latched/p105/v_cmd	0
G/0/demand-latched/p105/v_regime	9087740570393753374
G/0/demand-latched/p105/v_regime?	1
G/0/demand-latched/p105/w_fuel	4576598004192639867
G/0/demand-latched/p105/w_fuel?	1
G/0/demand-latched/p105/w_gov	4578248747598600333
G/0/demand-latched/p105/w_gov?	1
G/0/demand-latched/p110/Tt4	4652007308841189376
G/0/demand-latched/p110/authority	9674992558986367437
G/0/demand-latched/p110/b	4585439236324657509
G/0/demand-latched/p110/b_cmd	4585439236324657506
G/0/demand-latched/p110/branch	13126223303132988745
G/0/demand-latched/p110/cap_fuel	4576598004192639862
G/0/demand-latched/p110/cap_fuel?	1
G/0/demand-latched/p110/cap_gov	4578248897747917313
G/0/demand-latched/p110/cap_gov?	1
G/0/demand-latched/p110/f	4580382169689562671
G/0/demand-latched/p110/g	4579201576202627243
G/0/demand-latched/p110/g_fuel	4579201576202627243
G/0/demand-latched/p110/g_gov	4577550773717555328
G/0/demand-latched/p110/ic_iters	1
G/0/demand-latched/p110/ic_order	16448961268219989400
G/0/demand-latched/p110/ic_res	0
G/0/demand-latched/p110/lag_coord	4551893238594259504
G/0/demand-latched/p110/mdot_air	4603364550124398403
G/0/demand-latched/p110/mf	4576598004192639867
G/0/demand-latched/p110/mf_sched	4582403389825004051
G/0/demand-latched/p110/nu_hp	4605292294839495533
G/0/demand-latched/p110/nu_lp	4604908498284992449
G/0/demand-latched/p110/phi_hp	4606680258087474445
G/0/demand-latched/p110/phi_lp	4605380978949069210
G/0/demand-latched/p110/pi_hpc	4616236729973011810
G/0/demand-latched/p110/pi_lpc	4611845222978564899
G/0/demand-latched/p110/required	4579201576202627248
G/0/demand-latched/p110/required_fuel	4579201576202627248
G/0/demand-latched/p110/required_gov	4577550682647349797
G/0/demand-latched/p110/s	4603129179135383965
G/0/demand-latched/p110/share_law	580772045163143161
G/0/demand-latched/p110/sp_thrust	4646329581975695665
G/0/demand-latched/p110/v	13593732016770724462
G/0/demand-latched/p110/v_cmd	0
G/0/demand-latched/p110/v_regime	9087740570393753374
G/0/demand-latched/p110/v_regime?	1
G/0/demand-latched/p110/w_fuel	4576598004192639867
G/0/demand-latched/p110/w_fuel?	1
G/0/demand-latched/p110/w_gov	4578248806677711782
G/0/demand-latched/p110/w_gov?	1
G/0/demand-latched/p115/Tt4	4652007308841189376
G/0/demand-latched/p115/authority	9674992558986367437
G/0/demand-latched/p115/b	4585439236324657509
G/0/demand-latched/p115/b_cmd	4585439236324657506
G/0/demand-latched/p115/branch	13126223303132988745
G/0/demand-latched/p115/cap_fuel	4576598004192639862
G/0/demand-latched/p115/cap_fuel?	1
G/0/demand-latched/p115/cap_gov	4578248897747917313
G/0/demand-latched/p115/cap_gov?	1
G/0/demand-latched/p115/f	4580382169689562671
G/0/demand-latched/p115/g	4579201576202627243
G/0/demand-latched/p115/g_fuel	4579201576202627243
G/0/demand-latched/p115/g_gov	4577550737884246656
G/0/demand-latched/p115/ic_iters	1
G/0/demand-latched/p115/ic_order	16448961268219989400
G/0/demand-latched/p115/ic_res	0
G/0/demand-latched/p115/lag_coord	4551893238594259504
G/0/demand-latched/p115/mdot_air	4603364550124398403
G/0/demand-latched/p115/mf	4576598004192639867
G/0/demand-latched/p115/mf_sched	4582403389825004051
G/0/demand-latched/p115/nu_hp	4605292294839495533
G/0/demand-latched/p115/nu_lp	4604908498284992449
G/0/demand-latched/p115/phi_hp	4606680258087474445
G/0/demand-latched/p115/phi_lp	4605380978949069210
G/0/demand-latched/p115/pi_hpc	4616236729973011810
G/0/demand-latched/p115/pi_lpc	4611845222978564899
G/0/demand-latched/p115/required	4579201576202627248
G/0/demand-latched/p115/required_fuel	4579201576202627248
G/0/demand-latched/p115/required_gov	4577550682647349797
G/0/demand-latched/p115/s	4603354359116752490
G/0/demand-latched/p115/share_law	580772045163143161
G/0/demand-latched/p115/sp_thrust	4646329581975695665
G/0/demand-latched/p115/v	13593274643085029297
G/0/demand-latched/p115/v_cmd	0
G/0/demand-latched/p115/v_regime	9087740570393753374
G/0/demand-latched/p115/v_regime?	1
G/0/demand-latched/p115/w_fuel	4576598004192639867
G/0/demand-latched/p115/w_fuel?	1
G/0/demand-latched/p115/w_gov	4578248842511020454
G/0/demand-latched/p115/w_gov?	1
G/0/demand-latched/p120/Tt4	4652007308841189376
G/0/demand-latched/p120/authority	9674992558986367437
G/0/demand-latched/p120/b	4585439236324657509
G/0/demand-latched/p120/b_cmd	4585439236324657506
G/0/demand-latched/p120/branch	13126223303132988745
G/0/demand-latched/p120/cap_fuel	4576598004192639862
G/0/demand-latched/p120/cap_fuel?	1
G/0/demand-latched/p120/cap_gov	4578248897747917313
G/0/demand-latched/p120/cap_gov?	1
G/0/demand-latched/p120/f	4580382169689562671
G/0/demand-latched/p120/g	4579201576202627243
G/0/demand-latched/p120/g_fuel	4579201576202627243
G/0/demand-latched/p120/g_gov	4577550716150236464
G/0/demand-latched/p120/ic_iters	1
G/0/demand-latched/p120/ic_order	16448961268219989400
G/0/demand-latched/p120/ic_res	0
G/0/demand-latched/p120/lag_coord	4551893238594259504
G/0/demand-latched/p120/mdot_air	4603364550124398403
G/0/demand-latched/p120/mf	4576598004192639867
G/0/demand-latched/p120/mf_sched	4582403389825004051
G/0/demand-latched/p120/nu_hp	4605292294839495533
G/0/demand-latched/p120/nu_lp	4604908498284992449
G/0/demand-latched/p120/phi_hp	4606680258087474445
G/0/demand-latched/p120/phi_lp	4605380978949069210
G/0/demand-latched/p120/pi_hpc	4616236729973011810
G/0/demand-latched/p120/pi_lpc	4611845222978564899
G/0/demand-latched/p120/required	4579201576202627248
G/0/demand-latched/p120/required_fuel	4579201576202627248
G/0/demand-latched/p120/required_gov	4577550682647349797
G/0/demand-latched/p120/s	4603579539098121015
G/0/demand-latched/p120/share_law	580772045163143161
G/0/demand-latched/p120/sp_thrust	4646329581975695665
G/0/demand-latched/p120/v	13592997231796063942
G/0/demand-latched/p120/v_cmd	0
G/0/demand-latched/p120/v_regime	9087740570393753374
G/0/demand-latched/p120/v_regime?	1
G/0/demand-latched/p120/w_fuel	4576598004192639867
G/0/demand-latched/p120/w_fuel?	1
G/0/demand-latched/p120/w_gov	4578248864245030646
G/0/demand-latched/p120/w_gov?	1
G/0/demand-latched/p125/Tt4	4652007308841189376
G/0/demand-latched/p125/authority	9674992558986367437
G/0/demand-latched/p125/b	4585439236324657509
G/0/demand-latched/p125/b_cmd	4585439236324657506
G/0/demand-latched/p125/branch	13126223303132988745
G/0/demand-latched/p125/cap_fuel	4576598004192639862
G/0/demand-latched/p125/cap_fuel?	1
G/0/demand-latched/p125/cap_gov	4578248897747917313
G/0/demand-latched/p125/cap_gov?	1
G/0/demand-latched/p125/f	4580382169689562671
G/0/demand-latched/p125/g	4579201576202627243
G/0/demand-latched/p125/g_fuel	4579201576202627243
G/0/demand-latched/p125/g_gov	4577550702967886954
G/0/demand-latched/p125/ic_iters	1
G/0/demand-latched/p125/ic_order	16448961268219989400
G/0/demand-latched/p125/ic_res	0
G/0/demand-latched/p125/lag_coord	4551893238594259504
G/0/demand-latched/p125/mdot_air	4603364550124398403
G/0/demand-latched/p125/mf	4576598004192639867
G/0/demand-latched/p125/mf_sched	4582403389825004051
G/0/demand-latched/p125/nu_hp	4605292294839495533
G/0/demand-latched/p125/nu_lp	4604908498284992449
G/0/demand-latched/p125/phi_hp	4606680258087474445
G/0/demand-latched/p125/phi_lp	4605380978949069210
G/0/demand-latched/p125/pi_hpc	4616236729973011810
G/0/demand-latched/p125/pi_lpc	4611845222978564899
G/0/demand-latched/p125/required	4579201576202627248
G/0/demand-latched/p125/required_fuel	4579201576202627248
G/0/demand-latched/p125/required_gov	4577550682647349797
G/0/demand-latched/p125/s	4603804719079489540
G/0/demand-latched/p125/share_law	580772045163143161
G/0/demand-latched/p125/sp_thrust	4646329581975695665
G/0/demand-latched/p125/v	13592828973267748192
G/0/demand-latched/p125/v_cmd	0
G/0/demand-latched/p125/v_regime	9087740570393753374
G/0/demand-latched/p125/v_regime?	1
G/0/demand-latched/p125/w_fuel	4576598004192639867
G/0/demand-latched/p125/w_fuel?	1
G/0/demand-latched/p125/w_gov	4578248877427380156
G/0/demand-latched/p125/w_gov?	1
G/0/demand-latched/p130/Tt4	4652007308841189376
G/0/demand-latched/p130/authority	9674992558986367437
G/0/demand-latched/p130/b	4585439236324657509
G/0/demand-latched/p130/b_cmd	4585439236324657506
G/0/demand-latched/p130/branch	13126223303132988745
G/0/demand-latched/p130/cap_fuel	4576598004192639862
G/0/demand-latched/p130/cap_fuel?	1
G/0/demand-latched/p130/cap_gov	4578248897747917313
G/0/demand-latched/p130/cap_gov?	1
G/0/demand-latched/p130/f	4580382169689562671
G/0/demand-latched/p130/g	4579201576202627243
G/0/demand-latched/p130/g_fuel	4579201576202627243
G/0/demand-latched/p130/g_gov	4577550694972384187
G/0/demand-latched/p130/ic_iters	1
G/0/demand-latched/p130/ic_order	16448961268219989400
G/0/demand-latched/p130/ic_res	0
G/0/demand-latched/p130/lag_coord	4551893238594259504
G/0/demand-latched/p130/mdot_air	4603364550124398403
G/0/demand-latched/p130/mf	4576598004192639867
G/0/demand-latched/p130/mf_sched	4582403389825004051
G/0/demand-latched/p130/nu_hp	4605292294839495533
G/0/demand-latched/p130/nu_lp	4604908498284992449
G/0/demand-latched/p130/phi_hp	4606680258087474445
G/0/demand-latched/p130/phi_lp	4605380978949069210
G/0/demand-latched/p130/pi_hpc	4616236729973011810
G/0/demand-latched/p130/pi_lpc	4611845222978564899
G/0/demand-latched/p130/required	4579201576202627248
G/0/demand-latched/p130/required_fuel	4579201576202627248
G/0/demand-latched/p130/required_gov	4577550682647349797
G/0/demand-latched/p130/s	4604029899060858065
G/0/demand-latched/p130/share_law	580772045163143161
G/0/demand-latched/p130/sp_thrust	4646329581975695665
G/0/demand-latched/p130/v	13592726919265344137
G/0/demand-latched/p130/v_cmd	0
G/0/demand-latched/p130/v_regime	9087740570393753374
G/0/demand-latched/p130/v_regime?	1
G/0/demand-latched/p130/w_fuel	4576598004192639867
G/0/demand-latched/p130/w_fuel?	1
G/0/demand-latched/p130/w_gov	4578248885422882923
G/0/demand-latched/p130/w_gov?	1
G/0/demand-latched/p135/Tt4	4652007308841189376
G/0/demand-latched/p135/authority	9674992558986367437
G/0/demand-latched/p135/b	4585439236324657509
G/0/demand-latched/p135/b_cmd	4585439236324657506
G/0/demand-latched/p135/branch	13126223303132988745
G/0/demand-latched/p135/cap_fuel	4576598004192639862
G/0/demand-latched/p135/cap_fuel?	1
G/0/demand-latched/p135/cap_gov	4578248897747917313
G/0/demand-latched/p135/cap_gov?	1
G/0/demand-latched/p135/f	4580382169689562671
G/0/demand-latched/p135/g	4579201576202627243
G/0/demand-latched/p135/g_fuel	4579201576202627243
G/0/demand-latched/p135/g_gov	4577550690122864422
G/0/demand-latched/p135/ic_iters	1
G/0/demand-latched/p135/ic_order	16448961268219989400
G/0/demand-latched/p135/ic_res	0
G/0/demand-latched/p135/lag_coord	4551893238594259504
G/0/demand-latched/p135/mdot_air	4603364550124398403
G/0/demand-latched/p135/mf	4576598004192639867
G/0/demand-latched/p135/mf_sched	4582403389825004051
G/0/demand-latched/p135/nu_hp	4605292294839495533
G/0/demand-latched/p135/nu_lp	4604908498284992449
G/0/demand-latched/p135/phi_hp	4606680258087474445
G/0/demand-latched/p135/phi_lp	4605380978949069210
G/0/demand-latched/p135/pi_hpc	4616236729973011810
G/0/demand-latched/p135/pi_lpc	4611845222978564899
G/0/demand-latched/p135/required	4579201576202627248
G/0/demand-latched/p135/required_fuel	4579201576202627248
G/0/demand-latched/p135/required_gov	4577550682647349797
G/0/demand-latched/p135/s	4604255079042226590
G/0/demand-latched/p135/share_law	580772045163143161
G/0/demand-latched/p135/sp_thrust	4646329581975695665
G/0/demand-latched/p135/v	13592665020355904359
G/0/demand-latched/p135/v_cmd	0
G/0/demand-latched/p135/v_regime	9087740570393753374
G/0/demand-latched/p135/v_regime?	1
G/0/demand-latched/p135/w_fuel	4576598004192639867
G/0/demand-latched/p135/w_fuel?	1
G/0/demand-latched/p135/w_gov	4578248890272402688
G/0/demand-latched/p135/w_gov?	1
G/0/demand-latched/p140/Tt4	4652007308841189376
G/0/demand-latched/p140/authority	9674992558986367437
G/0/demand-latched/p140/b	4585439236324657509
G/0/demand-latched/p140/b_cmd	4585439236324657506
G/0/demand-latched/p140/branch	13126223303132988745
G/0/demand-latched/p140/cap_fuel	4576598004192639862
G/0/demand-latched/p140/cap_fuel?	1
G/0/demand-latched/p140/cap_gov	4578248897747917313
G/0/demand-latched/p140/cap_gov?	1
G/0/demand-latched/p140/f	4580382169689562671
G/0/demand-latched/p140/g	4579201576202627243
G/0/demand-latched/p140/g_fuel	4579201576202627243
G/0/demand-latched/p140/g_gov	4577550687181480668
G/0/demand-latched/p140/ic_iters	1
G/0/demand-latched/p140/ic_order	16448961268219989400
G/0/demand-latched/p140/ic_res	0
G/0/demand-latched/p140/lag_coord	4551893238594259504
G/0/demand-latched/p140/mdot_air	4603364550124398403
G/0/demand-latched/p140/mf	4576598004192639867
G/0/demand-latched/p140/mf_sched	4582403389825004051
G/0/demand-latched/p140/nu_hp	4605292294839495533
G/0/demand-latched/p140/nu_lp	4604908498284992449
G/0/demand-latched/p140/phi_hp	4606680258087474445
G/0/demand-latched/p140/phi_lp	4605380978949069210
G/0/demand-latched/p140/pi_hpc	4616236729973011810
G/0/demand-latched/p140/pi_lpc	4611845222978564899
G/0/demand-latched/p140/required	4579201576202627248
G/0/demand-latched/p140/required_fuel	4579201576202627248
G/0/demand-latched/p140/required_gov	4577550682647349797
G/0/demand-latched/p140/s	4604480259023595115
G/0/demand-latched/p140/share_law	580772045163143161
G/0/demand-latched/p140/sp_thrust	4646329581975695665
G/0/demand-latched/p140/v	13592627476752522063
G/0/demand-latched/p140/v_cmd	0
G/0/demand-latched/p140/v_regime	9087740570393753374
G/0/demand-latched/p140/v_regime?	1
G/0/demand-latched/p140/w_fuel	4576598004192639867
G/0/demand-latched/p140/w_fuel?	1
G/0/demand-latched/p140/w_gov	4578248893213786442
G/0/demand-latched/p140/w_gov?	1
G/0/demand-latched/p145/Tt4	4652007308841189376
G/0/demand-latched/p145/authority	9674992558986367437
G/0/demand-latched/p145/b	4585439236324657509
G/0/demand-latched/p145/b_cmd	4585439236324657506
G/0/demand-latched/p145/branch	13126223303132988745
G/0/demand-latched/p145/cap_fuel	4576598004192639862
G/0/demand-latched/p145/cap_fuel?	1
G/0/demand-latched/p145/cap_gov	4578248897747917313
G/0/demand-latched/p145/cap_gov?	1
G/0/demand-latched/p145/f	4580382169689562671
G/0/demand-latched/p145/g	4579201576202627243
G/0/demand-latched/p145/g_fuel	4579201576202627243
G/0/demand-latched/p145/g_gov	4577550685397440431
G/0/demand-latched/p145/ic_iters	1
G/0/demand-latched/p145/ic_order	16448961268219989400
G/0/demand-latched/p145/ic_res	0
G/0/demand-latched/p145/lag_coord	4551893238594259504
G/0/demand-latched/p145/mdot_air	4603364550124398403
G/0/demand-latched/p145/mf	4576598004192639867
G/0/demand-latched/p145/mf_sched	4582403389825004051
G/0/demand-latched/p145/nu_hp	4605292294839495533
G/0/demand-latched/p145/nu_lp	4604908498284992449
G/0/demand-latched/p145/phi_hp	4606680258087474445
G/0/demand-latched/p145/phi_lp	4605380978949069210
G/0/demand-latched/p145/pi_hpc	4616236729973011810
G/0/demand-latched/p145/pi_lpc	4611845222978564899
G/0/demand-latched/p145/required	4579201576202627248
G/0/demand-latched/p145/required_fuel	4579201576202627248
G/0/demand-latched/p145/required_gov	4577550682647349797
G/0/demand-latched/p145/s	4604705439004963640
G/0/demand-latched/p145/share_law	580772045163143161
G/0/demand-latched/p145/sp_thrust	4646329581975695665
G/0/demand-latched/p145/v	13592604705395680978
G/0/demand-latched/p145/v_cmd	0
G/0/demand-latched/p145/v_regime	9087740570393753374
G/0/demand-latched/p145/v_regime?	1
G/0/demand-latched/p145/w_fuel	4576598004192639867
G/0/demand-latched/p145/w_fuel?	1
G/0/demand-latched/p145/w_gov	4578248894997826679
G/0/demand-latched/p145/w_gov?	1
G/0/demand-latched/p15/Tt4	4652007308841189373
G/0/demand-latched/p15/authority	9674992558986367437
G/0/demand-latched/p15/b	4585439236324657472
G/0/demand-latched/p15/b_cmd	4585439236324657497
G/0/demand-latched/p15/branch	13126223303132988745
G/0/demand-latched/p15/cap_fuel	4576598004192639852
G/0/demand-latched/p15/cap_fuel?	1
G/0/demand-latched/p15/cap_gov	4577805197355875939
G/0/demand-latched/p15/cap_gov?	1
G/0/demand-latched/p15/f	4580382169689562668
G/0/demand-latched/p15/g	4566975195179256752
G/0/demand-latched/p15/g_fuel	4566975195179256752
G/0/demand-latched/p15/g_gov	4562644591397046216
G/0/demand-latched/p15/ic_iters	1
G/0/demand-latched/p15/ic_order	16448961268219989400
G/0/demand-latched/p15/ic_res	0
G/0/demand-latched/p15/lag_coord	4551893238594259504
G/0/demand-latched/p15/mdot_air	4603364550124398404
G/0/demand-latched/p15/mf	4576598004192639863
G/0/demand-latched/p15/mf_sched	4577805197355875939
G/0/demand-latched/p15/nu_hp	4605292294839495533
G/0/demand-latched/p15/nu_lp	4604908498284992449
G/0/demand-latched/p15/phi_hp	4606680258087474445
G/0/demand-latched/p15/phi_lp	4605380978949069209
G/0/demand-latched/p15/pi_hpc	4616236729973011810
G/0/demand-latched/p15/pi_lpc	4611845222978564899
G/0/demand-latched/p15/required	4566975195179256796
G/0/demand-latched/p15/required_fuel	4566975195179256796
G/0/demand-latched/p15/required_gov	0
G/0/demand-latched/p15/s	4590068740216009523
G/0/demand-latched/p15/share_law	580772045163143161
G/0/demand-latched/p15/sp_thrust	4646329581975695662
G/0/demand-latched/p15/v	13583449892052941136
G/0/demand-latched/p15/v_cmd	13610951680647784294
G/0/demand-latched/p15/v_regime	10791139852042193048
G/0/demand-latched/p15/v_regime?	1
G/0/demand-latched/p15/w_fuel	4576598004192639863
G/0/demand-latched/p15/w_fuel?	1
G/0/demand-latched/p15/w_gov	4577179976293612906
G/0/demand-latched/p15/w_gov?	1
G/0/demand-latched/p150/Tt4	4652007308841189376
G/0/demand-latched/p150/authority	9674992558986367437
G/0/demand-latched/p150/b	4585439236324657509
G/0/demand-latched/p150/b_cmd	4585439236324657506
G/0/demand-latched/p150/branch	13126223303132988745
G/0/demand-latched/p150/cap_fuel	4576598004192639862
G/0/demand-latched/p150/cap_fuel?	1
G/0/demand-latched/p150/cap_gov	4578248897747917313
G/0/demand-latched/p150/cap_gov?	1
G/0/demand-latched/p150/f	4580382169689562671
G/0/demand-latched/p150/g	4579201576202627243
G/0/demand-latched/p150/g_fuel	4579201576202627243
G/0/demand-latched/p150/g_gov	4577550684315364839
G/0/demand-latched/p150/ic_iters	1
G/0/demand-latched/p150/ic_order	16448961268219989400
G/0/demand-latched/p150/ic_res	0
G/0/demand-latched/p150/lag_coord	4551893238594259504
G/0/demand-latched/p150/mdot_air	4603364550124398403
G/0/demand-latched/p150/mf	4576598004192639867
G/0/demand-latched/p150/mf_sched	4582403389825004051
G/0/demand-latched/p150/nu_hp	4605292294839495533
G/0/demand-latched/p150/nu_lp	4604908498284992449
G/0/demand-latched/p150/phi_hp	4606680258087474445
G/0/demand-latched/p150/phi_lp	4605380978949069210
G/0/demand-latched/p150/pi_hpc	4616236729973011810
G/0/demand-latched/p150/pi_lpc	4611845222978564899
G/0/demand-latched/p150/required	4579201576202627248
G/0/demand-latched/p150/required_fuel	4579201576202627248
G/0/demand-latched/p150/required_gov	4577550682647349797
G/0/demand-latched/p150/s	4604930618986332165
G/0/demand-latched/p150/share_law	580772045163143161
G/0/demand-latched/p150/sp_thrust	4646329581975695665
G/0/demand-latched/p150/v	13592590893863338066
G/0/demand-latched/p150/v_cmd	0
G/0/demand-latched/p150/v_regime	9087740570393753374
G/0/demand-latched/p150/v_regime?	1
G/0/demand-latched/p150/w_fuel	4576598004192639867
G/0/demand-latched/p150/w_fuel?	1
G/0/demand-latched/p150/w_gov	4578248896079902271
G/0/demand-latched/p150/w_gov?	1
G/0/demand-latched/p155/Tt4	4652007308841189376
G/0/demand-latched/p155/authority	9674992558986367437
G/0/demand-latched/p155/b	4585439236324657509
G/0/demand-latched/p155/b_cmd	4585439236324657506
G/0/demand-latched/p155/branch	13126223303132988745
G/0/demand-latched/p155/cap_fuel	4576598004192639862
G/0/demand-latched/p155/cap_fuel?	1
G/0/demand-latched/p155/cap_gov	4578248897747917313
G/0/demand-latched/p155/cap_gov?	1
G/0/demand-latched/p155/f	4580382169689562671
G/0/demand-latched/p155/g	4579201576202627243
G/0/demand-latched/p155/g_fuel	4579201576202627243
G/0/demand-latched/p155/g_gov	4577550683659052519
G/0/demand-latched/p155/ic_iters	1
G/0/demand-latched/p155/ic_order	16448961268219989400
G/0/demand-latched/p155/ic_res	0
G/0/demand-latched/p155/lag_coord	4551893238594259504
G/0/demand-latched/p155/mdot_air	4603364550124398403
G/0/demand-latched/p155/mf	4576598004192639867
G/0/demand-latched/p155/mf_sched	4582403389825004051
G/0/demand-latched/p155/nu_hp	4605292294839495533
G/0/demand-latched/p155/nu_lp	4604908498284992449
G/0/demand-latched/p155/phi_hp	4606680258087474445
G/0/demand-latched/p155/phi_lp	4605380978949069210
G/0/demand-latched/p155/pi_hpc	4616236729973011810
G/0/demand-latched/p155/pi_lpc	4611845222978564899
G/0/demand-latched/p155/required	4579201576202627248
G/0/demand-latched/p155/required_fuel	4579201576202627248
G/0/demand-latched/p155/required_gov	4577550682647349797
G/0/demand-latched/p155/s	4605155798967700690
G/0/demand-latched/p155/share_law	580772045163143161
G/0/demand-latched/p155/sp_thrust	4646329581975695665
G/0/demand-latched/p155/v	13592582516741720301
G/0/demand-latched/p155/v_cmd	0
G/0/demand-latched/p155/v_regime	9087740570393753374
G/0/demand-latched/p155/v_regime?	1
G/0/demand-latched/p155/w_fuel	4576598004192639867
G/0/demand-latched/p155/w_fuel?	1
G/0/demand-latched/p155/w_gov	4578248896736214591
G/0/demand-latched/p155/w_gov?	1
G/0/demand-latched/p160/Tt4	4652007308841189376
G/0/demand-latched/p160/authority	9674992558986367437
G/0/demand-latched/p160/b	4585439236324657509
G/0/demand-latched/p160/b_cmd	4585439236324657506
G/0/demand-latched/p160/branch	13126223303132988745
G/0/demand-latched/p160/cap_fuel	4576598004192639862
G/0/demand-latched/p160/cap_fuel?	1
G/0/demand-latched/p160/cap_gov	4578248897747917313
G/0/demand-latched/p160/cap_gov?	1
G/0/demand-latched/p160/f	4580382169689562671
G/0/demand-latched/p160/g	4579201576202627243
G/0/demand-latched/p160/g_fuel	4579201576202627243
G/0/demand-latched/p160/g_gov	4577550683260978794
G/0/demand-latched/p160/ic_iters	1
G/0/demand-latched/p160/ic_order	16448961268219989400
G/0/demand-latched/p160/ic_res	0
G/0/demand-latched/p160/lag_coord	4551893238594259504
G/0/demand-latched/p160/mdot_air	4603364550124398403
G/0/demand-latched/p160/mf	4576598004192639867
G/0/demand-latched/p160/mf_sched	4582403389825004051
G/0/demand-latched/p160/nu_hp	4605292294839495533
G/0/demand-latched/p160/nu_lp	4604908498284992449
G/0/demand-latched/p160/phi_hp	4606680258087474445
G/0/demand-latched/p160/phi_lp	4605380978949069210
G/0/demand-latched/p160/pi_hpc	4616236729973011810
G/0/demand-latched/p160/pi_lpc	4611845222978564899
G/0/demand-latched/p160/required	4579201576202627248
G/0/demand-latched/p160/required_fuel	4579201576202627248
G/0/demand-latched/p160/required_gov	4577550682647349797
G/0/demand-latched/p160/s	4605380978949069215
G/0/demand-latched/p160/share_law	580772045163143161
G/0/demand-latched/p160/sp_thrust	4646329581975695665
G/0/demand-latched/p160/v	13592577435758317700
G/0/demand-latched/p160/v_cmd	0
G/0/demand-latched/p160/v_regime	9087740570393753374
G/0/demand-latched/p160/v_regime?	1
G/0/demand-latched/p160/w_fuel	4576598004192639867
G/0/demand-latched/p160/w_fuel?	1
G/0/demand-latched/p160/w_gov	4578248897134288316
G/0/demand-latched/p160/w_gov?	1
G/0/demand-latched/p165/Tt4	4652007308841189376
G/0/demand-latched/p165/authority	9674992558986367437
G/0/demand-latched/p165/b	4585439236324657509
G/0/demand-latched/p165/b_cmd	4585439236324657506
G/0/demand-latched/p165/branch	13126223303132988745
G/0/demand-latched/p165/cap_fuel	4576598004192639862
G/0/demand-latched/p165/cap_fuel?	1
G/0/demand-latched/p165/cap_gov	4578248897747917313
G/0/demand-latched/p165/cap_gov?	1
G/0/demand-latched/p165/f	4580382169689562671
G/0/demand-latched/p165/g	4579201576202627243
G/0/demand-latched/p165/g_fuel	4579201576202627243
G/0/demand-latched/p165/g_gov	4577550683019534765
G/0/demand-latched/p165/ic_iters	1
G/0/demand-latched/p165/ic_order	16448961268219989400
G/0/demand-latched/p165/ic_res	0
G/0/demand-latched/p165/lag_coord	4551893238594259504
G/0/demand-latched/p165/mdot_air	4603364550124398403
G/0/demand-latched/p165/mf	4576598004192639867
G/0/demand-latched/p165/mf_sched	4582403389825004051
G/0/demand-latched/p165/nu_hp	4605292294839495533
G/0/demand-latched/p165/nu_lp	4604908498284992449
G/0/demand-latched/p165/phi_hp	4606680258087474445
G/0/demand-latched/p165/phi_lp	4605380978949069210
G/0/demand-latched/p165/pi_hpc	4616236729973011810
G/0/demand-latched/p165/pi_lpc	4611845222978564899
G/0/demand-latched/p165/required	4579201576202627248
G/0/demand-latched/p165/required_fuel	4579201576202627248
G/0/demand-latched/p165/required_gov	4577550682647349797
G/0/demand-latched/p165/s	4605606158930437740
G/0/demand-latched/p165/share_law	580772045163143161
G/0/demand-latched/p165/sp_thrust	4646329581975695665
G/0/demand-latched/p165/v	13592574353984706730
G/0/demand-latched/p165/v_cmd	0
G/0/demand-latched/p165/v_regime	9087740570393753374
G/0/demand-latched/p165/v_regime?	1
G/0/demand-latched/p165/w_fuel	4576598004192639867
G/0/demand-latched/p165/w_fuel?	1
G/0/demand-latched/p165/w_gov	4578248897375732345
G/0/demand-latched/p165/w_gov?	1
G/0/demand-latched/p170/Tt4	4652007308841189376
G/0/demand-latched/p170/authority	9674992558986367437
G/0/demand-latched/p170/b	4585439236324657509
G/0/demand-latched/p170/b_cmd	4585439236324657506
G/0/demand-latched/p170/branch	13126223303132988745
G/0/demand-latched/p170/cap_fuel	4576598004192639862
G/0/demand-latched/p170/cap_fuel?	1
G/0/demand-latched/p170/cap_gov	4578248897747917313
G/0/demand-latched/p170/cap_gov?	1
G/0/demand-latched/p170/f	4580382169689562671
G/0/demand-latched/p170/g	4579201576202627243
G/0/demand-latched/p170/g_fuel	4579201576202627243
G/0/demand-latched/p170/g_gov	4577550682873091493
G/0/demand-latched/p170/ic_iters	1
G/0/demand-latched/p170/ic_order	16448961268219989400
G/0/demand-latched/p170/ic_res	0
G/0/demand-latched/p170/lag_coord	4551893238594259504
G/0/demand-latched/p170/mdot_air	4603364550124398403
G/0/demand-latched/p170/mf	4576598004192639867
G/0/demand-latched/p170/mf_sched	4582403389825004051
G/0/demand-latched/p170/nu_hp	4605292294839495533
G/0/demand-latched/p170/nu_lp	4604908498284992449
G/0/demand-latched/p170/phi_hp	4606680258087474445
G/0/demand-latched/p170/phi_lp	4605380978949069210
G/0/demand-latched/p170/pi_hpc	4616236729973011810
G/0/demand-latched/p170/pi_lpc	4611845222978564899
G/0/demand-latched/p170/required	4579201576202627248
G/0/demand-latched/p170/required_fuel	4579201576202627248
G/0/demand-latched/p170/required_gov	4577550682647349797
G/0/demand-latched/p170/s	4605831338911806265
G/0/demand-latched/p170/share_law	580772045163143161
G/0/demand-latched/p170/sp_thrust	4646329581975695665
G/0/demand-latched/p170/v	13592572484793678788
G/0/demand-latched/p170/v_cmd	0
G/0/demand-latched/p170/v_regime	9087740570393753374
G/0/demand-latched/p170/v_regime?	1
G/0/demand-latched/p170/w_fuel	4576598004192639867
G/0/demand-latched/p170/w_fuel?	1
G/0/demand-latched/p170/w_gov	4578248897522175617
G/0/demand-latched/p170/w_gov?	1
G/0/demand-latched/p175/Tt4	4652007308841189376
G/0/demand-latched/p175/authority	9674992558986367437
G/0/demand-latched/p175/b	4585439236324657509
G/0/demand-latched/p175/b_cmd	4585439236324657506
G/0/demand-latched/p175/branch	13126223303132988745
G/0/demand-latched/p175/cap_fuel	4576598004192639862
G/0/demand-latched/p175/cap_fuel?	1
G/0/demand-latched/p175/cap_gov	4578248897747917313
G/0/demand-latched/p175/cap_gov?	1
G/0/demand-latched/p175/f	4580382169689562671
G/0/demand-latched/p175/g	4579201576202627243
G/0/demand-latched/p175/g_fuel	4579201576202627243
G/0/demand-latched/p175/g_gov	4577550682784269119
G/0/demand-latched/p175/ic_iters	1
G/0/demand-latched/p175/ic_order	16448961268219989400
G/0/demand-latched/p175/ic_res	0
G/0/demand-latched/p175/lag_coord	4551893238594259504
G/0/demand-latched/p175/mdot_air	4603364550124398403
G/0/demand-latched/p175/mf	4576598004192639867
G/0/demand-latched/p175/mf_sched	4582403389825004051
G/0/demand-latched/p175/nu_hp	4605292294839495533
G/0/demand-latched/p175/nu_lp	4604908498284992449
G/0/demand-latched/p175/phi_hp	4606680258087474445
G/0/demand-latched/p175/phi_lp	4605380978949069210
G/0/demand-latched/p175/pi_hpc	4616236729973011810
G/0/demand-latched/p175/pi_lpc	4611845222978564899
G/0/demand-latched/p175/required	4579201576202627248
G/0/demand-latched/p175/required_fuel	4579201576202627248
G/0/demand-latched/p175/required_gov	4577550682647349797
G/0/demand-latched/p175/s	4606056518893174790
G/0/demand-latched/p175/share_law	580772045163143161
G/0/demand-latched/p175/sp_thrust	4646329581975695665
G/0/demand-latched/p175/v	13592571351071497994
G/0/demand-latched/p175/v_cmd	0
G/0/demand-latched/p175/v_regime	9087740570393753374
G/0/demand-latched/p175/v_regime?	1
G/0/demand-latched/p175/w_fuel	4576598004192639867
G/0/demand-latched/p175/w_fuel?	1
G/0/demand-latched/p175/w_gov	4578248897610997991
G/0/demand-latched/p175/w_gov?	1
G/0/demand-latched/p180/Tt4	4652007308841189376
G/0/demand-latched/p180/authority	9674992558986367437
G/0/demand-latched/p180/b	4585439236324657509
G/0/demand-latched/p180/b_cmd	4585439236324657506
G/0/demand-latched/p180/branch	13126223303132988745
G/0/demand-latched/p180/cap_fuel	4576598004192639862
G/0/demand-latched/p180/cap_fuel?	1
G/0/demand-latched/p180/cap_gov	4578248897747917313
G/0/demand-latched/p180/cap_gov?	1
G/0/demand-latched/p180/f	4580382169689562671
G/0/demand-latched/p180/g	4579201576202627243
G/0/demand-latched/p180/g_fuel	4579201576202627243
G/0/demand-latched/p180/g_gov	4577550682730395601
G/0/demand-latched/p180/ic_iters	1
G/0/demand-latched/p180/ic_order	16448961268219989400
G/0/demand-latched/p180/ic_res	0
G/0/demand-latched/p180/lag_coord	4551893238594259504
G/0/demand-latched/p180/mdot_air	4603364550124398403
G/0/demand-latched/p180/mf	4576598004192639867
G/0/demand-latched/p180/mf_sched	4582403389825004051
G/0/demand-latched/p180/nu_hp	4605292294839495533
G/0/demand-latched/p180/nu_lp	4604908498284992449
G/0/demand-latched/p180/phi_hp	4606680258087474445
G/0/demand-latched/p180/phi_lp	4605380978949069210
G/0/demand-latched/p180/pi_hpc	4616236729973011810
G/0/demand-latched/p180/pi_lpc	4611845222978564899
G/0/demand-latched/p180/required	4579201576202627248
G/0/demand-latched/p180/required_fuel	4579201576202627248
G/0/demand-latched/p180/required_gov	4577550682647349797
G/0/demand-latched/p180/s	4606281698874543315
G/0/demand-latched/p180/share_law	580772045163143161
G/0/demand-latched/p180/sp_thrust	4646329581975695665
G/0/demand-latched/p180/v	13592570663433924301
G/0/demand-latched/p180/v_cmd	0
G/0/demand-latched/p180/v_regime	9087740570393753374
G/0/demand-latched/p180/v_regime?	1
G/0/demand-latched/p180/w_fuel	4576598004192639867
G/0/demand-latched/p180/w_fuel?	1
G/0/demand-latched/p180/w_gov	4578248897664871509
G/0/demand-latched/p180/w_gov?	1
G/0/demand-latched/p185/Tt4	4652007308841189376
G/0/demand-latched/p185/authority	9674992558986367437
G/0/demand-latched/p185/b	4585439236324657509
G/0/demand-latched/p185/b_cmd	4585439236324657506
G/0/demand-latched/p185/branch	13126223303132988745
G/0/demand-latched/p185/cap_fuel	4576598004192639862
G/0/demand-latched/p185/cap_fuel?	1
G/0/demand-latched/p185/cap_gov	4578248897747917313
G/0/demand-latched/p185/cap_gov?	1
G/0/demand-latched/p185/f	4580382169689562671
G/0/demand-latched/p185/g	4579201576202627243
G/0/demand-latched/p185/g_fuel	4579201576202627243
G/0/demand-latched/p185/g_gov	4577550682697719646
G/0/demand-latched/p185/ic_iters	1
G/0/demand-latched/p185/ic_order	16448961268219989400
G/0/demand-latched/p185/ic_res	0
G/0/demand-latched/p185/lag_coord	4551893238594259504
G/0/demand-latched/p185/mdot_air	4603364550124398403
G/0/demand-latched/p185/mf	4576598004192639867
G/0/demand-latched/p185/mf_sched	4582403389825004051
G/0/demand-latched/p185/nu_hp	4605292294839495533
G/0/demand-latched/p185/nu_lp	4604908498284992449
G/0/demand-latched/p185/phi_hp	4606680258087474445
G/0/demand-latched/p185/phi_lp	4605380978949069210
G/0/demand-latched/p185/pi_hpc	4616236729973011810
G/0/demand-latched/p185/pi_lpc	4611845222978564899
G/0/demand-latched/p185/required	4579201576202627248
G/0/demand-latched/p185/required_fuel	4579201576202627248
G/0/demand-latched/p185/required_gov	4577550682647349797
G/0/demand-latched/p185/s	4606506878855911840
G/0/demand-latched/p185/share_law	580772045163143161
G/0/demand-latched/p185/sp_thrust	4646329581975695665
G/0/demand-latched/p185/v	13592570246360464184
G/0/demand-latched/p185/v_cmd	0
G/0/demand-latched/p185/v_regime	9087740570393753374
G/0/demand-latched/p185/v_regime?	1
G/0/demand-latched/p185/w_fuel	4576598004192639867
G/0/demand-latched/p185/w_fuel?	1
G/0/demand-latched/p185/w_gov	4578248897697547464
G/0/demand-latched/p185/w_gov?	1
G/0/demand-latched/p190/Tt4	4652007308841189376
G/0/demand-latched/p190/authority	9674992558986367437
G/0/demand-latched/p190/b	4585439236324657509
G/0/demand-latched/p190/b_cmd	4585439236324657506
G/0/demand-latched/p190/branch	13126223303132988745
G/0/demand-latched/p190/cap_fuel	4576598004192639862
G/0/demand-latched/p190/cap_fuel?	1
G/0/demand-latched/p190/cap_gov	4578248897747917313
G/0/demand-latched/p190/cap_gov?	1
G/0/demand-latched/p190/f	4580382169689562671
G/0/demand-latched/p190/g	4579201576202627243
G/0/demand-latched/p190/g_fuel	4579201576202627243
G/0/demand-latched/p190/g_gov	4577550682677900669
G/0/demand-latched/p190/ic_iters	1
G/0/demand-latched/p190/ic_order	16448961268219989400
G/0/demand-latched/p190/ic_res	0
G/0/demand-latched/p190/lag_coord	4551893238594259504
G/0/demand-latched/p190/mdot_air	4603364550124398403
G/0/demand-latched/p190/mf	4576598004192639867
G/0/demand-latched/p190/mf_sched	4582403389825004051
G/0/demand-latched/p190/nu_hp	4605292294839495533
G/0/demand-latched/p190/nu_lp	4604908498284992449
G/0/demand-latched/p190/phi_hp	4606680258087474445
G/0/demand-latched/p190/phi_lp	4605380978949069210
G/0/demand-latched/p190/pi_hpc	4616236729973011810
G/0/demand-latched/p190/pi_lpc	4611845222978564899
G/0/demand-latched/p190/required	4579201576202627248
G/0/demand-latched/p190/required_fuel	4579201576202627248
G/0/demand-latched/p190/required_gov	4577550682647349797
G/0/demand-latched/p190/s	4606732058837280365
G/0/demand-latched/p190/share_law	580772045163143161
G/0/demand-latched/p190/sp_thrust	4646329581975695665
G/0/demand-latched/p190/v	13592569993392508697
G/0/demand-latched/p190/v_cmd	0
G/0/demand-latched/p190/v_regime	9087740570393753374
G/0/demand-latched/p190/v_regime?	1
G/0/demand-latched/p190/w_fuel	4576598004192639867
G/0/demand-latched/p190/w_fuel?	1
G/0/demand-latched/p190/w_gov	4578248897717366441
G/0/demand-latched/p190/w_gov?	1
G/0/demand-latched/p195/Tt4	4652007308841189376
G/0/demand-latched/p195/authority	9674992558986367437
G/0/demand-latched/p195/b	4585439236324657509
G/0/demand-latched/p195/b_cmd	4585439236324657506
G/0/demand-latched/p195/branch	13126223303132988745
G/0/demand-latched/p195/cap_fuel	4576598004192639862
G/0/demand-latched/p195/cap_fuel?	1
G/0/demand-latched/p195/cap_gov	4578248897747917313
G/0/demand-latched/p195/cap_gov?	1
G/0/demand-latched/p195/f	4580382169689562671
G/0/demand-latched/p195/g	4579201576202627243
G/0/demand-latched/p195/g_fuel	4579201576202627243
G/0/demand-latched/p195/g_gov	4577550682665879846
G/0/demand-latched/p195/ic_iters	1
G/0/demand-latched/p195/ic_order	16448961268219989400
G/0/demand-latched/p195/ic_res	0
G/0/demand-latched/p195/lag_coord	4551893238594259504
G/0/demand-latched/p195/mdot_air	4603364550124398403
G/0/demand-latched/p195/mf	4576598004192639867
G/0/demand-latched/p195/mf_sched	4582403389825004051
G/0/demand-latched/p195/nu_hp	4605292294839495533
G/0/demand-latched/p195/nu_lp	4604908498284992449
G/0/demand-latched/p195/phi_hp	4606680258087474445
G/0/demand-latched/p195/phi_lp	4605380978949069210
G/0/demand-latched/p195/pi_hpc	4616236729973011810
G/0/demand-latched/p195/pi_lpc	4611845222978564899
G/0/demand-latched/p195/required	4579201576202627248
G/0/demand-latched/p195/required_fuel	4579201576202627248
G/0/demand-latched/p195/required_gov	4577550682647349797
G/0/demand-latched/p195/s	4606957238818648890
G/0/demand-latched/p195/share_law	580772045163143161
G/0/demand-latched/p195/sp_thrust	4646329581975695665
G/0/demand-latched/p195/v	13592569839959618276
G/0/demand-latched/p195/v_cmd	0
G/0/demand-latched/p195/v_regime	9087740570393753374
G/0/demand-latched/p195/v_regime?	1
G/0/demand-latched/p195/w_fuel	4576598004192639867
G/0/demand-latched/p195/w_fuel?	1
G/0/demand-latched/p195/w_gov	4578248897729387264
G/0/demand-latched/p195/w_gov?	1
G/0/demand-latched/p20/Tt4	4652007308841189374
G/0/demand-latched/p20/authority	9674992558986367437
G/0/demand-latched/p20/b	4585439236324657474
G/0/demand-latched/p20/b_cmd	4585439236324657427
G/0/demand-latched/p20/branch	13126223303132988745
G/0/demand-latched/p20/cap_fuel	4576598004192639871
G/0/demand-latched/p20/cap_fuel?	1
G/0/demand-latched/p20/cap_gov	4578207595076954630
G/0/demand-latched/p20/cap_gov?	1
G/0/demand-latched/p20/f	4580382169689562668
G/0/demand-latched/p20/g	4568584786063571516
G/0/demand-latched/p20/g_fuel	4568584786063571516
G/0/demand-latched/p20/g_gov	4563209847104714464
G/0/demand-latched/p20/ic_iters	1
G/0/demand-latched/p20/ic_order	16448961268219989400
G/0/demand-latched/p20/ic_res	0
G/0/demand-latched/p20/lag_coord	4551893238594259504
G/0/demand-latched/p20/mdot_air	4603364550124398412
G/0/demand-latched/p20/mf	4576598004192639863
G/0/demand-latched/p20/mf_sched	4578207595076954630
G/0/demand-latched/p20/nu_hp	4605292294839495533
G/0/demand-latched/p20/nu_lp	4604908498284992449
G/0/demand-latched/p20/phi_hp	4606680258087474441
G/0/demand-latched/p20/phi_lp	4605380978949069209
G/0/demand-latched/p20/pi_hpc	4616236729973011811
G/0/demand-latched/p20/pi_lpc	4611845222978564901
G/0/demand-latched/p20/required	4568584786063571484
G/0/demand-latched/p20/required_fuel	4568584786063571484
G/0/demand-latched/p20/required_gov	0
G/0/demand-latched/p20/s	4591870180066957723
G/0/demand-latched/p20/share_law	580772045163143161
G/0/demand-latched/p20/sp_thrust	4646329581975695668
G/0/demand-latched/p20/v	13604855642562169517
G/0/demand-latched/p20/v_cmd	13610951680647784294
G/0/demand-latched/p20/v_regime	10791139852042193048
G/0/demand-latched/p20/v_regime?	1
G/0/demand-latched/p20/w_fuel	4576598004192639863
G/0/demand-latched/p20/w_fuel?	1
G/0/demand-latched/p20/w_gov	4577511717051233066
G/0/demand-latched/p20/w_gov?	1
G/0/demand-latched/p200/Tt4	4652007308841189376
G/0/demand-latched/p200/authority	9674992558986367437
G/0/demand-latched/p200/b	4585439236324657509
G/0/demand-latched/p200/b_cmd	4585439236324657506
G/0/demand-latched/p200/branch	13126223303132988745
G/0/demand-latched/p200/cap_fuel	4576598004192639862
G/0/demand-latched/p200/cap_fuel?	1
G/0/demand-latched/p200/cap_gov	4578248897747917313
G/0/demand-latched/p200/cap_gov?	1
G/0/demand-latched/p200/f	4580382169689562671
G/0/demand-latched/p200/g	4579201576202627243
G/0/demand-latched/p200/g_fuel	4579201576202627243
G/0/demand-latched/p200/g_gov	4577550682658588845
G/0/demand-latched/p200/ic_iters	1
G/0/demand-latched/p200/ic_order	16448961268219989400
G/0/demand-latched/p200/ic_res	0
G/0/demand-latched/p200/lag_coord	4551893238594259504
G/0/demand-latched/p200/mdot_air	4603364550124398403
G/0/demand-latched/p200/mf	4576598004192639867
G/0/demand-latched/p200/mf_sched	4582403389825004051
G/0/demand-latched/p200/nu_hp	4605292294839495533
G/0/demand-latched/p200/nu_lp	4604908498284992449
G/0/demand-latched/p200/phi_hp	4606680258087474445
G/0/demand-latched/p200/phi_lp	4605380978949069210
G/0/demand-latched/p200/pi_hpc	4616236729973011810
G/0/demand-latched/p200/pi_lpc	4611845222978564899
G/0/demand-latched/p200/required	4579201576202627248
G/0/demand-latched/p200/required_fuel	4579201576202627248
G/0/demand-latched/p200/required_gov	4577550682647349797
G/0/demand-latched/p200/s	4607182418800017411
G/0/demand-latched/p200/share_law	580772045163143161
G/0/demand-latched/p200/sp_thrust	4646329581975695665
G/0/demand-latched/p200/v	13592569746897823877
G/0/demand-latched/p200/v_cmd	0
G/0/demand-latched/p200/v_regime	9087740570393753374
G/0/demand-latched/p200/v_regime?	1
G/0/demand-latched/p200/w_fuel	4576598004192639867
G/0/demand-latched/p200/w_fuel?	1
G/0/demand-latched/p200/w_gov	4578248897736678265
G/0/demand-latched/p200/w_gov?	1
G/0/demand-latched/p205/Tt4	4652007308841189376
G/0/demand-latched/p205/authority	9674992558986367437
G/0/demand-latched/p205/b	4585439236324657509
G/0/demand-latched/p205/b_cmd	4585439236324657506
G/0/demand-latched/p205/branch	13126223303132988745
G/0/demand-latched/p205/cap_fuel	4576598004192639862
G/0/demand-latched/p205/cap_fuel?	1
G/0/demand-latched/p205/cap_gov	4578248897747917313
G/0/demand-latched/p205/cap_gov?	1
G/0/demand-latched/p205/f	4580382169689562671
G/0/demand-latched/p205/g	4579201576202627243
G/0/demand-latched/p205/g_fuel	4579201576202627243
G/0/demand-latched/p205/g_gov	4577550682654166627
G/0/demand-latched/p205/ic_iters	1
G/0/demand-latched/p205/ic_order	16448961268219989400
G/0/demand-latched/p205/ic_res	0
G/0/demand-latched/p205/lag_coord	4551893238594259504
G/0/demand-latched/p205/mdot_air	4603364550124398403
G/0/demand-latched/p205/mf	4576598004192639867
G/0/demand-latched/p205/mf_sched	4582403389825004051
G/0/demand-latched/p205/nu_hp	4605292294839495533
G/0/demand-latched/p205/nu_lp	4604908498284992449
G/0/demand-latched/p205/phi_hp	4606680258087474445
G/0/demand-latched/p205/phi_lp	4605380978949069210
G/0/demand-latched/p205/pi_hpc	4616236729973011810
G/0/demand-latched/p205/pi_lpc	4611845222978564899
G/0/demand-latched/p205/required	4579201576202627248
G/0/demand-latched/p205/required_fuel	4579201576202627248
G/0/demand-latched/p205/required_gov	4577550682647349797
G/0/demand-latched/p205/s	4607295008790701671
G/0/demand-latched/p205/share_law	580772045163143161
G/0/demand-latched/p205/sp_thrust	4646329581975695665
G/0/demand-latched/p205/v	13592569690452966761
G/0/demand-latched/p205/v_cmd	0
G/0/demand-latched/p205/v_regime	9087740570393753374
G/0/demand-latched/p205/v_regime?	1
G/0/demand-latched/p205/w_fuel	4576598004192639867
G/0/demand-latched/p205/w_fuel?	1
G/0/demand-latched/p205/w_gov	4578248897741100483
G/0/demand-latched/p205/w_gov?	1
G/0/demand-latched/p210/Tt4	4652007308841189376
G/0/demand-latched/p210/authority	9674992558986367437
G/0/demand-latched/p210/b	4585439236324657509
G/0/demand-latched/p210/b_cmd	4585439236324657506
G/0/demand-latched/p210/branch	13126223303132988745
G/0/demand-latched/p210/cap_fuel	4576598004192639862
G/0/demand-latched/p210/cap_fuel?	1
G/0/demand-latched/p210/cap_gov	4578248897747917313
G/0/demand-latched/p210/cap_gov?	1
G/0/demand-latched/p210/f	4580382169689562671
G/0/demand-latched/p210/g	4579201576202627243
G/0/demand-latched/p210/g_fuel	4579201576202627243
G/0/demand-latched/p210/g_gov	4577550682651484415
G/0/demand-latched/p210/ic_iters	1
G/0/demand-latched/p210/ic_order	16448961268219989400
G/0/demand-latched/p210/ic_res	0
G/0/demand-latched/p210/lag_coord	4551893238594259504
G/0/demand-latched/p210/mdot_air	4603364550124398403
G/0/demand-latched/p210/mf	4576598004192639867
G/0/demand-latched/p210/mf_sched	4582403389825004051
G/0/demand-latched/p210/nu_hp	4605292294839495533
G/0/demand-latched/p210/nu_lp	4604908498284992449
G/0/demand-latched/p210/phi_hp	4606680258087474445
G/0/demand-latched/p210/phi_lp	4605380978949069210
G/0/demand-latched/p210/pi_hpc	4616236729973011810
G/0/demand-latched/p210/pi_lpc	4611845222978564899
G/0/demand-latched/p210/required	4579201576202627248
G/0/demand-latched/p210/required_fuel	4579201576202627248
G/0/demand-latched/p210/required_gov	4577550682647349797
G/0/demand-latched/p210/s	4607407598781385931
G/0/demand-latched/p210/share_law	580772045163143161
G/0/demand-latched/p210/sp_thrust	4646329581975695665
G/0/demand-latched/p210/v	13592569656217414831
G/0/demand-latched/p210/v_cmd	0
G/0/demand-latched/p210/v_regime	9087740570393753374
G/0/demand-latched/p210/v_regime?	1
G/0/demand-latched/p210/w_fuel	4576598004192639867
G/0/demand-latched/p210/w_fuel?	1
G/0/demand-latched/p210/w_gov	4578248897743782695
G/0/demand-latched/p210/w_gov?	1
G/0/demand-latched/p215/Tt4	4652007308841189376
G/0/demand-latched/p215/authority	9674992558986367437
G/0/demand-latched/p215/b	4585439236324657509
G/0/demand-latched/p215/b_cmd	4585439236324657506
G/0/demand-latched/p215/branch	13126223303132988745
G/0/demand-latched/p215/cap_fuel	4576598004192639862
G/0/demand-latched/p215/cap_fuel?	1
G/0/demand-latched/p215/cap_gov	4578248897747917313
G/0/demand-latched/p215/cap_gov?	1
G/0/demand-latched/p215/f	4580382169689562671
G/0/demand-latched/p215/g	4579201576202627243
G/0/demand-latched/p215/g_fuel	4579201576202627243
G/0/demand-latched/p215/g_gov	4577550682649857570
G/0/demand-latched/p215/ic_iters	1
G/0/demand-latched/p215/ic_order	16448961268219989400
G/0/demand-latched/p215/ic_res	0
G/0/demand-latched/p215/lag_coord	4551893238594259504
G/0/demand-latched/p215/mdot_air	4603364550124398403
G/0/demand-latched/p215/mf	4576598004192639867
G/0/demand-latched/p215/mf_sched	4582403389825004051
G/0/demand-latched/p215/nu_hp	4605292294839495533
G/0/demand-latched/p215/nu_lp	4604908498284992449
G/0/demand-latched/p215/phi_hp	4606680258087474445
G/0/demand-latched/p215/phi_lp	4605380978949069210
G/0/demand-latched/p215/pi_hpc	4616236729973011810
G/0/demand-latched/p215/pi_lpc	4611845222978564899
G/0/demand-latched/p215/required	4579201576202627248
G/0/demand-latched/p215/required_fuel	4579201576202627248
G/0/demand-latched/p215/required_gov	4577550682647349797
G/0/demand-latched/p215/s	4607520188772070191
G/0/demand-latched/p215/share_law	580772045163143161
G/0/demand-latched/p215/sp_thrust	4646329581975695665
G/0/demand-latched/p215/v	13592569635452493529
G/0/demand-latched/p215/v_cmd	0
G/0/demand-latched/p215/v_regime	9087740570393753374
G/0/demand-latched/p215/v_regime?	1
G/0/demand-latched/p215/w_fuel	4576598004192639867
G/0/demand-latched/p215/w_fuel?	1
G/0/demand-latched/p215/w_gov	4578248897745409540
G/0/demand-latched/p215/w_gov?	1
G/0/demand-latched/p220/Tt4	4652007308841189376
G/0/demand-latched/p220/authority	9674992558986367437
G/0/demand-latched/p220/b	4585439236324657509
G/0/demand-latched/p220/b_cmd	4585439236324657506
G/0/demand-latched/p220/branch	13126223303132988745
G/0/demand-latched/p220/cap_fuel	4576598004192639862
G/0/demand-latched/p220/cap_fuel?	1
G/0/demand-latched/p220/cap_gov	4578248897747917313
G/0/demand-latched/p220/cap_gov?	1
G/0/demand-latched/p220/f	4580382169689562671
G/0/demand-latched/p220/g	4579201576202627243
G/0/demand-latched/p220/g_fuel	4579201576202627243
G/0/demand-latched/p220/g_gov	4577550682648870839
G/0/demand-latched/p220/ic_iters	1
G/0/demand-latched/p220/ic_order	16448961268219989400
G/0/demand-latched/p220/ic_res	0
G/0/demand-latched/p220/lag_coord	4551893238594259504
G/0/demand-latched/p220/mdot_air	4603364550124398403
G/0/demand-latched/p220/mf	4576598004192639867
G/0/demand-latched/p220/mf_sched	4582403389825004051
G/0/demand-latched/p220/nu_hp	4605292294839495533
G/0/demand-latched/p220/nu_lp	4604908498284992449
G/0/demand-latched/p220/phi_hp	4606680258087474445
G/0/demand-latched/p220/phi_lp	4605380978949069210
G/0/demand-latched/p220/pi_hpc	4616236729973011810
G/0/demand-latched/p220/pi_lpc	4611845222978564899
G/0/demand-latched/p220/required	4579201576202627248
G/0/demand-latched/p220/required_fuel	4579201576202627248
G/0/demand-latched/p220/required_gov	4577550682647349797
G/0/demand-latched/p220/s	4607632778762754451
G/0/demand-latched/p220/share_law	580772045163143161
G/0/demand-latched/p220/sp_thrust	4646329581975695665
G/0/demand-latched/p220/v	13592569622857926408
G/0/demand-latched/p220/v_cmd	0
G/0/demand-latched/p220/v_regime	9087740570393753374
G/0/demand-latched/p220/v_regime?	1
G/0/demand-latched/p220/w_fuel	4576598004192639867
G/0/demand-latched/p220/w_fuel?	1
G/0/demand-latched/p220/w_gov	4578248897746396271
G/0/demand-latched/p220/w_gov?	1
G/0/demand-latched/p225/Tt4	4652007308841189376
G/0/demand-latched/p225/authority	9674992558986367437
G/0/demand-latched/p225/b	4585439236324657509
G/0/demand-latched/p225/b_cmd	4585439236324657506
G/0/demand-latched/p225/branch	13126223303132988745
G/0/demand-latched/p225/cap_fuel	4576598004192639862
G/0/demand-latched/p225/cap_fuel?	1
G/0/demand-latched/p225/cap_gov	4578248897747917313
G/0/demand-latched/p225/cap_gov?	1
G/0/demand-latched/p225/f	4580382169689562671
G/0/demand-latched/p225/g	4579201576202627243
G/0/demand-latched/p225/g_fuel	4579201576202627243
G/0/demand-latched/p225/g_gov	4577550682648272356
G/0/demand-latched/p225/ic_iters	1
G/0/demand-latched/p225/ic_order	16448961268219989400
G/0/demand-latched/p225/ic_res	0
G/0/demand-latched/p225/lag_coord	4551893238594259504
G/0/demand-latched/p225/mdot_air	4603364550124398403
G/0/demand-latched/p225/mf	4576598004192639867
G/0/demand-latched/p225/mf_sched	4582403389825004051
G/0/demand-latched/p225/nu_hp	4605292294839495533
G/0/demand-latched/p225/nu_lp	4604908498284992449
G/0/demand-latched/p225/phi_hp	4606680258087474445
G/0/demand-latched/p225/phi_lp	4605380978949069210
G/0/demand-latched/p225/pi_hpc	4616236729973011810
G/0/demand-latched/p225/pi_lpc	4611845222978564899
G/0/demand-latched/p225/required	4579201576202627248
G/0/demand-latched/p225/required_fuel	4579201576202627248
G/0/demand-latched/p225/required_gov	4577550682647349797
G/0/demand-latched/p225/s	4607745368753438711
G/0/demand-latched/p225/share_law	580772045163143161
G/0/demand-latched/p225/sp_thrust	4646329581975695665
G/0/demand-latched/p225/v	13592569615218931843
G/0/demand-latched/p225/v_cmd	0
G/0/demand-latched/p225/v_regime	9087740570393753374
G/0/demand-latched/p225/v_regime?	1
G/0/demand-latched/p225/w_fuel	4576598004192639867
G/0/demand-latched/p225/w_fuel?	1
G/0/demand-latched/p225/w_gov	4578248897746994754
G/0/demand-latched/p225/w_gov?	1
G/0/demand-latched/p230/Tt4	4652007308841189376
G/0/demand-latched/p230/authority	9674992558986367437
G/0/demand-latched/p230/b	4585439236324657509
G/0/demand-latched/p230/b_cmd	4585439236324657506
G/0/demand-latched/p230/branch	13126223303132988745
G/0/demand-latched/p230/cap_fuel	4576598004192639862
G/0/demand-latched/p230/cap_fuel?	1
G/0/demand-latched/p230/cap_gov	4578248897747917313
G/0/demand-latched/p230/cap_gov?	1
G/0/demand-latched/p230/f	4580382169689562671
G/0/demand-latched/p230/g	4579201576202627243
G/0/demand-latched/p230/g_fuel	4579201576202627243
G/0/demand-latched/p230/g_gov	4577550682647909358
G/0/demand-latched/p230/ic_iters	1
G/0/demand-latched/p230/ic_order	16448961268219989400
G/0/demand-latched/p230/ic_res	0
G/0/demand-latched/p230/lag_coord	4551893238594259504
G/0/demand-latched/p230/mdot_air	4603364550124398403
G/0/demand-latched/p230/mf	4576598004192639867
G/0/demand-latched/p230/mf_sched	4582403389825004051
G/0/demand-latched/p230/nu_hp	4605292294839495533
G/0/demand-latched/p230/nu_lp	4604908498284992449
G/0/demand-latched/p230/phi_hp	4606680258087474445
G/0/demand-latched/p230/phi_lp	4605380978949069210
G/0/demand-latched/p230/pi_hpc	4616236729973011810
G/0/demand-latched/p230/pi_lpc	4611845222978564899
G/0/demand-latched/p230/required	4579201576202627248
G/0/demand-latched/p230/required_fuel	4579201576202627248
G/0/demand-latched/p230/required_gov	4577550682647349797
G/0/demand-latched/p230/s	4607857958744122971
G/0/demand-latched/p230/share_law	580772045163143161
G/0/demand-latched/p230/sp_thrust	4646329581975695665
G/0/demand-latched/p230/v	13592569610585645332
G/0/demand-latched/p230/v_cmd	0
G/0/demand-latched/p230/v_regime	9087740570393753374
G/0/demand-latched/p230/v_regime?	1
G/0/demand-latched/p230/w_fuel	4576598004192639867
G/0/demand-latched/p230/w_fuel?	1
G/0/demand-latched/p230/w_gov	4578248897747357752
G/0/demand-latched/p230/w_gov?	1
G/0/demand-latched/p235/Tt4	4652007308841189376
G/0/demand-latched/p235/authority	9674992558986367437
G/0/demand-latched/p235/b	4585439236324657509
G/0/demand-latched/p235/b_cmd	4585439236324657506
G/0/demand-latched/p235/branch	13126223303132988745
G/0/demand-latched/p235/cap_fuel	4576598004192639862
G/0/demand-latched/p235/cap_fuel?	1
G/0/demand-latched/p235/cap_gov	4578248897747917313
G/0/demand-latched/p235/cap_gov?	1
G/0/demand-latched/p235/f	4580382169689562671
G/0/demand-latched/p235/g	4579201576202627243
G/0/demand-latched/p235/g_fuel	4579201576202627243
G/0/demand-latched/p235/g_gov	4577550682647689188
G/0/demand-latched/p235/ic_iters	1
G/0/demand-latched/p235/ic_order	16448961268219989400
G/0/demand-latched/p235/ic_res	0
G/0/demand-latched/p235/lag_coord	4551893238594259504
G/0/demand-latched/p235/mdot_air	4603364550124398403
G/0/demand-latched/p235/mf	4576598004192639867
G/0/demand-latched/p235/mf_sched	4582403389825004051
G/0/demand-latched/p235/nu_hp	4605292294839495533
G/0/demand-latched/p235/nu_lp	4604908498284992449
G/0/demand-latched/p235/phi_hp	4606680258087474445
G/0/demand-latched/p235/phi_lp	4605380978949069210
G/0/demand-latched/p235/pi_hpc	4616236729973011810
G/0/demand-latched/p235/pi_lpc	4611845222978564899
G/0/demand-latched/p235/required	4579201576202627248
G/0/demand-latched/p235/required_fuel	4579201576202627248
G/0/demand-latched/p235/required_gov	4577550682647349797
G/0/demand-latched/p235/s	4607970548734807231
G/0/demand-latched/p235/share_law	580772045163143161
G/0/demand-latched/p235/sp_thrust	4646329581975695665
G/0/demand-latched/p235/v	13592569607775413735
G/0/demand-latched/p235/v_cmd	0
G/0/demand-latched/p235/v_regime	9087740570393753374
G/0/demand-latched/p235/v_regime?	1
G/0/demand-latched/p235/w_fuel	4576598004192639867
G/0/demand-latched/p235/w_fuel?	1
G/0/demand-latched/p235/w_gov	4578248897747577922
G/0/demand-latched/p235/w_gov?	1
G/0/demand-latched/p240/Tt4	4652007308841189376
G/0/demand-latched/p240/authority	9674992558986367437
G/0/demand-latched/p240/b	4585439236324657509
G/0/demand-latched/p240/b_cmd	4585439236324657506
G/0/demand-latched/p240/branch	13126223303132988745
G/0/demand-latched/p240/cap_fuel	4576598004192639862
G/0/demand-latched/p240/cap_fuel?	1
G/0/demand-latched/p240/cap_gov	4578248897747917313
G/0/demand-latched/p240/cap_gov?	1
G/0/demand-latched/p240/f	4580382169689562671
G/0/demand-latched/p240/g	4579201576202627243
G/0/demand-latched/p240/g_fuel	4579201576202627243
G/0/demand-latched/p240/g_gov	4577550682647555648
G/0/demand-latched/p240/ic_iters	1
G/0/demand-latched/p240/ic_order	16448961268219989400
G/0/demand-latched/p240/ic_res	0
G/0/demand-latched/p240/lag_coord	4551893238594259504
G/0/demand-latched/p240/mdot_air	4603364550124398403
G/0/demand-latched/p240/mf	4576598004192639867
G/0/demand-latched/p240/mf_sched	4582403389825004051
G/0/demand-latched/p240/nu_hp	4605292294839495533
G/0/demand-latched/p240/nu_lp	4604908498284992449
G/0/demand-latched/p240/phi_hp	4606680258087474445
G/0/demand-latched/p240/phi_lp	4605380978949069210
G/0/demand-latched/p240/pi_hpc	4616236729973011810
G/0/demand-latched/p240/pi_lpc	4611845222978564899
G/0/demand-latched/p240/required	4579201576202627248
G/0/demand-latched/p240/required_fuel	4579201576202627248
G/0/demand-latched/p240/required_gov	4577550682647349797
G/0/demand-latched/p240/s	4608083138725491491
G/0/demand-latched/p240/share_law	580772045163143161
G/0/demand-latched/p240/sp_thrust	4646329581975695665
G/0/demand-latched/p240/v	13592569606070921339
G/0/demand-latched/p240/v_cmd	0
G/0/demand-latched/p240/v_regime	9087740570393753374
G/0/demand-latched/p240/v_regime?	1
G/0/demand-latched/p240/w_fuel	4576598004192639867
G/0/demand-latched/p240/w_fuel?	1
G/0/demand-latched/p240/w_gov	4578248897747711462
G/0/demand-latched/p240/w_gov?	1
G/0/demand-latched/p245/Tt4	4652007308841189376
G/0/demand-latched/p245/authority	9674992558986367437
G/0/demand-latched/p245/b	4585439236324657509
G/0/demand-latched/p245/b_cmd	4585439236324657506
G/0/demand-latched/p245/branch	13126223303132988745
G/0/demand-latched/p245/cap_fuel	4576598004192639862
G/0/demand-latched/p245/cap_fuel?	1
G/0/demand-latched/p245/cap_gov	4578248897747917313
G/0/demand-latched/p245/cap_gov?	1
G/0/demand-latched/p245/f	4580382169689562671
G/0/demand-latched/p245/g	4579201576202627243
G/0/demand-latched/p245/g_fuel	4579201576202627243
G/0/demand-latched/p245/g_gov	4577550682647474653
G/0/demand-latched/p245/ic_iters	1
G/0/demand-latched/p245/ic_order	16448961268219989400
G/0/demand-latched/p245/ic_res	0
G/0/demand-latched/p245/lag_coord	4551893238594259504
G/0/demand-latched/p245/mdot_air	4603364550124398403
G/0/demand-latched/p245/mf	4576598004192639867
G/0/demand-latched/p245/mf_sched	4582403389825004051
G/0/demand-latched/p245/nu_hp	4605292294839495533
G/0/demand-latched/p245/nu_lp	4604908498284992449
G/0/demand-latched/p245/phi_hp	4606680258087474445
G/0/demand-latched/p245/phi_lp	4605380978949069210
G/0/demand-latched/p245/pi_hpc	4616236729973011810
G/0/demand-latched/p245/pi_lpc	4611845222978564899
G/0/demand-latched/p245/required	4579201576202627248
G/0/demand-latched/p245/required_fuel	4579201576202627248
G/0/demand-latched/p245/required_gov	4577550682647349797
G/0/demand-latched/p245/s	4608195728716175751
G/0/demand-latched/p245/share_law	580772045163143161
G/0/demand-latched/p245/sp_thrust	4646329581975695665
G/0/demand-latched/p245/v	13592569605037093973
G/0/demand-latched/p245/v_cmd	0
G/0/demand-latched/p245/v_regime	9087740570393753374
G/0/demand-latched/p245/v_regime?	1
G/0/demand-latched/p245/w_fuel	4576598004192639867
G/0/demand-latched/p245/w_fuel?	1
G/0/demand-latched/p245/w_gov	4578248897747792457
G/0/demand-latched/p245/w_gov?	1
G/0/demand-latched/p25/Tt4	4652007308841189376
G/0/demand-latched/p25/authority	9674992558986367437
G/0/demand-latched/p25/b	4585439236324657474
G/0/demand-latched/p25/b_cmd	4585439236324657379
G/0/demand-latched/p25/branch	13126223303132988745
G/0/demand-latched/p25/cap_fuel	4576598004192639884
G/0/demand-latched/p25/cap_fuel?	1
G/0/demand-latched/p25/cap_gov	4578248897747917313
G/0/demand-latched/p25/cap_gov?	1
G/0/demand-latched/p25/f	4580382169689562670
G/0/demand-latched/p25/g	4570194376947886264
G/0/demand-latched/p25/g_fuel	4570194376947886264
G/0/demand-latched/p25/g_gov	4564112267797145024
G/0/demand-latched/p25/ic_iters	1
G/0/demand-latched/p25/ic_order	16448961268219989400
G/0/demand-latched/p25/ic_res	0
G/0/demand-latched/p25/lag_coord	4551893238594259504
G/0/demand-latched/p25/mdot_air	4603364550124398407
G/0/demand-latched/p25/mf	4576598004192639866
G/0/demand-latched/p25/mf_sched	4578609992798033320
G/0/demand-latched/p25/nu_hp	4605292294839495533
G/0/demand-latched/p25/nu_lp	4604908498284992449
G/0/demand-latched/p25/phi_hp	4606680258087474444
G/0/demand-latched/p25/phi_lp	4605380978949069210
G/0/demand-latched/p25/pi_hpc	4616236729973011811
G/0/demand-latched/p25/pi_lpc	4611845222978564901
G/0/demand-latched/p25/required	4570194376947886192
G/0/demand-latched/p25/required_fuel	4570194376947886192
G/0/demand-latched/p25/required_gov	4558916744073427568
G/0/demand-latched/p25/s	4593671619917905921
G/0/demand-latched/p25/share_law	580772045163143161
G/0/demand-latched/p25/sp_thrust	4646329581975695668
G/0/demand-latched/p25/v	13604851014276891095
G/0/demand-latched/p25/v_cmd	13610745117449209648
G/0/demand-latched/p25/v_regime	10791139852042193048
G/0/demand-latched/p25/v_regime?	1
G/0/demand-latched/p25/w_fuel	4576598004192639866
G/0/demand-latched/p25/w_fuel?	1
G/0/demand-latched/p25/w_gov	4577801312185757936
G/0/demand-latched/p25/w_gov?	1
G/0/demand-latched/p250/Tt4	4652007308841189376
G/0/demand-latched/p250/authority	9674992558986367437
G/0/demand-latched/p250/b	4585439236324657509
G/0/demand-latched/p250/b_cmd	4585439236324657506
G/0/demand-latched/p250/branch	13126223303132988745
G/0/demand-latched/p250/cap_fuel	4576598004192639862
G/0/demand-latched/p250/cap_fuel?	1
G/0/demand-latched/p250/cap_gov	4578248897747917313
G/0/demand-latched/p250/cap_gov?	1
G/0/demand-latched/p250/f	4580382169689562671
G/0/demand-latched/p250/g	4579201576202627243
G/0/demand-latched/p250/g_fuel	4579201576202627243
G/0/demand-latched/p250/g_gov	4577550682647425526
G/0/demand-latched/p250/ic_iters	1
G/0/demand-latched/p250/ic_order	16448961268219989400
G/0/demand-latched/p250/ic_res	0
G/0/demand-latched/p250/lag_coord	4551893238594259504
G/0/demand-latched/p250/mdot_air	4603364550124398403
G/0/demand-latched/p250/mf	4576598004192639867
G/0/demand-latched/p250/mf_sched	4582403389825004051
G/0/demand-latched/p250/nu_hp	4605292294839495533
G/0/demand-latched/p250/nu_lp	4604908498284992449
G/0/demand-latched/p250/phi_hp	4606680258087474445
G/0/demand-latched/p250/phi_lp	4605380978949069210
G/0/demand-latched/p250/pi_hpc	4616236729973011810
G/0/demand-latched/p250/pi_lpc	4611845222978564899
G/0/demand-latched/p250/required	4579201576202627248
G/0/demand-latched/p250/required_fuel	4579201576202627248
G/0/demand-latched/p250/required_gov	4577550682647349797
G/0/demand-latched/p250/s	4608308318706860011
G/0/demand-latched/p250/share_law	580772045163143161
G/0/demand-latched/p250/sp_thrust	4646329581975695665
G/0/demand-latched/p250/v	13592569604410045695
G/0/demand-latched/p250/v_cmd	0
G/0/demand-latched/p250/v_regime	9087740570393753374
G/0/demand-latched/p250/v_regime?	1
G/0/demand-latched/p250/w_fuel	4576598004192639867
G/0/demand-latched/p250/w_fuel?	1
G/0/demand-latched/p250/w_gov	4578248897747841584
G/0/demand-latched/p250/w_gov?	1
G/0/demand-latched/p255/Tt4	4652007308841189376
G/0/demand-latched/p255/authority	9674992558986367437
G/0/demand-latched/p255/b	4585439236324657509
G/0/demand-latched/p255/b_cmd	4585439236324657506
G/0/demand-latched/p255/branch	13126223303132988745
G/0/demand-latched/p255/cap_fuel	4576598004192639862
G/0/demand-latched/p255/cap_fuel?	1
G/0/demand-latched/p255/cap_gov	4578248897747917313
G/0/demand-latched/p255/cap_gov?	1
G/0/demand-latched/p255/f	4580382169689562671
G/0/demand-latched/p255/g	4579201576202627243
G/0/demand-latched/p255/g_fuel	4579201576202627243
G/0/demand-latched/p255/g_gov	4577550682647395728
G/0/demand-latched/p255/ic_iters	1
G/0/demand-latched/p255/ic_order	16448961268219989400
G/0/demand-latched/p255/ic_res	0
G/0/demand-latched/p255/lag_coord	4551893238594259504
G/0/demand-latched/p255/mdot_air	4603364550124398403
G/0/demand-latched/p255/mf	4576598004192639867
G/0/demand-latched/p255/mf_sched	4582403389825004051
G/0/demand-latched/p255/nu_hp	4605292294839495533
G/0/demand-latched/p255/nu_lp	4604908498284992449
G/0/demand-latched/p255/phi_hp	4606680258087474445
G/0/demand-latched/p255/phi_lp	4605380978949069210
G/0/demand-latched/p255/pi_hpc	4616236729973011810
G/0/demand-latched/p255/pi_lpc	4611845222978564899
G/0/demand-latched/p255/required	4579201576202627248
G/0/demand-latched/p255/required_fuel	4579201576202627248
G/0/demand-latched/p255/required_gov	4577550682647349797
G/0/demand-latched/p255/s	4608420908697544271
G/0/demand-latched/p255/share_law	580772045163143161
G/0/demand-latched/p255/sp_thrust	4646329581975695665
G/0/demand-latched/p255/v	13592569604029721517
G/0/demand-latched/p255/v_cmd	0
G/0/demand-latched/p255/v_regime	9087740570393753374
G/0/demand-latched/p255/v_regime?	1
G/0/demand-latched/p255/w_fuel	4576598004192639867
G/0/demand-latched/p255/w_fuel?	1
G/0/demand-latched/p255/w_gov	4578248897747871382
G/0/demand-latched/p255/w_gov?	1
G/0/demand-latched/p260/Tt4	4652007308841189376
G/0/demand-latched/p260/authority	9674992558986367437
G/0/demand-latched/p260/b	4585439236324657509
G/0/demand-latched/p260/b_cmd	4585439236324657506
G/0/demand-latched/p260/branch	13126223303132988745
G/0/demand-latched/p260/cap_fuel	4576598004192639862
G/0/demand-latched/p260/cap_fuel?	1
G/0/demand-latched/p260/cap_gov	4578248897747917313
G/0/demand-latched/p260/cap_gov?	1
G/0/demand-latched/p260/f	4580382169689562671
G/0/demand-latched/p260/g	4579201576202627243
G/0/demand-latched/p260/g_fuel	4579201576202627243
G/0/demand-latched/p260/g_gov	4577550682647377655
G/0/demand-latched/p260/ic_iters	1
G/0/demand-latched/p260/ic_order	16448961268219989400
G/0/demand-latched/p260/ic_res	0
G/0/demand-latched/p260/lag_coord	4551893238594259504
G/0/demand-latched/p260/mdot_air	4603364550124398403
G/0/demand-latched/p260/mf	4576598004192639867
G/0/demand-latched/p260/mf_sched	4582403389825004051
G/0/demand-latched/p260/nu_hp	4605292294839495533
G/0/demand-latched/p260/nu_lp	4604908498284992449
G/0/demand-latched/p260/phi_hp	4606680258087474445
G/0/demand-latched/p260/phi_lp	4605380978949069210
G/0/demand-latched/p260/pi_hpc	4616236729973011810
G/0/demand-latched/p260/pi_lpc	4611845222978564899
G/0/demand-latched/p260/required	4579201576202627248
G/0/demand-latched/p260/required_fuel	4579201576202627248
G/0/demand-latched/p260/required_gov	4577550682647349797
G/0/demand-latched/p260/s	4608533498688228531
G/0/demand-latched/p260/share_law	580772045163143161
G/0/demand-latched/p260/sp_thrust	4646329581975695665
G/0/demand-latched/p260/v	13592569603799043137
G/0/demand-latched/p260/v_cmd	0
G/0/demand-latched/p260/v_regime	9087740570393753374
G/0/demand-latched/p260/v_regime?	1
G/0/demand-latched/p260/w_fuel	4576598004192639867
G/0/demand-latched/p260/w_fuel?	1
G/0/demand-latched/p260/w_gov	4578248897747889455
G/0/demand-latched/p260/w_gov?	1
G/0/demand-latched/p265/Tt4	4652007308841189376
G/0/demand-latched/p265/authority	9674992558986367437
G/0/demand-latched/p265/b	4585439236324657509
G/0/demand-latched/p265/b_cmd	4585439236324657506
G/0/demand-latched/p265/branch	13126223303132988745
G/0/demand-latched/p265/cap_fuel	4576598004192639862
G/0/demand-latched/p265/cap_fuel?	1
G/0/demand-latched/p265/cap_gov	4578248897747917313
G/0/demand-latched/p265/cap_gov?	1
G/0/demand-latched/p265/f	4580382169689562671
G/0/demand-latched/p265/g	4579201576202627243
G/0/demand-latched/p265/g_fuel	4579201576202627243
G/0/demand-latched/p265/g_gov	4577550682647366694
G/0/demand-latched/p265/ic_iters	1
G/0/demand-latched/p265/ic_order	16448961268219989400
G/0/demand-latched/p265/ic_res	0
G/0/demand-latched/p265/lag_coord	4551893238594259504
G/0/demand-latched/p265/mdot_air	4603364550124398403
G/0/demand-latched/p265/mf	4576598004192639867
G/0/demand-latched/p265/mf_sched	4582403389825004051
G/0/demand-latched/p265/nu_hp	4605292294839495533
G/0/demand-latched/p265/nu_lp	4604908498284992449
G/0/demand-latched/p265/phi_hp	4606680258087474445
G/0/demand-latched/p265/phi_lp	4605380978949069210
G/0/demand-latched/p265/pi_hpc	4616236729973011810
G/0/demand-latched/p265/pi_lpc	4611845222978564899
G/0/demand-latched/p265/required	4579201576202627248
G/0/demand-latched/p265/required_fuel	4579201576202627248
G/0/demand-latched/p265/required_gov	4577550682647349797
G/0/demand-latched/p265/s	4608646088678912791
G/0/demand-latched/p265/share_law	580772045163143161
G/0/demand-latched/p265/sp_thrust	4646329581975695665
G/0/demand-latched/p265/v	13592569603659129564
G/0/demand-latched/p265/v_cmd	0
G/0/demand-latched/p265/v_regime	9087740570393753374
G/0/demand-latched/p265/v_regime?	1
G/0/demand-latched/p265/w_fuel	4576598004192639867
G/0/demand-latched/p265/w_fuel?	1
G/0/demand-latched/p265/w_gov	4578248897747900416
G/0/demand-latched/p265/w_gov?	1
G/0/demand-latched/p270/Tt4	4652007308841189376
G/0/demand-latched/p270/authority	9674992558986367437
G/0/demand-latched/p270/b	4585439236324657509
G/0/demand-latched/p270/b_cmd	4585439236324657506
G/0/demand-latched/p270/branch	13126223303132988745
G/0/demand-latched/p270/cap_fuel	4576598004192639862
G/0/demand-latched/p270/cap_fuel?	1
G/0/demand-latched/p270/cap_gov	4578248897747917313
G/0/demand-latched/p270/cap_gov?	1
G/0/demand-latched/p270/f	4580382169689562671
G/0/demand-latched/p270/g	4579201576202627243
G/0/demand-latched/p270/g_fuel	4579201576202627243
G/0/demand-latched/p270/g_gov	4577550682647360046
G/0/demand-latched/p270/ic_iters	1
G/0/demand-latched/p270/ic_order	16448961268219989400
G/0/demand-latched/p270/ic_res	0
G/0/demand-latched/p270/lag_coord	4551893238594259504
G/0/demand-latched/p270/mdot_air	4603364550124398403
G/0/demand-latched/p270/mf	4576598004192639867
G/0/demand-latched/p270/mf_sched	4582403389825004051
G/0/demand-latched/p270/nu_hp	4605292294839495533
G/0/demand-latched/p270/nu_lp	4604908498284992449
G/0/demand-latched/p270/phi_hp	4606680258087474445
G/0/demand-latched/p270/phi_lp	4605380978949069210
G/0/demand-latched/p270/pi_hpc	4616236729973011810
G/0/demand-latched/p270/pi_lpc	4611845222978564899
G/0/demand-latched/p270/required	4579201576202627248
G/0/demand-latched/p270/required_fuel	4579201576202627248
G/0/demand-latched/p270/required_gov	4577550682647349797
G/0/demand-latched/p270/s	4608758678669597051
G/0/demand-latched/p270/share_law	580772045163143161
G/0/demand-latched/p270/sp_thrust	4646329581975695665
G/0/demand-latched/p270/v	13592569603574267654
G/0/demand-latched/p270/v_cmd	0
G/0/demand-latched/p270/v_regime	9087740570393753374
G/0/demand-latched/p270/v_regime?	1
G/0/demand-latched/p270/w_fuel	4576598004192639867
G/0/demand-latched/p270/w_fuel?	1
G/0/demand-latched/p270/w_gov	4578248897747907064
G/0/demand-latched/p270/w_gov?	1
G/0/demand-latched/p275/Tt4	4652007308841189376
G/0/demand-latched/p275/authority	9674992558986367437
G/0/demand-latched/p275/b	4585439236324657509
G/0/demand-latched/p275/b_cmd	4585439236324657506
G/0/demand-latched/p275/branch	13126223303132988745
G/0/demand-latched/p275/cap_fuel	4576598004192639862
G/0/demand-latched/p275/cap_fuel?	1
G/0/demand-latched/p275/cap_gov	4578248897747917313
G/0/demand-latched/p275/cap_gov?	1
G/0/demand-latched/p275/f	4580382169689562671
G/0/demand-latched/p275/g	4579201576202627243
G/0/demand-latched/p275/g_fuel	4579201576202627243
G/0/demand-latched/p275/g_gov	4577550682647356013
G/0/demand-latched/p275/ic_iters	1
G/0/demand-latched/p275/ic_order	16448961268219989400
G/0/demand-latched/p275/ic_res	0
G/0/demand-latched/p275/lag_coord	4551893238594259504
G/0/demand-latched/p275/mdot_air	4603364550124398403
G/0/demand-latched/p275/mf	4576598004192639867
G/0/demand-latched/p275/mf_sched	4582403389825004051
G/0/demand-latched/p275/nu_hp	4605292294839495533
G/0/demand-latched/p275/nu_lp	4604908498284992449
G/0/demand-latched/p275/phi_hp	4606680258087474445
G/0/demand-latched/p275/phi_lp	4605380978949069210
G/0/demand-latched/p275/pi_hpc	4616236729973011810
G/0/demand-latched/p275/pi_lpc	4611845222978564899
G/0/demand-latched/p275/required	4579201576202627248
G/0/demand-latched/p275/required_fuel	4579201576202627248
G/0/demand-latched/p275/required_gov	4577550682647349797
G/0/demand-latched/p275/s	4608871268660281311
G/0/demand-latched/p275/share_law	580772045163143161
G/0/demand-latched/p275/sp_thrust	4646329581975695665
G/0/demand-latched/p275/v	13592569603522796280
G/0/demand-latched/p275/v_cmd	0
G/0/demand-latched/p275/v_regime	9087740570393753374
G/0/demand-latched/p275/v_regime?	1
G/0/demand-latched/p275/w_fuel	4576598004192639867
G/0/demand-latched/p275/w_fuel?	1
G/0/demand-latched/p275/w_gov	4578248897747911097
G/0/demand-latched/p275/w_gov?	1
G/0/demand-latched/p280/Tt4	4652007308841189376
G/0/demand-latched/p280/authority	9674992558986367437
G/0/demand-latched/p280/b	4585439236324657509
G/0/demand-latched/p280/b_cmd	4585439236324657506
G/0/demand-latched/p280/branch	13126223303132988745
G/0/demand-latched/p280/cap_fuel	4576598004192639862
G/0/demand-latched/p280/cap_fuel?	1
G/0/demand-latched/p280/cap_gov	4578248897747917313
G/0/demand-latched/p280/cap_gov?	1
G/0/demand-latched/p280/f	4580382169689562671
G/0/demand-latched/p280/g	4579201576202627243
G/0/demand-latched/p280/g_fuel	4579201576202627243
G/0/demand-latched/p280/g_gov	4577550682647353567
G/0/demand-latched/p280/ic_iters	1
G/0/demand-latched/p280/ic_order	16448961268219989400
G/0/demand-latched/p280/ic_res	0
G/0/demand-latched/p280/lag_coord	4551893238594259504
G/0/demand-latched/p280/mdot_air	4603364550124398403
G/0/demand-latched/p280/mf	4576598004192639867
G/0/demand-latched/p280/mf_sched	4582403389825004051
G/0/demand-latched/p280/nu_hp	4605292294839495533
G/0/demand-latched/p280/nu_lp	4604908498284992449
G/0/demand-latched/p280/phi_hp	4606680258087474445
G/0/demand-latched/p280/phi_lp	4605380978949069210
G/0/demand-latched/p280/pi_hpc	4616236729973011810
G/0/demand-latched/p280/pi_lpc	4611845222978564899
G/0/demand-latched/p280/required	4579201576202627248
G/0/demand-latched/p280/required_fuel	4579201576202627248
G/0/demand-latched/p280/required_gov	4577550682647349797
G/0/demand-latched/p280/s	4608983858650965571
G/0/demand-latched/p280/share_law	580772045163143161
G/0/demand-latched/p280/sp_thrust	4646329581975695665
G/0/demand-latched/p280/v	13592569603491577299
G/0/demand-latched/p280/v_cmd	0
G/0/demand-latched/p280/v_regime	9087740570393753374
G/0/demand-latched/p280/v_regime?	1
G/0/demand-latched/p280/w_fuel	4576598004192639867
G/0/demand-latched/p280/w_fuel?	1
G/0/demand-latched/p280/w_gov	4578248897747913543
G/0/demand-latched/p280/w_gov?	1
G/0/demand-latched/p285/Tt4	4652007308841189376
G/0/demand-latched/p285/authority	9674992558986367437
G/0/demand-latched/p285/b	4585439236324657509
G/0/demand-latched/p285/b_cmd	4585439236324657506
G/0/demand-latched/p285/branch	13126223303132988745
G/0/demand-latched/p285/cap_fuel	4576598004192639862
G/0/demand-latched/p285/cap_fuel?	1
G/0/demand-latched/p285/cap_gov	4578248897747917313
G/0/demand-latched/p285/cap_gov?	1
G/0/demand-latched/p285/f	4580382169689562671
G/0/demand-latched/p285/g	4579201576202627243
G/0/demand-latched/p285/g_fuel	4579201576202627243
G/0/demand-latched/p285/g_gov	4577550682647352083
G/0/demand-latched/p285/ic_iters	1
G/0/demand-latched/p285/ic_order	16448961268219989400
G/0/demand-latched/p285/ic_res	0
G/0/demand-latched/p285/lag_coord	4551893238594259504
G/0/demand-latched/p285/mdot_air	4603364550124398403
G/0/demand-latched/p285/mf	4576598004192639867
G/0/demand-latched/p285/mf_sched	4582403389825004051
G/0/demand-latched/p285/nu_hp	4605292294839495533
G/0/demand-latched/p285/nu_lp	4604908498284992449
G/0/demand-latched/p285/phi_hp	4606680258087474445
G/0/demand-latched/p285/phi_lp	4605380978949069210
G/0/demand-latched/p285/pi_hpc	4616236729973011810
G/0/demand-latched/p285/pi_lpc	4611845222978564899
G/0/demand-latched/p285/required	4579201576202627248
G/0/demand-latched/p285/required_fuel	4579201576202627248
G/0/demand-latched/p285/required_gov	4577550682647349797
G/0/demand-latched/p285/s	4609096448641649831
G/0/demand-latched/p285/share_law	580772045163143161
G/0/demand-latched/p285/sp_thrust	4646329581975695665
G/0/demand-latched/p285/v	13592569603472642022
G/0/demand-latched/p285/v_cmd	0
G/0/demand-latched/p285/v_regime	9087740570393753374
G/0/demand-latched/p285/v_regime?	1
G/0/demand-latched/p285/w_fuel	4576598004192639867
G/0/demand-latched/p285/w_fuel?	1
G/0/demand-latched/p285/w_gov	4578248897747915027
G/0/demand-latched/p285/w_gov?	1
G/0/demand-latched/p290/Tt4	4652007308841189376
G/0/demand-latched/p290/authority	9674992558986367437
G/0/demand-latched/p290/b	4585439236324657509
G/0/demand-latched/p290/b_cmd	4585439236324657506
G/0/demand-latched/p290/branch	13126223303132988745
G/0/demand-latched/p290/cap_fuel	4576598004192639862
G/0/demand-latched/p290/cap_fuel?	1
G/0/demand-latched/p290/cap_gov	4578248897747917313
G/0/demand-latched/p290/cap_gov?	1
G/0/demand-latched/p290/f	4580382169689562671
G/0/demand-latched/p290/g	4579201576202627243
G/0/demand-latched/p290/g_fuel	4579201576202627243
G/0/demand-latched/p290/g_gov	4577550682647351183
G/0/demand-latched/p290/ic_iters	1
G/0/demand-latched/p290/ic_order	16448961268219989400
G/0/demand-latched/p290/ic_res	0
G/0/demand-latched/p290/lag_coord	4551893238594259504
G/0/demand-latched/p290/mdot_air	4603364550124398403
G/0/demand-latched/p290/mf	4576598004192639867
G/0/demand-latched/p290/mf_sched	4582403389825004051
G/0/demand-latched/p290/nu_hp	4605292294839495533
G/0/demand-latched/p290/nu_lp	4604908498284992449
G/0/demand-latched/p290/phi_hp	4606680258087474445
G/0/demand-latched/p290/phi_lp	4605380978949069210
G/0/demand-latched/p290/pi_hpc	4616236729973011810
G/0/demand-latched/p290/pi_lpc	4611845222978564899
G/0/demand-latched/p290/required	4579201576202627248
G/0/demand-latched/p290/required_fuel	4579201576202627248
G/0/demand-latched/p290/required_gov	4577550682647349797
G/0/demand-latched/p290/s	4609209038632334091
G/0/demand-latched/p290/share_law	580772045163143161
G/0/demand-latched/p290/sp_thrust	4646329581975695665
G/0/demand-latched/p290/v	13592569603461157192
G/0/demand-latched/p290/v_cmd	0
G/0/demand-latched/p290/v_regime	9087740570393753374
G/0/demand-latched/p290/v_regime?	1
G/0/demand-latched/p290/w_fuel	4576598004192639867
G/0/demand-latched/p290/w_fuel?	1
G/0/demand-latched/p290/w_gov	4578248897747915927
G/0/demand-latched/p290/w_gov?	1
G/0/demand-latched/p295/Tt4	4652007308841189376
G/0/demand-latched/p295/authority	9674992558986367437
G/0/demand-latched/p295/b	4585439236324657509
G/0/demand-latched/p295/b_cmd	4585439236324657506
G/0/demand-latched/p295/branch	13126223303132988745
G/0/demand-latched/p295/cap_fuel	4576598004192639862
G/0/demand-latched/p295/cap_fuel?	1
G/0/demand-latched/p295/cap_gov	4578248897747917313
G/0/demand-latched/p295/cap_gov?	1
G/0/demand-latched/p295/f	4580382169689562671
G/0/demand-latched/p295/g	4579201576202627243
G/0/demand-latched/p295/g_fuel	4579201576202627243
G/0/demand-latched/p295/g_gov	4577550682647350638
G/0/demand-latched/p295/ic_iters	1
G/0/demand-latched/p295/ic_order	16448961268219989400
G/0/demand-latched/p295/ic_res	0
G/0/demand-latched/p295/lag_coord	4551893238594259504
G/0/demand-latched/p295/mdot_air	4603364550124398403
G/0/demand-latched/p295/mf	4576598004192639867
G/0/demand-latched/p295/mf_sched	4582403389825004051
G/0/demand-latched/p295/nu_hp	4605292294839495533
G/0/demand-latched/p295/nu_lp	4604908498284992449
G/0/demand-latched/p295/phi_hp	4606680258087474445
G/0/demand-latched/p295/phi_lp	4605380978949069210
G/0/demand-latched/p295/pi_hpc	4616236729973011810
G/0/demand-latched/p295/pi_lpc	4611845222978564899
G/0/demand-latched/p295/required	4579201576202627248
G/0/demand-latched/p295/required_fuel	4579201576202627248
G/0/demand-latched/p295/required_gov	4577550682647349797
G/0/demand-latched/p295/s	4609321628623018351
G/0/demand-latched/p295/share_law	580772045163143161
G/0/demand-latched/p295/sp_thrust	4646329581975695665
G/0/demand-latched/p295/v	13592569603454191286
G/0/demand-latched/p295/v_cmd	0
G/0/demand-latched/p295/v_regime	9087740570393753374
G/0/demand-latched/p295/v_regime?	1
G/0/demand-latched/p295/w_fuel	4576598004192639867
G/0/demand-latched/p295/w_fuel?	1
G/0/demand-latched/p295/w_gov	4578248897747916472
G/0/demand-latched/p295/w_gov?	1
G/0/demand-latched/p30/Tt4	4652007308841189378
G/0/demand-latched/p30/authority	9674992558986367437
G/0/demand-latched/p30/b	4585439236324657476
G/0/demand-latched/p30/b_cmd	4585439236324657478
G/0/demand-latched/p30/branch	13126223303132988745
G/0/demand-latched/p30/cap_fuel	4576598004192639870
G/0/demand-latched/p30/cap_fuel?	1
G/0/demand-latched/p30/cap_gov	4578248897747917317
G/0/demand-latched/p30/cap_gov?	1
G/0/demand-latched/p30/f	4580382169689562671
G/0/demand-latched/p30/g	4571478794806627230
G/0/demand-latched/p30/g_fuel	4571478794806627230
G/0/demand-latched/p30/g_gov	4565922560982507040
G/0/demand-latched/p30/ic_iters	1
G/0/demand-latched/p30/ic_order	16448961268219989400
G/0/demand-latched/p30/ic_res	0
G/0/demand-latched/p30/lag_coord	4551893238594259504
G/0/demand-latched/p30/mdot_air	4603364550124398408
G/0/demand-latched/p30/mf	4576598004192639867
G/0/demand-latched/p30/mf_sched	4579012390519112010
G/0/demand-latched/p30/nu_hp	4605292294839495533
G/0/demand-latched/p30/nu_lp	4604908498284992449
G/0/demand-latched/p30/phi_hp	4606680258087474441
G/0/demand-latched/p30/phi_lp	4605380978949069209
G/0/demand-latched/p30/pi_hpc	4616236729973011811
G/0/demand-latched/p30/pi_lpc	4611845222978564901
G/0/demand-latched/p30/required	4571478794806627224
G/0/demand-latched/p30/required_fuel	4571478794806627224
G/0/demand-latched/p30/required_gov	4563750765068499496
G/0/demand-latched/p30/s	4594572339843380021
G/0/demand-latched/p30/share_law	580772045163143161
G/0/demand-latched/p30/sp_thrust	4646329581975695667
G/0/demand-latched/p30/v	13604506947257744979
G/0/demand-latched/p30/v_cmd	13600126203347143496
G/0/demand-latched/p30/v_regime	10791139852042193048
G/0/demand-latched/p30/v_regime?	1
G/0/demand-latched/p30/w_fuel	4576598004192639867
G/0/demand-latched/p30/w_fuel?	1
G/0/demand-latched/p30/w_gov	4577977423258666374
G/0/demand-latched/p30/w_gov?	1
G/0/demand-latched/p300/Tt4	4652007308841189376
G/0/demand-latched/p300/authority	9674992558986367437
G/0/demand-latched/p300/b	4585439236324657509
G/0/demand-latched/p300/b_cmd	4585439236324657506
G/0/demand-latched/p300/branch	13126223303132988745
G/0/demand-latched/p300/cap_fuel	4576598004192639862
G/0/demand-latched/p300/cap_fuel?	1
G/0/demand-latched/p300/cap_gov	4578248897747917313
G/0/demand-latched/p300/cap_gov?	1
G/0/demand-latched/p300/f	4580382169689562671
G/0/demand-latched/p300/g	4579201576202627243
G/0/demand-latched/p300/g_fuel	4579201576202627243
G/0/demand-latched/p300/g_gov	4577550682647350307
G/0/demand-latched/p300/ic_iters	1
G/0/demand-latched/p300/ic_order	16448961268219989400
G/0/demand-latched/p300/ic_res	0
G/0/demand-latched/p300/lag_coord	4551893238594259504
G/0/demand-latched/p300/mdot_air	4603364550124398403
G/0/demand-latched/p300/mf	4576598004192639867
G/0/demand-latched/p300/mf_sched	4582403389825004051
G/0/demand-latched/p300/nu_hp	4605292294839495533
G/0/demand-latched/p300/nu_lp	4604908498284992449
G/0/demand-latched/p300/phi_hp	4606680258087474445
G/0/demand-latched/p300/phi_lp	4605380978949069210
G/0/demand-latched/p300/pi_hpc	4616236729973011810
G/0/demand-latched/p300/pi_lpc	4611845222978564899
G/0/demand-latched/p300/required	4579201576202627248
G/0/demand-latched/p300/required_fuel	4579201576202627248
G/0/demand-latched/p300/required_gov	4577550682647349797
G/0/demand-latched/p300/s	4609434218613702611
G/0/demand-latched/p300/share_law	580772045163143161
G/0/demand-latched/p300/sp_thrust	4646329581975695665
G/0/demand-latched/p300/v	13592569603449966248
G/0/demand-latched/p300/v_cmd	0
G/0/demand-latched/p300/v_regime	9087740570393753374
G/0/demand-latched/p300/v_regime?	1
G/0/demand-latched/p300/w_fuel	4576598004192639867
G/0/demand-latched/p300/w_fuel?	1
G/0/demand-latched/p300/w_gov	4578248897747916803
G/0/demand-latched/p300/w_gov?	1
G/0/demand-latched/p305/Tt4	4652007308841189376
G/0/demand-latched/p305/authority	9674992558986367437
G/0/demand-latched/p305/b	4585439236324657509
G/0/demand-latched/p305/b_cmd	4585439236324657506
G/0/demand-latched/p305/branch	13126223303132988745
G/0/demand-latched/p305/cap_fuel	4576598004192639862
G/0/demand-latched/p305/cap_fuel?	1
G/0/demand-latched/p305/cap_gov	4578248897747917313
G/0/demand-latched/p305/cap_gov?	1
G/0/demand-latched/p305/f	4580382169689562671
G/0/demand-latched/p305/g	4579201576202627243
G/0/demand-latched/p305/g_fuel	4579201576202627243
G/0/demand-latched/p305/g_gov	4577550682647350106
G/0/demand-latched/p305/ic_iters	1
G/0/demand-latched/p305/ic_order	16448961268219989400
G/0/demand-latched/p305/ic_res	0
G/0/demand-latched/p305/lag_coord	4551893238594259504
G/0/demand-latched/p305/mdot_air	4603364550124398403
G/0/demand-latched/p305/mf	4576598004192639867
G/0/demand-latched/p305/mf_sched	4582403389825004051
G/0/demand-latched/p305/nu_hp	4605292294839495533
G/0/demand-latched/p305/nu_lp	4604908498284992449
G/0/demand-latched/p305/phi_hp	4606680258087474445
G/0/demand-latched/p305/phi_lp	4605380978949069210
G/0/demand-latched/p305/pi_hpc	4616236729973011810
G/0/demand-latched/p305/pi_lpc	4611845222978564899
G/0/demand-latched/p305/required	4579201576202627248
G/0/demand-latched/p305/required_fuel	4579201576202627248
G/0/demand-latched/p305/required_gov	4577550682647349797
G/0/demand-latched/p305/s	4609546808604386871
G/0/demand-latched/p305/share_law	580772045163143161
G/0/demand-latched/p305/sp_thrust	4646329581975695665
G/0/demand-latched/p305/v	13592569603447403632
G/0/demand-latched/p305/v_cmd	0
G/0/demand-latched/p305/v_regime	9087740570393753374
G/0/demand-latched/p305/v_regime?	1
G/0/demand-latched/p305/w_fuel	4576598004192639867
G/0/demand-latched/p305/w_fuel?	1
G/0/demand-latched/p305/w_gov	4578248897747917004
G/0/demand-latched/p305/w_gov?	1
G/0/demand-latched/p310/Tt4	4652007308841189376
G/0/demand-latched/p310/authority	9674992558986367437
G/0/demand-latched/p310/b	4585439236324657509
G/0/demand-latched/p310/b_cmd	4585439236324657506
G/0/demand-latched/p310/branch	13126223303132988745
G/0/demand-latched/p310/cap_fuel	4576598004192639862
G/0/demand-latched/p310/cap_fuel?	1
G/0/demand-latched/p310/cap_gov	4578248897747917313
G/0/demand-latched/p310/cap_gov?	1
G/0/demand-latched/p310/f	4580382169689562671
G/0/demand-latched/p310/g	4579201576202627243
G/0/demand-latched/p310/g_fuel	4579201576202627243
G/0/demand-latched/p310/g_gov	4577550682647349984
G/0/demand-latched/p310/ic_iters	1
G/0/demand-latched/p310/ic_order	16448961268219989400
G/0/demand-latched/p310/ic_res	0
G/0/demand-latched/p310/lag_coord	4551893238594259504
G/0/demand-latched/p310/mdot_air	4603364550124398403
G/0/demand-latched/p310/mf	4576598004192639867
G/0/demand-latched/p310/mf_sched	4582403389825004051
G/0/demand-latched/p310/nu_hp	4605292294839495533
G/0/demand-latched/p310/nu_lp	4604908498284992449
G/0/demand-latched/p310/phi_hp	4606680258087474445
G/0/demand-latched/p310/phi_lp	4605380978949069210
G/0/demand-latched/p310/pi_hpc	4616236729973011810
G/0/demand-latched/p310/pi_lpc	4611845222978564899
G/0/demand-latched/p310/required	4579201576202627248
G/0/demand-latched/p310/required_fuel	4579201576202627248
G/0/demand-latched/p310/required_gov	4577550682647349797
G/0/demand-latched/p310/s	4609659398595071131
G/0/demand-latched/p310/share_law	580772045163143161
G/0/demand-latched/p310/sp_thrust	4646329581975695665
G/0/demand-latched/p310/v	13592569603445849326
G/0/demand-latched/p310/v_cmd	0
G/0/demand-latched/p310/v_regime	9087740570393753374
G/0/demand-latched/p310/v_regime?	1
G/0/demand-latched/p310/w_fuel	4576598004192639867
G/0/demand-latched/p310/w_fuel?	1
G/0/demand-latched/p310/w_gov	4578248897747917126
G/0/demand-latched/p310/w_gov?	1
G/0/demand-latched/p315/Tt4	4652007308841189376
G/0/demand-latched/p315/authority	9674992558986367437
G/0/demand-latched/p315/b	4585439236324657509
G/0/demand-latched/p315/b_cmd	4585439236324657506
G/0/demand-latched/p315/branch	13126223303132988745
G/0/demand-latched/p315/cap_fuel	4576598004192639862
G/0/demand-latched/p315/cap_fuel?	1
G/0/demand-latched/p315/cap_gov	4578248897747917313
G/0/demand-latched/p315/cap_gov?	1
G/0/demand-latched/p315/f	4580382169689562671
G/0/demand-latched/p315/g	4579201576202627243
G/0/demand-latched/p315/g_fuel	4579201576202627243
G/0/demand-latched/p315/g_gov	4577550682647349910
G/0/demand-latched/p315/ic_iters	1
G/0/demand-latched/p315/ic_order	16448961268219989400
G/0/demand-latched/p315/ic_res	0
G/0/demand-latched/p315/lag_coord	4551893238594259504
G/0/demand-latched/p315/mdot_air	4603364550124398403
G/0/demand-latched/p315/mf	4576598004192639867
G/0/demand-latched/p315/mf_sched	4582403389825004051
G/0/demand-latched/p315/nu_hp	4605292294839495533
G/0/demand-latched/p315/nu_lp	4604908498284992449
G/0/demand-latched/p315/phi_hp	4606680258087474445
G/0/demand-latched/p315/phi_lp	4605380978949069210
G/0/demand-latched/p315/pi_hpc	4616236729973011810
G/0/demand-latched/p315/pi_lpc	4611845222978564899
G/0/demand-latched/p315/required	4579201576202627248
G/0/demand-latched/p315/required_fuel	4579201576202627248
G/0/demand-latched/p315/required_gov	4577550682647349797
G/0/demand-latched/p315/s	4609771988585755391
G/0/demand-latched/p315/share_law	580772045163143161
G/0/demand-latched/p315/sp_thrust	4646329581975695665
G/0/demand-latched/p315/v	13592569603444906592
G/0/demand-latched/p315/v_cmd	0
G/0/demand-latched/p315/v_regime	9087740570393753374
G/0/demand-latched/p315/v_regime?	1
G/0/demand-latched/p315/w_fuel	4576598004192639867
G/0/demand-latched/p315/w_fuel?	1
G/0/demand-latched/p315/w_gov	4578248897747917200
G/0/demand-latched/p315/w_gov?	1
G/0/demand-latched/p320/Tt4	4652007308841189376
G/0/demand-latched/p320/authority	9674992558986367437
G/0/demand-latched/p320/b	4585439236324657509
G/0/demand-latched/p320/b_cmd	4585439236324657506
G/0/demand-latched/p320/branch	13126223303132988745
G/0/demand-latched/p320/cap_fuel	4576598004192639862
G/0/demand-latched/p320/cap_fuel?	1
G/0/demand-latched/p320/cap_gov	4578248897747917313
G/0/demand-latched/p320/cap_gov?	1
G/0/demand-latched/p320/f	4580382169689562671
G/0/demand-latched/p320/g	4579201576202627243
G/0/demand-latched/p320/g_fuel	4579201576202627243
G/0/demand-latched/p320/g_gov	4577550682647349865
G/0/demand-latched/p320/ic_iters	1
G/0/demand-latched/p320/ic_order	16448961268219989400
G/0/demand-latched/p320/ic_res	0
G/0/demand-latched/p320/lag_coord	4551893238594259504
G/0/demand-latched/p320/mdot_air	4603364550124398403
G/0/demand-latched/p320/mf	4576598004192639867
G/0/demand-latched/p320/mf_sched	4582403389825004051
G/0/demand-latched/p320/nu_hp	4605292294839495533
G/0/demand-latched/p320/nu_lp	4604908498284992449
G/0/demand-latched/p320/phi_hp	4606680258087474445
G/0/demand-latched/p320/phi_lp	4605380978949069210
G/0/demand-latched/p320/pi_hpc	4616236729973011810
G/0/demand-latched/p320/pi_lpc	4611845222978564899
G/0/demand-latched/p320/required	4579201576202627248
G/0/demand-latched/p320/required_fuel	4579201576202627248
G/0/demand-latched/p320/required_gov	4577550682647349797
G/0/demand-latched/p320/s	4609884578576439651
G/0/demand-latched/p320/share_law	580772045163143161
G/0/demand-latched/p320/sp_thrust	4646329581975695665
G/0/demand-latched/p320/v	13592569603444334795
G/0/demand-latched/p320/v_cmd	0
G/0/demand-latched/p320/v_regime	9087740570393753374
G/0/demand-latched/p320/v_regime?	1
G/0/demand-latched/p320/w_fuel	4576598004192639867
G/0/demand-latched/p320/w_fuel?	1
G/0/demand-latched/p320/w_gov	4578248897747917245
G/0/demand-latched/p320/w_gov?	1
G/0/demand-latched/p325/Tt4	4652007308841189376
G/0/demand-latched/p325/authority	9674992558986367437
G/0/demand-latched/p325/b	4585439236324657509
G/0/demand-latched/p325/b_cmd	4585439236324657506
G/0/demand-latched/p325/branch	13126223303132988745
G/0/demand-latched/p325/cap_fuel	4576598004192639862
G/0/demand-latched/p325/cap_fuel?	1
G/0/demand-latched/p325/cap_gov	4578248897747917313
G/0/demand-latched/p325/cap_gov?	1
G/0/demand-latched/p325/f	4580382169689562671
G/0/demand-latched/p325/g	4579201576202627243
G/0/demand-latched/p325/g_fuel	4579201576202627243
G/0/demand-latched/p325/g_gov	4577550682647349839
G/0/demand-latched/p325/ic_iters	1
G/0/demand-latched/p325/ic_order	16448961268219989400
G/0/demand-latched/p325/ic_res	0
G/0/demand-latched/p325/lag_coord	4551893238594259504
G/0/demand-latched/p325/mdot_air	4603364550124398403
G/0/demand-latched/p325/mf	4576598004192639867
G/0/demand-latched/p325/mf_sched	4582403389825004051
G/0/demand-latched/p325/nu_hp	4605292294839495533
G/0/demand-latched/p325/nu_lp	4604908498284992449
G/0/demand-latched/p325/phi_hp	4606680258087474445
G/0/demand-latched/p325/phi_lp	4605380978949069210
G/0/demand-latched/p325/pi_hpc	4616236729973011810
G/0/demand-latched/p325/pi_lpc	4611845222978564899
G/0/demand-latched/p325/required	4579201576202627248
G/0/demand-latched/p325/required_fuel	4579201576202627248
G/0/demand-latched/p325/required_gov	4577550682647349797
G/0/demand-latched/p325/s	4609997168567123911
G/0/demand-latched/p325/share_law	580772045163143161
G/0/demand-latched/p325/sp_thrust	4646329581975695665
G/0/demand-latched/p325/v	13592569603443987982
G/0/demand-latched/p325/v_cmd	0
G/0/demand-latched/p325/v_regime	9087740570393753374
G/0/demand-latched/p325/v_regime?	1
G/0/demand-latched/p325/w_fuel	4576598004192639867
G/0/demand-latched/p325/w_fuel?	1
G/0/demand-latched/p325/w_gov	4578248897747917271
G/0/demand-latched/p325/w_gov?	1
G/0/demand-latched/p330/Tt4	4652007308841189376
G/0/demand-latched/p330/authority	9674992558986367437
G/0/demand-latched/p330/b	4585439236324657509
G/0/demand-latched/p330/b_cmd	4585439236324657506
G/0/demand-latched/p330/branch	13126223303132988745
G/0/demand-latched/p330/cap_fuel	4576598004192639862
G/0/demand-latched/p330/cap_fuel?	1
G/0/demand-latched/p330/cap_gov	4578248897747917313
G/0/demand-latched/p330/cap_gov?	1
G/0/demand-latched/p330/f	4580382169689562671
G/0/demand-latched/p330/g	4579201576202627243
G/0/demand-latched/p330/g_fuel	4579201576202627243
G/0/demand-latched/p330/g_gov	4577550682647349822
G/0/demand-latched/p330/ic_iters	1
G/0/demand-latched/p330/ic_order	16448961268219989400
G/0/demand-latched/p330/ic_res	0
G/0/demand-latched/p330/lag_coord	4551893238594259504
G/0/demand-latched/p330/mdot_air	4603364550124398403
G/0/demand-latched/p330/mf	4576598004192639867
G/0/demand-latched/p330/mf_sched	4582403389825004051
G/0/demand-latched/p330/nu_hp	4605292294839495533
G/0/demand-latched/p330/nu_lp	4604908498284992449
G/0/demand-latched/p330/phi_hp	4606680258087474445
G/0/demand-latched/p330/phi_lp	4605380978949069210
G/0/demand-latched/p330/pi_hpc	4616236729973011810
G/0/demand-latched/p330/pi_lpc	4611845222978564899
G/0/demand-latched/p330/required	4579201576202627248
G/0/demand-latched/p330/required_fuel	4579201576202627248
G/0/demand-latched/p330/required_gov	4577550682647349797
G/0/demand-latched/p330/s	4610109758557808171
G/0/demand-latched/p330/share_law	580772045163143161
G/0/demand-latched/p330/sp_thrust	4646329581975695665
G/0/demand-latched/p330/v	13592569603443777630
G/0/demand-latched/p330/v_cmd	0
G/0/demand-latched/p330/v_regime	9087740570393753374
G/0/demand-latched/p330/v_regime?	1
G/0/demand-latched/p330/w_fuel	4576598004192639867
G/0/demand-latched/p330/w_fuel?	1
G/0/demand-latched/p330/w_gov	4578248897747917288
G/0/demand-latched/p330/w_gov?	1
G/0/demand-latched/p335/Tt4	4652007308841189376
G/0/demand-latched/p335/authority	9674992558986367437
G/0/demand-latched/p335/b	4585439236324657509
G/0/demand-latched/p335/b_cmd	4585439236324657506
G/0/demand-latched/p335/branch	13126223303132988745
G/0/demand-latched/p335/cap_fuel	4576598004192639862
G/0/demand-latched/p335/cap_fuel?	1
G/0/demand-latched/p335/cap_gov	4578248897747917313
G/0/demand-latched/p335/cap_gov?	1
G/0/demand-latched/p335/f	4580382169689562671
G/0/demand-latched/p335/g	4579201576202627243
G/0/demand-latched/p335/g_fuel	4579201576202627243
G/0/demand-latched/p335/g_gov	4577550682647349812
G/0/demand-latched/p335/ic_iters	1
G/0/demand-latched/p335/ic_order	16448961268219989400
G/0/demand-latched/p335/ic_res	0
G/0/demand-latched/p335/lag_coord	4551893238594259504
G/0/demand-latched/p335/mdot_air	4603364550124398403
G/0/demand-latched/p335/mf	4576598004192639867
G/0/demand-latched/p335/mf_sched	4582403389825004051
G/0/demand-latched/p335/nu_hp	4605292294839495533
G/0/demand-latched/p335/nu_lp	4604908498284992449
G/0/demand-latched/p335/phi_hp	4606680258087474445
G/0/demand-latched/p335/phi_lp	4605380978949069210
G/0/demand-latched/p335/pi_hpc	4616236729973011810
G/0/demand-latched/p335/pi_lpc	4611845222978564899
G/0/demand-latched/p335/required	4579201576202627248
G/0/demand-latched/p335/required_fuel	4579201576202627248
G/0/demand-latched/p335/required_gov	4577550682647349797
G/0/demand-latched/p335/s	4610222348548492431
G/0/demand-latched/p335/share_law	580772045163143161
G/0/demand-latched/p335/sp_thrust	4646329581975695665
G/0/demand-latched/p335/v	13592569603443650044
G/0/demand-latched/p335/v_cmd	0
G/0/demand-latched/p335/v_regime	9087740570393753374
G/0/demand-latched/p335/v_regime?	1
G/0/demand-latched/p335/w_fuel	4576598004192639867
G/0/demand-latched/p335/w_fuel?	1
G/0/demand-latched/p335/w_gov	4578248897747917298
G/0/demand-latched/p335/w_gov?	1
G/0/demand-latched/p340/Tt4	4652007308841189376
G/0/demand-latched/p340/authority	9674992558986367437
G/0/demand-latched/p340/b	4585439236324657509
G/0/demand-latched/p340/b_cmd	4585439236324657506
G/0/demand-latched/p340/branch	13126223303132988745
G/0/demand-latched/p340/cap_fuel	4576598004192639862
G/0/demand-latched/p340/cap_fuel?	1
G/0/demand-latched/p340/cap_gov	4578248897747917313
G/0/demand-latched/p340/cap_gov?	1
G/0/demand-latched/p340/f	4580382169689562671
G/0/demand-latched/p340/g	4579201576202627243
G/0/demand-latched/p340/g_fuel	4579201576202627243
G/0/demand-latched/p340/g_gov	4577550682647349807
G/0/demand-latched/p340/ic_iters	1
G/0/demand-latched/p340/ic_order	16448961268219989400
G/0/demand-latched/p340/ic_res	0
G/0/demand-latched/p340/lag_coord	4551893238594259504
G/0/demand-latched/p340/mdot_air	4603364550124398403
G/0/demand-latched/p340/mf	4576598004192639867
G/0/demand-latched/p340/mf_sched	4582403389825004051
G/0/demand-latched/p340/nu_hp	4605292294839495533
G/0/demand-latched/p340/nu_lp	4604908498284992449
G/0/demand-latched/p340/phi_hp	4606680258087474445
G/0/demand-latched/p340/phi_lp	4605380978949069210
G/0/demand-latched/p340/pi_hpc	4616236729973011810
G/0/demand-latched/p340/pi_lpc	4611845222978564899
G/0/demand-latched/p340/required	4579201576202627248
G/0/demand-latched/p340/required_fuel	4579201576202627248
G/0/demand-latched/p340/required_gov	4577550682647349797
G/0/demand-latched/p340/s	4610334938539176691
G/0/demand-latched/p340/share_law	580772045163143161
G/0/demand-latched/p340/sp_thrust	4646329581975695665
G/0/demand-latched/p340/v	13592569603443572659
G/0/demand-latched/p340/v_cmd	0
G/0/demand-latched/p340/v_regime	9087740570393753374
G/0/demand-latched/p340/v_regime?	1
G/0/demand-latched/p340/w_fuel	4576598004192639867
G/0/demand-latched/p340/w_fuel?	1
G/0/demand-latched/p340/w_gov	4578248897747917303
G/0/demand-latched/p340/w_gov?	1
G/0/demand-latched/p35/Tt4	4652007308841189374
G/0/demand-latched/p35/authority	9674992558986367437
G/0/demand-latched/p35/b	4585439236324657474
G/0/demand-latched/p35/b_cmd	4585439236324657443
G/0/demand-latched/p35/branch	13126223303132988745
G/0/demand-latched/p35/cap_fuel	4576598004192639875
G/0/demand-latched/p35/cap_fuel?	1
G/0/demand-latched/p35/cap_gov	4578248897747917316
G/0/demand-latched/p35/cap_gov?	1
G/0/demand-latched/p35/f	4580382169689562668
G/0/demand-latched/p35/g	4572283590248784612
G/0/demand-latched/p35/g_fuel	4572283590248784612
G/0/demand-latched/p35/g_gov	4567468615197955916
G/0/demand-latched/p35/ic_iters	1
G/0/demand-latched/p35/ic_order	16448961268219989400
G/0/demand-latched/p35/ic_res	0
G/0/demand-latched/p35/lag_coord	4551893238594259504
G/0/demand-latched/p35/mdot_air	4603364550124398412
G/0/demand-latched/p35/mf	4576598004192639866
G/0/demand-latched/p35/mf_sched	4579414788240190700
G/0/demand-latched/p35/nu_hp	4605292294839495533
G/0/demand-latched/p35/nu_lp	4604908498284992449
G/0/demand-latched/p35/phi_hp	4606680258087474445
G/0/demand-latched/p35/phi_lp	4605380978949069212
G/0/demand-latched/p35/pi_hpc	4616236729973011811
G/0/demand-latched/p35/pi_lpc	4611845222978564901
G/0/demand-latched/p35/required	4572283590248784594
G/0/demand-latched/p35/required_fuel	4572283590248784594
G/0/demand-latched/p35/required_gov	4566809984495405984
G/0/demand-latched/p35/s	4595473059768854121
G/0/demand-latched/p35/share_law	580772045163143161
G/0/demand-latched/p35/sp_thrust	4646329581975695668
G/0/demand-latched/p35/v	13607109230115160210
G/0/demand-latched/p35/v_cmd	13610745117449209648
G/0/demand-latched/p35/v_regime	10791139852042193048
G/0/demand-latched/p35/v_regime?	1
G/0/demand-latched/p35/w_fuel	4576598004192639866
G/0/demand-latched/p35/w_fuel?	1
G/0/demand-latched/p35/w_gov	4578084240072279833
G/0/demand-latched/p35/w_gov?	1
G/0/demand-latched/p40/Tt4	4652007308841189379
G/0/demand-latched/p40/authority	9674992558986367437
G/0/demand-latched/p40/b	4585439236324657467
G/0/demand-latched/p40/b_cmd	4585439236324657508
G/0/demand-latched/p40/branch	13126223303132988745
G/0/demand-latched/p40/cap_fuel	4576598004192639863
G/0/demand-latched/p40/cap_fuel?	1
G/0/demand-latched/p40/cap_gov	4578248897747917320
G/0/demand-latched/p40/cap_gov?	1
G/0/demand-latched/p40/f	4580382169689562673
G/0/demand-latched/p40/g	4573088385690941990
G/0/demand-latched/p40/g_fuel	4573088385690941990
G/0/demand-latched/p40/g_gov	4568819055275178280
G/0/demand-latched/p40/ic_iters	1
G/0/demand-latched/p40/ic_order	16448961268219989400
G/0/demand-latched/p40/ic_res	0
G/0/demand-latched/p40/lag_coord	4551893238594259504
G/0/demand-latched/p40/mdot_air	4603364550124398403
G/0/demand-latched/p40/mf	4576598004192639868
G/0/demand-latched/p40/mf_sched	4579817185961269391
G/0/demand-latched/p40/nu_hp	4605292294839495533
G/0/demand-latched/p40/nu_lp	4604908498284992449
G/0/demand-latched/p40/phi_hp	4606680258087474438
G/0/demand-latched/p40/phi_lp	4605380978949069208
G/0/demand-latched/p40/pi_hpc	4616236729973011808
G/0/demand-latched/p40/pi_lpc	4611845222978564901
G/0/demand-latched/p40/required	4573088385690942000
G/0/demand-latched/p40/required_fuel	4573088385690942000
G/0/demand-latched/p40/required_gov	4568419575379720732
G/0/demand-latched/p40/s	4596373779694328221
G/0/demand-latched/p40/share_law	580772045163143161
G/0/demand-latched/p40/sp_thrust	4646329581975695666
G/0/demand-latched/p40/v	13608273362147081176
G/0/demand-latched/p40/v_cmd	13610951680647784314
G/0/demand-latched/p40/v_regime	10791139852042193048
G/0/demand-latched/p40/v_regime?	1
G/0/demand-latched/p40/w_fuel	4576598004192639868
G/0/demand-latched/p40/w_fuel?	1
G/0/demand-latched/p40/w_gov	4578149027774052933
G/0/demand-latched/p40/w_gov?	1
G/0/demand-latched/p45/Tt4	4652007308841189371
G/0/demand-latched/p45/authority	9674992558986367437
G/0/demand-latched/p45/b	4585439236324657472
G/0/demand-latched/p45/b_cmd	4585439236324657401
G/0/demand-latched/p45/branch	13126223303132988745
G/0/demand-latched/p45/cap_fuel	4576598004192639878
G/0/demand-latched/p45/cap_fuel?	1
G/0/demand-latched/p45/cap_gov	4578248897747917320
G/0/demand-latched/p45/cap_gov?	1
G/0/demand-latched/p45/f	4580382169689562665
G/0/demand-latched/p45/g	4573893181133099372
G/0/demand-latched/p45/g_fuel	4573893181133099372
G/0/demand-latched/p45/g_gov	4570271463178310716
G/0/demand-latched/p45/ic_iters	1
G/0/demand-latched/p45/ic_order	16448961268219989400
G/0/demand-latched/p45/ic_res	0
G/0/demand-latched/p45/lag_coord	4551893238594259504
G/0/demand-latched/p45/mdot_air	4603364550124398413
G/0/demand-latched/p45/mf	4576598004192639868
G/0/demand-latched/p45/mf_sched	4580190202359071257
G/0/demand-latched/p45/nu_hp	4605292294839495533
G/0/demand-latched/p45/nu_lp	4604908498284992449
G/0/demand-latched/p45/phi_hp	4606680258087474446
G/0/demand-latched/p45/phi_lp	4605380978949069220
G/0/demand-latched/p45/pi_hpc	4616236729973011808
G/0/demand-latched/p45/pi_lpc	4611845222978564904
G/0/demand-latched/p45/required	4573893181133099352
G/0/demand-latched/p45/required_fuel	4573893181133099352
G/0/demand-latched/p45/required_gov	4570029166264035496
G/0/demand-latched/p45/s	4597274499619802321
G/0/demand-latched/p45/share_law	580772045163143161
G/0/demand-latched/p45/sp_thrust	4646329581975695663
G/0/demand-latched/p45/v	13609637409726621866
G/0/demand-latched/p45/v_cmd	13610951680647784314
G/0/demand-latched/p45/v_regime	10791139852042193048
G/0/demand-latched/p45/v_regime?	1
G/0/demand-latched/p45/w_fuel	4576598004192639868
G/0/demand-latched/p45/w_fuel?	1
G/0/demand-latched/p45/w_gov	4578188323519348515
G/0/demand-latched/p45/w_gov?	1
G/0/demand-latched/p5/Tt4	4652007308841189376
G/0/demand-latched/p5/authority	9674992558986367437
G/0/demand-latched/p5/b	4585439236324657496
G/0/demand-latched/p5/b_cmd	4585439236324657501
G/0/demand-latched/p5/branch	13126223303132988745
G/0/demand-latched/p5/cap_fuel	4576598004192639864
G/0/demand-latched/p5/cap_fuel?	1
G/0/demand-latched/p5/cap_gov	4577000401913718559
G/0/demand-latched/p5/cap_gov?	1
G/0/demand-latched/p5/f	4580382169689562670
G/0/demand-latched/p5/g	4559577586808830560
G/0/demand-latched/p5/g_fuel	4559577586808830560
G/0/demand-latched/p5/g_gov	4558205817041267264
G/0/demand-latched/p5/ic_iters	1
G/0/demand-latched/p5/ic_order	16448961268219989400
G/0/demand-latched/p5/ic_res	0
G/0/demand-latched/p5/lag_coord	4551893238594259504
G/0/demand-latched/p5/mdot_air	4603364550124398403
G/0/demand-latched/p5/mf	4576598004192639865
G/0/demand-latched/p5/mf_sched	4577000401913718559
G/0/demand-latched/p5/nu_hp	4605292294839495533
G/0/demand-latched/p5/nu_lp	4604908498284992449
G/0/demand-latched/p5/phi_hp	4606680258087474445
G/0/demand-latched/p5/phi_lp	4605380978949069210
G/0/demand-latched/p5/pi_hpc	4616236729973011810
G/0/demand-latched/p5/pi_lpc	4611845222978564899
G/0/demand-latched/p5/required	4559577586808830576
G/0/demand-latched/p5/required_fuel	4559577586808830576
G/0/demand-latched/p5/required_gov	0
G/0/demand-latched/p5/s	4582862980812216730
G/0/demand-latched/p5/share_law	580772045163143161
G/0/demand-latched/p5/sp_thrust	4646329581975695665
G/0/demand-latched/p5/v	13588393596443490058
G/0/demand-latched/p5/v_cmd	0
G/0/demand-latched/p5/v_regime	9087740570393753374
G/0/demand-latched/p5/v_regime?	1
G/0/demand-latched/p5/w_fuel	4576598004192639865
G/0/demand-latched/p5/w_fuel?	1
G/0/demand-latched/p5/w_gov	4576683739803112571
G/0/demand-latched/p5/w_gov?	1
G/0/demand-latched/p50/Tt4	4652007308841189376
G/0/demand-latched/p50/authority	9674992558986367437
G/0/demand-latched/p50/b	4585439236324657473
G/0/demand-latched/p50/b_cmd	4585439236324657438
G/0/demand-latched/p50/branch	13126223303132988745
G/0/demand-latched/p50/cap_fuel	4576598004192639887
G/0/demand-latched/p50/cap_fuel?	1
G/0/demand-latched/p50/cap_gov	4578248897747917320
G/0/demand-latched/p50/cap_gov?	1
G/0/demand-latched/p50/f	4580382169689562670
G/0/demand-latched/p50/g	4574697976575256750
G/0/demand-latched/p50/g_fuel	4574697976575256750
G/0/demand-latched/p50/g_gov	4571469669751613474
G/0/demand-latched/p50/ic_iters	1
G/0/demand-latched/p50/ic_order	16448961268219989400
G/0/demand-latched/p50/ic_res	0
G/0/demand-latched/p50/lag_coord	4551893238594259504
G/0/demand-latched/p50/mdot_air	4603364550124398407
G/0/demand-latched/p50/mf	4576598004192639869
G/0/demand-latched/p50/mf_sched	4580391401219610602
G/0/demand-latched/p50/nu_hp	4605292294839495533
G/0/demand-latched/p50/nu_lp	4604908498284992449
G/0/demand-latched/p50/phi_hp	4606680258087474445
G/0/demand-latched/p50/phi_lp	4605380978949069213
G/0/demand-latched/p50/pi_hpc	4616236729973011811
G/0/demand-latched/p50/pi_lpc	4611845222978564901
G/0/demand-latched/p50/required	4574697976575256714
G/0/demand-latched/p50/required_fuel	4574697976575256714
G/0/demand-latched/p50/required_gov	4571396189464701848
G/0/demand-latched/p50/s	4598175219545276418
G/0/demand-latched/p50/share_law	580772045163143161
G/0/demand-latched/p50/sp_thrust	4646329581975695668
G/0/demand-latched/p50/v	13607654310485881780
G/0/demand-latched/p50/v_cmd	13601324791797319376
G/0/demand-latched/p50/v_regime	10791139852042193048
G/0/demand-latched/p50/v_regime?	1
G/0/demand-latched/p50/w_fuel	4576598004192639869
G/0/demand-latched/p50/w_fuel?	1
G/0/demand-latched/p50/w_gov	4578212157604461507
G/0/demand-latched/p50/w_gov?	1
G/0/demand-latched/p55/Tt4	4652007308841189378
G/0/demand-latched/p55/authority	9674992558986367437
G/0/demand-latched/p55/b	4585439236324657473
G/0/demand-latched/p55/b_cmd	4585439236324657495
G/0/demand-latched/p55/branch	13126223303132988745
G/0/demand-latched/p55/cap_fuel	4576598004192639893
G/0/demand-latched/p55/cap_fuel?	1
G/0/demand-latched/p55/cap_gov	4578248897747917314
G/0/demand-latched/p55/cap_gov?	1
G/0/demand-latched/p55/f	4580382169689562671
G/0/demand-latched/p55/g	4575502772017414128
G/0/demand-latched/p55/g_fuel	4575502772017414128
G/0/demand-latched/p55/g_gov	4572245552973941438
G/0/demand-latched/p55/ic_iters	1
G/0/demand-latched/p55/ic_order	16448961268219989400
G/0/demand-latched/p55/ic_res	0
G/0/demand-latched/p55/lag_coord	4551893238594259504
G/0/demand-latched/p55/mdot_air	4603364550124398408
G/0/demand-latched/p55/mf	4576598004192639870
G/0/demand-latched/p55/mf_sched	4580592600080149947
G/0/demand-latched/p55/nu_hp	4605292294839495533
G/0/demand-latched/p55/nu_lp	4604908498284992449
G/0/demand-latched/p55/phi_hp	4606680258087474445
G/0/demand-latched/p55/phi_lp	4605380978949069212
G/0/demand-latched/p55/pi_hpc	4616236729973011811
G/0/demand-latched/p55/pi_lpc	4611845222978564901
G/0/demand-latched/p55/required	4575502772017414082
G/0/demand-latched/p55/required_fuel	4575502772017414082
G/0/demand-latched/p55/required_gov	4572200984906859240
G/0/demand-latched/p55/s	4598625579508013468
G/0/demand-latched/p55/share_law	580772045163143161
G/0/demand-latched/p55/sp_thrust	4646329581975695667
G/0/demand-latched/p55/v	13605687287004097368
G/0/demand-latched/p55/v_cmd	0
G/0/demand-latched/p55/v_regime	9087740570393753374
G/0/demand-latched/p55/v_regime?	1
G/0/demand-latched/p55/w_fuel	4576598004192639870
G/0/demand-latched/p55/w_fuel?	1
G/0/demand-latched/p55/w_gov	4578226613714376215
G/0/demand-latched/p55/w_gov?	1
G/0/demand-latched/p60/Tt4	4652007308841189378
G/0/demand-latched/p60/authority	9674992558986367437
G/0/demand-latched/p60/b	4585439236324657477
G/0/demand-latched/p60/b_cmd	4585439236324657504
G/0/demand-latched/p60/branch	13126223303132988745
G/0/demand-latched/p60/cap_fuel	4576598004192639870
G/0/demand-latched/p60/cap_fuel?	1
G/0/demand-latched/p60/cap_gov	4578248897747917314
G/0/demand-latched/p60/cap_gov?	1
G/0/demand-latched/p60/f	4580382169689562671
G/0/demand-latched/p60/g	4575982394433997724
G/0/demand-latched/p60/g_fuel	4575982394433997724
G/0/demand-latched/p60/g_gov	4573032812260389426
G/0/demand-latched/p60/ic_iters	1
G/0/demand-latched/p60/ic_order	16448961268219989400
G/0/demand-latched/p60/ic_res	0
G/0/demand-latched/p60/lag_coord	4551893238594259504
G/0/demand-latched/p60/mdot_air	4603364550124398408
G/0/demand-latched/p60/mf	4576598004192639868
G/0/demand-latched/p60/mf_sched	4580793798940689292
G/0/demand-latched/p60/nu_hp	4605292294839495533
G/0/demand-latched/p60/nu_lp	4604908498284992449
G/0/demand-latched/p60/phi_hp	4606680258087474444
G/0/demand-latched/p60/phi_lp	4605380978949069210
G/0/demand-latched/p60/pi_hpc	4616236729973011811
G/0/demand-latched/p60/pi_lpc	4611845222978564901
G/0/demand-latched/p60/required	4575982394433997722
G/0/demand-latched/p60/required_fuel	4575982394433997722
G/0/demand-latched/p60/required_gov	4573005780349016620
G/0/demand-latched/p60/s	4599075939470750518
G/0/demand-latched/p60/share_law	580772045163143161
G/0/demand-latched/p60/sp_thrust	4646329581975695667
G/0/demand-latched/p60/v	13605089036148789510
G/0/demand-latched/p60/v_cmd	13610951680647784314
G/0/demand-latched/p60/v_regime	10791139852042193048
G/0/demand-latched/p60/v_regime?	1
G/0/demand-latched/p60/w_fuel	4576598004192639868
G/0/demand-latched/p60/w_fuel?	1
G/0/demand-latched/p60/w_gov	4578235381792230911
G/0/demand-latched/p60/w_gov?	1
G/0/demand-latched/p65/Tt4	4652007308841189379
G/0/demand-latched/p65/authority	9674992558986367437
G/0/demand-latched/p65/b	4585439236324657472
G/0/demand-latched/p65/b_cmd	4585439236324657475
G/0/demand-latched/p65/branch	13126223303132988745
G/0/demand-latched/p65/cap_fuel	4576598004192639891
G/0/demand-latched/p65/cap_fuel?	1
G/0/demand-latched/p65/cap_gov	4578248897747917319
G/0/demand-latched/p65/cap_gov?	1
G/0/demand-latched/p65/f	4580382169689562672
G/0/demand-latched/p65/g	4576384792155076415
G/0/demand-latched/p65/g_fuel	4576384792155076415
G/0/demand-latched/p65/g_gov	4573826971481638200
G/0/demand-latched/p65/ic_iters	1
G/0/demand-latched/p65/ic_order	16448961268219989400
G/0/demand-latched/p65/ic_res	0
G/0/demand-latched/p65/lag_coord	4551893238594259504
G/0/demand-latched/p65/mdot_air	4603364550124398407
G/0/demand-latched/p65/mf	4576598004192639869
G/0/demand-latched/p65/mf_sched	4580994997801228638
G/0/demand-latched/p65/nu_hp	4605292294839495533
G/0/demand-latched/p65/nu_lp	4604908498284992449
G/0/demand-latched/p65/phi_hp	4606680258087474444
G/0/demand-latched/p65/phi_lp	4605380978949069210
G/0/demand-latched/p65/pi_hpc	4616236729973011811
G/0/demand-latched/p65/pi_lpc	4611845222978564901
G/0/demand-latched/p65/required	4576384792155076393
G/0/demand-latched/p65/required_fuel	4576384792155076393
G/0/demand-latched/p65/required_gov	4573810575791173994
G/0/demand-latched/p65/s	4599526299433487568
G/0/demand-latched/p65/share_law	580772045163143161
G/0/demand-latched/p65/sp_thrust	4646329581975695668
G/0/demand-latched/p65/v	13605071759374900418
G/0/demand-latched/p65/v_cmd	13601324791797319376
G/0/demand-latched/p65/v_regime	10791139852042193048
G/0/demand-latched/p65/v_regime?	1
G/0/demand-latched/p65/w_fuel	4576598004192639869
G/0/demand-latched/p65/w_fuel?	1
G/0/demand-latched/p65/w_gov	4578240699902685216
G/0/demand-latched/p65/w_gov?	1
G/0/demand-latched/p70/Tt4	4652007308841189378
G/0/demand-latched/p70/authority	9674992558986367437
G/0/demand-latched/p70/b	4585439236324657478
G/0/demand-latched/p70/b_cmd	4585439236324657465
G/0/demand-latched/p70/branch	13126223303132988745
G/0/demand-latched/p70/cap_fuel	4576598004192639878
G/0/demand-latched/p70/cap_fuel?	1
G/0/demand-latched/p70/cap_gov	4578248897747917317
G/0/demand-latched/p70/cap_gov?	1
G/0/demand-latched/p70/f	4580382169689562672
G/0/demand-latched/p70/g	4576787189876155103
G/0/demand-latched/p70/g_fuel	4576787189876155103
G/0/demand-latched/p70/g_gov	4574625315726789144
G/0/demand-latched/p70/ic_iters	1
G/0/demand-latched/p70/ic_order	16448961268219989400
G/0/demand-latched/p70/ic_res	0
G/0/demand-latched/p70/lag_coord	4551893238594259504
G/0/demand-latched/p70/mdot_air	4603364550124398404
G/0/demand-latched/p70/mf	4576598004192639869
G/0/demand-latched/p70/mf_sched	4581196196661767982
G/0/demand-latched/p70/nu_hp	4605292294839495533
G/0/demand-latched/p70/nu_lp	4604908498284992449
G/0/demand-latched/p70/phi_hp	4606680258087474445
G/0/demand-latched/p70/phi_lp	4605380978949069210
G/0/demand-latched/p70/pi_hpc	4616236729973011810
G/0/demand-latched/p70/pi_lpc	4611845222978564899
G/0/demand-latched/p70/required	4576787189876155094
G/0/demand-latched/p70/required_fuel	4576787189876155094
G/0/demand-latched/p70/required_gov	4574615371233331374
G/0/demand-latched/p70/s	4599976659396224618
G/0/demand-latched/p70/share_law	580772045163143161
G/0/demand-latched/p70/sp_thrust	4646329581975695664
G/0/demand-latched/p70/v	13603597443543403714
G/0/demand-latched/p70/v_cmd	13601324791797319376
G/0/demand-latched/p70/v_regime	10791139852042193048
G/0/demand-latched/p70/v_regime?	1
G/0/demand-latched/p70/w_fuel	4576598004192639869
G/0/demand-latched/p70/w_fuel?	1
G/0/demand-latched/p70/w_gov	4578243925501188432
G/0/demand-latched/p70/w_gov?	1
G/0/demand-latched/p75/Tt4	4652007308841189378
G/0/demand-latched/p75/authority	9674992558986367437
G/0/demand-latched/p75/b	4585439236324657481
G/0/demand-latched/p75/b_cmd	4585439236324657492
G/0/demand-latched/p75/branch	13126223303132988745
G/0/demand-latched/p75/cap_fuel	4576598004192639864
G/0/demand-latched/p75/cap_fuel?	1
G/0/demand-latched/p75/cap_gov	4578248897747917314
G/0/demand-latched/p75/cap_gov?	1
G/0/demand-latched/p75/f	4580382169689562672
G/0/demand-latched/p75/g	4577189587597233795
G/0/demand-latched/p75/g_fuel	4577189587597233795
G/0/demand-latched/p75/g_gov	4575426198318398066
G/0/demand-latched/p75/ic_iters	1
G/0/demand-latched/p75/ic_order	16448961268219989400
G/0/demand-latched/p75/ic_res	0
G/0/demand-latched/p75/lag_coord	4551893238594259504
G/0/demand-latched/p75/mdot_air	4603364550124398404
G/0/demand-latched/p75/mf	4576598004192639869
G/0/demand-latched/p75/mf_sched	4581397395522307328
G/0/demand-latched/p75/nu_hp	4605292294839495533
G/0/demand-latched/p75/nu_lp	4604908498284992449
G/0/demand-latched/p75/phi_hp	4606680258087474445
G/0/demand-latched/p75/phi_lp	4605380978949069210
G/0/demand-latched/p75/pi_hpc	4616236729973011810
G/0/demand-latched/p75/pi_lpc	4611845222978564899
G/0/demand-latched/p75/required	4577189587597233800
G/0/demand-latched/p75/required_fuel	4577189587597233800
G/0/demand-latched/p75/required_gov	4575420166675488764
G/0/demand-latched/p75/s	4600427019358961668
G/0/demand-latched/p75/share_law	580772045163143161
G/0/demand-latched/p75/sp_thrust	4646329581975695664
G/0/demand-latched/p75/v	13602231448465554209
G/0/demand-latched/p75/v_cmd	0
G/0/demand-latched/p75/v_regime	9087740570393753374
G/0/demand-latched/p75/v_regime?	1
G/0/demand-latched/p75/w_fuel	4576598004192639869
G/0/demand-latched/p75/w_fuel?	1
G/0/demand-latched/p75/w_gov	4578245881926462663
G/0/demand-latched/p75/w_gov?	1
G/0/demand-latched/p80/Tt4	4652007308841189378
G/0/demand-latched/p80/authority	9674992558986367437
G/0/demand-latched/p80/b	4585439236324657482
G/0/demand-latched/p80/b_cmd	4585439236324657472
G/0/demand-latched/p80/branch	13126223303132988745
G/0/demand-latched/p80/cap_fuel	4576598004192639870
G/0/demand-latched/p80/cap_fuel?	1
G/0/demand-latched/p80/cap_gov	4578248897747917312
G/0/demand-latched/p80/cap_gov?	1
G/0/demand-latched/p80/f	4580382169689562672
G/0/demand-latched/p80/g	4577591985318312486
G/0/demand-latched/p80/g_fuel	4577591985318312486
G/0/demand-latched/p80/g_gov	4575942920952039983
G/0/demand-latched/p80/ic_iters	1
G/0/demand-latched/p80/ic_order	16448961268219989400
G/0/demand-latched/p80/ic_res	0
G/0/demand-latched/p80/lag_coord	4551893238594259504
G/0/demand-latched/p80/mdot_air	4603364550124398404
G/0/demand-latched/p80/mf	4576598004192639868
G/0/demand-latched/p80/mf_sched	4581598594382846673
G/0/demand-latched/p80/nu_hp	4605292294839495533
G/0/demand-latched/p80/nu_lp	4604908498284992449
G/0/demand-latched/p80/phi_hp	4606680258087474445
G/0/demand-latched/p80/phi_lp	4605380978949069209
G/0/demand-latched/p80/pi_hpc	4616236729973011810
G/0/demand-latched/p80/pi_lpc	4611845222978564899
G/0/demand-latched/p80/required	4577591985318312484
G/0/demand-latched/p80/required_fuel	4577591985318312484
G/0/demand-latched/p80/required_gov	4575941091763035042
G/0/demand-latched/p80/s	4600877379321698718
G/0/demand-latched/p80/share_law	580772045163143161
G/0/demand-latched/p80/sp_thrust	4646329581975695664
G/0/demand-latched/p80/v	13599638944353759366
G/0/demand-latched/p80/v_cmd	0
G/0/demand-latched/p80/v_regime	9087740570393753374
G/0/demand-latched/p80/v_regime?	1
G/0/demand-latched/p80/w_fuel	4576598004192639868
G/0/demand-latched/p80/w_fuel?	1
G/0/demand-latched/p80/w_gov	4578247068558912371
G/0/demand-latched/p80/w_gov?	1
G/0/demand-latched/p85/Tt4	4652007308841189378
G/0/demand-latched/p85/authority	9674992558986367437
G/0/demand-latched/p85/b	4585439236324657498
G/0/demand-latched/p85/b_cmd	4585439236324657541
G/0/demand-latched/p85/branch	13126223303132988745
G/0/demand-latched/p85/cap_fuel	4576598004192639879
G/0/demand-latched/p85/cap_fuel?	1
G/0/demand-latched/p85/cap_gov	4578248897747917318
G/0/demand-latched/p85/cap_gov?	1
G/0/demand-latched/p85/f	4580382169689562671
G/0/demand-latched/p85/g	4577994383039391178
G/0/demand-latched/p85/g_fuel	4577994383039391178
G/0/demand-latched/p85/g_gov	4576344598943830134
G/0/demand-latched/p85/ic_iters	1
G/0/demand-latched/p85/ic_order	16448961268219989400
G/0/demand-latched/p85/ic_res	0
G/0/demand-latched/p85/lag_coord	4551893238594259504
G/0/demand-latched/p85/mdot_air	4603364550124398408
G/0/demand-latched/p85/mf	4576598004192639866
G/0/demand-latched/p85/mf_sched	4581799793243386018
G/0/demand-latched/p85/nu_hp	4605292294839495533
G/0/demand-latched/p85/nu_lp	4604908498284992449
G/0/demand-latched/p85/phi_hp	4606680258087474441
G/0/demand-latched/p85/phi_lp	4605380978949069209
G/0/demand-latched/p85/pi_hpc	4616236729973011813
G/0/demand-latched/p85/pi_lpc	4611845222978564899
G/0/demand-latched/p85/required	4577994383039391165
G/0/demand-latched/p85/required_fuel	4577994383039391165
G/0/demand-latched/p85/required_gov	4576343489484113726
G/0/demand-latched/p85/s	4601327739284435768
G/0/demand-latched/p85/share_law	580772045163143161
G/0/demand-latched/p85/sp_thrust	4646329581975695667
G/0/demand-latched/p85/v	13601497185966488020
G/0/demand-latched/p85/v_cmd	13603803550180215313
G/0/demand-latched/p85/v_regime	10791139852042193048
G/0/demand-latched/p85/v_regime?	1
G/0/demand-latched/p85/w_fuel	4576598004192639866
G/0/demand-latched/p85/w_fuel?	1
G/0/demand-latched/p85/w_gov	4578247788288200910
G/0/demand-latched/p85/w_gov?	1
G/0/demand-latched/p90/Tt4	4652007308841189376
G/0/demand-latched/p90/authority	9674992558986367437
G/0/demand-latched/p90/b	4585439236324657512
G/0/demand-latched/p90/b_cmd	4585439236324657529
G/0/demand-latched/p90/branch	13126223303132988745
G/0/demand-latched/p90/cap_fuel	4576598004192639878
G/0/demand-latched/p90/cap_fuel?	1
G/0/demand-latched/p90/cap_gov	4578248897747917318
G/0/demand-latched/p90/cap_gov?	1
G/0/demand-latched/p90/f	4580382169689562670
G/0/demand-latched/p90/g	4578396780760469870
G/0/demand-latched/p90/g_fuel	4578396780760469870
G/0/demand-latched/p90/g_gov	4576746560126830917
G/0/demand-latched/p90/ic_iters	1
G/0/demand-latched/p90/ic_order	16448961268219989400
G/0/demand-latched/p90/ic_res	0
G/0/demand-latched/p90/lag_coord	4551893238594259504
G/0/demand-latched/p90/mdot_air	4603364550124398403
G/0/demand-latched/p90/mf	4576598004192639866
G/0/demand-latched/p90/mf_sched	4582000992103925364
G/0/demand-latched/p90/nu_hp	4605292294839495533
G/0/demand-latched/p90/nu_lp	4604908498284992449
G/0/demand-latched/p90/phi_hp	4606680258087474445
G/0/demand-latched/p90/phi_lp	4605380978949069210
G/0/demand-latched/p90/pi_hpc	4616236729973011810
G/0/demand-latched/p90/pi_lpc	4611845222978564899
G/0/demand-latched/p90/required	4578396780760469858
G/0/demand-latched/p90/required_fuel	4578396780760469858
G/0/demand-latched/p90/required_gov	4576745887205192418
G/0/demand-latched/p90/s	4601778099247172818
G/0/demand-latched/p90/share_law	580772045163143161
G/0/demand-latched/p90/sp_thrust	4646329581975695665
G/0/demand-latched/p90/v	13602303197134282819
G/0/demand-latched/p90/v_cmd	13603803550180215313
G/0/demand-latched/p90/v_regime	10791139852042193048
G/0/demand-latched/p90/v_regime?	1
G/0/demand-latched/p90/w_fuel	4576598004192639866
G/0/demand-latched/p90/w_fuel?	1
G/0/demand-latched/p90/w_gov	4578248224826278819
G/0/demand-latched/p90/w_gov?	1
G/0/demand-latched/p95/Tt4	4652007308841189378
G/0/demand-latched/p95/authority	9674992558986367437
G/0/demand-latched/p95/b	4585439236324657523
G/0/demand-latched/p95/b_cmd	4585439236324657544
G/0/demand-latched/p95/branch	13126223303132988745
G/0/demand-latched/p95/cap_fuel	4576598004192639883
G/0/demand-latched/p95/cap_fuel?	1
G/0/demand-latched/p95/cap_gov	4578248897747917318
G/0/demand-latched/p95/cap_gov?	1
G/0/demand-latched/p95/f	4580382169689562671
G/0/demand-latched/p95/g	4578799178481548558
G/0/demand-latched/p95/g_fuel	4578799178481548558
G/0/demand-latched/p95/g_gov	4577148693074061299
G/0/demand-latched/p95/ic_iters	1
G/0/demand-latched/p95/ic_order	16448961268219989400
G/0/demand-latched/p95/ic_res	0
G/0/demand-latched/p95/lag_coord	4551893238594259504
G/0/demand-latched/p95/mdot_air	4603364550124398408
G/0/demand-latched/p95/mf	4576598004192639866
G/0/demand-latched/p95/mf_sched	4582202190964464708
G/0/demand-latched/p95/nu_hp	4605292294839495533
G/0/demand-latched/p95/nu_lp	4604908498284992449
G/0/demand-latched/p95/phi_hp	4606680258087474441
G/0/demand-latched/p95/phi_lp	4605380978949069210
G/0/demand-latched/p95/pi_hpc	4616236729973011813
G/0/demand-latched/p95/pi_lpc	4611845222978564899
G/0/demand-latched/p95/required	4578799178481548541
G/0/demand-latched/p95/required_fuel	4578799178481548541
G/0/demand-latched/p95/required_gov	4577148284926271106
G/0/demand-latched/p95/s	4602228459209909868
G/0/demand-latched/p95/share_law	580772045163143161
G/0/demand-latched/p95/sp_thrust	4646329581975695667
G/0/demand-latched/p95/v	13599214645988605134
G/0/demand-latched/p95/v_cmd	0
G/0/demand-latched/p95/v_regime	9087740570393753374
G/0/demand-latched/p95/v_regime?	1
G/0/demand-latched/p95/w_fuel	4576598004192639866
G/0/demand-latched/p95/w_fuel?	1
G/0/demand-latched/p95/w_gov	4578248489600127125
G/0/demand-latched/p95/w_gov?	1
G/0/demand-latched/phi_lim	4605380978949069210
G/0/demand/col/Tt4/last	4652007308841189376
G/0/demand/col/Tt4/max	4652007308841189383
G/0/demand/col/Tt4/min	4652007308841189369
G/0/demand/col/Tt4/n	341
G/0/demand/col/b/last	4585439236324657509
G/0/demand/col/b/max	4585439236324657524
G/0/demand/col/b/min	4585439236324657465
G/0/demand/col/b/n	341
G/0/demand/col/b_cmd/last	4585439236324657506
G/0/demand/col/b_cmd/max	4585439236324657544
G/0/demand/col/b_cmd/min	4585439236324657379
G/0/demand/col/b_cmd/n	341
G/0/demand/col/cap_fuel/last	4576598004192639862
G/0/demand/col/cap_fuel/max	4576598004192639893
G/0/demand/col/cap_fuel/min	4576598004192639851
G/0/demand/col/cap_fuel/n	341
G/0/demand/col/cap_gov/last	4578248897747917313
G/0/demand/col/cap_gov/max	4578248897747917322
G/0/demand/col/cap_gov/min	4578248897747917310
G/0/demand/col/cap_gov/n	341
G/0/demand/col/f/last	4580382169689562671
G/0/demand/col/f/max	4580382169689562674
G/0/demand/col/f/min	4580382169689562665
G/0/demand/col/f/n	341
G/0/demand/col/g/last	4579201576202627243
G/0/demand/col/g/max	4579201576202627243
G/0/demand/col/g/min	0
G/0/demand/col/g/n	341
G/0/demand/col/g_fuel/last	4579201576202627243
G/0/demand/col/g_fuel/max	4579201576202627243
G/0/demand/col/g_fuel/min	0
G/0/demand/col/g_fuel/n	341
G/0/demand/col/g_gov/last	4577550682647349794
G/0/demand/col/g_gov/max	4577550682647349794
G/0/demand/col/g_gov/min	13792122033602198020
G/0/demand/col/g_gov/n	341
G/0/demand/col/ic_res/last	0
G/0/demand/col/ic_res/max	0
G/0/demand/col/ic_res/min	0
G/0/demand/col/ic_res/n	341
G/0/demand/col/mdot_air/last	4603364550124398403
G/0/demand/col/mdot_air/max	4603364550124398413
G/0/demand/col/mdot_air/min	4603364550124398400
G/0/demand/col/mdot_air/n	341
G/0/demand/col/mf/last	4576598004192639867
G/0/demand/col/mf/max	4576598004192639870
G/0/demand/col/mf/min	4576598004192639863
G/0/demand/col/mf/n	341
G/0/demand/col/mf_sched/last	4582403389825004051
G/0/demand/col/mf_sched/max	4582403389825004051
G/0/demand/col/mf_sched/min	4576598004192639869
G/0/demand/col/mf_sched/n	341
G/0/demand/col/nu_hp/last	4605292294839495533
G/0/demand/col/nu_hp/max	4605292294839495533
G/0/demand/col/nu_hp/min	4605292294839495533
G/0/demand/col/nu_hp/n	341
G/0/demand/col/nu_lp/last	4604908498284992449
G/0/demand/col/nu_lp/max	4604908498284992449
G/0/demand/col/nu_lp/min	4604908498284992449
G/0/demand/col/nu_lp/n	341
G/0/demand/col/phi_hp/last	4606680258087474445
G/0/demand/col/phi_hp/max	4606680258087474449
G/0/demand/col/phi_hp/min	4606680258087474438
G/0/demand/col/phi_hp/n	341
G/0/demand/col/phi_lp/last	4605380978949069210
G/0/demand/col/phi_lp/max	4605380978949069220
G/0/demand/col/phi_lp/min	4605380978949069208
G/0/demand/col/phi_lp/n	341
G/0/demand/col/pi_hpc/last	4616236729973011810
G/0/demand/col/pi_hpc/max	4616236729973011813
G/0/demand/col/pi_hpc/min	4616236729973011806
G/0/demand/col/pi_hpc/n	341
G/0/demand/col/pi_lpc/last	4611845222978564899
G/0/demand/col/pi_lpc/max	4611845222978564904
G/0/demand/col/pi_lpc/min	4611845222978564899
G/0/demand/col/pi_lpc/n	341
G/0/demand/col/required/last	4579201576202627248
G/0/demand/col/required/max	4579201576202627248
G/0/demand/col/required/min	0
G/0/demand/col/required/n	341
G/0/demand/col/required_fuel/last	4579201576202627248
G/0/demand/col/required_fuel/max	4579201576202627248
G/0/demand/col/required_fuel/min	0
G/0/demand/col/required_fuel/n	341
G/0/demand/col/required_gov/last	4577550682647349797
G/0/demand/col/required_gov/max	4577550682647349797
G/0/demand/col/required_gov/min	13792122033602198020
G/0/demand/col/required_gov/n	341
G/0/demand/col/s/last	4610334938539176691
G/0/demand/col/s/max	4610334938539176691
G/0/demand/col/s/min	0
G/0/demand/col/s/n	341
G/0/demand/col/sp_thrust/last	4646329581975695665
G/0/demand/col/sp_thrust/max	4646329581975695670
G/0/demand/col/sp_thrust/min	4646329581975695658
G/0/demand/col/sp_thrust/n	341
G/0/demand/col/v/last	13592569603443572659
G/0/demand/col/v/max	0
G/0/demand/col/v/min	13609637409726621866
G/0/demand/col/v/n	341
G/0/demand/col/v_cmd/last	0
G/0/demand/col/v_cmd/max	0
G/0/demand/col/v_cmd/min	13610951680647784314
G/0/demand/col/v_cmd/n	341
G/0/demand/col/w_fuel/last	4576598004192639867
G/0/demand/col/w_fuel/max	4576598004192639870
G/0/demand/col/w_fuel/min	4576598004192639863
G/0/demand/col/w_fuel/n	341
G/0/demand/col/w_gov/last	4578248897747917316
G/0/demand/col/w_gov/max	4578248897747917316
G/0/demand/col/w_gov/min	4578248897747917310
G/0/demand/col/w_gov/n	341
G/0/demand/coord	4011733542463085790
G/0/demand/keys	35
G/0/demand/marched	1
G/0/demand/n	341
G/0/demand/neg/g_fuel	0
G/0/demand/neg/g_gov	21
G/0/demand/neg/required_fuel	0
G/0/demand/neg/required_gov	21
G/0/demand/p0/Tt4	4652007308841189378
G/0/demand/p0/authority	9087740570393753374
G/0/demand/p0/b	4585439236324657495
G/0/demand/p0/b_cmd	4585439236324657495
G/0/demand/p0/branch	13126223303132988745
G/0/demand/p0/cap_fuel	4576598004192639869
G/0/demand/p0/cap_fuel?	1
G/0/demand/p0/cap_gov	4578248897747917310
G/0/demand/p0/cap_gov?	1
G/0/demand/p0/f	4580382169689562672
G/0/demand/p0/g	0
G/0/demand/p0/g_fuel	0
G/0/demand/p0/g_gov	13792122033602198020
G/0/demand/p0/ic_iters	2
G/0/demand/p0/ic_order	16448961268219989400
G/0/demand/p0/ic_res	0
G/0/demand/p0/lag_coord	4011733542463085790
G/0/demand/p0/mdot_air	4603364550124398404
G/0/demand/p0/mf	4576598004192639869
G/0/demand/p0/mf_sched	4576598004192639869
G/0/demand/p0/nu_hp	4605292294839495533
G/0/demand/p0/nu_lp	4604908498284992449
G/0/demand/p0/phi_hp	4606680258087474445
G/0/demand/p0/phi_lp	4605380978949069210
G/0/demand/p0/pi_hpc	4616236729973011810
G/0/demand/p0/pi_lpc	4611845222978564899
G/0/demand/p0/required	0
G/0/demand/p0/required_fuel	0
G/0/demand/p0/required_gov	13792122033602198020
G/0/demand/p0/s	0
G/0/demand/p0/share_law	580772045163143161
G/0/demand/p0/sp_thrust	4646329581975695664
G/0/demand/p0/v	0
G/0/demand/p0/v_cmd	0
G/0/demand/p0/v_regime	9087740570393753374
G/0/demand/p0/v_regime?	1
G/0/demand/p0/w_fuel	4576598004192639869
G/0/demand/p0/w_fuel?	1
G/0/demand/p0/w_gov	4578248897747917310
G/0/demand/p0/w_gov?	1
G/0/demand/p10/Tt4	4652007308841189373
G/0/demand/p10/authority	9674992558986367437
G/0/demand/p10/b	4585439236324657484
G/0/demand/p10/b_cmd	4585439236324657453
G/0/demand/p10/branch	13126223303132988745
G/0/demand/p10/cap_fuel	4576598004192639878
G/0/demand/p10/cap_fuel?	1
G/0/demand/p10/cap_gov	4578248897747917312
G/0/demand/p10/cap_gov?	1
G/0/demand/p10/f	4580382169689562668
G/0/demand/p10/g	4564081186436201032
G/0/demand/p10/g_fuel	4564081186436201032
G/0/demand/p10/g_gov	13787783644658678248
G/0/demand/p10/ic_iters	2
G/0/demand/p10/ic_order	16448961268219989400
G/0/demand/p10/ic_res	0
G/0/demand/p10/lag_coord	4011733542463085790
G/0/demand/p10/mdot_air	4603364550124398404
G/0/demand/p10/mf	4576598004192639864
G/0/demand/p10/mf_sched	4577402799634797249
G/0/demand/p10/nu_hp	4605292294839495533
G/0/demand/p10/nu_lp	4604908498284992449
G/0/demand/p10/phi_hp	4606680258087474445
G/0/demand/p10/phi_lp	4605380978949069210
G/0/demand/p10/pi_hpc	4616236729973011810
G/0/demand/p10/pi_lpc	4611845222978564899
G/0/demand/p10/required	4564081186436200920
G/0/demand/p10/required_fuel	4564081186436200920
G/0/demand/p10/required_gov	13787783644658678264
G/0/demand/p10/s	4587366580439587225
G/0/demand/p10/share_law	580772045163143161
G/0/demand/p10/sp_thrust	4646329581975695662
G/0/demand/p10/v	13586756430638772154
G/0/demand/p10/v_cmd	0
G/0/demand/p10/v_regime	9087740570393753374
G/0/demand/p10/v_regime?	1
G/0/demand/p10/w_fuel	4576598004192639864
G/0/demand/p10/w_fuel?	1
G/0/demand/p10/w_gov	4578248897747917310
G/0/demand/p10/w_gov?	1
G/0/demand/p100/Tt4	4652007308841189378
G/0/demand/p100/authority	9674992558986367437
G/0/demand/p100/b	4585439236324657510
G/0/demand/p100/b_cmd	4585439236324657501
G/0/demand/p100/branch	13126223303132988745
G/0/demand/p100/cap_fuel	4576598004192639862
G/0/demand/p100/cap_fuel?	1
G/0/demand/p100/cap_gov	4578248897747917313
G/0/demand/p100/cap_gov?	1
G/0/demand/p100/f	4580382169689562672
G/0/demand/p100/g	4579201576202627242
G/0/demand/p100/g_fuel	4579201576202627242
G/0/demand/p100/g_gov	4577550682647349794
G/0/demand/p100/ic_iters	2
G/0/demand/p100/ic_order	16448961268219989400
G/0/demand/p100/ic_res	0
G/0/demand/p100/lag_coord	4011733542463085790
G/0/demand/p100/mdot_air	4603364550124398404
G/0/demand/p100/mf	4576598004192639868
G/0/demand/p100/mf_sched	4582403389825004051
G/0/demand/p100/nu_hp	4605292294839495533
G/0/demand/p100/nu_lp	4604908498284992449
G/0/demand/p100/phi_hp	4606680258087474445
G/0/demand/p100/phi_lp	4605380978949069210
G/0/demand/p100/pi_hpc	4616236729973011810
G/0/demand/p100/pi_lpc	4611845222978564899
G/0/demand/p100/required	4579201576202627248
G/0/demand/p100/required_fuel	4579201576202627248
G/0/demand/p100/required_gov	4577550682647349797
G/0/demand/p100/s	4602678819172646915
G/0/demand/p100/share_law	580772045163143161
G/0/demand/p100/sp_thrust	4646329581975695664
G/0/demand/p100/v	13596277257891794731
G/0/demand/p100/v_cmd	0
G/0/demand/p100/v_regime	9087740570393753374
G/0/demand/p100/v_regime?	1
G/0/demand/p100/w_fuel	4576598004192639868
G/0/demand/p100/w_fuel?	1
G/0/demand/p100/w_gov	4578248897747917316
G/0/demand/p100/w_gov?	1
G/0/demand/p105/Tt4	4652007308841189376
G/0/demand/p105/authority	9674992558986367437
G/0/demand/p105/b	4585439236324657509
G/0/demand/p105/b_cmd	4585439236324657506
G/0/demand/p105/branch	13126223303132988745
G/0/demand/p105/cap_fuel	4576598004192639862
G/0/demand/p105/cap_fuel?	1
G/0/demand/p105/cap_gov	4578248897747917313
G/0/demand/p105/cap_gov?	1
G/0/demand/p105/f	4580382169689562671
G/0/demand/p105/g	4579201576202627243
G/0/demand/p105/g_fuel	4579201576202627243
G/0/demand/p105/g_gov	4577550682647349794
G/0/demand/p105/ic_iters	2
G/0/demand/p105/ic_order	16448961268219989400
G/0/demand/p105/ic_res	0
G/0/demand/p105/lag_coord	4011733542463085790
G/0/demand/p105/mdot_air	4603364550124398403
G/0/demand/p105/mf	4576598004192639867
G/0/demand/p105/mf_sched	4582403389825004051
G/0/demand/p105/nu_hp	4605292294839495533
G/0/demand/p105/nu_lp	4604908498284992449
G/0/demand/p105/phi_hp	4606680258087474445
G/0/demand/p105/phi_lp	4605380978949069210
G/0/demand/p105/pi_hpc	4616236729973011810
G/0/demand/p105/pi_lpc	4611845222978564899
G/0/demand/p105/required	4579201576202627248
G/0/demand/p105/required_fuel	4579201576202627248
G/0/demand/p105/required_gov	4577550682647349797
G/0/demand/p105/s	4602903999154015440
G/0/demand/p105/share_law	580772045163143161
G/0/demand/p105/sp_thrust	4646329581975695665
G/0/demand/p105/v	13594486098153448962
G/0/demand/p105/v_cmd	0
G/0/demand/p105/v_regime	9087740570393753374
G/0/demand/p105/v_regime?	1
G/0/demand/p105/w_fuel	4576598004192639867
G/0/demand/p105/w_fuel?	1
G/0/demand/p105/w_gov	4578248897747917316
G/0/demand/p105/w_gov?	1
G/0/demand/p110/Tt4	4652007308841189376
G/0/demand/p110/authority	9674992558986367437
G/0/demand/p110/b	4585439236324657509
G/0/demand/p110/b_cmd	4585439236324657506
G/0/demand/p110/branch	13126223303132988745
G/0/demand/p110/cap_fuel	4576598004192639862
G/0/demand/p110/cap_fuel?	1
G/0/demand/p110/cap_gov	4578248897747917313
G/0/demand/p110/cap_gov?	1
G/0/demand/p110/f	4580382169689562671
G/0/demand/p110/g	4579201576202627243
G/0/demand/p110/g_fuel	4579201576202627243
G/0/demand/p110/g_gov	4577550682647349794
G/0/demand/p110/ic_iters	2
G/0/demand/p110/ic_order	16448961268219989400
G/0/demand/p110/ic_res	0
G/0/demand/p110/lag_coord	4011733542463085790
G/0/demand/p110/mdot_air	4603364550124398403
G/0/demand/p110/mf	4576598004192639867
G/0/demand/p110/mf_sched	4582403389825004051
G/0/demand/p110/nu_hp	4605292294839495533
G/0/demand/p110/nu_lp	4604908498284992449
G/0/demand/p110/phi_hp	4606680258087474445
G/0/demand/p110/phi_lp	4605380978949069210
G/0/demand/p110/pi_hpc	4616236729973011810
G/0/demand/p110/pi_lpc	4611845222978564899
G/0/demand/p110/required	4579201576202627248
G/0/demand/p110/required_fuel	4579201576202627248
G/0/demand/p110/required_gov	4577550682647349797
G/0/demand/p110/s	4603129179135383965
G/0/demand/p110/share_law	580772045163143161
G/0/demand/p110/sp_thrust	4646329581975695665
G/0/demand/p110/v	13593732016770724462
G/0/demand/p110/v_cmd	0
G/0/demand/p110/v_regime	9087740570393753374
G/0/demand/p110/v_regime?	1
G/0/demand/p110/w_fuel	4576598004192639867
G/0/demand/p110/w_fuel?	1
G/0/demand/p110/w_gov	4578248897747917316
G/0/demand/p110/w_gov?	1
G/0/demand/p115/Tt4	4652007308841189376
G/0/demand/p115/authority	9674992558986367437
G/0/demand/p115/b	4585439236324657509
G/0/demand/p115/b_cmd	4585439236324657506
G/0/demand/p115/branch	13126223303132988745
G/0/demand/p115/cap_fuel	4576598004192639862
G/0/demand/p115/cap_fuel?	1
G/0/demand/p115/cap_gov	4578248897747917313
G/0/demand/p115/cap_gov?	1
G/0/demand/p115/f	4580382169689562671
G/0/demand/p115/g	4579201576202627243
G/0/demand/p115/g_fuel	4579201576202627243
G/0/demand/p115/g_gov	4577550682647349794
G/0/demand/p115/ic_iters	2
G/0/demand/p115/ic_order	16448961268219989400
G/0/demand/p115/ic_res	0
G/0/demand/p115/lag_coord	4011733542463085790
G/0/demand/p115/mdot_air	4603364550124398403
G/0/demand/p115/mf	4576598004192639867
G/0/demand/p115/mf_sched	4582403389825004051
G/0/demand/p115/nu_hp	4605292294839495533
G/0/demand/p115/nu_lp	4604908498284992449
G/0/demand/p115/phi_hp	4606680258087474445
G/0/demand/p115/phi_lp	4605380978949069210
G/0/demand/p115/pi_hpc	4616236729973011810
G/0/demand/p115/pi_lpc	4611845222978564899
G/0/demand/p115/required	4579201576202627248
G/0/demand/p115/required_fuel	4579201576202627248
G/0/demand/p115/required_gov	4577550682647349797
G/0/demand/p115/s	4603354359116752490
G/0/demand/p115/share_law	580772045163143161
G/0/demand/p115/sp_thrust	4646329581975695665
G/0/demand/p115/v	13593274643085029297
G/0/demand/p115/v_cmd	0
G/0/demand/p115/v_regime	9087740570393753374
G/0/demand/p115/v_regime?	1
G/0/demand/p115/w_fuel	4576598004192639867
G/0/demand/p115/w_fuel?	1
G/0/demand/p115/w_gov	4578248897747917316
G/0/demand/p115/w_gov?	1
G/0/demand/p120/Tt4	4652007308841189376
G/0/demand/p120/authority	9674992558986367437
G/0/demand/p120/b	4585439236324657509
G/0/demand/p120/b_cmd	4585439236324657506
G/0/demand/p120/branch	13126223303132988745
G/0/demand/p120/cap_fuel	4576598004192639862
G/0/demand/p120/cap_fuel?	1
G/0/demand/p120/cap_gov	4578248897747917313
G/0/demand/p120/cap_gov?	1
G/0/demand/p120/f	4580382169689562671
G/0/demand/p120/g	4579201576202627243
G/0/demand/p120/g_fuel	4579201576202627243
G/0/demand/p120/g_gov	4577550682647349794
G/0/demand/p120/ic_iters	2
G/0/demand/p120/ic_order	16448961268219989400
G/0/demand/p120/ic_res	0
G/0/demand/p120/lag_coord	4011733542463085790
G/0/demand/p120/mdot_air	4603364550124398403
G/0/demand/p120/mf	4576598004192639867
G/0/demand/p120/mf_sched	4582403389825004051
G/0/demand/p120/nu_hp	4605292294839495533
G/0/demand/p120/nu_lp	4604908498284992449
G/0/demand/p120/phi_hp	4606680258087474445
G/0/demand/p120/phi_lp	4605380978949069210
G/0/demand/p120/pi_hpc	4616236729973011810
G/0/demand/p120/pi_lpc	4611845222978564899
G/0/demand/p120/required	4579201576202627248
G/0/demand/p120/required_fuel	4579201576202627248
G/0/demand/p120/required_gov	4577550682647349797
G/0/demand/p120/s	4603579539098121015
G/0/demand/p120/share_law	580772045163143161
G/0/demand/p120/sp_thrust	4646329581975695665
G/0/demand/p120/v	13592997231796063942
G/0/demand/p120/v_cmd	0
G/0/demand/p120/v_regime	9087740570393753374
G/0/demand/p120/v_regime?	1
G/0/demand/p120/w_fuel	4576598004192639867
G/0/demand/p120/w_fuel?	1
G/0/demand/p120/w_gov	4578248897747917316
G/0/demand/p120/w_gov?	1
G/0/demand/p125/Tt4	4652007308841189376
G/0/demand/p125/authority	9674992558986367437
G/0/demand/p125/b	4585439236324657509
G/0/demand/p125/b_cmd	4585439236324657506
G/0/demand/p125/branch	13126223303132988745
G/0/demand/p125/cap_fuel	4576598004192639862
G/0/demand/p125/cap_fuel?	1
G/0/demand/p125/cap_gov	4578248897747917313
G/0/demand/p125/cap_gov?	1
G/0/demand/p125/f	4580382169689562671
G/0/demand/p125/g	4579201576202627243
G/0/demand/p125/g_fuel	4579201576202627243
G/0/demand/p125/g_gov	4577550682647349794
G/0/demand/p125/ic_iters	2
G/0/demand/p125/ic_order	16448961268219989400
G/0/demand/p125/ic_res	0
G/0/demand/p125/lag_coord	4011733542463085790
G/0/demand/p125/mdot_air	4603364550124398403
G/0/demand/p125/mf	4576598004192639867
G/0/demand/p125/mf_sched	4582403389825004051
G/0/demand/p125/nu_hp	4605292294839495533
G/0/demand/p125/nu_lp	4604908498284992449
G/0/demand/p125/phi_hp	4606680258087474445
G/0/demand/p125/phi_lp	4605380978949069210
G/0/demand/p125/pi_hpc	4616236729973011810
G/0/demand/p125/pi_lpc	4611845222978564899
G/0/demand/p125/required	4579201576202627248
G/0/demand/p125/required_fuel	4579201576202627248
G/0/demand/p125/required_gov	4577550682647349797
G/0/demand/p125/s	4603804719079489540
G/0/demand/p125/share_law	580772045163143161
G/0/demand/p125/sp_thrust	4646329581975695665
G/0/demand/p125/v	13592828973267748192
G/0/demand/p125/v_cmd	0
G/0/demand/p125/v_regime	9087740570393753374
G/0/demand/p125/v_regime?	1
G/0/demand/p125/w_fuel	4576598004192639867
G/0/demand/p125/w_fuel?	1
G/0/demand/p125/w_gov	4578248897747917316
G/0/demand/p125/w_gov?	1
G/0/demand/p130/Tt4	4652007308841189376
G/0/demand/p130/authority	9674992558986367437
G/0/demand/p130/b	4585439236324657509
G/0/demand/p130/b_cmd	4585439236324657506
G/0/demand/p130/branch	13126223303132988745
G/0/demand/p130/cap_fuel	4576598004192639862
G/0/demand/p130/cap_fuel?	1
G/0/demand/p130/cap_gov	4578248897747917313
G/0/demand/p130/cap_gov?	1
G/0/demand/p130/f	4580382169689562671
G/0/demand/p130/g	4579201576202627243
G/0/demand/p130/g_fuel	4579201576202627243
G/0/demand/p130/g_gov	4577550682647349794
G/0/demand/p130/ic_iters	2
G/0/demand/p130/ic_order	16448961268219989400
G/0/demand/p130/ic_res	0
G/0/demand/p130/lag_coord	4011733542463085790
G/0/demand/p130/mdot_air	4603364550124398403
G/0/demand/p130/mf	4576598004192639867
G/0/demand/p130/mf_sched	4582403389825004051
G/0/demand/p130/nu_hp	4605292294839495533
G/0/demand/p130/nu_lp	4604908498284992449
G/0/demand/p130/phi_hp	4606680258087474445
G/0/demand/p130/phi_lp	4605380978949069210
G/0/demand/p130/pi_hpc	4616236729973011810
G/0/demand/p130/pi_lpc	4611845222978564899
G/0/demand/p130/required	4579201576202627248
G/0/demand/p130/required_fuel	4579201576202627248
G/0/demand/p130/required_gov	4577550682647349797
G/0/demand/p130/s	4604029899060858065
G/0/demand/p130/share_law	580772045163143161
G/0/demand/p130/sp_thrust	4646329581975695665
G/0/demand/p130/v	13592726919265344137
G/0/demand/p130/v_cmd	0
G/0/demand/p130/v_regime	9087740570393753374
G/0/demand/p130/v_regime?	1
G/0/demand/p130/w_fuel	4576598004192639867
G/0/demand/p130/w_fuel?	1
G/0/demand/p130/w_gov	4578248897747917316
G/0/demand/p130/w_gov?	1
G/0/demand/p135/Tt4	4652007308841189376
G/0/demand/p135/authority	9674992558986367437
G/0/demand/p135/b	4585439236324657509
G/0/demand/p135/b_cmd	4585439236324657506
G/0/demand/p135/branch	13126223303132988745
G/0/demand/p135/cap_fuel	4576598004192639862
G/0/demand/p135/cap_fuel?	1
G/0/demand/p135/cap_gov	4578248897747917313
G/0/demand/p135/cap_gov?	1
G/0/demand/p135/f	4580382169689562671
G/0/demand/p135/g	4579201576202627243
G/0/demand/p135/g_fuel	4579201576202627243
G/0/demand/p135/g_gov	4577550682647349794
G/0/demand/p135/ic_iters	2
G/0/demand/p135/ic_order	16448961268219989400
G/0/demand/p135/ic_res	0
G/0/demand/p135/lag_coord	4011733542463085790
G/0/demand/p135/mdot_air	4603364550124398403
G/0/demand/p135/mf	4576598004192639867
G/0/demand/p135/mf_sched	4582403389825004051
G/0/demand/p135/nu_hp	4605292294839495533
G/0/demand/p135/nu_lp	4604908498284992449
G/0/demand/p135/phi_hp	4606680258087474445
G/0/demand/p135/phi_lp	4605380978949069210
G/0/demand/p135/pi_hpc	4616236729973011810
G/0/demand/p135/pi_lpc	4611845222978564899
G/0/demand/p135/required	4579201576202627248
G/0/demand/p135/required_fuel	4579201576202627248
G/0/demand/p135/required_gov	4577550682647349797
G/0/demand/p135/s	4604255079042226590
G/0/demand/p135/share_law	580772045163143161
G/0/demand/p135/sp_thrust	4646329581975695665
G/0/demand/p135/v	13592665020355904359
G/0/demand/p135/v_cmd	0
G/0/demand/p135/v_regime	9087740570393753374
G/0/demand/p135/v_regime?	1
G/0/demand/p135/w_fuel	4576598004192639867
G/0/demand/p135/w_fuel?	1
G/0/demand/p135/w_gov	4578248897747917316
G/0/demand/p135/w_gov?	1
G/0/demand/p140/Tt4	4652007308841189376
G/0/demand/p140/authority	9674992558986367437
G/0/demand/p140/b	4585439236324657509
G/0/demand/p140/b_cmd	4585439236324657506
G/0/demand/p140/branch	13126223303132988745
G/0/demand/p140/cap_fuel	4576598004192639862
G/0/demand/p140/cap_fuel?	1
G/0/demand/p140/cap_gov	4578248897747917313
G/0/demand/p140/cap_gov?	1
G/0/demand/p140/f	4580382169689562671
G/0/demand/p140/g	4579201576202627243
G/0/demand/p140/g_fuel	4579201576202627243
G/0/demand/p140/g_gov	4577550682647349794
G/0/demand/p140/ic_iters	2
G/0/demand/p140/ic_order	16448961268219989400
G/0/demand/p140/ic_res	0
G/0/demand/p140/lag_coord	4011733542463085790
G/0/demand/p140/mdot_air	4603364550124398403
G/0/demand/p140/mf	4576598004192639867
G/0/demand/p140/mf_sched	4582403389825004051
G/0/demand/p140/nu_hp	4605292294839495533
G/0/demand/p140/nu_lp	4604908498284992449
G/0/demand/p140/phi_hp	4606680258087474445
G/0/demand/p140/phi_lp	4605380978949069210
G/0/demand/p140/pi_hpc	4616236729973011810
G/0/demand/p140/pi_lpc	4611845222978564899
G/0/demand/p140/required	4579201576202627248
G/0/demand/p140/required_fuel	4579201576202627248
G/0/demand/p140/required_gov	4577550682647349797
G/0/demand/p140/s	4604480259023595115
G/0/demand/p140/share_law	580772045163143161
G/0/demand/p140/sp_thrust	4646329581975695665
G/0/demand/p140/v	13592627476752522063
G/0/demand/p140/v_cmd	0
G/0/demand/p140/v_regime	9087740570393753374
G/0/demand/p140/v_regime?	1
G/0/demand/p140/w_fuel	4576598004192639867
G/0/demand/p140/w_fuel?	1
G/0/demand/p140/w_gov	4578248897747917316
G/0/demand/p140/w_gov?	1
G/0/demand/p145/Tt4	4652007308841189376
G/0/demand/p145/authority	9674992558986367437
G/0/demand/p145/b	4585439236324657509
G/0/demand/p145/b_cmd	4585439236324657506
G/0/demand/p145/branch	13126223303132988745
G/0/demand/p145/cap_fuel	4576598004192639862
G/0/demand/p145/cap_fuel?	1
G/0/demand/p145/cap_gov	4578248897747917313
G/0/demand/p145/cap_gov?	1
G/0/demand/p145/f	4580382169689562671
G/0/demand/p145/g	4579201576202627243
G/0/demand/p145/g_fuel	4579201576202627243
G/0/demand/p145/g_gov	4577550682647349794
G/0/demand/p145/ic_iters	2
G/0/demand/p145/ic_order	16448961268219989400
G/0/demand/p145/ic_res	0
G/0/demand/p145/lag_coord	4011733542463085790
G/0/demand/p145/mdot_air	4603364550124398403
G/0/demand/p145/mf	4576598004192639867
G/0/demand/p145/mf_sched	4582403389825004051
G/0/demand/p145/nu_hp	4605292294839495533
G/0/demand/p145/nu_lp	4604908498284992449
G/0/demand/p145/phi_hp	4606680258087474445
G/0/demand/p145/phi_lp	4605380978949069210
G/0/demand/p145/pi_hpc	4616236729973011810
G/0/demand/p145/pi_lpc	4611845222978564899
G/0/demand/p145/required	4579201576202627248
G/0/demand/p145/required_fuel	4579201576202627248
G/0/demand/p145/required_gov	4577550682647349797
G/0/demand/p145/s	4604705439004963640
G/0/demand/p145/share_law	580772045163143161
G/0/demand/p145/sp_thrust	4646329581975695665
G/0/demand/p145/v	13592604705395680978
G/0/demand/p145/v_cmd	0
G/0/demand/p145/v_regime	9087740570393753374
G/0/demand/p145/v_regime?	1
G/0/demand/p145/w_fuel	4576598004192639867
G/0/demand/p145/w_fuel?	1
G/0/demand/p145/w_gov	4578248897747917316
G/0/demand/p145/w_gov?	1
G/0/demand/p15/Tt4	4652007308841189373
G/0/demand/p15/authority	9674992558986367437
G/0/demand/p15/b	4585439236324657472
G/0/demand/p15/b_cmd	4585439236324657497
G/0/demand/p15/branch	13126223303132988745
G/0/demand/p15/cap_fuel	4576598004192639852
G/0/demand/p15/cap_fuel?	1
G/0/demand/p15/cap_gov	4578248897747917311
G/0/demand/p15/cap_gov?	1
G/0/demand/p15/f	4580382169689562668
G/0/demand/p15/g	4566975195179256752
G/0/demand/p15/g_fuel	4566975195179256752
G/0/demand/p15/g_gov	13783610466399009200
G/0/demand/p15/ic_iters	2
G/0/demand/p15/ic_order	16448961268219989400
G/0/demand/p15/ic_res	0
G/0/demand/p15/lag_coord	4011733542463085790
G/0/demand/p15/mdot_air	4603364550124398404
G/0/demand/p15/mf	4576598004192639863
G/0/demand/p15/mf_sched	4577805197355875939
G/0/demand/p15/nu_hp	4605292294839495533
G/0/demand/p15/nu_lp	4604908498284992449
G/0/demand/p15/phi_hp	4606680258087474445
G/0/demand/p15/phi_lp	4605380978949069209
G/0/demand/p15/pi_hpc	4616236729973011810
G/0/demand/p15/pi_lpc	4611845222978564899
G/0/demand/p15/required	4566975195179256796
G/0/demand/p15/required_fuel	4566975195179256796
G/0/demand/p15/required_gov	13783610466399009216
G/0/demand/p15/s	4590068740216009523
G/0/demand/p15/share_law	580772045163143161
G/0/demand/p15/sp_thrust	4646329581975695662
G/0/demand/p15/v	13583449892052941136
G/0/demand/p15/v_cmd	13610951680647784294
G/0/demand/p15/v_regime	10791139852042193048
G/0/demand/p15/v_regime?	1
G/0/demand/p15/w_fuel	4576598004192639863
G/0/demand/p15/w_fuel?	1
G/0/demand/p15/w_gov	4578248897747917310
G/0/demand/p15/w_gov?	1
G/0/demand/p150/Tt4	4652007308841189376
G/0/demand/p150/authority	9674992558986367437
G/0/demand/p150/b	4585439236324657509
G/0/demand/p150/b_cmd	4585439236324657506
G/0/demand/p150/branch	13126223303132988745
G/0/demand/p150/cap_fuel	4576598004192639862
G/0/demand/p150/cap_fuel?	1
G/0/demand/p150/cap_gov	4578248897747917313
G/0/demand/p150/cap_gov?	1
G/0/demand/p150/f	4580382169689562671
G/0/demand/p150/g	4579201576202627243
G/0/demand/p150/g_fuel	4579201576202627243
G/0/demand/p150/g_gov	4577550682647349794
G/0/demand/p150/ic_iters	2
G/0/demand/p150/ic_order	16448961268219989400
G/0/demand/p150/ic_res	0
G/0/demand/p150/lag_coord	4011733542463085790
G/0/demand/p150/mdot_air	4603364550124398403
G/0/demand/p150/mf	4576598004192639867
G/0/demand/p150/mf_sched	4582403389825004051
G/0/demand/p150/nu_hp	4605292294839495533
G/0/demand/p150/nu_lp	4604908498284992449
G/0/demand/p150/phi_hp	4606680258087474445
G/0/demand/p150/phi_lp	4605380978949069210
G/0/demand/p150/pi_hpc	4616236729973011810
G/0/demand/p150/pi_lpc	4611845222978564899
G/0/demand/p150/required	4579201576202627248
G/0/demand/p150/required_fuel	4579201576202627248
G/0/demand/p150/required_gov	4577550682647349797
G/0/demand/p150/s	4604930618986332165
G/0/demand/p150/share_law	580772045163143161
G/0/demand/p150/sp_thrust	4646329581975695665
G/0/demand/p150/v	13592590893863338066
G/0/demand/p150/v_cmd	0
G/0/demand/p150/v_regime	9087740570393753374
G/0/demand/p150/v_regime?	1
G/0/demand/p150/w_fuel	4576598004192639867
G/0/demand/p150/w_fuel?	1
G/0/demand/p150/w_gov	4578248897747917316
G/0/demand/p150/w_gov?	1
G/0/demand/p155/Tt4	4652007308841189376
G/0/demand/p155/authority	9674992558986367437
G/0/demand/p155/b	4585439236324657509
G/0/demand/p155/b_cmd	4585439236324657506
G/0/demand/p155/branch	13126223303132988745
G/0/demand/p155/cap_fuel	4576598004192639862
G/0/demand/p155/cap_fuel?	1
G/0/demand/p155/cap_gov	4578248897747917313
G/0/demand/p155/cap_gov?	1
G/0/demand/p155/f	4580382169689562671
G/0/demand/p155/g	4579201576202627243
G/0/demand/p155/g_fuel	4579201576202627243
G/0/demand/p155/g_gov	4577550682647349794
G/0/demand/p155/ic_iters	2
G/0/demand/p155/ic_order	16448961268219989400
G/0/demand/p155/ic_res	0
G/0/demand/p155/lag_coord	4011733542463085790
G/0/demand/p155/mdot_air	4603364550124398403
G/0/demand/p155/mf	4576598004192639867
G/0/demand/p155/mf_sched	4582403389825004051
G/0/demand/p155/nu_hp	4605292294839495533
G/0/demand/p155/nu_lp	4604908498284992449
G/0/demand/p155/phi_hp	4606680258087474445
G/0/demand/p155/phi_lp	4605380978949069210
G/0/demand/p155/pi_hpc	4616236729973011810
G/0/demand/p155/pi_lpc	4611845222978564899
G/0/demand/p155/required	4579201576202627248
G/0/demand/p155/required_fuel	4579201576202627248
G/0/demand/p155/required_gov	4577550682647349797
G/0/demand/p155/s	4605155798967700690
G/0/demand/p155/share_law	580772045163143161
G/0/demand/p155/sp_thrust	4646329581975695665
G/0/demand/p155/v	13592582516741720301
G/0/demand/p155/v_cmd	0
G/0/demand/p155/v_regime	9087740570393753374
G/0/demand/p155/v_regime?	1
G/0/demand/p155/w_fuel	4576598004192639867
G/0/demand/p155/w_fuel?	1
G/0/demand/p155/w_gov	4578248897747917316
G/0/demand/p155/w_gov?	1
G/0/demand/p160/Tt4	4652007308841189376
G/0/demand/p160/authority	9674992558986367437
G/0/demand/p160/b	4585439236324657509
G/0/demand/p160/b_cmd	4585439236324657506
G/0/demand/p160/branch	13126223303132988745
G/0/demand/p160/cap_fuel	4576598004192639862
G/0/demand/p160/cap_fuel?	1
G/0/demand/p160/cap_gov	4578248897747917313
G/0/demand/p160/cap_gov?	1
G/0/demand/p160/f	4580382169689562671
G/0/demand/p160/g	4579201576202627243
G/0/demand/p160/g_fuel	4579201576202627243
G/0/demand/p160/g_gov	4577550682647349794
G/0/demand/p160/ic_iters	2
G/0/demand/p160/ic_order	16448961268219989400
G/0/demand/p160/ic_res	0
G/0/demand/p160/lag_coord	4011733542463085790
G/0/demand/p160/mdot_air	4603364550124398403
G/0/demand/p160/mf	4576598004192639867
G/0/demand/p160/mf_sched	4582403389825004051
G/0/demand/p160/nu_hp	4605292294839495533
G/0/demand/p160/nu_lp	4604908498284992449
G/0/demand/p160/phi_hp	4606680258087474445
G/0/demand/p160/phi_lp	4605380978949069210
G/0/demand/p160/pi_hpc	4616236729973011810
G/0/demand/p160/pi_lpc	4611845222978564899
G/0/demand/p160/required	4579201576202627248
G/0/demand/p160/required_fuel	4579201576202627248
G/0/demand/p160/required_gov	4577550682647349797
G/0/demand/p160/s	4605380978949069215
G/0/demand/p160/share_law	580772045163143161
G/0/demand/p160/sp_thrust	4646329581975695665
G/0/demand/p160/v	13592577435758317700
G/0/demand/p160/v_cmd	0
G/0/demand/p160/v_regime	9087740570393753374
G/0/demand/p160/v_regime?	1
G/0/demand/p160/w_fuel	4576598004192639867
G/0/demand/p160/w_fuel?	1
G/0/demand/p160/w_gov	4578248897747917316
G/0/demand/p160/w_gov?	1
G/0/demand/p165/Tt4	4652007308841189376
G/0/demand/p165/authority	9674992558986367437
G/0/demand/p165/b	4585439236324657509
G/0/demand/p165/b_cmd	4585439236324657506
G/0/demand/p165/branch	13126223303132988745
G/0/demand/p165/cap_fuel	4576598004192639862
G/0/demand/p165/cap_fuel?	1
G/0/demand/p165/cap_gov	4578248897747917313
G/0/demand/p165/cap_gov?	1
G/0/demand/p165/f	4580382169689562671
G/0/demand/p165/g	4579201576202627243
G/0/demand/p165/g_fuel	4579201576202627243
G/0/demand/p165/g_gov	4577550682647349794
G/0/demand/p165/ic_iters	2
G/0/demand/p165/ic_order	16448961268219989400
G/0/demand/p165/ic_res	0
G/0/demand/p165/lag_coord	4011733542463085790
G/0/demand/p165/mdot_air	4603364550124398403
G/0/demand/p165/mf	4576598004192639867
G/0/demand/p165/mf_sched	4582403389825004051
G/0/demand/p165/nu_hp	4605292294839495533
G/0/demand/p165/nu_lp	4604908498284992449
G/0/demand/p165/phi_hp	4606680258087474445
G/0/demand/p165/phi_lp	4605380978949069210
G/0/demand/p165/pi_hpc	4616236729973011810
G/0/demand/p165/pi_lpc	4611845222978564899
G/0/demand/p165/required	4579201576202627248
G/0/demand/p165/required_fuel	4579201576202627248
G/0/demand/p165/required_gov	4577550682647349797
G/0/demand/p165/s	4605606158930437740
G/0/demand/p165/share_law	580772045163143161
G/0/demand/p165/sp_thrust	4646329581975695665
G/0/demand/p165/v	13592574353984706730
G/0/demand/p165/v_cmd	0
G/0/demand/p165/v_regime	9087740570393753374
G/0/demand/p165/v_regime?	1
G/0/demand/p165/w_fuel	4576598004192639867
G/0/demand/p165/w_fuel?	1
G/0/demand/p165/w_gov	4578248897747917316
G/0/demand/p165/w_gov?	1
G/0/demand/p170/Tt4	4652007308841189376
G/0/demand/p170/authority	9674992558986367437
G/0/demand/p170/b	4585439236324657509
G/0/demand/p170/b_cmd	4585439236324657506
G/0/demand/p170/branch	13126223303132988745
G/0/demand/p170/cap_fuel	4576598004192639862
G/0/demand/p170/cap_fuel?	1
G/0/demand/p170/cap_gov	4578248897747917313
G/0/demand/p170/cap_gov?	1
G/0/demand/p170/f	4580382169689562671
G/0/demand/p170/g	4579201576202627243
G/0/demand/p170/g_fuel	4579201576202627243
G/0/demand/p170/g_gov	4577550682647349794
G/0/demand/p170/ic_iters	2
G/0/demand/p170/ic_order	16448961268219989400
G/0/demand/p170/ic_res	0
G/0/demand/p170/lag_coord	4011733542463085790
G/0/demand/p170/mdot_air	4603364550124398403
G/0/demand/p170/mf	4576598004192639867
G/0/demand/p170/mf_sched	4582403389825004051
G/0/demand/p170/nu_hp	4605292294839495533
G/0/demand/p170/nu_lp	4604908498284992449
G/0/demand/p170/phi_hp	4606680258087474445
G/0/demand/p170/phi_lp	4605380978949069210
G/0/demand/p170/pi_hpc	4616236729973011810
G/0/demand/p170/pi_lpc	4611845222978564899
G/0/demand/p170/required	4579201576202627248
G/0/demand/p170/required_fuel	4579201576202627248
G/0/demand/p170/required_gov	4577550682647349797
G/0/demand/p170/s	4605831338911806265
G/0/demand/p170/share_law	580772045163143161
G/0/demand/p170/sp_thrust	4646329581975695665
G/0/demand/p170/v	13592572484793678788
G/0/demand/p170/v_cmd	0
G/0/demand/p170/v_regime	9087740570393753374
G/0/demand/p170/v_regime?	1
G/0/demand/p170/w_fuel	4576598004192639867
G/0/demand/p170/w_fuel?	1
G/0/demand/p170/w_gov	4578248897747917316
G/0/demand/p170/w_gov?	1
G/0/demand/p175/Tt4	4652007308841189376
G/0/demand/p175/authority	9674992558986367437
G/0/demand/p175/b	4585439236324657509
G/0/demand/p175/b_cmd	4585439236324657506
G/0/demand/p175/branch	13126223303132988745
G/0/demand/p175/cap_fuel	4576598004192639862
G/0/demand/p175/cap_fuel?	1
G/0/demand/p175/cap_gov	4578248897747917313
G/0/demand/p175/cap_gov?	1
G/0/demand/p175/f	4580382169689562671
G/0/demand/p175/g	4579201576202627243
G/0/demand/p175/g_fuel	4579201576202627243
G/0/demand/p175/g_gov	4577550682647349794
G/0/demand/p175/ic_iters	2
G/0/demand/p175/ic_order	16448961268219989400
G/0/demand/p175/ic_res	0
G/0/demand/p175/lag_coord	4011733542463085790
G/0/demand/p175/mdot_air	4603364550124398403
G/0/demand/p175/mf	4576598004192639867
G/0/demand/p175/mf_sched	4582403389825004051
G/0/demand/p175/nu_hp	4605292294839495533
G/0/demand/p175/nu_lp	4604908498284992449
G/0/demand/p175/phi_hp	4606680258087474445
G/0/demand/p175/phi_lp	4605380978949069210
G/0/demand/p175/pi_hpc	4616236729973011810
G/0/demand/p175/pi_lpc	4611845222978564899
G/0/demand/p175/required	4579201576202627248
G/0/demand/p175/required_fuel	4579201576202627248
G/0/demand/p175/required_gov	4577550682647349797
G/0/demand/p175/s	4606056518893174790
G/0/demand/p175/share_law	580772045163143161
G/0/demand/p175/sp_thrust	4646329581975695665
G/0/demand/p175/v	13592571351071497994
G/0/demand/p175/v_cmd	0
G/0/demand/p175/v_regime	9087740570393753374
G/0/demand/p175/v_regime?	1
G/0/demand/p175/w_fuel	4576598004192639867
G/0/demand/p175/w_fuel?	1
G/0/demand/p175/w_gov	4578248897747917316
G/0/demand/p175/w_gov?	1
G/0/demand/p180/Tt4	4652007308841189376
G/0/demand/p180/authority	9674992558986367437
G/0/demand/p180/b	4585439236324657509
G/0/demand/p180/b_cmd	4585439236324657506
G/0/demand/p180/branch	13126223303132988745
G/0/demand/p180/cap_fuel	4576598004192639862
G/0/demand/p180/cap_fuel?	1
G/0/demand/p180/cap_gov	4578248897747917313
G/0/demand/p180/cap_gov?	1
G/0/demand/p180/f	4580382169689562671
G/0/demand/p180/g	4579201576202627243
G/0/demand/p180/g_fuel	4579201576202627243
G/0/demand/p180/g_gov	4577550682647349794
G/0/demand/p180/ic_iters	2
G/0/demand/p180/ic_order	16448961268219989400
G/0/demand/p180/ic_res	0
G/0/demand/p180/lag_coord	4011733542463085790
G/0/demand/p180/mdot_air	4603364550124398403
G/0/demand/p180/mf	4576598004192639867
G/0/demand/p180/mf_sched	4582403389825004051
G/0/demand/p180/nu_hp	4605292294839495533
G/0/demand/p180/nu_lp	4604908498284992449
G/0/demand/p180/phi_hp	4606680258087474445
G/0/demand/p180/phi_lp	4605380978949069210
G/0/demand/p180/pi_hpc	4616236729973011810
G/0/demand/p180/pi_lpc	4611845222978564899
G/0/demand/p180/required	4579201576202627248
G/0/demand/p180/required_fuel	4579201576202627248
G/0/demand/p180/required_gov	4577550682647349797
G/0/demand/p180/s	4606281698874543315
G/0/demand/p180/share_law	580772045163143161
G/0/demand/p180/sp_thrust	4646329581975695665
G/0/demand/p180/v	13592570663433924301
G/0/demand/p180/v_cmd	0
G/0/demand/p180/v_regime	9087740570393753374
G/0/demand/p180/v_regime?	1
G/0/demand/p180/w_fuel	4576598004192639867
G/0/demand/p180/w_fuel?	1
G/0/demand/p180/w_gov	4578248897747917316
G/0/demand/p180/w_gov?	1
G/0/demand/p185/Tt4	4652007308841189376
G/0/demand/p185/authority	9674992558986367437
G/0/demand/p185/b	4585439236324657509
G/0/demand/p185/b_cmd	4585439236324657506
G/0/demand/p185/branch	13126223303132988745
G/0/demand/p185/cap_fuel	4576598004192639862
G/0/demand/p185/cap_fuel?	1
G/0/demand/p185/cap_gov	4578248897747917313
G/0/demand/p185/cap_gov?	1
G/0/demand/p185/f	4580382169689562671
G/0/demand/p185/g	4579201576202627243
G/0/demand/p185/g_fuel	4579201576202627243
G/0/demand/p185/g_gov	4577550682647349794
G/0/demand/p185/ic_iters	2
G/0/demand/p185/ic_order	16448961268219989400
G/0/demand/p185/ic_res	0
G/0/demand/p185/lag_coord	4011733542463085790
G/0/demand/p185/mdot_air	4603364550124398403
G/0/demand/p185/mf	4576598004192639867
G/0/demand/p185/mf_sched	4582403389825004051
G/0/demand/p185/nu_hp	4605292294839495533
G/0/demand/p185/nu_lp	4604908498284992449
G/0/demand/p185/phi_hp	4606680258087474445
G/0/demand/p185/phi_lp	4605380978949069210
G/0/demand/p185/pi_hpc	4616236729973011810
G/0/demand/p185/pi_lpc	4611845222978564899
G/0/demand/p185/required	4579201576202627248
G/0/demand/p185/required_fuel	4579201576202627248
G/0/demand/p185/required_gov	4577550682647349797
G/0/demand/p185/s	4606506878855911840
G/0/demand/p185/share_law	580772045163143161
G/0/demand/p185/sp_thrust	4646329581975695665
G/0/demand/p185/v	13592570246360464184
G/0/demand/p185/v_cmd	0
G/0/demand/p185/v_regime	9087740570393753374
G/0/demand/p185/v_regime?	1
G/0/demand/p185/w_fuel	4576598004192639867
G/0/demand/p185/w_fuel?	1
G/0/demand/p185/w_gov	4578248897747917316
G/0/demand/p185/w_gov?	1
G/0/demand/p190/Tt4	4652007308841189376
G/0/demand/p190/authority	9674992558986367437
G/0/demand/p190/b	4585439236324657509
G/0/demand/p190/b_cmd	4585439236324657506
G/0/demand/p190/branch	13126223303132988745
G/0/demand/p190/cap_fuel	4576598004192639862
G/0/demand/p190/cap_fuel?	1
G/0/demand/p190/cap_gov	4578248897747917313
G/0/demand/p190/cap_gov?	1
G/0/demand/p190/f	4580382169689562671
G/0/demand/p190/g	4579201576202627243
G/0/demand/p190/g_fuel	4579201576202627243
G/0/demand/p190/g_gov	4577550682647349794
G/0/demand/p190/ic_iters	2
G/0/demand/p190/ic_order	16448961268219989400
G/0/demand/p190/ic_res	0
G/0/demand/p190/lag_coord	4011733542463085790
G/0/demand/p190/mdot_air	4603364550124398403
G/0/demand/p190/mf	4576598004192639867
G/0/demand/p190/mf_sched	4582403389825004051
G/0/demand/p190/nu_hp	4605292294839495533
G/0/demand/p190/nu_lp	4604908498284992449
G/0/demand/p190/phi_hp	4606680258087474445
G/0/demand/p190/phi_lp	4605380978949069210
G/0/demand/p190/pi_hpc	4616236729973011810
G/0/demand/p190/pi_lpc	4611845222978564899
G/0/demand/p190/required	4579201576202627248
G/0/demand/p190/required_fuel	4579201576202627248
G/0/demand/p190/required_gov	4577550682647349797
G/0/demand/p190/s	4606732058837280365
G/0/demand/p190/share_law	580772045163143161
G/0/demand/p190/sp_thrust	4646329581975695665
G/0/demand/p190/v	13592569993392508697
G/0/demand/p190/v_cmd	0
G/0/demand/p190/v_regime	9087740570393753374
G/0/demand/p190/v_regime?	1
G/0/demand/p190/w_fuel	4576598004192639867
G/0/demand/p190/w_fuel?	1
G/0/demand/p190/w_gov	4578248897747917316
G/0/demand/p190/w_gov?	1
G/0/demand/p195/Tt4	4652007308841189376
G/0/demand/p195/authority	9674992558986367437
G/0/demand/p195/b	4585439236324657509
G/0/demand/p195/b_cmd	4585439236324657506
G/0/demand/p195/branch	13126223303132988745
G/0/demand/p195/cap_fuel	4576598004192639862
G/0/demand/p195/cap_fuel?	1
G/0/demand/p195/cap_gov	4578248897747917313
G/0/demand/p195/cap_gov?	1
G/0/demand/p195/f	4580382169689562671
G/0/demand/p195/g	4579201576202627243
G/0/demand/p195/g_fuel	4579201576202627243
G/0/demand/p195/g_gov	4577550682647349794
G/0/demand/p195/ic_iters	2
G/0/demand/p195/ic_order	16448961268219989400
G/0/demand/p195/ic_res	0
G/0/demand/p195/lag_coord	4011733542463085790
G/0/demand/p195/mdot_air	4603364550124398403
G/0/demand/p195/mf	4576598004192639867
G/0/demand/p195/mf_sched	4582403389825004051
G/0/demand/p195/nu_hp	4605292294839495533
G/0/demand/p195/nu_lp	4604908498284992449
G/0/demand/p195/phi_hp	4606680258087474445
G/0/demand/p195/phi_lp	4605380978949069210
G/0/demand/p195/pi_hpc	4616236729973011810
G/0/demand/p195/pi_lpc	4611845222978564899
G/0/demand/p195/required	4579201576202627248
G/0/demand/p195/required_fuel	4579201576202627248
G/0/demand/p195/required_gov	4577550682647349797
G/0/demand/p195/s	4606957238818648890
G/0/demand/p195/share_law	580772045163143161
G/0/demand/p195/sp_thrust	4646329581975695665
G/0/demand/p195/v	13592569839959618276
G/0/demand/p195/v_cmd	0
G/0/demand/p195/v_regime	9087740570393753374
G/0/demand/p195/v_regime?	1
G/0/demand/p195/w_fuel	4576598004192639867
G/0/demand/p195/w_fuel?	1
G/0/demand/p195/w_gov	4578248897747917316
G/0/demand/p195/w_gov?	1
G/0/demand/p20/Tt4	4652007308841189374
G/0/demand/p20/authority	9674992558986367437
G/0/demand/p20/b	4585439236324657474
G/0/demand/p20/b_cmd	4585439236324657427
G/0/demand/p20/branch	13126223303132988745
G/0/demand/p20/cap_fuel	4576598004192639871
G/0/demand/p20/cap_fuel?	1
G/0/demand/p20/cap_gov	4578248897747917316
G/0/demand/p20/cap_gov?	1
G/0/demand/p20/f	4580382169689562668
G/0/demand/p20/g	4568584786063571516
G/0/demand/p20/g_fuel	4568584786063571516
G/0/demand/p20/g_gov	13768287203127458816
G/0/demand/p20/ic_iters	2
G/0/demand/p20/ic_order	16448961268219989400
G/0/demand/p20/ic_res	0
G/0/demand/p20/lag_coord	4011733542463085790
G/0/demand/p20/mdot_air	4603364550124398412
G/0/demand/p20/mf	4576598004192639863
G/0/demand/p20/mf_sched	4578207595076954630
G/0/demand/p20/nu_hp	4605292294839495533
G/0/demand/p20/nu_lp	4604908498284992449
G/0/demand/p20/phi_hp	4606680258087474441
G/0/demand/p20/phi_lp	4605380978949069209
G/0/demand/p20/pi_hpc	4616236729973011811
G/0/demand/p20/pi_lpc	4611845222978564901
G/0/demand/p20/required	4568584786063571484
G/0/demand/p20/required_fuel	4568584786063571484
G/0/demand/p20/required_gov	13768287203127459584
G/0/demand/p20/s	4591870180066957723
G/0/demand/p20/share_law	580772045163143161
G/0/demand/p20/sp_thrust	4646329581975695668
G/0/demand/p20/v	13604855642562169517
G/0/demand/p20/v_cmd	13610951680647784294
G/0/demand/p20/v_regime	10791139852042193048
G/0/demand/p20/v_regime?	1
G/0/demand/p20/w_fuel	4576598004192639863
G/0/demand/p20/w_fuel?	1
G/0/demand/p20/w_gov	4578248897747917310
G/0/demand/p20/w_gov?	1
G/0/demand/p200/Tt4	4652007308841189376
G/0/demand/p200/authority	9674992558986367437
G/0/demand/p200/b	4585439236324657509
G/0/demand/p200/b_cmd	4585439236324657506
G/0/demand/p200/branch	13126223303132988745
G/0/demand/p200/cap_fuel	4576598004192639862
G/0/demand/p200/cap_fuel?	1
G/0/demand/p200/cap_gov	4578248897747917313
G/0/demand/p200/cap_gov?	1
G/0/demand/p200/f	4580382169689562671
G/0/demand/p200/g	4579201576202627243
G/0/demand/p200/g_fuel	4579201576202627243
G/0/demand/p200/g_gov	4577550682647349794
G/0/demand/p200/ic_iters	2
G/0/demand/p200/ic_order	16448961268219989400
G/0/demand/p200/ic_res	0
G/0/demand/p200/lag_coord	4011733542463085790
G/0/demand/p200/mdot_air	4603364550124398403
G/0/demand/p200/mf	4576598004192639867
G/0/demand/p200/mf_sched	4582403389825004051
G/0/demand/p200/nu_hp	4605292294839495533
G/0/demand/p200/nu_lp	4604908498284992449
G/0/demand/p200/phi_hp	4606680258087474445
G/0/demand/p200/phi_lp	4605380978949069210
G/0/demand/p200/pi_hpc	4616236729973011810
G/0/demand/p200/pi_lpc	4611845222978564899
G/0/demand/p200/required	4579201576202627248
G/0/demand/p200/required_fuel	4579201576202627248
G/0/demand/p200/required_gov	4577550682647349797
G/0/demand/p200/s	4607182418800017411
G/0/demand/p200/share_law	580772045163143161
G/0/demand/p200/sp_thrust	4646329581975695665
G/0/demand/p200/v	13592569746897823877
G/0/demand/p200/v_cmd	0
G/0/demand/p200/v_regime	9087740570393753374
G/0/demand/p200/v_regime?	1
G/0/demand/p200/w_fuel	4576598004192639867
G/0/demand/p200/w_fuel?	1
G/0/demand/p200/w_gov	4578248897747917316
G/0/demand/p200/w_gov?	1
G/0/demand/p205/Tt4	4652007308841189376
G/0/demand/p205/authority	9674992558986367437
G/0/demand/p205/b	4585439236324657509
G/0/demand/p205/b_cmd	4585439236324657506
G/0/demand/p205/branch	13126223303132988745
G/0/demand/p205/cap_fuel	4576598004192639862
G/0/demand/p205/cap_fuel?	1
G/0/demand/p205/cap_gov	4578248897747917313
G/0/demand/p205/cap_gov?	1
G/0/demand/p205/f	4580382169689562671
G/0/demand/p205/g	4579201576202627243
G/0/demand/p205/g_fuel	4579201576202627243
G/0/demand/p205/g_gov	4577550682647349794
G/0/demand/p205/ic_iters	2
G/0/demand/p205/ic_order	16448961268219989400
G/0/demand/p205/ic_res	0
G/0/demand/p205/lag_coord	4011733542463085790
G/0/demand/p205/mdot_air	4603364550124398403
G/0/demand/p205/mf	4576598004192639867
G/0/demand/p205/mf_sched	4582403389825004051
G/0/demand/p205/nu_hp	4605292294839495533
G/0/demand/p205/nu_lp	4604908498284992449
G/0/demand/p205/phi_hp	4606680258087474445
G/0/demand/p205/phi_lp	4605380978949069210
G/0/demand/p205/pi_hpc	4616236729973011810
G/0/demand/p205/pi_lpc	4611845222978564899
G/0/demand/p205/required	4579201576202627248
G/0/demand/p205/required_fuel	4579201576202627248
G/0/demand/p205/required_gov	4577550682647349797
G/0/demand/p205/s	4607295008790701671
G/0/demand/p205/share_law	580772045163143161
G/0/demand/p205/sp_thrust	4646329581975695665
G/0/demand/p205/v	13592569690452966761
G/0/demand/p205/v_cmd	0
G/0/demand/p205/v_regime	9087740570393753374
G/0/demand/p205/v_regime?	1
G/0/demand/p205/w_fuel	4576598004192639867
G/0/demand/p205/w_fuel?	1
G/0/demand/p205/w_gov	4578248897747917316
G/0/demand/p205/w_gov?	1
G/0/demand/p210/Tt4	4652007308841189376
G/0/demand/p210/authority	9674992558986367437
G/0/demand/p210/b	4585439236324657509
G/0/demand/p210/b_cmd	4585439236324657506
G/0/demand/p210/branch	13126223303132988745
G/0/demand/p210/cap_fuel	4576598004192639862
G/0/demand/p210/cap_fuel?	1
G/0/demand/p210/cap_gov	4578248897747917313
G/0/demand/p210/cap_gov?	1
G/0/demand/p210/f	4580382169689562671
G/0/demand/p210/g	4579201576202627243
G/0/demand/p210/g_fuel	4579201576202627243
G/0/demand/p210/g_gov	4577550682647349794
G/0/demand/p210/ic_iters	2
G/0/demand/p210/ic_order	16448961268219989400
G/0/demand/p210/ic_res	0
G/0/demand/p210/lag_coord	4011733542463085790
G/0/demand/p210/mdot_air	4603364550124398403
G/0/demand/p210/mf	4576598004192639867
G/0/demand/p210/mf_sched	4582403389825004051
G/0/demand/p210/nu_hp	4605292294839495533
G/0/demand/p210/nu_lp	4604908498284992449
G/0/demand/p210/phi_hp	4606680258087474445
G/0/demand/p210/phi_lp	4605380978949069210
G/0/demand/p210/pi_hpc	4616236729973011810
G/0/demand/p210/pi_lpc	4611845222978564899
G/0/demand/p210/required	4579201576202627248
G/0/demand/p210/required_fuel	4579201576202627248
G/0/demand/p210/required_gov	4577550682647349797
G/0/demand/p210/s	4607407598781385931
G/0/demand/p210/share_law	580772045163143161
G/0/demand/p210/sp_thrust	4646329581975695665
G/0/demand/p210/v	13592569656217414831
G/0/demand/p210/v_cmd	0
G/0/demand/p210/v_regime	9087740570393753374
G/0/demand/p210/v_regime?	1
G/0/demand/p210/w_fuel	4576598004192639867
G/0/demand/p210/w_fuel?	1
G/0/demand/p210/w_gov	4578248897747917316
G/0/demand/p210/w_gov?	1
G/0/demand/p215/Tt4	4652007308841189376
G/0/demand/p215/authority	9674992558986367437
G/0/demand/p215/b	4585439236324657509
G/0/demand/p215/b_cmd	4585439236324657506
G/0/demand/p215/branch	13126223303132988745
G/0/demand/p215/cap_fuel	4576598004192639862
G/0/demand/p215/cap_fuel?	1
G/0/demand/p215/cap_gov	4578248897747917313
G/0/demand/p215/cap_gov?	1
G/0/demand/p215/f	4580382169689562671
G/0/demand/p215/g	4579201576202627243
G/0/demand/p215/g_fuel	4579201576202627243
G/0/demand/p215/g_gov	4577550682647349794
G/0/demand/p215/ic_iters	2
G/0/demand/p215/ic_order	16448961268219989400
G/0/demand/p215/ic_res	0
G/0/demand/p215/lag_coord	4011733542463085790
G/0/demand/p215/mdot_air	4603364550124398403
G/0/demand/p215/mf	4576598004192639867
G/0/demand/p215/mf_sched	4582403389825004051
G/0/demand/p215/nu_hp	4605292294839495533
G/0/demand/p215/nu_lp	4604908498284992449
G/0/demand/p215/phi_hp	4606680258087474445
G/0/demand/p215/phi_lp	4605380978949069210
G/0/demand/p215/pi_hpc	4616236729973011810
G/0/demand/p215/pi_lpc	4611845222978564899
G/0/demand/p215/required	4579201576202627248
G/0/demand/p215/required_fuel	4579201576202627248
G/0/demand/p215/required_gov	4577550682647349797
G/0/demand/p215/s	4607520188772070191
G/0/demand/p215/share_law	580772045163143161
G/0/demand/p215/sp_thrust	4646329581975695665
G/0/demand/p215/v	13592569635452493529
G/0/demand/p215/v_cmd	0
G/0/demand/p215/v_regime	9087740570393753374
G/0/demand/p215/v_regime?	1
G/0/demand/p215/w_fuel	4576598004192639867
G/0/demand/p215/w_fuel?	1
G/0/demand/p215/w_gov	4578248897747917316
G/0/demand/p215/w_gov?	1
G/0/demand/p220/Tt4	4652007308841189376
G/0/demand/p220/authority	9674992558986367437
G/0/demand/p220/b	4585439236324657509
G/0/demand/p220/b_cmd	4585439236324657506
G/0/demand/p220/branch	13126223303132988745
G/0/demand/p220/cap_fuel	4576598004192639862
G/0/demand/p220/cap_fuel?	1
G/0/demand/p220/cap_gov	4578248897747917313
G/0/demand/p220/cap_gov?	1
G/0/demand/p220/f	4580382169689562671
G/0/demand/p220/g	4579201576202627243
G/0/demand/p220/g_fuel	4579201576202627243
G/0/demand/p220/g_gov	4577550682647349794
G/0/demand/p220/ic_iters	2
G/0/demand/p220/ic_order	16448961268219989400
G/0/demand/p220/ic_res	0
G/0/demand/p220/lag_coord	4011733542463085790
G/0/demand/p220/mdot_air	4603364550124398403
G/0/demand/p220/mf	4576598004192639867
G/0/demand/p220/mf_sched	4582403389825004051
G/0/demand/p220/nu_hp	4605292294839495533
G/0/demand/p220/nu_lp	4604908498284992449
G/0/demand/p220/phi_hp	4606680258087474445
G/0/demand/p220/phi_lp	4605380978949069210
G/0/demand/p220/pi_hpc	4616236729973011810
G/0/demand/p220/pi_lpc	4611845222978564899
G/0/demand/p220/required	4579201576202627248
G/0/demand/p220/required_fuel	4579201576202627248
G/0/demand/p220/required_gov	4577550682647349797
G/0/demand/p220/s	4607632778762754451
G/0/demand/p220/share_law	580772045163143161
G/0/demand/p220/sp_thrust	4646329581975695665
G/0/demand/p220/v	13592569622857926408
G/0/demand/p220/v_cmd	0
G/0/demand/p220/v_regime	9087740570393753374
G/0/demand/p220/v_regime?	1
G/0/demand/p220/w_fuel	4576598004192639867
G/0/demand/p220/w_fuel?	1
G/0/demand/p220/w_gov	4578248897747917316
G/0/demand/p220/w_gov?	1
G/0/demand/p225/Tt4	4652007308841189376
G/0/demand/p225/authority	9674992558986367437
G/0/demand/p225/b	4585439236324657509
G/0/demand/p225/b_cmd	4585439236324657506
G/0/demand/p225/branch	13126223303132988745
G/0/demand/p225/cap_fuel	4576598004192639862
G/0/demand/p225/cap_fuel?	1
G/0/demand/p225/cap_gov	4578248897747917313
G/0/demand/p225/cap_gov?	1
G/0/demand/p225/f	4580382169689562671
G/0/demand/p225/g	4579201576202627243
G/0/demand/p225/g_fuel	4579201576202627243
G/0/demand/p225/g_gov	4577550682647349794
G/0/demand/p225/ic_iters	2
G/0/demand/p225/ic_order	16448961268219989400
G/0/demand/p225/ic_res	0
G/0/demand/p225/lag_coord	4011733542463085790
G/0/demand/p225/mdot_air	4603364550124398403
G/0/demand/p225/mf	4576598004192639867
G/0/demand/p225/mf_sched	4582403389825004051
G/0/demand/p225/nu_hp	4605292294839495533
G/0/demand/p225/nu_lp	4604908498284992449
G/0/demand/p225/phi_hp	4606680258087474445
G/0/demand/p225/phi_lp	4605380978949069210
G/0/demand/p225/pi_hpc	4616236729973011810
G/0/demand/p225/pi_lpc	4611845222978564899
G/0/demand/p225/required	4579201576202627248
G/0/demand/p225/required_fuel	4579201576202627248
G/0/demand/p225/required_gov	4577550682647349797
G/0/demand/p225/s	4607745368753438711
G/0/demand/p225/share_law	580772045163143161
G/0/demand/p225/sp_thrust	4646329581975695665
G/0/demand/p225/v	13592569615218931843
G/0/demand/p225/v_cmd	0
G/0/demand/p225/v_regime	9087740570393753374
G/0/demand/p225/v_regime?	1
G/0/demand/p225/w_fuel	4576598004192639867
G/0/demand/p225/w_fuel?	1
G/0/demand/p225/w_gov	4578248897747917316
G/0/demand/p225/w_gov?	1
G/0/demand/p230/Tt4	4652007308841189376
G/0/demand/p230/authority	9674992558986367437
G/0/demand/p230/b	4585439236324657509
G/0/demand/p230/b_cmd	4585439236324657506
G/0/demand/p230/branch	13126223303132988745
G/0/demand/p230/cap_fuel	4576598004192639862
G/0/demand/p230/cap_fuel?	1
G/0/demand/p230/cap_gov	4578248897747917313
G/0/demand/p230/cap_gov?	1
G/0/demand/p230/f	4580382169689562671
G/0/demand/p230/g	4579201576202627243
G/0/demand/p230/g_fuel	4579201576202627243
G/0/demand/p230/g_gov	4577550682647349794
G/0/demand/p230/ic_iters	2
G/0/demand/p230/ic_order	16448961268219989400
G/0/demand/p230/ic_res	0
G/0/demand/p230/lag_coord	4011733542463085790
G/0/demand/p230/mdot_air	4603364550124398403
G/0/demand/p230/mf	4576598004192639867
G/0/demand/p230/mf_sched	4582403389825004051
G/0/demand/p230/nu_hp	4605292294839495533
G/0/demand/p230/nu_lp	4604908498284992449
G/0/demand/p230/phi_hp	4606680258087474445
G/0/demand/p230/phi_lp	4605380978949069210
G/0/demand/p230/pi_hpc	4616236729973011810
G/0/demand/p230/pi_lpc	4611845222978564899
G/0/demand/p230/required	4579201576202627248
G/0/demand/p230/required_fuel	4579201576202627248
G/0/demand/p230/required_gov	4577550682647349797
G/0/demand/p230/s	4607857958744122971
G/0/demand/p230/share_law	580772045163143161
G/0/demand/p230/sp_thrust	4646329581975695665
G/0/demand/p230/v	13592569610585645332
G/0/demand/p230/v_cmd	0
G/0/demand/p230/v_regime	9087740570393753374
G/0/demand/p230/v_regime?	1
G/0/demand/p230/w_fuel	4576598004192639867
G/0/demand/p230/w_fuel?	1
G/0/demand/p230/w_gov	4578248897747917316
G/0/demand/p230/w_gov?	1
G/0/demand/p235/Tt4	4652007308841189376
G/0/demand/p235/authority	9674992558986367437
G/0/demand/p235/b	4585439236324657509
G/0/demand/p235/b_cmd	4585439236324657506
G/0/demand/p235/branch	13126223303132988745
G/0/demand/p235/cap_fuel	4576598004192639862
G/0/demand/p235/cap_fuel?	1
G/0/demand/p235/cap_gov	4578248897747917313
G/0/demand/p235/cap_gov?	1
G/0/demand/p235/f	4580382169689562671
G/0/demand/p235/g	4579201576202627243
G/0/demand/p235/g_fuel	4579201576202627243
G/0/demand/p235/g_gov	4577550682647349794
G/0/demand/p235/ic_iters	2
G/0/demand/p235/ic_order	16448961268219989400
G/0/demand/p235/ic_res	0
G/0/demand/p235/lag_coord	4011733542463085790
G/0/demand/p235/mdot_air	4603364550124398403
G/0/demand/p235/mf	4576598004192639867
G/0/demand/p235/mf_sched	4582403389825004051
G/0/demand/p235/nu_hp	4605292294839495533
G/0/demand/p235/nu_lp	4604908498284992449
G/0/demand/p235/phi_hp	4606680258087474445
G/0/demand/p235/phi_lp	4605380978949069210
G/0/demand/p235/pi_hpc	4616236729973011810
G/0/demand/p235/pi_lpc	4611845222978564899
G/0/demand/p235/required	4579201576202627248
G/0/demand/p235/required_fuel	4579201576202627248
G/0/demand/p235/required_gov	4577550682647349797
G/0/demand/p235/s	4607970548734807231
G/0/demand/p235/share_law	580772045163143161
G/0/demand/p235/sp_thrust	4646329581975695665
G/0/demand/p235/v	13592569607775413735
G/0/demand/p235/v_cmd	0
G/0/demand/p235/v_regime	9087740570393753374
G/0/demand/p235/v_regime?	1
G/0/demand/p235/w_fuel	4576598004192639867
G/0/demand/p235/w_fuel?	1
G/0/demand/p235/w_gov	4578248897747917316
G/0/demand/p235/w_gov?	1
G/0/demand/p240/Tt4	4652007308841189376
G/0/demand/p240/authority	9674992558986367437
G/0/demand/p240/b	4585439236324657509
G/0/demand/p240/b_cmd	4585439236324657506
G/0/demand/p240/branch	13126223303132988745
G/0/demand/p240/cap_fuel	4576598004192639862
G/0/demand/p240/cap_fuel?	1
G/0/demand/p240/cap_gov	4578248897747917313
G/0/demand/p240/cap_gov?	1
G/0/demand/p240/f	4580382169689562671
G/0/demand/p240/g	4579201576202627243
G/0/demand/p240/g_fuel	4579201576202627243
G/0/demand/p240/g_gov	4577550682647349794
G/0/demand/p240/ic_iters	2
G/0/demand/p240/ic_order	16448961268219989400
G/0/demand/p240/ic_res	0
G/0/demand/p240/lag_coord	4011733542463085790
G/0/demand/p240/mdot_air	4603364550124398403
G/0/demand/p240/mf	4576598004192639867
G/0/demand/p240/mf_sched	4582403389825004051
G/0/demand/p240/nu_hp	4605292294839495533
G/0/demand/p240/nu_lp	4604908498284992449
G/0/demand/p240/phi_hp	4606680258087474445
G/0/demand/p240/phi_lp	4605380978949069210
G/0/demand/p240/pi_hpc	4616236729973011810
G/0/demand/p240/pi_lpc	4611845222978564899
G/0/demand/p240/required	4579201576202627248
G/0/demand/p240/required_fuel	4579201576202627248
G/0/demand/p240/required_gov	4577550682647349797
G/0/demand/p240/s	4608083138725491491
G/0/demand/p240/share_law	580772045163143161
G/0/demand/p240/sp_thrust	4646329581975695665
G/0/demand/p240/v	13592569606070921339
G/0/demand/p240/v_cmd	0
G/0/demand/p240/v_regime	9087740570393753374
G/0/demand/p240/v_regime?	1
G/0/demand/p240/w_fuel	4576598004192639867
G/0/demand/p240/w_fuel?	1
G/0/demand/p240/w_gov	4578248897747917316
G/0/demand/p240/w_gov?	1
G/0/demand/p245/Tt4	4652007308841189376
G/0/demand/p245/authority	9674992558986367437
G/0/demand/p245/b	4585439236324657509
G/0/demand/p245/b_cmd	4585439236324657506
G/0/demand/p245/branch	13126223303132988745
G/0/demand/p245/cap_fuel	4576598004192639862
G/0/demand/p245/cap_fuel?	1
G/0/demand/p245/cap_gov	4578248897747917313
G/0/demand/p245/cap_gov?	1
G/0/demand/p245/f	4580382169689562671
G/0/demand/p245/g	4579201576202627243
G/0/demand/p245/g_fuel	4579201576202627243
G/0/demand/p245/g_gov	4577550682647349794
G/0/demand/p245/ic_iters	2
G/0/demand/p245/ic_order	16448961268219989400
G/0/demand/p245/ic_res	0
G/0/demand/p245/lag_coord	4011733542463085790
G/0/demand/p245/mdot_air	4603364550124398403
G/0/demand/p245/mf	4576598004192639867
G/0/demand/p245/mf_sched	4582403389825004051
G/0/demand/p245/nu_hp	4605292294839495533
G/0/demand/p245/nu_lp	4604908498284992449
G/0/demand/p245/phi_hp	4606680258087474445
G/0/demand/p245/phi_lp	4605380978949069210
G/0/demand/p245/pi_hpc	4616236729973011810
G/0/demand/p245/pi_lpc	4611845222978564899
G/0/demand/p245/required	4579201576202627248
G/0/demand/p245/required_fuel	4579201576202627248
G/0/demand/p245/required_gov	4577550682647349797
G/0/demand/p245/s	4608195728716175751
G/0/demand/p245/share_law	580772045163143161
G/0/demand/p245/sp_thrust	4646329581975695665
G/0/demand/p245/v	13592569605037093973
G/0/demand/p245/v_cmd	0
G/0/demand/p245/v_regime	9087740570393753374
G/0/demand/p245/v_regime?	1
G/0/demand/p245/w_fuel	4576598004192639867
G/0/demand/p245/w_fuel?	1
G/0/demand/p245/w_gov	4578248897747917316
G/0/demand/p245/w_gov?	1
G/0/demand/p25/Tt4	4652007308841189376
G/0/demand/p25/authority	9674992558986367437
G/0/demand/p25/b	4585439236324657474
G/0/demand/p25/b_cmd	4585439236324657379
G/0/demand/p25/branch	13126223303132988745
G/0/demand/p25/cap_fuel	4576598004192639884
G/0/demand/p25/cap_fuel?	1
G/0/demand/p25/cap_gov	4578248897747917313
G/0/demand/p25/cap_gov?	1
G/0/demand/p25/f	4580382169689562670
G/0/demand/p25/g	4570194376947886264
G/0/demand/p25/g_fuel	4570194376947886264
G/0/demand/p25/g_gov	4558916744073427600
G/0/demand/p25/ic_iters	2
G/0/demand/p25/ic_order	16448961268219989400
G/0/demand/p25/ic_res	0
G/0/demand/p25/lag_coord	4011733542463085790
G/0/demand/p25/mdot_air	4603364550124398407
G/0/demand/p25/mf	4576598004192639866
G/0/demand/p25/mf_sched	4578609992798033320
G/0/demand/p25/nu_hp	4605292294839495533
G/0/demand/p25/nu_lp	4604908498284992449
G/0/demand/p25/phi_hp	4606680258087474444
G/0/demand/p25/phi_lp	4605380978949069210
G/0/demand/p25/pi_hpc	4616236729973011811
G/0/demand/p25/pi_lpc	4611845222978564901
G/0/demand/p25/required	4570194376947886192
G/0/demand/p25/required_fuel	4570194376947886192
G/0/demand/p25/required_gov	4558916744073427568
G/0/demand/p25/s	4593671619917905921
G/0/demand/p25/share_law	580772045163143161
G/0/demand/p25/sp_thrust	4646329581975695668
G/0/demand/p25/v	13604851014276891095
G/0/demand/p25/v_cmd	13610745117449209648
G/0/demand/p25/v_regime	10791139852042193048
G/0/demand/p25/v_regime?	1
G/0/demand/p25/w_fuel	4576598004192639866
G/0/demand/p25/w_fuel?	1
G/0/demand/p25/w_gov	4578248897747917311
G/0/demand/p25/w_gov?	1
G/0/demand/p250/Tt4	4652007308841189376
G/0/demand/p250/authority	9674992558986367437
G/0/demand/p250/b	4585439236324657509
G/0/demand/p250/b_cmd	4585439236324657506
G/0/demand/p250/branch	13126223303132988745
G/0/demand/p250/cap_fuel	4576598004192639862
G/0/demand/p250/cap_fuel?	1
G/0/demand/p250/cap_gov	4578248897747917313
G/0/demand/p250/cap_gov?	1
G/0/demand/p250/f	4580382169689562671
G/0/demand/p250/g	4579201576202627243
G/0/demand/p250/g_fuel	4579201576202627243
G/0/demand/p250/g_gov	4577550682647349794
G/0/demand/p250/ic_iters	2
G/0/demand/p250/ic_order	16448961268219989400
G/0/demand/p250/ic_res	0
G/0/demand/p250/lag_coord	4011733542463085790
G/0/demand/p250/mdot_air	4603364550124398403
G/0/demand/p250/mf	4576598004192639867
G/0/demand/p250/mf_sched	4582403389825004051
G/0/demand/p250/nu_hp	4605292294839495533
G/0/demand/p250/nu_lp	4604908498284992449
G/0/demand/p250/phi_hp	4606680258087474445
G/0/demand/p250/phi_lp	4605380978949069210
G/0/demand/p250/pi_hpc	4616236729973011810
G/0/demand/p250/pi_lpc	4611845222978564899
G/0/demand/p250/required	4579201576202627248
G/0/demand/p250/required_fuel	4579201576202627248
G/0/demand/p250/required_gov	4577550682647349797
G/0/demand/p250/s	4608308318706860011
G/0/demand/p250/share_law	580772045163143161
G/0/demand/p250/sp_thrust	4646329581975695665
G/0/demand/p250/v	13592569604410045695
G/0/demand/p250/v_cmd	0
G/0/demand/p250/v_regime	9087740570393753374
G/0/demand/p250/v_regime?	1
G/0/demand/p250/w_fuel	4576598004192639867
G/0/demand/p250/w_fuel?	1
G/0/demand/p250/w_gov	4578248897747917316
G/0/demand/p250/w_gov?	1
G/0/demand/p255/Tt4	4652007308841189376
G/0/demand/p255/authority	9674992558986367437
G/0/demand/p255/b	4585439236324657509
G/0/demand/p255/b_cmd	4585439236324657506
G/0/demand/p255/branch	13126223303132988745
G/0/demand/p255/cap_fuel	4576598004192639862
G/0/demand/p255/cap_fuel?	1
G/0/demand/p255/cap_gov	4578248897747917313
G/0/demand/p255/cap_gov?	1
G/0/demand/p255/f	4580382169689562671
G/0/demand/p255/g	4579201576202627243
G/0/demand/p255/g_fuel	4579201576202627243
G/0/demand/p255/g_gov	4577550682647349794
G/0/demand/p255/ic_iters	2
G/0/demand/p255/ic_order	16448961268219989400
G/0/demand/p255/ic_res	0
G/0/demand/p255/lag_coord	4011733542463085790
G/0/demand/p255/mdot_air	4603364550124398403
G/0/demand/p255/mf	4576598004192639867
G/0/demand/p255/mf_sched	4582403389825004051
G/0/demand/p255/nu_hp	4605292294839495533
G/0/demand/p255/nu_lp	4604908498284992449
G/0/demand/p255/phi_hp	4606680258087474445
G/0/demand/p255/phi_lp	4605380978949069210
G/0/demand/p255/pi_hpc	4616236729973011810
G/0/demand/p255/pi_lpc	4611845222978564899
G/0/demand/p255/required	4579201576202627248
G/0/demand/p255/required_fuel	4579201576202627248
G/0/demand/p255/required_gov	4577550682647349797
G/0/demand/p255/s	4608420908697544271
G/0/demand/p255/share_law	580772045163143161
G/0/demand/p255/sp_thrust	4646329581975695665
G/0/demand/p255/v	13592569604029721517
G/0/demand/p255/v_cmd	0
G/0/demand/p255/v_regime	9087740570393753374
G/0/demand/p255/v_regime?	1
G/0/demand/p255/w_fuel	4576598004192639867
G/0/demand/p255/w_fuel?	1
G/0/demand/p255/w_gov	4578248897747917316
G/0/demand/p255/w_gov?	1
G/0/demand/p260/Tt4	4652007308841189376
G/0/demand/p260/authority	9674992558986367437
G/0/demand/p260/b	4585439236324657509
G/0/demand/p260/b_cmd	4585439236324657506
G/0/demand/p260/branch	13126223303132988745
G/0/demand/p260/cap_fuel	4576598004192639862
G/0/demand/p260/cap_fuel?	1
G/0/demand/p260/cap_gov	4578248897747917313
G/0/demand/p260/cap_gov?	1
G/0/demand/p260/f	4580382169689562671
G/0/demand/p260/g	4579201576202627243
G/0/demand/p260/g_fuel	4579201576202627243
G/0/demand/p260/g_gov	4577550682647349794
G/0/demand/p260/ic_iters	2
G/0/demand/p260/ic_order	16448961268219989400
G/0/demand/p260/ic_res	0
G/0/demand/p260/lag_coord	4011733542463085790
G/0/demand/p260/mdot_air	4603364550124398403
G/0/demand/p260/mf	4576598004192639867
G/0/demand/p260/mf_sched	4582403389825004051
G/0/demand/p260/nu_hp	4605292294839495533
G/0/demand/p260/nu_lp	4604908498284992449
G/0/demand/p260/phi_hp	4606680258087474445
G/0/demand/p260/phi_lp	4605380978949069210
G/0/demand/p260/pi_hpc	4616236729973011810
G/0/demand/p260/pi_lpc	4611845222978564899
G/0/demand/p260/required	4579201576202627248
G/0/demand/p260/required_fuel	4579201576202627248
G/0/demand/p260/required_gov	4577550682647349797
G/0/demand/p260/s	4608533498688228531
G/0/demand/p260/share_law	580772045163143161
G/0/demand/p260/sp_thrust	4646329581975695665
G/0/demand/p260/v	13592569603799043137
G/0/demand/p260/v_cmd	0
G/0/demand/p260/v_regime	9087740570393753374
G/0/demand/p260/v_regime?	1
G/0/demand/p260/w_fuel	4576598004192639867
G/0/demand/p260/w_fuel?	1
G/0/demand/p260/w_gov	4578248897747917316
G/0/demand/p260/w_gov?	1
G/0/demand/p265/Tt4	4652007308841189376
G/0/demand/p265/authority	9674992558986367437
G/0/demand/p265/b	4585439236324657509
G/0/demand/p265/b_cmd	4585439236324657506
G/0/demand/p265/branch	13126223303132988745
G/0/demand/p265/cap_fuel	4576598004192639862
G/0/demand/p265/cap_fuel?	1
G/0/demand/p265/cap_gov	4578248897747917313
G/0/demand/p265/cap_gov?	1
G/0/demand/p265/f	4580382169689562671
G/0/demand/p265/g	4579201576202627243
G/0/demand/p265/g_fuel	4579201576202627243
G/0/demand/p265/g_gov	4577550682647349794
G/0/demand/p265/ic_iters	2
G/0/demand/p265/ic_order	16448961268219989400
G/0/demand/p265/ic_res	0
G/0/demand/p265/lag_coord	4011733542463085790
G/0/demand/p265/mdot_air	4603364550124398403
G/0/demand/p265/mf	4576598004192639867
G/0/demand/p265/mf_sched	4582403389825004051
G/0/demand/p265/nu_hp	4605292294839495533
G/0/demand/p265/nu_lp	4604908498284992449
G/0/demand/p265/phi_hp	4606680258087474445
G/0/demand/p265/phi_lp	4605380978949069210
G/0/demand/p265/pi_hpc	4616236729973011810
G/0/demand/p265/pi_lpc	4611845222978564899
G/0/demand/p265/required	4579201576202627248
G/0/demand/p265/required_fuel	4579201576202627248
G/0/demand/p265/required_gov	4577550682647349797
G/0/demand/p265/s	4608646088678912791
G/0/demand/p265/share_law	580772045163143161
G/0/demand/p265/sp_thrust	4646329581975695665
G/0/demand/p265/v	13592569603659129564
G/0/demand/p265/v_cmd	0
G/0/demand/p265/v_regime	9087740570393753374
G/0/demand/p265/v_regime?	1
G/0/demand/p265/w_fuel	4576598004192639867
G/0/demand/p265/w_fuel?	1
G/0/demand/p265/w_gov	4578248897747917316
G/0/demand/p265/w_gov?	1
G/0/demand/p270/Tt4	4652007308841189376
G/0/demand/p270/authority	9674992558986367437
G/0/demand/p270/b	4585439236324657509
G/0/demand/p270/b_cmd	4585439236324657506
G/0/demand/p270/branch	13126223303132988745
G/0/demand/p270/cap_fuel	4576598004192639862
G/0/demand/p270/cap_fuel?	1
G/0/demand/p270/cap_gov	4578248897747917313
G/0/demand/p270/cap_gov?	1
G/0/demand/p270/f	4580382169689562671
G/0/demand/p270/g	4579201576202627243
G/0/demand/p270/g_fuel	4579201576202627243
G/0/demand/p270/g_gov	4577550682647349794
G/0/demand/p270/ic_iters	2
G/0/demand/p270/ic_order	16448961268219989400
G/0/demand/p270/ic_res	0
G/0/demand/p270/lag_coord	4011733542463085790
G/0/demand/p270/mdot_air	4603364550124398403
G/0/demand/p270/mf	4576598004192639867
G/0/demand/p270/mf_sched	4582403389825004051
G/0/demand/p270/nu_hp	4605292294839495533
G/0/demand/p270/nu_lp	4604908498284992449
G/0/demand/p270/phi_hp	4606680258087474445
G/0/demand/p270/phi_lp	4605380978949069210
G/0/demand/p270/pi_hpc	4616236729973011810
G/0/demand/p270/pi_lpc	4611845222978564899
G/0/demand/p270/required	4579201576202627248
G/0/demand/p270/required_fuel	4579201576202627248
G/0/demand/p270/required_gov	4577550682647349797
G/0/demand/p270/s	4608758678669597051
G/0/demand/p270/share_law	580772045163143161
G/0/demand/p270/sp_thrust	4646329581975695665
G/0/demand/p270/v	13592569603574267654
G/0/demand/p270/v_cmd	0
G/0/demand/p270/v_regime	9087740570393753374
G/0/demand/p270/v_regime?	1
G/0/demand/p270/w_fuel	4576598004192639867
G/0/demand/p270/w_fuel?	1
G/0/demand/p270/w_gov	4578248897747917316
G/0/demand/p270/w_gov?	1
G/0/demand/p275/Tt4	4652007308841189376
G/0/demand/p275/authority	9674992558986367437
G/0/demand/p275/b	4585439236324657509
G/0/demand/p275/b_cmd	4585439236324657506
G/0/demand/p275/branch	13126223303132988745
G/0/demand/p275/cap_fuel	4576598004192639862
G/0/demand/p275/cap_fuel?	1
G/0/demand/p275/cap_gov	4578248897747917313
G/0/demand/p275/cap_gov?	1
G/0/demand/p275/f	4580382169689562671
G/0/demand/p275/g	4579201576202627243
G/0/demand/p275/g_fuel	4579201576202627243
G/0/demand/p275/g_gov	4577550682647349794
G/0/demand/p275/ic_iters	2
G/0/demand/p275/ic_order	16448961268219989400
G/0/demand/p275/ic_res	0
G/0/demand/p275/lag_coord	4011733542463085790
G/0/demand/p275/mdot_air	4603364550124398403
G/0/demand/p275/mf	4576598004192639867
G/0/demand/p275/mf_sched	4582403389825004051
G/0/demand/p275/nu_hp	4605292294839495533
G/0/demand/p275/nu_lp	4604908498284992449
G/0/demand/p275/phi_hp	4606680258087474445
G/0/demand/p275/phi_lp	4605380978949069210
G/0/demand/p275/pi_hpc	4616236729973011810
G/0/demand/p275/pi_lpc	4611845222978564899
G/0/demand/p275/required	4579201576202627248
G/0/demand/p275/required_fuel	4579201576202627248
G/0/demand/p275/required_gov	4577550682647349797
G/0/demand/p275/s	4608871268660281311
G/0/demand/p275/share_law	580772045163143161
G/0/demand/p275/sp_thrust	4646329581975695665
G/0/demand/p275/v	13592569603522796280
G/0/demand/p275/v_cmd	0
G/0/demand/p275/v_regime	9087740570393753374
G/0/demand/p275/v_regime?	1
G/0/demand/p275/w_fuel	4576598004192639867
G/0/demand/p275/w_fuel?	1
G/0/demand/p275/w_gov	4578248897747917316
G/0/demand/p275/w_gov?	1
G/0/demand/p280/Tt4	4652007308841189376
G/0/demand/p280/authority	9674992558986367437
G/0/demand/p280/b	4585439236324657509
G/0/demand/p280/b_cmd	4585439236324657506
G/0/demand/p280/branch	13126223303132988745
G/0/demand/p280/cap_fuel	4576598004192639862
G/0/demand/p280/cap_fuel?	1
G/0/demand/p280/cap_gov	4578248897747917313
G/0/demand/p280/cap_gov?	1
G/0/demand/p280/f	4580382169689562671
G/0/demand/p280/g	4579201576202627243
G/0/demand/p280/g_fuel	4579201576202627243
G/0/demand/p280/g_gov	4577550682647349794
G/0/demand/p280/ic_iters	2
G/0/demand/p280/ic_order	16448961268219989400
G/0/demand/p280/ic_res	0
G/0/demand/p280/lag_coord	4011733542463085790
G/0/demand/p280/mdot_air	4603364550124398403
G/0/demand/p280/mf	4576598004192639867
G/0/demand/p280/mf_sched	4582403389825004051
G/0/demand/p280/nu_hp	4605292294839495533
G/0/demand/p280/nu_lp	4604908498284992449
G/0/demand/p280/phi_hp	4606680258087474445
G/0/demand/p280/phi_lp	4605380978949069210
G/0/demand/p280/pi_hpc	4616236729973011810
G/0/demand/p280/pi_lpc	4611845222978564899
G/0/demand/p280/required	4579201576202627248
G/0/demand/p280/required_fuel	4579201576202627248
G/0/demand/p280/required_gov	4577550682647349797
G/0/demand/p280/s	4608983858650965571
G/0/demand/p280/share_law	580772045163143161
G/0/demand/p280/sp_thrust	4646329581975695665
G/0/demand/p280/v	13592569603491577299
G/0/demand/p280/v_cmd	0
G/0/demand/p280/v_regime	9087740570393753374
G/0/demand/p280/v_regime?	1
G/0/demand/p280/w_fuel	4576598004192639867
G/0/demand/p280/w_fuel?	1
G/0/demand/p280/w_gov	4578248897747917316
G/0/demand/p280/w_gov?	1
G/0/demand/p285/Tt4	4652007308841189376
G/0/demand/p285/authority	9674992558986367437
G/0/demand/p285/b	4585439236324657509
G/0/demand/p285/b_cmd	4585439236324657506
G/0/demand/p285/branch	13126223303132988745
G/0/demand/p285/cap_fuel	4576598004192639862
G/0/demand/p285/cap_fuel?	1
G/0/demand/p285/cap_gov	4578248897747917313
G/0/demand/p285/cap_gov?	1
G/0/demand/p285/f	4580382169689562671
G/0/demand/p285/g	4579201576202627243
G/0/demand/p285/g_fuel	4579201576202627243
G/0/demand/p285/g_gov	4577550682647349794
G/0/demand/p285/ic_iters	2
G/0/demand/p285/ic_order	16448961268219989400
G/0/demand/p285/ic_res	0
G/0/demand/p285/lag_coord	4011733542463085790
G/0/demand/p285/mdot_air	4603364550124398403
G/0/demand/p285/mf	4576598004192639867
G/0/demand/p285/mf_sched	4582403389825004051
G/0/demand/p285/nu_hp	4605292294839495533
G/0/demand/p285/nu_lp	4604908498284992449
G/0/demand/p285/phi_hp	4606680258087474445
G/0/demand/p285/phi_lp	4605380978949069210
G/0/demand/p285/pi_hpc	4616236729973011810
G/0/demand/p285/pi_lpc	4611845222978564899
G/0/demand/p285/required	4579201576202627248
G/0/demand/p285/required_fuel	4579201576202627248
G/0/demand/p285/required_gov	4577550682647349797
G/0/demand/p285/s	4609096448641649831
G/0/demand/p285/share_law	580772045163143161
G/0/demand/p285/sp_thrust	4646329581975695665
G/0/demand/p285/v	13592569603472642022
G/0/demand/p285/v_cmd	0
G/0/demand/p285/v_regime	9087740570393753374
G/0/demand/p285/v_regime?	1
G/0/demand/p285/w_fuel	4576598004192639867
G/0/demand/p285/w_fuel?	1
G/0/demand/p285/w_gov	4578248897747917316
G/0/demand/p285/w_gov?	1
G/0/demand/p290/Tt4	4652007308841189376
G/0/demand/p290/authority	9674992558986367437
G/0/demand/p290/b	4585439236324657509
G/0/demand/p290/b_cmd	4585439236324657506
G/0/demand/p290/branch	13126223303132988745
G/0/demand/p290/cap_fuel	4576598004192639862
G/0/demand/p290/cap_fuel?	1
G/0/demand/p290/cap_gov	4578248897747917313
G/0/demand/p290/cap_gov?	1
G/0/demand/p290/f	4580382169689562671
G/0/demand/p290/g	4579201576202627243
G/0/demand/p290/g_fuel	4579201576202627243
G/0/demand/p290/g_gov	4577550682647349794
G/0/demand/p290/ic_iters	2
G/0/demand/p290/ic_order	16448961268219989400
G/0/demand/p290/ic_res	0
G/0/demand/p290/lag_coord	4011733542463085790
G/0/demand/p290/mdot_air	4603364550124398403
G/0/demand/p290/mf	4576598004192639867
G/0/demand/p290/mf_sched	4582403389825004051
G/0/demand/p290/nu_hp	4605292294839495533
G/0/demand/p290/nu_lp	4604908498284992449
G/0/demand/p290/phi_hp	4606680258087474445
G/0/demand/p290/phi_lp	4605380978949069210
G/0/demand/p290/pi_hpc	4616236729973011810
G/0/demand/p290/pi_lpc	4611845222978564899
G/0/demand/p290/required	4579201576202627248
G/0/demand/p290/required_fuel	4579201576202627248
G/0/demand/p290/required_gov	4577550682647349797
G/0/demand/p290/s	4609209038632334091
G/0/demand/p290/share_law	580772045163143161
G/0/demand/p290/sp_thrust	4646329581975695665
G/0/demand/p290/v	13592569603461157192
G/0/demand/p290/v_cmd	0
G/0/demand/p290/v_regime	9087740570393753374
G/0/demand/p290/v_regime?	1
G/0/demand/p290/w_fuel	4576598004192639867
G/0/demand/p290/w_fuel?	1
G/0/demand/p290/w_gov	4578248897747917316
G/0/demand/p290/w_gov?	1
G/0/demand/p295/Tt4	4652007308841189376
G/0/demand/p295/authority	9674992558986367437
G/0/demand/p295/b	4585439236324657509
G/0/demand/p295/b_cmd	4585439236324657506
G/0/demand/p295/branch	13126223303132988745
G/0/demand/p295/cap_fuel	4576598004192639862
G/0/demand/p295/cap_fuel?	1
G/0/demand/p295/cap_gov	4578248897747917313
G/0/demand/p295/cap_gov?	1
G/0/demand/p295/f	4580382169689562671
G/0/demand/p295/g	4579201576202627243
G/0/demand/p295/g_fuel	4579201576202627243
G/0/demand/p295/g_gov	4577550682647349794
G/0/demand/p295/ic_iters	2
G/0/demand/p295/ic_order	16448961268219989400
G/0/demand/p295/ic_res	0
G/0/demand/p295/lag_coord	4011733542463085790
G/0/demand/p295/mdot_air	4603364550124398403
G/0/demand/p295/mf	4576598004192639867
G/0/demand/p295/mf_sched	4582403389825004051
G/0/demand/p295/nu_hp	4605292294839495533
G/0/demand/p295/nu_lp	4604908498284992449
G/0/demand/p295/phi_hp	4606680258087474445
G/0/demand/p295/phi_lp	4605380978949069210
G/0/demand/p295/pi_hpc	4616236729973011810
G/0/demand/p295/pi_lpc	4611845222978564899
G/0/demand/p295/required	4579201576202627248
G/0/demand/p295/required_fuel	4579201576202627248
G/0/demand/p295/required_gov	4577550682647349797
G/0/demand/p295/s	4609321628623018351
G/0/demand/p295/share_law	580772045163143161
G/0/demand/p295/sp_thrust	4646329581975695665
G/0/demand/p295/v	13592569603454191286
G/0/demand/p295/v_cmd	0
G/0/demand/p295/v_regime	9087740570393753374
G/0/demand/p295/v_regime?	1
G/0/demand/p295/w_fuel	4576598004192639867
G/0/demand/p295/w_fuel?	1
G/0/demand/p295/w_gov	4578248897747917316
G/0/demand/p295/w_gov?	1
G/0/demand/p30/Tt4	4652007308841189378
G/0/demand/p30/authority	9674992558986367437
G/0/demand/p30/b	4585439236324657476
G/0/demand/p30/b_cmd	4585439236324657478
G/0/demand/p30/branch	13126223303132988745
G/0/demand/p30/cap_fuel	4576598004192639870
G/0/demand/p30/cap_fuel?	1
G/0/demand/p30/cap_gov	4578248897747917317
G/0/demand/p30/cap_gov?	1
G/0/demand/p30/f	4580382169689562671
G/0/demand/p30/g	4571478794806627230
G/0/demand/p30/g_fuel	4571478794806627230
G/0/demand/p30/g_gov	4563750765068499536
G/0/demand/p30/ic_iters	2
G/0/demand/p30/ic_order	16448961268219989400
G/0/demand/p30/ic_res	0
G/0/demand/p30/lag_coord	4011733542463085790
G/0/demand/p30/mdot_air	4603364550124398408
G/0/demand/p30/mf	4576598004192639867
G/0/demand/p30/mf_sched	4579012390519112010
G/0/demand/p30/nu_hp	4605292294839495533
G/0/demand/p30/nu_lp	4604908498284992449
G/0/demand/p30/phi_hp	4606680258087474441
G/0/demand/p30/phi_lp	4605380978949069209
G/0/demand/p30/pi_hpc	4616236729973011811
G/0/demand/p30/pi_lpc	4611845222978564901
G/0/demand/p30/required	4571478794806627224
G/0/demand/p30/required_fuel	4571478794806627224
G/0/demand/p30/required_gov	4563750765068499496
G/0/demand/p30/s	4594572339843380021
G/0/demand/p30/share_law	580772045163143161
G/0/demand/p30/sp_thrust	4646329581975695667
G/0/demand/p30/v	13604506947257744979
G/0/demand/p30/v_cmd	13600126203347143496
G/0/demand/p30/v_regime	10791139852042193048
G/0/demand/p30/v_regime?	1
G/0/demand/p30/w_fuel	4576598004192639867
G/0/demand/p30/w_fuel?	1
G/0/demand/p30/w_gov	4578248897747917312
G/0/demand/p30/w_gov?	1
G/0/demand/p300/Tt4	4652007308841189376
G/0/demand/p300/authority	9674992558986367437
G/0/demand/p300/b	4585439236324657509
G/0/demand/p300/b_cmd	4585439236324657506
G/0/demand/p300/branch	13126223303132988745
G/0/demand/p300/cap_fuel	4576598004192639862
G/0/demand/p300/cap_fuel?	1
G/0/demand/p300/cap_gov	4578248897747917313
G/0/demand/p300/cap_gov?	1
G/0/demand/p300/f	4580382169689562671
G/0/demand/p300/g	4579201576202627243
G/0/demand/p300/g_fuel	4579201576202627243
G/0/demand/p300/g_gov	4577550682647349794
G/0/demand/p300/ic_iters	2
G/0/demand/p300/ic_order	16448961268219989400
G/0/demand/p300/ic_res	0
G/0/demand/p300/lag_coord	4011733542463085790
G/0/demand/p300/mdot_air	4603364550124398403
G/0/demand/p300/mf	4576598004192639867
G/0/demand/p300/mf_sched	4582403389825004051
G/0/demand/p300/nu_hp	4605292294839495533
G/0/demand/p300/nu_lp	4604908498284992449
G/0/demand/p300/phi_hp	4606680258087474445
G/0/demand/p300/phi_lp	4605380978949069210
G/0/demand/p300/pi_hpc	4616236729973011810
G/0/demand/p300/pi_lpc	4611845222978564899
G/0/demand/p300/required	4579201576202627248
G/0/demand/p300/required_fuel	4579201576202627248
G/0/demand/p300/required_gov	4577550682647349797
G/0/demand/p300/s	4609434218613702611
G/0/demand/p300/share_law	580772045163143161
G/0/demand/p300/sp_thrust	4646329581975695665
G/0/demand/p300/v	13592569603449966248
G/0/demand/p300/v_cmd	0
G/0/demand/p300/v_regime	9087740570393753374
G/0/demand/p300/v_regime?	1
G/0/demand/p300/w_fuel	4576598004192639867
G/0/demand/p300/w_fuel?	1
G/0/demand/p300/w_gov	4578248897747917316
G/0/demand/p300/w_gov?	1
G/0/demand/p305/Tt4	4652007308841189376
G/0/demand/p305/authority	9674992558986367437
G/0/demand/p305/b	4585439236324657509
G/0/demand/p305/b_cmd	4585439236324657506
G/0/demand/p305/branch	13126223303132988745
G/0/demand/p305/cap_fuel	4576598004192639862
G/0/demand/p305/cap_fuel?	1
G/0/demand/p305/cap_gov	4578248897747917313
G/0/demand/p305/cap_gov?	1
G/0/demand/p305/f	4580382169689562671
G/0/demand/p305/g	4579201576202627243
G/0/demand/p305/g_fuel	4579201576202627243
G/0/demand/p305/g_gov	4577550682647349794
G/0/demand/p305/ic_iters	2
G/0/demand/p305/ic_order	16448961268219989400
G/0/demand/p305/ic_res	0
G/0/demand/p305/lag_coord	4011733542463085790
G/0/demand/p305/mdot_air	4603364550124398403
G/0/demand/p305/mf	4576598004192639867
G/0/demand/p305/mf_sched	4582403389825004051
G/0/demand/p305/nu_hp	4605292294839495533
G/0/demand/p305/nu_lp	4604908498284992449
G/0/demand/p305/phi_hp	4606680258087474445
G/0/demand/p305/phi_lp	4605380978949069210
G/0/demand/p305/pi_hpc	4616236729973011810
G/0/demand/p305/pi_lpc	4611845222978564899
G/0/demand/p305/required	4579201576202627248
G/0/demand/p305/required_fuel	4579201576202627248
G/0/demand/p305/required_gov	4577550682647349797
G/0/demand/p305/s	4609546808604386871
G/0/demand/p305/share_law	580772045163143161
G/0/demand/p305/sp_thrust	4646329581975695665
G/0/demand/p305/v	13592569603447403632
G/0/demand/p305/v_cmd	0
G/0/demand/p305/v_regime	9087740570393753374
G/0/demand/p305/v_regime?	1
G/0/demand/p305/w_fuel	4576598004192639867
G/0/demand/p305/w_fuel?	1
G/0/demand/p305/w_gov	4578248897747917316
G/0/demand/p305/w_gov?	1
G/0/demand/p310/Tt4	4652007308841189376
G/0/demand/p310/authority	9674992558986367437
G/0/demand/p310/b	4585439236324657509
G/0/demand/p310/b_cmd	4585439236324657506
G/0/demand/p310/branch	13126223303132988745
G/0/demand/p310/cap_fuel	4576598004192639862
G/0/demand/p310/cap_fuel?	1
G/0/demand/p310/cap_gov	4578248897747917313
G/0/demand/p310/cap_gov?	1
G/0/demand/p310/f	4580382169689562671
G/0/demand/p310/g	4579201576202627243
G/0/demand/p310/g_fuel	4579201576202627243
G/0/demand/p310/g_gov	4577550682647349794
G/0/demand/p310/ic_iters	2
G/0/demand/p310/ic_order	16448961268219989400
G/0/demand/p310/ic_res	0
G/0/demand/p310/lag_coord	4011733542463085790
G/0/demand/p310/mdot_air	4603364550124398403
G/0/demand/p310/mf	4576598004192639867
G/0/demand/p310/mf_sched	4582403389825004051
G/0/demand/p310/nu_hp	4605292294839495533
G/0/demand/p310/nu_lp	4604908498284992449
G/0/demand/p310/phi_hp	4606680258087474445
G/0/demand/p310/phi_lp	4605380978949069210
G/0/demand/p310/pi_hpc	4616236729973011810
G/0/demand/p310/pi_lpc	4611845222978564899
G/0/demand/p310/required	4579201576202627248
G/0/demand/p310/required_fuel	4579201576202627248
G/0/demand/p310/required_gov	4577550682647349797
G/0/demand/p310/s	4609659398595071131
G/0/demand/p310/share_law	580772045163143161
G/0/demand/p310/sp_thrust	4646329581975695665
G/0/demand/p310/v	13592569603445849326
G/0/demand/p310/v_cmd	0
G/0/demand/p310/v_regime	9087740570393753374
G/0/demand/p310/v_regime?	1
G/0/demand/p310/w_fuel	4576598004192639867
G/0/demand/p310/w_fuel?	1
G/0/demand/p310/w_gov	4578248897747917316
G/0/demand/p310/w_gov?	1
G/0/demand/p315/Tt4	4652007308841189376
G/0/demand/p315/authority	9674992558986367437
G/0/demand/p315/b	4585439236324657509
G/0/demand/p315/b_cmd	4585439236324657506
G/0/demand/p315/branch	13126223303132988745
G/0/demand/p315/cap_fuel	4576598004192639862
G/0/demand/p315/cap_fuel?	1
G/0/demand/p315/cap_gov	4578248897747917313
G/0/demand/p315/cap_gov?	1
G/0/demand/p315/f	4580382169689562671
G/0/demand/p315/g	4579201576202627243
G/0/demand/p315/g_fuel	4579201576202627243
G/0/demand/p315/g_gov	4577550682647349794
G/0/demand/p315/ic_iters	2
G/0/demand/p315/ic_order	16448961268219989400
G/0/demand/p315/ic_res	0
G/0/demand/p315/lag_coord	4011733542463085790
G/0/demand/p315/mdot_air	4603364550124398403
G/0/demand/p315/mf	4576598004192639867
G/0/demand/p315/mf_sched	4582403389825004051
G/0/demand/p315/nu_hp	4605292294839495533
G/0/demand/p315/nu_lp	4604908498284992449
G/0/demand/p315/phi_hp	4606680258087474445
G/0/demand/p315/phi_lp	4605380978949069210
G/0/demand/p315/pi_hpc	4616236729973011810
G/0/demand/p315/pi_lpc	4611845222978564899
G/0/demand/p315/required	4579201576202627248
G/0/demand/p315/required_fuel	4579201576202627248
G/0/demand/p315/required_gov	4577550682647349797
G/0/demand/p315/s	4609771988585755391
G/0/demand/p315/share_law	580772045163143161
G/0/demand/p315/sp_thrust	4646329581975695665
G/0/demand/p315/v	13592569603444906592
G/0/demand/p315/v_cmd	0
G/0/demand/p315/v_regime	9087740570393753374
G/0/demand/p315/v_regime?	1
G/0/demand/p315/w_fuel	4576598004192639867
G/0/demand/p315/w_fuel?	1
G/0/demand/p315/w_gov	4578248897747917316
G/0/demand/p315/w_gov?	1
G/0/demand/p320/Tt4	4652007308841189376
G/0/demand/p320/authority	9674992558986367437
G/0/demand/p320/b	4585439236324657509
G/0/demand/p320/b_cmd	4585439236324657506
G/0/demand/p320/branch	13126223303132988745
G/0/demand/p320/cap_fuel	4576598004192639862
G/0/demand/p320/cap_fuel?	1
G/0/demand/p320/cap_gov	4578248897747917313
G/0/demand/p320/cap_gov?	1
G/0/demand/p320/f	4580382169689562671
G/0/demand/p320/g	4579201576202627243
G/0/demand/p320/g_fuel	4579201576202627243
G/0/demand/p320/g_gov	4577550682647349794
G/0/demand/p320/ic_iters	2
G/0/demand/p320/ic_order	16448961268219989400
G/0/demand/p320/ic_res	0
G/0/demand/p320/lag_coord	4011733542463085790
G/0/demand/p320/mdot_air	4603364550124398403
G/0/demand/p320/mf	4576598004192639867
G/0/demand/p320/mf_sched	4582403389825004051
G/0/demand/p320/nu_hp	4605292294839495533
G/0/demand/p320/nu_lp	4604908498284992449
G/0/demand/p320/phi_hp	4606680258087474445
G/0/demand/p320/phi_lp	4605380978949069210
G/0/demand/p320/pi_hpc	4616236729973011810
G/0/demand/p320/pi_lpc	4611845222978564899
G/0/demand/p320/required	4579201576202627248
G/0/demand/p320/required_fuel	4579201576202627248
G/0/demand/p320/required_gov	4577550682647349797
G/0/demand/p320/s	4609884578576439651
G/0/demand/p320/share_law	580772045163143161
G/0/demand/p320/sp_thrust	4646329581975695665
G/0/demand/p320/v	13592569603444334795
G/0/demand/p320/v_cmd	0
G/0/demand/p320/v_regime	9087740570393753374
G/0/demand/p320/v_regime?	1
G/0/demand/p320/w_fuel	4576598004192639867
G/0/demand/p320/w_fuel?	1
G/0/demand/p320/w_gov	4578248897747917316
G/0/demand/p320/w_gov?	1
G/0/demand/p325/Tt4	4652007308841189376
G/0/demand/p325/authority	9674992558986367437
G/0/demand/p325/b	4585439236324657509
G/0/demand/p325/b_cmd	4585439236324657506
G/0/demand/p325/branch	13126223303132988745
G/0/demand/p325/cap_fuel	4576598004192639862
G/0/demand/p325/cap_fuel?	1
G/0/demand/p325/cap_gov	4578248897747917313
G/0/demand/p325/cap_gov?	1
G/0/demand/p325/f	4580382169689562671
G/0/demand/p325/g	4579201576202627243
G/0/demand/p325/g_fuel	4579201576202627243
G/0/demand/p325/g_gov	4577550682647349794
G/0/demand/p325/ic_iters	2
G/0/demand/p325/ic_order	16448961268219989400
G/0/demand/p325/ic_res	0
G/0/demand/p325/lag_coord	4011733542463085790
G/0/demand/p325/mdot_air	4603364550124398403
G/0/demand/p325/mf	4576598004192639867
G/0/demand/p325/mf_sched	4582403389825004051
G/0/demand/p325/nu_hp	4605292294839495533
G/0/demand/p325/nu_lp	4604908498284992449
G/0/demand/p325/phi_hp	4606680258087474445
G/0/demand/p325/phi_lp	4605380978949069210
G/0/demand/p325/pi_hpc	4616236729973011810
G/0/demand/p325/pi_lpc	4611845222978564899
G/0/demand/p325/required	4579201576202627248
G/0/demand/p325/required_fuel	4579201576202627248
G/0/demand/p325/required_gov	4577550682647349797
G/0/demand/p325/s	4609997168567123911
G/0/demand/p325/share_law	580772045163143161
G/0/demand/p325/sp_thrust	4646329581975695665
G/0/demand/p325/v	13592569603443987982
G/0/demand/p325/v_cmd	0
G/0/demand/p325/v_regime	9087740570393753374
G/0/demand/p325/v_regime?	1
G/0/demand/p325/w_fuel	4576598004192639867
G/0/demand/p325/w_fuel?	1
G/0/demand/p325/w_gov	4578248897747917316
G/0/demand/p325/w_gov?	1
G/0/demand/p330/Tt4	4652007308841189376
G/0/demand/p330/authority	9674992558986367437
G/0/demand/p330/b	4585439236324657509
G/0/demand/p330/b_cmd	4585439236324657506
G/0/demand/p330/branch	13126223303132988745
G/0/demand/p330/cap_fuel	4576598004192639862
G/0/demand/p330/cap_fuel?	1
G/0/demand/p330/cap_gov	4578248897747917313
G/0/demand/p330/cap_gov?	1
G/0/demand/p330/f	4580382169689562671
G/0/demand/p330/g	4579201576202627243
G/0/demand/p330/g_fuel	4579201576202627243
G/0/demand/p330/g_gov	4577550682647349794
G/0/demand/p330/ic_iters	2
G/0/demand/p330/ic_order	16448961268219989400
G/0/demand/p330/ic_res	0
G/0/demand/p330/lag_coord	4011733542463085790
G/0/demand/p330/mdot_air	4603364550124398403
G/0/demand/p330/mf	4576598004192639867
G/0/demand/p330/mf_sched	4582403389825004051
G/0/demand/p330/nu_hp	4605292294839495533
G/0/demand/p330/nu_lp	4604908498284992449
G/0/demand/p330/phi_hp	4606680258087474445
G/0/demand/p330/phi_lp	4605380978949069210
G/0/demand/p330/pi_hpc	4616236729973011810
G/0/demand/p330/pi_lpc	4611845222978564899
G/0/demand/p330/required	4579201576202627248
G/0/demand/p330/required_fuel	4579201576202627248
G/0/demand/p330/required_gov	4577550682647349797
G/0/demand/p330/s	4610109758557808171
G/0/demand/p330/share_law	580772045163143161
G/0/demand/p330/sp_thrust	4646329581975695665
G/0/demand/p330/v	13592569603443777630
G/0/demand/p330/v_cmd	0
G/0/demand/p330/v_regime	9087740570393753374
G/0/demand/p330/v_regime?	1
G/0/demand/p330/w_fuel	4576598004192639867
G/0/demand/p330/w_fuel?	1
G/0/demand/p330/w_gov	4578248897747917316
G/0/demand/p330/w_gov?	1
G/0/demand/p335/Tt4	4652007308841189376
G/0/demand/p335/authority	9674992558986367437
G/0/demand/p335/b	4585439236324657509
G/0/demand/p335/b_cmd	4585439236324657506
G/0/demand/p335/branch	13126223303132988745
G/0/demand/p335/cap_fuel	4576598004192639862
G/0/demand/p335/cap_fuel?	1
G/0/demand/p335/cap_gov	4578248897747917313
G/0/demand/p335/cap_gov?	1
G/0/demand/p335/f	4580382169689562671
G/0/demand/p335/g	4579201576202627243
G/0/demand/p335/g_fuel	4579201576202627243
G/0/demand/p335/g_gov	4577550682647349794
G/0/demand/p335/ic_iters	2
G/0/demand/p335/ic_order	16448961268219989400
G/0/demand/p335/ic_res	0
G/0/demand/p335/lag_coord	4011733542463085790
G/0/demand/p335/mdot_air	4603364550124398403
G/0/demand/p335/mf	4576598004192639867
G/0/demand/p335/mf_sched	4582403389825004051
G/0/demand/p335/nu_hp	4605292294839495533
G/0/demand/p335/nu_lp	4604908498284992449
G/0/demand/p335/phi_hp	4606680258087474445
G/0/demand/p335/phi_lp	4605380978949069210
G/0/demand/p335/pi_hpc	4616236729973011810
G/0/demand/p335/pi_lpc	4611845222978564899
G/0/demand/p335/required	4579201576202627248
G/0/demand/p335/required_fuel	4579201576202627248
G/0/demand/p335/required_gov	4577550682647349797
G/0/demand/p335/s	4610222348548492431
G/0/demand/p335/share_law	580772045163143161
G/0/demand/p335/sp_thrust	4646329581975695665
G/0/demand/p335/v	13592569603443650044
G/0/demand/p335/v_cmd	0
G/0/demand/p335/v_regime	9087740570393753374
G/0/demand/p335/v_regime?	1
G/0/demand/p335/w_fuel	4576598004192639867
G/0/demand/p335/w_fuel?	1
G/0/demand/p335/w_gov	4578248897747917316
G/0/demand/p335/w_gov?	1
G/0/demand/p340/Tt4	4652007308841189376
G/0/demand/p340/authority	9674992558986367437
G/0/demand/p340/b	4585439236324657509
G/0/demand/p340/b_cmd	4585439236324657506
G/0/demand/p340/branch	13126223303132988745
G/0/demand/p340/cap_fuel	4576598004192639862
G/0/demand/p340/cap_fuel?	1
G/0/demand/p340/cap_gov	4578248897747917313
G/0/demand/p340/cap_gov?	1
G/0/demand/p340/f	4580382169689562671
G/0/demand/p340/g	4579201576202627243
G/0/demand/p340/g_fuel	4579201576202627243
G/0/demand/p340/g_gov	4577550682647349794
G/0/demand/p340/ic_iters	2
G/0/demand/p340/ic_order	16448961268219989400
G/0/demand/p340/ic_res	0
G/0/demand/p340/lag_coord	4011733542463085790
G/0/demand/p340/mdot_air	4603364550124398403
G/0/demand/p340/mf	4576598004192639867
G/0/demand/p340/mf_sched	4582403389825004051
G/0/demand/p340/nu_hp	4605292294839495533
G/0/demand/p340/nu_lp	4604908498284992449
G/0/demand/p340/phi_hp	4606680258087474445
G/0/demand/p340/phi_lp	4605380978949069210
G/0/demand/p340/pi_hpc	4616236729973011810
G/0/demand/p340/pi_lpc	4611845222978564899
G/0/demand/p340/required	4579201576202627248
G/0/demand/p340/required_fuel	4579201576202627248
G/0/demand/p340/required_gov	4577550682647349797
G/0/demand/p340/s	4610334938539176691
G/0/demand/p340/share_law	580772045163143161
G/0/demand/p340/sp_thrust	4646329581975695665
G/0/demand/p340/v	13592569603443572659
G/0/demand/p340/v_cmd	0
G/0/demand/p340/v_regime	9087740570393753374
G/0/demand/p340/v_regime?	1
G/0/demand/p340/w_fuel	4576598004192639867
G/0/demand/p340/w_fuel?	1
G/0/demand/p340/w_gov	4578248897747917316
G/0/demand/p340/w_gov?	1
G/0/demand/p35/Tt4	4652007308841189374
G/0/demand/p35/authority	9674992558986367437
G/0/demand/p35/b	4585439236324657474
G/0/demand/p35/b_cmd	4585439236324657443
G/0/demand/p35/branch	13126223303132988745
G/0/demand/p35/cap_fuel	4576598004192639875
G/0/demand/p35/cap_fuel?	1
G/0/demand/p35/cap_gov	4578248897747917316
G/0/demand/p35/cap_gov?	1
G/0/demand/p35/f	4580382169689562668
G/0/demand/p35/g	4572283590248784612
G/0/demand/p35/g_fuel	4572283590248784612
G/0/demand/p35/g_gov	4566809984495405996
G/0/demand/p35/ic_iters	2
G/0/demand/p35/ic_order	16448961268219989400
G/0/demand/p35/ic_res	0
G/0/demand/p35/lag_coord	4011733542463085790
G/0/demand/p35/mdot_air	4603364550124398412
G/0/demand/p35/mf	4576598004192639866
G/0/demand/p35/mf_sched	4579414788240190700
G/0/demand/p35/nu_hp	4605292294839495533
G/0/demand/p35/nu_lp	4604908498284992449
G/0/demand/p35/phi_hp	4606680258087474445
G/0/demand/p35/phi_lp	4605380978949069212
G/0/demand/p35/pi_hpc	4616236729973011811
G/0/demand/p35/pi_lpc	4611845222978564901
G/0/demand/p35/required	4572283590248784594
G/0/demand/p35/required_fuel	4572283590248784594
G/0/demand/p35/required_gov	4566809984495405984
G/0/demand/p35/s	4595473059768854121
G/0/demand/p35/share_law	580772045163143161
G/0/demand/p35/sp_thrust	4646329581975695668
G/0/demand/p35/v	13607109230115160210
G/0/demand/p35/v_cmd	13610745117449209648
G/0/demand/p35/v_regime	10791139852042193048
G/0/demand/p35/v_regime?	1
G/0/demand/p35/w_fuel	4576598004192639866
G/0/demand/p35/w_fuel?	1
G/0/demand/p35/w_gov	4578248897747917313
G/0/demand/p35/w_gov?	1
G/0/demand/p40/Tt4	4652007308841189379
G/0/demand/p40/authority	9674992558986367437
G/0/demand/p40/b	4585439236324657467
G/0/demand/p40/b_cmd	4585439236324657508
G/0/demand/p40/branch	13126223303132988745
G/0/demand/p40/cap_fuel	4576598004192639863
G/0/demand/p40/cap_fuel?	1
G/0/demand/p40/cap_gov	4578248897747917320
G/0/demand/p40/cap_gov?	1
G/0/demand/p40/f	4580382169689562673
G/0/demand/p40/g	4573088385690941990
G/0/demand/p40/g_fuel	4573088385690941990
G/0/demand/p40/g_gov	4568419575379720760
G/0/demand/p40/ic_iters	2
G/0/demand/p40/ic_order	16448961268219989400
G/0/demand/p40/ic_res	0
G/0/demand/p40/lag_coord	4011733542463085790
G/0/demand/p40/mdot_air	4603364550124398403
G/0/demand/p40/mf	4576598004192639868
G/0/demand/p40/mf_sched	4579817185961269391
G/0/demand/p40/nu_hp	4605292294839495533
G/0/demand/p40/nu_lp	4604908498284992449
G/0/demand/p40/phi_hp	4606680258087474438
G/0/demand/p40/phi_lp	4605380978949069208
G/0/demand/p40/pi_hpc	4616236729973011808
G/0/demand/p40/pi_lpc	4611845222978564901
G/0/demand/p40/required	4573088385690942000
G/0/demand/p40/required_fuel	4573088385690942000
G/0/demand/p40/required_gov	4568419575379720732
G/0/demand/p40/s	4596373779694328221
G/0/demand/p40/share_law	580772045163143161
G/0/demand/p40/sp_thrust	4646329581975695666
G/0/demand/p40/v	13608273362147081176
G/0/demand/p40/v_cmd	13610951680647784314
G/0/demand/p40/v_regime	10791139852042193048
G/0/demand/p40/v_regime?	1
G/0/demand/p40/w_fuel	4576598004192639868
G/0/demand/p40/w_fuel?	1
G/0/demand/p40/w_gov	4578248897747917313
G/0/demand/p40/w_gov?	1
G/0/demand/p45/Tt4	4652007308841189371
G/0/demand/p45/authority	9674992558986367437
G/0/demand/p45/b	4585439236324657472
G/0/demand/p45/b_cmd	4585439236324657401
G/0/demand/p45/branch	13126223303132988745
G/0/demand/p45/cap_fuel	4576598004192639878
G/0/demand/p45/cap_fuel?	1
G/0/demand/p45/cap_gov	4578248897747917320
G/0/demand/p45/cap_gov?	1
G/0/demand/p45/f	4580382169689562665
G/0/demand/p45/g	4573893181133099372
G/0/demand/p45/g_fuel	4573893181133099372
G/0/demand/p45/g_gov	4570029166264035516
G/0/demand/p45/ic_iters	2
G/0/demand/p45/ic_order	16448961268219989400
G/0/demand/p45/ic_res	0
G/0/demand/p45/lag_coord	4011733542463085790
G/0/demand/p45/mdot_air	4603364550124398413
G/0/demand/p45/mf	4576598004192639868
G/0/demand/p45/mf_sched	4580190202359071257
G/0/demand/p45/nu_hp	4605292294839495533
G/0/demand/p45/nu_lp	4604908498284992449
G/0/demand/p45/phi_hp	4606680258087474446
G/0/demand/p45/phi_lp	4605380978949069220
G/0/demand/p45/pi_hpc	4616236729973011808
G/0/demand/p45/pi_lpc	4611845222978564904
G/0/demand/p45/required	4573893181133099352
G/0/demand/p45/required_fuel	4573893181133099352
G/0/demand/p45/required_gov	4570029166264035496
G/0/demand/p45/s	4597274499619802321
G/0/demand/p45/share_law	580772045163143161
G/0/demand/p45/sp_thrust	4646329581975695663
G/0/demand/p45/v	13609637409726621866
G/0/demand/p45/v_cmd	13610951680647784314
G/0/demand/p45/v_regime	10791139852042193048
G/0/demand/p45/v_regime?	1
G/0/demand/p45/w_fuel	4576598004192639868
G/0/demand/p45/w_fuel?	1
G/0/demand/p45/w_gov	4578248897747917315
G/0/demand/p45/w_gov?	1
G/0/demand/p5/Tt4	4652007308841189376
G/0/demand/p5/authority	9674992558986367437
G/0/demand/p5/b	4585439236324657496
G/0/demand/p5/b_cmd	4585439236324657501
G/0/demand/p5/branch	13126223303132988745
G/0/demand/p5/cap_fuel	4576598004192639864
G/0/demand/p5/cap_fuel?	1
G/0/demand/p5/cap_gov	4578248897747917311
G/0/demand/p5/cap_gov?	1
G/0/demand/p5/f	4580382169689562670
G/0/demand/p5/g	4559577586808830560
G/0/demand/p5/g_fuel	4559577586808830560
G/0/demand/p5/g_gov	13790512442717883260
G/0/demand/p5/ic_iters	2
G/0/demand/p5/ic_order	16448961268219989400
G/0/demand/p5/ic_res	0
G/0/demand/p5/lag_coord	4011733542463085790
G/0/demand/p5/mdot_air	4603364550124398403
G/0/demand/p5/mf	4576598004192639865
G/0/demand/p5/mf_sched	4577000401913718559
G/0/demand/p5/nu_hp	4605292294839495533
G/0/demand/p5/nu_lp	4604908498284992449
G/0/demand/p5/phi_hp	4606680258087474445
G/0/demand/p5/phi_lp	4605380978949069210
G/0/demand/p5/pi_hpc	4616236729973011810
G/0/demand/p5/pi_lpc	4611845222978564899
G/0/demand/p5/required	4559577586808830576
G/0/demand/p5/required_fuel	4559577586808830576
G/0/demand/p5/required_gov	13790512442717883264
G/0/demand/p5/s	4582862980812216730
G/0/demand/p5/share_law	580772045163143161
G/0/demand/p5/sp_thrust	4646329581975695665
G/0/demand/p5/v	13588393596443490058
G/0/demand/p5/v_cmd	0
G/0/demand/p5/v_regime	9087740570393753374
G/0/demand/p5/v_regime?	1
G/0/demand/p5/w_fuel	4576598004192639865
G/0/demand/p5/w_fuel?	1
G/0/demand/p5/w_gov	4578248897747917310
G/0/demand/p5/w_gov?	1
G/0/demand/p50/Tt4	4652007308841189376
G/0/demand/p50/authority	9674992558986367437
G/0/demand/p50/b	4585439236324657473
G/0/demand/p50/b_cmd	4585439236324657438
G/0/demand/p50/branch	13126223303132988745
G/0/demand/p50/cap_fuel	4576598004192639887
G/0/demand/p50/cap_fuel?	1
G/0/demand/p50/cap_gov	4578248897747917320
G/0/demand/p50/cap_gov?	1
G/0/demand/p50/f	4580382169689562670
G/0/demand/p50/g	4574697976575256750
G/0/demand/p50/g_fuel	4574697976575256750
G/0/demand/p50/g_gov	4571396189464701856
G/0/demand/p50/ic_iters	2
G/0/demand/p50/ic_order	16448961268219989400
G/0/demand/p50/ic_res	0
G/0/demand/p50/lag_coord	4011733542463085790
G/0/demand/p50/mdot_air	4603364550124398407
G/0/demand/p50/mf	4576598004192639869
G/0/demand/p50/mf_sched	4580391401219610602
G/0/demand/p50/nu_hp	4605292294839495533
G/0/demand/p50/nu_lp	4604908498284992449
G/0/demand/p50/phi_hp	4606680258087474445
G/0/demand/p50/phi_lp	4605380978949069213
G/0/demand/p50/pi_hpc	4616236729973011811
G/0/demand/p50/pi_lpc	4611845222978564901
G/0/demand/p50/required	4574697976575256714
G/0/demand/p50/required_fuel	4574697976575256714
G/0/demand/p50/required_gov	4571396189464701848
G/0/demand/p50/s	4598175219545276418
G/0/demand/p50/share_law	580772045163143161
G/0/demand/p50/sp_thrust	4646329581975695668
G/0/demand/p50/v	13607654310485881780
G/0/demand/p50/v_cmd	13601324791797319376
G/0/demand/p50/v_regime	10791139852042193048
G/0/demand/p50/v_regime?	1
G/0/demand/p50/w_fuel	4576598004192639869
G/0/demand/p50/w_fuel?	1
G/0/demand/p50/w_gov	4578248897747917316
G/0/demand/p50/w_gov?	1
G/0/demand/p55/Tt4	4652007308841189378
G/0/demand/p55/authority	9674992558986367437
G/0/demand/p55/b	4585439236324657473
G/0/demand/p55/b_cmd	4585439236324657495
G/0/demand/p55/branch	13126223303132988745
G/0/demand/p55/cap_fuel	4576598004192639893
G/0/demand/p55/cap_fuel?	1
G/0/demand/p55/cap_gov	4578248897747917314
G/0/demand/p55/cap_gov?	1
G/0/demand/p55/f	4580382169689562671
G/0/demand/p55/g	4575502772017414128
G/0/demand/p55/g_fuel	4575502772017414128
G/0/demand/p55/g_gov	4572200984906859236
G/0/demand/p55/ic_iters	2
G/0/demand/p55/ic_order	16448961268219989400
G/0/demand/p55/ic_res	0
G/0/demand/p55/lag_coord	4011733542463085790
G/0/demand/p55/mdot_air	4603364550124398408
G/0/demand/p55/mf	4576598004192639870
G/0/demand/p55/mf_sched	4580592600080149947
G/0/demand/p55/nu_hp	4605292294839495533
G/0/demand/p55/nu_lp	4604908498284992449
G/0/demand/p55/phi_hp	4606680258087474445
G/0/demand/p55/phi_lp	4605380978949069212
G/0/demand/p55/pi_hpc	4616236729973011811
G/0/demand/p55/pi_lpc	4611845222978564901
G/0/demand/p55/required	4575502772017414082
G/0/demand/p55/required_fuel	4575502772017414082
G/0/demand/p55/required_gov	4572200984906859240
G/0/demand/p55/s	4598625579508013468
G/0/demand/p55/share_law	580772045163143161
G/0/demand/p55/sp_thrust	4646329581975695667
G/0/demand/p55/v	13605687287004097368
G/0/demand/p55/v_cmd	0
G/0/demand/p55/v_regime	9087740570393753374
G/0/demand/p55/v_regime?	1
G/0/demand/p55/w_fuel	4576598004192639870
G/0/demand/p55/w_fuel?	1
G/0/demand/p55/w_gov	4578248897747917316
G/0/demand/p55/w_gov?	1
G/0/demand/p60/Tt4	4652007308841189378
G/0/demand/p60/authority	9674992558986367437
G/0/demand/p60/b	4585439236324657477
G/0/demand/p60/b_cmd	4585439236324657504
G/0/demand/p60/branch	13126223303132988745
G/0/demand/p60/cap_fuel	4576598004192639870
G/0/demand/p60/cap_fuel?	1
G/0/demand/p60/cap_gov	4578248897747917314
G/0/demand/p60/cap_gov?	1
G/0/demand/p60/f	4580382169689562671
G/0/demand/p60/g	4575982394433997724
G/0/demand/p60/g_fuel	4575982394433997724
G/0/demand/p60/g_gov	4573005780349016616
G/0/demand/p60/ic_iters	2
G/0/demand/p60/ic_order	16448961268219989400
G/0/demand/p60/ic_res	0
G/0/demand/p60/lag_coord	4011733542463085790
G/0/demand/p60/mdot_air	4603364550124398408
G/0/demand/p60/mf	4576598004192639868
G/0/demand/p60/mf_sched	4580793798940689292
G/0/demand/p60/nu_hp	4605292294839495533
G/0/demand/p60/nu_lp	4604908498284992449
G/0/demand/p60/phi_hp	4606680258087474444
G/0/demand/p60/phi_lp	4605380978949069210
G/0/demand/p60/pi_hpc	4616236729973011811
G/0/demand/p60/pi_lpc	4611845222978564901
G/0/demand/p60/required	4575982394433997722
G/0/demand/p60/required_fuel	4575982394433997722
G/0/demand/p60/required_gov	4573005780349016620
G/0/demand/p60/s	4599075939470750518
G/0/demand/p60/share_law	580772045163143161
G/0/demand/p60/sp_thrust	4646329581975695667
G/0/demand/p60/v	13605089036148789510
G/0/demand/p60/v_cmd	13610951680647784314
G/0/demand/p60/v_regime	10791139852042193048
G/0/demand/p60/v_regime?	1
G/0/demand/p60/w_fuel	4576598004192639868
G/0/demand/p60/w_fuel?	1
G/0/demand/p60/w_gov	4578248897747917316
G/0/demand/p60/w_gov?	1
G/0/demand/p65/Tt4	4652007308841189379
G/0/demand/p65/authority	9674992558986367437
G/0/demand/p65/b	4585439236324657472
G/0/demand/p65/b_cmd	4585439236324657475
G/0/demand/p65/branch	13126223303132988745
G/0/demand/p65/cap_fuel	4576598004192639891
G/0/demand/p65/cap_fuel?	1
G/0/demand/p65/cap_gov	4578248897747917319
G/0/demand/p65/cap_gov?	1
G/0/demand/p65/f	4580382169689562672
G/0/demand/p65/g	4576384792155076415
G/0/demand/p65/g_fuel	4576384792155076415
G/0/demand/p65/g_gov	4573810575791174000
G/0/demand/p65/ic_iters	2
G/0/demand/p65/ic_order	16448961268219989400
G/0/demand/p65/ic_res	0
G/0/demand/p65/lag_coord	4011733542463085790
G/0/demand/p65/mdot_air	4603364550124398407
G/0/demand/p65/mf	4576598004192639869
G/0/demand/p65/mf_sched	4580994997801228638
G/0/demand/p65/nu_hp	4605292294839495533
G/0/demand/p65/nu_lp	4604908498284992449
G/0/demand/p65/phi_hp	4606680258087474444
G/0/demand/p65/phi_lp	4605380978949069210
G/0/demand/p65/pi_hpc	4616236729973011811
G/0/demand/p65/pi_lpc	4611845222978564901
G/0/demand/p65/required	4576384792155076393
G/0/demand/p65/required_fuel	4576384792155076393
G/0/demand/p65/required_gov	4573810575791173994
G/0/demand/p65/s	4599526299433487568
G/0/demand/p65/share_law	580772045163143161
G/0/demand/p65/sp_thrust	4646329581975695668
G/0/demand/p65/v	13605071759374900418
G/0/demand/p65/v_cmd	13601324791797319376
G/0/demand/p65/v_regime	10791139852042193048
G/0/demand/p65/v_regime?	1
G/0/demand/p65/w_fuel	4576598004192639869
G/0/demand/p65/w_fuel?	1
G/0/demand/p65/w_gov	4578248897747917316
G/0/demand/p65/w_gov?	1
G/0/demand/p70/Tt4	4652007308841189378
G/0/demand/p70/authority	9674992558986367437
G/0/demand/p70/b	4585439236324657478
G/0/demand/p70/b_cmd	4585439236324657465
G/0/demand/p70/branch	13126223303132988745
G/0/demand/p70/cap_fuel	4576598004192639878
G/0/demand/p70/cap_fuel?	1
G/0/demand/p70/cap_gov	4578248897747917317
G/0/demand/p70/cap_gov?	1
G/0/demand/p70/f	4580382169689562672
G/0/demand/p70/g	4576787189876155103
G/0/demand/p70/g_fuel	4576787189876155103
G/0/demand/p70/g_gov	4574615371233331376
G/0/demand/p70/ic_iters	2
G/0/demand/p70/ic_order	16448961268219989400
G/0/demand/p70/ic_res	0
G/0/demand/p70/lag_coord	4011733542463085790
G/0/demand/p70/mdot_air	4603364550124398404
G/0/demand/p70/mf	4576598004192639869
G/0/demand/p70/mf_sched	4581196196661767982
G/0/demand/p70/nu_hp	4605292294839495533
G/0/demand/p70/nu_lp	4604908498284992449
G/0/demand/p70/phi_hp	4606680258087474445
G/0/demand/p70/phi_lp	4605380978949069210
G/0/demand/p70/pi_hpc	4616236729973011810
G/0/demand/p70/pi_lpc	4611845222978564899
G/0/demand/p70/required	4576787189876155094
G/0/demand/p70/required_fuel	4576787189876155094
G/0/demand/p70/required_gov	4574615371233331374
G/0/demand/p70/s	4599976659396224618
G/0/demand/p70/share_law	580772045163143161
G/0/demand/p70/sp_thrust	4646329581975695664
G/0/demand/p70/v	13603597443543403714
G/0/demand/p70/v_cmd	13601324791797319376
G/0/demand/p70/v_regime	10791139852042193048
G/0/demand/p70/v_regime?	1
G/0/demand/p70/w_fuel	4576598004192639869
G/0/demand/p70/w_fuel?	1
G/0/demand/p70/w_gov	4578248897747917316
G/0/demand/p70/w_gov?	1
G/0/demand/p75/Tt4	4652007308841189378
G/0/demand/p75/authority	9674992558986367437
G/0/demand/p75/b	4585439236324657481
G/0/demand/p75/b_cmd	4585439236324657492
G/0/demand/p75/branch	13126223303132988745
G/0/demand/p75/cap_fuel	4576598004192639864
G/0/demand/p75/cap_fuel?	1
G/0/demand/p75/cap_gov	4578248897747917314
G/0/demand/p75/cap_gov?	1
G/0/demand/p75/f	4580382169689562672
G/0/demand/p75/g	4577189587597233795
G/0/demand/p75/g_fuel	4577189587597233795
G/0/demand/p75/g_gov	4575420166675488760
G/0/demand/p75/ic_iters	2
G/0/demand/p75/ic_order	16448961268219989400
G/0/demand/p75/ic_res	0
G/0/demand/p75/lag_coord	4011733542463085790
G/0/demand/p75/mdot_air	4603364550124398404
G/0/demand/p75/mf	4576598004192639869
G/0/demand/p75/mf_sched	4581397395522307328
G/0/demand/p75/nu_hp	4605292294839495533
G/0/demand/p75/nu_lp	4604908498284992449
G/0/demand/p75/phi_hp	4606680258087474445
G/0/demand/p75/phi_lp	4605380978949069210
G/0/demand/p75/pi_hpc	4616236729973011810
G/0/demand/p75/pi_lpc	4611845222978564899
G/0/demand/p75/required	4577189587597233800
G/0/demand/p75/required_fuel	4577189587597233800
G/0/demand/p75/required_gov	4575420166675488764
G/0/demand/p75/s	4600427019358961668
G/0/demand/p75/share_law	580772045163143161
G/0/demand/p75/sp_thrust	4646329581975695664
G/0/demand/p75/v	13602231448465554209
G/0/demand/p75/v_cmd	0
G/0/demand/p75/v_regime	9087740570393753374
G/0/demand/p75/v_regime?	1
G/0/demand/p75/w_fuel	4576598004192639869
G/0/demand/p75/w_fuel?	1
G/0/demand/p75/w_gov	4578248897747917316
G/0/demand/p75/w_gov?	1
G/0/demand/p80/Tt4	4652007308841189378
G/0/demand/p80/authority	9674992558986367437
G/0/demand/p80/b	4585439236324657482
G/0/demand/p80/b_cmd	4585439236324657472
G/0/demand/p80/branch	13126223303132988745
G/0/demand/p80/cap_fuel	4576598004192639870
G/0/demand/p80/cap_fuel?	1
G/0/demand/p80/cap_gov	4578248897747917312
G/0/demand/p80/cap_gov?	1
G/0/demand/p80/f	4580382169689562672
G/0/demand/p80/g	4577591985318312486
G/0/demand/p80/g_fuel	4577591985318312486
G/0/demand/p80/g_gov	4575941091763035038
G/0/demand/p80/ic_iters	2
G/0/demand/p80/ic_order	16448961268219989400
G/0/demand/p80/ic_res	0
G/0/demand/p80/lag_coord	4011733542463085790
G/0/demand/p80/mdot_air	4603364550124398404
G/0/demand/p80/mf	4576598004192639868
G/0/demand/p80/mf_sched	4581598594382846673
G/0/demand/p80/nu_hp	4605292294839495533
G/0/demand/p80/nu_lp	4604908498284992449
G/0/demand/p80/phi_hp	4606680258087474445
G/0/demand/p80/phi_lp	4605380978949069209
G/0/demand/p80/pi_hpc	4616236729973011810
G/0/demand/p80/pi_lpc	4611845222978564899
G/0/demand/p80/required	4577591985318312484
G/0/demand/p80/required_fuel	4577591985318312484
G/0/demand/p80/required_gov	4575941091763035042
G/0/demand/p80/s	4600877379321698718
G/0/demand/p80/share_law	580772045163143161
G/0/demand/p80/sp_thrust	4646329581975695664
G/0/demand/p80/v	13599638944353759366
G/0/demand/p80/v_cmd	0
G/0/demand/p80/v_regime	9087740570393753374
G/0/demand/p80/v_regime?	1
G/0/demand/p80/w_fuel	4576598004192639868
G/0/demand/p80/w_fuel?	1
G/0/demand/p80/w_gov	4578248897747917316
G/0/demand/p80/w_gov?	1
G/0/demand/p85/Tt4	4652007308841189378
G/0/demand/p85/authority	9674992558986367437
G/0/demand/p85/b	4585439236324657498
G/0/demand/p85/b_cmd	4585439236324657541
G/0/demand/p85/branch	13126223303132988745
G/0/demand/p85/cap_fuel	4576598004192639879
G/0/demand/p85/cap_fuel?	1
G/0/demand/p85/cap_gov	4578248897747917318
G/0/demand/p85/cap_gov?	1
G/0/demand/p85/f	4580382169689562671
G/0/demand/p85/g	4577994383039391178
G/0/demand/p85/g_fuel	4577994383039391178
G/0/demand/p85/g_gov	4576343489484113728
G/0/demand/p85/ic_iters	2
G/0/demand/p85/ic_order	16448961268219989400
G/0/demand/p85/ic_res	0
G/0/demand/p85/lag_coord	4011733542463085790
G/0/demand/p85/mdot_air	4603364550124398408
G/0/demand/p85/mf	4576598004192639866
G/0/demand/p85/mf_sched	4581799793243386018
G/0/demand/p85/nu_hp	4605292294839495533
G/0/demand/p85/nu_lp	4604908498284992449
G/0/demand/p85/phi_hp	4606680258087474441
G/0/demand/p85/phi_lp	4605380978949069209
G/0/demand/p85/pi_hpc	4616236729973011813
G/0/demand/p85/pi_lpc	4611845222978564899
G/0/demand/p85/required	4577994383039391165
G/0/demand/p85/required_fuel	4577994383039391165
G/0/demand/p85/required_gov	4576343489484113726
G/0/demand/p85/s	4601327739284435768
G/0/demand/p85/share_law	580772045163143161
G/0/demand/p85/sp_thrust	4646329581975695667
G/0/demand/p85/v	13601497185966488020
G/0/demand/p85/v_cmd	13603803550180215313
G/0/demand/p85/v_regime	10791139852042193048
G/0/demand/p85/v_regime?	1
G/0/demand/p85/w_fuel	4576598004192639866
G/0/demand/p85/w_fuel?	1
G/0/demand/p85/w_gov	4578248897747917316
G/0/demand/p85/w_gov?	1
G/0/demand/p90/Tt4	4652007308841189376
G/0/demand/p90/authority	9674992558986367437
G/0/demand/p90/b	4585439236324657512
G/0/demand/p90/b_cmd	4585439236324657529
G/0/demand/p90/branch	13126223303132988745
G/0/demand/p90/cap_fuel	4576598004192639878
G/0/demand/p90/cap_fuel?	1
G/0/demand/p90/cap_gov	4578248897747917318
G/0/demand/p90/cap_gov?	1
G/0/demand/p90/f	4580382169689562670
G/0/demand/p90/g	4578396780760469870
G/0/demand/p90/g_fuel	4578396780760469870
G/0/demand/p90/g_gov	4576745887205192420
G/0/demand/p90/ic_iters	2
G/0/demand/p90/ic_order	16448961268219989400
G/0/demand/p90/ic_res	0
G/0/demand/p90/lag_coord	4011733542463085790
G/0/demand/p90/mdot_air	4603364550124398403
G/0/demand/p90/mf	4576598004192639866
G/0/demand/p90/mf_sched	4582000992103925364
G/0/demand/p90/nu_hp	4605292294839495533
G/0/demand/p90/nu_lp	4604908498284992449
G/0/demand/p90/phi_hp	4606680258087474445
G/0/demand/p90/phi_lp	4605380978949069210
G/0/demand/p90/pi_hpc	4616236729973011810
G/0/demand/p90/pi_lpc	4611845222978564899
G/0/demand/p90/required	4578396780760469858
G/0/demand/p90/required_fuel	4578396780760469858
G/0/demand/p90/required_gov	4576745887205192418
G/0/demand/p90/s	4601778099247172818
G/0/demand/p90/share_law	580772045163143161
G/0/demand/p90/sp_thrust	4646329581975695665
G/0/demand/p90/v	13602303197134282819
G/0/demand/p90/v_cmd	13603803550180215313
G/0/demand/p90/v_regime	10791139852042193048
G/0/demand/p90/v_regime?	1
G/0/demand/p90/w_fuel	4576598004192639866
G/0/demand/p90/w_fuel?	1
G/0/demand/p90/w_gov	4578248897747917316
G/0/demand/p90/w_gov?	1
G/0/demand/p95/Tt4	4652007308841189378
G/0/demand/p95/authority	9674992558986367437
G/0/demand/p95/b	4585439236324657523
G/0/demand/p95/b_cmd	4585439236324657544
G/0/demand/p95/branch	13126223303132988745
G/0/demand/p95/cap_fuel	4576598004192639883
G/0/demand/p95/cap_fuel?	1
G/0/demand/p95/cap_gov	4578248897747917318
G/0/demand/p95/cap_gov?	1
G/0/demand/p95/f	4580382169689562671
G/0/demand/p95/g	4578799178481548558
G/0/demand/p95/g_fuel	4578799178481548558
G/0/demand/p95/g_gov	4577148284926271108
G/0/demand/p95/ic_iters	2
G/0/demand/p95/ic_order	16448961268219989400
G/0/demand/p95/ic_res	0
G/0/demand/p95/lag_coord	4011733542463085790
G/0/demand/p95/mdot_air	4603364550124398408
G/0/demand/p95/mf	4576598004192639866
G/0/demand/p95/mf_sched	4582202190964464708
G/0/demand/p95/nu_hp	4605292294839495533
G/0/demand/p95/nu_lp	4604908498284992449
G/0/demand/p95/phi_hp	4606680258087474441
G/0/demand/p95/phi_lp	4605380978949069210
G/0/demand/p95/pi_hpc	4616236729973011813
G/0/demand/p95/pi_lpc	4611845222978564899
G/0/demand/p95/required	4578799178481548541
G/0/demand/p95/required_fuel	4578799178481548541
G/0/demand/p95/required_gov	4577148284926271106
G/0/demand/p95/s	4602228459209909868
G/0/demand/p95/share_law	580772045163143161
G/0/demand/p95/sp_thrust	4646329581975695667
G/0/demand/p95/v	13599214645988605134
G/0/demand/p95/v_cmd	0
G/0/demand/p95/v_regime	9087740570393753374
G/0/demand/p95/v_regime?	1
G/0/demand/p95/w_fuel	4576598004192639866
G/0/demand/p95/w_fuel?	1
G/0/demand/p95/w_gov	4578248897747917316
G/0/demand/p95/w_gov?	1
G/0/demand/phi_lim	4605380978949069210
G/1/clip/col/Tt4/last	4652986033905662228
G/1/clip/col/Tt4/max	4653349212473004199
G/1/clip/col/Tt4/min	4652007308841189373
G/1/clip/col/Tt4/n	341
G/1/clip/col/b/last	4390769429159841222
G/1/clip/col/b/max	4578141562792295935
G/1/clip/col/b/min	0
G/1/clip/col/b/n	341
G/1/clip/col/b_cmd/last	0
G/1/clip/col/b_cmd/max	4579749317165039674
G/1/clip/col/b_cmd/min	0
G/1/clip/col/b_cmd/n	341
G/1/clip/col/cap_fuel/n	0
G/1/clip/col/cap_gov/n	0
G/1/clip/col/f/last	4581774886531855509
G/1/clip/col/f/max	4582677671048285278
G/1/clip/col/f/min	4580362397098397465
G/1/clip/col/f/n	341
G/1/clip/col/g/last	4576066500333631307
G/1/clip/col/g/max	4576581169276482805
G/1/clip/col/g/min	0
G/1/clip/col/g/n	341
G/1/clip/col/g_fuel/last	4541291134388733196
G/1/clip/col/g_fuel/max	4573066091641439684
G/1/clip/col/g_fuel/min	0
G/1/clip/col/g_fuel/n	341
G/1/clip/col/g_gov/last	4576066500333631307
G/1/clip/col/g_gov/max	4576581169276482805
G/1/clip/col/g_gov/min	0
G/1/clip/col/g_gov/n	341
G/1/clip/col/ic_res/last	0
G/1/clip/col/ic_res/max	0
G/1/clip/col/ic_res/min	0
G/1/clip/col/ic_res/n	341
G/1/clip/col/mdot_air/last	4604491100577646172
G/1/clip/col/mdot_air/max	4604491100577646172
G/1/clip/col/mdot_air/min	4603325387807211789
G/1/clip/col/mdot_air/n	341
G/1/clip/col/mf/last	4579733080061635803
G/1/clip/col/mf/max	4579788969436299566
G/1/clip/col/mf/min	4576651860380027810
G/1/clip/col/mf/n	341
G/1/clip/col/mf_sched/last	4582403389825004051
G/1/clip/col/mf_sched/max	4582403389825004051
G/1/clip/col/mf_sched/min	4576651860380027810
G/1/clip/col/mf_sched/n	341
G/1/clip/col/nu_hp/last	4605929368456105825
G/1/clip/col/nu_hp/max	4605929368456105825
G/1/clip/col/nu_hp/min	4605289037695390238
G/1/clip/col/nu_hp/n	341
G/1/clip/col/nu_lp/last	4605701233880680853
G/1/clip/col/nu_lp/max	4605701233880680853
G/1/clip/col/nu_lp/min	4604982328959340258
G/1/clip/col/nu_lp/n	341
G/1/clip/col/phi_hp/last	4606758196711631255
G/1/clip/col/phi_hp/max	4606758196711631255
G/1/clip/col/phi_hp/min	4606208182136909333
G/1/clip/col/phi_hp/n	341
G/1/clip/col/phi_lp/last	4605734120763438488
G/1/clip/col/phi_lp/max	4605734120763438488
G/1/clip/col/phi_lp/min	4604988549997416643
G/1/clip/col/phi_lp/n	341
G/1/clip/col/pi_hpc/last	4616949973816849209
G/1/clip/col/pi_hpc/max	4616949973816849209
G/1/clip/col/pi_hpc/min	4616194662411773451
G/1/clip/col/pi_hpc/n	341
G/1/clip/col/pi_lpc/last	4612579043804415548
G/1/clip/col/pi_lpc/max	4612579043804415548
G/1/clip/col/pi_lpc/min	4611954934909333047
G/1/clip/col/pi_lpc/n	341
G/1/clip/col/required/last	4576051171335977895
G/1/clip/col/required/max	4576728720612313514
G/1/clip/col/required/min	0
G/1/clip/col/required/n	341
G/1/clip/col/required_fuel/last	0
G/1/clip/col/required_fuel/max	4573579996374200820
G/1/clip/col/required_fuel/min	0
G/1/clip/col/required_fuel/n	341
G/1/clip/col/required_gov/last	4576051171335977895
G/1/clip/col/required_gov/max	4576728720612313514
G/1/clip/col/required_gov/min	0
G/1/clip/col/required_gov/n	341
G/1/clip/col/s/last	4610334938539176691
G/1/clip/col/s/max	4610334938539176691
G/1/clip/col/s/min	0
G/1/clip/col/s/n	341
G/1/clip/col/sp_thrust/last	4648123699526619056
G/1/clip/col/sp_thrust/max	4648252551953708513
G/1/clip/col/sp_thrust/min	4646376948859877908
G/1/clip/col/sp_thrust/n	341
G/1/clip/col/v/last	13617977628946744355
G/1/clip/col/v/max	0
G/1/clip/col/v/min	13805134360366595474
G/1/clip/col/v/n	341
G/1/clip/col/v_cmd/last	0
G/1/clip/col/v_cmd/max	0
G/1/clip/col/v_cmd/min	13806524331247447716
G/1/clip/col/v_cmd/n	341
G/1/clip/col/w_fuel/n	0
G/1/clip/col/w_gov/n	0
G/1/clip/coord	1403765810143580635
G/1/clip/keys	30
G/1/clip/marched	1
G/1/clip/n	341
G/1/clip/neg/g_fuel	0
G/1/clip/neg/g_gov	0
G/1/clip/neg/required_fuel	0
G/1/clip/neg/required_gov	0
G/1/clip/p0/Tt4	4652007308841189373
G/1/clip/p0/authority	9087740570393753374
G/1/clip/p0/b	0
G/1/clip/p0/b_cmd	0
G/1/clip/p0/branch	13126223303132988745
G/1/clip/p0/cap_fuel?	0
G/1/clip/p0/cap_gov?	0
G/1/clip/p0/f	4580362397098397465
G/1/clip/p0/g	0
G/1/clip/p0/g_fuel	0
G/1/clip/p0/g_gov	0
G/1/clip/p0/ic_iters	1
G/1/clip/p0/ic_order	16448961268219989400
G/1/clip/p0/ic_res	0
G/1/clip/p0/mdot_air	4603437906198678369
G/1/clip/p0/mf	4576651860380027810
G/1/clip/p0/mf_sched	4576651860380027810
G/1/clip/p0/nu_hp	4605289037695390238
G/1/clip/p0/nu_lp	4604982328959340258
G/1/clip/p0/phi_hp	4606672101246745290
G/1/clip/p0/phi_lp	4605138831325119760
G/1/clip/p0/pi_hpc	4616194662411773451
G/1/clip/p0/pi_lpc	4611954934909333047
G/1/clip/p0/required	0
G/1/clip/p0/required_fuel	0
G/1/clip/p0/required_gov	0
G/1/clip/p0/s	0
G/1/clip/p0/share_law	580772045163143161
G/1/clip/p0/sp_thrust	4646376948859877908
G/1/clip/p0/v	0
G/1/clip/p0/v_cmd	0
G/1/clip/p0/v_regime	9087740570393753374
G/1/clip/p0/v_regime?	1
G/1/clip/p0/w_fuel?	0
G/1/clip/p0/w_gov?	0
G/1/clip/p10/Tt4	4652517423394712478
G/1/clip/p10/authority	9674992558986367437
G/1/clip/p10/b	4549407300928133444
G/1/clip/p10/b_cmd	4567285662888040709
G/1/clip/p10/branch	13126223303132988745
G/1/clip/p10/cap_fuel?	0
G/1/clip/p10/cap_gov?	0
G/1/clip/p10/f	4581138359679912124
G/1/clip/p10/g	4530987845318786440
G/1/clip/p10/g_fuel	4530987845318786440
G/1/clip/p10/g_gov	0
G/1/clip/p10/ic_iters	1
G/1/clip/p10/ic_order	16448961268219989400
G/1/clip/p10/ic_res	0
G/1/clip/p10/mdot_air	4603345800222390863
G/1/clip/p10/mf	4577446514129411789
G/1/clip/p10/mf_sched	4577451270203446396
G/1/clip/p10/nu_hp	4605296986801986711
G/1/clip/p10/nu_lp	4604991946382468342
G/1/clip/p10/phi_hp	4606478914809070341
G/1/clip/p10/phi_lp	4605008280591398449
G/1/clip/p10/pi_hpc	4616296589820115137
G/1/clip/p10/pi_lpc	4611986694813599129
G/1/clip/p10/required	4548884104303936832
G/1/clip/p10/required_fuel	4548884104303936832
G/1/clip/p10/required_gov	0
G/1/clip/p10/s	4587366580439587225
G/1/clip/p10/share_law	580772045163143161
G/1/clip/p10/sp_thrust	4647071974926488134
G/1/clip/p10/v	13776653473239890240
G/1/clip/p10/v_cmd	13794547634806555462
G/1/clip/p10/v_regime	10791139852042193048
G/1/clip/p10/v_regime?	1
G/1/clip/p10/w_fuel?	0
G/1/clip/p10/w_gov?	0
G/1/clip/p100/Tt4	4653333640773357730
G/1/clip/p100/authority	15345845413248555367
G/1/clip/p100/b	4546387057515263328
G/1/clip/p100/b_cmd	0
G/1/clip/p100/branch	13126223303132988745
G/1/clip/p100/cap_fuel?	0
G/1/clip/p100/cap_gov?	0
G/1/clip/p100/f	4582584473623699785
G/1/clip/p100/g	4576010610958967544
G/1/clip/p100/g_fuel	4572880876758318930
G/1/clip/p100/g_gov	4576010610958967544
G/1/clip/p100/ic_iters	1
G/1/clip/p100/ic_order	16448961268219989400
G/1/clip/p100/ic_res	0
G/1/clip/p100/mdot_air	4603789299598060009
G/1/clip/p100/mf	4579788969436299566
G/1/clip/p100/mf_sched	4582403389825004051
G/1/clip/p100/nu_hp	4605629906543564784
G/1/clip/p100/nu_lp	4605364272385271483
G/1/clip/p100/phi_hp	4606385831336168486
G/1/clip/p100/phi_lp	4605209772078572940
G/1/clip/p100/pi_hpc	4616766108922109666
G/1/clip/p100/pi_lpc	4612328394993000858
G/1/clip/p100/required	4576728720612313514
G/1/clip/p100/required_fuel	4573579996374200820
G/1/clip/p100/required_gov	4576728720612313514
G/1/clip/p100/s	4602678819172646915
G/1/clip/p100/share_law	580772045163143161
G/1/clip/p100/sp_thrust	4648252551953708513
G/1/clip/p100/v	13773748154928864528
G/1/clip/p100/v_cmd	0
G/1/clip/p100/v_regime	9087740570393753374
G/1/clip/p100/v_regime?	1
G/1/clip/p100/w_fuel?	0
G/1/clip/p100/w_gov?	0
G/1/clip/p105/Tt4	4653184377080146303
G/1/clip/p105/authority	15345845413248555367
G/1/clip/p105/b	4543323464892526114
G/1/clip/p105/b_cmd	0
G/1/clip/p105/branch	13126223303132988745
G/1/clip/p105/cap_fuel?	0
G/1/clip/p105/cap_gov?	0
G/1/clip/p105/f	4582285025572857079
G/1/clip/p105/g	4576285373842401358
G/1/clip/p105/g_fuel	4573061469678285084
G/1/clip/p105/g_gov	4576285373842401358
G/1/clip/p105/ic_iters	1
G/1/clip/p105/ic_order	16448961268219989400
G/1/clip/p105/ic_res	0
G/1/clip/p105/mdot_air	4603856245346399148
G/1/clip/p105/mf	4579514206552865752
G/1/clip/p105/mf_sched	4582403389825004051
G/1/clip/p105/nu_hp	4605645542122169148
G/1/clip/p105/nu_lp	4605382534979999704
G/1/clip/p105/phi_hp	4606458302685055994
G/1/clip/p105/phi_lp	4605275363114511080
G/1/clip/p105/pi_hpc	4616746919994925306
G/1/clip/p105/pi_lpc	4612334374915118143
G/1/clip/p105/required	4576693325908592234
G/1/clip/p105/required_fuel	4573149414078990072
G/1/clip/p105/required_gov	4576693325908592234
G/1/clip/p105/s	4602903999154015440
G/1/clip/p105/share_law	580772045163143161
G/1/clip/p105/sp_thrust	4648141886111111558
G/1/clip/p105/v	13770574933650588422
G/1/clip/p105/v_cmd	0
G/1/clip/p105/v_regime	9087740570393753374
G/1/clip/p105/v_regime?	1
G/1/clip/p105/w_fuel?	0
G/1/clip/p105/w_gov?	0
G/1/clip/p110/Tt4	4653097327328028605
G/1/clip/p110/authority	15345845413248555367
G/1/clip/p110/b	4540097553621404230
G/1/clip/p110/b_cmd	0
G/1/clip/p110/branch	13126223303132988745
G/1/clip/p110/cap_fuel?	0
G/1/clip/p110/cap_gov?	0
G/1/clip/p110/f	4582109170894760775
G/1/clip/p110/g	4576439494040483546
G/1/clip/p110/g_fuel	4573048337255817849
G/1/clip/p110/g_gov	4576439494040483546
G/1/clip/p110/ic_iters	1
G/1/clip/p110/ic_order	16448961268219989400
G/1/clip/p110/ic_res	0
G/1/clip/p110/mdot_air	4603903508471677143
G/1/clip/p110/mf	4579360086354783564
G/1/clip/p110/mf_sched	4582403389825004051
G/1/clip/p110/nu_hp	4605658469316368233
G/1/clip/p110/nu_lp	4605397587306492361
G/1/clip/p110/phi_hp	4606504192407573705
G/1/clip/p110/phi_lp	4605319355667062402
G/1/clip/p110/pi_hpc	4616738489359650468
G/1/clip/p110/pi_lpc	4612341252417151837
G/1/clip/p110/required	4576664024701102239
G/1/clip/p110/required_fuel	4572786004611766728
G/1/clip/p110/required_gov	4576664024701102239
G/1/clip/p110/s	4603129179135383965
G/1/clip/p110/share_law	580772045163143161
G/1/clip/p110/sp_thrust	4648078721286529889
G/1/clip/p110/v	13767594613070624953
G/1/clip/p110/v_cmd	0
G/1/clip/p110/v_regime	9087740570393753374
G/1/clip/p110/v_regime?	1
G/1/clip/p110/w_fuel?	0
G/1/clip/p110/w_gov?	0
G/1/clip/p115/Tt4	4653046425961666308
G/1/clip/p115/authority	15345845413248555367
G/1/clip/p115/b	4536653452898067554
G/1/clip/p115/b_cmd	0
G/1/clip/p115/branch	13126223303132988745
G/1/clip/p115/cap_fuel?	0
G/1/clip/p115/cap_gov?	0
G/1/clip/p115/f	4582004880279173016
G/1/clip/p115/g	4576522305397267954
G/1/clip/p115/g_fuel	4572982258239969810
G/1/clip/p115/g_gov	4576522305397267954
G/1/clip/p115/ic_iters	1
G/1/clip/p115/ic_order	16448961268219989400
G/1/clip/p115/ic_res	0
G/1/clip/p115/mdot_air	4603938869159359478
G/1/clip/p115/mf	4579277274997999156
G/1/clip/p115/mf_sched	4582403389825004051
G/1/clip/p115/nu_hp	4605669722526872468
G/1/clip/p115/nu_lp	4605410643754320784
G/1/clip/p115/phi_hp	4606534109577787276
G/1/clip/p115/phi_lp	4605350389936770281
G/1/clip/p115/pi_hpc	4616736547103858337
G/1/clip/p115/pi_lpc	4612348653608060673
G/1/clip/p115/required	4576638501047343752
G/1/clip/p115/required_fuel	4572464133988066096
G/1/clip/p115/required_gov	4576638501047343752
G/1/clip/p115/s	4603354359116752490
G/1/clip/p115/share_law	580772045163143161
G/1/clip/p115/sp_thrust	4648043515717327070
G/1/clip/p115/v	13764069852017150690
G/1/clip/p115/v_cmd	0
G/1/clip/p115/v_regime	9087740570393753374
G/1/clip/p115/v_regime?	1
G/1/clip/p115/w_fuel?	0
G/1/clip/p115/w_gov?	0
G/1/clip/p120/Tt4	4653016663716729787
G/1/clip/p120/authority	15345845413248555367
G/1/clip/p120/b	4533435090991265418
G/1/clip/p120/b_cmd	0
G/1/clip/p120/branch	13126223303132988745
G/1/clip/p120/cap_fuel?	0
G/1/clip/p120/cap_gov?	0
G/1/clip/p120/f	4581942374864941433
G/1/clip/p120/g	4576563037089302407
G/1/clip/p120/g_fuel	4572879119816155276
G/1/clip/p120/g_gov	4576563037089302407
G/1/clip/p120/ic_iters	1
G/1/clip/p120/ic_order	16448961268219989400
G/1/clip/p120/ic_res	0
G/1/clip/p120/mdot_air	4603967002135709020
G/1/clip/p120/mf	4579236543305964703
G/1/clip/p120/mf_sched	4582403389825004051
G/1/clip/p120/nu_hp	4605679911104191613
G/1/clip/p120/nu_lp	4605422423549876486
G/1/clip/p120/phi_hp	4606554460604180286
G/1/clip/p120/phi_lp	4605373635167686208
G/1/clip/p120/pi_hpc	4616738448895622829
G/1/clip/p120/pi_lpc	4612356313616958481
G/1/clip/p120/required	4576615385515252755
G/1/clip/p120/required_fuel	4572168359839486444
G/1/clip/p120/required_gov	4576615385515252755
G/1/clip/p120/s	4603579539098121015
G/1/clip/p120/share_law	580772045163143161
G/1/clip/p120/sp_thrust	4648024759216966058
G/1/clip/p120/v	13760753644139530056
G/1/clip/p120/v_cmd	0
G/1/clip/p120/v_regime	9087740570393753374
G/1/clip/p120/v_regime?	1
G/1/clip/p120/w_fuel?	0
G/1/clip/p120/w_gov?	0
G/1/clip/p125/Tt4	4652999309798527345
G/1/clip/p125/authority	15345845413248555367
G/1/clip/p125/b	4530490564235119924
G/1/clip/p125/b_cmd	0
G/1/clip/p125/branch	13126223303132988745
G/1/clip/p125/cap_fuel?	0
G/1/clip/p125/cap_gov?	0
G/1/clip/p125/f	4581904396006632598
G/1/clip/p125/g	4576579006969608068
G/1/clip/p125/g_fuel	4572747826447673292
G/1/clip/p125/g_gov	4576579006969608068
G/1/clip/p125/ic_iters	1
G/1/clip/p125/ic_order	16448961268219989400
G/1/clip/p125/ic_res	0
G/1/clip/p125/mdot_air	4603990699783507483
G/1/clip/p125/mf	4579220573425659042
G/1/clip/p125/mf_sched	4582403389825004051
G/1/clip/p125/nu_hp	4605689395490448558
G/1/clip/p125/nu_lp	4605433353835577740
G/1/clip/p125/phi_hp	4606569079550867008
G/1/clip/p125/phi_lp	4605392168283773931
G/1/clip/p125/pi_hpc	4616742587867699051
G/1/clip/p125/pi_lpc	4612364060302455947
G/1/clip/p125/required	4576593866038267214
G/1/clip/p125/required_fuel	4571889419853616456
G/1/clip/p125/required_gov	4576593866038267214
G/1/clip/p125/s	4603804719079489540
G/1/clip/p125/share_law	580772045163143161
G/1/clip/p125/sp_thrust	4648015663152160846
G/1/clip/p125/v	13757690424167164352
G/1/clip/p125/v_cmd	0
G/1/clip/p125/v_regime	9087740570393753374
G/1/clip/p125/v_regime?	1
G/1/clip/p125/w_fuel?	0
G/1/clip/p125/w_gov?	0
G/1/clip/p130/Tt4	4652989254676346239
G/1/clip/p130/authority	15345845413248555367
G/1/clip/p130/b	4526997920982967198
G/1/clip/p130/b_cmd	0
G/1/clip/p130/branch	13126223303132988745
G/1/clip/p130/cap_fuel?	0
G/1/clip/p130/cap_gov?	0
G/1/clip/p130/f	4581880865529174230
G/1/clip/p130/g	4576580475013421609
G/1/clip/p130/g_fuel	4572594811602754143
G/1/clip/p130/g_gov	4576580475013421609
G/1/clip/p130/ic_iters	1
G/1/clip/p130/ic_order	16448961268219989400
G/1/clip/p130/ic_res	0
G/1/clip/p130/mdot_air	4604011624750063565
G/1/clip/p130/mf	4579219105381845501
G/1/clip/p130/mf_sched	4582403389825004051
G/1/clip/p130/nu_hp	4605698389769488242
G/1/clip/p130/nu_lp	4605443689224146380
G/1/clip/p130/phi_hp	4606580248793310489
G/1/clip/p130/phi_lp	4605407815493252349
G/1/clip/p130/pi_hpc	4616747998555653222
G/1/clip/p130/pi_lpc	4612371786895678481
G/1/clip/p130/required	4576573459462994996
G/1/clip/p130/required_fuel	4571621776510312456
G/1/clip/p130/required_gov	4576573459462994996
G/1/clip/p130/s	4604029899060858065
G/1/clip/p130/share_law	580772045163143161
G/1/clip/p130/sp_thrust	4648012221491284014
G/1/clip/p130/v	13754463678082718803
G/1/clip/p130/v_cmd	0
G/1/clip/p130/v_regime	9087740570393753374
G/1/clip/p130/v_regime?	1
G/1/clip/p130/w_fuel?	0
G/1/clip/p130/w_gov?	0
G/1/clip/p135/Tt4	4652983497230559411
G/1/clip/p135/authority	15345845413248555367
G/1/clip/p135/b	4523641424107914503
G/1/clip/p135/b_cmd	0
G/1/clip/p135/branch	13126223303132988745
G/1/clip/p135/cap_fuel?	0
G/1/clip/p135/cap_gov?	0
G/1/clip/p135/f	4581865871431010343
G/1/clip/p135/g	4576573518824625886
G/1/clip/p135/g_fuel	4572424861984441577
G/1/clip/p135/g_gov	4576573518824625886
G/1/clip/p135/ic_iters	1
G/1/clip/p135/ic_order	16448961268219989400
G/1/clip/p135/ic_res	0
G/1/clip/p135/mdot_air	4604030765710079165
G/1/clip/p135/mf	4579226061570641224
G/1/clip/p135/mf_sched	4582403389825004051
G/1/clip/p135/nu_hp	4605707021742889978
G/1/clip/p135/nu_lp	4605453582322987515
G/1/clip/p135/phi_hp	4606589322961839979
G/1/clip/p135/phi_lp	4605421659238749568
G/1/clip/p135/pi_hpc	4616754104939857296
G/1/clip/p135/pi_lpc	4612379429241019291
G/1/clip/p135/required	4576553876999097310
G/1/clip/p135/required_fuel	4571362128995467180
G/1/clip/p135/required_gov	4576553876999097310
G/1/clip/p135/s	4604255079042226590
G/1/clip/p135/share_law	580772045163143161
G/1/clip/p135/sp_thrust	4648012069931921035
G/1/clip/p135/v	13751019851540451337
G/1/clip/p135/v_cmd	0
G/1/clip/p135/v_regime	9087740570393753374
G/1/clip/p135/v_regime?	1
G/1/clip/p135/w_fuel?	0
G/1/clip/p135/w_gov?	0
G/1/clip/p140/Tt4	4652980270895392270
G/1/clip/p140/authority	15345845413248555367
G/1/clip/p140/b	4520529331089029900
G/1/clip/p140/b_cmd	0
G/1/clip/p140/branch	13126223303132988745
G/1/clip/p140/cap_fuel?	0
G/1/clip/p140/cap_gov?	0
G/1/clip/p140/f	4581855935993340254
G/1/clip/p140/g	4576561737473307794
G/1/clip/p140/g_fuel	4572241637157343280
G/1/clip/p140/g_gov	4576561737473307794
G/1/clip/p140/ic_iters	1
G/1/clip/p140/ic_order	16448961268219989400
G/1/clip/p140/ic_res	0
G/1/clip/p140/mdot_air	4604048710705259530
G/1/clip/p140/mf	4579237842921959316
G/1/clip/p140/mf_sched	4582403389825004051
G/1/clip/p140/nu_hp	4605715368262161560
G/1/clip/p140/nu_lp	4605463125386674996
G/1/clip/p140/phi_hp	4606597104921981246
G/1/clip/p140/phi_lp	4605434341041160092
G/1/clip/p140/pi_hpc	4616760565009928765
G/1/clip/p140/pi_lpc	4612386949893999745
G/1/clip/p140/required	4576534944811704806
G/1/clip/p140/required_fuel	4571063410730472472
G/1/clip/p140/required_gov	4576534944811704806
G/1/clip/p140/s	4604480259023595115
G/1/clip/p140/share_law	580772045163143161
G/1/clip/p140/sp_thrust	4648013813315595832
G/1/clip/p140/v	13747801822232249418
G/1/clip/p140/v_cmd	0
G/1/clip/p140/v_regime	9087740570393753374
G/1/clip/p140/v_regime?	1
G/1/clip/p140/w_fuel?	0
G/1/clip/p140/w_gov?	0
G/1/clip/p145/Tt4	4652978534450005080
G/1/clip/p145/authority	15345845413248555367
G/1/clip/p145/b	4517412070660634704
G/1/clip/p145/b_cmd	0
G/1/clip/p145/branch	13126223303132988745
G/1/clip/p145/cap_fuel?	0
G/1/clip/p145/cap_gov?	0
G/1/clip/p145/f	4581849009875128682
G/1/clip/p145/g	4576547261157763968
G/1/clip/p145/g_fuel	4572048002249349849
G/1/clip/p145/g_gov	4576547261157763968
G/1/clip/p145/ic_iters	1
G/1/clip/p145/ic_order	16448961268219989400
G/1/clip/p145/ic_res	0
G/1/clip/p145/mdot_air	4604065810130400887
G/1/clip/p145/mf	4579252319237503142
G/1/clip/p145/mf_sched	4582403389825004051
G/1/clip/p145/nu_hp	4605723476058982896
G/1/clip/p145/nu_lp	4605472374935694522
G/1/clip/p145/phi_hp	4606604070402220557
G/1/clip/p145/phi_lp	4605446241509113028
G/1/clip/p145/pi_hpc	4616767176516004811
G/1/clip/p145/pi_lpc	4612394327798096457
G/1/clip/p145/required	4576516557098329913
G/1/clip/p145/required_fuel	4570565934439581616
G/1/clip/p145/required_gov	4576516557098329913
G/1/clip/p145/s	4604705439004963640
G/1/clip/p145/share_law	580772045163143161
G/1/clip/p145/sp_thrust	4648016628754197172
G/1/clip/p145/v	13744857698938783484
G/1/clip/p145/v_cmd	0
G/1/clip/p145/v_regime	9087740570393753374
G/1/clip/p145/v_regime?	1
G/1/clip/p145/w_fuel?	0
G/1/clip/p145/w_gov?	0
G/1/clip/p15/Tt4	4652678264787659980
G/1/clip/p15/authority	9674992558986367437
G/1/clip/p15/b	4567178543638343298
G/1/clip/p15/b_cmd	4575104359406996580
G/1/clip/p15/branch	13126223303132988745
G/1/clip/p15/cap_fuel?	0
G/1/clip/p15/cap_gov?	0
G/1/clip/p15/f	4581444675996755032
G/1/clip/p15/g	4548834994815393245
G/1/clip/p15/g_fuel	4548834994815393245
G/1/clip/p15/g_gov	0
G/1/clip/p15/ic_iters	1
G/1/clip/p15/ic_order	16448961268219989400
G/1/clip/p15/ic_res	0
G/1/clip/p15/mdot_air	4603329688643138425
G/1/clip/p15/mf	4577777491196428146
G/1/clip/p15/mf_sched	4577850975115155689
G/1/clip/p15/nu_hp	4605306350808321345
G/1/clip/p15/nu_lp	4605002939655635068
G/1/clip/p15/phi_hp	4606411094902713498
G/1/clip/p15/phi_lp	4604989920651095876
G/1/clip/p15/pi_hpc	4616337512698928427
G/1/clip/p15/pi_lpc	4612013460189606390
G/1/clip/p15/required	4556593474926180448
G/1/clip/p15/required_fuel	4556593474926180448
G/1/clip/p15/required_gov	0
G/1/clip/p15/s	4590068740216009523
G/1/clip/p15/share_law	580772045163143161
G/1/clip/p15/sp_thrust	4647354177361248048
G/1/clip/p15/v	13794372653682796784
G/1/clip/p15/v_cmd	13801958020649364445
G/1/clip/p15/v_regime	10791139852042193048
G/1/clip/p15/v_regime?	1
G/1/clip/p15/w_fuel?	0
G/1/clip/p15/w_gov?	0
G/1/clip/p150/Tt4	4652977673719019175
G/1/clip/p150/authority	15345845413248555367
G/1/clip/p150/b	4513932285307710791
G/1/clip/p150/b_cmd	0
G/1/clip/p150/branch	13126223303132988745
G/1/clip/p150/cap_fuel?	0
G/1/clip/p150/cap_gov?	0
G/1/clip/p150/f	4581843884020969390
G/1/clip/p150/g	4576531349545042257
G/1/clip/p150/g_fuel	4571846245265060651
G/1/clip/p150/g_gov	4576531349545042257
G/1/clip/p150/ic_iters	1
G/1/clip/p150/ic_order	16448961268219989400
G/1/clip/p150/ic_res	0
G/1/clip/p150/mdot_air	4604082273585377287
G/1/clip/p150/mf	4579268230850224853
G/1/clip/p150/mf_sched	4582403389825004051
G/1/clip/p150/nu_hp	4605731374043954843
G/1/clip/p150/nu_lp	4605481366314201196
G/1/clip/p150/phi_hp	4606610501520157277
G/1/clip/p150/phi_lp	4605457587018577555
G/1/clip/p150/pi_hpc	4616773820383696516
G/1/clip/p150/pi_lpc	4612401551824365954
G/1/clip/p150/required	4576498648340425365
G/1/clip/p150/required_fuel	4570076842478544616
G/1/clip/p150/required_gov	4576498648340425365
G/1/clip/p150/s	4604930618986332165
G/1/clip/p150/share_law	580772045163143161
G/1/clip/p150/sp_thrust	4648020031335048058
G/1/clip/p150/v	13741364151847412423
G/1/clip/p150/v_cmd	0
G/1/clip/p150/v_regime	9087740570393753374
G/1/clip/p150/v_regime?	1
G/1/clip/p150/w_fuel?	0
G/1/clip/p150/w_gov?	0
G/1/clip/p155/Tt4	4652977326266332155
G/1/clip/p155/authority	15345845413248555367
G/1/clip/p155/b	4510670635737452457
G/1/clip/p155/b_cmd	0
G/1/clip/p155/branch	13126223303132988745
G/1/clip/p155/cap_fuel?	0
G/1/clip/p155/cap_gov?	0
G/1/clip/p155/f	4581839844472059501
G/1/clip/p155/g	4576514746371996657
G/1/clip/p155/g_fuel	4571638222500972698
G/1/clip/p155/g_gov	4576514746371996657
G/1/clip/p155/ic_iters	1
G/1/clip/p155/ic_order	16448961268219989400
G/1/clip/p155/ic_res	0
G/1/clip/p155/mdot_air	4604098227311916076
G/1/clip/p155/mf	4579284834023270453
G/1/clip/p155/mf_sched	4582403389825004051
G/1/clip/p155/nu_hp	4605739080574600920
G/1/clip/p155/nu_lp	4605490122301102711
G/1/clip/p155/phi_hp	4606616565920814205
G/1/clip/p155/phi_lp	4605468512825181943
G/1/clip/p155/pi_hpc	4616780426935710164
G/1/clip/p155/pi_lpc	4612408616807387049
G/1/clip/p155/required	4576481176886942176
G/1/clip/p155/required_fuel	4569595338512300640
G/1/clip/p155/required_gov	4576481176886942176
G/1/clip/p155/s	4605155798967700690
G/1/clip/p155/share_law	580772045163143161
G/1/clip/p155/sp_thrust	4648023735765838998
G/1/clip/p155/v	13738007951823878807
G/1/clip/p155/v_cmd	0
G/1/clip/p155/v_regime	9087740570393753374
G/1/clip/p155/v_regime?	1
G/1/clip/p155/w_fuel?	0
G/1/clip/p155/w_gov?	0
G/1/clip/p160/Tt4	4652977278170290739
G/1/clip/p160/authority	15345845413248555367
G/1/clip/p160/b	4507673598367376780
G/1/clip/p160/b_cmd	0
G/1/clip/p160/branch	13126223303132988745
G/1/clip/p160/cap_fuel?	0
G/1/clip/p160/cap_gov?	0
G/1/clip/p160/f	4581836469265117536
G/1/clip/p160/g	4576497889604251576
G/1/clip/p160/g_fuel	4571425458571475196
G/1/clip/p160/g_gov	4576497889604251576
G/1/clip/p160/ic_iters	1
G/1/clip/p160/ic_order	16448961268219989400
G/1/clip/p160/ic_res	0
G/1/clip/p160/mdot_air	4604113748215445270
G/1/clip/p160/mf	4579301690791015534
G/1/clip/p160/mf_sched	4582403389825004051
G/1/clip/p160/nu_hp	4605746607752689727
G/1/clip/p160/nu_lp	4605498658204755360
G/1/clip/p160/phi_hp	4606622363600539018
G/1/clip/p160/phi_lp	4605479100364647204
G/1/clip/p160/pi_hpc	4616786955794859551
G/1/clip/p160/pi_lpc	4612415521139670453
G/1/clip/p160/required	4576464115239893983
G/1/clip/p160/required_fuel	4569120963226135944
G/1/clip/p160/required_gov	4576464115239893983
G/1/clip/p160/s	4605380978949069215
G/1/clip/p160/share_law	580772045163143161
G/1/clip/p160/sp_thrust	4648027574658404340
G/1/clip/p160/v	13734896218904252708
G/1/clip/p160/v_cmd	0
G/1/clip/p160/v_regime	9087740570393753374
G/1/clip/p160/v_regime?	1
G/1/clip/p160/w_fuel?	0
G/1/clip/p160/w_gov?	0
G/1/clip/p165/Tt4	4652977403169802364
G/1/clip/p165/authority	15345845413248555367
G/1/clip/p165/b	4504298589668935166
G/1/clip/p165/b_cmd	0
G/1/clip/p165/branch	13126223303132988745
G/1/clip/p165/cap_fuel?	0
G/1/clip/p165/cap_gov?	0
G/1/clip/p165/f	4581833508756889664
G/1/clip/p165/g	4576481035994009761
G/1/clip/p165/g_fuel	4571209217286203546
G/1/clip/p165/g_gov	4576481035994009761
G/1/clip/p165/ic_iters	1
G/1/clip/p165/ic_order	16448961268219989400
G/1/clip/p165/ic_res	0
G/1/clip/p165/mdot_air	4604128884003422749
G/1/clip/p165/mf	4579318544401257349
G/1/clip/p165/mf_sched	4582403389825004051
G/1/clip/p165/nu_hp	4605753963965839664
G/1/clip/p165/nu_lp	4605506984877771812
G/1/clip/p165/phi_hp	4606627954584721624
G/1/clip/p165/phi_lp	4605489399285531868
G/1/clip/p165/pi_hpc	4616793383950006544
G/1/clip/p165/pi_lpc	4612422265321073728
G/1/clip/p165/required	4576447444305380130
G/1/clip/p165/required_fuel	4568653455950866544
G/1/clip/p165/required_gov	4576447444305380130
G/1/clip/p165/s	4605606158930437740
G/1/clip/p165/share_law	580772045163143161
G/1/clip/p165/sp_thrust	4648031450258263172
G/1/clip/p165/v	13731778151779603261
G/1/clip/p165/v_cmd	0
G/1/clip/p165/v_regime	9087740570393753374
G/1/clip/p165/v_regime?	1
G/1/clip/p165/w_fuel?	0
G/1/clip/p165/w_gov?	0
G/1/clip/p170/Tt4	4652977626762474036
G/1/clip/p170/authority	15345845413248555367
G/1/clip/p170/b	4500903457608268674
G/1/clip/p170/b_cmd	0
G/1/clip/p170/branch	13126223303132988745
G/1/clip/p170/cap_fuel?	0
G/1/clip/p170/cap_gov?	0
G/1/clip/p170/f	4581830815042054712
G/1/clip/p170/g	4576464334906042222
G/1/clip/p170/g_fuel	4570827485030031163
G/1/clip/p170/g_gov	4576464334906042222
G/1/clip/p170/ic_iters	1
G/1/clip/p170/ic_order	16448961268219989400
G/1/clip/p170/ic_res	0
G/1/clip/p170/mdot_air	4604143665100662993
G/1/clip/p170/mf	4579335245489224888
G/1/clip/p170/mf_sched	4582403389825004051
G/1/clip/p170/nu_hp	4605761155390918954
G/1/clip/p170/nu_lp	4605515110501381143
G/1/clip/p170/phi_hp	4606633375279550755
G/1/clip/p170/phi_lp	4605499440459483441
G/1/clip/p170/pi_hpc	4616799698677071521
G/1/clip/p170/pi_lpc	4612428851087345668
G/1/clip/p170/required	4576431149991497069
G/1/clip/p170/required_fuel	4568192672027543832
G/1/clip/p170/required_gov	4576431149991497069
G/1/clip/p170/s	4605831338911806265
G/1/clip/p170/share_law	580772045163143161
G/1/clip/p170/sp_thrust	4648035305927747682
G/1/clip/p170/v	13728298631373147316
G/1/clip/p170/v_cmd	0
G/1/clip/p170/v_regime	9087740570393753374
G/1/clip/p170/v_regime?	1
G/1/clip/p170/w_fuel?	0
G/1/clip/p170/w_gov?	0
G/1/clip/p175/Tt4	4652977905013400574
G/1/clip/p175/authority	15345845413248555367
G/1/clip/p175/b	4497744497718920158
G/1/clip/p175/b_cmd	0
G/1/clip/p175/branch	13126223303132988745
G/1/clip/p175/cap_fuel?	0
G/1/clip/p175/cap_gov?	0
G/1/clip/p175/f	4581828300301122746
G/1/clip/p175/g	4576447872076371138
G/1/clip/p175/g_fuel	4570387081282718693
G/1/clip/p175/g_gov	4576447872076371138
G/1/clip/p175/ic_iters	1
G/1/clip/p175/ic_order	16448961268219989400
G/1/clip/p175/ic_res	0
G/1/clip/p175/mdot_air	4604158111697353901
G/1/clip/p175/mf	4579351708318895972
G/1/clip/p175/mf_sched	4582403389825004051
G/1/clip/p175/nu_hp	4605768186883329073
G/1/clip/p175/nu_lp	4605523041641772412
G/1/clip/p175/phi_hp	4606638648129881076
G/1/clip/p175/phi_lp	4605509243662322029
G/1/clip/p175/pi_hpc	4616805893342430909
G/1/clip/p175/pi_lpc	4612435280887764266
G/1/clip/p175/required	4576415221195404315
G/1/clip/p175/required_fuel	4567738533515177144
G/1/clip/p175/required_gov	4576415221195404315
G/1/clip/p175/s	4606056518893174790
G/1/clip/p175/share_law	580772045163143161
G/1/clip/p175/sp_thrust	4648039109297540334
G/1/clip/p175/v	13725037303199346560
G/1/clip/p175/v_cmd	0
G/1/clip/p175/v_regime	9087740570393753374
G/1/clip/p175/v_regime?	1
G/1/clip/p175/w_fuel?	0
G/1/clip/p175/w_gov?	0
G/1/clip/p180/Tt4	4652978212042867066
G/1/clip/p180/authority	15345845413248555367
G/1/clip/p180/b	4494732228700417616
G/1/clip/p180/b_cmd	0
G/1/clip/p180/branch	13126223303132988745
G/1/clip/p180/cap_fuel?	0
G/1/clip/p180/cap_gov?	0
G/1/clip/p180/f	4581825912211067077
G/1/clip/p180/g	4576431695550394732
G/1/clip/p180/g_fuel	4569945090415699785
G/1/clip/p180/g_gov	4576431695550394732
G/1/clip/p180/ic_iters	1
G/1/clip/p180/ic_order	16448961268219989400
G/1/clip/p180/ic_res	0
G/1/clip/p180/mdot_air	4604172237917065652
G/1/clip/p180/mf	4579367884844872378
G/1/clip/p180/mf_sched	4582403389825004051
G/1/clip/p180/nu_hp	4605775062502958593
G/1/clip/p180/nu_lp	4605530783875655724
G/1/clip/p180/phi_hp	4606643787322781869
G/1/clip/p180/phi_lp	4605518822108269254
G/1/clip/p180/pi_hpc	4616811964915750218
G/1/clip/p180/pi_lpc	4612441557572474034
G/1/clip/p180/required	4576399648612693436
G/1/clip/p180/required_fuel	4567290999835632752
G/1/clip/p180/required_gov	4576399648612693436
G/1/clip/p180/s	4606281698874543315
G/1/clip/p180/share_law	580772045163143161
G/1/clip/p180/sp_thrust	4648042842311533768
G/1/clip/p180/v	13722040655703058353
G/1/clip/p180/v_cmd	0
G/1/clip/p180/v_regime	9087740570393753374
G/1/clip/p180/v_regime?	1
G/1/clip/p180/w_fuel?	0
G/1/clip/p180/w_gov?	0
G/1/clip/p185/Tt4	4652978532636756157
G/1/clip/p185/authority	15345845413248555367
G/1/clip/p185/b	4491217960600026334
G/1/clip/p185/b_cmd	0
G/1/clip/p185/branch	13126223303132988745
G/1/clip/p185/cap_fuel?	0
G/1/clip/p185/cap_gov?	0
G/1/clip/p185/f	4581823619425028181
G/1/clip/p185/g	4576415831058655648
G/1/clip/p185/g_fuel	4569502768238181312
G/1/clip/p185/g_gov	4576415831058655648
G/1/clip/p185/ic_iters	1
G/1/clip/p185/ic_order	16448961268219989400
G/1/clip/p185/ic_res	0
G/1/clip/p185/mdot_air	4604186054280987187
G/1/clip/p185/mf	4579383749336611462
G/1/clip/p185/mf_sched	4582403389825004051
G/1/clip/p185/nu_hp	4605781785825159851
G/1/clip/p185/nu_lp	4605538342160903944
G/1/clip/p185/phi_hp	4606648802155695379
G/1/clip/p185/phi_lp	4605528185126208932
G/1/clip/p185/pi_hpc	4616817912496018285
G/1/clip/p185/pi_lpc	4612447684205535556
G/1/clip/p185/required	4576384424033507376
G/1/clip/p185/required_fuel	4566850050335585328
G/1/clip/p185/required_gov	4576384424033507376
G/1/clip/p185/s	4606506878855911840
G/1/clip/p185/share_law	580772045163143161
G/1/clip/p185/sp_thrust	4648046495344474110
G/1/clip/p185/v	13718664773607305981
G/1/clip/p185/v_cmd	0
G/1/clip/p185/v_regime	9087740570393753374
G/1/clip/p185/v_regime?	1
G/1/clip/p185/w_fuel?	0
G/1/clip/p185/w_gov?	0
G/1/clip/p190/Tt4	4652978857881570221
G/1/clip/p190/authority	15345845413248555367
G/1/clip/p190/b	4487914481323682262
G/1/clip/p190/b_cmd	0
G/1/clip/p190/branch	13126223303132988745
G/1/clip/p190/cap_fuel?	0
G/1/clip/p190/cap_gov?	0
G/1/clip/p190/f	4581821402996184267
G/1/clip/p190/g	4576400291132038988
G/1/clip/p190/g_fuel	4569061175456500358
G/1/clip/p190/g_gov	4576400291132038988
G/1/clip/p190/ic_iters	1
G/1/clip/p190/ic_order	16448961268219989400
G/1/clip/p190/ic_res	0
G/1/clip/p190/mdot_air	4604199569164353013
G/1/clip/p190/mf	4579399289263228122
G/1/clip/p190/mf_sched	4582403389825004051
G/1/clip/p190/nu_hp	4605788360124524325
G/1/clip/p190/nu_lp	4605545721056337070
G/1/clip/p190/phi_hp	4606653699025471943
G/1/clip/p190/phi_lp	4605537339739024403
G/1/clip/p190/pi_hpc	4616823736437925589
G/1/clip/p190/pi_lpc	4612453663953252538
G/1/clip/p190/required	4576369539926758597
G/1/clip/p190/required_fuel	4566181325784914928
G/1/clip/p190/required_gov	4576369539926758597
G/1/clip/p190/s	4606732058837280365
G/1/clip/p190/share_law	580772045163143161
G/1/clip/p190/sp_thrust	4648050063726160206
G/1/clip/p190/v	13715269928400001458
G/1/clip/p190/v_cmd	0
G/1/clip/p190/v_regime	9087740570393753374
G/1/clip/p190/v_regime?	1
G/1/clip/p190/w_fuel?	0
G/1/clip/p190/w_gov?	0
G/1/clip/p195/Tt4	4652979182585693929
G/1/clip/p195/authority	15345845413248555367
G/1/clip/p195/b	4484866701932168909
G/1/clip/p195/b_cmd	0
G/1/clip/p195/branch	13126223303132988745
G/1/clip/p195/cap_fuel?	0
G/1/clip/p195/cap_gov?	0
G/1/clip/p195/f	4581819251311610063
G/1/clip/p195/g	4576385080506045177
G/1/clip/p195/g_fuel	4568621208581217641
G/1/clip/p195/g_gov	4576385080506045177
G/1/clip/p195/ic_iters	1
G/1/clip/p195/ic_order	16448961268219989400
G/1/clip/p195/ic_res	0
G/1/clip/p195/mdot_air	4604212789656785327
G/1/clip/p195/mf	4579414499889221933
G/1/clip/p195/mf_sched	4582403389825004051
G/1/clip/p195/nu_hp	4605794788483398438
G/1/clip/p195/nu_lp	4605552924852229468
G/1/clip/p195/phi_hp	4606658482603005818
G/1/clip/p195/phi_lp	4605546291595339300
G/1/clip/p195/pi_hpc	4616829437833907447
G/1/clip/p195/pi_lpc	4612459500017550550
G/1/clip/p195/required	4576354989194836306
G/1/clip/p195/required_fuel	4565325704316022016
G/1/clip/p195/required_gov	4576354989194836306
G/1/clip/p195/s	4606957238818648890
G/1/clip/p195/share_law	580772045163143161
G/1/clip/p195/sp_thrust	4648053545687774058
G/1/clip/p195/v	13712111316481528295
G/1/clip/p195/v_cmd	0
G/1/clip/p195/v_regime	9087740570393753374
G/1/clip/p195/v_regime?	1
G/1/clip/p195/w_fuel?	0
G/1/clip/p195/w_gov?	0
G/1/clip/p20/Tt4	4652822943868539975
G/1/clip/p20/authority	9674992558986367437
G/1/clip/p20/b	4572230666070097167
G/1/clip/p20/b_cmd	4576989171889501166
G/1/clip/p20/branch	13126223303132988745
G/1/clip/p20/cap_fuel?	0
G/1/clip/p20/cap_gov?	0
G/1/clip/p20/f	4581718947818950012
G/1/clip/p20/g	4553912535423590119
G/1/clip/p20/g_fuel	4553912535423590119
G/1/clip/p20/g_gov	0
G/1/clip/p20/ic_iters	1
G/1/clip/p20/ic_order	16448961268219989400
G/1/clip/p20/ic_res	0
G/1/clip/p20/mdot_air	4603325509651894772
G/1/clip/p20/mf	4578085776533759071
G/1/clip/p20/mf_sched	4578250680026864982
G/1/clip/p20/nu_hp	4605318470404819689
G/1/clip/p20/nu_lp	4605016565118406106
G/1/clip/p20/phi_hp	4606354860275457644
G/1/clip/p20/phi_lp	4604988985531709606
G/1/clip/p20/pi_hpc	4616375625385944772
G/1/clip/p20/pi_lpc	4612044123779620734
G/1/clip/p20/required	4558717052211638096
G/1/clip/p20/required_fuel	4558717052211638096
G/1/clip/p20/required_gov	0
G/1/clip/p20/s	4591870180066957723
G/1/clip/p20/share_law	580772045163143161
G/1/clip/p20/sp_thrust	4647611609276339410
G/1/clip/p20/v	13799428640556764397
G/1/clip/p20/v_cmd	13804149012720961024
G/1/clip/p20/v_regime	10791139852042193048
G/1/clip/p20/v_regime?	1
G/1/clip/p20/w_fuel?	0
G/1/clip/p20/w_gov?	0
G/1/clip/p200/Tt4	4652979503755739167
G/1/clip/p200/authority	15345845413248555367
G/1/clip/p200/b	4481605365777227866
G/1/clip/p200/b_cmd	0
G/1/clip/p200/branch	13126223303132988745
G/1/clip/p200/cap_fuel?	0
G/1/clip/p200/cap_gov?	0
G/1/clip/p200/f	4581817157099163133
G/1/clip/p200/g	4576370199325337043
G/1/clip/p200/g_fuel	4568183625375517817
G/1/clip/p200/g_gov	4576370199325337043
G/1/clip/p200/ic_iters	1
G/1/clip/p200/ic_order	16448961268219989400
G/1/clip/p200/ic_res	0
G/1/clip/p200/mdot_air	4604225722070103948
G/1/clip/p200/mf	4579429381069930067
G/1/clip/p200/mf_sched	4582403389825004051
G/1/clip/p200/nu_hp	4605801073855879388
G/1/clip/p200/nu_lp	4605559957647982944
G/1/clip/p200/phi_hp	4606663156526942028
G/1/clip/p200/phi_lp	4605555045518941258
G/1/clip/p200/pi_hpc	4616835018206888378
G/1/clip/p200/pi_lpc	4612465195596314055
G/1/clip/p200/required	4576340765029171815
G/1/clip/p200/required_fuel	4564483199146267120
G/1/clip/p200/required_gov	4576340765029171815
G/1/clip/p200/s	4607182418800017411
G/1/clip/p200/share_law	580772045163143161
G/1/clip/p200/sp_thrust	4648056941148675546
G/1/clip/p200/v	13709098267936839272
G/1/clip/p200/v_cmd	0
G/1/clip/p200/v_regime	9087740570393753374
G/1/clip/p200/v_regime?	1
G/1/clip/p200/w_fuel?	0
G/1/clip/p200/w_gov?	0
G/1/clip/p205/Tt4	4652979819696188347
G/1/clip/p205/authority	15345845413248555367
G/1/clip/p205/b	4478172899789761923
G/1/clip/p205/b_cmd	0
G/1/clip/p205/branch	13126223303132988745
G/1/clip/p205/cap_fuel?	0
G/1/clip/p205/cap_gov?	0
G/1/clip/p205/f	4581815115658907243
G/1/clip/p205/g	4576355645044286827
G/1/clip/p205/g_fuel	4567749065985300415
G/1/clip/p205/g_gov	4576355645044286827
G/1/clip/p205/ic_iters	1
G/1/clip/p205/ic_order	16448961268219989400
G/1/clip/p205/ic_res	0
G/1/clip/p205/mdot_air	4604238372237672316
G/1/clip/p205/mf	4579443935350980283
G/1/clip/p205/mf_sched	4582403389825004051
G/1/clip/p205/nu_hp	4605807219105484025
G/1/clip/p205/nu_lp	4605566823398533518
G/1/clip/p205/phi_hp	4606667723813367738
G/1/clip/p205/phi_lp	4605563605832511036
G/1/clip/p205/pi_hpc	4616840479327856299
G/1/clip/p205/pi_lpc	4612470753859858647
G/1/clip/p205/required	4576326860825437295
G/1/clip/p205/required_fuel	4563653791332968576
G/1/clip/p205/required_gov	4576326860825437295
G/1/clip/p205/s	4607295008790701671
G/1/clip/p205/share_law	580772045163143161
G/1/clip/p205/sp_thrust	4648060250999939374
G/1/clip/p205/v	13705584255859342245
G/1/clip/p205/v_cmd	0
G/1/clip/p205/v_regime	9087740570393753374
G/1/clip/p205/v_regime?	1
G/1/clip/p205/w_fuel?	0
G/1/clip/p205/w_gov?	0
G/1/clip/p210/Tt4	4652980129477303058
G/1/clip/p210/authority	15345845413248555367
G/1/clip/p210/b	4474968651537398676
G/1/clip/p210/b_cmd	0
G/1/clip/p210/branch	13126223303132988745
G/1/clip/p210/cap_fuel?	0
G/1/clip/p210/cap_gov?	0
G/1/clip/p210/f	4581813123817964149
G/1/clip/p210/g	4576341413554456715
G/1/clip/p210/g_fuel	4567318070594265666
G/1/clip/p210/g_gov	4576341413554456715
G/1/clip/p210/ic_iters	1
G/1/clip/p210/ic_order	16448961268219989400
G/1/clip/p210/ic_res	0
G/1/clip/p210/mdot_air	4604250745690499440
G/1/clip/p210/mf	4579458166840810395
G/1/clip/p210/mf_sched	4582403389825004051
G/1/clip/p210/nu_hp	4605813227027258499
G/1/clip/p210/nu_lp	4605573525942256588
G/1/clip/p210/phi_hp	4606672187097769826
G/1/clip/p210/phi_lp	4605571976548131406
G/1/clip/p210/pi_hpc	4616845823107403083
G/1/clip/p210/pi_lpc	4612476177937066786
G/1/clip/p210/required	4576313270133972575
G/1/clip/p210/required_fuel	4562837455744861984
G/1/clip/p210/required_gov	4576313270133972575
G/1/clip/p210/s	4607407598781385931
G/1/clip/p210/share_law	580772045163143161
G/1/clip/p210/sp_thrust	4648063476681501119
G/1/clip/p210/v	13702281087154608744
G/1/clip/p210/v_cmd	0
G/1/clip/p210/v_regime	9087740570393753374
G/1/clip/p210/v_regime?	1
G/1/clip/p210/w_fuel?	0
G/1/clip/p210/w_gov?	0
G/1/clip/p215/Tt4	4652980432620641527
G/1/clip/p215/authority	15345845413248555367
G/1/clip/p215/b	4472041245517283080
G/1/clip/p215/b_cmd	0
G/1/clip/p215/branch	13126223303132988745
G/1/clip/p215/cap_fuel?	0
G/1/clip/p215/cap_gov?	0
G/1/clip/p215/f	4581811179312799482
G/1/clip/p215/g	4576327499853728396
G/1/clip/p215/g_fuel	4566891094244938187
G/1/clip/p215/g_gov	4576327499853728396
G/1/clip/p215/ic_iters	1
G/1/clip/p215/ic_order	16448961268219989400
G/1/clip/p215/ic_res	0
G/1/clip/p215/mdot_air	4604262847760507075
G/1/clip/p215/mf	4579472080541538714
G/1/clip/p215/mf_sched	4582403389825004051
G/1/clip/p215/nu_hp	4605819100360701553
G/1/clip/p215/nu_lp	4605580069017925186
G/1/clip/p215/phi_hp	4606676548777929883
G/1/clip/p215/phi_lp	4605580161479177801
G/1/clip/p215/pi_hpc	4616851051531104350
G/1/clip/p215/pi_lpc	4612481470907317586
G/1/clip/p215/required	4576299986630992721
G/1/clip/p215/required_fuel	4561921897328566688
G/1/clip/p215/required_gov	4576299986630992721
G/1/clip/p215/s	4607520188772070191
G/1/clip/p215/share_law	580772045163143161
G/1/clip/p215/sp_thrust	4648066619932853842
G/1/clip/p215/v	13699233684505673721
G/1/clip/p215/v_cmd	0
G/1/clip/p215/v_regime	9087740570393753374
G/1/clip/p215/v_regime?	1
G/1/clip/p215/w_fuel?	0
G/1/clip/p215/w_gov?	0
G/1/clip/p220/Tt4	4652980728913175708
G/1/clip/p220/authority	15345845413248555367
G/1/clip/p220/b	4468510248302162781
G/1/clip/p220/b_cmd	0
G/1/clip/p220/branch	13126223303132988745
G/1/clip/p220/cap_fuel?	0
G/1/clip/p220/cap_gov?	0
G/1/clip/p220/f	4581809280424081838
G/1/clip/p220/g	4576313898443638279
G/1/clip/p220/g_fuel	4566287016495560715
G/1/clip/p220/g_gov	4576313898443638279
G/1/clip/p220/ic_iters	1
G/1/clip/p220/ic_order	16448961268219989400
G/1/clip/p220/ic_res	0
G/1/clip/p220/mdot_air	4604274683640781199
G/1/clip/p220/mf	4579485681951628831
G/1/clip/p220/mf_sched	4582403389825004051
G/1/clip/p220/nu_hp	4605824841797273043
G/1/clip/p220/nu_lp	4605586456275192476
G/1/clip/p220/phi_hp	4606680811098313872
G/1/clip/p220/phi_lp	4605588164305832164
G/1/clip/p220/pi_hpc	4616856166620893886
G/1/clip/p220/pi_lpc	4612486635795897278
G/1/clip/p220/required	4576287004102026302
G/1/clip/p220/required_fuel	4560341304688064608
G/1/clip/p220/required_gov	4576287004102026302
G/1/clip/p220/s	4607632778762754451
G/1/clip/p220/share_law	580772045163143161
G/1/clip/p220/sp_thrust	4648069682646330561
G/1/clip/p220/v	13695971504370025751
G/1/clip/p220/v_cmd	0
G/1/clip/p220/v_regime	9087740570393753374
G/1/clip/p220/v_regime?	1
G/1/clip/p220/w_fuel?	0
G/1/clip/p220/w_gov?	0
G/1/clip/p225/Tt4	4652981018297414844
G/1/clip/p225/authority	15345845413248555367
G/1/clip/p225/b	4465166348172126995
G/1/clip/p225/b_cmd	0
G/1/clip/p225/branch	13126223303132988745
G/1/clip/p225/cap_fuel?	0
G/1/clip/p225/cap_gov?	0
G/1/clip/p225/f	4581807425760802986
G/1/clip/p225/g	4576300603565509483
G/1/clip/p225/g_fuel	4565451310071619666
G/1/clip/p225/g_gov	4576300603565509483
G/1/clip/p225/ic_iters	1
G/1/clip/p225/ic_order	16448961268219989400
G/1/clip/p225/ic_res	0
G/1/clip/p225/mdot_air	4604286258420444877
G/1/clip/p225/mf	4579498976829757627
G/1/clip/p225/mf_sched	4582403389825004051
G/1/clip/p225/nu_hp	4605830453984719385
G/1/clip/p225/nu_lp	4605592691281244446
G/1/clip/p225/phi_hp	4606684976199911823
G/1/clip/p225/phi_lp	4605595988613258078
G/1/clip/p225/pi_hpc	4616861170411861817
G/1/clip/p225/pi_lpc	4612491675571506380
G/1/clip/p225/required	4576274316432524886
G/1/clip/p225/required_fuel	4558786614621048832
G/1/clip/p225/required_gov	4576274316432524886
G/1/clip/p225/s	4607745368753438711
G/1/clip/p225/share_law	580772045163143161
G/1/clip/p225/sp_thrust	4648072666781022752
G/1/clip/p225/v	13692539315574509264
G/1/clip/p225/v_cmd	0
G/1/clip/p225/v_regime	9087740570393753374
G/1/clip/p225/v_regime?	1
G/1/clip/p225/w_fuel?	0
G/1/clip/p225/w_gov?	0
G/1/clip/p230/Tt4	4652981300806456070
G/1/clip/p230/authority	15345845413248555367
G/1/clip/p230/b	4462069535784293990
G/1/clip/p230/b_cmd	0
G/1/clip/p230/branch	13126223303132988745
G/1/clip/p230/cap_fuel?	0
G/1/clip/p230/cap_gov?	0
G/1/clip/p230/f	4581805614132612867
G/1/clip/p230/g	4576287609340942461
G/1/clip/p230/g_fuel	4564625581264128652
G/1/clip/p230/g_gov	4576287609340942461
G/1/clip/p230/ic_iters	1
G/1/clip/p230/ic_order	16448961268219989400
G/1/clip/p230/ic_res	0
G/1/clip/p230/mdot_air	4604297577104585110
G/1/clip/p230/mf	4579511971054324649
G/1/clip/p230/mf_sched	4582403389825004051
G/1/clip/p230/nu_hp	4605835939529536121
G/1/clip/p230/nu_lp	4605598777525188448
G/1/clip/p230/phi_hp	4606689046149677690
G/1/clip/p230/phi_lp	4605603637913679048
G/1/clip/p230/pi_hpc	4616866064938214866
G/1/clip/p230/pi_lpc	4612496593145035462
G/1/clip/p230/required	4576261917602652336
G/1/clip/p230/required_fuel	4556872607182398976
G/1/clip/p230/required_gov	4576261917602652336
G/1/clip/p230/s	4607857958744122971
G/1/clip/p230/share_law	580772045163143161
G/1/clip/p230/sp_thrust	4648075574312535014
G/1/clip/p230/v	13689335403573130252
G/1/clip/p230/v_cmd	0
G/1/clip/p230/v_regime	9087740570393753374
G/1/clip/p230/v_regime?	1
G/1/clip/p230/w_fuel?	0
G/1/clip/p230/w_gov?	0
G/1/clip/p235/Tt4	4652981576525594223
G/1/clip/p235/authority	15345845413248555367
G/1/clip/p235/b	4458918043605788829
G/1/clip/p235/b_cmd	0
G/1/clip/p235/branch	13126223303132988745
G/1/clip/p235/cap_fuel?	0
G/1/clip/p235/cap_gov?	0
G/1/clip/p235/f	4581803844474294423
G/1/clip/p235/g	4576274909855533997
G/1/clip/p235/g_fuel	4563810273056582310
G/1/clip/p235/g_gov	4576274909855533997
G/1/clip/p235/ic_iters	1
G/1/clip/p235/ic_order	16448961268219989400
G/1/clip/p235/ic_res	0
G/1/clip/p235/mdot_air	4604308644625402251
G/1/clip/p235/mf	4579524670539733113
G/1/clip/p235/mf_sched	4582403389825004051
G/1/clip/p235/nu_hp	4605841300998348169
G/1/clip/p235/nu_lp	4605604718421103780
G/1/clip/p235/phi_hp	4606693022957928079
G/1/clip/p235/phi_lp	4605611115658997069
G/1/clip/p235/pi_hpc	4616870852224688166
G/1/clip/p235/pi_lpc	4612501391369113220
G/1/clip/p235/required	4576249801684485875
G/1/clip/p235/required_fuel	4553866134418991040
G/1/clip/p235/required_gov	4576249801684485875
G/1/clip/p235/s	4607970548734807231
G/1/clip/p235/share_law	580772045163143161
G/1/clip/p235/sp_thrust	4648078407203913556
G/1/clip/p235/v	13686408405446261995
G/1/clip/p235/v_cmd	0
G/1/clip/p235/v_regime	9087740570393753374
G/1/clip/p235/v_regime?	1
G/1/clip/p235/w_fuel?	0
G/1/clip/p235/w_gov?	0
G/1/clip/p240/Tt4	4652981845569634268
G/1/clip/p240/authority	15345845413248555367
G/1/clip/p240/b	4455449501123073200
G/1/clip/p240/b_cmd	0
G/1/clip/p240/branch	13126223303132988745
G/1/clip/p240/cap_fuel?	0
G/1/clip/p240/cap_gov?	0
G/1/clip/p240/f	4581802115801057414
G/1/clip/p240/g	4576262499208871303
G/1/clip/p240/g_fuel	4563005750076148213
G/1/clip/p240/g_gov	4576262499208871303
G/1/clip/p240/ic_iters	1
G/1/clip/p240/ic_order	16448961268219989400
G/1/clip/p240/ic_res	0
G/1/clip/p240/mdot_air	4604319465848229526
G/1/clip/p240/mf	4579537081186395807
G/1/clip/p240/mf_sched	4582403389825004051
G/1/clip/p240/nu_hp	4605846540918668872
G/1/clip/p240/nu_lp	4605610517310301952
G/1/clip/p240/phi_hp	4606696908588638099
G/1/clip/p240/phi_lp	4605618425247870027
G/1/clip/p240/pi_hpc	4616875534281210254
G/1/clip/p240/pi_lpc	4612506073038128859
G/1/clip/p240/required	4576237962840585925
G/1/clip/p240/required_fuel	4548682185319094016
G/1/clip/p240/required_gov	4576237962840585925
G/1/clip/p240/s	4608083138725491491
G/1/clip/p240/share_law	580772045163143161
G/1/clip/p240/sp_thrust	4648081167389079162
G/1/clip/p240/v	13682876494466542100
G/1/clip/p240/v_cmd	0
G/1/clip/p240/v_regime	9087740570393753374
G/1/clip/p240/v_regime?	1
G/1/clip/p240/w_fuel?	0
G/1/clip/p240/w_gov?	0
G/1/clip/p245/Tt4	4652982108069488838
G/1/clip/p245/authority	15345845413248555367
G/1/clip/p245/b	4452201489849960928
G/1/clip/p245/b_cmd	0
G/1/clip/p245/branch	13126223303132988745
G/1/clip/p245/cap_fuel?	0
G/1/clip/p245/cap_gov?	0
G/1/clip/p245/f	4581800427182049572
G/1/clip/p245/g	4576250371544468092
G/1/clip/p245/g_fuel	4562215191086846873
G/1/clip/p245/g_gov	4576250371544468092
G/1/clip/p245/ic_iters	1
G/1/clip/p245/ic_order	16448961268219989400
G/1/clip/p245/ic_res	0
G/1/clip/p245/mdot_air	4604330045574577327
G/1/clip/p245/mf	4579549208850799018
G/1/clip/p245/mf_sched	4582403389825004051
G/1/clip/p245/nu_hp	4605851661779309857
G/1/clip/p245/nu_lp	4605616177463120272
G/1/clip/p245/phi_hp	4606700704965551391
G/1/clip/p245/phi_lp	4605625570029559864
G/1/clip/p245/pi_hpc	4616880113099517583
G/1/clip/p245/pi_lpc	4612510640888549405
G/1/clip/p245/required	4576226395323320532
G/1/clip/p245/required_fuel	0
G/1/clip/p245/required_gov	4576226395323320532
G/1/clip/p245/s	4608195728716175751
G/1/clip/p245/share_law	580772045163143161
G/1/clip/p245/sp_thrust	4648083856763638488
G/1/clip/p245/v	13679532894447857946
G/1/clip/p245/v_cmd	0
G/1/clip/p245/v_regime	9087740570393753374
G/1/clip/p245/v_regime?	1
G/1/clip/p245/w_fuel?	0
G/1/clip/p245/w_gov?	0
G/1/clip/p25/Tt4	4652965743890432464
G/1/clip/p25/authority	9674992558986367437
G/1/clip/p25/b	4575142540539230474
G/1/clip/p25/b_cmd	4578152873248315839
G/1/clip/p25/branch	13126223303132988745
G/1/clip/p25/cap_fuel?	0
G/1/clip/p25/cap_gov?	0
G/1/clip/p25/f	4581989384355134220
G/1/clip/p25/g	4556754949858639192
G/1/clip/p25/g_fuel	4556754949858639192
G/1/clip/p25/g_gov	4541887319930606144
G/1/clip/p25/ic_iters	1
G/1/clip/p25/ic_order	16448961268219989400
G/1/clip/p25/ic_res	0
G/1/clip/p25/mdot_air	4603326654601300178
G/1/clip/p25/mf	4578396655994373081
G/1/clip/p25/mf_sched	4578650384938574276
G/1/clip/p25/nu_hp	4605333161999288006
G/1/clip/p25/nu_lp	4605032556570975007
G/1/clip/p25/phi_hp	4606303332423922241
G/1/clip/p25/phi_lp	4604991907206231214
G/1/clip/p25/pi_hpc	4616415212741618719
G/1/clip/p25/pi_lpc	4612075928771812757
G/1/clip/p25/required	4559917828096046464
G/1/clip/p25/required_fuel	4559917828096046464
G/1/clip/p25/required_gov	4555134889870091200
G/1/clip/p25/s	4593671619917905921
G/1/clip/p25/share_law	580772045163143161
G/1/clip/p25/sp_thrust	4647790573937335699
G/1/clip/p25/v	13801975450435206358
G/1/clip/p25/v_cmd	13805157179501985380
G/1/clip/p25/v_regime	10791139852042193048
G/1/clip/p25/v_regime?	1
G/1/clip/p25/w_fuel?	0
G/1/clip/p25/w_gov?	0
G/1/clip/p250/Tt4	4652982364164266998
G/1/clip/p250/authority	15345845413248555367
G/1/clip/p250/b	4449220996578109140
G/1/clip/p250/b_cmd	0
G/1/clip/p250/branch	13126223303132988745
G/1/clip/p250/cap_fuel?	0
G/1/clip/p250/cap_gov?	0
G/1/clip/p250/f	4581798777724636091
G/1/clip/p250/g	4576238521067748722
G/1/clip/p250/g_fuel	4560880075506283995
G/1/clip/p250/g_gov	4576238521067748722
G/1/clip/p250/ic_iters	1
G/1/clip/p250/ic_order	16448961268219989400
G/1/clip/p250/ic_res	0
G/1/clip/p250/mdot_air	4604340388543474738
G/1/clip/p250/mf	4579561059327518388
G/1/clip/p250/mf_sched	4582403389825004051
G/1/clip/p250/nu_hp	4605856666030601770
G/1/clip/p250/nu_lp	4605621702080439744
G/1/clip/p250/phi_hp	4606704413975827316
G/1/clip/p250/phi_lp	4605632553305915144
G/1/clip/p250/pi_hpc	4616884590650945670
G/1/clip/p250/pi_lpc	4612515097599423485
G/1/clip/p250/required	4576215093474584004
G/1/clip/p250/required_fuel	0
G/1/clip/p250/required_gov	4576215093474584004
G/1/clip/p250/s	4608308318706860011
G/1/clip/p250/share_law	580772045163143161
G/1/clip/p250/sp_thrust	4648086477180042658
G/1/clip/p250/v	13676436446113662013
G/1/clip/p250/v_cmd	0
G/1/clip/p250/v_regime	9087740570393753374
G/1/clip/p250/v_regime?	1
G/1/clip/p250/w_fuel?	0
G/1/clip/p250/w_gov?	0
G/1/clip/p255/Tt4	4652982613996611053
G/1/clip/p255/authority	15345845413248555367
G/1/clip/p255/b	4445808925703748049
G/1/clip/p255/b_cmd	0
G/1/clip/p255/branch	13126223303132988745
G/1/clip/p255/cap_fuel?	0
G/1/clip/p255/cap_gov?	0
G/1/clip/p255/f	4581797166565043894
G/1/clip/p255/g	4576226942056889810
G/1/clip/p255/g_fuel	4559691713234886296
G/1/clip/p255/g_gov	4576226942056889810
G/1/clip/p255/ic_iters	1
G/1/clip/p255/ic_order	16448961268219989400
G/1/clip/p255/ic_res	0
G/1/clip/p255/mdot_air	4604350499431858085
G/1/clip/p255/mf	4579572638338377300
G/1/clip/p255/mf_sched	4582403389825004051
G/1/clip/p255/nu_hp	4605861556084519695
G/1/clip/p255/nu_lp	4605627094295039814
G/1/clip/p255/phi_hp	4606708037472243319
G/1/clip/p255/phi_lp	4605639378332291293
G/1/clip/p255/pi_hpc	4616888968884937908
G/1/clip/p255/pi_lpc	4612519445793005324
G/1/clip/p255/required	4576204051725699888
G/1/clip/p255/required_fuel	0
G/1/clip/p255/required_gov	4576204051725699888
G/1/clip/p255/s	4608420908697544271
G/1/clip/p255/share_law	580772045163143161
G/1/clip/p255/sp_thrust	4648089030445300740
G/1/clip/p255/v	13673284138380282921
G/1/clip/p255/v_cmd	0
G/1/clip/p255/v_regime	9087740570393753374
G/1/clip/p255/v_regime?	1
G/1/clip/p255/w_fuel?	0
G/1/clip/p255/w_gov?	0
G/1/clip/p260/Tt4	4652982857709955032
G/1/clip/p260/authority	15345845413248555367
G/1/clip/p260/b	4442425966121326482
G/1/clip/p260/b_cmd	0
G/1/clip/p260/branch	13126223303132988745
G/1/clip/p260/cap_fuel?	0
G/1/clip/p260/cap_gov?	0
G/1/clip/p260/f	4581795592862767434
G/1/clip/p260/g	4576215628869374152
G/1/clip/p260/g_fuel	4558685786287825200
G/1/clip/p260/g_gov	4576215628869374152
G/1/clip/p260/ic_iters	1
G/1/clip/p260/ic_order	16448961268219989400
G/1/clip/p260/ic_res	0
G/1/clip/p260/mdot_air	4604360382854447681
G/1/clip/p260/mf	4579583951525892958
G/1/clip/p260/mf_sched	4582403389825004051
G/1/clip/p260/nu_hp	4605866334314767877
G/1/clip/p260/nu_lp	4605632357172856059
G/1/clip/p260/phi_hp	4606711577274553003
G/1/clip/p260/phi_lp	4605646048317880830
G/1/clip/p260/pi_hpc	4616893249727999355
G/1/clip/p260/pi_lpc	4612523688035458396
G/1/clip/p260/required	4576193264597386806
G/1/clip/p260/required_fuel	0
G/1/clip/p260/required_gov	4576193264597386806
G/1/clip/p260/s	4608533498688228531
G/1/clip/p260/share_law	580772045163143161
G/1/clip/p260/sp_thrust	4648091518320188472
G/1/clip/p260/v	13669815863753507051
G/1/clip/p260/v_cmd	0
G/1/clip/p260/v_regime	9087740570393753374
G/1/clip/p260/v_regime?	1
G/1/clip/p260/w_fuel?	0
G/1/clip/p260/w_gov?	0
G/1/clip/p265/Tt4	4652983095446920376
G/1/clip/p265/authority	15345845413248555367
G/1/clip/p265/b	4439281772201186253
G/1/clip/p265/b_cmd	0
G/1/clip/p265/branch	13126223303132988745
G/1/clip/p265/cap_fuel?	0
G/1/clip/p265/cap_gov?	0
G/1/clip/p265/f	4581794055797196853
G/1/clip/p265/g	4576204575945952835
G/1/clip/p265/g_fuel	4557834287509061785
G/1/clip/p265/g_gov	4576204575945952835
G/1/clip/p265/ic_iters	1
G/1/clip/p265/ic_order	16448961268219989400
G/1/clip/p265/ic_res	0
G/1/clip/p265/mdot_air	4604370043363370819
G/1/clip/p265/mf	4579595004449314275
G/1/clip/p265/mf_sched	4582403389825004051
G/1/clip/p265/nu_hp	4605871003056855185
G/1/clip/p265/nu_lp	4605637493714179462
G/1/clip/p265/phi_hp	4606715035170354760
G/1/clip/p265/phi_lp	4605652566425730529
G/1/clip/p265/pi_hpc	4616897435082932947
G/1/clip/p265/pi_lpc	4612527826837613121
G/1/clip/p265/required	4576182726699718528
G/1/clip/p265/required_fuel	0
G/1/clip/p265/required_gov	4576182726699718528
G/1/clip/p265/s	4608646088678912791
G/1/clip/p265/share_law	580772045163143161
G/1/clip/p265/sp_thrust	4648093942519325666
G/1/clip/p265/v	13666568177406221646
G/1/clip/p265/v_cmd	0
G/1/clip/p265/v_regime	9087740570393753374
G/1/clip/p265/v_regime?	1
G/1/clip/p265/w_fuel?	0
G/1/clip/p265/w_gov?	0
G/1/clip/p270/Tt4	4652983327348384943
G/1/clip/p270/authority	15345845413248555367
G/1/clip/p270/b	4436236424380744007
G/1/clip/p270/b_cmd	0
G/1/clip/p270/branch	13126223303132988745
G/1/clip/p270/cap_fuel?	0
G/1/clip/p270/cap_gov?	0
G/1/clip/p270/f	4581792554565558639
G/1/clip/p270/g	4576193777813024234
G/1/clip/p270/g_fuel	4556584195806660348
G/1/clip/p270/g_gov	4576193777813024234
G/1/clip/p270/ic_iters	1
G/1/clip/p270/ic_order	16448961268219989400
G/1/clip/p270/ic_res	0
G/1/clip/p270/mdot_air	4604379485447681277
G/1/clip/p270/mf	4579605802582242876
G/1/clip/p270/mf_sched	4582403389825004051
G/1/clip/p270/nu_hp	4605875564608179030
G/1/clip/p270/nu_lp	4605642506854819703
G/1/clip/p270/phi_hp	4606718412915679595
G/1/clip/p270/phi_lp	4605658935772606878
G/1/clip/p270/pi_hpc	4616901526828261062
G/1/clip/p270/pi_lpc	4612531864655762410
G/1/clip/p270/required	4576172432732040274
G/1/clip/p270/required_fuel	0
G/1/clip/p270/required_gov	4576172432732040274
G/1/clip/p270/s	4608758678669597051
G/1/clip/p270/share_law	580772045163143161
G/1/clip/p270/sp_thrust	4648096304711752227
G/1/clip/p270/v	13663588078289500635
G/1/clip/p270/v_cmd	0
G/1/clip/p270/v_regime	9087740570393753374
G/1/clip/p270/v_regime?	1
G/1/clip/p270/w_fuel?	0
G/1/clip/p270/w_gov?	0
G/1/clip/p275/Tt4	4652983553552950726
G/1/clip/p275/authority	15345845413248555367
G/1/clip/p275/b	4432733020483195378
G/1/clip/p275/b_cmd	0
G/1/clip/p275/branch	13126223303132988745
G/1/clip/p275/cap_fuel?	0
G/1/clip/p275/cap_gov?	0
G/1/clip/p275/f	4581791088381630672
G/1/clip/p275/g	4576183229084030933
G/1/clip/p275/g_fuel	4555363944730559095
G/1/clip/p275/g_gov	4576183229084030933
G/1/clip/p275/ic_iters	1
G/1/clip/p275/ic_order	16448961268219989400
G/1/clip/p275/ic_res	0
G/1/clip/p275/mdot_air	4604388713532861744
G/1/clip/p275/mf	4579616351311236177
G/1/clip/p275/mf_sched	4582403389825004051
G/1/clip/p275/nu_hp	4605880021228127403
G/1/clip/p275/nu_lp	4605647399467245302
G/1/clip/p275/phi_hp	4606721712235421328
G/1/clip/p275/phi_lp	4605665159428803482
G/1/clip/p275/pi_hpc	4616905526817774062
G/1/clip/p275/pi_lpc	4612535803892484366
G/1/clip/p275/required	4576162377482821605
G/1/clip/p275/required_fuel	0
G/1/clip/p275/required_gov	4576162377482821605
G/1/clip/p275/s	4608871268660281311
G/1/clip/p275/share_law	580772045163143161
G/1/clip/p275/sp_thrust	4648098606521784042
G/1/clip/p275/v	13660175124426740982
G/1/clip/p275/v_cmd	0
G/1/clip/p275/v_regime	9087740570393753374
G/1/clip/p275/v_regime?	1
G/1/clip/p275/w_fuel?	0
G/1/clip/p275/w_gov?	0
G/1/clip/p280/Tt4	4652983774196647936
G/1/clip/p280/authority	15345845413248555367
G/1/clip/p280/b	4429442720157055143
G/1/clip/p280/b_cmd	0
G/1/clip/p280/branch	13126223303132988745
G/1/clip/p280/cap_fuel?	0
G/1/clip/p280/cap_gov?	0
G/1/clip/p280/f	4581789656474913756
G/1/clip/p280/g	4576172924460233852
G/1/clip/p280/g_fuel	4554331024493040245
G/1/clip/p280/g_gov	4576172924460233852
G/1/clip/p280/ic_iters	1
G/1/clip/p280/ic_order	16448961268219989400
G/1/clip/p280/ic_res	0
G/1/clip/p280/mdot_air	4604397731980357629
G/1/clip/p280/mf	4579626655935033258
G/1/clip/p280/mf_sched	4582403389825004051
G/1/clip/p280/nu_hp	4605884375138203947
G/1/clip/p280/nu_lp	4605652174361707812
G/1/clip/p280/phi_hp	4606724934823681188
G/1/clip/p280/phi_lp	4605671240417943476
G/1/clip/p280/pi_hpc	4616909436880170360
G/1/clip/p280/pi_lpc	4612539646897484691
G/1/clip/p280/required	4576152555829436846
G/1/clip/p280/required_fuel	0
G/1/clip/p280/required_gov	4576152555829436846
G/1/clip/p280/s	4608983858650965571
G/1/clip/p280/share_law	580772045163143161
G/1/clip/p280/sp_thrust	4648100849530019799
G/1/clip/p280/v	13656792454847720604
G/1/clip/p280/v_cmd	0
G/1/clip/p280/v_regime	9087740570393753374
G/1/clip/p280/v_regime?	1
G/1/clip/p280/w_fuel?	0
G/1/clip/p280/w_gov?	0
G/1/clip/p285/Tt4	4652983989412779306
G/1/clip/p285/authority	15345845413248555367
G/1/clip/p285/b	4426410927647505496
G/1/clip/p285/b_cmd	0
G/1/clip/p285/branch	13126223303132988745
G/1/clip/p285/cap_fuel?	0
G/1/clip/p285/cap_gov?	0
G/1/clip/p285/f	4581788258090071668
G/1/clip/p285/g	4576162858731079353
G/1/clip/p285/g_fuel	4553456676387169396
G/1/clip/p285/g_gov	4576162858731079353
G/1/clip/p285/ic_iters	1
G/1/clip/p285/ic_order	16448961268219989400
G/1/clip/p285/ic_res	0
G/1/clip/p285/mdot_air	4604406545087168768
G/1/clip/p285/mf	4579636721664187757
G/1/clip/p285/mf_sched	4582403389825004051
G/1/clip/p285/nu_hp	4605888628522178147
G/1/clip/p285/nu_lp	4605656834287353983
G/1/clip/p285/phi_hp	4606728082344068851
G/1/clip/p285/phi_lp	4605677181716806636
G/1/clip/p285/pi_hpc	4616913258818766285
G/1/clip/p285/pi_lpc	4612543395968453705
G/1/clip/p285/required	4576142962737870186
G/1/clip/p285/required_fuel	0
G/1/clip/p285/required_gov	4576142962737870186
G/1/clip/p285/s	4609096448641649831
G/1/clip/p285/share_law	580772045163143161
G/1/clip/p285/sp_thrust	4648103035274422872
G/1/clip/p285/v	13653648612719648189
G/1/clip/p285/v_cmd	0
G/1/clip/p285/v_regime	9087740570393753374
G/1/clip/p285/v_regime?	1
G/1/clip/p285/w_fuel?	0
G/1/clip/p285/w_gov?	0
G/1/clip/p290/Tt4	4652984199331847609
G/1/clip/p290/authority	15345845413248555367
G/1/clip/p290/b	4423113777595443898
G/1/clip/p290/b_cmd	0
G/1/clip/p290/branch	13126223303132988745
G/1/clip/p290/cap_fuel?	0
G/1/clip/p290/cap_gov?	0
G/1/clip/p290/f	4581786892486528653
G/1/clip/p290/g	4576153026774289888
G/1/clip/p290/g_fuel	4552293890114532888
G/1/clip/p290/g_gov	4576153026774289888
G/1/clip/p290/ic_iters	1
G/1/clip/p290/ic_order	16448961268219989400
G/1/clip/p290/ic_res	0
G/1/clip/p290/mdot_air	4604415157085512293
G/1/clip/p290/mf	4579646553620977222
G/1/clip/p290/mf_sched	4582403389825004051
G/1/clip/p290/nu_hp	4605892783526261166
G/1/clip/p290/nu_lp	4605661381933327828
G/1/clip/p290/phi_hp	4606731156429984323
G/1/clip/p290/phi_lp	4605682986255196979
G/1/clip/p290/pi_hpc	4616916994411261965
G/1/clip/p290/pi_lpc	4612547053351933988
G/1/clip/p290/required	4576133593262346059
G/1/clip/p290/required_fuel	0
G/1/clip/p290/required_gov	4576133593262346059
G/1/clip/p290/s	4609209038632334091
G/1/clip/p290/share_law	580772045163143161
G/1/clip/p290/sp_thrust	4648105165251433600
G/1/clip/p290/v	13650602476812763999
G/1/clip/p290/v_cmd	0
G/1/clip/p290/v_regime	9087740570393753374
G/1/clip/p290/v_regime?	1
G/1/clip/p290/w_fuel?	0
G/1/clip/p290/w_gov?	0
G/1/clip/p295/Tt4	4652984404081532715
G/1/clip/p295/authority	15345845413248555367
G/1/clip/p295/b	4419693074109038690
G/1/clip/p295/b_cmd	0
G/1/clip/p295/branch	13126223303132988745
G/1/clip/p295/cap_fuel?	0
G/1/clip/p295/cap_gov?	0
G/1/clip/p295/f	4581785558938158888
G/1/clip/p295/g	4576143423555758091
G/1/clip/p295/g_fuel	4551040894521720139
G/1/clip/p295/g_gov	4576143423555758091
G/1/clip/p295/ic_iters	1
G/1/clip/p295/ic_order	16448961268219989400
G/1/clip/p295/ic_res	0
G/1/clip/p295/mdot_air	4604423572142562497
G/1/clip/p295/mf	4579656156839509019
G/1/clip/p295/mf_sched	4582403389825004051
G/1/clip/p295/nu_hp	4605896842259306865
G/1/clip/p295/nu_lp	4605665819929863465
G/1/clip/p295/phi_hp	4606734158684894561
G/1/clip/p295/phi_lp	4605688656915858331
G/1/clip/p295/pi_hpc	4616920645409554545
G/1/clip/p295/pi_lpc	4612550621244195572
G/1/clip/p295/required	4576124442544887482
G/1/clip/p295/required_fuel	0
G/1/clip/p295/required_gov	4576124442544887482
G/1/clip/p295/s	4609321628623018351
G/1/clip/p295/share_law	580772045163143161
G/1/clip/p295/sp_thrust	4648107240917086108
G/1/clip/p295/v	13647099331749588466
G/1/clip/p295/v_cmd	0
G/1/clip/p295/v_regime	9087740570393753374
G/1/clip/p295/v_regime?	1
G/1/clip/p295/w_fuel?	0
G/1/clip/p295/w_gov?	0
G/1/clip/p30/Tt4	4653109791954528282
G/1/clip/p30/authority	9674992558986367437
G/1/clip/p30/b	4576683821911149946
G/1/clip/p30/b_cmd	4579060264073581653
G/1/clip/p30/branch	13126223303132988745
G/1/clip/p30/cap_fuel?	0
G/1/clip/p30/cap_gov?	0
G/1/clip/p30/f	4582262175072776130
G/1/clip/p30/g	4558481589891563900
G/1/clip/p30/g_fuel	4558481589891563900
G/1/clip/p30/g_gov	4554123356334208163
G/1/clip/p30/ic_iters	1
G/1/clip/p30/ic_order	16448961268219989400
G/1/clip/p30/ic_res	0
G/1/clip/p30/mdot_air	4603331771712781463
G/1/clip/p30/mf	4578716191936534041
G/1/clip/p30/mf_sched	4579050089850283569
G/1/clip/p30/nu_hp	4605350389218116515
G/1/clip/p30/nu_lp	4605050922862291755
G/1/clip/p30/phi_hp	4606255057596028158
G/1/clip/p30/phi_lp	4604995755729402263
G/1/clip/p30/pi_hpc	4616457253992942809
G/1/clip/p30/pi_lpc	4612108331396067107
G/1/clip/p30/required	4562052559118848560
G/1/clip/p30/required_fuel	4560884696608313792
G/1/clip/p30/required_gov	4562052559118848560
G/1/clip/p30/s	4594572339843380021
G/1/clip/p30/share_law	580772045163143161
G/1/clip/p30/sp_thrust	4647918983068744104
G/1/clip/p30/v	13803872441926963097
G/1/clip/p30/v_cmd	13805937271838089592
G/1/clip/p30/v_regime	10791139852042193048
G/1/clip/p30/v_regime?	1
G/1/clip/p30/w_fuel?	0
G/1/clip/p30/w_gov?	0
G/1/clip/p300/Tt4	4652984603786698096
G/1/clip/p300/authority	15345845413248555367
G/1/clip/p300/b	4416503094498194491
G/1/clip/p300/b_cmd	0
G/1/clip/p300/branch	13126223303132988745
G/1/clip/p300/cap_fuel?	0
G/1/clip/p300/cap_gov?	0
G/1/clip/p300/f	4581784256733029209
G/1/clip/p300/g	4576134044129294080
G/1/clip/p300/g_fuel	4549980256649165768
G/1/clip/p300/g_gov	4576134044129294080
G/1/clip/p300/ic_iters	1
G/1/clip/p300/ic_order	16448961268219989400
G/1/clip/p300/ic_res	0
G/1/clip/p300/mdot_air	4604431794360268703
G/1/clip/p300/mf	4579665536265973030
G/1/clip/p300/mf_sched	4582403389825004051
G/1/clip/p300/nu_hp	4605900806793037087
G/1/clip/p300/nu_lp	4605670150849368924
G/1/clip/p300/phi_hp	4606737090682612566
G/1/clip/p300/phi_lp	4605694196534440932
G/1/clip/p300/pi_hpc	4616924213539592531
G/1/clip/p300/pi_lpc	4612554101792116190
G/1/clip/p300/required	4576115505814806102
G/1/clip/p300/required_fuel	0
G/1/clip/p300/required_gov	4576115505814806102
G/1/clip/p300/s	4609434218613702611
G/1/clip/p300/share_law	580772045163143161
G/1/clip/p300/sp_thrust	4648109263688114486
G/1/clip/p300/v	13643809345405556582
G/1/clip/p300/v_cmd	0
G/1/clip/p300/v_regime	9087740570393753374
G/1/clip/p300/v_regime?	1
G/1/clip/p300/w_fuel?	0
G/1/clip/p300/w_gov?	0
G/1/clip/p305/Tt4	4652984798569414949
G/1/clip/p305/authority	15345845413248555367
G/1/clip/p305/b	4413560316023055988
G/1/clip/p305/b_cmd	0
G/1/clip/p305/branch	13126223303132988745
G/1/clip/p305/cap_fuel?	0
G/1/clip/p305/cap_gov?	0
G/1/clip/p305/f	4581782985173172456
G/1/clip/p305/g	4576124883636257707
G/1/clip/p305/g_fuel	4549082446071738796
G/1/clip/p305/g_gov	4576124883636257707
G/1/clip/p305/ic_iters	1
G/1/clip/p305/ic_order	16448961268219989400
G/1/clip/p305/ic_res	0
G/1/clip/p305/mdot_air	4604439827775250162
G/1/clip/p305/mf	4579674696759009403
G/1/clip/p305/mf_sched	4582403389825004051
G/1/clip/p305/nu_hp	4605904679162289950
G/1/clip/p305/nu_lp	4605674377207500792
G/1/clip/p305/phi_hp	4606739953967583023
G/1/clip/p305/phi_lp	4605699607899519016
G/1/clip/p305/pi_hpc	4616927700501267208
G/1/clip/p305/pi_lpc	4612557497094064481
G/1/clip/p305/required	4576106778388128059
G/1/clip/p305/required_fuel	0
G/1/clip/p305/required_gov	4576106778388128059
G/1/clip/p305/s	4609546808604386871
G/1/clip/p305/share_law	580772045163143161
G/1/clip/p305/sp_thrust	4648111234943039958
G/1/clip/p305/v	13640777933775730076
G/1/clip/p305/v_cmd	0
G/1/clip/p305/v_regime	9087740570393753374
G/1/clip/p305/v_regime?	1
G/1/clip/p305/w_fuel?	0
G/1/clip/p305/w_gov?	0
G/1/clip/p310/Tt4	4652984988548996798
G/1/clip/p310/authority	15345845413248555367
G/1/clip/p310/b	4410023224866372364
G/1/clip/p310/b_cmd	0
G/1/clip/p310/branch	13126223303132988745
G/1/clip/p310/cap_fuel?	0
G/1/clip/p310/cap_gov?	0
G/1/clip/p310/f	4581781743574378007
G/1/clip/p310/g	4576115937305096761
G/1/clip/p310/g_fuel	4548009308004186107
G/1/clip/p310/g_gov	4576115937305096761
G/1/clip/p310/ic_iters	1
G/1/clip/p310/ic_order	16448961268219989400
G/1/clip/p310/ic_res	0
G/1/clip/p310/mdot_air	4604447676358765132
G/1/clip/p310/mf	4579683643090170349
G/1/clip/p310/mf_sched	4582403389825004051
G/1/clip/p310/nu_hp	4605908461365289785
G/1/clip/p310/nu_lp	4605678501464229351
G/1/clip/p310/phi_hp	4606742750055176477
G/1/clip/p310/phi_lp	4605704893752658275
G/1/clip/p310/pi_hpc	4616931107968337836
G/1/clip/p310/pi_lpc	4612560809200784350
G/1/clip/p310/required	4576098255666960158
G/1/clip/p310/required_fuel	0
G/1/clip/p310/required_gov	4576098255666960158
G/1/clip/p310/s	4609659398595071131
G/1/clip/p310/share_law	580772045163143161
G/1/clip/p310/sp_thrust	4648113156023234223
G/1/clip/p310/v	13637479930474907975
G/1/clip/p310/v_cmd	0
G/1/clip/p310/v_regime	9087740570393753374
G/1/clip/p310/v_regime?	1
G/1/clip/p310/w_fuel?	0
G/1/clip/p310/w_gov?	0
G/1/clip/p315/Tt4	4652985173842040375
G/1/clip/p315/authority	15345845413248555367
G/1/clip/p315/b	4406692059810709509
G/1/clip/p315/b_cmd	0
G/1/clip/p315/branch	13126223303132988745
G/1/clip/p315/cap_fuel?	0
G/1/clip/p315/cap_gov?	0
G/1/clip/p315/f	4581780531265991883
G/1/clip/p315/g	4576107200450805559
G/1/clip/p315/g_fuel	4546722689220267986
G/1/clip/p315/g_gov	4576107200450805559
G/1/clip/p315/ic_iters	1
G/1/clip/p315/ic_order	16448961268219989400
G/1/clip/p315/ic_res	0
G/1/clip/p315/mdot_air	4604455344016750591
G/1/clip/p315/mf	4579692379944461551
G/1/clip/p315/mf_sched	4582403389825004051
G/1/clip/p315/nu_hp	4605912155363937310
G/1/clip/p315/nu_lp	4605682526024893810
G/1/clip/p315/phi_hp	4606745480431992878
G/1/clip/p315/phi_lp	4605710056788530692
G/1/clip/p315/pi_hpc	4616934437588387998
G/1/clip/p315/pi_lpc	4612564040116278733
G/1/clip/p315/required	4576089933138800869
G/1/clip/p315/required_fuel	0
G/1/clip/p315/required_gov	4576089933138800869
G/1/clip/p315/s	4609771988585755391
G/1/clip/p315/share_law	580772045163143161
G/1/clip/p315/sp_thrust	4648115028233956590
G/1/clip/p315/v	13634059507224396021
G/1/clip/p315/v_cmd	0
G/1/clip/p315/v_regime	9087740570393753374
G/1/clip/p315/v_regime?	1
G/1/clip/p315/w_fuel?	0
G/1/clip/p315/w_gov?	0
G/1/clip/p320/Tt4	4652985354562470178
G/1/clip/p320/authority	15345845413248555367
G/1/clip/p320/b	4403610695855995234
G/1/clip/p320/b_cmd	0
G/1/clip/p320/branch	13126223303132988745
G/1/clip/p320/cap_fuel?	0
G/1/clip/p320/cap_gov?	0
G/1/clip/p320/f	4581779347590721726
G/1/clip/p320/g	4576098668474314460
G/1/clip/p320/g_fuel	4545633589930860234
G/1/clip/p320/g_gov	4576098668474314460
G/1/clip/p320/ic_iters	1
G/1/clip/p320/ic_order	16448961268219989400
G/1/clip/p320/ic_res	0
G/1/clip/p320/mdot_air	4604462834589929083
G/1/clip/p320/mf	4579700911920952650
G/1/clip/p320/mf_sched	4582403389825004051
G/1/clip/p320/nu_hp	4605915763084118600
G/1/clip/p320/nu_lp	4605686453241247165
G/1/clip/p320/phi_hp	4606748146556174442
G/1/clip/p320/phi_lp	4605715099655074531
G/1/clip/p320/pi_hpc	4616937690982811088
G/1/clip/p320/pi_lpc	4612567191798691549
G/1/clip/p320/required	4576081806375800282
G/1/clip/p320/required_fuel	0
G/1/clip/p320/required_gov	4576081806375800282
G/1/clip/p320/s	4609884578576439651
G/1/clip/p320/share_law	580772045163143161
G/1/clip/p320/sp_thrust	4648116852845363782
G/1/clip/p320/v	13630869867557028210
G/1/clip/p320/v_cmd	0
G/1/clip/p320/v_regime	9087740570393753374
G/1/clip/p320/v_regime?	1
G/1/clip/p320/w_fuel?	0
G/1/clip/p320/w_gov?	0
G/1/clip/p325/Tt4	4652985530821585245
G/1/clip/p325/authority	15345845413248555367
G/1/clip/p325/b	4400424596016306108
G/1/clip/p325/b_cmd	0
G/1/clip/p325/branch	13126223303132988745
G/1/clip/p325/cap_fuel?	0
G/1/clip/p325/cap_gov?	0
G/1/clip/p325/f	4581778191904444334
G/1/clip/p325/g	4576090336861818342
G/1/clip/p325/g_fuel	4544711687284159909
G/1/clip/p325/g_gov	4576090336861818342
G/1/clip/p325/ic_iters	1
G/1/clip/p325/ic_order	16448961268219989400
G/1/clip/p325/ic_res	0
G/1/clip/p325/mdot_air	4604470151853978423
G/1/clip/p325/mf	4579709243533448768
G/1/clip/p325/mf_sched	4582403389825004051
G/1/clip/p325/nu_hp	4605919286416031458
G/1/clip/p325/nu_lp	4605690285412490250
G/1/clip/p325/phi_hp	4606750749857727524
G/1/clip/p325/phi_lp	4605720024953696289
G/1/clip/p325/pi_hpc	4616940869746822902
G/1/clip/p325/pi_lpc	4612570266161186382
G/1/clip/p325/required	4576073871033973481
G/1/clip/p325/required_fuel	0
G/1/clip/p325/required_gov	4576073871033973481
G/1/clip/p325/s	4609997168567123911
G/1/clip/p325/share_law	580772045163143161
G/1/clip/p325/sp_thrust	4648118631093492103
G/1/clip/p325/v	13627926327538724640
G/1/clip/p325/v_cmd	0
G/1/clip/p325/v_regime	9087740570393753374
G/1/clip/p325/v_regime?	1
G/1/clip/p325/w_fuel?	0
G/1/clip/p325/w_gov?	0
G/1/clip/p330/Tt4	4652985702728107139
G/1/clip/p330/authority	15345845413248555367
G/1/clip/p330/b	4396967419865771970
G/1/clip/p330/b_cmd	0
G/1/clip/p330/branch	13126223303132988745
G/1/clip/p330/cap_fuel?	0
G/1/clip/p330/cap_gov?	0
G/1/clip/p330/f	4581777063576014219
G/1/clip/p330/g	4576082201184050570
G/1/clip/p330/g_fuel	4543730603063617537
G/1/clip/p330/g_gov	4576082201184050570
G/1/clip/p330/ic_iters	1
G/1/clip/p330/ic_order	16448961268219989400
G/1/clip/p330/ic_res	0
G/1/clip/p330/mdot_air	4604477299519760480
G/1/clip/p330/mf	4579717379211216540
G/1/clip/p330/mf_sched	4582403389825004051
G/1/clip/p330/nu_hp	4605922727214527826
G/1/clip/p330/nu_lp	4605694024786294543
G/1/clip/p330/phi_hp	4606753291738852926
G/1/clip/p330/phi_lp	4605724835239512037
G/1/clip/p330/pi_hpc	4616943975449499689
G/1/clip/p330/pi_lpc	4612573265072820774
G/1/clip/p330/required	4576066122852371211
G/1/clip/p330/required_fuel	0
G/1/clip/p330/required_gov	4576066122852371211
G/1/clip/p330/s	4610109758557808171
G/1/clip/p330/share_law	580772045163143161
G/1/clip/p330/sp_thrust	4648120364181212088
G/1/clip/p330/v	13624389486498699830
G/1/clip/p330/v_cmd	0
G/1/clip/p330/v_regime	9087740570393753374
G/1/clip/p330/v_regime?	1
G/1/clip/p330/w_fuel?	0
G/1/clip/p330/w_gov?	0
G/1/clip/p335/Tt4	4652985870388228559
G/1/clip/p335/authority	15345845413248555367
G/1/clip/p335/b	4393733196656817711
G/1/clip/p335/b_cmd	0
G/1/clip/p335/branch	13126223303132988745
G/1/clip/p335/cap_fuel?	0
G/1/clip/p335/cap_gov?	0
G/1/clip/p335/f	4581775961987072448
G/1/clip/p335/g	4576074257095507919
G/1/clip/p335/g_fuel	4542409458835635938
G/1/clip/p335/g_gov	4576074257095507919
G/1/clip/p335/ic_iters	1
G/1/clip/p335/ic_order	16448961268219989400
G/1/clip/p335/ic_res	0
G/1/clip/p335/mdot_air	4604484281233605249
G/1/clip/p335/mf	4579725323299759191
G/1/clip/p335/mf_sched	4582403389825004051
G/1/clip/p335/nu_hp	4605926087299470919
G/1/clip/p335/nu_lp	4605697673559813329
G/1/clip/p335/phi_hp	4606755773574283906
G/1/clip/p335/phi_lp	4605729533021625272
G/1/clip/p335/pi_hpc	4616947009633840060
G/1/clip/p335/pi_lpc	4612576190359415196
G/1/clip/p335/required	4576058557652211817
G/1/clip/p335/required_fuel	0
G/1/clip/p335/required_gov	4576058557652211817
G/1/clip/p335/s	4610222348548492431
G/1/clip/p335/share_law	580772045163143161
G/1/clip/p335/sp_thrust	4648122053279156052
G/1/clip/p335/v	13621058624850018545
G/1/clip/p335/v_cmd	0
G/1/clip/p335/v_regime	9087740570393753374
G/1/clip/p335/v_regime?	1
G/1/clip/p335/w_fuel?	0
G/1/clip/p335/w_gov?	0
G/1/clip/p340/Tt4	4652986033905662228
G/1/clip/p340/authority	15345845413248555367
G/1/clip/p340/b	4390769429159841222
G/1/clip/p340/b_cmd	0
G/1/clip/p340/branch	13126223303132988745
G/1/clip/p340/cap_fuel?	0
G/1/clip/p340/cap_gov?	0
G/1/clip/p340/f	4581774886531855509
G/1/clip/p340/g	4576066500333631307
G/1/clip/p340/g_fuel	4541291134388733196
G/1/clip/p340/g_gov	4576066500333631307
G/1/clip/p340/ic_iters	1
G/1/clip/p340/ic_order	16448961268219989400
G/1/clip/p340/ic_res	0
G/1/clip/p340/mdot_air	4604491100577646172
G/1/clip/p340/mf	4579733080061635803
G/1/clip/p340/mf_sched	4582403389825004051
G/1/clip/p340/nu_hp	4605929368456105825
G/1/clip/p340/nu_lp	4605701233880680853
G/1/clip/p340/phi_hp	4606758196711631255
G/1/clip/p340/phi_lp	4605734120763438488
G/1/clip/p340/pi_hpc	4616949973816849209
G/1/clip/p340/pi_lpc	4612579043804415548
G/1/clip/p340/required	4576051171335977895
G/1/clip/p340/required_fuel	0
G/1/clip/p340/required_gov	4576051171335977895
G/1/clip/p340/s	4610334938539176691
G/1/clip/p340/share_law	580772045163143161
G/1/clip/p340/sp_thrust	4648123699526619056
G/1/clip/p340/v	13617977628946744355
G/1/clip/p340/v_cmd	0
G/1/clip/p340/v_regime	9087740570393753374
G/1/clip/p340/v_regime?	1
G/1/clip/p340/w_fuel?	0
G/1/clip/p340/w_gov?	0
G/1/clip/p35/Tt4	4653255742891806927
G/1/clip/p35/authority	9674992558986367437
G/1/clip/p35/b	4577772648673993764
G/1/clip/p35/b_cmd	4579749317165039674
G/1/clip/p35/branch	13126223303132988745
G/1/clip/p35/cap_fuel?	0
G/1/clip/p35/cap_gov?	0
G/1/clip/p35/f	4582538614286391043
G/1/clip/p35/g	4559595620732883705
G/1/clip/p35/g_fuel	4559595620732883705
G/1/clip/p35/g_gov	4559505379022540562
G/1/clip/p35/ic_iters	1
G/1/clip/p35/ic_order	16448961268219989400
G/1/clip/p35/ic_res	0
G/1/clip/p35/mdot_air	4603340645767969154
G/1/clip/p35/mf	4579046269920660846
G/1/clip/p35/mf_sched	4579449794761992862
G/1/clip/p35/nu_hp	4605370148728283845
G/1/clip/p35/nu_lp	4605071733883870468
G/1/clip/p35/phi_hp	4606209742219350694
G/1/clip/p35/phi_lp	4604999891605957404
G/1/clip/p35/pi_hpc	4616502019140193419
G/1/clip/p35/pi_lpc	4612141271684479737
G/1/clip/p35/required	4564898286357598008
G/1/clip/p35/required_fuel	4561643542231578016
G/1/clip/p35/required_gov	4564898286357598008
G/1/clip/p35/s	4595473059768854121
G/1/clip/p35/share_law	580772045163143161
G/1/clip/p35/sp_thrust	4648048951967297463
G/1/clip/p35/v	13804816090719484134
G/1/clip/p35/v_cmd	13806524331247447716
G/1/clip/p35/v_regime	10791139852042193048
G/1/clip/p35/v_regime?	1
G/1/clip/p35/w_fuel?	0
G/1/clip/p35/w_gov?	0
G/1/clip/p40/Tt4	4653296408551484833
G/1/clip/p40/authority	15345845413248555367
G/1/clip/p40/b	4578121545180226973
G/1/clip/p40/b_cmd	4577745079109489568
G/1/clip/p40/branch	13126223303132988745
G/1/clip/p40/cap_fuel?	0
G/1/clip/p40/cap_gov?	0
G/1/clip/p40/f	4582608838997947647
G/1/clip/p40/g	4563025717093910805
G/1/clip/p40/g_fuel	4560723513236849500
G/1/clip/p40/g_gov	4563025717093910805
G/1/clip/p40/ic_iters	1
G/1/clip/p40/ic_order	16448961268219989400
G/1/clip/p40/ic_res	0
G/1/clip/p40/mdot_air	4603372923811275633
G/1/clip/p40/mf	4579176637899331049
G/1/clip/p40/mf_sched	4579849499673702156
G/1/clip/p40/nu_hp	4605391442724250743
G/1/clip/p40/nu_lp	4605093980172246475
G/1/clip/p40/phi_hp	4606209974724713464
G/1/clip/p40/phi_lp	4605024650861885837
G/1/clip/p40/pi_hpc	4616528621249887171
G/1/clip/p40/pi_lpc	4612164209826860512
G/1/clip/p40/required	4567180850078818712
G/1/clip/p40/required_fuel	4562827498846379752
G/1/clip/p40/required_gov	4567180850078818712
G/1/clip/p40/s	4596373779694328221
G/1/clip/p40/share_law	580772045163143161
G/1/clip/p40/sp_thrust	4648094720405452403
G/1/clip/p40/v	13805117173055893710
G/1/clip/p40/v_cmd	13804794097383871514
G/1/clip/p40/v_regime	10791139852042193048
G/1/clip/p40/v_regime?	1
G/1/clip/p40/w_fuel?	0
G/1/clip/p40/w_gov?	0
G/1/clip/p45/Tt4	4653320302153526894
G/1/clip/p45/authority	15345845413248555367
G/1/clip/p45/b	4577592371249036668
G/1/clip/p45/b_cmd	4575985726833241601
G/1/clip/p45/branch	13126223303132988745
G/1/clip/p45/cap_fuel?	0
G/1/clip/p45/cap_gov?	0
G/1/clip/p45/f	4582647127722268171
G/1/clip/p45/g	4565477382743070087
G/1/clip/p45/g_fuel	4562345084290056898
G/1/clip/p45/g_gov	4565477382743070087
G/1/clip/p45/ic_iters	1
G/1/clip/p45/ic_order	16448961268219989400
G/1/clip/p45/ic_res	0
G/1/clip/p45/mdot_air	4603404531153745330
G/1/clip/p45/mf	4579269884604895431
G/1/clip/p45/mf_sched	4580205012810602940
G/1/clip/p45/nu_hp	4605412944420028569
G/1/clip/p45/nu_lp	4605116528793867908
G/1/clip/p45/phi_hp	4606217633201346175
G/1/clip/p45/phi_lp	4605037540443505451
G/1/clip/p45/pi_hpc	4616554290356131771
G/1/clip/p45/pi_lpc	4612179384753757036
G/1/clip/p45/required	4568609764876384764
G/1/clip/p45/required_fuel	4564620842494536936
G/1/clip/p45/required_gov	4568609764876384764
G/1/clip/p45/s	4597274499619802321
G/1/clip/p45/share_law	580772045163143161
G/1/clip/p45/sp_thrust	4648125588767010748
G/1/clip/p45/v	13804665005364289767
G/1/clip/p45/v_cmd	13803059588204336600
G/1/clip/p45/v_regime	10791139852042193048
G/1/clip/p45/v_regime?	1
G/1/clip/p45/w_fuel?	0
G/1/clip/p45/w_gov?	0
G/1/clip/p5/Tt4	4652317262035967136
G/1/clip/p5/authority	9087740570393753374
G/1/clip/p5/b	0
G/1/clip/p5/b_cmd	0
G/1/clip/p5/branch	13126223303132988745
G/1/clip/p5/cap_fuel?	0
G/1/clip/p5/cap_gov?	0
G/1/clip/p5/f	4580754474549829554
G/1/clip/p5/g	0
G/1/clip/p5/g_fuel	0
G/1/clip/p5/g_gov	0
G/1/clip/p5/ic_iters	1
G/1/clip/p5/ic_order	16448961268219989400
G/1/clip/p5/ic_res	0
G/1/clip/p5/mdot_air	4603386256835380957
G/1/clip/p5/mf	4577051565291737103
G/1/clip/p5/mf_sched	4577051565291737103
G/1/clip/p5/nu_hp	4605291046589343417
G/1/clip/p5/nu_lp	4604984770582242466
G/1/clip/p5/phi_hp	4606570813153751528
G/1/clip/p5/phi_lp	4605068016286362230
G/1/clip/p5/pi_hpc	4616245633002167720
G/1/clip/p5/pi_lpc	4611969019954685709
G/1/clip/p5/required	0
G/1/clip/p5/required_fuel	0
G/1/clip/p5/required_gov	0
G/1/clip/p5/s	4582862980812216730
G/1/clip/p5/share_law	580772045163143161
G/1/clip/p5/sp_thrust	4646728429926278002
G/1/clip/p5/v	0
G/1/clip/p5/v_cmd	0
G/1/clip/p5/v_regime	9087740570393753374
G/1/clip/p5/v_regime?	1
G/1/clip/p5/w_fuel?	0
G/1/clip/p5/w_gov?	0
G/1/clip/p50/Tt4	4653334839286097668
G/1/clip/p50/authority	15345845413248555367
G/1/clip/p50/b	4576609997737250603
G/1/clip/p50/b_cmd	4573051496993105377
G/1/clip/p50/branch	13126223303132988745
G/1/clip/p50/cap_fuel?	0
G/1/clip/p50/cap_gov?	0
G/1/clip/p50/f	4582667556915519475
G/1/clip/p50/g	4567372167199506364
G/1/clip/p50/g_fuel	4563710572921007345
G/1/clip/p50/g_gov	4567372167199506364
G/1/clip/p50/ic_iters	1
G/1/clip/p50/ic_order	16448961268219989400
G/1/clip/p50/ic_res	0
G/1/clip/p50/mdot_air	4603435924791380036
G/1/clip/p50/mf	4579342473328822263
G/1/clip/p50/mf_sched	4580404865266457587
G/1/clip/p50/nu_hp	4605434410632065880
G/1/clip/p50/nu_lp	4605139382586944407
G/1/clip/p50/phi_hp	4606229245446315838
G/1/clip/p50/phi_lp	4605044244857193849
G/1/clip/p50/pi_hpc	4616579140851300612
G/1/clip/p50/pi_lpc	4612190680940342604
G/1/clip/p50/required	4570050416939105044
G/1/clip/p50/required_fuel	4566764614148106788
G/1/clip/p50/required_gov	4570050416939105044
G/1/clip/p50/s	4598175219545276418
G/1/clip/p50/share_law	580772045163143161
G/1/clip/p50/sp_thrust	4648148174292946687
G/1/clip/p50/v	13803831345367977032
G/1/clip/p50/v_cmd	13800315005434646691
G/1/clip/p50/v_regime	10791139852042193048
G/1/clip/p50/v_regime?	1
G/1/clip/p50/w_fuel?	0
G/1/clip/p50/w_gov?	0
G/1/clip/p55/Tt4	4653343255800795048
G/1/clip/p55/authority	15345845413248555367
G/1/clip/p55/b	4575115412769645951
G/1/clip/p55/b_cmd	4568666327783200475
G/1/clip/p55/branch	13126223303132988745
G/1/clip/p55/cap_fuel?	0
G/1/clip/p55/cap_gov?	0
G/1/clip/p55/f	4582676260102169176
G/1/clip/p55/g	4568734194135582280
G/1/clip/p55/g_fuel	4565488604865503651
G/1/clip/p55/g_gov	4568734194135582280
G/1/clip/p55/ic_iters	1
G/1/clip/p55/ic_order	16448961268219989400
G/1/clip/p55/ic_res	0
G/1/clip/p55/mdot_air	4603467384938695936
G/1/clip/p55/mf	4579401671506512578
G/1/clip/p55/mf_sched	4580604717722312234
G/1/clip/p55/nu_hp	4605455684522245040
G/1/clip/p55/nu_lp	4605162500179944973
G/1/clip/p55/phi_hp	4606243251723185896
G/1/clip/p55/phi_lp	4605047732837366032
G/1/clip/p55/pi_hpc	4616603086263275418
G/1/clip/p55/pi_lpc	4612199996781485328
G/1/clip/p55/required	4571325724045596624
G/1/clip/p55/required_fuel	4568026702596556988
G/1/clip/p55/required_gov	4571325724045596624
G/1/clip/p55/s	4598625579508013468
G/1/clip/p55/share_law	580772045163143161
G/1/clip/p55/sp_thrust	4648165380194978885
G/1/clip/p55/v	13802068270777324643
G/1/clip/p55/v_cmd	13796369965411769596
G/1/clip/p55/v_regime	10791139852042193048
G/1/clip/p55/v_regime?	1
G/1/clip/p55/w_fuel?	0
G/1/clip/p55/w_gov?	0
G/1/clip/p60/Tt4	4653347750355526170
G/1/clip/p60/authority	15345845413248555367
G/1/clip/p60/b	4572412471281547528
G/1/clip/p60/b_cmd	4550456161118440124
G/1/clip/p60/branch	13126223303132988745
G/1/clip/p60/cap_fuel?	0
G/1/clip/p60/cap_gov?	0
G/1/clip/p60/f	4582677449200867413
G/1/clip/p60/g	4570130776206999205
G/1/clip/p60/g_fuel	4567123296442064990
G/1/clip/p60/g_gov	4570130776206999205
G/1/clip/p60/ic_iters	1
G/1/clip/p60/ic_order	16448961268219989400
G/1/clip/p60/ic_res	0
G/1/clip/p60/mdot_air	4603498923282876717
G/1/clip/p60/mf	4579452230900367639
G/1/clip/p60/mf_sched	4580804570178166880
G/1/clip/p60/nu_hp	4605476667562633076
G/1/clip/p60/nu_lp	4605185833229126618
G/1/clip/p60/phi_hp	4606258622167470056
G/1/clip/p60/phi_lp	4605049444107243017
G/1/clip/p60/pi_hpc	4616626156845105535
G/1/clip/p60/pi_lpc	4612208352614631323
G/1/clip/p60/required	4572051544091598850
G/1/clip/p60/required_fuel	4569368075861284064
G/1/clip/p60/required_gov	4572051544091598850
G/1/clip/p60/s	4599075939470750518
G/1/clip/p60/share_law	580772045163143161
G/1/clip/p60/sp_thrust	4648179112774591322
G/1/clip/p60/v	13799808535476436150
G/1/clip/p60/v_cmd	13786199221919400868
G/1/clip/p60/v_regime	10791139852042193048
G/1/clip/p60/v_regime?	1
G/1/clip/p60/w_fuel?	0
G/1/clip/p60/w_gov?	0
G/1/clip/p65/Tt4	4653349212473004199
G/1/clip/p65/authority	15345845413248555367
G/1/clip/p65/b	4569140625057260792
G/1/clip/p65/b_cmd	0
G/1/clip/p65/branch	13126223303132988745
G/1/clip/p65/cap_fuel?	0
G/1/clip/p65/cap_gov?	0
G/1/clip/p65/f	4582672639772585258
G/1/clip/p65/g	4571351409383304499
G/1/clip/p65/g_fuel	4568284451828773596
G/1/clip/p65/g_gov	4571351409383304499
G/1/clip/p65/ic_iters	1
G/1/clip/p65/ic_order	16448961268219989400
G/1/clip/p65/ic_res	0
G/1/clip/p65/mdot_air	4603531525050646079
G/1/clip/p65/mf	4579497330617437844
G/1/clip/p65/mf_sched	4581004422634021527
G/1/clip/p65/nu_hp	4605497297765671679
G/1/clip/p65/nu_lp	4605209308504039705
G/1/clip/p65/phi_hp	4606274853705180368
G/1/clip/p65/phi_lp	4605054873279366897
G/1/clip/p65/pi_hpc	4616647933391455043
G/1/clip/p65/pi_lpc	4612217509619317942
G/1/clip/p65/required	4572776616799022174
G/1/clip/p65/required_fuel	4570630067214323888
G/1/clip/p65/required_gov	4572776616799022174
G/1/clip/p65/s	4599526299433487568
G/1/clip/p65/share_law	580772045163143161
G/1/clip/p65/sp_thrust	4648190445713262604
G/1/clip/p65/v	13796483788421174000
G/1/clip/p65/v_cmd	0
G/1/clip/p65/v_regime	9087740570393753374
G/1/clip/p65/v_regime?	1
G/1/clip/p65/w_fuel?	0
G/1/clip/p65/w_gov?	0
G/1/clip/p70/Tt4	4653347902565573120
G/1/clip/p70/authority	15345845413248555367
G/1/clip/p70/b	4566127223292226890
G/1/clip/p70/b_cmd	0
G/1/clip/p70/branch	13126223303132988745
G/1/clip/p70/cap_fuel?	0
G/1/clip/p70/cap_gov?	0
G/1/clip/p70/f	4582661918190183114
G/1/clip/p70/g	4572065653430942394
G/1/clip/p70/g_fuel	4569431104815159436
G/1/clip/p70/g_gov	4572065653430942394
G/1/clip/p70/ic_iters	1
G/1/clip/p70/ic_order	16448961268219989400
G/1/clip/p70/ic_res	0
G/1/clip/p70/mdot_air	4603567101801024648
G/1/clip/p70/mf	4579539913505328191
G/1/clip/p70/mf_sched	4581204275089876174
G/1/clip/p70/nu_hp	4605517523527651103
G/1/clip/p70/nu_lp	4605232688675298691
G/1/clip/p70/phi_hp	4606291640563183689
G/1/clip/p70/phi_lp	4605069372536133909
G/1/clip/p70/pi_hpc	4616667490790076987
G/1/clip/p70/pi_lpc	4612230283433462068
G/1/clip/p70/required	4573496314349606352
G/1/clip/p70/required_fuel	4571402228528330238
G/1/clip/p70/required_gov	4573496314349606352
G/1/clip/p70/s	4599976659396224618
G/1/clip/p70/share_law	580772045163143161
G/1/clip/p70/sp_thrust	4648200174400753980
G/1/clip/p70/v	13793356936938458692
G/1/clip/p70/v_cmd	0
G/1/clip/p70/v_regime	9087740570393753374
G/1/clip/p70/v_regime?	1
G/1/clip/p70/w_fuel?	0
G/1/clip/p70/w_gov?	0
G/1/clip/p75/Tt4	4653345493803963947
G/1/clip/p75/authority	15345845413248555367
G/1/clip/p75/b	4562788874197503157
G/1/clip/p75/b_cmd	0
G/1/clip/p75/branch	13126223303132988745
G/1/clip/p75/cap_fuel?	0
G/1/clip/p75/cap_gov?	0
G/1/clip/p75/f	4582648821737123726
G/1/clip/p75/g	4572781385965193091
G/1/clip/p75/g_fuel	4570493363735350316
G/1/clip/p75/g_gov	4572781385965193091
G/1/clip/p75/ic_iters	1
G/1/clip/p75/ic_order	16448961268219989400
G/1/clip/p75/ic_res	0
G/1/clip/p75/mdot_air	4603604151836044348
G/1/clip/p75/mf	4579581752149912134
G/1/clip/p75/mf_sched	4581404127545730820
G/1/clip/p75/nu_hp	4605537318359955924
G/1/clip/p75/nu_lp	4605255768329576039
G/1/clip/p75/phi_hp	4606308366181849325
G/1/clip/p75/phi_lp	4605089104737763581
G/1/clip/p75/pi_hpc	4616685606520946149
G/1/clip/p75/pi_lpc	4612245245782211109
G/1/clip/p75/required	4574213280954256686
G/1/clip/p75/required_fuel	4571836461274253406
G/1/clip/p75/required_gov	4574213280954256686
G/1/clip/p75/s	4600427019358961668
G/1/clip/p75/share_law	580772045163143161
G/1/clip/p75/sp_thrust	4648209254745822672
G/1/clip/p75/v	13790272738498416840
G/1/clip/p75/v_cmd	0
G/1/clip/p75/v_regime	9087740570393753374
G/1/clip/p75/v_regime?	1
G/1/clip/p75/w_fuel?	0
G/1/clip/p75/w_gov?	0
G/1/clip/p80/Tt4	4653342814037781469
G/1/clip/p80/authority	15345845413248555367
G/1/clip/p80/b	4559381701876985406
G/1/clip/p80/b_cmd	0
G/1/clip/p80/branch	13126223303132988745
G/1/clip/p80/cap_fuel?	0
G/1/clip/p80/cap_gov?	0
G/1/clip/p80/f	4582635147131288434
G/1/clip/p80/g	4573497363886470555
G/1/clip/p80/g_fuel	4571305798893094091
G/1/clip/p80/g_gov	4573497363886470555
G/1/clip/p80/ic_iters	1
G/1/clip/p80/ic_order	16448961268219989400
G/1/clip/p80/ic_res	0
G/1/clip/p80/mdot_air	4603641714639274059
G/1/clip/p80/mf	4579623468100982696
G/1/clip/p80/mf_sched	4581603980001585467
G/1/clip/p80/nu_hp	4605556677951701919
G/1/clip/p80/nu_lp	4605278437950127685
G/1/clip/p80/phi_hp	4606324751537913141
G/1/clip/p80/phi_lp	4605111674963715782
G/1/clip/p80/pi_hpc	4616702779711904078
G/1/clip/p80/pi_lpc	4612261380357086578
G/1/clip/p80/required	4574929329779592032
G/1/clip/p80/required_fuel	4572223952090366116
G/1/clip/p80/required_gov	4574929329779592032
G/1/clip/p80/s	4600877379321698718
G/1/clip/p80/share_law	580772045163143161
G/1/clip/p80/sp_thrust	4648218099900311751
G/1/clip/p80/v	13786782094464803496
G/1/clip/p80/v_cmd	0
G/1/clip/p80/v_regime	9087740570393753374
G/1/clip/p80/v_regime?	1
G/1/clip/p80/w_fuel?	0
G/1/clip/p80/w_gov?	0
G/1/clip/p85/Tt4	4653340211899402885
G/1/clip/p85/authority	15345845413248555367
G/1/clip/p85/b	4556208136407520321
G/1/clip/p85/b_cmd	0
G/1/clip/p85/branch	13126223303132988745
G/1/clip/p85/cap_fuel?	0
G/1/clip/p85/cap_gov?	0
G/1/clip/p85/f	4582621678106465663
G/1/clip/p85/g	4574213376422097086
G/1/clip/p85/g_fuel	4571744234666277765
G/1/clip/p85/g_gov	4574213376422097086
G/1/clip/p85/ic_iters	1
G/1/clip/p85/ic_order	16448961268219989400
G/1/clip/p85/ic_res	0
G/1/clip/p85/mdot_air	4603679251286648167
G/1/clip/p85/mf	4579665166744878725
G/1/clip/p85/mf_sched	4581803832457440114
G/1/clip/p85/nu_hp	4605575607560684131
G/1/clip/p85/nu_lp	4605300641705171278
G/1/clip/p85/phi_hp	4606340696179036804
G/1/clip/p85/phi_lp	4605135687162377745
G/1/clip/p85/pi_hpc	4616719290544764779
G/1/clip/p85/pi_lpc	4612278069857311556
G/1/clip/p85/required	4575645534132195458
G/1/clip/p85/required_fuel	4572582778603505752
G/1/clip/p85/required_gov	4575645534132195458
G/1/clip/p85/s	4601327739284435768
G/1/clip/p85/share_law	580772045163143161
G/1/clip/p85/sp_thrust	4648226849736313976
G/1/clip/p85/v	13783507272643054831
G/1/clip/p85/v_cmd	0
G/1/clip/p85/v_regime	9087740570393753374
G/1/clip/p85/v_regime?	1
G/1/clip/p85/w_fuel?	0
G/1/clip/p85/w_gov?	0
G/1/clip/p90/Tt4	4653337808694838614
G/1/clip/p90/authority	15345845413248555367
G/1/clip/p90/b	4553228586886470022
G/1/clip/p90/b_cmd	0
G/1/clip/p90/branch	13126223303132988745
G/1/clip/p90/cap_fuel?	0
G/1/clip/p90/cap_gov?	0
G/1/clip/p90/f	4582608709993823788
G/1/clip/p90/g	4574929617155867861
G/1/clip/p90/g_fuel	4572147343131504277
G/1/clip/p90/g_gov	4574929617155867861
G/1/clip/p90/ic_iters	1
G/1/clip/p90/ic_order	16448961268219989400
G/1/clip/p90/ic_res	0
G/1/clip/p90/mdot_air	4603716460157957134
G/1/clip/p90/mf	4579706751289702630
G/1/clip/p90/mf_sched	4582003684913294760
G/1/clip/p90/nu_hp	4605594115925052070
G/1/clip/p90/nu_lp	4605322353553176046
G/1/clip/p90/phi_hp	4606356180414825507
G/1/clip/p90/phi_lp	4605160325528079879
G/1/clip/p90/pi_hpc	4616735296371211906
G/1/clip/p90/pi_lpc	4612294938877009928
G/1/clip/p90/required	4576009874900268874
G/1/clip/p90/required_fuel	4572924148637100792
G/1/clip/p90/required_gov	4576009874900268874
G/1/clip/p90/s	4601778099247172818
G/1/clip/p90/share_law	580772045163143161
G/1/clip/p90/sp_thrust	4648235525531448240
G/1/clip/p90/v	13780494256516969373
G/1/clip/p90/v_cmd	0
G/1/clip/p90/v_regime	9087740570393753374
G/1/clip/p90/v_regime?	1
G/1/clip/p90/w_fuel?	0
G/1/clip/p90/w_gov?	0
G/1/clip/p95/Tt4	4653335624760630384
G/1/clip/p95/authority	15345845413248555367
G/1/clip/p95/b	4549703572591041847
G/1/clip/p95/b_cmd	0
G/1/clip/p95/branch	13126223303132988745
G/1/clip/p95/cap_fuel?	0
G/1/clip/p95/cap_gov?	0
G/1/clip/p95/f	4582596315182478517
G/1/clip/p95/g	4575646392957399514
G/1/clip/p95/g_fuel	4572523755373235291
G/1/clip/p95/g_gov	4575646392957399514
G/1/clip/p95/ic_iters	1
G/1/clip/p95/ic_order	16448961268219989400
G/1/clip/p95/ic_res	0
G/1/clip/p95/mdot_air	4603753173584147530
G/1/clip/p95/mf	4579748068300646097
G/1/clip/p95/mf_sched	4582203537369149407
G/1/clip/p95/nu_hp	4605612212535162042
G/1/clip/p95/nu_lp	4605343563940226544
G/1/clip/p95/phi_hp	4606371217508598973
G/1/clip/p95/phi_lp	4605185113211522663
G/1/clip/p95/pi_hpc	4616750885763616059
G/1/clip/p95/pi_lpc	4612311759670338029
G/1/clip/p95/required	4576368953238657585
G/1/clip/p95/required_fuel	4573255074873991192
G/1/clip/p95/required_gov	4576368953238657585
G/1/clip/p95/s	4602228459209909868
G/1/clip/p95/share_law	580772045163143161
G/1/clip/p95/sp_thrust	4648244104211886720
G/1/clip/p95/v	13777155043511843559
G/1/clip/p95/v_cmd	0
G/1/clip/p95/v_regime	9087740570393753374
G/1/clip/p95/v_regime?	1
G/1/clip/p95/w_fuel?	0
G/1/clip/p95/w_gov?	0
G/1/clip/phi_lim	4605020690978879570
G/1/demand-latched/col/Tt4/last	4652980805744209645
G/1/demand-latched/col/Tt4/max	4652980805744209645
G/1/demand-latched/col/Tt4/min	4652007308841189373
G/1/demand-latched/col/Tt4/n	341
G/1/demand-latched/col/b/last	0
G/1/demand-latched/col/b/max	0
G/1/demand-latched/col/b/min	0
G/1/demand-latched/col/b/n	341
G/1/demand-latched/col/b_cmd/last	0
G/1/demand-latched/col/b_cmd/max	0
G/1/demand-latched/col/b_cmd/min	0
G/1/demand-latched/col/b_cmd/n	341
G/1/demand-latched/col/cap_fuel/last	4582170885064862311
G/1/demand-latched/col/cap_fuel/max	4582170885064862311
G/1/demand-latched/col/cap_fuel/min	4576651860380027810
G/1/demand-latched/col/cap_fuel/n	341
G/1/demand-latched/col/cap_gov/last	4579513814929845239
G/1/demand-latched/col/cap_gov/max	4579513814929845239
G/1/demand-latched/col/cap_gov/min	4576651860380027810
G/1/demand-latched/col/cap_gov/n	341
G/1/demand-latched/col/f/last	4581809135097016482
G/1/demand-latched/col/f/max	4581925350384640554
G/1/demand-latched/col/f/min	4580362397098397465
G/1/demand-latched/col/f/n	341
G/1/demand-latched/col/g/last	4576312487963380078
G/1/demand-latched/col/g/max	4577981160225406105
G/1/demand-latched/col/g/min	0
G/1/demand-latched/col/g/n	341
G/1/demand-latched/col/g_fuel/last	4566537205131853392
G/1/demand-latched/col/g_fuel/max	4577981160225406105
G/1/demand-latched/col/g_fuel/min	0
G/1/demand-latched/col/g_fuel/n	341
G/1/demand-latched/col/g_gov/last	4576312487963380078
G/1/demand-latched/col/g_gov/max	4577301375724738856
G/1/demand-latched/col/g_gov/min	0
G/1/demand-latched/col/g_gov/n	341
G/1/demand-latched/col/ic_res/last	0
G/1/demand-latched/col/ic_res/max	0
G/1/demand-latched/col/ic_res/min	0
G/1/demand-latched/col/ic_res/n	341
G/1/demand-latched/col/mdot_air/last	4604275860291811898
G/1/demand-latched/col/mdot_air/max	4604275860291811898
G/1/demand-latched/col/mdot_air/min	4603405943421013974
G/1/demand-latched/col/mdot_air/n	341
G/1/demand-latched/col/mf/last	4579487092431887032
G/1/demand-latched/col/mf/max	4579487092431887032
G/1/demand-latched/col/mf/min	4576651860380027810
G/1/demand-latched/col/mf/n	341
G/1/demand-latched/col/mf_sched/last	4582403389825004051
G/1/demand-latched/col/mf_sched/max	4582403389825004051
G/1/demand-latched/col/mf_sched/min	4576651860380027810
G/1/demand-latched/col/mf_sched/n	341
G/1/demand-latched/col/nu_hp/last	4605823554736772677
G/1/demand-latched/col/nu_hp/max	4605823554736772677
G/1/demand-latched/col/nu_hp/min	4605289037695390238
G/1/demand-latched/col/nu_hp/n	341
G/1/demand-latched/col/nu_lp/last	4605589717073998394
G/1/demand-latched/col/nu_lp/max	4605589717073998394
G/1/demand-latched/col/nu_lp/min	4604982328959340258
G/1/demand-latched/col/nu_lp/n	341
G/1/demand-latched/col/phi_hp/last	4606679491171835564
G/1/demand-latched/col/phi_hp/max	4606679491171835564
G/1/demand-latched/col/phi_hp/min	4606428160810390385
G/1/demand-latched/col/phi_hp/n	341
G/1/demand-latched/col/phi_lp/last	4605586333592152167
G/1/demand-latched/col/phi_lp/max	4605586333592152167
G/1/demand-latched/col/phi_lp/min	4605073930456241071
G/1/demand-latched/col/phi_lp/n	341
G/1/demand-latched/col/pi_hpc/last	4616853303307215378
G/1/demand-latched/col/pi_hpc/max	4616853303307215378
G/1/demand-latched/col/pi_hpc/min	4616194662411773451
G/1/demand-latched/col/pi_hpc/n	341
G/1/demand-latched/col/pi_lpc/last	4612490634896559922
G/1/demand-latched/col/pi_lpc/max	4612490634896559922
G/1/demand-latched/col/pi_lpc/min	4611954934909333047
G/1/demand-latched/col/pi_lpc/n	341
G/1/demand-latched/col/required/last	4576285765465421871
G/1/demand-latched/col/required/max	4577581479474589016
G/1/demand-latched/col/required/min	0
G/1/demand-latched/col/required/n	341
G/1/demand-latched/col/required_fuel/last	4560579375596107136
G/1/demand-latched/col/required_fuel/max	4577581479474589016
G/1/demand-latched/col/required_fuel/min	0
G/1/demand-latched/col/required_fuel/n	341
G/1/demand-latched/col/required_gov/last	4576285765465421871
G/1/demand-latched/col/required_gov/max	4577267844913241395
G/1/demand-latched/col/required_gov/min	0
G/1/demand-latched/col/required_gov/n	341
G/1/demand-latched/col/s/last	4610334938539176691
G/1/demand-latched/col/s/max	4610334938539176691
G/1/demand-latched/col/s/min	0
G/1/demand-latched/col/s/n	341
G/1/demand-latched/col/sp_thrust/last	4648070026958302802
G/1/demand-latched/col/sp_thrust/max	4648070026958302802
G/1/demand-latched/col/sp_thrust/min	4646376948859877908
G/1/demand-latched/col/sp_thrust/n	341
G/1/demand-latched/col/v/last	0
G/1/demand-latched/col/v/max	0
G/1/demand-latched/col/v/min	0
G/1/demand-latched/col/v/n	341
G/1/demand-latched/col/v_cmd/last	0
G/1/demand-latched/col/v_cmd/max	0
G/1/demand-latched/col/v_cmd/min	0
G/1/demand-latched/col/v_cmd/n	341
G/1/demand-latched/col/w_fuel/last	4581847490935447086
G/1/demand-latched/col/w_fuel/max	4581847490935447086
G/1/demand-latched/col/w_fuel/min	4576651860380027810
G/1/demand-latched/col/w_fuel/n	341
G/1/demand-latched/col/w_gov/last	4579487092431887032
G/1/demand-latched/col/w_gov/max	4579487092431887032
G/1/demand-latched/col/w_gov/min	4576651860380027810
G/1/demand-latched/col/w_gov/n	341
G/1/demand-latched/coord	4551893238594259504
G/1/demand-latched/keys	35
G/1/demand-latched/marched	1
G/1/demand-latched/n	341
G/1/demand-latched/neg/g_fuel	0
G/1/demand-latched/neg/g_gov	0
G/1/demand-latched/neg/required_fuel	0
G/1/demand-latched/neg/required_gov	0
G/1/demand-latched/p0/Tt4	4652007308841189373
G/1/demand-latched/p0/authority	9087740570393753374
G/1/demand-latched/p0/b	0
G/1/demand-latched/p0/b_cmd	0
G/1/demand-latched/p0/branch	13126223303132988745
G/1/demand-latched/p0/cap_fuel	4576651860380027810
G/1/demand-latched/p0/cap_fuel?	1
G/1/demand-latched/p0/cap_gov	4576651860380027810
G/1/demand-latched/p0/cap_gov?	1
G/1/demand-latched/p0/f	4580362397098397465
G/1/demand-latched/p0/g	0
G/1/demand-latched/p0/g_fuel	0
G/1/demand-latched/p0/g_gov	0
G/1/demand-latched/p0/ic_iters	1
G/1/demand-latched/p0/ic_order	16448961268219989400
G/1/demand-latched/p0/ic_res	0
G/1/demand-latched/p0/lag_coord	4551893238594259504
G/1/demand-latched/p0/mdot_air	4603437906198678369
G/1/demand-latched/p0/mf	4576651860380027810
G/1/demand-latched/p0/mf_sched	4576651860380027810
G/1/demand-latched/p0/nu_hp	4605289037695390238
G/1/demand-latched/p0/nu_lp	4604982328959340258
G/1/demand-latched/p0/phi_hp	4606672101246745290
G/1/demand-latched/p0/phi_lp	4605138831325119760
G/1/demand-latched/p0/pi_hpc	4616194662411773451
G/1/demand-latched/p0/pi_lpc	4611954934909333047
G/1/demand-latched/p0/required	0
G/1/demand-latched/p0/required_fuel	0
G/1/demand-latched/p0/required_gov	0
G/1/demand-latched/p0/s	0
G/1/demand-latched/p0/share_law	580772045163143161
G/1/demand-latched/p0/sp_thrust	4646376948859877908
G/1/demand-latched/p0/v	0
G/1/demand-latched/p0/v_cmd	0
G/1/demand-latched/p0/v_regime	9087740570393753374
G/1/demand-latched/p0/v_regime?	1
G/1/demand-latched/p0/w_fuel	4576651860380027810
G/1/demand-latched/p0/w_fuel?	1
G/1/demand-latched/p0/w_gov	4576651860380027810
G/1/demand-latched/p0/w_gov?	1
G/1/demand-latched/p10/Tt4	4652123926805441757
G/1/demand-latched/p10/authority	9674992558986367437
G/1/demand-latched/p10/b	0
G/1/demand-latched/p10/b_cmd	0
G/1/demand-latched/p10/branch	13126223303132988745
G/1/demand-latched/p10/cap_fuel	4577301254378777090
G/1/demand-latched/p10/cap_fuel?	1
G/1/demand-latched/p10/cap_gov	4577451270203446396
G/1/demand-latched/p10/cap_gov?	1
G/1/demand-latched/p10/f	4580473948282794445
G/1/demand-latched/p10/g	4563119243918824936
G/1/demand-latched/p10/g_fuel	4563119243918824936
G/1/demand-latched/p10/g_gov	4561224393158231008
G/1/demand-latched/p10/ic_iters	1
G/1/demand-latched/p10/ic_order	16448961268219989400
G/1/demand-latched/p10/ic_res	0
G/1/demand-latched/p10/lag_coord	4551893238594259504
G/1/demand-latched/p10/mdot_air	4603423417499959985
G/1/demand-latched/p10/mf	4576766717575961023
G/1/demand-latched/p10/mf_sched	4577451270203446396
G/1/demand-latched/p10/nu_hp	4605289847541568725
G/1/demand-latched/p10/nu_lp	4604983314934662959
G/1/demand-latched/p10/phi_hp	4606642922019021822
G/1/demand-latched/p10/phi_lp	4605118654089371214
G/1/demand-latched/p10/pi_hpc	4616209602744298172
G/1/demand-latched/p10/pi_lpc	4611959236935835324
G/1/demand-latched/p10/required	4553436130033618752
G/1/demand-latched/p10/required_fuel	4553436130033618752
G/1/demand-latched/p10/required_gov	0
G/1/demand-latched/p10/s	4587366580439587225
G/1/demand-latched/p10/share_law	580772045163143161
G/1/demand-latched/p10/sp_thrust	4646478175507158708
G/1/demand-latched/p10/v	0
G/1/demand-latched/p10/v_cmd	0
G/1/demand-latched/p10/v_regime	9087740570393753374
G/1/demand-latched/p10/v_regime?	1
G/1/demand-latched/p10/w_fuel	4576766717575961023
G/1/demand-latched/p10/w_fuel?	1
G/1/demand-latched/p10/w_gov	4576945947085530174
G/1/demand-latched/p10/w_gov?	1
G/1/demand-latched/p100/Tt4	4652625698100335118
G/1/demand-latched/p100/authority	9674992558986367437
G/1/demand-latched/p100/b	0
G/1/demand-latched/p100/b_cmd	0
G/1/demand-latched/p100/branch	13126223303132988745
G/1/demand-latched/p100/cap_fuel	4578218100920678094
G/1/demand-latched/p100/cap_fuel?	1
G/1/demand-latched/p100/cap_gov	4578531735482025715
G/1/demand-latched/p100/cap_gov?	1
G/1/demand-latched/p100/f	4581310163412855714
G/1/demand-latched/p100/g	4577981160225406105
G/1/demand-latched/p100/g_fuel	4577981160225406105
G/1/demand-latched/p100/g_gov	4577301375724738856
G/1/demand-latched/p100/ic_iters	1
G/1/demand-latched/p100/ic_order	16448961268219989400
G/1/demand-latched/p100/ic_res	0
G/1/demand-latched/p100/lag_coord	4551893238594259504
G/1/demand-latched/p100/mdot_air	4603484947385541123
G/1/demand-latched/p100/mf	4577818420169861005
G/1/demand-latched/p100/mf_sched	4582403389825004051
G/1/demand-latched/p100/nu_hp	4605383495597857908
G/1/demand-latched/p100/nu_lp	4605094217093209541
G/1/demand-latched/p100/phi_hp	4606495824356590648
G/1/demand-latched/p100/phi_lp	4605087460272980760
G/1/demand-latched/p100/pi_hpc	4616392185747787570
G/1/demand-latched/p100/pi_lpc	4612072808329861680
G/1/demand-latched/p100/required	4577581479474589016
G/1/demand-latched/p100/required_fuel	4577581479474589016
G/1/demand-latched/p100/required_gov	4577267844913241395
G/1/demand-latched/p100/s	4602678819172646915
G/1/demand-latched/p100/share_law	580772045163143161
G/1/demand-latched/p100/sp_thrust	4647359147818790698
G/1/demand-latched/p100/v	0
G/1/demand-latched/p100/v_cmd	0
G/1/demand-latched/p100/v_regime	9087740570393753374
G/1/demand-latched/p100/v_regime?	1
G/1/demand-latched/p100/w_fuel	4577818420169861005
G/1/demand-latched/p100/w_fuel?	1
G/1/demand-latched/p100/w_gov	4578498204670528254
G/1/demand-latched/p100/w_gov?	1
G/1/demand-latched/p105/Tt4	4652652147681179812
G/1/demand-latched/p105/authority	9674992558986367437
G/1/demand-latched/p105/b	0
G/1/demand-latched/p105/b_cmd	0
G/1/demand-latched/p105/branch	13126223303132988745
G/1/demand-latched/p105/cap_fuel	4578304946871718641
G/1/demand-latched/p105/cap_fuel?	1
G/1/demand-latched/p105/cap_gov	4578550213523299226
G/1/demand-latched/p105/cap_gov?	1
G/1/demand-latched/p105/f	4581357791012060367
G/1/demand-latched/p105/g	4577913009002579974
G/1/demand-latched/p105/g_fuel	4577913009002579974
G/1/demand-latched/p105/g_gov	4577284271312092708
G/1/demand-latched/p105/ic_iters	1
G/1/demand-latched/p105/ic_order	16448961268219989400
G/1/demand-latched/p105/ic_res	0
G/1/demand-latched/p105/lag_coord	4551893238594259504
G/1/demand-latched/p105/mdot_air	4603494426479038774
G/1/demand-latched/p105/mf	4577886571392687136
G/1/demand-latched/p105/mf_sched	4582403389825004051
G/1/demand-latched/p105/nu_hp	4605391837603684116
G/1/demand-latched/p105/nu_lp	4605103949212932092
G/1/demand-latched/p105/phi_hp	4606490185300478563
G/1/demand-latched/p105/phi_lp	4605090073930958934
G/1/demand-latched/p105/pi_hpc	4616405131564873616
G/1/demand-latched/p105/pi_lpc	4612082032353311946
G/1/demand-latched/p105/required	4577494633523548469
G/1/demand-latched/p105/required_fuel	4577494633523548469
G/1/demand-latched/p105/required_gov	4577249366871967884
G/1/demand-latched/p105/s	4602903999154015440
G/1/demand-latched/p105/share_law	580772045163143161
G/1/demand-latched/p105/sp_thrust	4647413069898028289
G/1/demand-latched/p105/v	0
G/1/demand-latched/p105/v_cmd	0
G/1/demand-latched/p105/v_regime	9087740570393753374
G/1/demand-latched/p105/v_regime?	1
G/1/demand-latched/p105/w_fuel	4577886571392687136
G/1/demand-latched/p105/w_fuel?	1
G/1/demand-latched/p105/w_gov	4578515309083174402
G/1/demand-latched/p105/w_gov?	1
G/1/demand-latched/p110/Tt4	4652679736562091406
G/1/demand-latched/p110/authority	9674992558986367437
G/1/demand-latched/p110/b	0
G/1/demand-latched/p110/b_cmd	0
G/1/demand-latched/p110/branch	13126223303132988745
G/1/demand-latched/p110/cap_fuel	4578396503184507540
G/1/demand-latched/p110/cap_fuel?	1
G/1/demand-latched/p110/cap_gov	4578569502777211262
G/1/demand-latched/p110/cap_gov?	1
G/1/demand-latched/p110/f	4581407493122400548
G/1/demand-latched/p110/g	4577841619965292593
G/1/demand-latched/p110/g_fuel	4577841619965292593
G/1/demand-latched/p110/g_gov	4577266454815659225
G/1/demand-latched/p110/ic_iters	1
G/1/demand-latched/p110/ic_order	16448961268219989400
G/1/demand-latched/p110/ic_res	0
G/1/demand-latched/p110/lag_coord	4551893238594259504
G/1/demand-latched/p110/mdot_air	4603504361980285231
G/1/demand-latched/p110/mf	4577957960429974517
G/1/demand-latched/p110/mf_sched	4582403389825004051
G/1/demand-latched/p110/nu_hp	4605400542009790223
G/1/demand-latched/p110/nu_lp	4605114089032388360
G/1/demand-latched/p110/phi_hp	4606484380445858721
G/1/demand-latched/p110/phi_lp	4605092866268301687
G/1/demand-latched/p110/pi_hpc	4616418643841619316
G/1/demand-latched/p110/pi_lpc	4612091655339694778
G/1/demand-latched/p110/required	4577403077210759570
G/1/demand-latched/p110/required_fuel	4577403077210759570
G/1/demand-latched/p110/required_gov	4577230077618055848
G/1/demand-latched/p110/s	4603129179135383965
G/1/demand-latched/p110/share_law	580772045163143161
G/1/demand-latched/p110/sp_thrust	4647469210454236994
G/1/demand-latched/p110/v	0
G/1/demand-latched/p110/v_cmd	0
G/1/demand-latched/p110/v_regime	9087740570393753374
G/1/demand-latched/p110/v_regime?	1
G/1/demand-latched/p110/w_fuel	4577957960429974517
G/1/demand-latched/p110/w_fuel?	1
G/1/demand-latched/p110/w_gov	4578533125579607885
G/1/demand-latched/p110/w_gov?	1
G/1/demand-latched/p115/Tt4	4652708554005244007
G/1/demand-latched/p115/authority	9674992558986367437
G/1/demand-latched/p115/b	0
G/1/demand-latched/p115/b_cmd	0
G/1/demand-latched/p115/branch	13126223303132988745
G/1/demand-latched/p115/cap_fuel	4578493080232311569
G/1/demand-latched/p115/cap_fuel?	1
G/1/demand-latched/p115/cap_gov	4578589642868598433
G/1/demand-latched/p115/cap_gov?	1
G/1/demand-latched/p115/f	4581459438363586157
G/1/demand-latched/p115/g	4577766742968617390
G/1/demand-latched/p115/g_fuel	4577766742968617390
G/1/demand-latched/p115/g_gov	4577247878908598984
G/1/demand-latched/p115/ic_iters	1
G/1/demand-latched/p115/ic_order	16448961268219989400
G/1/demand-latched/p115/ic_res	0
G/1/demand-latched/p115/lag_coord	4551893238594259504
G/1/demand-latched/p115/mdot_air	4603514770488910936
G/1/demand-latched/p115/mf	4578032837426649720
G/1/demand-latched/p115/mf_sched	4582403389825004051
G/1/demand-latched/p115/nu_hp	4605409625794534982
G/1/demand-latched/p115/nu_lp	4605124655790256658
G/1/demand-latched/p115/phi_hp	4606478391096319386
G/1/demand-latched/p115/phi_lp	4605095838367399766
G/1/demand-latched/p115/pi_hpc	4616432757590991663
G/1/demand-latched/p115/pi_lpc	4612101699268657488
G/1/demand-latched/p115/required	4577306500162955541
G/1/demand-latched/p115/required_fuel	4577306500162955541
G/1/demand-latched/p115/required_gov	4577209937526668677
G/1/demand-latched/p115/s	4603354359116752490
G/1/demand-latched/p115/share_law	580772045163143161
G/1/demand-latched/p115/sp_thrust	4647527724733664506
G/1/demand-latched/p115/v	0
G/1/demand-latched/p115/v_cmd	0
G/1/demand-latched/p115/v_regime	9087740570393753374
G/1/demand-latched/p115/v_regime?	1
G/1/demand-latched/p115/w_fuel	4578032837426649720
G/1/demand-latched/p115/w_fuel?	1
G/1/demand-latched/p115/w_gov	4578551701486668126
G/1/demand-latched/p115/w_gov?	1
G/1/demand-latched/p120/Tt4	4652738690987145330
G/1/demand-latched/p120/authority	9674992558986367437
G/1/demand-latched/p120/b	0
G/1/demand-latched/p120/b_cmd	0
G/1/demand-latched/p120/branch	13126223303132988745
G/1/demand-latched/p120/cap_fuel	4578595021120250076
G/1/demand-latched/p120/cap_fuel?	1
G/1/demand-latched/p120/cap_gov	4578610677120344363
G/1/demand-latched/p120/cap_gov?	1
G/1/demand-latched/p120/f	4581513798438534243
G/1/demand-latched/p120/g	4577688116070620261
G/1/demand-latched/p120/g_fuel	4577688116070620261
G/1/demand-latched/p120/g_gov	4577228498508835738
G/1/demand-latched/p120/ic_iters	1
G/1/demand-latched/p120/ic_order	16448961268219989400
G/1/demand-latched/p120/ic_res	0
G/1/demand-latched/p120/lag_coord	4551893238594259504
G/1/demand-latched/p120/mdot_air	4603525672023836181
G/1/demand-latched/p120/mf	4578111464324646849
G/1/demand-latched/p120/mf_sched	4582403389825004051
G/1/demand-latched/p120/nu_hp	4605419107511252803
G/1/demand-latched/p120/nu_lp	4605135670518281217
G/1/demand-latched/p120/phi_hp	4606472200200770587
G/1/demand-latched/p120/phi_lp	4605098993847303576
G/1/demand-latched/p120/pi_hpc	4616447509528755766
G/1/demand-latched/p120/pi_lpc	4612112187811988348
G/1/demand-latched/p120/required	4577204559275017034
G/1/demand-latched/p120/required_fuel	4577204559275017034
G/1/demand-latched/p120/required_gov	4577188903274922747
G/1/demand-latched/p120/s	4603579539098121015
G/1/demand-latched/p120/share_law	580772045163143161
G/1/demand-latched/p120/sp_thrust	4647588771010673650
G/1/demand-latched/p120/v	0
G/1/demand-latched/p120/v_cmd	0
G/1/demand-latched/p120/v_regime	9087740570393753374
G/1/demand-latched/p120/v_regime?	1
G/1/demand-latched/p120/w_fuel	4578111464324646849
G/1/demand-latched/p120/w_fuel?	1
G/1/demand-latched/p120/w_gov	4578571081886431372
G/1/demand-latched/p120/w_gov?	1
G/1/demand-latched/p125/Tt4	4652770241550157759
G/1/demand-latched/p125/authority	9674992558986367437
G/1/demand-latched/p125/b	0
G/1/demand-latched/p125/b_cmd	0
G/1/demand-latched/p125/branch	13126223303132988745
G/1/demand-latched/p125/cap_fuel	4578702704431969614
G/1/demand-latched/p125/cap_fuel?	1
G/1/demand-latched/p125/cap_gov	4578632652652859717
G/1/demand-latched/p125/cap_gov?	1
G/1/demand-latched/p125/f	4581570750783791776
G/1/demand-latched/p125/g	4577605462109384125
G/1/demand-latched/p125/g_fuel	4577605462109384125
G/1/demand-latched/p125/g_gov	4577208268421701784
G/1/demand-latched/p125/ic_iters	1
G/1/demand-latched/p125/ic_order	16448961268219989400
G/1/demand-latched/p125/ic_res	0
G/1/demand-latched/p125/lag_coord	4551893238594259504
G/1/demand-latched/p125/mdot_air	4603537089830004865
G/1/demand-latched/p125/mf	4578194118285882985
G/1/demand-latched/p125/mf_sched	4582403389825004051
G/1/demand-latched/p125/nu_hp	4605429007323373872
G/1/demand-latched/p125/nu_lp	4605147156072078782
G/1/demand-latched/p125/phi_hp	4606465791861178376
G/1/demand-latched/p125/phi_lp	4605102338552593936
G/1/demand-latched/p125/pi_hpc	4616462938427489937
G/1/demand-latched/p125/pi_lpc	4612123146458667473
G/1/demand-latched/p125/required	4577166927742407393
G/1/demand-latched/p125/required_fuel	4577096875963297496
G/1/demand-latched/p125/required_gov	4577166927742407393
G/1/demand-latched/p125/s	4603804719079489540
G/1/demand-latched/p125/share_law	580772045163143161
G/1/demand-latched/p125/sp_thrust	4647652512694080063
G/1/demand-latched/p125/v	0
G/1/demand-latched/p125/v_cmd	0
G/1/demand-latched/p125/v_regime	9087740570393753374
G/1/demand-latched/p125/v_regime?	1
G/1/demand-latched/p125/w_fuel	4578194118285882985
G/1/demand-latched/p125/w_fuel?	1
G/1/demand-latched/p125/w_gov	4578591311973565326
G/1/demand-latched/p125/w_gov?	1
G/1/demand-latched/p130/Tt4	4652803304041174339
G/1/demand-latched/p130/authority	9674992558986367437
G/1/demand-latched/p130/b	0
G/1/demand-latched/p130/b_cmd	0
G/1/demand-latched/p130/branch	13126223303132988745
G/1/demand-latched/p130/cap_fuel	4578816547587351094
G/1/demand-latched/p130/cap_fuel?	1
G/1/demand-latched/p130/cap_gov	4578655620546873190
G/1/demand-latched/p130/cap_gov?	1
G/1/demand-latched/p130/f	4581630481000600137
G/1/demand-latched/p130/g	4577518485336132969
G/1/demand-latched/p130/g_fuel	4577518485336132969
G/1/demand-latched/p130/g_gov	4577187141857335533
G/1/demand-latched/p130/ic_iters	1
G/1/demand-latched/p130/ic_order	16448961268219989400
G/1/demand-latched/p130/ic_res	0
G/1/demand-latched/p130/lag_coord	4551893238594259504
G/1/demand-latched/p130/mdot_air	4603549050282735272
G/1/demand-latched/p130/mf	4578281095059134141
G/1/demand-latched/p130/mf_sched	4582403389825004051
G/1/demand-latched/p130/nu_hp	4605439347066878996
G/1/demand-latched/p130/nu_lp	4605159137194130892
G/1/demand-latched/p130/phi_hp	4606459150938872085
G/1/demand-latched/p130/phi_lp	4605105880335854733
G/1/demand-latched/p130/pi_hpc	4616479085465520950
G/1/demand-latched/p130/pi_lpc	4612134602661372749
G/1/demand-latched/p130/required	4577143959848393920
G/1/demand-latched/p130/required_fuel	4576983032807916016
G/1/demand-latched/p130/required_gov	4577143959848393920
G/1/demand-latched/p130/s	4604029899060858065
G/1/demand-latched/p130/share_law	580772045163143161
G/1/demand-latched/p130/sp_thrust	4647716967845221319
G/1/demand-latched/p130/v	0
G/1/demand-latched/p130/v_cmd	0
G/1/demand-latched/p130/v_regime	9087740570393753374
G/1/demand-latched/p130/v_regime?	1
G/1/demand-latched/p130/w_fuel	4578281095059134141
G/1/demand-latched/p130/w_fuel?	1
G/1/demand-latched/p130/w_gov	4578612438537931577
G/1/demand-latched/p130/w_gov?	1
G/1/demand-latched/p135/Tt4	4652837982284010141
G/1/demand-latched/p135/authority	9674992558986367437
G/1/demand-latched/p135/b	0
G/1/demand-latched/p135/b_cmd	0
G/1/demand-latched/p135/branch	13126223303132988745
G/1/demand-latched/p135/cap_fuel	4578937010858752783
G/1/demand-latched/p135/cap_fuel?	1
G/1/demand-latched/p135/cap_gov	4578679636065723249
G/1/demand-latched/p135/cap_gov?	1
G/1/demand-latched/p135/f	4581693185158535522
G/1/demand-latched/p135/g	4577426867998549535
G/1/demand-latched/p135/g_fuel	4577426867998549535
G/1/demand-latched/p135/g_gov	4577165069454620032
G/1/demand-latched/p135/ic_iters	1
G/1/demand-latched/p135/ic_order	16448961268219989400
G/1/demand-latched/p135/ic_res	0
G/1/demand-latched/p135/lag_coord	4551893238594259504
G/1/demand-latched/p135/mdot_air	4603561582875582664
G/1/demand-latched/p135/mf	4578372712396717575
G/1/demand-latched/p135/mf_sched	4582403389825004051
G/1/demand-latched/p135/nu_hp	4605450150338240290
G/1/demand-latched/p135/nu_lp	4605171640606475474
G/1/demand-latched/p135/phi_hp	4606452262737443683
G/1/demand-latched/p135/phi_lp	4605109628916885034
G/1/demand-latched/p135/pi_hpc	4616495994580694310
G/1/demand-latched/p135/pi_lpc	4612146586005690811
G/1/demand-latched/p135/required	4577119944329543861
G/1/demand-latched/p135/required_fuel	4576862569536514327
G/1/demand-latched/p135/required_gov	4577119944329543861
G/1/demand-latched/p135/s	4604255079042226590
G/1/demand-latched/p135/share_law	580772045163143161
G/1/demand-latched/p135/sp_thrust	4647751794209186339
G/1/demand-latched/p135/v	0
G/1/demand-latched/p135/v_cmd	0
G/1/demand-latched/p135/v_regime	9087740570393753374
G/1/demand-latched/p135/v_regime?	1
G/1/demand-latched/p135/w_fuel	4578372712396717575
G/1/demand-latched/p135/w_fuel?	1
G/1/demand-latched/p135/w_gov	4578634510940647078
G/1/demand-latched/p135/w_gov?	1
G/1/demand-latched/p140/Tt4	4652874386725495151
G/1/demand-latched/p140/authority	9674992558986367437
G/1/demand-latched/p140/b	0
G/1/demand-latched/p140/b_cmd	0
G/1/demand-latched/p140/branch	13126223303132988745
G/1/demand-latched/p140/cap_fuel	4579064602114107592
G/1/demand-latched/p140/cap_fuel?	1
G/1/demand-latched/p140/cap_gov	4578704758935507332
G/1/demand-latched/p140/cap_gov?	1
G/1/demand-latched/p140/f	4581759072050962123
G/1/demand-latched/p140/g	4577330266775721269
G/1/demand-latched/p140/g_fuel	4577330266775721269
G/1/demand-latched/p140/g_gov	4577141998589358745
G/1/demand-latched/p140/ic_iters	1
G/1/demand-latched/p140/ic_order	16448961268219989400
G/1/demand-latched/p140/ic_res	0
G/1/demand-latched/p140/lag_coord	4551893238594259504
G/1/demand-latched/p140/mdot_air	4603574720281677068
G/1/demand-latched/p140/mf	4578469313619545841
G/1/demand-latched/p140/mf_sched	4582403389825004051
G/1/demand-latched/p140/nu_hp	4605461442606955125
G/1/demand-latched/p140/nu_lp	4605184695131762442
G/1/demand-latched/p140/phi_hp	4606445112744958114
G/1/demand-latched/p140/phi_lp	4605113595805926564
G/1/demand-latched/p140/pi_hpc	4616513712838035927
G/1/demand-latched/p140/pi_lpc	4612159128403858357
G/1/demand-latched/p140/required	4577094821459759778
G/1/demand-latched/p140/required_fuel	4576734978281159518
G/1/demand-latched/p140/required_gov	4577094821459759778
G/1/demand-latched/p140/s	4604480259023595115
G/1/demand-latched/p140/share_law	580772045163143161
G/1/demand-latched/p140/sp_thrust	4647788238115154936
G/1/demand-latched/p140/v	0
G/1/demand-latched/p140/v_cmd	0
G/1/demand-latched/p140/v_regime	9087740570393753374
G/1/demand-latched/p140/v_regime?	1
G/1/demand-latched/p140/w_fuel	4578469313619545841
G/1/demand-latched/p140/w_fuel?	1
G/1/demand-latched/p140/w_gov	4578657581805908365
G/1/demand-latched/p140/w_gov?	1
G/1/demand-latched/p145/Tt4	4652912635590648314
G/1/demand-latched/p145/authority	9674992558986367437
G/1/demand-latched/p145/b	0
G/1/demand-latched/p145/b_cmd	0
G/1/demand-latched/p145/branch	13126223303132988745
G/1/demand-latched/p145/cap_fuel	4579199882377805319
G/1/demand-latched/p145/cap_fuel?	1
G/1/demand-latched/p145/cap_gov	4578731053683367069
G/1/demand-latched/p145/cap_gov?	1
G/1/demand-latched/p145/f	4581828365472724070
G/1/demand-latched/p145/g	4577228308969038155
G/1/demand-latched/p145/g_fuel	4577228308969038155
G/1/demand-latched/p145/g_gov	4577117872832085244
G/1/demand-latched/p145/ic_iters	1
G/1/demand-latched/p145/ic_order	16448961268219989400
G/1/demand-latched/p145/ic_res	0
G/1/demand-latched/p145/lag_coord	4551893238594259504
G/1/demand-latched/p145/mdot_air	4603588498481872741
G/1/demand-latched/p145/mf	4578571271426228955
G/1/demand-latched/p145/mf_sched	4582403389825004051
G/1/demand-latched/p145/nu_hp	4605473251352624625
G/1/demand-latched/p145/nu_lp	4605198331842343323
G/1/demand-latched/p145/phi_hp	4606437686421877918
G/1/demand-latched/p145/phi_lp	4605117794281519595
G/1/demand-latched/p145/pi_hpc	4616532290819910880
G/1/demand-latched/p145/pi_lpc	4612172264315455655
G/1/demand-latched/p145/required	4577068526711900041
G/1/demand-latched/p145/required_fuel	4576599698017461791
G/1/demand-latched/p145/required_gov	4577068526711900041
G/1/demand-latched/p145/s	4604705439004963640
G/1/demand-latched/p145/share_law	580772045163143161
G/1/demand-latched/p145/sp_thrust	4647826400683988663
G/1/demand-latched/p145/v	0
G/1/demand-latched/p145/v_cmd	0
G/1/demand-latched/p145/v_regime	9087740570393753374
G/1/demand-latched/p145/v_regime?	1
G/1/demand-latched/p145/w_fuel	4578571271426228955
G/1/demand-latched/p145/w_fuel?	1
G/1/demand-latched/p145/w_gov	4578681707563181866
G/1/demand-latched/p145/w_gov?	1
G/1/demand-latched/p15/Tt4	4652206935135229454
G/1/demand-latched/p15/authority	9674992558986367437
G/1/demand-latched/p15/b	0
G/1/demand-latched/p15/b_cmd	0
G/1/demand-latched/p15/branch	13126223303132988745
G/1/demand-latched/p15/cap_fuel	4577315520835550395
G/1/demand-latched/p15/cap_fuel?	1
G/1/demand-latched/p15/cap_gov	4577850975115155689
G/1/demand-latched/p15/cap_gov?	1
G/1/demand-latched/p15/f	4580553022415496041
G/1/demand-latched/p15/g	4565652136719392496
G/1/demand-latched/p15/g_fuel	4565652136719392496
G/1/demand-latched/p15/g_gov	4562611120011971904
G/1/demand-latched/p15/ic_iters	1
G/1/demand-latched/p15/ic_order	16448961268219989400
G/1/demand-latched/p15/ic_res	0
G/1/demand-latched/p15/lag_coord	4551893238594259504
G/1/demand-latched/p15/mdot_air	4603415088384025221
G/1/demand-latched/p15/mf	4576849810887599371
G/1/demand-latched/p15/mf_sched	4577850975115155689
G/1/demand-latched/p15/nu_hp	4605291389908396720
G/1/demand-latched/p15/nu_lp	4604985187591014548
G/1/demand-latched/p15/phi_hp	4606623127235601809
G/1/demand-latched/p15/phi_lp	4605105728232296715
G/1/demand-latched/p15/pi_hpc	4616220886137139589
G/1/demand-latched/p15/pi_lpc	4611963181535703454
G/1/demand-latched/p15/required	4561706491745256160
G/1/demand-latched/p15/required_fuel	4561706491745256160
G/1/demand-latched/p15/required_gov	0
G/1/demand-latched/p15/s	4590068740216009523
G/1/demand-latched/p15/share_law	580772045163143161
G/1/demand-latched/p15/sp_thrust	4646551113855142188
G/1/demand-latched/p15/v	0
G/1/demand-latched/p15/v_cmd	0
G/1/demand-latched/p15/v_regime	9087740570393753374
G/1/demand-latched/p15/v_regime?	1
G/1/demand-latched/p15/w_fuel	4576849810887599371
G/1/demand-latched/p15/w_fuel?	1
G/1/demand-latched/p15/w_gov	4577229937976026945
G/1/demand-latched/p15/w_gov?	1
G/1/demand-latched/p150/Tt4	4652952856079374590
G/1/demand-latched/p150/authority	9674992558986367437
G/1/demand-latched/p150/b	0
G/1/demand-latched/p150/b_cmd	0
G/1/demand-latched/p150/branch	13126223303132988745
G/1/demand-latched/p150/cap_fuel	4579343472325738741
G/1/demand-latched/p150/cap_fuel?	1
G/1/demand-latched/p150/cap_gov	4578758590035956141
G/1/demand-latched/p150/cap_gov?	1
G/1/demand-latched/p150/f	4581901306585008732
G/1/demand-latched/p150/g	4577120588352130506
G/1/demand-latched/p150/g_fuel	4577120588352130506
G/1/demand-latched/p150/g_gov	4577092631473375806
G/1/demand-latched/p150/ic_iters	1
G/1/demand-latched/p150/ic_order	16448961268219989400
G/1/demand-latched/p150/ic_res	0
G/1/demand-latched/p150/lag_coord	4551893238594259504
G/1/demand-latched/p150/mdot_air	4603602956955911721
G/1/demand-latched/p150/mf	4578678992043136604
G/1/demand-latched/p150/mf_sched	4582403389825004051
G/1/demand-latched/p150/nu_hp	4605485606227300538
G/1/demand-latched/p150/nu_lp	4605212584237974521
G/1/demand-latched/p150/phi_hp	4606429969023994536
G/1/demand-latched/p150/phi_lp	4605122239416327106
G/1/demand-latched/p150/pi_hpc	4616551783047198349
G/1/demand-latched/p150/pi_lpc	4612186030998114434
G/1/demand-latched/p150/required	4577040990359310969
G/1/demand-latched/p150/required_fuel	4576456108069528369
G/1/demand-latched/p150/required_gov	4577040990359310969
G/1/demand-latched/p150/s	4604930618986332165
G/1/demand-latched/p150/share_law	580772045163143161
G/1/demand-latched/p150/sp_thrust	4647866390097346678
G/1/demand-latched/p150/v	0
G/1/demand-latched/p150/v_cmd	0
G/1/demand-latched/p150/v_regime	9087740570393753374
G/1/demand-latched/p150/v_regime?	1
G/1/demand-latched/p150/w_fuel	4578678992043136604
G/1/demand-latched/p150/w_fuel?	1
G/1/demand-latched/p150/w_gov	4578706948921891304
G/1/demand-latched/p150/w_gov?	1
G/1/demand-latched/p155/Tt4	4652965888626934320
G/1/demand-latched/p155/authority	15345845413248555367
G/1/demand-latched/p155/b	0
G/1/demand-latched/p155/b_cmd	0
G/1/demand-latched/p155/branch	13126223303132988745
G/1/demand-latched/p155/cap_fuel	4579493690543270471
G/1/demand-latched/p155/cap_fuel?	1
G/1/demand-latched/p155/cap_gov	4578786994605224046
G/1/demand-latched/p155/cap_gov?	1
G/1/demand-latched/p155/f	4581921092075140994
G/1/demand-latched/p155/g	4577066255321149892
G/1/demand-latched/p155/g_fuel	4577006746291696001
G/1/demand-latched/p155/g_gov	4577066255321149892
G/1/demand-latched/p155/ic_iters	1
G/1/demand-latched/p155/ic_order	16448961268219989400
G/1/demand-latched/p155/ic_res	0
G/1/demand-latched/p155/lag_coord	4551893238594259504
G/1/demand-latched/p155/mdot_air	4603624876912501697
G/1/demand-latched/p155/mf	4578733325074117218
G/1/demand-latched/p155/mf_sched	4582403389825004051
G/1/demand-latched/p155/nu_hp	4605498340225928864
G/1/demand-latched/p155/nu_lp	4605227253658058285
G/1/demand-latched/p155/phi_hp	4606434314332944087
G/1/demand-latched/p155/phi_lp	4605135785672955276
G/1/demand-latched/p155/pi_hpc	4616565587812201224
G/1/demand-latched/p155/pi_lpc	4612198590493340825
G/1/demand-latched/p155/required	4577012585790043064
G/1/demand-latched/p155/required_fuel	4576305889851996639
G/1/demand-latched/p155/required_gov	4577012585790043064
G/1/demand-latched/p155/s	4605155798967700690
G/1/demand-latched/p155/share_law	580772045163143161
G/1/demand-latched/p155/sp_thrust	4647884453920937635
G/1/demand-latched/p155/v	0
G/1/demand-latched/p155/v_cmd	0
G/1/demand-latched/p155/v_regime	9087740570393753374
G/1/demand-latched/p155/v_regime?	1
G/1/demand-latched/p155/w_fuel	4578792834103571109
G/1/demand-latched/p155/w_fuel?	1
G/1/demand-latched/p155/w_gov	4578733325074117218
G/1/demand-latched/p155/w_gov?	1
G/1/demand-latched/p160/Tt4	4652965615851048072
G/1/demand-latched/p160/authority	15345845413248555367
G/1/demand-latched/p160/b	0
G/1/demand-latched/p160/b_cmd	0
G/1/demand-latched/p160/branch	13126223303132988745
G/1/demand-latched/p160/cap_fuel	4579643449067913598
G/1/demand-latched/p160/cap_fuel?	1
G/1/demand-latched/p160/cap_gov	4578814902846666892
G/1/demand-latched/p160/cap_gov?	1
G/1/demand-latched/p160/f	4581915037464654256
G/1/demand-latched/p160/g	4577039172817012419
G/1/demand-latched/p160/g_fuel	4576887325203059748
G/1/demand-latched/p160/g_gov	4577039172817012419
G/1/demand-latched/p160/ic_iters	1
G/1/demand-latched/p160/ic_order	16448961268219989400
G/1/demand-latched/p160/ic_res	0
G/1/demand-latched/p160/lag_coord	4551893238594259504
G/1/demand-latched/p160/mdot_air	4603649640233569958
G/1/demand-latched/p160/mf	4578760407578254691
G/1/demand-latched/p160/mf_sched	4582403389825004051
G/1/demand-latched/p160/nu_hp	4605510847683785019
G/1/demand-latched/p160/nu_lp	4605241625770234339
G/1/demand-latched/p160/phi_hp	4606444189277704601
G/1/demand-latched/p160/phi_lp	4605153193408366892
G/1/demand-latched/p160/pi_hpc	4616576265050601632
G/1/demand-latched/p160/pi_lpc	4612210148138784069
G/1/demand-latched/p160/required	4576984677548600218
G/1/demand-latched/p160/required_fuel	4576156131327353512
G/1/demand-latched/p160/required_gov	4576984677548600218
G/1/demand-latched/p160/s	4605380978949069215
G/1/demand-latched/p160/share_law	580772045163143161
G/1/demand-latched/p160/sp_thrust	4647891532991642822
G/1/demand-latched/p160/v	0
G/1/demand-latched/p160/v_cmd	0
G/1/demand-latched/p160/v_regime	9087740570393753374
G/1/demand-latched/p160/v_regime?	1
G/1/demand-latched/p160/w_fuel	4578912255192207362
G/1/demand-latched/p160/w_fuel?	1
G/1/demand-latched/p160/w_gov	4578760407578254691
G/1/demand-latched/p160/w_gov?	1
G/1/demand-latched/p165/Tt4	4652965721812619672
G/1/demand-latched/p165/authority	15345845413248555367
G/1/demand-latched/p165/b	0
G/1/demand-latched/p165/b_cmd	0
G/1/demand-latched/p165/branch	13126223303132988745
G/1/demand-latched/p165/cap_fuel	4579792261163345080
G/1/demand-latched/p165/cap_fuel?	1
G/1/demand-latched/p165/cap_gov	4578842241329381849
G/1/demand-latched/p165/cap_gov?	1
G/1/demand-latched/p165/f	4581909843615930271
G/1/demand-latched/p165/g	4577011887609523126
G/1/demand-latched/p165/g_fuel	4576763321778651705
G/1/demand-latched/p165/g_gov	4577011887609523126
G/1/demand-latched/p165/ic_iters	1
G/1/demand-latched/p165/ic_order	16448961268219989400
G/1/demand-latched/p165/ic_res	0
G/1/demand-latched/p165/lag_coord	4551893238594259504
G/1/demand-latched/p165/mdot_air	4603673840474391518
G/1/demand-latched/p165/mf	4578787692785743984
G/1/demand-latched/p165/mf_sched	4582403389825004051
G/1/demand-latched/p165/nu_hp	4605523096544565408
G/1/demand-latched/p165/nu_lp	4605255665020620531
G/1/demand-latched/p165/phi_hp	4606453693715870373
G/1/demand-latched/p165/phi_lp	4605170143029581867
G/1/demand-latched/p165/pi_hpc	4616586819291164337
G/1/demand-latched/p165/pi_lpc	4612221460249262524
G/1/demand-latched/p165/required	4576957339065885261
G/1/demand-latched/p165/required_fuel	4576007319231922030
G/1/demand-latched/p165/required_gov	4576957339065885261
G/1/demand-latched/p165/s	4605606158930437740
G/1/demand-latched/p165/share_law	580772045163143161
G/1/demand-latched/p165/sp_thrust	4647898715816799221
G/1/demand-latched/p165/v	0
G/1/demand-latched/p165/v_cmd	0
G/1/demand-latched/p165/v_regime	9087740570393753374
G/1/demand-latched/p165/v_regime?	1
G/1/demand-latched/p165/w_fuel	4579036258616615405
G/1/demand-latched/p165/w_fuel?	1
G/1/demand-latched/p165/w_gov	4578787692785743984
G/1/demand-latched/p165/w_gov?	1
G/1/demand-latched/p170/Tt4	4652966044990500781
G/1/demand-latched/p170/authority	15345845413248555367
G/1/demand-latched/p170/b	0
G/1/demand-latched/p170/b_cmd	0
G/1/demand-latched/p170/branch	13126223303132988745
G/1/demand-latched/p170/cap_fuel	4579940136215566003
G/1/demand-latched/p170/cap_fuel?	1
G/1/demand-latched/p170/cap_gov	4578869030815264209
G/1/demand-latched/p170/cap_gov?	1
G/1/demand-latched/p170/f	4581905190568017571
G/1/demand-latched/p170/g	4576984698974313457
G/1/demand-latched/p170/g_fuel	4576635583611760715
G/1/demand-latched/p170/g_gov	4576984698974313457
G/1/demand-latched/p170/ic_iters	1
G/1/demand-latched/p170/ic_order	16448961268219989400
G/1/demand-latched/p170/ic_res	0
G/1/demand-latched/p170/lag_coord	4551893238594259504
G/1/demand-latched/p170/mdot_air	4603697533304854467
G/1/demand-latched/p170/mf	4578814881420953653
G/1/demand-latched/p170/mf_sched	4582403389825004051
G/1/demand-latched/p170/nu_hp	4605535096492178537
G/1/demand-latched/p170/nu_lp	4605269385036672660
G/1/demand-latched/p170/phi_hp	4606462904968310601
G/1/demand-latched/p170/phi_lp	4605186696855756745
G/1/demand-latched/p170/pi_hpc	4616597222579467996
G/1/demand-latched/p170/pi_lpc	4612232528344552640
G/1/demand-latched/p170/required	4576930549580002901
G/1/demand-latched/p170/required_fuel	4575859444179701107
G/1/demand-latched/p170/required_gov	4576930549580002901
G/1/demand-latched/p170/s	4605831338911806265
G/1/demand-latched/p170/share_law	580772045163143161
G/1/demand-latched/p170/sp_thrust	4647905880947711532
G/1/demand-latched/p170/v	0
G/1/demand-latched/p170/v_cmd	0
G/1/demand-latched/p170/v_regime	9087740570393753374
G/1/demand-latched/p170/v_regime?	1
G/1/demand-latched/p170/w_fuel	4579163996783506395
G/1/demand-latched/p170/w_fuel?	1
G/1/demand-latched/p170/w_gov	4578814881420953653
G/1/demand-latched/p170/w_gov?	1
G/1/demand-latched/p175/Tt4	4652966490351131836
G/1/demand-latched/p175/authority	15345845413248555367
G/1/demand-latched/p175/b	0
G/1/demand-latched/p175/b_cmd	0
G/1/demand-latched/p175/branch	13126223303132988745
G/1/demand-latched/p175/cap_fuel	4580087057457723349
G/1/demand-latched/p175/cap_fuel?	1
G/1/demand-latched/p175/cap_gov	4578895286301319265
G/1/demand-latched/p175/cap_gov?	1
G/1/demand-latched/p175/f	4581900889327394280
G/1/demand-latched/p175/g	4576957781590062575
G/1/demand-latched/p175/g_fuel	4576504828981972591
G/1/demand-latched/p175/g_gov	4576957781590062575
G/1/demand-latched/p175/ic_iters	1
G/1/demand-latched/p175/ic_order	16448961268219989400
G/1/demand-latched/p175/ic_res	0
G/1/demand-latched/p175/lag_coord	4551893238594259504
G/1/demand-latched/p175/mdot_air	4603720753297307748
G/1/demand-latched/p175/mf	4578841798805204535
G/1/demand-latched/p175/mf_sched	4582403389825004051
G/1/demand-latched/p175/nu_hp	4605546854603955191
G/1/demand-latched/p175/nu_lp	4605282796250112299
G/1/demand-latched/p175/phi_hp	4606471869704747672
G/1/demand-latched/p175/phi_lp	4605202892907486161
G/1/demand-latched/p175/pi_hpc	4616607459215861696
G/1/demand-latched/p175/pi_lpc	4612243355073936027
G/1/demand-latched/p175/required	4576904294093947845
G/1/demand-latched/p175/required_fuel	4575712522937543761
G/1/demand-latched/p175/required_gov	4576904294093947845
G/1/demand-latched/p175/s	4606056518893174790
G/1/demand-latched/p175/share_law	580772045163143161
G/1/demand-latched/p175/sp_thrust	4647912958896867057
G/1/demand-latched/p175/v	0
G/1/demand-latched/p175/v_cmd	0
G/1/demand-latched/p175/v_regime	9087740570393753374
G/1/demand-latched/p175/v_regime?	1
G/1/demand-latched/p175/w_fuel	4579294751413294519
G/1/demand-latched/p175/w_fuel?	1
G/1/demand-latched/p175/w_gov	4578841798805204535
G/1/demand-latched/p175/w_gov?	1
G/1/demand-latched/p180/Tt4	4652967002010619726
G/1/demand-latched/p180/authority	15345845413248555367
G/1/demand-latched/p180/b	0
G/1/demand-latched/p180/b_cmd	0
G/1/demand-latched/p180/branch	13126223303132988745
G/1/demand-latched/p180/cap_fuel	4580196907209431895
G/1/demand-latched/p180/cap_fuel?	1
G/1/demand-latched/p180/cap_gov	4578921019412620749
G/1/demand-latched/p180/cap_gov?	1
G/1/demand-latched/p180/f	4581896828007128125
G/1/demand-latched/p180/g	4576931236281184142
G/1/demand-latched/p180/g_fuel	4576371669748062080
G/1/demand-latched/p180/g_gov	4576931236281184142
G/1/demand-latched/p180/ic_iters	1
G/1/demand-latched/p180/ic_order	16448961268219989400
G/1/demand-latched/p180/ic_res	0
G/1/demand-latched/p180/lag_coord	4551893238594259504
G/1/demand-latched/p180/mdot_air	4603743522622511150
G/1/demand-latched/p180/mf	4578868344114082968
G/1/demand-latched/p180/mf_sched	4582403389825004051
G/1/demand-latched/p180/nu_hp	4605558376422891594
G/1/demand-latched/p180/nu_lp	4605295907173672059
G/1/demand-latched/p180/phi_hp	4606480616549174804
G/1/demand-latched/p180/phi_lp	4605218754937481356
G/1/demand-latched/p180/pi_hpc	4616617520771676946
G/1/demand-latched/p180/pi_lpc	4612253943759699050
G/1/demand-latched/p180/required	4576878560982646361
G/1/demand-latched/p180/required_fuel	4575475952615971568
G/1/demand-latched/p180/required_gov	4576878560982646361
G/1/demand-latched/p180/s	4606281698874543315
G/1/demand-latched/p180/share_law	580772045163143161
G/1/demand-latched/p180/sp_thrust	4647919910750203448
G/1/demand-latched/p180/v	0
G/1/demand-latched/p180/v_cmd	0
G/1/demand-latched/p180/v_regime	9087740570393753374
G/1/demand-latched/p180/v_regime?	1
G/1/demand-latched/p180/w_fuel	4579427910647205030
G/1/demand-latched/p180/w_fuel?	1
G/1/demand-latched/p180/w_gov	4578868344114082968
G/1/demand-latched/p180/w_gov?	1
G/1/demand-latched/p185/Tt4	4652967547143026487
G/1/demand-latched/p185/authority	15345845413248555367
G/1/demand-latched/p185/b	0
G/1/demand-latched/p185/b_cmd	0
G/1/demand-latched/p185/branch	13126223303132988745
G/1/demand-latched/p185/cap_fuel	4580269362823676313
G/1/demand-latched/p185/cap_fuel?	1
G/1/demand-latched/p185/cap_gov	4578946239813976813
G/1/demand-latched/p185/cap_gov?	1
G/1/demand-latched/p185/f	4581892940130744709
G/1/demand-latched/p185/g	4576905120079017124
G/1/demand-latched/p185/g_fuel	4576236629362274269
G/1/demand-latched/p185/g_gov	4576905120079017124
G/1/demand-latched/p185/ic_iters	1
G/1/demand-latched/p185/ic_order	16448961268219989400
G/1/demand-latched/p185/ic_res	0
G/1/demand-latched/p185/lag_coord	4551893238594259504
G/1/demand-latched/p185/mdot_air	4603765856181572886
G/1/demand-latched/p185/mf	4578894460316249986
G/1/demand-latched/p185/mf_sched	4582403389825004051
G/1/demand-latched/p185/nu_hp	4605569666589857650
G/1/demand-latched/p185/nu_lp	4605308725155199358
G/1/demand-latched/p185/phi_hp	4606489163500151650
G/1/demand-latched/p185/phi_lp	4605234298334522820
G/1/demand-latched/p185/pi_hpc	4616627403137557586
G/1/demand-latched/p185/pi_lpc	4612264298120399432
G/1/demand-latched/p185/required	4576853340581290297
G/1/demand-latched/p185/required_fuel	4575186130158993896
G/1/demand-latched/p185/required_gov	4576853340581290297
G/1/demand-latched/p185/s	4606506878855911840
G/1/demand-latched/p185/share_law	580772045163143161
G/1/demand-latched/p185/sp_thrust	4647926715562962860
G/1/demand-latched/p185/v	0
G/1/demand-latched/p185/v_cmd	0
G/1/demand-latched/p185/v_regime	9087740570393753374
G/1/demand-latched/p185/v_regime?	1
G/1/demand-latched/p185/w_fuel	4579562951032992841
G/1/demand-latched/p185/w_fuel?	1
G/1/demand-latched/p185/w_gov	4578894460316249986
G/1/demand-latched/p185/w_gov?	1
G/1/demand-latched/p190/Tt4	4652968106505420136
G/1/demand-latched/p190/authority	15345845413248555367
G/1/demand-latched/p190/b	0
G/1/demand-latched/p190/b_cmd	0
G/1/demand-latched/p190/branch	13126223303132988745
G/1/demand-latched/p190/cap_fuel	4580341284526792798
G/1/demand-latched/p190/cap_fuel?	1
G/1/demand-latched/p190/cap_gov	4578970956040881833
G/1/demand-latched/p190/cap_gov?	1
G/1/demand-latched/p190/f	4581889185973061329
G/1/demand-latched/p190/g	4576879464033011631
G/1/demand-latched/p190/g_fuel	4576100157298641063
G/1/demand-latched/p190/g_gov	4576879464033011631
G/1/demand-latched/p190/ic_iters	1
G/1/demand-latched/p190/ic_order	16448961268219989400
G/1/demand-latched/p190/ic_res	0
G/1/demand-latched/p190/lag_coord	4551893238594259504
G/1/demand-latched/p190/mdot_air	4603787764632639509
G/1/demand-latched/p190/mf	4578920116362255479
G/1/demand-latched/p190/mf_sched	4582403389825004051
G/1/demand-latched/p190/nu_hp	4605580729215864337
G/1/demand-latched/p190/nu_lp	4605321256822967541
G/1/demand-latched/p190/phi_hp	4606497522298358807
G/1/demand-latched/p190/phi_lp	4605249533597054043
G/1/demand-latched/p190/pi_hpc	4616637104775212305
G/1/demand-latched/p190/pi_lpc	4612274422102805807
G/1/demand-latched/p190/required	4576828624354385277
G/1/demand-latched/p190/required_fuel	4574898443346527956
G/1/demand-latched/p190/required_gov	4576828624354385277
G/1/demand-latched/p190/s	4606732058837280365
G/1/demand-latched/p190/share_law	580772045163143161
G/1/demand-latched/p190/sp_thrust	4647933362931482052
G/1/demand-latched/p190/v	0
G/1/demand-latched/p190/v_cmd	0
G/1/demand-latched/p190/v_regime	9087740570393753374
G/1/demand-latched/p190/v_regime?	1
G/1/demand-latched/p190/w_fuel	4579699423096626047
G/1/demand-latched/p190/w_fuel?	1
G/1/demand-latched/p190/w_gov	4578920116362255479
G/1/demand-latched/p190/w_gov?	1
G/1/demand-latched/p195/Tt4	4652968668857559425
G/1/demand-latched/p195/authority	15345845413248555367
G/1/demand-latched/p195/b	0
G/1/demand-latched/p195/b_cmd	0
G/1/demand-latched/p195/branch	13126223303132988745
G/1/demand-latched/p195/cap_fuel	4580412650122444554
G/1/demand-latched/p195/cap_fuel?	1
G/1/demand-latched/p195/cap_gov	4578995175986887620
G/1/demand-latched/p195/cap_gov?	1
G/1/demand-latched/p195/f	4581885541572907814
G/1/demand-latched/p195/g	4576854283765852773
G/1/demand-latched/p195/g_fuel	4575962640773359673
G/1/demand-latched/p195/g_gov	4576854283765852773
G/1/demand-latched/p195/ic_iters	1
G/1/demand-latched/p195/ic_order	16448961268219989400
G/1/demand-latched/p195/ic_res	0
G/1/demand-latched/p195/lag_coord	4551893238594259504
G/1/demand-latched/p195/mdot_air	4603809256174248919
G/1/demand-latched/p195/mf	4578945296629414337
G/1/demand-latched/p195/mf_sched	4582403389825004051
G/1/demand-latched/p195/nu_hp	4605591568100780479
G/1/demand-latched/p195/nu_lp	4605333508348548336
G/1/demand-latched/p195/phi_hp	4606505700997081048
G/1/demand-latched/p195/phi_lp	4605264468375593112
G/1/demand-latched/p195/pi_hpc	4616646625681536693
G/1/demand-latched/p195/pi_lpc	4612284319779415398
G/1/demand-latched/p195/required	4576804404408379490
G/1/demand-latched/p195/required_fuel	4574612980963920932
G/1/demand-latched/p195/required_gov	4576804404408379490
G/1/demand-latched/p195/s	4606957238818648890
G/1/demand-latched/p195/share_law	580772045163143161
G/1/demand-latched/p195/sp_thrust	4647939848615424515
G/1/demand-latched/p195/v	0
G/1/demand-latched/p195/v_cmd	0
G/1/demand-latched/p195/v_regime	9087740570393753374
G/1/demand-latched/p195/v_regime?	1
G/1/demand-latched/p195/w_fuel	4579836939621907437
G/1/demand-latched/p195/w_fuel?	1
G/1/demand-latched/p195/w_gov	4578945296629414337
G/1/demand-latched/p195/w_gov?	1
G/1/demand-latched/p20/Tt4	4652248457980076626
G/1/demand-latched/p20/authority	9674992558986367437
G/1/demand-latched/p20/b	0
G/1/demand-latched/p20/b_cmd	0
G/1/demand-latched/p20/branch	13126223303132988745
G/1/demand-latched/p20/cap_fuel	4577336496855271021
G/1/demand-latched/p20/cap_fuel?	1
G/1/demand-latched/p20/cap_gov	4578250680026864982
G/1/demand-latched/p20/cap_gov?	1
G/1/demand-latched/p20/f	4580620849942237665
G/1/demand-latched/p20/g	4567457614705521212
G/1/demand-latched/p20/g_fuel	4567457614705521212
G/1/demand-latched/p20/g_gov	4563172593079267240
G/1/demand-latched/p20/ic_iters	1
G/1/demand-latched/p20/ic_order	16448961268219989400
G/1/demand-latched/p20/ic_res	0
G/1/demand-latched/p20/lag_coord	4551893238594259504
G/1/demand-latched/p20/mdot_air	4603409784927127410
G/1/demand-latched/p20/mf	4576922881982062791
G/1/demand-latched/p20/mf_sched	4578250680026864982
G/1/demand-latched/p20/nu_hp	4605293652414238383
G/1/demand-latched/p20/nu_lp	4604987927083061509
G/1/demand-latched/p20/phi_hp	4606606933471839307
G/1/demand-latched/p20/phi_lp	4605095929577932535
G/1/demand-latched/p20/pi_hpc	4616231282664564396
G/1/demand-latched/p20/pi_lpc	4611967442112309668
G/1/demand-latched/p20/required	4564956288271693640
G/1/demand-latched/p20/required_fuel	4564956288271693640
G/1/demand-latched/p20/required_gov	0
G/1/demand-latched/p20/s	4591870180066957723
G/1/demand-latched/p20/share_law	580772045163143161
G/1/demand-latched/p20/sp_thrust	4646614958858549502
G/1/demand-latched/p20/v	0
G/1/demand-latched/p20/v_cmd	0
G/1/demand-latched/p20/v_regime	9087740570393753374
G/1/demand-latched/p20/v_regime?	1
G/1/demand-latched/p20/w_fuel	4576922881982062791
G/1/demand-latched/p20/w_fuel?	1
G/1/demand-latched/p20/w_gov	4577559458754324321
G/1/demand-latched/p20/w_gov?	1
G/1/demand-latched/p200/Tt4	4652969227674658663
G/1/demand-latched/p200/authority	15345845413248555367
G/1/demand-latched/p200/b	0
G/1/demand-latched/p200/b_cmd	0
G/1/demand-latched/p200/branch	13126223303132988745
G/1/demand-latched/p200/cap_fuel	4580483437522516193
G/1/demand-latched/p200/cap_fuel?	1
G/1/demand-latched/p200/cap_gov	4579018907187776827
G/1/demand-latched/p200/cap_gov?	1
G/1/demand-latched/p200/f	4581881992262079865
G/1/demand-latched/p200/g	4576829585730454425
G/1/demand-latched/p200/g_fuel	4575824414370291922
G/1/demand-latched/p200/g_gov	4576829585730454425
G/1/demand-latched/p200/ic_iters	1
G/1/demand-latched/p200/ic_order	16448961268219989400
G/1/demand-latched/p200/ic_res	0
G/1/demand-latched/p200/lag_coord	4551893238594259504
G/1/demand-latched/p200/mdot_air	4603830337594483365
G/1/demand-latched/p200/mf	4578969994664812685
G/1/demand-latched/p200/mf_sched	4582403389825004051
G/1/demand-latched/p200/nu_hp	4605602186861359029
G/1/demand-latched/p200/nu_lp	4605345485601908465
G/1/demand-latched/p200/phi_hp	4606513705474829445
G/1/demand-latched/p200/phi_lp	4605279108672399644
G/1/demand-latched/p200/pi_hpc	4616655966774339507
G/1/demand-latched/p200/pi_lpc	4612293995285525430
G/1/demand-latched/p200/required	4576780673207490283
G/1/demand-latched/p200/required_fuel	4574329831363634376
G/1/demand-latched/p200/required_gov	4576780673207490283
G/1/demand-latched/p200/s	4607182418800017411
G/1/demand-latched/p200/share_law	580772045163143161
G/1/demand-latched/p200/sp_thrust	4647946171958006398
G/1/demand-latched/p200/v	0
G/1/demand-latched/p200/v_cmd	0
G/1/demand-latched/p200/v_regime	9087740570393753374
G/1/demand-latched/p200/v_regime?	1
G/1/demand-latched/p200/w_fuel	4579975166024975188
G/1/demand-latched/p200/w_fuel?	1
G/1/demand-latched/p200/w_gov	4578969994664812685
G/1/demand-latched/p200/w_gov?	1
G/1/demand-latched/p205/Tt4	4652969779210587034
G/1/demand-latched/p205/authority	15345845413248555367
G/1/demand-latched/p205/b	0
G/1/demand-latched/p205/b_cmd	0
G/1/demand-latched/p205/branch	13126223303132988745
G/1/demand-latched/p205/cap_fuel	4580553625189060949
G/1/demand-latched/p205/cap_fuel?	1
G/1/demand-latched/p205/cap_gov	4579042156985644997
G/1/demand-latched/p205/cap_gov?	1
G/1/demand-latched/p205/f	4581878528853555249
G/1/demand-latched/p205/g	4576805370920839159
G/1/demand-latched/p205/g_fuel	4575685768012166380
G/1/demand-latched/p205/g_gov	4576805370920839159
G/1/demand-latched/p205/ic_iters	1
G/1/demand-latched/p205/ic_order	16448961268219989400
G/1/demand-latched/p205/ic_res	0
G/1/demand-latched/p205/lag_coord	4551893238594259504
G/1/demand-latched/p205/mdot_air	4603851014886636829
G/1/demand-latched/p205/mf	4578994209474427951
G/1/demand-latched/p205/mf_sched	4582403389825004051
G/1/demand-latched/p205/nu_hp	4605612589005717774
G/1/demand-latched/p205/nu_lp	4605357194242851334
G/1/demand-latched/p205/phi_hp	4606521540325231190
G/1/demand-latched/p205/phi_lp	4605293459544928072
G/1/demand-latched/p205/pi_hpc	4616665129527574382
G/1/demand-latched/p205/pi_lpc	4612303452780177450
G/1/demand-latched/p205/required	4576757423409622113
G/1/demand-latched/p205/required_fuel	4574049080697455352
G/1/demand-latched/p205/required_gov	4576757423409622113
G/1/demand-latched/p205/s	4607295008790701671
G/1/demand-latched/p205/share_law	580772045163143161
G/1/demand-latched/p205/sp_thrust	4647952334366112074
G/1/demand-latched/p205/v	0
G/1/demand-latched/p205/v_cmd	0
G/1/demand-latched/p205/v_regime	9087740570393753374
G/1/demand-latched/p205/v_regime?	1
G/1/demand-latched/p205/w_fuel	4580113812383100730
G/1/demand-latched/p205/w_fuel?	1
G/1/demand-latched/p205/w_gov	4578994209474427951
G/1/demand-latched/p205/w_gov?	1
G/1/demand-latched/p210/Tt4	4652970321356516901
G/1/demand-latched/p210/authority	15345845413248555367
G/1/demand-latched/p210/b	0
G/1/demand-latched/p210/b_cmd	0
G/1/demand-latched/p210/branch	13126223303132988745
G/1/demand-latched/p210/cap_fuel	4580623192395051915
G/1/demand-latched/p210/cap_fuel?	1
G/1/demand-latched/p210/cap_gov	4579064932622088868
G/1/demand-latched/p210/cap_gov?	1
G/1/demand-latched/p210/f	4581875145395863911
G/1/demand-latched/p210/g	4576781637074656513
G/1/demand-latched/p210/g_fuel	4575436685798111256
G/1/demand-latched/p210/g_gov	4576781637074656513
G/1/demand-latched/p210/ic_iters	1
G/1/demand-latched/p210/ic_order	16448961268219989400
G/1/demand-latched/p210/ic_res	0
G/1/demand-latched/p210/lag_coord	4551893238594259504
G/1/demand-latched/p210/mdot_air	4603871293609001578
G/1/demand-latched/p210/mf	4579017943320610597
G/1/demand-latched/p210/mf_sched	4582403389825004051
G/1/demand-latched/p210/nu_hp	4605622777976225561
G/1/demand-latched/p210/nu_lp	4605368639774877320
G/1/demand-latched/p210/phi_hp	4606529209380320350
G/1/demand-latched/p210/phi_lp	4605307525517143882
G/1/demand-latched/p210/pi_hpc	4616674115754237751
G/1/demand-latched/p210/pi_lpc	4612312696421539392
G/1/demand-latched/p210/required	4576734647773178242
G/1/demand-latched/p210/required_fuel	4573770811873491488
G/1/demand-latched/p210/required_gov	4576734647773178242
G/1/demand-latched/p210/s	4607407598781385931
G/1/demand-latched/p210/share_law	580772045163143161
G/1/demand-latched/p210/sp_thrust	4647958338415259651
G/1/demand-latched/p210/v	0
G/1/demand-latched/p210/v_cmd	0
G/1/demand-latched/p210/v_regime	9087740570393753374
G/1/demand-latched/p210/v_regime?	1
G/1/demand-latched/p210/w_fuel	4580206723913896973
G/1/demand-latched/p210/w_fuel?	1
G/1/demand-latched/p210/w_gov	4579017943320610597
G/1/demand-latched/p210/w_gov?	1
G/1/demand-latched/p215/Tt4	4652970852968197313
G/1/demand-latched/p215/authority	15345845413248555367
G/1/demand-latched/p215/b	0
G/1/demand-latched/p215/b_cmd	0
G/1/demand-latched/p215/branch	13126223303132988745
G/1/demand-latched/p215/cap_fuel	4580692119375381148
G/1/demand-latched/p215/cap_fuel?	1
G/1/demand-latched/p215/cap_gov	4579087241289623588
G/1/demand-latched/p215/cap_gov?	1
G/1/demand-latched/p215/f	4581871837849990008
G/1/demand-latched/p215/g	4576758379982028568
G/1/demand-latched/p215/g_fuel	4575159159773580816
G/1/demand-latched/p215/g_gov	4576758379982028568
G/1/demand-latched/p215/ic_iters	1
G/1/demand-latched/p215/ic_order	16448961268219989400
G/1/demand-latched/p215/ic_res	0
G/1/demand-latched/p215/lag_coord	4551893238594259504
G/1/demand-latched/p215/mdot_air	4603891179093668547
G/1/demand-latched/p215/mf	4579041200413238542
G/1/demand-latched/p215/mf_sched	4582403389825004051
G/1/demand-latched/p215/nu_hp	4605632757173766898
G/1/demand-latched/p215/nu_lp	4605379827576871208
G/1/demand-latched/p215/phi_hp	4606536716018008023
G/1/demand-latched/p215/phi_lp	4605321310818892966
G/1/demand-latched/p215/pi_hpc	4616682927476676943
G/1/demand-latched/p215/pi_lpc	4612321730351052224
G/1/demand-latched/p215/required	4576712339105643522
G/1/demand-latched/p215/required_fuel	4573495103952174556
G/1/demand-latched/p215/required_gov	4576712339105643522
G/1/demand-latched/p215/s	4607520188772070191
G/1/demand-latched/p215/share_law	580772045163143161
G/1/demand-latched/p215/sp_thrust	4647964187322973128
G/1/demand-latched/p215/v	0
G/1/demand-latched/p215/v_cmd	0
G/1/demand-latched/p215/v_regime	9087740570393753374
G/1/demand-latched/p215/v_regime?	1
G/1/demand-latched/p215/w_fuel	4580276105420029583
G/1/demand-latched/p215/w_fuel?	1
G/1/demand-latched/p215/w_gov	4579041200413238542
G/1/demand-latched/p215/w_gov?	1
G/1/demand-latched/p220/Tt4	4652971373469354641
G/1/demand-latched/p220/authority	15345845413248555367
G/1/demand-latched/p220/b	0
G/1/demand-latched/p220/b_cmd	0
G/1/demand-latched/p220/branch	13126223303132988745
G/1/demand-latched/p220/cap_fuel	4580760387411113313
G/1/demand-latched/p220/cap_fuel?	1
G/1/demand-latched/p220/cap_gov	4579109090158565583
G/1/demand-latched/p220/cap_gov?	1
G/1/demand-latched/p220/f	4581868603309765599
G/1/demand-latched/p220/g	4576735594264825826
G/1/demand-latched/p220/g_fuel	4574882119868921292
G/1/demand-latched/p220/g_gov	4576735594264825826
G/1/demand-latched/p220/ic_iters	1
G/1/demand-latched/p220/ic_order	16448961268219989400
G/1/demand-latched/p220/ic_res	0
G/1/demand-latched/p220/lag_coord	4551893238594259504
G/1/demand-latched/p220/mdot_air	4603910676566293419
G/1/demand-latched/p220/mf	4579063986130441284
G/1/demand-latched/p220/mf_sched	4582403389825004051
G/1/demand-latched/p220/nu_hp	4605642529971051844
G/1/demand-latched/p220/nu_lp	4605390762921722335
G/1/demand-latched/p220/phi_hp	4606544063342498134
G/1/demand-latched/p220/phi_lp	4605334819524113920
G/1/demand-latched/p220/pi_hpc	4616691566848657827
G/1/demand-latched/p220/pi_lpc	4612330558682930856
G/1/demand-latched/p220/required	4576690490236701527
G/1/demand-latched/p220/required_fuel	4573222031809245896
G/1/demand-latched/p220/required_gov	4576690490236701527
G/1/demand-latched/p220/s	4607632778762754451
G/1/demand-latched/p220/share_law	580772045163143161
G/1/demand-latched/p220/sp_thrust	4647969884639378140
G/1/demand-latched/p220/v	0
G/1/demand-latched/p220/v_cmd	0
G/1/demand-latched/p220/v_regime	9087740570393753374
G/1/demand-latched/p220/v_regime?	1
G/1/demand-latched/p220/w_fuel	4580345365396194464
G/1/demand-latched/p220/w_fuel?	1
G/1/demand-latched/p220/w_gov	4579063986130441284
G/1/demand-latched/p220/w_gov?	1
G/1/demand-latched/p225/Tt4	4652971882617820514
G/1/demand-latched/p225/authority	15345845413248555367
G/1/demand-latched/p225/b	0
G/1/demand-latched/p225/b_cmd	0
G/1/demand-latched/p225/branch	13126223303132988745
G/1/demand-latched/p225/cap_fuel	4580827978872900953
G/1/demand-latched/p225/cap_fuel?	1
G/1/demand-latched/p225/cap_gov	4579130486389581318
G/1/demand-latched/p225/cap_gov?	1
G/1/demand-latched/p225/f	4581865439542493372
G/1/demand-latched/p225/g	4576713273842049678
G/1/demand-latched/p225/g_fuel	4574605901715521636
G/1/demand-latched/p225/g_gov	4576713273842049678
G/1/demand-latched/p225/ic_iters	1
G/1/demand-latched/p225/ic_order	16448961268219989400
G/1/demand-latched/p225/ic_res	0
G/1/demand-latched/p225/lag_coord	4551893238594259504
G/1/demand-latched/p225/mdot_air	4603929791213419053
G/1/demand-latched/p225/mf	4579086306553217432
G/1/demand-latched/p225/mf_sched	4582403389825004051
G/1/demand-latched/p225/nu_hp	4605652099719502143
G/1/demand-latched/p225/nu_lp	4605401450987257910
G/1/demand-latched/p225/phi_hp	4606551254289913266
G/1/demand-latched/p225/phi_lp	4605348055629590250
G/1/demand-latched/p225/pi_hpc	4616700036108099687
G/1/demand-latched/p225/pi_lpc	4612339185496968574
G/1/demand-latched/p225/required	4576669094005685792
G/1/demand-latched/p225/required_fuel	4572951665962095336
G/1/demand-latched/p225/required_gov	4576669094005685792
G/1/demand-latched/p225/s	4607745368753438711
G/1/demand-latched/p225/share_law	580772045163143161
G/1/demand-latched/p225/sp_thrust	4647975434065883100
G/1/demand-latched/p225/v	0
G/1/demand-latched/p225/v_cmd	0
G/1/demand-latched/p225/v_regime	9087740570393753374
G/1/demand-latched/p225/v_regime?	1
G/1/demand-latched/p225/w_fuel	4580414419934544378
G/1/demand-latched/p225/w_fuel?	1
G/1/demand-latched/p225/w_gov	4579086306553217432
G/1/demand-latched/p225/w_gov?	1
G/1/demand-latched/p230/Tt4	4652972380367574022
G/1/demand-latched/p230/authority	15345845413248555367
G/1/demand-latched/p230/b	0
G/1/demand-latched/p230/b_cmd	0
G/1/demand-latched/p230/branch	13126223303132988745
G/1/demand-latched/p230/cap_fuel	4580894877239187458
G/1/demand-latched/p230/cap_fuel?	1
G/1/demand-latched/p230/cap_gov	4579151437137935378
G/1/demand-latched/p230/cap_gov?	1
G/1/demand-latched/p230/f	4581862344718272384
G/1/demand-latched/p230/g	4576691412209080722
G/1/demand-latched/p230/g_fuel	4574330799895809460
G/1/demand-latched/p230/g_gov	4576691412209080722
G/1/demand-latched/p230/ic_iters	1
G/1/demand-latched/p230/ic_order	16448961268219989400
G/1/demand-latched/p230/ic_res	0
G/1/demand-latched/p230/lag_coord	4551893238594259504
G/1/demand-latched/p230/mdot_air	4603948528218965452
G/1/demand-latched/p230/mf	4579108168186186388
G/1/demand-latched/p230/mf_sched	4582403389825004051
G/1/demand-latched/p230/nu_hp	4605661469752390977
G/1/demand-latched/p230/nu_lp	4605411896862668145
G/1/demand-latched/p230/phi_hp	4606558291689905676
G/1/demand-latched/p230/phi_lp	4605361023098803398
G/1/demand-latched/p230/pi_hpc	4616708337547998105
G/1/demand-latched/p230/pi_lpc	4612347614833410621
G/1/demand-latched/p230/required	4576648143257331732
G/1/demand-latched/p230/required_fuel	4572684072496949316
G/1/demand-latched/p230/required_gov	4576648143257331732
G/1/demand-latched/p230/s	4607857958744122971
G/1/demand-latched/p230/share_law	580772045163143161
G/1/demand-latched/p230/sp_thrust	4647980839349383828
G/1/demand-latched/p230/v	0
G/1/demand-latched/p230/v_cmd	0
G/1/demand-latched/p230/v_regime	9087740570393753374
G/1/demand-latched/p230/v_regime?	1
G/1/demand-latched/p230/w_fuel	4580483195389472422
G/1/demand-latched/p230/w_fuel?	1
G/1/demand-latched/p230/w_gov	4579108168186186388
G/1/demand-latched/p230/w_gov?	1
G/1/demand-latched/p235/Tt4	4652972866787327212
G/1/demand-latched/p235/authority	15345845413248555367
G/1/demand-latched/p235/b	0
G/1/demand-latched/p235/b_cmd	0
G/1/demand-latched/p235/branch	13126223303132988745
G/1/demand-latched/p235/cap_fuel	4580961067098643491
G/1/demand-latched/p235/cap_fuel?	1
G/1/demand-latched/p235/cap_gov	4579171949553004852
G/1/demand-latched/p235/cap_gov?	1
G/1/demand-latched/p235/f	4581859317250532206
G/1/demand-latched/p235/g	4576670002606476317
G/1/demand-latched/p235/g_fuel	4574057073563350720
G/1/demand-latched/p235/g_gov	4576670002606476317
G/1/demand-latched/p235/ic_iters	1
G/1/demand-latched/p235/ic_order	16448961268219989400
G/1/demand-latched/p235/ic_res	0
G/1/demand-latched/p235/lag_coord	4551893238594259504
G/1/demand-latched/p235/mdot_air	4603966892782650800
G/1/demand-latched/p235/mf	4579129577788790793
G/1/demand-latched/p235/mf_sched	4582403389825004051
G/1/demand-latched/p235/nu_hp	4605670643385818027
G/1/demand-latched/p235/nu_lp	4605422105552300454
G/1/demand-latched/p235/phi_hp	4606565178301377413
G/1/demand-latched/p235/phi_lp	4605373725885353977
G/1/demand-latched/p235/pi_hpc	4616716473498152077
G/1/demand-latched/p235/pi_lpc	4612355850689152256
G/1/demand-latched/p235/required	4576627630842262258
G/1/demand-latched/p235/required_fuel	4572419313059125184
G/1/demand-latched/p235/required_gov	4576627630842262258
G/1/demand-latched/p235/s	4607970548734807231
G/1/demand-latched/p235/share_law	580772045163143161
G/1/demand-latched/p235/sp_thrust	4647986104220994099
G/1/demand-latched/p235/v	0
G/1/demand-latched/p235/v_cmd	0
G/1/demand-latched/p235/v_regime	9087740570393753374
G/1/demand-latched/p235/v_regime?	1
G/1/demand-latched/p235/w_fuel	4580551626972587107
G/1/demand-latched/p235/w_fuel?	1
G/1/demand-latched/p235/w_gov	4579129577788790793
G/1/demand-latched/p235/w_gov?	1
G/1/demand-latched/p240/Tt4	4652973342012450758
G/1/demand-latched/p240/authority	15345845413248555367
G/1/demand-latched/p240/b	0
G/1/demand-latched/p240/b_cmd	0
G/1/demand-latched/p240/branch	13126223303132988745
G/1/demand-latched/p240/cap_fuel	4581026534142569550
G/1/demand-latched/p240/cap_fuel?	1
G/1/demand-latched/p240/cap_gov	4579192030775166242
G/1/demand-latched/p240/cap_gov?	1
G/1/demand-latched/p240/f	4581856355702110108
G/1/demand-latched/p240/g	4576649038123154152
G/1/demand-latched/p240/g_fuel	4573784951202056752
G/1/demand-latched/p240/g_gov	4576649038123154152
G/1/demand-latched/p240/ic_iters	1
G/1/demand-latched/p240/ic_order	16448961268219989400
G/1/demand-latched/p240/ic_res	0
G/1/demand-latched/p240/lag_coord	4551893238594259504
G/1/demand-latched/p240/mdot_air	4603984890127881534
G/1/demand-latched/p240/mf	4579150542272112958
G/1/demand-latched/p240/mf_sched	4582403389825004051
G/1/demand-latched/p240/nu_hp	4605679623918453770
G/1/demand-latched/p240/nu_lp	4605432081977930657
G/1/demand-latched/p240/phi_hp	4606571916832983387
G/1/demand-latched/p240/phi_lp	4605386167944472115
G/1/demand-latched/p240/pi_hpc	4616724446313326788
G/1/demand-latched/p240/pi_lpc	4612363897014810661
G/1/demand-latched/p240/required	4576607549620100868
G/1/demand-latched/p240/required_fuel	4572157444883420948
G/1/demand-latched/p240/required_gov	4576607549620100868
G/1/demand-latched/p240/s	4608083138725491491
G/1/demand-latched/p240/share_law	580772045163143161
G/1/demand-latched/p240/sp_thrust	4647991232361019993
G/1/demand-latched/p240/v	0
G/1/demand-latched/p240/v_cmd	0
G/1/demand-latched/p240/v_regime	9087740570393753374
G/1/demand-latched/p240/v_regime?	1
G/1/demand-latched/p240/w_fuel	4580619657562910599
G/1/demand-latched/p240/w_fuel?	1
G/1/demand-latched/p240/w_gov	4579150542272112958
G/1/demand-latched/p240/w_gov?	1
G/1/demand-latched/p245/Tt4	4652973806216563004
G/1/demand-latched/p245/authority	15345845413248555367
G/1/demand-latched/p245/b	0
G/1/demand-latched/p245/b_cmd	0
G/1/demand-latched/p245/branch	13126223303132988745
G/1/demand-latched/p245/cap_fuel	4581091265150764745
G/1/demand-latched/p245/cap_fuel?	1
G/1/demand-latched/p245/cap_gov	4579211687931296192
G/1/demand-latched/p245/cap_gov?	1
G/1/demand-latched/p245/f	4581853458729958349
G/1/demand-latched/p245/g	4576628511760526988
G/1/demand-latched/p245/g_fuel	4573514634661631468
G/1/demand-latched/p245/g_gov	4576628511760526988
G/1/demand-latched/p245/ic_iters	1
G/1/demand-latched/p245/ic_order	16448961268219989400
G/1/demand-latched/p245/ic_res	0
G/1/demand-latched/p245/lag_coord	4551893238594259504
G/1/demand-latched/p245/mdot_air	4604002525503561528
G/1/demand-latched/p245/mf	4579171068634740122
G/1/demand-latched/p245/mf_sched	4582403389825004051
G/1/demand-latched/p245/nu_hp	4605688414630603996
G/1/demand-latched/p245/nu_lp	4605441830980164470
G/1/demand-latched/p245/phi_hp	4606578509954704381
G/1/demand-latched/p245/phi_lp	4605398353237634366
G/1/demand-latched/p245/pi_hpc	4616732258365266526
G/1/demand-latched/p245/pi_lpc	4612371757712396202
G/1/demand-latched/p245/required	4576587892463970918
G/1/demand-latched/p245/required_fuel	4571898520850640168
G/1/demand-latched/p245/required_gov	4576587892463970918
G/1/demand-latched/p245/s	4608195728716175751
G/1/demand-latched/p245/share_law	580772045163143161
G/1/demand-latched/p245/sp_thrust	4647996227379394127
G/1/demand-latched/p245/v	0
G/1/demand-latched/p245/v_cmd	0
G/1/demand-latched/p245/v_regime	9087740570393753374
G/1/demand-latched/p245/v_regime?	1
G/1/demand-latched/p245/w_fuel	4580687236698016920
G/1/demand-latched/p245/w_fuel?	1
G/1/demand-latched/p245/w_gov	4579171068634740122
G/1/demand-latched/p245/w_gov?	1
G/1/demand-latched/p25/Tt4	4652279846026545974
G/1/demand-latched/p25/authority	9674992558986367437
G/1/demand-latched/p25/b	0
G/1/demand-latched/p25/b_cmd	0
G/1/demand-latched/p25/branch	13126223303132988745
G/1/demand-latched/p25/cap_fuel	4577363177476070206
G/1/demand-latched/p25/cap_fuel?	1
G/1/demand-latched/p25/cap_gov	4578339208269912609
G/1/demand-latched/p25/cap_gov?	1
G/1/demand-latched/p25/f	4580680005982067138
G/1/demand-latched/p25/g	4568794295389911304
G/1/demand-latched/p25/g_fuel	4568794295389911304
G/1/demand-latched/p25/g_gov	4563947081621904144
G/1/demand-latched/p25/ic_iters	1
G/1/demand-latched/p25/ic_order	16448961268219989400
G/1/demand-latched/p25/ic_res	0
G/1/demand-latched/p25/lag_coord	4551893238594259504
G/1/demand-latched/p25/mdot_air	4603406895309902747
G/1/demand-latched/p25/mf	4576988416722674562
G/1/demand-latched/p25/mf_sched	4578650384938574276
G/1/demand-latched/p25/nu_hp	4605296521211603047
G/1/demand-latched/p25/nu_lp	4604991391206249952
G/1/demand-latched/p25/phi_hp	4606593527553800268
G/1/demand-latched/p25/phi_lp	4605088593854493618
G/1/demand-latched/p25/pi_hpc	4616241056575530055
G/1/demand-latched/p25/pi_lpc	4611971996155901119
G/1/demand-latched/p25/required	4567295252376328728
G/1/demand-latched/p25/required_fuel	4567295252376328728
G/1/demand-latched/p25/required_gov	4558118049970158128
G/1/demand-latched/p25/s	4593671619917905921
G/1/demand-latched/p25/share_law	580772045163143161
G/1/demand-latched/p25/sp_thrust	4646671917183537901
G/1/demand-latched/p25/v	0
G/1/demand-latched/p25/v_cmd	0
G/1/demand-latched/p25/v_regime	9087740570393753374
G/1/demand-latched/p25/v_regime?	1
G/1/demand-latched/p25/w_fuel	4576988416722674562
G/1/demand-latched/p25/w_fuel?	1
G/1/demand-latched/p25/w_gov	4577862352598204002
G/1/demand-latched/p25/w_gov?	1
G/1/demand-latched/p250/Tt4	4652974259594719868
G/1/demand-latched/p250/authority	15345845413248555367
G/1/demand-latched/p250/b	0
G/1/demand-latched/p250/b_cmd	0
G/1/demand-latched/p250/branch	13126223303132988745
G/1/demand-latched/p250/cap_fuel	4581155247973018916
G/1/demand-latched/p250/cap_fuel?	1
G/1/demand-latched/p250/cap_gov	4579230928129615414
G/1/demand-latched/p250/cap_gov?	1
G/1/demand-latched/p250/f	4581850625052618848
G/1/demand-latched/p250/g	4576608416473330448
G/1/demand-latched/p250/g_fuel	4573246302583648228
G/1/demand-latched/p250/g_gov	4576608416473330448
G/1/demand-latched/p250/ic_iters	1
G/1/demand-latched/p250/ic_order	16448961268219989400
G/1/demand-latched/p250/ic_res	0
G/1/demand-latched/p250/lag_coord	4551893238594259504
G/1/demand-latched/p250/mdot_air	4604019804182446750
G/1/demand-latched/p250/mf	4579191163921936662
G/1/demand-latched/p250/mf_sched	4582403389825004051
G/1/demand-latched/p250/nu_hp	4605697018782919051
G/1/demand-latched/p250/nu_lp	4605451357319353700
G/1/demand-latched/p250/phi_hp	4606584960304192611
G/1/demand-latched/p250/phi_lp	4605410285733240014
G/1/demand-latched/p250/pi_hpc	4616739912037027767
G/1/demand-latched/p250/pi_lpc	4612379436633414289
G/1/demand-latched/p250/required	4576568652265651696
G/1/demand-latched/p250/required_fuel	4571642589561623484
G/1/demand-latched/p250/required_gov	4576568652265651696
G/1/demand-latched/p250/s	4608308318706860011
G/1/demand-latched/p250/share_law	580772045163143161
G/1/demand-latched/p250/sp_thrust	4648001092805208198
G/1/demand-latched/p250/v	0
G/1/demand-latched/p250/v_cmd	0
G/1/demand-latched/p250/v_regime	9087740570393753374
G/1/demand-latched/p250/v_regime?	1
G/1/demand-latched/p250/w_fuel	4580754319717512730
G/1/demand-latched/p250/w_fuel?	1
G/1/demand-latched/p250/w_gov	4579191163921936662
G/1/demand-latched/p250/w_gov?	1
G/1/demand-latched/p255/Tt4	4652974702353451748
G/1/demand-latched/p255/authority	15345845413248555367
G/1/demand-latched/p255/b	0
G/1/demand-latched/p255/b_cmd	0
G/1/demand-latched/p255/branch	13126223303132988745
G/1/demand-latched/p255/cap_fuel	4581218471507578592
G/1/demand-latched/p255/cap_fuel?	1
G/1/demand-latched/p255/cap_gov	4579249758454301875
G/1/demand-latched/p255/cap_gov?	1
G/1/demand-latched/p255/f	4581847853431114215
G/1/demand-latched/p255/g	4576588745196474657
G/1/demand-latched/p255/g_fuel	4572980113314035584
G/1/demand-latched/p255/g_gov	4576588745196474657
G/1/demand-latched/p255/ic_iters	1
G/1/demand-latched/p255/ic_order	16448961268219989400
G/1/demand-latched/p255/ic_res	0
G/1/demand-latched/p255/lag_coord	4551893238594259504
G/1/demand-latched/p255/mdot_air	4604036731457594039
G/1/demand-latched/p255/mf	4579210835198792453
G/1/demand-latched/p255/mf_sched	4582403389825004051
G/1/demand-latched/p255/nu_hp	4605705439614938414
G/1/demand-latched/p255/nu_lp	4605460665676252767
G/1/demand-latched/p255/phi_hp	4606591270490070671
G/1/demand-latched/p255/phi_lp	4605421969405083193
G/1/demand-latched/p255/pi_hpc	4616747409718726600
G/1/demand-latched/p255/pi_lpc	4612386937577292584
G/1/demand-latched/p255/required	4576549821940965235
G/1/demand-latched/p255/required_fuel	4571389695423384780
G/1/demand-latched/p255/required_gov	4576549821940965235
G/1/demand-latched/p255/s	4608420908697544271
G/1/demand-latched/p255/share_law	580772045163143161
G/1/demand-latched/p255/sp_thrust	4648005832081590731
G/1/demand-latched/p255/v	0
G/1/demand-latched/p255/v_cmd	0
G/1/demand-latched/p255/v_regime	9087740570393753374
G/1/demand-latched/p255/v_regime?	1
G/1/demand-latched/p255/w_fuel	4580820867034915891
G/1/demand-latched/p255/w_fuel?	1
G/1/demand-latched/p255/w_gov	4579210835198792453
G/1/demand-latched/p255/w_gov?	1
G/1/demand-latched/p260/Tt4	4652975134704844142
G/1/demand-latched/p260/authority	15345845413248555367
G/1/demand-latched/p260/b	0
G/1/demand-latched/p260/b_cmd	0
G/1/demand-latched/p260/branch	13126223303132988745
G/1/demand-latched/p260/cap_fuel	4581280925677449462
G/1/demand-latched/p260/cap_fuel?	1
G/1/demand-latched/p260/cap_gov	4579268185960119688
G/1/demand-latched/p260/cap_gov?	1
G/1/demand-latched/p260/f	4581845142657742388
G/1/demand-latched/p260/g	4576569490863452730
G/1/demand-latched/p260/g_fuel	4572716207382384704
G/1/demand-latched/p260/g_gov	4576569490863452730
G/1/demand-latched/p260/ic_iters	1
G/1/demand-latched/p260/ic_order	16448961268219989400
G/1/demand-latched/p260/ic_res	0
G/1/demand-latched/p260/lag_coord	4551893238594259504
G/1/demand-latched/p260/mdot_air	4604053312637815852
G/1/demand-latched/p260/mf	4579230089531814380
G/1/demand-latched/p260/mf_sched	4582403389825004051
G/1/demand-latched/p260/nu_hp	4605713680343582023
G/1/demand-latched/p260/nu_lp	4605469760652547265
G/1/demand-latched/p260/phi_hp	4606597443093467763
G/1/demand-latched/p260/phi_lp	4605433408229640151
G/1/demand-latched/p260/pi_hpc	4616754753804163998
G/1/demand-latched/p260/pi_lpc	4612394264290066467
G/1/demand-latched/p260/required	4576531394435147422
G/1/demand-latched/p260/required_fuel	4571126135706749160
G/1/demand-latched/p260/required_gov	4576531394435147422
G/1/demand-latched/p260/s	4608533498688228531
G/1/demand-latched/p260/share_law	580772045163143161
G/1/demand-latched/p260/sp_thrust	4648010448563715545
G/1/demand-latched/p260/v	0
G/1/demand-latched/p260/v_cmd	0
G/1/demand-latched/p260/v_regime	9087740570393753374
G/1/demand-latched/p260/v_regime?	1
G/1/demand-latched/p260/w_fuel	4580886843517828611
G/1/demand-latched/p260/w_fuel?	1
G/1/demand-latched/p260/w_gov	4579230089531814380
G/1/demand-latched/p260/w_gov?	1
G/1/demand-latched/p265/Tt4	4652975556863008624
G/1/demand-latched/p265/authority	15345845413248555367
G/1/demand-latched/p265/b	0
G/1/demand-latched/p265/b_cmd	0
G/1/demand-latched/p265/branch	13126223303132988745
G/1/demand-latched/p265/cap_fuel	4581342601405104199
G/1/demand-latched/p265/cap_fuel?	1
G/1/demand-latched/p265/cap_gov	4579286217667204032
G/1/demand-latched/p265/cap_gov?	1
G/1/demand-latched/p265/f	4581842491549524778
G/1/demand-latched/p265/g	4576550646419589560
G/1/demand-latched/p265/g_fuel	4572454709615716664
G/1/demand-latched/p265/g_gov	4576550646419589560
G/1/demand-latched/p265/ic_iters	1
G/1/demand-latched/p265/ic_order	16448961268219989400
G/1/demand-latched/p265/ic_res	0
G/1/demand-latched/p265/lag_coord	4551893238594259504
G/1/demand-latched/p265/mdot_air	4604069553042676134
G/1/demand-latched/p265/mf	4579248933975677550
G/1/demand-latched/p265/mf_sched	4582403389825004051
G/1/demand-latched/p265/nu_hp	4605721744161652878
G/1/demand-latched/p265/nu_lp	4605478646771330833
G/1/demand-latched/p265/phi_hp	4606603480668548598
G/1/demand-latched/p265/phi_lp	4605444606182768192
G/1/demand-latched/p265/pi_hpc	4616761946688010908
G/1/demand-latched/p265/pi_lpc	4612401420463278595
G/1/demand-latched/p265/required	4576513362728063078
G/1/demand-latched/p265/required_fuel	4570632729885511264
G/1/demand-latched/p265/required_gov	4576513362728063078
G/1/demand-latched/p265/s	4608646088678912791
G/1/demand-latched/p265/share_law	580772045163143161
G/1/demand-latched/p265/sp_thrust	4648014945518634467
G/1/demand-latched/p265/v	0
G/1/demand-latched/p265/v_cmd	0
G/1/demand-latched/p265/v_regime	9087740570393753374
G/1/demand-latched/p265/v_regime?	1
G/1/demand-latched/p265/w_fuel	4580952217959495621
G/1/demand-latched/p265/w_fuel?	1
G/1/demand-latched/p265/w_gov	4579248933975677550
G/1/demand-latched/p265/w_gov?	1
G/1/demand-latched/p270/Tt4	4652975969041968611
G/1/demand-latched/p270/authority	15345845413248555367
G/1/demand-latched/p270/b	0
G/1/demand-latched/p270/b_cmd	0
G/1/demand-latched/p270/branch	13126223303132988745
G/1/demand-latched/p270/cap_fuel	4581403490585985036
G/1/demand-latched/p270/cap_fuel?	1
G/1/demand-latched/p270/cap_gov	4579303860556079334
G/1/demand-latched/p270/cap_gov?	1
G/1/demand-latched/p270/f	4581839898944391325
G/1/demand-latched/p270/g	4576532204832081679
G/1/demand-latched/p270/g_fuel	4572195730943676024
G/1/demand-latched/p270/g_gov	4576532204832081679
G/1/demand-latched/p270/ic_iters	1
G/1/demand-latched/p270/ic_order	16448961268219989400
G/1/demand-latched/p270/ic_res	0
G/1/demand-latched/p270/lag_coord	4551893238594259504
G/1/demand-latched/p270/mdot_air	4604085457997340225
G/1/demand-latched/p270/mf	4579267375563185431
G/1/demand-latched/p270/mf_sched	4582403389825004051
G/1/demand-latched/p270/nu_hp	4605729634236387751
G/1/demand-latched/p270/nu_lp	4605487328477573864
G/1/demand-latched/p270/phi_hp	4606609385742479417
G/1/demand-latched/p270/phi_lp	4605455567236164067
G/1/demand-latched/p270/pi_hpc	4616768990763364188
G/1/demand-latched/p270/pi_lpc	4612408409733062323
G/1/demand-latched/p270/required	4576495719839187776
G/1/demand-latched/p270/required_fuel	4570145616438464568
G/1/demand-latched/p270/required_gov	4576495719839187776
G/1/demand-latched/p270/s	4608758678669597051
G/1/demand-latched/p270/share_law	580772045163143161
G/1/demand-latched/p270/sp_thrust	4648019326126163157
G/1/demand-latched/p270/v	0
G/1/demand-latched/p270/v_cmd	0
G/1/demand-latched/p270/v_regime	9087740570393753374
G/1/demand-latched/p270/v_regime?	1
G/1/demand-latched/p270/w_fuel	4581016962627505781
G/1/demand-latched/p270/w_fuel?	1
G/1/demand-latched/p270/w_gov	4579267375563185431
G/1/demand-latched/p270/w_gov?	1
G/1/demand-latched/p275/Tt4	4652976371454384327
G/1/demand-latched/p275/authority	15345845413248555367
G/1/demand-latched/p275/b	0
G/1/demand-latched/p275/b_cmd	0
G/1/demand-latched/p275/branch	13126223303132988745
G/1/demand-latched/p275/cap_fuel	4581463586061081435
G/1/demand-latched/p275/cap_fuel?	1
G/1/demand-latched/p275/cap_gov	4579321121562950947
G/1/demand-latched/p275/cap_gov?	1
G/1/demand-latched/p275/f	4581837363698972615
G/1/demand-latched/p275/g	4576514159097989541
G/1/demand-latched/p275/g_fuel	4571939369943169736
G/1/demand-latched/p275/g_gov	4576514159097989541
G/1/demand-latched/p275/ic_iters	1
G/1/demand-latched/p275/ic_order	16448961268219989400
G/1/demand-latched/p275/ic_res	0
G/1/demand-latched/p275/lag_coord	4551893238594259504
G/1/demand-latched/p275/mdot_air	4604101032827460127
G/1/demand-latched/p275/mf	4579285421297277569
G/1/demand-latched/p275/mf_sched	4582403389825004051
G/1/demand-latched/p275/nu_hp	4605737353708076423
G/1/demand-latched/p275/nu_lp	4605495810138608279
G/1/demand-latched/p275/phi_hp	4606615160815091628
G/1/demand-latched/p275/phi_lp	4605466295353782523
G/1/demand-latched/p275/pi_hpc	4616775888419561138
G/1/demand-latched/p275/pi_lpc	4612415235679387296
G/1/demand-latched/p275/required	4576478458832316163
G/1/demand-latched/p275/required_fuel	4569664852637693376
G/1/demand-latched/p275/required_gov	4576478458832316163
G/1/demand-latched/p275/s	4608871268660281311
G/1/demand-latched/p275/share_law	580772045163143161
G/1/demand-latched/p275/sp_thrust	4648023593480365378
G/1/demand-latched/p275/v	0
G/1/demand-latched/p275/v_cmd	0
G/1/demand-latched/p275/v_regime	9087740570393753374
G/1/demand-latched/p275/v_regime?	1
G/1/demand-latched/p275/w_fuel	4581081052877632353
G/1/demand-latched/p275/w_fuel?	1
G/1/demand-latched/p275/w_gov	4579285421297277569
G/1/demand-latched/p275/w_gov?	1
G/1/demand-latched/p280/Tt4	4652976764310777130
G/1/demand-latched/p280/authority	15345845413248555367
G/1/demand-latched/p280/b	0
G/1/demand-latched/p280/b_cmd	0
G/1/demand-latched/p280/branch	13126223303132988745
G/1/demand-latched/p280/cap_fuel	4581522881588794539
G/1/demand-latched/p280/cap_fuel?	1
G/1/demand-latched/p280/cap_gov	4579338007575288425
G/1/demand-latched/p280/cap_gov?	1
G/1/demand-latched/p280/f	4581834884687332914
G/1/demand-latched/p280/g	4576496502250875884
G/1/demand-latched/p280/g_fuel	4571685714162949648
G/1/demand-latched/p280/g_gov	4576496502250875884
G/1/demand-latched/p280/ic_iters	1
G/1/demand-latched/p280/ic_order	16448961268219989400
G/1/demand-latched/p280/ic_res	0
G/1/demand-latched/p280/lag_coord	4551893238594259504
G/1/demand-latched/p280/mdot_air	4604116282854198296
G/1/demand-latched/p280/mf	4579303078144391226
G/1/demand-latched/p280/mf_sched	4582403389825004051
G/1/demand-latched/p280/nu_hp	4605744905688760171
G/1/demand-latched/p280/nu_lp	4605504096044641234
G/1/demand-latched/p280/phi_hp	4606620808358395617
G/1/demand-latched/p280/phi_lp	4605476794488329154
G/1/demand-latched/p280/pi_hpc	4616782642040185083
G/1/demand-latched/p280/pi_lpc	4612421901825450613
G/1/demand-latched/p280/required	4576461572819978685
G/1/demand-latched/p280/required_fuel	4569190488415988544
G/1/demand-latched/p280/required_gov	4576461572819978685
G/1/demand-latched/p280/s	4608983858650965571
G/1/demand-latched/p280/share_law	580772045163143161
G/1/demand-latched/p280/sp_thrust	4648027750591367354
G/1/demand-latched/p280/v	0
G/1/demand-latched/p280/v_cmd	0
G/1/demand-latched/p280/v_regime	9087740570393753374
G/1/demand-latched/p280/v_regime?	1
G/1/demand-latched/p280/w_fuel	4581144466822687375
G/1/demand-latched/p280/w_fuel?	1
G/1/demand-latched/p280/w_gov	4579303078144391226
G/1/demand-latched/p280/w_gov?	1
G/1/demand-latched/p285/Tt4	4652977147819052344
G/1/demand-latched/p285/authority	15345845413248555367
G/1/demand-latched/p285/b	0
G/1/demand-latched/p285/b_cmd	0
G/1/demand-latched/p285/branch	13126223303132988745
G/1/demand-latched/p285/cap_fuel	4581581371816256855
G/1/demand-latched/p285/cap_fuel?	1
G/1/demand-latched/p285/cap_gov	4579354525427705690
G/1/demand-latched/p285/cap_gov?	1
G/1/demand-latched/p285/f	4581832460800251294
G/1/demand-latched/p285/g	4576479227366506707
G/1/demand-latched/p285/g_fuel	4571434841262304368
G/1/demand-latched/p285/g_gov	4576479227366506707
G/1/demand-latched/p285/ic_iters	1
G/1/demand-latched/p285/ic_order	16448961268219989400
G/1/demand-latched/p285/ic_res	0
G/1/demand-latched/p285/lag_coord	4551893238594259504
G/1/demand-latched/p285/mdot_air	4604131213389447748
G/1/demand-latched/p285/mf	4579320353028760403
G/1/demand-latched/p285/mf_sched	4582403389825004051
G/1/demand-latched/p285/nu_hp	4605752293261014454
G/1/demand-latched/p285/nu_lp	4605512190409303968
G/1/demand-latched/p285/phi_hp	4606626330816033529
G/1/demand-latched/p285/phi_lp	4605487068577891097
G/1/demand-latched/p285/pi_hpc	4616789254001221610
G/1/demand-latched/p285/pi_lpc	4612428411637200428
G/1/demand-latched/p285/required	4576445054967561420
G/1/demand-latched/p285/required_fuel	4568722566596290016
G/1/demand-latched/p285/required_gov	4576445054967561420
G/1/demand-latched/p285/s	4609096448641649831
G/1/demand-latched/p285/share_law	580772045163143161
G/1/demand-latched/p285/sp_thrust	4648031800387344144
G/1/demand-latched/p285/v	0
G/1/demand-latched/p285/v_cmd	0
G/1/demand-latched/p285/v_regime	9087740570393753374
G/1/demand-latched/p285/v_regime?	1
G/1/demand-latched/p285/w_fuel	4581207185047848695
G/1/demand-latched/p285/w_fuel?	1
G/1/demand-latched/p285/w_gov	4579320353028760403
G/1/demand-latched/p285/w_gov?	1
G/1/demand-latched/p290/Tt4	4652977522184201871
G/1/demand-latched/p290/authority	15345845413248555367
G/1/demand-latched/p290/b	0
G/1/demand-latched/p290/b_cmd	0
G/1/demand-latched/p290/branch	13126223303132988745
G/1/demand-latched/p290/cap_fuel	4581639052250247449
G/1/demand-latched/p290/cap_fuel?	1
G/1/demand-latched/p290/cap_gov	4579370681898135786
G/1/demand-latched/p290/cap_gov?	1
G/1/demand-latched/p290/f	4581830090944819493
G/1/demand-latched/p290/g	4576462327567867192
G/1/demand-latched/p290/g_fuel	4571186819992687152
G/1/demand-latched/p290/g_gov	4576462327567867192
G/1/demand-latched/p290/ic_iters	1
G/1/demand-latched/p290/ic_order	16448961268219989400
G/1/demand-latched/p290/ic_res	0
G/1/demand-latched/p290/lag_coord	4551893238594259504
G/1/demand-latched/p290/mdot_air	4604145829731278238
G/1/demand-latched/p290/mf	4579337252827399918
G/1/demand-latched/p290/mf_sched	4582403389825004051
G/1/demand-latched/p290/nu_hp	4605759519476817415
G/1/demand-latched/p290/nu_lp	4605520097370238113
G/1/demand-latched/p290/phi_hp	4606631730602722399
G/1/demand-latched/p290/phi_lp	4605497121542738843
G/1/demand-latched/p290/pi_hpc	4616795726669340341
G/1/demand-latched/p290/pi_lpc	4612434768522980721
G/1/demand-latched/p290/required	4576428898497131324
G/1/demand-latched/p290/required_fuel	4568261123124365264
G/1/demand-latched/p290/required_gov	4576428898497131324
G/1/demand-latched/p290/s	4609209038632334091
G/1/demand-latched/p290/share_law	580772045163143161
G/1/demand-latched/p290/sp_thrust	4648035745716584839
G/1/demand-latched/p290/v	0
G/1/demand-latched/p290/v_cmd	0
G/1/demand-latched/p290/v_regime	9087740570393753374
G/1/demand-latched/p290/v_regime?	1
G/1/demand-latched/p290/w_fuel	4581269190365252999
G/1/demand-latched/p290/w_fuel?	1
G/1/demand-latched/p290/w_gov	4579337252827399918
G/1/demand-latched/p290/w_gov?	1
G/1/demand-latched/p295/Tt4	4652977887608116349
G/1/demand-latched/p295/authority	15345845413248555367
G/1/demand-latched/p295/b	0
G/1/demand-latched/p295/b_cmd	0
G/1/demand-latched/p295/branch	13126223303132988745
G/1/demand-latched/p295/cap_fuel	4581695919227823440
G/1/demand-latched/p295/cap_fuel?	1
G/1/demand-latched/p295/cap_gov	4579386483704293601
G/1/demand-latched/p295/cap_gov?	1
G/1/demand-latched/p295/f	4581827774044220335
G/1/demand-latched/p295/g	4576445796029647507
G/1/demand-latched/p295/g_fuel	4570729800312149592
G/1/demand-latched/p295/g_gov	4576445796029647507
G/1/demand-latched/p295/ic_iters	1
G/1/demand-latched/p295/ic_order	16448961268219989400
G/1/demand-latched/p295/ic_res	0
G/1/demand-latched/p295/lag_coord	4551893238594259504
G/1/demand-latched/p295/mdot_air	4604160137159622845
G/1/demand-latched/p295/mf	4579353784365619603
G/1/demand-latched/p295/mf_sched	4582403389825004051
G/1/demand-latched/p295/nu_hp	4605766587356503747
G/1/demand-latched/p295/nu_lp	4605527820989719551
G/1/demand-latched/p295/phi_hp	4606637010103716441
G/1/demand-latched/p295/phi_lp	4605506957282314899
G/1/demand-latched/p295/pi_hpc	4616802062400286744
G/1/demand-latched/p295/pi_lpc	4612440975833287718
G/1/demand-latched/p295/required	4576413096690973509
G/1/demand-latched/p295/required_fuel	4567806187303757336
G/1/demand-latched/p295/required_gov	4576413096690973509
G/1/demand-latched/p295/s	4609321628623018351
G/1/demand-latched/p295/share_law	580772045163143161
G/1/demand-latched/p295/sp_thrust	4648039589349582044
G/1/demand-latched/p295/v	0
G/1/demand-latched/p295/v_cmd	0
G/1/demand-latched/p295/v_regime	9087740570393753374
G/1/demand-latched/p295/v_regime?	1
G/1/demand-latched/p295/w_fuel	4581330467601774408
G/1/demand-latched/p295/w_fuel?	1
G/1/demand-latched/p295/w_gov	4579353784365619603
G/1/demand-latched/p295/w_gov?	1
G/1/demand-latched/p30/Tt4	4652307899142830662
G/1/demand-latched/p30/authority	9674992558986367437
G/1/demand-latched/p30/b	0
G/1/demand-latched/p30/b_cmd	0
G/1/demand-latched/p30/branch	13126223303132988745
G/1/demand-latched/p30/cap_fuel	4577394800213194444
G/1/demand-latched/p30/cap_fuel?	1
G/1/demand-latched/p30/cap_gov	4578346721787470247
G/1/demand-latched/p30/cap_gov?	1
G/1/demand-latched/p30/f	4580732552059178296
G/1/demand-latched/p30/g	4570153242126506672
G/1/demand-latched/p30/g_fuel	4570153242126506672
G/1/demand-latched/p30/g_gov	4565631167890903248
G/1/demand-latched/p30/ic_iters	1
G/1/demand-latched/p30/ic_order	16448961268219989400
G/1/demand-latched/p30/ic_res	0
G/1/demand-latched/p30/lag_coord	4551893238594259504
G/1/demand-latched/p30/mdot_air	4603405943421013974
G/1/demand-latched/p30/mf	4577048384950235013
G/1/demand-latched/p30/mf_sched	4579050089850283569
G/1/demand-latched/p30/nu_hp	4605299908392598190
G/1/demand-latched/p30/nu_lp	4604995470312392644
G/1/demand-latched/p30/phi_hp	4606582274080676399
G/1/demand-latched/p30/phi_lp	4605083201935375583
G/1/demand-latched/p30/pi_hpc	4616250414649916073
G/1/demand-latched/p30/pi_lpc	4611976826837105384
G/1/demand-latched/p30/required	4568767581074668948
G/1/demand-latched/p30/required_fuel	4568767581074668948
G/1/demand-latched/p30/required_gov	4563269767401448528
G/1/demand-latched/p30/s	4594572339843380021
G/1/demand-latched/p30/share_law	580772045163143161
G/1/demand-latched/p30/sp_thrust	4646723736502385898
G/1/demand-latched/p30/v	0
G/1/demand-latched/p30/v_cmd	0
G/1/demand-latched/p30/v_regime	9087740570393753374
G/1/demand-latched/p30/v_regime?	1
G/1/demand-latched/p30/w_fuel	4577048384950235013
G/1/demand-latched/p30/w_fuel?	1
G/1/demand-latched/p30/w_gov	4578051546726288407
G/1/demand-latched/p30/w_gov?	1
G/1/demand-latched/p300/Tt4	4652978244289465056
G/1/demand-latched/p300/authority	15345845413248555367
G/1/demand-latched/p300/b	0
G/1/demand-latched/p300/b_cmd	0
G/1/demand-latched/p300/branch	13126223303132988745
G/1/demand-latched/p300/cap_fuel	4581751969886774114
G/1/demand-latched/p300/cap_fuel?	1
G/1/demand-latched/p300/cap_gov	4579401937500417318
G/1/demand-latched/p300/cap_gov?	1
G/1/demand-latched/p300/f	4581825509037606578
G/1/demand-latched/p300/g	4576429625982295685
G/1/demand-latched/p300/g_fuel	4570245513807472360
G/1/demand-latched/p300/g_gov	4576429625982295685
G/1/demand-latched/p300/ic_iters	1
G/1/demand-latched/p300/ic_order	16448961268219989400
G/1/demand-latched/p300/ic_res	0
G/1/demand-latched/p300/lag_coord	4551893238594259504
G/1/demand-latched/p300/mdot_air	4604174140932209400
G/1/demand-latched/p300/mf	4579369954412971425
G/1/demand-latched/p300/mf_sched	4582403389825004051
G/1/demand-latched/p300/nu_hp	4605773499887802361
G/1/demand-latched/p300/nu_lp	4605535365255318623
G/1/demand-latched/p300/phi_hp	4606642171674304753
G/1/demand-latched/p300/phi_lp	4605516579672414808
G/1/demand-latched/p300/pi_hpc	4616808263537373863
G/1/demand-latched/p300/pi_lpc	4612447036860629066
G/1/demand-latched/p300/required	4576397642894849792
G/1/demand-latched/p300/required_fuel	4567357782032151944
G/1/demand-latched/p300/required_gov	4576397642894849792
G/1/demand-latched/p300/s	4609434218613702611
G/1/demand-latched/p300/share_law	580772045163143161
G/1/demand-latched/p300/sp_thrust	4648043333981113608
G/1/demand-latched/p300/v	0
G/1/demand-latched/p300/v_cmd	0
G/1/demand-latched/p300/v_regime	9087740570393753374
G/1/demand-latched/p300/v_regime?	1
G/1/demand-latched/p300/w_fuel	4581391003414859062
G/1/demand-latched/p300/w_fuel?	1
G/1/demand-latched/p300/w_gov	4579369954412971425
G/1/demand-latched/p300/w_gov?	1
G/1/demand-latched/p305/Tt4	4652978592423618685
G/1/demand-latched/p305/authority	15345845413248555367
G/1/demand-latched/p305/b	0
G/1/demand-latched/p305/b_cmd	0
G/1/demand-latched/p305/branch	13126223303132988745
G/1/demand-latched/p305/cap_fuel	4581807202135993964
G/1/demand-latched/p305/cap_fuel?	1
G/1/demand-latched/p305/cap_gov	4579417049874278265
G/1/demand-latched/p305/cap_gov?	1
G/1/demand-latched/p305/f	4581823294880033052
G/1/demand-latched/p305/g	4576413810715700411
G/1/demand-latched/p305/g_fuel	4569767252069632392
G/1/demand-latched/p305/g_gov	4576413810715700411
G/1/demand-latched/p305/ic_iters	1
G/1/demand-latched/p305/ic_order	16448961268219989400
G/1/demand-latched/p305/ic_res	0
G/1/demand-latched/p305/lag_coord	4551893238594259504
G/1/demand-latched/p305/mdot_air	4604187846280735686
G/1/demand-latched/p305/mf	4579385769679566699
G/1/demand-latched/p305/mf_sched	4582403389825004051
G/1/demand-latched/p305/nu_hp	4605780260024955577
G/1/demand-latched/p305/nu_lp	4605542734080594798
G/1/demand-latched/p305/phi_hp	4606647217639352789
G/1/demand-latched/p305/phi_lp	4605525992562560207
G/1/demand-latched/p305/pi_hpc	4616814332410066856
G/1/demand-latched/p305/pi_lpc	4612452954839477972
G/1/demand-latched/p305/required	4576382530520988845
G/1/demand-latched/p305/required_fuel	4566915924038393144
G/1/demand-latched/p305/required_gov	4576382530520988845
G/1/demand-latched/p305/s	4609546808604386871
G/1/demand-latched/p305/share_law	580772045163143161
G/1/demand-latched/p305/sp_thrust	4648046982232297990
G/1/demand-latched/p305/v	0
G/1/demand-latched/p305/v_cmd	0
G/1/demand-latched/p305/v_regime	9087740570393753374
G/1/demand-latched/p305/v_regime?	1
G/1/demand-latched/p305/w_fuel	4581450786132089058
G/1/demand-latched/p305/w_fuel?	1
G/1/demand-latched/p305/w_gov	4579385769679566699
G/1/demand-latched/p305/w_gov?	1
G/1/demand-latched/p310/Tt4	4652978932202600147
G/1/demand-latched/p310/authority	15345845413248555367
G/1/demand-latched/p310/b	0
G/1/demand-latched/p310/b_cmd	0
G/1/demand-latched/p310/branch	13126223303132988745
G/1/demand-latched/p310/cap_fuel	4581861614625861393
G/1/demand-latched/p310/cap_fuel?	1
G/1/demand-latched/p310/cap_gov	4579431827344447839
G/1/demand-latched/p310/cap_gov?	1
G/1/demand-latched/p310/f	4581821130542414825
G/1/demand-latched/p310/g	4576398343582546146
G/1/demand-latched/p310/g_fuel	4569295096239725904
G/1/demand-latched/p310/g_gov	4576398343582546146
G/1/demand-latched/p310/ic_iters	1
G/1/demand-latched/p310/ic_order	16448961268219989400
G/1/demand-latched/p310/ic_res	0
G/1/demand-latched/p310/lag_coord	4551893238594259504
G/1/demand-latched/p310/mdot_air	4604201258407284084
G/1/demand-latched/p310/mf	4579401236812720964
G/1/demand-latched/p310/mf_sched	4582403389825004051
G/1/demand-latched/p310/nu_hp	4605786870687917183
G/1/demand-latched/p310/nu_lp	4605549931305823579
G/1/demand-latched/p310/phi_hp	4606652150292891472
G/1/demand-latched/p310/phi_lp	4605535199773559760
G/1/demand-latched/p310/pi_hpc	4616820271332655396
G/1/demand-latched/p310/pi_lpc	4612458732946314818
G/1/demand-latched/p310/required	4576367753050819271
G/1/demand-latched/p310/required_fuel	4566311226085224480
G/1/demand-latched/p310/required_gov	4576367753050819271
G/1/demand-latched/p310/s	4609659398595071131
G/1/demand-latched/p310/share_law	580772045163143161
G/1/demand-latched/p310/sp_thrust	4648050536652612756
G/1/demand-latched/p310/v	0
G/1/demand-latched/p310/v_cmd	0
G/1/demand-latched/p310/v_regime	9087740570393753374
G/1/demand-latched/p310/v_regime?	1
G/1/demand-latched/p310/w_fuel	4581509805610827369
G/1/demand-latched/p310/w_fuel?	1
G/1/demand-latched/p310/w_gov	4579401236812720964
G/1/demand-latched/p310/w_gov?	1
G/1/demand-latched/p315/Tt4	4652979263815054433
G/1/demand-latched/p315/authority	15345845413248555367
G/1/demand-latched/p315/b	0
G/1/demand-latched/p315/b_cmd	0
G/1/demand-latched/p315/branch	13126223303132988745
G/1/demand-latched/p315/cap_fuel	4581915206718703037
G/1/demand-latched/p315/cap_fuel?	1
G/1/demand-latched/p315/cap_gov	4579446276357810338
G/1/demand-latched/p315/cap_gov?	1
G/1/demand-latched/p315/f	4581819015011495331
G/1/demand-latched/p315/g	4576383218001370710
G/1/demand-latched/p315/g_fuel	4568829116207399288
G/1/demand-latched/p315/g_gov	4576383218001370710
G/1/demand-latched/p315/ic_iters	1
G/1/demand-latched/p315/ic_order	16448961268219989400
G/1/demand-latched/p315/ic_res	0
G/1/demand-latched/p315/lag_coord	4551893238594259504
G/1/demand-latched/p315/mdot_air	4604214382480969357
G/1/demand-latched/p315/mf	4579416362393896400
G/1/demand-latched/p315/mf_sched	4582403389825004051
G/1/demand-latched/p315/nu_hp	4605793334761626531
G/1/demand-latched/p315/nu_lp	4605556960698753204
G/1/demand-latched/p315/phi_hp	4606656971897755129
G/1/demand-latched/p315/phi_lp	4605544205095252313
G/1/demand-latched/p315/pi_hpc	4616826082603009895
G/1/demand-latched/p315/pi_lpc	4612464374299749406
G/1/demand-latched/p315/required	4576353304037456772
G/1/demand-latched/p315/required_fuel	4565453752599758176
G/1/demand-latched/p315/required_gov	4576353304037456772
G/1/demand-latched/p315/s	4609771988585755391
G/1/demand-latched/p315/share_law	580772045163143161
G/1/demand-latched/p315/sp_thrust	4648053999721870219
G/1/demand-latched/p315/v	0
G/1/demand-latched/p315/v_cmd	0
G/1/demand-latched/p315/v_regime	9087740570393753374
G/1/demand-latched/p315/v_regime?	1
G/1/demand-latched/p315/w_fuel	4581568053114868196
G/1/demand-latched/p315/w_fuel?	1
G/1/demand-latched/p315/w_gov	4579416362393896400
G/1/demand-latched/p315/w_gov?	1
G/1/demand-latched/p320/Tt4	4652979587446231889
G/1/demand-latched/p320/authority	15345845413248555367
G/1/demand-latched/p320/b	0
G/1/demand-latched/p320/b_cmd	0
G/1/demand-latched/p320/branch	13126223303132988745
G/1/demand-latched/p320/cap_fuel	4581967978459416639
G/1/demand-latched/p320/cap_fuel?	1
G/1/demand-latched/p320/cap_gov	4579460403287310020
G/1/demand-latched/p320/cap_gov?	1
G/1/demand-latched/p320/f	4581816947289815258
G/1/demand-latched/p320/g	4576368427459348170
G/1/demand-latched/p320/g_fuel	4568369371482336104
G/1/demand-latched/p320/g_gov	4576368427459348170
G/1/demand-latched/p320/ic_iters	1
G/1/demand-latched/p320/ic_order	16448961268219989400
G/1/demand-latched/p320/ic_res	0
G/1/demand-latched/p320/lag_coord	4551893238594259504
G/1/demand-latched/p320/mdot_air	4604227223634812239
G/1/demand-latched/p320/mf	4579431152935918940
G/1/demand-latched/p320/mf_sched	4582403389825004051
G/1/demand-latched/p320/nu_hp	4605799655095355663
G/1/demand-latched/p320/nu_lp	4605563825955388731
G/1/demand-latched/p320/phi_hp	4606661684685268236
G/1/demand-latched/p320/phi_lp	4605553012284425431
G/1/demand-latched/p320/pi_hpc	4616831768501418127
G/1/demand-latched/p320/pi_lpc	4612469881960717376
G/1/demand-latched/p320/required	4576339177107957090
G/1/demand-latched/p320/required_fuel	4564609404748340544
G/1/demand-latched/p320/required_gov	4576339177107957090
G/1/demand-latched/p320/s	4609884578576439651
G/1/demand-latched/p320/share_law	580772045163143161
G/1/demand-latched/p320/sp_thrust	4648057373852147071
G/1/demand-latched/p320/v	0
G/1/demand-latched/p320/v_cmd	0
G/1/demand-latched/p320/v_regime	9087740570393753374
G/1/demand-latched/p320/v_regime?	1
G/1/demand-latched/p320/w_fuel	4581625521205501094
G/1/demand-latched/p320/w_fuel?	1
G/1/demand-latched/p320/w_gov	4579431152935918940
G/1/demand-latched/p320/w_gov?	1
G/1/demand-latched/p325/Tt4	4652979903277981675
G/1/demand-latched/p325/authority	15345845413248555367
G/1/demand-latched/p325/b	0
G/1/demand-latched/p325/b_cmd	0
G/1/demand-latched/p325/branch	13126223303132988745
G/1/demand-latched/p325/cap_fuel	4582019930546318520
G/1/demand-latched/p325/cap_fuel?	1
G/1/demand-latched/p325/cap_gov	4579474214429921297
G/1/demand-latched/p325/cap_gov?	1
G/1/demand-latched/p325/f	4581814926395677201
G/1/demand-latched/p325/g	4576353965514815286
G/1/demand-latched/p325/g_fuel	4567915911967898984
G/1/demand-latched/p325/g_gov	4576353965514815286
G/1/demand-latched/p325/ic_iters	1
G/1/demand-latched/p325/ic_order	16448961268219989400
G/1/demand-latched/p325/ic_res	0
G/1/demand-latched/p325/lag_coord	4551893238594259504
G/1/demand-latched/p325/mdot_air	4604239786962830962
G/1/demand-latched/p325/mf	4579445614880451824
G/1/demand-latched/p325/mf_sched	4582403389825004051
G/1/demand-latched/p325/nu_hp	4605805834502126517
G/1/demand-latched/p325/nu_lp	4605570530700801046
G/1/demand-latched/p325/phi_hp	4606666290854979403
G/1/demand-latched/p325/phi_lp	4605561625062901819
G/1/demand-latched/p325/pi_hpc	4616837331289499425
G/1/demand-latched/p325/pi_lpc	4612475258932744784
G/1/demand-latched/p325/required	4576325365965345813
G/1/demand-latched/p325/required_fuel	4563778171357910448
G/1/demand-latched/p325/required_gov	4576325365965345813
G/1/demand-latched/p325/s	4609997168567123911
G/1/demand-latched/p325/share_law	580772045163143161
G/1/demand-latched/p325/sp_thrust	4648060661389666688
G/1/demand-latched/p325/v	0
G/1/demand-latched/p325/v_cmd	0
G/1/demand-latched/p325/v_regime	9087740570393753374
G/1/demand-latched/p325/v_regime?	1
G/1/demand-latched/p325/w_fuel	4581682203644805734
G/1/demand-latched/p325/w_fuel?	1
G/1/demand-latched/p325/w_gov	4579445614880451824
G/1/demand-latched/p325/w_gov?	1
G/1/demand-latched/p330/Tt4	4652980211488753047
G/1/demand-latched/p330/authority	15345845413248555367
G/1/demand-latched/p330/b	0
G/1/demand-latched/p330/b_cmd	0
G/1/demand-latched/p330/branch	13126223303132988745
G/1/demand-latched/p330/cap_fuel	4582071064302278211
G/1/demand-latched/p330/cap_fuel?	1
G/1/demand-latched/p330/cap_gov	4579487716004830927
G/1/demand-latched/p330/cap_gov?	1
G/1/demand-latched/p330/f	4581812951363103137
G/1/demand-latched/p330/g	4576339825799557022
G/1/demand-latched/p330/g_fuel	4567468778651631880
G/1/demand-latched/p330/g_gov	4576339825799557022
G/1/demand-latched/p330/ic_iters	1
G/1/demand-latched/p330/ic_order	16448961268219989400
G/1/demand-latched/p330/ic_res	0
G/1/demand-latched/p330/lag_coord	4551893238594259504
G/1/demand-latched/p330/mdot_air	4604252077517342380
G/1/demand-latched/p330/mf	4579459754595710088
G/1/demand-latched/p330/mf_sched	4582403389825004051
G/1/demand-latched/p330/nu_hp	4605811875758195194
G/1/demand-latched/p330/nu_lp	4605577078489958459
G/1/demand-latched/p330/phi_hp	4606670792574441426
G/1/demand-latched/p330/phi_lp	4605570047115786220
G/1/demand-latched/p330/pi_hpc	4616842773209193509
G/1/demand-latched/p330/pi_lpc	4612480508162275012
G/1/demand-latched/p330/required	4576311864390436183
G/1/demand-latched/p330/required_fuel	4562960031262555392
G/1/demand-latched/p330/required_gov	4576311864390436183
G/1/demand-latched/p330/s	4610109758557808171
G/1/demand-latched/p330/share_law	580772045163143161
G/1/demand-latched/p330/sp_thrust	4648063864616633447
G/1/demand-latched/p330/v	0
G/1/demand-latched/p330/v_cmd	0
G/1/demand-latched/p330/v_regime	9087740570393753374
G/1/demand-latched/p330/v_regime?	1
G/1/demand-latched/p330/w_fuel	4581738095309339122
G/1/demand-latched/p330/w_fuel?	1
G/1/demand-latched/p330/w_gov	4579459754595710088
G/1/demand-latched/p330/w_gov?	1
G/1/demand-latched/p335/Tt4	4652980512253603052
G/1/demand-latched/p335/authority	15345845413248555367
G/1/demand-latched/p335/b	0
G/1/demand-latched/p335/b_cmd	0
G/1/demand-latched/p335/branch	13126223303132988745
G/1/demand-latched/p335/cap_fuel	4582121381646194162
G/1/demand-latched/p335/cap_fuel?	1
G/1/demand-latched/p335/cap_gov	4579500914151821426
G/1/demand-latched/p335/cap_gov?	1
G/1/demand-latched/p335/f	4581811021241783390
G/1/demand-latched/p335/g	4576326002020864815
G/1/demand-latched/p335/g_fuel	4567028004224998424
G/1/demand-latched/p335/g_gov	4576326002020864815
G/1/demand-latched/p335/ic_iters	1
G/1/demand-latched/p335/ic_order	16448961268219989400
G/1/demand-latched/p335/ic_res	0
G/1/demand-latched/p335/lag_coord	4551893238594259504
G/1/demand-latched/p335/mdot_air	4604264100306464468
G/1/demand-latched/p335/mf	4579473578374402295
G/1/demand-latched/p335/mf_sched	4582403389825004051
G/1/demand-latched/p335/nu_hp	4605817781602600334
G/1/demand-latched/p335/nu_lp	4605583472808578592
G/1/demand-latched/p335/phi_hp	4606675191979035201
G/1/demand-latched/p335/phi_lp	4605578282089865173
G/1/demand-latched/p335/pi_hpc	4616848096481821307
G/1/demand-latched/p335/pi_lpc	4612485632539052748
G/1/demand-latched/p335/required	4576298666243445684
G/1/demand-latched/p335/required_fuel	4562154953759900176
G/1/demand-latched/p335/required_gov	4576298666243445684
G/1/demand-latched/p335/s	4610222348548492431
G/1/demand-latched/p335/share_law	580772045163143161
G/1/demand-latched/p335/sp_thrust	4648066985753019252
G/1/demand-latched/p335/v	0
G/1/demand-latched/p335/v_cmd	0
G/1/demand-latched/p335/v_regime	9087740570393753374
G/1/demand-latched/p335/v_regime?	1
G/1/demand-latched/p335/w_fuel	4581793192112668304
G/1/demand-latched/p335/w_fuel?	1
G/1/demand-latched/p335/w_gov	4579473578374402295
G/1/demand-latched/p335/w_gov?	1
G/1/demand-latched/p340/Tt4	4652980805744209645
G/1/demand-latched/p340/authority	15345845413248555367
G/1/demand-latched/p340/b	0
G/1/demand-latched/p340/b_cmd	0
G/1/demand-latched/p340/branch	13126223303132988745
G/1/demand-latched/p340/cap_fuel	4582170885064862311
G/1/demand-latched/p340/cap_fuel?	1
G/1/demand-latched/p340/cap_gov	4579513814929845239
G/1/demand-latched/p340/cap_gov?	1
G/1/demand-latched/p340/f	4581809135097016482
G/1/demand-latched/p340/g	4576312487963380078
G/1/demand-latched/p340/g_fuel	4566537205131853392
G/1/demand-latched/p340/g_gov	4576312487963380078
G/1/demand-latched/p340/ic_iters	1
G/1/demand-latched/p340/ic_order	16448961268219989400
G/1/demand-latched/p340/ic_res	0
G/1/demand-latched/p340/lag_coord	4551893238594259504
G/1/demand-latched/p340/mdot_air	4604275860291811898
G/1/demand-latched/p340/mf	4579487092431887032
G/1/demand-latched/p340/mf_sched	4582403389825004051
G/1/demand-latched/p340/nu_hp	4605823554736772677
G/1/demand-latched/p340/nu_lp	4605589717073998394
G/1/demand-latched/p340/phi_hp	4606679491171835564
G/1/demand-latched/p340/phi_lp	4605586333592152167
G/1/demand-latched/p340/pi_hpc	4616853303307215378
G/1/demand-latched/p340/pi_lpc	4612490634896559922
G/1/demand-latched/p340/required	4576285765465421871
G/1/demand-latched/p340/required_fuel	4560579375596107136
G/1/demand-latched/p340/required_gov	4576285765465421871
G/1/demand-latched/p340/s	4610334938539176691
G/1/demand-latched/p340/share_law	580772045163143161
G/1/demand-latched/p340/sp_thrust	4648070026958302802
G/1/demand-latched/p340/v	0
G/1/demand-latched/p340/v_cmd	0
G/1/demand-latched/p340/v_regime	9087740570393753374
G/1/demand-latched/p340/v_regime?	1
G/1/demand-latched/p340/w_fuel	4581847490935447086
G/1/demand-latched/p340/w_fuel?	1
G/1/demand-latched/p340/w_gov	4579487092431887032
G/1/demand-latched/p340/w_gov?	1
G/1/demand-latched/p35/Tt4	4652333463813474393
G/1/demand-latched/p35/authority	9674992558986367437
G/1/demand-latched/p35/b	0
G/1/demand-latched/p35/b_cmd	0
G/1/demand-latched/p35/branch	13126223303132988745
G/1/demand-latched/p35/cap_fuel	4577430793174353442
G/1/demand-latched/p35/cap_fuel?	1
G/1/demand-latched/p35/cap_gov	4578355230782356787
G/1/demand-latched/p35/cap_gov?	1
G/1/demand-latched/p35/f	4580780136746780473
G/1/demand-latched/p35/g	4571340906361216894
G/1/demand-latched/p35/g_fuel	4571340906361216894
G/1/demand-latched/p35/g_gov	4567267715602337256
G/1/demand-latched/p35/ic_iters	1
G/1/demand-latched/p35/ic_order	16448961268219989400
G/1/demand-latched/p35/ic_res	0
G/1/demand-latched/p35/lag_coord	4551893238594259504
G/1/demand-latched/p35/mdot_air	4603406559044557201
G/1/demand-latched/p35/mf	4577104352658225887
G/1/demand-latched/p35/mf_sched	4579449794761992862
G/1/demand-latched/p35/nu_hp	4605303746632719753
G/1/demand-latched/p35/nu_lp	4605000080469388240
G/1/demand-latched/p35/phi_hp	4606572675708453719
G/1/demand-latched/p35/phi_lp	4605079348107478741
G/1/demand-latched/p35/pi_hpc	4616259520093832774
G/1/demand-latched/p35/pi_lpc	4611981922396278379
G/1/demand-latched/p35/required	4570222428876870128
G/1/demand-latched/p35/required_fuel	4570222428876870128
G/1/demand-latched/p35/required_gov	4566399334736030552
G/1/demand-latched/p35/s	4595473059768854121
G/1/demand-latched/p35/share_law	580772045163143161
G/1/demand-latched/p35/sp_thrust	4646771803666140498
G/1/demand-latched/p35/v	0
G/1/demand-latched/p35/v_cmd	0
G/1/demand-latched/p35/v_regime	9087740570393753374
G/1/demand-latched/p35/v_regime?	1
G/1/demand-latched/p35/w_fuel	4577104352658225887
G/1/demand-latched/p35/w_fuel?	1
G/1/demand-latched/p35/w_gov	4578169471492986660
G/1/demand-latched/p35/w_gov?	1
G/1/demand-latched/p40/Tt4	4652357216506209670
G/1/demand-latched/p40/authority	9674992558986367437
G/1/demand-latched/p40/b	0
G/1/demand-latched/p40/b_cmd	0
G/1/demand-latched/p40/branch	13126223303132988745
G/1/demand-latched/p40/cap_fuel	4577470735164111880
G/1/demand-latched/p40/cap_fuel?	1
G/1/demand-latched/p40/cap_gov	4578364621877970130
G/1/demand-latched/p40/cap_gov?	1
G/1/demand-latched/p40/f	4580824078544227154
G/1/demand-latched/p40/g	4572033881561397582
G/1/demand-latched/p40/g_fuel	4572033881561397582
G/1/demand-latched/p40/g_gov	4568566278582632472
G/1/demand-latched/p40/ic_iters	1
G/1/demand-latched/p40/ic_order	16448961268219989400
G/1/demand-latched/p40/ic_res	0
G/1/demand-latched/p40/lag_coord	4551893238594259504
G/1/demand-latched/p40/mdot_air	4603408454781920767
G/1/demand-latched/p40/mf	4577157569969844837
G/1/demand-latched/p40/mf_sched	4579849499673702156
G/1/demand-latched/p40/nu_hp	4605307984948326511
G/1/demand-latched/p40/nu_lp	4605005158081541217
G/1/demand-latched/p40/phi_hp	4606564342547969937
G/1/demand-latched/p40/phi_lp	4605076715404002803
G/1/demand-latched/p40/pi_hpc	4616268502921518825
G/1/demand-latched/p40/pi_lpc	4611987275479269620
G/1/demand-latched/p40/required	4571407551172863496
G/1/demand-latched/p40/required_fuel	4571407551172863496
G/1/demand-latched/p40/required_gov	4568085933709240552
G/1/demand-latched/p40/s	4596373779694328221
G/1/demand-latched/p40/share_law	580772045163143161
G/1/demand-latched/p40/sp_thrust	4646817222152246284
G/1/demand-latched/p40/v	0
G/1/demand-latched/p40/v_cmd	0
G/1/demand-latched/p40/v_regime	9087740570393753374
G/1/demand-latched/p40/v_regime?	1
G/1/demand-latched/p40/w_fuel	4577157569969844837
G/1/demand-latched/p40/w_fuel?	1
G/1/demand-latched/p40/w_gov	4578244535659622150
G/1/demand-latched/p40/w_gov?	1
G/1/demand-latched/p45/Tt4	4652379698821332159
G/1/demand-latched/p45/authority	9674992558986367437
G/1/demand-latched/p45/b	0
G/1/demand-latched/p45/b_cmd	0
G/1/demand-latched/p45/branch	13126223303132988745
G/1/demand-latched/p45/cap_fuel	4577514324923869790
G/1/demand-latched/p45/cap_fuel?	1
G/1/demand-latched/p45/cap_gov	4578374810801105335
G/1/demand-latched/p45/cap_gov?	1
G/1/demand-latched/p45/f	4580865433423744535
G/1/demand-latched/p45/g	4572730350852156526
G/1/demand-latched/p45/g_fuel	4572730350852156526
G/1/demand-latched/p45/g_gov	4569967513559033336
G/1/demand-latched/p45/ic_iters	1
G/1/demand-latched/p45/ic_order	16448961268219989400
G/1/demand-latched/p45/ic_res	0
G/1/demand-latched/p45/lag_coord	4551893238594259504
G/1/demand-latched/p45/mdot_air	4603411408129349956
G/1/demand-latched/p45/mf	4577209040236174657
G/1/demand-latched/p45/mf_sched	4580205012810602940
G/1/demand-latched/p45/nu_hp	4605312585344783481
G/1/demand-latched/p45/nu_lp	4605010655662337898
G/1/demand-latched/p45/phi_hp	4606556968479961868
G/1/demand-latched/p45/phi_lp	4605075056381499491
G/1/demand-latched/p45/pi_hpc	4616277467793793719
G/1/demand-latched/p45/pi_lpc	4611992882507438444
G/1/demand-latched/p45/required	4572119781476766260
G/1/demand-latched/p45/required_fuel	4572119781476766260
G/1/demand-latched/p45/required_gov	4569643997663536900
G/1/demand-latched/p45/s	4597274499619802321
G/1/demand-latched/p45/share_law	580772045163143161
G/1/demand-latched/p45/sp_thrust	4646860873167214478
G/1/demand-latched/p45/v	0
G/1/demand-latched/p45/v_cmd	0
G/1/demand-latched/p45/v_regime	9087740570393753374
G/1/demand-latched/p45/v_regime?	1
G/1/demand-latched/p45/w_fuel	4577209040236174657
G/1/demand-latched/p45/w_fuel?	1
G/1/demand-latched/p45/w_gov	4578293931827231226
G/1/demand-latched/p45/w_gov?	1
G/1/demand-latched/p5/Tt4	4652039471270592676
G/1/demand-latched/p5/authority	9674992558986367437
G/1/demand-latched/p5/b	0
G/1/demand-latched/p5/b_cmd	0
G/1/demand-latched/p5/branch	13126223303132988745
G/1/demand-latched/p5/cap_fuel	4577051565291737103
G/1/demand-latched/p5/cap_fuel?	1
G/1/demand-latched/p5/cap_gov	4577051565291737103
G/1/demand-latched/p5/cap_gov?	1
G/1/demand-latched/p5/f	4580393197218744983
G/1/demand-latched/p5/g	4559029976039750336
G/1/demand-latched/p5/g_fuel	4559029976039750336
G/1/demand-latched/p5/g_gov	4558171911851303968
G/1/demand-latched/p5/ic_iters	1
G/1/demand-latched/p5/ic_order	16448961268219989400
G/1/demand-latched/p5/ic_res	0
G/1/demand-latched/p5/lag_coord	4551893238594259504
G/1/demand-latched/p5/mdot_air	4603433666314464543
G/1/demand-latched/p5/mf	4576683393243725923
G/1/demand-latched/p5/mf_sched	4577051565291737103
G/1/demand-latched/p5/nu_hp	4605289144850241949
G/1/demand-latched/p5/nu_lp	4604982459624816208
G/1/demand-latched/p5/phi_hp	4606663926283467947
G/1/demand-latched/p5/phi_lp	4605133087530994423
G/1/demand-latched/p5/pi_hpc	4616198710467912402
G/1/demand-latched/p5/pi_lpc	4611956016532887509
G/1/demand-latched/p5/required	0
G/1/demand-latched/p5/required_fuel	0
G/1/demand-latched/p5/required_gov	0
G/1/demand-latched/p5/s	4582862980812216730
G/1/demand-latched/p5/share_law	580772045163143161
G/1/demand-latched/p5/sp_thrust	4646404775415689012
G/1/demand-latched/p5/v	0
G/1/demand-latched/p5/v_cmd	0
G/1/demand-latched/p5/v_regime	9087740570393753374
G/1/demand-latched/p5/v_regime?	1
G/1/demand-latched/p5/w_fuel	4576683393243725923
G/1/demand-latched/p5/w_fuel?	1
G/1/demand-latched/p5/w_gov	4576737022255503821
G/1/demand-latched/p5/w_gov?	1
G/1/demand-latched/p50/Tt4	4652401345787894928
G/1/demand-latched/p50/authority	9674992558986367437
G/1/demand-latched/p50/b	0
G/1/demand-latched/p50/b_cmd	0
G/1/demand-latched/p50/branch	13126223303132988745
G/1/demand-latched/p50/cap_fuel	4577561357386729831
G/1/demand-latched/p50/cap_fuel?	1
G/1/demand-latched/p50/cap_gov	4578385736440427879
G/1/demand-latched/p50/cap_gov?	1
G/1/demand-latched/p50/f	4580905049464327333
G/1/demand-latched/p50/g	4573428692385877516
G/1/demand-latched/p50/g_fuel	4573428692385877516
G/1/demand-latched/p50/g_gov	4571291721573730338
G/1/demand-latched/p50/ic_iters	1
G/1/demand-latched/p50/ic_order	16448961268219989400
G/1/demand-latched/p50/ic_res	0
G/1/demand-latched/p50/lag_coord	4551893238594259504
G/1/demand-latched/p50/mdot_air	4603415247526572966
G/1/demand-latched/p50/mf	4577259574381023456
G/1/demand-latched/p50/mf_sched	4580404865266457587
G/1/demand-latched/p50/nu_hp	4605317520174450339
G/1/demand-latched/p50/nu_lp	4605016538516281507
G/1/demand-latched/p50/phi_hp	4606550312760998738
G/1/demand-latched/p50/phi_lp	4605074178112767700
G/1/demand-latched/p50/pi_hpc	4616286499989314391
G/1/demand-latched/p50/pi_lpc	4611998743121167760
G/1/demand-latched/p50/required	4572825126374464766
G/1/demand-latched/p50/required_fuel	4572825126374464766
G/1/demand-latched/p50/required_gov	4571176368267068670
G/1/demand-latched/p50/s	4598175219545276418
G/1/demand-latched/p50/share_law	580772045163143161
G/1/demand-latched/p50/sp_thrust	4646903463854979438
G/1/demand-latched/p50/v	0
G/1/demand-latched/p50/v_cmd	0
G/1/demand-latched/p50/v_regime	9087740570393753374
G/1/demand-latched/p50/v_regime?	1
G/1/demand-latched/p50/w_fuel	4577259574381023456
G/1/demand-latched/p50/w_fuel?	1
G/1/demand-latched/p50/w_gov	4578328059787097045
G/1/demand-latched/p50/w_gov?	1
G/1/demand-latched/p55/Tt4	4652422508540674063
G/1/demand-latched/p55/authority	9674992558986367437
G/1/demand-latched/p55/b	0
G/1/demand-latched/p55/b_cmd	0
G/1/demand-latched/p55/branch	13126223303132988745
G/1/demand-latched/p55/cap_fuel	4577611705356201813
G/1/demand-latched/p55/cap_fuel?	1
G/1/demand-latched/p55/cap_gov	4578397356188969196
G/1/demand-latched/p55/cap_gov?	1
G/1/demand-latched/p55/f	4580943610793545604
G/1/demand-latched/p55/g	4574127583565360286
G/1/demand-latched/p55/g_fuel	4574127583565360286
G/1/demand-latched/p55/g_gov	4572040836240667158
G/1/demand-latched/p55/ic_iters	1
G/1/demand-latched/p55/ic_order	16448961268219989400
G/1/demand-latched/p55/ic_res	0
G/1/demand-latched/p55/lag_coord	4551893238594259504
G/1/demand-latched/p55/mdot_air	4603419841478667222
G/1/demand-latched/p55/mf	4577309833702991365
G/1/demand-latched/p55/mf_sched	4580604717722312234
G/1/demand-latched/p55/nu_hp	4605322770059011765
G/1/demand-latched/p55/nu_lp	4605022782137695641
G/1/demand-latched/p55/phi_hp	4606544185701120311
G/1/demand-latched/p55/phi_lp	4605073930456241071
G/1/demand-latched/p55/pi_hpc	4616295669988691293
G/1/demand-latched/p55/pi_lpc	4612004859709859051
G/1/demand-latched/p55/required	4573523840258939390
G/1/demand-latched/p55/required_fuel	4573523840258939390
G/1/demand-latched/p55/required_gov	4571952538593404624
G/1/demand-latched/p55/s	4598625579508013468
G/1/demand-latched/p55/share_law	580772045163143161
G/1/demand-latched/p55/sp_thrust	4646945565335207690
G/1/demand-latched/p55/v	0
G/1/demand-latched/p55/v_cmd	0
G/1/demand-latched/p55/v_regime	9087740570393753374
G/1/demand-latched/p55/v_regime?	1
G/1/demand-latched/p55/w_fuel	4577309833702991365
G/1/demand-latched/p55/w_fuel?	1
G/1/demand-latched/p55/w_gov	4578353207365337929
G/1/demand-latched/p55/w_gov?	1
G/1/demand-latched/p60/Tt4	4652443472435207596
G/1/demand-latched/p60/authority	9674992558986367437
G/1/demand-latched/p60/b	0
G/1/demand-latched/p60/b_cmd	0
G/1/demand-latched/p60/branch	13126223303132988745
G/1/demand-latched/p60/cap_fuel	4577665305405541106
G/1/demand-latched/p60/cap_fuel?	1
G/1/demand-latched/p60/cap_gov	4578409642300315628
G/1/demand-latched/p60/cap_gov?	1
G/1/demand-latched/p60/f	4580981672786363701
G/1/demand-latched/p60/g	4574825933514176826
G/1/demand-latched/p60/g_fuel	4574825933514176826
G/1/demand-latched/p60/g_gov	4572800311136211600
G/1/demand-latched/p60/ic_iters	1
G/1/demand-latched/p60/ic_order	16448961268219989400
G/1/demand-latched/p60/ic_res	0
G/1/demand-latched/p60/lag_coord	4551893238594259504
G/1/demand-latched/p60/mdot_air	4603425090065320367
G/1/demand-latched/p60/mf	4577360363640292387
G/1/demand-latched/p60/mf_sched	4580804570178166880
G/1/demand-latched/p60/nu_hp	4605328322259721184
G/1/demand-latched/p60/nu_lp	4605029370175014026
G/1/demand-latched/p60/phi_hp	4606538437489592389
G/1/demand-latched/p60/phi_lp	4605074196878874471
G/1/demand-latched/p60/pi_hpc	4616305037017874909
G/1/demand-latched/p60/pi_lpc	4612011237027855904
G/1/demand-latched/p60/required	4574216049983679388
G/1/demand-latched/p60/required_fuel	4574216049983679388
G/1/demand-latched/p60/required_gov	4572727376194130344
G/1/demand-latched/p60/s	4599075939470750518
G/1/demand-latched/p60/share_law	580772045163143161
G/1/demand-latched/p60/sp_thrust	4646987642724177890
G/1/demand-latched/p60/v	0
G/1/demand-latched/p60/v_cmd	0
G/1/demand-latched/p60/v_regime	9087740570393753374
G/1/demand-latched/p60/v_regime?	1
G/1/demand-latched/p60/w_fuel	4577360363640292387
G/1/demand-latched/p60/w_fuel?	1
G/1/demand-latched/p60/w_gov	4578373174829275000
G/1/demand-latched/p60/w_gov?	1
G/1/demand-latched/p65/Tt4	4652464471487431454
G/1/demand-latched/p65/authority	9674992558986367437
G/1/demand-latched/p65/b	0
G/1/demand-latched/p65/b_cmd	0
G/1/demand-latched/p65/branch	13126223303132988745
G/1/demand-latched/p65/cap_fuel	4577722147082009612
G/1/demand-latched/p65/cap_fuel?	1
G/1/demand-latched/p65/cap_gov	4578422579045341666
G/1/demand-latched/p65/cap_gov?	1
G/1/demand-latched/p65/f	4581019690182005199
G/1/demand-latched/p65/g	4575522829701663934
G/1/demand-latched/p65/g_fuel	4575522829701663934
G/1/demand-latched/p65/g_gov	4573565552851922384
G/1/demand-latched/p65/ic_iters	1
G/1/demand-latched/p65/ic_order	16448961268219989400
G/1/demand-latched/p65/ic_res	0
G/1/demand-latched/p65/lag_coord	4551893238594259504
G/1/demand-latched/p65/mdot_air	4603430918310291700
G/1/demand-latched/p65/mf	4577411620458258127
G/1/demand-latched/p65/mf_sched	4581004422634021527
G/1/demand-latched/p65/nu_hp	4605334169402789727
G/1/demand-latched/p65/nu_lp	4605036292841186468
G/1/demand-latched/p65/phi_hp	4606532949463402895
G/1/demand-latched/p65/phi_lp	4605074887273299104
G/1/demand-latched/p65/pi_hpc	4616314651804479248
G/1/demand-latched/p65/pi_lpc	4612017881889376238
G/1/demand-latched/p65/required	4574901776454160964
G/1/demand-latched/p65/required_fuel	4574901776454160964
G/1/demand-latched/p65/required_gov	4573500912527496856
G/1/demand-latched/p65/s	4599526299433487568
G/1/demand-latched/p65/share_law	580772045163143161
G/1/demand-latched/p65/sp_thrust	4647030078839457374
G/1/demand-latched/p65/v	0
G/1/demand-latched/p65/v_cmd	0
G/1/demand-latched/p65/v_regime	9087740570393753374
G/1/demand-latched/p65/v_regime?	1
G/1/demand-latched/p65/w_fuel	4577411620458258127
G/1/demand-latched/p65/w_fuel?	1
G/1/demand-latched/p65/w_gov	4578390258883128902
G/1/demand-latched/p65/w_gov?	1
G/1/demand-latched/p70/Tt4	4652485699869948474
G/1/demand-latched/p70/authority	9674992558986367437
G/1/demand-latched/p70/b	0
G/1/demand-latched/p70/b_cmd	0
G/1/demand-latched/p70/branch	13126223303132988745
G/1/demand-latched/p70/cap_fuel	4577782264715901547
G/1/demand-latched/p70/cap_fuel?	1
G/1/demand-latched/p70/cap_gov	4578436160501584707
G/1/demand-latched/p70/cap_gov?	1
G/1/demand-latched/p70/f	4581058039506217481
G/1/demand-latched/p70/g	4575937358529242278
G/1/demand-latched/p70/g_fuel	4575937358529242278
G/1/demand-latched/p70/g_gov	4574333783416113948
G/1/demand-latched/p70/ic_iters	1
G/1/demand-latched/p70/ic_order	16448961268219989400
G/1/demand-latched/p70/ic_res	0
G/1/demand-latched/p70/lag_coord	4551893238594259504
G/1/demand-latched/p70/mdot_air	4603437271003853320
G/1/demand-latched/p70/mf	4577463992395769078
G/1/demand-latched/p70/mf_sched	4581204275089876174
G/1/demand-latched/p70/nu_hp	4605340308486252831
G/1/demand-latched/p70/nu_lp	4605043545676206776
G/1/demand-latched/p70/phi_hp	4606527627276331097
G/1/demand-latched/p70/phi_lp	4605075932335058067
G/1/demand-latched/p70/pi_hpc	4616324558735218427
G/1/demand-latched/p70/pi_lpc	4612024802933116439
G/1/demand-latched/p70/required	4575580951009795682
G/1/demand-latched/p70/required_fuel	4575580951009795682
G/1/demand-latched/p70/required_gov	4574273159438429362
G/1/demand-latched/p70/s	4599976659396224618
G/1/demand-latched/p70/share_law	580772045163143161
G/1/demand-latched/p70/sp_thrust	4647073192932684480
G/1/demand-latched/p70/v	0
G/1/demand-latched/p70/v_cmd	0
G/1/demand-latched/p70/v_regime	9087740570393753374
G/1/demand-latched/p70/v_regime?	1
G/1/demand-latched/p70/w_fuel	4577463992395769078
G/1/demand-latched/p70/w_fuel?	1
G/1/demand-latched/p70/w_gov	4578405848512742414
G/1/demand-latched/p70/w_gov?	1
G/1/demand-latched/p75/Tt4	4652507321062752505
G/1/demand-latched/p75/authority	9674992558986367437
G/1/demand-latched/p75/b	0
G/1/demand-latched/p75/b_cmd	0
G/1/demand-latched/p75/branch	13126223303132988745
G/1/demand-latched/p75/cap_fuel	4577845731297484804
G/1/demand-latched/p75/cap_fuel?	1
G/1/demand-latched/p75/cap_gov	4578450388843132204
G/1/demand-latched/p75/cap_gov?	1
G/1/demand-latched/p75/f	4581097036941361162
G/1/demand-latched/p75/g	4576283239359739074
G/1/demand-latched/p75/g_fuel	4576283239359739074
G/1/demand-latched/p75/g_gov	4575103319016077280
G/1/demand-latched/p75/ic_iters	1
G/1/demand-latched/p75/ic_order	16448961268219989400
G/1/demand-latched/p75/ic_res	0
G/1/demand-latched/p75/lag_coord	4551893238594259504
G/1/demand-latched/p75/mdot_air	4603444108662481335
G/1/demand-latched/p75/mf	4577517816476981574
G/1/demand-latched/p75/mf_sched	4581404127545730820
G/1/demand-latched/p75/nu_hp	4605346740109978887
G/1/demand-latched/p75/nu_lp	4605051128587811414
G/1/demand-latched/p75/phi_hp	4606522395549787803
G/1/demand-latched/p75/phi_lp	4605077279161862672
G/1/demand-latched/p75/pi_hpc	4616334797555643750
G/1/demand-latched/p75/pi_lpc	4612032010446870548
G/1/demand-latched/p75/required	4575955324539235844
G/1/demand-latched/p75/required_fuel	4575955324539235844
G/1/demand-latched/p75/required_gov	4575044112578752952
G/1/demand-latched/p75/s	4600427019358961668
G/1/demand-latched/p75/share_law	580772045163143161
G/1/demand-latched/p75/sp_thrust	4647117255512491216
G/1/demand-latched/p75/v	0
G/1/demand-latched/p75/v_cmd	0
G/1/demand-latched/p75/v_regime	9087740570393753374
G/1/demand-latched/p75/v_regime?	1
G/1/demand-latched/p75/w_fuel	4577517816476981574
G/1/demand-latched/p75/w_fuel?	1
G/1/demand-latched/p75/w_gov	4578420785624470040
G/1/demand-latched/p75/w_gov?	1
G/1/demand-latched/p80/Tt4	4652529475142701116
G/1/demand-latched/p80/authority	9674992558986367437
G/1/demand-latched/p80/b	0
G/1/demand-latched/p80/b_cmd	0
G/1/demand-latched/p80/branch	13126223303132988745
G/1/demand-latched/p80/cap_fuel	4577912654009963997
G/1/demand-latched/p80/cap_fuel?	1
G/1/demand-latched/p80/cap_gov	4578465273027164100
G/1/demand-latched/p80/cap_gov?	1
G/1/demand-latched/p80/f	4581136952575506054
G/1/demand-latched/p80/g	4576627368811050225
G/1/demand-latched/p80/g_fuel	4576627368811050225
G/1/demand-latched/p80/g_gov	4575765177549984318
G/1/demand-latched/p80/ic_iters	1
G/1/demand-latched/p80/ic_order	16448961268219989400
G/1/demand-latched/p80/ic_res	0
G/1/demand-latched/p80/lag_coord	4551893238594259504
G/1/demand-latched/p80/mdot_air	4603451404380312865
G/1/demand-latched/p80/mf	4577573391937379717
G/1/demand-latched/p80/mf_sched	4581603980001585467
G/1/demand-latched/p80/nu_hp	4605353467882741158
G/1/demand-latched/p80/nu_lp	4605059045112223787
G/1/demand-latched/p80/phi_hp	4606517193680662340
G/1/demand-latched/p80/phi_lp	4605078887811102384
G/1/demand-latched/p80/pi_hpc	4616345404719168453
G/1/demand-latched/p80/pi_lpc	4612039516243227061
G/1/demand-latched/p80/required	4576288106738465945
G/1/demand-latched/p80/required_fuel	4576288106738465945
G/1/demand-latched/p80/required_gov	4575735487721265842
G/1/demand-latched/p80/s	4600877379321698718
G/1/demand-latched/p80/share_law	580772045163143161
G/1/demand-latched/p80/sp_thrust	4647162500096441638
G/1/demand-latched/p80/v	0
G/1/demand-latched/p80/v_cmd	0
G/1/demand-latched/p80/v_regime	9087740570393753374
G/1/demand-latched/p80/v_regime?	1
G/1/demand-latched/p80/w_fuel	4577573391937379717
G/1/demand-latched/p80/w_fuel?	1
G/1/demand-latched/p80/w_gov	4578435583198445624
G/1/demand-latched/p80/w_gov?	1
G/1/demand-latched/p85/Tt4	4652552284601772029
G/1/demand-latched/p85/authority	9674992558986367437
G/1/demand-latched/p85/b	0
G/1/demand-latched/p85/b_cmd	0
G/1/demand-latched/p85/branch	13126223303132988745
G/1/demand-latched/p85/cap_fuel	4577983171103072249
G/1/demand-latched/p85/cap_fuel?	1
G/1/demand-latched/p85/cap_gov	4578480827795634784
G/1/demand-latched/p85/cap_gov?	1
G/1/demand-latched/p85/f	4581178021783967060
G/1/demand-latched/p85/g	4576969474647958874
G/1/demand-latched/p85/g_fuel	4576969474647958874
G/1/demand-latched/p85/g_gov	4576149908502168273
G/1/demand-latched/p85/ic_iters	1
G/1/demand-latched/p85/ic_order	16448961268219989400
G/1/demand-latched/p85/ic_res	0
G/1/demand-latched/p85/lag_coord	4551893238594259504
G/1/demand-latched/p85/mdot_air	4603459141381116114
G/1/demand-latched/p85/mf	4577630991012180362
G/1/demand-latched/p85/mf_sched	4581803832457440114
G/1/demand-latched/p85/nu_hp	4605360497970044744
G/1/demand-latched/p85/nu_lp	4605067301849314715
G/1/demand-latched/p85/phi_hp	4606511972553576496
G/1/demand-latched/p85/phi_lp	4605080728609496163
G/1/demand-latched/p85/pi_hpc	4616356414467162197
G/1/demand-latched/p85/pi_lpc	4612047333578575849
G/1/demand-latched/p85/required	4576617294557066987
G/1/demand-latched/p85/required_fuel	4576617294557066987
G/1/demand-latched/p85/required_gov	4576119637864504452
G/1/demand-latched/p85/s	4601327739284435768
G/1/demand-latched/p85/share_law	580772045163143161
G/1/demand-latched/p85/sp_thrust	4647209132554562184
G/1/demand-latched/p85/v	0
G/1/demand-latched/p85/v_cmd	0
G/1/demand-latched/p85/v_regime	9087740570393753374
G/1/demand-latched/p85/v_regime?	1
G/1/demand-latched/p85/w_fuel	4577630991012180362
G/1/demand-latched/p85/w_fuel?	1
G/1/demand-latched/p85/w_gov	4578450557157970963
G/1/demand-latched/p85/w_gov?	1
G/1/demand-latched/p90/Tt4	4652575859006931883
G/1/demand-latched/p90/authority	9674992558986367437
G/1/demand-latched/p90/b	0
G/1/demand-latched/p90/b_cmd	0
G/1/demand-latched/p90/branch	13126223303132988745
G/1/demand-latched/p90/cap_fuel	4578057449867145458
G/1/demand-latched/p90/cap_fuel?	1
G/1/demand-latched/p90/cap_gov	4578497072928237651
G/1/demand-latched/p90/cap_gov?	1
G/1/demand-latched/p90/f	4581220454349729854
G/1/demand-latched/p90/g	4577309302893813565
G/1/demand-latched/p90/g_fuel	4577309302893813565
G/1/demand-latched/p90/g_gov	4576534264556903822
G/1/demand-latched/p90/ic_iters	1
G/1/demand-latched/p90/ic_order	16448961268219989400
G/1/demand-latched/p90/ic_res	0
G/1/demand-latched/p90/lag_coord	4551893238594259504
G/1/demand-latched/p90/mdot_air	4603467311121575617
G/1/demand-latched/p90/mf	4577690867678034963
G/1/demand-latched/p90/mf_sched	4582003684913294760
G/1/demand-latched/p90/nu_hp	4605367838754174480
G/1/demand-latched/p90/nu_lp	4605075908036417242
G/1/demand-latched/p90/phi_hp	4606506691960616937
G/1/demand-latched/p90/phi_lp	4605082780053660261
G/1/demand-latched/p90/pi_hpc	4616367859703124488
G/1/demand-latched/p90/pi_lpc	4612055477108958674
G/1/demand-latched/p90/required	4576942720704703070
G/1/demand-latched/p90/required_fuel	4576942720704703070
G/1/demand-latched/p90/required_gov	4576503097643610877
G/1/demand-latched/p90/s	4601778099247172818
G/1/demand-latched/p90/share_law	580772045163143161
G/1/demand-latched/p90/sp_thrust	4647257338567884470
G/1/demand-latched/p90/v	0
G/1/demand-latched/p90/v_cmd	0
G/1/demand-latched/p90/v_regime	9087740570393753374
G/1/demand-latched/p90/v_regime?	1
G/1/demand-latched/p90/w_fuel	4577690867678034963
G/1/demand-latched/p90/w_fuel?	1
G/1/demand-latched/p90/w_gov	4578465906014944706
G/1/demand-latched/p90/w_gov?	1
G/1/demand-latched/p95/Tt4	4652600298751848917
G/1/demand-latched/p95/authority	9674992558986367437
G/1/demand-latched/p95/b	0
G/1/demand-latched/p95/b_cmd	0
G/1/demand-latched/p95/branch	13126223303132988745
G/1/demand-latched/p95/cap_fuel	4578135685526809363
G/1/demand-latched/p95/cap_fuel?	1
G/1/demand-latched/p95/cap_gov	4578514032696763606
G/1/demand-latched/p95/cap_gov?	1
G/1/demand-latched/p95/f	4581264441809218957
G/1/demand-latched/p95/g	4577646610667320649
G/1/demand-latched/p95/g_fuel	4577646610667320649
G/1/demand-latched/p95/g_gov	4576918116555874805
G/1/demand-latched/p95/ic_iters	1
G/1/demand-latched/p95/ic_order	16448961268219989400
G/1/demand-latched/p95/ic_res	0
G/1/demand-latched/p95/lag_coord	4551893238594259504
G/1/demand-latched/p95/mdot_air	4603475911829428041
G/1/demand-latched/p95/mf	4577753264816237173
G/1/demand-latched/p95/mf_sched	4582203537369149407
G/1/demand-latched/p95/nu_hp	4605375500584109053
G/1/demand-latched/p95/nu_lp	4605084875232830113
G/1/demand-latched/p95/phi_hp	4606501318574743951
G/1/demand-latched/p95/phi_lp	4605085027175405281
G/1/demand-latched/p95/pi_hpc	4616379772709843815
G/1/demand-latched/p95/pi_lpc	4612063962877567563
G/1/demand-latched/p95/required	4577264189956748459
G/1/demand-latched/p95/required_fuel	4577264189956748459
G/1/demand-latched/p95/required_gov	4576885842786794216
G/1/demand-latched/p95/s	4602228459209909868
G/1/demand-latched/p95/share_law	580772045163143161
G/1/demand-latched/p95/sp_thrust	4647307289615697084
G/1/demand-latched/p95/v	0
G/1/demand-latched/p95/v_cmd	0
G/1/demand-latched/p95/v_regime	9087740570393753374
G/1/demand-latched/p95/v_regime?	1
G/1/demand-latched/p95/w_fuel	4577753264816237173
G/1/demand-latched/p95/w_fuel?	1
G/1/demand-latched/p95/w_gov	4578481758927683017
G/1/demand-latched/p95/w_gov?	1
G/1/demand-latched/phi_lim	4605020690978879570
G/1/demand/col/Tt4/last	4652982271068295451
G/1/demand/col/Tt4/max	4652982271068295451
G/1/demand/col/Tt4/min	4652007308841189373
G/1/demand/col/Tt4/n	341
G/1/demand/col/b/last	0
G/1/demand/col/b/max	0
G/1/demand/col/b/min	0
G/1/demand/col/b/n	341
G/1/demand/col/b_cmd/last	0
G/1/demand/col/b_cmd/max	0
G/1/demand/col/b_cmd/min	0
G/1/demand/col/b_cmd/n	341
G/1/demand/col/cap_fuel/last	4582424074207657230
G/1/demand/col/cap_fuel/max	4582424074207657230
G/1/demand/col/cap_fuel/min	4577293774073415037
G/1/demand/col/cap_fuel/n	341
G/1/demand/col/cap_gov/last	4579578546831659616
G/1/demand/col/cap_gov/max	4579578546831659616
G/1/demand/col/cap_gov/min	4578322582364179393
G/1/demand/col/cap_gov/n	341
G/1/demand/col/f/last	4581799678014659110
G/1/demand/col/f/max	4581925319178211010
G/1/demand/col/f/min	4580362397098397465
G/1/demand/col/f/n	341
G/1/demand/col/g/last	4576244652662541413
G/1/demand/col/g/max	4577569406865336474
G/1/demand/col/g/min	0
G/1/demand/col/g/n	341
G/1/demand/col/g_fuel/last	4561995874670838304
G/1/demand/col/g_fuel/max	4577569406865336474
G/1/demand/col/g_fuel/min	13786150169300815576
G/1/demand/col/g_fuel/n	341
G/1/demand/col/g_gov/last	4576244652662541413
G/1/demand/col/g_gov/max	4577200330974074621
G/1/demand/col/g_gov/min	13792201347317694588
G/1/demand/col/g_gov/n	341
G/1/demand/col/ic_res/last	0
G/1/demand/col/ic_res/max	0
G/1/demand/col/ic_res/min	0
G/1/demand/col/ic_res/n	341
G/1/demand/col/mdot_air/last	4604334989288699506
G/1/demand/col/mdot_air/max	4604334989288699506
G/1/demand/col/mdot_air/min	4603360093557585312
G/1/demand/col/mdot_air/n	341
G/1/demand/col/mf/last	4579554927732725697
G/1/demand/col/mf/max	4579554927732725697
G/1/demand/col/mf/min	4576651860380027810
G/1/demand/col/mf/n	341
G/1/demand/col/mf_sched/last	4582403389825004051
G/1/demand/col/mf_sched/max	4582403389825004051
G/1/demand/col/mf_sched/min	4576651860380027810
G/1/demand/col/mf_sched/n	341
G/1/demand/col/nu_hp/last	4605852522352831412
G/1/demand/col/nu_hp/max	4605852522352831412
G/1/demand/col/nu_hp/min	4605289037695390238
G/1/demand/col/nu_hp/n	341
G/1/demand/col/nu_lp/last	4605620969780906966
G/1/demand/col/nu_lp/max	4605620969780906966
G/1/demand/col/nu_lp/min	4604982328959340258
G/1/demand/col/nu_lp/n	341
G/1/demand/col/phi_hp/last	4606701041557621147
G/1/demand/col/phi_hp/max	4606701041557621147
G/1/demand/col/phi_hp/min	4606428115298589194
G/1/demand/col/phi_hp/n	341
G/1/demand/col/phi_lp/last	4605626755211465466
G/1/demand/col/phi_lp/max	4605626755211465466
G/1/demand/col/phi_lp/min	4605029629487604059
G/1/demand/col/phi_lp/n	341
G/1/demand/col/pi_hpc/last	4616879470932013526
G/1/demand/col/pi_hpc/max	4616879470932013526
G/1/demand/col/pi_hpc/min	4616194662411773451
G/1/demand/col/pi_hpc/n	341
G/1/demand/col/pi_lpc/last	4612515648959133468
G/1/demand/col/pi_lpc/max	4612515648959133468
G/1/demand/col/pi_lpc/min	4611954934909333047
G/1/demand/col/pi_lpc/n	341
G/1/demand/col/required/last	4576221033563607494
G/1/demand/col/required/max	4577158076495900916
G/1/demand/col/required/min	13786150169300815576
G/1/demand/col/required/n	341
G/1/demand/col/required_fuel/last	13768295663203449600
G/1/demand/col/required_fuel/max	4577053458895180782
G/1/demand/col/required_fuel/min	13786150169300815576
G/1/demand/col/required_fuel/n	341
G/1/demand/col/required_gov/last	4576221033563607494
G/1/demand/col/required_gov/max	4577158076495900916
G/1/demand/col/required_gov/min	13792201347317694588
G/1/demand/col/required_gov/n	341
G/1/demand/col/s/last	4610334938539176691
G/1/demand/col/s/max	4610334938539176691
G/1/demand/col/s/min	0
G/1/demand/col/s/n	341
G/1/demand/col/sp_thrust/last	4648085145003754726
G/1/demand/col/sp_thrust/max	4648085145003754726
G/1/demand/col/sp_thrust/min	4646376948859877908
G/1/demand/col/sp_thrust/n	341
G/1/demand/col/v/last	0
G/1/demand/col/v/max	0
G/1/demand/col/v/min	0
G/1/demand/col/v/n	341
G/1/demand/col/v_cmd/last	0
G/1/demand/col/v_cmd/max	0
G/1/demand/col/v_cmd/min	0
G/1/demand/col/v_cmd/n	341
G/1/demand/col/w_fuel/last	4582126619468776962
G/1/demand/col/w_fuel/max	4582126619468776962
G/1/demand/col/w_fuel/min	4577293774073415037
G/1/demand/col/w_fuel/n	341
G/1/demand/col/w_gov/last	4579554927732725697
G/1/demand/col/w_gov/max	4579554927732725697
G/1/demand/col/w_gov/min	4578322582364179393
G/1/demand/col/w_gov/n	341
G/1/demand/coord	4011733542463085790
G/1/demand/keys	35
G/1/demand/marched	1
G/1/demand/n	341
G/1/demand/neg/g_fuel	9
G/1/demand/neg/g_gov	22
G/1/demand/neg/required_fuel	12
G/1/demand/neg/required_gov	22
G/1/demand/p0/Tt4	4652007308841189373
G/1/demand/p0/authority	9087740570393753374
G/1/demand/p0/b	0
G/1/demand/p0/b_cmd	0
G/1/demand/p0/branch	13126223303132988745
G/1/demand/p0/cap_fuel	4577293774073415037
G/1/demand/p0/cap_fuel?	1
G/1/demand/p0/cap_gov	4578322582364179393
G/1/demand/p0/cap_gov?	1
G/1/demand/p0/f	4580362397098397465
G/1/demand/p0/g	0
G/1/demand/p0/g_fuel	13786150169300815576
G/1/demand/p0/g_gov	13792201347317694588
G/1/demand/p0/ic_iters	2
G/1/demand/p0/ic_order	16448961268219989400
G/1/demand/p0/ic_res	0
G/1/demand/p0/lag_coord	4011733542463085790
G/1/demand/p0/mdot_air	4603437906198678369
G/1/demand/p0/mf	4576651860380027810
G/1/demand/p0/mf_sched	4576651860380027810
G/1/demand/p0/nu_hp	4605289037695390238
G/1/demand/p0/nu_lp	4604982328959340258
G/1/demand/p0/phi_hp	4606672101246745290
G/1/demand/p0/phi_lp	4605138831325119760
G/1/demand/p0/pi_hpc	4616194662411773451
G/1/demand/p0/pi_lpc	4611954934909333047
G/1/demand/p0/required	13786150169300815576
G/1/demand/p0/required_fuel	13786150169300815576
G/1/demand/p0/required_gov	13792201347317694588
G/1/demand/p0/s	0
G/1/demand/p0/share_law	580772045163143161
G/1/demand/p0/sp_thrust	4646376948859877908
G/1/demand/p0/v	0
G/1/demand/p0/v_cmd	0
G/1/demand/p0/v_regime	9087740570393753374
G/1/demand/p0/v_regime?	1
G/1/demand/p0/w_fuel	4577293774073415037
G/1/demand/p0/w_fuel?	1
G/1/demand/p0/w_gov	4578322582364179393
G/1/demand/p0/w_gov?	1
G/1/demand/p10/Tt4	4652442044292562240
G/1/demand/p10/authority	9674992558986367437
G/1/demand/p10/b	0
G/1/demand/p10/b_cmd	0
G/1/demand/p10/branch	13126223303132988745
G/1/demand/p10/cap_fuel	4577364794806978796
G/1/demand/p10/cap_fuel?	1
G/1/demand/p10/cap_gov	4578339592180418624
G/1/demand/p10/cap_gov?	1
G/1/demand/p10/f	4580992795427460610
G/1/demand/p10/g	4553434776291882432
G/1/demand/p10/g_fuel	4553434776291882432
G/1/demand/p10/g_gov	13788022566554051032
G/1/demand/p10/ic_iters	2
G/1/demand/p10/ic_order	16448961268219989400
G/1/demand/p10/ic_res	0
G/1/demand/p10/lag_coord	4011733542463085790
G/1/demand/p10/mdot_air	4603364289418498710
G/1/demand/p10/mf	4577301296683206350
G/1/demand/p10/mf_sched	4577451270203446396
G/1/demand/p10/nu_hp	4605296694823755088
G/1/demand/p10/nu_lp	4604991598845961807
G/1/demand/p10/phi_hp	4606514577822904999
G/1/demand/p10/phi_lp	4605032083612419385
G/1/demand/p10/pi_hpc	4616279279006490593
G/1/demand/p10/pi_lpc	4611981535077205332
G/1/demand/p10/required	4549666449390756864
G/1/demand/p10/required_fuel	4549666449390756864
G/1/demand/p10/required_gov	13788121435569495584
G/1/demand/p10/s	4587366580439587225
G/1/demand/p10/share_law	580772045163143161
G/1/demand/p10/sp_thrust	4646945535737278413
G/1/demand/p10/v	0
G/1/demand/p10/v_cmd	0
G/1/demand/p10/v_regime	9087740570393753374
G/1/demand/p10/v_regime?	1
G/1/demand/p10/w_fuel	4577301296683206350
G/1/demand/p10/w_fuel?	1
G/1/demand/p10/w_gov	4578327233553488055
G/1/demand/p10/w_gov?	1
G/1/demand/p100/Tt4	4652784284744995314
G/1/demand/p100/authority	9674992558986367437
G/1/demand/p100/b	0
G/1/demand/p100/b_cmd	0
G/1/demand/p100/branch	13126223303132988745
G/1/demand/p100/cap_fuel	4578746121500086328
G/1/demand/p100/cap_fuel?	1
G/1/demand/p100/cap_gov	4578641503899366194
G/1/demand/p100/cap_gov?	1
G/1/demand/p100/f	4581596294178261247
G/1/demand/p100/g	4577569406865336474
G/1/demand/p100/g_fuel	4577569406865336474
G/1/demand/p100/g_gov	4577200330974074621
G/1/demand/p100/ic_iters	2
G/1/demand/p100/ic_order	16448961268219989400
G/1/demand/p100/ic_res	0
G/1/demand/p100/lag_coord	4011733542463085790
G/1/demand/p100/mdot_air	4603541369625330814
G/1/demand/p100/mf	4578230173529930636
G/1/demand/p100/mf_sched	4582403389825004051
G/1/demand/p100/nu_hp	4605432962203995732
G/1/demand/p100/nu_lp	4605151825188203717
G/1/demand/p100/phi_hp	4606462613380670082
G/1/demand/p100/phi_lp	4605103228017547454
G/1/demand/p100/pi_hpc	4616469399357031358
G/1/demand/p100/pi_lpc	4612127694461082490
G/1/demand/p100/required	4577158076495900916
G/1/demand/p100/required_fuel	4577053458895180782
G/1/demand/p100/required_gov	4577158076495900916
G/1/demand/p100/s	4602678819172646915
G/1/demand/p100/share_law	580772045163143161
G/1/demand/p100/sp_thrust	4647680336454719991
G/1/demand/p100/v	0
G/1/demand/p100/v_cmd	0
G/1/demand/p100/v_regime	9087740570393753374
G/1/demand/p100/v_regime?	1
G/1/demand/p100/w_fuel	4578230173529930636
G/1/demand/p100/w_fuel?	1
G/1/demand/p100/w_gov	4578599249421192489
G/1/demand/p100/w_gov?	1
G/1/demand/p105/Tt4	4652817724806961126
G/1/demand/p105/authority	9674992558986367437
G/1/demand/p105/b	0
G/1/demand/p105/b_cmd	0
G/1/demand/p105/branch	13126223303132988745
G/1/demand/p105/cap_fuel	4578862761522106993
G/1/demand/p105/cap_fuel?	1
G/1/demand/p105/cap_gov	4578664926735087618
G/1/demand/p105/cap_gov?	1
G/1/demand/p105/f	4581656684719922061
G/1/demand/p105/g	4577481080946277446
G/1/demand/p105/g_fuel	4577481080946277446
G/1/demand/p105/g_gov	4577178748257549991
G/1/demand/p105/ic_iters	2
G/1/demand/p105/ic_order	16448961268219989400
G/1/demand/p105/ic_res	0
G/1/demand/p105/lag_coord	4011733542463085790
G/1/demand/p105/mdot_air	4603553657368811530
G/1/demand/p105/mf	4578318499448989664
G/1/demand/p105/mf_sched	4582403389825004051
G/1/demand/p105/nu_hp	4605443504493346413
G/1/demand/p105/nu_lp	4605164033043124445
G/1/demand/p105/phi_hp	4606456007148446212
G/1/demand/p105/phi_lp	4605106962847731574
G/1/demand/p105/pi_hpc	4616485804832032528
G/1/demand/p105/pi_lpc	4612139359525546927
G/1/demand/p105/required	4577134653660179492
G/1/demand/p105/required_fuel	4576936818873160117
G/1/demand/p105/required_gov	4577134653660179492
G/1/demand/p105/s	4602903999154015440
G/1/demand/p105/share_law	580772045163143161
G/1/demand/p105/sp_thrust	4647731278259404759
G/1/demand/p105/v	0
G/1/demand/p105/v_cmd	0
G/1/demand/p105/v_regime	9087740570393753374
G/1/demand/p105/v_regime?	1
G/1/demand/p105/w_fuel	4578318499448989664
G/1/demand/p105/w_fuel?	1
G/1/demand/p105/w_gov	4578620832137717119
G/1/demand/p105/w_gov?	1
G/1/demand/p110/Tt4	4652852879600600410
G/1/demand/p110/authority	9674992558986367437
G/1/demand/p110/b	0
G/1/demand/p110/b_cmd	0
G/1/demand/p110/branch	13126223303132988745
G/1/demand/p110/cap_fuel	4578986168158783161
G/1/demand/p110/cap_fuel?	1
G/1/demand/p110/cap_gov	4578689409562187111
G/1/demand/p110/cap_gov?	1
G/1/demand/p110/f	4581720241003153336
G/1/demand/p110/g	4577387881052427358
G/1/demand/p110/g_fuel	4577387881052427358
G/1/demand/p110/g_gov	4577156217691468657
G/1/demand/p110/ic_iters	2
G/1/demand/p110/ic_order	16448961268219989400
G/1/demand/p110/ic_res	0
G/1/demand/p110/lag_coord	4011733542463085790
G/1/demand/p110/mdot_air	4603566505997839150
G/1/demand/p110/mf	4578411699342839752
G/1/demand/p110/mf_sched	4582403389825004051
G/1/demand/p110/nu_hp	4605454515345173267
G/1/demand/p110/nu_lp	4605176768614841863
G/1/demand/p110/phi_hp	4606449118069119915
G/1/demand/p110/phi_lp	4605110883472663866
G/1/demand/p110/pi_hpc	4616502999585368540
G/1/demand/p110/pi_lpc	4612151562775265708
G/1/demand/p110/required	4577110170833079999
G/1/demand/p110/required_fuel	4576813412236483949
G/1/demand/p110/required_gov	4577110170833079999
G/1/demand/p110/s	4603129179135383965
G/1/demand/p110/share_law	580772045163143161
G/1/demand/p110/sp_thrust	4647766583716671998
G/1/demand/p110/v	0
G/1/demand/p110/v_cmd	0
G/1/demand/p110/v_regime	9087740570393753374
G/1/demand/p110/v_regime?	1
G/1/demand/p110/w_fuel	4578411699342839752
G/1/demand/p110/w_fuel?	1
G/1/demand/p110/w_gov	4578643362703798453
G/1/demand/p110/w_gov?	1
G/1/demand/p115/Tt4	4652889850146216919
G/1/demand/p115/authority	9674992558986367437
G/1/demand/p115/b	0
G/1/demand/p115/b_cmd	0
G/1/demand/p115/branch	13126223303132988745
G/1/demand/p115/cap_fuel	4579116880240752266
G/1/demand/p115/cap_fuel?	1
G/1/demand/p115/cap_gov	4578715016382041058
G/1/demand/p115/cap_gov?	1
G/1/demand/p115/f	4581787153096633595
G/1/demand/p115/g	4577289474759308149
G/1/demand/p115/g_fuel	4577289474759308149
G/1/demand/p115/g_gov	4577132681651232015
G/1/demand/p115/ic_iters	2
G/1/demand/p115/ic_order	16448961268219989400
G/1/demand/p115/ic_res	0
G/1/demand/p115/lag_coord	4011733542463085790
G/1/demand/p115/mdot_air	4603579954807079292
G/1/demand/p115/mf	4578510105635958961
G/1/demand/p115/mf_sched	4582403389825004051
G/1/demand/p115/nu_hp	4605466022088167729
G/1/demand/p115/nu_lp	4605190062906266853
G/1/demand/p115/phi_hp	4606441938338520359
G/1/demand/p115/phi_lp	4605115007779594139
G/1/demand/p115/pi_hpc	4616521030029321017
G/1/demand/p115/pi_lpc	4612164337425278470
G/1/demand/p115/required	4577084564013226052
G/1/demand/p115/required_fuel	4576682700154514844
G/1/demand/p115/required_gov	4577084564013226052
G/1/demand/p115/s	4603354359116752490
G/1/demand/p115/share_law	580772045163143161
G/1/demand/p115/sp_thrust	4647803579954763935
G/1/demand/p115/v	0
G/1/demand/p115/v_cmd	0
G/1/demand/p115/v_regime	9087740570393753374
G/1/demand/p115/v_regime?	1
G/1/demand/p115/w_fuel	4578510105635958961
G/1/demand/p115/w_fuel?	1
G/1/demand/p115/w_gov	4578666898744035095
G/1/demand/p115/w_gov?	1
G/1/demand/p120/Tt4	4652928748425483964
G/1/demand/p120/authority	9674992558986367437
G/1/demand/p120/b	0
G/1/demand/p120/b_cmd	0
G/1/demand/p120/branch	13126223303132988745
G/1/demand/p120/cap_fuel	4579255489948783963
G/1/demand/p120/cap_fuel?	1
G/1/demand/p120/cap_gov	4578741815615935470
G/1/demand/p120/cap_gov?	1
G/1/demand/p120/f	4581857632342929895
G/1/demand/p120/g	4577185493835129883
G/1/demand/p120/g_fuel	4577185493835129883
G/1/demand/p120/g_gov	4577108079078547080
G/1/demand/p120/ic_iters	2
G/1/demand/p120/ic_order	16448961268219989400
G/1/demand/p120/ic_res	0
G/1/demand/p120/lag_coord	4011733542463085790
G/1/demand/p120/mdot_air	4603594045289891293
G/1/demand/p120/mf	4578614086560137227
G/1/demand/p120/mf_sched	4582403389825004051
G/1/demand/p120/nu_hp	4605478053884451786
G/1/demand/p120/nu_lp	4605203948947099384
G/1/demand/p120/phi_hp	4606434458560688132
G/1/demand/p120/phi_lp	4605119354170206983
G/1/demand/p120/pi_hpc	4616539946700678808
G/1/demand/p120/pi_lpc	4612177719261974078
G/1/demand/p120/required	4577057764779331640
G/1/demand/p120/required_fuel	4576544090446483147
G/1/demand/p120/required_gov	4577057764779331640
G/1/demand/p120/s	4603579539098121015
G/1/demand/p120/share_law	580772045163143161
G/1/demand/p120/sp_thrust	4647842363253162065
G/1/demand/p120/v	0
G/1/demand/p120/v_cmd	0
G/1/demand/p120/v_regime	9087740570393753374
G/1/demand/p120/v_regime?	1
G/1/demand/p120/w_fuel	4578614086560137227
G/1/demand/p120/w_fuel?	1
G/1/demand/p120/w_gov	4578691501316720030
G/1/demand/p120/w_gov?	1
G/1/demand/p125/Tt4	4652966317072508903
G/1/demand/p125/authority	15345845413248555367
G/1/demand/p125/b	0
G/1/demand/p125/b_cmd	0
G/1/demand/p125/branch	13126223303132988745
G/1/demand/p125/cap_fuel	4579402623155276570
G/1/demand/p125/cap_fuel?	1
G/1/demand/p125/cap_gov	4578769875476607885
G/1/demand/p125/cap_gov?	1
G/1/demand/p125/f	4581925319178211010
G/1/demand/p125/g	4577082344979546004
G/1/demand/p125/g_fuel	4577075530976889032
G/1/demand/p125/g_gov	4577082344979546004
G/1/demand/p125/ic_iters	2
G/1/demand/p125/ic_order	16448961268219989400
G/1/demand/p125/ic_res	0
G/1/demand/p125/lag_coord	4011733542463085790
G/1/demand/p125/mdot_air	4603609641406220169
G/1/demand/p125/mf	4578717235415721106
G/1/demand/p125/mf_sched	4582403389825004051
G/1/demand/p125/nu_hp	4605490639661428901
G/1/demand/p125/nu_lp	4605218459339371765
G/1/demand/p125/phi_hp	4606428115298589194
G/1/demand/p125/phi_lp	4605124992940309306
G/1/demand/p125/pi_hpc	4616559053619111190
G/1/demand/p125/pi_lpc	4612191550429909016
G/1/demand/p125/required	4577029704918659225
G/1/demand/p125/required_fuel	4576396957239990540
G/1/demand/p125/required_gov	4577029704918659225
G/1/demand/p125/s	4603804719079489540
G/1/demand/p125/share_law	580772045163143161
G/1/demand/p125/sp_thrust	4647880295312580128
G/1/demand/p125/v	0
G/1/demand/p125/v_cmd	0
G/1/demand/p125/v_regime	9087740570393753374
G/1/demand/p125/v_regime?	1
G/1/demand/p125/w_fuel	4578724049418378078
G/1/demand/p125/w_fuel?	1
G/1/demand/p125/w_gov	4578717235415721106
G/1/demand/p125/w_gov?	1
G/1/demand/p130/Tt4	4652965704698026445
G/1/demand/p130/authority	15345845413248555367
G/1/demand/p130/b	0
G/1/demand/p130/b_cmd	0
G/1/demand/p130/branch	13126223303132988745
G/1/demand/p130/cap_fuel	4579552972834423555
G/1/demand/p130/cap_fuel?	1
G/1/demand/p130/cap_gov	4578798139692420480
G/1/demand/p130/cap_gov?	1
G/1/demand/p130/f	4581918525687413444
G/1/demand/p130/g	4577055591045548725
G/1/demand/p130/g_fuel	4576959483545582975
G/1/demand/p130/g_gov	4577055591045548725
G/1/demand/p130/ic_iters	2
G/1/demand/p130/ic_order	16448961268219989400
G/1/demand/p130/ic_res	0
G/1/demand/p130/lag_coord	4011733542463085790
G/1/demand/p130/mdot_air	4603634781168651372
G/1/demand/p130/mf	4578743989349718385
G/1/demand/p130/mf_sched	4582403389825004051
G/1/demand/p130/nu_hp	4605503309690270779
G/1/demand/p130/nu_lp	4605233038574654598
G/1/demand/p130/phi_hp	4606438266984578862
G/1/demand/p130/phi_lp	4605142720295944994
G/1/demand/p130/pi_hpc	4616569786872550905
G/1/demand/p130/pi_lpc	4612203254499846357
G/1/demand/p130/required	4577001440702846630
G/1/demand/p130/required_fuel	4576246607560843555
G/1/demand/p130/required_gov	4577001440702846630
G/1/demand/p130/s	4604029899060858065
G/1/demand/p130/share_law	580772045163143161
G/1/demand/p130/sp_thrust	4647887227145832395
G/1/demand/p130/v	0
G/1/demand/p130/v_cmd	0
G/1/demand/p130/v_regime	9087740570393753374
G/1/demand/p130/v_regime?	1
G/1/demand/p130/w_fuel	4578840096849684135
G/1/demand/p130/w_fuel?	1
G/1/demand/p130/w_gov	4578743989349718385
G/1/demand/p130/w_gov?	1
G/1/demand/p135/Tt4	4652965614225899273
G/1/demand/p135/authority	15345845413248555367
G/1/demand/p135/b	0
G/1/demand/p135/b_cmd	0
G/1/demand/p135/branch	13126223303132988745
G/1/demand/p135/cap_fuel	4579702352373179261
G/1/demand/p135/cap_fuel?	1
G/1/demand/p135/cap_gov	4578825817688618802
G/1/demand/p135/cap_gov?	1
G/1/demand/p135/f	4581912876060596836
G/1/demand/p135/g	4577028368781683825
G/1/demand/p135/g_fuel	4576838247363103170
G/1/demand/p135/g_gov	4577028368781683825
G/1/demand/p135/ic_iters	2
G/1/demand/p135/ic_order	16448961268219989400
G/1/demand/p135/ic_res	0
G/1/demand/p135/lag_coord	4011733542463085790
G/1/demand/p135/mdot_air	4603659309802612844
G/1/demand/p135/mf	4578771211613583285
G/1/demand/p135/mf_sched	4582403389825004051
G/1/demand/p135/nu_hp	4605515713477052221
G/1/demand/p135/nu_lp	4605247274621666112
G/1/demand/p135/phi_hp	4606447980423594606
G/1/demand/p135/phi_lp	4605159935182421868
G/1/demand/p135/pi_hpc	4616580422320198928
G/1/demand/p135/pi_lpc	4612214712936748333
G/1/demand/p135/required	4576973762706648308
G/1/demand/p135/required_fuel	4576097228022087849
G/1/demand/p135/required_gov	4576973762706648308
G/1/demand/p135/s	4604255079042226590
G/1/demand/p135/share_law	580772045163143161
G/1/demand/p135/sp_thrust	4647894371722426277
G/1/demand/p135/v	0
G/1/demand/p135/v_cmd	0
G/1/demand/p135/v_regime	9087740570393753374
G/1/demand/p135/v_regime?	1
G/1/demand/p135/w_fuel	4578961333032163940
G/1/demand/p135/w_fuel?	1
G/1/demand/p135/w_gov	4578771211613583285
G/1/demand/p135/w_gov?	1
G/1/demand/p140/Tt4	4652965825216363094
G/1/demand/p140/authority	15345845413248555367
G/1/demand/p140/b	0
G/1/demand/p140/b_cmd	0
G/1/demand/p140/branch	13126223303132988745
G/1/demand/p140/cap_fuel	4579850794586972724
G/1/demand/p140/cap_fuel?	1
G/1/demand/p140/cap_gov	4578852935342230707
G/1/demand/p140/cap_gov?	1
G/1/demand/p140/f	4581907934260765790
G/1/demand/p140/g	4577001087278403683
G/1/demand/p140/g_fuel	4576712764749342091
G/1/demand/p140/g_gov	4577001087278403683
G/1/demand/p140/ic_iters	2
G/1/demand/p140/ic_order	16448961268219989400
G/1/demand/p140/ic_res	0
G/1/demand/p140/lag_coord	4011733542463085790
G/1/demand/p140/mdot_air	4603683301665278166
G/1/demand/p140/mf	4578798493116863427
G/1/demand/p140/mf_sched	4582403389825004051
G/1/demand/p140/nu_hp	4605527863013579768
G/1/demand/p140/nu_lp	4605261183907988368
G/1/demand/p140/phi_hp	4606457360097158826
G/1/demand/p140/phi_lp	4605176721475966922
G/1/demand/p140/pi_hpc	4616590921212135128
G/1/demand/p140/pi_lpc	4612225926273165093
G/1/demand/p140/required	4576946645053036403
G/1/demand/p140/required_fuel	4575948785808294386
G/1/demand/p140/required_gov	4576946645053036403
G/1/demand/p140/s	4604480259023595115
G/1/demand/p140/share_law	580772045163143161
G/1/demand/p140/sp_thrust	4647901561555078201
G/1/demand/p140/v	0
G/1/demand/p140/v_cmd	0
G/1/demand/p140/v_regime	9087740570393753374
G/1/demand/p140/v_regime?	1
G/1/demand/p140/w_fuel	4579086815645925019
G/1/demand/p140/w_fuel?	1
G/1/demand/p140/w_gov	4578798493116863427
G/1/demand/p140/w_gov?	1
G/1/demand/p145/Tt4	4652966207951440339
G/1/demand/p145/authority	15345845413248555367
G/1/demand/p145/b	0
G/1/demand/p145/b_cmd	0
G/1/demand/p145/branch	13126223303132988745
G/1/demand/p145/cap_fuel	4579998296208859125
G/1/demand/p145/cap_fuel?	1
G/1/demand/p145/cap_gov	4578879510651074444
G/1/demand/p145/cap_gov?	1
G/1/demand/p145/f	4581903442975260463
G/1/demand/p145/g	4576973986294318450
G/1/demand/p145/g_fuel	4576583831418783741
G/1/demand/p145/g_gov	4576973986294318450
G/1/demand/p145/ic_iters	2
G/1/demand/p145/ic_order	16448961268219989400
G/1/demand/p145/ic_res	0
G/1/demand/p145/lag_coord	4011733542463085790
G/1/demand/p145/mdot_air	4603706802328782429
G/1/demand/p145/mf	4578825594100948660
G/1/demand/p145/mf_sched	4582403389825004051
G/1/demand/p145/nu_hp	4605539766736788528
G/1/demand/p145/nu_lp	4605274778537393093
G/1/demand/p145/phi_hp	4606466468665658999
G/1/demand/p145/phi_lp	4605193129866249578
G/1/demand/p145/pi_hpc	4616601261446988987
G/1/demand/p145/pi_lpc	4612236896566328633
G/1/demand/p145/required	4576920069744192666
G/1/demand/p145/required_fuel	4575801284186407985
G/1/demand/p145/required_gov	4576920069744192666
G/1/demand/p145/s	4604705439004963640
G/1/demand/p145/share_law	580772045163143161
G/1/demand/p145/sp_thrust	4647908700054889446
G/1/demand/p145/v	0
G/1/demand/p145/v_cmd	0
G/1/demand/p145/v_regime	9087740570393753374
G/1/demand/p145/v_regime?	1
G/1/demand/p145/w_fuel	4579215748976483369
G/1/demand/p145/w_fuel?	1
G/1/demand/p145/w_gov	4578825594100948660
G/1/demand/p145/w_gov?	1
G/1/demand/p15/Tt4	4652443700118814897
G/1/demand/p15/authority	9674992558986367437
G/1/demand/p15/b	0
G/1/demand/p15/b_cmd	0
G/1/demand/p15/branch	13126223303132988745
G/1/demand/p15/cap_fuel	4577423569552972705
G/1/demand/p15/cap_fuel?	1
G/1/demand/p15/cap_gov	4578353532086638326
G/1/demand/p15/cap_gov?	1
G/1/demand/p15/f	4580993226200566769
G/1/demand/p15/g	4561703824652516496
G/1/demand/p15/g_fuel	4561703824652516496
G/1/demand/p15/g_gov	13784256837847533280
G/1/demand/p15/ic_iters	2
G/1/demand/p15/ic_order	16448961268219989400
G/1/demand/p15/ic_res	0
G/1/demand/p15/lag_coord	4011733542463085790
G/1/demand/p15/mdot_air	4603376016412336468
G/1/demand/p15/mf	4577315687528846624
G/1/demand/p15/mf_sched	4577850975115155689
G/1/demand/p15/nu_hp	4605302977604191609
G/1/demand/p15/nu_lp	4604999165206587871
G/1/demand/p15/phi_hp	4606518661221599350
G/1/demand/p15/phi_lp	4605039959680976705
G/1/demand/p15/pi_hpc	4616284691825908239
G/1/demand/p15/pi_lpc	4611987567672893525
G/1/demand/p15/required	4559977712266499200
G/1/demand/p15/required_fuel	4559977712266499200
G/1/demand/p15/required_gov	13784552171670069456
G/1/demand/p15/s	4590068740216009523
G/1/demand/p15/share_law	580772045163143161
G/1/demand/p15/sp_thrust	4646956276471718756
G/1/demand/p15/v	0
G/1/demand/p15/v_cmd	0
G/1/demand/p15/v_regime	9087740570393753374
G/1/demand/p15/v_regime?	1
G/1/demand/p15/w_fuel	4577315687528846624
G/1/demand/p15/w_fuel?	1
G/1/demand/p15/w_gov	4578335073722729815
G/1/demand/p15/w_gov?	1
G/1/demand/p150/Tt4	4652966686122966901
G/1/demand/p150/authority	15345845413248555367
G/1/demand/p150/b	0
G/1/demand/p150/b_cmd	0
G/1/demand/p150/branch	13126223303132988745
G/1/demand/p150/cap_fuel	4580144833255041577
G/1/demand/p150/cap_fuel?	1
G/1/demand/p150/cap_gov	4578905556992465932
G/1/demand/p150/cap_gov?	1
G/1/demand/p150/f	4581899250091618279
G/1/demand/p150/g	4576947205233441877
G/1/demand/p150/g_fuel	4576452123215069731
G/1/demand/p150/g_gov	4576947205233441877
G/1/demand/p150/ic_iters	2
G/1/demand/p150/ic_order	16448961268219989400
G/1/demand/p150/ic_res	0
G/1/demand/p150/lag_coord	4011733542463085790
G/1/demand/p150/mdot_air	4603729840425217299
G/1/demand/p150/mf	4578852375161825233
G/1/demand/p150/mf_sched	4582403389825004051
G/1/demand/p150/nu_hp	4605551430989830290
G/1/demand/p150/nu_lp	4605288068028335019
G/1/demand/p150/phi_hp	4606475344167665265
G/1/demand/p150/phi_lp	4605209191542478040
G/1/demand/p150/pi_hpc	4616611430797061905
G/1/demand/p150/pi_lpc	4612247626786068629
G/1/demand/p150/required	4576894023402801178
G/1/demand/p150/required_fuel	4575652272872027130
G/1/demand/p150/required_gov	4576894023402801178
G/1/demand/p150/s	4604930618986332165
G/1/demand/p150/share_law	580772045163143161
G/1/demand/p150/sp_thrust	4647915732365586917
G/1/demand/p150/v	0
G/1/demand/p150/v_cmd	0
G/1/demand/p150/v_regime	9087740570393753374
G/1/demand/p150/v_regime?	1
G/1/demand/p150/w_fuel	4579347457180197379
G/1/demand/p150/w_fuel?	1
G/1/demand/p150/w_gov	4578852375161825233
G/1/demand/p150/w_gov?	1
G/1/demand/p155/Tt4	4652967214875228311
G/1/demand/p155/authority	15345845413248555367
G/1/demand/p155/b	0
G/1/demand/p155/b_cmd	0
G/1/demand/p155/branch	13126223303132988745
G/1/demand/p155/cap_fuel	4580225595654276483
G/1/demand/p155/cap_fuel?	1
G/1/demand/p155/cap_gov	4578931085047265502
G/1/demand/p155/cap_gov?	1
G/1/demand/p155/f	4581895265441878795
G/1/demand/p155/g	4576920824006847815
G/1/demand/p155/g_fuel	4576318216904470940
G/1/demand/p155/g_gov	4576920824006847815
G/1/demand/p155/ic_iters	2
G/1/demand/p155/ic_order	16448961268219989400
G/1/demand/p155/ic_res	0
G/1/demand/p155/lag_coord	4011733542463085790
G/1/demand/p155/mdot_air	4603752434639067814
G/1/demand/p155/mf	4578878756388419295
G/1/demand/p155/mf_sched	4582403389825004051
G/1/demand/p155/nu_hp	4605562860883969149
G/1/demand/p155/nu_lp	4605301060340864939
G/1/demand/p155/phi_hp	4606484010145411942
G/1/demand/p155/phi_lp	4605224926250403435
G/1/demand/p155/pi_hpc	4616621422895404773
G/1/demand/p155/pi_lpc	4612258120443790247
G/1/demand/p155/required	4576868495348001608
G/1/demand/p155/required_fuel	4575361198836593216
G/1/demand/p155/required_gov	4576868495348001608
G/1/demand/p155/s	4605155798967700690
G/1/demand/p155/share_law	580772045163143161
G/1/demand/p155/sp_thrust	4647922628176536466
G/1/demand/p155/v	0
G/1/demand/p155/v_cmd	0
G/1/demand/p155/v_regime	9087740570393753374
G/1/demand/p155/v_regime?	1
G/1/demand/p155/w_fuel	4579481363490796170
G/1/demand/p155/w_fuel?	1
G/1/demand/p155/w_gov	4578878756388419295
G/1/demand/p155/w_gov?	1
G/1/demand/p160/Tt4	4652967767878552007
G/1/demand/p160/authority	15345845413248555367
G/1/demand/p160/b	0
G/1/demand/p160/b_cmd	0
G/1/demand/p160/branch	13126223303132988745
G/1/demand/p160/cap_fuel	4580297843469266562
G/1/demand/p160/cap_fuel?	1
G/1/demand/p160/cap_gov	4578956103934034541
G/1/demand/p160/cap_gov?	1
G/1/demand/p160/f	4581891435343373322
G/1/demand/p160/g	4576894887241183847
G/1/demand/p160/g_fuel	4576182606671960326
G/1/demand/p160/g_gov	4576894887241183847
G/1/demand/p160/ic_iters	2
G/1/demand/p160/ic_order	16448961268219989400
G/1/demand/p160/ic_res	0
G/1/demand/p160/lag_coord	4011733542463085790
G/1/demand/p160/mdot_air	4603774597832826730
G/1/demand/p160/mf	4578904693154083263
G/1/demand/p160/mf_sched	4582403389825004051
G/1/demand/p160/nu_hp	4605574060806531290
G/1/demand/p160/nu_lp	4605313762483123140
G/1/demand/p160/phi_hp	4606492481604940206
G/1/demand/p160/phi_lp	4605240347033862945
G/1/demand/p160/pi_hpc	4616631234859177885
G/1/demand/p160/pi_lpc	4612268381367444702
G/1/demand/p160/required	4576843476461232569
G/1/demand/p160/required_fuel	4575072207576632900
G/1/demand/p160/required_gov	4576843476461232569
G/1/demand/p160/s	4605380978949069215
G/1/demand/p160/share_law	580772045163143161
G/1/demand/p160/sp_thrust	4647929371593917113
G/1/demand/p160/v	0
G/1/demand/p160/v_cmd	0
G/1/demand/p160/v_regime	9087740570393753374
G/1/demand/p160/v_regime?	1
G/1/demand/p160/w_fuel	4579616973723306784
G/1/demand/p160/w_fuel?	1
G/1/demand/p160/w_gov	4578904693154083263
G/1/demand/p160/w_gov?	1
G/1/demand/p165/Tt4	4652968329717310128
G/1/demand/p165/authority	15345845413248555367
G/1/demand/p165/b	0
G/1/demand/p165/b_cmd	0
G/1/demand/p165/branch	13126223303132988745
G/1/demand/p165/cap_fuel	4580369548628692706
G/1/demand/p165/cap_fuel?	1
G/1/demand/p165/cap_gov	4578980621875782579
G/1/demand/p165/cap_gov?	1
G/1/demand/p165/f	4581887727609470198
G/1/demand/p165/g	4576869418623155105
G/1/demand/p165/g_fuel	4576045717420347261
G/1/demand/p165/g_gov	4576869418623155105
G/1/demand/p165/ic_iters	2
G/1/demand/p165/ic_order	16448961268219989400
G/1/demand/p165/ic_res	0
G/1/demand/p165/lag_coord	4011733542463085790
G/1/demand/p165/mdot_air	4603796339479332808
G/1/demand/p165/mf	4578930161772112005
G/1/demand/p165/mf_sched	4582403389825004051
G/1/demand/p165/nu_hp	4605585034719768499
G/1/demand/p165/nu_lp	4605326180869437536
G/1/demand/p165/phi_hp	4606500768524073280
G/1/demand/p165/phi_lp	4605255463023838643
G/1/demand/p165/pi_hpc	4616640865881819159
G/1/demand/p165/pi_lpc	4612278413564675605
G/1/demand/p165/required	4576818958519484531
G/1/demand/p165/required_fuel	4574785386938928324
G/1/demand/p165/required_gov	4576818958519484531
G/1/demand/p165/s	4605606158930437740
G/1/demand/p165/share_law	580772045163143161
G/1/demand/p165/sp_thrust	4647935955171308099
G/1/demand/p165/v	0
G/1/demand/p165/v_cmd	0
G/1/demand/p165/v_regime	9087740570393753374
G/1/demand/p165/v_regime?	1
G/1/demand/p165/w_fuel	4579753862974919849
G/1/demand/p165/w_fuel?	1
G/1/demand/p165/w_gov	4578930161772112005
G/1/demand/p165/w_gov?	1
G/1/demand/p170/Tt4	4652968891406408340
G/1/demand/p170/authority	15345845413248555367
G/1/demand/p170/b	0
G/1/demand/p170/b_cmd	0
G/1/demand/p170/branch	13126223303132988745
G/1/demand/p170/cap_fuel	4580440688891178304
G/1/demand/p170/cap_fuel?	1
G/1/demand/p170/cap_gov	4579004646590209898
G/1/demand/p170/cap_gov?	1
G/1/demand/p170/f	4581884122722532971
G/1/demand/p170/g	4576844429401166006
G/1/demand/p170/g_fuel	4575907915628773702
G/1/demand/p170/g_gov	4576844429401166006
G/1/demand/p170/ic_iters	2
G/1/demand/p170/ic_order	16448961268219989400
G/1/demand/p170/ic_res	0
G/1/demand/p170/lag_coord	4011733542463085790
G/1/demand/p170/mdot_air	4603817667094138643
G/1/demand/p170/mf	4578955150994101104
G/1/demand/p170/mf_sched	4582403389825004051
G/1/demand/p170/nu_hp	4605595786336217360
G/1/demand/p170/nu_lp	4605338321531671623
G/1/demand/p170/phi_hp	4606508877916895769
G/1/demand/p170/phi_lp	4605270281077773625
G/1/demand/p170/pi_hpc	4616650316398641196
G/1/demand/p170/pi_lpc	4612288221139156887
G/1/demand/p170/required	4576794933805057212
G/1/demand/p170/required_fuel	4574500825888985932
G/1/demand/p170/required_gov	4576794933805057212
G/1/demand/p170/s	4605831338911806265
G/1/demand/p170/share_law	580772045163143161
G/1/demand/p170/sp_thrust	4647942376391748058
G/1/demand/p170/v	0
G/1/demand/p170/v_cmd	0
G/1/demand/p170/v_regime	9087740570393753374
G/1/demand/p170/v_regime?	1
G/1/demand/p170/w_fuel	4579891664766493408
G/1/demand/p170/w_fuel?	1
G/1/demand/p170/w_gov	4578955150994101104
G/1/demand/p170/w_gov?	1
G/1/demand/p175/Tt4	4652969447749948529
G/1/demand/p175/authority	15345845413248555367
G/1/demand/p175/b	0
G/1/demand/p175/b_cmd	0
G/1/demand/p175/branch	13126223303132988745
G/1/demand/p175/cap_fuel	4580511242334830427
G/1/demand/p175/cap_fuel?	1
G/1/demand/p175/cap_gov	4579028185516461337
G/1/demand/p175/cap_gov?	1
G/1/demand/p175/f	4581880608634810677
G/1/demand/p175/g	4576819923425896419
G/1/demand/p175/g_fuel	4575769518305269653
G/1/demand/p175/g_gov	4576819923425896419
G/1/demand/p175/ic_iters	2
G/1/demand/p175/ic_order	16448961268219989400
G/1/demand/p175/ic_res	0
G/1/demand/p175/lag_coord	4011733542463085790
G/1/demand/p175/mdot_air	4603838587077422926
G/1/demand/p175/mf	4578979656969370691
G/1/demand/p175/mf_sched	4582403389825004051
G/1/demand/p175/nu_hp	4605606319221122364
G/1/demand/p175/nu_lp	4605350190243886041
G/1/demand/p175/phi_hp	4606516815048504893
G/1/demand/p175/phi_lp	4605284806741884666
G/1/demand/p175/pi_hpc	4616659587591789733
G/1/demand/p175/pi_lpc	4612297808239017863
G/1/demand/p175/required	4576771394878805773
G/1/demand/p175/required_fuel	4574218612114377440
G/1/demand/p175/required_gov	4576771394878805773
G/1/demand/p175/s	4606056518893174790
G/1/demand/p175/share_law	580772045163143161
G/1/demand/p175/sp_thrust	4647948635594806386
G/1/demand/p175/v	0
G/1/demand/p175/v_cmd	0
G/1/demand/p175/v_regime	9087740570393753374
G/1/demand/p175/v_regime?	1
G/1/demand/p175/w_fuel	4580030062089997457
G/1/demand/p175/w_fuel?	1
G/1/demand/p175/w_gov	4578979656969370691
G/1/demand/p175/w_gov?	1
G/1/demand/p180/Tt4	4652969995784868237
G/1/demand/p180/authority	15345845413248555367
G/1/demand/p180/b	0
G/1/demand/p180/b_cmd	0
G/1/demand/p180/branch	13126223303132988745
G/1/demand/p180/cap_fuel	4580581187713040178
G/1/demand/p180/cap_fuel?	1
G/1/demand/p180/cap_gov	4579051245945296281
G/1/demand/p180/cap_gov?	1
G/1/demand/p180/f	4581877177705723940
G/1/demand/p180/g	4576795900140572026
G/1/demand/p180/g_fuel	4575604379436536904
G/1/demand/p180/g_gov	4576795900140572026
G/1/demand/p180/ic_iters	2
G/1/demand/p180/ic_order	16448961268219989400
G/1/demand/p180/ic_res	0
G/1/demand/p180/lag_coord	4011733542463085790
G/1/demand/p180/mdot_air	4603859105207314842
G/1/demand/p180/mf	4579003680254695084
G/1/demand/p180/mf_sched	4582403389825004051
G/1/demand/p180/nu_hp	4605616636851805473
G/1/demand/p180/nu_lp	4605361792595808135
G/1/demand/p180/phi_hp	4606524584149544643
G/1/demand/p180/phi_lp	4605299044814868247
G/1/demand/p180/pi_hpc	4616668681096038394
G/1/demand/p180/pi_lpc	4612307179024647602
G/1/demand/p180/required	4576748334449970829
G/1/demand/p180/required_fuel	4573938830601538436
G/1/demand/p180/required_gov	4576748334449970829
G/1/demand/p180/s	4606281698874543315
G/1/demand/p180/share_law	580772045163143161
G/1/demand/p180/sp_thrust	4647954734755501167
G/1/demand/p180/v	0
G/1/demand/p180/v_cmd	0
G/1/demand/p180/v_regime	9087740570393753374
G/1/demand/p180/v_regime?	1
G/1/demand/p180/w_fuel	4580164800504290561
G/1/demand/p180/w_fuel?	1
G/1/demand/p180/w_gov	4579003680254695084
G/1/demand/p180/w_gov?	1
G/1/demand/p185/Tt4	4652970533863711202
G/1/demand/p185/authority	15345845413248555367
G/1/demand/p185/b	0
G/1/demand/p185/b_cmd	0
G/1/demand/p185/branch	13126223303132988745
G/1/demand/p185/cap_fuel	4580650504663114337
G/1/demand/p185/cap_fuel?	1
G/1/demand/p185/cap_gov	4579073835092280471
G/1/demand/p185/cap_gov?	1
G/1/demand/p185/f	4581873824897455808
G/1/demand/p185/g	4576772356356552916
G/1/demand/p185/g_fuel	4575326780847032240
G/1/demand/p185/g_gov	4576772356356552916
G/1/demand/p185/ic_iters	2
G/1/demand/p185/ic_order	16448961268219989400
G/1/demand/p185/ic_res	0
G/1/demand/p185/lag_coord	4011733542463085790
G/1/demand/p185/mdot_air	4603879226927479056
G/1/demand/p185/mf	4579027224038714194
G/1/demand/p185/mf_sched	4582403389825004051
G/1/demand/p185/nu_hp	4605626742651641830
G/1/demand/p185/nu_lp	4605373134036085355
G/1/demand/p185/phi_hp	4606532188836261510
G/1/demand/p185/phi_lp	4605312999676954347
G/1/demand/p185/pi_hpc	4616677598823452688
G/1/demand/p185/pi_lpc	4612316337648234841
G/1/demand/p185/required	4576725745302986639
G/1/demand/p185/required_fuel	4573661562801241800
G/1/demand/p185/required_gov	4576725745302986639
G/1/demand/p185/s	4606506878855911840
G/1/demand/p185/share_law	580772045163143161
G/1/demand/p185/sp_thrust	4647960676765434446
G/1/demand/p185/v	0
G/1/demand/p185/v_cmd	0
G/1/demand/p185/v_regime	9087740570393753374
G/1/demand/p185/v_regime?	1
G/1/demand/p185/w_fuel	4580234200151666727
G/1/demand/p185/w_fuel?	1
G/1/demand/p185/w_gov	4579027224038714194
G/1/demand/p185/w_gov?	1
G/1/demand/p190/Tt4	4652971061113955696
G/1/demand/p190/authority	15345845413248555367
G/1/demand/p190/b	0
G/1/demand/p190/b_cmd	0
G/1/demand/p190/branch	13126223303132988745
G/1/demand/p190/cap_fuel	4580719173825634573
G/1/demand/p190/cap_fuel?	1
G/1/demand/p190/cap_gov	4579095960137443364
G/1/demand/p190/cap_gov?	1
G/1/demand/p190/f	4581870546711783607
G/1/demand/p190/g	4576749287309206338
G/1/demand/p190/g_fuel	4575049436493322560
G/1/demand/p190/g_gov	4576749287309206338
G/1/demand/p190/ic_iters	2
G/1/demand/p190/ic_order	16448961268219989400
G/1/demand/p190/ic_res	0
G/1/demand/p190/lag_coord	4011733542463085790
G/1/demand/p190/mdot_air	4603898957513328459
G/1/demand/p190/mf	4579050293086060772
G/1/demand/p190/mf_sched	4582403389825004051
G/1/demand/p190/nu_hp	4605636640009078453
G/1/demand/p190/nu_lp	4605384219897718341
G/1/demand/p190/phi_hp	4606539632357197799
G/1/demand/p190/phi_lp	4605326675480870576
G/1/demand/p190/pi_hpc	4616686342858426131
G/1/demand/p190/pi_lpc	4612325288240448281
G/1/demand/p190/required	4576703620257823746
G/1/demand/p190/required_fuel	4573386886151160856
G/1/demand/p190/required_gov	4576703620257823746
G/1/demand/p190/s	4606732058837280365
G/1/demand/p190/share_law	580772045163143161
G/1/demand/p190/sp_thrust	4647966465010039047
G/1/demand/p190/v	0
G/1/demand/p190/v_cmd	0
G/1/demand/p190/v_regime	9087740570393753374
G/1/demand/p190/v_regime?	1
G/1/demand/p190/w_fuel	4580303536240094147
G/1/demand/p190/w_fuel?	1
G/1/demand/p190/w_gov	4579050293086060772
G/1/demand/p190/w_gov?	1
G/1/demand/p195/Tt4	4652971577119235150
G/1/demand/p195/authority	15345845413248555367
G/1/demand/p195/b	0
G/1/demand/p195/b_cmd	0
G/1/demand/p195/branch	13126223303132988745
G/1/demand/p195/cap_fuel	4580787176909403158
G/1/demand/p195/cap_fuel?	1
G/1/demand/p195/cap_gov	4579117628245275687
G/1/demand/p195/cap_gov?	1
G/1/demand/p195/f	4581867340563621791
G/1/demand/p195/g	4576726687287252534
G/1/demand/p195/g_fuel	4574772710962162728
G/1/demand/p195/g_gov	4576726687287252534
G/1/demand/p195/ic_iters	2
G/1/demand/p195/ic_order	16448961268219989400
G/1/demand/p195/ic_res	0
G/1/demand/p195/lag_coord	4011733542463085790
G/1/demand/p195/mdot_air	4603918302166693801
G/1/demand/p195/mf	4579072893108014576
G/1/demand/p195/mf_sched	4582403389825004051
G/1/demand/p195/nu_hp	4605646332287863957
G/1/demand/p195/nu_lp	4605395055412998734
G/1/demand/p195/phi_hp	4606546917737829035
G/1/demand/p195/phi_lp	4605340076261592032
G/1/demand/p195/pi_hpc	4616694915394395712
G/1/demand/p195/pi_lpc	4612334034901494635
G/1/demand/p195/required	4576681952149991423
G/1/demand/p195/required_fuel	4573114873816086516
G/1/demand/p195/required_gov	4576681952149991423
G/1/demand/p195/s	4606957238818648890
G/1/demand/p195/share_law	580772045163143161
G/1/demand/p195/sp_thrust	4647972103120424490
G/1/demand/p195/v	0
G/1/demand/p195/v_cmd	0
G/1/demand/p195/v_regime	9087740570393753374
G/1/demand/p195/v_regime?	1
G/1/demand/p195/w_fuel	4580372717622884105
G/1/demand/p195/w_fuel?	1
G/1/demand/p195/w_gov	4579072893108014576
G/1/demand/p195/w_gov?	1
G/1/demand/p20/Tt4	4652448936043632962
G/1/demand/p20/authority	9674992558986367437
G/1/demand/p20/b	0
G/1/demand/p20/b_cmd	0
G/1/demand/p20/branch	13126223303132988745
G/1/demand/p20/cap_fuel	4577482214830542117
G/1/demand/p20/cap_fuel?	1
G/1/demand/p20/cap_gov	4578367326741702737
G/1/demand/p20/cap_gov?	1
G/1/demand/p20/f	4581000606859052887
G/1/demand/p20/g	4564953275572963112
G/1/demand/p20/g_fuel	4564953275572963112
G/1/demand/p20/g_gov	13773558318763257344
G/1/demand/p20/ic_iters	2
G/1/demand/p20/ic_order	16448961268219989400
G/1/demand/p20/ic_res	0
G/1/demand/p20/lag_coord	4011733542463085790
G/1/demand/p20/mdot_air	4603386688965970544
G/1/demand/p20/mf	4577336873442612337
G/1/demand/p20/mf_sched	4578250680026864982
G/1/demand/p20/nu_hp	4605309198533070073
G/1/demand/p20/nu_lp	4605006631081685772
G/1/demand/p20/phi_hp	4606520983089600409
G/1/demand/p20/phi_lp	4605046529117537081
G/1/demand/p20/pi_hpc	4616290893977170925
G/1/demand/p20/pi_lpc	4611993725418898297
G/1/demand/p20/required	4563790544469524872
G/1/demand/p20/required_fuel	4563790544469524872
G/1/demand/p20/required_gov	13774969450621222592
G/1/demand/p20/s	4591870180066957723
G/1/demand/p20/share_law	580772045163143161
G/1/demand/p20/sp_thrust	4646972897405779902
G/1/demand/p20/v	0
G/1/demand/p20/v_cmd	0
G/1/demand/p20/v_regime	9087740570393753374
G/1/demand/p20/v_regime?	1
G/1/demand/p20/w_fuel	4577336873442612337
G/1/demand/p20/w_fuel?	1
G/1/demand/p20/w_gov	4578345277806422030
G/1/demand/p20/w_gov?	1
G/1/demand/p200/Tt4	4652972081731332835
G/1/demand/p200/authority	15345845413248555367
G/1/demand/p200/b	0
G/1/demand/p200/b_cmd	0
G/1/demand/p200/branch	13126223303132988745
G/1/demand/p200/cap_fuel	4580854496722984499
G/1/demand/p200/cap_fuel?	1
G/1/demand/p200/cap_gov	4579138846573276652
G/1/demand/p200/cap_gov?	1
G/1/demand/p200/f	4581864204411890186
G/1/demand/p200/g	4576704550009255691
G/1/demand/p200/g_fuel	4574496923755658288
G/1/demand/p200/g_gov	4576704550009255691
G/1/demand/p200/ic_iters	2
G/1/demand/p200/ic_order	16448961268219989400
G/1/demand/p200/ic_res	0
G/1/demand/p200/lag_coord	4011733542463085790
G/1/demand/p200/mdot_air	4603937266068379973
G/1/demand/p200/mf	4579095030386011419
G/1/demand/p200/mf_sched	4582403389825004051
G/1/demand/p200/nu_hp	4605655822832134353
G/1/demand/p200/nu_lp	4605405645722279796
G/1/demand/p200/phi_hp	4606554047865131215
G/1/demand/p200/phi_lp	4605353205998377997
G/1/demand/p200/pi_hpc	4616703318695260442
G/1/demand/p200/pi_lpc	4612342581694892645
G/1/demand/p200/required	4576660733821990458
G/1/demand/p200/required_fuel	4572845594561761152
G/1/demand/p200/required_gov	4576660733821990458
G/1/demand/p200/s	4607182418800017411
G/1/demand/p200/share_law	580772045163143161
G/1/demand/p200/sp_thrust	4647977594828174357
G/1/demand/p200/v	0
G/1/demand/p200/v_cmd	0
G/1/demand/p200/v_regime	9087740570393753374
G/1/demand/p200/v_regime?	1
G/1/demand/p200/w_fuel	4580441664424510215
G/1/demand/p200/w_fuel?	1
G/1/demand/p200/w_gov	4579095030386011419
G/1/demand/p200/w_gov?	1
G/1/demand/p205/Tt4	4652972574959262272
G/1/demand/p205/authority	15345845413248555367
G/1/demand/p205/b	0
G/1/demand/p205/b_cmd	0
G/1/demand/p205/branch	13126223303132988745
G/1/demand/p205/cap_fuel	4580921117185523081
G/1/demand/p205/cap_fuel?	1
G/1/demand/p205/cap_gov	4579159622273905750
G/1/demand/p205/cap_gov?	1
G/1/demand/p205/f	4581861136542023688
G/1/demand/p205/g	4576682868850138962
G/1/demand/p205/g_fuel	4574222355533007920
G/1/demand/p205/g_gov	4576682868850138962
G/1/demand/p205/ic_iters	2
G/1/demand/p205/ic_order	16448961268219989400
G/1/demand/p205/ic_res	0
G/1/demand/p205/lag_coord	4011733542463085790
G/1/demand/p205/mdot_air	4603955854405991514
G/1/demand/p205/mf	4579116711545128148
G/1/demand/p205/mf_sched	4582403389825004051
G/1/demand/p205/nu_hp	4605665114968508612
G/1/demand/p205/nu_lp	4605415995879136439
G/1/demand/p205/phi_hp	4606561025536801667
G/1/demand/p205/phi_lp	4605366068648829095
G/1/demand/p205/pi_hpc	4616711555071459370
G/1/demand/p205/pi_lpc	4612350932642962193
G/1/demand/p205/required	4576639958121361360
G/1/demand/p205/required_fuel	4572579112711606824
G/1/demand/p205/required_gov	4576639958121361360
G/1/demand/p205/s	4607295008790701671
G/1/demand/p205/share_law	580772045163143161
G/1/demand/p205/sp_thrust	4647982943880845328
G/1/demand/p205/v	0
G/1/demand/p205/v_cmd	0
G/1/demand/p205/v_regime	9087740570393753374
G/1/demand/p205/v_regime?	1
G/1/demand/p205/w_fuel	4580510306480172807
G/1/demand/p205/w_fuel?	1
G/1/demand/p205/w_gov	4579116711545128148
G/1/demand/p205/w_gov?	1
G/1/demand/p210/Tt4	4652973056903794624
G/1/demand/p210/authority	15345845413248555367
G/1/demand/p210/b	0
G/1/demand/p210/b_cmd	0
G/1/demand/p210/branch	13126223303132988745
G/1/demand/p210/cap_fuel	4580987023324515443
G/1/demand/p210/cap_fuel?	1
G/1/demand/p210/cap_gov	4579179962492808257
G/1/demand/p210/cap_gov?	1
G/1/demand/p210/f	4581858135437851460
G/1/demand/p210/g	4576661636978669333
G/1/demand/p210/g_fuel	4573949253391799288
G/1/demand/p210/g_gov	4576661636978669333
G/1/demand/p210/ic_iters	2
G/1/demand/p210/ic_order	16448961268219989400
G/1/demand/p210/ic_res	0
G/1/demand/p210/lag_coord	4011733542463085790
G/1/demand/p210/mdot_air	4603974072387292574
G/1/demand/p210/mf	4579137943416597777
G/1/demand/p210/mf_sched	4582403389825004051
G/1/demand/p210/nu_hp	4605674212006466127
G/1/demand/p210/nu_lp	4605426110853424227
G/1/demand/p210/phi_hp	4606567853489694352
G/1/demand/p210/phi_lp	4605378668166588431
G/1/demand/p210/pi_hpc	4616719626864765944
G/1/demand/p210/pi_lpc	4612359091723423868
G/1/demand/p210/required	4576619617902458853
G/1/demand/p210/required_fuel	4572315488155637376
G/1/demand/p210/required_gov	4576619617902458853
G/1/demand/p210/s	4607407598781385931
G/1/demand/p210/share_law	580772045163143161
G/1/demand/p210/sp_thrust	4647988153993250304
G/1/demand/p210/v	0
G/1/demand/p210/v_cmd	0
G/1/demand/p210/v_regime	9087740570393753374
G/1/demand/p210/v_regime?	1
G/1/demand/p210/w_fuel	4580578582015474965
G/1/demand/p210/w_fuel?	1
G/1/demand/p210/w_gov	4579137943416597777
G/1/demand/p210/w_gov?	1
G/1/demand/p215/Tt4	4652973527718785993
G/1/demand/p215/authority	15345845413248555367
G/1/demand/p215/b	0
G/1/demand/p215/b_cmd	0
G/1/demand/p215/branch	13126223303132988745
G/1/demand/p215/cap_fuel	4581052201265203970
G/1/demand/p215/cap_fuel?	1
G/1/demand/p215/cap_gov	4579199874365007263
G/1/demand/p215/cap_gov?	1
G/1/demand/p215/f	4581855199706148888
G/1/demand/p215/g	4576640847442019477
G/1/demand/p215/g_fuel	4573677835342725312
G/1/demand/p215/g_gov	4576640847442019477
G/1/demand/p215/ic_iters	2
G/1/demand/p215/ic_order	16448961268219989400
G/1/demand/p215/ic_res	0
G/1/demand/p215/lag_coord	4011733542463085790
G/1/demand/p215/mdot_air	4603991925245163495
G/1/demand/p215/mf	4579158732953247633
G/1/demand/p215/mf_sched	4582403389825004051
G/1/demand/p215/nu_hp	4605683117237756961
G/1/demand/p215/nu_lp	4605435995533127961
G/1/demand/p215/phi_hp	4606574534416045044
G/1/demand/p215/phi_lp	4605391008509531931
G/1/demand/p215/pi_hpc	4616727536438282531
G/1/demand/p215/pi_lpc	4612367062866742283
G/1/demand/p215/required	4576599706030259847
G/1/demand/p215/required_fuel	4572054776392883268
G/1/demand/p215/required_gov	4576599706030259847
G/1/demand/p215/s	4607520188772070191
G/1/demand/p215/share_law	580772045163143161
G/1/demand/p215/sp_thrust	4647993228819829129
G/1/demand/p215/v	0
G/1/demand/p215/v_cmd	0
G/1/demand/p215/v_regime	9087740570393753374
G/1/demand/p215/v_regime?	1
G/1/demand/p215/w_fuel	4580646436527743459
G/1/demand/p215/w_fuel?	1
G/1/demand/p215/w_gov	4579158732953247633
G/1/demand/p215/w_gov?	1
G/1/demand/p220/Tt4	4652973987588312544
G/1/demand/p220/authority	15345845413248555367
G/1/demand/p220/b	0
G/1/demand/p220/b_cmd	0
G/1/demand/p220/branch	13126223303132988745
G/1/demand/p220/cap_fuel	4581116638214453936
G/1/demand/p220/cap_fuel?	1
G/1/demand/p220/cap_gov	4579219365010059224
G/1/demand/p220/cap_gov?	1
G/1/demand/p220/f	4581852328032233681
G/1/demand/p220/g	4576620493218800723
G/1/demand/p220/g_fuel	4573408294105716676
G/1/demand/p220/g_gov	4576620493218800723
G/1/demand/p220/ic_iters	2
G/1/demand/p220/ic_order	16448961268219989400
G/1/demand/p220/ic_res	0
G/1/demand/p220/lag_coord	4011733542463085790
G/1/demand/p220/mdot_air	4604009418237732470
G/1/demand/p220/mf	4579179087176466387
G/1/demand/p220/mf_sched	4582403389825004051
G/1/demand/p220/nu_hp	4605691833935287639
G/1/demand/p220/nu_lp	4605445654725524626
G/1/demand/p220/phi_hp	4606581070972537579
G/1/demand/p220/phi_lp	4605403093642478240
G/1/demand/p220/pi_hpc	4616735286169554001
G/1/demand/p220/pi_lpc	4612374849953989102
G/1/demand/p220/required	4576580215385207886
G/1/demand/p220/required_fuel	4571797028595883404
G/1/demand/p220/required_gov	4576580215385207886
G/1/demand/p220/s	4607632778762754451
G/1/demand/p220/share_law	580772045163143161
G/1/demand/p220/sp_thrust	4647998171939437410
G/1/demand/p220/v	0
G/1/demand/p220/v_cmd	0
G/1/demand/p220/v_regime	9087740570393753374
G/1/demand/p220/v_regime?	1
G/1/demand/p220/w_fuel	4580713821836995618
G/1/demand/p220/w_fuel?	1
G/1/demand/p220/w_gov	4579179087176466387
G/1/demand/p220/w_gov?	1
G/1/demand/p225/Tt4	4652974436713133332
G/1/demand/p225/authority	15345845413248555367
G/1/demand/p225/b	0
G/1/demand/p225/b_cmd	0
G/1/demand/p225/branch	13126223303132988745
G/1/demand/p225/cap_fuel	4581180322440886869
G/1/demand/p225/cap_fuel?	1
G/1/demand/p225/cap_gov	4579238441526757195
G/1/demand/p225/cap_gov?	1
G/1/demand/p225/f	4581849519153857703
G/1/demand/p225/g	4576600567253245982
G/1/demand/p225/g_fuel	4573140800334451604
G/1/demand/p225/g_gov	4576600567253245982
G/1/demand/p225/ic_iters	2
G/1/demand/p225/ic_order	16448961268219989400
G/1/demand/p225/ic_res	0
G/1/demand/p225/lag_coord	4011733542463085790
G/1/demand/p225/mdot_air	4604026556645793331
G/1/demand/p225/mf	4579199013142021128
G/1/demand/p225/mf_sched	4582403389825004051
G/1/demand/p225/nu_hp	4605700365351743008
G/1/demand/p225/nu_lp	4605455093157969220
G/1/demand/p225/phi_hp	4606587465785185802
G/1/demand/p225/phi_lp	4605414927536789089
G/1/demand/p225/pi_hpc	4616742878445568600
G/1/demand/p225/pi_lpc	4612382456815087225
G/1/demand/p225/required	4576561138868509915
G/1/demand/p225/required_fuel	4571542291690151672
G/1/demand/p225/required_gov	4576561138868509915
G/1/demand/p225/s	4607745368753438711
G/1/demand/p225/share_law	580772045163143161
G/1/demand/p225/sp_thrust	4648002986847439191
G/1/demand/p225/v	0
G/1/demand/p225/v_cmd	0
G/1/demand/p225/v_regime	9087740570393753374
G/1/demand/p225/v_regime?	1
G/1/demand/p225/w_fuel	4580780695279811886
G/1/demand/p225/w_fuel?	1
G/1/demand/p225/w_gov	4579199013142021128
G/1/demand/p225/w_gov?	1
G/1/demand/p230/Tt4	4652974875302659787
G/1/demand/p230/authority	15345845413248555367
G/1/demand/p230/b	0
G/1/demand/p230/b_cmd	0
G/1/demand/p230/branch	13126223303132988745
G/1/demand/p230/cap_fuel	4581243243252387220
G/1/demand/p230/cap_fuel?	1
G/1/demand/p230/cap_gov	4579257110987722223
G/1/demand/p230/cap_gov?	1
G/1/demand/p230/f	4581846771845879045
G/1/demand/p230/g	4576581062478058957
G/1/demand/p230/g_fuel	4572875505358917976
G/1/demand/p230/g_gov	4576581062478058957
G/1/demand/p230/ic_iters	2
G/1/demand/p230/ic_order	16448961268219989400
G/1/demand/p230/ic_res	0
G/1/demand/p230/lag_coord	4011733542463085790
G/1/demand/p230/mdot_air	4604043345768754106
G/1/demand/p230/mf	4579218517917208153
G/1/demand/p230/mf_sched	4582403389825004051
G/1/demand/p230/nu_hp	4605708714718096934
G/1/demand/p230/nu_lp	4605464315478484184
G/1/demand/p230/phi_hp	4606593721451782960
G/1/demand/p230/phi_lp	4605426514168253594
G/1/demand/p230/pi_hpc	4616750315658917048
G/1/demand/p230/pi_lpc	4612389887227349105
G/1/demand/p230/required	4576542469407544887
G/1/demand/p230/required_fuel	4571290608444150268
G/1/demand/p230/required_gov	4576542469407544887
G/1/demand/p230/s	4607857958744122971
G/1/demand/p230/share_law	580772045163143161
G/1/demand/p230/sp_thrust	4648007676952086112
G/1/demand/p230/v	0
G/1/demand/p230/v_cmd	0
G/1/demand/p230/v_regime	9087740570393753374
G/1/demand/p230/v_regime?	1
G/1/demand/p230/w_fuel	4580847019023695293
G/1/demand/p230/w_fuel?	1
G/1/demand/p230/w_gov	4579218517917208153
G/1/demand/p230/w_gov?	1
G/1/demand/p235/Tt4	4652975303570178248
G/1/demand/p235/authority	15345845413248555367
G/1/demand/p235/b	0
G/1/demand/p235/b_cmd	0
G/1/demand/p235/branch	13126223303132988745
G/1/demand/p235/cap_fuel	4581305390971708190
G/1/demand/p235/cap_fuel?	1
G/1/demand/p235/cap_gov	4579275380434078504
G/1/demand/p235/cap_gov?	1
G/1/demand/p235/f	4581844084911283352
G/1/demand/p235/g	4576561971830387872
G/1/demand/p235/g_fuel	4572612543521384224
G/1/demand/p235/g_gov	4576561971830387872
G/1/demand/p235/ic_iters	2
G/1/demand/p235/ic_order	16448961268219989400
G/1/demand/p235/ic_res	0
G/1/demand/p235/lag_coord	4011733542463085790
G/1/demand/p235/mdot_air	4604059790919847629
G/1/demand/p235/mf	4579237608564879238
G/1/demand/p235/mf_sched	4582403389825004051
G/1/demand/p235/nu_hp	4605716885242100825
G/1/demand/p235/nu_lp	4605473326256257644
G/1/demand/p235/phi_hp	4606599840542950184
G/1/demand/p235/phi_lp	4605437857514073897
G/1/demand/p235/pi_hpc	4616757600204677406
G/1/demand/p235/pi_lpc	4612397144914252890
G/1/demand/p235/required	4576524199961188606
G/1/demand/p235/required_fuel	4570930413352679336
G/1/demand/p235/required_gov	4576524199961188606
G/1/demand/p235/s	4607970548734807231
G/1/demand/p235/share_law	580772045163143161
G/1/demand/p235/sp_thrust	4648012245573402456
G/1/demand/p235/v	0
G/1/demand/p235/v_cmd	0
G/1/demand/p235/v_regime	9087740570393753374
G/1/demand/p235/v_regime?	1
G/1/demand/p235/w_fuel	4580912759483078731
G/1/demand/p235/w_fuel?	1
G/1/demand/p235/w_gov	4579237608564879238
G/1/demand/p235/w_gov?	1
G/1/demand/p240/Tt4	4652975721729996559
G/1/demand/p240/authority	15345845413248555367
G/1/demand/p240/b	0
G/1/demand/p240/b_cmd	0
G/1/demand/p240/branch	13126223303132988745
G/1/demand/p240/cap_fuel	4581366756910656924
G/1/demand/p240/cap_fuel?	1
G/1/demand/p240/cap_gov	4579293256870322550
G/1/demand/p240/cap_gov?	1
G/1/demand/p240/f	4581841457175942278
G/1/demand/p240/g	4576543288263570469
G/1/demand/p240/g_fuel	4572352034169204500
G/1/demand/p240/g_gov	4576543288263570469
G/1/demand/p240/ic_iters	2
G/1/demand/p240/ic_order	16448961268219989400
G/1/demand/p240/ic_res	0
G/1/demand/p240/lag_coord	4011733542463085790
G/1/demand/p240/mdot_air	4604075897421033758
G/1/demand/p240/mf	4579256292131696641
G/1/demand/p240/mf_sched	4582403389825004051
G/1/demand/p240/nu_hp	4605724880106801297
G/1/demand/p240/nu_lp	4605482129982111078
G/1/demand/p240/phi_hp	4606605825602390131
G/1/demand/p240/phi_lp	4605448961549429409
G/1/demand/p240/pi_hpc	4616764734477769803
G/1/demand/p240/pi_lpc	4612404233544418990
G/1/demand/p240/required	4576506323524944560
G/1/demand/p240/required_fuel	4570439485841089464
G/1/demand/p240/required_gov	4576506323524944560
G/1/demand/p240/s	4608083138725491491
G/1/demand/p240/share_law	580772045163143161
G/1/demand/p240/sp_thrust	4648016695943525880
G/1/demand/p240/v	0
G/1/demand/p240/v_cmd	0
G/1/demand/p240/v_regime	9087740570393753374
G/1/demand/p240/v_regime?	1
G/1/demand/p240/w_fuel	4580977886821123662
G/1/demand/p240/w_fuel?	1
G/1/demand/p240/w_gov	4579256292131696641
G/1/demand/p240/w_gov?	1
G/1/demand/p245/Tt4	4652976129995730218
G/1/demand/p245/authority	15345845413248555367
G/1/demand/p245/b	0
G/1/demand/p245/b_cmd	0
G/1/demand/p245/branch	13126223303132988745
G/1/demand/p245/cap_fuel	4581427333343199915
G/1/demand/p245/cap_fuel?	1
G/1/demand/p245/cap_gov	4579310747259445899
G/1/demand/p245/cap_gov?	1
G/1/demand/p245/f	4581838887485568481
G/1/demand/p245/g	4576525004756223858
G/1/demand/p245/g_fuel	4572094083357899156
G/1/demand/p245/g_gov	4576525004756223858
G/1/demand/p245/ic_iters	2
G/1/demand/p245/ic_order	16448961268219989400
G/1/demand/p245/ic_res	0
G/1/demand/p245/lag_coord	4011733542463085790
G/1/demand/p245/mdot_air	4604091670597842830
G/1/demand/p245/mf	4579274575639043252
G/1/demand/p245/mf_sched	4582403389825004051
G/1/demand/p245/nu_hp	4605732702469115966
G/1/demand/p245/nu_lp	4605490731068970700
G/1/demand/p245/phi_hp	4606611679146702688
G/1/demand/p245/phi_lp	4605459830243897296
G/1/demand/p245/pi_hpc	4616771720870628360
G/1/demand/p245/pi_lpc	4612411156730760821
G/1/demand/p245/required	4576488833135821211
G/1/demand/p245/required_fuel	4569954874380745536
G/1/demand/p245/required_gov	4576488833135821211
G/1/demand/p245/s	4608195728716175751
G/1/demand/p245/share_law	580772045163143161
G/1/demand/p245/sp_thrust	4648021031207883782
G/1/demand/p245/v	0
G/1/demand/p245/v_cmd	0
G/1/demand/p245/v_regime	9087740570393753374
G/1/demand/p245/v_regime?	1
G/1/demand/p245/w_fuel	4581042374523949998
G/1/demand/p245/w_fuel?	1
G/1/demand/p245/w_gov	4579274575639043252
G/1/demand/p245/w_gov?	1
G/1/demand/p25/Tt4	4652457142771882629
G/1/demand/p25/authority	9674992558986367437
G/1/demand/p25/b	0
G/1/demand/p25/b_cmd	0
G/1/demand/p25/branch	13126223303132988745
G/1/demand/p25/cap_fuel	4577541338195782283
G/1/demand/p25/cap_fuel?	1
G/1/demand/p25/cap_gov	4578381120598385253
G/1/demand/p25/cap_gov?	1
G/1/demand/p25/f	4581013731911692667
G/1/demand/p25/g	4567292599675403612
G/1/demand/p25/g_fuel	4567292599675403612
G/1/demand/p25/g_gov	4557835138379989536
G/1/demand/p25/ic_iters	2
G/1/demand/p25/ic_order	16448961268219989400
G/1/demand/p25/ic_res	0
G/1/demand/p25/lag_coord	4011733542463085790
G/1/demand/p25/mdot_air	4603396592559082893
G/1/demand/p25/mf	4577363840651301485
G/1/demand/p25/mf_sched	4578650384938574276
G/1/demand/p25/nu_hp	4605315422481274926
G/1/demand/p25/nu_lp	4605014075534035285
G/1/demand/p25/phi_hp	4606521891861565506
G/1/demand/p25/phi_lp	4605052092986680399
G/1/demand/p25/pi_hpc	4616297798273995409
G/1/demand/p25/pi_lpc	4612000037372993114
G/1/demand/p25/required	4566515196841277896
G/1/demand/p25/required_fuel	4566515196841277896
G/1/demand/p25/required_gov	4557252082530249696
G/1/demand/p25/s	4593671619917905921
G/1/demand/p25/share_law	580772045163143161
G/1/demand/p25/sp_thrust	4646994460764690736
G/1/demand/p25/v	0
G/1/demand/p25/v_cmd	0
G/1/demand/p25/v_regime	9087740570393753374
G/1/demand/p25/v_regime?	1
G/1/demand/p25/w_fuel	4577363840651301485
G/1/demand/p25/w_fuel?	1
G/1/demand/p25/w_gov	4578356890244298146
G/1/demand/p25/w_gov?	1
G/1/demand/p250/Tt4	4652976528579265332
G/1/demand/p250/authority	15345845413248555367
G/1/demand/p250/b	0
G/1/demand/p250/b_cmd	0
G/1/demand/p250/branch	13126223303132988745
G/1/demand/p250/cap_fuel	4581487113477735502
G/1/demand/p250/cap_fuel?	1
G/1/demand/p250/cap_gov	4579327858518340966
G/1/demand/p250/cap_gov?	1
G/1/demand/p250/f	4581836374703959137
G/1/demand/p250/g	4576507114319617158
G/1/demand/p250/g_fuel	4571838785309570456
G/1/demand/p250/g_gov	4576507114319617158
G/1/demand/p250/ic_iters	2
G/1/demand/p250/ic_order	16448961268219989400
G/1/demand/p250/ic_res	0
G/1/demand/p250/lag_coord	4011733542463085790
G/1/demand/p250/mdot_air	4604107115774304440
G/1/demand/p250/mf	4579292466075649952
G/1/demand/p250/mf_sched	4582403389825004051
G/1/demand/p250/nu_hp	4605740355458483144
G/1/demand/p250/nu_lp	4605499133852361351
G/1/demand/p250/phi_hp	4606617403664971383
G/1/demand/p250/phi_lp	4605470467557888436
G/1/demand/p250/pi_hpc	4616778561771099680
G/1/demand/p250/pi_lpc	4612417918029790410
G/1/demand/p250/required	4576471721876926144
G/1/demand/p250/required_fuel	4569476633304460840
G/1/demand/p250/required_gov	4576471721876926144
G/1/demand/p250/s	4608308318706860011
G/1/demand/p250/share_law	580772045163143161
G/1/demand/p250/sp_thrust	4648025254426839802
G/1/demand/p250/v	0
G/1/demand/p250/v_cmd	0
G/1/demand/p250/v_regime	9087740570393753374
G/1/demand/p250/v_regime?	1
G/1/demand/p250/w_fuel	4581106199036032173
G/1/demand/p250/w_fuel?	1
G/1/demand/p250/w_gov	4579292466075649952
G/1/demand/p250/w_gov?	1
G/1/demand/p255/Tt4	4652976917690124889
G/1/demand/p255/authority	15345845413248555367
G/1/demand/p255/b	0
G/1/demand/p255/b_cmd	0
G/1/demand/p255/branch	13126223303132988745
G/1/demand/p255/cap_fuel	4581546091428724544
G/1/demand/p255/cap_fuel?	1
G/1/demand/p255/cap_gov	4579344597513502108
G/1/demand/p255/cap_gov?	1
G/1/demand/p255/f	4581833917711992444
G/1/demand/p255/g	4576489610003888161
G/1/demand/p255/g_fuel	4571586223664662784
G/1/demand/p255/g_gov	4576489610003888161
G/1/demand/p255/ic_iters	2
G/1/demand/p255/ic_order	16448961268219989400
G/1/demand/p255/ic_res	0
G/1/demand/p255/lag_coord	4011733542463085790
G/1/demand/p255/mdot_air	4604122238268043121
G/1/demand/p255/mf	4579309970391378949
G/1/demand/p255/mf_sched	4582403389825004051
G/1/demand/p255/nu_hp	4605747842175593413
G/1/demand/p255/nu_lp	4605507342590932569
G/1/demand/p255/phi_hp	4606623001618242825
G/1/demand/p255/phi_lp	4605480877439188829
G/1/demand/p255/pi_hpc	4616785259560513218
G/1/demand/p255/pi_lpc	4612424520941063899
G/1/demand/p255/required	4576454982881765002
G/1/demand/p255/required_fuel	4569004809696548504
G/1/demand/p255/required_gov	4576454982881765002
G/1/demand/p255/s	4608420908697544271
G/1/demand/p255/share_law	580772045163143161
G/1/demand/p255/sp_thrust	4648029368577594750
G/1/demand/p255/v	0
G/1/demand/p255/v_cmd	0
G/1/demand/p255/v_regime	9087740570393753374
G/1/demand/p255/v_regime?	1
G/1/demand/p255/w_fuel	4581169339447259091
G/1/demand/p255/w_fuel?	1
G/1/demand/p255/w_gov	4579309970391378949
G/1/demand/p255/w_gov?	1
G/1/demand/p260/Tt4	4652977297535076895
G/1/demand/p260/authority	15345845413248555367
G/1/demand/p260/b	0
G/1/demand/p260/b_cmd	0
G/1/demand/p260/branch	13126223303132988745
G/1/demand/p260/cap_fuel	4581604262187836076
G/1/demand/p260/cap_fuel?	1
G/1/demand/p260/cap_gov	4579360971057023472
G/1/demand/p260/cap_gov?	1
G/1/demand/p260/f	4581831515407061603
G/1/demand/p260/g	4576472484903442152
G/1/demand/p260/g_fuel	4571336472559135904
G/1/demand/p260/g_gov	4576472484903442152
G/1/demand/p260/ic_iters	2
G/1/demand/p260/ic_order	16448961268219989400
G/1/demand/p260/ic_res	0
G/1/demand/p260/lag_coord	4011733542463085790
G/1/demand/p260/mdot_air	4604137043385585142
G/1/demand/p260/mf	4579327095491824958
G/1/demand/p260/mf_sched	4582403389825004051
G/1/demand/p260/nu_hp	4605755165691206437
G/1/demand/p260/nu_lp	4605515361467021190
G/1/demand/p260/phi_hp	4606628475438969706
G/1/demand/p260/phi_lp	4605491063819655428
G/1/demand/p260/pi_hpc	4616791816611890452
G/1/demand/p260/pi_lpc	4612430968906754724
G/1/demand/p260/required	4576438609338243638
G/1/demand/p260/required_fuel	4568539443623656248
G/1/demand/p260/required_gov	4576438609338243638
G/1/demand/p260/s	4608533498688228531
G/1/demand/p260/share_law	580772045163143161
G/1/demand/p260/sp_thrust	4648033376556214993
G/1/demand/p260/v	0
G/1/demand/p260/v_cmd	0
G/1/demand/p260/v_regime	9087740570393753374
G/1/demand/p260/v_regime?	1
G/1/demand/p260/w_fuel	4581231777223640811
G/1/demand/p260/w_fuel?	1
G/1/demand/p260/w_gov	4579327095491824958
G/1/demand/p260/w_gov?	1
G/1/demand/p265/Tt4	4652977668317888713
G/1/demand/p265/authority	15345845413248555367
G/1/demand/p265/b	0
G/1/demand/p265/b_cmd	0
G/1/demand/p265/branch	13126223303132988745
G/1/demand/p265/cap_fuel	4581661621594737953
G/1/demand/p265/cap_fuel?	1
G/1/demand/p265/cap_gov	4579376985902889233
G/1/demand/p265/cap_gov?	1
G/1/demand/p265/f	4581829166702760328
G/1/demand/p265/g	4576455732161738654
G/1/demand/p265/g_fuel	4571025573327165376
G/1/demand/p265/g_gov	4576455732161738654
G/1/demand/p265/ic_iters	2
G/1/demand/p265/ic_order	16448961268219989400
G/1/demand/p265/ic_res	0
G/1/demand/p265/lag_coord	4011733542463085790
G/1/demand/p265/mdot_air	4604151536417899047
G/1/demand/p265/mf	4579343848233528456
G/1/demand/p265/mf_sched	4582403389825004051
G/1/demand/p265/nu_hp	4605762329045053618
G/1/demand/p265/nu_lp	4605523194587251701
G/1/demand/p265/phi_hp	4606633827530458277
G/1/demand/p265/phi_lp	4605501030612091371
G/1/demand/p265/pi_hpc	4616798235288272435
G/1/demand/p265/pi_lpc	4612437265311343975
G/1/demand/p265/required	4576422594492377877
G/1/demand/p265/required_fuel	4568080568368441232
G/1/demand/p265/required_gov	4576422594492377877
G/1/demand/p265/s	4608646088678912791
G/1/demand/p265/share_law	580772045163143161
G/1/demand/p265/sp_thrust	4648037281179713519
G/1/demand/p265/v	0
G/1/demand/p265/v_cmd	0
G/1/demand/p265/v_regime	9087740570393753374
G/1/demand/p265/v_regime?	1
G/1/demand/p265/w_fuel	4581293495974897435
G/1/demand/p265/w_fuel?	1
G/1/demand/p265/w_gov	4579343848233528456
G/1/demand/p265/w_gov?	1
G/1/demand/p270/Tt4	4652978030239171001
G/1/demand/p270/authority	15345845413248555367
G/1/demand/p270/b	0
G/1/demand/p270/b_cmd	0
G/1/demand/p270/branch	13126223303132988745
G/1/demand/p270/cap_fuel	4581718166307647908
G/1/demand/p270/cap_fuel?	1
G/1/demand/p270/cap_gov	4579392648743548410
G/1/demand/p270/cap_gov?	1
G/1/demand/p270/f	4581826870528710554
G/1/demand/p270/g	4576439344975593497
G/1/demand/p270/g_fuel	4570537691100561576
G/1/demand/p270/g_gov	4576439344975593497
G/1/demand/p270/ic_iters	2
G/1/demand/p270/ic_order	16448961268219989400
G/1/demand/p270/ic_res	0
G/1/demand/p270/lag_coord	4011733542463085790
G/1/demand/p270/mdot_air	4604165722636179323
G/1/demand/p270/mf	4579360235419673613
G/1/demand/p270/mf_sched	4582403389825004051
G/1/demand/p270/nu_hp	4605769335244825639
G/1/demand/p270/nu_lp	4605530845983173822
G/1/demand/p270/phi_hp	4606639060266342964
G/1/demand/p270/phi_lp	4605510781707311396
G/1/demand/p270/pi_hpc	4616804517941152662
G/1/demand/p270/pi_lpc	4612443413481418645
G/1/demand/p270/required	4576406931651718700
G/1/demand/p270/required_fuel	4567628210665161592
G/1/demand/p270/required_gov	4576406931651718700
G/1/demand/p270/s	4608758678669597051
G/1/demand/p270/share_law	580772045163143161
G/1/demand/p270/sp_thrust	4648041085188139900
G/1/demand/p270/v	0
G/1/demand/p270/v_cmd	0
G/1/demand/p270/v_regime	9087740570393753374
G/1/demand/p270/v_regime?	1
G/1/demand/p270/w_fuel	4581354481253222910
G/1/demand/p270/w_fuel?	1
G/1/demand/p270/w_gov	4579360235419673613
G/1/demand/p270/w_gov?	1
G/1/demand/p275/Tt4	4652978383496277568
G/1/demand/p275/authority	15345845413248555367
G/1/demand/p275/b	0
G/1/demand/p275/b_cmd	0
G/1/demand/p275/branch	13126223303132988745
G/1/demand/p275/cap_fuel	4581773893773746621
G/1/demand/p275/cap_fuel?	1
G/1/demand/p275/cap_gov	4579407966206764382
G/1/demand/p275/cap_gov?	1
G/1/demand/p275/f	4581824625830467991
G/1/demand/p275/g	4576423316599076984
G/1/demand/p275/g_fuel	4570055778099071312
G/1/demand/p275/g_gov	4576423316599076984
G/1/demand/p275/ic_iters	2
G/1/demand/p275/ic_order	16448961268219989400
G/1/demand/p275/ic_res	0
G/1/demand/p275/lag_coord	4011733542463085790
G/1/demand/p275/mdot_air	4604179607287875155
G/1/demand/p275/mf	4579376263796190126
G/1/demand/p275/mf_sched	4582403389825004051
G/1/demand/p275/nu_hp	4605776187265242962
G/1/demand/p275/nu_lp	4605538319611935784
G/1/demand/p275/phi_hp	4606644175990100537
G/1/demand/p275/phi_lp	4605520320971400122
G/1/demand/p275/pi_hpc	4616810666909006695
G/1/demand/p275/pi_lpc	4612449416685569497
G/1/demand/p275/required	4576391614188502728
G/1/demand/p275/required_fuel	4567182390936371888
G/1/demand/p275/required_gov	4576391614188502728
G/1/demand/p275/s	4608871268660281311
G/1/demand/p275/share_law	580772045163143161
G/1/demand/p275/sp_thrust	4648044791246653566
G/1/demand/p275/v	0
G/1/demand/p275/v_cmd	0
G/1/demand/p275/v_regime	9087740570393753374
G/1/demand/p275/v_regime?	1
G/1/demand/p275/w_fuel	4581414720378409193
G/1/demand/p275/w_fuel?	1
G/1/demand/p275/w_gov	4579376263796190126
G/1/demand/p275/w_gov?	1
G/1/demand/p280/Tt4	4652978728283241050
G/1/demand/p280/authority	15345845413248555367
G/1/demand/p280/b	0
G/1/demand/p280/b_cmd	0
G/1/demand/p280/branch	13126223303132988745
G/1/demand/p280/cap_fuel	4581828802199545135
G/1/demand/p280/cap_fuel?	1
G/1/demand/p280/cap_gov	4579422944852728372
G/1/demand/p280/cap_gov?	1
G/1/demand/p280/f	4581822431569467889
G/1/demand/p280/g	4576407640347061261
G/1/demand/p280/g_fuel	4569579922844183400
G/1/demand/p280/g_gov	4576407640347061261
G/1/demand/p280/ic_iters	2
G/1/demand/p280/ic_order	16448961268219989400
G/1/demand/p280/ic_res	0
G/1/demand/p280/lag_coord	4011733542463085790
G/1/demand/p280/mdot_air	4604193195592961488
G/1/demand/p280/mf	4579391940048205849
G/1/demand/p280/mf_sched	4582403389825004051
G/1/demand/p280/nu_hp	4605782888047206847
G/1/demand/p280/nu_lp	4605545619356991237
G/1/demand/p280/phi_hp	4606649177014610212
G/1/demand/p280/phi_lp	4605529652243161037
G/1/demand/p280/pi_hpc	4616816684515912380
G/1/demand/p280/pi_lpc	4612455278134380699
G/1/demand/p280/required	4576376635542538738
G/1/demand/p280/required_fuel	4566743123529983776
G/1/demand/p280/required_gov	4576376635542538738
G/1/demand/p280/s	4608983858650965571
G/1/demand/p280/share_law	580772045163143161
G/1/demand/p280/sp_thrust	4648048401947565586
G/1/demand/p280/v	0
G/1/demand/p280/v_cmd	0
G/1/demand/p280/v_regime	9087740570393753374
G/1/demand/p280/v_regime?	1
G/1/demand/p280/w_fuel	4581474202285270182
G/1/demand/p280/w_fuel?	1
G/1/demand/p280/w_gov	4579391940048205849
G/1/demand/p280/w_gov?	1
G/1/demand/p285/Tt4	4652979064790732331
G/1/demand/p285/authority	15345845413248555367
G/1/demand/p285/b	0
G/1/demand/p285/b_cmd	0
G/1/demand/p285/branch	13126223303132988745
G/1/demand/p285/cap_fuel	4581882890521290304
G/1/demand/p285/cap_fuel?	1
G/1/demand/p285/cap_gov	4579437591171425572
G/1/demand/p285/cap_gov?	1
G/1/demand/p285/f	4581820286722989067
G/1/demand/p285/g	4576392309598453471
G/1/demand/p285/g_fuel	4569110202006811280
G/1/demand/p285/g_gov	4576392309598453471
G/1/demand/p285/ic_iters	2
G/1/demand/p285/ic_order	16448961268219989400
G/1/demand/p285/ic_res	0
G/1/demand/p285/lag_coord	4011733542463085790
G/1/demand/p285/mdot_air	4604206492740447364
G/1/demand/p285/mf	4579407270796813639
G/1/demand/p285/mf_sched	4582403389825004051
G/1/demand/p285/nu_hp	4605789440497028113
G/1/demand/p285/nu_lp	4605552749028837441
G/1/demand/p285/phi_hp	4606654065621762094
G/1/demand/p285/phi_lp	4605538779331751343
G/1/demand/p285/pi_hpc	4616822573070256270
G/1/demand/p285/pi_lpc	4612461000980504210
G/1/demand/p285/required	4576361989223841538
G/1/demand/p285/required_fuel	4565970811758361904
G/1/demand/p285/required_gov	4576361989223841538
G/1/demand/p285/s	4609096448641649831
G/1/demand/p285/share_law	580772045163143161
G/1/demand/p285/sp_thrust	4648051919812340702
G/1/demand/p285/v	0
G/1/demand/p285/v_cmd	0
G/1/demand/p285/v_regime	9087740570393753374
G/1/demand/p285/v_regime?	1
G/1/demand/p285/w_fuel	4581532917389941697
G/1/demand/p285/w_fuel?	1
G/1/demand/p285/w_gov	4579407270796813639
G/1/demand/p285/w_gov?	1
G/1/demand/p290/Tt4	4652979393206036392
G/1/demand/p290/authority	15345845413248555367
G/1/demand/p290/b	0
G/1/demand/p290/b_cmd	0
G/1/demand/p290/branch	13126223303132988745
G/1/demand/p290/cap_fuel	4581936158375485438
G/1/demand/p290/cap_fuel?	1
G/1/demand/p290/cap_gov	4579451911580242394
G/1/demand/p290/cap_gov?	1
G/1/demand/p290/f	4581818190284123495
G/1/demand/p290/g	4576377317799141349
G/1/demand/p290/g_fuel	4568646681348971224
G/1/demand/p290/g_gov	4576377317799141349
G/1/demand/p290/ic_iters	2
G/1/demand/p290/ic_order	16448961268219989400
G/1/demand/p290/ic_res	0
G/1/demand/p290/lag_coord	4011733542463085790
G/1/demand/p290/mdot_air	4604219503885114419
G/1/demand/p290/mf	4579422262596125761
G/1/demand/p290/mf_sched	4582403389825004051
G/1/demand/p290/nu_hp	4605795847485730756
G/1/demand/p290/nu_lp	4605559712365782320
G/1/demand/p290/phi_hp	4606658844062114607
G/1/demand/p290/phi_lp	4605547706014496344
G/1/demand/p290/pi_hpc	4616828334863522385
G/1/demand/p290/pi_lpc	4612466588318812118
G/1/demand/p290/required	4576347668815024716
G/1/demand/p290/required_fuel	4565118526091239760
G/1/demand/p290/required_gov	4576347668815024716
G/1/demand/p290/s	4609209038632334091
G/1/demand/p290/share_law	580772045163143161
G/1/demand/p290/sp_thrust	4648055347293554906
G/1/demand/p290/v	0
G/1/demand/p290/v_cmd	0
G/1/demand/p290/v_regime	9087740570393753374
G/1/demand/p290/v_regime?	1
G/1/demand/p290/w_fuel	4581590857472171704
G/1/demand/p290/w_fuel?	1
G/1/demand/p290/w_gov	4579422262596125761
G/1/demand/p290/w_gov?	1
G/1/demand/p295/Tt4	4652979713713040060
G/1/demand/p295/authority	15345845413248555367
G/1/demand/p295/b	0
G/1/demand/p295/b_cmd	0
G/1/demand/p295/branch	13126223303132988745
G/1/demand/p295/cap_fuel	4581988606069596786
G/1/demand/p295/cap_fuel?	1
G/1/demand/p295/cap_gov	4579465912421803659
G/1/demand/p295/cap_gov?	1
G/1/demand/p295/f	4581816141261744168
G/1/demand/p295/g	4576362658464671939
G/1/demand/p295/g_fuel	4568189416556990272
G/1/demand/p295/g_gov	4576362658464671939
G/1/demand/p295/ic_iters	2
G/1/demand/p295/ic_order	16448961268219989400
G/1/demand/p295/ic_res	0
G/1/demand/p295/lag_coord	4011733542463085790
G/1/demand/p295/mdot_air	4604232234144478159
G/1/demand/p295/mf	4579436921930595171
G/1/demand/p295/mf_sched	4582403389825004051
G/1/demand/p295/nu_hp	4605802111848427419
G/1/demand/p295/nu_lp	4605566513034737921
G/1/demand/p295/phi_hp	4606663514554600271
G/1/demand/p295/phi_lp	4605556436034876265
G/1/demand/p295/pi_hpc	4616833972169160200
G/1/demand/p295/pi_lpc	4612472043186620654
G/1/demand/p295/required	4576333667973463451
G/1/demand/p295/required_fuel	4564279362985458192
G/1/demand/p295/required_gov	4576333667973463451
G/1/demand/p295/s	4609321628623018351
G/1/demand/p295/share_law	580772045163143161
G/1/demand/p295/sp_thrust	4648058686776806287
G/1/demand/p295/v	0
G/1/demand/p295/v_cmd	0
G/1/demand/p295/v_regime	9087740570393753374
G/1/demand/p295/v_regime?	1
G/1/demand/p295/w_fuel	4581648015571169323
G/1/demand/p295/w_fuel?	1
G/1/demand/p295/w_gov	4579436921930595171
G/1/demand/p295/w_gov?	1
G/1/demand/p30/Tt4	4652467852651228361
G/1/demand/p30/authority	9674992558986367437
G/1/demand/p30/b	0
G/1/demand/p30/b_cmd	0
G/1/demand/p30/branch	13126223303132988745
G/1/demand/p30/cap_fuel	4577601454761458824
G/1/demand/p30/cap_fuel?	1
G/1/demand/p30/cap_gov	4578395032572284516
G/1/demand/p30/cap_gov?	1
G/1/demand/p30/f	4581031675636886576
G/1/demand/p30/g	4568763515187574148
G/1/demand/p30/g_fuel	4568763515187574148
G/1/demand/p30/g_gov	4563088480546010568
G/1/demand/p30/ic_iters	2
G/1/demand/p30/ic_order	16448961268219989400
G/1/demand/p30/ic_res	0
G/1/demand/p30/lag_coord	4011733542463085790
G/1/demand/p30/mdot_air	4603405954694971010
G/1/demand/p30/mf	4577395816684968144
G/1/demand/p30/mf_sched	4579050089850283569
G/1/demand/p30/nu_hp	4605321702723773359
G/1/demand/p30/nu_lp	4605021563356427961
G/1/demand/p30/phi_hp	4606521660084415897
G/1/demand/p30/phi_lp	4605056888804324642
G/1/demand/p30/pi_hpc	4616305339652071764
G/1/demand/p30/pi_lpc	4612006528917461639
G/1/demand/p30/required	4567940962881611428
G/1/demand/p30/required_fuel	4567940962881611428
G/1/demand/p30/required_gov	4562883281122934376
G/1/demand/p30/s	4594572339843380021
G/1/demand/p30/share_law	580772045163143161
G/1/demand/p30/sp_thrust	4647020246965728617
G/1/demand/p30/v	0
G/1/demand/p30/v_cmd	0
G/1/demand/p30/v_regime	9087740570393753374
G/1/demand/p30/v_regime?	1
G/1/demand/p30/w_fuel	4577395816684968144
G/1/demand/p30/w_fuel?	1
G/1/demand/p30/w_gov	4578369382644399992
G/1/demand/p30/w_gov?	1
G/1/demand/p300/Tt4	4652980026492228821
G/1/demand/p300/authority	15345845413248555367
G/1/demand/p300/b	0
G/1/demand/p300/b_cmd	0
G/1/demand/p300/branch	13126223303132988745
G/1/demand/p300/cap_fuel	4582040234553009346
G/1/demand/p300/cap_fuel?	1
G/1/demand/p300/cap_gov	4579479599962028289
G/1/demand/p300/cap_gov?	1
G/1/demand/p300/f	4581814138680467291
G/1/demand/p300/g	4576348325182680394
G/1/demand/p300/g_fuel	4567738453982627304
G/1/demand/p300/g_gov	4576348325182680394
G/1/demand/p300/ic_iters	2
G/1/demand/p300/ic_order	16448961268219989400
G/1/demand/p300/ic_res	0
G/1/demand/p300/lag_coord	4011733542463085790
G/1/demand/p300/mdot_air	4604244688595963880
G/1/demand/p300/mf	4579451255212586716
G/1/demand/p300/mf_sched	4582403389825004051
G/1/demand/p300/nu_hp	4605808236383763737
G/1/demand/p300/nu_lp	4605573154632037887
G/1/demand/p300/phi_hp	4606668079286278280
G/1/demand/p300/phi_lp	4605564973100677991
G/1/demand/p300/pi_hpc	4616839487241529040
G/1/demand/p300/pi_lpc	4612477368563980023
G/1/demand/p300/required	4576319980433238821
G/1/demand/p300/required_fuel	4563453307250857232
G/1/demand/p300/required_gov	4576319980433238821
G/1/demand/p300/s	4609434218613702611
G/1/demand/p300/share_law	580772045163143161
G/1/demand/p300/sp_thrust	4648061940582578182
G/1/demand/p300/v	0
G/1/demand/p300/v_cmd	0
G/1/demand/p300/v_regime	9087740570393753374
G/1/demand/p300/v_regime?	1
G/1/demand/p300/w_fuel	4581704385892964694
G/1/demand/p300/w_fuel?	1
G/1/demand/p300/w_gov	4579451255212586716
G/1/demand/p300/w_gov?	1
G/1/demand/p305/Tt4	4652980331720690839
G/1/demand/p305/authority	15345845413248555367
G/1/demand/p305/b	0
G/1/demand/p305/b_cmd	0
G/1/demand/p305/branch	13126223303132988745
G/1/demand/p305/cap_fuel	4582091045388292416
G/1/demand/p305/cap_fuel?	1
G/1/demand/p305/cap_gov	4579492980388392758
G/1/demand/p305/cap_gov?	1
G/1/demand/p305/f	4581812181580606624
G/1/demand/p305/g	4576334311615083532
G/1/demand/p305/g_fuel	4567293831305899168
G/1/demand/p305/g_gov	4576334311615083532
G/1/demand/p305/ic_iters	2
G/1/demand/p305/ic_order	16448961268219989400
G/1/demand/p305/ic_res	0
G/1/demand/p305/lag_coord	4011733542463085790
G/1/demand/p305/mdot_air	4604256872274288832
G/1/demand/p305/mf	4579465268780183578
G/1/demand/p305/mf_sched	4582403389825004051
G/1/demand/p305/nu_hp	4605814223853428558
G/1/demand/p305/nu_lp	4605579640684276593
G/1/demand/p305/phi_hp	4606672540412132274
G/1/demand/p305/phi_lp	4605573320882304225
G/1/demand/p305/pi_hpc	4616844882314916036
G/1/demand/p305/pi_lpc	4612482567374024381
G/1/demand/p305/required	4576306600006874352
G/1/demand/p305/required_fuel	4562640333886328112
G/1/demand/p305/required_gov	4576306600006874352
G/1/demand/p305/s	4609546808604386871
G/1/demand/p305/share_law	580772045163143161
G/1/demand/p305/sp_thrust	4648065110968054356
G/1/demand/p305/v	0
G/1/demand/p305/v_cmd	0
G/1/demand/p305/v_regime	9087740570393753374
G/1/demand/p305/v_regime?	1
G/1/demand/p305/w_fuel	4581759963727555711
G/1/demand/p305/w_fuel?	1
G/1/demand/p305/w_gov	4579465268780183578
G/1/demand/p305/w_gov?	1
G/1/demand/p310/Tt4	4652980629572126926
G/1/demand/p310/authority	15345845413248555367
G/1/demand/p310/b	0
G/1/demand/p310/b_cmd	0
G/1/demand/p310/branch	13126223303132988745
G/1/demand/p310/cap_fuel	4582141040722826747
G/1/demand/p310/cap_fuel?	1
G/1/demand/p310/cap_gov	4579506059808391484
G/1/demand/p310/cap_gov?	1
G/1/demand/p310/f	4581810269018118934
G/1/demand/p310/g	4576320611500051263
G/1/demand/p310/g_fuel	4566855578131217992
G/1/demand/p310/g_gov	4576320611500051263
G/1/demand/p310/ic_iters	2
G/1/demand/p310/ic_order	16448961268219989400
G/1/demand/p310/ic_res	0
G/1/demand/p310/lag_coord	4011733542463085790
G/1/demand/p310/mdot_air	4604268790169042549
G/1/demand/p310/mf	4579478968895215847
G/1/demand/p310/mf_sched	4582403389825004051
G/1/demand/p310/nu_hp	4605820076981727106
G/1/demand/p310/nu_lp	4605585974649167724
G/1/demand/p310/phi_hp	4606676900054911285
G/1/demand/p310/phi_lp	4605581483011232516
G/1/demand/p310/pi_hpc	4616850159602625157
G/1/demand/p310/pi_lpc	4612487642483376812
G/1/demand/p310/required	4576293520586875626
G/1/demand/p310/required_fuel	4561534394541245184
G/1/demand/p310/required_gov	4576293520586875626
G/1/demand/p310/s	4609659398595071131
G/1/demand/p310/share_law	580772045163143161
G/1/demand/p310/sp_thrust	4648068200128886570
G/1/demand/p310/v	0
G/1/demand/p310/v_cmd	0
G/1/demand/p310/v_regime	9087740570393753374
G/1/demand/p310/v_regime?	1
G/1/demand/p310/w_fuel	4581814745374390858
G/1/demand/p310/w_fuel?	1
G/1/demand/p310/w_gov	4579478968895215847
G/1/demand/p310/w_gov?	1
G/1/demand/p315/Tt4	4652980920216865599
G/1/demand/p315/authority	15345845413248555367
G/1/demand/p315/b	0
G/1/demand/p315/b_cmd	0
G/1/demand/p315/branch	13126223303132988745
G/1/demand/p315/cap_fuel	4582190223260843568
G/1/demand/p315/cap_fuel?	1
G/1/demand/p315/cap_gov	4579518844248183860
G/1/demand/p315/cap_gov?	1
G/1/demand/p315/f	4581808400064540284
G/1/demand/p315/g	4576307218653768015
G/1/demand/p315/g_fuel	4566197410899519520
G/1/demand/p315/g_gov	4576307218653768015
G/1/demand/p315/ic_iters	2
G/1/demand/p315/ic_order	16448961268219989400
G/1/demand/p315/ic_res	0
G/1/demand/p315/lag_coord	4011733542463085790
G/1/demand/p315/mdot_air	4604280447222456765
G/1/demand/p315/mf	4579492361741499095
G/1/demand/p315/mf_sched	4582403389825004051
G/1/demand/p315/nu_hp	4605825798455214173
G/1/demand/p315/nu_lp	4605592159916420134
G/1/demand/p315/phi_hp	4606681160305011746
G/1/demand/p315/phi_lp	4605589463078616709
G/1/demand/p315/pi_hpc	4616855321296134608
G/1/demand/p315/pi_lpc	4612492596702604301
G/1/demand/p315/required	4576280736147083250
G/1/demand/p315/required_fuel	4559960553324706912
G/1/demand/p315/required_gov	4576280736147083250
G/1/demand/p315/s	4609771988585755391
G/1/demand/p315/share_law	580772045163143161
G/1/demand/p315/sp_thrust	4648071210200915053
G/1/demand/p315/v	0
G/1/demand/p315/v_cmd	0
G/1/demand/p315/v_regime	9087740570393753374
G/1/demand/p315/v_regime?	1
G/1/demand/p315/w_fuel	4581868728074967953
G/1/demand/p315/w_fuel?	1
G/1/demand/p315/w_gov	4579492361741499095
G/1/demand/p315/w_gov?	1
G/1/demand/p320/Tt4	4652981203821882524
G/1/demand/p320/authority	15345845413248555367
G/1/demand/p320/b	0
G/1/demand/p320/b_cmd	0
G/1/demand/p320/branch	13126223303132988745
G/1/demand/p320/cap_fuel	4582238596235917672
G/1/demand/p320/cap_fuel?	1
G/1/demand/p320/cap_gov	4579531339651417985
G/1/demand/p320/cap_gov?	1
G/1/demand/p320/f	4581806573806913060
G/1/demand/p320/g	4576294126971995475
G/1/demand/p320/g_fuel	4565346500874639424
G/1/demand/p320/g_gov	4576294126971995475
G/1/demand/p320/ic_iters	2
G/1/demand/p320/ic_order	16448961268219989400
G/1/demand/p320/ic_res	0
G/1/demand/p320/lag_coord	4011733542463085790
G/1/demand/p320/mdot_air	4604291848327357019
G/1/demand/p320/mf	4579505453423271635
G/1/demand/p320/mf_sched	4582403389825004051
G/1/demand/p320/nu_hp	4605831390922384523
G/1/demand/p320/nu_lp	4605598199808628964
G/1/demand/p320/phi_hp	4606685323220398596
G/1/demand/p320/phi_lp	4605597264634023690
G/1/demand/p320/pi_hpc	4616860369564320243
G/1/demand/p320/pi_lpc	4612497432786718104
G/1/demand/p320/required	4576268240743849125
G/1/demand/p320/required_fuel	4558412618122335584
G/1/demand/p320/required_gov	4576268240743849125
G/1/demand/p320/s	4609884578576439651
G/1/demand/p320/share_law	580772045163143161
G/1/demand/p320/sp_thrust	4648074143261842629
G/1/demand/p320/v	0
G/1/demand/p320/v_cmd	0
G/1/demand/p320/v_regime	9087740570393753374
G/1/demand/p320/v_regime?	1
G/1/demand/p320/w_fuel	4581921909951522959
G/1/demand/p320/w_fuel?	1
G/1/demand/p320/w_gov	4579505453423271635
G/1/demand/p320/w_gov?	1
G/1/demand/p325/Tt4	4652981480550823829
G/1/demand/p325/authority	15345845413248555367
G/1/demand/p325/b	0
G/1/demand/p325/b_cmd	0
G/1/demand/p325/branch	13126223303132988745
G/1/demand/p325/cap_fuel	4582286163383955058
G/1/demand/p325/cap_fuel?	1
G/1/demand/p325/cap_gov	4579543551878221348
G/1/demand/p325/cap_gov?	1
G/1/demand/p325/f	4581804789347704000
G/1/demand/p325/g	4576281330431447382
G/1/demand/p325/g_fuel	4564508420883855824
G/1/demand/p325/g_gov	4576281330431447382
G/1/demand/p325/ic_iters	2
G/1/demand/p325/ic_order	16448961268219989400
G/1/demand/p325/ic_res	0
G/1/demand/p325/lag_coord	4011733542463085790
G/1/demand/p325/mdot_air	4604302998325287851
G/1/demand/p325/mf	4579518249963819728
G/1/demand/p325/mf_sched	4582403389825004051
G/1/demand/p325/nu_hp	4605836856993417732
G/1/demand/p325/nu_lp	4605604097582180075
G/1/demand/p325/phi_hp	4606689390826563346
G/1/demand/p325/phi_lp	4605604891184298432
G/1/demand/p325/pi_hpc	4616865306552742472
G/1/demand/p325/pi_lpc	4612502153435715152
G/1/demand/p325/required	4576256028517045762
G/1/demand/p325/required_fuel	4556138115871336512
G/1/demand/p325/required_gov	4576256028517045762
G/1/demand/p325/s	4609997168567123911
G/1/demand/p325/share_law	580772045163143161
G/1/demand/p325/sp_thrust	4648077001332863386
G/1/demand/p325/v	0
G/1/demand/p325/v_cmd	0
G/1/demand/p325/v_regime	9087740570393753374
G/1/demand/p325/v_regime?	1
G/1/demand/p325/w_fuel	4581974289950946934
G/1/demand/p325/w_fuel?	1
G/1/demand/p325/w_gov	4579518249963819728
G/1/demand/p325/w_gov?	1
G/1/demand/p330/Tt4	4652981750564032877
G/1/demand/p330/authority	15345845413248555367
G/1/demand/p330/b	0
G/1/demand/p330/b_cmd	0
G/1/demand/p330/branch	13126223303132988745
G/1/demand/p330/cap_fuel	4582332928916708993
G/1/demand/p330/cap_fuel?	1
G/1/demand/p330/cap_gov	4579555486704349136
G/1/demand/p330/cap_gov?	1
G/1/demand/p330/f	4581803045804713632
G/1/demand/p330/g	4576268823090986637
G/1/demand/p330/g_fuel	4563683175407692688
G/1/demand/p330/g_gov	4576268823090986637
G/1/demand/p330/ic_iters	2
G/1/demand/p330/ic_order	16448961268219989400
G/1/demand/p330/ic_res	0
G/1/demand/p330/lag_coord	4011733542463085790
G/1/demand/p330/mdot_air	4604313902004803537
G/1/demand/p330/mf	4579530757304280473
G/1/demand/p330/mf_sched	4582403389825004051
G/1/demand/p330/nu_hp	4605842199239974746
G/1/demand/p330/nu_lp	4605609856428165944
G/1/demand/p330/phi_hp	4606693365116517096
G/1/demand/p330/phi_lp	4605612346192550478
G/1/demand/p330/pi_hpc	4616870134382994057
G/1/demand/p330/pi_lpc	4612506761295156385
G/1/demand/p330/required	4576244093690917974
G/1/demand/p330/required_fuel	4553145121775084672
G/1/demand/p330/required_gov	4576244093690917974
G/1/demand/p330/s	4610109758557808171
G/1/demand/p330/share_law	580772045163143161
G/1/demand/p330/sp_thrust	4648079786380246692
G/1/demand/p330/v	0
G/1/demand/p330/v_cmd	0
G/1/demand/p330/v_regime	9087740570393753374
G/1/demand/p330/v_regime?	1
G/1/demand/p330/w_fuel	4582025867793207130
G/1/demand/p330/w_fuel?	1
G/1/demand/p330/w_gov	4579530757304280473
G/1/demand/p330/w_gov?	1
G/1/demand/p335/Tt4	4652982014018580073
G/1/demand/p335/authority	15345845413248555367
G/1/demand/p335/b	0
G/1/demand/p335/b_cmd	0
G/1/demand/p335/branch	13126223303132988745
G/1/demand/p335/cap_fuel	4582378897495855846
G/1/demand/p335/cap_fuel?	1
G/1/demand/p335/cap_gov	4579567149820481296
G/1/demand/p335/cap_gov?	1
G/1/demand/p335/f	4581801342310977407
G/1/demand/p335/g	4576256599092654519
G/1/demand/p335/g_fuel	4562870757320376096
G/1/demand/p335/g_gov	4576256599092654519
G/1/demand/p335/ic_iters	2
G/1/demand/p335/ic_order	16448961268219989400
G/1/demand/p335/ic_res	0
G/1/demand/p335/lag_coord	4011733542463085790
G/1/demand/p335/mdot_air	4604324564099917058
G/1/demand/p335/mf	4579542981302612591
G/1/demand/p335/mf_sched	4582403389825004051
G/1/demand/p335/nu_hp	4605847420195043556
G/1/demand/p335/nu_lp	4605615479473311320
G/1/demand/p335/phi_hp	4606697248050816563
G/1/demand/p335/phi_lp	4605619633077255497
G/1/demand/p335/pi_hpc	4616874855152106655
G/1/demand/p335/pi_lpc	4612511258956778210
G/1/demand/p335/required	4576232430574785814
G/1/demand/p335/required_fuel	4545898460651400448
G/1/demand/p335/required_gov	4576232430574785814
G/1/demand/p335/s	4610222348548492431
G/1/demand/p335/share_law	580772045163143161
G/1/demand/p335/sp_thrust	4648082500316877634
G/1/demand/p335/v	0
G/1/demand/p335/v_cmd	0
G/1/demand/p335/v_regime	9087740570393753374
G/1/demand/p335/v_regime?	1
G/1/demand/p335/w_fuel	4582076643923664417
G/1/demand/p335/w_fuel?	1
G/1/demand/p335/w_gov	4579542981302612591
G/1/demand/p335/w_gov?	1
G/1/demand/p340/Tt4	4652982271068295451
G/1/demand/p340/authority	15345845413248555367
G/1/demand/p340/b	0
G/1/demand/p340/b_cmd	0
G/1/demand/p340/branch	13126223303132988745
G/1/demand/p340/cap_fuel	4582424074207657230
G/1/demand/p340/cap_fuel?	1
G/1/demand/p340/cap_gov	4579578546831659616
G/1/demand/p340/cap_gov?	1
G/1/demand/p340/f	4581799678014659110
G/1/demand/p340/g	4576244652662541413
G/1/demand/p340/g_fuel	4561995874670838304
G/1/demand/p340/g_gov	4576244652662541413
G/1/demand/p340/ic_iters	2
G/1/demand/p340/ic_order	16448961268219989400
G/1/demand/p340/ic_res	0
G/1/demand/p340/lag_coord	4011733542463085790
G/1/demand/p340/mdot_air	4604334989288699506
G/1/demand/p340/mf	4579554927732725697
G/1/demand/p340/mf_sched	4582403389825004051
G/1/demand/p340/nu_hp	4605852522352831412
G/1/demand/p340/nu_lp	4605620969780906966
G/1/demand/p340/phi_hp	4606701041557621147
G/1/demand/p340/phi_lp	4605626755211465466
G/1/demand/p340/pi_hpc	4616879470932013526
G/1/demand/p340/pi_lpc	4612515648959133468
G/1/demand/p340/required	4576221033563607494
G/1/demand/p340/required_fuel	13768295663203449600
G/1/demand/p340/required_gov	4576221033563607494
G/1/demand/p340/s	4610334938539176691
G/1/demand/p340/share_law	580772045163143161
G/1/demand/p340/sp_thrust	4648085145003754726
G/1/demand/p340/v	0
G/1/demand/p340/v_cmd	0
G/1/demand/p340/v_regime	9087740570393753374
G/1/demand/p340/v_regime?	1
G/1/demand/p340/w_fuel	4582126619468776962
G/1/demand/p340/w_fuel?	1
G/1/demand/p340/w_gov	4579554927732725697
G/1/demand/p340/w_gov?	1
G/1/demand/p35/Tt4	4652480709064780159
G/1/demand/p35/authority	9674992558986367437
G/1/demand/p35/b	0
G/1/demand/p35/b_cmd	0
G/1/demand/p35/branch	13126223303132988745
G/1/demand/p35/cap_fuel	4577663008899717412
G/1/demand/p35/cap_fuel?	1
G/1/demand/p35/cap_gov	4578409161836246197
G/1/demand/p35/cap_gov?	1
G/1/demand/p35/f	4581053731275461035
G/1/demand/p35/g	4570216717928190804
G/1/demand/p35/g_fuel	4570216717928190804
G/1/demand/p35/g_gov	4566181365502822456
G/1/demand/p35/ic_iters	2
G/1/demand/p35/ic_order	16448961268219989400
G/1/demand/p35/ic_res	0
G/1/demand/p35/lag_coord	4011733542463085790
G/1/demand/p35/mdot_air	4603414957338977042
G/1/demand/p35/mf	4577432220911523273
G/1/demand/p35/mf_sched	4579449794761992862
G/1/demand/p35/nu_hp	4605328083578839249
G/1/demand/p35/nu_lp	4605029148292303835
G/1/demand/p35/phi_hp	4606520500406919885
G/1/demand/p35/phi_lp	4605061104136785685
G/1/demand/p35/pi_hpc	4616313470933999253
G/1/demand/p35/pi_lpc	4612013222813544513
G/1/demand/p35/required	4569293565975414248
G/1/demand/p35/required_fuel	4569293565975414248
G/1/demand/p35/required_gov	4565967886304915272
G/1/demand/p35/s	4595473059768854121
G/1/demand/p35/share_law	580772045163143161
G/1/demand/p35/sp_thrust	4647049708677845820
G/1/demand/p35/v	0
G/1/demand/p35/v_cmd	0
G/1/demand/p35/v_regime	9087740570393753374
G/1/demand/p35/v_regime?	1
G/1/demand/p35/w_fuel	4577432220911523273
G/1/demand/p35/w_fuel?	1
G/1/demand/p35/w_gov	4578382476936507799
G/1/demand/p35/w_gov?	1
G/1/demand/p40/Tt4	4652495442741746767
G/1/demand/p40/authority	9674992558986367437
G/1/demand/p40/b	0
G/1/demand/p40/b_cmd	0
G/1/demand/p40/branch	13126223303132988745
G/1/demand/p40/cap_fuel	4577726391815772727
G/1/demand/p40/cap_fuel?	1
G/1/demand/p40/cap_gov	4578423592401586067
G/1/demand/p40/cap_gov?	1
G/1/demand/p40/f	4581079364083496902
G/1/demand/p40/g	4571403770181736254
G/1/demand/p40/g_fuel	4571403770181736254
G/1/demand/p40/g_gov	4567960260736650412
G/1/demand/p40/ic_iters	2
G/1/demand/p40/ic_order	16448961268219989400
G/1/demand/p40/ic_res	0
G/1/demand/p40/lag_coord	4011733542463085790
G/1/demand/p40/mdot_air	4603423746782293852
G/1/demand/p40/mf	4577472625659675501
G/1/demand/p40/mf_sched	4579849499673702156
G/1/demand/p40/nu_hp	4605334602487596438
G/1/demand/p40/nu_lp	4605036875577759419
G/1/demand/p40/phi_hp	4606518578244441746
G/1/demand/p40/phi_lp	4605064887344704735
G/1/demand/p40/pi_hpc	4616322159417116689
G/1/demand/p40/pi_lpc	4612020140007414820
G/1/demand/p40/required	4570638853958030164
G/1/demand/p40/required_fuel	4570638853958030164
G/1/demand/p40/required_gov	4567850051614776804
G/1/demand/p40/s	4596373779694328221
G/1/demand/p40/share_law	580772045163143161
G/1/demand/p40/sp_thrust	4647082434839004766
G/1/demand/p40/v	0
G/1/demand/p40/v_cmd	0
G/1/demand/p40/v_regime	9087740570393753374
G/1/demand/p40/v_regime?	1
G/1/demand/p40/w_fuel	4577472625659675501
G/1/demand/p40/w_fuel?	1
G/1/demand/p40/w_gov	4578396040121117665
G/1/demand/p40/w_gov?	1
G/1/demand/p45/Tt4	4652511853385049085
G/1/demand/p45/authority	9674992558986367437
G/1/demand/p45/b	0
G/1/demand/p45/b_cmd	0
G/1/demand/p45/branch	13126223303132988745
G/1/demand/p45/cap_fuel	4577791955817974146
G/1/demand/p45/cap_fuel?	1
G/1/demand/p45/cap_gov	4578438396746997181
G/1/demand/p45/cap_gov?	1
G/1/demand/p45/f	4581108174992172365
G/1/demand/p45/g	4572114979848772190
G/1/demand/p45/g_fuel	4572114979848772190
G/1/demand/p45/g_gov	4569503152773618252
G/1/demand/p45/ic_iters	2
G/1/demand/p45/ic_order	16448961268219989400
G/1/demand/p45/ic_res	0
G/1/demand/p45/lag_coord	4011733542463085790
G/1/demand/p45/mdot_air	4603432441454900189
G/1/demand/p45/mf	4577516725737866825
G/1/demand/p45/mf_sched	4580205012810602940
G/1/demand/p45/nu_hp	4605341291656386503
G/1/demand/p45/nu_lp	4605044783951125840
G/1/demand/p45/phi_hp	4606516021788556266
G/1/demand/p45/phi_lp	4605068356062935441
G/1/demand/p45/pi_hpc	4616331384150035888
G/1/demand/p45/pi_lpc	4612027300255758558
G/1/demand/p45/required	4571564519688557548
G/1/demand/p45/required_fuel	4571564519688557548
G/1/demand/p45/required_gov	4569389653879969516
G/1/demand/p45/s	4597274499619802321
G/1/demand/p45/share_law	580772045163143161
G/1/demand/p45/sp_thrust	4647118122488079458
G/1/demand/p45/v	0
G/1/demand/p45/v_cmd	0
G/1/demand/p45/v_regime	9087740570393753374
G/1/demand/p45/v_regime?	1
G/1/demand/p45/w_fuel	4577516725737866825
G/1/demand/p45/w_fuel?	1
G/1/demand/p45/w_gov	4578410022023584997
G/1/demand/p45/w_gov?	1
G/1/demand/p5/Tt4	4652317262035967136
G/1/demand/p5/authority	9087740570393753374
G/1/demand/p5/b	0
G/1/demand/p5/b_cmd	0
G/1/demand/p5/branch	13126223303132988745
G/1/demand/p5/cap_fuel	4577312342819619359
G/1/demand/p5/cap_fuel?	1
G/1/demand/p5/cap_gov	4578327050610967931
G/1/demand/p5/cap_gov?	1
G/1/demand/p5/f	4580754474549829554
G/1/demand/p5/g	0
G/1/demand/p5/g_fuel	13779790083475880224
G/1/demand/p5/g_gov	13790605175518491656
G/1/demand/p5/ic_iters	2
G/1/demand/p5/ic_order	16448961268219989400
G/1/demand/p5/ic_res	0
G/1/demand/p5/lag_coord	4011733542463085790
G/1/demand/p5/mdot_air	4603386256835380957
G/1/demand/p5/mf	4577051565291737103
G/1/demand/p5/mf_sched	4577051565291737103
G/1/demand/p5/nu_hp	4605291046589343417
G/1/demand/p5/nu_lp	4604984770582242466
G/1/demand/p5/phi_hp	4606570813153751528
G/1/demand/p5/phi_lp	4605068016286362230
G/1/demand/p5/pi_hpc	4616245633002167720
G/1/demand/p5/pi_lpc	4611969019954685709
G/1/demand/p5/required	13780352541391208960
G/1/demand/p5/required_fuel	13780352541391208960
G/1/demand/p5/required_gov	13790620400658011568
G/1/demand/p5/s	4582862980812216730
G/1/demand/p5/share_law	580772045163143161
G/1/demand/p5/sp_thrust	4646728429926278002
G/1/demand/p5/v	0
G/1/demand/p5/v_cmd	0
G/1/demand/p5/v_regime	9087740570393753374
G/1/demand/p5/v_regime?	1
G/1/demand/p5/w_fuel	4577294766009765336
G/1/demand/p5/w_fuel?	1
G/1/demand/p5/w_gov	4578323244326087953
G/1/demand/p5/w_gov?	1
G/1/demand/p50/Tt4	4652529795407534330
G/1/demand/p50/authority	9674992558986367437
G/1/demand/p50/b	0
G/1/demand/p50/b_cmd	0
G/1/demand/p50/branch	13126223303132988745
G/1/demand/p50/cap_fuel	4577860025968346608
G/1/demand/p50/cap_fuel?	1
G/1/demand/p50/cap_gov	4578453638700753264
G/1/demand/p50/cap_gov?	1
G/1/demand/p50/f	4581139872435737624
G/1/demand/p50/g	4572819211930421878
G/1/demand/p50/g_fuel	4572819211930421878
G/1/demand/p50/g_gov	4571044385303094088
G/1/demand/p50/ic_iters	2
G/1/demand/p50/ic_order	16448961268219989400
G/1/demand/p50/ic_res	0
G/1/demand/p50/lag_coord	4011733542463085790
G/1/demand/p50/mdot_air	4603441138110250736
G/1/demand/p50/mf	4577564314608751275
G/1/demand/p50/mf_sched	4580404865266457587
G/1/demand/p50/nu_hp	4605348179357640906
G/1/demand/p50/nu_lp	4605052907245170327
G/1/demand/p50/phi_hp	4606512929903751080
G/1/demand/p50/phi_lp	4605071603888912009
G/1/demand/p50/pi_hpc	4616341133777451328
G/1/demand/p50/pi_lpc	4612034722619486125
G/1/demand/p50/required	4572227789211231212
G/1/demand/p50/required_fuel	4572227789211231212
G/1/demand/p50/required_gov	4570927505711782360
G/1/demand/p50/s	4598175219545276418
G/1/demand/p50/share_law	580772045163143161
G/1/demand/p50/sp_thrust	4647156554736586055
G/1/demand/p50/v	0
G/1/demand/p50/v_cmd	0
G/1/demand/p50/v_regime	9087740570393753374
G/1/demand/p50/v_regime?	1
G/1/demand/p50/w_fuel	4577564314608751275
G/1/demand/p50/w_fuel?	1
G/1/demand/p50/w_gov	4578424418802925332
G/1/demand/p50/w_gov?	1
G/1/demand/p55/Tt4	4652549166857567022
G/1/demand/p55/authority	9674992558986367437
G/1/demand/p55/b	0
G/1/demand/p55/b_cmd	0
G/1/demand/p55/branch	13126223303132988745
G/1/demand/p55/cap_fuel	4577930909675916652
G/1/demand/p55/cap_fuel?	1
G/1/demand/p55/cap_gov	4578469375738330684
G/1/demand/p55/cap_gov?	1
G/1/demand/p55/f	4581174250502631154
G/1/demand/p55/g	4573516719289115132
G/1/demand/p55/g_fuel	4573516719289115132
G/1/demand/p55/g_gov	4571868747324139680
G/1/demand/p55/ic_iters	2
G/1/demand/p55/ic_order	16448961268219989400
G/1/demand/p55/ic_res	0
G/1/demand/p55/lag_coord	4011733542463085790
G/1/demand/p55/mdot_air	4603449916720907487
G/1/demand/p55/mf	4577615265841113942
G/1/demand/p55/mf_sched	4580604717722312234
G/1/demand/p55/nu_hp	4605355290964152576
G/1/demand/p55/nu_lp	4605061275652513862
G/1/demand/p55/phi_hp	4606509378347406128
G/1/demand/p55/phi_lp	4605074705655968127
G/1/demand/p55/pi_hpc	4616351404849325466
G/1/demand/p55/pi_lpc	4612042425860678509
G/1/demand/p55/required	4572885431619509712
G/1/demand/p55/required_fuel	4572885431619509712
G/1/demand/p55/required_gov	4571808499494681648
G/1/demand/p55/s	4598625579508013468
G/1/demand/p55/share_law	580772045163143161
G/1/demand/p55/sp_thrust	4647197583569511677
G/1/demand/p55/v	0
G/1/demand/p55/v_cmd	0
G/1/demand/p55/v_regime	9087740570393753374
G/1/demand/p55/v_regime?	1
G/1/demand/p55/w_fuel	4577615265841113942
G/1/demand/p55/w_fuel?	1
G/1/demand/p55/w_gov	4578439251823601668
G/1/demand/p55/w_gov?	1
G/1/demand/p60/Tt4	4652569900830288377
G/1/demand/p60/authority	9674992558986367437
G/1/demand/p60/b	0
G/1/demand/p60/b_cmd	0
G/1/demand/p60/branch	13126223303132988745
G/1/demand/p60/cap_fuel	4578004904692993390
G/1/demand/p60/cap_fuel?	1
G/1/demand/p60/cap_gov	4578485660823367581
G/1/demand/p60/cap_gov?	1
G/1/demand/p60/f	4581211172003812957
G/1/demand/p60/g	4574207623293332784
G/1/demand/p60/g_fuel	4574207623293332784
G/1/demand/p60/g_gov	4572637549507434974
G/1/demand/p60/ic_iters	2
G/1/demand/p60/ic_order	16448961268219989400
G/1/demand/p60/ic_res	0
G/1/demand/p60/lag_coord	4011733542463085790
G/1/demand/p60/mdot_air	4603458844356219524
G/1/demand/p60/mf	4577669518750714408
G/1/demand/p60/mf_sched	4580804570178166880
G/1/demand/p60/nu_hp	4605362649775493957
G/1/demand/p60/nu_lp	4605069916735645804
G/1/demand/p60/phi_hp	4606505424662156193
G/1/demand/p60/phi_lp	4605077721590751754
G/1/demand/p60/pi_hpc	4616362200507149841
G/1/demand/p60/pi_lpc	4612050428768553198
G/1/demand/p60/required	4573536851408774820
G/1/demand/p60/required_fuel	4573536851408774820
G/1/demand/p60/required_gov	4572575339148026438
G/1/demand/p60/s	4599075939470750518
G/1/demand/p60/share_law	580772045163143161
G/1/demand/p60/sp_thrust	4647241116448472653
G/1/demand/p60/v	0
G/1/demand/p60/v_cmd	0
G/1/demand/p60/v_regime	9087740570393753374
G/1/demand/p60/v_regime?	1
G/1/demand/p60/w_fuel	4577669518750714408
G/1/demand/p60/w_fuel?	1
G/1/demand/p60/w_gov	4578454555643663313
G/1/demand/p60/w_gov?	1
G/1/demand/p65/Tt4	4652591958823177039
G/1/demand/p65/authority	9674992558986367437
G/1/demand/p65/b	0
G/1/demand/p65/b_cmd	0
G/1/demand/p65/branch	13126223303132988745
G/1/demand/p65/cap_fuel	4578082305890634048
G/1/demand/p65/cap_fuel?	1
G/1/demand/p65/cap_gov	4578502543892993044
G/1/demand/p65/cap_gov?	1
G/1/demand/p65/f	4581250555380802732
G/1/demand/p65/g	4574891935873284468
G/1/demand/p65/g_fuel	4574891935873284468
G/1/demand/p65/g_gov	4573405327868477142
G/1/demand/p65/ic_iters	2
G/1/demand/p65/ic_order	16448961268219989400
G/1/demand/p65/ic_res	0
G/1/demand/p65/lag_coord	4011733542463085790
G/1/demand/p65/mdot_air	4603467978258082858
G/1/demand/p65/mf	4577727067372447860
G/1/demand/p65/mf_sched	4581004422634021527
G/1/demand/p65/nu_hp	4605370277682757750
G/1/demand/p65/nu_lp	4605078856237828660
G/1/demand/p65/phi_hp	4606501112018917948
G/1/demand/p65/phi_lp	4605080700591946270
G/1/demand/p65/pi_hpc	4616373529475311491
G/1/demand/p65/pi_lpc	4612058750433692849
G/1/demand/p65/required	4574181458836912092
G/1/demand/p65/required_fuel	4574181458836912092
G/1/demand/p65/required_gov	4573340982832194100
G/1/demand/p65/s	4599526299433487568
G/1/demand/p65/share_law	580772045163143161
G/1/demand/p65/sp_thrust	4647287105912567543
G/1/demand/p65/v	0
G/1/demand/p65/v_cmd	0
G/1/demand/p65/v_regime	9087740570393753374
G/1/demand/p65/v_regime?	1
G/1/demand/p65/w_fuel	4577727067372447860
G/1/demand/p65/w_fuel?	1
G/1/demand/p65/w_gov	4578470371374851523
G/1/demand/p65/w_gov?	1
G/1/demand/p70/Tt4	4652615325617936071
G/1/demand/p70/authority	9674992558986367437
G/1/demand/p70/b	0
G/1/demand/p70/b_cmd	0
G/1/demand/p70/branch	13126223303132988745
G/1/demand/p70/cap_fuel	4578163411121712694
G/1/demand/p70/cap_fuel?	1
G/1/demand/p70/cap_gov	4578520073067442152
G/1/demand/p70/cap_gov?	1
G/1/demand/p70/f	4581292364624050354
G/1/demand/p70/g	4575569576261414438
G/1/demand/p70/g_fuel	4575569576261414438
G/1/demand/p70/g_gov	4574171994084249896
G/1/demand/p70/ic_iters	2
G/1/demand/p70/ic_order	16448961268219989400
G/1/demand/p70/ic_res	0
G/1/demand/p70/lag_coord	4011733542463085790
G/1/demand/p70/mdot_air	4603477368286551704
G/1/demand/p70/mf	4577787952090092169
G/1/demand/p70/mf_sched	4581204275089876174
G/1/demand/p70/nu_hp	4605378195707997685
G/1/demand/p70/nu_lp	4605088118739342721
G/1/demand/p70/phi_hp	4606496472231692464
G/1/demand/p70/phi_lp	4605083682818100270
G/1/demand/p70/pi_hpc	4616385405299090434
G/1/demand/p70/pi_lpc	4612067410485139161
G/1/demand/p70/required	4574818658198173388
G/1/demand/p70/required_fuel	4574818658198173388
G/1/demand/p70/required_gov	4574105334306714472
G/1/demand/p70/s	4599976659396224618
G/1/demand/p70/share_law	580772045163143161
G/1/demand/p70/sp_thrust	4647335541546426697
G/1/demand/p70/v	0
G/1/demand/p70/v_cmd	0
G/1/demand/p70/v_regime	9087740570393753374
G/1/demand/p70/v_regime?	1
G/1/demand/p70/w_fuel	4577787952090092169
G/1/demand/p70/w_fuel?	1
G/1/demand/p70/w_gov	4578486743178674440
G/1/demand/p70/w_gov?	1
G/1/demand/p75/Tt4	4652640005365240191
G/1/demand/p75/authority	9674992558986367437
G/1/demand/p75/b	0
G/1/demand/p75/b_cmd	0
G/1/demand/p75/branch	13126223303132988745
G/1/demand/p75/cap_fuel	4578248526426108116
G/1/demand/p75/cap_fuel?	1
G/1/demand/p75/cap_gov	4578538295647305835
G/1/demand/p75/cap_gov?	1
G/1/demand/p75/f	4581336601561389459
G/1/demand/p75/g	4575948802440449848
G/1/demand/p75/g_fuel	4575948802440449848
G/1/demand/p75/g_gov	4574937457124951332
G/1/demand/p75/ic_iters	2
G/1/demand/p75/ic_order	16448961268219989400
G/1/demand/p75/ic_res	0
G/1/demand/p75/lag_coord	4011733542463085790
G/1/demand/p75/mdot_air	4603487058871691772
G/1/demand/p75/mf	4577852253396270800
G/1/demand/p75/mf_sched	4581404127545730820
G/1/demand/p75/nu_hp	4605386424447104190
G/1/demand/p75/nu_lp	4605097728194230852
G/1/demand/p75/phi_hp	4606491528119374798
G/1/demand/p75/phi_lp	4605086701733083965
G/1/demand/p75/pi_hpc	4616397845782347679
G/1/demand/p75/pi_lpc	4612076429301634960
G/1/demand/p75/required	4575447837412801128
G/1/demand/p75/required_fuel	4575447837412801128
G/1/demand/p75/required_gov	4574868298970405690
G/1/demand/p75/s	4600427019358961668
G/1/demand/p75/share_law	580772045163143161
G/1/demand/p75/sp_thrust	4647386443821701190
G/1/demand/p75/v	0
G/1/demand/p75/v_cmd	0
G/1/demand/p75/v_regime	9087740570393753374
G/1/demand/p75/v_regime?	1
G/1/demand/p75/w_fuel	4577852253396270800
G/1/demand/p75/w_fuel?	1
G/1/demand/p75/w_gov	4578503716570033014
G/1/demand/p75/w_gov?	1
G/1/demand/p80/Tt4	4652666018621745299
G/1/demand/p80/authority	9674992558986367437
G/1/demand/p80/b	0
G/1/demand/p80/b_cmd	0
G/1/demand/p80/branch	13126223303132988745
G/1/demand/p80/cap_fuel	4578337970790452844
G/1/demand/p80/cap_fuel?	1
G/1/demand/p80/cap_gov	4578557258948788812
G/1/demand/p80/cap_gov?	1
G/1/demand/p80/f	4581383300021560610
G/1/demand/p80/g	4576280673376592785
G/1/demand/p80/g_fuel	4576280673376592785
G/1/demand/p80/g_gov	4575679423003701305
G/1/demand/p80/ic_iters	2
G/1/demand/p80/ic_order	16448961268219989400
G/1/demand/p80/ic_res	0
G/1/demand/p80/lag_coord	4011733542463085790
G/1/demand/p80/mdot_air	4603497090579906843
G/1/demand/p80/mf	4577920087371837157
G/1/demand/p80/mf_sched	4581603980001585467
G/1/demand/p80/nu_hp	4605394984438890678
G/1/demand/p80/nu_lp	4605107708375427015
G/1/demand/p80/phi_hp	4606486295353151640
G/1/demand/p80/phi_lp	4605089785726540574
G/1/demand/p80/pi_hpc	4616410872587633296
G/1/demand/p80/pi_lpc	4612085828205910845
G/1/demand/p80/required	4575862789957977098
G/1/demand/p80/required_fuel	4575862789957977098
G/1/demand/p80/required_gov	4575629782190858324
G/1/demand/p80/s	4600877379321698718
G/1/demand/p80/share_law	580772045163143161
G/1/demand/p80/sp_thrust	4647439859425776776
G/1/demand/p80/v	0
G/1/demand/p80/v_cmd	0
G/1/demand/p80/v_regime	9087740570393753374
G/1/demand/p80/v_regime?	1
G/1/demand/p80/w_fuel	4577920087371837157
G/1/demand/p80/w_fuel?	1
G/1/demand/p80/w_gov	4578521337744728637
G/1/demand/p80/w_gov?	1
G/1/demand/p85/Tt4	4652693400145275729
G/1/demand/p85/authority	9674992558986367437
G/1/demand/p85/b	0
G/1/demand/p85/b_cmd	0
G/1/demand/p85/branch	13126223303132988745
G/1/demand/p85/cap_fuel	4578432080642815152
G/1/demand/p85/cap_fuel?	1
G/1/demand/p85/cap_gov	4578577011017211567
G/1/demand/p85/cap_gov?	1
G/1/demand/p85/f	4581432521490073735
G/1/demand/p85/g	4576608863093222503
G/1/demand/p85/g_fuel	4576608863093222503
G/1/demand/p85/g_gov	4576060812187027947
G/1/demand/p85/ic_iters	2
G/1/demand/p85/ic_order	16448961268219989400
G/1/demand/p85/ic_res	0
G/1/demand/p85/lag_coord	4011733542463085790
G/1/demand/p85/mdot_air	4603507501380644410
G/1/demand/p85/mf	4577991602566916733
G/1/demand/p85/mf_sched	4581803832457440114
G/1/demand/p85/nu_hp	4605403896478525723
G/1/demand/p85/nu_lp	4605118083250463431
G/1/demand/p85/phi_hp	4606480783898893347
G/1/demand/p85/phi_lp	4605092959402061036
G/1/demand/p85/pi_hpc	4616424510969453319
G/1/demand/p85/pi_lpc	4612095629649197243
G/1/demand/p85/required	4576168385017324084
G/1/demand/p85/required_fuel	4576168385017324084
G/1/demand/p85/required_gov	4576023454642927669
G/1/demand/p85/s	4601327739284435768
G/1/demand/p85/share_law	580772045163143161
G/1/demand/p85/sp_thrust	4647495857776210111
G/1/demand/p85/v	0
G/1/demand/p85/v_cmd	0
G/1/demand/p85/v_regime	9087740570393753374
G/1/demand/p85/v_regime?	1
G/1/demand/p85/w_fuel	4577991602566916733
G/1/demand/p85/w_fuel?	1
G/1/demand/p85/w_gov	4578539653473111289
G/1/demand/p85/w_gov?	1
G/1/demand/p90/Tt4	4652722197298176329
G/1/demand/p90/authority	9674992558986367437
G/1/demand/p90/b	0
G/1/demand/p90/b_cmd	0
G/1/demand/p90/branch	13126223303132988745
G/1/demand/p90/cap_fuel	4578531214239091671
G/1/demand/p90/cap_fuel?	1
G/1/demand/p90/cap_gov	4578597601251102586
G/1/demand/p90/cap_gov?	1
G/1/demand/p90/f	4581484351962031288
G/1/demand/p90/g	4576933192531493400
G/1/demand/p90/g_fuel	4576933192531493400
G/1/demand/p90/g_gov	4576441459275528984
G/1/demand/p90/ic_iters	2
G/1/demand/p90/ic_order	16448961268219989400
G/1/demand/p90/ic_res	0
G/1/demand/p90/lag_coord	4011733542463085790
G/1/demand/p90/mdot_air	4603518327681749542
G/1/demand/p90/mf	4578066978040355128
G/1/demand/p90/mf_sched	4582003684913294760
G/1/demand/p90/nu_hp	4605413181889842377
G/1/demand/p90/nu_lp	4605128877305517638
G/1/demand/p90/phi_hp	4606474999140789334
G/1/demand/p90/phi_lp	4605096244606361927
G/1/demand/p90/pi_hpc	4616438789618022231
G/1/demand/p90/pi_lpc	4612105857391919727
G/1/demand/p90/required	4576468956332756857
G/1/demand/p90/required_fuel	4576468956332756857
G/1/demand/p90/required_gov	4576402569320745942
G/1/demand/p90/s	4601778099247172818
G/1/demand/p90/share_law	580772045163143161
G/1/demand/p90/sp_thrust	4647554528486235102
G/1/demand/p90/v	0
G/1/demand/p90/v_cmd	0
G/1/demand/p90/v_regime	9087740570393753374
G/1/demand/p90/v_regime?	1
G/1/demand/p90/w_fuel	4578066978040355128
G/1/demand/p90/w_fuel?	1
G/1/demand/p90/w_gov	4578558711296319544
G/1/demand/p90/w_gov?	1
G/1/demand/p95/Tt4	4652752468943377833
G/1/demand/p95/authority	9674992558986367437
G/1/demand/p95/b	0
G/1/demand/p95/b_cmd	0
G/1/demand/p95/branch	13126223303132988745
G/1/demand/p95/cap_fuel	4578635756081563804
G/1/demand/p95/cap_fuel?	1
G/1/demand/p95/cap_gov	4578619080963121003
G/1/demand/p95/cap_gov?	1
G/1/demand/p95/f	4581538899764917422
G/1/demand/p95/g	4577253453109200221
G/1/demand/p95/g_fuel	4577253453109200221
G/1/demand/p95/g_gov	4576821315606921243
G/1/demand/p95/ic_iters	2
G/1/demand/p95/ic_order	16448961268219989400
G/1/demand/p95/ic_res	0
G/1/demand/p95/lag_coord	4011733542463085790
G/1/demand/p95/mdot_air	4603529605187856169
G/1/demand/p95/mf	4578146422374357601
G/1/demand/p95/mf_sched	4582203537369149407
G/1/demand/p95/nu_hp	4605422862768269888
G/1/demand/p95/nu_lp	4605140115832121331
G/1/demand/p95/phi_hp	4606468942754134055
G/1/demand/p95/phi_lp	4605099661257428232
G/1/demand/p95/pi_hpc	4616453740596234083
G/1/demand/p95/pi_lpc	4612116536685682943
G/1/demand/p95/required	4576780794520436819
G/1/demand/p95/required_fuel	4576764119401994018
G/1/demand/p95/required_gov	4576780794520436819
G/1/demand/p95/s	4602228459209909868
G/1/demand/p95/share_law	580772045163143161
G/1/demand/p95/sp_thrust	4647615979599569258
G/1/demand/p95/v	0
G/1/demand/p95/v_cmd	0
G/1/demand/p95/v_regime	9087740570393753374
G/1/demand/p95/v_regime?	1
G/1/demand/p95/w_fuel	4578146422374357601
G/1/demand/p95/w_fuel?	1
G/1/demand/p95/w_gov	4578578559876636579
G/1/demand/p95/w_gov?	1
G/1/demand/phi_lim	4605020690978879570
H/0/Tt4_max	4652992471259676672
H/0/arm0/clip/arrested	0
H/0/arm0/clip/breach	13795608000401718528
H/0/arm0/clip/failed?	0
H/0/arm0/clip/first_gov	4596553923679423041
H/0/arm0/clip/first_gov?	1
H/0/arm0/clip/handovers/0	4596553923679423041
H/0/arm0/clip/handovers/n	1
H/0/arm0/clip/ic_iters	1
H/0/arm0/clip/max_Tt4	4653359076125231290
H/0/arm0/clip/max_clip	4576689421494617604
H/0/arm0/clip/min_phi	4605337338781934368
H/0/arm0/clip/n	341
H/0/arm0/clip/overshoot	4635566094785743776
H/0/arm0/dTt4_coord	13867064509717488346
H/0/arm0/dTt4_coord?	1
H/0/arm0/dTt4_floor	0
H/0/arm0/dTt4_floor?	1
H/0/arm0/demand-latched/arrested	1
H/0/arm0/demand-latched/breach	13596367275031527424
H/0/arm0/demand-latched/failed?	0
H/0/arm0/demand-latched/first_gov?	0
H/0/arm0/demand-latched/handovers/n	0
H/0/arm0/demand-latched/ic_iters	1
H/0/arm0/demand-latched/max_Tt4	4652007308841189383
H/0/arm0/demand-latched/max_clip	4579201576202627243
H/0/arm0/demand-latched/min_phi	4605380978949069208
H/0/arm0/demand-latched/n	341
H/0/arm0/demand-latched/overshoot	13864612927836782564
H/0/arm0/demand/arrested	1
H/0/arm0/demand/breach	13596367275031527424
H/0/arm0/demand/failed?	0
H/0/arm0/demand/first_gov?	0
H/0/arm0/demand/handovers/n	0
H/0/arm0/demand/ic_iters	2
H/0/arm0/demand/max_Tt4	4652007308841189383
H/0/arm0/demand/max_clip	4579201576202627243
H/0/arm0/demand/min_phi	4605380978949069208
H/0/arm0/demand/n	341
H/0/arm0/demand/overshoot	13864612927836782564
H/0/arm0/dphi_coord	4572235963546942464
H/0/arm0/dphi_coord?	1
H/0/arm0/holds_redline	1
H/0/arm0/holds_redline?	1
H/0/arm0/inc	0
H/0/arm0/phi_lim	4605380978949069210
H/0/arm0/sm	4601859982876761368
H/0/arm1/clip/arrested	0
H/0/arm1/clip/breach	13799494821778932608
H/0/arm1/clip/failed?	0
H/0/arm1/clip/first_gov	4597995075560181601
H/0/arm1/clip/first_gov?	1
H/0/arm1/clip/handovers/0	4597995075560181601
H/0/arm1/clip/handovers/n	1
H/0/arm1/clip/ic_iters	1
H/0/arm1/clip/max_Tt4	4653356460107733118
H/0/arm1/clip/max_clip	4576712158731418038
H/0/arm1/clip/min_phi	4605303335774958220
H/0/arm1/clip/n	341
H/0/arm1/clip/overshoot	4635524238505773024
H/0/arm1/dTt4_coord	13867054045647495668
H/0/arm1/dTt4_coord?	1
H/0/arm1/dTt4_floor	0
H/0/arm1/dTt4_floor?	1
H/0/arm1/demand-latched/arrested	1
H/0/arm1/demand-latched/breach	13596367275031527424
H/0/arm1/demand-latched/failed?	0
H/0/arm1/demand-latched/first_gov?	0
H/0/arm1/demand-latched/handovers/n	0
H/0/arm1/demand-latched/ic_iters	1
H/0/arm1/demand-latched/max_Tt4	4652007308841189378
H/0/arm1/demand-latched/max_clip	4579201576202627272
H/0/arm1/demand-latched/min_phi	4605380978949069208
H/0/arm1/demand-latched/n	341
H/0/arm1/demand-latched/overshoot	13864612927836782584
H/0/arm1/demand/arrested	1
H/0/arm1/demand/breach	13596367275031527424
H/0/arm1/demand/failed?	0
H/0/arm1/demand/first_gov?	0
H/0/arm1/demand/handovers/n	0
H/0/arm1/demand/ic_iters	2
H/0/arm1/demand/max_Tt4	4652007308841189378
H/0/arm1/demand/max_clip	4579201576202627272
H/0/arm1/demand/min_phi	4605380978949069208
H/0/arm1/demand/n	341
H/0/arm1/demand/overshoot	13864612927836782584
H/0/arm1/dphi_coord	4576122784924156672
H/0/arm1/dphi_coord?	1
H/0/arm1/holds_redline	1
H/0/arm1/holds_redline?	1
H/0/arm1/inc	1
H/0/arm1/phi_lim	4605380978949069210
H/0/arm1/sm	4601859982876761368
H/0/arrested/0/inc	0
H/0/arrested/0/phi	4605380978949069210
H/0/arrested/1/inc	1
H/0/arrested/1/phi	4605380978949069210
H/0/arrested/n	2
H/0/ds	4572414629676717179
H/0/floors/0	4605380978949069210
H/0/floors/n	1
H/0/n_arms	2
H/0/redline_flips/0/inc	0
H/0/redline_flips/0/phi	4605380978949069210
H/0/redline_flips/1/inc	1
H/0/redline_flips/1/phi	4605380978949069210
H/0/redline_flips/n	2
H/0/taus/0	4587366580439587226
H/0/taus/1	4587366580439587226
H/0/taus/2	4587366580439587226
H/0/taus/3	4587366580439587226
H/1/Tt4_max	4652992471259676672
H/1/arm0/clip/arrested	0
H/1/arm0/clip/breach	13793746550635597568
H/1/arm0/clip/failed?	0
H/1/arm0/clip/first_gov	4595653203753948941
H/1/arm0/clip/first_gov?	1
H/1/arm0/clip/handovers/0	4595653203753948941
H/1/arm0/clip/handovers/n	1
H/1/arm0/clip/ic_iters	1
H/1/arm0/clip/max_Tt4	4653349212473004199
H/1/arm0/clip/max_clip	4576581169276482805
H/1/arm0/clip/min_phi	4604988549997416643
H/1/arm0/clip/n	341
H/1/arm0/clip/overshoot	4635408276350110320
H/1/arm0/dTt4_coord	13858943516266985664
H/1/arm0/dTt4_coord?	1
H/1/arm0/dTt4_floor	4599673587373367296
H/1/arm0/dTt4_floor?	1
H/1/arm0/demand-latched/arrested	0
H/1/arm0/demand-latched/breach	4573464675255955072
H/1/arm0/demand-latched/failed?	0
H/1/arm0/demand-latched/first_gov	4605020690978879575
H/1/arm0/demand-latched/first_gov?	1
H/1/arm0/demand-latched/handovers/0	4605020690978879575
H/1/arm0/demand-latched/handovers/n	1
H/1/arm0/demand-latched/ic_iters	1
H/1/arm0/demand-latched/max_Tt4	4652980805744209645
H/1/arm0/demand-latched/max_clip	4577981160225406105
H/1/arm0/demand-latched/min_phi	4605073930456241071
H/1/arm0/demand-latched/n	341
H/1/arm0/demand-latched/overshoot	13836527199573911040
H/1/arm0/demand/arrested	0
H/1/arm0/demand/breach	4562219339365880320
H/1/arm0/demand/failed?	0
H/1/arm0/demand/first_gov	4603804719079489540
H/1/arm0/demand/first_gov?	1
H/1/arm0/demand/handovers/0	4603804719079489540
H/1/arm0/demand/handovers/n	1
H/1/arm0/demand/ic_iters	2
H/1/arm0/demand/max_Tt4	4652982271068295451
H/1/arm0/demand/max_clip	4577569406865336474
H/1/arm0/demand/min_phi	4605029629487604059
H/1/arm0/demand/n	341
H/1/arm0/demand/overshoot	13835776953641978368
H/1/arm0/dphi_coord	4571908196897672192
H/1/arm0/dphi_coord?	1
H/1/arm0/holds_redline	1
H/1/arm0/holds_redline?	1
H/1/arm0/inc	0
H/1/arm0/phi_lim	4605020690978879570
H/1/arm0/sm	4600549844803344492
H/1/arm1/clip/arrested	0
H/1/arm1/clip/breach	13797486353624130688
H/1/arm1/clip/failed?	0
H/1/arm1/clip/first_gov	4596553923679423041
H/1/arm1/clip/first_gov?	1
H/1/arm1/clip/handovers/0	4596553923679423041
H/1/arm1/clip/handovers/n	1
H/1/arm1/clip/ic_iters	1
H/1/arm1/clip/max_Tt4	4653340206478063100
H/1/arm1/clip/max_clip	4576586499435763520
H/1/arm1/clip/min_phi	4604962376177194633
H/1/arm1/clip/n	341
H/1/arm1/clip/overshoot	4635264180431052736
H/1/arm1/dTt4_coord	13858799420347928080
H/1/arm1/dTt4_coord?	1
H/1/arm1/dTt4_floor	4599673587373367296
H/1/arm1/dTt4_floor?	1
H/1/arm1/demand-latched/arrested	0
H/1/arm1/demand-latched/breach	4573464675255955072
H/1/arm1/demand-latched/failed?	0
H/1/arm1/demand-latched/first_gov	4605020690978879575
H/1/arm1/demand-latched/first_gov?	1
H/1/arm1/demand-latched/handovers/0	4605020690978879575
H/1/arm1/demand-latched/handovers/n	1
H/1/arm1/demand-latched/ic_iters	1
H/1/arm1/demand-latched/max_Tt4	4652980805744209645
H/1/arm1/demand-latched/max_clip	4577981160225406105
H/1/arm1/demand-latched/min_phi	4605073930456241071
H/1/arm1/demand-latched/n	341
H/1/arm1/demand-latched/overshoot	13836527199573911040
H/1/arm1/demand/arrested	0
H/1/arm1/demand/breach	4562219339365880320
H/1/arm1/demand/failed?	0
H/1/arm1/demand/first_gov	4603804719079489540
H/1/arm1/demand/first_gov?	1
H/1/arm1/demand/handovers/0	4603804719079489540
H/1/arm1/demand/handovers/n	1
H/1/arm1/demand/ic_iters	2
H/1/arm1/demand/max_Tt4	4652982271068295451
H/1/arm1/demand/max_clip	4577569406865336474
H/1/arm1/demand/min_phi	4605029629487604059
H/1/arm1/demand/n	341
H/1/arm1/demand/overshoot	13835776953641978368
H/1/arm1/dphi_coord	4575258445886089472
H/1/arm1/dphi_coord?	1
H/1/arm1/holds_redline	1
H/1/arm1/holds_redline?	1
H/1/arm1/inc	1
H/1/arm1/phi_lim	4605020690978879570
H/1/arm1/sm	4600549844803344492
H/1/arrested/n	0
H/1/ds	4572414629676717179
H/1/floors/0	4605020690978879570
H/1/floors/n	1
H/1/n_arms	2
H/1/redline_flips/0/inc	0
H/1/redline_flips/0/phi	4605020690978879570
H/1/redline_flips/1/inc	1
H/1/redline_flips/1/phi	4605020690978879570
H/1/redline_flips/n	2
H/1/taus/0	4587366580439587226
H/1/taus/1	4587366580439587226
H/1/taus/2	4587366580439587226
H/1/taus/3	4587366580439587226
H/2/Tt4_max	4652992471259676672
H/2/arm0/clip/arrested	0
H/2/arm0/clip/breach	4586356947373818544
H/2/arm0/clip/failed?	0
H/2/arm0/clip/first_gov	4592590756007337003
H/2/arm0/clip/first_gov?	1
H/2/arm0/clip/handovers/n	0
H/2/arm0/clip/ic_iters	1
H/2/arm0/clip/max_Tt4	4653340721792536557
H/2/arm0/clip/max_clip	4576560983171018783
H/2/arm0/clip/min_phi	4604867516919721617
H/2/arm0/clip/n	341
H/2/arm0/clip/overshoot	4635272425462628048
H/2/arm0/dTt4_coord	13858774494157441824
H/2/arm0/dTt4_coord?	1
H/2/arm0/dTt4_floor	4595481779336658944
H/2/arm0/dTt4_floor?	1
H/2/arm0/demand-latched/arrested	0
H/2/arm0/demand-latched/breach	4587345640873866576
H/2/arm0/demand-latched/failed?	0
H/2/arm0/demand-latched/first_gov	4597094355634707501
H/2/arm0/demand-latched/first_gov?	1
H/2/arm0/demand-latched/handovers/0	4597094355634707501
H/2/arm0/demand-latched/handovers/n	1
H/2/arm0/demand-latched/ic_iters	1
H/2/arm0/demand-latched/max_Tt4	4652983573547134489
H/2/arm0/demand-latched/max_clip	4577074256252727508
H/2/arm0/demand-latched/min_phi	4604929310263474619
H/2/arm0/demand-latched/n	341
H/2/arm0/demand-latched/overshoot	13835110084476390912
H/2/arm0/demand/arrested	0
H/2/arm0/demand/breach	4586852873990843392
H/2/arm0/demand/failed?	0
H/2/arm0/demand/first_gov	4592590756007337003
H/2/arm0/demand/first_gov?	1
H/2/arm0/demand/handovers/n	0
H/2/arm0/demand/ic_iters	2
H/2/arm0/demand/max_Tt4	4652984344269674299
H/2/arm0/demand/max_clip	4576971405094057039
H/2/arm0/demand/min_phi	4604898512333285670
H/2/arm0/demand/n	341
H/2/arm0/demand/overshoot	13834372893789852672
H/2/arm0/dphi_coord	4570081248398710016
H/2/arm0/dphi_coord?	1
H/2/arm0/holds_redline	1
H/2/arm0/holds_redline?	1
H/2/arm0/inc	0
H/2/arm0/phi_lim	4604480259023595110
H/2/arm0/sm	4598584637693219184
H/2/arm1/clip/arrested	0
H/2/arm1/clip/breach	4586356947373818544
H/2/arm1/clip/failed?	0
H/2/arm1/clip/first_gov	4592590756007337003
H/2/arm1/clip/first_gov?	1
H/2/arm1/clip/handovers/n	0
H/2/arm1/clip/ic_iters	1
H/2/arm1/clip/max_Tt4	4653340721792536557
H/2/arm1/clip/max_clip	4576560983171018783
H/2/arm1/clip/min_phi	4604867516919721617
H/2/arm1/clip/n	341
H/2/arm1/clip/overshoot	4635272425462628048
H/2/arm1/dTt4_coord	13858774494157441824
H/2/arm1/dTt4_coord?	1
H/2/arm1/dTt4_floor	4595481779336658944
H/2/arm1/dTt4_floor?	1
H/2/arm1/demand-latched/arrested	0
H/2/arm1/demand-latched/breach	4587345640873866576
H/2/arm1/demand-latched/failed?	0
H/2/arm1/demand-latched/first_gov	4597094355634707501
H/2/arm1/demand-latched/first_gov?	1
H/2/arm1/demand-latched/handovers/0	4597094355634707501
H/2/arm1/demand-latched/handovers/n	1
H/2/arm1/demand-latched/ic_iters	1
H/2/arm1/demand-latched/max_Tt4	4652983573547134489
H/2/arm1/demand-latched/max_clip	4577074256252727508
H/2/arm1/demand-latched/min_phi	4604929310263474619
H/2/arm1/demand-latched/n	341
H/2/arm1/demand-latched/overshoot	13835110084476390912
H/2/arm1/demand/arrested	0
H/2/arm1/demand/breach	4586852873990843392
H/2/arm1/demand/failed?	0
H/2/arm1/demand/first_gov	4592590756007337003
H/2/arm1/demand/first_gov?	1
H/2/arm1/demand/handovers/n	0
H/2/arm1/demand/ic_iters	2
H/2/arm1/demand/max_Tt4	4652984344269674299
H/2/arm1/demand/max_clip	4576971405094057039
H/2/arm1/demand/min_phi	4604898512333285670
H/2/arm1/demand/n	341
H/2/arm1/demand/overshoot	13834372893789852672
H/2/arm1/dphi_coord	4570081248398710016
H/2/arm1/dphi_coord?	1
H/2/arm1/holds_redline	1
H/2/arm1/holds_redline?	1
H/2/arm1/inc	1
H/2/arm1/phi_lim	4604480259023595110
H/2/arm1/sm	4598584637693219184
H/2/arrested/n	0
H/2/ds	4572414629676717179
H/2/floors/0	4604480259023595110
H/2/floors/n	1
H/2/n_arms	2
H/2/redline_flips/0/inc	0
H/2/redline_flips/0/phi	4604480259023595110
H/2/redline_flips/1/inc	1
H/2/redline_flips/1/phi	4604480259023595110
H/2/redline_flips/n	2
H/2/taus/0	4587366580439587226
H/2/taus/1	4587366580439587226
H/2/taus/2	4587366580439587226
H/2/taus/3	4587366580439587226
Z/n_neg_zero	0
Z/n_none	8
Z/n_pos_zero	1710
