# slice R oracle (cpython) — rungs 40+44 TwoSpoolTransient — key	u64 bits (or an integer)	repr
A/cpg40/R_c	4643754814367753830	286.9
A/cpg44/R_c	4643754060416923354	286.8571428571428
A/cpg40/R_t	4643737628155233517	285.92307692307696
A/cpg44/R_t	4643737628155233517	285.92307692307696
A/cpg40/tt2	4643741180423569407	286.12499999999994
A/cpg40/pt2	4680081772134739219	77785.20992963416
A/cpg40/v0	4643446085055202208	269.3507703720188
A/cpg44/tt2	4643741180423569407	286.12499999999994
A/cpg44/pt2	4680081772134739219	77785.20992963416
A/cpg44/v0	4643445731125572543	269.3306518018325
census/A/close_bracket_fails	0	0
census/A/close_calls	0	0
census/A/close_nonreal_propagated	0	0
census/A/eig_complex	0	0
census/A/eig_real	0	0
census/A/hi_wall_literal	0	0
census/A/hi_wall_map	0	0
census/A/illinois_calls	0	0
census/A/illinois_evals	0	0
census/A/illinois_exhausted	0	0
census/A/instant_calls	0	0
census/A/integrate_calls	0	0
census/A/match_calls	0	0
census/A/powers_calls	0	0
B/flat/0/1500/Tt2	4643741180423569407	286.12499999999994
B/flat/0/1500/Tt25	4645803477028629735	403.35298973666653
B/flat/0/1500/Tt3	4649454405929320605	709.768540939334
B/flat/0/1500/eta_hpc	4606101554889448489	0.88
B/flat/0/1500/eta_lpc	4606281698874543309	0.9
B/flat/0/1500/f	4583809590202238789	0.028284211062902704
B/flat/0/1500/m_hp	4607182418800017407	0.9999999999999999
B/flat/0/1500/m_imp	4607182418800017409	1.0000000000000002
B/flat/0/1500/m_lp	4607182418800017409	1.0000000000000002
B/flat/0/1500/mdot4	4607309799562420766	1.028284211062903
B/flat/0/1500/mdot_air	4607182418800017409	1.0000000000000002
B/flat/0/1500/n_hp	4607182418800017408	1.0
B/flat/0/1500/n_lp	4607182418800017408	1.0
B/flat/0/1500/phi_hp	4607182418800017407	0.9999999999999999
B/flat/0/1500/phi_lp	4607182418800017409	1.0000000000000002
B/flat/0/1500/pi_hpc	4618441417868443649	6.000000000000001
B/flat/0/1500/pi_lpc	4613937818241073153	3.0000000000000004
B/flat/0/1500/pt4	4698523799358154354	1344128.4275840786
B/flat/0/1500/tau_hpc	4610603672633087516	1.7596709557123011
B/flat/0/1500/tau_lpc	4609027584132985321	1.409709007380224
B/flat/0/1200/Tt2	4643741180423569407	286.12499999999994
B/flat/0/1200/Tt25	4645803477028629735	403.35298973666653
B/flat/0/1200/Tt3	4649454405929320605	709.768540939334
B/flat/0/1200/eta_hpc	4606101554889448489	0.88
B/flat/0/1200/eta_lpc	4606281698874543309	0.9
B/flat/0/1200/f	4581115082989451466	0.018935761226480698
B/flat/0/1200/m_hp	4607760192968742943	1.1282916370305498
B/flat/0/1200/m_imp	4607760192968742944	1.12829163703055
B/flat/0/1200/m_lp	4607760192968742944	1.12829163703055
B/flat/0/1200/mdot4	4607856412649648314	1.1496566980631955
B/flat/0/1200/mdot_air	4607760192968742944	1.12829163703055
B/flat/0/1200/n_hp	4607182418800017408	1.0
B/flat/0/1200/n_lp	4607182418800017408	1.0
B/flat/0/1200/phi_hp	4607760192968742943	1.1282916370305498
B/flat/0/1200/phi_lp	4607760192968742944	1.12829163703055
B/flat/0/1200/pi_hpc	4618441417868443649	6.000000000000001
B/flat/0/1200/pi_lpc	4613937818241073153	3.0000000000000004
B/flat/0/1200/pt4	4698523799358154354	1344128.4275840786
B/flat/0/1200/tau_hpc	4610603672633087516	1.7596709557123011
B/flat/0/1200/tau_lpc	4609027584132985321	1.409709007380224
B/flat/1/1500/Tt2	4643741180423569407	286.12499999999994
B/flat/1/1500/Tt25	4645486708270092469	385.34677051311456
B/flat/1/1500/Tt3	4649084713190212515	667.7393425014928
B/flat/1/1500/eta_hpc	4606101554889448489	0.88
B/flat/1/1500/eta_lpc	4606281698874543309	0.9
B/flat/1/1500/f	4584109799960511816	0.02932577289368979
B/flat/1/1500/m_hp	4606542014337628935	0.9289008220783622
B/flat/1/1500/m_imp	4605558321032274330	0.8196889264009315
B/flat/1/1500/m_lp	4605558321032274331	0.8196889264009316
B/flat/1/1500/mdot4	4605774836189733093	0.8437269377000375
B/flat/1/1500/mdot_air	4605558321032274329	0.8196889264009314
B/flat/1/1500/n_hp	4607021847871058719	0.9821730457584613
B/flat/1/1500/n_lp	4606461842859638129	0.92
B/flat/1/1500/phi_hp	4606693876037108207	0.9457608576104216
B/flat/1/1500/phi_lp	4606200329857230671	0.8909662243488387
B/flat/1/1500/pi_hpc	4618112552860392331	5.707909196854312
B/flat/1/1500/pi_lpc	4613009002318132166	2.587522870684981
B/flat/1/1500/pt4	4697487658915480931	1102883.1814006201
B/flat/1/1500/tau_hpc	4610482778837511932	1.732827140635833
B/flat/1/1500/tau_lpc	4608744166737841450	1.3467777038466218
B/flat/1/1200/Tt2	4643741180423569407	286.12499999999994
B/flat/1/1200/Tt25	4645486708270092469	385.34677051311456
B/flat/1/1200/Tt3	4649084713190212515	667.7393425014928
B/flat/1/1200/eta_hpc	4606101554889448489	0.88
B/flat/1/1200/eta_lpc	4606281698874543309	0.9
B/flat/1/1200/f	4581412563447949756	0.019967853896483354
B/flat/1/1200/m_hp	4607398911469127960	1.048071029181818
B/flat/1/1200/m_imp	4606505511208403975	0.9248481606247204
B/flat/1/1200/m_lp	4606505511208403975	0.9248481606247204
B/flat/1/1200/mdot4	4606671849255248400	0.9433153935725063
B/flat/1/1200/mdot_air	4606505511208403975	0.9248481606247204
B/flat/1/1200/n_hp	4607021847871058719	0.9821730457584613
B/flat/1/1200/n_lp	4606461842859638129	0.92
B/flat/1/1200/phi_hp	4607484583611881814	1.0670940662726784
B/flat/1/1200/phi_lp	4607206151598259716	1.0052697398094788
B/flat/1/1200/pi_hpc	4618112552860392331	5.707909196854312
B/flat/1/1200/pi_lpc	4613009002318132166	2.587522870684981
B/flat/1/1200/pt4	4697487658915480931	1102883.1814006201
B/flat/1/1200/tau_hpc	4610482778837511932	1.732827140635833
B/flat/1/1200/tau_lpc	4608744166737841450	1.3467777038466218
B/flow_press/0/1500/Tt2	4643741180423569407	286.12499999999994
B/flow_press/0/1500/Tt25	4645803477028629735	403.35298973666653
B/flow_press/0/1500/Tt3	4649454405929320605	709.768540939334
B/flow_press/0/1500/eta_hpc	4606101554889448489	0.88
B/flow_press/0/1500/eta_lpc	4606281698874543309	0.9
B/flow_press/0/1500/f	4583809590202238789	0.028284211062902704
B/flow_press/0/1500/m_hp	4607182418800017407	0.9999999999999999
B/flow_press/0/1500/m_imp	4607182418800017409	1.0000000000000002
B/flow_press/0/1500/m_lp	4607182418800017409	1.0000000000000002
B/flow_press/0/1500/mdot4	4607309799562420766	1.028284211062903
B/flow_press/0/1500/mdot_air	4607182418800017409	1.0000000000000002
B/flow_press/0/1500/n_hp	4607182418800017408	1.0
B/flow_press/0/1500/n_lp	4607182418800017408	1.0
B/flow_press/0/1500/phi_hp	4607182418800017407	0.9999999999999999
B/flow_press/0/1500/phi_lp	4607182418800017409	1.0000000000000002
B/flow_press/0/1500/pi_hpc	4618441417868443649	6.000000000000001
B/flow_press/0/1500/pi_lpc	4613937818241073153	3.0000000000000004
B/flow_press/0/1500/pt4	4698523799358154354	1344128.4275840786
B/flow_press/0/1500/tau_hpc	4610603672633087516	1.7596709557123011
B/flow_press/0/1500/tau_lpc	4609027584132985321	1.409709007380224
B/flow_press/0/1200/Tt2	4643741180423569407	286.12499999999994
B/flow_press/0/1200/Tt25	4645753690277895470	400.52294061096006
B/flow_press/0/1200/Tt3	4649291238038176506	691.2184993774565
B/flow_press/0/1200/eta_hpc	4606099660755042844	0.8797897088371118
B/flow_press/0/1200/eta_lpc	4606279577091849970	0.8997644348000604
B/flow_press/0/1200/f	4581246379209081990	0.01939128649548085
B/flow_press/0/1200/m_hp	4607428986639508524	1.0547490585070234
B/flow_press/0/1200/m_imp	4607336979950917988	1.0343194696884774
B/flow_press/0/1200/m_lp	4607336979950917986	1.034319469688477
B/flow_press/0/1200/mdot4	4607427307681111454	1.0543762548530604
B/flow_press/0/1200/mdot_air	4607336979950917988	1.0343194696884774
B/flow_press/0/1200/n_hp	4607198301751644681	1.0035267237191212
B/flow_press/0/1200/n_lp	4607182418800017408	1.0
B/flow_press/0/1200/phi_hp	4607412292985140165	1.051042322618046
B/flow_press/0/1200/phi_lp	4607336979950917986	1.034319469688477
B/flow_press/0/1200/pi_hpc	4618026202477091600	5.631214649873769
B/flow_press/0/1200/pi_lpc	4613783691057572301	2.9315537808626915
B/flow_press/0/1200/pt4	4698045349729033568	1232730.6924799308
B/flow_press/0/1200/tau_hpc	4610451086527618793	1.7257900342064494
B/flow_press/0/1200/tau_lpc	4608983039237614515	1.3998180536861866
B/flow_press/1/1500/Tt2	4643741180423569407	286.12499999999994
B/flow_press/1/1500/Tt25	4645559812191450476	389.5022473352353
B/flow_press/1/1500/Tt3	4649183724388136276	678.9956124924743
B/flow_press/1/1500/eta_hpc	4606100377262796868	0.8798692571776958
B/flow_press/1/1500/eta_lpc	4606272255535120854	0.898951578714384
B/flow_press/1/1500/f	4584029397711155428	0.029046821554730054
B/flow_press/1/1500/m_hp	4606752711540855519	0.9522929107029902
B/flow_press/1/1500/m_imp	4605961746246030576	0.8644781225035825
B/flow_press/1/1500/m_lp	4605961746246030580	0.8644781225035829
B/flow_press/1/1500/mdot4	4606187920097638524	0.8895884642659122
B/flow_press/1/1500/mdot_air	4605961746246030576	0.8644781225035825
B/flow_press/1/1500/n_hp	4606974530382901356	0.9769197492764881
B/flow_press/1/1500/n_lp	4606461842859638129	0.92
B/flow_press/1/1500/phi_hp	4606955359369383400	0.9747913392151846
B/flow_press/1/1500/phi_lp	4606638835524357029	0.9396501331560684
B/flow_press/1/1500/pi_hpc	4618237374573740971	5.818773148960569
B/flow_press/1/1500/pi_lpc	4613208664478028246	2.676190681510188
B/flow_press/1/1500/pt4	4697745134449074318	1162831.375612292
B/flow_press/1/1500/tau_hpc	4610529670890006648	1.7432392679061461
B/flow_press/1/1500/tau_lpc	4608809573828685136	1.3613009954923037
B/flow_press/1/1200/Tt2	4643741180423569407	286.12499999999994
B/flow_press/1/1200/Tt25	4645515848492184734	387.00320036320215
B/flow_press/1/1200/Tt3	4649032945174615078	661.8540005130969
B/flow_press/1/1200/eta_hpc	4606100506951066771	0.8798836554680228
B/flow_press/1/1200/eta_lpc	4606277784925623159	0.8995654643791643
B/flow_press/1/1200/f	4581454219589351466	0.020112377669299665
B/flow_press/1/1200/m_hp	4607210222838737410	1.0061737367929031
B/flow_press/1/1200/m_imp	4606263538214738180	0.8979837617341961
B/flow_press/1/1200/m_lp	4606263538214738177	0.8979837617341958
B/flow_press/1/1200/mdot4	4606426213534528043	0.9160443502910928
B/flow_press/1/1200/mdot_air	4606263538214738180	0.8979837617341961
B/flow_press/1/1200/n_hp	4607002895142783547	0.9800688702274053
B/flow_press/1/1200/n_lp	4606461842859638129	0.92
B/flow_press/1/1200/phi_hp	4607302375540720389	1.0266357470974878
B/flow_press/1/1200/phi_lp	4606966870272952243	0.9760693062328215
B/flow_press/1/1200/pi_hpc	4617843302858083349	5.468767155299266
B/flow_press/1/1200/pi_lpc	4613087980045498635	2.6225960272269098
B/flow_press/1/1200/pt4	4697350717691194714	1070999.0680073113
B/flow_press/1/1200/tau_hpc	4610380888373333230	1.7102029127716452
B/flow_press/1/1200/tau_lpc	4608770238898105739	1.352566886372048
B/press_flow/0/1500/Tt2	4643741180423569407	286.12499999999994
B/press_flow/0/1500/Tt25	4645803477028629734	403.3529897366665
B/press_flow/0/1500/Tt3	4649454405929320604	709.7685409393339
B/press_flow/0/1500/eta_hpc	4606101554889448489	0.88
B/press_flow/0/1500/eta_lpc	4606281698874543309	0.9
B/press_flow/0/1500/f	4583809590202238790	0.028284211062902707
B/press_flow/0/1500/m_hp	4607182418800017407	0.9999999999999999
B/press_flow/0/1500/m_imp	4607182418800017409	1.0000000000000002
B/press_flow/0/1500/m_lp	4607182418800017409	1.0000000000000002
B/press_flow/0/1500/mdot4	4607309799562420766	1.028284211062903
B/press_flow/0/1500/mdot_air	4607182418800017409	1.0000000000000002
B/press_flow/0/1500/n_hp	4607182418800017408	1.0
B/press_flow/0/1500/n_lp	4607182418800017408	1.0
B/press_flow/0/1500/phi_hp	4607182418800017407	0.9999999999999999
B/press_flow/0/1500/phi_lp	4607182418800017409	1.0000000000000002
B/press_flow/0/1500/pi_hpc	4618441417868443649	6.000000000000001
B/press_flow/0/1500/pi_lpc	4613937818241073153	3.0000000000000004
B/press_flow/0/1500/pt4	4698523799358154354	1344128.4275840786
B/press_flow/0/1500/tau_hpc	4610603672633087516	1.7596709557123011
B/press_flow/0/1500/tau_lpc	4609027584132985320	1.4097090073802239
B/press_flow/0/1200/Tt2	4643741180423569407	286.12499999999994
B/press_flow/0/1200/Tt25	4645727057391672904	399.0090363039385
B/press_flow/0/1200/Tt3	4649297253807420992	691.9024131593251
B/press_flow/0/1200/eta_hpc	4606094508042341243	0.8792176428090522
B/press_flow/0/1200/eta_lpc	4606281085018413523	0.8999318482790905
B/press_flow/0/1200/f	4581241538503263998	0.019374491923435315
B/press_flow/0/1200/m_hp	4607489804112442246	1.0682532502571305
B/press_flow/0/1200/m_imp	4607348688527790191	1.0369192960143
B/press_flow/0/1200/m_lp	4607348688527790195	1.036919296014301
B/press_flow/0/1200/mdot4	4607439164873894913	1.0570090805401835
B/press_flow/0/1200/mdot_air	4607348688527790191	1.0369192960143
B/press_flow/0/1200/n_hp	4607206867455464012	1.0054286920395894
B/press_flow/0/1200/n_lp	4607182418800017408	1.0
B/press_flow/0/1200/phi_hp	4607463827774336885	1.0624853445251266
B/press_flow/0/1200/phi_lp	4607348688527790195	1.036919296014301
B/press_flow/0/1200/pi_hpc	4618119441600283710	5.7140276269647625
B/press_flow/0/1200/pi_lpc	4613704264091830666	2.896281122405701
B/press_flow/0/1200/pt4	4698058570432371037	1235808.8773475506
B/press_flow/0/1200/tau_hpc	4610488295065587550	1.73405198931956
B/press_flow/0/1200/tau_lpc	4608959210425476544	1.394526994509178
B/press_flow/1/1500/Tt2	4643741180423569407	286.12499999999994
B/press_flow/1/1500/Tt25	4645587508445271030	391.07659709203233
B/press_flow/1/1500/Tt3	4649189205398473215	679.6187312252003
B/press_flow/1/1500/eta_hpc	4606099513213804374	0.8797733284691087
B/press_flow/1/1500/eta_lpc	4606268650201500385	0.898551306274694
B/press_flow/1/1500/f	4584024946845303114	0.02903137951176519
B/press_flow/1/1500/m_hp	4606682385367066749	0.9444851369655819
B/press_flow/1/1500/m_imp	4605980513825047820	0.8665617423377241
B/press_flow/1/1500/m_lp	4605980513825047816	0.8665617423377237
B/press_flow/1/1500/mdot4	4606207112285484873	0.891719225149907
B/press_flow/1/1500/mdot_air	4605980513825047820	0.8665617423377241
B/press_flow/1/1500/n_hp	4606956800910913763	0.9749513824749808
B/press_flow/1/1500/n_lp	4606461842859638129	0.92
B/press_flow/1/1500/phi_hp	4606900952925123840	0.9687510105046897
B/press_flow/1/1500/phi_lp	4606659235066767068	0.9419149373236126
B/press_flow/1/1500/pi_hpc	4618170471310713330	5.759351114531897
B/press_flow/1/1500/pi_lpc	4613285423308023588	2.7102784496718346
B/press_flow/1/1500/pt4	4697757096955267357	1165616.6136289306
B/press_flow/1/1500/tau_hpc	4610505241636836294	1.7378148840373213
B/press_flow/1/1500/tau_lpc	4608834354050539437	1.3668033100638965
B/press_flow/1/1200/Tt2	4643741180423569407	286.12499999999994
B/press_flow/1/1200/Tt25	4645518920300254799	387.17781243598887
B/press_flow/1/1200/Tt3	4649044651181456624	663.1848194132599
B/press_flow/1/1200/eta_hpc	4606099509328293859	0.8797728970907851
B/press_flow/1/1200/eta_lpc	4606270015720108438	0.8987029092946155
B/press_flow/1/1200/f	4581444800123091976	0.020079697330796648
B/press_flow/1/1200/m_hp	4607233559479144149	1.011355511892295
B/press_flow/1/1200/m_imp	4606308637983084575	0.902990841856539
B/press_flow/1/1200/m_lp	4606308637983084567	0.9029908418565381
B/press_flow/1/1200/mdot4	4606471954563580485	0.9211226246534997
B/press_flow/1/1200/mdot_air	4606308637983084576	0.9029908418565391
B/press_flow/1/1200/n_hp	4607000904335829326	0.9798478462555893
B/press_flow/1/1200/n_lp	4606461842859638129	0.92
B/press_flow/1/1200/phi_hp	4607327235070995635	1.0321556716760767
B/press_flow/1/1200/phi_lp	4607015891760285275	0.9815117846266718
B/press_flow/1/1200/pi_hpc	4617873418791987045	5.495515477881644
B/press_flow/1/1200/pi_lpc	4613091815213635603	2.624299184014498
B/press_flow/1/1200/pt4	4697376218186400311	1076936.364719523
B/press_flow/1/1200/tau_hpc	4610392894746337266	1.712868863121909
B/press_flow/1/1200/tau_lpc	4608772987287327012	1.3531771513708657
B/tilted/0/1500/Tt2	4643741180423569407	286.12499999999994
B/tilted/0/1500/Tt25	4645803477028629734	403.3529897366665
B/tilted/0/1500/Tt3	4649454405929320604	709.7685409393339
B/tilted/0/1500/eta_hpc	4606101554889448489	0.88
B/tilted/0/1500/eta_lpc	4606281698874543309	0.9
B/tilted/0/1500/f	4583809590202238790	0.028284211062902707
B/tilted/0/1500/m_hp	4607182418800017407	0.9999999999999999
B/tilted/0/1500/m_imp	4607182418800017409	1.0000000000000002
B/tilted/0/1500/m_lp	4607182418800017409	1.0000000000000002
B/tilted/0/1500/mdot4	4607309799562420766	1.028284211062903
B/tilted/0/1500/mdot_air	4607182418800017409	1.0000000000000002
B/tilted/0/1500/n_hp	4607182418800017408	1.0
B/tilted/0/1500/n_lp	4607182418800017408	1.0
B/tilted/0/1500/phi_hp	4607182418800017407	0.9999999999999999
B/tilted/0/1500/phi_lp	4607182418800017409	1.0000000000000002
B/tilted/0/1500/pi_hpc	4618441417868443649	6.000000000000001
B/tilted/0/1500/pi_lpc	4613937818241073153	3.0000000000000004
B/tilted/0/1500/pt4	4698523799358154354	1344128.4275840786
B/tilted/0/1500/tau_hpc	4610603672633087516	1.7596709557123011
B/tilted/0/1500/tau_lpc	4609027584132985320	1.4097090073802239
B/tilted/0/1200/Tt2	4643741180423569407	286.12499999999994
B/tilted/0/1200/Tt25	4645741315563446465	399.8195195342524
B/tilted/0/1200/Tt3	4649293358232094915	691.459537519397
B/tilted/0/1200/eta_hpc	4606097450511274873	0.8795443224849883
B/tilted/0/1200/eta_lpc	4606280139099600835	0.8998268301945632
B/tilted/0/1200/f	4581244673153776508	0.019385367427101383
B/tilted/0/1200/m_hp	4607455554870931537	1.060648390956903
B/tilted/0/1200/m_imp	4607340810288895305	1.0351699755713801
B/tilted/0/1200/m_lp	4607340810288895288	1.0351699755713764
B/tilted/0/1200/mdot4	4607431184699625663	1.055237125897335
B/tilted/0/1200/mdot_air	4607340810288895305	1.0351699755713801
B/tilted/0/1200/n_hp	4607202275672490201	1.004409111403268
B/tilted/0/1200/n_lp	4607182418800017408	1.0
B/tilted/0/1200/phi_hp	4607434586164456663	1.0559924028119008
B/tilted/0/1200/phi_lp	4607340810288895288	1.0351699755713764
B/tilted/0/1200/pi_hpc	4618067232821167918	5.6676569160352255
B/tilted/0/1200/pi_lpc	4613746600884466162	2.915082435194784
B/tilted/0/1200/pt4	4698049672582895044	1233737.18532692
B/tilted/0/1200/tau_hpc	4610467475712331818	1.7294291642510964
B/tilted/0/1200/tau_lpc	4608971967409221521	1.3973596139248665
B/tilted/1/1500/Tt2	4643741180423569407	286.12499999999994
B/tilted/1/1500/Tt25	4645573374841899993	390.27319475559995
B/tilted/1/1500/Tt3	4649186802385147973	679.3455402392507
B/tilted/1/1500/eta_hpc	4606099680511154311	0.8797919022060946
B/tilted/1/1500/eta_lpc	4606268948045501128	0.8985843736014312
B/tilted/1/1500/f	4584026898217275519	0.029038149693306977
B/tilted/1/1500/m_hp	4606719582359109546	0.9486148326668531
B/tilted/1/1500/m_imp	4605970958198376702	0.8655008546632244
B/tilted/1/1500/m_lp	4605970958198376704	0.8655008546632246
B/tilted/1/1500/mdot4	4606197332024355327	0.8906333980406201
B/tilted/1/1500/mdot_air	4605970958198376702	0.8655008546632244
B/tilted/1/1500/n_hp	4606965834987488940	0.9759543664569796
B/tilted/1/1500/n_lp	4606461842859638129	0.92
B/tilted/1/1500/phi_hp	4606930098981752371	0.9719868728192921
B/tilted/1/1500/phi_lp	4606648848516037598	0.9407617985469832
B/tilted/1/1500/pi_hpc	4618205567091050889	5.790522429250253
B/tilted/1/1500/pi_lpc	4613245178361019025	2.6924061029561206
B/tilted/1/1500/pt4	4697751000910602288	1164197.26762582
B/tilted/1/1500/tau_hpc	4610518200311270186	1.740692287782347
B/tilted/1/1500/tau_lpc	4608821708519869326	1.3639954382021844
B/tilted/1/1200/Tt2	4643741180423569407	286.12499999999994
B/tilted/1/1200/Tt25	4645518047332907685	387.12818998742506
B/tilted/1/1200/Tt3	4649038535438718574	662.4895399610521
B/tilted/1/1200/eta_hpc	4606100439884693909	0.8798762096048899
B/tilted/1/1200/eta_lpc	4606274448210463834	0.8991950145795145
B/tilted/1/1200/f	4581449721274527522	0.020096771004644805
B/tilted/1/1200/m_hp	4607220337579388556	1.008419660384706
B/tilted/1/1200/m_imp	4606285932026826631	0.9004699743131689
B/tilted/1/1200/m_lp	4606285932026826635	0.9004699743131693
B/tilted/1/1200/mdot4	4606448931158252861	0.9185665131834991
B/tilted/1/1200/mdot_air	4606285932026826631	0.9004699743131689
B/tilted/1/1200/n_hp	4607001469959913943	0.9799106431437917
B/tilted/1/1200/n_lp	4606461842859638129	0.92
B/tilted/1/1200/phi_hp	4607313444215774669	1.029093486676959
B/tilted/1/1200/phi_lp	4606991211373048393	0.9787717112099666
B/tilted/1/1200/pi_hpc	4617855956121050599	5.480005510405568
B/tilted/1/1200/pi_lpc	4613092095515841728	2.6244236631997353
B/tilted/1/1200/pt4	4697363382702605216	1073947.870765902
B/tilted/1/1200/tau_hpc	4610385795111036622	1.7112924274064656
B/tilted/1/1200/tau_lpc	4608772206231351962	1.3530037221054614
B/steep/0/1500/Tt2	4643741180423569407	286.12499999999994
B/steep/0/1500/Tt25	4645803477028629734	403.3529897366665
B/steep/0/1500/Tt3	4649454405929320603	709.7685409393338
B/steep/0/1500/eta_hpc	4606101554889448489	0.88
B/steep/0/1500/eta_lpc	4606281698874543309	0.9
B/steep/0/1500/f	4583809590202238790	0.028284211062902707
B/steep/0/1500/m_hp	4607182418800017409	1.0000000000000002
B/steep/0/1500/m_imp	4607182418800017406	0.9999999999999998
B/steep/0/1500/m_lp	4607182418800017410	1.0000000000000004
B/steep/0/1500/mdot4	4607309799562420764	1.0282842110629025
B/steep/0/1500/mdot_air	4607182418800017406	0.9999999999999998
B/steep/0/1500/n_hp	4607182418800017408	1.0
B/steep/0/1500/n_lp	4607182418800017408	1.0
B/steep/0/1500/phi_hp	4607182418800017409	1.0000000000000002
B/steep/0/1500/phi_lp	4607182418800017410	1.0000000000000004
B/steep/0/1500/pi_hpc	4618441417868443645	5.999999999999997
B/steep/0/1500/pi_lpc	4613937818241073153	3.0000000000000004
B/steep/0/1500/pt4	4698523799358154351	1344128.427584078
B/steep/0/1500/tau_hpc	4610603672633087515	1.759670955712301
B/steep/0/1500/tau_lpc	4609027584132985320	1.4097090073802239
B/steep/0/1200/Tt2	4643741180423569407	286.12499999999994
B/steep/0/1200/Tt25	4645741518822598012	399.83107347934106
B/steep/0/1200/Tt3	4649274891524581236	689.3601159390369
B/steep/0/1200/eta_hpc	4606096890782521368	0.8794821801100197
B/steep/0/1200/eta_lpc	4606280304830396817	0.8998452300091221
B/steep/0/1200/f	4581259532749427145	0.01943692200593875
B/steep/0/1200/m_hp	4607407614590771570	1.050003510388788
B/steep/0/1200/m_imp	4607294474292508248	1.0248813175598084
B/steep/0/1200/m_lp	4607294474292508240	1.0248813175598066
B/steep/0/1200/mdot4	4607384188421079305	1.0448018557945622
B/steep/0/1200/mdot_air	4607294474292508248	1.0248813175598084
B/steep/0/1200/n_hp	4607202210314706565	1.0043945990600218
B/steep/0/1200/n_lp	4607182418800017408	1.0
B/steep/0/1200/phi_hp	4607386924356157630	1.0454093554181294
B/steep/0/1200/phi_lp	4607294474292508240	1.0248813175598066
B/steep/0/1200/pi_hpc	4618003417876749000	5.61097785954798
B/steep/0/1200/pi_lpc	4613747339589185601	2.9154104859899523
B/steep/0/1200/pt4	4697997271996350377	1221536.7230338848
B/steep/0/1200/tau_hpc	4610443603270718120	1.724128417384387
B/steep/0/1200/tau_lpc	4608972149267999314	1.3973999946853337
B/steep/1/1500/Tt2	4643741180423569407	286.12499999999994
B/steep/1/1500/Tt25	4645589543251894812	391.1922624572487
B/steep/1/1500/Tt3	4649205301769711342	681.4486767700562
B/steep/1/1500/eta_hpc	4606099641978528151	0.8797876242252184
B/steep/1/1500/eta_lpc	4606269216437232922	0.8986141710694568
B/steep/1/1500/f	4584011875753536125	0.028986030052275503
B/steep/1/1500/m_hp	4606750551323290711	0.9520530783751252
B/steep/1/1500/m_imp	4606049895509503954	0.8742646566947718
B/steep/1/1500/m_lp	4606049895509503953	0.8742646566947717
B/steep/1/1500/mdot4	4606278151103654985	0.8996061183073688
B/steep/1/1500/mdot_air	4606049895509503954	0.8742646566947718
B/steep/1/1500/n_hp	4606955502572468366	0.9748072379513972
B/steep/1/1500/n_lp	4606461842859638129	0.92
B/steep/1/1500/phi_hp	4606972170823598635	0.9766577855699031
B/steep/1/1500/phi_lp	4606734649941175912	0.950287670320404
B/steep/1/1500/pi_hpc	4618221175322916424	5.804385323962897
B/steep/1/1500/pi_lpc	4613291632002771640	2.7130356640166973
B/steep/1/1500/pt4	4697801375508036302	1175926.017570186
B/steep/1/1500/tau_hpc	4610523994809547793	1.741978924863137
B/steep/1/1500/tau_lpc	4608836174620205451	1.3672075577361251
B/steep/1/1200/Tt2	4643741180423569407	286.12499999999994
B/steep/1/1200/Tt25	4645532614362894729	387.95622977453655
B/steep/1/1200/Tt3	4649037414629729956	662.3621187314461
B/steep/1/1200/eta_hpc	4606099835759885930	0.8798091382777333
B/steep/1/1200/eta_lpc	4606273687759395529	0.8991105875510012
B/steep/1/1200/f	4581450623155296474	0.02009990003212967
B/steep/1/1200/m_hp	4607190526857963026	1.001800350523244
B/steep/1/1200/m_imp	4606279226701095071	0.8997255336116899
B/steep/1/1200/m_lp	4606279226701095078	0.8997255336116907
B/steep/1/1200/mdot4	4606442116434786689	0.9178099268936394
B/steep/1/1200/mdot_air	4606279226701095071	0.8997255336116899
B/steep/1/1200/n_hp	4606992045713229735	0.9788643415779362
B/steep/1/1200/n_lp	4606461842859638129	0.92
B/steep/1/1200/phi_hp	4607287943740452916	1.0234312437087398
B/steep/1/1200/phi_lp	4606983922975514092	0.9779625365344464
B/steep/1/1200/pi_hpc	4617808930447162664	5.438238321686448
B/steep/1/1200/pi_lpc	4613132578535806191	2.642401735548098
B/steep/1/1200/pt4	4697359583513416067	1073063.3031016297
B/steep/1/1200/tau_hpc	4610367866446966678	1.7073114642762213
B/steep/1/1200/tau_lpc	4608785239554817871	1.3558977012653093
B/lp_only/0/1500/Tt2	4643741180423569407	286.12499999999994
B/lp_only/0/1500/Tt25	4645803477028629735	403.35298973666653
B/lp_only/0/1500/Tt3	4649454405929320605	709.768540939334
B/lp_only/0/1500/eta_hpc	4606101554889448489	0.88
B/lp_only/0/1500/eta_lpc	4606281698874543309	0.9
B/lp_only/0/1500/f	4583809590202238789	0.028284211062902704
B/lp_only/0/1500/m_hp	4607182418800017407	0.9999999999999999
B/lp_only/0/1500/m_imp	4607182418800017409	1.0000000000000002
B/lp_only/0/1500/m_lp	4607182418800017409	1.0000000000000002
B/lp_only/0/1500/mdot4	4607309799562420766	1.028284211062903
B/lp_only/0/1500/mdot_air	4607182418800017409	1.0000000000000002
B/lp_only/0/1500/n_hp	4607182418800017408	1.0
B/lp_only/0/1500/n_lp	4607182418800017408	1.0
B/lp_only/0/1500/phi_hp	4607182418800017407	0.9999999999999999
B/lp_only/0/1500/phi_lp	4607182418800017409	1.0000000000000002
B/lp_only/0/1500/pi_hpc	4618441417868443649	6.000000000000001
B/lp_only/0/1500/pi_lpc	4613937818241073153	3.0000000000000004
B/lp_only/0/1500/pt4	4698523799358154354	1344128.4275840786
B/lp_only/0/1500/tau_hpc	4610603672633087516	1.7596709557123011
B/lp_only/0/1500/tau_lpc	4609027584132985321	1.409709007380224
B/lp_only/0/1200/Tt2	4643741180423569407	286.12499999999994
B/lp_only/0/1200/Tt25	4645673604907596592	395.970614362438
B/lp_only/0/1200/Tt3	4649389469868804034	702.3861655651056
B/lp_only/0/1200/eta_hpc	4606101554889448489	0.88
B/lp_only/0/1200/eta_lpc	4606267482151633934	0.8984216266891296
B/lp_only/0/1200/f	4581167335054509997	0.0191170469943313
B/lp_only/0/1200/m_hp	4607845420348956465	1.1472159169988567
B/lp_only/0/1200/m_imp	4607582501378984206	1.0888361781840703
B/lp_only/0/1200/m_lp	4607582501378984206	1.0888361781840703
B/lp_only/0/1200/mdot4	4607676245302168023	1.1096515105715434
B/lp_only/0/1200/mdot_air	4607582501378984206	1.0888361781840703
B/lp_only/0/1200/n_hp	4607224206910472537	1.0092788244765727
B/lp_only/0/1200/n_lp	4607182418800017408	1.0
B/lp_only/0/1200/phi_hp	4607797921100688482	1.1366689651829565
B/lp_only/0/1200/phi_lp	4607582501378984206	1.0888361781840703
B/lp_only/0/1200/pi_hpc	4618619689756178183	6.158337243525017
B/lp_only/0/1200/pi_lpc	4613535102767439303	2.8211584035195503
B/lp_only/0/1200/pt4	4698322913777930138	1297356.1086396934
B/lp_only/0/1200/tau_hpc	4610667457618968119	1.7738340677023083
B/lp_only/0/1200/tau_lpc	4608911385747718446	1.3839077828307143
B/lp_only/1/1500/Tt2	4643741180423569407	286.12499999999994
B/lp_only/1/1500/Tt25	4645589396864231449	391.1839412819841
B/lp_only/1/1500/Tt3	4649136057487282005	673.5765132703624
B/lp_only/1/1500/eta_hpc	4606101554889448489	0.88
B/lp_only/1/1500/eta_lpc	4606265777824926644	0.8982324084139379
B/lp_only/1/1500/f	4584068105717208262	0.02918111692834626
B/lp_only/1/1500/m_hp	4606434956842154503	0.9170150524349204
B/lp_only/1/1500/m_imp	4605756848528590570	0.841729906144079
B/lp_only/1/1500/m_lp	4605756848528590570	0.841729906144079
B/lp_only/1/1500/mdot4	4605978088930460000	0.8662925249573554
B/lp_only/1/1500/mdot_air	4605756848528590571	0.8417299061440792
B/lp_only/1/1500/n_hp	4606955595958057208	0.9748176058344873
B/lp_only/1/1500/n_lp	4606461842859638129	0.92
B/lp_only/1/1500/phi_hp	4606648330050710285	0.9407042373325979
B/lp_only/1/1500/phi_lp	4606416120614096148	0.9149238110261728
B/lp_only/1/1500/pi_hpc	4617981924948253148	5.591888304281806
B/lp_only/1/1500/pi_lpc	4613288958650124400	2.711848456951934
B/lp_only/1/1500/pt4	4697614346513016101	1132379.9362776962
B/lp_only/1/1500/tau_hpc	4610433531506257806	1.7218920364238985
B/lp_only/1/1500/tau_lpc	4608836043645135740	1.3671784754285161
B/lp_only/1/1200/Tt2	4643741180423569407	286.12499999999994
B/lp_only/1/1200/Tt25	4645482169730686978	385.08878441667196
B/lp_only/1/1200/Tt3	4649082443920509770	667.4813564050503
B/lp_only/1/1200/eta_hpc	4606101554889448489	0.88
B/lp_only/1/1200/eta_lpc	4606278791742777641	0.8996772435378136
B/lp_only/1/1200/f	4581414389459986826	0.019974189148379597
B/lp_only/1/1200/m_hp	4607401640934798944	1.0486770923083881
B/lp_only/1/1200/m_imp	4606492606563300401	0.92341545721286
B/lp_only/1/1200/m_lp	4606492606563300402	0.9234154572128601
B/lp_only/1/1200/mdot4	4606658739624818689	0.9418599322177671
B/lp_only/1/1200/mdot_air	4606492606563300401	0.92341545721286
B/lp_only/1/1200/n_hp	4607024810726739011	0.9825019888179515
B/lp_only/1/1200/n_lp	4606461842859638129	0.92
B/lp_only/1/1200/phi_hp	4607485752711615175	1.0673536585610905
B/lp_only/1/1200/phi_lp	4607199138204181687	1.0037124534922393
B/lp_only/1/1200/pi_hpc	4618118462633558482	5.7131581298458105
B/lp_only/1/1200/pi_lpc	4612994667476203614	2.5811569220596047
B/lp_only/1/1200/pt4	4697480350333342633	1101181.519517163
B/lp_only/1/1200/tau_hpc	4610484989878283266	1.733318090310377
B/lp_only/1/1200/tau_lpc	4608740106043781841	1.3458760486384345
B/hp_only/0/1500/Tt2	4643741180423569407	286.12499999999994
B/hp_only/0/1500/Tt25	4645803477028629735	403.35298973666653
B/hp_only/0/1500/Tt3	4649454405929320604	709.7685409393339
B/hp_only/0/1500/eta_hpc	4606101554889448489	0.88
B/hp_only/0/1500/eta_lpc	4606281698874543309	0.9
B/hp_only/0/1500/f	4583809590202238790	0.028284211062902707
B/hp_only/0/1500/m_hp	4607182418800017409	1.0000000000000002
B/hp_only/0/1500/m_imp	4607182418800017406	0.9999999999999998
B/hp_only/0/1500/m_lp	4607182418800017410	1.0000000000000004
B/hp_only/0/1500/mdot4	4607309799562420764	1.0282842110629025
B/hp_only/0/1500/mdot_air	4607182418800017406	0.9999999999999998
B/hp_only/0/1500/n_hp	4607182418800017408	1.0
B/hp_only/0/1500/n_lp	4607182418800017408	1.0
B/hp_only/0/1500/phi_hp	4607182418800017409	1.0000000000000002
B/hp_only/0/1500/phi_lp	4607182418800017410	1.0000000000000004
B/hp_only/0/1500/pi_hpc	4618441417868443645	5.999999999999997
B/hp_only/0/1500/pi_lpc	4613937818241073153	3.0000000000000004
B/hp_only/0/1500/pt4	4698523799358154351	1344128.427584078
B/hp_only/0/1500/tau_hpc	4610603672633087515	1.759670955712301
B/hp_only/0/1500/tau_lpc	4609027584132985321	1.409709007380224
B/hp_only/0/1200/Tt2	4643741180423569407	286.12499999999994
B/hp_only/0/1200/Tt25	4645803477028629735	403.35298973666653
B/hp_only/0/1200/Tt3	4649318914041907434	694.3648967223974
B/hp_only/0/1200/eta_hpc	4606099751991115853	0.8797998380760049
B/hp_only/0/1200/eta_lpc	4606281698874543309	0.9
B/hp_only/0/1200/f	4581224109173973538	0.019314021790053933
B/hp_only/0/1200/m_hp	4607407689918048606	1.0500202364042575
B/hp_only/0/1200/m_imp	4607407689918048596	1.0500202364042552
B/hp_only/0/1200/m_lp	4607407689918048607	1.0500202364042577
B/hp_only/0/1200/mdot4	4607499023430667633	1.0703003501301647
B/hp_only/0/1200/mdot_air	4607407689918048596	1.0500202364042552
B/hp_only/0/1200/n_hp	4607182418800017408	1.0
B/hp_only/0/1200/n_lp	4607182418800017408	1.0
B/hp_only/0/1200/phi_hp	4607407689918048606	1.0500202364042575
B/hp_only/0/1200/phi_lp	4607407689918048607	1.0500202364042577
B/hp_only/0/1200/pi_hpc	4617975118816409983	5.585843244857073
B/hp_only/0/1200/pi_lpc	4613937818241073153	3.0000000000000004
B/hp_only/0/1200/pt4	4698125312386875237	1251348.4495734808
B/hp_only/0/1200/tau_hpc	4610431684701621249	1.7214819634180005
B/hp_only/0/1200/tau_lpc	4609027584132985321	1.409709007380224
B/hp_only/1/1500/Tt2	4643741180423569407	286.12499999999994
B/hp_only/1/1500/Tt25	4645486708270092469	385.34677051311456
B/hp_only/1/1500/Tt3	4649142893755599433	674.3537069971873
B/hp_only/1/1500/eta_hpc	4606100728332436968	0.8799082337374644
B/hp_only/1/1500/eta_lpc	4606281698874543309	0.9
B/hp_only/1/1500/f	4584062554311292051	0.029161856620011205
B/hp_only/1/1500/m_hp	4606814149323693425	0.9591138748118465
B/hp_only/1/1500/m_imp	4605798460807438089	0.8463497971524429
B/hp_only/1/1500/m_lp	4605798460807438095	0.8463497971524435
B/hp_only/1/1500/mdot4	4606020768676105000	0.8710309285873779
B/hp_only/1/1500/mdot_air	4605798460807438089	0.8463497971524429
B/hp_only/1/1500/n_hp	4607021847871058719	0.9821730457584613
B/hp_only/1/1500/n_lp	4606461842859638129	0.92
B/hp_only/1/1500/phi_hp	4606970950415436661	0.9765222930458167
B/hp_only/1/1500/phi_lp	4606461351351973893	0.9199454316874386
B/hp_only/1/1500/pi_hpc	4618320523033863686	5.892623816872861
B/hp_only/1/1500/pi_lpc	4613009002318132166	2.587522870684981
B/hp_only/1/1500/pt4	4697640948832964358	1138573.771553935
B/hp_only/1/1500/tau_hpc	4610560081806571298	1.749991847860152
B/hp_only/1/1500/tau_lpc	4608744166737841450	1.3467777038466218
B/hp_only/1/1200/Tt2	4643741180423569407	286.12499999999994
B/hp_only/1/1200/Tt25	4645486708270092469	385.34677051311456
B/hp_only/1/1200/Tt3	4649016833323887667	660.0222951540549
B/hp_only/1/1200/eta_hpc	4606100590321416068	0.8798929114361589
B/hp_only/1/1200/eta_lpc	4606281698874543309	0.9
B/hp_only/1/1200/f	4581467184303652346	0.020157358057813803
B/hp_only/1/1200/m_hp	4607222682361228777	1.0089403065420532
B/hp_only/1/1200/m_imp	4606194491894347888	0.8903180802679014
B/hp_only/1/1200/m_lp	4606194491894347885	0.890318080267901
B/hp_only/1/1200/mdot4	4606356139238451247	0.9082645405972068
B/hp_only/1/1200/mdot_air	4606194491894347888	0.8903180802679014
B/hp_only/1/1200/n_hp	4607021847871058719	0.9821730457584613
B/hp_only/1/1200/n_lp	4606461842859638129	0.92
B/hp_only/1/1200/phi_hp	4607305155853545101	1.027253100560219
B/hp_only/1/1200/phi_lp	4606891819924701925	0.9677370437694576
B/hp_only/1/1200/pi_hpc	4617873761555716539	5.495819913229236
B/hp_only/1/1200/pi_lpc	4613009002318132166	2.587522870684981
B/hp_only/1/1200/pt4	4697311651467977629	1061903.2541105517
B/hp_only/1/1200/tau_hpc	4610392588665392299	1.7128008994994086
B/hp_only/1/1200/tau_lpc	4608744166737841450	1.3467777038466218
census/B/close_bracket_fails	0	0
census/B/close_calls	28	28
census/B/close_nonreal_propagated	0	0
census/B/eig_complex	0	0
census/B/eig_real	0	0
census/B/hi_wall_literal	8	8
census/B/hi_wall_map	20	20
census/B/illinois_calls	28	28
census/B/illinois_evals	229	229
census/B/illinois_exhausted	0	0
census/B/instant_calls	0	0
census/B/integrate_calls	0	0
census/B/match_calls	0	0
census/B/powers_calls	0	0
C/flat/1500/nu_lp	4607182418800017368	0.9999999999999956
C/flat/1500/nu_hp	4607182418800017410	1.0000000000000004
C/flat/1500/slip	4607182418800017364	0.9999999999999951
C/flat/1500/phi_lp	4607182418800017435	1.000000000000006
C/flat/1500/phi_hp	4607182418800017441	1.0000000000000073
C/flat/1500/i/M9	4607182418800017406	0.9999999999999998
C/flat/1500/i/Pc_hp	4689028848267263346	307641.2134074784
C/flat/1500/i/Pc_lp	4682824482708545748	117696.90169561218
C/flat/1500/i/Phi_hp	4392022529585933664	4.351745288549829e-15
C/flat/1500/i/Phi_lp	13610703325678874803	-2.101861266679862e-15
C/flat/1500/i/Pt_hp	4689028848267263369	307641.21340747975
C/flat/1500/i/Pt_lp	4682824482708545731	117696.90169561193
C/flat/1500/i/Tt2	4643741180423569407	286.12499999999994
C/flat/1500/i/Tt25	4645803477028629716	403.35298973666545
C/flat/1500/i/Tt3	4649454405929320598	709.7685409393332
C/flat/1500/i/Tt4	4654311885213007872	1500.0
C/flat/1500/i/Tt45	4653239169443246811	1256.0926727235117
C/flat/1500/i/Tt5	4652828771495902638	1162.778983041509
C/flat/1500/i/branch_choked	1	1
C/flat/1500/i/eta_hpc	4606101554889448489	0.88
C/flat/1500/i/eta_hpt	4606461842859638129	0.92
C/flat/1500/i/eta_lpc	4606281698874543309	0.9
C/flat/1500/i/eta_lpt	4606281698874543309	0.9
C/flat/1500/i/f	4583809590202238794	0.02828421106290272
C/flat/1500/i/m_hp	4607182418800017424	1.0000000000000036
C/flat/1500/i/m_imp	4607182418800017380	0.9999999999999969
C/flat/1500/i/m_lp	4607182418800017380	0.9999999999999969
C/flat/1500/i/mdot4	4607309799562420750	1.0282842110628994
C/flat/1500/i/mdot_air	4607182418800017379	0.9999999999999968
C/flat/1500/i/n_hp	4607182418800017416	1.0000000000000018
C/flat/1500/i/n_lp	4607182418800017368	0.9999999999999956
C/flat/1500/i/nu_hp	4607182418800017410	1.0000000000000004
C/flat/1500/i/nu_hpt	4607182418800017410	1.0000000000000004
C/flat/1500/i/nu_lp	4607182418800017368	0.9999999999999956
C/flat/1500/i/nu_lpt	4607182418800017372	0.999999999999996
C/flat/1500/i/phi_hp	4607182418800017416	1.0000000000000018
C/flat/1500/i/phi_lp	4607182418800017414	1.0000000000000013
C/flat/1500/i/pi_hpc	4618441417868443680	6.000000000000028
C/flat/1500/i/pi_hpt	4601427004634511389	0.4305103338600718
C/flat/1500/i/pi_lpc	4613937818241073097	2.9999999999999756
C/flat/1500/i/pi_lpt	4604376207078889679	0.6884479135231006
C/flat/1500/i/pt4	4698523799358154333	1344128.4275840737
C/flat/1500/i/slip	4607182418800017364	0.9999999999999951
C/flat/1500/i/sp_thrust	4649651320669411050	732.1551550409906
C/flat/1500/i/tau_hpc	4610603672633087528	1.7596709557123038
C/flat/1500/i/tau_hpt	4605717804202370306	0.8373951151490078
C/flat/1500/i/tau_lpc	4609027584132985304	1.4097090073802203
C/flat/1500/i/tau_lpt	4606513284257310085	0.9257111424114305
C/flat/1200/nu_lp	4606203211896495880	0.8912861949838495
C/flat/1200/nu_hp	4606203211896495932	0.8912861949838553
C/flat/1200/slip	4607182418800017350	0.9999999999999936
C/flat/1200/phi_lp	4605621336169954118	0.826685012076134
C/flat/1200/phi_hp	4606721709769791187	0.9488510226990122
C/flat/1200/i/M9	4607182418800017401	0.9999999999999992
C/flat/1200/i/Pc_hp	4687637101205941678	244387.43619237602
C/flat/1200/i/Pc_lp	4681161503485253928	93497.36901173426
C/flat/1200/i/Phi_hp	13614735893106608564	-3.832143645966045e-15
C/flat/1200/i/Phi_lp	13615190325228103613	-4.190627380690134e-15
C/flat/1200/i/Pt_hp	4687637101205941629	244387.4361923746
C/flat/1200/i/Pt_lp	4681161503485253887	93497.36901173367
C/flat/1200/i/Tt2	4643741180423569407	286.12499999999994
C/flat/1200/i/Tt25	4645379450453766463	379.2498695335998
C/flat/1200/i/Tt3	4648688223211221579	622.6636506017034
C/flat/1200/i/Tt4	4652992471259676672	1200.0
C/flat/1200/i/Tt45	4652050182214013278	1004.8741381788093
C/flat/1200/i/Tt5	4651393545498262600	930.223186433207
C/flat/1200/i/branch_choked	1	1
C/flat/1200/i/eta_hpc	4606101554889448489	0.88
C/flat/1200/i/eta_hpt	4606461842859638129	0.92
C/flat/1200/i/eta_lpc	4606281698874543309	0.9
C/flat/1200/i/eta_lpt	4606281698874543309	0.9
C/flat/1200/i/f	4581731606827121223	0.02107475797589078
C/flat/1200/i/m_hp	4606030919731998442	0.8721579221850935
C/flat/1200/i/m_imp	4604811840499091462	0.7368129388635232
C/flat/1200/i/m_lp	4604811840499091462	0.7368129388635232
C/flat/1200/i/mdot4	4604951705679470839	0.7523410932235767
C/flat/1200/i/mdot_air	4604811840499091462	0.7368129388635232
C/flat/1200/i/n_hp	4606454390878597414	0.9191726639069528
C/flat/1200/i/n_lp	4606203211896495880	0.8912861949838495
C/flat/1200/i/nu_hp	4606203211896495932	0.8912861949838553
C/flat/1200/i/nu_hpt	4607150787855364019	0.9964882596955164
C/flat/1200/i/nu_lp	4606203211896495880	0.8912861949838495
C/flat/1200/i/nu_lpt	4607150787855363964	0.9964882596955102
C/flat/1200/i/phi_hp	4606721709769791244	0.9488510226990186
C/flat/1200/i/phi_lp	4605621336169954199	0.826685012076143
C/flat/1200/i/pi_hpc	4617082559042415920	4.793090915303125
C/flat/1200/i/pi_hpt	4601427004634511389	0.4305103338600718
C/flat/1200/i/pi_lpc	4612716343266912907	2.457556143873551
C/flat/1200/i/pi_lpt	4604376207078889679	0.6884479135231006
C/flat/1200/i/pt4	4695802956060654310	879604.3656729131
C/flat/1200/i/slip	4607182418800017350	0.9999999999999936
C/flat/1200/i/sp_thrust	4648196548079282802	566.7666596652255
C/flat/1200/i/tau_hpc	4610072962216850497	1.6418295710093533
C/flat/1200/i/tau_hpt	4605717804202370306	0.8373951151490078
C/flat/1200/i/tau_lpc	4608648201684177990	1.3254691814193094
C/flat/1200/i/tau_lpt	4606513284257310084	0.9257111424114304
C/flat/950/nu_lp	4605297402276090630	0.7907211253337614
C/flat/950/nu_hp	4605297402276090731	0.7907211253337726
C/flat/950/slip	4607182418800017280	0.9999999999999858
C/flat/950/phi_lp	4604573433185946721	0.710344410034292
C/flat/950/phi_hp	4606449886941142444	0.9186726264005549
C/flat/950/i/M9	4607182418800017406	0.9999999999999998
C/flat/950/i/Pc_hp	4685849093425895642	192349.56090659538
C/flat/950/i/Pc_lp	4679793396958900176	73588.79881685902
C/flat/950/i/Phi_hp	13612019073223417076	-2.6208321661948324e-15
C/flat/950/i/Phi_lp	4391070687404283628	3.600874203505839e-15
C/flat/950/i/Pt_hp	4685849093425895603	192349.56090659424
C/flat/950/i/Pt_lp	4679793396958900217	73588.79881685962
C/flat/950/i/Tt2	4643741180423569407	286.12499999999994
C/flat/950/i/Tt25	4645030610542664311	359.42061635145313
C/flat/950/i/Tt3	4648057896889443626	551.0038443460701
C/flat/950/i/Tt4	4651567504190078976	950.0
C/flat/950/i/Tt45	4650208730881714967	795.5253593915576
C/flat/950/i/Tt5	4649688893481745681	736.4266892596225
C/flat/950/i/branch_choked	1	1
C/flat/950/i/eta_hpc	4606101554889448489	0.88
C/flat/950/i/eta_hpt	4606461842859638129	0.92
C/flat/950/i/eta_lpc	4606281698874543309	0.9
C/flat/950/i/eta_lpt	4606281698874543309	0.9
C/flat/950/i/f	4579883344951063244	0.015143655721794679
C/flat/950/i/m_hp	4605106524963006642	0.7695294865473186
C/flat/950/i/m_imp	4603234422235353082	0.5616843312768645
C/flat/950/i/m_lp	4603234422235353082	0.5616843312768645
C/flat/950/i/mdot4	4603311037059118381	0.5701902854140478
C/flat/950/i/mdot_air	4603234422235353082	0.5616843312768645
C/flat/950/i/n_hp	4605720132954624070	0.8376536585860854
C/flat/950/i/n_lp	4605297402276090630	0.7907211253337614
C/flat/950/i/nu_hp	4605297402276090731	0.7907211253337726
C/flat/950/i/nu_hpt	4607124681762384005	0.9935899011445747
C/flat/950/i/nu_lp	4605297402276090630	0.7907211253337614
C/flat/950/i/nu_lpt	4607124681762383881	0.9935899011445609
C/flat/950/i/phi_hp	4606449886941142506	0.9186726264005618
C/flat/950/i/phi_lp	4604573433185946746	0.7103444100342948
C/flat/950/i/pi_hpc	4615835642941406657	3.842803471605038
C/flat/950/i/pi_hpt	4601427004634511389	0.4305103338600718
C/flat/950/i/pi_lpc	4611836960538179138	2.0670317627143797
C/flat/950/i/pi_lpt	4604376207078889679	0.6884479135231006
C/flat/950/i/pt4	4693342320662440887	593148.7038911496
C/flat/950/i/slip	4607182418800017280	0.9999999999999858
C/flat/950/i/sp_thrust	4645819931050202201	404.288292576855
C/flat/950/i/tau_hpc	4609582988258067933	1.5330334969079253
C/flat/950/i/tau_hpt	4605717804202370308	0.837395115149008
C/flat/950/i/tau_lpc	4608336089784685981	1.2561664180042051
C/flat/950/i/tau_lpt	4606513284257310085	0.9257111424114305
C/flow_press/1500/nu_lp	4607182418800017368	0.9999999999999956
C/flow_press/1500/nu_hp	4607182418800017441	1.0000000000000073
C/flow_press/1500/slip	4607182418800017302	0.9999999999999882
C/flow_press/1500/phi_lp	4607182418800017435	1.000000000000006
C/flow_press/1500/phi_hp	4607182418800017410	1.0000000000000004
C/flow_press/1500/i/M9	4607182418800017406	0.9999999999999998
C/flow_press/1500/i/Pc_hp	4689028848267263389	307641.2134074809
C/flow_press/1500/i/Pc_lp	4682824482708545704	117696.90169561154
C/flow_press/1500/i/Phi_hp	13614675023937178537	-3.7841263378694225e-15
C/flow_press/1500/i/Phi_lp	4390465907290338117	3.3382502470798086e-15
C/flow_press/1500/i/Pt_hp	4689028848267263369	307641.21340747975
C/flow_press/1500/i/Pt_lp	4682824482708545731	117696.90169561193
C/flow_press/1500/i/Tt2	4643741180423569407	286.12499999999994
C/flow_press/1500/i/Tt25	4645803477028629705	403.3529897366648
C/flow_press/1500/i/Tt3	4649454405929320614	709.768540939335
C/flow_press/1500/i/Tt4	4654311885213007872	1500.0
C/flow_press/1500/i/Tt45	4653239169443246811	1256.0926727235117
C/flow_press/1500/i/Tt5	4652828771495902638	1162.778983041509
C/flow_press/1500/i/branch_choked	1	1
C/flow_press/1500/i/eta_hpc	4606101554889448489	0.88
C/flow_press/1500/i/eta_hpt	4606461842859638129	0.92
C/flow_press/1500/i/eta_lpc	4606281698874543309	0.9
C/flow_press/1500/i/eta_lpt	4606281698874543309	0.9
C/flow_press/1500/i/f	4583809590202238780	0.028284211062902673
C/flow_press/1500/i/m_hp	4607182418800017475	1.0000000000000149
C/flow_press/1500/i/m_imp	4607182418800017432	1.0000000000000053
C/flow_press/1500/i/m_lp	4607182418800017426	1.000000000000004
C/flow_press/1500/i/mdot4	4607309799562420790	1.0282842110629082
C/flow_press/1500/i/mdot_air	4607182418800017432	1.0000000000000053
C/flow_press/1500/i/n_hp	4607182418800017450	1.0000000000000093
C/flow_press/1500/i/n_lp	4607182418800017368	0.9999999999999956
C/flow_press/1500/i/nu_hp	4607182418800017441	1.0000000000000073
C/flow_press/1500/i/nu_hpt	4607182418800017441	1.0000000000000073
C/flow_press/1500/i/nu_lp	4607182418800017368	0.9999999999999956
C/flow_press/1500/i/nu_lpt	4607182418800017372	0.999999999999996
C/flow_press/1500/i/phi_hp	4607182418800017433	1.0000000000000056
C/flow_press/1500/i/phi_lp	4607182418800017446	1.0000000000000084
C/flow_press/1500/i/pi_hpc	4618441417868443773	6.000000000000111
C/flow_press/1500/i/pi_hpt	4601427004634511389	0.4305103338600718
C/flow_press/1500/i/pi_lpc	4613937818241073064	2.999999999999961
C/flow_press/1500/i/pi_lpt	4604376207078889679	0.6884479135231006
C/flow_press/1500/i/pt4	4698523799358154384	1344128.4275840856
C/flow_press/1500/i/slip	4607182418800017302	0.9999999999999882
C/flow_press/1500/i/sp_thrust	4649651320669411059	732.1551550409916
C/flow_press/1500/i/tau_hpc	4610603672633087561	1.7596709557123111
C/flow_press/1500/i/tau_hpt	4605717804202370306	0.8373951151490078
C/flow_press/1500/i/tau_lpc	4609027584132985294	1.409709007380218
C/flow_press/1500/i/tau_lpt	4606513284257310085	0.9257111424114305
C/flow_press/1200/nu_lp	4605842986283986632	0.8512931180771028
C/flow_press/1200/nu_hp	4606062002654540419	0.8756088198129678
C/flow_press/1200/slip	4606932288415765946	0.9722299488245689
C/flow_press/1200/phi_lp	4605919729204474587	0.8598132938073734
C/flow_press/1200/phi_hp	4606855807447774903	0.9637388556636414
C/flow_press/1200/i/M9	4607182418800017401	0.9999999999999992
C/flow_press/1200/i/Pc_hp	4687637101205941756	244387.43619237829
C/flow_press/1200/i/Pc_lp	4681161503485255860	93497.36901176238
C/flow_press/1200/i/Phi_hp	13621048206006953312	-1.0517933671539544e-14
C/flow_press/1200/i/Phi_lp	13640725883223534239	-2.102739962331737e-13
C/flow_press/1200/i/Pt_hp	4687637101205941623	244387.4361923744
C/flow_press/1200/i/Pt_lp	4681161503485253882	93497.3690117336
C/flow_press/1200/i/Tt2	4643741180423569407	286.12499999999994
C/flow_press/1200/i/Tt25	4645379450453766956	379.2498695336278
C/flow_press/1200/i/Tt3	4648688223211221846	622.6636506017337
C/flow_press/1200/i/Tt4	4652992471259676672	1200.0
C/flow_press/1200/i/Tt45	4652050182214013278	1004.8741381788093
C/flow_press/1200/i/Tt5	4651393545498262600	930.223186433207
C/flow_press/1200/i/branch_choked	1	1
C/flow_press/1200/i/eta_hpc	4606087896366648459	0.8784835993505039
C/flow_press/1200/i/eta_hpt	4606461842859638129	0.92
C/flow_press/1200/i/eta_lpc	4606236337273824233	0.8949638506447829
C/flow_press/1200/i/eta_lpt	4606281698874543309	0.9
C/flow_press/1200/i/f	4581731606827121009	0.02107475797589004
C/flow_press/1200/i/m_hp	4606013831885511211	0.8702607901239551
C/flow_press/1200/i/m_imp	4604768067321029634	0.7319531398489973
C/flow_press/1200/i/m_lp	4604768067321029634	0.7319531398489973
C/flow_press/1200/i/mdot4	4604907009992275518	0.7473788751210078
C/flow_press/1200/i/mdot_air	4604768067321029634	0.7319531398489973
C/flow_press/1200/i/n_hp	4606308763496700011	0.9030047766671151
C/flow_press/1200/i/n_lp	4605842986283986632	0.8512931180771028
C/flow_press/1200/i/nu_hp	4606062002654540419	0.8756088198129678
C/flow_press/1200/i/nu_hpt	4606992911123332147	0.9789604214000803
C/flow_press/1200/i/nu_lp	4605842986283986632	0.8512931180771028
C/flow_press/1200/i/nu_lpt	4606748043376960375	0.9517746403990789
C/flow_press/1200/i/phi_hp	4606855807447774779	0.9637388556636276
C/flow_press/1200/i/phi_lp	4605919729204470083	0.8598132938068733
C/flow_press/1200/i/pi_hpc	4617070820399723170	4.782664906186854
C/flow_press/1200/i/pi_hpt	4601427004634511389	0.4305103338600718
C/flow_press/1200/i/pi_lpc	4612691827301684592	2.446668868246597
C/flow_press/1200/i/pi_lpt	4604376207078889679	0.6884479135231006
C/flow_press/1200/i/pt4	4695753120620540865	873802.7568737195
C/flow_press/1200/i/slip	4606932288415765946	0.9722299488245689
C/flow_press/1200/i/sp_thrust	4648187528093955299	565.7412060570463
C/flow_press/1200/i/tau_hpc	4610072962216850311	1.641829571009312
C/flow_press/1200/i/tau_hpt	4605717804202370306	0.8373951151490078
C/flow_press/1200/i/tau_lpc	4608648201684178431	1.3254691814194073
C/flow_press/1200/i/tau_lpt	4606513284257310084	0.9257111424114304
C/flow_press/950/nu_lp	4604769047199879486	0.7320619282550422
C/flow_press/950/nu_hp	4605091979468363825	0.7679146122416168
C/flow_press/950/slip	4606761887319907050	0.9533116268201784
C/flow_press/950/phi_lp	4604959315900042613	0.7531859974337026
C/flow_press/950/phi_hp	4606636146253442672	0.939351564107211
C/flow_press/950/i/M9	4607182418800017406	0.9999999999999998
C/flow_press/950/i/Pc_hp	4685849093425897042	192349.56090663612
C/flow_press/950/i/Pc_lp	4679793396958900728	73588.79881686706
C/flow_press/950/i/Phi_hp	13635679843650479533	-9.829044345129914e-14
C/flow_press/950/i/Phi_lp	13631032450803770044	-4.8237758932270357e-14
C/flow_press/950/i/Pt_hp	4685849093425895595	192349.560906594
C/flow_press/950/i/Pt_lp	4679793396958900210	73588.79881685952
C/flow_press/950/i/Tt2	4643741180423569407	286.12499999999994
C/flow_press/950/i/Tt25	4645030610542664452	359.42061635146115
C/flow_press/950/i/Tt3	4648057896889444053	551.0038443461186
C/flow_press/950/i/Tt4	4651567504190078976	950.0
C/flow_press/950/i/Tt45	4650208730881714967	795.5253593915576
C/flow_press/950/i/Tt5	4649688893481745681	736.4266892596225
C/flow_press/950/i/branch_choked	1	1
C/flow_press/950/i/eta_hpc	4606051907561983476	0.8744880393937238
C/flow_press/950/i/eta_hpt	4606461842859638129	0.92
C/flow_press/950/i/eta_lpc	4606139628582924008	0.8842270291129042
C/flow_press/950/i/eta_lpt	4606281698874543309	0.9
C/flow_press/950/i/f	4579883344951062561	0.015143655721793494
C/flow_press/950/i/m_hp	4605058128304941129	0.7641563781373942
C/flow_press/950/i/m_imp	4603141598204213475	0.551378793615893
C/flow_press/950/i/m_lp	4603141598204213475	0.551378793615893
C/flow_press/950/i/mdot4	4603216807332808480	0.5597286842387099
C/flow_press/950/i/mdot_air	4603141598204213475	0.551378793615893
C/flow_press/950/i/n_hp	4605502517462971562	0.8134934856513116
C/flow_press/950/i/n_lp	4604769047199879486	0.7320619282550422
C/flow_press/950/i/nu_hp	4605091979468363825	0.7679146122416168
C/flow_press/950/i/nu_hpt	4606866555324778001	0.9649321097151092
C/flow_press/950/i/nu_lp	4604769047199879486	0.7320619282550422
C/flow_press/950/i/nu_lpt	4606460770996473498	0.919880999283538
C/flow_press/950/i/phi_hp	4606636146253440542	0.9393515641069745
C/flow_press/950/i/phi_lp	4604959315900041129	0.7531859974335379
C/flow_press/950/i/pi_hpc	4615775223279496429	3.815971751687917
C/flow_press/950/i/pi_hpt	4601427004634511389	0.4305103338600718
C/flow_press/950/i/pi_lpc	4611783688630557981	2.0433742833516946
C/flow_press/950/i/pi_lpt	4604376207078889679	0.6884479135231006
C/flow_press/950/i/pt4	4693248837845975307	582265.8717270208
C/flow_press/950/i/slip	4606761887319907050	0.9533116268201784
C/flow_press/950/i/sp_thrust	4645753313857558636	400.5015435920857
C/flow_press/950/i/tau_hpc	4609582988258068388	1.5330334969080264
C/flow_press/950/i/tau_hpt	4605717804202370308	0.837395115149008
C/flow_press/950/i/tau_lpc	4608336089784686107	1.2561664180042331
C/flow_press/950/i/tau_lpt	4606513284257310085	0.9257111424114305
C/press_flow/1500/nu_lp	4607182418800017368	0.9999999999999956
C/press_flow/1500/nu_hp	4607182418800017410	1.0000000000000004
C/press_flow/1500/slip	4607182418800017364	0.9999999999999951
C/press_flow/1500/phi_lp	4607182418800017435	1.000000000000006
C/press_flow/1500/phi_hp	4607182418800017441	1.0000000000000073
C/press_flow/1500/i/M9	4607182418800017406	0.9999999999999998
C/press_flow/1500/i/Pc_hp	4689028848267263342	307641.2134074782
C/press_flow/1500/i/Pc_lp	4682824482708545748	117696.90169561218
C/press_flow/1500/i/Phi_hp	4392981919590641582	5.108570556123708e-15
C/press_flow/1500/i/Phi_lp	13610703325678874799	-2.1018612666798603e-15
C/press_flow/1500/i/Pt_hp	4689028848267263369	307641.21340747975
C/press_flow/1500/i/Pt_lp	4682824482708545731	117696.90169561193
C/press_flow/1500/i/Tt2	4643741180423569407	286.12499999999994
C/press_flow/1500/i/Tt25	4645803477028629716	403.35298973666545
C/press_flow/1500/i/Tt3	4649454405929320596	709.768540939333
C/press_flow/1500/i/Tt4	4654311885213007872	1500.0
C/press_flow/1500/i/Tt45	4653239169443246811	1256.0926727235117
C/press_flow/1500/i/Tt5	4652828771495902638	1162.778983041509
C/press_flow/1500/i/branch_choked	1	1
C/press_flow/1500/i/eta_hpc	4606101554889448489	0.88
C/press_flow/1500/i/eta_hpt	4606461842859638129	0.92
C/press_flow/1500/i/eta_lpc	4606281698874543309	0.9
C/press_flow/1500/i/eta_lpt	4606281698874543309	0.9
C/press_flow/1500/i/f	4583809590202238797	0.02828421106290273
C/press_flow/1500/i/m_hp	4607182418800017419	1.0000000000000024
C/press_flow/1500/i/m_imp	4607182418800017372	0.999999999999996
C/press_flow/1500/i/m_lp	4607182418800017372	0.999999999999996
C/press_flow/1500/i/mdot4	4607309799562420747	1.0282842110628987
C/press_flow/1500/i/mdot_air	4607182418800017373	0.9999999999999961
C/press_flow/1500/i/n_hp	4607182418800017416	1.0000000000000018
C/press_flow/1500/i/n_lp	4607182418800017368	0.9999999999999956
C/press_flow/1500/i/nu_hp	4607182418800017410	1.0000000000000004
C/press_flow/1500/i/nu_hpt	4607182418800017410	1.0000000000000004
C/press_flow/1500/i/nu_lp	4607182418800017368	0.9999999999999956
C/press_flow/1500/i/nu_lpt	4607182418800017372	0.999999999999996
C/press_flow/1500/i/phi_hp	4607182418800017411	1.0000000000000007
C/press_flow/1500/i/phi_lp	4607182418800017410	1.0000000000000004
C/press_flow/1500/i/pi_hpc	4618441417868443677	6.000000000000026
C/press_flow/1500/i/pi_hpt	4601427004634511389	0.4305103338600718
C/press_flow/1500/i/pi_lpc	4613937818241073097	2.9999999999999756
C/press_flow/1500/i/pi_lpt	4604376207078889679	0.6884479135231006
C/press_flow/1500/i/pt4	4698523799358154330	1344128.427584073
C/press_flow/1500/i/slip	4607182418800017364	0.9999999999999951
C/press_flow/1500/i/sp_thrust	4649651320669411050	732.1551550409906
C/press_flow/1500/i/tau_hpc	4610603672633087526	1.7596709557123034
C/press_flow/1500/i/tau_hpt	4605717804202370306	0.8373951151490078
C/press_flow/1500/i/tau_lpc	4609027584132985304	1.4097090073802203
C/press_flow/1500/i/tau_lpt	4606513284257310085	0.9257111424114305
C/press_flow/1200/nu_lp	4605739119893734840	0.8397616322828787
C/press_flow/1200/nu_hp	4606095643583879064	0.879343713245123
C/press_flow/1200/slip	4606776975871644711	0.9549867925749184
C/press_flow/1200/phi_lp	4606028431164139377	0.8718816356515459
C/press_flow/1200/phi_hp	4606828550946107122	0.9607127760914109
C/press_flow/1200/i/M9	4607182418800017401	0.9999999999999992
C/press_flow/1200/i/Pc_hp	4687637101205941700	244387.43619237666
C/press_flow/1200/i/Pc_lp	4681161503485253988	93497.36901173514
C/press_flow/1200/i/Phi_hp	13616967620274468287	-5.592665959810191e-15
C/press_flow/1200/i/Phi_lp	13621282539636616587	-1.0887646949979337e-14
C/press_flow/1200/i/Pt_hp	4687637101205941629	244387.4361923746
C/press_flow/1200/i/Pt_lp	4681161503485253887	93497.36901173367
C/press_flow/1200/i/Tt2	4643741180423569407	286.12499999999994
C/press_flow/1200/i/Tt25	4645379450453766479	379.2498695336007
C/press_flow/1200/i/Tt3	4648688223211221593	622.663650601705
C/press_flow/1200/i/Tt4	4652992471259676672	1200.0
C/press_flow/1200/i/Tt45	4652050182214013278	1004.8741381788093
C/press_flow/1200/i/Tt5	4651393545498262600	930.223186433207
C/press_flow/1200/i/branch_choked	1	1
C/press_flow/1200/i/eta_hpc	4606094867201446605	0.8792575174798799
C/press_flow/1200/i/eta_hpt	4606461842859638129	0.92
C/press_flow/1200/i/eta_lpc	4606228052151949831	0.8940440173381042
C/press_flow/1200/i/eta_lpt	4606281698874543309	0.9
C/press_flow/1200/i/f	4581731606827121213	0.021074757975890746
C/press_flow/1200/i/m_hp	4606022549606872486	0.8712286516217105
C/press_flow/1200/i/m_imp	4604770045352995527	0.7321727455121952
C/press_flow/1200/i/m_lp	4604770045352995524	0.7321727455121949
C/press_flow/1200/i/mdot4	4604909029710786366	0.7476031089204083
C/press_flow/1200/i/mdot_air	4604770045352995527	0.7321727455121952
C/press_flow/1200/i/n_hp	4606343456979905287	0.9068565270530095
C/press_flow/1200/i/n_lp	4605739119893734840	0.8397616322828787
C/press_flow/1200/i/nu_hp	4606095643583879064	0.879343713245123
C/press_flow/1200/i/nu_hpt	4607030522825745886	0.9831361592015886
C/press_flow/1200/i/nu_lp	4605739119893734840	0.8397616322828787
C/press_flow/1200/i/nu_lpt	4606631917222370111	0.9388820473403497
C/press_flow/1200/i/phi_hp	4606828550946107103	0.9607127760914088
C/press_flow/1200/i/phi_lp	4606028431164139234	0.87188163565153
C/press_flow/1200/i/pi_hpc	4617076809113177090	4.787983952238394
C/press_flow/1200/i/pi_hpt	4601427004634511389	0.4305103338600718
C/press_flow/1200/i/pi_lpc	4612687357948529882	2.444684076735581
C/press_flow/1200/i/pi_lpt	4604376207078889679	0.6884479135231006
C/press_flow/1200/i/pt4	4695755372595333277	874064.9212439243
C/press_flow/1200/i/slip	4606776975871644711	0.9549867925749184
C/press_flow/1200/i/sp_thrust	4648187938274203080	565.7878381523124
C/press_flow/1200/i/tau_hpc	4610072962216850498	1.6418295710093536
C/press_flow/1200/i/tau_hpt	4605717804202370306	0.8373951151490078
C/press_flow/1200/i/tau_lpc	4608648201684178004	1.3254691814193125
C/press_flow/1200/i/tau_lpt	4606513284257310084	0.9257111424114304
C/press_flow/950/nu_lp	4604616678888611148	0.7151456475157061
C/press_flow/950/nu_hp	4605144271605134872	0.7737202056666233
C/press_flow/950/slip	4606500527965760133	0.9242949095526717
C/press_flow/950/phi_lp	4605131389443859749	0.7722899984611656
C/press_flow/950/phi_hp	4606605455755670725	0.9359442343808487
C/press_flow/950/i/M9	4607182418800017406	0.9999999999999998
C/press_flow/950/i/Pc_hp	4685849093425896566	192349.56090662227
C/press_flow/950/i/Pc_lp	4679793396958901048	73588.79881687171
C/press_flow/950/i/Phi_hp	13633082240208291066	-6.550407860633897e-14
C/press_flow/950/i/Phi_lp	13634224467637249670	-7.992101562356383e-14
C/press_flow/950/i/Pt_hp	4685849093425895596	192349.56090659404
C/press_flow/950/i/Pt_lp	4679793396958900211	73588.79881685953
C/press_flow/950/i/Tt2	4643741180423569407	286.12499999999994
C/press_flow/950/i/Tt25	4645030610542664534	359.4206163514658
C/press_flow/950/i/Tt3	4648057896889443973	551.0038443461095
C/press_flow/950/i/Tt4	4651567504190078976	950.0
C/press_flow/950/i/Tt45	4650208730881714967	795.5253593915576
C/press_flow/950/i/Tt5	4649688893481745681	736.4266892596225
C/press_flow/950/i/branch_choked	1	1
C/press_flow/950/i/eta_hpc	4606079513835083851	0.8775529513957364
C/press_flow/950/i/eta_hpt	4606461842859638129	0.92
C/press_flow/950/i/eta_lpc	4606112174443429572	0.8811790073341048
C/press_flow/950/i/eta_lpt	4606281698874543309	0.9
C/press_flow/950/i/f	4579883344951062690	0.015143655721793717
C/press_flow/950/i/m_hp	4605085009247841546	0.7671407623105619
C/press_flow/950/i/m_imp	4603149894171626614	0.5522998310192537
C/press_flow/950/i/m_lp	4603149894171626612	0.5522998310192535
C/press_flow/950/i/mdot4	4603225228931496004	0.5606636695154141
C/press_flow/950/i/mdot_air	4603149894171626614	0.5522998310192537
C/press_flow/950/i/n_hp	4605557913351962164	0.8196436647940062
C/press_flow/950/i/n_lp	4604616678888611148	0.7151456475157061
C/press_flow/950/i/nu_hp	4605144271605134872	0.7737202056666233
C/press_flow/950/i/nu_hpt	4606932263622356432	0.9722271962031588
C/press_flow/950/i/nu_lp	4604616678888611148	0.7151456475157061
C/press_flow/950/i/nu_lpt	4606269310808449851	0.8986246483792465
C/press_flow/950/i/phi_hp	4606605455755668778	0.9359442343806326
C/press_flow/950/i/phi_lp	4605131389443857728	0.7722899984609413
C/press_flow/950/i/pi_hpc	4615808782156220261	3.8308748867356592
C/press_flow/950/i/pi_hpt	4601427004634511389	0.4305103338600718
C/press_flow/950/i/pi_lpc	4611773444630951988	2.038825033660965
C/press_flow/950/i/pi_lpt	4604376207078889679	0.6884479135231006
C/press_flow/950/i/pt4	4693257192691046844	583238.503704838
C/press_flow/950/i/slip	4606500527965760133	0.9242949095526717
C/press_flow/950/i/sp_thrust	4645759368804447024	400.84572747424227
C/press_flow/950/i/tau_hpc	4609582988258068184	1.533033496907981
C/press_flow/950/i/tau_hpt	4605717804202370308	0.837395115149008
C/press_flow/950/i/tau_lpc	4608336089784686181	1.2561664180042496
C/press_flow/950/i/tau_lpt	4606513284257310085	0.9257111424114305
C/tilted/1500/nu_lp	4607182418800017368	0.9999999999999956
C/tilted/1500/nu_hp	4607182418800017410	1.0000000000000004
C/tilted/1500/slip	4607182418800017364	0.9999999999999951
C/tilted/1500/phi_lp	4607182418800017435	1.000000000000006
C/tilted/1500/phi_hp	4607182418800017441	1.0000000000000073
C/tilted/1500/i/M9	4607182418800017406	0.9999999999999998
C/tilted/1500/i/Pc_hp	4689028848267263342	307641.2134074782
C/tilted/1500/i/Pc_lp	4682824482708545748	117696.90169561218
C/tilted/1500/i/Phi_hp	4392981919590641582	5.108570556123708e-15
C/tilted/1500/i/Phi_lp	13610703325678874799	-2.1018612666798603e-15
C/tilted/1500/i/Pt_hp	4689028848267263369	307641.21340747975
C/tilted/1500/i/Pt_lp	4682824482708545731	117696.90169561193
C/tilted/1500/i/Tt2	4643741180423569407	286.12499999999994
C/tilted/1500/i/Tt25	4645803477028629716	403.35298973666545
C/tilted/1500/i/Tt3	4649454405929320596	709.768540939333
C/tilted/1500/i/Tt4	4654311885213007872	1500.0
C/tilted/1500/i/Tt45	4653239169443246811	1256.0926727235117
C/tilted/1500/i/Tt5	4652828771495902638	1162.778983041509
C/tilted/1500/i/branch_choked	1	1
C/tilted/1500/i/eta_hpc	4606101554889448489	0.88
C/tilted/1500/i/eta_hpt	4606461842859638129	0.92
C/tilted/1500/i/eta_lpc	4606281698874543309	0.9
C/tilted/1500/i/eta_lpt	4606281698874543309	0.9
C/tilted/1500/i/f	4583809590202238797	0.02828421106290273
C/tilted/1500/i/m_hp	4607182418800017419	1.0000000000000024
C/tilted/1500/i/m_imp	4607182418800017372	0.999999999999996
C/tilted/1500/i/m_lp	4607182418800017372	0.999999999999996
C/tilted/1500/i/mdot4	4607309799562420747	1.0282842110628987
C/tilted/1500/i/mdot_air	4607182418800017373	0.9999999999999961
C/tilted/1500/i/n_hp	4607182418800017416	1.0000000000000018
C/tilted/1500/i/n_lp	4607182418800017368	0.9999999999999956
C/tilted/1500/i/nu_hp	4607182418800017410	1.0000000000000004
C/tilted/1500/i/nu_hpt	4607182418800017410	1.0000000000000004
C/tilted/1500/i/nu_lp	4607182418800017368	0.9999999999999956
C/tilted/1500/i/nu_lpt	4607182418800017372	0.999999999999996
C/tilted/1500/i/phi_hp	4607182418800017411	1.0000000000000007
C/tilted/1500/i/phi_lp	4607182418800017410	1.0000000000000004
C/tilted/1500/i/pi_hpc	4618441417868443677	6.000000000000026
C/tilted/1500/i/pi_hpt	4601427004634511389	0.4305103338600718
C/tilted/1500/i/pi_lpc	4613937818241073097	2.9999999999999756
C/tilted/1500/i/pi_lpt	4604376207078889679	0.6884479135231006
C/tilted/1500/i/pt4	4698523799358154330	1344128.427584073
C/tilted/1500/i/slip	4607182418800017364	0.9999999999999951
C/tilted/1500/i/sp_thrust	4649651320669411050	732.1551550409906
C/tilted/1500/i/tau_hpc	4610603672633087526	1.7596709557123034
C/tilted/1500/i/tau_hpt	4605717804202370306	0.8373951151490078
C/tilted/1500/i/tau_lpc	4609027584132985304	1.4097090073802203
C/tilted/1500/i/tau_lpt	4606513284257310085	0.9257111424114305
C/tilted/1200/nu_lp	4605791289660374144	0.8455536398941064
C/tilted/1200/nu_hp	4606077925454840661	0.8773766057639515
C/tilted/1200/slip	4606855722381873301	0.9637294114513845
C/tilted/1200/phi_lp	4605966535749172512	0.8650098641700517
C/tilted/1200/phi_hp	4606840713152621672	0.9620630522616809
C/tilted/1200/i/M9	4607182418800017401	0.9999999999999992
C/tilted/1200/i/Pc_hp	4687637101205941866	244387.4361923815
C/tilted/1200/i/Pc_lp	4681161503485256128	93497.36901176628
C/tilted/1200/i/Phi_hp	13625008600398002433	-1.9321813845297995e-14
C/tilted/1200/i/Phi_lp	13641659582875639128	-2.403141028000118e-13
C/tilted/1200/i/Pt_hp	4687637101205941621	244387.43619237436
C/tilted/1200/i/Pt_lp	4681161503485253881	93497.36901173358
C/tilted/1200/i/Tt2	4643741180423569407	286.12499999999994
C/tilted/1200/i/Tt25	4645379450453767024	379.2498695336317
C/tilted/1200/i/Tt3	4648688223211221908	622.6636506017408
C/tilted/1200/i/Tt4	4652992471259676672	1200.0
C/tilted/1200/i/Tt45	4652050182214013278	1004.8741381788093
C/tilted/1200/i/Tt5	4651393545498262600	930.223186433207
C/tilted/1200/i/branch_choked	1	1
C/tilted/1200/i/eta_hpc	4606089630299261372	0.8786761045415044
C/tilted/1200/i/eta_hpt	4606461842859638129	0.92
C/tilted/1200/i/eta_lpc	4606225967558100382	0.8938125809292392
C/tilted/1200/i/eta_lpt	4606281698874543309	0.9
C/tilted/1200/i/f	4581731606827120959	0.021074757975889865
C/tilted/1200/i/m_hp	4606015999693806859	0.8705014651922353
C/tilted/1200/i/m_imp	4604763195321043064	0.731412239192891
C/tilted/1200/i/m_lp	4604763195321043064	0.731412239192891
C/tilted/1200/i/mdot4	4604902035316068370	0.7468265751144847
C/tilted/1200/i/mdot_air	4604763195321043063	0.7314122391928909
C/tilted/1200/i/n_hp	4606325184487904816	0.9048278729193893
C/tilted/1200/i/n_lp	4605791289660374144	0.8455536398941064
C/tilted/1200/i/nu_hp	4606077925454840661	0.8773766057639515
C/tilted/1200/i/nu_hpt	4607010713355263895	0.9809368661781147
C/tilted/1200/i/nu_lp	4605791289660374144	0.8455536398941064
C/tilted/1200/i/nu_lpt	4606690244794658003	0.9453577087128003
C/tilted/1200/i/phi_hp	4606840713152621307	0.9620630522616404
C/tilted/1200/i/phi_lp	4605966535749168222	0.8650098641695754
C/tilted/1200/i/pi_hpc	4617072309594223312	4.783987576604616
C/tilted/1200/i/pi_hpt	4601427004634511389	0.4305103338600718
C/tilted/1200/i/pi_lpc	4612686233836330805	2.44418487063731
C/tilted/1200/i/pi_lpt	4604376207078889679	0.6884479135231006
C/tilted/1200/i/pt4	4695747573884518624	873157.0318146013
C/tilted/1200/i/slip	4606855722381873301	0.9637294114513845
C/tilted/1200/i/sp_thrust	4648186516747280173	565.6262292517109
C/tilted/1200/i/tau_hpc	4610072962216850319	1.6418295710093138
C/tilted/1200/i/tau_hpt	4605717804202370306	0.8373951151490078
C/tilted/1200/i/tau_lpc	4608648201684178492	1.3254691814194208
C/tilted/1200/i/tau_lpt	4606513284257310084	0.9257111424114304
C/tilted/950/nu_lp	4604697629821887486	0.7241330065145346
C/tilted/950/nu_hp	4605116807318045274	0.7706710572784445
C/tilted/950/slip	4606638506462582452	0.9396135999602024
C/tilted/950/phi_lp	4605022039208900581	0.7601496836011817
C/tilted/950/phi_hp	4606615474090280334	0.9370564929560474
C/tilted/950/i/M9	4607182418800017406	0.9999999999999998
C/tilted/950/i/Pc_hp	4685849093425902190	192349.56090678595
C/tilted/950/i/Pc_lp	4679793396958903024	73588.79881690047
C/tilted/950/i/Phi_hp	13645766320836108307	-4.476513844000891e-13
C/tilted/950/i/Phi_lp	13642180878467393770	-2.6663280439356634e-13
C/tilted/950/i/Pt_hp	4685849093425895565	192349.56090659313
C/tilted/950/i/Pt_lp	4679793396958900187	73588.79881685918
C/tilted/950/i/Tt2	4643741180423569407	286.12499999999994
C/tilted/950/i/Tt25	4645030610542665038	359.42061635149446
C/tilted/950/i/Tt3	4648057896889445659	551.0038443463012
C/tilted/950/i/Tt4	4651567504190078976	950.0
C/tilted/950/i/Tt45	4650208730881714967	795.5253593915576
C/tilted/950/i/Tt5	4649688893481745681	736.4266892596225
C/tilted/950/i/branch_choked	1	1
C/tilted/950/i/eta_hpc	4606059956063816872	0.8753816025986412
C/tilted/950/i/eta_hpt	4606461842859638129	0.92
C/tilted/950/i/eta_lpc	4606104849620717142	0.8803657886514411
C/tilted/950/i/eta_lpt	4606281698874543309	0.9
C/tilted/950/i/f	4579883344951059997	0.015143655721789046
C/tilted/950/i/m_hp	4605065957611334445	0.7650256057598647
C/tilted/950/i/m_imp	4603133227653353697	0.5504494757865609
C/tilted/950/i/m_lp	4603133227653353700	0.5504494757865612
C/tilted/950/i/mdot4	4603208310021208258	0.5587852931401118
C/tilted/950/i/mdot_air	4603133227653353697	0.5504494757865609
C/tilted/950/i/n_hp	4605528818947090180	0.8164135369763419
C/tilted/950/i/n_lp	4604697629821887486	0.7241330065145346
C/tilted/950/i/nu_hp	4605116807318045274	0.7706710572784445
C/tilted/950/i/nu_hpt	4606897753050398662	0.9683957530451088
C/tilted/950/i/nu_lp	4604697629821887486	0.7241330065145346
C/tilted/950/i/nu_lpt	4606371030652797815	0.9099178197048862
C/tilted/950/i/phi_hp	4606615474090268986	0.9370564929547875
C/tilted/950/i/phi_lp	4605022039208892686	0.7601496836003052
C/tilted/950/i/pi_hpc	4615784997591694045	3.820312418268584
C/tilted/950/i/pi_hpt	4601427004634511389	0.4305103338600718
C/tilted/950/i/pi_lpc	4611770714265472122	2.037612507812409
C/tilted/950/i/pi_lpt	4604376207078889679	0.6884479135231006
C/tilted/950/i/pt4	4693240407888127802	581284.495471216
C/tilted/950/i/slip	4606638506462582452	0.9396135999602024
C/tilted/950/i/sp_thrust	4645747183937822496	400.15309799694114
C/tilted/950/i/tau_hpc	4609582988258070036	1.5330334969083923
C/tilted/950/i/tau_hpt	4605717804202370308	0.837395115149008
C/tilted/950/i/tau_lpc	4608336089784686632	1.2561664180043497
C/tilted/950/i/tau_lpt	4606513284257310085	0.9257111424114305
C/steep/1500/nu_lp	4607182418800017368	0.9999999999999956
C/steep/1500/nu_hp	4607182418800017441	1.0000000000000073
C/steep/1500/slip	4607182418800017302	0.9999999999999882
C/steep/1500/phi_lp	4607182418800017435	1.000000000000006
C/steep/1500/phi_hp	4607182418800017410	1.0000000000000004
C/steep/1500/i/M9	4607182418800017406	0.9999999999999998
C/steep/1500/i/Pc_hp	4689028848267263384	307641.2134074806
C/steep/1500/i/Pc_lp	4682824482708545684	117696.90169561125
C/steep/1500/i/Phi_hp	13612569899321577832	-2.8380947534020584e-15
C/steep/1500/i/Phi_lp	4393872390454524915	5.81102820787965e-15
C/steep/1500/i/Pt_hp	4689028848267263369	307641.21340747975
C/steep/1500/i/Pt_lp	4682824482708545731	117696.90169561193
C/steep/1500/i/Tt2	4643741180423569407	286.12499999999994
C/steep/1500/i/Tt25	4645803477028629700	403.35298973666454
C/steep/1500/i/Tt3	4649454405929320609	709.7685409393345
C/steep/1500/i/Tt4	4654311885213007872	1500.0
C/steep/1500/i/Tt45	4653239169443246811	1256.0926727235117
C/steep/1500/i/Tt5	4652828771495902638	1162.778983041509
C/steep/1500/i/branch_choked	1	1
C/steep/1500/i/eta_hpc	4606101554889448489	0.88
C/steep/1500/i/eta_hpt	4606461842859638129	0.92
C/steep/1500/i/eta_lpc	4606281698874543309	0.9
C/steep/1500/i/eta_lpt	4606281698874543309	0.9
C/steep/1500/i/f	4583809590202238785	0.02828421106290269
C/steep/1500/i/m_hp	4607182418800017478	1.0000000000000155
C/steep/1500/i/m_imp	4607182418800017419	1.0000000000000024
C/steep/1500/i/m_lp	4607182418800017417	1.000000000000002
C/steep/1500/i/mdot4	4607309799562420776	1.0282842110629051
C/steep/1500/i/mdot_air	4607182418800017419	1.0000000000000024
C/steep/1500/i/n_hp	4607182418800017452	1.0000000000000098
C/steep/1500/i/n_lp	4607182418800017368	0.9999999999999956
C/steep/1500/i/nu_hp	4607182418800017441	1.0000000000000073
C/steep/1500/i/nu_hpt	4607182418800017441	1.0000000000000073
C/steep/1500/i/nu_lp	4607182418800017368	0.9999999999999956
C/steep/1500/i/nu_lpt	4607182418800017372	0.999999999999996
C/steep/1500/i/phi_hp	4607182418800017434	1.0000000000000058
C/steep/1500/i/phi_lp	4607182418800017437	1.0000000000000064
C/steep/1500/i/pi_hpc	4618441417868443773	6.000000000000111
C/steep/1500/i/pi_hpt	4601427004634511389	0.4305103338600718
C/steep/1500/i/pi_lpc	4613937818241073043	2.9999999999999516
C/steep/1500/i/pi_lpt	4604376207078889679	0.6884479135231006
C/steep/1500/i/pt4	4698523799358154366	1344128.4275840814
C/steep/1500/i/slip	4607182418800017302	0.9999999999999882
C/steep/1500/i/sp_thrust	4649651320669411056	732.1551550409913
C/steep/1500/i/tau_hpc	4610603672633087560	1.759670955712311
C/steep/1500/i/tau_hpt	4605717804202370306	0.8373951151490078
C/steep/1500/i/tau_lpc	4609027584132985290	1.4097090073802172
C/steep/1500/i/tau_lpt	4606513284257310085	0.9257111424114305
C/steep/1200/nu_lp	4605682637832572466	0.8334908638048033
C/steep/1200/nu_hp	4606045074568201897	0.8737294246913808
C/steep/1200/slip	4606767603039683537	0.9539461991899946
C/steep/1200/phi_lp	4606071097912903783	0.8766185963379599
C/steep/1200/phi_hp	4606875114995173061	0.965882424030689
C/steep/1200/i/M9	4607182418800017401	0.9999999999999992
C/steep/1200/i/Pc_hp	4687637101205942766	244387.43619240768
C/steep/1200/i/Pc_lp	4681161503485267288	93497.36901192868
C/steep/1200/i/Phi_hp	13635307359234487872	-9.358902915402071e-14
C/steep/1200/i/Phi_lp	13653118406060345805	-1.4563579209995287e-12
C/steep/1200/i/Pt_hp	4687637101205941583	244387.43619237325
C/steep/1200/i/Pt_lp	4681161503485253851	93497.36901173314
C/steep/1200/i/Tt2	4643741180423569407	286.12499999999994
C/steep/1200/i/Tt25	4645379450453769870	379.24986953379346
C/steep/1200/i/Tt3	4648688223211223560	622.6636506019286
C/steep/1200/i/Tt4	4652992471259676672	1200.0
C/steep/1200/i/Tt45	4652050182214013278	1004.8741381788093
C/steep/1200/i/Tt5	4651393545498262600	930.223186433207
C/steep/1200/i/branch_choked	1	1
C/steep/1200/i/eta_hpc	4606088354470933663	0.8785344591430152
C/steep/1200/i/eta_hpt	4606461842859638129	0.92
C/steep/1200/i/eta_lpc	4606217452523794827	0.8928672222150892
C/steep/1200/i/eta_lpt	4606281698874543309	0.9
C/steep/1200/i/f	4581731606827119629	0.02107475797588525
C/steep/1200/i/m_hp	4606014404577955281	0.8703243717576986
C/steep/1200/i/m_imp	4604756362026391908	0.7306535910873149
C/steep/1200/i/m_lp	4604756362026391913	0.7306535910873154
C/steep/1200/i/mdot4	4604895058011386234	0.7460519386836915
C/steep/1200/i/mdot_air	4604756362026391908	0.7306535910873149
C/steep/1200/i/n_hp	4606291305766171055	0.9010665792280202
C/steep/1200/i/n_lp	4605682637832572466	0.8334908638048033
C/steep/1200/i/nu_hp	4606045074568201897	0.8737294246913808
C/steep/1200/i/nu_hpt	4606973984947441187	0.9768591937758554
C/steep/1200/i/nu_lp	4605682637832572466	0.8334908638048033
C/steep/1200/i/nu_lpt	4606568768358235927	0.9318711150462801
C/steep/1200/i/phi_hp	4606875114995172037	0.9658824240305753
C/steep/1200/i/phi_lp	4606071097912884710	0.8766185963358424
C/steep/1200/i/pi_hpc	4617071213815707922	4.783014329774476
C/steep/1200/i/pi_hpt	4601427004634511389	0.4305103338600718
C/steep/1200/i/pi_lpc	4612681643827311513	2.442146497158728
C/steep/1200/i/pi_lpt	4604376207078889679	0.6884479135231006
C/steep/1200/i/pt4	4695739794228997941	872251.3607134583
C/steep/1200/i/slip	4606767603039683537	0.9539461991899946
C/steep/1200/i/sp_thrust	4648185095745325094	565.4646800330418
C/steep/1200/i/tau_hpc	4610072962216849396	1.6418295710091089
C/steep/1200/i/tau_hpt	4605717804202370306	0.8373951151490078
C/steep/1200/i/tau_lpc	4608648201684181038	1.3254691814199862
C/steep/1200/i/tau_lpt	4606513284257310084	0.9257111424114304
C/steep/950/nu_lp	4604538383699970474	0.7064531354010815
C/steep/950/nu_hp	4605068777028695265	0.7653386239668657
C/steep/950/slip	4606489400948682946	0.9230595624972227
C/steep/950/phi_lp	4605172853823550756	0.7768934693646412
C/steep/950/phi_hp	4606668971811341858	0.9429959331247952
C/steep/950/i/M9	4607182418800017406	0.9999999999999998
C/steep/950/i/Pc_hp	4685849093425916972	192349.56090721616
C/steep/950/i/Pc_lp	4679793396958908764	73588.798816984
C/steep/950/i/Phi_hp	13653125125885733418	-1.4577149789293077e-12
C/steep/950/i/Phi_lp	13649620386831607343	-8.29716632632548e-13
C/steep/950/i/Pt_hp	4685849093425895485	192349.5609065908
C/steep/950/i/Pt_lp	4679793396958900126	73588.7988168583
C/steep/950/i/Tt2	4643741180423569407	286.12499999999994
C/steep/950/i/Tt25	4645030610542666501	359.4206163515776
C/steep/950/i/Tt3	4648057896889450159	551.0038443468128
C/steep/950/i/Tt4	4651567504190078976	950.0
C/steep/950/i/Tt45	4650208730881714967	795.5253593915576
C/steep/950/i/Tt5	4649688893481745681	736.4266892596225
C/steep/950/i/branch_choked	1	1
C/steep/950/i/eta_hpc	4606055531972408212	0.8748904297841471
C/steep/950/i/eta_hpt	4606461842859638129	0.92
C/steep/950/i/eta_lpc	4606076474321423858	0.8772154975908377
C/steep/950/i/eta_lpt	4606281698874543309	0.9
C/steep/950/i/f	4579883344951052808	0.015143655721776575
C/steep/950/i/m_hp	4605061653220187303	0.7645477223440097
C/steep/950/i/m_imp	4603118720221540683	0.5488388273038621
C/steep/950/i/m_lp	4603118720221540683	0.5488388273038621
C/steep/950/i/mdot4	4603193582893842399	0.5571502535512954
C/steep/950/i/mdot_air	4603118720221540683	0.5488388273038621
C/steep/950/i/n_hp	4605477937863597354	0.8107646019351809
C/steep/950/i/n_lp	4604538383699970474	0.7064531354010815
C/steep/950/i/nu_hp	4605068777028695265	0.7653386239668657
C/steep/950/i/nu_hpt	4606837400027166765	0.9616952214453299
C/steep/950/i/nu_lp	4604538383699970474	0.7064531354010815
C/steep/950/i/nu_lpt	4606170928071162106	0.8877019703629963
C/steep/950/i/phi_hp	4606668971811315091	0.9429959331218235
C/steep/950/i/phi_lp	4605172853823532745	0.7768934693626416
C/steep/950/i/pi_hpc	4615779623876477174	3.8179260093239646
C/steep/950/i/pi_hpt	4601427004634511389	0.4305103338600718
C/steep/950/i/pi_lpc	4611760148174745247	2.032920220930307
C/steep/950/i/pi_lpt	4604376207078889679	0.6884479135231006
C/steep/950/i/pt4	4693225797495011726	579583.62185459
C/steep/950/i/slip	4606489400948682946	0.9230595624972227
C/steep/950/i/sp_thrust	4645736510691864012	399.5463942063186
C/steep/950/i/tau_hpc	4609582988258074848	1.5330334969094608
C/steep/950/i/tau_hpt	4605717804202370308	0.837395115149008
C/steep/950/i/tau_lpc	4608336089784687941	1.2561664180046404
C/steep/950/i/tau_lpt	4606513284257310085	0.9257111424114305
C/lp_only/1500/nu_lp	4607182418800017368	0.9999999999999956
C/lp_only/1500/nu_hp	4607182418800017410	1.0000000000000004
C/lp_only/1500/slip	4607182418800017364	0.9999999999999951
C/lp_only/1500/phi_lp	4607182418800017435	1.000000000000006
C/lp_only/1500/phi_hp	4607182418800017441	1.0000000000000073
C/lp_only/1500/i/M9	4607182418800017406	0.9999999999999998
C/lp_only/1500/i/Pc_hp	4689028848267263344	307641.2134074783
C/lp_only/1500/i/Pc_lp	4682824482708545740	117696.90169561206
C/lp_only/1500/i/Phi_hp	4392502224588287623	4.7301579223367684e-15
C/lp_only/1500/i/Phi_lp	13606513187898128209	-1.1127500823599263e-15
C/lp_only/1500/i/Pt_hp	4689028848267263369	307641.21340747975
C/lp_only/1500/i/Pt_lp	4682824482708545731	117696.90169561193
C/lp_only/1500/i/Tt2	4643741180423569407	286.12499999999994
C/lp_only/1500/i/Tt25	4645803477028629714	403.35298973666534
C/lp_only/1500/i/Tt3	4649454405929320596	709.768540939333
C/lp_only/1500/i/Tt4	4654311885213007872	1500.0
C/lp_only/1500/i/Tt45	4653239169443246811	1256.0926727235117
C/lp_only/1500/i/Tt5	4652828771495902638	1162.778983041509
C/lp_only/1500/i/branch_choked	1	1
C/lp_only/1500/i/eta_hpc	4606101554889448489	0.88
C/lp_only/1500/i/eta_hpt	4606461842859638129	0.92
C/lp_only/1500/i/eta_lpc	4606281698874543309	0.9
C/lp_only/1500/i/eta_lpt	4606281698874543309	0.9
C/lp_only/1500/i/f	4583809590202238797	0.02828421106290273
C/lp_only/1500/i/m_hp	4607182418800017429	1.0000000000000047
C/lp_only/1500/i/m_imp	4607182418800017375	0.9999999999999963
C/lp_only/1500/i/m_lp	4607182418800017381	0.999999999999997
C/lp_only/1500/i/mdot4	4607309799562420748	1.028284211062899
C/lp_only/1500/i/mdot_air	4607182418800017375	0.9999999999999963
C/lp_only/1500/i/n_hp	4607182418800017416	1.0000000000000018
C/lp_only/1500/i/n_lp	4607182418800017368	0.9999999999999956
C/lp_only/1500/i/nu_hp	4607182418800017410	1.0000000000000004
C/lp_only/1500/i/nu_hpt	4607182418800017410	1.0000000000000004
C/lp_only/1500/i/nu_lp	4607182418800017368	0.9999999999999956
C/lp_only/1500/i/nu_lpt	4607182418800017372	0.999999999999996
C/lp_only/1500/i/phi_hp	4607182418800017421	1.0000000000000029
C/lp_only/1500/i/phi_lp	4607182418800017415	1.0000000000000016
C/lp_only/1500/i/pi_hpc	4618441417868443683	6.000000000000031
C/lp_only/1500/i/pi_hpt	4601427004634511389	0.4305103338600718
C/lp_only/1500/i/pi_lpc	4613937818241073091	2.999999999999973
C/lp_only/1500/i/pi_lpt	4604376207078889679	0.6884479135231006
C/lp_only/1500/i/pt4	4698523799358154331	1344128.4275840733
C/lp_only/1500/i/slip	4607182418800017364	0.9999999999999951
C/lp_only/1500/i/sp_thrust	4649651320669411050	732.1551550409906
C/lp_only/1500/i/tau_hpc	4610603672633087528	1.7596709557123038
C/lp_only/1500/i/tau_hpt	4605717804202370306	0.8373951151490078
C/lp_only/1500/i/tau_lpc	4609027584132985302	1.4097090073802199
C/lp_only/1500/i/tau_lpt	4606513284257310085	0.9257111424114305
C/lp_only/1200/nu_lp	4605846603658398746	0.8516947273132047
C/lp_only/1200/nu_hp	4606203211896495932	0.8912861949838553
C/lp_only/1200/slip	4606782313603612290	0.9555793998678868
C/lp_only/1200/phi_lp	4605933579807916762	0.8613510196920189
C/lp_only/1200/phi_hp	4606721709769791187	0.9488510226990122
C/lp_only/1200/i/M9	4607182418800017401	0.9999999999999992
C/lp_only/1200/i/Pc_hp	4687637101205941678	244387.43619237602
C/lp_only/1200/i/Pc_lp	4681161503485255776	93497.36901176115
C/lp_only/1200/i/Phi_hp	13615307011426686091	-4.282676560930706e-15
C/lp_only/1200/i/Phi_lp	13640386404710461141	-2.0170435376514404e-13
C/lp_only/1200/i/Pt_hp	4687637101205941623	244387.4361923744
C/lp_only/1200/i/Pt_lp	4681161503485253882	93497.3690117336
C/lp_only/1200/i/Tt2	4643741180423569407	286.12499999999994
C/lp_only/1200/i/Tt25	4645379450453766934	379.24986953362657
C/lp_only/1200/i/Tt3	4648688223211221815	622.6636506017302
C/lp_only/1200/i/Tt4	4652992471259676672	1200.0
C/lp_only/1200/i/Tt45	4652050182214013278	1004.8741381788093
C/lp_only/1200/i/Tt5	4651393545498262600	930.223186433207
C/lp_only/1200/i/branch_choked	1	1
C/lp_only/1200/i/eta_hpc	4606101554889448489	0.88
C/lp_only/1200/i/eta_hpt	4606461842859638129	0.92
C/lp_only/1200/i/eta_lpc	4606237163402536513	0.8950555693565506
C/lp_only/1200/i/eta_lpt	4606281698874543309	0.9
C/lp_only/1200/i/f	4581731606827121034	0.021074757975890125
C/lp_only/1200/i/m_hp	4606030919731998025	0.8721579221850472
C/lp_only/1200/i/m_imp	4604782974073559942	0.7336081218371511
C/lp_only/1200/i/m_lp	4604782974073559942	0.7336081218371511
C/lp_only/1200/i/mdot4	4604922230901007609	0.7490687354540163
C/lp_only/1200/i/mdot_air	4604782974073559942	0.7336081218371511
C/lp_only/1200/i/n_hp	4606454390878597122	0.9191726639069204
C/lp_only/1200/i/n_lp	4605846603658398746	0.8516947273132047
C/lp_only/1200/i/nu_hp	4606203211896495932	0.8912861949838553
C/lp_only/1200/i/nu_hpt	4607150787855364019	0.9964882596955164
C/lp_only/1200/i/nu_lp	4605846603658398746	0.8516947273132047
C/lp_only/1200/i/nu_lpt	4606752087724503153	0.9522236531752367
C/lp_only/1200/i/phi_hp	4606721709769791092	0.9488510226990017
C/lp_only/1200/i/phi_lp	4605933579807912598	0.8613510196915566
C/lp_only/1200/i/pi_hpc	4617082559042415440	4.793090915302699
C/lp_only/1200/i/pi_hpt	4601427004634511389	0.4305103338600718
C/lp_only/1200/i/pi_lpc	4612692273093306617	2.44686683949578
C/lp_only/1200/i/pi_lpt	4604376207078889679	0.6884479135231006
C/lp_only/1200/i/pt4	4695770091848263027	875778.4678107932
C/lp_only/1200/i/slip	4606782313603612290	0.9555793998678868
C/lp_only/1200/i/sp_thrust	4648190613227066972	566.0919450844626
C/lp_only/1200/i/tau_hpc	4610072962216850293	1.641829571009308
C/lp_only/1200/i/tau_hpt	4605717804202370306	0.8373951151490078
C/lp_only/1200/i/tau_lpc	4608648201684178411	1.3254691814194028
C/lp_only/1200/i/tau_lpt	4606513284257310084	0.9257111424114304
C/lp_only/950/nu_lp	4604777503044943308	0.733000715643294
C/lp_only/950/nu_hp	4605297402276090731	0.7907211253337726
C/lp_only/950/slip	4606524918684628474	0.9270028233201508
C/lp_only/950/phi_lp	4605000631161027960	0.7577729128351356
C/lp_only/950/phi_hp	4606449886941142444	0.9186726264005549
C/lp_only/950/i/M9	4607182418800017406	0.9999999999999998
C/lp_only/950/i/Pc_hp	4685849093425895640	192349.56090659532
C/lp_only/950/i/Pc_lp	4679793396958900188	73588.7988168592
C/lp_only/950/i/Phi_hp	13611608334450831386	-2.458824286219175e-15
C/lp_only/950/i/Phi_lp	4388890891432280061	2.7170160293172453e-15
C/lp_only/950/i/Pt_hp	4685849093425895603	192349.56090659424
C/lp_only/950/i/Pt_lp	4679793396958900217	73588.79881685962
C/lp_only/950/i/Tt2	4643741180423569407	286.12499999999994
C/lp_only/950/i/Tt25	4645030610542664314	359.4206163514533
C/lp_only/950/i/Tt3	4648057896889443627	551.0038443460702
C/lp_only/950/i/Tt4	4651567504190078976	950.0
C/lp_only/950/i/Tt45	4650208730881714967	795.5253593915576
C/lp_only/950/i/Tt5	4649688893481745681	736.4266892596225
C/lp_only/950/i/branch_choked	1	1
C/lp_only/950/i/eta_hpc	4606101554889448489	0.88
C/lp_only/950/i/eta_hpt	4606461842859638129	0.92
C/lp_only/950/i/eta_lpc	4606143895722345219	0.8847007767563756
C/lp_only/950/i/eta_lpt	4606281698874543309	0.9
C/lp_only/950/i/f	4579883344951063242	0.015143655721794675
C/lp_only/950/i/m_hp	4605106524963006638	0.7695294865473181
C/lp_only/950/i/m_imp	4603178251144182369	0.55544808740326
C/lp_only/950/i/m_lp	4603178251144182369	0.55544808740326
C/lp_only/950/i/mdot4	4603254015332281461	0.5638596020102243
C/lp_only/950/i/mdot_air	4603178251144182369	0.55544808740326
C/lp_only/950/i/n_hp	4605720132954624069	0.8376536585860853
C/lp_only/950/i/n_lp	4604777503044943308	0.733000715643294
C/lp_only/950/i/nu_hp	4605297402276090731	0.7907211253337726
C/lp_only/950/i/nu_hpt	4607124681762384005	0.9935899011445747
C/lp_only/950/i/nu_lp	4604777503044943308	0.733000715643294
C/lp_only/950/i/nu_lpt	4606471396287732171	0.9210606435834107
C/lp_only/950/i/phi_hp	4606449886941142502	0.9186726264005614
C/lp_only/950/i/phi_lp	4605000631161027986	0.7577729128351385
C/lp_only/950/i/pi_hpc	4615835642941406648	3.842803471605034
C/lp_only/950/i/pi_hpt	4601427004634511389	0.4305103338600718
C/lp_only/950/i/pi_lpc	4611785282298672157	2.0440820141652822
C/lp_only/950/i/pi_lpt	4604376207078889679	0.6884479135231006
C/lp_only/950/i/pt4	4693285750917062287	586563.1187772321
C/lp_only/950/i/slip	4606524918684628474	0.9270028233201508
C/lp_only/950/i/sp_thrust	4645779913974799834	402.0135851981737
C/lp_only/950/i/tau_hpc	4609582988258067932	1.5330334969079251
C/lp_only/950/i/tau_hpt	4605717804202370308	0.837395115149008
C/lp_only/950/i/tau_lpc	4608336089784685984	1.2561664180042058
C/lp_only/950/i/tau_lpt	4606513284257310085	0.9257111424114305
C/hp_only/1500/nu_lp	4607182418800017368	0.9999999999999956
C/hp_only/1500/nu_hp	4607182418800017441	1.0000000000000073
C/hp_only/1500/slip	4607182418800017302	0.9999999999999882
C/hp_only/1500/phi_lp	4607182418800017435	1.000000000000006
C/hp_only/1500/phi_hp	4607182418800017410	1.0000000000000004
C/hp_only/1500/i/M9	4607182418800017406	0.9999999999999998
C/hp_only/1500/i/Pc_hp	4689028848267263386	307641.21340748074
C/hp_only/1500/i/Pc_lp	4682824482708545748	117696.90169561218
C/hp_only/1500/i/Phi_hp	13613529289326285796	-3.216507387189016e-15
C/hp_only/1500/i/Phi_lp	13610703325678874860	-2.1018612666798844e-15
C/hp_only/1500/i/Pt_hp	4689028848267263369	307641.21340747975
C/hp_only/1500/i/Pt_lp	4682824482708545731	117696.90169561193
C/hp_only/1500/i/Tt2	4643741180423569407	286.12499999999994
C/hp_only/1500/i/Tt25	4645803477028629716	403.35298973666545
C/hp_only/1500/i/Tt3	4649454405929320618	709.7685409393355
C/hp_only/1500/i/Tt4	4654311885213007872	1500.0
C/hp_only/1500/i/Tt45	4653239169443246811	1256.0926727235117
C/hp_only/1500/i/Tt5	4652828771495902638	1162.778983041509
C/hp_only/1500/i/branch_choked	1	1
C/hp_only/1500/i/eta_hpc	4606101554889448489	0.88
C/hp_only/1500/i/eta_hpt	4606461842859638129	0.92
C/hp_only/1500/i/eta_lpc	4606281698874543309	0.9
C/hp_only/1500/i/eta_lpt	4606281698874543309	0.9
C/hp_only/1500/i/f	4583809590202238777	0.028284211062902662
C/hp_only/1500/i/m_hp	4607182418800017474	1.0000000000000147
C/hp_only/1500/i/m_imp	4607182418800017442	1.0000000000000075
C/hp_only/1500/i/m_lp	4607182418800017444	1.000000000000008
C/hp_only/1500/i/mdot4	4607309799562420800	1.0282842110629105
C/hp_only/1500/i/mdot_air	4607182418800017442	1.0000000000000075
C/hp_only/1500/i/n_hp	4607182418800017447	1.0000000000000087
C/hp_only/1500/i/n_lp	4607182418800017368	0.9999999999999956
C/hp_only/1500/i/nu_hp	4607182418800017441	1.0000000000000073
C/hp_only/1500/i/nu_hpt	4607182418800017441	1.0000000000000073
C/hp_only/1500/i/nu_lp	4607182418800017368	0.9999999999999956
C/hp_only/1500/i/nu_lpt	4607182418800017372	0.999999999999996
C/hp_only/1500/i/phi_hp	4607182418800017435	1.000000000000006
C/hp_only/1500/i/phi_lp	4607182418800017464	1.0000000000000124
C/hp_only/1500/i/pi_hpc	4618441417868443753	6.000000000000093
C/hp_only/1500/i/pi_hpt	4601427004634511389	0.4305103338600718
C/hp_only/1500/i/pi_lpc	4613937818241073097	2.9999999999999756
C/hp_only/1500/i/pi_lpt	4604376207078889679	0.6884479135231006
C/hp_only/1500/i/pt4	4698523799358154395	1344128.4275840882
C/hp_only/1500/i/slip	4607182418800017302	0.9999999999999882
C/hp_only/1500/i/sp_thrust	4649651320669411061	732.1551550409919
C/hp_only/1500/i/tau_hpc	4610603672633087554	1.7596709557123096
C/hp_only/1500/i/tau_hpt	4605717804202370306	0.8373951151490078
C/hp_only/1500/i/tau_lpc	4609027584132985304	1.4097090073802203
C/hp_only/1500/i/tau_lpt	4606513284257310085	0.9257111424114305
C/hp_only/1200/nu_lp	4606203211896495880	0.8912861949838495
C/hp_only/1200/nu_hp	4606062002654540419	0.8756088198129678
C/hp_only/1200/slip	4607263053690141986	1.0179045423208852
C/hp_only/1200/phi_lp	4605605139256276048	0.824886793426808
C/hp_only/1200/phi_hp	4606855807447774903	0.9637388556636414
C/hp_only/1200/i/M9	4607182418800017401	0.9999999999999992
C/hp_only/1200/i/Pc_hp	4687637101205941682	244387.43619237613
C/hp_only/1200/i/Pc_lp	4681161503485253928	93497.36901173426
C/hp_only/1200/i/Phi_hp	13615214892928554120	-4.2100078791067195e-15
C/hp_only/1200/i/Phi_lp	13615178769932865299	-4.1815118600283414e-15
C/hp_only/1200/i/Pt_hp	4687637101205941629	244387.4361923746
C/hp_only/1200/i/Pt_lp	4681161503485253887	93497.36901173367
C/hp_only/1200/i/Tt2	4643741180423569407	286.12499999999994
C/hp_only/1200/i/Tt25	4645379450453766463	379.2498695335998
C/hp_only/1200/i/Tt3	4648688223211221580	622.6636506017035
C/hp_only/1200/i/Tt4	4652992471259676672	1200.0
C/hp_only/1200/i/Tt45	4652050182214013278	1004.8741381788093
C/hp_only/1200/i/Tt5	4651393545498262600	930.223186433207
C/hp_only/1200/i/branch_choked	1	1
C/hp_only/1200/i/eta_hpc	4606087896366648468	0.8784835993505049
C/hp_only/1200/i/eta_hpt	4606461842859638129	0.92
C/hp_only/1200/i/eta_lpc	4606281698874543309	0.9
C/hp_only/1200/i/eta_lpt	4606281698874543309	0.9
C/hp_only/1200/i/f	4581731606827121222	0.021074757975890777
C/hp_only/1200/i/m_hp	4606013831885511574	0.8702607901239954
C/hp_only/1200/i/m_imp	4604797404413528773	0.7352102114058076
C/hp_only/1200/i/m_lp	4604797404413528778	0.7352102114058081
C/hp_only/1200/i/mdot4	4604936965356898798	0.7507045886725885
C/hp_only/1200/i/mdot_air	4604797404413528774	0.7352102114058077
C/hp_only/1200/i/n_hp	4606308763496700310	0.9030047766671483
C/hp_only/1200/i/n_lp	4606203211896495880	0.8912861949838495
C/hp_only/1200/i/nu_hp	4606062002654540419	0.8756088198129678
C/hp_only/1200/i/nu_hpt	4606992911123332147	0.9789604214000803
C/hp_only/1200/i/nu_lp	4606203211896495880	0.8912861949838495
C/hp_only/1200/i/nu_lpt	4607150787855363964	0.9964882596955102
C/hp_only/1200/i/phi_hp	4606855807447774862	0.9637388556636368
C/hp_only/1200/i/phi_lp	4605605139256276045	0.8248867934268077
C/hp_only/1200/i/pi_hpc	4617070820399723620	4.782664906187254
C/hp_only/1200/i/pi_hpt	4601427004634511389	0.4305103338600718
C/hp_only/1200/i/pi_lpc	4612716343266912907	2.457556143873551
C/hp_only/1200/i/pi_lpt	4604376207078889679	0.6884479135231006
C/hp_only/1200/i/pt4	4695786520683800574	877691.0359871385
C/hp_only/1200/i/slip	4607263053690141986	1.0179045423208852
C/hp_only/1200/i/sp_thrust	4648193586530113310	566.4299705053888
C/hp_only/1200/i/tau_hpc	4610072962216850498	1.6418295710093536
C/hp_only/1200/i/tau_hpt	4605717804202370306	0.8373951151490078
C/hp_only/1200/i/tau_lpc	4608648201684177990	1.3254691814193094
C/hp_only/1200/i/tau_lpt	4606513284257310084	0.9257111424114304
C/hp_only/950/nu_lp	4605297402276090630	0.7907211253337614
C/hp_only/950/nu_hp	4605091979468363825	0.7679146122416168
C/hp_only/950/slip	4607316172478129585	1.0296992826136881
C/hp_only/950/phi_lp	4604528758750306701	0.7053845513283236
C/hp_only/950/phi_hp	4606636146253442672	0.939351564107211
C/hp_only/950/i/M9	4607182418800017406	0.9999999999999998
C/hp_only/950/i/Pc_hp	4685849093425897030	192349.56090663577
C/hp_only/950/i/Pc_lp	4679793396958900176	73588.79881685902
C/hp_only/950/i/Phi_hp	13635699230572575307	-9.853514080992188e-14
C/hp_only/950/i/Phi_lp	4389741327472867925	3.052453901722603e-15
C/hp_only/950/i/Pt_hp	4685849093425895596	192349.56090659404
C/hp_only/950/i/Pt_lp	4679793396958900211	73588.79881685953
C/hp_only/950/i/Tt2	4643741180423569407	286.12499999999994
C/hp_only/950/i/Tt25	4645030610542664311	359.42061635145313
C/hp_only/950/i/Tt3	4648057896889443980	551.0038443461103
C/hp_only/950/i/Tt4	4651567504190078976	950.0
C/hp_only/950/i/Tt45	4650208730881714967	795.5253593915576
C/hp_only/950/i/Tt5	4649688893481745681	736.4266892596225
C/hp_only/950/i/branch_choked	1	1
C/hp_only/950/i/eta_hpc	4606051907561983480	0.8744880393937242
C/hp_only/950/i/eta_hpt	4606461842859638129	0.92
C/hp_only/950/i/eta_lpc	4606281698874543309	0.9
C/hp_only/950/i/eta_lpt	4606281698874543309	0.9
C/hp_only/950/i/f	4579883344951062678	0.015143655721793697
C/hp_only/950/i/m_hp	4605058128304941219	0.7641563781374042
C/hp_only/950/i/m_imp	4603199097215328861	0.557762466219241
C/hp_only/950/i/m_lp	4603199097215328860	0.5577624662192409
C/hp_only/950/i/mdot4	4603275177089152542	0.5662090289822037
C/hp_only/950/i/mdot_air	4603199097215328861	0.557762466219241
C/hp_only/950/i/n_hp	4605502517462971644	0.8134934856513207
C/hp_only/950/i/n_lp	4605297402276090630	0.7907211253337614
C/hp_only/950/i/nu_hp	4605091979468363825	0.7679146122416168
C/hp_only/950/i/nu_hpt	4606866555324778001	0.9649321097151092
C/hp_only/950/i/nu_lp	4605297402276090630	0.7907211253337614
C/hp_only/950/i/nu_lpt	4607124681762383881	0.9935899011445609
C/hp_only/950/i/phi_hp	4606636146253440558	0.9393515641069763
C/hp_only/950/i/phi_lp	4604528758750305089	0.7053845513281446
C/hp_only/950/i/pi_hpc	4615775223279496640	3.8159717516880107
C/hp_only/950/i/pi_hpt	4601427004634511389	0.4305103338600718
C/hp_only/950/i/pi_lpc	4611836960538179138	2.0670317627143797
C/hp_only/950/i/pi_lpt	4604376207078889679	0.6884479135231006
C/hp_only/950/i/pt4	4693306744935734935	589007.1442174491
C/hp_only/950/i/slip	4607316172478129585	1.0296992826136881
C/hp_only/950/i/sp_thrust	4645794869433023431	402.86370457423294
C/hp_only/950/i/tau_hpc	4609582988258068438	1.5330334969080375
C/hp_only/950/i/tau_hpt	4605717804202370308	0.837395115149008
C/hp_only/950/i/tau_lpc	4608336089784685981	1.2561664180042051
C/hp_only/950/i/tau_lpt	4606513284257310085	0.9257111424114305
census/C/close_bracket_fails	0	0
census/C/close_calls	21	21
census/C/close_nonreal_propagated	0	0
census/C/eig_complex	0	0
census/C/eig_real	0	0
census/C/hi_wall_literal	6	6
census/C/hi_wall_map	15	15
census/C/illinois_calls	21	21
census/C/illinois_evals	163	163
census/C/illinois_exhausted	0	0
census/C/instant_calls	21	21
census/C/integrate_calls	0	0
census/C/match_calls	21	21
census/C/powers_calls	0	0
D/flat/1500/M9	4607182418800017406	0.9999999999999998
D/flat/1500/Pc_hp	4689028848267263342	307641.2134074782
D/flat/1500/Pc_lp	4682824482708545820	117696.90169561323
D/flat/1500/Phi_hp	4392981919590641612	5.1085705561237316e-15
D/flat/1500/Phi_lp	13621356199628391289	-1.1003861925559265e-14
D/flat/1500/Pt_hp	4689028848267263369	307641.21340747975
D/flat/1500/Pt_lp	4682824482708545731	117696.90169561193
D/flat/1500/Tt2	4643741180423569407	286.12499999999994
D/flat/1500/Tt25	4645803477028629735	403.35298973666653
D/flat/1500/Tt3	4649454405929320605	709.768540939334
D/flat/1500/Tt4	4654311885213007872	1500.0
D/flat/1500/Tt45	4653239169443246811	1256.0926727235117
D/flat/1500/Tt5	4652828771495902638	1162.778983041509
D/flat/1500/branch_choked	1	1
D/flat/1500/eta_hpc	4606101554889448489	0.88
D/flat/1500/eta_hpt	4606461842859638129	0.92
D/flat/1500/eta_lpc	4606281698874543309	0.9
D/flat/1500/eta_lpt	4606281698874543309	0.9
D/flat/1500/f	4583809590202238789	0.028284211062902704
D/flat/1500/m_hp	4607182418800017407	0.9999999999999999
D/flat/1500/m_imp	4607182418800017409	1.0000000000000002
D/flat/1500/m_lp	4607182418800017409	1.0000000000000002
D/flat/1500/mdot4	4607309799562420766	1.028284211062903
D/flat/1500/mdot_air	4607182418800017409	1.0000000000000002
D/flat/1500/n_hp	4607182418800017408	1.0
D/flat/1500/n_lp	4607182418800017408	1.0
D/flat/1500/nu_hp	4607182418800017408	1.0
D/flat/1500/nu_hpt	4607182418800017408	1.0
D/flat/1500/nu_lp	4607182418800017408	1.0
D/flat/1500/nu_lpt	4607182418800017410	1.0000000000000004
D/flat/1500/phi_hp	4607182418800017407	0.9999999999999999
D/flat/1500/phi_lp	4607182418800017409	1.0000000000000002
D/flat/1500/pi_hpc	4618441417868443649	6.000000000000001
D/flat/1500/pi_hpt	4601427004634511389	0.4305103338600718
D/flat/1500/pi_lpc	4613937818241073153	3.0000000000000004
D/flat/1500/pi_lpt	4604376207078889679	0.6884479135231006
D/flat/1500/pt4	4698523799358154354	1344128.4275840786
D/flat/1500/slip	4607182418800017408	1.0
D/flat/1500/sp_thrust	4649651320669411054	732.1551550409911
D/flat/1500/tau_hpc	4610603672633087516	1.7596709557123011
D/flat/1500/tau_hpt	4605717804202370306	0.8373951151490078
D/flat/1500/tau_lpc	4609027584132985321	1.409709007380224
D/flat/1500/tau_lpt	4606513284257310085	0.9257111424114305
D/flat/1500/exit_noise	0	0
D/flat/1500/passes	0	0
D/flat/1500/powers_calls	1	1
D/flat/1300/M9	4607182418800017404	0.9999999999999996
D/flat/1300/Pc_hp	4688302690121149209	265373.2462689146
D/flat/1300/Pc_lp	4681713232847163072	101526.08791523706
D/flat/1300/Phi_hp	4370746448954631318	1.6660767050587277e-16
D/flat/1300/Phi_lp	4375116171884117402	3.2661471019417696e-16
D/flat/1300/Pt_hp	4688302690121149210	265373.24626891466
D/flat/1300/Pt_lp	4681713232847163075	101526.0879152371
D/flat/1300/Tt2	4643741180423569407	286.12499999999994
D/flat/1300/Tt25	4645520130450428556	387.2466015092002
D/flat/1300/Tt3	4648942420916305239	651.5625838487566
D/flat/1300/Tt4	4653432275910787072	1300.0
D/flat/1300/Tt45	4652502588910327487	1088.6136496937104
D/flat/1300/Tt5	4652075406304869372	1007.7417853026413
D/flat/1300/branch_choked	1	1
D/flat/1300/eta_hpc	4606101554889448489	0.88
D/flat/1300/eta_hpt	4606461842859638129	0.92
D/flat/1300/eta_lpc	4606281698874543309	0.9
D/flat/1300/eta_lpt	4606281698874543309	0.9
D/flat/1300/f	4582421022801508488	0.02346665012685681
D/flat/1300/m_hp	4606411601880658112	0.9144221308356677
D/flat/1300/m_imp	4605541621982643088	0.8178349594619352
D/flat/1300/m_lp	4605541621982643088	0.8178349594619352
D/flat/1300/mdot4	4605714486771334397	0.8370268063171405
D/flat/1300/mdot_air	4605541621982643088	0.8178349594619352
D/flat/1300/n_hp	4606712998637020393	0.947883892681742
D/flat/1300/n_lp	4606540800011633765	0.9287660048104384
D/flat/1300/nu_hp	4606540800011633817	0.9287660048104441
D/flat/1300/nu_hpt	4607161294448174821	0.9976547258204077
D/flat/1300/nu_lp	4606540800011633765	0.9287660048104384
D/flat/1300/nu_lpt	4607161294448174769	0.9976547258204019
D/flat/1300/phi_hp	4606864450788650981	0.9646984592686719
D/flat/1300/phi_lp	4606106606352301247	0.8805608250367171
D/flat/1300/pi_hpc	4617527636637042053	5.188399229942097
D/flat/1300/pi_hpt	4601427004634511389	0.4305103338600718
D/flat/1300/pi_lpc	4613102411125874308	2.629004714308225
D/flat/1300/pi_lpt	4604376207078889679	0.6884479135231006
D/flat/1300/pt4	4696996704712798333	1018574.9991927292
D/flat/1300/slip	4607182418800017352	0.9999999999999938
D/flat/1300/sp_thrust	4648708162808594946	624.9305203725237
D/flat/1300/tau_hpc	4610256360197910378	1.682552103257843
D/flat/1300/tau_hpt	4605717804202370308	0.837395115149008
D/flat/1300/tau_lpc	4608774070025446651	1.3534175675288782
D/flat/1300/tau_lpt	4606513284257310084	0.9257111424114304
D/flat/1300/exit_noise	0	0
D/flat/1300/passes	5	5
D/flat/1300/powers_calls	16	16
D/flat/1200/M9	4607182418800017401	0.9999999999999992
D/flat/1200/Pc_hp	4687637101205941714	244387.43619237706
D/flat/1200/Pc_lp	4681161503485253904	93497.36901173391
D/flat/1200/Phi_hp	13618304903125933219	-6.647596120553353e-15
D/flat/1200/Phi_lp	13609681437814595525	-1.7375772066276268e-15
D/flat/1200/Pt_hp	4687637101205941629	244387.4361923746
D/flat/1200/Pt_lp	4681161503485253887	93497.36901173367
D/flat/1200/Tt2	4643741180423569407	286.12499999999994
D/flat/1200/Tt25	4645379450453766457	379.24986953359945
D/flat/1200/Tt3	4648688223211221586	622.6636506017041
D/flat/1200/Tt4	4652992471259676672	1200.0
D/flat/1200/Tt45	4652050182214013278	1004.8741381788093
D/flat/1200/Tt5	4651393545498262600	930.223186433207
D/flat/1200/branch_choked	1	1
D/flat/1200/eta_hpc	4606101554889448489	0.88
D/flat/1200/eta_hpt	4606461842859638129	0.92
D/flat/1200/eta_lpc	4606281698874543309	0.9
D/flat/1200/eta_lpt	4606281698874543309	0.9
D/flat/1200/f	4581731606827121218	0.021074757975890764
D/flat/1200/m_hp	4606030919731998491	0.8721579221850989
D/flat/1200/m_imp	4604811840499091489	0.7368129388635262
D/flat/1200/m_lp	4604811840499091489	0.7368129388635262
D/flat/1200/mdot4	4604951705679470866	0.7523410932235797
D/flat/1200/mdot_air	4604811840499091488	0.7368129388635261
D/flat/1200/n_hp	4606454390878597437	0.9191726639069554
D/flat/1200/n_lp	4606203211896495865	0.8912861949838479
D/flat/1200/nu_hp	4606203211896495951	0.8912861949838574
D/flat/1200/nu_hpt	4607150787855364040	0.9964882596955187
D/flat/1200/nu_lp	4606203211896495865	0.8912861949838479
D/flat/1200/nu_lpt	4607150787855363947	0.9964882596955084
D/flat/1200/phi_hp	4606721709769791274	0.9488510226990219
D/flat/1200/phi_lp	4605621336169954243	0.8266850120761479
D/flat/1200/pi_hpc	4617082559042415955	4.793090915303156
D/flat/1200/pi_hpt	4601427004634511389	0.4305103338600718
D/flat/1200/pi_lpc	4612716343266912892	2.4575561438735445
D/flat/1200/pi_lpt	4604376207078889679	0.6884479135231006
D/flat/1200/pt4	4695802956060654339	879604.3656729165
D/flat/1200/slip	4607182418800017312	0.9999999999999893
D/flat/1200/sp_thrust	4648196548079282806	566.7666596652259
D/flat/1200/tau_hpc	4610072962216850513	1.641829571009357
D/flat/1200/tau_hpt	4605717804202370306	0.8373951151490078
D/flat/1200/tau_lpc	4608648201684177984	1.325469181419308
D/flat/1200/tau_lpt	4606513284257310084	0.9257111424114304
D/flat/1200/exit_noise	0	0
D/flat/1200/passes	5	5
D/flat/1200/powers_calls	16	16
D/flow_press/1500/M9	4607182418800017406	0.9999999999999998
D/flow_press/1500/Pc_hp	4689028848267263342	307641.2134074782
D/flow_press/1500/Pc_lp	4682824482708545820	117696.90169561323
D/flow_press/1500/Phi_hp	4392981919590641612	5.1085705561237316e-15
D/flow_press/1500/Phi_lp	13621356199628391289	-1.1003861925559265e-14
D/flow_press/1500/Pt_hp	4689028848267263369	307641.21340747975
D/flow_press/1500/Pt_lp	4682824482708545731	117696.90169561193
D/flow_press/1500/Tt2	4643741180423569407	286.12499999999994
D/flow_press/1500/Tt25	4645803477028629735	403.35298973666653
D/flow_press/1500/Tt3	4649454405929320605	709.768540939334
D/flow_press/1500/Tt4	4654311885213007872	1500.0
D/flow_press/1500/Tt45	4653239169443246811	1256.0926727235117
D/flow_press/1500/Tt5	4652828771495902638	1162.778983041509
D/flow_press/1500/branch_choked	1	1
D/flow_press/1500/eta_hpc	4606101554889448489	0.88
D/flow_press/1500/eta_hpt	4606461842859638129	0.92
D/flow_press/1500/eta_lpc	4606281698874543309	0.9
D/flow_press/1500/eta_lpt	4606281698874543309	0.9
D/flow_press/1500/f	4583809590202238789	0.028284211062902704
D/flow_press/1500/m_hp	4607182418800017407	0.9999999999999999
D/flow_press/1500/m_imp	4607182418800017409	1.0000000000000002
D/flow_press/1500/m_lp	4607182418800017409	1.0000000000000002
D/flow_press/1500/mdot4	4607309799562420766	1.028284211062903
D/flow_press/1500/mdot_air	4607182418800017409	1.0000000000000002
D/flow_press/1500/n_hp	4607182418800017408	1.0
D/flow_press/1500/n_lp	4607182418800017408	1.0
D/flow_press/1500/nu_hp	4607182418800017408	1.0
D/flow_press/1500/nu_hpt	4607182418800017408	1.0
D/flow_press/1500/nu_lp	4607182418800017408	1.0
D/flow_press/1500/nu_lpt	4607182418800017410	1.0000000000000004
D/flow_press/1500/phi_hp	4607182418800017407	0.9999999999999999
D/flow_press/1500/phi_lp	4607182418800017409	1.0000000000000002
D/flow_press/1500/pi_hpc	4618441417868443649	6.000000000000001
D/flow_press/1500/pi_hpt	4601427004634511389	0.4305103338600718
D/flow_press/1500/pi_lpc	4613937818241073153	3.0000000000000004
D/flow_press/1500/pi_lpt	4604376207078889679	0.6884479135231006
D/flow_press/1500/pt4	4698523799358154354	1344128.4275840786
D/flow_press/1500/slip	4607182418800017408	1.0
D/flow_press/1500/sp_thrust	4649651320669411054	732.1551550409911
D/flow_press/1500/tau_hpc	4610603672633087516	1.7596709557123011
D/flow_press/1500/tau_hpt	4605717804202370306	0.8373951151490078
D/flow_press/1500/tau_lpc	4609027584132985321	1.409709007380224
D/flow_press/1500/tau_lpt	4606513284257310085	0.9257111424114305
D/flow_press/1500/exit_noise	0	0
D/flow_press/1500/passes	0	0
D/flow_press/1500/powers_calls	1	1
D/flow_press/1300/M9	4607182418800017404	0.9999999999999996
D/flow_press/1300/Pc_hp	4688302690121149218	265373.2462689151
D/flow_press/1300/Pc_lp	4681713232847163004	101526.08791523607
D/flow_press/1300/Phi_hp	13607690235414168020	-1.3448817746077535e-15
D/flow_press/1300/Phi_lp	4396050030998800866	7.952340040165306e-15
D/flow_press/1300/Pt_hp	4688302690121149210	265373.24626891466
D/flow_press/1300/Pt_lp	4681713232847163075	101526.0879152371
D/flow_press/1300/Tt2	4643741180423569407	286.12499999999994
D/flow_press/1300/Tt25	4645520130450428538	387.2466015091992
D/flow_press/1300/Tt3	4648942420916305235	651.5625838487562
D/flow_press/1300/Tt4	4653432275910787072	1300.0
D/flow_press/1300/Tt45	4652502588910327487	1088.6136496937104
D/flow_press/1300/Tt5	4652075406304869372	1007.7417853026413
D/flow_press/1300/branch_choked	1	1
D/flow_press/1300/eta_hpc	4606095673270062175	0.8793470090735233
D/flow_press/1300/eta_hpt	4606461842859638129	0.92
D/flow_press/1300/eta_lpc	4606261243322334590	0.8977289774956458
D/flow_press/1300/eta_lpt	4606281698874543309	0.9
D/flow_press/1300/f	4582421022801508491	0.02346665012685682
D/flow_press/1300/m_hp	4606403577692968258	0.9135312670429487
D/flow_press/1300/m_imp	4605518772844114416	0.815298195493197
D/flow_press/1300/m_lp	4605518772844114420	0.8152981954931975
D/flow_press/1300/mdot4	4605691101440066172	0.8344305129958935
D/flow_press/1300/mdot_air	4605518772844114416	0.815298195493197
D/flow_press/1300/n_hp	4606610443051979750	0.9364979355001395
D/flow_press/1300/n_lp	4606281558955011413	0.8999844658114095
D/flow_press/1300/nu_hp	4606440312872096373	0.917609691211125
D/flow_press/1300/nu_hpt	4607053353945266161	0.9856709226585264
D/flow_press/1300/nu_lp	4606281558955011413	0.8999844658114095
D/flow_press/1300/nu_lpt	4606882824883261321	0.966738393557976
D/flow_press/1300/phi_hp	4606961526311983235	0.9754760073817724
D/flow_press/1300/phi_lp	4606334864047825903	0.9059025199486522
D/flow_press/1300/pi_hpc	4617521945516958259	5.183344499899749
D/flow_press/1300/pi_hpt	4601427004634511389	0.4305103338600718
D/flow_press/1300/pi_lpc	4613089803660787360	2.62340587509955
D/flow_press/1300/pi_lpt	4604376207078889679	0.6884479135231006
D/flow_press/1300/pt4	4696969565499236169	1015415.57891176
D/flow_press/1300/slip	4607009410691444115	0.9807922414415081
D/flow_press/1300/sp_thrust	4648704354554194534	624.4975719725014
D/flow_press/1300/tau_hpc	4610256360197910393	1.6825521032578463
D/flow_press/1300/tau_hpt	4605717804202370308	0.837395115149008
D/flow_press/1300/tau_lpc	4608774070025446635	1.3534175675288747
D/flow_press/1300/tau_lpt	4606513284257310084	0.9257111424114304
D/flow_press/1300/exit_noise	0	0
D/flow_press/1300/passes	4	4
D/flow_press/1300/powers_calls	13	13
D/flow_press/1200/M9	4607182418800017401	0.9999999999999992
D/flow_press/1200/Pc_hp	4687637101205943428	244387.43619242695
D/flow_press/1200/Pc_lp	4681161503485252140	93497.36901170824
D/flow_press/1200/Phi_hp	13638050720124282126	-1.427433855422979e-13
D/flow_press/1200/Phi_lp	4416359996299580025	1.8518569334594035e-13
D/flow_press/1200/Pt_hp	4687637101205941623	244387.4361923744
D/flow_press/1200/Pt_lp	4681161503485253882	93497.3690117336
D/flow_press/1200/Tt2	4643741180423569407	286.12499999999994
D/flow_press/1200/Tt25	4645379450453766007	379.2498695335739
D/flow_press/1200/Tt3	4648688223211221798	622.6636506017282
D/flow_press/1200/Tt4	4652992471259676672	1200.0
D/flow_press/1200/Tt45	4652050182214013278	1004.8741381788093
D/flow_press/1200/Tt5	4651393545498262600	930.223186433207
D/flow_press/1200/branch_choked	1	1
D/flow_press/1200/eta_hpc	4606087896366648521	0.8784835993505108
D/flow_press/1200/eta_hpt	4606461842859638129	0.92
D/flow_press/1200/eta_lpc	4606236337273824303	0.8949638506447907
D/flow_press/1200/eta_lpt	4606281698874543309	0.9
D/flow_press/1200/f	4581731606827121048	0.021074757975890174
D/flow_press/1200/m_hp	4606013831885514112	0.8702607901242772
D/flow_press/1200/m_imp	4604768067321029574	0.7319531398489907
D/flow_press/1200/m_lp	4604768067321029574	0.7319531398489907
D/flow_press/1200/mdot4	4604907009992275457	0.747378875121001
D/flow_press/1200/mdot_air	4604768067321029574	0.7319531398489907
D/flow_press/1200/n_hp	4606308763496701912	0.9030047766673261
D/flow_press/1200/n_lp	4605842986283984860	0.8512931180769061
D/flow_press/1200/nu_hp	4606062002654541702	0.8756088198131102
D/flow_press/1200/nu_hpt	4606992911123333582	0.9789604214002396
D/flow_press/1200/nu_lp	4605842986283984860	0.8512931180769061
D/flow_press/1200/nu_lpt	4606748043376958394	0.951774640398859
D/flow_press/1200/phi_hp	4606855807447775962	0.9637388556637589
D/flow_press/1200/phi_lp	4605919729204471802	0.8598132938070642
D/flow_press/1200/pi_hpc	4617070820399725547	4.782664906188965
D/flow_press/1200/pi_hpt	4601427004634511389	0.4305103338600718
D/flow_press/1200/pi_lpc	4612691827301682111	2.4466688682454953
D/flow_press/1200/pi_lpt	4604376207078889679	0.6884479135231006
D/flow_press/1200/pt4	4695753120620540798	873802.7568737117
D/flow_press/1200/slip	4606932288415762497	0.972229948824186
D/flow_press/1200/sp_thrust	4648187528093955287	565.7412060570449
D/flow_press/1200/tau_hpc	4610072962216851298	1.6418295710095312
D/flow_press/1200/tau_hpt	4605717804202370306	0.8373951151490078
D/flow_press/1200/tau_lpc	4608648201684177582	1.3254691814192188
D/flow_press/1200/tau_lpt	4606513284257310084	0.9257111424114304
D/flow_press/1200/exit_noise	0	0
D/flow_press/1200/passes	4	4
D/flow_press/1200/powers_calls	13	13
D/press_flow/1500/M9	4607182418800017406	0.9999999999999998
D/press_flow/1500/Pc_hp	4689028848267263340	307641.21340747806
D/press_flow/1500/Pc_lp	4682824482708545820	117696.90169561323
D/press_flow/1500/Phi_hp	4393461614592995576	5.486983189910675e-15
D/press_flow/1500/Phi_lp	13621356199628391289	-1.1003861925559265e-14
D/press_flow/1500/Pt_hp	4689028848267263369	307641.21340747975
D/press_flow/1500/Pt_lp	4682824482708545731	117696.90169561193
D/press_flow/1500/Tt2	4643741180423569407	286.12499999999994
D/press_flow/1500/Tt25	4645803477028629734	403.3529897366665
D/press_flow/1500/Tt3	4649454405929320604	709.7685409393339
D/press_flow/1500/Tt4	4654311885213007872	1500.0
D/press_flow/1500/Tt45	4653239169443246811	1256.0926727235117
D/press_flow/1500/Tt5	4652828771495902638	1162.778983041509
D/press_flow/1500/branch_choked	1	1
D/press_flow/1500/eta_hpc	4606101554889448489	0.88
D/press_flow/1500/eta_hpt	4606461842859638129	0.92
D/press_flow/1500/eta_lpc	4606281698874543309	0.9
D/press_flow/1500/eta_lpt	4606281698874543309	0.9
D/press_flow/1500/f	4583809590202238790	0.028284211062902707
D/press_flow/1500/m_hp	4607182418800017407	0.9999999999999999
D/press_flow/1500/m_imp	4607182418800017409	1.0000000000000002
D/press_flow/1500/m_lp	4607182418800017409	1.0000000000000002
D/press_flow/1500/mdot4	4607309799562420766	1.028284211062903
D/press_flow/1500/mdot_air	4607182418800017409	1.0000000000000002
D/press_flow/1500/n_hp	4607182418800017408	1.0
D/press_flow/1500/n_lp	4607182418800017408	1.0
D/press_flow/1500/nu_hp	4607182418800017408	1.0
D/press_flow/1500/nu_hpt	4607182418800017408	1.0
D/press_flow/1500/nu_lp	4607182418800017408	1.0
D/press_flow/1500/nu_lpt	4607182418800017410	1.0000000000000004
D/press_flow/1500/phi_hp	4607182418800017407	0.9999999999999999
D/press_flow/1500/phi_lp	4607182418800017409	1.0000000000000002
D/press_flow/1500/pi_hpc	4618441417868443649	6.000000000000001
D/press_flow/1500/pi_hpt	4601427004634511389	0.4305103338600718
D/press_flow/1500/pi_lpc	4613937818241073153	3.0000000000000004
D/press_flow/1500/pi_lpt	4604376207078889679	0.6884479135231006
D/press_flow/1500/pt4	4698523799358154354	1344128.4275840786
D/press_flow/1500/slip	4607182418800017408	1.0
D/press_flow/1500/sp_thrust	4649651320669411054	732.1551550409911
D/press_flow/1500/tau_hpc	4610603672633087516	1.7596709557123011
D/press_flow/1500/tau_hpt	4605717804202370306	0.8373951151490078
D/press_flow/1500/tau_lpc	4609027584132985320	1.4097090073802239
D/press_flow/1500/tau_lpt	4606513284257310085	0.9257111424114305
D/press_flow/1500/exit_noise	0	0
D/press_flow/1500/passes	0	0
D/press_flow/1500/powers_calls	1	1
D/press_flow/1300/M9	4607182418800017404	0.9999999999999996
D/press_flow/1300/Pc_hp	4688302690121149212	265373.2462689148
D/press_flow/1300/Pc_lp	4681713232847162972	101526.0879152356
D/press_flow/1300/Phi_hp	13598664269037626792	-3.352951531087054e-16
D/press_flow/1300/Phi_lp	4398390254577869977	1.1644561822173336e-14
D/press_flow/1300/Pt_hp	4688302690121149210	265373.24626891466
D/press_flow/1300/Pt_lp	4681713232847163075	101526.0879152371
D/press_flow/1300/Tt2	4643741180423569407	286.12499999999994
D/press_flow/1300/Tt25	4645520130450428530	387.24660150919874
D/press_flow/1300/Tt3	4648942420916305227	651.5625838487553
D/press_flow/1300/Tt4	4653432275910787072	1300.0
D/press_flow/1300/Tt45	4652502588910327487	1088.6136496937104
D/press_flow/1300/Tt5	4652075406304869372	1007.7417853026413
D/press_flow/1300/branch_choked	1	1
D/press_flow/1300/eta_hpc	4606098592825405587	0.8796711448299156
D/press_flow/1300/eta_hpt	4606461842859638129	0.92
D/press_flow/1300/eta_lpc	4606257266750711696	0.897287489358165
D/press_flow/1300/eta_lpt	4606281698874543309	0.9
D/press_flow/1300/f	4582421022801508497	0.02346665012685684
D/press_flow/1300/m_hp	4606407560091594704	0.9139734021077803
D/press_flow/1300/m_imp	4605519281560969205	0.8153546744097172
D/press_flow/1300/m_lp	4605519281560969195	0.8153546744097161
D/press_flow/1300/mdot4	4605691622094801406	0.8344883172833872
D/press_flow/1300/mdot_air	4605519281560969205	0.8153546744097172
D/press_flow/1300/n_hp	4606634307101033121	0.9391473771721232
D/press_flow/1300/n_lp	4606206883605142176	0.8916938365317328
D/press_flow/1300/nu_hp	4606463695606700279	0.9202056962447206
D/press_flow/1300/nu_hpt	4607078471031334522	0.988459479384985
D/press_flow/1300/nu_lp	4606206883605142176	0.8916938365317328
D/press_flow/1300/nu_lpt	4606802610690113132	0.9578328291444911
D/press_flow/1300/phi_hp	4606940979580838436	0.9731948619819986
D/press_flow/1300/phi_lp	4606411299817242527	0.9143885950597798
D/press_flow/1300/pi_hpc	4617524770015796120	5.185853158814005
D/press_flow/1300/pi_hpt	4601427004634511389	0.4305103338600718
D/press_flow/1300/pi_lpc	4613087354990419115	2.622318447010533
D/press_flow/1300/pi_lpt	4604376207078889679	0.6884479135231006
D/press_flow/1300/pt4	4696970169731003921	1015485.9207474609
D/press_flow/1300/slip	4606903337717813581	0.9690157756800005
D/press_flow/1300/sp_thrust	4648704439599697620	624.5072405268097
D/press_flow/1300/tau_hpc	4610256360197910391	1.6825521032578459
D/press_flow/1300/tau_hpt	4605717804202370308	0.837395115149008
D/press_flow/1300/tau_lpc	4608774070025446628	1.353417567528873
D/press_flow/1300/tau_lpt	4606513284257310084	0.9257111424114304
D/press_flow/1300/exit_noise	0	0
D/press_flow/1300/passes	4	4
D/press_flow/1300/powers_calls	13	13
D/press_flow/1200/M9	4607182418800017401	0.9999999999999992
D/press_flow/1200/Pc_hp	4687637101205941916	244387.43619238294
D/press_flow/1200/Pc_lp	4681161503485250860	93497.36901168962
D/press_flow/1200/Phi_hp	13625874966763562138	-2.2055584066851862e-14
D/press_flow/1200/Phi_lp	4420001467125648410	3.268450054686942e-13
D/press_flow/1200/Pt_hp	4687637101205941636	244387.4361923748
D/press_flow/1200/Pt_lp	4681161503485253892	93497.36901173374
D/press_flow/1200/Tt2	4643741180423569407	286.12499999999994
D/press_flow/1200/Tt25	4645379450453765681	379.24986953355534
D/press_flow/1200/Tt3	4648688223211221249	622.6636506016658
D/press_flow/1200/Tt4	4652992471259676672	1200.0
D/press_flow/1200/Tt45	4652050182214013278	1004.8741381788093
D/press_flow/1200/Tt5	4651393545498262600	930.223186433207
D/press_flow/1200/branch_choked	1	1
D/press_flow/1200/eta_hpc	4606094867201446617	0.8792575174798812
D/press_flow/1200/eta_hpt	4606461842859638129	0.92
D/press_flow/1200/eta_lpc	4606228052151949719	0.8940440173380918
D/press_flow/1200/eta_lpt	4606281698874543309	0.9
D/press_flow/1200/f	4581731606827121489	0.021074757975891704
D/press_flow/1200/m_hp	4606022549606873466	0.8712286516218193
D/press_flow/1200/m_imp	4604770045352994132	0.7321727455120404
D/press_flow/1200/m_lp	4604770045352994132	0.7321727455120404
D/press_flow/1200/mdot4	4604909029710784947	0.7476031089202507
D/press_flow/1200/mdot_air	4604770045352994132	0.7321727455120404
D/press_flow/1200/n_hp	4606343456979905985	0.906856527053087
D/press_flow/1200/n_lp	4605739119893733066	0.8397616322826817
D/press_flow/1200/nu_hp	4606095643583879268	0.8793437132451456
D/press_flow/1200/nu_hpt	4607030522825746114	0.9831361592016139
D/press_flow/1200/nu_lp	4605739119893733066	0.8397616322826817
D/press_flow/1200/nu_lpt	4606631917222368128	0.9388820473401296
D/press_flow/1200/phi_hp	4606828550946107444	0.9607127760914467
D/press_flow/1200/phi_lp	4606028431164139418	0.8718816356515504
D/press_flow/1200/pi_hpc	4617076809113178088	4.78798395223928
D/press_flow/1200/pi_hpt	4601427004634511389	0.4305103338600718
D/press_flow/1200/pi_lpc	4612687357948527703	2.4446840767346134
D/press_flow/1200/pi_lpt	4604376207078889679	0.6884479135231006
D/press_flow/1200/pt4	4695755372595331695	874064.9212437401
D/press_flow/1200/slip	4606776975871642472	0.9549867925746698
D/press_flow/1200/sp_thrust	4648187938274202798	565.7878381522803
D/press_flow/1200/tau_hpc	4610072962216850918	1.6418295710094468
D/press_flow/1200/tau_hpt	4605717804202370306	0.8373951151490078
D/press_flow/1200/tau_lpc	4608648201684177290	1.325469181419154
D/press_flow/1200/tau_lpt	4606513284257310084	0.9257111424114304
D/press_flow/1200/exit_noise	0	0
D/press_flow/1200/passes	4	4
D/press_flow/1200/powers_calls	13	13
D/tilted/1500/M9	4607182418800017406	0.9999999999999998
D/tilted/1500/Pc_hp	4689028848267263340	307641.21340747806
D/tilted/1500/Pc_lp	4682824482708545820	117696.90169561323
D/tilted/1500/Phi_hp	4393461614592995576	5.486983189910675e-15
D/tilted/1500/Phi_lp	13621356199628391289	-1.1003861925559265e-14
D/tilted/1500/Pt_hp	4689028848267263369	307641.21340747975
D/tilted/1500/Pt_lp	4682824482708545731	117696.90169561193
D/tilted/1500/Tt2	4643741180423569407	286.12499999999994
D/tilted/1500/Tt25	4645803477028629734	403.3529897366665
D/tilted/1500/Tt3	4649454405929320604	709.7685409393339
D/tilted/1500/Tt4	4654311885213007872	1500.0
D/tilted/1500/Tt45	4653239169443246811	1256.0926727235117
D/tilted/1500/Tt5	4652828771495902638	1162.778983041509
D/tilted/1500/branch_choked	1	1
D/tilted/1500/eta_hpc	4606101554889448489	0.88
D/tilted/1500/eta_hpt	4606461842859638129	0.92
D/tilted/1500/eta_lpc	4606281698874543309	0.9
D/tilted/1500/eta_lpt	4606281698874543309	0.9
D/tilted/1500/f	4583809590202238790	0.028284211062902707
D/tilted/1500/m_hp	4607182418800017407	0.9999999999999999
D/tilted/1500/m_imp	4607182418800017409	1.0000000000000002
D/tilted/1500/m_lp	4607182418800017409	1.0000000000000002
D/tilted/1500/mdot4	4607309799562420766	1.028284211062903
D/tilted/1500/mdot_air	4607182418800017409	1.0000000000000002
D/tilted/1500/n_hp	4607182418800017408	1.0
D/tilted/1500/n_lp	4607182418800017408	1.0
D/tilted/1500/nu_hp	4607182418800017408	1.0
D/tilted/1500/nu_hpt	4607182418800017408	1.0
D/tilted/1500/nu_lp	4607182418800017408	1.0
D/tilted/1500/nu_lpt	4607182418800017410	1.0000000000000004
D/tilted/1500/phi_hp	4607182418800017407	0.9999999999999999
D/tilted/1500/phi_lp	4607182418800017409	1.0000000000000002
D/tilted/1500/pi_hpc	4618441417868443649	6.000000000000001
D/tilted/1500/pi_hpt	4601427004634511389	0.4305103338600718
D/tilted/1500/pi_lpc	4613937818241073153	3.0000000000000004
D/tilted/1500/pi_lpt	4604376207078889679	0.6884479135231006
D/tilted/1500/pt4	4698523799358154354	1344128.4275840786
D/tilted/1500/slip	4607182418800017408	1.0
D/tilted/1500/sp_thrust	4649651320669411054	732.1551550409911
D/tilted/1500/tau_hpc	4610603672633087516	1.7596709557123011
D/tilted/1500/tau_hpt	4605717804202370306	0.8373951151490078
D/tilted/1500/tau_lpc	4609027584132985320	1.4097090073802239
D/tilted/1500/tau_lpt	4606513284257310085	0.9257111424114305
D/tilted/1500/exit_noise	0	0
D/tilted/1500/passes	0	0
D/tilted/1500/powers_calls	1	1
D/tilted/1300/M9	4607182418800017404	0.9999999999999996
D/tilted/1300/Pc_hp	4688302690121149213	265373.24626891484
D/tilted/1300/Pc_lp	4681713232847162984	101526.08791523578
D/tilted/1300/Phi_hp	13601473061630623767	-5.034694298035566e-16
D/tilted/1300/Phi_lp	4397497830123876769	1.0236564296936437e-14
D/tilted/1300/Pt_hp	4688302690121149210	265373.24626891466
D/tilted/1300/Pt_lp	4681713232847163075	101526.0879152371
D/tilted/1300/Tt2	4643741180423569407	286.12499999999994
D/tilted/1300/Tt25	4645520130450428533	387.2466015091989
D/tilted/1300/Tt3	4648942420916305230	651.5625838487556
D/tilted/1300/Tt4	4653432275910787072	1300.0
D/tilted/1300/Tt45	4652502588910327487	1088.6136496937104
D/tilted/1300/Tt5	4652075406304869372	1007.7417853026413
D/tilted/1300/branch_choked	1	1
D/tilted/1300/eta_hpc	4606096365660673614	0.8794238798734086
D/tilted/1300/eta_hpt	4606461842859638129	0.92
D/tilted/1300/eta_lpc	4606256580514778811	0.8972113018648636
D/tilted/1300/eta_lpt	4606281698874543309	0.9
D/tilted/1300/f	4582421022801508495	0.023466650126856833
D/tilted/1300/m_hp	4606404522018937788	0.9136361082863611
D/tilted/1300/m_imp	4605516046032338597	0.8149954585714637
D/tilted/1300/m_lp	4605516046032338597	0.8149954585714637
D/tilted/1300/mdot4	4605688310639152447	0.8341206718527373
D/tilted/1300/mdot_air	4605516046032338596	0.8149954585714636
D/tilted/1300/n_hp	4606621734830663466	0.9377515747685028
D/tilted/1300/n_lp	4606243616527158787	0.895772010110193
D/tilted/1300/nu_hp	4606451376906685677	0.9188380458057545
D/tilted/1300/nu_hpt	4607065238624870592	0.9869903871522396
D/tilted/1300/nu_lp	4606243616527158787	0.895772010110193
D/tilted/1300/nu_lpt	4606842068177847671	0.9622134902821661
D/tilted/1300/phi_hp	4606950787291662650	0.9742837366195893
D/tilted/1300/phi_lp	4606370191484798340	0.9098246533414316
D/tilted/1300/pi_hpc	4617522615276029034	5.18393936545281
D/tilted/1300/pi_hpt	4601427004634511389	0.4305103338600718
D/tilted/1300/pi_lpc	4613086932497373275	2.6221308224076387
D/tilted/1300/pi_lpt	4604376207078889679	0.6884479135231006
D/tilted/1300/pt4	4696966326710735021	1015038.5343060695
D/tilted/1300/slip	4606956306722404536	0.9748965165288359
D/tilted/1300/sp_thrust	4648703898494423224	624.4457239792891
D/tilted/1300/tau_hpc	4610256360197910392	1.682552103257846
D/tilted/1300/tau_hpt	4605717804202370308	0.837395115149008
D/tilted/1300/tau_lpc	4608774070025446631	1.3534175675288738
D/tilted/1300/tau_lpt	4606513284257310084	0.9257111424114304
D/tilted/1300/exit_noise	0	0
D/tilted/1300/passes	4	4
D/tilted/1300/powers_calls	13	13
D/tilted/1200/M9	4607182418800017401	0.9999999999999992
D/tilted/1200/Pc_hp	4687637101205942312	244387.43619239447
D/tilted/1200/Pc_lp	4681161503485251180	93497.36901169427
D/tilted/1200/Phi_hp	13631886551400121471	-5.36278914889711e-14
D/tilted/1200/Phi_lp	4419266219351247770	2.897244790766671e-13
D/tilted/1200/Pt_hp	4687637101205941632	244387.43619237468
D/tilted/1200/Pt_lp	4681161503485253889	93497.3690117337
D/tilted/1200/Tt2	4643741180423569407	286.12499999999994
D/tilted/1200/Tt25	4645379450453765763	379.24986953356
D/tilted/1200/Tt3	4648688223211221391	622.663650601682
D/tilted/1200/Tt4	4652992471259676672	1200.0
D/tilted/1200/Tt45	4652050182214013278	1004.8741381788093
D/tilted/1200/Tt5	4651393545498262600	930.223186433207
D/tilted/1200/branch_choked	1	1
D/tilted/1200/eta_hpc	4606089630299261408	0.8786761045415084
D/tilted/1200/eta_hpt	4606461842859638129	0.92
D/tilted/1200/eta_lpc	4606225967558100295	0.8938125809292295
D/tilted/1200/eta_lpt	4606281698874543309	0.9
D/tilted/1200/f	4581731606827121375	0.021074757975891308
D/tilted/1200/m_hp	4606015999693808541	0.870501465192422
D/tilted/1200/m_imp	4604763195321041046	0.731412239192667
D/tilted/1200/m_lp	4604763195321041041	0.7314122391926664
D/tilted/1200/mdot4	4604902035316066320	0.7468265751142571
D/tilted/1200/mdot_air	4604763195321041046	0.731412239192667
D/tilted/1200/n_hp	4606325184487906016	0.9048278729195225
D/tilted/1200/n_lp	4605791289660371353	0.8455536398937965
D/tilted/1200/nu_hp	4606077925454841078	0.8773766057639978
D/tilted/1200/nu_hpt	4607010713355264361	0.9809368661781664
D/tilted/1200/nu_lp	4605791289660371353	0.8455536398937965
D/tilted/1200/nu_lpt	4606690244794654883	0.945357708712454
D/tilted/1200/phi_hp	4606840713152621890	0.9620630522617051
D/tilted/1200/phi_lp	4605966535749168685	0.8650098641696268
D/tilted/1200/pi_hpc	4617072309594224989	4.783987576606106
D/tilted/1200/pi_hpt	4601427004634511389	0.4305103338600718
D/tilted/1200/pi_lpc	4612686233836327414	2.4441848706358043
D/tilted/1200/pi_lpt	4604376207078889679	0.6884479135231006
D/tilted/1200/pt4	4695747573884516338	873157.0318143351
D/tilted/1200/slip	4606855722381869662	0.9637294114509805
D/tilted/1200/sp_thrust	4648186516747279766	565.6262292516647
D/tilted/1200/tau_hpc	4610072962216851019	1.6418295710094692
D/tilted/1200/tau_hpt	4605717804202370306	0.8373951151490078
D/tilted/1200/tau_lpc	4608648201684177363	1.3254691814191701
D/tilted/1200/tau_lpt	4606513284257310084	0.9257111424114304
D/tilted/1200/exit_noise	0	0
D/tilted/1200/passes	4	4
D/tilted/1200/powers_calls	13	13
D/steep/1500/M9	4607182418800017406	0.9999999999999998
D/steep/1500/Pc_hp	4689028848267263338	307641.21340747795
D/steep/1500/Pc_lp	4682824482708545820	117696.90169561323
D/steep/1500/Phi_hp	4393941309595349536	5.865395823697615e-15
D/steep/1500/Phi_lp	13621356199628391287	-1.1003861925559262e-14
D/steep/1500/Pt_hp	4689028848267263369	307641.21340747975
D/steep/1500/Pt_lp	4682824482708545731	117696.90169561193
D/steep/1500/Tt2	4643741180423569407	286.12499999999994
D/steep/1500/Tt25	4645803477028629734	403.3529897366665
D/steep/1500/Tt3	4649454405929320603	709.7685409393338
D/steep/1500/Tt4	4654311885213007872	1500.0
D/steep/1500/Tt45	4653239169443246811	1256.0926727235117
D/steep/1500/Tt5	4652828771495902638	1162.778983041509
D/steep/1500/branch_choked	1	1
D/steep/1500/eta_hpc	4606101554889448489	0.88
D/steep/1500/eta_hpt	4606461842859638129	0.92
D/steep/1500/eta_lpc	4606281698874543309	0.9
D/steep/1500/eta_lpt	4606281698874543309	0.9
D/steep/1500/f	4583809590202238790	0.028284211062902707
D/steep/1500/m_hp	4607182418800017409	1.0000000000000002
D/steep/1500/m_imp	4607182418800017406	0.9999999999999998
D/steep/1500/m_lp	4607182418800017410	1.0000000000000004
D/steep/1500/mdot4	4607309799562420764	1.0282842110629025
D/steep/1500/mdot_air	4607182418800017406	0.9999999999999998
D/steep/1500/n_hp	4607182418800017408	1.0
D/steep/1500/n_lp	4607182418800017408	1.0
D/steep/1500/nu_hp	4607182418800017408	1.0
D/steep/1500/nu_hpt	4607182418800017408	1.0
D/steep/1500/nu_lp	4607182418800017408	1.0
D/steep/1500/nu_lpt	4607182418800017410	1.0000000000000004
D/steep/1500/phi_hp	4607182418800017409	1.0000000000000002
D/steep/1500/phi_lp	4607182418800017410	1.0000000000000004
D/steep/1500/pi_hpc	4618441417868443645	5.999999999999997
D/steep/1500/pi_hpt	4601427004634511389	0.4305103338600718
D/steep/1500/pi_lpc	4613937818241073153	3.0000000000000004
D/steep/1500/pi_lpt	4604376207078889679	0.6884479135231006
D/steep/1500/pt4	4698523799358154351	1344128.427584078
D/steep/1500/slip	4607182418800017408	1.0
D/steep/1500/sp_thrust	4649651320669411054	732.1551550409911
D/steep/1500/tau_hpc	4610603672633087515	1.759670955712301
D/steep/1500/tau_hpt	4605717804202370306	0.8373951151490078
D/steep/1500/tau_lpc	4609027584132985320	1.4097090073802239
D/steep/1500/tau_lpt	4606513284257310085	0.9257111424114305
D/steep/1500/exit_noise	0	0
D/steep/1500/passes	0	0
D/steep/1500/powers_calls	1	1
D/steep/1300/M9	4607182418800017404	0.9999999999999996
D/steep/1300/Pc_hp	4688302690121149204	265373.2462689143
D/steep/1300/Pc_lp	4681713232847163060	101526.08791523689
D/steep/1300/Phi_hp	4382616596572082513	1.009299953599003e-15
D/steep/1300/Phi_lp	4386133985394790294	1.7029825862728853e-15
D/steep/1300/Pt_hp	4688302690121149210	265373.24626891466
D/steep/1300/Pt_lp	4681713232847163075	101526.0879152371
D/steep/1300/Tt2	4643741180423569407	286.12499999999994
D/steep/1300/Tt25	4645520130450428553	387.24660150920005
D/steep/1300/Tt3	4648942420916305235	651.5625838487562
D/steep/1300/Tt4	4653432275910787072	1300.0
D/steep/1300/Tt45	4652502588910327487	1088.6136496937104
D/steep/1300/Tt5	4652075406304869372	1007.7417853026413
D/steep/1300/branch_choked	1	1
D/steep/1300/eta_hpc	4606095806838592907	0.8793618381593417
D/steep/1300/eta_hpt	4606461842859638129	0.92
D/steep/1300/eta_lpc	4606252880554437692	0.8968005237487726
D/steep/1300/eta_lpt	4606281698874543309	0.9
D/steep/1300/f	4582421022801508491	0.02346665012685682
D/steep/1300/m_hp	4606403759856125731	0.9135514912161152
D/steep/1300/m_imp	4605512534811040920	0.8146056346985402
D/steep/1300/m_lp	4605512534811040921	0.8146056346985403
D/steep/1300/mdot4	4605684717021253061	0.833721700119377
D/steep/1300/mdot_air	4605512534811040920	0.8146056346985402
D/steep/1300/n_hp	4606597944937556990	0.9351103660604847
D/steep/1300/n_lp	4606165708538031445	0.8871224857770509
D/steep/1300/nu_hp	4606428066832376000	0.9162501076853218
D/steep/1300/nu_hpt	4607040199588478406	0.9842104956805364
D/steep/1300/nu_lp	4606165708538031445	0.8871224857770509
D/steep/1300/nu_lpt	4606758381573116783	0.9529224107396724
D/steep/1300/phi_hp	4606974758732843371	0.9769451012128177
D/steep/1300/phi_lp	4606446135211829026	0.9182561007739631
D/steep/1300/pi_hpc	4617522074715382330	5.183459251151868
D/steep/1300/pi_hpt	4601427004634511389	0.4305103338600718
D/steep/1300/pi_lpc	4613084654924705302	2.6211193769611425
D/steep/1300/pi_lpt	4604376207078889679	0.6884479135231006
D/steep/1300/pt4	4696962156234699696	1014553.0269962456
D/steep/1300/slip	4606896079631111510	0.968209966182864
D/steep/1300/sp_thrust	4648703310742745230	624.3789043496524
D/steep/1300/tau_hpc	4610256360197910376	1.6825521032578425
D/steep/1300/tau_hpt	4605717804202370308	0.837395115149008
D/steep/1300/tau_lpc	4608774070025446649	1.3534175675288778
D/steep/1300/tau_lpt	4606513284257310084	0.9257111424114304
D/steep/1300/exit_noise	0	0
D/steep/1300/passes	4	4
D/steep/1300/powers_calls	13	13
D/steep/1200/M9	4607182418800017401	0.9999999999999992
D/steep/1200/Pc_hp	4687637101205941524	244387.43619237153
D/steep/1200/Pc_lp	4681161503485253436	93497.3690117271
D/steep/1200/Phi_hp	4396374930947030364	8.46494177469847e-15
D/steep/1200/Phi_lp	4407779554113755767	4.898963907804605e-14
D/steep/1200/Pt_hp	4687637101205941631	244387.43619237465
D/steep/1200/Pt_lp	4681161503485253888	93497.36901173368
D/steep/1200/Tt2	4643741180423569407	286.12499999999994
D/steep/1200/Tt25	4645379450453766338	379.2498695335927
D/steep/1200/Tt3	4648688223211221477	622.6636506016918
D/steep/1200/Tt4	4652992471259676672	1200.0
D/steep/1200/Tt45	4652050182214013278	1004.8741381788093
D/steep/1200/Tt5	4651393545498262600	930.223186433207
D/steep/1200/branch_choked	1	1
D/steep/1200/eta_hpc	4606088354470933703	0.8785344591430196
D/steep/1200/eta_hpt	4606461842859638129	0.92
D/steep/1200/eta_lpc	4606217452523794425	0.8928672222150446
D/steep/1200/eta_lpt	4606281698874543309	0.9
D/steep/1200/f	4581731606827121305	0.021074757975891065
D/steep/1200/m_hp	4606014404577956974	0.8703243717578866
D/steep/1200/m_imp	4604756362026383637	0.7306535910863966
D/steep/1200/m_lp	4604756362026383634	0.7306535910863963
D/steep/1200/mdot4	4604895058011377826	0.746051938682758
D/steep/1200/mdot_air	4604756362026383637	0.7306535910863966
D/steep/1200/n_hp	4606291305766172673	0.9010665792281999
D/steep/1200/n_lp	4605682637832563967	0.8334908638038597
D/steep/1200/nu_hp	4606045074568201382	0.8737294246913236
D/steep/1200/nu_hpt	4606973984947440611	0.9768591937757914
D/steep/1200/nu_lp	4605682637832563967	0.8334908638038597
D/steep/1200/nu_lpt	4606568768358226424	0.931871115045225
D/steep/1200/phi_hp	4606875114995172181	0.9658824240305913
D/steep/1200/phi_lp	4606071097912883716	0.876618596335732
D/steep/1200/pi_hpc	4617071213815710547	4.783014329776807
D/steep/1200/pi_hpt	4601427004634511389	0.4305103338600718
D/steep/1200/pi_lpc	4612681643827301952	2.442146497154482
D/steep/1200/pi_lpt	4604376207078889679	0.6884479135231006
D/steep/1200/pt4	4695739794228988566	872251.3607123669
D/steep/1200/slip	4606767603039674372	0.953946199188977
D/steep/1200/sp_thrust	4648185095745323421	565.4646800328516
D/steep/1200/tau_hpc	4610072962216850497	1.6418295710093533
D/steep/1200/tau_hpt	4605717804202370306	0.8373951151490078
D/steep/1200/tau_lpc	4608648201684177878	1.3254691814192845
D/steep/1200/tau_lpt	4606513284257310084	0.9257111424114304
D/steep/1200/exit_noise	0	0
D/steep/1200/passes	4	4
D/steep/1200/powers_calls	13	13
D/lp_only/1500/M9	4607182418800017406	0.9999999999999998
D/lp_only/1500/Pc_hp	4689028848267263342	307641.2134074782
D/lp_only/1500/Pc_lp	4682824482708545820	117696.90169561323
D/lp_only/1500/Phi_hp	4392981919590641612	5.1085705561237316e-15
D/lp_only/1500/Phi_lp	13621356199628391289	-1.1003861925559265e-14
D/lp_only/1500/Pt_hp	4689028848267263369	307641.21340747975
D/lp_only/1500/Pt_lp	4682824482708545731	117696.90169561193
D/lp_only/1500/Tt2	4643741180423569407	286.12499999999994
D/lp_only/1500/Tt25	4645803477028629735	403.35298973666653
D/lp_only/1500/Tt3	4649454405929320605	709.768540939334
D/lp_only/1500/Tt4	4654311885213007872	1500.0
D/lp_only/1500/Tt45	4653239169443246811	1256.0926727235117
D/lp_only/1500/Tt5	4652828771495902638	1162.778983041509
D/lp_only/1500/branch_choked	1	1
D/lp_only/1500/eta_hpc	4606101554889448489	0.88
D/lp_only/1500/eta_hpt	4606461842859638129	0.92
D/lp_only/1500/eta_lpc	4606281698874543309	0.9
D/lp_only/1500/eta_lpt	4606281698874543309	0.9
D/lp_only/1500/f	4583809590202238789	0.028284211062902704
D/lp_only/1500/m_hp	4607182418800017407	0.9999999999999999
D/lp_only/1500/m_imp	4607182418800017409	1.0000000000000002
D/lp_only/1500/m_lp	4607182418800017409	1.0000000000000002
D/lp_only/1500/mdot4	4607309799562420766	1.028284211062903
D/lp_only/1500/mdot_air	4607182418800017409	1.0000000000000002
D/lp_only/1500/n_hp	4607182418800017408	1.0
D/lp_only/1500/n_lp	4607182418800017408	1.0
D/lp_only/1500/nu_hp	4607182418800017408	1.0
D/lp_only/1500/nu_hpt	4607182418800017408	1.0
D/lp_only/1500/nu_lp	4607182418800017408	1.0
D/lp_only/1500/nu_lpt	4607182418800017410	1.0000000000000004
D/lp_only/1500/phi_hp	4607182418800017407	0.9999999999999999
D/lp_only/1500/phi_lp	4607182418800017409	1.0000000000000002
D/lp_only/1500/pi_hpc	4618441417868443649	6.000000000000001
D/lp_only/1500/pi_hpt	4601427004634511389	0.4305103338600718
D/lp_only/1500/pi_lpc	4613937818241073153	3.0000000000000004
D/lp_only/1500/pi_lpt	4604376207078889679	0.6884479135231006
D/lp_only/1500/pt4	4698523799358154354	1344128.4275840786
D/lp_only/1500/slip	4607182418800017408	1.0
D/lp_only/1500/sp_thrust	4649651320669411054	732.1551550409911
D/lp_only/1500/tau_hpc	4610603672633087516	1.7596709557123011
D/lp_only/1500/tau_hpt	4605717804202370306	0.8373951151490078
D/lp_only/1500/tau_lpc	4609027584132985321	1.409709007380224
D/lp_only/1500/tau_lpt	4606513284257310085	0.9257111424114305
D/lp_only/1500/exit_noise	0	0
D/lp_only/1500/passes	0	0
D/lp_only/1500/powers_calls	1	1
D/lp_only/1300/M9	4607182418800017404	0.9999999999999996
D/lp_only/1300/Pc_hp	4688302690121149212	265373.2462689148
D/lp_only/1300/Pc_lp	4681713232847163076	101526.08791523712
D/lp_only/1300/Phi_hp	13598607872331840290	-3.325145808350665e-16
D/lp_only/1300/Phi_lp	13591907058322642217	-1.1209177397337298e-16
D/lp_only/1300/Pt_hp	4688302690121149210	265373.24626891466
D/lp_only/1300/Pt_lp	4681713232847163075	101526.0879152371
D/lp_only/1300/Tt2	4643741180423569407	286.12499999999994
D/lp_only/1300/Tt25	4645520130450428557	387.2466015092003
D/lp_only/1300/Tt3	4648942420916305241	651.5625838487568
D/lp_only/1300/Tt4	4653432275910787072	1300.0
D/lp_only/1300/Tt45	4652502588910327487	1088.6136496937104
D/lp_only/1300/Tt5	4652075406304869372	1007.7417853026413
D/lp_only/1300/branch_choked	1	1
D/lp_only/1300/eta_hpc	4606101554889448489	0.88
D/lp_only/1300/eta_hpt	4606461842859638129	0.92
D/lp_only/1300/eta_lpc	4606261499176943696	0.8977573830634444
D/lp_only/1300/eta_lpt	4606281698874543309	0.9
D/lp_only/1300/f	4582421022801508486	0.0234666501268568
D/lp_only/1300/m_hp	4606411601880658118	0.9144221308356684
D/lp_only/1300/m_imp	4605526130254507692	0.8161150321352202
D/lp_only/1300/m_lp	4605526130254507691	0.8161150321352201
D/lp_only/1300/mdot4	4605698631504234987	0.8352665180576059
D/lp_only/1300/mdot_air	4605526130254507692	0.8161150321352202
D/lp_only/1300/n_hp	4606712998637020396	0.9478838926817423
D/lp_only/1300/n_lp	4606283383663507119	0.9001870491499256
D/lp_only/1300/nu_hp	4606540800011633820	0.9287660048104445
D/lp_only/1300/nu_hpt	4607161294448174824	0.997654725820408
D/lp_only/1300/nu_lp	4606283383663507119	0.9001870491499256
D/lp_only/1300/nu_lpt	4606884784934603163	0.966956002970892
D/lp_only/1300/phi_hp	4606864450788650984	0.9646984592686723
D/lp_only/1300/phi_lp	4606341200955665475	0.9066060580474943
D/lp_only/1300/pi_hpc	4617527636637042058	5.188399229942101
D/lp_only/1300/pi_hpt	4601427004634511389	0.4305103338600718
D/lp_only/1300/pi_lpc	4613089961234294853	2.623475851793986
D/lp_only/1300/pi_lpt	4604376207078889679	0.6884479135231006
D/lp_only/1300/pt4	4696978304311497167	1016432.9105535093
D/lp_only/1300/slip	4606905259271359554	0.9692291109789795
D/lp_only/1300/sp_thrust	4648705583394357464	624.6372749246902
D/lp_only/1300/tau_hpc	4610256360197910380	1.6825521032578434
D/lp_only/1300/tau_hpt	4605717804202370308	0.837395115149008
D/lp_only/1300/tau_lpc	4608774070025446652	1.3534175675288784
D/lp_only/1300/tau_lpt	4606513284257310084	0.9257111424114304
D/lp_only/1300/exit_noise	0	0
D/lp_only/1300/passes	5	5
D/lp_only/1300/powers_calls	16	16
D/lp_only/1200/M9	4607182418800017401	0.9999999999999992
D/lp_only/1200/Pc_hp	4687637101205941638	244387.43619237485
D/lp_only/1200/Pc_lp	4681161503485253880	93497.36901173356
D/lp_only/1200/Phi_hp	13603474247775879045	-7.008016190612848e-16
D/lp_only/1200/Phi_lp	4380555257251020760	7.454754363020091e-16
D/lp_only/1200/Pt_hp	4687637101205941629	244387.4361923746
D/lp_only/1200/Pt_lp	4681161503485253887	93497.36901173367
D/lp_only/1200/Tt2	4643741180423569407	286.12499999999994
D/lp_only/1200/Tt25	4645379450453766451	379.2498695335991
D/lp_only/1200/Tt3	4648688223211221563	622.6636506017015
D/lp_only/1200/Tt4	4652992471259676672	1200.0
D/lp_only/1200/Tt45	4652050182214013278	1004.8741381788093
D/lp_only/1200/Tt5	4651393545498262600	930.223186433207
D/lp_only/1200/branch_choked	1	1
D/lp_only/1200/eta_hpc	4606101554889448489	0.88
D/lp_only/1200/eta_hpt	4606461842859638129	0.92
D/lp_only/1200/eta_lpc	4606237163402536495	0.8950555693565486
D/lp_only/1200/eta_lpt	4606281698874543309	0.9
D/lp_only/1200/f	4581731606827121236	0.021074757975890826
D/lp_only/1200/m_hp	4606030919731998403	0.8721579221850891
D/lp_only/1200/m_imp	4604782974073558948	0.7336081218370407
D/lp_only/1200/m_lp	4604782974073558948	0.7336081218370407
D/lp_only/1200/mdot4	4604922230901006600	0.7490687354539043
D/lp_only/1200/mdot_air	4604782974073558949	0.7336081218370408
D/lp_only/1200/n_hp	4606454390878597401	0.9191726639069514
D/lp_only/1200/n_lp	4605846603658397611	0.8516947273130787
D/lp_only/1200/nu_hp	4606203211896495911	0.891286194983853
D/lp_only/1200/nu_hpt	4607150787855363995	0.9964882596955137
D/lp_only/1200/nu_lp	4605846603658397611	0.8516947273130787
D/lp_only/1200/nu_lpt	4606752087724501884	0.9522236531750958
D/lp_only/1200/phi_hp	4606721709769791215	0.9488510226990153
D/lp_only/1200/phi_lp	4605933579807912578	0.8613510196915544
D/lp_only/1200/pi_hpc	4617082559042415900	4.793090915303107
D/lp_only/1200/pi_hpt	4601427004634511389	0.4305103338600718
D/lp_only/1200/pi_lpc	4612692273093305324	2.446866839495206
D/lp_only/1200/pi_lpt	4604376207078889679	0.6884479135231006
D/lp_only/1200/pt4	4695770091848261903	875778.4678106623
D/lp_only/1200/slip	4606782313603611039	0.9555793998677479
D/lp_only/1200/sp_thrust	4648190613227066774	566.0919450844401
D/lp_only/1200/tau_hpc	4610072962216850488	1.6418295710093513
D/lp_only/1200/tau_hpt	4605717804202370306	0.8373951151490078
D/lp_only/1200/tau_lpc	4608648201684177979	1.325469181419307
D/lp_only/1200/tau_lpt	4606513284257310084	0.9257111424114304
D/lp_only/1200/exit_noise	0	0
D/lp_only/1200/passes	5	5
D/lp_only/1200/powers_calls	16	16
D/hp_only/1500/M9	4607182418800017406	0.9999999999999998
D/hp_only/1500/Pc_hp	4689028848267263340	307641.21340747806
D/hp_only/1500/Pc_lp	4682824482708545820	117696.90169561323
D/hp_only/1500/Phi_hp	4393461614592995572	5.486983189910672e-15
D/hp_only/1500/Phi_lp	13621356199628391287	-1.1003861925559262e-14
D/hp_only/1500/Pt_hp	4689028848267263369	307641.21340747975
D/hp_only/1500/Pt_lp	4682824482708545731	117696.90169561193
D/hp_only/1500/Tt2	4643741180423569407	286.12499999999994
D/hp_only/1500/Tt25	4645803477028629735	403.35298973666653
D/hp_only/1500/Tt3	4649454405929320604	709.7685409393339
D/hp_only/1500/Tt4	4654311885213007872	1500.0
D/hp_only/1500/Tt45	4653239169443246811	1256.0926727235117
D/hp_only/1500/Tt5	4652828771495902638	1162.778983041509
D/hp_only/1500/branch_choked	1	1
D/hp_only/1500/eta_hpc	4606101554889448489	0.88
D/hp_only/1500/eta_hpt	4606461842859638129	0.92
D/hp_only/1500/eta_lpc	4606281698874543309	0.9
D/hp_only/1500/eta_lpt	4606281698874543309	0.9
D/hp_only/1500/f	4583809590202238790	0.028284211062902707
D/hp_only/1500/m_hp	4607182418800017409	1.0000000000000002
D/hp_only/1500/m_imp	4607182418800017406	0.9999999999999998
D/hp_only/1500/m_lp	4607182418800017410	1.0000000000000004
D/hp_only/1500/mdot4	4607309799562420764	1.0282842110629025
D/hp_only/1500/mdot_air	4607182418800017406	0.9999999999999998
D/hp_only/1500/n_hp	4607182418800017408	1.0
D/hp_only/1500/n_lp	4607182418800017408	1.0
D/hp_only/1500/nu_hp	4607182418800017408	1.0
D/hp_only/1500/nu_hpt	4607182418800017408	1.0
D/hp_only/1500/nu_lp	4607182418800017408	1.0
D/hp_only/1500/nu_lpt	4607182418800017410	1.0000000000000004
D/hp_only/1500/phi_hp	4607182418800017409	1.0000000000000002
D/hp_only/1500/phi_lp	4607182418800017410	1.0000000000000004
D/hp_only/1500/pi_hpc	4618441417868443645	5.999999999999997
D/hp_only/1500/pi_hpt	4601427004634511389	0.4305103338600718
D/hp_only/1500/pi_lpc	4613937818241073153	3.0000000000000004
D/hp_only/1500/pi_lpt	4604376207078889679	0.6884479135231006
D/hp_only/1500/pt4	4698523799358154351	1344128.427584078
D/hp_only/1500/slip	4607182418800017408	1.0
D/hp_only/1500/sp_thrust	4649651320669411054	732.1551550409911
D/hp_only/1500/tau_hpc	4610603672633087515	1.759670955712301
D/hp_only/1500/tau_hpt	4605717804202370306	0.8373951151490078
D/hp_only/1500/tau_lpc	4609027584132985321	1.409709007380224
D/hp_only/1500/tau_lpt	4606513284257310085	0.9257111424114305
D/hp_only/1500/exit_noise	0	0
D/hp_only/1500/passes	0	0
D/hp_only/1500/powers_calls	1	1
D/hp_only/1300/M9	4607182418800017404	0.9999999999999996
D/hp_only/1300/Pc_hp	4688302690121150041	265373.24626896303
D/hp_only/1300/Pc_lp	4681713232847165928	101526.08791527862
D/hp_only/1300/Phi_hp	13638008691322519048	-1.4168242942696426e-13
D/hp_only/1300/Phi_lp	13643078269307908286	-3.119394636438272e-13
D/hp_only/1300/Pt_hp	4688302690121149200	265373.2462689141
D/hp_only/1300/Pt_lp	4681713232847163060	101526.08791523689
D/hp_only/1300/Tt2	4643741180423569407	286.12499999999994
D/hp_only/1300/Tt25	4645520130450429284	387.2466015092416
D/hp_only/1300/Tt3	4648942420916306027	651.5625838488462
D/hp_only/1300/Tt4	4653432275910787072	1300.0
D/hp_only/1300/Tt45	4652502588910327487	1088.6136496937104
D/hp_only/1300/Tt5	4652075406304869372	1007.7417853026413
D/hp_only/1300/branch_choked	1	1
D/hp_only/1300/eta_hpc	4606095673270062189	0.8793470090735248
D/hp_only/1300/eta_hpt	4606461842859638129	0.92
D/hp_only/1300/eta_lpc	4606281698874543309	0.9
D/hp_only/1300/eta_lpt	4606281698874543309	0.9
D/hp_only/1300/f	4582421022801507851	0.0234666501268546
D/hp_only/1300/m_hp	4606403577692969509	0.9135312670430876
D/hp_only/1300/m_imp	4605534445361485565	0.8170381944571258
D/hp_only/1300/m_lp	4605534445361485571	0.8170381944571264
D/hp_only/1300/mdot4	4605707141738919061	0.8362113439067281
D/hp_only/1300/mdot_air	4605534445361485565	0.8170381944571258
D/hp_only/1300/n_hp	4606610443051980365	0.9364979355002078
D/hp_only/1300/n_lp	4606540800011635479	0.9287660048106287
D/hp_only/1300/nu_hp	4606440312872097428	0.9176096912112421
D/hp_only/1300/nu_hpt	4607053353945267295	0.9856709226586523
D/hp_only/1300/nu_lp	4606540800011635479	0.9287660048106287
D/hp_only/1300/nu_lpt	4607161294448176610	0.9976547258206063
D/hp_only/1300/phi_hp	4606961526311983931	0.9754760073818497
D/hp_only/1300/phi_lp	4606098879302514913	0.8797029501781958
D/hp_only/1300/pi_hpc	4617521945516958814	5.183344499900242
D/hp_only/1300/pi_hpt	4601427004634511389	0.4305103338600718
D/hp_only/1300/pi_lpc	4613102411125876353	2.6290047143091333
D/hp_only/1300/pi_lpt	4604376207078889679	0.6884479135231006
D/hp_only/1300/pt4	4696988180634133187	1017582.6658316482
D/hp_only/1300/slip	4607237173637777136	1.012158016318093
D/hp_only/1300/sp_thrust	4648706969232080015	624.7948264329624
D/hp_only/1300/tau_hpc	4610256360197910610	1.6825521032578945
D/hp_only/1300/tau_hpt	4605717804202370308	0.837395115149008
D/hp_only/1300/tau_lpc	4608774070025447303	1.353417567529023
D/hp_only/1300/tau_lpt	4606513284257310084	0.9257111424114304
D/hp_only/1300/exit_noise	0	0
D/hp_only/1300/passes	4	4
D/hp_only/1300/powers_calls	13	13
D/hp_only/1200/M9	4607182418800017401	0.9999999999999992
D/hp_only/1200/Pc_hp	4687637101205941632	244387.43619237468
D/hp_only/1200/Pc_lp	4681161503485253884	93497.36901173362
D/hp_only/1200/Phi_hp	13596697020927098971	-2.3830233277962405e-16
D/hp_only/1200/Phi_lp	4374697331449938792	3.059642824410957e-16
D/hp_only/1200/Pt_hp	4687637101205941629	244387.4361923746
D/hp_only/1200/Pt_lp	4681161503485253887	93497.36901173367
D/hp_only/1200/Tt2	4643741180423569407	286.12499999999994
D/hp_only/1200/Tt25	4645379450453766452	379.24986953359917
D/hp_only/1200/Tt3	4648688223211221562	622.6636506017014
D/hp_only/1200/Tt4	4652992471259676672	1200.0
D/hp_only/1200/Tt45	4652050182214013278	1004.8741381788093
D/hp_only/1200/Tt5	4651393545498262600	930.223186433207
D/hp_only/1200/branch_choked	1	1
D/hp_only/1200/eta_hpc	4606087896366648467	0.8784835993505048
D/hp_only/1200/eta_hpt	4606461842859638129	0.92
D/hp_only/1200/eta_lpc	4606281698874543309	0.9
D/hp_only/1200/eta_lpt	4606281698874543309	0.9
D/hp_only/1200/f	4581731606827121237	0.02107475797589083
D/hp_only/1200/m_hp	4606013831885511523	0.8702607901239897
D/hp_only/1200/m_imp	4604797404413528702	0.7352102114057997
D/hp_only/1200/m_lp	4604797404413528700	0.7352102114057995
D/hp_only/1200/mdot4	4604936965356898725	0.7507045886725804
D/hp_only/1200/mdot_air	4604797404413528702	0.7352102114057997
D/hp_only/1200/n_hp	4606308763496700282	0.9030047766671452
D/hp_only/1200/n_lp	4606203211896495856	0.8912861949838469
D/hp_only/1200/nu_hp	4606062002654540385	0.875608819812964
D/hp_only/1200/nu_hpt	4606992911123332109	0.9789604214000761
D/hp_only/1200/nu_lp	4606203211896495856	0.8912861949838469
D/hp_only/1200/nu_lpt	4607150787855363937	0.9964882596955073
D/hp_only/1200/phi_hp	4606855807447774835	0.9637388556636338
D/hp_only/1200/phi_lp	4605605139256275979	0.8248867934268004
D/hp_only/1200/pi_hpc	4617070820399723593	4.78266490618723
D/hp_only/1200/pi_hpt	4601427004634511389	0.4305103338600718
D/hp_only/1200/pi_lpc	4612716343266912874	2.4575561438735365
D/hp_only/1200/pi_lpt	4604376207078889679	0.6884479135231006
D/hp_only/1200/pt4	4695786520683800492	877691.035987129
D/hp_only/1200/slip	4607263053690141993	1.0179045423208868
D/hp_only/1200/sp_thrust	4648193586530113294	566.429970505387
D/hp_only/1200/tau_hpc	4610072962216850486	1.641829571009351
D/hp_only/1200/tau_hpt	4605717804202370306	0.8373951151490078
D/hp_only/1200/tau_lpc	4608648201684177980	1.3254691814193071
D/hp_only/1200/tau_lpt	4606513284257310084	0.9257111424114304
D/hp_only/1200/exit_noise	0	0
D/hp_only/1200/passes	5	5
D/hp_only/1200/powers_calls	16	16
D/start/M9	4607182418800017401	0.9999999999999992
D/start/Pc_hp	4687637101205941624	244387.43619237444
D/start/Pc_lp	4681161503485253876	93497.3690117335
D/start/Phi_hp	4376511527230214569	3.954110402833763e-16
D/start/Phi_lp	4383428248386348696	1.1693700498305774e-15
D/start/Pt_hp	4687637101205941629	244387.4361923746
D/start/Pt_lp	4681161503485253887	93497.36901173367
D/start/Tt2	4643741180423569407	286.12499999999994
D/start/Tt25	4645379450453766450	379.24986953359905
D/start/Tt3	4648688223211221559	622.6636506017011
D/start/Tt4	4652992471259676672	1200.0
D/start/Tt45	4652050182214013278	1004.8741381788093
D/start/Tt5	4651393545498262600	930.223186433207
D/start/branch_choked	1	1
D/start/eta_hpc	4606087896366648467	0.8784835993505048
D/start/eta_hpt	4606461842859638129	0.92
D/start/eta_lpc	4606236337273824210	0.8949638506447803
D/start/eta_lpt	4606281698874543309	0.9
D/start/f	4581731606827121240	0.02107475797589084
D/start/m_hp	4606013831885511532	0.8702607901239907
D/start/m_imp	4604768067321028517	0.7319531398488733
D/start/m_lp	4604768067321028531	0.7319531398488749
D/start/mdot4	4604907009992274382	0.7473788751208816
D/start/mdot_air	4604768067321028517	0.7319531398488733
D/start/n_hp	4606308763496700283	0.9030047766671453
D/start/n_lp	4605842986283985428	0.8512931180769692
D/start/nu_hp	4606062002654540384	0.8756088198129639
D/start/nu_hpt	4606992911123332108	0.978960421400076
D/start/nu_lp	4605842986283985428	0.8512931180769692
D/start/nu_lpt	4606748043376959029	0.9517746403989295
D/start/phi_hp	4606855807447774844	0.9637388556636348
D/start/phi_lp	4605919729204470004	0.8598132938068646
D/start/pi_hpc	4617070820399723588	4.782664906187225
D/start/pi_hpt	4601427004634511389	0.4305103338600718
D/start/pi_lpc	4612691827301683236	2.446668868245995
D/start/pi_lpt	4604376207078889679	0.6884479135231006
D/start/pt4	4695753120620539599	873802.7568735721
D/start/slip	4606932288415764610	0.9722299488244206
D/start/sp_thrust	4648187528093955074	565.7412060570207
D/start/tau_hpc	4610072962216850484	1.6418295710093505
D/start/tau_hpt	4605717804202370306	0.8373951151490078
D/start/tau_lpc	4608648201684177978	1.3254691814193067
D/start/tau_lpt	4606513284257310084	0.9257111424114304
D/start/exit_noise	0	0
D/start/passes	4	4
census/D/close_bracket_fails	0	0
census/D/close_calls	239	239
census/D/close_nonreal_propagated	0	0
census/D/eig_complex	0	0
census/D/eig_real	0	0
census/D/hi_wall_literal	69	69
census/D/hi_wall_map	170	170
census/D/illinois_calls	239	239
census/D/illinois_evals	1864	1864
census/D/illinois_exhausted	0	0
census/D/instant_calls	22	22
census/D/integrate_calls	0	0
census/D/match_calls	0	0
census/D/powers_calls	217	217
E/identity/900	4607182418800017052	0.9999999999999605
E/identity/1100	4607182418800017370	0.9999999999999958
E/identity/1300	4607182418800017441	1.0000000000000073
E/identity/1500	4607182418800016607	0.9999999999999111
E/channel/gas	4607376612212486397	1.0431195995507203
E/channel/map	4608304731598559332	1.2492035019545478
E/refute/lp_only	4606147707945688652	0.8851240185694649
E/refute/hp_only	4608220028307782077	1.2303955932180621
E/default_d/flat/1500	4607182418800014537	0.9999999999996813
E/default_d/flat/1300	4607182418800016929	0.9999999999999468
E/default_d/flat/1100	4607182418800017710	1.000000000000067
E/default_d/flow_press/1500	4607850196774053453	1.1482764964224714
E/default_d/flow_press/1300	4608075235488470949	1.1982451288581413
E/default_d/flow_press/1100	4608304483503988951	1.2491484138936835
E/default_d/press_flow/1500	4607326252157228193	1.0319374209769097
E/default_d/press_flow/1300	4607647630545465113	1.1032977582244199
E/default_d/press_flow/1100	4607975859312653067	1.1761791851596992
E/default_d/tilted/1500	4607604564683815756	1.0937352159887324
E/default_d/tilted/1300	4607882974048916395	1.1555545134699325
E/default_d/tilted/1100	4608165620882342996	1.2183147179314533
E/default_d/steep/1500	4607806984028747042	1.1386813394631834
E/default_d/steep/1300	4608158575268325821	1.2167502773505554
E/default_d/steep/1100	4608523996133017864	1.2978900088824634
E/default_d/lp_only/1500	4604790283984624308	0.7344196849943132
E/default_d/lp_only/1300	4605469911829712408	0.809873533173632
E/default_d/lp_only/1100	4606147707945688652	0.8851240185694649
E/default_d/hp_only/1500	4608430126336063376	1.2770467269033112
E/default_d/hp_only/1300	4608310716393214915	1.2505323933194041
E/default_d/hp_only/1100	4608220028307782077	1.2303955932180621
census/E/close_bracket_fails	0	0
census/E/close_calls	58	58
census/E/close_nonreal_propagated	0	0
census/E/eig_complex	0	0
census/E/eig_real	0	0
census/E/hi_wall_literal	24	24
census/E/hi_wall_map	34	34
census/E/illinois_calls	58	58
census/E/illinois_evals	405	405
census/E/illinois_exhausted	0	0
census/E/instant_calls	58	58
census/E/integrate_calls	0	0
census/E/match_calls	29	29
census/E/powers_calls	0	0
F/flat/1500/J/00	13835070781538307709	-2.005651593035337
F/flat/1500/J/01	13803039641217723537	-0.014769405458869652
F/flat/1500/J/10	13796536580289933901	-0.005650446500862727
F/flat/1500/J/11	13835091323438416251	-2.0147740292233585
F/flat/1500/bc	4545786223184758629	8.345373539489288e-05
F/flat/1500/eig/0/lo	13854214267684333770	-40.113075670394736
F/flat/1500/eig/0/hi	13835091224787768992	-2.014730219535366
F/flat/1500/eig/1/lo	13845207091577002361	-10.028310035658011
F/flat/1500/eig/1/hi	13835091206186116104	-2.014721958742033
F/flat/1500/eig/2/lo	13835104044946387957	-2.0204235136466147
F/flat/1500/eig/2/hi	13835058060030336003	-2.000002108612081
F/flat/1500/eig/3/lo	13835091346729790922	-2.0147843726715324
F/flat/1500/eig/3/hi	13824269591855307548	-0.4011199751588934
F/flat/1500/eig/4/lo	13835091328346270291	-2.014776208748381
F/flat/1500/eig/4/hi	13815262421880234664	-0.10028040012674444
F/flat/1500/eig/5/lo	13835091324380509882	-2.0147744475969747
F/flat/1500/eig/5/hi	13804810034806113568	-0.020056097556737318
F/flat/1500/band_is_none	1	1
F/flat/1500/damping	0	0.0
F/flat/1200/J/00	13832702344043577494	-1.476927028710667
F/flat/1200/J/01	13799498603856945596	-0.008626684819817203
F/flat/1200/J/10	13793128612438967070	-0.003300377791319766
F/flat/1200/J/11	13832726343249610606	-1.4822559229328038
F/flat/1200/bc	4539024475292912721	2.8471318992040054e-05
F/flat/1200/eig/0/lo	13852379620269870302	-29.538560870057033
F/flat/1200/eig/0/hi	13832726251845256504	-1.4822356270891088
F/flat/1200/eig/1/lo	13843372442457274896	-7.38465926196524
F/flat/1200/eig/1/hi	13832726234629939738	-1.4822318045208989
F/flat/1200/eig/2/lo	13832741203606130755	-1.4855555849253654
F/flat/1200/eig/2/hi	13832687483687057345	-1.4736273667181055
F/flat/1200/eig/3/lo	13832726364856500563	-1.482260720626148
F/flat/1200/eig/3/hi	13822364760758045720	-0.2953806080487893
F/flat/1200/eig/4/lo	13832726347801671746	-1.4822569336934213
F/flat/1200/eig/4/hi	13813357575097886320	-0.073845340674916
F/flat/1200/eig/5/lo	13832726344123372588	-1.482256116946938
F/flat/1200/eig/5/hi	13803039451454973696	-0.014769076272972637
F/flat/1200/band_is_none	1	1
F/flat/1200/damping	0	0.0
F/flat/950/J/00	13831118963732622224	-1.125345973118531
F/flat/950/J/01	13795979273940239166	-0.005167060296799529
F/flat/950/J/10	13790076656246989752	-0.001976802777850808
F/flat/950/J/11	13831133340218380540	-1.1285381942189465
F/flat/950/bc	4532147059888352170	1.0214259148035927e-05
F/flat/950/eig/0/lo	13850400391858090488	-22.506929018056297
F/flat/950/eig/0/hi	13831133297183398088	-1.12852863853327
F/flat/950/eig/1/lo	13841393202696804892	-5.626741219303337
F/flat/950/eig/1/hi	13831133289085813340	-1.1285268405082638
F/flat/950/eig/2/lo	13831142240500092804	-1.1305144537554677
F/flat/950/eig/2/hi	13831110063450909960	-1.1233697135820098
F/flat/950/eig/3/lo	13831133350401534270	-1.1285404553332934
F/flat/950/eig/3/hi	13820648948008400598	-0.2250669335093593
F/flat/950/eig/4/lo	13831133342363403474	-1.1285386705097165
F/flat/950/eig/4/hi	13811641761578155536	-0.056266822365156455
F/flat/950/eig/5/lo	13831133340630101282	-1.128538285639316
F/flat/950/eig/5/hi	13801012783798229696	-0.011253368310815914
F/flat/950/band_is_none	1	1
F/flat/950/damping	0	0.0
F/flow_press/1500/J/00	13834620465355510611	-1.9028355176171388
F/flow_press/1500/J/01	4605890912391123536	0.8566139848395071
F/flow_press/1500/J/10	13814942373114029624	-0.09583883126119808
F/flow_press/1500/J/11	13831502695751027495	-1.2105515975424141
F/flow_press/1500/bc	13813952161395671739	-0.08209688314901602
F/flow_press/1500/eig/0/lo	13853918580850429321	-38.01209435148764
F/flow_press/1500/eig/0/hi	13831703628355853440	-1.2551675983975485
F/flow_press/1500/eig/1/lo	13844889663991751819	-9.464445373583905
F/flow_press/1500/eig/1/hi	13831726669733726064	-1.2602838120442037
F/flow_press/1500/eig/2/lo	13833936222888997340	-1.7509031694672705
F/flow_press/1500/eig/2/hi	13832186938217540766	-1.3624839456922824
F/flow_press/1500/eig/3/lo	13831411370911497362	-1.1902734096291039
F/flow_press/1500/eig/3/hi	13824264643593272574	-0.4008452914367381
F/flow_press/1500/eig/4/lo	13831486066908716958	-1.2068592528212103
F/flow_press/1500/eig/4/hi	13815158206457379648	-0.09883412060206087
F/flow_press/1500/eig/5/lo	13831499590939245312	-1.2098621908368727
F/flow_press/1500/eig/5/hi	13804712516187235712	-0.019717761881712814
F/flow_press/1500/band_is_none	0	0
F/flow_press/1500/band_lo	4607542426929289096	1.0799378628339316
F/flow_press/1500/band_hi	4612334312564750500	2.287900431211783
F/flow_press/1500/disc/mid	13820066997559733334	-0.20891456382682588
F/flow_press/1500/disc/lo2	4617027011691685971	4.74375495711327
F/flow_press/1500/disc/hi2	4603217345306143985	0.5597884112770811
F/flow_press/1500/damping	4595969772696903218	0.18878655323372723
F/flow_press/1200/J/00	13833236935685139128	-1.595630218557444
F/flow_press/1200/J/01	4603343124489246045	0.5737527057869262
F/flow_press/1200/J/10	13810422121623721934	-0.047803870120375444
F/flow_press/1200/J/11	13830517194035265874	-0.9958631292065923
F/flow_press/1200/bc	13806934725678750793	-0.027427599828652203
F/flow_press/1200/eig/0/lo	13853042857063204686	-31.89485129801988
F/flow_press/1200/eig/0/hi	13830615777578557992	-1.0136162023355926
F/flow_press/1200/eig/1/lo	13844018478677653720	-7.9584546912503455
F/flow_press/1200/eig/1/hi	13830624529551651550	-1.0155595307434662
F/flow_press/1200/eig/2/lo	13833012303054830419	-1.5457517549072761
F/flow_press/1200/eig/2/hi	13830760457475338253	-1.04574159285676
F/flow_press/1200/eig/3/lo	13830443287043523829	-0.9876578048153123
F/flow_press/1200/eig/3/hi	13822940334482338942	-0.32733136810276864
F/flow_press/1200/eig/4/lo	13830503688094072640	-0.9943636685183961
F/flow_press/1200/eig/4/hi	13813893368773659732	-0.08128097161606834
F/flow_press/1200/eig/5/lo	13830514672198941092	-0.9955831491313814
F/flow_press/1200/eig/5/hi	13803709048006531280	-0.016236282260785384
F/flow_press/1200/band_is_none	0	0
F/flow_press/1200/band_lo	4608231506989872669	1.2329443726479277
F/flow_press/1200/band_hi	4611871108527699536	2.0821965163984615
F/flow_press/1200/disc/mid	13812970409900347307	-0.068472344216899
F/flow_press/1200/disc/lo2	4612492093265309235	2.357969137852501
F/flow_press/1200/disc/hi2	4599959723083016749	0.34905984575621823
F/flow_press/1200/damping	4593901469383944509	0.131379604234846
F/flow_press/950/J/00	13831994570359528227	-1.3197697006596136
F/flow_press/950/J/01	4600443727292123476	0.3759274766045071
F/flow_press/950/J/10	13804059322640832252	-0.017451541523107558
F/flow_press/950/J/11	13829038358197925738	-0.8316793695810081
F/flow_press/950/bc	13797585816643025189	-0.006560513967640601
F/flow_press/950/eig/0/lo	13851493452441829745	-26.390260305664416
F/flow_press/950/eig/0/hi	13829084598524544672	-0.8368130771088609
F/flow_press/950/eig/1/lo	13842481287962793746	-6.593155071348308
F/flow_press/950/eig/1/hi	13829089640073940528	-0.8373728015307673
F/flow_press/950/eig/2/lo	13831932270967362960	-1.3059364567392073
F/flow_press/950/eig/2/hi	13829162956982256272	-0.8455126135014144
F/flow_press/950/eig/3/lo	13829017455701887110	-0.829358726343586
F/flow_press/950/eig/3/hi	13821840433230443389	-0.2662745833693448
F/flow_press/950/eig/4/lo	13829034497308582668	-0.8312507247565875
F/flow_press/950/eig/4/hi	13812822316098369700	-0.06641712985740128
F/flow_press/950/eig/5/lo	13829037636158000406	-0.8315992070460279
F/flow_press/950/eig/5/hi	13802179823536145568	-0.013277859541576398
F/flow_press/950/band_is_none	0	0
F/flow_press/950/band_lo	4608802564770175800	1.3597446718647017
F/flow_press/950/band_hi	4611019218771805436	1.851940733912044
F/flow_press/950/disc/mid	13803795711969506029	-0.016536958282972348
F/flow_press/950/disc/lo2	4608049102736701439	1.1924424923158765
F/flow_press/950/disc/hi2	4597054033410621081	0.21888083346037915
F/flow_press/950/damping	4590235273016357197	0.07731110686626615
F/press_flow/1500/J/00	13834548900389863567	-1.8869449030935674
F/press_flow/1500/J/01	4608060341925533808	1.1949380935598377
F/press_flow/1500/J/10	13813908766347854450	-0.08149465588349772
F/press_flow/1500/J/11	13831981951667954212	-1.3169677882743906
F/press_flow/1500/bc	13815053503035952431	-0.09738106873674178
F/press_flow/1500/eig/0/lo	13853872595031635678	-37.68534545656961
F/press_flow/1500/eig/0/hi	13832223131161235840	-1.370520393576129
F/press_flow/1500/eig/1/lo	13844838913493673806	-9.374294379220057
F/press_flow/1500/eig/1/hi	13832254104807041662	-1.3773979245221706
F/press_flow/1500/eig/2/lo	13833265426028908890	-1.6019563456839792
F/press_flow/1500/eig/2/hi	13833265426028908890	-1.6019563456839792
F/press_flow/1500/eig/3/lo	13831886442310544182	-1.295760450741637
F/press_flow/1500/eig/3/hi	13824224129692274529	-0.3985963181514674
F/press_flow/1500/eig/4/lo	13831963957398168871	-1.3129722577489902
F/press_flow/1500/eig/4/hi	13815122801324458864	-0.09834277568007876
F/press_flow/1500/eig/5/lo	13831978571191485118	-1.3162171717123523
F/press_flow/1500/eig/5/hi	13804684357149183904	-0.019620065592974023
F/press_flow/1500/band_is_none	0	0
F/press_flow/1500/band_lo	4606883542187018255	0.9668180302726358
F/press_flow/1500/band_hi	4611963797816450684	2.123358829401523
F/press_flow/1500/disc/mid	13821941109210707866	-0.2718632229351613
F/press_flow/1500/disc/lo2	4618310713625316711	5.883911311891416
F/press_flow/1500/disc/hi2	4604207996176085782	0.6697727517945136
F/press_flow/1500/damping	4596300160031067707	0.19795664386957576
F/press_flow/1200/J/00	13833367920062537344	-1.624714592888182
F/press_flow/1200/J/01	4605383240830931451	0.8002511193322442
F/press_flow/1200/J/10	13809176945110441072	-0.03916372240308241
F/press_flow/1200/J/11	13830879380331493828	-1.072147771468381
F/press_flow/1200/bc	13808049545005880688	-0.03134081269028399
F/press_flow/1200/eig/0/lo	13853139209937427425	-32.4743309445255
F/press_flow/1200/eig/0/hi	13830969276292915096	-1.0921086847065222
F/press_flow/1200/eig/1/lo	13844122269797370119	-8.101279447877927
F/press_flow/1200/eig/1/hi	13830979781404379654	-1.0944412880313634
F/press_flow/1200/eig/2/lo	13833078919948420849	-1.560543676725896
F/press_flow/1200/eig/2/hi	13831168380445610323	-1.136318687630667
F/press_flow/1200/eig/3/lo	13830841166520290662	-1.0636626008570942
F/press_flow/1200/eig/3/hi	13823050163245586091	-0.33342808918892314
F/press_flow/1200/eig/4/lo	13830872246880381322	-1.0705638271343525
F/press_flow/1200/eig/4/hi	13814004243963832524	-0.08281967397843742
F/press_flow/1200/eig/5/lo	13830878043215406985	-1.071850872055139
F/press_flow/1200/eig/5/hi	13803797754675231040	-0.016544045342123725
F/press_flow/1200/band_is_none	0	0
F/press_flow/1200/band_lo	4607901835220179767	1.1597425347915313
F/press_flow/1200/band_hi	4611596317918165725	1.9800824858681871
F/press_flow/1200/disc/mid	13813997573453376082	-0.08272710204975312
F/press_flow/1200/disc/lo2	4613432721292682122	2.7756918952913496
F/press_flow/1200/disc/hi2	4600993276169896372	0.40643356746752635
F/press_flow/1200/damping	4594000711254677995	0.13413411948222573
F/press_flow/950/J/00	13832272937322176752	-1.3815795829050863
F/press_flow/950/J/01	4602935029030289097	0.5284450083090287
F/press_flow/950/J/10	13802310171869124885	-0.013503977854850061
F/press_flow/950/J/11	13829500918047962313	-0.8830338291587846
F/press_flow/950/bc	13798249433328960066	-0.00713610968971118
F/press_flow/950/eig/0/lo	13851841353990515525	-27.626254896556265
F/press_flow/950/eig/0/hi	13829548987322577312	-0.8883705907042447
F/press_flow/950/eig/1/lo	13842828982510658864	-6.901969865409498
F/press_flow/950/eig/1/hi	13829554313167541416	-0.888961878274718
F/press_flow/950/eig/2/lo	13832206508053183332	-1.3668293221159837
F/press_flow/950/eig/2/hi	13829633776585949152	-0.897784089947887
F/press_flow/950/eig/3/lo	13829479647034171226	-0.8806722722319862
F/press_flow/950/eig/3/hi	13822063863836067128	-0.2786774735078157
F/press_flow/950/eig/4/lo	13829496967520753340	-0.8825952325321036
F/press_flow/950/eig/4/hi	13813045726771415740	-0.06951757577193524
F/press_flow/950/eig/5/lo	13829500178504700522	-0.8829517233630899
F/press_flow/950/eig/5/hi	13802537253461869088	-0.013897901624745634
F/press_flow/950/band_is_none	0	0
F/press_flow/950/band_lo	4608726547746188172	1.3428655018057922
F/press_flow/950/band_hi	4610888464348522693	1.822907419652027
F/press_flow/950/disc/mid	13804287768116738911	-0.01824412098317951
F/press_flow/950/disc/lo2	4608701173796533310	1.3372313531792908
F/press_flow/950/disc/hi2	4598040892469201956	0.246271674682789
F/press_flow/950/damping	4590175464829044628	0.0764811015335723
F/tilted/1500/J/00	13834576086127465906	-1.8929813494590744
F/tilted/1500/J/01	4607282743718471752	1.0222766068823308
F/tilted/1500/J/10	13814464182882564114	-0.08920260869715005
F/tilted/1500/J/11	13831713846503571091	-1.25743648297058
F/tilted/1500/bc	13814607370793659415	-0.09118974014397484
F/tilted/1500/eig/0/lo	13853890100810348774	-37.80973149555375
F/tilted/1500/eig/0/hi	13831938555830080432	-1.3073319765983165
F/tilted/1500/eig/1/lo	13844858435632685066	-9.408972664372431
F/tilted/1500/eig/1/hi	13831965751218580152	-1.3133705658935195
F/tilted/1500/eig/2/lo	13833590562831323682	-1.6741512185227596
F/tilted/1500/eig/2/hi	13832699369799713314	-1.4762666139068945
F/tilted/1500/eig/3/lo	13831618068781446290	-1.236169556500759
F/tilted/1500/eig/3/hi	13824246951741215480	-0.3998631963616357
F/tilted/1500/eig/4/lo	13831696127168003648	-1.253502000104973
F/tilted/1500/eig/4/hi	13815140150967054360	-0.09858355033856048
F/tilted/1500/eig/5/lo	13831710528584260444	-1.2566997568880742
F/tilted/1500/eig/5/hi	13804697752363108800	-0.01966653957709652
F/tilted/1500/band_is_none	0	0
F/tilted/1500/band_lo	4607273745815106346	1.0202786709844056
F/tilted/1500/band_hi	4612184278754293393	2.2212720348750925
F/tilted/1500/disc/mid	13821269679422557046	-0.24229569121197486
F/tilted/1500/disc/lo2	4617657289338342276	5.303553961292781
F/tilted/1500/disc/hi2	4603660689360286225	0.6090094889510188
F/tilted/1500/damping	4596219926940612223	0.19572972826056298
F/tilted/1200/J/00	13833301670969353384	-1.6100043391655081
F/tilted/1200/J/01	4604266834146448528	0.6763050787364069
F/tilted/1200/J/10	13809857343007568627	-0.0438849312236921
F/tilted/1200/J/11	13830687103466608718	-1.029453730968743
F/tilted/1200/bc	13807583821073237399	-0.029679601866580887
F/tilted/1200/eig/0/lo	13853097931755938715	-32.1810318245036
F/tilted/1200/eig/0/hi	13830772919371989496	-1.0485086897753018
F/tilted/1200/eig/1/lo	13844081478788871646	-8.02882006094563
F/tilted/1200/eig/1/hi	13830782587141562532	-1.0506553658506528
F/tilted/1200/eig/2/lo	13833046535954933590	-1.5533529856861228
F/tilted/1200/eig/2/hi	13830942238481028512	-1.0861050844481284
F/tilted/1200/eig/3/lo	13830648856650103766	-1.0209612317082608
F/tilted/1200/eig/3/hi	13822997295992246067	-0.33049336709358385
F/tilted/1200/eig/4/lo	13830680049061874175	-1.0278873384564802
F/tilted/1200/eig/4/hi	13813949979947237956	-0.08206660947053829
F/tilted/1200/eig/5/lo	13830685784048714626	-1.0291607613437184
F/tilted/1200/eig/5/hi	13803754222571257312	-0.016393013016679947
F/tilted/1200/band_is_none	0	0
F/tilted/1200/band_lo	4608072583093359418	1.1976561788334963
F/tilted/1200/band_hi	4611781150245883164	2.0422470141071596
F/tilted/1200/disc/mid	13813506335075018803	-0.07590980007185592
F/tilted/1200/disc/lo2	4612934614777150448	2.5544881663877206
F/tilted/1200/disc/hi2	4600418260266783012	0.3745137727094223
F/tilted/1200/damping	4593989294778508998	0.1338172486146531
F/tilted/950/J/00	13832110499151350178	-1.345511063439155
F/tilted/950/J/01	4601521181129545968	0.43573817951836613
F/tilted/950/J/10	13803518183324571266	-0.015599543685861809
F/tilted/950/J/11	13829233832343807404	-0.8533813593286843
F/tilted/950/bc	13797858831682751570	-0.006797316766994648
F/tilted/950/eig/0/lo	13851638339608425738	-26.905002924312647
F/tilted/950/eig/0/hi	13829280835012232624	-0.8585997037991344
F/tilted/950/eig/1/lo	13842626088567178530	-6.7217638433224085
F/tilted/950/eig/1/hi	13829285997302963444	-0.859172833202051
F/tilted/950/eig/2/lo	13832046443970990880	-1.331287956222873
F/tilted/950/eig/2/hi	13829361942704526000	-0.8676044665449663
F/tilted/950/eig/3/lo	13829212790840049676	-0.8510452831342277
F/tilted/950/eig/3/hi	13821933454279339153	-0.27143828888228777
F/tilted/950/eig/4/lo	13829229936017420584	-0.8529487802020741
F/tilted/950/eig/4/hi	13812915342628177264	-0.06770813229856798
F/tilted/950/eig/5/lo	13829233103343055188	-0.8533004239866764
F/tilted/950/eig/5/hi	13802328657882598240	-0.013536045976399513
F/tilted/950/band_is_none	0	0
F/tilted/950/band_lo	4608767738392210158	1.352011662528351
F/tilted/950/band_hi	4610959529230384553	1.8386869932690877
F/tilted/950/disc/mid	13803999678722206486	-0.017244610111428825
F/tilted/950/disc/lo2	4608319821419582740	1.2525541153020798
F/tilted/950/disc/hi2	4597463832306528427	0.23025503770293673
F/tilted/950/damping	4590208549310275944	0.07694024094383212
F/steep/1500/J/00	13834398953531513654	-1.8536500121715114
F/steep/1500/J/01	4607885895174431408	1.15620313363085
F/steep/1500/J/10	13815235601305075298	-0.09990818987579922
F/steep/1500/J/11	13831161775479115175	-1.1348520904547088
F/steep/1500/bc	13816360130124084782	-0.11551416220978503
F/steep/1500/eig/0/lo	13853777351555597180	-37.00859985629265
F/steep/1500/eig/0/hi	13831451809038630480	-1.1992524775922853
F/steep/1500/eig/1/lo	13844738884249959332	-9.196606748007817
F/steep/1500/eig/1/hi	13831484428276168852	-1.2064954033044488
F/steep/1500/eig/2/lo	13833306601032715425	-1.6110990331369879
F/steep/1500/eig/2/hi	13832254127977913403	-1.377403069489232
F/steep/1500/eig/3/lo	13831019749976875992	-1.1033160939207303
F/steep/1500/eig/3/hi	13824290236784911209	-0.4022659989682809
F/steep/1500/eig/4/lo	13831136682355275290	-1.1292802976853467
F/steep/1500/eig/4/hi	13815116425502651648	-0.09825429337793778
F/steep/1500/eig/5/lo	13831157110914087592	-1.133816348956012
F/steep/1500/eig/5/hi	13804670572827583232	-0.019572241620411823
F/steep/1500/band_is_none	0	0
F/steep/1500/band_lo	4607301853291824518	1.0265197845477316
F/steep/1500/band_hi	4613034891648029578	2.59902004274267
F/steep/1500/disc/mid	13822139622675261805	-0.28288293388745595
F/steep/1500/disc/lo2	4617578596488361674	5.233660670155311
F/steep/1500/disc/hi2	4602829933908462558	0.5167771059062678
F/steep/1500/damping	4597610769283284969	0.23433335807203484
F/steep/1200/J/00	13833457542349661490	-1.6446147382251408
F/steep/1200/J/01	4605516303105970800	0.8150239994780133
F/steep/1200/J/10	13810956752746271056	-0.051513618757470625
F/steep/1200/J/11	13830096156064186501	-0.9491185242332142
F/steep/1200/bc	13809583510367567767	-0.04198483558729931
F/steep/1200/eig/0/lo	13853194330471401104	-32.86598589458765
F/steep/1200/eig/0/hi	13830333125297679392	-0.9754273941483724
F/steep/1200/eig/1/lo	13844174522317567843	-8.194098569507053
F/steep/1200/eig/1/hi	13830357140758036028	-0.9780936458518634
F/steep/1200/eig/2/lo	13833156798644017296	-1.5778362209216859
F/steep/1200/eig/2/hi	13830626049565134052	-1.015897041536669
F/steep/1200/eig/3/lo	13829971420327034374	-0.9352700754952259
F/steep/1200/eig/3/hi	13823218477304776997	-0.3427713963830164
F/steep/1200/eig/4/lo	13830074283100599381	-0.9466901374540934
F/steep/1200/eig/4/hi	13814136790284428712	-0.08465912369037787
F/steep/1200/eig/5/lo	13830092099457728272	-0.9486681504440373
F/steep/1200/eig/5/hi	13803899348916095872	-0.016896521171428258
F/steep/1200/band_is_none	0	0
F/steep/1200/band_lo	4608308484748405404	1.2500368686293433
F/steep/1200/band_hi	4612591137722589713	2.401953712626217
F/steep/1200/disc/mid	13815020204186553859	-0.09691895437054403
F/steep/1200/disc/lo2	4612949412293170570	2.56105958358484
F/steep/1200/disc/hi2	4599674195612593178	0.3332098871648569
F/steep/1200/damping	4595076879962186568	0.16400380141865356
F/steep/950/J/00	13832443355067834159	-1.4194199239117997
F/steep/950/J/01	4603130111689554483	0.5501035343111823
F/steep/950/J/10	13804498198856733485	-0.018974199272651027
F/steep/950/J/11	13828775758131289132	-0.802524905556202
F/steep/950/bc	13800542625734710860	-0.010437774080609995
F/steep/950/eig/0/lo	13852053747697177790	-28.380828923506435
F/steep/950/eig/0/hi	13828843938619007920	-0.8100944602857592
F/steep/950/eig/1/lo	13843039331819626087	-7.08879758223302
F/steep/950/eig/1/hi	13828850536235704520	-0.8108269428821808
F/steep/950/eig/2/lo	13832364941673509108	-1.402008652748063
F/steep/950/eig/2/hi	13828932584919939231	-0.8199361767199383
F/steep/950/eig/3/lo	13828739217902576342	-0.7984681252320012
F/steep/950/eig/3/hi	13822230736462436461	-0.2879407651065609
F/steep/950/eig/4/lo	13828769326139694637	-0.8018108110399617
F/steep/950/eig/4/hi	13813201912683025848	-0.07168509071183038
F/steep/950/eig/5/lo	13828774565346259822	-0.8023924798159052
F/steep/950/eig/5/hi	13802784395649431776	-0.014326624979414893
F/steep/950/band_is_none	0	0
F/steep/950/band_lo	4609258337540464546	1.4609465565790534
F/steep/950/band_hi	4612004119018572481	2.1412650401919966
F/steep/950/disc/mid	13805833116475161536	-0.023605625135015407
F/steep/950/disc/lo2	4608280719720738453	1.2438717940303026
F/steep/950/disc/hi2	4596812171913445984	0.21216782838702652
F/steep/950/damping	4591562036384795167	0.09572364736462945
F/lp_only/1500/J/00	13834908230553218323	-1.9667322272533212
F/lp_only/1500/J/01	4609086692551579303	1.4228337128346682
F/lp_only/1500/J/10	13796410167654024708	-0.005540801017276834
F/lp_only/1500/J/11	13835082199931148694	-2.0107223780898478
F/lp_only/1500/bc	13799070266806910174	-0.007883638483490104
F/lp_only/1500/eig/0/lo	13854104118638138494	-39.330419624145165
F/lp_only/1500/eig/0/hi	13835091713607292016	-2.014947299011105
F/lp_only/1500/eig/1/lo	13845094675568770604	-9.828619090577455
F/lp_only/1500/eig/1/hi	13835093553608692122	-2.015764423779001
F/lp_only/1500/eig/2/lo	13835007287566676000	-1.9887273026715846
F/lp_only/1500/eig/2/hi	13835007287566676000	-1.9887273026715846
F/lp_only/1500/eig/3/lo	13835080003399295865	-2.0097469219949144
F/lp_only/1500/eig/3/hi	13824147128648140840	-0.39432190154559743
F/lp_only/1500/eig/4/lo	13835081735738992124	-2.010516235361818
F/lp_only/1500/eig/4/hi	13815137211287587472	-0.09854275409069602
F/lp_only/1500/eig/5/lo	13835082110768728677	-2.010682782021194
F/lp_only/1500/eig/5/hi	13804709390749471136	-0.019706918341186985
F/lp_only/1500/band_is_none	0	0
F/lp_only/1500/band_lo	4606232971161397506	0.89459013709282
F/lp_only/1500/band_hi	4607495212150965741	1.0694540760344993
F/lp_only/1500/disc/mid	13808179115892862789	-0.032239891328087945
F/lp_only/1500/disc/lo2	4618017586624544887	5.62356223557446
F/lp_only/1500/disc/hi2	4607975127437242733	1.1760166761733573
F/lp_only/1500/damping	4586595463644374085	0.04464930237049506
F/lp_only/1200/J/00	13833343954860764501	-1.6193932491285825
F/lp_only/1200/J/01	4605765693161297749	0.8427118576316653
F/lp_only/1200/J/10	13793492042074711406	-0.003457990271567616
F/lp_only/1200/J/11	13832689113829879159	-1.4739893311369465
F/lp_only/1200/bc	13792237892064811119	-0.0029140894054249726
F/lp_only/1200/eig/0/lo	13853126775587188582	-32.38597957216443
F/lp_only/1200/eig/0/hi	13832697604963486576	-1.475874741544171
F/lp_only/1200/eig/1/lo	13844118602787495443	-8.094765529806898
F/lp_only/1200/eig/1/hi	13832699024972898184	-1.4761900469729614
F/lp_only/1200/eig/2/lo	13833235850188320598	-1.5953891898452262
F/lp_only/1200/eig/2/hi	13832797218502323062	-1.4979933904203029
F/lp_only/1200/eig/3/lo	13832686830627091288	-1.47348235827595
F/lp_only/1200/eig/3/hi	13822887268650506634	-0.3243856226867129
F/lp_only/1200/eig/4/lo	13832688642735399206	-1.473884727149263
F/lp_only/1200/eig/4/hi	13813878474096293408	-0.08107426644411264
F/lp_only/1200/eig/5/lo	13832689023803034953	-1.4739693411618922
F/lp_only/1200/eig/5/hi	13803702603234567680	-0.016213922466340236
F/lp_only/1200/band_is_none	0	0
F/lp_only/1200/band_lo	4607292792384103390	1.0245078588725316
F/lp_only/1200/band_hi	4607984736137057719	1.178150236127619
F/lp_only/1200/disc/mid	13800641759275639917	-0.010609743361316338
F/lp_only/1200/disc/lo2	4613542164738628437	2.8242945487249167
F/lp_only/1200/disc/hi2	4603705592068865064	0.6139946910442449
F/lp_only/1200/damping	4585196266033936646	0.034940418601069154
F/lp_only/950/J/00	13832042215401573946	-1.3303490251972918
F/lp_only/950/J/01	4602702663229727430	0.5026472221171268
F/lp_only/950/J/10	13790513668242897795	-0.0021663265199970984
F/lp_only/950/J/11	13831073182422581024	-1.1151804802174823
F/lp_only/950/bc	13786036515470284599	-0.0010888980074752039
F/lp_only/950/eig/0/lo	13851554213278979289	-26.60612616294097
F/lp_only/950/eig/0/hi	13831077030032412176	-1.116034821222346
F/lp_only/950/eig/1/lo	13842546147127254694	-6.650761581542303
F/lp_only/950/eig/1/hi	13831077611912973222	-1.116164024661637
F/lp_only/950/eig/2/lo	13832018861305589536	-1.3251633741810522
F/lp_only/950/eig/2/hi	13831096536518565434	-1.1203661312337219
F/lp_only/950/eig/3/lo	13831072026991852324	-1.1149239230578099
F/lp_only/950/eig/3/hi	13821841365994917509	-0.2663263621991308
F/lp_only/950/eig/4/lo	13831072948591343526	-1.115128559252733
F/lp_only/950/eig/4/hi	13812833286317061680	-0.0665693722246139
F/lp_only/950/eig/5/lo	13831073137916663508	-1.1151705979186106
F/lp_only/950/eig/5/hi	13802200295392184832	-0.013313372550844527
F/lp_only/950/band_is_none	0	0
F/lp_only/950/band_lo	4607768041579723134	1.1300343787548566
F/lp_only/950/band_hi	4608350463547202412	1.2593580344234523
F/lp_only/950/disc/mid	13793937381524707492	-0.0036511254712393183
F/lp_only/950/disc/lo2	4609561555713791794	1.5282745160815918
F/lp_only/950/disc/hi2	4599847567264735481	0.3428339471661413
F/lp_only/950/damping	4583465907645439118	0.02709182266377446
F/hp_only/1500/J/00	13835072356934048070	-2.006351209284875
F/hp_only/1500/J/01	13799825456799707475	-0.009193684292818338
F/hp_only/1500/J/10	13815318059997316290	-0.10105253410962958
F/hp_only/1500/J/11	13831699090072020806	-1.2541598969568937
F/hp_only/1500/bc	4561708151827242764	0.0009290450955931908
F/hp_only/1500/eig/0/lo	13854216298033851355	-40.127502171402476
F/hp_only/1500/eig/0/hi	13831696937415777984	-1.2536819112519169
F/hp_only/1500/eig/1/lo	13845209329411556734	-10.032285228374118
F/hp_only/1500/eig/1/hi	13831696706848389132	-1.2536307150071506
F/hp_only/1500/eig/2/lo	13835075133620797667	-2.007584305909505
F/hp_only/1500/eig/2/hi	13831693536698521613	-1.2529268003322642
F/hp_only/1500/eig/3/lo	13831700070967711867	-1.254377699553088
F/hp_only/1500/eig/3/hi	13824268375236725252	-0.4010524392607808
F/hp_only/1500/eig/4/lo	13831699271375004690	-1.254200154306322
F/hp_only/1500/eig/4/hi	13815262198717006344	-0.10027730311481531
F/hp_only/1500/eig/5/lo	13831699123975544670	-1.2541674250514556
F/hp_only/1500/eig/5/hi	13804810002075118688	-0.020055983998286897
F/hp_only/1500/band_is_none	1	1
F/hp_only/1500/damping	0	0.0
F/hp_only/1200/J/00	13832688980266044519	-1.4739596740080516
F/hp_only/1200/J/01	13796730964177779586	-0.005819047647661503
F/hp_only/1200/J/10	13810195771860022134	-0.04623325312488806
F/hp_only/1200/J/11	13830634363973174665	-1.0177432109852325
F/hp_only/1200/bc	4553598415818346242	0.00026903350284011873
F/hp_only/1200/eig/0/lo	13852362963047998050	-29.47938253006067
F/hp_only/1200/eig/0/hi	13830633512568117096	-1.0175541610855934
F/hp_only/1200/eig/1/lo	13843355949003038403	-7.370010131846075
F/hp_only/1200/eig/1/hi	13830633410282784892	-1.0175314491794145
F/hp_only/1200/eig/2/lo	13832691632640907994	-1.474548619536725
F/hp_only/1200/eig/2/hi	13830631711598311190	-1.017154265456559
F/hp_only/1200/eig/3/lo	13830634699125629566	-1.0178176297796706
F/hp_only/1200/eig/3/hi	13822352815553759564	-0.2947175160071722
F/hp_only/1200/eig/4/lo	13830634428143876506	-1.0177574597433705
F/hp_only/1200/eig/4/hi	13813345930177608724	-0.0736837349422646
F/hp_only/1200/eig/5/lo	13830634376053050807	-1.017745893256558
F/hp_only/1200/eig/5/hi	13803020911437118976	-0.014736914468755025
F/hp_only/1200/band_is_none	1	1
F/hp_only/1200/damping	0	0.0
F/hp_only/950/J/00	13831083855799222287	-1.1175504459170076
F/hp_only/950/J/01	13794196417154968933	-0.0037634642684715607
F/hp_only/950/J/10	13803629896401683421	-0.015961669966603743
F/hp_only/950/J/11	13829170866792662400	-0.8463907788647447
F/hp_only/950/bc	4543989765432221099	6.0071174584448835e-05
F/hp_only/950/eig/0/lo	13850356519977102928	-22.351064786357085
F/hp_only/950/eig/0/hi	13829170363578301888	-0.8463349108478084
F/hp_only/950/eig/1/lo	13841349376319493144	-5.5878155767614075
F/hp_only/950/eig/1/hi	13829170296212022604	-0.846327431688374
F/hp_only/950/eig/2/lo	13831084852687356882	-1.1177717995490082
F/hp_only/950/eig/2/hi	13829168873016393210	-0.8461694252327441
F/hp_only/950/eig/3/lo	13829171040519764245	-0.8464100664475916
F/hp_only/950/eig/3/hi	13820592161871783156	-0.22349080160055446
F/hp_only/950/eig/4/lo	13829170901015392625	-0.8463945783510508
F/hp_only/950/eig/4/hi	13811585109961765952	-0.05587372280954428
F/hp_only/950/eig/5/lo	13829170873270903274	-0.8463914980939624
F/hp_only/950/eig/5/hi	13800967483736316704	-0.011174785229952244
F/hp_only/950/band_is_none	1	1
F/hp_only/950/damping	0	0.0
census/F/close_bracket_fails	0	0
census/F/close_calls	189	189
census/F/close_nonreal_propagated	0	0
census/F/eig_complex	2	2
census/F/eig_real	124	124
census/F/hi_wall_literal	54	54
census/F/hi_wall_map	135	135
census/F/illinois_calls	189	189
census/F/illinois_evals	1491	1491
census/F/illinois_exhausted	0	0
census/F/instant_calls	189	189
census/F/integrate_calls	0	0
census/F/match_calls	21	21
census/F/powers_calls	0	0
G/g7/npts	25	25
G/g7/0/s	0	0.0
G/g7/0/nu_lp	4605410552180224224	0.8032832882140859
G/g7/0/nu_hp	4605678410599972044	0.8330215467084598
G/g7/0/Tt4	4652552666608566272	1100.0
G/g7/0/slip	4606860868390179612	0.9643007331420423
G/g7/0/pi_lpc	4612313180577581143	2.278515943727182
G/g7/0/pi_hpc	4616627776315597239	4.389162711690395
G/g7/0/phi_lp	4605518683776595166	0.8152883070121353
G/g7/0/phi_hp	4606757666666192318	0.9528430401268719
G/g7/0/mdot_air	4604074101639892666	0.6549074720992032
G/g7/0/f	4581045405737807317	0.0186940196981434
G/g7/0/Phi_lp	13648635869287258934	-7.303057652737443e-13
G/g7/0/Phi_hp	13629493634073865087	-3.8526460064093864e-14
G/g7/0/sp_thrust	4647557687566073592	503.06831408663083
G/g7/1/s	4587366580439587226	0.05
G/g7/1/nu_lp	4605411104400925341	0.8033445970277914
G/g7/1/nu_hp	4605678870017287185	0.833072552276578
G/g7/1/Tt4	4652574656841121792	1105.0
G/g7/1/slip	4606860999476298114	0.9643152866247393
G/g7/1/pi_lpc	4612315153441401882	2.2793920712624756
G/g7/1/pi_hpc	4616633738762564946	4.394458428415719
G/g7/1/phi_lp	4605512096686410839	0.8145569930933431
G/g7/1/phi_hp	4606747948651674715	0.9517641237797635
G/g7/1/mdot_air	4604069260155663463	0.6543699593727411
G/g7/1/f	4581087620769943828	0.018840482512716042
G/g7/1/Phi_lp	4567749904555454375	0.002430122955791664
G/g7/1/Phi_hp	4566813142935527856	0.002023867362421515
G/g7/1/sp_thrust	4647595362817974532	505.2099042111224
G/g7/2/s	4591870180066957722	0.1
G/g7/2/nu_lp	4605412721678309973	0.8035241508867538
G/g7/2/nu_hp	4605680219240215720	0.8332223461126391
G/g7/2/Tt4	4652596647073677312	1110.0
G/g7/2/slip	4606861378968148106	0.9643574186836912
G/g7/2/pi_lpc	4612317979184394613	2.280646953235357
G/g7/2/pi_hpc	4616640407076242352	4.400381080719782
G/g7/2/phi_lp	4605506771470132343	0.8139657753209936
G/g7/2/phi_hp	4606738949290179922	0.9507649939459191
G/g7/2/mdot_air	4604066298580378426	0.6540411584656802
G/g7/2/f	4581129466018241615	0.01898566238187654
G/g7/2/Phi_lp	4572104754490935651	0.0047312261203010545
G/g7/2/Phi_hp	4571206909731391881	0.00395246992921939
G/g7/2/sp_thrust	4647633915415905600	507.40136568349044
G/g7/3/s	4594572339843380020	0.15000000000000002
G/g7/3/nu_lp	4605415347780890932	0.8038157068417946
G/g7/3/nu_hp	4605682416601156585	0.8334663021836352
G/g7/3/Tt4	4652618637306232832	1115.0
G/g7/3/slip	4606861987344581300	0.9644249620360683
G/g7/3/pi_lpc	4612321613523965452	2.2822609242236975
G/g7/3/pi_hpc	4616647753861798478	4.406906337104898
G/g7/3/phi_lp	4605502652106240222	0.8135084340570093
G/g7/3/phi_hp	4606730638217803013	0.949842279554702
G/g7/3/mdot_air	4604065124928603117	0.6539108569432962
G/g7/3/f	4581170959505427837	0.019129621834520705
G/g7/3/Phi_lp	4574618464809503108	0.006911522271013108
G/g7/3/Phi_hp	4573326849259131211	0.005791224362429691
G/g7/3/sp_thrust	4647673301913776349	509.64022887941775
G/g7/4/s	4596373779694328218	0.2
G/g7/4/nu_lp	4605418930033353590	0.8042134167582009
G/g7/4/nu_hp	4605685422778342871	0.8338000548964669
G/g7/4/Tt4	4652640627538788352	1120.0
G/g7/4/slip	4606862806509967401	0.9645159076633308
G/g7/4/pi_lpc	4612326015147438270	2.2842156377137988
G/g7/4/pi_hpc	4616655753119077125	4.414011104793421
G/g7/4/phi_lp	4605499685849545031	0.8131791134090144
G/g7/4/phi_hp	4606722986582094571	0.9489927773407464
G/g7/4/mdot_air	4604065653617762600	0.653969553231069
G/g7/4/f	4581212118210154987	0.019272419777182675
G/g7/4/Phi_lp	4576329432829256953	0.00897860093253876
G/g7/4/Phi_hp	4575348974435632943	0.00754513836995034
G/g7/4/sp_thrust	4647713480315365603	511.92410659011347
G/g7/5/s	4598175219545276416	0.25
G/g7/5/nu_lp	4605423419048544968	0.8047117975605369
G/g7/5/nu_hp	4605689200620474218	0.834219479628229
G/g7/5/Tt4	4652662617771343872	1125.0
G/g7/5/slip	4606863819704192295	0.9646283948190203
G/g7/5/pi_lpc	4612331145470715172	2.2864939589241136
G/g7/5/pi_hpc	4616664380139728160	4.421673438361978
G/g7/5/phi_lp	4605497822966368316	0.8129722918295168
G/g7/5/phi_hp	4606715966940667941	0.9482134405871007
G/g7/5/mdot_air	4604067804907086216	0.6542083943250399
G/g7/5/f	4581252958144565245	0.01941411176314033
G/g7/5/Phi_lp	4577459804775729652	0.01093948368467055
G/g7/5/Phi_hp	4576467926460946503	0.009218849086703907
G/g7/5/sp_thrust	4647734612749179849	514.2506927539299
G/g7/6/s	4599075939470750515	0.3
G/g7/6/nu_lp	4605428768483085396	0.8053057041000877
G/g7/6/nu_hp	4605693714987678667	0.8347206750694282
G/g7/6/Tt4	4652684608003899392	1130.0
G/g7/6/slip	4606865011417516389	0.9647607015761365
G/g7/6/pi_lpc	4612336968419378168	2.289079867594861
G/g7/6/pi_hpc	4616673611413954857	4.429872456916464
G/g7/6/phi_lp	4605497016495384560	0.812882755564031
G/g7/6/phi_hp	4606709553168355170	0.9475013688174665
G/g7/6/mdot_air	4604071504393461129	0.6546191198203114
G/g7/6/f	4581293494424901443	0.01955475023739629
G/g7/6/Phi_lp	4578532707871065848	0.01280067387159843
G/g7/6/Phi_hp	4577389000186149429	0.010816657300918834
G/g7/6/sp_thrust	4647755433702070616	516.617761046432
G/g7/7/s	4599976659396224614	0.35
G/g7/7/nu_lp	4605434934814226651	0.8059903043811362
G/g7/7/nu_hp	4605698932607048854	0.8352999471852793
G/g7/7/Tt4	4652706598236454912	1135.0
G/g7/7/slip	4606866367310116326	0.9649112358944734
G/g7/7/pi_lpc	4612343450229945964	2.2919583697283112
G/g7/7/pi_hpc	4616683424545833808	4.43858826888102
G/g7/7/phi_lp	4605497222031399734	0.8129055746456746
G/g7/7/phi_hp	4606703720372088879	0.9468537983461881
G/g7/7/mdot_air	4604076682557746380	0.6551940115417891
G/g7/7/f	4581333741335869698	0.01969438475998065
G/g7/7/Phi_lp	4579551618087914420	0.014568201344678268
G/g7/7/Phi_hp	4578268622067742579	0.012342558028901362
G/g7/7/sp_thrust	4647776591844546259	519.0231633565512
G/g7/8/s	4600877379321698713	0.39999999999999997
G/g7/8/nu_lp	4605441877135847527	0.8067610569119211
G/g7/8/nu_hp	4605704821941208594	0.8359537946236648
G/g7/8/Tt4	4652728588469010432	1140.0
G/g7/8/slip	4606867874136123106	0.9650785271871565
G/g7/8/pi_lpc	4612350559269246895	2.2951154173742547
G/g7/8/pi_hpc	4616693798176294233	4.447801903589913
G/g7/8/phi_lp	4605498397529649533	0.8130360811679079
G/g7/8/phi_hp	4606698444812775093	0.946268093604394
G/g7/8/mdot_air	4604083274355903390	0.6559258481505486
G/g7/8/f	4581373712389380077	0.01983306220974861
G/g7/8/Phi_lp	4580340291366959790	0.016247662793427757
G/g7/8/Phi_hp	4579108934581955650	0.01380026787446387
G/g7/8/sp_thrust	4647798068955394850	521.4648281723241
G/g7/9/s	4601778099247172812	0.44999999999999996
G/g7/9/nu_lp	4605449556971711919	0.8076136899721201
G/g7/9/nu_hp	4605711353068549064	0.8366788954186797
G/g7/9/Tt4	4652750578701565952	1145.0
G/g7/9/slip	4606869519671964058	0.9652612183650036
G/g7/9/pi_lpc	4612358265870088834	2.2985378356527812
G/g7/9/pi_hpc	4616704711912954490	4.457495248969844
G/g7/9/phi_lp	4605500503128472462	0.8132698495972919
G/g7/9/phi_hp	4606693703833500382	0.9457417391693885
G/g7/9/mdot_air	4604091218849993559	0.656807864176339
G/g7/9/f	4581413420378222724	0.01997082697060694
G/g7/9/Phi_lp	4580800478647576059	0.017844258151489694
G/g7/9/Phi_hp	4579911933847581844	0.015193249551737766
G/g7/9/sp_thrust	4647819847472358150	523.9407588961483
G/g7/10/s	4602678819172646911	0.49999999999999994
G/g7/10/nu_lp	4605457938104320114	0.8085441826115256
G/g7/10/nu_hp	4605718497573932986	0.8374720948563585
G/g7/10/Tt4	4652772568934121472	1150.0
G/g7/10/slip	4606871292648814050	0.9654580583371024
G/g7/10/pi_lpc	4612366542181602148	2.302213256293202
G/g7/10/pi_hpc	4616716146266110339	4.467650994686099
G/g7/10/phi_lp	4605503500988452382	0.8136026789147228
G/g7/10/phi_hp	4606689475793484902	0.9452723324319663
G/g7/10/mdot_air	4604100458874696339	0.6578337129936521
G/g7/10/f	4581452877425175887	0.02010772110189168
G/g7/10/Phi_lp	4581238175310689411	0.01936282350520858
G/g7/10/Phi_hp	4580420151676457881	0.01652473390079798
G/g7/10/sp_thrust	4647841910476841720	526.4490321065232
G/g7/11/s	4603129179135383961	0.5499999999999999
G/g7/11/nu_lp	4605466435161134845	0.8094875454232519
G/g7/11/nu_hp	4605725765938960378	0.8382790454768376
G/g7/11/Tt4	4652772568934121472	1150.0
G/g7/11/slip	4606873057878705080	0.9656540382239802
G/g7/11/pi_lpc	4612373411123463450	2.3052636792568935
G/g7/11/pi_hpc	4616722262834899863	4.473083599087565
G/g7/11/phi_lp	4605513651279517351	0.8147295875994204
G/g7/11/phi_hp	4606695013958659017	0.9458871922810143
G/g7/11/mdot_air	4604115588637083209	0.6595134540495532
G/g7/11/f	4581449695515058341	0.02009668163353297
G/g7/11/Phi_lp	4580954945756161194	0.01838017359054748
G/g7/11/Phi_hp	4580199430279851083	0.01575895272410958
G/g7/11/sp_thrust	4647845693783038165	526.8791442241296
G/g7/12/s	4603579539098121011	0.6
G/g7/12/nu_lp	4605474500942164266	0.8103830270042967
G/g7/12/nu_hp	4605732696980184432	0.8390485456319947
G/g7/12/Tt4	4652772568934121472	1150.0
G/g7/12/slip	4606874694009402718	0.9658356852211616
G/g7/12/pi_lpc	4612379923736770674	2.3081558605545576
G/g7/12/pi_hpc	4616728109273461776	4.478276279650359
G/g7/12/phi_lp	4605523334749454146	0.8158046687276299
G/g7/12/phi_hp	4606700294219086992	0.9464734189513297
G/g7/12/mdot_air	4604130007387214259	0.6611142568877341
G/g7/12/f	4581446668497148905	0.02008617955547357
G/g7/12/Phi_lp	4580686022624584026	0.017447159051387252
G/g7/12/Phi_hp	4579815813410895945	0.015026507173697594
G/g7/12/sp_thrust	4647849281123685360	527.2869776381394
G/g7/13/s	4604029899060858061	0.65
G/g7/13/nu_lp	4605482157248754952	0.8112330477903535
G/g7/13/nu_hp	4605739305431210311	0.8397822310805986
G/g7/13/Tt4	4652772568934121472	1150.0
G/g7/13/slip	4606876210627305215	0.9660040636326527
G/g7/13/pi_lpc	4612386098400360743	2.3108979620293613
G/g7/13/pi_hpc	4616733696315144599	4.4832385695030075
G/g7/13/phi_lp	4605532571236696168	0.8168301248079048
G/g7/13/phi_hp	4606705327959854837	0.9470322764413753
G/g7/13/mdot_air	4604143746381572370	0.6626395916748911
G/g7/13/f	4581443789029534871	0.02007618939533681
G/g7/13/Phi_lp	4580430704085855076	0.016561344925416846
G/g7/13/Phi_hp	4579412090828988932	0.01432616013308153
G/g7/13/sp_thrust	4647852682963085086	527.6737220019311
G/g7/14/s	4604480259023595111	0.7000000000000001
G/g7/14/nu_lp	4605489424810188369	0.8120399091939793
G/g7/14/nu_hp	4605745605473786324	0.8404816763129994
G/g7/14/Tt4	4652772568934121472	1150.0
G/g7/14/slip	4606877616600495628	0.9661601580134529
G/g7/14/pi_lpc	4612391952588270751	2.3134977437126305
G/g7/14/pi_hpc	4616739034377839774	4.487979721591868
G/g7/14/phi_lp	4605541379910592368	0.8178080840655024
G/g7/14/phi_hp	4606710126125284976	0.9475649798150254
G/g7/14/mdot_air	4604156835739435870	0.6640928023226527
G/g7/14/f	4581441050093926137	0.02006668680353749
G/g7/14/Phi_lp	4580188319566274140	0.015720404692756026
G/g7/14/Phi_hp	4579026172394937306	0.013656698365719967
G/g7/14/sp_thrust	4647855909183491522	528.0405007977317
G/g7/15/s	4604930618986332161	0.7500000000000001
G/g7/15/nu_lp	4605496323331759397	0.8128057989423821
G/g7/15/nu_hp	4605751610749046795	0.8411483957993381
G/g7/15/Tt4	4652772568934121472	1150.0
G/g7/15/slip	4606878920132526281	0.9663048791408296
G/g7/15/pi_lpc	4612397502906950121	2.315962580349368
G/g7/15/pi_hpc	4616744133562222904	4.492508707119036
G/g7/15/phi_lp	4605549779274085305	0.8187406007397079
G/g7/15/phi_hp	4606714699229672102	0.9480726963934856
G/g7/15/mdot_air	4604169304457499249	0.665477108110805
G/g7/15/f	4581438444984272577	0.02005764851379044
G/g7/15/Phi_lp	4579755636507003094	0.014922116885803065
G/g7/15/Phi_hp	4578657373703636188	0.013016934618010394
G/g7/15/sp_thrust	4647858969119025702	528.3883751922447
G/g7/16/s	4605380978949069211	0.8000000000000002
G/g7/16/nu_lp	4605502871541307952	0.8135327962434697
G/g7/16/nu_hp	4605757334369616501	0.8417838453334087
G/g7/16/Tt4	4652772568934121472	1150.0
G/g7/16/slip	4606880128812250105	0.9664390695467083
G/g7/16/pi_lpc	4612402765132029070	2.3182994777267316
G/g7/16/pi_hpc	4616749003651400557	4.496834215228643
G/g7/16/phi_lp	4605557787169204965	0.8196296556937709
G/g7/16/phi_hp	4606719057368475096	0.9485565469978452
G/g7/16/mdot_air	4604181180427827516	0.6667956056806257
G/g7/16/f	4581435967295430924	0.02004905230379088
G/g7/16/Phi_lp	4579318820333792875	0.014164361615448947
G/g7/16/Phi_hp	4578305026325152826	0.01240570934885642
G/g7/16/sp_thrust	4647861871587539970	528.7183476592184
G/g7/17/s	4605831338911806261	0.8500000000000002
G/g7/17/nu_lp	4605509087234173359	0.8142228767767871
G/g7/17/nu_hp	4605762788932416986	0.8423894234544449
G/g7/17/Tt4	4652772568934121472	1150.0
G/g7/17/slip	4606881249659973775	0.9665635086417
G/g7/17/pi_lpc	4612407754244468963	2.320515088728017
G/g7/17/pi_hpc	4616753654111806975	4.500964653803293
G/g7/17/phi_lp	4605565420784961222	0.8204771572911447
G/g7/17/phi_hp	4606723210229858570	0.9490176072304461
G/g7/17/mdot_air	4604192490458611958	0.6680512713392364
G/g7/17/f	4581433610911932786	0.02004087695624563
G/g7/17/Phi_lp	4578904204067863999	0.013445117045420283
G/g7/17/Phi_hp	4577968478607937408	0.011821892123016431
G/g7/17/sp_thrust	4647864624920555328	529.0313653829289
G/g7/18/s	4606281698874543311	0.9000000000000002
G/g7/18/nu_lp	4605514987316554487	0.8148779175074584
G/g7/18/nu_hp	4605767986532031220	0.8429664729308954
G/g7/18/Tt4	4652772568934121472	1150.0
G/g7/18/slip	4606882289170191106	0.9666789174594614
G/g7/18/pi_lpc	4612412484465952793	2.3226157290491867
G/g7/18/pi_hpc	4616758094095206003	4.5049081512421365
G/g7/18/phi_lp	4605572696667263109	0.8212849424967464
G/g7/18/phi_hp	4606727167106489323	0.9494569087845525
G/g7/18/mdot_air	4604203260297250001	0.6692469636219817
G/g7/18/f	4581431369996897599	0.020033102220407214
G/g7/18/Phi_lp	4578510676677172230	0.012762455842347375
G/g7/18/Phi_hp	4577647096308199063	0.011264382702896909
G/g7/18/sp_thrust	4647867236991388283	529.3283234558324
G/g7/19/s	4606732058837280361	0.9500000000000003
G/g7/19/nu_lp	4605520587847270206	0.8154997013225296
G/g7/19/nu_hp	4605772938774498127	0.8435162822919241
G/g7/19/Tt4	4652772568934121472	1150.0
G/g7/19/slip	4606883253351139223	0.9667859630483119
G/g7/19/pi_lpc	4612416969293402412	2.324607392527602
G/g7/19/pi_hpc	4616762332441664563	4.508672559101842
G/g7/19/phi_lp	4605579630730533773	0.8220547781664763
G/g7/19/phi_hp	4606730936907503380	0.9498754407729586
G/g7/19/mdot_air	4604213514655322992	0.6703854260655202
G/g7/19/f	4581429238981127181	0.020025708774237972
G/g7/19/Phi_lp	4578137179560231005	0.012114541625379777
G/g7/19/Phi_hp	4577340263063954285	0.010732111870895367
G/g7/19/sp_thrust	4647869715241577572	529.6100678829357
G/g7/20/s	4607182418800017409	1.0000000000000002
G/g7/20/nu_lp	4605525904077924677	0.8160899214902108
G/g7/20/nu_hp	4605777656791422402	0.8440400873939142
G/g7/20/Tt4	4652772568934121472	1150.0
G/g7/20/slip	4606884147761404722	0.9668852625353337
G/g7/20/pi_lpc	4612421221532533906	2.3264957660436005
G/g7/20/pi_hpc	4616766377683374158	4.512265455490775
G/g7/20/phi_lp	4605586238270727653	0.8227883624924145
G/g7/20/phi_hp	4606734528170569481	0.9502741510673057
G/g7/20/mdot_air	4604223277235092393	0.6714692901494931
G/g7/20/f	4581427212552412455	0.020018678187310315
G/g7/20/Phi_lp	4577782704510955125	0.011499625435752872
G/g7/20/Phi_hp	4577047380730853301	0.010224042011966231
G/g7/20/sp_thrust	4647872066705714967	529.8773984047319
G/g7/21/s	4607407598781385934	1.0500000000000003
G/g7/21/nu_lp	4605530950491490476	0.8166501859434638
G/g7/21/nu_hp	4605782151254297862	0.8445390730106801
G/g7/21/Tt4	4652772568934121472	1150.0
G/g7/21/slip	4606884977543792417	0.9669773868865584
G/g7/21/pi_lpc	4612425253330383765	2.3282862439650196
G/g7/21/pi_hpc	4616770238049207018	4.515694149115669
G/g7/21/phi_lp	4605592533979489590	0.8234873265747982
G/g7/21/phi_hp	4606737949073983459	0.9506539476408274
G/g7/21/mdot_air	4604232570757177743	0.6725010783693949
G/g7/21/f	4581425285645077289	0.020011992884529626
G/g7/21/Phi_lp	4577446291704988563	0.010916042243623447
G/g7/21/Phi_hp	4576767869595515592	0.009739167483698977
G/g7/21/sp_thrust	4647874298034778487	530.1310711498799
G/g7/22/s	4607632778762754459	1.1000000000000003
G/g7/22/nu_lp	4605535740839329712	0.8171820213901722
G/g7/22/nu_hp	4605786432388954360	0.8450143744373966
G/g7/22/Tt4	4652772568934121472	1150.0
G/g7/22/slip	4606885747456655283	0.9670628643852893
G/g7/22/pi_lpc	4612429076206756806	2.329983942112878
G/g7/22/pi_hpc	4616773921469903027	4.518965683888541
G/g7/22/phi_lp	4605598531959226664	0.8241532360953316
G/g7/22/phi_hp	4606741207448736567	0.9510156999082032
G/g7/22/mdot_air	4604241416989119034	0.6734832074076345
G/g7/22/f	4581423453429779576	0.020005636110749653
G/g7/22/Phi_lp	4577127027715929578	0.010362207506768823
G/g7/22/Phi_hp	4576501168480811624	0.00927651479895282
G/g7/22/sp_thrust	4647876415518060659	530.3718011281584
G/g7/23/s	4607857958744122984	1.1500000000000004
G/g7/23/nu_lp	4605540288176679318	0.8176868772527992
G/g7/23/nu_hp	4605790509990049068	0.8454670790994547
G/g7/23/Tt4	4652772568934121472	1150.0
G/g7/23/slip	4606886461902870954	0.9671421838491387
G/g7/23/pi_lpc	4612432701084562680	2.3315937112334915
G/g7/23/pi_hpc	4616777435583792668	4.522086844009689
G/g7/23/phi_lp	4605604245738890563	0.8247875930693812
G/g7/23/phi_hp	4606744310790507744	0.9513602400569674
G/g7/23/mdot_air	4604249836774562024	0.6744179913737556
G/g7/23/f	4581421711303585329	0.019999591896335104
G/g7/23/Phi_lp	4576824043568431764	0.009836613793255546
G/g7/23/Phi_hp	4576246734756271668	0.008835142643913142
G/g7/23/sp_thrust	4647878425103778974	530.6002645736041
G/g7/24/s	4608083138725491509	1.2000000000000004
G/g7/24/nu_lp	4605544604896631637	0.8181661294409915
G/g7/24/nu_hp	4605794393435532790	0.8458982281585452
G/g7/24/Tt4	4652772568934121472	1150.0
G/g7/24/slip	4606887124956637545	0.9672157976049621
G/g7/24/pi_lpc	4612436138319020851	2.33312014996809
G/g7/24/pi_hpc	4616780787742969656	4.525064159450089
G/g7/24/phi_lp	4605609688290293422	0.8253918376573972
G/g7/24/phi_hp	4606747266271537173	0.9516883643657389
G/g7/24/mdot_air	4604257850062837004	0.6753076450883397
G/g7/24/f	4581420054880327914	0.01999384502371352
G/g7/24/Phi_lp	4576536512833926703	0.009337827478044762
G/g7/24/Phi_hp	4576004044265662561	0.008414141752457195
G/g7/24/sp_thrust	4647880332418450443	530.8171011471435
census/G/g7/close_bracket_fails	0	0
census/G/g7/close_calls	97	97
census/G/g7/close_nonreal_propagated	0	0
census/G/g7/eig_complex	0	0
census/G/g7/eig_real	0	0
census/G/g7/hi_wall_literal	0	0
census/G/g7/hi_wall_map	97	97
census/G/g7/illinois_calls	97	97
census/G/g7/illinois_evals	978	978
census/G/g7/illinois_exhausted	0	0
census/G/g7/instant_calls	97	97
census/G/g7/integrate_calls	1	1
census/G/g7/match_calls	1	1
census/G/g7/powers_calls	0	0
G/steep/npts	25	25
G/steep/0/s	0	0.0
G/steep/0/nu_lp	4605215083886753830	0.781581948214584
G/steep/0/nu_hp	4605657957092445604	0.8307507512094401
G/steep/0/Tt4	4652552666608566272	1100.0
G/steep/0/slip	4606649318823824764	0.9408140132003804
G/steep/0/pi_lpc	4612297436810690906	2.271524306728833
G/steep/0/pi_hpc	4616628665024245633	4.3899520435333
G/steep/0/phi_lp	4605700775809337862	0.8355045837473092
G/steep/0/phi_hp	4606782673804669734	0.9556193902186336
G/steep/0/mdot_air	4604057058471540034	0.6530153003074377
G/steep/0/f	4581045405737807228	0.01869401969814309
G/steep/0/Phi_lp	13638841238070062730	-1.6269886401596004e-13
G/steep/0/Phi_hp	13642484967388414991	-2.8198537152985313e-13
G/steep/0/sp_thrust	4647548829981632534	502.5648187041528
G/steep/1/s	4587366580439587226	0.05
G/steep/1/nu_lp	4605215629504594989	0.7816425239635741
G/steep/1/nu_hp	4605658404417709725	0.8308004142902125
G/steep/1/Tt4	4652574656841121792	1105.0
G/steep/1/slip	4606649469001848353	0.9408306863103385
G/steep/1/pi_lpc	4612299955831969356	2.2726429768979752
G/steep/1/pi_hpc	4616634877260901963	4.395469618069522
G/steep/1/phi_lp	4605695211731909293	0.8348868470601097
G/steep/1/phi_hp	4606773662134330238	0.9546188938285096
G/steep/1/mdot_air	4604053165218222475	0.6525830623600525
G/steep/1/f	4581087390916288972	0.018839685047653806
G/steep/1/Phi_lp	4567687691697656802	0.0024031424295594
G/steep/1/Phi_hp	4566691919858446333	0.001971295233010649
G/steep/1/sp_thrust	4647586972566962240	504.7329736584834
G/steep/2/s	4591870180066957722	0.1
G/steep/2/nu_lp	4605217231067978383	0.7818203332179382
G/steep/2/nu_hp	4605659719344756962	0.8309464005185669
G/steep/2/Tt4	4652596647073677312	1110.0
G/steep/2/slip	4606649907585693071	0.940879378898602
G/steep/2/pi_lpc	4612303241605513866	2.274102153475103
G/steep/2/pi_hpc	4616641771197523487	4.40159266380354
G/steep/2/phi_lp	4605690756078843967	0.8343921701978231
G/steep/2/phi_hp	4606765297274092122	0.9536902077850968
G/steep/2/mdot_air	4604051018822261792	0.6523447645385012
G/steep/2/f	4581129037616683771	0.018984176065397467
G/steep/2/Phi_lp	4572057800468634114	0.004690499997912047
G/steep/2/Phi_hp	4571032580056805806	0.0038537565198437295
G/steep/2/sp_thrust	4647625931213309808	506.9475163110683
G/steep/3/s	4594572339843380020	0.15000000000000002
G/steep/3/nu_lp	4605219837963458419	0.7821097567564109
G/steep/3/nu_hp	4605661862961157710	0.8311843897469744
G/steep/3/Tt4	4652618637306232832	1115.0
G/steep/3/slip	4606650617429404745	0.9409581873818605
G/steep/3/pi_lpc	4612307258398557494	2.275885967923979
G/steep/3/pi_hpc	4616649321174865699	4.408298390748118
G/steep/3/phi_lp	4605687362881504628	0.8340154496165
G/steep/3/phi_hp	4606757553800039460	0.9528305094667116
G/steep/3/mdot_air	4604050540142693157	0.6522916204306496
G/steep/3/f	4581170361264738308	0.019127546270183884
G/steep/3/Phi_lp	4574569205584580314	0.006868796704072111
G/steep/3/Phi_hp	4573166549485698208	0.005652186472345694
G/steep/3/sp_thrust	4647665667866886866	509.2062835544758
G/steep/4/s	4596373779694328218	0.2
G/steep/4/nu_lp	4605223402504549003	0.7825055003155098
G/steep/4/nu_hp	4605664798439558299	0.8315102933178368
G/steep/4/Tt4	4652640627538788352	1120.0
G/steep/4/slip	4606651582394796172	0.9410653200614134
G/steep/4/pi_lpc	4612311972495833232	2.2779794476583177
G/steep/4/pi_hpc	4616657502834438636	4.415565164218133
G/steep/4/phi_lp	4605684988491021166	0.833751839318081
G/steep/4/phi_hp	4606750407421744500	0.9520371020941369
G/steep/4/mdot_air	4604051655051420282	0.6524154001645706
G/steep/4/f	4581211376486940624	0.01926984640783741
G/steep/4/Phi_lp	4576309666884956187	0.00894431248493537
G/steep/4/Phi_hp	4575148261059677311	0.007371047267343943
G/steep/4/sp_thrust	4647706145492561002	511.5071701851617
G/steep/5/s	4598175219545276416	0.25
G/steep/5/nu_lp	4605227879739131808	0.7830025732075576
G/steep/5/nu_hp	4605668490891139536	0.8319202377941171
G/steep/5/Tt4	4652662617771343872	1125.0
G/steep/5/slip	4606652787313739309	0.9411990929367612
G/steep/5/pi_lpc	4612317352073544427	2.2803684600734093
G/steep/5/pi_hpc	4616666293020745384	4.42337241800093
G/steep/5/phi_lp	4605683591416977505	0.8335967329410431
G/steep/5/phi_hp	4606743834914642792	0.9513074072227541
G/steep/5/mdot_air	4604054294041417617	0.6527083869102502
G/steep/5/f	4581252097161146074	0.019411124626841005
G/steep/5/Phi_lp	4577450253936565030	0.0109229156197564
G/steep/5/Phi_hp	4576350121600071804	0.009014490228960385
G/steep/5/sp_thrust	4647731071766755115	513.8481296596341
G/steep/6/s	4599075939470750515	0.3
G/steep/6/nu_lp	4605233227270878785	0.7835962684945984
G/steep/6/nu_hp	4605672907231730341	0.8324105500949669
G/steep/6/Tt4	4652684608003899392	1130.0
G/steep/6/slip	4606654217949125508	0.9413579253713213
G/steep/6/pi_lpc	4612323367081020576	2.2830396599907345
G/steep/6/pi_hpc	4616675669692759116	4.431700575732133
G/steep/6/phi_lp	4605683132179214316	0.8335457473071961
G/steep/6/phi_hp	4606737814057473982	0.9506389577970749
G/steep/6/mdot_air	4604058391869413608	0.6531633372094605
G/steep/6/f	4581292536463500453	0.019551426641133535
G/steep/6/Phi_lp	4578538137396167568	0.01281009259625579
G/steep/6/Phi_hp	4577256255801918101	0.010586382501288663
G/steep/6/sp_thrust	4647751998066780120	516.2271745346907
G/steep/7/s	4599976659396224614	0.35
G/steep/7/nu_lp	4605239405093591841	0.7842821445964071
G/steep/7/nu_hp	4605678016059337803	0.8329777438988314
G/steep/7/Tt4	4652706598236454912	1135.0
G/steep/7/slip	4606655860955034658	0.9415403356703147
G/steep/7/pi_lpc	4612329989129754998	2.2859804403807926
G/steep/7/pi_hpc	4616685611843648754	4.440530979597712
G/steep/7/phi_lp	4605683573171700490	0.8335947073083798
G/steep/7/phi_hp	4606732323574371076	0.9500293917213587
G/steep/7/mdot_air	4604063887229796507	0.6537734447720313
G/steep/7/f	4581332706911946161	0.019690795881052107
G/steep/7/Phi_lp	4579576275790836309	0.01461097564080053
G/steep/7/Phi_hp	4578123223156269857	0.012090331123788158
G/steep/7/sp_thrust	4647773242409110574	518.6423766337155
G/steep/8/s	4600877379321698713	0.39999999999999997
G/steep/8/nu_lp	4605246375437450579	0.7850560082205597
G/steep/8/nu_hp	4605683787541987517	0.8336185071912251
G/steep/8/Tt4	4652728588469010432	1140.0
G/steep/8/slip	4606657703836561589	0.9417449366206002
G/steep/8/pi_lpc	4612337191389488716	2.2891788862150744
G/steep/8/pi_hpc	4616696099427881240	4.4498458255877935
G/steep/8/phi_lp	4605684878537493289	0.8337396320242522
G/steep/8/phi_hp	4606727343081216831	0.9494764459039756
G/steep/8/mdot_air	4604070722456803826	0.6545323074122378
G/steep/8/f	4581372620406576208	0.01982927363333814
G/steep/8/Phi_lp	4580364129548818721	0.01633036810081834
G/steep/8/Phi_hp	4578952965580488597	0.013529704786094313
G/steep/8/sp_thrust	4647794788354018324	521.0918669760017
G/steep/9/s	4601778099247172812	0.44999999999999996
G/steep/9/nu_lp	4605254102626240559	0.7859138985115858
G/steep/9/nu_hp	4605690193314885398	0.8343296908473998
G/steep/9/Tt4	4652750578701565952	1145.0
G/steep/9/slip	4606659734909669557	0.9419704310335165
G/steep/9/pi_lpc	4612344948490986449	2.2926237312899294
G/steep/9/pi_hpc	4616707113294930943	4.459628104618786
G/steep/9/phi_lp	4605687014053873321	0.8339767219697097
G/steep/9/phi_hp	4606722853035918002	0.9489779507367386
G/steep/9/mdot_air	4604078843252345735	0.6554338968311278
G/steep/9/f	4581412288267080881	0.0199668991710566
G/steep/9/Phi_lp	4580837519047352031	0.017972767853591583
G/steep/9/Phi_hp	4579747298936948752	0.014907653507297197
G/steep/9/sp_thrust	4647816619980047758	523.573835501609
G/steep/10/s	4602678819172646911	0.49999999999999994
G/steep/10/nu_lp	4605262552944709917	0.7868520723245954
G/steep/10/nu_hp	4605697206386016125	0.8351082981516665
G/steep/10/Tt4	4652772568934121472	1150.0
G/steep/10/slip	4606661943261373833	0.9422156073243723
G/steep/10/pi_lpc	4612353236435142214	2.2963043178613445
G/steep/10/pi_hpc	4616718635128916092	4.469861548919763
G/steep/10/phi_lp	4605689947026806581	0.8343023473778205
G/steep/10/phi_hp	4606718834692278512	0.9485318249737968
G/steep/10/mdot_air	4604088198437073017	0.6564725309795129
G/steep/10/f	4581451721267513241	0.020103709874213036
G/steep/10/Phi_lp	4581289931512582480	0.019542388902111185
G/steep/10/Phi_hp	4580334372170962685	0.016227126456917585
G/steep/10/sp_thrust	4647838721880048863	526.086530620374
G/steep/11/s	4603129179135383961	0.5499999999999999
G/steep/11/nu_lp	4605271148544263068	0.787806375578032
G/steep/11/nu_hp	4605704349428134188	0.8359013351342006
G/steep/11/Tt4	4652772568934121472	1150.0
G/steep/11/slip	4606664174761321655	0.9424633535865244
G/steep/11/pi_lpc	4612359539569741218	2.2991034719249948
G/steep/11/pi_hpc	4616724597560794419	4.475157252243025
G/steep/11/phi_lp	4605698972402163609	0.8353043653305462
G/steep/11/phi_hp	4606723897963465782	0.9490939609989997
G/steep/11/mdot_air	4604102480014205575	0.6580581045555655
G/steep/11/f	4581448756155877117	0.020093422576684884
G/steep/11/Phi_lp	4581028933189268606	0.01863686906482486
G/steep/11/Phi_hp	4580088517934206540	0.015499574112289548
G/steep/11/sp_thrust	4647842309897505968	526.4944409787622
G/steep/12/s	4603579539098121011	0.6
G/steep/12/nu_lp	4605279345812307366	0.7887164551502124
G/steep/12/nu_hp	4605711171776623908	0.836658767971731
G/steep/12/Tt4	4652772568934121472	1150.0
G/steep/12/slip	4606666287276811842	0.9426978899202327
G/steep/12/pi_lpc	4612365543276769101	2.3017696534351786
G/steep/12/pi_hpc	4616730297706673251	4.480219998801746
G/steep/12/phi_lp	4605707589996297401	0.8362611104729673
G/steep/12/phi_hp	4606728730556430513	0.9496304865968083
G/steep/12/mdot_air	4604116124066283899	0.6595728986322195
G/steep/12/f	4581445927760014959	0.020083609607282
G/steep/12/Phi_lp	4580779972598444607	0.017773113501833967
G/steep/12/Phi_hp	4579686838298167786	0.014802771017831302
G/steep/12/sp_thrust	4647845721374442369	526.8822810036219
G/steep/13/s	4604029899060858061	0.65
G/steep/13/nu_lp	4605287163121461722	0.7895843508115903
G/steep/13/nu_hp	4605717687025316194	0.8373821058826645
G/steep/13/Tt4	4652772568934121472	1150.0
G/steep/13/slip	4606668288033632489	0.9429200185491285
G/steep/13/pi_lpc	4612371262068612640	2.304309307186273
G/steep/13/pi_hpc	4616735746073205027	4.485059120377886
G/steep/13/phi_lp	4605715817244508847	0.8371745185123326
G/steep/13/phi_hp	4606733342533291489	0.9501425188868177
G/steep/13/mdot_air	4604129157484356226	0.6610198987155658
G/steep/13/f	4581443229895493445	0.02007424950944105
G/steep/13/Phi_lp	4580542495579150948	0.016949199581086552
G/steep/13/Phi_hp	4579302235400363745	0.014135591342081923
G/steep/13/sp_thrust	4647848965334161431	527.2510765257783
G/steep/14/s	4604480259023595111	0.7000000000000001
G/steep/14/nu_lp	4605294617998549144	0.7904120084304109
G/steep/14/nu_hp	4605723908266438731	0.838072802396263
G/steep/14/Tt4	4652772568934121472	1150.0
G/steep/14/slip	4606670183745184299	0.9431304848104153
G/steep/14/pi_lpc	4612376709731353712	2.306728555428485
G/steep/14/pi_hpc	4616740952845074953	4.489683662789056
G/steep/14/phi_lp	4605723670937642510	0.8380464536068659
G/steep/14/phi_hp	4606737743560035047	0.9506311310090866
G/steep/14/mdot_air	4604141606170855835	0.6624019805533864
G/steep/14/f	4581440656647193412	0.02006532176096988
G/steep/14/Phi_lp	4580315973477771888	0.016163293166906845
G/steep/14/Phi_hp	4578934074275705069	0.013496933596194494
G/steep/14/sp_thrust	4647852050308373269	527.6017974883749
G/steep/15/s	4604930618986332161	0.7500000000000001
G/steep/15/nu_lp	4605301727163546407	0.791201284296993
G/steep/15/nu_hp	4605729848101888940	0.8387322566041937
G/steep/15/Tt4	4652772568934121472	1150.0
G/steep/15/slip	4606671980653670346	0.9433299817278507
G/steep/15/pi_lpc	4612381899361961934	2.309033214384704
G/steep/15/pi_hpc	4616745927884815145	4.494102385723445
G/steep/15/phi_lp	4605731167234739892	0.8388787097705603
G/steep/15/phi_hp	4606741942917859093	0.9510973533835761
G/steep/15/mdot_air	4604153495061260809	0.6637219125398711
G/steep/15/f	4581438202358617474	0.02005680673695088
G/steep/15/Phi_lp	4580038982956939020	0.015413644624341603
G/steep/15/Phi_hp	4578581734758203158	0.012885721963669588
G/steep/15/sp_thrust	4647854984366492158	527.9353612776029
G/steep/16/s	4605380978949069211	0.8000000000000002
G/steep/16/nu_lp	4605308506566769083	0.7919539492520963
G/steep/16/nu_hp	4605735518655044501	0.8393618144717602
G/steep/16/Tt4	4652772568934121472	1150.0
G/steep/16/slip	4606673684567755303	0.9435191541927609
G/steep/16/pi_lpc	4612386843403721129	2.3112288099830107
G/steep/16/pi_hpc	4616750680733905325	4.498323763717434
G/steep/16/phi_lp	4605738321676899126	0.8396730124119134
G/steep/16/phi_hp	4606745949514655970	0.9515421749850044
G/steep/16/mdot_air	4604164848147011967	0.6649823582600191
G/steep/16/f	4581435861621503700	0.02004868567370617
G/steep/16/Phi_lp	4579626779135397533	0.014698584978226232
G/steep/16/Phi_hp	4578244612093418694	0.012300907362784119
G/steep/16/sp_thrust	4647857775143008002	528.2526358344769
G/steep/17/s	4605831338911806261	0.8500000000000002
G/steep/17/nu_lp	4605314971424361524	0.7926716926271014
G/steep/17/nu_hp	4605740931582997490	0.8399627701961647
G/steep/17/Tt4	4652772568934121472	1150.0
G/steep/17/slip	4606675300896998340	0.9436986027868604
G/steep/17/pi_lpc	4612391553679929708	2.313320592822654
G/steep/17/pi_hpc	4616755220615003686	4.502355988137003
G/steep/17/phi_lp	4605745149202097309	0.8404310199795365
G/steep/17/phi_hp	4606749771896567369	0.951966544625699
G/steep/17/mdot_air	4604175688499416718	0.6661858791434996
G/steep/17/f	4581433629265752536	0.02004094063384962
G/steep/17/Phi_lp	4579233596728375882	0.014016522226424705
G/steep/17/Phi_hp	4577922117413059342	0.011741468269887114
G/steep/17/sp_thrust	4647860429863067913	528.5544425631243
G/steep/18/s	4606281698874543311	0.9000000000000002
G/steep/18/nu_lp	4605321136252160901	0.7933561260036731
G/steep/18/nu_hp	4605746098089110343	0.8405363676005003
G/steep/18/Tt4	4652772568934121472	1150.0
G/steep/18/slip	4606676834683338922	0.9438688872778773
G/steep/18/pi_lpc	4612396041425923597	2.315313552395088
G/steep/18/pi_hpc	4616759556435164838	4.506206970035839
G/steep/18/phi_lp	4605751664160762423	0.8411543256909856
G/steep/18/phi_hp	4606753418259552510	0.9523713722399234
G/steep/18/mdot_air	4604186038294299790	0.667334937201433
G/steep/18/f	4581431500349671264	0.020033554472440485
G/steep/18/Phi_lp	4578858560343688591	0.013365937805562193
G/steep/18/Phi_hp	4577613678086632795	0.01120641132942051
G/steep/18/sp_thrust	4647862955366394436	528.8415590499721
G/steep/19/s	4606732058837280361	0.9500000000000003
G/steep/19/nu_lp	4605327014898003416	0.7940087868004708
G/steep/19/nu_hp	4605751028935803015	0.8410838015534104
G/steep/19/Tt4	4652772568934121472	1150.0
G/steep/19/slip	4606678290629891576	0.9440305298164153
G/steep/19/pi_lpc	4612400317319476565	2.3172124305844286
G/steep/19/pi_hpc	4616763696789913705	4.5098843437736855
G/steep/19/phi_lp	4605757880331909874	0.8418444593242767
G/steep/19/phi_hp	4606756896460918720	0.9527575301640283
G/steep/19/mdot_air	4604195918837190751	0.6684318978227671
G/steep/19/f	4581429470150537912	0.020026510804245418
G/steep/19/Phi_lp	4578500834972769193	0.012745383206675802
G/steep/19/Phi_hp	4577318737963836415	0.010694771774398147
G/steep/19/sp_thrust	4647865358129657672	529.1147216071631
G/steep/20/s	4607182418800017409	1.0000000000000002
G/steep/20/nu_lp	4605332620572539492	0.7946311416943215
G/steep/20/nu_hp	4605755734457490922	0.8416062194054892
G/steep/20/Tt4	4652772568934121472	1150.0
G/steep/20/slip	4606679673127284241	0.9441840178600974
G/steep/20/pi_lpc	4612404391509637487	2.3190217344737714
G/steep/20/pi_hpc	4616767649968056213	4.513395471289091
G/steep/20/phi_lp	4605763810939682770	0.8425028890542257
G/steep/20/phi_hp	4606760214030769813	0.9531258544074769
G/steep/20/mdot_air	4604205350588865232	0.6694790326099227
G/steep/20/f	4581427534155484370	0.02001979397210791
G/steep/20/Phi_lp	4578159624124244382	0.012153476737481846
G/steep/20/Phi_hp	4577036757520164369	0.010205613678993893
G/steep/20/sp_thrust	4647867644287410282	529.3746276525901
G/steep/21/s	4607407598781385934	1.0500000000000003
G/steep/21/nu_lp	4605337965878623123	0.7952245898830931
G/steep/21/nu_hp	4605760224573602586	0.8421047224345302
G/steep/21/Tt4	4652772568934121472	1150.0
G/steep/21/slip	4606680986277754963	0.9443298068488367
G/steep/21/pi_lpc	4612408273644066799	2.3207457484850162
G/steep/21/pi_hpc	4616771423957117955	4.516747446929915
G/steep/21/phi_lp	4605769468670157078	0.8431310233181957
G/steep/21/phi_hp	4606763378183334417	0.9534771459105419
G/steep/21/mdot_air	4604214353191079679	0.6704785222359247
G/steep/21/f	4581425688052696903	0.02001338901641894
G/steep/21/Phi_lp	4577834168039816652	0.011588900427425573
G/steep/21/Phi_hp	4576767213917145924	0.009738030063038423
G/steep/21/sp_thrust	4647869819651686136	529.6219379380045
G/steep/22/s	4607632778762754459	1.1000000000000003
G/steep/22/nu_lp	4605343062839338739	0.7957904661973018
G/steep/22/nu_hp	4605764508801614399	0.842580367292676
G/steep/22/Tt4	4652772568934121472	1150.0
G/steep/22/slip	4606682233917203413	0.9444683226530467
G/steep/22/pi_lpc	4612411972894936287	2.3223885458806843
G/steep/22/pi_hpc	4616775026449312692	4.5199471027544185
G/steep/22/phi_lp	4605774865688291741	0.8437302126979379
G/steep/22/phi_hp	4606766395828141443	0.953812171785032
G/steep/22/mdot_air	4604222945492361108	0.6714324593076406
G/steep/22/f	4581423927722930695	0.020007281645677135
G/steep/22/Phi_lp	4577523741989999096	0.011050397071252313
G/steep/22/Phi_hp	4576509600987580988	0.00929114286640697
G/steep/22/sp_thrust	4647871889730356246	529.8572786358443
G/steep/23/s	4607857958744122984	1.1500000000000004
G/steep/23/nu_lp	4605347922924726956	0.796330044067266
G/steep/23/nu_hp	4605768596270047651	0.8430341674493785
G/steep/23/Tt4	4652772568934121472	1150.0
G/steep/23/slip	4606683419635376842	0.9445999638147324
G/steep/23/pi_lpc	4612415497983457109	2.3239539996565477
G/steep/23/pi_hpc	4616778464847951652	4.523001014223869
G/steep/23/phi_lp	4605780013654920848	0.8443017518061016
G/steep/23/phi_hp	4606769273581014938	0.9541316665349655
G/steep/23/mdot_air	4604231145573732054	0.672342851221823
G/steep/23/f	4581422249231333929	0.020001458208122855
G/steep/23/Phi_lp	4577227654647068466	0.010536767406530954
G/steep/23/Phi_hp	4576263429155198228	0.008864102809648368
G/steep/23/sp_thrust	4647873859744328636	530.0812432946327
G/steep/24/s	4608083138725491509	1.2000000000000004
G/steep/24/nu_lp	4605352557077268471	0.7968445383523876
G/steep/24/nu_hp	4605772495731379984	0.8434670946248577
G/steep/24/Tt4	4652772568934121472	1150.0
G/steep/24/slip	4606684546794354536	0.9447251035996773
G/steep/24/pi_lpc	4612418857203100627	2.3254457928537504
G/steep/24/pi_hpc	4616781746274213517	4.525915506215495
G/steep/24/phi_lp	4605784923743699914	0.8448468811676488
G/steep/24/phi_hp	4606772017774865221	0.9544363332546274
G/steep/24/mdot_air	4604238970774267414	0.6732116230024896
G/steep/24/f	4581420648819576015	0.01999590566442749
G/steep/24/Phi_lp	4576945246532503745	0.010046867420389185
G/steep/24/Phi_hp	4576028225297284993	0.008456089155685966
G/steep/24/sp_thrust	4647875734643672366	530.2943946720677
census/G/steep/close_bracket_fails	0	0
census/G/steep/close_calls	97	97
census/G/steep/close_nonreal_propagated	0	0
census/G/steep/eig_complex	0	0
census/G/steep/eig_real	0	0
census/G/steep/hi_wall_literal	0	0
census/G/steep/hi_wall_map	97	97
census/G/steep/illinois_calls	97	97
census/G/steep/illinois_evals	885	885
census/G/steep/illinois_exhausted	0	0
census/G/steep/instant_calls	97	97
census/G/steep/integrate_calls	1	1
census/G/steep/match_calls	1	1
census/G/steep/powers_calls	0	0
G/r44/npts	151	151
G/r44/0/s	0	0.0
G/r44/0/nu_lp	4605486673074366864	0.8117344051473072
G/r44/0/nu_hp	4605289037695390917	0.7897924703253457
G/r44/0/Tt4	4652007308841189376	1000.0
G/r44/0/slip	4607307537351030267	1.0277818992284427
G/r44/0/pi_lpc	4612003422244083920	2.140955610159928
G/r44/0/pi_hpc	4616194662411774162	4.004480289042663
G/r44/0/phi_lp	4604724349335034272	0.7270994683847682
G/r44/0/phi_hp	4606672101246745834	0.9433433702487524
G/r44/0/mdot_air	4603491373519398017	0.590211654452233
G/r44/0/f	4580362397098397274	0.01632435745598424
G/r44/0/Phi_lp	13614778309667480611	-3.86560441257193e-15
G/r44/0/Phi_hp	13633146385098951565	-6.631370095052688e-14
G/r44/0/sp_thrust	4646411410121156542	437.9099851545142
G/r44/1/s	4581421828931458171	0.02
G/r44/1/nu_lp	4605487376256406090	0.8118124740363524
G/r44/1/nu_hp	4605289598390061932	0.7898547199387003
G/r44/1/Tt4	4652148046329544704	1016.0
G/r44/1/slip	4607307617688719059	1.027799737778811
G/r44/1/pi_lpc	4612004056737938419	2.141237382034427
G/r44/1/pi_hpc	4616214003128706026	4.021658296443073
G/r44/1/phi_lp	4604697657833565269	0.7241361164354979
G/r44/1/phi_hp	4606636850798333774	0.9394297843032093
G/r44/1/mdot_air	4603470216308841621	0.5878627322225777
G/r44/1/f	4580498112329535648	0.016795214250990953
G/r44/1/Phi_lp	4575604868604252599	0.007767091180785383
G/r44/1/Phi_hp	4573802934390534930	0.006204162389434458
G/r44/1/sp_thrust	4646531419322740048	444.73171846727655
G/r44/2/s	4585925428558828667	0.04
G/r44/2/nu_lp	4605489457564458460	0.8120435456484603
G/r44/2/nu_hp	4605291265698045302	0.7900398283099281
G/r44/2/Tt4	4652253599445811200	1032.0
G/r44/2/slip	4607307850366446872	1.0278514026129582
G/r44/2/pi_lpc	4612005935447040278	2.1420716964750097
G/r44/2/pi_hpc	4616233872416186449	4.039305768798003
G/r44/2/phi_lp	4604672977497631548	0.7213960487145878
G/r44/2/phi_hp	4606602993099354398	0.9356708246064362
G/r44/2/mdot_air	4603451681951672363	0.585805005214984
G/r44/2/f	4580633515722207855	0.01726498913898172
G/r44/2/Phi_lp	4579975013789110258	0.01530267580717035
G/r44/2/Phi_hp	4578236615652747535	0.012287035749427603
G/r44/2/sp_thrust	4646652128666496628	451.5932502548451
G/r44/3/s	4588807732320345784	0.06
G/r44/3/nu_lp	4605492876561792174	0.8124231306045624
G/r44/3/nu_hp	4605294018384575085	0.7903454379064222
G/r44/3/Tt4	4652323968189988864	1048.0
G/r44/3/slip	4607308223396134172	1.0279342318425
G/r44/3/pi_lpc	4612009023928038448	2.143443257561124
G/r44/3/pi_hpc	4616254284635557239	4.057435461541323
G/r44/3/phi_lp	4604650261659811866	0.7188740840974817
G/r44/3/phi_hp	4606570501885346385	0.9320635752174643
G/r44/3/mdot_air	4603435693530763687	0.584029933912963
G/r44/3/f	4580768612226899659	0.017733699295404286
G/r44/3/Phi_lp	4582177182492018110	0.02262065910833199
G/r44/3/Phi_hp	4580918975980451431	0.018255378361848786
G/r44/3/sp_thrust	4646773544200718788	458.4949243228441
G/r44/4/s	4590429028186199163	0.08
G/r44/4/nu_lp	4605497595227390058	0.8129470077237901
G/r44/4/nu_hp	4605297836397301182	0.7907693224701047
G/r44/4/Tt4	4652394336934166528	1064.0
G/r44/4/slip	4607308725438636680	1.028045707671625
G/r44/4/pi_lpc	4612013291129998077	2.1453382759076463
G/r44/4/pi_hpc	4616275253419144059	4.076059482610499
G/r44/4/phi_lp	4604629467305184557	0.7165654469685357
G/r44/4/phi_hp	4606539351774550422	0.928605218194934
G/r44/4/mdot_air	4603422180948801709	0.5825297359513307
G/r44/4/f	4580903406311170639	0.018201360220219617
G/r44/4/Phi_lp	4584227454757258207	0.029733969969644277
G/r44/4/Phi_hp	4582608059576725737	0.024115564296537526
G/r44/4/sp_thrust	4646895670151851225	465.4369809168398
G/r44/5/s	4591870180066957722	0.1
G/r44/5/nu_lp	4605503577787519641	0.8136112053239969
G/r44/5/nu_hp	4605302700799637313	0.791309379617566
G/r44/5/Tt4	4652464705678344192	1080.0
G/r44/5/slip	4607309345759975478	1.028183446678225
G/r44/5/pi_lpc	4612018709134208505	2.1477443531164195
G/r44/5/pi_hpc	4616296791735360864	4.095189350270942
G/r44/5/phi_lp	4604610554824956354	0.7144657398683238
G/r44/5/phi_hp	4606509518233117899	0.9252930297344845
G/r44/5/mdot_air	4603411080438840851	0.5812973317769682
G/r44/5/f	4581037901990863337	0.018667985846180377
G/r44/5/Phi_lp	4585443311689484031	0.03665464219433367
G/r44/5/Phi_hp	4584267703654128224	0.029873611382209453
G/r44/5/sp_thrust	4647018508987896228	472.41956032652
G/r44/6/s	4593311331947716281	0.12000000000000001
G/r44/6/nu_lp	4605510790561174963	0.8144119840623517
G/r44/6/nu_hp	4605308593708904621	0.7919636239726252
G/r44/6/Tt4	4652535074422521856	1096.0
G/r44/6/slip	4607310074191092119	1.0283451908777346
G/r44/6/pi_lpc	4612025252920962299	2.150650378205339
G/r44/6/pi_hpc	4616318911947701387	4.114836045510979
G/r44/6/phi_lp	4604593487794098826	0.7125709188063223
G/r44/6/phi_hp	4606480977541451292	0.922124376431785
G/r44/6/mdot_air	4603402334124044271	0.5803262957701899
G/r44/6/f	4581172102858525715	0.019133588637441145
G/r44/6/Phi_lp	4586414539282765293	0.043393887420659506
G/r44/6/Phi_hp	4585281984007853473	0.0355352065277359
G/r44/6/sp_thrust	4647142061480429241	479.4427064108709
G/r44/7/s	4594212051873190380	0.14
G/r44/7/nu_lp	4605519201817975501	0.8153458211589509
G/r44/7/nu_hp	4605315498238819482	0.7927301807811944
G/r44/7/Tt4	4652605443166699520	1112.0
G/r44/7/slip	4607310901090773186	1.0285287994907297
G/r44/7/pi_lpc	4612032900160190090	2.1540464346315433
G/r44/7/pi_hpc	4616341625868128062	4.135010059460738
G/r44/7/phi_lp	4604578232770306453	0.7108772709407726
G/r44/7/phi_hp	4606453706761568684	0.9190967116592694
G/r44/7/mdot_air	4603395889621130152	0.579610812218438
G/r44/7/f	4581306012109360489	0.019598179679588244
G/r44/7/Phi_lp	4587361127215357615	0.049962160655636516
G/r44/7/Phi_hp	4586084780854790719	0.041105728675024704
G/r44/7/sp_thrust	4647266326765295652	486.50637004838995
G/r44/8/s	4594932627813569659	0.16
G/r44/8/nu_lp	4605528781647269097	0.8164093958643238
G/r44/8/nu_hp	4605323398445921505	0.7936072799635917
G/r44/8/Tt4	4652675811910877184	1128.0
G/r44/8/slip	4607311817311430392	1.0287322413445832
G/r44/8/pi_lpc	4612041631023238091	2.157923716703839
G/r44/8/pi_hpc	4616364944805319285	4.155721436244325
G/r44/8/phi_lp	4604564759111929230	0.7093813943651399
G/r44/8/phi_hp	4606427683705401302	0.9162075720464553
G/r44/8/mdot_air	4603391699682738632	0.5791456356110354
G/r44/8/f	4581439632564977286	0.020061768762046593
G/r44/8/Phi_lp	4588284481671193513	0.056369219260381805
G/r44/8/Phi_hp	4586875186505930280	0.04659026962933083
G/r44/8/sp_thrust	4647391302402054464	493.6104125160673
G/r44/9/s	4595653203753948938	0.18
G/r44/9/nu_lp	4605539501837326246	0.8175995760473043
G/r44/9/nu_hp	4605332279279579179	0.7945932505640533
G/r44/9/Tt4	4652746180655054848	1144.0
G/r44/9/slip	4607312814167458528	1.0289535878475178
G/r44/9/pi_lpc	4612051428013418901	2.162274454332144
G/r44/9/pi_hpc	4616388879608191701	4.176979811635381
G/r44/9/phi_lp	4604553038812822752	0.7080801797727894
G/r44/9/phi_hp	4606402886903946022	0.9134545740551843
G/r44/9/mdot_air	4603389721874528632	0.5789260547897319
G/r44/9/f	4581572966695190994	0.02052436445370793
G/r44/9/Phi_lp	4589176968122582655	0.06262417611449143
G/r44/9/Phi_hp	4587653896114101014	0.05199365298238072
G/r44/9/sp_thrust	4647516984432229794	500.7546088006003
G/r44/10/s	4596373779694328217	0.19999999999999998
G/r44/10/nu_lp	4605551335763635627	0.8189134057933435
G/r44/10/nu_hp	4605342126535246990	0.7956865155612307
G/r44/10/Tt4	4652816549399232512	1160.0
G/r44/10/slip	4607313883405925096	1.0291910064803975
G/r44/10/pi_lpc	4612062275813261254	2.167091845192746
G/r44/10/pi_hpc	4616413440705074407	4.198794447850765
G/r44/10/phi_lp	4604543046352309246	0.7069707937993142
G/r44/10/phi_hp	4606379295577206400	0.9108354106424059
G/r44/10/mdot_air	4603389918283325824	0.5789478605466201
G/r44/10/f	4581706016638081698	0.020985974172527684
G/r44/10/Phi_lp	4589617338847712874	0.068735547594622
G/r44/10/Phi_hp	4588421568657986797	0.057320451317346734
G/r44/10/sp_thrust	4647643367436427049	507.9386508450721
G/r44/11/s	4597094355634707496	0.21999999999999997
G/r44/11/nu_lp	4605564258285417849	0.8203480939152278
G/r44/11/nu_hp	4605352926810679799	0.7968855870070105
G/r44/11/Tt4	4652886918143410176	1176.0
G/r44/11/slip	4607315017179373083	1.0294427547577303
G/r44/11/pi_lpc	4612074161146637663	2.17236999350068
G/r44/11/pi_hpc	4616438638138876327	4.221174264785453
G/r44/11/phi_lp	4604534758558658103	0.70605066386583
G/r44/11/phi_hp	4606356889604864696	0.9083478480041185
G/r44/11/mdot_air	4603392255253083611	0.5792073163099148
G/r44/11/f	4581838784218507247	0.02144660424975336
G/r44/11/Phi_lp	4590047936966896520	0.07471129692309664
G/r44/11/Phi_hp	4589173424744263063	0.06257500186204933
G/r44/11/sp_thrust	4647742630018359390	515.1621507341149
G/r44/12/s	4597814931575086775	0.23999999999999996
G/r44/12/nu_lp	4605578245649568223	0.821901003288584
G/r44/12/nu_hp	4605364667464838420	0.7981890614641167
G/r44/12/Tt4	4652957286887587840	1192.0
G/r44/12/slip	4607316208020542453	1.0297071746147115
G/r44/12/pi_lpc	4612087072654167478	2.178103854677569
G/r44/12/pi_hpc	4616464481598555996	4.244127867963325
G/r44/12/phi_lp	4604528154484681181	0.7053174643672794
G/r44/12/phi_hp	4606335649497635486	0.9059897223949809
G/r44/12/mdot_air	4603396703145800290	0.5797011316004268
G/r44/12/f	4581971270965238490	0.021906259989374323
G/r44/12/Phi_lp	4590469299256909551	0.08055887337411226
G/r44/12/Phi_hp	4589547145610067719	0.06776142073703904
G/r44/12/sp_thrust	4647806511583119572	522.4246438204086
G/r44/13/s	4598355363530371235	0.25999999999999995
G/r44/13/nu_lp	4605593275401321748	0.8235696409337003
G/r44/13/nu_hp	4605377336579245189	0.7995956157157172
G/r44/13/Tt4	4653027655631765504	1208.0
G/r44/13/slip	4607317448818837154	1.02998268718185
G/r44/13/pi_lpc	4612101000780481127	2.184289185286889
G/r44/13/pi_hpc	4616490980447174406	4.267663573453097
G/r44/13/phi_lp	4604523215294199129	0.704769104067661
G/r44/13/phi_hp	4606315556369257704	0.9037589370188046
G/r44/13/mdot_air	4603403236124865352	0.5804264379781694
G/r44/13/f	4582103478126868881	0.022364945723319322
G/r44/13/Phi_lp	4590881928018151272	0.0862852477660262
G/r44/13/Phi_hp	4589916238671730934	0.07288361592813772
G/r44/13/sp_thrust	4647870731400656076	529.7255917951929
G/r44/14/s	4598715651500560875	0.27999999999999997
G/r44/14/nu_lp	4605609326301005989	0.8253516487732396
G/r44/14/nu_hp	4605390922921570274	0.8011040027226921
G/r44/14/Tt4	4653098024375943168	1224.0
G/r44/14/slip	4607318732798383059	1.0302677879128523
G/r44/14/pi_lpc	4612115937672094492	2.1909224976810844
G/r44/14/pi_hpc	4616518143746785375	4.291789429975409
G/r44/14/phi_lp	4604519924158274724	0.7044037145796165
G/r44/14/phi_hp	4606296591909087394	0.9016534589857381
G/r44/14/mdot_air	4603411831958593753	0.5813807672302814
G/r44/14/f	4582235406686634293	0.02282266486287306
G/r44/14/Phi_lp	4591286293391726736	0.09189694461733411
G/r44/14/Phi_hp	4590280971382742599	0.07794529909812652
G/r44/14/sp_thrust	4647935284114560397	537.0643857053234
G/r44/15/s	4599075939470750515	0.3
G/r44/15/nu_lp	4605626378246311468	0.8272447950025188
G/r44/15/nu_hp	4605405415911248956	0.8027130478063849
G/r44/15/Tt4	4653168393120120832	1240.0
G/r44/15/slip	4607320053497538737	1.0305610420350997
G/r44/15/pi_lpc	4612131877084783486	2.198001018867614
G/r44/15/pi_hpc	4616545980280395012	4.3165132384067455
G/r44/15/phi_lp	4604518266160230901	0.7042196398193129
G/r44/15/phi_hp	4606278738355258099	0.8996713163324713
G/r44/15/mdot_air	4603422471841955858	0.5825620315790749
G/r44/15/f	4582367057376264983	0.02327941994673485
G/r44/15/Phi_lp	4591682835460127998	0.09740007129947867
G/r44/15/Phi_hp	4590641597824828623	0.08294999633928345
G/r44/15/sp_thrust	4648000163773118764	544.4403489192823
G/r44/16/s	4599436227440940155	0.32
G/r44/16/nu_lp	4605644412199565647	0.8292469660152991
G/r44/16/nu_hp	4605420805586947375	0.8044216450365748
G/r44/16/Tt4	4653238761864298496	1256.0
G/r44/16/slip	4607321404749735423	1.030861080295267
G/r44/16/pi_lpc	4612148814299471472	2.2055226531554624
G/r44/16/pi_hpc	4616574498571200714	4.3418425688671025
G/r44/16/phi_lp	4604518228208576512	0.7042154263392604
G/r44/16/phi_hp	4606261978468379554	0.897810595102204
G/r44/16/mdot_air	4603435140234726779	0.5839685057130021
G/r44/16/f	4582498430688979555	0.02373521268610047
G/r44/16/Phi_lp	4592071966152763865	0.1028003444813871
G/r44/16/Phi_hp	4590998359412944628	0.08790105795713626
G/r44/16/sp_thrust	4648065363854972402	551.8527400444129
G/r44/17/s	4599796515411129795	0.34
G/r44/17/nu_lp	4605663410119546639	0.8313561588335875
G/r44/17/nu_hp	4605437082575709605	0.806228753806114
G/r44/17/Tt4	4653309130608476160	1272.0
G/r44/17/slip	4607322780665535456	1.0311665949754953
G/r44/17/pi_lpc	4612166746045748484	2.2134859481908524
G/r44/17/pi_hpc	4616603706899301192	4.367784775561468
G/r44/17/phi_lp	4604519798957054746	0.7043898144519034
G/r44/17/phi_hp	4606246295505748657	0.8960694364814882
G/r44/17/mdot_air	4603449824714467111	0.5855988104642379
G/r44/17/f	4582629526891720270	0.024190044007111937
G/r44/17/Phi_lp	4592454070975159224	0.10810311412693252
G/r44/17/Phi_hp	4591351485536256218	0.09280166736585063
G/r44/17/sp_thrust	4648130877294367693	559.3007557975303
G/r44/18/s	4600156803381319435	0.36000000000000004
G/r44/18/nu_lp	4605683354897417136	0.8335704739948735
G/r44/18/nu_hp	4605454238063632603	0.8081333955751931
G/r44/18/Tt4	4653379499352653824	1288.0
G/r44/18/slip	4607324175615809842	1.0314763361580614
G/r44/18/pi_lpc	4612185670432234024	2.221890064032113
G/r44/18/pi_hpc	4616633613316052544	4.394347009530577
G/r44/18/phi_lp	4604522968731109561	0.7047417300657549
G/r44/18/phi_hp	4606231673196049488	0.8944460339913665
G/r44/18/mdot_air	4603466515842911928	0.5874518979748791
G/r44/18/f	4582760346036719712	0.02464391409098743
G/r44/18/Phi_lp	4592829510578558905	0.11331338527756331
G/r44/18/Phi_hp	4591701194140272366	0.09765484916695374
G/r44/18/sp_thrust	4648196696506014327	566.7835338309659
G/r44/19/s	4600517091351509075	0.38000000000000006
G/r44/19/nu_lp	4605704230296398525	0.835888108854611
G/r44/19/nu_hp	4605472263767927799	0.8101346507695543
G/r44/19/Tt4	4653449868096831488	1304.0
G/r44/19/slip	4607325584215945722	1.0317891082187303
G/r44/19/pi_lpc	4612205586883075597	2.230734744949365
G/r44/19/pi_hpc	4616664225656229537	4.421536229452301
G/r44/19/phi_lp	4604527729460135027	0.7052702771635623
G/r44/19/phi_hp	4606218095714521551	0.8929386307304926
G/r44/19/mdot_air	4603485207044487746	0.5895270382096174
G/r44/19/f	4582890887972480848	0.025096822412116027
G/r44/19/Phi_lp	4593198622184817262	0.11843583782661835
G/r44/19/Phi_hp	4592047692254747314	0.10246347647544488
G/r44/19/sp_thrust	4648262813409568324	574.3001555159649
G/r44/20/s	4600877379321698715	0.4000000000000001
G/r44/20/nu_lp	4605726020894840335	0.8383073512656568
G/r44/20/nu_hp	4605491151910238992	0.8122316558181826
G/r44/20/Tt4	4653520236841009152	1320.0
G/r44/20/slip	4607327001311003608	1.0321037665309998
G/r44/20/pi_lpc	4612226496079945569	2.24002029366595
G/r44/20/pi_hpc	4616695551548138308	4.4493592106235305
G/r44/20/phi_lp	4604534074614933797	0.7059747308588028
G/r44/20/phi_hp	4606205547658577595	0.8915455166681662
G/r44/20/mdot_air	4603505894495803089	0.591823806686728
G/r44/20/f	4583021152354245333	0.02554876777437694
G/r44/20/Phi_lp	4593561720879861404	0.12347484446973528
G/r44/20/Phi_hp	4592391176471480402	0.10723027755060002
G/r44/20/sp_thrust	4648329219453756205	581.849648685287
G/r44/21/s	4601237667291888355	0.4200000000000001
G/r44/21/nu_lp	4605748712032371560	0.840826573599867
G/r44/21/nu_hp	4605510895191096020	0.8144236003170939
G/r44/21/Tt4	4653590605585186816	1336.0
G/r44/21/slip	4607328421961752251	1.0324192143652187
G/r44/21/pi_lpc	4612248399908959999	2.249747547785659
G/r44/21/pi_hpc	4616727598421813811	4.477822552240968
G/r44/21/phi_lp	4604541999149863942	0.7068545309726921
G/r44/21/phi_hp	4606194014023854222	0.8902650259854157
G/r44/21/mdot_air	4603528577025067261	0.5943420733113097
G/r44/21/f	4583151138654018794	0.025999748345921704
G/r44/21/Phi_lp	4593795360352753585	0.12843448699612517
G/r44/21/Phi_hp	4592731833375714424	0.11195784178282675
G/r44/21/sp_thrust	4648395905640155345	589.4309903367194
G/r44/22/s	4601597955262077995	0.4400000000000001
G/r44/22/nu_lp	4605772289758848524	0.843444227080171
G/r44/22/nu_hp	4605531486765392425	0.8167097243068088
G/r44/22/Tt4	4653660974329364480	1352.0
G/r44/22/slip	4607329841431516306	1.0327343999681813
G/r44/22/pi_lpc	4612271301411996617	2.2599178581735697
G/r44/22/pi_hpc	4616760373515424981	4.506932683090061
G/r44/22/phi_lp	4604551499449200204	0.707909276079087
G/r44/22/phi_hp	4606183480180680320	0.88909553446247
G/r44/22/mdot_air	4603553256020488243	0.597081992205409
G/r44/22/f	4583280846170216282	0.026449761692638553
G/r44/22/Phi_lp	4593971328026418684	0.13331857106844314
G/r44/22/Phi_hp	4593069839934461502	0.11664862508276827
G/r44/22/sp_thrust	4648462862546644912	597.0431092991403
G/r44/23/s	4601958243232267635	0.46000000000000013
G/r44/23/nu_lp	4605796740785839175	0.8461588363942462
G/r44/23/nu_hp	4605552920218783236	0.8190893156519796
G/r44/23/Tt4	4653731343073542144	1368.0
G/r44/23/slip	4607331255173778347	1.033048313810222
G/r44/23/pi_lpc	4612295204741935523	2.270533069078924
G/r44/23/pi_hpc	4616793883880000332	4.536695865742171
G/r44/23/phi_lp	4604562573277275982	0.709138717969134
G/r44/23/phi_hp	4606173931850949824	0.8880354569111191
G/r44/23/mdot_air	4603579935346783615	0.60004399243887
G/r44/23/f	4583410274036986367	0.026898804810501883
G/r44/23/Phi_lp	4594144701067646655	0.13813063962395764
G/r44/23/Phi_hp	4593405363844745089	0.12130495471413207
G/r44/23/sp_thrust	4648530080350540774	604.6848888626525
G/r44/24/s	4602318531202457275	0.48000000000000015
G/r44/24/nu_lp	4605822052440406404	0.8489689945634358
G/r44/24/nu_hp	4605575189544906103	0.821561707512429
G/r44/24/Tt4	4653801711817719808	1384.0
G/r44/24/slip	4607332658820482679	1.0333599859881397
G/r44/24/pi_lpc	4612320115121386750	2.2815954998064845
G/r44/24/pi_hpc	4616828136382578491	4.567118199352815
G/r44/24/phi_lp	4604575219732008141	0.7105427564914862
G/r44/24/phi_hp	4606165355085386969	0.8870832446506497
G/r44/24/mdot_air	4603608621269011846	0.6032287695729088
G/r44/24/f	4583539421233268048	0.027346874156994716
G/r44/24/Phi_lp	4594315598095986860	0.14287398501654047
G/r44/24/Phi_hp	4593705091881184544	0.1259290336077834
G/r44/24/sp_thrust	4648597548851426919	612.3551693742164
G/r44/25/s	4602678819172646913	0.5000000000000001
G/r44/25/nu_lp	4605848212620973444	0.8518733580428237
G/r44/25/nu_hp	4605598289123335427	0.824126275895566
G/r44/25/Tt4	4653872080561897472	1400.0
G/r44/25/slip	4607334048170993615	1.033668483773443
G/r44/25/pi_lpc	4612346038804504019	2.293107927758436
G/r44/25/pi_hpc	4616863137707880090	4.598205621146599
G/r44/25/phi_lp	4604589439201437239	0.7121214347273
G/r44/25/phi_hp	4606157736241193546	0.8862373830261927
G/r44/25/mdot_air	4603639322382994422	0.6066372779354186
G/r44/25/f	4583668286591631031	0.027793965681779578
G/r44/25/Phi_lp	4594484129098758817	0.1475516600075553
G/r44/25/Phi_hp	4593870604953109555	0.13052294419097307
G/r44/25/sp_thrust	4648665257493694992	620.0527508000978
G/r44/26/s	4602858963157741733	0.5200000000000001
G/r44/26/nu_lp	4605874542078215444	0.8547965150084189
G/r44/26/nu_hp	4605621640148710331	0.8267187604975484
G/r44/26/Tt4	4653872080561897472	1400.0
G/r44/26/slip	4607335374037995138	1.0339628853879792
G/r44/26/pi_lpc	4612372314321151333	2.3047766011847437
G/r44/26/pi_hpc	4616882857093516999	4.615719953919046
G/r44/26/phi_lp	4604624756698931050	0.7160424646162771
G/r44/26/phi_hp	4606175912448932590	0.8882553474594184
G/r44/26/mdot_air	4603688261427637713	0.6120706033520326
G/r44/26/f	4583656674633748571	0.027753678609898063
G/r44/26/Phi_lp	4594383753446392537	0.14476567599833493
G/r44/26/Phi_hp	4593805829077960263	0.12872505249019836
G/r44/26/sp_thrust	4648679533656382280	621.6757625908149
G/r44/27/s	4603039107142836553	0.5400000000000001
G/r44/27/nu_lp	4605900370592538977	0.8576640561378036
G/r44/27/nu_hp	4605644667075097732	0.8292752628837126
G/r44/27/Tt4	4653872080561897472	1400.0
G/r44/27/slip	4607336591683790683	1.0342332570675896
G/r44/27/pi_lpc	4612398270507592907	2.316303463512303
G/r44/27/pi_hpc	4616902305967424393	4.6329940240110625
G/r44/27/phi_lp	4604659768422370999	0.719929546765761
G/r44/27/phi_hp	4606193803433797961	0.8902416457924939
G/r44/27/mdot_air	4603736784037429196	0.6174576952125732
G/r44/27/f	4583645231479184399	0.027713977192174662
G/r44/27/Phi_lp	4594283761857347688	0.14199035188767373
G/r44/27/Phi_hp	4593740971543927101	0.1269248943000977
G/r44/27/sp_thrust	4648693436077327522	623.2562848647542
G/r44/28/s	4603219251127931373	0.5600000000000002
G/r44/28/nu_lp	4605925700232084815	0.8604762110407281
G/r44/28/nu_hp	4605667369586649743	0.8317957479878987
G/r44/28/Tt4	4653872080561897472	1400.0
G/r44/28/slip	4607337703703829413	1.0344801751177581
G/r44/28/pi_lpc	4612423900151484731	2.327685311816962
G/r44/28/pi_hpc	4616921485358462345	4.6500287452339615
G/r44/28/phi_lp	4604694465191098956	0.7237816619179482
G/r44/28/phi_hp	4606211410368574801	0.892196408230726
G/r44/28/mdot_air	4603784875337437560	0.6227969020679174
G/r44/28/f	4583633957782233613	0.02767486369865151
G/r44/28/Phi_lp	4594184213245961218	0.1392273228769057
G/r44/28/Phi_hp	4593676069259895390	0.12512349404802853
G/r44/28/sp_thrust	4648706973531697278	624.7953152428524
G/r44/29/s	4603399395113026193	0.5800000000000002
G/r44/29/nu_lp	4605950533356242846	0.8632332416620903
G/r44/29/nu_hp	4605689747550963145	0.8342802011103966
G/r44/29/Tt4	4653872080561897472	1400.0
G/r44/29/slip	4607338712695601053	1.0347042162970645
G/r44/29/pi_lpc	4612449196475122875	2.3389191361935366
G/r44/29/pi_hpc	4616940396405398831	4.6668251290168845
G/r44/29/phi_lp	4604728838239025163	0.7275978368413701
G/r44/29/phi_hp	4606228734568285139	0.8941197807708882
G/r44/29/mdot_air	4603832521054898425	0.6280866393229011
G/r44/29/f	4583622854068067071	0.027636339951381036
G/r44/29/Phi_lp	4594085165179179287	0.13647818676975795
G/r44/29/Phi_hp	4593550697450401979	0.12332186365478297
G/r44/29/sp_thrust	4648720154639894154	626.2938337514217
G/r44/30/s	4603579539098121013	0.6000000000000002
G/r44/30/nu_lp	4605974872608645524	0.8659354415040519
G/r44/30/nu_hp	4605711801016668259	0.8367286276502565
G/r44/30/Tt4	4653872080561897472	1400.0
G/r44/30/slip	4607339621256873722	1.0349059574259045
G/r44/30/pi_lpc	4612474153140943621	2.350002122198364
G/r44/30/pi_hpc	4616959040351726355	4.683384279803039
G/r44/30/phi_lp	4604762879219988435	0.7313771449259953
G/r44/30/phi_hp	4606245777484510522	0.896011924570906
G/r44/30/mdot_air	4603879707534176611	0.6333253908974651
G/r44/30/f	4583611920734108948	0.027598407329205335
G/r44/30/Phi_lp	4593986673769894440	0.13374450101186253
G/r44/30/Phi_hp	4593420931605279248	0.12152100079146799
G/r44/30/sp_thrust	4648732987868207411	627.7528028961154
G/r44/31/s	4603759683083215833	0.6200000000000002
G/r44/31/nu_lp	4605998720909645847	0.8685831347909269
G/r44/31/nu_hp	4605733530210710783	0.8391410528035123
G/r44/31/Tt4	4653872080561897472	1400.0
G/r44/31/slip	4607340431983885055	1.035085974984838
G/r44/31/pi_lpc	4612498764255696420	2.3609316527024635
G/r44/31/pi_hpc	4616977418540560764	4.699707390518935
G/r44/31/phi_lp	4604796580212088040	0.7351187066641645
G/r44/31/phi_hp	4606262540699704635	0.897873015318431
G/r44/31/mdot_air	4603926421749836999	0.6385117106778119
G/r44/31/f	4583601158051666201	0.027561066773409502
G/r44/31/Phi_lp	4593888793577462127	0.13102777992953515
G/r44/31/Phi_hp	4593291291809530677	0.11972188721462092
G/r44/31/sp_thrust	4648745481529533870	629.1731677438854
G/r44/32/s	4603939827068310653	0.6400000000000002
G/r44/32/nu_lp	4606022081448316365	0.8711766755808924
G/r44/32/nu_hp	4605754935535341107	0.8415175212289284
G/r44/32/Tt4	4653872080561897472	1400.0
G/r44/32/slip	4607341147469496046	1.03524484470466
G/r44/32/pi_lpc	4612523024373302366	2.3717053091609577
G/r44/32/pi_hpc	4616995532409631351	4.7157957381247035
G/r44/32/phi_lp	4604829933720990151	0.7388216900176808
G/r44/32/phi_hp	4606279025921507382	0.8997032425995772
G/r44/32/mdot_air	4603972651317815747	0.6436442237566599
G/r44/32/f	4583590566167799462	0.027524318794212597
G/r44/32/Phi_lp	4593791577515628268	0.12832949217425182
G/r44/32/Phi_hp	4593161847545409930	0.1179254871842145
G/r44/32/sp_thrust	4648757643784167746	630.5558560127758
G/r44/33/s	4604119971053405473	0.6600000000000003
G/r44/33/nu_lp	4606044957674006737	0.8737164468286897
G/r44/33/nu_hp	4605776017564826420	0.8438580966829705
G/r44/33/Tt4	4653872080561897472	1400.0
G/r44/33/slip	4607341770301316894	1.035383141150255
G/r44/33/pi_lpc	4612546928496417522	2.382320872307326
G/r44/33/pi_hpc	4617013383486370364	4.731650679252706
G/r44/33/phi_lp	4604862932682216681	0.7424853106719215
G/r44/33/phi_hp	4606295234977071461	0.9015028092690441
G/r44/33/mdot_air	4604018384504693414	0.648721627462767
G/r44/33/f	4583580145107423936	0.027488163478056604
G/r44/33/Phi_lp	4593695076768051773	0.1256510583779277
G/r44/33/Phi_hp	4593032666926682873	0.11613274596863822
G/r44/33/sp_thrust	4648769482640658086	631.9017781694026
G/r44/34/s	4604300115038500293	0.6800000000000003
G/r44/34/nu_lp	4606067353287498194	0.8762028594035718
G/r44/34/nu_hp	4605796777041901598	0.8461628616257746
G/r44/34/Tt4	4653872080561897472	1400.0
G/r44/34/slip	4607342303059813876	1.0355014373002378
G/r44/34/pi_lpc	4612570472076726541	2.3927763222837997
G/r44/34/pi_hpc	4617030973383109261	4.747273645940948
G/r44/34/phi_lp	4604895570462429317	0.7461088321783939
G/r44/34/phi_hp	4606311169807412206	0.9032719308228232
G/r44/34/mdot_air	4604063610235081208	0.6537426921809688
G/r44/34/f	4583569894775628226	0.027452600495651465
G/r44/34/Phi_lp	4593527061505215735	0.12299384902285114
G/r44/34/Phi_hp	4592903816597421043	0.11434458844017552
G/r44/34/sp_thrust	4648781005956732380	633.2118275339558
G/r44/35/s	4604480259023595113	0.7000000000000003
G/r44/35/nu_lp	4606089272231793812	0.8786363510668189
G/r44/35/nu_hp	4605817214873975455	0.8484319167999564
G/r44/35/Tt4	4653872080561897472	1400.0
G/r44/35/slip	4607342748316405995	1.0356003041243251
G/r44/35/pi_lpc	4612593651013998086	2.4030698382218842
G/r44/35/pi_hpc	4617048303792387801	4.762666141466718
G/r44/35/phi_lp	4604927840859726024	0.7496915659876544
G/r44/35/phi_hp	4606326832461790908	0.9050108347746213
G/r44/35/mdot_air	4604108318097140447	0.6587062619649621
G/r44/35/f	4583559814960198413	0.027417629110732245
G/r44/35/Phi_lp	4593337213776560447	0.12035918252877752
G/r44/35/Phi_hp	4592775361637527701	0.1125619177639144
G/r44/35/sp_thrust	4648792221440284772	634.486880392546
G/r44/36/s	4604660403008689933	0.7200000000000003
G/r44/36/nu_lp	4606110718682583854	0.8810173854131784
G/r44/36/nu_hp	4605837332129109406	0.8506653807841535
G/r44/36/Tt4	4653872080561897472	1400.0
G/r44/36/slip	4607343108631559887	1.0356803101603196
G/r44/36/pi_lpc	4612616461653938838	2.413199797289347
G/r44/36/pi_hpc	4617065376482381440	4.777829736285298
G/r44/36/phi_lp	4604959738102971683	0.7532328713749944
G/r44/36/phi_hp	4606342225092141486	0.9067197600370969
G/r44/36/mdot_air	4604152498346264292	0.6636112549460589
G/r44/36/f	4583549905334334059	0.02738324818948216
G/r44/36/Phi_lp	4593149081560788212	0.11774832355847648
G/r44/36/Phi_hp	4592647365475166585	0.11078561418245227
G/r44/36/sp_thrust	4648803136650427342	635.7277961167217
G/r44/37/s	4604840546993784753	0.7400000000000003
G/r44/37/nu_lp	4606131697038425555	0.883346450780602
G/r44/37/nu_hp	4605857130031785967	0.8528633895232341
G/r44/37/Tt4	4653872080561897472	1400.0
G/r44/37/slip	4607343386552891099	1.0357420210925088
G/r44/37/pi_lpc	4612638900784888072	2.4231647732223145
G/r44/37/pi_hpc	4617082193292451394	4.792766064077627
G/r44/37/phi_lp	4604991256850188594	0.7567321552617499
G/r44/37/phi_hp	4606357349947549937	0.9083989563089557
G/r44/37/mdot_air	4604196141906958773	0.6684566635420227
G/r44/37/f	4583540165459542521	0.02734945621057425
G/r44/37/Phi_lp	4592962752006502648	0.11516248154177677
G/r44/37/Phi_hp	4592519889806222149	0.10901653389818218
G/r44/37/sp_thrust	4648813758998602673	636.9354172899531
G/r44/38/s	4605020690978879573	0.7600000000000003
G/r44/38/nu_lp	4606152211910676628	0.8856240591326405
G/r44/38/nu_hp	4605876609958484792	0.8550260958371387
G/r44/38/Tt4	4653872080561897472	1400.0
G/r44/38/slip	4607343584613279517	1.0357859993332064
G/r44/38/pi_lpc	4612660965633399326	2.4329635343631386
G/r44/38/pi_hpc	4617098756128821008	4.807476817910143
G/r44/38/phi_lp	4605022392186036192	0.7601888719354939
G/r44/38/phi_hp	4606372209368795358	0.9100486834688828
G/r44/38/mdot_air	4604239240372968060	0.6732415544709762
G/r44/38/f	4583530594788697500	0.02731625127578284
G/r44/38/Phi_lp	4592778308191663227	0.11260280941697147
G/r44/38/Phi_hp	4592392994520879784	0.10725550805438877
G/r44/38/sp_thrust	4648824095749756049	638.1105698408957
G/r44/39/s	4605200834963974393	0.7800000000000004
G/r44/39/nu_lp	4606172268113221454	0.8878507449178217
G/r44/39/nu_hp	4605895773433084114	0.8571536689103374
G/r44/39/Tt4	4653872080561897472	1400.0
G/r44/39/slip	4607343705329006332	1.0358128036090752
G/r44/39/pi_lpc	4612682653858759735	2.4425950412264927
G/r44/39/pi_hpc	4617115066960381249	4.821963746509312
G/r44/39/phi_lp	4605053139618412897	0.7636025226727662
G/r44/39/phi_hp	4606386805782961098	0.9116692109772597
G/r44/39/mdot_air	4604281786005695878	0.6779650685761431
G/r44/39/f	4583521192669247532	0.027283631121115245
G/r44/39/Phi_lp	4592595829048393599	0.1100704025873238
G/r44/39/Phi_hp	4592266737637374038	0.10550334181582008
G/r44/39/sp_thrust	4648834154023565304	639.254063183208
G/r44/40/s	4605380978949069213	0.8000000000000004
G/r44/40/nu_lp	4606191870652028431	0.8900270639102831
G/r44/40/nu_hp	4605914622122105533	0.8592462937638953
G/r44/40/Tt4	4653872080561897472	1400.0
G/r44/40/slip	4607343751197919540	1.0358229885537868
G/r44/40/pi_lpc	4612703963546501389	2.4520584436178354
G/r44/40/pi_hpc	4617131127814627456	4.8362286506527425
G/r44/40/phi_lp	4605083495074215983	0.7669726552683239
G/r44/40/phi_hp	4606401141698123843	0.913260817286535
G/r44/40/mdot_air	4604323771730981760	0.6826264204679404
G/r44/40/f	4583511958346559983	0.027251593128413572
G/r44/40/Phi_lp	4592415389303049998	0.10756629808934923
G/r44/40/Phi_hp	4592141175242915254	0.10376081354887998
G/r44/40/sp_thrust	4648843940795726486	640.3666903617147
G/r44/41/s	4605561122934164033	0.8200000000000004
G/r44/41/nu_lp	4606211024714576246	0.8921535920358525
G/r44/41/nu_hp	4605933157829820070	0.8613041707121354
G/r44/41/Tt4	4653872080561897472	1400.0
G/r44/41/slip	4607343724697634525	1.0358171043084703
G/r44/41/pi_lpc	4612724893200961958	2.4613530773296644
G/r44/41/pi_hpc	4617146940773728566	4.850273379677949
G/r44/41/phi_lp	4605113454894298092	0.7702988634752024
G/r44/41/phi_hp	4606415219698128147	0.9148237892610801
G/r44/41/mdot_air	4604365191134296230	0.6872248979905364
G/r44/41/f	4583502890967386012	0.02722013433737623
G/r44/41/Phi_lp	4592237059431237363	0.10509147396853873
G/r44/41/Phi_hp	4592016361441767989	0.10202867410107148
G/r44/41/sp_thrust	4648853462899293268	641.4492282046799
G/r44/42/s	4605741266919258853	0.8400000000000004
G/r44/42/nu_lp	4606229735659185988	0.8942309241876747
G/r44/42/nu_hp	4605951382493233292	0.8633275148058757
G/r44/42/Tt4	4653872080561897472	1400.0
G/r44/42/slip	4607343628283775889	1.0357956961313202
G/r44/42/pi_lpc	4612745441736954715	2.4704784604422634
G/r44/42/pi_hpc	4617162507970729762	4.864099828109632
G/r44/42/phi_lp	4605143015827661420	0.77358078636014
G/r44/42/phi_hp	4606429042437453187	0.9163584216072852
G/r44/42/mdot_air	4604406038454425005	0.6917598615206565
G/r44/42/f	4583493989583431984	0.02718925145794876
G/r44/42/Phi_lp	4592060905627394400	0.10264684885726671
G/r44/42/Phi_hp	4591892348310419295	0.10030764617883169
G/r44/42/sp_thrust	4648862727026068054	642.5024374819575
G/r44/43/s	4605921410904353673	0.8600000000000004
G/r44/43/nu_lp	4606248009004294979	0.896259673035367
G/r44/43/nu_hp	4605969298176967127	0.8653165552641963
G/r44/43/Tt4	4653872080561897472	1400.0
G/r44/43/slip	4607343464388266183	1.0357593040176185
G/r44/43/pi_lpc	4612765608470610036	2.4794342892565115
G/r44/43/pi_hpc	4617177831585888422	4.8777099324053435
G/r44/43/phi_lp	4605172175024932672	0.7768181075791531
G/r44/43/phi_hp	4606442612636178205	0.9178650163146106
G/r44/43/mdot_air	4604446308575716153	0.6962307431068445
G/r44/43/f	4583485253155022888	0.02715894088303386
G/r44/43/Phi_lp	4591886989788507245	0.10023328174877273
G/r44/43/Phi_hp	4591769185859742029	0.09859842382244217
G/r44/43/sp_thrust	4648871739728042580	643.5270630687687
G/r44/44/s	4606101554889448493	0.8800000000000004
G/r44/44/nu_lp	4606265850417707043	0.89824046783156
G/r44/44/nu_hp	4605986907068055705	0.8672715348966619
G/r44/44/Tt4	4653872080561897472	1400.0
G/r44/44/slip	4607343235417666790	1.0357084623313368
G/r44/44/pi_lpc	4612785393109452114	2.488220433887059
G/r44/44/pi_hpc	4617192913843143163	4.89110566781937
G/r44/44/phi_lp	4605200930031163418	0.7800105545782146
G/r44/44/phi_hp	4606455933075052408	0.9193438821082358
G/r44/44/mdot_air	4604485997018968655	0.7006370454578902
G/r44/44/f	4583476680554843533	0.02712919870147128
G/r44/44/Phi_lp	4591715369511456086	0.09785157196033842
G/r44/44/Phi_hp	4591646922004027015	0.09690167197626397
G/r44/44/sp_thrust	4648880507418885874	644.5238341148636
G/r44/45/s	4606281698874543313	0.9000000000000005
G/r44/45/nu_lp	4606283265705852614	0.9001739532195294
G/r44/45/nu_hp	4606004211470672204	0.869192709517884
G/r44/45/Tt4	4653872080561897472	1400.0
G/r44/45/slip	4607342943751575730	1.0356436994493774
G/r44/45/pi_lpc	4612804795741775829	2.4968369335447087
G/r44/45/pi_hpc	4617207757006714898	4.904289045383864
G/r44/45/phi_lp	4605229278778002001	0.783157897724161
G/r44/45/phi_hp	4606469006590674698	0.9207953339139021
G/r44/45/mdot_air	4604525099931043727	0.704978340789454
G/r44/45/f	4583468270571743444	0.027100020711238695
G/r44/45/Phi_lp	4591546098103449107	0.09550245927808758
G/r44/45/Phi_hp	4591525602536729860	0.09521802615215696
G/r44/45/sp_thrust	4648889036375477220	645.4934642187986
G/r44/46/s	4606461842859638133	0.9200000000000005
G/r44/46/nu_lp	4606300260803090682	0.9020607880454741
G/r44/46/nu_hp	4606021213800803270	0.8710803473562627
G/r44/46/Tt4	4653872080561897472	1400.0
G/r44/46/slip	4607342591741086692	1.0355655374194095
G/r44/46/pi_lpc	4612823816825389361	2.505283991537134
G/r44/46/pi_hpc	4617222363377838595	4.917262109006063
G/r44/46/phi_lp	4605257219575283953	0.7862599493710417
G/r44/46/phi_hp	4606481836070788005	0.9222196923354785
G/r44/46/mdot_air	4604563614073283090	0.7092542695382369
G/r44/46/f	4583460021914591797	0.027071402432826203
G/r44/46/Phi_lp	4591379224604954785	0.09318662427523573
G/r44/46/Phi_hp	4591405271112751140	0.09354809218356813
G/r44/46/sp_thrust	4648897332739481838	646.4366516070711
G/r44/47/s	4606641986844732953	0.9400000000000005
G/r44/47/nu_lp	4606316841761083044	0.9039016441788204
G/r44/47/nu_hp	4606037916580887098	0.8729347284586944
G/r44/47/Tt4	4653872080561897472	1400.0
G/r44/47/slip	4607342181707313142	1.0354744916321557
G/r44/47/pi_lpc	4612842457175788357	2.5135619700171525
G/r44/47/pi_hpc	4617236735291623925	4.930026932679984
G/r44/47/phi_lp	4605284751102088700	0.7893165628672132
G/r44/47/phi_hp	4606494424449692535	0.92361728314573
G/r44/47/mdot_air	4604601536808820243	0.7134645389532487
G/r44/47/f	4583451933216168982	0.027043339122737896
G/r44/47/Phi_lp	4591214793824505418	0.09090468879508609
G/r44/47/Phi_hp	4591285969237045176	0.09189244606744651
G/r44/47/sp_thrust	4648905402518966924	647.3540793178413
G/r44/48/s	4606822130829827773	0.9600000000000005
G/r44/48/nu_lp	4606333014738269716	0.9056972053437584
G/r44/48/nu_hp	4606054322434430706	0.8747561440929685
G/r44/48/Tt4	4653872080561897472	1400.0
G/r44/48/slip	4607341715939980903	1.0353710705088817
G/r44/48/pi_lpc	4612860717953827350	2.5216713845077363
G/r44/48/pi_hpc	4617250875114042775	4.942585617810798
G/r44/48/phi_lp	4605311872397310630	0.7923276315085175
G/r44/48/phi_hp	4606506774703781697	0.9249884367907059
G/r44/48/mdot_air	4604638866088872364	0.7176089215739032
G/r44/48/f	4583444003037081889	0.027015825787075735
G/r44/48/Phi_lp	4591052846384714916	0.0886572165896547
G/r44/48/Phi_hp	4591167736259331301	0.0902516338908473
G/r44/48/sp_thrust	4648913251590055668	648.2464153889728
G/r44/49/s	4607002274814922593	0.9800000000000005
G/r44/49/nu_lp	4606348785989472704	0.9074481659650289
G/r44/49/nu_hp	4606070434080621367	0.8765448961495171
G/r44/49/Tt4	4653872080561897472	1400.0
G/r44/49/slip	4607341196696092144	1.0352557752047424
G/r44/49/pi_lpc	4612878600652953434	2.5296128982326254
G/r44/49/pi_hpc	4617264785239040894	4.954940290649459
G/r44/49/phi_lp	4605338582849792529	0.7952930874428735
G/r44/49/phi_hp	4606518889847204006	0.9263334879081142
G/r44/49/mdot_air	4604675600438100758	0.7216872536047017
G/r44/49/f	4583436229869690449	0.026988857195162478
G/r44/49/Phi_lp	4590893418778825761	0.08644471410441713
G/r44/49/Phi_hp	4591050609374662941	0.08862617183882944
G/r44/49/sp_thrust	4648920885698616714	649.1143130501016
G/r44/50/s	4607182418800017410	1.0000000000000004
G/r44/50/nu_lp	4606364161855653566	0.9091552300307837
G/r44/50/nu_hp	4606086254328946511	0.8783012965441034
G/r44/50/Tt4	4653872080561897472	1400.0
G/r44/50/slip	4607340626198663267	1.0351290993285367
G/r44/50/pi_lpc	4612896107086066332	2.537387316281025
G/r44/50/pi_hpc	4617278468085771322	4.967093099835489
G/r44/50/phi_lp	4605364882188069476	0.7982129005316208
G/r44/50/phi_hp	4606530772927653769	0.9276527748599942
G/r44/50/mdot_air	4604711738939128669	0.7256994331963643
G/r44/50/f	4583428612142033452	0.026962427893162097
G/r44/50/Phi_lp	4590736543437083501	0.08426763139943967
G/r44/50/Phi_hp	4590934623629592441	0.08701654628000978
G/r44/50/sp_thrust	4648928310461986764	649.9584109184739
G/r44/51/s	4607272490792564820	1.0200000000000005
G/r44/51/nu_lp	4606379148753848454	0.9108191099751515
G/r44/51/nu_hp	4606101786073835752	0.8800256666229673
G/r44/51/Tt4	4653872080561897472	1400.0
G/r44/51/slip	4607340006635538763	1.03499152867933
G/r44/51/pi_lpc	4612913239372067670	2.5449955796342847
G/r44/51/pi_hpc	4617291926095946402	4.9790462140451
G/r44/51/phi_lp	4605390770469770352	0.8010870771728502
G/r44/51/phi_hp	4606542427022292860	0.9289466392799421
G/r44/51/mdot_air	4604747281216304367	0.7296454186431712
G/r44/51/f	4583421148221742275	0.026936532217658248
G/r44/51/Phi_lp	4590582248802219646	0.08212636319691488
G/r44/51/Phi_hp	4590819811933657655	0.0854232139259715
G/r44/51/sp_thrust	4648935531370723742	650.7793331982573
G/r44/52/s	4607362562785112230	1.0400000000000005
G/r44/52/nu_lp	4606393753167302490	0.9124405255829331
G/r44/52/nu_hp	4606117032289337985	0.8817183365718649
G/r44/52/Tt4	4653872080561897472	1400.0
G/r44/52/slip	4607339340158282679	1.0348435410003114
G/r44/52/pi_lpc	4612929999922160561	2.552438759081689
G/r44/52/pi_hpc	4617305161731305275	4.990801819741871
G/r44/52/phi_lp	4605416248070723811	0.8039156590919244
G/r44/52/phi_hp	4606553855233805547	0.9302154256351093
G/r44/52/mdot_air	4604782227418796649	0.7335252265061857
G/r44/52/f	4583413836419931648	0.02691116430915308
G/r44/52/Phi_lp	4590430559413318797	0.08002125004505185
G/r44/52/Phi_hp	4590706205075903383	0.08384660206054516
G/r44/52/sp_thrust	4648942553790388078	651.5776898830497
G/r44/53/s	4607452634777659640	1.0600000000000005
G/r44/53/nu_lp	4606407981635823533	0.9140202029186547
G/r44/53/nu_hp	4606131996023845773	0.8833796448303574
G/r44/53/Tt4	4653872080561897472	1400.0
G/r44/53/slip	4607338628881148924	1.0346856057501546
G/r44/53/pi_lpc	4612946391425958958	2.5597180490517735
G/r44/53/pi_hpc	4617318177471193714	5.002362119027213
G/r44/53/phi_lp	4605441315673814352	0.8066987221042528
G/r44/53/phi_hp	4606565060686587696	0.9314594808031185
G/r44/53/mdot_air	4604816578203109119	0.7373389296719494
G/r44/53/f	4583406674995057281	0.026886318125451062
G/r44/53/Phi_lp	4590281495997338863	0.07795257958817435
G/r44/53/Phi_hp	4590593831746142477	0.08228710883486574
G/r44/53/sp_thrust	4648949382963349675	652.3540769613077
G/r44/54/s	4607542706770207050	1.0800000000000005
G/r44/54/nu_lp	4606421840746373549	0.915558873282
G/r44/54/nu_hp	4606146680394878501	0.8850099375126247
G/r44/54/Tt4	4653872080561897472	1400.0
G/r44/54/slip	4607337874880131267	1.0345181838920758
G/r44/54/pi_lpc	4612962416837463734	2.5668347613844515
G/r44/54/pi_hpc	4617330975810252691	5.013729327587401
G/r44/54/phi_lp	4605465974257632956	0.8094363748552591
G/r44/54/phi_hp	4606576046523071481	0.932679153664025
G/r44/54/mdot_air	4604850334715097001	0.7410866553559475
G/r44/54/f	4583399662156730752	0.026861987454894543
G/r44/54/Phi_lp	4590135075567557136	0.07592058793293455
G/r44/54/Phi_hp	4590482718560655535	0.08074510362402763
G/r44/54/sp_thrust	4648956024010618039	653.1090766244077
G/r44/55/s	4607632778762754460	1.1000000000000005
G/r44/55/nu_lp	4606435337123914006	0.917057272191445
G/r44/55/nu_hp	4606161088583935003	0.8866095678359928
G/r44/55/Tt4	4653872080561897472	1400.0
G/r44/55/slip	4607337080192093505	1.0343417277006923
G/r44/55/pi_lpc	4612978079360960460	2.5737903190683706
G/r44/55/pi_hpc	4617343559256212388	5.024905672734267
G/r44/55/phi_lp	4605490225084965523	0.8121287575423416
G/r44/55/phi_hp	4606586815900186074	0.9338747947073742
G/r44/55/mdot_air	4604883498571569018	0.7447685830600073
G/r44/55/f	4583392796069482692	0.026838165929419913
G/r44/55/Phi_lp	4589991311528218983	0.07392546110060537
G/r44/55/Phi_hp	4590372890092022241	0.07922092744107757
G/r44/55/sp_thrust	4648962481933693181	653.8432574770701
G/r44/56/s	4607722850755301870	1.1200000000000006
G/r44/56/nu_lp	4606448477422519895	0.9185161383977157
G/r44/56/nu_hp	4606175223831425614	0.8881788955582779
G/r44/56/Tt4	4653872080561897472	1400.0
G/r44/56/slip	4607336246813979912	1.0341566805867064
G/r44/56/pi_lpc	4612993382436890924	2.580586249966606
G/r44/56/pi_hpc	4617355930327787900	5.035893391536202
G/r44/56/phi_lp	4605514069691160714	0.8147760406234437
G/r44/56/phi_hp	4606597371985954723	0.9350467556544014
G/r44/56/mdot_air	4604916071841553573	0.7483849424924257
G/r44/56/f	4583386074856466002	0.026814847037405727
G/r44/56/Phi_lp	4589850213784677525	0.07196733655557559
G/r44/56/Phi_hp	4590264368902776431	0.07771489340407255
G/r44/56/sp_thrust	4648968761616434798	654.5571747498595
G/r44/57/s	4607812922747849280	1.1400000000000006
G/r44/57/nu_lp	4606461268316775240	0.9199362129284987
G/r44/57/nu_hp	4606189089431692821	0.8897182864249681
G/r44/57/Tt4	4653872080561897472	1400.0
G/r44/57/slip	4607335376702105763	1.0339634769393704
G/r44/57/pi_lpc	4613008329727748139	2.5872241805527856
G/r44/57/pi_hpc	4617368091552673287	5.046694729036523
G/r44/57/phi_lp	4605537509872417329	0.8173784235166918
G/r44/57/phi_hp	4606607717956227927	0.9361953890953413
G/r44/57/mdot_air	4604948057027306543	0.7519360114594117
G/r44/57/f	4583379496603091430	0.02679202413628614
G/r44/57/Phi_lp	4589711788858324641	0.07004630480033792
G/r44/57/Phi_hp	4590157175582576230	0.07622728725191905
G/r44/57/sp_thrust	4648974867826947426	655.2513705135027
G/r44/58/s	4607902994740396690	1.1600000000000006
G/r44/58/nu_lp	4606473716493461206	0.9213182381656349
G/r44/58/nu_hp	4606202688728128906	0.8912281116271725
G/r44/58/Tt4	4653872080561897472	1400.0
G/r44/58/slip	4607334471771527400	1.0337625419866132
G/r44/58/pi_lpc	4613022925104041343	2.593705829678299
G/r44/58/pi_hpc	4617380045465630154	5.057311936555786
G/r44/58/phi_lp	4605560547674029222	0.8199361332953188
G/r44/58/phi_hp	4606617856991552308	0.9373210481418028
G/r44/58/mdot_air	4604979457045134054	0.755422113735986
G/r44/58/f	4583373059360588558	0.026769690464905564
G/r44/58/Phi_lp	4589576040005632177	0.06816241102751765
G/r44/58/Phi_hp	4590051328788581865	0.0747583679047278
G/r44/58/sp_thrust	4648980805219479091	655.9263738947396
G/r44/59/s	4607993066732944100	1.1800000000000006
G/r44/59/nu_lp	4606485828643546263	0.9226629569558494
G/r44/59/nu_hp	4606216025108398232	0.8927087472711888
G/r44/59/Tt4	4653872080561897472	1400.0
G/r44/59/slip	4607333533895491021	1.0335542916726468
G/r44/59/pi_lpc	4613037172630374965	2.600033002390115
G/r44/59/pi_hpc	4617391794606667376	5.06774727007506
G/r44/59/phi_lp	4605583185378624411	0.8224494233819429
G/r44/59/phi_hp	4606627792274174363	0.9384240860941192
G/r44/59/mdot_air	4605010275206101179	0.7588436169242166
G/r44/59/f	4583366761149485851	0.026747839155592517
G/r44/59/Phi_lp	4589442967340641870	0.06631565681976179
G/r44/59/Phi_hp	4589946845288737749	0.07330836806447334
G/r44/59/sp_thrust	4648986578336331262	656.5827012934603
G/r44/60/s	4608083138725491510	1.2000000000000006
G/r44/60/nu_lp	4606497611454486215	0.9239711117558834
G/r44/60/nu_hp	4606229101999771049	0.8941605738604511
G/r44/60/Tt4	4653872080561897472	1400.0
G/r44/60/slip	4607332564904959109	1.0333391325528123
G/r44/60/pi_lpc	4613051076551682191	2.6062075838172585
G/r44/60/pi_hpc	4617403341519308270	5.0780029886968645
G/r44/60/phi_lp	4605605425494432465	0.8249185722459861
G/r44/60/phi_hp	4606637526985177947	0.9395048561235443
G/r44/60/mdot_air	4605040515196693307	0.7622009303061995
G/r44/60/f	4583360599963004087	0.026726463245932943
G/r44/60/Phi_lp	4589312567960265576	0.0645060018886291
G/r44/60/Phi_hp	4589843740007658945	0.07187749485179663
G/r44/60/sp_thrust	4648992191609777701	657.2208566008527
G/r44/61/s	4608173210718038920	1.2200000000000006
G/r44/61/nu_lp	4606509071602840350	0.9252434438127215
G/r44/61/nu_hp	4606241922864574968	0.8955839757905428
G/r44/61/Tt4	4653872080561897472	1400.0
G/r44/61/slip	4607331566588213131	1.0331174617053616
G/r44/61/pi_lpc	4613064641279650955	2.612231533142738
G/r44/61/pi_hpc	4617414688748941917	5.0880813531808515
G/r44/61/phi_lp	4605627270743612860	0.8273438821078609
G/r44/61/phi_hp	4606647064301754190	0.9405637109691527
G/r44/61/mdot_air	4605070181059493945	0.7654945026988634
G/r44/61/f	4583354573770358146	0.026705555690225598
G/r44/61/Phi_lp	4589184836071783107	0.06273336584397797
G/r44/61/Phi_hp	4589742026074829754	0.07046593047489483
G/r44/61/sp_thrust	4648997649363990108	657.8413314183231
G/r44/62/s	4608263282710586330	1.2400000000000007
G/r44/62/nu_lp	4606520215747208472	0.9264806923794451
G/r44/62/nu_hp	4606254491195769522	0.8969793408578737
G/r44/62/Tt4	4653872080561897472	1400.0
G/r44/62/slip	4607330540690530968	1.0328896666598322
G/r44/62/pi_lpc	4613077871379377080	2.6181068776763503
G/r44/62/pi_hpc	4617425838841254968	5.097984624550968
G/r44/62/phi_lp	4605648724050674369	0.829725677653265
G/r44/62/phi_hp	4606656407394602086	0.9416010026492472
G/r44/62/mdot_air	4605099277173938418	0.7687248203172017
G/r44/62/f	4583348680519962682	0.026685109370603956
G/r44/62/Phi_lp	4588951505953366352	0.06099762998570901
G/r44/62/Phi_hp	4589641714874828926	0.0690738329265361
G/r44/62/sp_thrust	4649002955816968290	658.444605276931
G/r44/63/s	4608353354703133740	1.2600000000000007
G/r44/63/nu_lp	4606531050521492130	0.9276835939670784
G/r44/63/nu_hp	4606266810512648534	0.8983470597825469
G/r44/63/Tt4	4653872080561897472	1400.0
G/r44/63/slip	4607329488913937276	1.0326561253416164
G/r44/63/pi_lpc	4613090771556276172	2.623835707042394
G/r44/63/pi_hpc	4617436794340740792	5.107715062771312
G/r44/63/phi_lp	4605669788531013954	0.8320643047607421
G/r44/63/phi_hp	4606665559425457966	0.942617082187075
G/r44/63/mdot_air	4605127808237199620	0.771892404652164
G/r44/63/f	4583342918142537910	0.026665117107811574
G/r44/63/Phi_lp	4588706655563795024	0.059298639110143214
G/r44/63/Phi_hp	4589542816099304117	0.06770133670535013
G/r44/63/sp_thrust	4649008115082472804	659.0311458571055
G/r44/64/s	4608443426695681150	1.2800000000000007
G/r44/64/nu_lp	4606541582528482027	0.9288528816326481
G/r44/64/nu_hp	4606278884356674329	0.899687525745864
G/r44/64/Tt4	4653872080561897472	1400.0
G/r44/64/slip	4607328412917024818	1.0324172060322891
G/r44/64/pi_lpc	4613103346643282978	2.6294201674950424
G/r44/64/pi_hpc	4617447557789282617	5.117274925487714
G/r44/64/phi_lp	4605690467479601192	0.8343601292454013
G/r44/64/phi_hp	4606674523544751692	0.9436122993506131
G/r44/64/mdot_air	4605155779245257798	0.7749978103689805
G/r44/64/f	4583337284554112213	0.02664557167161948
G/r44/64/Phi_lp	4588467073317770783	0.057636203323721207
G/r44/64/Phi_hp	4589445337800428844	0.06634855355769237
G/r44/64/sp_thrust	4649013131171958039	659.6014092084105
G/r44/65/s	4608533498688228560	1.3000000000000007
G/r44/65/nu_lp	4606551818333772290	0.9299892843035311
G/r44/65/nu_hp	4606290716287447171	0.901001133942842
G/r44/65/Tt4	4653872080561897472	1400.0
G/r44/65/slip	4607327314314844631	1.0321732673452197
G/r44/65/pi_lpc	4613115601588363761	2.634862456372723
G/r44/65/pi_hpc	4617458131724807434	5.126666466832157
G/r44/65/phi_lp	4605710764359832252	0.8366135356214595
G/r44/65/phi_hp	4606683302889387249	0.9445870024061646
G/r44/65/mdot_air	4605183195474202384	0.7780416232312479
G/r44/65/f	4583331777658918926	0.0266264657908764
G/r44/65/Phi_lp	4588232727110853602	0.0560100998571398
G/r44/65/Phi_hp	4589349286445584555	0.06501557323651024
G/r44/65/sp_thrust	4649018007996503690	660.1558399691287
G/r44/66/s	4608623570680775970	1.3200000000000007
G/r44/66/nu_lp	4606561764460001104	0.9310935261380369
G/r44/66/nu_hp	4606302309878812682	0.9022882811500506
G/r44/66/Tt4	4653872080561897472	1400.0
G/r44/66/slip	4607326194678862760	1.0319246582159654
G/r44/66/pi_lpc	4613127541442364593	2.640164816701678
G/r44/66/pi_hpc	4617468518680007768	5.135891936287486
G/r44/66/phi_lp	4605730682792575597	0.8388249258860704
G/r44/66/phi_hp	4606691900580645328	0.9455415378854983
G/r44/66/mdot_air	4605210062461810551	0.7810244580557385
G/r44/66/f	4583326395352185126	0.02660779216318434
G/r44/66/Phi_lp	4588003580361289705	0.054420074873490716
G/r44/66/Phi_hp	4589254666973021956	0.06370246427379916
G/r44/66/sp_thrust	4649022749368742805	660.6948715854547
G/r44/67/s	4608713642673323380	1.3400000000000007
G/r44/67/nu_lp	4606571427381416073	0.9321663259220411
G/r44/67/nu_hp	4606313668715109390	0.9035493653090059
G/r44/67/Tt4	4653872080561897472	1400.0
G/r44/67/slip	4607325055536981155	1.0316717179069108
G/r44/67/pi_lpc	4613139171347215309	2.6453295319574637
G/r44/67/pi_hpc	4617478721181128145	5.144953577609571
G/r44/67/phi_lp	4605750226545429108	0.8409947183266255
G/r44/67/phi_hp	4606700319722205191	0.9464762503662322
G/r44/67/mdot_air	4605236385989442495	0.7839469567023726
G/r44/67/f	4583321135522810821	0.02658954346419386
G/r44/67/Phi_lp	4587779592268864267	0.052865845264412036
G/r44/67/Phi_hp	4589154945405999598	0.062409274763400066
G/r44/67/sp_thrust	4649027359004784496	661.2189265300822
G/r44/68/s	4608803714665870790	1.3600000000000008
G/r44/68/nu_lp	4606580813518761652	0.9332083965013767
G/r44/68/nu_hp	4606324796387557996	0.9047847851252988
G/r44/68/Tt4	4653872080561897472	1400.0
G/r44/68/slip	4607323898373620208	1.0314147760255956
G/r44/68/pi_lpc	4613150496524506483	2.650358920992113
G/r44/68/pi_hpc	4617488741746813537	5.153853627804524
G/r44/68/phi_lp	4605769399522206746	0.8431233463535392
G/r44/68/phi_hp	4606708563398283016	0.9473914822651475
G/r44/68/mdot_air	4605262172064290428	0.7868097861034609
G/r44/68/f	4583315996055937359	0.02657171235651506
G/r44/68/Phi_lp	4587560718071226554	0.05134710042870112
G/r44/68/Phi_hp	4588971451951570406	0.06113603315105447
G/r44/68/sp_thrust	4649031840526129596	661.7284165199885
G/r44/69/s	4608893786658418200	1.3800000000000008
G/r44/69/nu_lp	4606589929234485016	0.9342204442495783
G/r44/69/nu_hp	4606335696490793391	0.9059949396835715
G/r44/69/Tt4	4653872080561897472	1400.0
G/r44/69/slip	4607322724629860353	1.0311541525561554
G/r44/69/pi_lpc	4613161522264453784	2.655255333133322
G/r44/69/pi_hpc	4617498582887017080	5.162594316158554
G/r44/69/phi_lp	4605788205752670642	0.8452112573602817
G/r44/69/phi_hp	4606716634671883880	0.9482875736441203
G/r44/69/mdot_air	4605287426902014166	0.7896136363358675
G/r44/69/f	4583310974835404390	0.026554291498241865
G/r44/69/Phi_lp	4587346909296954398	0.04986350402830218
G/r44/69/Phi_hp	4588790834674578519	0.05988274902879514
G/r44/69/sp_thrust	4649036197461577572	662.2237427332261
G/r44/70/s	4608983858650965610	1.4000000000000008
G/r44/70/nu_lp	4606598780828255872	0.9352031685704816
G/r44/70/nu_hp	4606346372619539973	0.9071802280784033
G/r44/70/Tt4	4653872080561897472	1400.0
G/r44/70/slip	4607321535703640050	1.0308901579032832
G/r44/70/pi_lpc	4613172253915261792	2.6600211434610372
G/r44/70/pi_hpc	4617508247101964288	5.171177863318007
G/r44/70/phi_lp	4605806649382522680	0.8472589116122213
G/r44/70/phi_hp	4606724536583164343	0.9491648620283318
G/r44/70/mdot_air	4605312156909792441	0.7923592187393275
G/r44/70/f	4583306069746095116	0.026537273551088744
G/r44/70/Phi_lp	4587138114014686614	0.04841469571700967
G/r44/70/Phi_hp	4588613092354992100	0.058649413930950606
G/r44/70/sp_thrust	4649040433249123045	662.7052960245315
G/r44/71/s	4609073930643513020	1.4200000000000008
G/r44/71/nu_lp	4606607374532794910	0.9361572614350882
G/r44/71/nu_hp	4606356828365430298	0.9083410490611101
G/r44/71/Tt4	4653872080561897472	1400.0
G/r44/71/slip	4607320332950007428	1.0306230929481055
G/r44/71/pi_lpc	4613182696872896932	2.6646587482657242
G/r44/71/pi_hpc	4617517736881171420	5.179606480417501
G/r44/71/phi_lp	4605824734663667927	0.8492667811656486
G/r44/71/phi_hp	4606732272147902476	0.9500236822364072
G/r44/71/mdot_air	4605336368669816112	0.7950472640838253
G/r44/71/f	4583301278676169975	0.026520651188140367
G/r44/71/Phi_lp	4586934277077715738	0.047000292837671334
G/r44/71/Phi_hp	4588438221284968116	0.05743600212919145
G/r44/71/sp_thrust	4649044551237840488	663.1734571395909
G/r44/72/s	4609164002636060430	1.4400000000000008
G/r44/72/nu_lp	4606615716510004865	0.9370834069520272
G/r44/72/nu_hp	4606367067313966699	0.9094778007024166
G/r44/72/Tt4	4653872080561897472	1400.0
G/r44/72/slip	4607319117681422829	1.0303532491153604
G/r44/72/pi_lpc	4613192856571276643	2.669170560691485
G/r44/72/pi_hpc	4617527054702515522	5.187882368253954
G/r44/72/phi_lp	4605842465944760167	0.8512353488181191
G/r44/72/phi_hp	4606739844356072235	0.9508643662221393
G/r44/72/mdot_air	4605360068923245304	0.7976785207884793
G/r44/72/f	4583296599519189249	0.026504417101215875
G/r44/72/Phi_lp	4586735340363494496	0.045619892084098224
G/r44/72/Phi_hp	4588266215382948974	0.05624247142423476
G/r44/72/sp_thrust	4649048554689755520	663.6285969277815
G/r44/73/s	4609254074628607840	1.4600000000000009
G/r44/73/nu_lp	4606623812847397531	0.9379822809708743
G/r44/73/nu_hp	4606377093041625050	0.9105908800709088
G/r44/73/Tt4	4653872080561897472	1400.0
G/r44/73/slip	4607317891168109470	1.0300809084512603
G/r44/73/pi_lpc	4613202738472880135	2.673559006566396
G/r44/73/pi_hpc	4617536203031353848	5.196007716504475
G/r44/73/phi_lp	4605859847662038613	0.8531651070911247
G/r44/73/phi_hp	4606747256170518892	0.9516872429274321
G/r44/73/mdot_air	4605383264554649928	0.8002537531940925
G/r44/73/f	4583292030176125504	0.026488564007850934
G/r44/73/Phi_lp	4586541243007570088	0.04427307112430984
G/r44/73/Phi_hp	4588097066306960432	0.055068763932006326
G/r44/73/sp_thrust	4649052446781701530	664.0710765532451
G/r44/74/s	4609344146621155250	1.4800000000000009
G/r44/74/nu_lp	4606631669554809485	0.9388545507175238
G/r44/74/nu_hp	4606386909113099502	0.9116806829271391
G/r44/74/Tt4	4653872080561897472	1400.0
G/r44/74/slip	4607316654638449417	1.0298063437114158
G/r44/74/pi_lpc	4613212348059783697	2.6778265204213842
G/r44/74/pi_hpc	4617545184319690548	5.2039847029862365
G/r44/74/phi_lp	4605876884330462711	0.8550565572458585
G/r44/74/phi_hp	4606754510525732282	0.9524926381461036
G/r44/74/mdot_air	4605405962576949472	0.8027737398911334
G/r44/74/f	4583287568557266990	0.026473084657901484
G/r44/74/Phi_lp	4586351921631516103	0.04295939018212951
G/r44/74/Phi_hp	4587930763566816033	0.05391480686221529
G/r44/74/sp_thrust	4649056230607160289	664.501247704142
G/r44/75/s	4609434218613702660	1.5000000000000009
G/r44/75/nu_lp	4606639292561398770	0.9397008744607531
G/r44/75/nu_hp	4606396519078686650	0.9127476034332098
G/r44/75/Tt4	4653872080561897472	1400.0
G/r44/75/slip	4607315409279422093	1.0295298184582038
G/r44/75/pi_lpc	4613221690825121893	2.6819755416982383
G/r44/75/pi_hpc	4617554001005388512	5.211815492956447
G/r44/75/phi_lp	4605893580535150906	0.8569102083327274
G/r44/75/phi_hp	4606761610326714529	0.9532808743981783
G/r44/75/mdot_air	4605428170116865238	0.80523927210461
G/r44/75/f	4583283212584013498	0.026457971839774365
G/r44/75/Phi_lp	4586167310564490293	0.04167839357455031
G/r44/75/Phi_hp	4587767294634960842	0.05278051328748708
G/r44/75/sp_thrust	4649059909178085352	664.9194527999471
G/r44/76/s	4609524290606250070	1.520000000000001
G/r44/76/nu_lp	4606646687712914383	0.9405219012090756
G/r44/76/nu_hp	4606405926471807274	0.9137920338776315
G/r44/76/Tt4	4653872080561897472	1400.0
G/r44/76/slip	4607314156237082519	1.0292515871669587
G/r44/76/pi_lpc	4613230772264974104	2.6860085111465075
G/r44/76/pi_hpc	4617562655511424486	5.219502238450763
G/r44/76/phi_lp	4605909940923127461	0.8587265762750645
G/r44/76/phi_hp	4606768558447938915	0.9540522708142983
G/r44/76/mdot_air	4605449894400895364	0.8076511521369842
G/r44/76/f	4583278960190566390	0.02644321838629079
G/r44/76/Phi_lp	4585987342058096860	0.04042961120264163
G/r44/76/Phi_hp	4587606645055708440	0.051665782901347324
G/r44/76/sp_thrust	4649063485426707132	665.3260251966635
G/r44/77/s	4609614362598797480	1.540000000000001
G/r44/77/nu_lp	4606653860769230001	0.9413182704369288
G/r44/77/nu_hp	4606415134806663510	0.9148143644152167
G/r44/77/Tt4	4653872080561897472	1400.0
G/r44/77/slip	4607312896617076552	1.0289718953403781
G/r44/77/pi_lpc	4613239597870674259	2.6899278674083376
G/r44/77/pi_hpc	4617571150245185500	5.227047077658394
G/r44/77/phi_lp	4605925970195380298	0.860506182987373
G/r44/77/phi_hp	4606775357732396623	0.9548071430298907
G/r44/77/mdot_air	4605471142741820110	0.810010191869958
G/r44/77/f	4583274809325514763	0.02642881718018945
G/r44/77/Phi_lp	4585811946494285871	0.03921255999414119
G/r44/77/Phi_hp	4587448798552651611	0.05057050276353322
G/r44/77/sp_thrust	4649066962207318528	665.721289389825
G/r44/78/s	4609704434591344890	1.560000000000001
G/r44/78/nu_lp	4606660817402133125	0.9420906118392202
G/r44/78/nu_hp	4606424147576029032	0.9158149828217406
G/r44/78/Tt4	4653872080561897472	1400.0
G/r44/78/slip	4607311631485190391	1.0286909796305375
G/r44/78/pi_lpc	4613248173121540226	2.693736043789671
G/r44/78/pi_hpc	4617579487597804874	5.2344521343323525
G/r44/78/phi_lp	4605941673099231390	0.8622495555282688
G/r44/78/phi_hp	4606782010990727918	0.955545803088709
G/r44/78/mdot_air	4605491922525742738	0.8123172113257218
G/r44/78/f	4583270757953319947	0.026414761159276916
G/r44/78/Phi_lp	4585641052586066546	0.03802674529618323
G/r44/78/Phi_hp	4587293737134048009	0.04949454803125348
G/r44/78/sp_thrust	4649070342298040218	666.1055612151861
G/r44/79/s	4609794506583892300	1.580000000000001
G/r44/79/nu_lp	4606667563193360519	0.9428395451132169
G/r44/79/nu_hp	4606432968249169613	0.9167942742630771
G/r44/79/Tt4	4653872080561897472	1400.0
G/r44/79/slip	4607310361867931676	1.02840906796792
G/r44/79/pi_lpc	4613256503478017751	2.6974354652155443
G/r44/79/pi_hpc	4617587669943536314	5.241719517233543
G/r44/79/phi_lp	4605957054421020183	0.8639572252881774
G/r44/79/phi_hp	4606788521000434549	0.9562685593553925
G/r44/79/mdot_air	4605512241199668832	0.8145730372879818
G/r44/79/f	4583266804055700634	0.026401043321233254
G/r44/79/Phi_lp	4585474587570862250	0.03687166221696832
G/r44/79/Phi_hp	4587141441196002638	0.04843778267516062
G/r44/79/sp_thrust	4649073628402564616	666.4791480469876
G/r44/80/s	4609884578576439710	1.600000000000001
G/r44/80/nu_lp	4606674103632870680	0.9435656797667518
G/r44/80/nu_hp	4606441600269891203	0.9177526210784922
G/r44/80/Tt4	4653872080561897472	1400.0
G/r44/80/slip	4607309088753139553	1.028126379696879
G/r44/80/pi_lpc	4613264594375232986	2.701028545366836
G/r44/80/pi_hpc	4617595699639164146	5.248851319606944
G/r44/80/phi_lp	4605972118979099422	0.8656297272117148
G/r44/80/phi_hp	4606794890505170048	0.9569757164366735
G/r44/80/mdot_air	4605532106259624626	0.81677850198283
G/r44/80/f	4583262945632921255	0.02638765672808199
G/r44/80/Phi_lp	4585312477396370930	0.03574679691542916
G/r44/80/Phi_hp	4586991889623294810	0.047400060178978534
G/r44/80/sp_thrust	4649076823151877724	666.8423489937081
G/r44/81/s	4609974650568987120	1.620000000000001
G/r44/81/nu_lp	4606680444117343897	0.9442696149516961
G/r44/81/nu_hp	4606450047054712495	0.9186904025777575
G/r44/81/Tt4	4653872080561897472	1400.0
G/r44/81/slip	4607307813090621147	1.0278431257169618
G/r44/81/pi_lpc	4613272451216946120	2.704517683995139
G/r44/81/pi_hpc	4617603579023448616	5.255849618688934
G/r44/81/phi_lp	4605986871617141690	0.8672675990545635
G/r44/81/phi_hp	4606801122214104614	0.9576675751108652
G/r44/81/mdot_air	4605551525239313260	0.818934441819335
G/r44/81/f	4583259180704986170	0.026374594510333284
G/r44/81/Phi_lp	4585154646898841651	0.0346516278382726
G/r44/81/Phi_hp	4586845059887710813	0.04638122422182243
G/r44/81/sp_thrust	4649079929105958083	667.1954550912127
G/r44/82/s	4610064722561534530	1.640000000000001
G/r44/82/nu_lp	4606686589948900385	0.9449519393216442
G/r44/82/nu_hp	4606458311991158790	0.9196079948517315
G/r44/82/Tt4	4653872080561897472	1400.0
G/r44/82/slip	4607306535792811930	1.0275595086295426
G/r44/82/pi_lpc	4613280079369898001	2.707905264412155
G/r44/82/pi_hpc	4617611310416604567	5.262716475244267
G/r44/82/phi_lp	4606001317197754086	0.8688713806745596
G/r44/82/phi_hp	4606807218801361440	0.9583444322652817
G/r44/82/mdot_air	4605570505699305757	0.8210416961894996
G/r44/82/f	4583255507312742518	0.026361849870810215
G/r44/82/Phi_lp	4585001019973709972	0.03358562690400038
G/r44/82/Phi_hp	4586700928143768805	0.04538110934242371
G/r44/82/sp_thrust	4649082948755452170	667.5387494932231
G/r44/83/s	4610154794554081940	1.660000000000001
G/r44/83/nu_lp	4606692546334026923	0.945613230912746
G/r44/83/nu_hp	4606466398436173834	0.9205057705960382
G/r44/83/Tt4	4653872080561897472	1400.0
G/r44/83/slip	4607305257735457571	1.0272757228892224
G/r44/83/pi_lpc	4613287484158540588	2.7111936511495482
G/r44/83/pi_hpc	4617618896119812231	5.269453933131564
G/r44/83/phi_lp	4606015460596397676	0.8704416133566162
G/r44/83/phi_hp	4606813182905521240	0.9590065808412289
G/r44/83/mdot_air	4605589055216761927	0.8231011063270522
G/r44/83/f	4583251923518894552	0.02634941608816796
G/r44/83/Phi_lp	4584851519738571668	0.03254826063376651
G/r44/83/Phi_hp	4586559469321735391	0.044399541584562156
G/r44/83/sp_thrust	4649085884523325542	667.8725076590315
G/r44/84/s	4610244866546629350	1.680000000000001
G/r44/84/nu_lp	4606698318382702431	0.9462540570466266
G/r44/84/nu_hp	4606474309714646190	0.9213840989474613
G/r44/84/Tt4	4653872080561897472	1400.0
G/r44/84/slip	4607303979758314896	1.026991954959474
G/r44/84/pi_lpc	4613294670860141349	2.7143851877848584
G/r44/84/pi_hpc	4617626338414758923	5.2760640188962595
G/r44/84/phi_lp	4606029306695607485	0.8719788391710136
G/r44/84/phi_hp	4606819017129191926	0.9596543097862298
G/r44/84/mdot_air	4605607181375674964	0.8251135142243791
G/r44/84/f	4583248427408932481	0.026337286520116358
G/r44/84/Phi_lp	4584706068688506645	0.031538991229153414
G/r44/84/Phi_hp	4586420657217855083	0.04343633912315855
G/r44/84/sp_thrust	4649088738766489258	668.1969975384029
G/r44/85/s	4610334938539176760	1.700000000000001
G/r44/85/nu_lp	4606703911107712932	0.9468749742543321
G/r44/85/nu_hp	4606482049118046622	0.9222433453326635
G/r44/85/Tt4	4653872080561897472	1400.0
G/r44/85/slip	4607302702665869691	1.0267083834720256
G/r44/85/pi_lpc	4613301644700251178	2.717482194928853
G/r44/85/pi_hpc	4617633639563210320	5.282548741389817
G/r44/85/phi_lp	4606042860379508260	0.8734836003645268
G/r44/85/phi_hp	4606824724038640283	0.9602879040131315
G/r44/85/mdot_air	4605624891757632026	0.8270797616067427
G/r44/85/f	4583245017091978768	0.026325454606356102
G/r44/85/Phi_lp	4584464757024418808	0.030557277597136306
G/r44/85/Phi_hp	4586284464581726154	0.04249131287056647
G/r44/85/sp_thrust	4649091513777400990	668.5124797536007
G/r44/86/s	4610425010531724170	1.720000000000001
G/r44/86/nu_lp	4606709329424146437	0.9474765282202503
G/r44/86/nu_hp	4606489619903172884	0.9230838713288301
G/r44/86/Tt4	4653872080561897472	1400.0
G/r44/86/slip	4607301427228069167	1.0264251793895018
G/r44/86/pi_lpc	4613308410848524765	2.7204869683693986
G/r44/86/pi_hpc	4617640801806610337	5.288910091414352
G/r44/86/phi_lp	4606056126528620552	0.8749564387837845
G/r44/86/phi_hp	4606830306163482711	0.960907644365771
G/r44/86/mdot_air	4605642193933082041	0.8290006889628138
G/r44/86/f	4583241690701554978	0.026313913871239276
G/r44/86/Phi_lp	4584189583116973884	0.02960257632269435
G/r44/86/Phi_hp	4586150863200773031	0.04156426706271726
G/r44/86/sp_thrust	4649094211785640491	668.8192077784964
G/r44/87/s	4610515082524271580	1.740000000000001
G/r44/87/nu_lp	4606714578149058369	0.9480592537449654
G/r44/87/nu_hp	4606497025290998274	0.9239060345358328
G/r44/87/Tt4	4653872080561897472	1400.0
G/r44/87/slip	4607300154181066950	1.0261425061708436
G/r44/87/pi_lpc	4613314974414881821	2.723401777366702
G/r44/87/pi_hpc	4617647827365708423	5.2951500413916
G/r44/87/phi_lp	4606069110014951000	0.8763978953301814
G/r44/87/phi_hp	4606835765996432050	0.9615138075908674
G/r44/87/mdot_air	4605659095453100595	0.8308771346303899
G/r44/87/f	4583238446396272282	0.02630265792616502
G/r44/87/Phi_lp	4583922037958960998	0.028674342589716593
G/r44/87/Phi_hp	4586019823981780364	0.040654999824876276
G/r44/87/sp_thrust	4649096834959458930	669.1174281147089
G/r44/88/s	4610605154516818990	1.7600000000000011
G/r44/88/nu_lp	4606719662001298281	0.9486236747260196
G/r44/88/nu_hp	4606504268465620246	0.9247101884595021
G/r44/88/Tt4	4653872080561897472	1400.0
G/r44/88/slip	4607298884227978608	1.0258605199390693
G/r44/88/pi_lpc	4613321340445997520	2.7262288630947538
G/r44/88/pi_hpc	4617654718440213230	5.301270545055315
G/r44/88/phi_lp	4606081815697360563	0.8778085094456486
G/r44/88/phi_hp	4606841105993097660	0.9621066663158255
G/r44/88/mdot_air	4605675603841641086	0.832709933936101
G/r44/88/f	4583235282360448682	0.02629168047172096
G/r44/88/Phi_lp	4583661964364735950	0.02777203105094888
G/r44/88/Phi_hp	4585891317029465497	0.03976330371684895
G/r44/88/sp_thrust	4649099385407301877	669.4073804647475
G/r44/89/s	4610695226509366400	1.7800000000000011
G/r44/89/nu_lp	4606724585601488773	0.9491703041555729
G/r44/89/nu_hp	4606511352573305388	0.925496682405599
G/r44/89/Tt4	4653872080561897472	1400.0
G/r44/89/slip	4607297618039645766	1.0255793696509428
G/r44/89/pi_lpc	4613327513922109822	2.728970437223494
G/r44/89/pi_hpc	4617661477208471783	5.307273537166316
G/r44/89/phi_lp	4606094248417203698	0.8791888186285048
G/r44/89/phi_hp	4606846328571835939	0.962686489032141
G/r44/89/mdot_air	4605691726588260397	0.8344999183877967
G/r44/89/f	4583232196804656107	0.026280975299581327
G/r44/89/Phi_lp	4583409205231889587	0.026895096647916627
G/r44/89/Phi_hp	4585765311722077827	0.03888896625755669
G/r44/89/sp_thrust	4649101865179305599	669.6892979021212
G/r44/90/s	4610785298501913810	1.8000000000000012
G/r44/90/nu_lp	4606729353472147674	0.9496996441339676
G/r44/90/nu_hp	4606518280721627040	0.9262658613840706
G/r44/90/Tt4	4653872080561897472	1400.0
G/r44/90/slip	4607296356255406965	1.0252991972681376
G/r44/90/pi_lpc	4613333499754131456	2.731628680636277
G/r44/90/pi_hpc	4617668105827173146	5.3131609332492875
G/r44/90/phi_lp	4606106412994231332	0.8805393579785954
G/r44/90/phi_hp	4606851436113648587	0.9632535400841048
G/r44/90/mdot_air	4605707471141306555	0.8362479149182244
G/r44/90/f	4583229187966200441	0.026270536294172395
G/r44/90/Phi_lp	4583163603763449101	0.02604299538184045
G/r44/90/Phi_hp	4585641776784026629	0.03803177042899367
G/r44/90/sp_thrust	4649104276268766488	669.9634070383936
G/r44/91/s	4610875370494461220	1.8200000000000012
G/r44/91/nu_lp	4606733970037944779	0.9502121858982319
G/r44/91/nu_hp	4606525055978691840	0.9270180660231802
G/r44/91/Tt4	4653872080561897472	1400.0
G/r44/91/slip	4607295099483873528	1.0250201379295145
G/r44/91/pi_lpc	4613339302781054104	2.7342057422770942
G/r44/91/pi_hpc	4617674606431075695	5.31893462935055
G/r44/91/phi_lp	4606118314222750140	0.881860659770886
G/r44/91/phi_hp	4606856430962125930	0.9638080796625108
G/r44/91/mdot_air	4605722844901555329	0.83795474517855
G/r44/91/f	4583226254109537591	0.026260357434116
G/r44/91/Phi_lp	4582925003676279285	0.025215185036673266
G/r44/91/Phi_hp	4585520680355548032	0.0371914951596386
G/r44/91/sp_thrust	4649106620613583456	670.2299281871638
G/r44/92/s	4610965442487008630	1.8400000000000012
G/r44/92/nu_lp	4606738439626084611	0.9507084098645752
G/r44/92/nu_hp	4606531681372451518	0.9277536324931004
G/r44/92/Tt4	4653872080561897472	1400.0
G/r44/92/slip	4607293848303708751	1.0247423201241366
G/r44/92/pi_lpc	4613344927767632120	2.7367037381219426
G/r44/92/pi_hpc	4617680981132757230	5.324596501816115
G/r44/92/phi_lp	4606129956868030276	0.883153253056641
G/r44/92/phi_hp	4606861315423432807	0.9643503638030894
G/r44/92/mdot_air	4605737855216282125	0.8396212248802059
G/r44/92/f	4583223393526628603	0.026250432793461603
G/r44/92/Phi_lp	4582693249396039256	0.024411125855492294
G/r44/92/Phi_hp	4585401990059428501	0.03636791578744184
G/r44/92/sp_thrust	4649108900097673145	670.4890755249572
G/r44/93/s	4611055514479556040	1.8600000000000012
G/r44/93/nu_lp	4606742766466806926	0.9511887856839552
G/r44/93/nu_hp	4606538159890096267	0.9284728924385645
G/r44/93/Tt4	4653872080561897472	1400.0
G/r44/93/slip	4607292603264408864	1.024465865864677
G/r44/93/pi_lpc	4613350379402333538	2.7391247502688865
G/r44/93/pi_hpc	4617687232022387004	5.330148407089208
G/r44/93/phi_lp	4606141345662954012	0.8844176632913476
G/r44/93/phi_hp	4606866091766334521	0.9648806443893881
G/r44/93/mdot_air	4605752509373755404	0.8412481631835376
G/r44/93/f	4583220604537236863	0.0262407565427174
G/r44/93/Phi_lp	4582468186239059390	0.02363028117151144
G/r44/93/Phi_hp	4585285673064817018	0.03556080450261141
G/r44/93/sp_thrust	4649111116552357942	670.7410572490251
G/r44/94/s	4611145586472103450	1.8800000000000012
G/r44/94/nu_lp	4606746954693996905	0.9516537723098227
G/r44/94/nu_hp	4606544494477526076	0.929176172920172
G/r44/94/Tt4	4653872080561897472	1400.0
G/r44/94/slip	4607291364887084270	1.0241908908608894
G/r44/94/pi_lpc	4613355662295545475	2.741470826141098
G/r44/94/pi_hpc	4617693361167519030	5.335592181526684
G/r44/94/phi_lp	4606152485304896656	0.885654411988428
G/r44/94/phi_hp	4606870762222260442	0.9653991691598336
G/r44/94/mdot_air	4605766814598136996	0.8428363621316248
G/r44/94/f	4583217885489170329	0.026231322949690748
G/r44/94/Phi_lp	4582249660581542404	0.022872117995115473
G/r44/94/Phi_hp	4585171696148158297	0.03476993077042207
G/r44/94/sp_thrust	4649113271757726685	670.9860757320381
G/r44/95/s	4611235658464650860	1.9000000000000012
G/r44/95/nu_lp	4606751008345897244	0.9521038180771799
G/r44/95/nu_hp	4606550688038896455	0.9298637963639543
G/r44/95/Tt4	4653872080561897472	1400.0
G/r44/95/slip	4607290133665239660	1.023917504692828
G/r44/95/pi_lpc	4613360780978021911	2.7437439777975317
G/r44/95/pi_hpc	4617699370612905791	5.340929641233571
G/r44/95/phi_lp	4606163380452832137	0.8868640163978948
G/r44/95/phi_hp	4606875328985402944	0.9659061817187151
G/r44/95/mdot_air	4605780778044775094	0.8443866161276989
G/r44/95/f	4583215234758471676	0.026222126380147856
G/r44/95/Phi_lp	4582037520016483536	0.022136107558286267
G/r44/95/Phi_hp	4585060025751290999	0.033995061734352676
G/r44/95/sp_thrust	4649115367443968154	671.2243276736874
G/r44/96/s	4611325730457198270	1.9200000000000013
G/r44/96/nu_lp	4606754931365914587	0.9525393607921119
G/r44/96/nu_hp	4606556743436235036	0.930536080518809
G/r44/96/Tt4	4653872080561897472	1400.0
G/r44/96/slip	4607288910065551708	1.0236458109835302
G/r44/96/pi_lpc	4613365739899561378	2.745946181345702
G/r44/96/pi_hpc	4617705262380331719	5.346162581915173
G/r44/96/phi_lp	4606174035724654768	0.8880469892090073
G/r44/96/phi_hp	4606879794212849533	0.9664019215508542
G/r44/96/mdot_air	4605794406795875078	0.8458997114545077
G/r44/96/f	4583212650749559245	0.0262131612983028
G/r44/96/Phi_lp	4581831613498734769	0.021421725817895424
G/r44/96/Phi_hp	4584950628036760425	0.03323596259989509
G/r44/96/sp_thrust	4649117405292677306	671.456004249186
G/r44/97/s	4611415802449745680	1.9400000000000013
G/r44/97/nu_lp	4606758727603513031	0.9529608278309859
G/r44/97/nu_hp	4606562663489125600	0.9311933384214193
G/r44/97/Tt4	4653872080561897472	1400.0
G/r44/97/slip	4607287694528643111	1.023375907570889
G/r44/97/pi_lpc	4613370543427902519	2.7480793764512117
G/r44/97/pi_hpc	4617711038468465794	5.351292778746144
G/r44/97/phi_lp	4606184455694708991	0.8892038382760176
G/r44/97/phi_hp	4606884160024745872	0.966886624039704
G/r44/97/mdot_air	4605807707856533544	0.8473764258340042
G/r44/97/f	4583210131895321475	0.026204422267145155
G/r44/97/Phi_lp	4581631791478639383	0.020728453919342273
G/r44/97/Phi_hp	4584843468940396661	0.032492396999388364
G/r44/97/sp_thrust	4649119386938134426	671.6812912546914
G/r44/98/s	4611505874442293090	1.9600000000000013
G/r44/98/nu_lp	4606762400815187695	0.9533686362485393
G/r44/98/nu_hp	4606568450974456146	0.9318358783682845
G/r44/98/Tt4	4653872080561897472	1400.0
G/r44/98/slip	4607286487469851827	1.023107886678457
G/r44/98/pi_lpc	4613375195847825673	2.750145465938776
G/r44/98/pi_hpc	4617716700852732469	5.356321986255854
G/r44/98/phi_lp	4606194644891518893	0.8903350663660966
G/r44/98/phi_hp	4606888428504487764	0.9673605204886635
G/r44/98/mdot_air	4605820688151120583	0.848817528025699
G/r44/98/f	4583207676657167657	0.02619590394861607
G/r44/98/Phi_lp	4581437906024670082	0.02005577862204034
G/r44/98/Phi_hp	4584738514221220531	0.03176412733831082
G/r44/98/sp_thrust	4649121313968557214	671.9003692496515
G/r44/99/s	4611595946434840500	1.9800000000000013
G/r44/99/nu_lp	4606765954665511612	0.9537631928941077
G/r44/99/nu_hp	4606574108626227710	0.9324640038944947
G/r44/99/Tt4	4653872080561897472	1400.0
G/r44/99/slip	4607285289279994461	1.022841835084953
G/r44/99/pi_lpc	4613379701360448867	2.7521463154795796
G/r44/99/pi_hpc	4617722251485200397	5.361251938229555
G/r44/99/phi_lp	4606204607795709365	0.8914411709285363
G/r44/99/phi_hp	4606892601698940061	0.9678238381453813
G/r44/99/mdot_air	4605833354519995784	0.8502237774620633
G/r44/99/f	4583205283525037505	0.026187601103641493
G/r44/99/Phi_lp	4581249810935508163	0.019403192688270076
G/r44/99/Phi_hp	4584607038354308841	0.031050915123443188
G/r44/99/sp_thrust	4649123187927326026	672.1134136960984
G/r44/100/s	4611686018427387907	2.0000000000000013
G/r44/100/nu_lp	4606769392728249490	0.9541448945352775
G/r44/100/nu_hp	4606579639135420697	0.9330780137588902
G/r44/100/Tt4	4653872080561897472	1400.0
G/r44/100/slip	4607284100326122805	1.0225778342922471
G/r44/100/pi_lpc	4613384064082706852	2.7540837533599234
G/r44/100/pi_hpc	4617727692294488318	5.36608434762479
G/r44/100/phi_lp	4606214348838110714	0.892522643884319
G/r44/100/phi_hp	4606896681618680577	0.9682768002288357
G/r44/100/mdot_air	4605845713716543254	0.8515959239193502
G/r44/100/f	4583202951017372182	0.02617950859203163
G/r44/100/Phi_lp	4581067361842004457	0.018770195236926943
G/r44/100/Phi_hp	4584405740032198855	0.03035252127336532
G/r44/100/sp_thrust	4649125010314182409	672.320595094906
G/r44/101/s	4611731054423661612	2.0200000000000014
G/r44/101/nu_lp	4606772718487532148	0.9545141279882743
G/r44/101/nu_hp	4606585045149915596	0.9336782019352596
G/r44/101/Tt4	4653872080561897472	1400.0
G/r44/101/slip	4607282920952272626	1.0223159606916252
G/r44/101/pi_lpc	4613388288047002109	2.755959570326239
G/r44/101/pi_hpc	4617733025185687482	5.370820906502496
G/r44/101/phi_lp	4606223872398038727	0.8935799714351668
G/r44/101/phi_hp	4606900670238267214	0.9687196259589912
G/r44/101/mdot_air	4605857772404511170	0.8529347072222253
G/r44/101/f	4583200677681049202	0.0261716213722551
G/r44/101/Phi_lp	4580890416299459215	0.018156292063681575
G/r44/101/Phi_hp	4584208643817422523	0.02966870641176798
G/r44/101/sp_thrust	4649126782586401125	672.5220791190337
G/r44/102/s	4611776090419935317	2.0400000000000014
G/r44/102/nu_lp	4606775935339085715	0.9548712702544314
G/r44/102/nu_hp	4606590329274465016	0.9342648576092349
G/r44/102/Tt4	4653872080561897472	1400.0
G/r44/102/slip	4607281751480203871	1.0220562857281477
G/r44/102/pi_lpc	4613392377201017104	2.7577755195017133
G/r44/102/pi_hpc	4617738252040300005	5.375463285972249
G/r44/102/phi_lp	4606233182801742307	0.8946136338911937
G/r44/102/phi_hp	4606904569496526559	0.9691525305888397
G/r44/102/mdot_air	4605869537155641537	0.8542408569806171
G/r44/102/f	4583198462091283631	0.02616393450109616
G/r44/102/Phi_lp	4580718833870660332	0.017560995929076492
G/r44/102/Phi_hp	4584015680709189140	0.028999231144068174
G/r44/102/sp_thrust	4649128506159935903	672.7180267437833
G/r44/103/s	4611821126416209022	2.0600000000000014
G/r44/103/nu_lp	4606779046591509956	0.9552166886621127
G/r44/103/nu_hp	4606595494070714093	0.9348382651805572
G/r44/103/Tt4	4653872080561897472	1400.0
G/r44/103/slip	4607280592210131515	1.02179887606293
G/r44/103/pi_lpc	4613396335407677297	2.7595333163698617
G/r44/103/pi_hpc	4617743374716192708	5.380013136151266
G/r44/103/phi_lp	4606242284321010794	0.8956241055162881
G/r44/103/phi_hp	4606908381296862226	0.9695757254386328
G/r44/103/mdot_air	4605881014447576185	0.8555150923572362
G/r44/103/f	4583196302851497867	0.026156443133202905
G/r44/103/Phi_lp	4580552476200112662	0.016983826816060775
G/r44/103/Phi_hp	4583826781776503030	0.02834385631783306
G/r44/103/sp_thrust	4649130182410539160	672.9085943740965
G/r44/104/s	4611866162412482727	2.0800000000000014
G/r44/104/nu_lp	4606782055467600346	0.9555507410134922
G/r44/104/nu_hp	4606600542057266387	0.9353987042703927
G/r44/104/Tt4	4653872080561897472	1400.0
G/r44/104/slip	4607279443421446373	1.0215437937331953
G/r44/104/pi_lpc	4613400166445254990	2.7612346388206452
G/r44/104/pi_hpc	4617748395047565698	5.384472086136499
G/r44/104/phi_lp	4606251181171933539	0.896611854390397
G/r44/104/phi_hp	4606912107507581410	0.9699894179321371
G/r44/104/mdot_air	4605892210662025152	0.8567581218642246
G/r44/104/f	4583194198593162217	0.02614914252053416
G/r44/104/Phi_lp	4580391207079883199	0.016424312158436424
G/r44/104/Phi_hp	4583641878228708252	0.027702343267531057
G/r44/104/sp_thrust	4649131812674855966	673.0939339689246
G/r44/105/s	4611911198408756432	2.1000000000000014
G/r44/105/nu_lp	4606784965105708790	0.9558737757356244
G/r44/105/nu_hp	4606605475709792500	0.9359464497333918
G/r44/105/Tt4	4653872080561897472	1400.0
G/r44/105/slip	4607278305373425223	1.0212910963099533
G/r44/105/pi_lpc	4613403874007604005	2.762881127254689
G/r44/105/pi_hpc	4617753314844935409	5.388841743989574
G/r44/105/phi_lp	4606259877513803966	0.897577342287853
G/r44/105/phi_hp	4606915749962238115	0.9703938116347398
G/r44/105/mdot_air	4605903132083183948	0.857970643187437
G/r44/105/f	4583192147975608414	0.026142028011712497
G/r44/105/Phi_lp	4580234892507490135	0.015881987041701375
G/r44/105/Phi_hp	4583460901481664924	0.027074454044127103
G/r44/105/sp_thrust	4649133398251492516	673.2741931626992
G/r44/106/s	4611956234405030137	2.1200000000000014
G/r44/106/nu_lp	4606787778561138144	0.9561861320352669
G/r44/106/nu_hp	4606610297461178725	0.9364817716741923
G/r44/106/Tt4	4653872080561897472	1400.0
G/r44/106/slip	4607277178305929695	1.021040837053185
G/r44/106/pi_lpc	4613407461704516095	2.7644743847415607
G/r44/106/pi_hpc	4617758135895131265	5.3931236967338245
G/r44/106/phi_lp	4606268377448161117	0.8985210245709642
G/r44/106/phi_hp	4606919310459991583	0.9707891062932424
G/r44/106/mdot_air	4605913784896386392	0.8591533430368754
G/r44/106/f	4583190149685818134	0.02613509505129049
G/r44/106/Phi_lp	4580005980436692508	0.015356394377703579
G/r44/106/Phi_hp	4583283783219711742	0.026459951630058313
G/r44/106/sp_thrust	4649134940402059453	673.4495153839449
G/r44/107/s	4612001270401303842	2.1400000000000015
G/r44/107/nu_lp	4606790498807565949	0.9564881400569473
G/r44/107/nu_hp	4606615009701713148	0.9370049354680812
G/r44/107/Tt4	4653872080561897472	1400.0
G/r44/107/slip	4607276062440093399	1.0207930650644153
G/r44/107/pi_lpc	4613410933062189852	2.7660159772280064
G/r44/107/pi_hpc	4617762859961305785	5.3973195103632685
G/r44/107/phi_lp	4606276685017961360	0.8994433500980552
G/r44/107/phi_hp	4606922790765978579	0.9711754978771928
G/r44/107/mdot_air	4605924175186980409	0.8603068970218778
G/r44/107/f	4583188202438188436	0.026128339178936935
G/r44/107/Phi_lp	4579712383601097252	0.014847085054523985
G/r44/107/Phi_hp	4583110455453563250	0.0258586001401055
G/r44/107/sp_thrust	4649136440352190316	673.6200399710629
G/r44/108/s	4612046306397577547	2.1600000000000015
G/r44/108/nu_lp	4606793128738493033	0.9567801210437895
G/r44/108/nu_hp	4606619614779306701	0.937516201785536
G/r44/108/Tt4	4653872080561897472	1400.0
G/r44/108/slip	4607274957978996858	1.0205478254365787
G/r44/108/pi_lpc	4613414291523803562	2.7675074337923506
G/r44/108/pi_hpc	4617767488782957385	5.40143072986286
G/r44/108/phi_lp	4606284804206873357	0.9003447611451932
G/r44/108/phi_hp	4606926192611698156	0.9715531786216025
G/r44/108/mdot_air	4605934308939413994	0.8614319695496395
G/r44/108/f	4583186304974276043	0.02612175602854964
G/r44/108/Phi_lp	4579427919247904909	0.01435361806296267
G/r44/108/Phi_hp	4582940850574296521	0.025270165008697085
G/r44/108/sp_thrust	4649137899292535487	673.7859022853298
G/r44/109/s	4612091342393851252	2.1800000000000015
G/r44/109/nu_lp	4606795671168712894	0.9570623875006488
G/r44/109/nu_hp	4606624114999746778	0.9380158266203822
G/r44/109/Tt4	4653872080561897472	1400.0
G/r44/109/slip	4607273865108329829	1.0203051594010841
G/r44/109/pi_lpc	4613417540450183714	2.7689502469413734
G/r44/109/pi_hpc	4617772024075965518	5.405458879239701
G/r44/109/phi_lp	4606292738938689801	0.9012256933408774
G/r44/109/phi_hp	4606929517695407794	0.9719223370709271
G/r44/109/mdot_air	4605944192036519446	0.8625292137457474
G/r44/109/f	4583184456062522227	0.026115341327300933
G/r44/109/Phi_lp	4579152337883711966	0.013875560600955458
G/r44/109/Phi_hp	4582774901403578710	0.024694413164170946
G/r44/109/sp_thrust	4649139318379731976	673.9472338211499
G/r44/110/s	4612136378390124957	2.2000000000000015
G/r44/110/nu_lp	4606798128835798003	0.9573352433591239
G/r44/110/nu_hp	4606628512626981107	0.9385040613213093
G/r44/110/Tt4	4653872080561897472	1400.0
G/r44/110/slip	4607272783997040687	1.0200651044720066
G/r44/110/pi_lpc	4613420683120561173	2.7703458729461183
G/r44/110/pi_hpc	4617776467532637627	5.409405461564741
G/r44/110/phi_lp	4606300493076849019	0.9020865756129263
G/r44/110/phi_hp	4606932767682529520	0.9722831581241547
G/r44/110/mdot_air	4605953830258983921	0.8635992713953994
G/r44/110/f	4583182654497960050	0.02610909089462194
G/r44/110/Phi_lp	4578885394794434927	0.013412488157236805
G/r44/110/Phi_hp	4582612541240285632	0.024131113190515086
G/r44/110/sp_thrust	4649140698737349376	674.104162313597
G/r44/111/s	4612181414386398662	2.2200000000000015
G/r44/111/nu_lp	4606800504401599407	0.957598984144047
G/r44/111/nu_hp	4606632809883429667	0.9389811526265003
G/r44/111/Tt4	4653872080561897472	1400.0
G/r44/111/slip	4607271714797972568	1.01982769458734
G/r44/111/pi_lpc	4613423722733407487	2.771695732213288
G/r44/111/pi_hpc	4617780820821767469	5.4132719590245815
G/r44/111/phi_lp	4606308070424060438	0.9029278301468959
G/r44/111/phi_hp	4606935944206065067	0.9726358230808975
G/r44/111/mdot_air	4605963229284995013	0.8646427729040559
G/r44/111/f	4583180899101905532	0.02610300064113112
G/r44/111/Phi_lp	4578626850082293677	0.012963984575495713
G/r44/111/Phi_hp	4582453703903659391	0.023580035477100744
G/r44/111/sp_thrust	4649142041456812391	674.2568118432945
G/r44/112/s	4612226450382672367	2.2400000000000015
G/r44/112/nu_lp	4606802800453756218	0.9578538971410702
G/r44/112/nu_hp	4606637008950322537	0.9394473427011408
G/r44/112/Tt4	4653872080561897472	1400.0
G/r44/112/slip	4607270657648486014	1.0195929602472513
G/r44/112/pi_lpc	4613426662407344107	2.7730012096890184
G/r44/112/pi_hpc	4617785085588704351	5.417059832982971
G/r44/112/phi_lp	4606315474722027724	0.9037498723553425
G/r44/112/phi_hp	4606939048867018974	0.9729805096883657
G/r44/112/mdot_air	4605972394690050426	0.8656603372763094
G/r44/112/f	4583179188721634358	0.026097066567512615
G/r44/112/Phi_lp	4578376468692260115	0.012529642100256788
G/r44/112/Phi_hp	4582298323773153830	0.02304095235692407
G/r44/112/sp_thrust	4649143347598300298	674.4053029386716
G/r44/113/s	4612271486378946072	2.2600000000000016
G/r44/113/nu_lp	4606805019507211814	0.9581002615649978
G/r44/113/nu_hp	4606641111968061654	0.9399028691775821
G/r44/113/Tt4	4653872080561897472	1400.0
G/r44/113/slip	4607269612671067924	1.019360928649296
G/r44/113/pi_lpc	4613429505182117691	2.774263655292001
G/r44/113/pi_hpc	4617789263455432804	5.420770524051566
G/r44/113/phi_lp	4606322709651263712	0.9045531108572753
G/r44/113/phi_hp	4606942083234828516	0.9733173921890992
G/r44/113/mdot_air	4605981331946921073	0.8666525721117876
G/r44/113/f	4583177522230045550	0.02609128476334937
G/r44/113/Phi_lp	4578134020428644778	0.01210906140565345
G/r44/113/Phi_hp	4582146335825110603	0.022513638233851812
G/r44/113/sp_thrust	4649144618191623736	674.5497526756435
G/r44/114/s	4612316522375219777	2.2800000000000016
G/r44/114/nu_lp	4606807164005733770	0.9583383487285329
G/r44/114/nu_hp	4606645121036604535	0.9403479651979428
G/r44/114/Tt4	4653872080561897472	1400.0
G/r44/114/slip	4607268579973926645	1.0191316238205534
G/r44/114/pi_lpc	4613432254019634900	2.7754843843730246
G/r44/114/pi_hpc	4617793356020662309	5.424405452169627
G/r44/114/phi_lp	4606329778830991426	0.9053379474671674
G/r44/114/phi_hp	4606945048847799666	0.973646641369369
G/r44/114/mdot_air	4605990046425757457	0.8676200736169638
G/r44/114/f	4583175898525313518	0.026085651405915948
G/r44/114/Phi_lp	4577899279962484126	0.011701851608242827
G/r44/114/Phi_hp	4581997675666409749	0.021997869699370193
G/r44/114/sp_thrust	4649145854237079195	674.6902747747548
G/r44/115/s	4612361558371493482	2.3000000000000016
G/r44/115/nu_lp	4606809236323434736	0.9585684222111279
G/r44/115/nu_hp	4606649038215868123	0.9407828594589448
G/r44/115/Tt4	4653872080561897472	1400.0
G/r44/115/slip	4607267559651573071	1.018905066746658
G/r44/115/pi_lpc	4613434911805050586	2.7766646781982276
G/r44/115/pi_hpc	4617797364859926609	5.427966016692225
G/r44/115/phi_lp	4606336685819125832	0.9061047771929305
G/r44/115/phi_hp	4606947947213548097	0.9739684246081383
G/r44/115/mdot_air	4605998543394329582	0.8685634266317928
G/r44/115/f	4583174316530529819	0.026080162758935637
G/r44/115/Phi_lp	4577672026830353853	0.011307630264947183
G/r44/115/Phi_hp	4581852279565231794	0.021493425639312398
G/r44/115/sp_thrust	4649147056706281626	674.8269796958368
G/r44/116/s	4612406594367767187	2.3200000000000016
G/r44/116/nu_lp	4606811238766291691	0.9587907380276567
G/r44/116/nu_hp	4606652865526150996	0.9412077762587878
G/r44/116/Tt4	4653872080561897472	1400.0
G/r44/116/slip	4607266551785387659	1.0186812754977008
G/r44/116/pi_lpc	4613437481347903518	2.777805784453462
G/r44/116/pi_hpc	4617801291525692184	5.431453596486584
G/r44/116/phi_lp	4606343434112331058	0.9068539882422668
G/r44/116/phi_hp	4606950779809444432	0.9742829059264952
G/r44/116/mdot_air	4606006828018390981	0.8694832046701256
G/r44/116/f	4583172775193335868	0.02607481517130615
G/r44/116/Phi_lp	4577452045425213647	0.010926023357172103
G/r44/116/Phi_hp	4581710084479070109	0.02100008733104596
G/r44/116/sp_thrust	4649148226542975578	674.9599747302229
G/r44/117/s	4612451630364040892	2.3400000000000016
G/r44/117/nu_lp	4606813173573661162	0.9590055447966368
G/r44/117/nu_hp	4606656604948572253	0.9416229355458757
G/r44/117/Tt4	4653872080561897472	1400.0
G/r44/117/slip	4607265556444173316	1.0184602653509964
G/r44/117/pi_lpc	4613439965383294015	2.7789089177672675
G/r44/117/pi_hpc	4617805137547475544	5.434869550036261
G/r44/117/phi_lp	4606350027146147914	0.9075859620368274
G/r44/117/phi_hp	4606953548083062886	0.9745902460374622
G/r44/117/mdot_air	4606014905362157871	0.870379969972907
G/r44/117/f	4583171273485547762	0.02606960507579798
G/r44/117/Phi_lp	4577239124979869889	0.010556665262118849
G/r44/117/Phi_hp	4581571028080122020	0.020517638531565865
G/r44/117/sp_thrust	4649149364663825214	675.0893640905631
G/r44/118/s	4612496666360314597	2.3600000000000017
G/r44/118/nu_lp	4606815042919788195	0.9592130839077594
G/r44/118/nu_hp	4606660258425525489	0.9420285529692177
G/r44/118/Tt4	4653872080561897472	1400.0
G/r44/118/slip	4607264573684694117	1.0182420489107014
G/r44/118/pi_lpc	4613442366573098497	2.77997526025024
G/r44/118/pi_hpc	4617808904431968813	5.4382152155526855
G/r44/118/phi_lp	4606356468295187250	0.9083010732336787
G/r44/118/phi_hp	4606956253452632652	0.9748906023961097
G/r44/118/mdot_air	4606022780388894880	0.8712542735732036
G/r44/118/f	4583169810402774365	0.026064528987729364
G/r44/118/Phi_lp	4577033059543602259	0.010199198712237989
G/r44/118/Phi_hp	4581435048778194228	0.020045865556963707
G/r44/118/sp_thrust	4649150471959183689	675.2152489982919
G/r44/119/s	4612541702356588302	2.3800000000000017
G/r44/119/nu_lp	4606816848915307026	0.959413589688497
G/r44/119/nu_hp	4606663827861146339	0.9424248399303362
G/r44/119/Tt4	4653872080561897472	1400.0
G/r44/119/slip	4607263603552199873	1.018026636224292
G/r44/119/pi_lpc	4613444687507215800	2.781005962048507
G/r44/119/pi_hpc	4617812593663173377	5.4414919110938635
G/r44/119/phi_lp	4606362760873384099	0.9089996897535183
G/r44/119/phi_hp	4606958897307491214	0.975184129249884
G/r44/119/mdot_air	4606030457961599134	0.8721066553721533
G/r44/119/f	4583168384964029665	0.026059583503621368
G/r44/119/Phi_lp	4576833647952496509	0.009853274743764956
G/r44/119/Phi_hp	4581302085741240682	0.01958455735368273
G/r44/119/sp_thrust	4649151549293842254	675.3377277687921
G/r44/120/s	4612586738352862007	2.4000000000000017
G/r44/120/nu_lp	4606818593608731558	0.9596072895695797
G/r44/120/nu_hp	4606667315121792153	0.9428120036365214
G/r44/120/Tt4	4653872080561897472	1400.0
G/r44/120/slip	4607262646080936567	1.0178140348959042
G/r44/120/pi_lpc	4613446930704840812	2.782002141909336
G/r44/120/pi_hpc	4617816206702541044	5.444700934689752
G/r44/120/phi_lp	4606368908134308618	0.9096821728151963
G/r44/120/phi_hp	4606961481008539072	0.975470977689092
G/r44/120/mdot_air	4606037942843774809	0.8729376442249573
G/r44/120/f	4583166996211340417	0.02605476529983664
G/r44/120/Phi_lp	4576640693793981106	0.009518552635200937
G/r44/120/Phi_hp	4581172078913661390	0.019133505562004598
G/r44/120/sp_thrust	4649152597507759473	675.4568958942965
G/r44/121/s	4612631774349135712	2.4200000000000017
G/r44/121/nu_lp	4606820278987933921	0.9597944042491485
G/r44/121/nu_hp	4606670722036532434	0.9431902471552809
G/r44/121/Tt4	4653872080561897472	1400.0
G/r44/121/slip	4607261701294642729	1.0176042501965503
G/r44/121/pi_lpc	4613449098615761072	2.7829648877569397
G/r44/121/pi_hpc	4617819744989122469	5.447843564474089
G/r44/121/phi_lp	4606374913271529363	0.9103488769760467
G/r44/121/phi_hp	4606964005888695107	0.9757512956974569
G/r44/121/mdot_air	4606045239700290846	0.8737477580361064
G/r44/121/f	4583165643209349968	0.026050071131204888
G/r44/121/Phi_lp	4576454005366058027	0.009194699836589567
G/r44/121/Phi_hp	4581044969032476678	0.018692504572165113
G/r44/121/sp_thrust	4649153617416771048	675.5728461245862
G/r44/122/s	4612676810345409417	2.4400000000000017
G/r44/122/nu_lp	4606821906981609518	0.9599751478554077
G/r44/122/nu_hp	4606674050397648757	0.9435597694698418
G/r44/122/Tt4	4653872080561897472	1400.0
G/r44/122/slip	4607260769207031813	1.017397285171229
G/r44/122/pi_lpc	4613451193621672194	2.783895257276641
G/r44/122/pi_hpc	4617823209939722425	5.4509210588222965
G/r44/122/phi_lp	4606380779419024939	0.9110001501775903
G/r44/122/phi_hp	4606966473253352122	0.9760252282026933
G/r44/122/mdot_air	4606052353098314555	0.8745375038630309
G/r44/122/f	4583164325044919143	0.02604549782963819
G/r44/122/Phi_lp	4576273395631681569	0.00888139189037679
G/r44/122/Phi_hp	4580920697641491093	0.01826135157349514
G/r44/122/sp_thrust	4649154609813280556	675.6856685455182
G/r44/123/s	4612721846341683122	2.4600000000000017
G/r44/123/nu_lp	4606823479460727112	0.9601497281076172
G/r44/123/nu_hp	4606677301961142937	0.9439207655355687
G/r44/123/Tt4	4653872080561897472	1400.0
G/r44/123/slip	4607259849822260698	1.0171931407429526
G/r44/123/pi_lpc	4613453218037508458	2.7847942785057755
G/r44/123/pi_hpc	4617826602949061530	5.4539346564951305
G/r44/123/phi_lp	4606386509651640358	0.9116363337961999
G/r44/123/phi_hp	4606968884380832028	0.9762929171270431
G/r44/123/mdot_air	4606059287508314523	0.8753073780274464
G/r44/123/f	4583163040826725013	0.02604104230273892
G/r44/123/Phi_lp	4576098682168724874	0.008578312344616607
G/r44/123/Phi_hp	4580799207103560283	0.017839846596979885
G/r44/123/sp_thrust	4649155575466931585	675.795450655438
G/r44/124/s	4612766882337956827	2.4800000000000018
G/r44/124/nu_lp	4606824998239962648	0.9603183464752787
G/r44/124/nu_hp	4606680478447252299	0.9442734263371703
G/r44/124/Tt4	4653872080561897472	1400.0
G/r44/124/slip	4607258943135384411	1.0169918158137168
G/r44/124/pi_lpc	4613455174112784951	2.7856629504297206
G/r44/124/pi_hpc	4617829925389944125	5.456885576787781
G/r44/124/phi_lp	4606392106985584272	0.9122577626983048
G/r44/124/phi_hp	4606971240522840050	0.9765545014377024
G/r44/124/mdot_air	4606066047305126349	0.8760578662336741
G/r44/124/f	4583161789684858251	0.026036701532402822
G/r44/124/Phi_lp	4575929687115947022	0.008285152659238928
G/r44/124/Phi_hp	4580680440611064931	0.017427792551597664
G/r44/124/sp_thrust	4649156515125261652	675.9022774395221
G/r44/125/s	4612811918334230532	2.5000000000000018
G/r44/125/nu_lp	4606826465079115608	0.9604811983353825
G/r44/125/nu_hp	4606683581540970962	0.9446179389465732
G/r44/125/Tt4	4653872080561897472	1400.0
G/r44/125/slip	4607258049132797234	1.016793307362445
G/r44/125/pi_lpc	4613457064032947914	2.7865022435815705
G/r44/125/pi_hpc	4617833178613431957	5.459775019684135
G/r44/125/phi_lp	4606397574378963763	0.9128647652997642
G/r44/125/phi_hp	4606973542904917689	0.9768101171971103
G/r44/125/mdot_air	4606072636769075165	0.8767894436932654
G/r44/125/f	4583160570770419852	0.026032472573419826
G/r44/125/Phi_lp	4575766237115355048	0.008001612106063608
G/r44/125/Phi_hp	4580564342194694395	0.017024995254794267
G/r44/125/sp_thrust	4649157429514338273	676.0062314420903
G/r44/126/s	4612856954330504237	2.520000000000002
G/r44/126/nu_lp	4606827881684506849	0.9606384731275989
G/r44/126/nu_hp	4606686612892576112	0.9449544865813504
G/r44/126/Tt4	4653872080561897472	1400.0
G/r44/126/slip	4607257167792660333	1.0165976105399424
G/r44/126/pi_lpc	4613458889920730405	2.787313100644172
G/r44/126/pi_hpc	4617836363949023336	5.4626041660159
G/r44/126/phi_lp	4606402914732353388	0.9134576636290439
G/r44/126/phi_hp	4606975792726893789	0.9770598976130277
G/r44/126/mdot_air	4606079060087149331	0.8775025752553084
G/r44/126/f	4583159383255117793	0.0260283525520747
G/r44/126/Phi_lp	4575559105094227139	0.00772739766319325
G/r44/126/Phi_hp	4580450856730639692	0.016631263457438636
G/r44/126/sp_thrust	4649158319339377664	676.1073928369442
G/r44/127/s	4612901990326777942	2.540000000000002
G/r44/127/nu_lp	4606829249710356947	0.960790354507305
G/r44/127/nu_hp	4606689574118158294	0.9452832486635951
G/r44/127/Tt4	4653872080561897472	1400.0
G/r44/127/slip	4607256299085316085	1.0164047187608933
G/r44/127/pi_lpc	4613460653837510222	2.788096437053162
G/r44/127/pi_hpc	4617839482704837383	5.465374177626251
G/r44/127/phi_lp	4606408130889395317	0.9140367733938449
G/r44/127/phi_hp	4606977991163333493	0.9773039730883811
G/r44/127/mdot_air	4606085321354219639	0.8781977155417867
G/r44/127/f	4583158226330864308	0.026024338664749805
G/r44/127/Phi_lp	4575253380565265057	0.007462223904407012
G/r44/127/Phi_hp	4580339929946292281	0.016246408863594495
G/r44/127/sp_thrust	4649159185285346376	676.2058394957648
G/r44/128/s	4612947026323051647	2.560000000000002
G/r44/128/nu_lp	4606830570760144215	0.9609370204963551
G/r44/128/nu_hp	4606692466800154826	0.945604400879142
G/r44/128/Tt4	4653872080561897472	1400.0
G/r44/128/slip	4607255442973689290	1.01621462379295
G/r44/128/pi_lpc	4613462357784667654	2.7888531415999323
G/r44/128/pi_hpc	4617842536167803088	5.468086197537744
G/r44/128/phi_lp	4606413225637427776	0.9146024040508749
G/r44/128/phi_hp	4606980139363984602	0.9775424712708187
G/r44/128/mdot_air	4606091424574299170	0.8788753090874517
G/r44/128/f	4583157099209374288	0.026020428176531774
G/r44/128/Phi_lp	4574957758785948548	0.007205812884111821
G/r44/128/Phi_hp	4580231508424536545	0.015870246145412884
G/r44/128/sp_thrust	4649160028017546339	676.3016470546248
G/r44/129/s	4612992062319325352	2.580000000000002
G/r44/129/nu_lp	4606831846387941634	0.9610786436315097
G/r44/129/nu_hp	4606695292487885478	0.9459181152370391
G/r44/129/Tt4	4653872080561897472	1400.0
G/r44/129/slip	4607254599413675461	1.0160273158429487
G/r44/129/pi_lpc	4613464003704940487	2.789584077033371
G/r44/129/pi_hpc	4617845525603852962	5.470741350124316
G/r44/129/phi_lp	4606418201708138813	0.9151548588784305
G/r44/129/phi_hp	4606982238454221019	0.9777755171019423
G/r44/129/mdot_air	4606097373661838935	0.8795357904836675
G/r44/129/f	4583156001121765347	0.026016618419823955
G/r44/129/Phi_lp	4574671927794276549	0.006957894018404247
G/r44/129/Phi_hp	4580090258177656192	0.015502592953455574
G/r44/129/sp_thrust	4649160848182183679	676.3948889786551
G/r44/130/s	4613037098315599057	2.600000000000002
G/r44/130/nu_lp	4606833078099732046	0.9612153911104515
G/r44/130/nu_hp	4606698052698089622	0.9462245601291837
G/r44/130/Tt4	4653872080561897472	1400.0
G/r44/130/slip	4607253768354516390	1.0158427836403034
G/r44/130/pi_lpc	4613465593483774101	2.790290080659427
G/r44/130/pi_hpc	4617848452258120786	5.47334074128692
G/r44/130/phi_lp	4606423061778242903	0.9156944350515158
G/r44/130/phi_hp	4606984289535483035	0.9780032328661891
G/r44/130/mdot_air	4606103172443054598	0.8801795845257068
G/r44/130/f	4583154931318160040	0.026012906792966334
G/r44/130/Phi_lp	4574395583974662186	0.006718203962741179
G/r44/130/Phi_hp	4579883122553051640	0.015143269922742938
G/r44/130/sp_thrust	4649161646406921652	676.4856366249064
G/r44/131/s	4613082134311872762	2.620000000000002
G/r44/131/nu_lp	4606834267354701041	0.9613474249353243
G/r44/131/nu_hp	4606700748915464105	0.9465239003900382
G/r44/131/Tt4	4653872080561897472	1400.0
G/r44/131/slip	4607252949739163222	1.0156610145176237
G/r44/131/pi_lpc	4613467128950664581	2.790971964937571
G/r44/131/pi_hpc	4617851317355143312	5.475885458632675
G/r44/131/phi_lp	4606427808470177856	0.9162214237192146
G/r44/131/phi_hp	4606986293685714030	0.9782257382393149
G/r44/131/mdot_air	4606108824657280197	0.8808071063630442
G/r44/131/f	4583153889067290674	0.02600929075886444
G/r44/131/Phi_lp	4574128431913538564	0.00648648648669781
G/r44/131/Phi_hp	4579680687264196312	0.014792100674799455
G/r44/131/sp_thrust	4649162423301418153	676.573959303457
G/r44/132/s	4613127170308146467	2.640000000000002
G/r44/132/nu_lp	4606835415566507050	0.9614749020537421
G/r44/132/nu_hp	4606703382593201155	0.9468162973563498
G/r44/132/Tt4	4653872080561897472	1400.0
G/r44/132/slip	4607252143504627241	1.0154819944886049
G/r44/132/pi_lpc	4613468611880493013	2.7916305180733425
G/r44/132/pi_hpc	4617854122099065591	5.478376571657228
G/r44/132/phi_lp	4606432444352819769	0.9167361100840657
G/r44/132/phi_hp	4606988251959793487	0.9784431503364689
G/r44/132/mdot_air	4606114333958344889	0.8814187616522055
G/r44/132/f	4583152873656107067	0.026005767843628496
G/r44/132/Phi_lp	4573870184252112259	0.0062624923462516495
G/r44/132/Phi_hp	4579482852356449583	0.014448911815963498
G/r44/132/sp_thrust	4649163179457848125	676.6599243368033
G/r44/133/s	4613172206304420172	2.660000000000002
G/r44/133/nu_lp	4606836524104528249	0.9615979744972228
G/r44/133/nu_hp	4606705955153525658	0.9471019089267998
G/r44/133/Tt4	4653872080561897472	1400.0
G/r44/133/slip	4607251349582318620	1.015305708323246
G/r44/133/pi_lpc	4613470043994849123	2.7922665046061623
G/r44/133/pi_hpc	4617856867673849670	5.48081513193012
G/r44/133/phi_lp	4606436971942213614	0.9172387734831753
G/r44/133/phi_hp	4606990165389965902	0.9786555837598117
G/r44/133/mdot_air	4606119703915968801	0.8820149467117383
G/r44/133/f	4583151884389387708	0.026002335635224347
G/r44/133/Phi_lp	4573620561536763908	0.006045979154025719
G/r44/133/Phi_hp	4579289519592817148	0.014113532932214838
G/r44/133/sp_thrust	4649163915451411250	676.7435971175785
G/r44/134/s	4613217242300693877	2.680000000000002
G/r44/134/nu_lp	4606837594295085922	0.9617167895170093
G/r44/134/nu_hp	4606708467988231215	0.9473808896215185
G/r44/134/Tt4	4653872080561897472	1400.0
G/r44/134/slip	4607250567898373347	1.0151321396204416
G/r44/134/pi_lpc	4613471426963342835	2.7928806659917824
G/r44/134/pi_hpc	4617859555243486303	5.483202173282819
G/r44/134/phi_lp	4606441393702317647	0.9177296874708619
G/r44/134/phi_hp	4606992034986265543	0.9788631506456732
G/r44/134/mdot_air	4606124938017174584	0.8825960486789262
G/r44/134/f	4583150920589354577	0.025998991782137108
G/r44/134/Phi_lp	4573379292067523472	0.005836711247861795
G/r44/134/Phi_hp	4579100592449104541	0.013785796580767335
G/r44/134/sp_thrust	4649164631840825288	676.8250411646377
G/r44/135/s	4613262278296967582	2.700000000000002
G/r44/135/nu_lp	4606838627422644033	0.9618314897172483
G/r44/135/nu_hp	4606710922459214404	0.9476533906413995
G/r44/135/Tt4	4653872080561897472	1400.0
G/r44/135/slip	4607249798373968594	1.014961270878008
G/r44/135/pi_lpc	4613472762404902268	2.793473721178712
G/r44/135/pi_hpc	4617862185952209517	5.485538711999294
G/r44/135/phi_lp	4606445712045759524	0.918209119902603
G/r44/135/phi_hp	4606993861736936702	0.9790659607112102
G/r44/135/mdot_air	4606130039667711416	0.8831624456678844
G/r44/135/f	4583149981595291976	0.025995733992048714
G/r44/135/Phi_lp	4573146111745049935	0.0056344595580964515
G/r44/135/Phi_hp	4578915976107334520	0.013465538278649922
G/r44/135/sp_thrust	4649165329168805436	676.9043181775555
G/r44/136/s	4613307314293241287	2.720000000000002
G/r44/136/nu_lp	4606839624730984795	0.9619422131855048
G/r44/136/nu_hp	4606713319899006736	0.9479195599271595
G/r44/136/Tt4	4653872080561897472	1400.0
G/r44/136/slip	4607249040925626761	1.0147930835601946
G/r44/136/pi_lpc	4613474051889056861	2.7940463671780393
G/r44/136/pi_hpc	4617864760924713772	5.487825747008895
G/r44/136/phi_lp	4606449929334602362	0.9186773330200844
G/r44/136/phi_hp	4606995646608849397	0.9792641213005583
G/r44/136/mdot_air	4606135012193488374	0.8837145069286965
G/r44/136/f	4583149066763169629	0.025992560030530288
G/r44/136/Phi_lp	4572920763916503809	0.005439001473876771
G/r44/136/Phi_hp	4578735577447557935	0.013152596488500727
G/r44/136/sp_thrust	4649166007962530054	676.9814880895726
G/r44/137/s	4613352350289514992	2.740000000000002
G/r44/137/nu_lp	4606840587424360093	0.9620490936205958
G/r44/137/nu_hp	4606715661611303814	0.9481795422180859
G/r44/137/Tt4	4653872080561897472	1400.0
G/r44/137/slip	4607248295465508439	1.0146275581627344
G/r44/137/pi_lpc	4613475296937204532	2.794599279626164
G/r44/137/pi_hpc	4617867281266373381	5.490064260081231
G/r44/137/phi_lp	4606454047881118952	0.9191345835371552
G/r44/137/phi_hp	4606997390547910229	0.9794577374304462
G/r44/137/mdot_air	4606139858842014237	0.8842525930072643
G/r44/137/f	4583148175465270291	0.025989467719750147
G/r44/137/Phi_lp	4572702999220672024	0.005250120708827598
G/r44/137/Phi_hp	4578559305038176984	0.012846812601780597
G/r44/137/sp_thrust	4649166668734093108	677.0566091190326
G/r44/138/s	4613397386285788697	2.760000000000002
G/r44/138/nu_lp	4606841516668618673	0.9621522604577334
G/r44/138/nu_hp	4606717948871491249	0.9484334791104257
G/r44/138/Tt4	4653872080561897472	1400.0
G/r44/138/slip	4607247561901694567	1.014464674275496
G/r44/138/pi_lpc	4613476499023861834	2.7951331133399764
G/r44/138/pi_hpc	4617869748063463989	5.492255216022888
G/r44/138/phi_lp	4606458069948572685	0.9195811227265281
G/r44/138/phi_hp	4606999094479468384	0.9796469118352711
G/r44/138/mdot_air	4606144582783841156	0.8847770559055879
G/r44/138/f	4583147307089822127	0.025986454937198363
G/r44/138/Phi_lp	4572492575432679513	0.00506760716636031
G/r44/138/Phi_hp	4578387069124899895	0.012548030919612525
G/r44/138/sp_thrust	4649167311980943649	677.129737819345
G/r44/139/s	4613442422282062402	2.780000000000002
G/r44/139/nu_lp	4606842413592309055	0.9622518389909728
G/r44/139/nu_hp	4606720182927166928	0.9486815091153691
G/r44/139/Tt4	4653872080561897472	1400.0
G/r44/139/slip	4607246840138458011	1.0143044106427854
G/r44/139/pi_lpc	4613477659577896137	2.7956485028640583
G/r44/139/pi_hpc	4617872162383386050	5.494399562875914
G/r44/139/phi_lp	4606461997752003474	0.9200171965070345
G/r44/139/phi_hp	4607000759308716504	0.9798317450116043
G/r44/139/mdot_air	4606149187114009838	0.8852882392422126
G/r44/139/f	4583146461040635988	0.02598351961442831
G/r44/139/Phi_lp	4572289257308606321	0.004891256804899644
G/r44/139/Phi_hp	4578218781618423416	0.012256098631414178
G/r44/139/sp_thrust	4649167938186312730	677.2009291275201
G/r44/140/s	4613487458278336107	2.800000000000002
G/r44/140/nu_lp	4606843279287758176	0.9623479504929655
G/r44/140/nu_hp	4606722364998659246	0.948923767716584
G/r44/140/Tt4	4653872080561897472	1400.0
G/r44/140/slip	4607246130076524840	1.0141467452213622
G/r44/140/pi_lpc	4613478779983739105	2.7961460630095734
G/r44/140/pi_hpc	4617874525274889692	5.496498232117542
G/r44/140/phi_lp	4606465833459017451	0.9204430455312979
G/r44/140/phi_hp	4607002385921086461	0.9800123352621309
G/r44/140/mdot_air	4606153674853493559	0.8857864784125472
G/r44/140/f	4583145636736747854	0.02598065973581614
G/r44/140/Phi_lp	4572092816430284365	0.004720871503266344
G/r44/140/Phi_hp	4578054356080967333	0.011970865791539007
G/r44/140/sp_thrust	4649168547819628003	677.2702364113032
G/r44/141/s	4613532494274609812	2.820000000000002
G/r44/141/nu_lp	4606844114812125818	0.9624407123320247
G/r44/141/nu_hp	4606724496279540961	0.9491603874272664
G/r44/141/Tt4	4653872080561897472	1400.0
G/r44/141/slip	4607245431613325540	1.013991655236219
G/r44/141/pi_lpc	4613479861582580745	2.796626389384532
G/r44/141/pi_hpc	4617876837768301232	5.4985521388613705
G/r44/141/phi_lp	4606469579190579099	0.9208589052736785
G/r44/141/phi_hp	4607003975182639836	0.9801887787390018
G/r44/141/mdot_air	4606158048950639523	0.8862721007488868
G/r44/141/f	4583144833612066496	0.025977873337338364
G/r44/141/Phi_lp	4571903031050545230	0.004556258926451019
G/r44/141/Phi_hp	4577893707711735249	0.01169218529405472
G/r44/141/sp_thrust	4649169141336916408	677.3377115149551
G/r44/142/s	4613577530270883517	2.840000000000002
G/r44/142/nu_lp	4606844921188434905	0.9625302380865107
G/r44/142/nu_hp	4606726577937138355	0.9493914978466677
G/r44/142/Tt4	4653872080561897472	1400.0
G/r44/142/slip	4607244744643236442	1.0138391172341898
G/r44/142/pi_lpc	4613480905673543355	2.797090058915129
G/r44/142/pi_hpc	4617879100875750736	5.5005621820594826
G/r44/142/phi_lp	4606473237021804453	0.9212650061183366
G/r44/142/phi_hp	4607005527940453017	0.9803611694865878
G/r44/142/mdot_air	4606162312282604977	0.8867454256798536
G/r44/142/f	4583144051115026564	0.02597515850536826
G/r44/142/Phi_lp	4571719685939158567	0.004397232391987005
G/r44/142/Phi_hp	4577736753331409888	0.011419912845846925
G/r44/142/sp_thrust	4649169719181195198	677.4034048037063
G/r44/143/s	4613622566267157222	2.860000000000002
G/r44/143/nu_lp	4606845699406577796	0.9626166376565526
G/r44/143/nu_hp	4606728611113035407	0.9496172257160697
G/r44/143/Tt4	4653872080561897472	1400.0
G/r44/143/slip	4607244069057811593	1.0136891071354361
G/r44/143/pi_lpc	4613481913514834914	2.7975376303579518
G/r44/143/pi_hpc	4617881315591400659	5.502529244705516
G/r44/143/phi_lp	4606476808982754490	0.9216615734473159
G/r44/143/phi_hp	4607007045022996931	0.9805295994836388
G/r44/143/mdot_air	4606166467656786719	0.8872067648891039
G/r44/143/f	4583143288708247191	0.025972513375491415
G/r44/143/Phi_lp	4571542572229690427	0.004243610737121146
G/r44/143/Phi_hp	4577583411365768098	0.011153906938195682
G/r44/143/sp_thrust	4649170281782851666	677.4673652069271
G/r44/144/s	4613667602263430927	2.880000000000002
G/r44/144/nu_lp	4606846450424298736	0.9627000173731215
G/r44/144/nu_hp	4606730596923572718	0.9498376949741762
G/r44/144/Tt4	4653872080561897472	1400.0
G/r44/144/slip	4607243404746005353	1.0135416002828725
G/r44/144/pi_lpc	4613482886324881472	2.797969644802862
G/r44/144/pi_hpc	4617883482891675270	5.504454194038436
G/r44/144/phi_lp	4606480297059227451	0.9220488277285094
G/r44/144/phi_hp	4607008527240511222	0.9806941586848257
G/r44/144/mdot_air	4606170517812242194	0.8876564224731018
G/r44/144/f	4583142545868196199	0.02596993613134071
G/r44/144/Phi_lp	4571371487267472540	0.0040952181869481595
G/r44/144/Phi_hp	4577433601828492312	0.010894028816958154
G/r44/144/sp_thrust	4649170829560011843	677.5296402600437
G/r44/145/s	4613712638259704632	2.900000000000002
G/r44/145/nu_lp	4606847175168152650	0.9627804801044786
G/r44/145/nu_hp	4606732536460340953	0.9500530268118964
G/r44/145/Tt4	4653872080561897472	1400.0
G/r44/145/slip	4607242751594385945	1.013396571489585
G/r44/145/pi_lpc	4613483825283438105	2.798386626166359
G/r44/145/pi_hpc	4617885603735490758	5.506337881746907
G/r44/145/phi_lp	4606483703193549213	0.922426984603408
G/r44/145/phi_hp	4607009975385372932	0.980854935061672
G/r44/145/mdot_air	4606174465421100713	0.888094695097796
G/r44/145/f	4583141822084859995	0.025967425003451044
G/r44/145/Phi_lp	4571206234458876389	0.003951884223676737
G/r44/145/Phi_hp	4577287246303259829	0.01064014245149845
G/r44/145/sp_thrust	4649171362918898488	677.5902761452371
G/r44/146/s	4613757674255978337	2.920000000000002
G/r44/146/nu_lp	4606847874534440500	0.9628581253600204
G/r44/146/nu_hp	4606734430790668578	0.9502633397264939
G/r44/146/Tt4	4653872080561897472	1400.0
G/r44/146/slip	4607242109487340237	1.0132539950843011
G/r44/146/pi_lpc	4613484731532678229	2.798789081675333
G/r44/146/pi_hpc	4617887679064485686	5.50818114417398
G/r44/146/phi_lp	4606487029285360838	0.9227962549745363
G/r44/146/phi_hp	4607011390232459594	0.9810120146428656
G/r44/146/mdot_air	4606178313089963265	0.8885218721540299
G/r44/146/f	4583141116861419234	0.02596497826813405
G/r44/146/Phi_lp	4570939624463065121	0.0038134434571723973
G/r44/146/Phi_hp	4577144267925190596	0.010392114502504664
G/r44/146/sp_thrust	4649171882254178664	677.6493177309576
G/r44/147/s	4613802710252252042	2.940000000000002
G/r44/147/nu_lp	4606848549390121447	0.962933049391549
G/r44/147/nu_hp	4606736280958103714	0.9504687495750839
G/r44/147/Tt4	4653872080561897472	1400.0
G/r44/147/slip	4607241478307269973	1.0131138449549628
G/r44/147/pi_lpc	4613485606178260975	2.7991775023410734
G/r44/147/pi_hpc	4617889709803251837	5.509984802522124
G/r44/147/phi_lp	4606490277192402395	0.9231568450924742
G/r44/147/phi_hp	4607012772539506713	0.9811654815539469
G/r44/147/mdot_air	4606182063361289955	0.8889382359115782
G/r44/147/f	4583140429713930280	0.025962594246372955
G/r44/147/Phi_lp	4570631314897601286	0.0036797354969028166
G/r44/147/Phi_hp	4577004591361708684	0.010149814288788826
G/r44/147/sp_thrust	4649172387949301140	677.7068086102831
G/r44/148/s	4613847746248525747	2.960000000000002
G/r44/148/nu_lp	4606849200573702077	0.9630053452919963
G/r44/148/nu_hp	4606738087982889922	0.9506693696274555
G/r44/148/Tt4	4653872080561897472	1400.0
G/r44/148/slip	4607240857934779737	1.012976094590462
G/r44/148/pi_lpc	4613486450290376488	2.7995523634234765
G/r44/148/pi_hpc	4617891696859565122	5.511749663058312
G/r44/148/phi_lp	4606493448731292353	0.9235089566423867
G/r44/148/phi_hp	4607014123047459612	0.9813154180563717
G/r44/148/mdot_air	4606185718714773649	0.8893440616716523
G/r44/148/f	4583139760171012499	0.025960271302737658
G/r44/148/Phi_lp	4570333559841469267	0.0035506048254120653
G/r44/148/Phi_hp	4576868142792896020	0.009913113753206061
G/r44/148/sp_thrust	4649172880376823986	677.7627911381626
G/r44/149/s	4613892782244799452	2.980000000000002
G/r44/149/nu_lp	4606849828896102983	0.9630751030916337
G/r44/149/nu_hp	4606739852862435780	0.9508653106182057
G/r44/149/Tt4	4653872080561897472	1400.0
G/r44/149/slip	4607240248248856856	1.0128407171205875
G/r44/149/pi_lpc	4613487264904769033	2.7999141248853943
G/r44/149/pi_hpc	4617893641124616465	5.513476517319092
G/r44/149/phi_lp	4606496545678301814	0.9238527868299815
G/r44/149/phi_hp	4607015442480819623	0.981461904585946
G/r44/149/mdot_air	4606189281568698959	0.8897396179177778
G/r44/149/f	4583139107773541443	0.02595800784432024
G/r44/149/Phi_lp	4570046011644394010	0.003425900673426752
G/r44/149/Phi_hp	4576734849891391078	0.009681887427784374
G/r44/149/sp_thrust	4649173359898732554	677.8173064675659
G/r44/150/s	4613937818241073157	3.000000000000002
G/r44/150/nu_lp	4606850435141502999	0.9631424098518008
G/r44/150/nu_hp	4606741576571778113	0.9510566807981676
G/r44/150/Tt4	4653872080561897472	1400.0
G/r44/150/slip	4607239649127043515	1.0127076853542423
G/r44/150/pi_lpc	4613488051023737824	2.800263231837093
G/r44/150/pi_hpc	4617895543473242451	5.515166142315439
G/r44/150/phi_lp	4606499569770122957	0.9241885284668229
G/r44/150/phi_hp	4607016731547984663	0.9816050197906375
G/r44/150/mdot_air	4606192754281285487	0.8901251664649247
G/r44/150/f	4583138472074347908	0.02595580231969087
G/r44/150/Phi_lp	4569768333320649387	0.0033054768966843304
G/r44/150/Phi_hp	4576604641801900206	0.00945601239818247
G/r44/150/sp_thrust	4649173826866748128	677.8703945845737
census/G/r44/close_bracket_fails	0	0
census/G/r44/close_calls	601	601
census/G/r44/close_nonreal_propagated	0	0
census/G/r44/eig_complex	0	0
census/G/r44/eig_real	0	0
census/G/r44/hi_wall_literal	601	601
census/G/r44/hi_wall_map	0	0
census/G/r44/illinois_calls	601	601
census/G/r44/illinois_evals	5375	5375
census/G/r44/illinois_exhausted	0	0
census/G/r44/instant_calls	601	601
census/G/r44/integrate_calls	1	1
census/G/r44/match_calls	1	1
census/G/r44/powers_calls	0	0
H/sigma_crit	4608304483503988951	1.2491484138936835
H/bisect/elo	4563588374405968896	0.0012892359721086155
H/bisect/ehi	13798025164476992128	-0.006941587468491606
H/bisect/0/mid	4608867049937123155	1.3740632552830518
H/bisect/0/exc	13794873629454965888	-0.0042080665744556045
H/bisect/1/mid	4607460633854287645	1.061776151809631
H/bisect/1/exc	13792494142586849536	-0.003025220354502811
H/bisect/2/mid	4606332432825722372	0.9056326000729205
H/bisect/2/exc	13790663384138578432	-0.0022312554397381223
H/bisect/3/mid	4605629224784304618	0.8275608242045653
H/bisect/3/exc	13789094187253026816	-0.0017519248853945513
H/bisect/4/mid	4605277620763595740	0.7885249362703877
H/bisect/4/exc	13787870936582629888	-0.0014866746785268115
H/bisect/5/mid	4605101818753241302	0.7690069923032989
H/bisect/5/exc	13787305365611900928	-0.0013640360234949966
H/bisect/6/mid	4605013917748064082	0.7592480203197545
H/bisect/6/exc	13787049108950875648	-0.0013084692177754986
H/bisect/7/mid	4604969967245475472	0.7543685343279822
H/bisect/7/exc	13786929342820943360	-0.001282499078122945
H/bisect/8/mid	4604947991994181168	0.7519287913320962
H/bisect/8/exc	13786869018162181632	-0.0012694182529061626
H/bisect/9/mid	4604937004368534016	0.7507089198341532
H/bisect/9/exc	4563534193176966144	0.0012774872908700718
H/bisect/10/mid	4604942498181357592	0.7513188555831247
H/bisect/10/exc	4563507111934615040	0.0012716149825119372
H/bisect/11/mid	4604945245087769380	0.7516238234576105
H/bisect/11/exc	4563493573665482240	0.0012686793383508421
H/bisect/12/mid	4604946618540975274	0.7517763073948533
H/bisect/12/exc	13786865238024265216	-0.001268598566157908
H/bisect/13/mid	4604945931814372327	0.7517000654262319
H/bisect/13/exc	13786863347519752704	-0.0012681886283379962
H/bisect/14/mid	4604945588451070854	0.7516619444419212
H/bisect/14/exc	4563491881492278784	0.0012683124067781604
H/bisect/15/mid	4604945760132721590	0.7516810049340765
H/bisect/15/exc	4563491035414887936	0.0012681289429891107
H/bisect/16/mid	4604945845973546958	0.7516905351801542
H/bisect/16/exc	13786863111186264576	-0.0012681373816817443
H/bisect/17/mid	4604945803053134274	0.7516857700571153
H/bisect/17/exc	13786862993017821184	-0.0012681117579851353
H/bisect/rho_star	4604945781592927932	0.7516833874955959
H/ref/0.5/slip_excursion	13791822512943471104	-0.002733947427120187
H/ref/0.5/0/err_linear	0	0.0
H/ref/0.5/0/err_instant	0	0.0
H/ref/0.5/1/err_linear	13778917327146524672	-0.0003745737795211035
H/ref/0.5/1/err_instant	13778803780281346048	-0.00036841839162582435
H/ref/0.5/2/err_linear	13783166559304848384	-0.0007215689827871907
H/ref/0.5/2/err_instant	13783065194363056128	-0.0007105789737766877
H/ref/0.5/3/err_linear	13785825553363732992	-0.0010431528926281297
H/ref/0.5/3/err_instant	13785758751420659200	-0.001028667530266758
H/ref/0.5/4/err_linear	13787200673440608768	-0.0013413345275835598
H/ref/0.5/4/err_instant	13787124011376383488	-0.0013247110922675054
H/ref/0.5/5/err_linear	13788476450752023040	-0.0016179746341121737
H/ref/0.5/5/err_instant	13788396268767905280	-0.001600587937837239
H/ref/0.5/6/err_linear	13789660826284646912	-0.0018747951392140694
H/ref/0.5/6/err_instant	13789583543246722560	-0.001858037051691297
H/ref/0.5/7/err_linear	13790391600518248704	-0.0021133880830951357
H/ref/0.5/7/err_instant	13790357656161250048	-0.002098667064854509
H/ref/0.5/8/err_linear	13790903119437793024	-0.0023352240526300916
H/ref/0.5/8/err_instant	13790877157126613760	-0.0023239646949567705
H/ref/0.5/9/err_linear	13791379128639789056	-0.0025416601370009673
H/ref/0.5/9/err_instant	13791364469407832576	-0.0025353027085472934
H/ref/0.5/10/err_linear	13791822512943471104	-0.002733947427120187
H/ref/0.5/10/err_instant	13791822512943471104	-0.002733947427120187
H/ref/0.5/11/err_linear	13791370614091367424	-0.0025379675402423807
H/ref/0.5/11/err_instant	13791370614091367424	-0.0025379675402423807
H/ref/0.5/12/err_linear	13790951764632772096	-0.002356320543061008
H/ref/0.5/12/err_instant	13790951764632772096	-0.002356320543061008
H/ref/0.5/13/err_linear	13790563510449732864	-0.00218794213156992
H/ref/0.5/13/err_instant	13790563510449732864	-0.00218794213156992
H/ref/0.5/14/err_linear	13790203581312987136	-0.0020318477507696997
H/ref/0.5/14/err_instant	13790203581312987136	-0.0020318477507696997
H/ref/0.5/15/err_linear	13789717695217821184	-0.001887126623392965
H/ref/0.5/15/err_instant	13789717695217821184	-0.001887126623392965
H/ref/0.5/16/err_linear	13789098851199223296	-0.001752936217514267
H/ref/0.5/16/err_instant	13789098851199223296	-0.001752936217514267
H/ref/0.5/17/err_linear	13788524977164704256	-0.0016284971225225542
H/ref/0.5/17/err_instant	13788524977164704256	-0.0016284971225225542
H/ref/0.5/18/err_linear	13787992747933430784	-0.0015130883047611565
H/ref/0.5/18/err_instant	13787992747933430784	-0.0015130883047611565
H/ref/0.5/19/err_linear	13787499087287994880	-0.0014060427159107158
H/ref/0.5/19/err_instant	13787499087287994880	-0.0014060427159107158
H/ref/0.5/20/err_linear	13787041149232059392	-0.001306743228888907
H/ref/0.5/20/err_instant	13787041149232059392	-0.001306743228888907
H/ref/0.5/21/err_linear	13786616300649559552	-0.0012146188776641642
H/ref/0.5/21/err_instant	13786616300649559552	-0.0012146188776641642
H/ref/0.5/22/err_linear	13786222105263772160	-0.0011291413789332738
H/ref/0.5/22/err_instant	13786222105263772160	-0.0011291413789332738
H/ref/0.5/23/err_linear	13785856308801348608	-0.0010498219150838484
H/ref/0.5/23/err_instant	13785856308801348608	-0.0010498219150838484
H/ref/0.5/24/err_linear	13785515191164619776	-0.0009762081592604721
H/ref/0.5/24/err_instant	13785515191164619776	-0.0009762081592604721
H/ref/3.0/slip_excursion	13783105756957459456	-0.0007149767790740613
H/ref/3.0/0/err_linear	0	0.0
H/ref/3.0/0/err_instant	0	0.0
H/ref/3.0/1/err_linear	13767606656338739200	-6.242558410440857e-05
H/ref/3.0/1/err_instant	13767524249723305984	-6.130876621091019e-05
H/ref/3.0/2/err_linear	13771872234746748928	-0.00012023495131530115
H/ref/3.0/2/err_instant	13771710096317046784	-0.0001180375658437205
H/ref/3.0/3/err_linear	13773915076198301696	-0.00017377091862602612
H/ref/3.0/3/err_instant	13773795481743179776	-0.00017052930442451597
H/ref/3.0/4/err_linear	13775744277989310464	-0.00022335153251917816
H/ref/3.0/4/err_instant	13775587502212128768	-0.0002191021165638407
H/ref/3.0/5/err_linear	13776974848534941696	-0.00026927180298685904
H/ref/3.0/5/err_instant	13776878543563282432	-0.0002640511000121526
H/ref/3.0/6/err_linear	13777759453428389888	-0.0003118053194878234
H/ref/3.0/6/err_instant	13777645906563211264	-0.0003056499315925443
H/ref/3.0/7/err_linear	13778486263209498624	-0.0003512057566709137
H/ref/3.0/7/err_instant	13778356151244886016	-0.00034415237293594636
H/ref/3.0/8/err_linear	13779159615863617536	-0.00038770827719314394
H/ref/3.0/8/err_instant	13779013617191231488	-0.0003797936733040963
H/ref/3.0/9/err_linear	13779783531995598848	-0.0004215308384802885
H/ref/3.0/9/err_instant	13779622326597494784	-0.00041279187633824765
H/ref/3.0/10/err_linear	13780361737281613824	-0.00045287540984229047
H/ref/3.0/10/err_instant	13780186006723182592	-0.00044334903718112884
H/ref/3.0/11/err_linear	13780897683377809408	-0.00048192910593380933
H/ref/3.0/11/err_instant	13780708110801207296	-0.0004716523559640251
H/ref/3.0/12/err_linear	13781204713571452928	-0.0005088652421643136
H/ref/3.0/12/err_instant	13781103348629660672	-0.0004978752331538105
H/ref/3.0/13/err_linear	13781435104874496000	-0.0005338443172924201
H/ref/3.0/13/err_instant	13781327504416220160	-0.0005221782522301099
H/ref/3.0/14/err_linear	13781648816038299648	-0.0005570149281004522
H/ref/3.0/14/err_instant	13781535323978142720	-0.0005447100942822525
H/ref/3.0/15/err_linear	13781847115702023168	-0.0005785146207216707
H/ref/3.0/15/err_instant	13781728076729106432	-0.0005656083894169939
H/ref/3.0/16/err_linear	13782031177887831040	-0.0005984706828942032
H/ref/3.0/16/err_instant	13781906937461881856	-0.0005850005089217403
H/ref/3.0/17/err_linear	13782202088800102400	-0.000617000881132812
H/ref/3.0/17/err_instant	13782072993148503040	-0.0006030043025405663
H/ref/3.0/18/err_linear	13782360853150986240	-0.0006342141465469631
H/ref/3.0/18/err_instant	13782227249264838656	-0.0006197287841855914
H/ref/3.0/19/err_linear	13782508400044435456	-0.0006502112127890758
H/ref/3.0/19/err_instant	13782370635675382784	-0.0006352747699672756
H/ref/3.0/20/err_linear	13782645588448693248	-0.0006650852093826876
H/ref/3.0/20/err_instant	13782504012105723904	-0.000649735471520696
H/ref/3.0/21/err_linear	13782773212285253632	-0.0006789222134686579
H/ref/3.0/21/err_instant	13782628173230708736	-0.0006631970476653759
H/ref/3.0/22/err_linear	13782892005160434688	-0.0006918017628033679
H/ref/3.0/22/err_instant	13782743853407070208	-0.0006757391175178373
H/ref/3.0/23/err_linear	13783002644763982848	-0.0007037973326563529
H/ref/3.0/23/err_instant	13782851731071536128	-0.0006874352373354986
H/ref/3.0/24/err_linear	13783105756957459456	-0.0007149767790740613
H/ref/3.0/24/err_instant	13782952432829008896	-0.000698353343758007
H/rho/0.5/slip_excursion	4571189782525180416	0.003937614445872928
H/rho/2.0/slip_excursion	13798031447583870848	-0.006947037194993899
census/H/close_bracket_fails	0	0
census/H/close_calls	2524	2524
census/H/close_nonreal_propagated	0	0
census/H/eig_complex	0	0
census/H/eig_real	0	0
census/H/hi_wall_literal	0	0
census/H/hi_wall_map	2524	2524
census/H/illinois_calls	2524	2524
census/H/illinois_evals	25416	25416
census/H/illinois_exhausted	0	0
census/H/instant_calls	2524	2524
census/H/integrate_calls	26	26
census/H/match_calls	103	103
census/H/powers_calls	0	0
I/acc/flow_press/ext_lp	13819533744234122076	-0.19411381082553703
I/acc/flow_press/ext_hp	13815385207623322136	-0.1019843946151372
I/acc/flow_press/s_lp	4602678819172646913	0.5000000000000001
I/acc/flow_press/s_hp	4602678819172646913	0.5000000000000001
I/acc/flow_press/min_phi_lp	4604943748906309976	0.7514577139470857
I/acc/flow_press/min_phi_hp	4606152660259815966	0.8856738358863969
I/acc/flow_press/ratio	4611250825599712562	1.9033677805126215
I/acc/flow_press/npts	151	151
I/dec/flow_press/ext_lp	4595549116714695328	0.17711100431138949
I/dec/flow_press/ext_hp	4591481284307885552	0.0946029871762375
I/dec/flow_press/s_lp	4602678819172646913	0.5000000000000001
I/dec/flow_press/s_hp	4602678819172646913	0.5000000000000001
I/dec/flow_press/min_phi_lp	4605280778987758659	0.7888755695886477
I/dec/flow_press/min_phi_hp	4606753178266861220	0.9523447276987622
I/dec/flow_press/ratio	4611110234256126850	1.8721502311702527
I/dec/flow_press/npts	151	151
I/band_is_none/flow_press	0	0
I/damping/flow_press	4593901469383944509	0.131379604234846
I/acc/press_flow/ext_lp	13819219864200516020	-0.185401889818548
I/acc/press_flow/ext_hp	13816351272606604224	-0.11539123946168584
I/acc/press_flow/s_lp	4602678819172646913	0.5000000000000001
I/acc/press_flow/s_hp	4602678819172646913	0.5000000000000001
I/acc/press_flow/min_phi_lp	4605074622264530414	0.7659875755077203
I/acc/press_flow/min_phi_hp	4606020541564204231	0.8710057141012378
I/acc/press_flow/ratio	4609914861404239731	1.6067241385348694
I/acc/press_flow/npts	151	151
I/dec/press_flow/ext_lp	4595219860248173200	0.16797230155789977
I/dec/press_flow/ext_hp	4592306010519674424	0.10604836254298611
I/dec/press_flow/s_lp	4602678819172646913	0.5000000000000001
I/dec/press_flow/s_hp	4602678819172646913	0.5000000000000001
I/dec/press_flow/min_phi_lp	4605412722626505334	0.8035242561575859
I/dec/press_flow/min_phi_hp	4606714146096120688	0.9480112862330383
I/dec/press_flow/ratio	4609812168302842931	1.5839216894066908
I/dec/press_flow/npts	151	151
I/band_is_none/press_flow	0	0
I/damping/press_flow	4594000711254677995	0.13413411948222573
I/acc/tilted/ext_lp	13819491592810194704	-0.19294387379141442
I/acc/tilted/ext_hp	13815942345868180336	-0.10971624095689747
I/acc/tilted/s_lp	4602678819172646913	0.5000000000000001
I/acc/tilted/s_hp	4602678819172646913	0.5000000000000001
I/acc/tilted/min_phi_lp	4604981007879858465	0.7555942909778289
I/acc/tilted/min_phi_hp	4606077379151879393	0.8773159539513494
I/acc/tilted/ratio	4610598721919331442	1.7585716764322368
I/acc/tilted/npts	151	151
I/dec/tilted/ext_lp	4595464227361777088	0.17475485145750547
I/dec/tilted/ext_hp	4591905990565260008	0.10049697049673123
I/dec/tilted/s_lp	4602678819172646913	0.5000000000000001
I/dec/tilted/s_hp	4602678819172646913	0.5000000000000001
I/dec/tilted/min_phi_lp	4605329853674720540	0.7943239543277829
I/dec/tilted/min_phi_hp	4606730937072435202	0.9498754590840692
I/dec/tilted/ratio	4610510158565418029	1.7389066615016973
I/dec/tilted/npts	151	151
I/band_is_none/tilted	0	0
I/damping/tilted	4593989294778508998	0.1338172486146531
I/acc/steep/ext_lp	13818844533104976772	-0.17498435921541156
I/acc/steep/ext_hp	13814997803046569464	-0.09660807610318745
I/acc/steep/s_lp	4602678819172646913	0.5000000000000001
I/acc/steep/s_hp	4602678819172646913	0.5000000000000001
I/acc/steep/min_phi_lp	4605175810816261206	0.7772217615037202
I/acc/steep/min_phi_hp	4606207875170817099	0.8918039224360056
I/acc/steep/ratio	4610836102981057124	1.8112808604998003
I/acc/steep/npts	151	151
I/dec/steep/ext_lp	4594891364713315768	0.15885471890076786
I/dec/steep/ext_hp	4590944177652516256	0.08714913498285748
I/dec/steep/s_lp	4602678819172646913	0.5000000000000001
I/dec/steep/s_hp	4602678819172646913	0.5000000000000001
I/dec/steep/min_phi_lp	4605485050871765121	0.811554304479401
I/dec/steep/min_phi_hp	4606783951017522388	0.95576118933027
I/dec/steep/ratio	4610887943141442105	1.8227916884317337
I/dec/steep/npts	151	151
I/band_is_none/steep	0	0
I/damping/steep	4595076879962186568	0.16400380141865356
I/acc/hp_only/ext_lp	13820682939303405672	-0.22601038146814578
I/acc/hp_only/ext_hp	13815344599772301496	-0.10142084747534141
I/acc/hp_only/s_lp	4602678819172646913	0.5000000000000001
I/acc/hp_only/s_hp	4602678819172646913	0.5000000000000001
I/acc/hp_only/min_phi_lp	4604518228208576512	0.7042154263392604
I/acc/hp_only/min_phi_hp	4606157736241193546	0.8862373830261927
I/acc/hp_only/ratio	4612200421977368488	2.2284410660549447
I/acc/hp_only/npts	151	151
I/dec/hp_only/ext_lp	4596651792427780236	0.20771640344543518
I/dec/hp_only/ext_hp	4591478923622946736	0.0945702260915755
I/dec/hp_only/s_lp	4602678819172646913	0.5000000000000001
I/dec/hp_only/s_hp	4602678819172646913	0.5000000000000001
I/dec/hp_only/min_phi_lp	4604887751618728909	0.74524076614818
I/dec/hp_only/min_phi_hp	4606757065210797235	0.9527762651640813
I/dec/hp_only/ratio	4612128328077265795	2.1964249429233305
I/dec/hp_only/npts	151	151
I/band_is_none/hp_only	1	1
I/damping/hp_only	0	0.0
census/I/shapes/close_bracket_fails	0	0
census/I/shapes/close_calls	6040	6040
census/I/shapes/close_nonreal_propagated	0	0
census/I/shapes/eig_complex	0	0
census/I/shapes/eig_real	0	0
census/I/shapes/hi_wall_literal	1208	1208
census/I/shapes/hi_wall_map	4832	4832
census/I/shapes/illinois_calls	6040	6040
census/I/shapes/illinois_evals	54322	54322
census/I/shapes/illinois_exhausted	0	0
census/I/shapes/instant_calls	6040	6040
census/I/shapes/integrate_calls	10	10
census/I/shapes/match_calls	280	280
census/I/shapes/powers_calls	0	0
I/rho/0.2/ext_lp	13819424559427314316	-0.1910833236641064
I/rho/0.2/ext_hp	13815611414397161552	-0.10512364422317089
I/rho/0.2/s_lp	4602678819172646913	0.5000000000000001
I/rho/0.2/s_hp	4602678819172646913	0.5000000000000001
I/rho/0.2/min_phi_lp	4604937272704729911	0.7507387111364555
I/rho/0.2/min_phi_hp	4606124384413086039	0.8825345862783632
I/rho/0.2/ratio	4610865015452367436	1.8177007187693048
I/rho/0.2/npts	151	151
I/rho/0.5/ext_lp	13819518374376401864	-0.19368721157738222
I/rho/0.5/ext_hp	13815483232823393584	-0.10334476754154731
I/rho/0.5/s_lp	4602678819172646913	0.5000000000000001
I/rho/0.5/s_hp	4602678819172646913	0.5000000000000001
I/rho/0.5/min_phi_lp	4604939443830383013	0.7509797545053983
I/rho/0.5/min_phi_hp	4606140407109807035	0.8843134629599868
I/rho/0.5/ratio	4611119397971526552	1.874184984735825
I/rho/0.5/npts	151	151
I/rho/1.0/ext_lp	13819533744234122076	-0.19411381082553703
I/rho/1.0/ext_hp	13815385207623322136	-0.1019843946151372
I/rho/1.0/s_lp	4602678819172646913	0.5000000000000001
I/rho/1.0/s_hp	4602678819172646913	0.5000000000000001
I/rho/1.0/min_phi_lp	4604943748906309976	0.7514577139470857
I/rho/1.0/min_phi_hp	4606152660259815966	0.8856738358863969
I/rho/1.0/ratio	4611250825599712562	1.9033677805126215
I/rho/1.0/npts	151	151
I/rho/2.0/ext_lp	13819519461226134400	-0.19371737771731645
I/rho/2.0/ext_hp	13815314716165484104	-0.10100612912099749
I/rho/2.0/s_lp	4602678819172646913	0.5000000000000001
I/rho/2.0/s_hp	4602678819172646913	0.5000000000000001
I/rho/2.0/min_phi_lp	4604947737045756069	0.7519004863709325
I/rho/2.0/min_phi_hp	4606161471692045720	0.8866521013805366
I/rho/2.0/ratio	4611316171358055364	1.9178774536073755
I/rho/2.0/npts	151	151
I/rho/5.0/ext_lp	13819496286076814784	-0.19307413810797236
I/rho/5.0/ext_hp	13815262894900834320	-0.10028696460625519
I/rho/5.0/s_lp	4602678819172646913	0.5000000000000001
I/rho/5.0/s_hp	4602678819172646913	0.5000000000000001
I/rho/5.0/min_phi_lp	4604950756398582919	0.7522357018737161
I/rho/5.0/min_phi_hp	4606167949350126943	0.8873712658952789
I/rho/5.0/ratio	4611349224342968609	1.92521669058403
I/rho/5.0/npts	151	151
census/I/rho/close_bracket_fails	0	0
census/I/rho/close_calls	3005	3005
census/I/rho/close_nonreal_propagated	0	0
census/I/rho/eig_complex	0	0
census/I/rho/eig_real	0	0
census/I/rho/hi_wall_literal	0	0
census/I/rho/hi_wall_map	3005	3005
census/I/rho/illinois_calls	3005	3005
census/I/rho/illinois_evals	28582	28582
census/I/rho/illinois_exhausted	0	0
census/I/rho/instant_calls	3005	3005
census/I/rho/integrate_calls	5	5
census/I/rho/match_calls	135	135
census/I/rho/powers_calls	0	0
I/ramp/5.0/ext_lp	13810275656679257856	-0.04678756541009754
I/ramp/5.0/ext_hp	13806191310345274848	-0.024848359765888506
I/ramp/5.0/s_lp	4614253070214989092	3.1400000000000023
I/ramp/5.0/s_hp	4613487458278336107	2.800000000000002
I/ramp/5.0/min_phi_lp	4605114592636847115	0.7704251782726045
I/ramp/5.0/min_phi_hp	4606578062449061678	0.9329029664090507
I/ramp/5.0/ratio	4611158753628350955	1.8829236960069646
I/ramp/5.0/npts	301	301
I/ramp/2.0/ext_lp	13815523534931938200	-0.103904071652137
I/ramp/2.0/ext_hp	13811174121327555696	-0.053021916281047576
I/ramp/2.0/s_lp	4611686018427387907	2.0000000000000013
I/ramp/2.0/s_hp	4611686018427387907	2.0000000000000013
I/ramp/2.0/min_phi_lp	4605080932780062127	0.7666881834717766
I/ramp/2.0/min_phi_hp	4606469597240737089	0.9208609092437784
I/ramp/2.0/ratio	4611504270442541984	1.9596438405089671
I/ramp/2.0/npts	301	301
I/ramp/1.0/ext_lp	13818164540497240948	-0.1561107729733312
I/ramp/1.0/ext_hp	13813871697800128656	-0.0809802264438153
I/ramp/1.0/s_lp	4607182418800017410	1.0000000000000004
I/ramp/1.0/s_hp	4607182418800017410	1.0000000000000004
I/ramp/1.0/min_phi_lp	4605030429857507785	0.7610812327287074
I/ramp/1.0/min_phi_hp	4606330184677890016	0.9053830055242962
I/ramp/1.0/ratio	4611360696834214124	1.9277640953701463
I/ramp/1.0/npts	301	301
I/ramp/0.5/ext_lp	13819533744234122076	-0.19411381082553703
I/ramp/0.5/ext_hp	13815385207623322136	-0.1019843946151372
I/ramp/0.5/s_lp	4602678819172646913	0.5000000000000001
I/ramp/0.5/s_hp	4602678819172646913	0.5000000000000001
I/ramp/0.5/min_phi_lp	4604943748906309976	0.7514577139470857
I/ramp/0.5/min_phi_hp	4606152660259815966	0.8856738358863969
I/ramp/0.5/ratio	4611250825599712562	1.9033677805126215
I/ramp/0.5/npts	301	301
I/ramp/0.3/ext_lp	13820175965770038920	-0.21193903922766233
I/ramp/0.3/ext_hp	13816112398086380376	-0.11207618955732579
I/ramp/0.3/s_lp	4599075939470750515	0.3
I/ramp/0.3/s_hp	4599075939470750515	0.3
I/ramp/0.3/min_phi_lp	4604847353358154938	0.7407556582437771
I/ramp/0.3/min_phi_hp	4606061761451933686	0.8755820409442083
I/ramp/0.3/ratio	4611195245202662415	1.8910264532080452
I/ramp/0.3/npts	301	301
I/ramp/0.1/ext_lp	13820873004864130280	-0.23128576051076455
I/ramp/0.1/ext_hp	13816916707682112976	-0.12323822745869184
I/ramp/0.1/s_lp	4591870180066957722	0.1
I/ramp/0.1/s_hp	4591870180066957722	0.1
I/ramp/0.1/min_phi_lp	4604674444440652632	0.7215589121063699
I/ramp/0.1/min_phi_hp	4605961222752467111	0.8644200030428423
I/ramp/0.1/ratio	4611130891929061074	1.876737155995603
I/ramp/0.1/npts	301	301
census/I/ramp/close_bracket_fails	0	0
census/I/ramp/close_calls	7206	7206
census/I/ramp/close_nonreal_propagated	0	0
census/I/ramp/eig_complex	0	0
census/I/ramp/eig_real	0	0
census/I/ramp/hi_wall_literal	0	0
census/I/ramp/hi_wall_map	7206	7206
census/I/ramp/illinois_calls	7206	7206
census/I/ramp/illinois_evals	65484	65484
census/I/ramp/illinois_exhausted	0	0
census/I/ramp/instant_calls	7206	7206
census/I/ramp/integrate_calls	6	6
census/I/ramp/match_calls	457	457
census/I/ramp/powers_calls	0	0
J/collide/ext_lp	13810275656679257856	-0.04678756541009754
J/collide/ext_hp	13806191310345274848	-0.024848359765888506
J/collide/s_lp	4614253070214989092	3.1400000000000023
J/collide/s_hp	4613487458278336107	2.800000000000002
J/collide/min_phi_lp	4605114592636847115	0.7704251782726045
J/collide/min_phi_hp	4606578062449061678	0.9329029664090507
J/collide/ratio	4611158753628350955	1.8829236960069646
J/collide/npts	301	301
J/collide/match_calls	252	252
J/collide/steady_misses	251	251
J/collide/steady_calls	602	602
J/collide/key/0	4652007308841189376	1000.0
J/collide/key/1	4652021382590024909	1001.6
J/collide/key/2	4652035456338860442	1003.2
J/collide/key/3	4652049530087695974	1004.8
J/collide/key/4	4652063603836531507	1006.4
J/collide/key/5	4652077677585367040	1008.0
J/collide/key/6	4652091751334202573	1009.6
J/collide/key/7	4652105825083038106	1011.2
J/collide/key/8	4652119898831873638	1012.8
J/collide/key/9	4652133972580709171	1014.4
J/collide/key/10	4652148046329544704	1016.0
J/collide/key/11	4652162120078380237	1017.6
J/collide/key/12	4652176193827215770	1019.2
J/collide/key/13	4652190267576051302	1020.8
J/collide/key/14	4652204341324886835	1022.4
J/collide/key/15	4652218415073722368	1024.0
J/collide/key/16	4652225451948140134	1025.6
J/collide/key/17	4652232488822557901	1027.2
J/collide/key/18	4652239525696975667	1028.8
J/collide/key/19	4652246562571393434	1030.4
J/collide/key/20	4652253599445811200	1032.0
J/collide/key/21	4652260636320228966	1033.6
J/collide/key/22	4652267673194646733	1035.2
J/collide/key/23	4652274710069064499	1036.8
J/collide/key/24	4652281746943482266	1038.4
J/collide/key/25	4652288783817900032	1040.0
J/collide/key/26	4652295820692317798	1041.6
J/collide/key/27	4652302857566735565	1043.2
J/collide/key/28	4652309894441153331	1044.8
J/collide/key/29	4652316931315571098	1046.4
J/collide/key/30	4652323968189988864	1048.0
J/collide/key/31	4652331005064406630	1049.6
J/collide/key/32	4652338041938824397	1051.2
J/collide/key/33	4652345078813242163	1052.8
J/collide/key/34	4652352115687659930	1054.4
J/collide/key/35	4652359152562077696	1056.0
J/collide/key/36	4652366189436495462	1057.6
J/collide/key/37	4652373226310913229	1059.2
J/collide/key/38	4652380263185330995	1060.8
J/collide/key/39	4652387300059748762	1062.4
J/collide/key/40	4652394336934166528	1064.0
J/collide/key/41	4652401373808584294	1065.6
J/collide/key/42	4652408410683002061	1067.2
J/collide/key/43	4652415447557419827	1068.8
J/collide/key/44	4652422484431837594	1070.4
J/collide/key/45	4652429521306255360	1072.0
J/collide/key/46	4652436558180673126	1073.6
J/collide/key/47	4652443595055090893	1075.2
J/collide/key/48	4652450631929508659	1076.8
J/collide/key/49	4652457668803926426	1078.4
J/collide/key/50	4652464705678344192	1080.0
J/collide/key/51	4652471742552761958	1081.6
J/collide/key/52	4652478779427179725	1083.2
J/collide/key/53	4652485816301597491	1084.8
J/collide/key/54	4652492853176015258	1086.4
J/collide/key/55	4652499890050433024	1088.0
J/collide/key/56	4652506926924850790	1089.6
J/collide/key/57	4652513963799268557	1091.2
J/collide/key/58	4652521000673686323	1092.8
J/collide/key/59	4652528037548104090	1094.4
J/collide/key/60	4652535074422521856	1096.0
J/collide/key/61	4652542111296939622	1097.6
J/collide/key/62	4652549148171357389	1099.2
J/collide/key/63	4652556185045775155	1100.8
J/collide/key/64	4652563221920192922	1102.4
J/collide/key/65	4652570258794610688	1104.0
J/collide/key/66	4652577295669028454	1105.6
J/collide/key/67	4652584332543446221	1107.2
J/collide/key/68	4652591369417863987	1108.8
J/collide/key/69	4652598406292281754	1110.4
J/collide/key/70	4652605443166699520	1112.0
J/collide/key/71	4652612480041117286	1113.6
J/collide/key/72	4652619516915535053	1115.2
J/collide/key/73	4652626553789952819	1116.8
J/collide/key/74	4652633590664370586	1118.4
J/collide/key/75	4652640627538788352	1120.0
J/collide/key/76	4652647664413206118	1121.6
J/collide/key/77	4652654701287623885	1123.2
J/collide/key/78	4652661738162041651	1124.8
J/collide/key/79	4652668775036459418	1126.4
J/collide/key/80	4652675811910877184	1128.0
J/collide/key/81	4652682848785294950	1129.6
J/collide/key/82	4652689885659712717	1131.2
J/collide/key/83	4652696922534130483	1132.8
J/collide/key/84	4652703959408548250	1134.4
J/collide/key/85	4652710996282966016	1136.0
J/collide/key/86	4652718033157383782	1137.6
J/collide/key/87	4652725070031801549	1139.2
J/collide/key/88	4652732106906219315	1140.8
J/collide/key/89	4652739143780637082	1142.4
J/collide/key/90	4652746180655054848	1144.0
J/collide/key/91	4652753217529472614	1145.6
J/collide/key/92	4652760254403890381	1147.2
J/collide/key/93	4652767291278308147	1148.8
J/collide/key/94	4652774328152725914	1150.4
J/collide/key/95	4652781365027143680	1152.0
J/collide/key/96	4652788401901561446	1153.6
J/collide/key/97	4652795438775979213	1155.2
J/collide/key/98	4652802475650396979	1156.8
J/collide/key/99	4652809512524814746	1158.4
J/collide/key/100	4652816549399232512	1160.0
J/collide/key/101	4652823586273650278	1161.6
J/collide/key/102	4652830623148068045	1163.2
J/collide/key/103	4652837660022485811	1164.8
J/collide/key/104	4652844696896903578	1166.4
J/collide/key/105	4652851733771321344	1168.0
J/collide/key/106	4652858770645739110	1169.6
J/collide/key/107	4652865807520156877	1171.2
J/collide/key/108	4652872844394574643	1172.8
J/collide/key/109	4652879881268992410	1174.4
J/collide/key/110	4652886918143410176	1176.0
J/collide/key/111	4652893955017827942	1177.6
J/collide/key/112	4652900991892245709	1179.2
J/collide/key/113	4652908028766663475	1180.8
J/collide/key/114	4652915065641081242	1182.4
J/collide/key/115	4652922102515499008	1184.0
J/collide/key/116	4652929139389916774	1185.6
J/collide/key/117	4652936176264334541	1187.2
J/collide/key/118	4652943213138752307	1188.8
J/collide/key/119	4652950250013170074	1190.4
J/collide/key/120	4652957286887587840	1192.0
J/collide/key/121	4652964323762005606	1193.6
J/collide/key/122	4652971360636423373	1195.2
J/collide/key/123	4652978397510841139	1196.8
J/collide/key/124	4652985434385258906	1198.4
J/collide/key/125	4652992471259676672	1200.0
J/collide/key/126	4652999508134094438	1201.6
J/collide/key/127	4653006545008512205	1203.2
J/collide/key/128	4653013581882929971	1204.8
J/collide/key/129	4653020618757347738	1206.4
J/collide/key/130	4653027655631765504	1208.0
J/collide/key/131	4653034692506183270	1209.6
J/collide/key/132	4653041729380601037	1211.2
J/collide/key/133	4653048766255018803	1212.8
J/collide/key/134	4653055803129436570	1214.4
J/collide/key/135	4653062840003854336	1216.0
J/collide/key/136	4653069876878272102	1217.6
J/collide/key/137	4653076913752689869	1219.2
J/collide/key/138	4653083950627107635	1220.8
J/collide/key/139	4653090987501525402	1222.4
J/collide/key/140	4653098024375943168	1224.0
J/collide/key/141	4653105061250360934	1225.6
J/collide/key/142	4653112098124778701	1227.2
J/collide/key/143	4653119134999196467	1228.8
J/collide/key/144	4653126171873614234	1230.4
J/collide/key/145	4653133208748032000	1232.0
J/collide/key/146	4653140245622449766	1233.6
J/collide/key/147	4653147282496867533	1235.2
J/collide/key/148	4653154319371285299	1236.8
J/collide/key/149	4653161356245703066	1238.4
J/collide/key/150	4653168393120120832	1240.0
J/collide/key/151	4653175429994538598	1241.6
J/collide/key/152	4653182466868956365	1243.2
J/collide/key/153	4653189503743374131	1244.8
J/collide/key/154	4653196540617791898	1246.4
J/collide/key/155	4653203577492209664	1248.0
J/collide/key/156	4653210614366627430	1249.6
J/collide/key/157	4653217651241045197	1251.2
J/collide/key/158	4653224688115462963	1252.8
J/collide/key/159	4653231724989880730	1254.4
J/collide/key/160	4653238761864298496	1256.0
J/collide/key/161	4653245798738716262	1257.6
J/collide/key/162	4653252835613134029	1259.2
J/collide/key/163	4653259872487551795	1260.8
J/collide/key/164	4653266909361969562	1262.4
J/collide/key/165	4653273946236387328	1264.0
J/collide/key/166	4653280983110805094	1265.6
J/collide/key/167	4653288019985222861	1267.2
J/collide/key/168	4653295056859640627	1268.8
J/collide/key/169	4653302093734058394	1270.4
J/collide/key/170	4653309130608476160	1272.0
J/collide/key/171	4653316167482893926	1273.6
J/collide/key/172	4653323204357311693	1275.2
J/collide/key/173	4653330241231729459	1276.8
J/collide/key/174	4653337278106147226	1278.4
J/collide/key/175	4653344314980564992	1280.0
J/collide/key/176	4653351351854982758	1281.6
J/collide/key/177	4653358388729400525	1283.2
J/collide/key/178	4653365425603818291	1284.8
J/collide/key/179	4653372462478236058	1286.4
J/collide/key/180	4653379499352653824	1288.0
J/collide/key/181	4653386536227071590	1289.6
J/collide/key/182	4653393573101489357	1291.2
J/collide/key/183	4653400609975907123	1292.8
J/collide/key/184	4653407646850324890	1294.4
J/collide/key/185	4653414683724742656	1296.0
J/collide/key/186	4653421720599160422	1297.6
J/collide/key/187	4653428757473578189	1299.2
J/collide/key/188	4653435794347995955	1300.8
J/collide/key/189	4653442831222413722	1302.4
J/collide/key/190	4653449868096831488	1304.0
J/collide/key/191	4653456904971249254	1305.6
J/collide/key/192	4653463941845667021	1307.2
J/collide/key/193	4653470978720084787	1308.8
J/collide/key/194	4653478015594502554	1310.4
J/collide/key/195	4653485052468920320	1312.0
J/collide/key/196	4653492089343338086	1313.6
J/collide/key/197	4653499126217755853	1315.2
J/collide/key/198	4653506163092173619	1316.8
J/collide/key/199	4653513199966591386	1318.4
J/collide/key/200	4653520236841009152	1320.0
J/collide/key/201	4653527273715426918	1321.6
J/collide/key/202	4653534310589844685	1323.2
J/collide/key/203	4653541347464262451	1324.8
J/collide/key/204	4653548384338680218	1326.4
J/collide/key/205	4653555421213097984	1328.0
J/collide/key/206	4653562458087515750	1329.6
J/collide/key/207	4653569494961933517	1331.2
J/collide/key/208	4653576531836351283	1332.8
J/collide/key/209	4653583568710769050	1334.4
J/collide/key/210	4653590605585186816	1336.0
J/collide/key/211	4653597642459604582	1337.6
J/collide/key/212	4653604679334022349	1339.2
J/collide/key/213	4653611716208440115	1340.8
J/collide/key/214	4653618753082857882	1342.4
J/collide/key/215	4653625789957275648	1344.0
J/collide/key/216	4653632826831693414	1345.6
J/collide/key/217	4653639863706111181	1347.2
J/collide/key/218	4653646900580528947	1348.8
J/collide/key/219	4653653937454946714	1350.4
J/collide/key/220	4653660974329364480	1352.0
J/collide/key/221	4653668011203782246	1353.6
J/collide/key/222	4653675048078200013	1355.2
J/collide/key/223	4653682084952617779	1356.8
J/collide/key/224	4653689121827035546	1358.4
J/collide/key/225	4653696158701453312	1360.0
J/collide/key/226	4653703195575871078	1361.6
J/collide/key/227	4653710232450288845	1363.2
J/collide/key/228	4653717269324706611	1364.8
J/collide/key/229	4653724306199124378	1366.4
J/collide/key/230	4653731343073542144	1368.0
J/collide/key/231	4653738379947959910	1369.6
J/collide/key/232	4653745416822377677	1371.2
J/collide/key/233	4653752453696795443	1372.8
J/collide/key/234	4653759490571213210	1374.4
J/collide/key/235	4653766527445630976	1376.0
J/collide/key/236	4653773564320048742	1377.6
J/collide/key/237	4653780601194466509	1379.2
J/collide/key/238	4653787638068884275	1380.8
J/collide/key/239	4653794674943302042	1382.4
J/collide/key/240	4653801711817719808	1384.0
J/collide/key/241	4653808748692137574	1385.6
J/collide/key/242	4653815785566555341	1387.2
J/collide/key/243	4653822822440973107	1388.8
J/collide/key/244	4653829859315390874	1390.4
J/collide/key/245	4653836896189808640	1392.0
J/collide/key/246	4653843933064226406	1393.6
J/collide/key/247	4653850969938644173	1395.2
J/collide/key/248	4653858006813061939	1396.8
J/collide/key/249	4653865043687479706	1398.4
J/collide/key/250	4653872080561897472	1400.0
J/collide/keys_rounded	251	251
J/collide/keys_exact	252	252
J/collide/collisions	1	1
census/J/collide/close_bracket_fails	0	0
census/J/collide/close_calls	1201	1201
census/J/collide/close_nonreal_propagated	0	0
census/J/collide/eig_complex	0	0
census/J/collide/eig_real	0	0
census/J/collide/hi_wall_literal	0	0
census/J/collide/hi_wall_map	1201	1201
census/J/collide/illinois_calls	1201	1201
census/J/collide/illinois_evals	11904	11904
census/J/collide/illinois_exhausted	0	0
census/J/collide/instant_calls	1201	1201
census/J/collide/integrate_calls	1	1
census/J/collide/match_calls	252	252
census/J/collide/powers_calls	0	0
J/default/ext_lp	13819533744234122076	-0.19411381082553703
J/default/ext_hp	13815385207623322136	-0.1019843946151372
J/default/s_lp	4602678819172646913	0.5000000000000001
J/default/s_hp	4602678819172646913	0.5000000000000001
J/default/min_phi_lp	4604943748906309976	0.7514577139470857
J/default/min_phi_hp	4606152660259815966	0.8856738358863969
J/default/ratio	4611250825599712562	1.9033677805126215
J/default/npts	151	151
J/default/match_calls	27	27
J/default/steady_misses	26	26
J/default/steady_calls	302	302
J/default/key/0	4652007308841189376	1000.0
J/default/key/1	4652148046329544704	1016.0
J/default/key/2	4652253599445811200	1032.0
J/default/key/3	4652323968189988864	1048.0
J/default/key/4	4652394336934166528	1064.0
J/default/key/5	4652464705678344192	1080.0
J/default/key/6	4652535074422521856	1096.0
J/default/key/7	4652605443166699520	1112.0
J/default/key/8	4652675811910877184	1128.0
J/default/key/9	4652746180655054848	1144.0
J/default/key/10	4652816549399232512	1160.0
J/default/key/11	4652886918143410176	1176.0
J/default/key/12	4652957286887587840	1192.0
J/default/key/13	4653027655631765504	1208.0
J/default/key/14	4653098024375943168	1224.0
J/default/key/15	4653168393120120832	1240.0
J/default/key/16	4653238761864298496	1256.0
J/default/key/17	4653309130608476160	1272.0
J/default/key/18	4653379499352653824	1288.0
J/default/key/19	4653449868096831488	1304.0
J/default/key/20	4653520236841009152	1320.0
J/default/key/21	4653590605585186816	1336.0
J/default/key/22	4653660974329364480	1352.0
J/default/key/23	4653731343073542144	1368.0
J/default/key/24	4653801711817719808	1384.0
J/default/key/25	4653872080561897472	1400.0
J/default/keys_rounded	26	26
J/default/keys_exact	26	26
J/default/collisions	0	0
census/J/default/close_bracket_fails	0	0
census/J/default/close_calls	601	601
census/J/default/close_nonreal_propagated	0	0
census/J/default/eig_complex	0	0
census/J/default/eig_real	0	0
census/J/default/hi_wall_literal	0	0
census/J/default/hi_wall_map	601	601
census/J/default/illinois_calls	601	601
census/J/default/illinois_evals	5855	5855
census/J/default/illinois_exhausted	0	0
census/J/default/instant_calls	601	601
census/J/default/integrate_calls	1	1
census/J/default/match_calls	27	27
census/J/default/powers_calls	0	0
K/def/flow_press/margin_min_lp	13815857753502290280	-0.10854228605291427
K/def/flow_press/margin_min_hp	13802784129978379200	-0.014326164113603101
K/def/flow_press/steady_min_lp	13814297094151472304	-0.08688378674198094
K/def/flow_press/steady_min_hp	4586407258991054128	0.04334337024888624
K/def/flow_press/phi_surge_lp	4605921410904353669	0.86
K/def/flow_press/phi_surge_hp	4606281698874543309	0.9
K/def/flow_press/crossed_lp	1	1
K/def/flow_press/crossed_hp	1	1
K/def/flow_press/npts	151	151
K/def/press_flow/margin_min_lp	13814810766636526776	-0.09401242449227964
K/def/press_flow/margin_min_hp	13807386292194050240	-0.028994285898762184
K/def/press_flow/steady_min_lp	13813005743420286376	-0.06896269530911658
K/def/press_flow/steady_min_hp	4585899088099413760	0.03981722634673979
K/def/press_flow/phi_surge_lp	4605921410904353669	0.86
K/def/press_flow/phi_surge_hp	4606281698874543309	0.9
K/def/press_flow/crossed_lp	1	1
K/def/press_flow/crossed_hp	1	1
K/def/press_flow/npts	151	151
K/def/tilted/margin_min_lp	13815559681713902368	-0.10440570902217106
K/def/tilted/margin_min_hp	13805567489388445056	-0.022684046048650597
K/def/tilted/steady_min_lp	13813812060791813824	-0.0801525966969292
K/def/tilted/steady_min_hp	4586081324133693280	0.04108174285407418
K/def/tilted/phi_surge_lp	4605921410904353669	0.86
K/def/tilted/phi_surge_hp	4606281698874543309	0.9
K/def/tilted/crossed_lp	1	1
K/def/tilted/crossed_hp	1	1
K/def/tilted/npts	151	151
K/def/steep/margin_min_lp	13814001258222680440	-0.08277823849627974
K/def/steep/margin_min_hp	13799250375674306688	-0.00819607756399443
K/def/steep/steady_min_lp	13812659156989226552	-0.06415284236180063
K/def/steep/steady_min_hp	4586892428118573712	0.04670990735019587
K/def/steep/phi_surge_lp	4605921410904353669	0.86
K/def/steep/phi_surge_hp	4606281698874543309	0.9
K/def/steep/crossed_lp	1	1
K/def/steep/crossed_hp	1	1
K/def/steep/npts	151	151
K/def/hp_only/margin_min_lp	13818152787928419860	-0.1557845736607396
K/def/hp_only/margin_min_hp	13802459267170214080	-0.013762616973807318
K/def/hp_only/steady_min_lp	13817328303422585192	-0.13290053161513105
K/def/hp_only/steady_min_hp	4586407258991054128	0.04334337024888624
K/def/hp_only/phi_surge_lp	4605921410904353669	0.86
K/def/hp_only/phi_surge_hp	4606281698874543309	0.9
K/def/hp_only/crossed_lp	1	1
K/def/hp_only/crossed_hp	1	1
K/def/hp_only/npts	151	151
K/acc/margin_min_lp	13816628917887530584	-0.1192443417562229
K/acc/margin_min_hp	13806067255786707680	-0.024417959055791694
K/acc/steady_min_lp	13814297094151472304	-0.08688378674198094
K/acc/steady_min_hp	4586407258991054128	0.04334337024888624
K/acc/phi_surge_lp	4605921410904353669	0.86
K/acc/phi_surge_hp	4606281698874543309	0.9
K/acc/crossed_lp	1	1
K/acc/crossed_hp	1	1
K/acc/npts	151	151
K/dec/margin_min_lp	13813266153030099344	-0.07257660461721671
K/dec/margin_min_hp	4587585562806090496	0.05151949540799272
K/dec/steady_min_lp	13814297094151472304	-0.08688378674198094
K/dec/steady_min_hp	4586407258991054128	0.04334337024888624
K/dec/phi_surge_lp	4605921410904353669	0.86
K/dec/phi_surge_hp	4606281698874543309	0.9
K/dec/crossed_lp	1	1
K/dec/crossed_hp	0	0
K/dec/npts	151	151
census/K/close_bracket_fails	0	0
census/K/close_calls	4207	4207
census/K/close_nonreal_propagated	0	0
census/K/eig_complex	0	0
census/K/eig_real	0	0
census/K/hi_wall_literal	601	601
census/K/hi_wall_map	3606	3606
census/K/illinois_calls	4207	4207
census/K/illinois_evals	38512	38512
census/K/illinois_exhausted	0	0
census/K/instant_calls	4207	4207
census/K/integrate_calls	7	7
census/K/match_calls	169	169
census/K/powers_calls	0	0
L/1500/nu	4607182418799799421	0.9999999999757986
L/1500/pi_c	4618441417868155933	5.999999999744458
L/1500/tau_c	4610564682668880786	1.7510134445139767
L/1500/tau_t	4606167582079251254	0.8873304906370325
L/1500/mdot_air	4607182418799632053	0.999999999957217
L/1500/f	4584129720905568112	0.02939488755579539
L/1500/Phi	13672901136185811762	-2.9015514350471006e-11
L/1500/sp_thrust	4649672250685708130	734.5346224072675
L/1200/nu	4606053782616908498	0.8746962123087434
L/1200/pi_c	4616673466994228240	4.429744186431904
L/1200/tau_c	4609880920457423742	1.5991877344083316
L/1200/tau_t	4606112200942206727	0.881181949289357
L/1200/mdot_air	4605715130345806611	0.8370982574368518
L/1200/f	4581620727594113602	0.020690068358897536
L/1200/Phi	13604128100233843230	-7.652764492951111e-16
L/1200/sp_thrust	4648083458726815497	553.9098888032323
census/L/close_bracket_fails	0	0
census/L/close_calls	0	0
census/L/close_nonreal_propagated	0	0
census/L/eig_complex	0	0
census/L/eig_real	0	0
census/L/hi_wall_literal	0	0
census/L/hi_wall_map	0	0
census/L/illinois_calls	136	136
census/L/illinois_evals	1184	1184
census/L/illinois_exhausted	0	0
census/L/instant_calls	0	0
census/L/integrate_calls	0	0
census/L/match_calls	0	0
census/L/powers_calls	0	0
P/shaped/1500/M9	4607182418800017610	1.0000000000000449
P/shaped/1500/Pc_hp	4688998029257808336	305847.31095543224
P/shaped/1500/Pc_lp	4682837332674529604	117883.89331129665
P/shaped/1500/Phi_hp	4396437858243909622	8.564223543457035e-15
P/shaped/1500/Phi_lp	4398990234555499806	1.2591163318708435e-14
P/shaped/1500/Pt_hp	4688998029257808381	305847.31095543486
P/shaped/1500/Pt_lp	4682837332674529706	117883.89331129813
P/shaped/1500/Tt2	4643745586963694955	286.3754828060834
P/shaped/1500/Tt25	4645801516094756656	403.24152355116075
P/shaped/1500/Tt3	4649341121304788904	696.8895702138443
P/shaped/1500/Tt4	4654311885213007872	1500.0
P/shaped/1500/Tt45	4653251304555868561	1258.8518778822365
P/shaped/1500/Tt5	4652834285206962790	1164.0326557905878
P/shaped/1500/branch_choked	1	1
P/shaped/1500/eta_hpc	4606101554889448489	0.88
P/shaped/1500/eta_hpt	4606461842859638129	0.92
P/shaped/1500/eta_lpc	4606281698874543309	0.9
P/shaped/1500/eta_lpt	4606281698874543309	0.9
P/shaped/1500/f	4582591370642831330	0.02405766292570622
P/shaped/1500/m_hp	4607182418800014262	0.9999999999996507
P/shaped/1500/m_imp	4607182418800157747	1.0000000000311615
P/shaped/1500/m_lp	4607182418800157768	1.0000000000311662
P/shaped/1500/mdot4	4607290764881948738	1.0240576629576172
P/shaped/1500/mdot_air	4607182418800157746	1.0000000000311613
P/shaped/1500/n_hp	4607182418800015614	0.9999999999998008
P/shaped/1500/n_lp	4607182418800053902	1.0000000000081033
P/shaped/1500/nu_hp	4607182418800015696	0.9999999999998099
P/shaped/1500/nu_hpt	4607182418800015696	0.9999999999998099
P/shaped/1500/nu_lp	4607182418800053902	1.0000000000081033
P/shaped/1500/nu_lpt	4607182418800053802	1.000000000008081
P/shaped/1500/phi_hp	4607182418800016056	0.9999999999998499
P/shaped/1500/phi_lp	4607182418800121274	1.0000000000230629
P/shaped/1500/pi_hpc	4618441417868441246	5.999999999997867
P/shaped/1500/pi_hpt	4601480128964187872	0.43345932655880226
P/shaped/1500/pi_lpc	4613937818241286112	3.0000000000945732
P/shaped/1500/pi_lpt	4604378127517638221	0.688661125054702
P/shaped/1500/pt4	4698529237748391700	1345394.6514834808
P/shaped/1500/slip	4607182418800054758	1.0000000000082934
P/shaped/1500/sp_thrust	4649627730615369210	729.4732763952918
P/shaped/1500/tau_hpc	4610462024585358482	1.7282187709159058
P/shaped/1500/tau_hpt	4605734372676136535	0.8392345852548243
P/shaped/1500/tau_lpc	4609020278146057121	1.4080867523991645
P/shaped/1500/tau_lpt	4606503978674086314	0.9246780151361709
P/shaped/1500/exit_noise	0	0
P/shaped/1500/passes	5	5
P/shaped/1500/powers_calls	16	16
P/shaped/1450/M9	4607182418800017588	1.00000000000004
P/shaped/1450/Pc_hp	4688817253102186595	295324.7537877617
P/shaped/1450/Pc_lp	4682550585917059216	113711.17880457849
P/shaped/1450/Phi_hp	4417731007726560416	2.1979488743733563e-13
P/shaped/1450/Phi_lp	13633049621635842402	-6.509237434091705e-14
P/shaped/1450/Pt_hp	4688817253102187785	295324.753787831
P/shaped/1450/Pt_lp	4682550585917058676	113711.17880457063
P/shaped/1450/Tt2	4643745586963694955	286.3754828060834
P/shaped/1450/Tt25	4645729239859377948	399.1330952298465
P/shaped/1450/Tt3	4649220395695338841	683.1646574434518
P/shaped/1450/Tt4	4654091982887452672	1450.0
P/shaped/1450/Tt45	4653058858881766300	1215.094797638455
P/shaped/1450/Tt5	4652652902745985455	1122.7910589772325
P/shaped/1450/branch_choked	1	1
P/shaped/1450/eta_hpc	4606101235373495421	0.8799645266032169
P/shaped/1450/eta_hpt	4606461842859638129	0.92
P/shaped/1450/eta_lpc	4606280406495151666	0.8998565170642847
P/shaped/1450/eta_lpt	4606281698874543309	0.9
P/shaped/1450/f	4582218146507306722	0.022762781586314847
P/shaped/1450/m_hp	4606993253815500235	0.9789984678736173
P/shaped/1450/m_imp	4606744758732420491	0.95140997159949
P/shaped/1450/m_lp	4606744758732420543	0.9514099715994958
P/shaped/1450/mdot4	4606939825281232819	0.9730667089820514
P/shaped/1450/mdot_air	4606744758732420491	0.95140997159949
P/shaped/1450/n_hp	4607050581605464235	0.9853631311105081
P/shaped/1450/n_lp	4606951021238440333	0.9743097099295014
P/shaped/1450/nu_hp	4607005252515120819	0.9803305911320507
P/shaped/1450/nu_hpt	4607156204184206364	0.9970895929944876
P/shaped/1450/nu_lp	4606951021238440333	0.9743097099295014
P/shaped/1450/nu_lpt	4607107637508008559	0.9916976087800559
P/shaped/1450/phi_hp	4607124239446483659	0.9935407942149025
P/shaped/1450/phi_lp	4606970717629519256	0.9764964486172856
P/shaped/1450/pi_hpc	4618208232646499115	5.792889918075882
P/shaped/1450/pi_hpt	4601473739542739024	0.433104642418475
P/shaped/1450/pi_lpc	4613713919336644310	2.900568912445901
P/shaped/1450/pi_lpt	4604375745067588644	0.688396619964696
P/shaped/1450/pt4	4698144868537159580	1255901.7206315761
P/shaped/1450/slip	4607127099423909944	0.9938583154937595
P/shaped/1450/sp_thrust	4649384854250717072	701.8614305406682
P/shaped/1450/tau_hpc	4610387275658630016	1.7116211750119135
P/shaped/1450/tau_hpt	4605723220204399691	0.8379964121644518
P/shaped/1450/tau_lpc	4608955668158932356	1.3937404533338347
P/shaped/1450/tau_lpt	4606498193859136253	0.9240357716610955
P/shaped/1450/exit_noise	0	0
P/shaped/1450/passes	5	5
P/shaped/1450/powers_calls	16	16
P/shaped/1400/M9	4607182418800017241	0.9999999999999815
P/shaped/1400/Pc_hp	4688636973824070875	284831.1186974772
P/shaped/1400/Pc_lp	4682265415221456648	109561.39901655552
P/shaped/1400/Phi_hp	4448429608285266757	2.5462867175721266e-11
P/shaped/1400/Phi_lp	13661076568445945138	-4.978026449615978e-12
P/shaped/1400/Pt_hp	4688636973824212973	284831.1187057484
P/shaped/1400/Pt_lp	4682265415221414335	109561.39901593978
P/shaped/1400/Tt2	4643745586963694955	286.3754828060834
P/shaped/1400/Tt25	4645657321576735289	395.04501416583986
P/shaped/1400/Tt3	4649099730986237415	669.446668241112
P/shaped/1400/Tt4	4653872080561897472	1400.0
P/shaped/1400/Tt45	4652866698617574288	1171.4026120949748
P/shaped/1400/Tt5	4652471896336031480	1081.6349662672128
P/shaped/1400/branch_choked	1	1
P/shaped/1400/eta_hpc	4606100255064275700	0.8798556904165182
P/shaped/1400/eta_hpt	4606461842859638129	0.92
P/shaped/1400/eta_lpc	4606276554175161889	0.8994288236291973
P/shaped/1400/eta_lpt	4606281698874543309	0.9
P/shaped/1400/f	4581850517461593300	0.0214873121142148
P/shaped/1400/m_hp	4606803751523242564	0.9579594870652461
P/shaped/1400/m_imp	4606321182040045332	0.9043835119425432
P/shaped/1400/m_lp	4606321182040045317	0.9043835119425415
P/shaped/1400/mdot4	4606496216878641119	0.9238162827346023
P/shaped/1400/mdot_air	4606321182040045332	0.9043835119425432
P/shaped/1400/n_hp	4606916154307390483	0.9704387029645453
P/shaped/1400/n_lp	4606722436144447734	0.9489316664858325
P/shaped/1400/nu_hp	4606826861697125297	0.9605252317800163
P/shaped/1400/nu_hpt	4607130519966394647	0.994238071996082
P/shaped/1400/nu_lp	4606722436144447734	0.9489316664858325
P/shaped/1400/nu_lpt	4607035733864228779	0.9837147006921801
P/shaped/1400/phi_hp	4607066592026204136	0.9871406448844455
P/shaped/1400/phi_lp	4606759570539627514	0.9530544125392446
P/shaped/1400/pi_hpc	4617976315589357105	5.586906192761988
P/shaped/1400/pi_hpt	4601467152110368454	0.4327389664639266
P/shaped/1400/pi_lpc	4613494857821245469	2.8032860571638722
P/shaped/1400/pi_lpt	4604373126456506752	0.6881058957331305
P/shaped/1400/pt4	4697778586895443853	1170620.1302323074
P/shaped/1400/slip	4607073701663577333	0.9879299731952914
P/shaped/1400/sp_thrust	4649136158695687465	673.58801933393
P/shaped/1400/tau_hpc	4610310657716417088	1.694608574303075
P/shaped/1400/tau_hpt	4605711688641464636	0.8367161514964105
P/shaped/1400/tau_lpc	4608891378156952726	1.3794652052436382
P/shaped/1400/tau_lpt	4606492173563878123	0.9233673846200338
P/shaped/1400/exit_noise	1	1
P/shaped/1400/passes	80	80
P/shaped/1400/powers_calls	240	240
P/shaped/1300/M9	4607182418800017412	1.0000000000000009
P/shaped/1300/Pc_hp	4688278024549437898	263937.5210345058
P/shaped/1300/Pc_lp	4681699768585917924	101330.15712698508
P/shaped/1300/Phi_hp	13649231354654638251	-7.904344213962038e-13
P/shaped/1300/Phi_lp	4436510590686441616	4.013568667462866e-12
P/shaped/1300/Pt_hp	4688278024549433208	263937.5210342328
P/shaped/1300/Pt_lp	4681699768585953784	101330.15712750691
P/shaped/1300/Tt2	4643745586963694955	286.3754828060834
P/shaped/1300/Tt25	4645514554475833720	386.92964404974873
P/shaped/1300/Tt3	4648858660732469541	642.0401534214949
P/shaped/1300/Tt4	4653432275910787072	1300.0
P/shaped/1300/Tt45	4652483247825293213	1084.2159961024074
P/shaped/1300/Tt5	4652003666366560028	999.5858985779082
P/shaped/1300/branch_choked	1	1
P/shaped/1300/eta_hpc	4606096182104755357	0.8794035010727331
P/shaped/1300/eta_hpt	4606461842859638129	0.92
P/shaped/1300/eta_lpc	4606261423408443648	0.897748971070115
P/shaped/1300/eta_lpt	4606281698874543309	0.9
P/shaped/1300/f	4581131768807016522	0.018993651785372635
P/shaped/1300/m_hp	4606424934582166657	0.9159023580551918
P/shaped/1300/m_imp	4605517606739141533	0.8151687318341946
P/shaped/1300/m_lp	4605517606739141527	0.8151687318341939
P/shaped/1300/mdot4	4605657065484775186	0.830651762872977
P/shaped/1300/mdot_air	4605517606739141533	0.8151687318341946
P/shaped/1300/n_hp	4606639428646212270	0.9397159829100781
P/shaped/1300/n_lp	4606273308738913439	0.8990685078243991
P/shaped/1300/nu_hp	4606466464807322329	0.9205131392737612
P/shaped/1300/nu_hpt	4607081445629966496	0.9887897261740086
P/shaped/1300/nu_lp	4606273308738913439	0.8990685078243991
P/shaped/1300/nu_lpt	4606901154406893639	0.968773379474677
P/shaped/1300/phi_hp	4606954164659461689	0.9746586997689014
P/shaped/1300/phi_lp	4606341879960991015	0.90668144278212
P/shaped/1300/pi_hpc	4617517267522274855	5.179189605974478
P/shaped/1300/pi_hpt	4601453057048856748	0.43195653337273643
P/shaped/1300/pi_lpc	4613071977403882022	2.6154894267558744
P/shaped/1300/pi_lpt	4604367060390339698	0.6874324271003742
P/shaped/1300/pt4	4696944459567475235	1012492.8637860458
P/shaped/1300/slip	4606972583589450745	0.9767036117851823
P/shaped/1300/sp_thrust	4648619464610134450	614.8467026779456
P/shaped/1300/tau_hpc	4610151732763455096	1.6593201459099003
P/shaped/1300/tau_hpt	4605687334554562467	0.8340123046941595
P/shaped/1300/tau_lpc	4608763754180651828	1.3511269898469438
P/shaped/1300/tau_lpt	4606479348420967838	0.9219435077247231
P/shaped/1300/exit_noise	1	1
P/shaped/1300/passes	80	80
P/shaped/1300/powers_calls	240	240
P/shaped/1200/M9	4607182418800016670	0.9999999999999181
P/shaped/1200/Pc_hp	4687596136799855312	243195.21506287763
P/shaped/1200/Pc_lp	4681137646469208132	93150.20373663405
P/shaped/1200/Phi_hp	13609706616780379317	-1.7425428820628095e-15
P/shaped/1200/Phi_lp	13614866797925201569	-3.935409339659115e-15
P/shaped/1200/Pt_hp	4687596136799855290	243195.215062877
P/shaped/1200/Pt_lp	4681137646469208095	93150.20373663351
P/shaped/1200/Tt2	4643745586963694955	286.3754828060834
P/shaped/1200/Tt25	4645372528454722982	378.8563994426171
P/shaped/1200/Tt3	4648617868672090412	614.6652655285193
P/shaped/1200/Tt4	4652992471259676672	1200.0
P/shaped/1200/Tt45	4651983457407870072	997.2884059708003
P/shaped/1200/Tt5	4651284855008049398	917.8665083104559
P/shaped/1200/branch_choked	1	1
P/shaped/1200/eta_hpc	4606089105271481095	0.8786178147484812
P/shaped/1200/eta_hpt	4606461842859638129	0.92
P/shaped/1200/eta_lpc	4606237094431374391	0.8950479120193283
P/shaped/1200/eta_lpt	4606281698874543309	0.9
P/shaped/1200/f	4580434892317784898	0.016575875773919842
P/shaped/1200/m_hp	4606049814425931815	0.8742556546099011
P/shaped/1200/m_imp	4604773011074851803	0.7325020067811424
P/shaped/1200/m_lp	4604773011074851792	0.7325020067811412
P/shaped/1200/mdot4	4604882375247628264	0.7446438690496935
P/shaped/1200/mdot_air	4604773011074851802	0.7325020067811423
P/shaped/1200/n_hp	4606352870890326321	0.9079016810631285
P/shaped/1200/n_lp	4605832527023858586	0.8501319069356328
P/shaped/1200/nu_hp	4606101752703674112	0.8800219617907885
P/shaped/1200/nu_hpt	4607037353029318095	0.9838944641284629
P/shaped/1200/nu_lp	4605832527023858586	0.8501319069356328
P/shaped/1200/nu_lpt	4606778280846300718	0.9551316738658835
P/shaped/1200/phi_hp	4606848620030045273	0.9629408919985379
P/shaped/1200/phi_lp	4605936122854220123	0.8616333545478868
P/shaped/1200/pi_hpc	4617067384932178153	4.77961359805179
P/shaped/1200/pi_hpt	4601436634400704581	0.43104489326754375
P/shaped/1200/pi_lpc	4612668675102115713	2.4363872262337627
P/shaped/1200/pi_lpt	4604360585359170008	0.6867135542313987
P/shaped/1200/pt4	4695723846594960150	870394.8117645707
P/shaped/1200/slip	4606876488162482330	0.9660348762270303
P/shaped/1200/sp_thrust	4648073919529958126	552.8254076781138
P/shaped/1200/tau_hpc	4609985561951347443	1.6224228135853849
P/shaped/1200/tau_hpt	4605660865701128103	0.8310736716423336
P/shaped/1200/tau_lpc	4608636792678752000	1.3229358733169079
P/shaped/1200/tau_lpt	4606465104878454265	0.9203621568396435
P/shaped/1200/exit_noise	0	0
P/shaped/1200/passes	10	10
P/shaped/1200/powers_calls	31	31
P/shaped/1100/M9	4607182418800017184	0.9999999999999751
P/shaped/1100/Pc_hp	4686888044413093360	222587.01429085387
P/shaped/1100/Pc_lp	4680576874659710116	84989.89990236104
P/shaped/1100/Phi_hp	4423945328396930017	5.971708805346745e-13
P/shaped/1100/Phi_lp	13638376522667899113	-1.5096779800569004e-13
P/shaped/1100/Pt_hp	4686888044413101382	222587.01429108734
P/shaped/1100/Pt_lp	4680576874659708622	84989.8999023393
P/shaped/1100/Tt2	4643745586963694955	286.3754828060834
P/shaped/1100/Tt25	4645230698881767928	370.7943216202834
P/shaped/1100/Tt3	4648377002629368064	587.2819668168959
P/shaped/1100/Tt4	4652552666608566272	1100.0
P/shaped/1100/Tt45	4651220836875588104	910.5884892740878
P/shaped/1100/Tt5	4650568294335022022	836.4029913583006
P/shaped/1100/branch_choked	1	1
P/shaped/1100/eta_hpc	4606078781330202963	0.8774716270172952
P/shaped/1100/eta_hpt	4606461842859638129	0.92
P/shaped/1100/eta_lpc	4606204719805199827	0.891453606480065
P/shaped/1100/eta_lpt	4606281698874543309	0.9
P/shaped/1100/f	4579359393500774932	0.014234744840707449
P/shaped/1100/m_hp	4605680505021685161	0.8332540742293776
P/shaped/1100/m_imp	4604086877410026741	0.65632586751522
P/shaped/1100/m_lp	4604086877410026676	0.6563258675152128
P/shaped/1100/mdot4	4604171028351317023	0.6656684987716551
P/shaped/1100/mdot_air	4604086877410026741	0.65632586751522
P/shaped/1100/n_hp	4606055739955376251	0.8749135205321318
P/shaped/1100/n_lp	4605396949652274351	0.8017731042417803
P/shaped/1100/nu_hp	4605732034923762841	0.8389750426037096
P/shaped/1100/nu_hpt	4606999678735339278	0.979711777267285
P/shaped/1100/nu_lp	4605396949652274351	0.8017731042417803
P/shaped/1100/nu_lpt	4606666388682952361	0.942709148263437
P/shaped/1100/phi_hp	4606753536487782859	0.9523844982102728
P/shaped/1100/phi_lp	4605548449993485063	0.8185930209468503
P/shaped/1100/pi_hpc	4616628060011465037	4.389414684237932
P/shaped/1100/pi_hpt	4601417637463104887	0.42999035139151637
P/shaped/1100/pi_lpc	4612284848418501101	2.2659339375879797
P/shaped/1100/pi_lpt	4604354216031603618	0.6860064168198401
P/shaped/1100/pt4	4694633094321851137	743414.5348571242
P/shaped/1100/slip	4606783020421671644	0.9556578724362583
P/shaped/1100/sp_thrust	4647276446839167912	487.08162964641315
P/shaped/1100/tau_hpc	4609811837918350655	1.58384832931263
P/shaped/1100/tau_hpt	4605631448601608497	0.827807717521898
P/shaped/1100/tau_lpc	4608510006788002128	1.2947837502952844
P/shaped/1100/tau_lpt	4606448603723931444	0.9185301606712302
P/shaped/1100/exit_noise	0	0
P/shaped/1100/passes	24	24
P/shaped/1100/powers_calls	73	73
census/P/shaped/close_bracket_fails	0	0
census/P/shaped/close_calls	622	622
census/P/shaped/close_nonreal_propagated	0	0
census/P/shaped/eig_complex	0	0
census/P/shaped/eig_real	0	0
census/P/shaped/hi_wall_literal	0	0
census/P/shaped/hi_wall_map	622	622
census/P/shaped/illinois_calls	622	622
census/P/shaped/illinois_evals	5270	5270
census/P/shaped/illinois_exhausted	0	0
census/P/shaped/instant_calls	6	6
census/P/shaped/integrate_calls	0	0
census/P/shaped/match_calls	0	0
census/P/shaped/powers_calls	616	616
P/flat/1500/M9	4607182418800017610	1.0000000000000449
P/flat/1500/Pc_hp	4688998029257809571	305847.31095550413
P/flat/1500/Pc_lp	4682837332674529096	117883.89331128926
P/flat/1500/Phi_hp	13641367716013873533	-2.2647613370477638e-13
P/flat/1500/Phi_lp	4410486323681449584	7.530009435761419e-14
P/flat/1500/Pt_hp	4688998029257808381	305847.31095543486
P/flat/1500/Pt_lp	4682837332674529706	117883.89331129813
P/flat/1500/Tt2	4643745586963694955	286.3754828060834
P/flat/1500/Tt25	4645801516094756528	403.2415235511535
P/flat/1500/Tt3	4649341121304789435	696.8895702139047
P/flat/1500/Tt4	4654311885213007872	1500.0
P/flat/1500/Tt45	4653251304555868561	1258.8518778822365
P/flat/1500/Tt5	4652834285206962790	1164.0326557905878
P/flat/1500/branch_choked	1	1
P/flat/1500/eta_hpc	4606101554889448489	0.88
P/flat/1500/eta_hpt	4606461842859638129	0.92
P/flat/1500/eta_lpc	4606281698874543309	0.9
P/flat/1500/eta_lpt	4606281698874543309	0.9
P/flat/1500/f	4582591370642831330	0.02405766292570622
P/flat/1500/m_hp	4607182418800017367	0.9999999999999954
P/flat/1500/m_imp	4607182418800159073	1.000000000031456
P/flat/1500/m_lp	4607182418800159073	1.000000000031456
P/flat/1500/mdot4	4607290764881950097	1.024057662957919
P/flat/1500/mdot_air	4607182418800159073	1.000000000031456
P/flat/1500/n_hp	4607182418800017408	1.0
P/flat/1500/n_lp	4607182418800017408	1.0
P/flat/1500/nu_hp	4607182418800017408	1.0
P/flat/1500/nu_hpt	4607182418800017408	1.0
P/flat/1500/nu_lp	4607182418800017408	1.0
P/flat/1500/nu_lpt	4607182418800017209	0.9999999999999779
P/flat/1500/phi_hp	4607182418800017367	0.9999999999999954
P/flat/1500/phi_lp	4607182418800159073	1.000000000031456
P/flat/1500/pi_hpc	4618441417868443669	6.000000000000019
P/flat/1500/pi_hpt	4601480128964187872	0.43345932655880226
P/flat/1500/pi_lpc	4613937818241285679	3.000000000094381
P/flat/1500/pi_lpt	4604378127517638221	0.688661125054702
P/flat/1500/pt4	4698529237748393402	1345394.651483877
P/flat/1500/slip	4607182418800017408	1.0
P/flat/1500/sp_thrust	4649627730615369502	729.473276395325
P/flat/1500/tau_hpc	4610462024585359296	1.7282187709160866
P/flat/1500/tau_hpt	4605734372676136535	0.8392345852548243
P/flat/1500/tau_lpc	4609020278146057006	1.408086752399139
P/flat/1500/tau_lpt	4606503978674086314	0.9246780151361709
P/flat/1500/exit_noise	0	0
P/flat/1500/passes	0	0
P/flat/1500/powers_calls	1	1
P/flat/1450/M9	4607182418800017938	1.0000000000001177
P/flat/1450/Pc_hp	4688817253100224150	295324.7536735324
P/flat/1450/Pc_lp	4682550585914306892	113711.1787645269
P/flat/1450/Phi_hp	4448537052198692829	2.5810037184013738e-11
P/flat/1450/Phi_lp	13663338985670384046	-6.805592529266268e-12
P/flat/1450/Pt_hp	4688817253100364311	295324.75368169084
P/flat/1450/Pt_lp	4682550585914249984	113711.17876369879
P/flat/1450/Tt2	4643745586963694955	286.3754828060834
P/flat/1450/Tt25	4645729239858684017	399.1330951904011
P/flat/1450/Tt3	4649220395694069451	683.1646572991389
P/flat/1450/Tt4	4654091982887452672	1450.0
P/flat/1450/Tt45	4653058858881758853	1215.0947976367618
P/flat/1450/Tt5	4652652902745975545	1122.7910589749793
P/flat/1450/branch_choked	1	1
P/flat/1450/eta_hpc	4606101554889448489	0.88
P/flat/1450/eta_hpt	4606461842859638129	0.92
P/flat/1450/eta_lpc	4606281698874543309	0.9
P/flat/1450/eta_lpt	4606281698874543309	0.9
P/flat/1450/f	4582218146469939872	0.022762781456672543
P/flat/1450/m_hp	4606993748929747909	0.9790534365973761
P/flat/1450/m_imp	4606746495451859017	0.9516027861902866
P/flat/1450/m_lp	4606746495451859017	0.9516027861902866
P/flat/1450/mdot4	4606941601532125400	0.9732639124458968
P/flat/1450/mdot_air	4606746495451859018	0.9516027861902867
P/flat/1450/n_hp	4607079180906517598	0.9885382913622711
P/flat/1450/n_lp	4607022678169249270	0.9822652273753067
P/flat/1450/nu_hp	4607033705750675394	0.9834895348558279
P/flat/1450/nu_hpt	4607183781317553999	1.0003025396681158
P/flat/1450/nu_lp	4607022678169249270	0.9822652273753067
P/flat/1450/nu_lpt	4607180573255458922	0.9997951033938197
P/flat/1450/phi_hp	4607095996273428217	0.99040517211344
P/flat/1450/phi_lp	4606901249610990697	0.9687839492527363
P/flat/1450/pi_hpc	4618208598853975323	5.7932151756533825
P/flat/1450/pi_hpt	4601473739542755064	0.4331046424193654
P/flat/1450/pi_lpc	4613714876239021117	2.9009938624663207
P/flat/1450/pi_lpt	4604375745067592153	0.6883966199650856
P/flat/1450/pt4	4698145961705870968	1256156.2438062709
P/flat/1450/slip	4607171206091559112	0.998755139290119
P/flat/1450/sp_thrust	4649385064681206158	701.8853537175326
P/flat/1450/tau_hpc	4610387275657763477	1.7116211748195032
P/flat/1450/tau_hpt	4605723220204389173	0.837996412163284
P/flat/1450/tau_lpc	4608955668158312030	1.3937404531960946
P/flat/1450/tau_lpt	4606498193859131148	0.9240357716605287
P/flat/1450/exit_noise	1	1
P/flat/1450/passes	80	80
P/flat/1450/powers_calls	240	240
P/flat/1400/M9	4607182418800017915	1.0000000000001126
P/flat/1400/Pc_hp	4688636973820085765	284831.1184655133
P/flat/1400/Pc_lp	4682265415215035816	109561.39892312011
P/flat/1400/Phi_hp	13643058630284556437	-3.1094794634853143e-13
P/flat/1400/Phi_lp	13624613453901833759	-1.807495135464787e-14
P/flat/1400/Pt_hp	4688636973820084020	284831.1184654117
P/flat/1400/Pt_lp	4682265415215035660	109561.39892311784
P/flat/1400/Tt2	4643745586963694955	286.3754828060834
P/flat/1400/Tt25	4645657321575115557	395.04501407376875
P/flat/1400/Tt3	4649099730983552020	669.4466679358179
P/flat/1400/Tt4	4653872080561897472	1400.0
P/flat/1400/Tt45	4652866698617547285	1171.402612088835
P/flat/1400/Tt5	4652471896335996120	1081.6349662591729
P/flat/1400/branch_choked	1	1
P/flat/1400/eta_hpc	4606101554889448489	0.88
P/flat/1400/eta_hpt	4606461842859638129	0.92
P/flat/1400/eta_lpc	4606281698874543309	0.9
P/flat/1400/eta_lpt	4606281698874543309	0.9
P/flat/1400/f	4581850517373110372	0.021487311807227974
P/flat/1400/m_hp	4606805690262754071	0.9581747303896887
P/flat/1400/m_imp	4606327635964307662	0.9051000414740658
P/flat/1400/m_lp	4606327635964307661	0.9051000414740656
P/flat/1400/mdot4	4606502809477885752	0.924548208281954
P/flat/1400/mdot_air	4606327635964307662	0.9051000414740658
P/flat/1400/n_hp	4606972104359696035	0.9766504065944058
P/flat/1400/n_lp	4606860813080708914	0.9642945925572575
P/flat/1400/nu_hp	4606882240193273550	0.9666734799293069
P/flat/1400/nu_hpt	4607185130477896089	1.0006021134432557
P/flat/1400/nu_lp	4606860813080708914	0.9642945925572575
P/flat/1400/nu_lpt	4607179182998941885	0.9996407539142848
P/flat/1400/phi_hp	4607012026102877955	0.9810826104407798
P/flat/1400/phi_lp	4606629499473790248	0.9386136233262379
P/flat/1400/pi_hpc	4617977728949450217	5.588161508695955
P/flat/1400/pi_hpt	4601467152110351411	0.43273896646298055
P/flat/1400/pi_lpc	4613498439928664182	2.8048768324170466
P/flat/1400/pi_lpt	4604373126456500236	0.6881058957324071
P/flat/1400/pt4	4697782570323632247	1171547.59438136
P/flat/1400/slip	4607160252977731476	0.9975390993738409
P/flat/1400/sp_thrust	4649137023622032478	673.6863500749566
P/flat/1400/tau_hpc	4610310657714715382	1.6946085739252204
P/flat/1400/tau_hpt	4605711688641425134	0.8367161514920249
P/flat/1400/tau_lpc	4608891378155504797	1.3794652049221334
P/flat/1400/tau_lpt	4606492173563859895	0.92336738461801
P/flat/1400/exit_noise	0	0
P/flat/1400/passes	6	6
P/flat/1400/powers_calls	19	19
P/flat/1300/M9	4607182418800017645	1.0000000000000526
P/flat/1300/Pc_hp	4688278024544656715	263937.5207562043
P/flat/1300/Pc_lp	4681699768578590768	101330.15702036093
P/flat/1300/Phi_hp	4406815442271640947	4.29052379540061e-14
P/flat/1300/Phi_lp	13638796930102549208	-1.61580373668401e-13
P/flat/1300/Pt_hp	4688278024544656972	263937.5207562193
P/flat/1300/Pt_lp	4681699768578589283	101330.15702033932
P/flat/1300/Tt2	4643745586963694955	286.3754828060834
P/flat/1300/Tt25	4645514554473983398	386.9296439445701
P/flat/1300/Tt3	4648858660729274065	642.0401530582113
P/flat/1300/Tt4	4653432275910787072	1300.0
P/flat/1300/Tt45	4652483247825259119	1084.2159960946553
P/flat/1300/Tt5	4652003666366469863	999.5858985676576
P/flat/1300/branch_choked	1	1
P/flat/1300/eta_hpc	4606101554889448489	0.88
P/flat/1300/eta_hpt	4606461842859638129	0.92
P/flat/1300/eta_lpc	4606281698874543309	0.9
P/flat/1300/eta_lpt	4606281698874543309	0.9
P/flat/1300/f	4581131768696902958	0.018993651403339466
P/flat/1300/m_hp	4606432330080755420	0.9167234233363746
P/flat/1300/m_imp	4605539699720971945	0.8176215455452694
P/flat/1300/m_lp	4605539699720971945	0.8176215455452694
P/flat/1300/mdot4	4605679578090195911	0.833151164161216
P/flat/1300/mdot_air	4605539699720971945	0.8176215455452694
P/flat/1300/n_hp	4606745736302663729	0.9515185036987132
P/flat/1300/n_lp	4606530203656716288	0.9275895730897901
P/flat/1300/nu_hp	4606570600094234934	0.9320744785943933
P/flat/1300/nu_hpt	4607187861835894812	1.001208596750991
P/flat/1300/nu_lp	4606530203656716288	0.9275895730897901
P/flat/1300/nu_lpt	4607177966413490225	0.9995056857962991
P/flat/1300/phi_hp	4606853043994703538	0.9634320507409113
P/flat/1300/phi_lp	4606114593153330818	0.88144753807633
P/flat/1300/pi_hpc	4617522494971490863	5.183832513558214
P/flat/1300/pi_hpt	4601453057048824668	0.43195653337095563
P/flat/1300/pi_lpc	4613084408007426415	2.6210097236618632
P/flat/1300/pi_lpt	4604367060390326665	0.6874324270989273
P/flat/1300/pt4	4696970629269418570	1015539.4180598941
P/flat/1300/slip	4607139078446380040	0.9951882541496397
P/flat/1300/sp_thrust	4648623100920330732	615.2601032851358
P/flat/1300/tau_hpc	4610151732761258074	1.6593201454220634
P/flat/1300/tau_hpt	4605687334554508756	0.8340123046881964
P/flat/1300/tau_lpc	4608763754178997768	1.3511269894796687
P/flat/1300/tau_lpt	4606479348420942055	0.9219435077218606
P/flat/1300/exit_noise	0	0
P/flat/1300/passes	5	5
P/flat/1300/powers_calls	16	16
P/flat/1200/M9	4607182418800017727	1.0000000000000708
P/flat/1200/Pc_hp	4687596136794721254	243195.21491345688
P/flat/1200/Pc_lp	4681137646465324208	93150.20368011552
P/flat/1200/Phi_hp	13641153115835976089	-2.210588636056798e-13
P/flat/1200/Phi_lp	4398400964640714903	1.166145932191498e-14
P/flat/1200/Pt_hp	4687596136794718430	243195.2149133747
P/flat/1200/Pt_lp	4681137646465324322	93150.20368011718
P/flat/1200/Tt2	4643745586963694955	286.3754828060834
P/flat/1200/Tt25	4645372528453741161	378.856399386807
P/flat/1200/Tt3	4648617868670370967	614.665265333041
P/flat/1200/Tt4	4652992471259676672	1200.0
P/flat/1200/Tt45	4651983457407832188	997.2884059664934
P/flat/1200/Tt5	4651284855007991038	917.8665083038211
P/flat/1200/branch_choked	1	1
P/flat/1200/eta_hpc	4606101554889448489	0.88
P/flat/1200/eta_hpt	4606461842859638129	0.92
P/flat/1200/eta_lpc	4606281698874543309	0.9
P/flat/1200/eta_lpt	4606281698874543309	0.9
P/flat/1200/f	4580434892253815512	0.01657587555198145
P/flat/1200/m_hp	4606065543673044444	0.876001951840347
P/flat/1200/m_imp	4604815004781667667	0.7371642448007755
P/flat/1200/m_lp	4604815004781667667	0.7371642448007755
P/flat/1200/mdot4	4604925065035437972	0.7493833875839635
P/flat/1200/mdot_air	4604815004781667667	0.7371642448007755
P/flat/1200/n_hp	4606502469227612159	0.9245104329131663
P/flat/1200/n_lp	4606187786422263544	0.8895736233179994
P/flat/1200/nu_hp	4606246757195311359	0.8961206943197623
P/flat/1200/nu_hpt	4607190945889753672	1.001893394271649
P/flat/1200/nu_lp	4606187786422263544	0.8895736233179994
P/flat/1200/nu_lpt	4607177418322618650	0.9994448354857781
P/flat/1200/phi_hp	4606709816718945217	0.9475306288107889
P/flat/1200/phi_lp	4605639228214537174	0.8286714280615068
P/flat/1200/pi_hpc	4617078134034851833	4.789160719077693
P/flat/1200/pi_hpt	4601436634400684531	0.43104489326643075
P/flat/1200/pi_lpc	4612692587711922305	2.447006558228225
P/flat/1200/pi_lpt	4604360585359135924	0.6867135542276146
P/flat/1200/pt4	4695771433969468805	875934.7112828946
P/flat/1200/slip	4607116612069493704	0.9926939852597281
P/flat/1200/sp_thrust	4648082450887635786	553.795310753959
P/flat/1200/tau_hpc	4609985561950100094	1.6224228133084178
P/flat/1200/tau_hpt	4605660865701095776	0.8310736716387446
P/flat/1200/tau_lpc	4608636792677874319	1.3229358731220235
P/flat/1200/tau_lpt	4606465104878430143	0.9203621568369654
P/flat/1200/exit_noise	0	0
P/flat/1200/passes	5	5
P/flat/1200/powers_calls	16	16
P/flat/1100/M9	4607182418800016651	0.999999999999916
P/flat/1100/Pc_hp	4686888044411422818	222587.0142422347
P/flat/1100/Pc_lp	4680576874658399472	84989.89988328866
P/flat/1100/Phi_hp	4383462221330741792	1.1760700317473176e-15
P/flat/1100/Phi_lp	4397176322527740822	9.729314750289968e-15
P/flat/1100/Pt_hp	4686888044411422834	222587.01424223516
P/flat/1100/Pt_lp	4680576874658399573	84989.89988329013
P/flat/1100/Tt2	4643745586963694955	286.3754828060834
P/flat/1100/Tt25	4645230698881436276	370.7943216014312
P/flat/1100/Tt3	4648377002628799750	587.281966752286
P/flat/1100/Tt4	4652552666608566272	1100.0
P/flat/1100/Tt45	4651220836875568363	910.5884892718435
P/flat/1100/Tt5	4650568294334996288	836.402991355375
P/flat/1100/branch_choked	1	1
P/flat/1100/eta_hpc	4606101554889448489	0.88
P/flat/1100/eta_hpt	4606461842859638129	0.92
P/flat/1100/eta_lpc	4606281698874543309	0.9
P/flat/1100/eta_lpt	4606281698874543309	0.9
P/flat/1100/f	4579359393454519872	0.01423474476046771
P/flat/1100/m_hp	4605706754009041929	0.8361682972430354
P/flat/1100/m_imp	4604149154448630239	0.6632400077315274
P/flat/1100/m_lp	4604149154448630239	0.6632400077315274
P/flat/1100/mdot4	4604234191887195128	0.6726810599565161
P/flat/1100/mdot_air	4604149154448630238	0.6632400077315272
P/flat/1100/n_hp	4606240302827645408	0.8954041155605488
P/flat/1100/n_lp	4605830573783008974	0.849915053639245
P/flat/1100/nu_hp	4605909016579457096	0.858623953512514
P/flat/1100/nu_hpt	4607194383791748795	1.002656761861927
P/flat/1100/nu_lp	4605830573783008974	0.849915053639245
P/flat/1100/nu_lpt	4607176235462293731	0.999313511609014
P/flat/1100/phi_hp	4606586543921477831	0.9338445990049643
P/flat/1100/phi_lp	4605204080697663440	0.7803603488273385
P/flat/1100/pi_hpc	4616645344308343938	4.404766223725462
P/flat/1100/pi_hpt	4601417637463068797	0.42999035138951297
P/flat/1100/pi_lpc	4612320630167332323	2.2818242261534905
P/flat/1100/pi_lpt	4604354216031597604	0.6860064168191724
P/flat/1100/pt4	4694700367130493438	751246.1205254195
P/flat/1100/slip	4607091060067096875	0.9898571431211044
P/flat/1100/sp_thrust	4647307835651305002	488.86587704226497
P/flat/1100/tau_hpc	4609811837917928579	1.5838483292189103
P/flat/1100/tau_hpt	4605631448601590120	0.8278077175198577
P/flat/1100/tau_lpc	4608510006787705654	1.294783750229454
P/flat/1100/tau_lpt	4606448603723922896	0.9185301606702811
P/flat/1100/exit_noise	0	0
P/flat/1100/passes	8	8
P/flat/1100/powers_calls	25	25
census/P/flat/close_bracket_fails	0	0
census/P/flat/close_calls	323	323
census/P/flat/close_nonreal_propagated	0	0
census/P/flat/eig_complex	0	0
census/P/flat/eig_real	0	0
census/P/flat/hi_wall_literal	323	323
census/P/flat/hi_wall_map	0	0
census/P/flat/illinois_calls	323	323
census/P/flat/illinois_evals	572	572
census/P/flat/illinois_exhausted	0	0
census/P/flat/instant_calls	6	6
census/P/flat/integrate_calls	0	0
census/P/flat/match_calls	0	0
census/P/flat/powers_calls	317	317
Q/1500/nu_lp	4607182418800053929	1.0000000000081093
Q/1500/nu_hp	4607182418800015700	0.9999999999998104
Q/1500/pi_lpc	4613937818241286160	3.0000000000945946
Q/1500/pi_hpc	4618441417868441244	5.999999999997865
Q/1500/mdot_air	4607182418800157777	1.0000000000311682
Q/1500/slip	4607182418800054783	1.000000000008299
Q/1200/nu_lp	4605832527023859650	0.8501319069357509
Q/1200/nu_hp	4606101752703674089	0.880021961790786
Q/1200/pi_lpc	4612668675102119338	2.4363872262353725
Q/1200/pi_hpc	4617067384932178172	4.779613598051807
Q/1200/mdot_air	4604773011074856184	0.7325020067816288
Q/1200/slip	4606876488162483564	0.9660348762271673
census/Q/close_bracket_fails	0	0
census/Q/close_calls	0	0
census/Q/close_nonreal_propagated	0	0
census/Q/eig_complex	0	0
census/Q/eig_real	0	0
census/Q/hi_wall_literal	0	0
census/Q/hi_wall_map	0	0
census/Q/illinois_calls	0	0
census/Q/illinois_evals	0	0
census/Q/illinois_exhausted	0	0
census/Q/instant_calls	0	0
census/Q/integrate_calls	0	0
census/Q/match_calls	2	2
census/Q/powers_calls	0	0
R/flat/1500/J/00	13835108513875149995	-2.0224081166894243
R/flat/1500/J/01	13804834161484264946	-0.020139803786710382
R/flat/1500/J/10	13810670735318994744	-0.049528974174931795
R/flat/1500/J/11	13835227533158922543	-2.0752632963768955
R/flat/1500/bc	4562242997326527820	0.000997503821640172
R/flat/1500/eig/0/lo	13854261500108172874	-40.44868222690691
R/flat/1500/eig/0/hi	13835226362463695320	-2.074743403258463
R/flat/1500/eig/1/lo	13845254577017402240	-10.112661122484269
R/flat/1500/eig/1/hi	13835226135829234306	-2.0746427573397463
R/flat/1500/eig/2/lo	13835260756158270959	-2.0900172719063828
R/flat/1500/eig/2/hi	13835075290875801579	-2.007654141159937
R/flat/1500/eig/3/lo	13835227802017319948	-2.0753826934901607
R/flat/1500/eig/3/hi	13824327999058073332	-0.4043622262246196
R/flat/1500/eig/4/lo	13835227590048172698	-2.075288560279046
R/flat/1500/eig/4/hi	13815321130214506632	-0.10109514193232105
R/flat/1500/eig/5/lo	13835227544088999194	-2.075268150305999
R/flat/1500/eig/5/hi	13804857053735445056	-0.02021922723779057
R/flat/1200/J/00	13832737065171469047	-1.4846366678358984
R/flat/1200/J/01	13801093990614644696	-0.011394239681660354
R/flat/1200/J/10	13806639541900292614	-0.026403475368214323
R/flat/1200/J/11	13832807988435858955	-1.500384796057349
R/flat/1200/bc	4554185280975814020	0.00030084752677424936
R/flat/1200/eig/0/lo	13852423076040290208	-29.692946780050647
R/flat/1200/eig/0/hi	13832807027262617416	-1.500171372724667
R/flat/1200/eig/1/lo	13843416102649415325	-7.42343730242433
R/flat/1200/eig/1/hi	13832806844687084132	-1.50013083281251
R/flat/1200/eig/2/lo	13832858313982917148	-1.5115593122715216
R/flat/1200/eig/2/hi	13832686739624410854	-1.473462151621726
R/flat/1200/eig/3/lo	13832808213593883677	-1.5004347911819942
R/flat/1200/eig/3/hi	13822391723455819900	-0.2968773384425345
R/flat/1200/eig/4/lo	13832808035937313026	-1.5003953434989517
R/flat/1200/eig/4/hi	13813384664809912648	-0.07422128595019217
R/flat/1200/eig/5/lo	13832807997556423833	-1.5003868212295741
R/flat/1200/eig/5/hi	13803082838907904128	-0.014844341506133896
R/flat/950/J/00	13831145957663460060	-1.1313398298267918
R/flat/950/J/01	13797671140885197682	-0.006634520950623878
R/flat/950/J/10	13802885863176693842	-0.014502643081005715
R/flat/950/J/11	13831140694691558400	-1.1301712153101562
R/flat/950/bc	4546728066268226947	9.621808936035284e-05
R/flat/950/eig/0/lo	13850434156779275331	-22.62688611541331
R/flat/950/eig/0/hi	13831140291534375168	-1.1300816964326827
R/flat/950/eig/1/lo	13841427051987793428	-5.656805429081505
R/flat/950/eig/1/hi	13831140216049226234	-1.13006493536261
R/flat/950/eig/2/lo	13831187580662231094	-1.1405819921447011
R/flat/950/eig/2/hi	13831099071692787366	-1.1209290529922469
R/flat/950/eig/3/lo	13831140790568533308	-1.130192504275171
R/flat/950/eig/3/hi	13820691452747171714	-0.22624667700034357
R/flat/950/eig/4/lo	13831140714872456218	-1.1301756963696392
R/flat/950/eig/4/hi	13811684374719499808	-0.05656251043185656
R/flat/950/eig/5/lo	13831140698564502859	-1.1301720752765785
R/flat/950/eig/5/hi	13801046892993066240	-0.011312538331845534
R/flow_press/1500/J/00	13834589343788195021	-1.8959251414979008
R/flow_press/1500/J/01	4605961761956837514	0.8644798667535423
R/flow_press/1500/J/10	13815768265445804594	-0.10730038979367221
R/flow_press/1500/J/11	13831511447216206674	-1.2124948131706401
R/flow_press/1500/bc	13814720449805184466	-0.0927590266714369
R/flow_press/1500/eig/0/lo	13853898286095004192	-37.86789144107411
R/flow_press/1500/eig/0/hi	13831739380648324944	-1.2631062020545478
R/flow_press/1500/eig/1/lo	13844866410372051887	-9.423138647189118
R/flow_press/1500/eig/1/hi	13831765842319926744	-1.2689818734710254
R/flow_press/1500/eig/2/lo	13833748238789464023	-1.7091623143542074
R/flow_press/1500/eig/2/hi	13832352552214937673	-1.3992576403143338
R/flow_press/1500/eig/3/lo	13831408352406740230	-1.1896031669328422
R/flow_press/1500/eig/3/hi	13824286826219165346	-0.40207667453737816
R/flow_press/1500/eig/4/lo	13831492689382457670	-1.208329737386593
R/flow_press/1500/eig/4/hi	13815167373066542640	-0.09896133285894204
R/flow_press/1500/eig/5/lo	13831507944832980382	-1.211717127870862
R/flow_press/1500/eig/5/hi	13804718042956576736	-0.01973693671475718
R/flow_press/1200/J/00	13833224453332838913	-1.5928585795724077
R/flow_press/1200/J/01	4603362693198129141	0.5759252689033462
R/flow_press/1200/J/10	13811578823268932588	-0.05583010011496711
R/flow_press/1200/J/11	13830478912089892881	-0.9916129794885383
R/flow_press/1200/bc	13808166732664690589	-0.032153965421613175
R/flow_press/1200/eig/0/lo	13853026382715534927	-31.836322657704212
R/flow_press/1200/eig/0/hi	13830610579122583344	-1.0124619132324817
R/flow_press/1200/eig/1/lo	13843999005502866323	-7.941159037641131
R/flow_press/1200/eig/1/hi	13830620869516613572	-1.0147468397094466
R/flow_press/1200/eig/2/lo	13832957235048992870	-1.5335242013070682
R/flow_press/1200/eig/2/hi	13830783902156189092	-1.050947357753878
R/flow_press/1200/eig/3/lo	13830391592101460128	-0.9819185133217339
R/flow_press/1200/eig/3/hi	13822957174593880187	-0.32826618208128594
R/flow_press/1200/eig/4/lo	13830463002620441290	-0.9898466735590656
R/flow_press/1200/eig/4/hi	13813902611117886416	-0.08140923490809304
R/flow_press/1200/eig/5/lo	13830475942737669931	-0.9912833151679242
R/flow_press/1200/eig/5/hi	13803715379809800480	-0.01625825011633808
R/flow_press/950/J/00	13832000490349631085	-1.3210842025231628
R/flow_press/950/J/01	4600464917722239425	0.37710378177532894
R/flow_press/950/J/10	13805675374027311788	-0.023058346080129397
R/flow_press/950/J/11	13828966183955554279	-0.823666419014441
R/flow_press/950/bc	13799538209413355812	-0.008695389508301128
R/flow_press/950/eig/0/lo	13851500384647414256	-26.414888447268766
R/flow_press/950/eig/0/hi	13829027393307583184	-0.8304620222089287
R/flow_press/950/eig/1/lo	13842486620737253660	-6.597891526540732
R/flow_press/950/eig/1/hi	13829034003536918340	-0.831195905089523
R/flow_press/950/eig/2/lo	13831918782448781872	-1.3029414039598457
R/flow_press/950/eig/2/hi	13829129599757252703	-0.841809217577758
R/flow_press/950/eig/3/lo	13828938027281427995	-0.8205404002232543
R/flow_press/950/eig/3/hi	13821859677578700986	-0.26734285929581925
R/flow_press/950/eig/4/lo	13828961011090012444	-0.8230921155716575
R/flow_press/950/eig/4/hi	13812837547900042112	-0.06662851356894173
R/flow_press/950/eig/5/lo	13828965217443888328	-0.8235591146639303
R/flow_press/950/eig/5/hi	13802203047314876800	-0.013318146375742357
R/press_flow/1500/J/00	13834473851711812640	-1.8702807490256035
R/press_flow/1500/J/01	4608103812085905293	1.2045904081455518
R/press_flow/1500/J/10	13815026394412267972	-0.09700486100948696
R/press_flow/1500/J/11	13831992866214595909	-1.319391304471382
R/press_flow/1500/bc	13816456468454390032	-0.11685112511552043
R/press_flow/1500/eig/0/lo	13853824095584244854	-37.340736156250316
R/press_flow/1500/eig/0/hi	13832285054463365360	-1.3842701287331316
R/press_flow/1500/eig/1/lo	13844784700012397677	-9.277991890967508
R/press_flow/1500/eig/1/hi	13832323483813637758	-1.3928031586318919
R/press_flow/1500/eig/2/lo	13833233358963204274	-1.5948360267484927
R/press_flow/1500/eig/2/hi	13833233358963204274	-1.5948360267484927
R/press_flow/1500/eig/3/lo	13831878455289636130	-1.2939869758395806
R/press_flow/1500/eig/3/hi	13824239697020032782	-0.39946047843692234
R/press_flow/1500/eig/4/lo	13831971317861266856	-1.3146066088696475
R/press_flow/1500/eig/4/hi	13815119627718717512	-0.09829873305301462
R/press_flow/1500/eig/5/lo	13831988817476820260	-1.318492304091543
R/press_flow/1500/eig/5/hi	13804679094718850816	-0.019601807870095023
R/press_flow/1200/J/00	13833330650944763976	-1.6164391863562901
R/press_flow/1200/J/01	4605412871009344770	0.803540729962066
R/press_flow/1200/J/10	13810696175901670638	-0.0497055036789734
R/press_flow/1200/J/11	13830856920238893115	-1.067160629080276
R/press_flow/1200/bc	13809288875674160269	-0.03994039670933445
R/press_flow/1200/eig/0/lo	13853115126869832766	-32.303210457183454
R/press_flow/1200/eig/0/hi	13830972092007876112	-1.0927338990226225
R/press_flow/1200/eig/1/lo	13844095435269498927	-8.053611750761858
R/press_flow/1200/eig/1/hi	13830985651945881638	-1.0957448100998675
R/press_flow/1200/eig/2/lo	13832942165468712146	-1.5301780823072488
R/press_flow/1200/eig/2/hi	13831245405714944946	-1.1534217331293175
R/press_flow/1200/eig/3/lo	13830807839261333961	-1.0562624628088193
R/press_flow/1200/eig/3/hi	13823063816616791347	-0.3341860035427146
R/press_flow/1200/eig/4/lo	13830847783097687299	-1.0651317761710863
R/press_flow/1200/eig/4/hi	13814006487711106800	-0.08285081222700419
R/press_flow/1200/eig/5/lo	13830855208142915102	-1.0667804674052443
R/press_flow/1200/eig/5/hi	13803797901152891040	-0.016544553538594742
R/press_flow/950/J/00	13832262795489354153	-1.3793276436427766
R/press_flow/950/J/01	4602950630242138816	0.53017709076979
R/press_flow/950/J/10	13804965559181132167	-0.020595681125600087
R/press_flow/950/J/11	13829421724878021639	-0.8742416210926657
R/press_flow/950/bc	13800820240137036140	-0.010919358301592928
R/press_flow/950/eig/0/lo	13851827876953900892	-27.578374844225763
R/press_flow/950/eig/0/hi	13829495386011400912	-0.882419649722431
R/press_flow/950/eig/1/lo	13842812757211595118	-6.887558904927898
R/press_flow/950/eig/1/hi	13829503504061884720	-0.8833209343786503
R/press_flow/950/eig/2/lo	13832160865528368664	-1.3566946457257298
R/press_flow/950/eig/2/hi	13829625584799992616	-0.8968746190097123
R/press_flow/950/eig/3/lo	13829388648640510272	-0.8705694210473567
R/press_flow/950/eig/3/hi	13822079360817249609	-0.27953772877386435
R/press_flow/950/eig/4/lo	13829415612944014525	-0.8735630601066969
R/press_flow/950/eig/4/hi	13813054904559542792	-0.06964494316810754
R/press_flow/950/eig/5/lo	13829420581667666200	-0.8741146992468058
R/press_flow/950/eig/5/hi	13802550106609849632	-0.013920198282287688
R/tilted/1500/J/00	13834524033829027409	-1.8814234174168585
R/tilted/1500/J/01	4607322493130080613	1.0311027492790228
R/tilted/1500/J/10	13815418536805164924	-0.10244692992855947
R/tilted/1500/J/11	13831723652788776362	-1.2596139156947666
R/tilted/1500/bc	13815648139766393325	-0.10563331110453307
R/tilted/1500/eig/0/lo	13853856401751574577	-37.570285281414165
R/tilted/1500/eig/0/hi	13831985686027290048	-1.3177969826177645
R/tilted/1500/eig/1/lo	13844820602407353611	-9.34176735579833
R/tilted/1500/eig/1/hi	13832017961814244576	-1.324963646980727
R/tilted/1500/eig/2/lo	13833123843308901886	-1.5705186665558126
R/tilted/1500/eig/2/hi	13833123843308901886	-1.5705186665558126
R/tilted/1500/eig/3/lo	13831612853854738196	-1.2350116101601474
R/tilted/1500/eig/3/hi	13824265394750118144	-0.4008869890179909
R/tilted/1500/eig/4/lo	13831703164726255655	-1.2550646519466768
R/tilted/1500/eig/4/hi	13815142808759555792	-0.09862043461893255
R/tilted/1500/eig/5/lo	13831719816093761418	-1.2587619982659555
R/tilted/1500/eig/5/hi	13804697640537183200	-0.019666151602979798
R/tilted/1200/J/00	13833277849781672475	-1.6047149729580557
R/tilted/1200/J/01	4604294084963815360	0.6793305272244581
R/tilted/1200/J/10	13811179650012924045	-0.053060279242246634
R/tilted/1200/J/11	13830667139003342129	-1.025020729610173
R/tilted/1200/bc	13808727557214624683	-0.036045467472312374
R/tilted/1200/eig/0/lo	13853082457246079204	-32.07107881880236
R/tilted/1200/eig/0/hi	13830771715470609128	-1.0482413699689292
R/tilted/1200/eig/1/lo	13844062695728089014	-7.997727321229766
R/tilted/1200/eig/1/hi	13830783545990889696	-1.0508682731706855
R/tilted/1200/eig/2/lo	13832958832953242925	-1.5338790073249797
R/tilted/1200/eig/2/hi	13830986155831771679	-1.095856695243249
R/tilted/1200/eig/3/lo	13830620335543991726	-1.014628273969588
R/tilted/1200/eig/3/hi	13823012465613483146	-0.33133545023219624
R/tilted/1200/eig/4/lo	13830658530512818425	-1.0231092607328363
R/tilted/1200/eig/4/hi	13813955788369719812	-0.08214721752523962
R/tilted/1200/eig/5/lo	13830665529527377294	-1.0246633541554249
R/tilted/1200/eig/5/hi	13803757540727669056	-0.016404525184328778
R/tilted/950/J/00	13832110743707358708	-1.345565365781451
R/tilted/950/J/01	4601557299722577410	0.43774316419839476
R/tilted/950/J/10	13805338159806642197	-0.02188839923007187
R/tilted/950/J/11	13829160400901707952	-0.8452288315536602
R/tilted/950/bc	13800049015684314520	-0.009581497138209369
R/tilted/950/eig/0/lo	13851638044233777844	-26.903953542760703
R/tilted/950/eig/0/hi	13829226637799206976	-0.8525826044219755
R/tilted/950/eig/1/lo	13842623732899060459	-6.719671589735962
R/tilted/950/eig/1/hi	13829233856765893856	-0.8533840707249531
R/tilted/950/eig/2/lo	13832020918552184803	-1.3256201746885317
R/tilted/950/eig/2/hi	13829340051212055762	-0.8651740226465796
R/tilted/950/eig/3/lo	13829130265789711600	-0.8418831620348595
R/tilted/950/eig/3/hi	13821951837140623223	-0.272458742675091
R/tilted/950/eig/4/lo	13829154849721315091	-0.84461252672506
R/tilted/950/eig/4/hi	13812928777105032416	-0.06789457311767277
R/tilted/950/eig/5/lo	13829159363185998234	-0.8451136219662658
R/tilted/950/eig/5/hi	13802348728671569248	-0.013570863245208897
R/steep/1500/J/00	13834338214763475570	-1.840163296418862
R/steep/1500/J/01	4607910377673125568	1.1616393403809724
R/steep/1500/J/10	13815848897649240964	-0.10841938640343868
R/steep/1500/J/11	13831158316410678235	-1.1340840229702198
R/steep/1500/bc	13817077676045755949	-0.12594422450620027
R/steep/1500/eig/0/lo	13853738495026694815	-36.73250761280837
R/steep/1500/eig/0/hi	13831476983534307552	-1.2048423385390876
R/steep/1500/eig/1/lo	13844696874299767966	-9.12198208566252
R/steep/1500/eig/1/hi	13831513354969072416	-1.2129184194020084
R/steep/1500/eig/2/lo	13832748265587076902	-1.4871236596945407
R/steep/1500/eig/2/hi	13832748265587076902	-1.4871236596945407
R/steep/1500/eig/3/lo	13831003263151256374	-1.0996552832395543
R/steep/1500/eig/3/hi	13824293756799211450	-0.4024613990144378
R/steep/1500/eig/4/lo	13831130941712006592	-1.128005618818733
R/steep/1500/eig/4/hi	13815104339685529320	-0.09808656897243007
R/steep/1500/eig/5/lo	13831153227351009550	-1.1329540247266467
R/steep/1500/eig/5/hi	13804658867673069472	-0.019531631207761913
R/steep/1200/J/00	13833425529544327596	-1.6375064675122344
R/steep/1200/J/01	4605527508787666919	0.8162680800605785
R/steep/1200/J/10	13811904996175922556	-0.0580933793108995
R/steep/1200/J/11	13830043381721405592	-0.9432593951867316
R/steep/1200/bc	13810366767134756439	-0.04741977119433887
R/steep/1200/eig/0/lo	13853173824757164249	-32.720284031661954
R/steep/1200/eig/0/hi	13830312204452701440	-0.9731047137694588
R/steep/1200/eig/1/lo	13844152316984111404	-8.154653973550545
R/steep/1200/eig/1/hi	13830339523697219200	-0.976137759197357
R/steep/1200/eig/2/lo	13833079654458736624	-1.5607067707787756
R/steep/1200/eig/2/hi	13830644793773690376	-1.0200590919201904
R/steep/1200/eig/3/lo	13829900996794015132	-0.9274514927118847
R/steep/1200/eig/3/hi	13823228165440986549	-0.34330919597729387
R/steep/1200/eig/4/lo	13830018509368580579	-0.9404980093084386
R/steep/1200/eig/4/hi	13814135175154064744	-0.08463670925390476
R/steep/1200/eig/5/lo	13830038771056109962	-0.9427475085097268
R/steep/1200/eig/5/hi	13803896590603479024	-0.0168869513521272
R/steep/950/J/00	13832436487823959101	-1.4178950894586386
R/steep/950/J/01	4603140745964609498	0.5512841760128098
R/steep/950/J/10	13805947589753264723	-0.024002784100810647
R/steep/950/J/11	13828694778482281724	-0.7935343584707932
R/steep/950/bc	13802153591985597141	-0.01323235505502877
R/steep/950/eig/0/lo	13852044590882928844	-28.34829738426997
R/steep/950/eig/0/hi	13828781287270964496	-0.8031387633735978
R/steep/950/eig/1/lo	13843028243536979286	-7.0789492088745956
R/steep/950/eig/1/hi	13828789590409120940	-0.8040605968893906
R/steep/950/eig/2/lo	13832337560572103598	-1.3959288269040644
R/steep/950/eig/2/hi	13828892632985992733	-0.8155006210253678
R/steep/950/eig/3/lo	13828647548971954763	-0.7882908294901169
R/steep/950/eig/3/hi	13822246621230564754	-0.28882254687240405
R/steep/950/eig/4/lo	13828686521403199059	-0.7926176385394207
R/steep/950/eig/4/hi	13813211019587831160	-0.07181147440430447
R/steep/950/eig/5/lo	13828693248853642115	-0.7933645355773112
R/steep/950/eig/5/hi	13802797163568330816	-0.014348773788068425
R/lp_only/1500/J/00	13834782082469269768	-1.9387217257909146
R/lp_only/1500/J/01	4609226548540311901	1.4538879805991975
R/lp_only/1500/J/10	13810375140098772466	-0.047477870303307315
R/lp_only/1500/J/11	13835146315547305914	-2.0391954314081575
R/lp_only/1500/bc	13813010413449127212	-0.06902750497842608
R/lp_only/1500/eig/0/lo	13854020576201131936	-38.73681490671811
R/lp_only/1500/eig/0/hi	13835231027376068624	-2.076815040508343
R/lp_only/1500/eig/1/lo	13844993136705190428	-9.64824983579188
R/lp_only/1500/eig/1/hi	13835248454469298656	-2.0845542245708515
R/lp_only/1500/eig/2/lo	13835008329140858942	-1.988958578599536
R/lp_only/1500/eig/2/hi	13835008329140858942	-1.988958578599536
R/lp_only/1500/eig/3/lo	13835127395095199742	-2.0307930627823216
R/lp_only/1500/eig/3/hi	13824180001543008746	-0.396146713784019
R/lp_only/1500/eig/4/lo	13835142310454116092	-2.0374168127381136
R/lp_only/1500/eig/4/hi	13815149601653492656	-0.09871470495958934
R/lp_only/1500/eig/5/lo	13835145545858230734	-2.0388536207949306
R/lp_only/1500/eig/5/hi	13804715763387604928	-0.019729027871136173
R/lp_only/1200/J/00	13833290553635364554	-1.6075357951321387
R/lp_only/1200/J/01	4605862571879814466	0.8534675560210092
R/lp_only/1200/J/10	13806913349410753922	-0.027353436000806315
R/lp_only/1200/J/11	13832712833051354977	-1.4792560562986738
R/lp_only/1200/bc	13805758074266349682	-0.023345270172385253
R/lp_only/1200/eig/0/lo	13853091521686661855	-32.13548554289968
R/lp_only/1200/eig/0/hi	13832781424493818688	-1.4944864160417666
R/lp_only/1200/eig/1/lo	13844076419232141989	-8.01983248274457
R/lp_only/1200/eig/1/hi	13832793206510201898	-1.4971025492147967
R/lp_only/1200/eig/2/lo	13833001693343359766	-1.5433959257154064
R/lp_only/1200/eig/2/hi	13833001693343359766	-1.5433959257154064
R/lp_only/1200/eig/3/lo	13832694606895694168	-1.4752090367656674
R/lp_only/1200/eig/3/hi	13822908319481678432	-0.32555417855943425
R/lp_only/1200/eig/4/lo	13832709072879127350	-1.4784211303419403
R/lp_only/1200/eig/4/hi	13813888378359936248	-0.08121171571334063
R/lp_only/1200/eig/5/lo	13832712114416825820	-1.4790964873785617
R/lp_only/1200/eig/5/hi	13803708657342148544	-0.016234926871433464
R/lp_only/950/J/00	13832029569959008980	-1.3275411728988518
R/lp_only/950/J/01	4602748846155797614	0.5077745569038947
R/lp_only/950/J/10	13803583074025178648	-0.015799222215156034
R/lp_only/950/J/11	13831058822568833542	-1.1119919521653414
R/lp_only/950/bc	13799150282197350867	-0.008022443059727024
R/lp_only/950/eig/0/lo	13851536871180261648	-26.5445146516077
R/lp_only/950/eig/0/hi	13831087234906847640	-1.1183007585346783
R/lp_only/950/eig/1/lo	13842523263808220578	-6.630437111405088
R/lp_only/950/eig/1/hi	13831091558122537374	-1.119260705254511
R/lp_only/950/eig/2/lo	13831814146532903805	-1.2797075633577315
R/lp_only/950/eig/2/hi	13831274245994938717	-1.1598255617064617
R/lp_only/950/eig/3/lo	13831050266907711730	-1.1100922137716762
R/lp_only/950/eig/3/hi	13821860850562437984	-0.26740797297343555
R/lp_only/950/eig/4/lo	13831057094249108057	-1.111608188094712
R/lp_only/950/eig/4/hi	13812847081778817504	-0.06676082271557204
R/lp_only/950/eig/5/lo	13831058493709918466	-1.1119189308174673
R/lp_only/950/eig/5/hi	13802220506409389504	-0.013348433076862842
R/hp_only/1500/J/00	13835109755107635231	-2.022959334643033
R/hp_only/1500/J/01	13801586189949222096	-0.012248069422211932
R/hp_only/1500/J/10	13816286308221364213	-0.11448967750825985
R/hp_only/1500/J/11	13831734913985886378	-1.262114403758043
R/hp_only/1500/bc	4564109686523800492	0.0014022775182478226
R/hp_only/1500/eig/0/lo	13854263079176324654	-40.459902180952085
R/hp_only/1500/eig/0/hi	13831731691713984432	-1.2613989156666143
R/hp_only/1500/eig/1/lo	13845256225046089070	-10.115588609513647
R/hp_only/1500/eig/1/hi	13831731347421867620	-1.261322467459558
R/hp_only/1500/eig/2/lo	13835113895289093746	-2.024797944555581
R/hp_only/1500/eig/2/hi	13831726633622969347	-1.260275793845495
R/hp_only/1500/eig/3/lo	13831736386341296816	-1.262441332333463
R/hp_only/1500/eig/3/hi	13824326246475587201	-0.4042649383531867
R/hp_only/1500/eig/4/lo	13831735185956195942	-1.2621747932979814
R/hp_only/1500/eig/4/hi	13815320585117534944	-0.10108757719221328
R/hp_only/1500/eig/5/lo	13831734964837938328	-1.2621256951818278
R/hp_only/1500/eig/5/hi	13804856787031512736	-0.02021830192264551
R/hp_only/1200/J/00	13832724646221040105	-1.4818791068943205
R/hp_only/1200/J/01	13798711690315348506	-0.0075370537128223395
R/hp_only/1200/J/10	13811365778474103165	-0.05435180488686606
R/hp_only/1200/J/11	13830628825290761441	-1.016513376436983
R/hp_only/1200/bc	4556192377969494958	0.00040965247282114925
R/hp_only/1200/eig/0/lo	13852407572852973453	-29.637868394405405
R/hp_only/1200/eig/0/hi	13830627536106009152	-1.0162271199179855
R/hp_only/1200/eig/1/lo	13843400653741430167	-7.40971591574398
R/hp_only/1200/eig/1/hi	13830627382421782548	-1.016192995164606
R/hp_only/1200/eig/2/lo	13832728603182051731	-1.4827577287388507
R/hp_only/1200/eig/2/hi	13830624868329749815	-1.0156347545924527
R/hp_only/1200/eig/3/lo	13830629337587151383	-1.016627129086492
R/hp_only/1200/eig/3/hi	13822380639742015868	-0.2962620687293549
R/hp_only/1200/eig/4/lo	13830628923170120528	-1.0165351100206017
R/hp_only/1200/eig/4/hi	13813373923603089244	-0.07407222176109712
R/hp_only/1200/eig/5/lo	13830628843708582789	-1.0165174660148477
R/hp_only/1200/eig/5/hi	13803065752602526976	-0.014814701491078441
R/hp_only/950/J/00	13831113791804866057	-1.124197574463212
R/hp_only/950/J/01	13795570982091555839	-0.00481292356931906
R/hp_only/950/J/10	13805122167063124459	-0.021139023864430156
R/hp_only/950/J/11	13829109188728271267	-0.8395431381446098
R/hp_only/950/bc	4547135548707890475	0.00010174050618951397
R/hp_only/950/eig/0/lo	13850393950720307420	-22.484045499747353
R/hp_only/950/eig/0/hi	13829108341957117808	-0.8394491276614939
R/hp_only/950/eig/1/lo	13841386844786882986	-5.621094260916303
R/hp_only/950/eig/1/hi	13829108230464950436	-0.8394367495443658
R/hp_only/950/eig/2/lo	13831115399454580042	-1.1245545444088116
R/hp_only/950/eig/2/hi	13829105973428843297	-0.8391861681990102
R/hp_only/950/eig/3/lo	13829109486871192001	-0.8395762386581326
R/hp_only/950/eig/3/hi	13820639561817537636	-0.22480641437911963
R/hp_only/950/eig/4/lo	13829109247221218134	-0.8395496321662488
R/hp_only/950/eig/4/hi	13811632619247329720	-0.0562033847015217
R/hp_only/950/eig/5/lo	13829109199791827546	-0.8395443664461013
R/hp_only/950/eig/5/hi	13801005508363354880	-0.01124074744314063
census/R/close_bracket_fails	0	0
census/R/close_calls	63	63
census/R/close_nonreal_propagated	0	0
census/R/eig_complex	5	5
census/R/eig_real	121	121
census/R/hi_wall_literal	18	18
census/R/hi_wall_map	45	45
census/R/illinois_calls	63	63
census/R/illinois_evals	498	498
census/R/illinois_exhausted	0	0
census/R/instant_calls	63	63
census/R/integrate_calls	0	0
census/R/match_calls	21	21
census/R/powers_calls	0	0
S/tt2	4643745586963694955	286.3754828060834
S/pt2	4680086807681088516	77858.48677323764
S/v0	4643453651052699634	269.7808475368648
S/close/0/Tt2	4643745586963694955	286.3754828060834
S/close/0/Tt25	4645777325033861104	401.8664209439876
S/close/0/Tt3	4649264878965553537	688.2218197656767
S/close/0/eta_hpc	4606101108712705426	0.8799504644306799
S/close/0/eta_lpc	4606281192305152045	0.8999437594998249
S/close/0/f	4581232513127289232	0.019343178860269428
S/close/0/m_hp	4607301877075048978	1.0265250654844107
S/close/0/m_imp	4607257940083801074	1.0167690936211753
S/close/0/m_lp	4607257940083801089	1.0167690936211786
S/close/0/mdot4	4607346514838608329	1.0364366400586837
S/close/0/mdot_air	4607257940083801074	1.0167690936211753
S/close/0/n_hp	4607190117406569352	1.0017094340502997
S/close/0/n_lp	4607182418800017408	1.0
S/close/0/phi_hp	4607293987748737136	1.024773283140373
S/close/0/phi_lp	4607257940083801089	1.0167690936211786
S/close/0/pi_hpc	4618228053765514477	5.810494608239634
S/close/0/pi_lpc	4613862197089554905	2.96641746257431
S/close/0/pt4	4698284088881766742	1288316.4830761752
S/close/0/tau_hpc	4610391520133738044	1.7125636378103897
S/close/0/tau_lpc	4608998653000187162	1.4032850054280233
S/inst/0/M9	4607182418800016998	0.9999999999999545
S/inst/0/Pc_hp	4688862499063468403	297958.4153597571
S/inst/0/Pc_lp	4682741340123141608	116487.01784094388
S/inst/0/Phi_hp	13813745658782532262	-0.07923108370210716
S/inst/0/Phi_lp	13814976158001981620	-0.09630769076730666
S/inst/0/Pt_hp	4688453051983198537	274125.45854939945
S/inst/0/Pt_lp	4681974026431606410	105321.13404815845
S/inst/0/Tt2	4643745586963694955	286.3754828060834
S/inst/0/Tt25	4645777325033861104	401.8664209439876
S/inst/0/Tt3	4649264878965553537	688.2218197656767
S/inst/0/Tt4	4653652178236342272	1350.0
S/inst/0/Tt45	4652673320755099435	1127.4335767547116
S/inst/0/Tt5	4652289264387097648	1040.1092687847668
S/inst/0/branch_choked	1	1
S/inst/0/eta_hpc	4606101108712705426	0.8799504644306799
S/inst/0/eta_hpt	4606461842859638129	0.92
S/inst/0/eta_lpc	4606281192305152045	0.8999437594998249
S/inst/0/eta_lpt	4606281698874543309	0.9
S/inst/0/f	4581232513127289232	0.019343178860269428
S/inst/0/m_hp	4607301877075048978	1.0265250654844107
S/inst/0/m_imp	4607257940083801074	1.0167690936211753
S/inst/0/m_lp	4607257940083801089	1.0167690936211786
S/inst/0/mdot4	4607346514838608329	1.0364366400586837
S/inst/0/mdot_air	4607257940083801074	1.0167690936211753
S/inst/0/n_hp	4607190117406569352	1.0017094340502997
S/inst/0/n_lp	4607182418800017408	1.0
S/inst/0/nu_hp	4607182418800017408	1.0
S/inst/0/nu_hpt	4607426030003305698	1.0540925533894598
S/inst/0/nu_lp	4607182418800017408	1.0
S/inst/0/nu_lpt	4607437664705094879	1.056675976151659
S/inst/0/phi_hp	4607293987748737136	1.024773283140373
S/inst/0/phi_lp	4607257940083801089	1.0167690936211786
S/inst/0/pi_hpc	4618228053765514477	5.810494608239634
S/inst/0/pi_hpt	4601459138804414523	0.4322941386252556
S/inst/0/pi_lpc	4613862197089554905	2.96641746257431
S/inst/0/pi_lpt	4604369775150930239	0.6877338260717706
S/inst/0/pt4	4698284088881766742	1288316.4830761752
S/inst/0/slip	4607182418800017408	1.0
S/inst/0/sp_thrust	4649048642300030698	663.6385570629184
S/inst/0/tau_hpc	4610391520133738044	1.7125636378103897
S/inst/0/tau_hpt	4605697455746991237	0.8351359827812678
S/inst/0/tau_lpc	4608998653000187162	1.4032850054280233
S/inst/0/tau_lpt	4606484774647949739	0.922545939937938
S/close/1/Tt2	4643745586963694955	286.3754828060834
S/close/1/Tt25	4645540447483481524	388.40149112903896
S/close/1/Tt3	4649015144721025655	659.830323234505
S/close/1/eta_hpc	4606100904566058890	0.8799277995999415
S/close/1/eta_lpc	4606275133496417343	0.8992710966039182
S/close/1/f	4581456270521988832	0.020119493271287037
S/close/1/m_hp	4606959629219327488	0.9752653877871467
S/close/1/m_imp	4606087152121126838	0.8784009714990961
S/close/1/m_lp	4606087152121126916	0.8784009714991048
S/close/1/mdot4	4606246336195349538	0.8960739539346643
S/close/1/mdot_air	4606087152121126838	0.8784009714990961
S/close/1/n_hp	4606985772837171977	0.9781679124349419
S/close/1/n_lp	4606461842859638129	0.92
S/close/1/phi_hp	4607155691673199876	0.99703269284251
S/close/1/phi_lp	4606775146258157394	0.95478366467294
S/close/1/pi_hpc	4618014000669653645	5.620377267826041
S/close/1/pi_lpc	4613153855740865374	2.6518507127306483
S/close/1/pt4	4697535477350654283	1114016.7784405525
S/close/1/tau_hpc	4610329695046497277	1.698835710739558
S/close/1/tau_lpc	4608786900749949195	1.3562665606819475
S/inst/1/M9	4607182418800016645	0.9999999999999153
S/inst/1/Pc_hp	4688576846286215436	281331.23536242615
S/inst/1/Pc_lp	4681802312894318452	102822.37320998107
S/inst/1/Phi_hp	13805060840343547910	-0.020926254064121984
S/inst/1/Phi_lp	4581725921026144818	0.021055031391023778
S/inst/1/Pt_hp	4688456676735232328	274336.44688667776
S/inst/1/Pt_lp	4681980955575294923	105421.96635971886
S/inst/1/Tt2	4643745586963694955	286.3754828060834
S/inst/1/Tt25	4645540447483481524	388.40149112903896
S/inst/1/Tt3	4649015144721025655	659.830323234505
S/inst/1/Tt4	4653652178236342272	1350.0
S/inst/1/Tt45	4652674642459525938	1127.7340975480151
S/inst/1/Tt5	4652291019067647187	1040.5082369505442
S/inst/1/branch_choked	1	1
S/inst/1/eta_hpc	4606100904566058890	0.8799277995999415
S/inst/1/eta_hpt	4606461842859638129	0.92
S/inst/1/eta_lpc	4606275133496417343	0.8992710966039182
S/inst/1/eta_lpt	4606281698874543309	0.9
S/inst/1/f	4581456270521988832	0.020119493271287037
S/inst/1/m_hp	4606959629219327488	0.9752653877871467
S/inst/1/m_imp	4606087152121126838	0.8784009714990961
S/inst/1/m_lp	4606087152121126916	0.8784009714991048
S/inst/1/mdot4	4606246336195349538	0.8960739539346643
S/inst/1/mdot_air	4606087152121126838	0.8784009714990961
S/inst/1/n_hp	4606985772837171977	0.9781679124349419
S/inst/1/n_lp	4606461842859638129	0.92
S/inst/1/nu_hp	4606822130829827768	0.96
S/inst/1/nu_hpt	4607236141570079346	1.0119288512538813
S/inst/1/nu_lp	4606461842859638129	0.92
S/inst/1/nu_lpt	4606930328552476056	0.9720123602896136
S/inst/1/phi_hp	4607155691673199876	0.99703269284251
S/inst/1/phi_lp	4606775146258157394	0.95478366467294
S/inst/1/pi_hpc	4618014000669653645	5.620377267826041
S/inst/1/pi_hpt	4601460175481070020	0.43235168573985683
S/inst/1/pi_lpc	4613153855740865374	2.6518507127306483
S/inst/1/pi_lpt	4604370145516759206	0.6877749449388559
S/inst/1/pt4	4697535477350654283	1114016.7784405525
S/inst/1/slip	4606807118831069867	0.9583333333333334
S/inst/1/sp_thrust	4648905249650018610	647.3367001305216
S/inst/1/tau_hpc	4610329695046497277	1.698835710739558
S/inst/1/tau_hpt	4605699460821558258	0.8353585907763075
S/inst/1/tau_lpc	4608786900749949195	1.3562665606819475
S/inst/1/tau_lpt	4606485746855561786	0.922653876665499
census/S/close_bracket_fails	0	0
census/S/close_calls	4	4
census/S/close_nonreal_propagated	0	0
census/S/eig_complex	0	0
census/S/eig_real	0	0
census/S/hi_wall_literal	0	0
census/S/hi_wall_map	4	4
census/S/illinois_calls	4	4
census/S/illinois_evals	38	38
census/S/illinois_exhausted	0	0
census/S/instant_calls	2	2
census/S/integrate_calls	0	0
census/S/match_calls	0	0
census/S/powers_calls	0	0
